# Sesion:7 Fecha:2026-04-27 19:23:46 Shots:2 Duracion:18,96s
tSeg,ms,qw,qx,qy,qz,filteredElev,filteredYaw,shot
0.0000,915726,0.187378,-0.088684,0.689087,-0.694397,-7.7630,157.2950,359
0.0100,915736,0.184692,-0.090393,0.688782,-0.695190,-7.3971,157.3860,0
0.0200,915746,0.182190,-0.091980,0.688232,-0.696167,-7.0486,157.4681,0
0.0300,915756,0.179749,-0.093567,0.687439,-0.697388,-6.6975,157.5443,0
0.0400,915766,0.177490,-0.095093,0.686401,-0.698792,-6.3591,157.6079,0
0.0500,915776,0.175232,-0.096558,0.685364,-0.700195,-6.0258,157.6771,0
0.0600,915786,0.173035,-0.098083,0.684387,-0.701477,-5.6953,157.7362,0
0.0700,915796,0.170837,-0.099670,0.683411,-0.702698,-5.3608,157.7894,0
0.0800,915806,0.168701,-0.101257,0.682556,-0.703796,-5.0352,157.8396,0
0.0900,915816,0.166687,-0.102905,0.681763,-0.704895,-4.7154,157.8802,0
0.1000,915826,0.164734,-0.104553,0.680908,-0.705933,-4.4002,157.9114,0
0.1100,915836,0.162964,-0.106079,0.679932,-0.707031,-4.1062,157.9354,0
0.1200,915846,0.161377,-0.107544,0.678833,-0.708252,-3.8279,157.9506,0
0.1300,915856,0.159912,-0.108948,0.677551,-0.709595,-3.5592,157.9587,0
0.1400,915866,0.158569,-0.110291,0.676270,-0.710876,-3.3058,157.9604,0
0.1500,915876,0.157349,-0.111572,0.674377,-0.712769,-3.0481,157.9572,0
0.1600,915886,0.156128,-0.112793,0.672791,-0.714294,-2.8056,157.9576,0
0.1700,915896,0.154846,-0.114197,0.671570,-0.715515,-2.5540,157.9538,0
0.1800,915906,0.153381,-0.115723,0.671021,-0.716125,-2.2982,157.9589,0
0.1900,915916,0.151794,-0.117310,0.670288,-0.716858,-2.0232,157.9667,0
0.2000,915926,0.150269,-0.118958,0.669434,-0.717712,-1.7441,157.9662,0
0.2100,915936,0.148682,-0.120544,0.668274,-0.718872,-1.4559,157.9758,0
0.2200,915946,0.147156,-0.122070,0.666992,-0.720093,-1.1746,157.9835,0
0.2300,915956,0.144104,-0.124939,0.664612,-0.722412,-0.6321,158.0174,0
0.2400,915966,0.142456,-0.126343,0.663879,-0.723145,-0.3678,158.0471,0
0.2500,915976,0.140808,-0.127808,0.663513,-0.723572,-0.1089,158.0747,0
0.2600,915986,0.139160,-0.129333,0.663391,-0.723755,0.1476,158.0972,0
0.2700,915996,0.137451,-0.130920,0.663269,-0.723877,0.4129,158.1173,0
0.2800,916006,0.136047,-0.132324,0.662537,-0.724609,0.6586,158.1299,0
0.2900,916016,0.134766,-0.133911,0.661682,-0.725342,0.9121,158.1156,0
0.3000,916026,0.133484,-0.135620,0.661011,-0.725891,1.1702,158.0922,0
0.3100,916036,0.132446,-0.137207,0.660156,-0.726501,1.4034,158.0542,0
0.3200,916046,0.131470,-0.138733,0.659302,-0.727173,1.6279,158.0193,0
0.3300,916056,0.130554,-0.140198,0.658508,-0.727722,1.8400,157.9810,0
0.3400,916066,0.129700,-0.141541,0.657898,-0.728210,2.0335,157.9516,0
0.3500,916076,0.128845,-0.142822,0.657471,-0.728516,2.2163,157.9254,0
0.3600,916086,0.128052,-0.144043,0.656860,-0.728943,2.3942,157.8973,0
0.3700,916096,0.127197,-0.145203,0.656372,-0.729309,2.5687,157.8805,0
0.3800,916106,0.126343,-0.146423,0.655945,-0.729614,2.7465,157.8591,0
0.3900,916116,0.125427,-0.147705,0.655518,-0.729858,2.9330,157.8354,0
0.4000,916126,0.124512,-0.149048,0.655029,-0.730225,3.1276,157.8112,0
0.4100,916136,0.123596,-0.150452,0.654419,-0.730591,3.3290,157.7780,0
0.4200,916146,0.122620,-0.151855,0.653870,-0.731018,3.5353,157.7554,0
0.4300,916156,0.121765,-0.153137,0.653198,-0.731506,3.7250,157.7302,0
0.4400,916166,0.120972,-0.154358,0.652527,-0.731934,3.9040,157.7018,0
0.4500,916176,0.120239,-0.155457,0.652039,-0.732300,4.0646,157.6815,0
0.4600,916186,0.119568,-0.156372,0.651794,-0.732361,4.1963,157.6636,0
0.4700,916196,0.118958,-0.157227,0.651978,-0.732178,4.3081,157.6499,0
0.4800,916206,0.117920,-0.158936,0.652832,-0.731201,4.5003,157.5963,0
0.4900,916216,0.117676,-0.159912,0.653015,-0.730835,4.5915,157.5360,0
0.5000,916226,0.117676,-0.161072,0.652893,-0.730713,4.6883,157.4443,0
0.5100,916236,0.117859,-0.162354,0.652527,-0.730713,4.7872,157.3264,0
0.5200,916246,0.118225,-0.163635,0.651978,-0.730896,4.8784,157.1966,0
0.5300,916256,0.118713,-0.164856,0.651489,-0.730957,4.9522,157.0578,0
0.5400,916266,0.119141,-0.165955,0.651367,-0.730713,5.0095,156.9310,0
0.5500,916276,0.119568,-0.166931,0.651733,-0.730103,5.0429,156.8132,0
0.5600,916286,0.119751,-0.167786,0.652588,-0.729126,5.0703,156.7233,0
0.5700,916296,0.119873,-0.168579,0.653687,-0.727905,5.0888,156.6394,0
0.5800,916306,0.119934,-0.169373,0.654724,-0.726868,5.1162,156.5676,0
0.5900,916316,0.119873,-0.170166,0.655334,-0.726135,5.1644,156.5036,0
0.6000,916326,0.119812,-0.170959,0.655457,-0.725830,5.2276,156.4421,0
0.6100,916336,0.119751,-0.171753,0.655273,-0.725830,5.3010,156.3842,0
0.6200,916346,0.119629,-0.172485,0.655090,-0.725769,5.3727,156.3319,0
0.6300,916356,0.119507,-0.173096,0.655029,-0.725708,5.4325,156.2932,0
0.6400,916366,0.119385,-0.173523,0.655212,-0.725464,5.4700,156.2674,0
0.6500,916376,0.119324,-0.173767,0.655579,-0.725098,5.4826,156.2508,0
0.6600,916386,0.119263,-0.173828,0.656067,-0.724670,5.4771,156.2486,0
0.6700,916396,0.119324,-0.173767,0.656616,-0.724182,5.4501,156.2449,0
0.6800,916406,0.119385,-0.173645,0.657166,-0.723694,5.4180,156.2455,0
0.6900,916416,0.119568,-0.173523,0.657715,-0.723206,5.3766,156.2368,0
0.7000,916426,0.119812,-0.173401,0.658264,-0.722717,5.3307,156.2236,0
0.7100,916436,0.120178,-0.173218,0.658630,-0.722290,5.2741,156.2009,0
0.7200,916446,0.120605,-0.173035,0.658875,-0.722046,5.2183,156.1783,0
0.7300,916456,0.121704,-0.172424,0.658936,-0.721985,5.0822,156.1364,0
0.7400,916466,0.122253,-0.172119,0.658997,-0.721924,5.0132,156.1152,0
0.7500,916476,0.122620,-0.171753,0.659119,-0.721802,4.9509,156.1114,0
0.7600,916486,0.122925,-0.171509,0.659485,-0.721558,4.8975,156.1078,0
0.7700,916496,0.123169,-0.171265,0.659973,-0.721069,4.8422,156.1009,0
0.7800,916506,0.123474,-0.171021,0.660522,-0.720581,4.7813,156.0922,0
0.7900,916516,0.124023,-0.170776,0.661011,-0.720093,4.7028,156.0624,0
0.8000,916526,0.124634,-0.170532,0.661255,-0.719788,4.6268,156.0274,0
0.8100,916536,0.125427,-0.170349,0.661377,-0.719604,4.5460,155.9756,0
0.8200,916546,0.126099,-0.170227,0.661438,-0.719421,4.4803,155.9261,0
0.8300,916556,0.126770,-0.170044,0.661682,-0.719177,4.4058,155.8857,0
0.8400,916566,0.127319,-0.169739,0.662170,-0.718689,4.3222,155.8607,0
0.8500,916576,0.127808,-0.169373,0.662964,-0.717957,4.2289,155.8450,0
0.8600,916586,0.128357,-0.168823,0.664062,-0.716919,4.1054,155.8349,0
0.8700,916596,0.128845,-0.168213,0.665222,-0.715942,3.9818,155.8401,0
0.8800,916606,0.129333,-0.167664,0.666321,-0.714966,3.8642,155.8388,0
0.8900,916616,0.129700,-0.167114,0.667236,-0.714172,3.7622,155.8485,0
0.9000,916626,0.130005,-0.166687,0.667969,-0.713501,3.6800,155.8528,0
0.9100,916636,0.130188,-0.166321,0.668579,-0.713013,3.6175,155.8664,0
0.9200,916646,0.130310,-0.166016,0.669006,-0.712646,3.5698,155.8785,0
0.9300,916656,0.130432,-0.165833,0.669312,-0.712341,3.5351,155.8799,0
0.9400,916666,0.130554,-0.165710,0.669678,-0.712036,3.5044,155.8798,0
0.9500,916676,0.130676,-0.165527,0.669983,-0.711792,3.4708,155.8844,0
0.9600,916686,0.130798,-0.165222,0.670166,-0.711670,3.4314,155.8986,0
0.9700,916696,0.130981,-0.164856,0.670349,-0.711548,3.3824,155.9125,0
0.9800,916706,0.131409,-0.163879,0.670471,-0.711609,3.2690,155.9581,0
0.9900,916716,0.131653,-0.163330,0.670532,-0.711609,3.2045,155.9812,0
1.0000,916726,0.131897,-0.162781,0.670715,-0.711548,3.1369,156.0068,0
1.0100,916736,0.132019,-0.162231,0.670898,-0.711426,3.0776,156.0382,0
1.0200,916746,0.132202,-0.161804,0.671021,-0.711365,3.0256,156.0570,0
1.0300,916756,0.132324,-0.161438,0.671082,-0.711365,2.9854,156.0764,0
1.0400,916766,0.132385,-0.161072,0.671143,-0.711426,2.9510,156.1036,0
1.0500,916776,0.132446,-0.160767,0.671204,-0.711426,2.9205,156.1234,0
1.0600,916786,0.132507,-0.160400,0.671326,-0.711365,2.8829,156.1470,0
1.0700,916796,0.132507,-0.160095,0.671570,-0.711182,2.8509,156.1700,0
1.0800,916806,0.132629,-0.159729,0.671875,-0.710999,2.8037,156.1911,0
1.0900,916816,0.132751,-0.159363,0.672058,-0.710876,2.7593,156.2098,0
1.1000,916826,0.132935,-0.158936,0.672180,-0.710815,2.7074,156.2287,0
1.1100,916836,0.133240,-0.158569,0.672302,-0.710754,2.6510,156.2341,0
1.1200,916846,0.133545,-0.158142,0.672424,-0.710632,2.5886,156.2408,0
1.1300,916856,0.133850,-0.157776,0.672485,-0.710632,2.5343,156.2466,0
1.1400,916866,0.134216,-0.157349,0.672546,-0.710571,2.4691,156.2491,0
1.1500,916876,0.134521,-0.157043,0.672607,-0.710510,2.4187,156.2475,0
1.1600,916886,0.134827,-0.156677,0.672791,-0.710388,2.3603,156.2527,0
1.1700,916896,0.135193,-0.156311,0.672974,-0.710205,2.2961,156.2502,0
1.1800,916906,0.135498,-0.156067,0.673157,-0.710022,2.2465,156.2437,0
1.1900,916916,0.135803,-0.155762,0.673340,-0.709839,2.1920,156.2415,0
1.2000,916926,0.136047,-0.155518,0.673401,-0.709778,2.1512,156.2403,0
1.2100,916936,0.136292,-0.155273,0.673340,-0.709839,2.1145,156.2397,0
1.2200,916946,0.136475,-0.155090,0.673218,-0.709961,2.0896,156.2396,0
1.2300,916956,0.136658,-0.154846,0.673157,-0.710083,2.0587,156.2467,0
1.2400,916966,0.136658,-0.154236,0.673218,-0.710205,2.0102,156.2988,0
1.2500,916976,0.136597,-0.153870,0.673340,-0.710144,1.9821,156.3318,0
1.2600,916986,0.136536,-0.153564,0.673462,-0.710083,1.9590,156.3604,0
1.2700,916996,0.136414,-0.153259,0.673584,-0.710083,1.9416,156.3967,0
1.2800,917006,0.136353,-0.153076,0.673645,-0.710083,1.9305,156.4170,0
1.2900,917016,0.136292,-0.152954,0.673584,-0.710144,1.9273,156.4305,0
1.3000,917026,0.136230,-0.153015,0.673401,-0.710327,1.9431,156.4316,0
1.3100,917036,0.136230,-0.153015,0.673096,-0.710632,1.9532,156.4332,0
1.3200,917046,0.136292,-0.153076,0.672791,-0.710876,1.9625,156.4228,0
1.3300,917056,0.136353,-0.153137,0.672363,-0.711243,1.9759,156.4131,0
1.3400,917066,0.136536,-0.153137,0.671997,-0.711548,1.9728,156.3983,0
1.3500,917076,0.136658,-0.153198,0.671692,-0.711792,1.9775,156.3834,0
1.3600,917086,0.136841,-0.153137,0.671509,-0.711975,1.9645,156.3750,0
1.3700,917096,0.137024,-0.153076,0.671448,-0.711975,1.9464,156.3628,0
1.3800,917106,0.137085,-0.153015,0.671509,-0.711975,1.9357,156.3653,0
1.3900,917116,0.137207,-0.152893,0.671570,-0.711853,1.9133,156.3614,0
1.4000,917126,0.137329,-0.152832,0.671631,-0.711792,1.8969,156.3562,0
1.4100,917136,0.137512,-0.152771,0.671631,-0.711792,1.8778,156.3468,0
1.4200,917146,0.137573,-0.152710,0.671692,-0.711792,1.8671,156.3494,0
1.4300,917156,0.137634,-0.152649,0.671692,-0.711731,1.8564,156.3460,0
1.4400,917166,0.137634,-0.152588,0.671692,-0.711731,1.8514,156.3503,0
1.4500,917176,0.137573,-0.152405,0.671753,-0.711792,1.8413,156.3737,0
1.4600,917186,0.137451,-0.152222,0.671692,-0.711853,1.8377,156.3961,0
1.4700,917196,0.137390,-0.151978,0.671570,-0.712036,1.8276,156.4216,0
1.4800,917206,0.137207,-0.151672,0.671570,-0.712158,1.8189,156.4631,0
1.4900,917216,0.136841,-0.151123,0.671692,-0.712219,1.8014,156.5379,0
1.5000,917226,0.136658,-0.150879,0.671875,-0.712158,1.7917,156.5741,0
1.5100,917236,0.136475,-0.150696,0.671875,-0.712219,1.7919,156.6039,0
1.5200,917246,0.136414,-0.150574,0.671692,-0.712402,1.7926,156.6180,0
1.5300,917256,0.136414,-0.150513,0.671448,-0.712646,1.7957,156.6236,0
1.5400,917266,0.136475,-0.150574,0.671265,-0.712830,1.8020,156.6157,0
1.5500,917276,0.136597,-0.150696,0.671204,-0.712830,1.8035,156.5951,0
1.5600,917286,0.136719,-0.150818,0.671204,-0.712769,1.8031,156.5743,0
1.5700,917296,0.136902,-0.150879,0.671204,-0.712708,1.7929,156.5531,0
1.5800,917306,0.137085,-0.150940,0.671265,-0.712585,1.7807,156.5317,0
1.5900,917316,0.137329,-0.150879,0.671387,-0.712463,1.7529,156.5171,0
1.6000,917326,0.137573,-0.150696,0.671509,-0.712341,1.7151,156.5111,0
1.6100,917336,0.137817,-0.150513,0.671631,-0.712219,1.6774,156.5051,0
1.6200,917346,0.138062,-0.150330,0.671753,-0.712097,1.6396,156.4991,0
1.6300,917356,0.138245,-0.150146,0.671875,-0.711975,1.6065,156.4978,0
1.6400,917366,0.138367,-0.150024,0.671997,-0.711853,1.5831,156.4967,0
1.6500,917376,0.138489,-0.149902,0.672119,-0.711731,1.5597,156.4956,0
1.6600,917386,0.138550,-0.149780,0.672302,-0.711609,1.5400,156.5018,0
1.6700,917396,0.138550,-0.149719,0.672424,-0.711548,1.5321,156.5086,0
1.6800,917406,0.138489,-0.149658,0.672485,-0.711487,1.5298,156.5172,0
1.6900,917416,0.138489,-0.149658,0.672546,-0.711426,1.5278,156.5169,0
1.7000,917426,0.138489,-0.149658,0.672546,-0.711426,1.5278,156.5169,0
1.7100,917436,0.138489,-0.149780,0.672485,-0.711426,1.5387,156.5055,0
1.7200,917446,0.138550,-0.149902,0.672485,-0.711426,1.5439,156.4923,0
1.7300,917456,0.138550,-0.150085,0.672485,-0.711365,1.5578,156.4763,0
1.7400,917466,0.138611,-0.150269,0.672485,-0.711304,1.5670,156.4557,0
1.7500,917476,0.138672,-0.150330,0.672424,-0.711304,1.5682,156.4440,0
1.7600,917486,0.138733,-0.150391,0.672363,-0.711365,1.5705,156.4355,0
1.7700,917496,0.138733,-0.150513,0.672363,-0.711365,1.5805,156.4268,0
1.7800,917506,0.138672,-0.150513,0.672424,-0.711304,1.5832,156.4311,0
1.7900,917516,0.138672,-0.150513,0.672485,-0.711243,1.5811,156.4308,0
1.8000,917526,0.138733,-0.150574,0.672424,-0.711304,1.5834,156.4222,0
1.8100,917536,0.138794,-0.150696,0.672363,-0.711365,1.5907,156.4093,0
1.8200,917546,0.138855,-0.150757,0.672180,-0.711487,1.5960,156.3983,0
1.8300,917556,0.138977,-0.150879,0.671936,-0.711609,1.6026,156.3755,0
1.8400,917566,0.139038,-0.151062,0.671753,-0.711731,1.6178,156.3558,0
1.8500,917576,0.139099,-0.151184,0.671692,-0.711792,1.6251,156.3430,0
1.8600,917586,0.139160,-0.151306,0.671814,-0.711670,1.6263,156.3292,0
1.8700,917596,0.139221,-0.151367,0.671997,-0.711426,1.6194,156.3163,0
1.8800,917606,0.139282,-0.151428,0.672180,-0.711243,1.6136,156.3065,0
1.8900,917616,0.139404,-0.151489,0.672302,-0.711060,1.6040,156.2894,0
1.9000,917626,0.139465,-0.151611,0.672302,-0.710999,1.6082,156.2731,0
1.9100,917636,0.139587,-0.151672,0.672302,-0.710999,1.6038,156.2597,0
1.9200,917646,0.139587,-0.151855,0.672180,-0.711060,1.6217,156.2443,0
1.9300,917656,0.139526,-0.152039,0.672058,-0.711121,1.6444,156.2334,0
1.9400,917666,0.139404,-0.152161,0.672058,-0.711182,1.6648,156.2370,0
1.9500,917676,0.139282,-0.152283,0.672119,-0.711121,1.6821,156.2372,0
1.9600,917686,0.139099,-0.152344,0.672241,-0.710999,1.6971,156.2460,0
1.9700,917696,0.139038,-0.152344,0.672363,-0.710937,1.6988,156.2531,0
1.9800,917706,0.138916,-0.152283,0.672485,-0.710815,1.6992,156.2659,0
1.9900,917716,0.138916,-0.152161,0.672546,-0.710754,1.6872,156.2742,0
2.0000,917726,0.138977,-0.151978,0.672729,-0.710693,1.6636,156.2879,0
2.0100,917736,0.139038,-0.151855,0.672852,-0.710571,1.6449,156.2914,0
2.0200,917746,0.139038,-0.151855,0.672913,-0.710510,1.6428,156.2911,0
2.0300,917756,0.139038,-0.151855,0.672852,-0.710571,1.6449,156.2914,0
2.0400,917766,0.139099,-0.151855,0.672668,-0.710693,1.6452,156.2846,0
2.0500,917776,0.139160,-0.151917,0.672424,-0.710876,1.6525,156.2738,0
2.0600,917786,0.139221,-0.151978,0.672302,-0.710999,1.6569,156.2655,0
2.0700,917796,0.139282,-0.151855,0.672363,-0.710999,1.6413,156.2724,0
2.0800,917806,0.139465,-0.151733,0.672485,-0.710815,1.6121,156.2637,0
2.0900,917816,0.139587,-0.151611,0.672668,-0.710632,1.5866,156.2623,0
2.1000,917826,0.139771,-0.151428,0.672852,-0.710510,1.5525,156.2638,0
2.1100,917836,0.140015,-0.151184,0.672913,-0.710449,1.5118,156.2625,0
2.1200,917846,0.140320,-0.151001,0.672852,-0.710449,1.4743,156.2499,0
2.1300,917856,0.140564,-0.150879,0.672913,-0.710388,1.4435,156.2401,0
2.1400,917866,0.140747,-0.150757,0.672974,-0.710327,1.4174,156.2347,0
2.1500,917876,0.140869,-0.150757,0.673035,-0.710266,1.4059,156.2254,0
2.1600,917886,0.140930,-0.150757,0.673096,-0.710205,1.3992,156.2206,0
2.1700,917896,0.140991,-0.150757,0.673096,-0.710144,1.3934,156.2129,0
2.1800,917906,0.141052,-0.150696,0.673096,-0.710144,1.3837,156.2127,0
2.1900,917916,0.141113,-0.150635,0.673096,-0.710144,1.3740,156.2124,0
2.2000,917926,0.141235,-0.150574,0.673157,-0.710144,1.3587,156.2105,0
2.2100,917936,0.141357,-0.150391,0.673157,-0.710144,1.3343,156.2143,0
2.2200,917946,0.141418,-0.150146,0.673218,-0.710144,1.3088,156.2298,0
2.2300,917956,0.141479,-0.149902,0.673218,-0.710144,1.2842,156.2425,0
2.2400,917966,0.141479,-0.149719,0.673279,-0.710083,1.2673,156.2552,0
2.2500,917976,0.141602,-0.149536,0.673401,-0.710022,1.2399,156.2616,0
2.2600,917986,0.141602,-0.149536,0.673401,-0.710022,1.2399,156.2616,0
2.2700,917996,0.141541,-0.149597,0.673340,-0.710022,1.2506,156.2590,0
2.2800,918006,0.141541,-0.149597,0.673340,-0.710083,1.2516,156.2621,0
2.2900,918016,0.141541,-0.149597,0.673279,-0.710144,1.2537,156.2624,0
2.3000,918026,0.141479,-0.149597,0.673218,-0.710144,1.2594,156.2641,0
2.3100,918036,0.141541,-0.149597,0.673279,-0.710144,1.2537,156.2624,0
2.3200,918046,0.141602,-0.149536,0.673340,-0.710083,1.2419,156.2619,0
2.3300,918056,0.141663,-0.149475,0.673401,-0.710022,1.2302,156.2614,0
2.3400,918066,0.141785,-0.149414,0.673462,-0.709961,1.2138,156.2563,0
2.3500,918076,0.141846,-0.149231,0.673523,-0.709900,1.1921,156.2645,0
2.3600,918086,0.141968,-0.149109,0.673523,-0.709900,1.1728,156.2640,0
2.3700,918096,0.142090,-0.148987,0.673401,-0.710022,1.1575,156.2641,0
2.3800,918106,0.142212,-0.148865,0.673279,-0.710144,1.1422,156.2641,0
2.3900,918116,0.142395,-0.148804,0.673279,-0.710144,1.1231,156.2548,0
2.4000,918126,0.142517,-0.148804,0.673279,-0.710083,1.1127,156.2426,0
2.4100,918136,0.142700,-0.148804,0.673401,-0.709961,1.0945,156.2285,0
2.4200,918146,0.142822,-0.148743,0.673523,-0.709839,1.0760,156.2232,0
2.4300,918156,0.143005,-0.148743,0.673645,-0.709717,1.0578,156.2091,0
2.4400,918166,0.143188,-0.148682,0.673645,-0.709595,1.0366,156.1936,0
2.4500,918176,0.143311,-0.148682,0.673645,-0.709595,1.0272,156.1845,0
2.4600,918186,0.143433,-0.148682,0.673645,-0.709595,1.0177,156.1754,0
2.4700,918196,0.143555,-0.148743,0.673645,-0.709534,1.0122,156.1589,0
2.4800,918206,0.143555,-0.148865,0.673767,-0.709412,1.0181,156.1498,0
2.4900,918216,0.143616,-0.148926,0.673889,-0.709229,1.0132,156.1374,0
2.5000,918226,0.143738,-0.149231,0.674133,-0.708984,1.0204,156.1059,0
2.5100,918236,0.143860,-0.149414,0.674133,-0.708923,1.0248,156.0807,0
2.5200,918246,0.143982,-0.149536,0.674133,-0.708862,1.0242,156.0600,0
2.5300,918256,0.144104,-0.149658,0.674194,-0.708679,1.0206,156.0358,0
2.5400,918266,0.144287,-0.149719,0.674377,-0.708496,1.0052,156.0173,0
2.5500,918276,0.144409,-0.149719,0.674561,-0.708313,0.9896,156.0075,0
2.5600,918286,0.144470,-0.149658,0.674744,-0.708130,0.9737,156.0066,0
2.5700,918296,0.144531,-0.149597,0.674805,-0.708069,0.9620,156.0062,0
2.5800,918306,0.144470,-0.149536,0.674927,-0.708008,0.9587,156.0177,0
2.5900,918316,0.144287,-0.149475,0.675049,-0.707886,0.9638,156.0351,0
2.6000,918326,0.144104,-0.149353,0.675293,-0.707764,0.9620,156.0627,0
2.6100,918336,0.143860,-0.149231,0.675659,-0.707520,0.9607,156.0943,0
2.6200,918346,0.143677,-0.149170,0.675903,-0.707275,0.9618,156.1113,0
2.6300,918356,0.143555,-0.149109,0.676086,-0.707153,0.9612,156.1272,0
2.6400,918366,0.143616,-0.149048,0.676086,-0.707153,0.9515,156.1270,0
2.6500,918376,0.143738,-0.149048,0.675964,-0.707275,0.9461,156.1183,0
2.6600,918386,0.143860,-0.149048,0.675842,-0.707336,0.9397,156.1066,0
2.6700,918396,0.143982,-0.149109,0.675842,-0.707275,0.9342,156.0902,0
2.6800,918406,0.144043,-0.149292,0.675903,-0.707153,0.9412,156.0694,0
2.6900,918416,0.144104,-0.149414,0.676025,-0.707031,0.9423,156.0558,0
2.7000,918426,0.144165,-0.149536,0.676147,-0.706909,0.9433,156.0422,0
2.7100,918436,0.144226,-0.149597,0.676147,-0.706848,0.9425,156.0303,0
2.7200,918446,0.144226,-0.149658,0.676208,-0.706787,0.9454,156.0257,0
2.7300,918456,0.144226,-0.149658,0.676208,-0.706787,0.9454,156.0257,0
2.7400,918466,0.144165,-0.149719,0.676208,-0.706787,0.9551,156.0259,0
2.7500,918476,0.144104,-0.149719,0.676270,-0.706726,0.9577,156.0302,0
2.7600,918486,0.143921,-0.149597,0.676331,-0.706726,0.9610,156.0553,0
2.7700,918496,0.143799,-0.149475,0.676392,-0.706726,0.9596,156.0759,0
2.7800,918506,0.143677,-0.149414,0.676392,-0.706787,0.9652,156.0923,0
2.7900,918516,0.143555,-0.149292,0.676392,-0.706787,0.9647,156.1100,0
2.8000,918526,0.143433,-0.149170,0.676514,-0.706787,0.9623,156.1335,0
2.8100,918536,0.143372,-0.149048,0.676575,-0.706726,0.9551,156.1465,0
2.8200,918546,0.143372,-0.148987,0.676575,-0.706726,0.9502,156.1508,0
2.8300,918556,0.143372,-0.148926,0.676575,-0.706726,0.9452,156.1551,0
2.8400,918566,0.143372,-0.148926,0.676575,-0.706726,0.9452,156.1551,0
2.8500,918576,0.143372,-0.148926,0.676575,-0.706787,0.9463,156.1582,0
2.8600,918586,0.143372,-0.148926,0.676575,-0.706787,0.9463,156.1582,0
2.8700,918596,0.143372,-0.148926,0.676514,-0.706787,0.9473,156.1553,0
2.8800,918606,0.143372,-0.148987,0.676514,-0.706787,0.9522,156.1510,0
2.8900,918616,0.143372,-0.148926,0.676575,-0.706726,0.9452,156.1551,0
2.9000,918626,0.143433,-0.148926,0.676636,-0.706726,0.9395,156.1535,0
2.9100,918636,0.143555,-0.148804,0.676636,-0.706726,0.9201,156.1531,0
2.9200,918646,0.143677,-0.148682,0.676636,-0.706665,0.8997,156.1496,0
2.9300,918656,0.143799,-0.148560,0.676636,-0.706665,0.8804,156.1492,0
2.9400,918666,0.143860,-0.148437,0.676636,-0.706726,0.8668,156.1564,0
2.9500,918676,0.143982,-0.148499,0.676636,-0.706665,0.8612,156.1400,0
2.9600,918686,0.144104,-0.148499,0.676636,-0.706665,0.8518,156.1310,0
2.9700,918696,0.144104,-0.148621,0.676697,-0.706543,0.8586,156.1190,0
2.9800,918706,0.144165,-0.148682,0.676758,-0.706482,0.8567,156.1100,0
2.9900,918716,0.144104,-0.148743,0.676880,-0.706360,0.8623,156.1098,0
3.0000,918726,0.144165,-0.148743,0.676819,-0.706360,0.8586,156.1024,0
3.0100,918736,0.144165,-0.148804,0.676819,-0.706360,0.8635,156.0981,0
3.0200,918746,0.144165,-0.148865,0.676880,-0.706360,0.8675,156.0966,0
3.0300,918756,0.144104,-0.148865,0.676941,-0.706238,0.8691,156.0978,0
3.0400,918766,0.144104,-0.148926,0.677002,-0.706238,0.8730,156.0964,0
3.0500,918776,0.144104,-0.148865,0.677002,-0.706177,0.8670,156.0976,0
3.0600,918786,0.144165,-0.148865,0.677002,-0.706177,0.8623,156.0931,0
3.0700,918796,0.144226,-0.148743,0.677063,-0.706116,0.8456,156.0971,0
3.0800,918806,0.144348,-0.148682,0.677124,-0.706055,0.8292,156.0922,0
3.0900,918816,0.144470,-0.148560,0.677185,-0.706055,0.8088,156.0947,0
3.1000,918826,0.144592,-0.148437,0.677185,-0.706055,0.7895,156.0943,0
3.1100,918836,0.144775,-0.148376,0.677185,-0.705994,0.7693,156.0820,0
3.1200,918846,0.144897,-0.148437,0.677185,-0.705994,0.7648,156.0687,0
3.1300,918856,0.145020,-0.148437,0.677124,-0.705994,0.7563,156.0568,0
3.1400,918866,0.145203,-0.148499,0.677063,-0.706055,0.7491,156.0391,0
3.1500,918876,0.145264,-0.148499,0.677063,-0.705994,0.7433,156.0315,0
3.1600,918886,0.145325,-0.148499,0.677124,-0.705933,0.7365,156.0268,0
3.1700,918896,0.145264,-0.148376,0.677307,-0.705750,0.7252,156.0394,0
3.1800,918906,0.145264,-0.148254,0.677551,-0.705627,0.7092,156.0535,0
3.1900,918916,0.145264,-0.148132,0.677673,-0.705505,0.6952,156.0618,0
3.2000,918926,0.145264,-0.148010,0.677734,-0.705444,0.6833,156.0703,0
3.2100,918936,0.145264,-0.147949,0.677795,-0.705444,0.6774,156.0775,0
3.2200,918946,0.145325,-0.147888,0.677795,-0.705444,0.6677,156.0774,0
3.2300,918956,0.145325,-0.147888,0.677795,-0.705444,0.6677,156.0774,0
3.2400,918966,0.145325,-0.147888,0.677734,-0.705505,0.6697,156.0775,0
3.2500,918976,0.145325,-0.147888,0.677612,-0.705566,0.6728,156.0748,0
3.2600,918986,0.145325,-0.147888,0.677490,-0.705688,0.6769,156.0752,0
3.2700,918996,0.145325,-0.147705,0.677551,-0.705688,0.6611,156.0911,0
3.2800,919006,0.145325,-0.147583,0.677673,-0.705566,0.6471,156.0994,0
3.2900,919016,0.145386,-0.147400,0.677917,-0.705383,0.6204,156.1103,0
3.3000,919026,0.145508,-0.147278,0.678101,-0.705200,0.5949,156.1094,0
3.3100,919036,0.145691,-0.147095,0.678223,-0.705078,0.5618,156.1086,0
3.3200,919046,0.145874,-0.147034,0.678223,-0.705078,0.5426,156.0994,0
3.3300,919056,0.146118,-0.146973,0.678223,-0.705017,0.5177,156.0826,0
3.3400,919066,0.146240,-0.147034,0.678223,-0.705017,0.5131,156.0693,0
3.3500,919076,0.146362,-0.147095,0.678223,-0.704956,0.5075,156.0529,0
3.3600,919086,0.146484,-0.147217,0.678223,-0.704895,0.5069,156.0321,0
3.3700,919096,0.146545,-0.147339,0.678162,-0.704895,0.5130,156.0160,0
3.3800,919106,0.146606,-0.147400,0.678162,-0.704895,0.5132,156.0072,0
3.3900,919116,0.146667,-0.147339,0.678162,-0.704895,0.5035,156.0070,0
3.4000,919126,0.146667,-0.147217,0.678223,-0.704895,0.4927,156.0186,0
3.4100,919136,0.146729,-0.147034,0.678223,-0.704834,0.4721,156.0240,0
3.4200,919146,0.146790,-0.146912,0.678345,-0.704773,0.4544,156.0309,0
3.4300,919156,0.146851,-0.146729,0.678467,-0.704712,0.4318,156.0422,0
3.4400,919166,0.146912,-0.146667,0.678528,-0.704590,0.4190,156.0388,0
3.4500,919176,0.147034,-0.146545,0.678650,-0.704529,0.3966,156.0413,0
3.4600,919186,0.147095,-0.146545,0.678711,-0.704468,0.3898,156.0366,0
3.4700,919196,0.147217,-0.146545,0.678711,-0.704407,0.3793,156.0246,0
3.4800,919206,0.147278,-0.146606,0.678650,-0.704468,0.3815,156.0159,0
3.4900,919216,0.147278,-0.146606,0.678650,-0.704468,0.3815,156.0159,0
3.5000,919226,0.147339,-0.146545,0.678711,-0.704407,0.3698,156.0156,0
3.5100,919236,0.147400,-0.146545,0.678772,-0.704346,0.3630,156.0109,0
3.5200,919246,0.147522,-0.146301,0.678894,-0.704224,0.3297,156.0190,0
3.5300,919256,0.147522,-0.146240,0.678894,-0.704224,0.3248,156.0233,0
3.5400,919266,0.147522,-0.146118,0.678955,-0.704224,0.3139,156.0349,0
3.5500,919276,0.147461,-0.146057,0.678955,-0.704224,0.3137,156.0438,0
3.5600,919286,0.147461,-0.145935,0.678955,-0.704224,0.3038,156.0525,0
3.5700,919296,0.147461,-0.145813,0.679016,-0.704224,0.2930,156.0641,0
3.5800,919306,0.147461,-0.145752,0.679016,-0.704224,0.2880,156.0684,0
3.5900,919316,0.147583,-0.145691,0.679016,-0.704224,0.2736,156.0637,0
3.6000,919326,0.147644,-0.145630,0.679077,-0.704163,0.2619,156.0634,0
3.6100,919336,0.147705,-0.145569,0.679199,-0.704041,0.2481,156.0630,0
3.6200,919346,0.147766,-0.145508,0.679260,-0.703979,0.2364,156.0627,0
3.6300,919356,0.147888,-0.145569,0.679260,-0.703979,0.2318,156.0494,0
3.6400,919366,0.148010,-0.145630,0.679199,-0.703979,0.2283,156.0331,0
3.6500,919376,0.148132,-0.145691,0.679077,-0.704041,0.2268,156.0170,0
3.6600,919386,0.148193,-0.145813,0.679077,-0.703979,0.2309,156.0008,0
3.6700,919396,0.148315,-0.145813,0.679199,-0.703918,0.2183,155.9946,0
3.6800,919406,0.148376,-0.145752,0.679321,-0.703796,0.2045,155.9942,0
3.6900,919416,0.148437,-0.145691,0.679382,-0.703674,0.1917,155.9908,0
3.7000,919426,0.148560,-0.145569,0.679382,-0.703674,0.1724,155.9905,0
3.7100,919436,0.148682,-0.145447,0.679443,-0.703674,0.1520,155.9931,0
3.7200,919446,0.148743,-0.145325,0.679504,-0.703552,0.1343,155.9942,0
3.7300,919456,0.148621,-0.145264,0.679687,-0.703491,0.1348,156.0133,0
3.7400,919466,0.148560,-0.145264,0.679810,-0.703369,0.1354,156.0175,0
3.7500,919476,0.148437,-0.145203,0.679932,-0.703247,0.1359,156.0306,0
3.7600,919486,0.148376,-0.145264,0.679932,-0.703247,0.1456,156.0308,0
3.7700,919496,0.148254,-0.145386,0.679932,-0.703247,0.1649,156.0311,0
3.7800,919506,0.148254,-0.145447,0.679932,-0.703308,0.1709,156.0298,0
3.7900,919516,0.148254,-0.145386,0.679932,-0.703247,0.1649,156.0311,0
3.8000,919526,0.148376,-0.145264,0.679871,-0.703308,0.1476,156.0309,0
3.8100,919536,0.148499,-0.145203,0.679810,-0.703369,0.1353,156.0264,0
3.8200,919546,0.148560,-0.145081,0.679687,-0.703491,0.1248,156.0308,0
3.8300,919556,0.148621,-0.145020,0.679504,-0.703613,0.1202,156.0279,0
3.8400,919566,0.148682,-0.145020,0.679504,-0.703674,0.1165,156.0265,0
3.8500,919576,0.148621,-0.145020,0.679565,-0.703613,0.1192,156.0309,0
3.8600,919586,0.148621,-0.145081,0.679687,-0.703491,0.1200,156.0263,0
3.8700,919596,0.148560,-0.145081,0.679871,-0.703369,0.1196,156.0335,0
3.8800,919606,0.148560,-0.145081,0.679932,-0.703247,0.1166,156.0303,0
3.8900,919616,0.148621,-0.145081,0.679932,-0.703247,0.1118,156.0258,0
3.9000,919626,0.148682,-0.145020,0.679932,-0.703247,0.1021,156.0257,0
3.9100,919636,0.148743,-0.145020,0.679810,-0.703369,0.1015,156.0214,0
3.9200,919646,0.148804,-0.145081,0.679687,-0.703430,0.1047,156.0098,0
3.9300,919656,0.148865,-0.145081,0.679565,-0.703552,0.1041,156.0055,0
3.9400,919666,0.148926,-0.145142,0.679504,-0.703552,0.1053,155.9937,0
3.9500,919676,0.148987,-0.145203,0.679504,-0.703552,0.1055,155.9849,0
3.9600,919686,0.148987,-0.145264,0.679565,-0.703491,0.1083,155.9804,0
3.9700,919696,0.149048,-0.145325,0.679626,-0.703430,0.1064,155.9715,0
3.9800,919706,0.149109,-0.145386,0.679565,-0.703430,0.1077,155.9597,0
3.9900,919716,0.149170,-0.145447,0.679565,-0.703369,0.1068,155.9478,0
4.0000,919726,0.149231,-0.145508,0.679565,-0.703369,0.1070,155.9390,0
4.0100,919736,0.149292,-0.145569,0.679565,-0.703369,0.1071,155.9301,0
4.0200,919746,0.149353,-0.145630,0.679565,-0.703369,0.1073,155.9213,0
4.0300,919756,0.149536,-0.145813,0.679504,-0.703308,0.1078,155.8888,0
4.0400,919766,0.149597,-0.145935,0.679443,-0.703369,0.1150,155.8757,0
4.0500,919776,0.149719,-0.145935,0.679321,-0.703430,0.1086,155.8639,0
4.0600,919786,0.149719,-0.145935,0.679260,-0.703491,0.1107,155.8640,0
4.0700,919796,0.149719,-0.145935,0.679260,-0.703491,0.1107,155.8640,0
4.0800,919806,0.149719,-0.145935,0.679260,-0.703491,0.1107,155.8640,0
4.0900,919816,0.149658,-0.145935,0.679321,-0.703430,0.1133,155.8684,0
4.1000,919826,0.149597,-0.145874,0.679382,-0.703369,0.1111,155.8771,0
4.1100,919836,0.149597,-0.145813,0.679443,-0.703369,0.1051,155.8844,0
4.1200,919846,0.149597,-0.145813,0.679321,-0.703491,0.1093,155.8847,0
4.1300,919856,0.149658,-0.145752,0.679260,-0.703552,0.1017,155.8846,0
4.1400,919866,0.149658,-0.145630,0.679199,-0.703613,0.0939,155.8934,0
4.1500,919876,0.149658,-0.145569,0.679260,-0.703552,0.0869,155.8976,0
4.1600,919886,0.149597,-0.145569,0.679382,-0.703491,0.0885,155.9050,0
4.1700,919896,0.149597,-0.145569,0.679504,-0.703308,0.0834,155.9017,0
4.1800,919906,0.149536,-0.145630,0.679565,-0.703308,0.0920,155.9048,0
4.1900,919916,0.149475,-0.145630,0.679565,-0.703308,0.0968,155.9093,0
4.2000,919926,0.149475,-0.145630,0.679565,-0.703308,0.0968,155.9093,0
4.2100,919936,0.149475,-0.145630,0.679565,-0.703308,0.0968,155.9093,0
4.2200,919946,0.149475,-0.145691,0.679626,-0.703247,0.0996,155.9048,0
4.2300,919956,0.149414,-0.145752,0.679687,-0.703186,0.1072,155.9048,0
4.2400,919966,0.149353,-0.145752,0.679810,-0.703064,0.1079,155.9091,0
4.2500,919976,0.149292,-0.145752,0.679810,-0.703125,0.1136,155.9167,0
4.2600,919986,0.149231,-0.145630,0.679810,-0.703125,0.1086,155.9298,0
4.2700,919996,0.149109,-0.145508,0.679810,-0.703186,0.1093,155.9506,0
4.2800,920006,0.148926,-0.145264,0.679687,-0.703369,0.1090,155.9847,0
4.2900,920016,0.148804,-0.145081,0.679626,-0.703491,0.1068,156.0099,0
4.3000,920026,0.148682,-0.144958,0.679687,-0.703491,0.1054,156.0305,0
4.3100,920036,0.148560,-0.144836,0.679749,-0.703491,0.1040,156.0511,0
4.3200,920046,0.148437,-0.144775,0.679871,-0.703430,0.1055,156.0673,0
4.3300,920056,0.148376,-0.144714,0.679932,-0.703369,0.1033,156.0760,0
4.3400,920066,0.148254,-0.144653,0.679993,-0.703308,0.1059,156.0892,0
4.3500,920076,0.148254,-0.144592,0.680054,-0.703308,0.0999,156.0965,0
4.3600,920086,0.148254,-0.144592,0.680054,-0.703308,0.0999,156.0965,0
4.3700,920096,0.148254,-0.144592,0.680054,-0.703308,0.0999,156.0965,0
4.3800,920106,0.148254,-0.144592,0.680054,-0.703308,0.0999,156.0965,0
4.3900,920116,0.148254,-0.144592,0.680054,-0.703308,0.0999,156.0965,0
4.4000,920126,0.148254,-0.144592,0.680054,-0.703308,0.0999,156.0965,0
4.4100,920136,0.148315,-0.144592,0.679993,-0.703308,0.0962,156.0891,0
4.4200,920146,0.148376,-0.144653,0.679932,-0.703369,0.0984,156.0803,0
4.4300,920156,0.148376,-0.144714,0.679993,-0.703308,0.1013,156.0759,0
4.4400,920166,0.148376,-0.144714,0.680115,-0.703186,0.0972,156.0757,0
4.4500,920176,0.148376,-0.144714,0.680237,-0.703064,0.0931,156.0755,0
4.4600,920186,0.148437,-0.144653,0.680298,-0.703003,0.0814,156.0752,0
4.4700,920196,0.148499,-0.144592,0.680359,-0.703003,0.0706,156.0780,0
4.4800,920206,0.148560,-0.144531,0.680237,-0.703064,0.0641,156.0750,0
4.4900,920216,0.148560,-0.144531,0.680054,-0.703247,0.0702,156.0753,0
4.5000,920226,0.148621,-0.144531,0.679993,-0.703308,0.0675,156.0709,0
4.5100,920236,0.148560,-0.144470,0.679993,-0.703308,0.0673,156.0798,0
4.5200,920246,0.148499,-0.144409,0.680115,-0.703247,0.0641,156.0914,0
4.5300,920256,0.148560,-0.144287,0.680298,-0.703064,0.0434,156.0954,0
4.5400,920266,0.148621,-0.144226,0.680237,-0.703125,0.0357,156.0953,0
4.5500,920276,0.148743,-0.144104,0.680115,-0.703247,0.0205,156.0952,0
4.5600,920286,0.148804,-0.144104,0.679993,-0.703369,0.0198,156.0909,0
4.5700,920296,0.148804,-0.144104,0.679932,-0.703430,0.0219,156.0910,0
4.5800,920306,0.148804,-0.144104,0.679993,-0.703369,0.0198,156.0909,0
4.5900,920316,0.148743,-0.144165,0.680054,-0.703308,0.0274,156.0910,0
4.6000,920326,0.148621,-0.144287,0.680115,-0.703247,0.0447,156.0912,0
4.6100,920336,0.148621,-0.144287,0.680176,-0.703186,0.0427,156.0910,0
4.6200,920346,0.148621,-0.144287,0.680176,-0.703186,0.0427,156.0910,0
4.6300,920356,0.148621,-0.144287,0.680237,-0.703125,0.0406,156.0910,0
4.6400,920366,0.148682,-0.144226,0.680298,-0.703064,0.0289,156.0907,0
4.6500,920376,0.148743,-0.144165,0.680298,-0.703064,0.0192,156.0906,0
4.6600,920386,0.148743,-0.144165,0.680237,-0.703064,0.0203,156.0876,0
4.6700,920396,0.148743,-0.144165,0.680115,-0.703186,0.0244,156.0878,0
4.6800,920406,0.148682,-0.144226,0.679993,-0.703369,0.0392,156.0912,0
4.6900,920416,0.148621,-0.144287,0.679871,-0.703430,0.0519,156.0885,0
4.7000,920426,0.148499,-0.144409,0.679871,-0.703491,0.0723,156.0919,0
4.7100,920436,0.148437,-0.144470,0.679993,-0.703369,0.0779,156.0918,0
4.7200,920446,0.148376,-0.144531,0.680176,-0.703186,0.0814,156.0916,0
4.7300,920456,0.148376,-0.144592,0.680237,-0.703064,0.0832,156.0842,0
4.7400,920466,0.148560,-0.144592,0.680237,-0.703064,0.0690,156.0707,0
4.7500,920476,0.148682,-0.144592,0.680115,-0.703125,0.0626,156.0588,0
4.7600,920486,0.148926,-0.144592,0.679993,-0.703247,0.0476,156.0411,0
4.7700,920496,0.149048,-0.144531,0.679871,-0.703369,0.0373,156.0366,0
4.7800,920506,0.149109,-0.144470,0.679871,-0.703308,0.0266,156.0334,0
4.7900,920516,0.149170,-0.144287,0.679993,-0.703186,0.0030,156.0418,0
4.8000,920526,0.149231,-0.144165,0.680054,-0.703186,-0.0126,156.0489,0
4.8100,920536,0.149353,-0.144043,0.679932,-0.703308,-0.0279,156.0488,0
4.8200,920546,0.149414,-0.143982,0.679810,-0.703430,-0.0334,156.0489,0
4.8300,920556,0.149475,-0.143982,0.679749,-0.703491,-0.0361,156.0445,0
4.8400,920566,0.149475,-0.143982,0.679749,-0.703491,-0.0361,156.0445,0
4.8500,920576,0.149414,-0.143982,0.679810,-0.703430,-0.0334,156.0489,0
4.8600,920586,0.149414,-0.143982,0.679871,-0.703308,-0.0365,156.0457,0
4.8700,920596,0.149414,-0.144043,0.679993,-0.703247,-0.0347,156.0442,0
4.8800,920606,0.149475,-0.143982,0.679993,-0.703247,-0.0444,156.0441,0
4.8900,920616,0.149536,-0.143860,0.679932,-0.703308,-0.0569,156.0484,0
4.9000,920626,0.149597,-0.143799,0.679871,-0.703369,-0.0645,156.0483,0
4.9100,920636,0.149658,-0.143799,0.679871,-0.703369,-0.0693,156.0438,0
4.9200,920646,0.149658,-0.143738,0.679932,-0.703308,-0.0762,156.0481,0
4.9300,920656,0.149719,-0.143738,0.680054,-0.703186,-0.0851,156.0434,0
4.9400,920666,0.149719,-0.143677,0.680115,-0.703125,-0.0921,156.0477,0
4.9500,920676,0.149658,-0.143677,0.680176,-0.703125,-0.0884,156.0551,0
4.9600,920686,0.149658,-0.143677,0.680176,-0.703125,-0.0884,156.0551,0
4.9700,920696,0.149658,-0.143677,0.680176,-0.703125,-0.0884,156.0551,0
4.9800,920706,0.149536,-0.143799,0.680176,-0.703064,-0.0700,156.0523,0
4.9900,920716,0.149414,-0.143799,0.680237,-0.703064,-0.0616,156.0643,0
5.0000,920726,0.149231,-0.143799,0.680298,-0.703064,-0.0483,156.0807,0
5.0100,920736,0.149048,-0.143738,0.680298,-0.703064,-0.0390,156.0985,0
5.0200,920746,0.148926,-0.143616,0.680298,-0.703125,-0.0383,156.1192,0
5.0300,920756,0.148804,-0.143494,0.680298,-0.703186,-0.0376,156.1400,0
5.0400,920766,0.148804,-0.143127,0.680237,-0.703369,-0.0631,156.1722,0
5.0500,920776,0.148865,-0.142883,0.680176,-0.703369,-0.0865,156.1822,0
5.0600,920786,0.148926,-0.142761,0.680237,-0.703369,-0.1021,156.1893,0
5.0700,920796,0.149048,-0.142639,0.680298,-0.703308,-0.1235,156.1890,0
5.0800,920806,0.149170,-0.142639,0.680359,-0.703186,-0.1360,156.1768,0
5.0900,920816,0.149353,-0.142639,0.680481,-0.703064,-0.1544,156.1632,0
5.1000,920826,0.149475,-0.142761,0.680542,-0.702942,-0.1571,156.1424,0
5.1100,920836,0.149597,-0.142944,0.680603,-0.702820,-0.1549,156.1172,0
5.1200,920846,0.149719,-0.143066,0.680542,-0.702820,-0.1536,156.0966,0
5.1300,920856,0.149841,-0.143188,0.680542,-0.702820,-0.1533,156.0789,0
5.1400,920866,0.149780,-0.143250,0.680542,-0.702820,-0.1436,156.0790,0
5.1500,920876,0.149719,-0.143372,0.680542,-0.702759,-0.1300,156.0718,0
5.1600,920886,0.149597,-0.143372,0.680542,-0.702820,-0.1195,156.0838,0
5.1700,920896,0.149414,-0.143311,0.680603,-0.702820,-0.1112,156.1046,0
5.1800,920906,0.149292,-0.143188,0.680603,-0.702881,-0.1105,156.1253,0
5.1900,920916,0.149170,-0.143066,0.680603,-0.702881,-0.1108,156.1430,0
5.2000,920926,0.149170,-0.142944,0.680603,-0.702881,-0.1206,156.1517,0
5.2100,920936,0.149231,-0.142883,0.680603,-0.702942,-0.1293,156.1546,0
5.2200,920946,0.149292,-0.142883,0.680603,-0.702881,-0.1351,156.1471,0
5.2300,920956,0.149414,-0.143005,0.680603,-0.702881,-0.1348,156.1294,0
5.2400,920966,0.149536,-0.143127,0.680542,-0.702881,-0.1334,156.1087,0
5.2500,920976,0.149597,-0.143311,0.680481,-0.702881,-0.1224,156.0883,0
5.2600,920986,0.149719,-0.143555,0.680420,-0.702881,-0.1112,156.0589,0
5.2700,920996,0.149780,-0.143738,0.680359,-0.702881,-0.1001,156.0384,0
5.2800,921006,0.149780,-0.143799,0.680420,-0.702820,-0.0973,156.0340,0
5.2900,921016,0.149841,-0.143738,0.680420,-0.702820,-0.1069,156.0339,0
5.3000,921026,0.150085,-0.143555,0.680359,-0.702820,-0.1397,156.0260,0
5.3100,921036,0.150269,-0.143372,0.680298,-0.702942,-0.1656,156.0287,0
5.3200,921046,0.150391,-0.143250,0.680176,-0.703003,-0.1819,156.0255,0
5.3300,921056,0.150513,-0.143127,0.680054,-0.703125,-0.1971,156.0254,0
5.3400,921066,0.150574,-0.143066,0.679993,-0.703186,-0.2047,156.0253,0
5.3500,921076,0.150574,-0.143066,0.679993,-0.703186,-0.2047,156.0253,0
5.3600,921086,0.150574,-0.143066,0.679993,-0.703186,-0.2047,156.0253,0
5.3700,921096,0.150574,-0.143066,0.680054,-0.703125,-0.2068,156.0253,0
5.3800,921106,0.150574,-0.143066,0.680176,-0.703003,-0.2109,156.0251,0
5.3900,921116,0.150574,-0.143066,0.680298,-0.702881,-0.2150,156.0249,0
5.4000,921126,0.150574,-0.143066,0.680481,-0.702759,-0.2202,156.0277,0
5.4100,921136,0.150574,-0.143066,0.680542,-0.702698,-0.2222,156.0276,0
5.4200,921146,0.150635,-0.143127,0.680481,-0.702637,-0.2220,156.0128,0
5.4300,921156,0.150574,-0.143188,0.680481,-0.702698,-0.2113,156.0160,0
5.4400,921166,0.150452,-0.143250,0.680481,-0.702698,-0.1969,156.0206,0
5.4500,921176,0.150330,-0.143311,0.680542,-0.702637,-0.1845,156.0252,0
5.4600,921186,0.150146,-0.143311,0.680542,-0.702698,-0.1693,156.0417,0
5.4700,921196,0.150085,-0.143188,0.680603,-0.702698,-0.1754,156.0578,0
5.4800,921206,0.149963,-0.143127,0.680542,-0.702759,-0.1687,156.0712,0
5.4900,921216,0.149902,-0.142944,0.680603,-0.702759,-0.1797,156.0917,0
5.5000,921226,0.149841,-0.142761,0.680664,-0.702698,-0.1918,156.1092,0
5.5100,921236,0.149780,-0.142700,0.680786,-0.702637,-0.1950,156.1209,0
5.5200,921246,0.149719,-0.142639,0.680908,-0.702576,-0.1983,156.1326,0
5.5300,921256,0.149719,-0.142639,0.680847,-0.702576,-0.1972,156.1297,0
5.5400,921266,0.149719,-0.142639,0.680786,-0.702698,-0.1942,156.1328,0
5.5500,921276,0.149597,-0.142761,0.680664,-0.702820,-0.1707,156.1332,0
5.5600,921286,0.149597,-0.142761,0.680786,-0.702698,-0.1748,156.1331,0
5.5700,921296,0.149536,-0.142822,0.680908,-0.702576,-0.1692,156.1330,0
5.5800,921306,0.149597,-0.142761,0.680969,-0.702515,-0.1810,156.1328,0
5.5900,921316,0.149658,-0.142700,0.681030,-0.702454,-0.1927,156.1326,0
5.6000,921326,0.149780,-0.142578,0.680969,-0.702515,-0.2100,156.1324,0
5.6100,921336,0.149841,-0.142456,0.680908,-0.702515,-0.2235,156.1337,0
5.6200,921346,0.149841,-0.142395,0.680969,-0.702515,-0.2295,156.1410,0
5.6300,921356,0.149780,-0.142334,0.681030,-0.702515,-0.2307,156.1528,0
5.6400,921366,0.149719,-0.142212,0.681030,-0.702515,-0.2358,156.1660,0
5.6500,921376,0.149658,-0.142151,0.680969,-0.702637,-0.2329,156.1779,0
5.6600,921386,0.149536,-0.142151,0.680908,-0.702698,-0.2213,156.1870,0
5.6700,921396,0.149414,-0.142090,0.680908,-0.702759,-0.2157,156.2034,0
5.6800,921406,0.149292,-0.142151,0.680969,-0.702698,-0.2033,156.2079,0
5.6900,921416,0.149170,-0.142212,0.681091,-0.702576,-0.1929,156.2124,0
5.7000,921426,0.149048,-0.142273,0.681213,-0.702454,-0.1826,156.2169,0
5.7100,921436,0.149048,-0.142273,0.681335,-0.702332,-0.1866,156.2167,0
5.7200,921446,0.149170,-0.142334,0.681458,-0.702209,-0.1953,156.2032,0
5.7300,921456,0.149292,-0.142334,0.681458,-0.702209,-0.2049,156.1942,0
5.7400,921466,0.149475,-0.142334,0.681396,-0.702209,-0.2181,156.1778,0
5.7500,921476,0.149658,-0.142273,0.681335,-0.702271,-0.2353,156.1688,0
5.7600,921486,0.149719,-0.142212,0.681213,-0.702332,-0.2419,156.1658,0
5.7700,921496,0.149780,-0.142090,0.681213,-0.702393,-0.2555,156.1730,0
5.7800,921506,0.149719,-0.141907,0.681274,-0.702332,-0.2675,156.1905,0
5.7900,921516,0.149597,-0.141724,0.681458,-0.702271,-0.2768,156.2184,0
5.8000,921526,0.149109,-0.141418,0.681885,-0.701965,-0.2755,156.2817,0
5.8100,921536,0.148926,-0.141296,0.681946,-0.701965,-0.2721,156.3069,0
5.8200,921546,0.148743,-0.141174,0.682007,-0.702026,-0.2676,156.3350,0
5.8300,921556,0.148560,-0.141052,0.681946,-0.702087,-0.2611,156.3573,0
5.8400,921566,0.148376,-0.141052,0.681946,-0.702148,-0.2458,156.3738,0
5.8500,921576,0.148193,-0.140991,0.682068,-0.702087,-0.2395,156.3945,0
5.8600,921586,0.148071,-0.140930,0.682251,-0.701965,-0.2399,156.4107,0
5.8700,921596,0.148010,-0.140869,0.682312,-0.701965,-0.2411,156.4224,0
5.8800,921606,0.148010,-0.140747,0.682251,-0.701965,-0.2499,156.4283,0
5.8900,921616,0.148132,-0.140625,0.682129,-0.702087,-0.2652,156.4281,0
5.9000,921626,0.148193,-0.140503,0.682007,-0.702271,-0.2748,156.4355,0
5.9100,921636,0.148254,-0.140381,0.681946,-0.702332,-0.2873,156.4398,0
5.9200,921646,0.148193,-0.140320,0.681946,-0.702332,-0.2875,156.4487,0
5.9300,921656,0.148193,-0.140320,0.681946,-0.702332,-0.2875,156.4487,0
5.9400,921666,0.148193,-0.140320,0.681946,-0.702393,-0.2865,156.4517,0
5.9500,921676,0.148193,-0.140320,0.681824,-0.702454,-0.2835,156.4488,0
5.9600,921686,0.148254,-0.140320,0.681763,-0.702515,-0.2862,156.4444,0
5.9700,921696,0.148254,-0.140320,0.681702,-0.702576,-0.2842,156.4444,0
5.9800,921706,0.148254,-0.140320,0.681702,-0.702576,-0.2842,156.4444,0
5.9900,921716,0.148254,-0.140320,0.681702,-0.702576,-0.2842,156.4444,0
6.0000,921726,0.148254,-0.140320,0.681702,-0.702576,-0.2842,156.4444,0
6.0100,921736,0.148254,-0.140320,0.681702,-0.702576,-0.2842,156.4444,0
6.0200,921746,0.148315,-0.140259,0.681641,-0.702637,-0.2918,156.4444,0
6.0300,921756,0.148315,-0.140137,0.681641,-0.702637,-0.3017,156.4531,0
6.0400,921766,0.148315,-0.140015,0.681702,-0.702637,-0.3125,156.4648,0
6.0500,921776,0.148193,-0.139893,0.681763,-0.702637,-0.3139,156.4854,0
6.0600,921786,0.147949,-0.139832,0.681763,-0.702698,-0.2987,156.5108,0
6.0700,921796,0.147827,-0.139832,0.681641,-0.702820,-0.2852,156.5199,0
6.0800,921806,0.147705,-0.139832,0.681458,-0.703003,-0.2696,156.5292,0
6.0900,921816,0.147644,-0.139832,0.681335,-0.703186,-0.2598,156.5368,0
6.1000,921826,0.147583,-0.139832,0.681213,-0.703247,-0.2520,156.5385,0
6.1100,921836,0.147522,-0.139832,0.681213,-0.703308,-0.2463,156.5460,0
6.1200,921846,0.147583,-0.139832,0.681152,-0.703308,-0.2500,156.5385,0
6.1300,921856,0.147583,-0.139832,0.681152,-0.703369,-0.2490,156.5415,0
6.1400,921866,0.147644,-0.139771,0.681091,-0.703430,-0.2567,156.5414,0
6.1500,921876,0.147644,-0.139709,0.681030,-0.703491,-0.2596,156.5459,0
6.1600,921886,0.147705,-0.139771,0.680969,-0.703552,-0.2575,156.5371,0
6.1700,921896,0.147766,-0.139771,0.680847,-0.703613,-0.2592,156.5297,0
6.1800,921906,0.147888,-0.139771,0.680664,-0.703796,-0.2627,156.5210,0
6.1900,921916,0.148010,-0.139832,0.680420,-0.703979,-0.2602,156.5049,0
6.2000,921926,0.148193,-0.139893,0.680237,-0.704102,-0.2645,156.4842,0
6.2100,921936,0.148376,-0.139893,0.680115,-0.704163,-0.2757,156.4679,0
6.2200,921946,0.148560,-0.139893,0.680115,-0.704102,-0.2909,156.4513,0
6.2300,921956,0.148743,-0.139893,0.680237,-0.703979,-0.3093,156.4377,0
6.2400,921966,0.148926,-0.139893,0.680298,-0.703857,-0.3265,156.4211,0
6.2500,921976,0.149109,-0.139893,0.680359,-0.703796,-0.3428,156.4074,0
6.2600,921986,0.149231,-0.139893,0.680359,-0.703735,-0.3533,156.3954,0
6.2700,921996,0.149414,-0.139893,0.680298,-0.703735,-0.3665,156.3790,0
6.2800,922006,0.149475,-0.139832,0.680298,-0.703735,-0.3762,156.3788,0
6.2900,922016,0.149475,-0.139832,0.680359,-0.703735,-0.3773,156.3818,0
6.3000,922026,0.149414,-0.139771,0.680359,-0.703735,-0.3774,156.3906,0
6.3100,922036,0.149353,-0.139648,0.680298,-0.703857,-0.3795,156.4069,0
6.3200,922046,0.149414,-0.139648,0.680237,-0.703918,-0.3823,156.4025,0
6.3300,922056,0.149353,-0.139648,0.680115,-0.703979,-0.3744,156.4041,0
6.3400,922066,0.149292,-0.139648,0.680115,-0.704041,-0.3687,156.4116,0
6.3500,922076,0.149170,-0.139587,0.680115,-0.704041,-0.3641,156.4250,0
6.3600,922086,0.149048,-0.139526,0.680237,-0.703979,-0.3626,156.4413,0
6.3700,922096,0.148987,-0.139343,0.680359,-0.703918,-0.3757,156.4617,0
6.3800,922106,0.148987,-0.139160,0.680481,-0.703857,-0.3935,156.4776,0
6.3900,922116,0.148987,-0.139038,0.680481,-0.703857,-0.4033,156.4863,0
6.4000,922126,0.149109,-0.138916,0.680481,-0.703796,-0.4237,156.4831,0
6.4100,922136,0.149231,-0.138916,0.680542,-0.703796,-0.4342,156.4769,0
6.4200,922146,0.149353,-0.138977,0.680481,-0.703796,-0.4378,156.4606,0
6.4300,922156,0.149414,-0.139038,0.680481,-0.703735,-0.4386,156.4488,0
6.4400,922166,0.149536,-0.139099,0.680481,-0.703735,-0.4432,156.4354,0
6.4500,922176,0.149536,-0.139160,0.680420,-0.703796,-0.4362,156.4311,0
6.4600,922186,0.149597,-0.139099,0.680420,-0.703735,-0.4469,156.4280,0
6.4700,922196,0.149658,-0.138977,0.680481,-0.703735,-0.4626,156.4351,0
6.4800,922206,0.149597,-0.138855,0.680664,-0.703613,-0.4727,156.4511,0
6.4900,922216,0.149536,-0.138672,0.680786,-0.703552,-0.4858,156.4716,0
6.5000,922226,0.149414,-0.138550,0.680786,-0.703552,-0.4861,156.4894,0
6.5100,922236,0.149292,-0.138550,0.680786,-0.703552,-0.4766,156.4984,0
6.5200,922246,0.149109,-0.138550,0.680847,-0.703552,-0.4633,156.5148,0
6.5300,922256,0.148865,-0.138611,0.680908,-0.703552,-0.4404,156.5314,0
6.5400,922266,0.148682,-0.138611,0.680969,-0.703491,-0.4281,156.5449,0
6.5500,922276,0.148621,-0.138550,0.681030,-0.703552,-0.4284,156.5597,0
6.5600,922286,0.148621,-0.138245,0.680969,-0.703613,-0.4510,156.5816,0
6.5700,922296,0.148743,-0.138184,0.680908,-0.703674,-0.4634,156.5770,0
6.5800,922306,0.148804,-0.138123,0.680847,-0.703735,-0.4711,156.5769,0
6.5900,922316,0.148865,-0.138062,0.680847,-0.703735,-0.4808,156.5767,0
6.6000,922326,0.148865,-0.138062,0.680847,-0.703735,-0.4808,156.5767,0
6.6100,922336,0.148865,-0.138062,0.680908,-0.703674,-0.4828,156.5767,0
6.6200,922346,0.148804,-0.138123,0.681030,-0.703552,-0.4771,156.5767,0
6.6300,922356,0.148804,-0.138123,0.681030,-0.703552,-0.4771,156.5767,0
6.6400,922366,0.148804,-0.138123,0.681030,-0.703552,-0.4771,156.5767,0
6.6500,922376,0.148804,-0.138123,0.680969,-0.703552,-0.4761,156.5738,0
6.6600,922386,0.148804,-0.138062,0.680969,-0.703613,-0.4800,156.5811,0
6.6700,922396,0.148804,-0.138062,0.680969,-0.703613,-0.4800,156.5811,0
6.6800,922406,0.148743,-0.138000,0.680969,-0.703674,-0.4792,156.5930,0
6.6900,922416,0.148682,-0.137939,0.680969,-0.703674,-0.4794,156.6019,0
6.7000,922426,0.148682,-0.137939,0.680969,-0.703674,-0.4794,156.6019,0
6.7100,922436,0.148743,-0.137878,0.680969,-0.703674,-0.4890,156.6017,0
6.7200,922446,0.148804,-0.137817,0.680969,-0.703674,-0.4987,156.6016,0
6.7300,922456,0.148865,-0.137756,0.680969,-0.703674,-0.5084,156.6014,0
6.7400,922466,0.148926,-0.137695,0.681030,-0.703552,-0.5211,156.5983,0
6.7500,922476,0.148987,-0.137634,0.681152,-0.703491,-0.5338,156.6010,0
6.7600,922486,0.148987,-0.137634,0.681274,-0.703369,-0.5378,156.6009,0
6.7700,922496,0.148987,-0.137634,0.681396,-0.703247,-0.5418,156.6008,0
6.7800,922506,0.148926,-0.137695,0.681580,-0.703064,-0.5381,156.6008,0
6.7900,922516,0.148865,-0.137695,0.681946,-0.702759,-0.5444,156.6080,0
6.8000,922526,0.148682,-0.137756,0.682373,-0.702332,-0.5392,156.6168,0
6.8100,922536,0.148560,-0.137756,0.682800,-0.701965,-0.5428,156.6285,0
6.8200,922546,0.148499,-0.137756,0.683167,-0.701660,-0.5490,156.6357,0
6.8300,922556,0.148560,-0.137634,0.682983,-0.701782,-0.5586,156.6372,0
6.8400,922566,0.148743,-0.137512,0.682800,-0.701965,-0.5767,156.6325,0
6.8500,922576,0.148865,-0.137329,0.682739,-0.702026,-0.5990,156.6367,0
6.8600,922586,0.148987,-0.137268,0.682739,-0.702026,-0.6135,156.6320,0
6.8700,922596,0.149048,-0.137207,0.682739,-0.702026,-0.6231,156.6319,0
6.8800,922606,0.149109,-0.137146,0.682861,-0.701904,-0.6368,156.6317,0
6.8900,922616,0.149170,-0.137207,0.682922,-0.701843,-0.6387,156.6228,0
6.9000,922626,0.149231,-0.137268,0.682861,-0.701843,-0.6375,156.6110,0
6.9100,922636,0.149353,-0.137329,0.682800,-0.701843,-0.6411,156.5947,0
6.9200,922646,0.149475,-0.137451,0.682678,-0.701904,-0.6378,156.5741,0
6.9300,922656,0.149597,-0.137573,0.682617,-0.701904,-0.6365,156.5534,0
6.9400,922666,0.149719,-0.137695,0.682617,-0.701904,-0.6362,156.5356,0
6.9500,922676,0.149841,-0.137695,0.682678,-0.701782,-0.6487,156.5236,0
6.9600,922686,0.149902,-0.137634,0.682861,-0.701660,-0.6635,156.5264,0
6.9700,922696,0.150024,-0.137512,0.682983,-0.701538,-0.6869,156.5261,0
6.9800,922706,0.150208,-0.137390,0.683044,-0.701477,-0.7131,156.5213,0
6.9900,922716,0.150330,-0.137207,0.683044,-0.701477,-0.7373,156.5255,0
7.0000,922726,0.150513,-0.137024,0.682922,-0.701538,-0.7633,156.5222,0
7.0100,922736,0.150635,-0.136902,0.682739,-0.701721,-0.7766,156.5220,0
7.0200,922746,0.150757,-0.136841,0.682556,-0.701904,-0.7851,156.5174,0
7.0300,922756,0.150757,-0.136780,0.682312,-0.702087,-0.7829,156.5190,0
7.0400,922766,0.150696,-0.136780,0.682251,-0.702271,-0.7742,156.5294,0
7.0500,922776,0.150574,-0.136780,0.682251,-0.702271,-0.7647,156.5384,0
7.0600,922786,0.150391,-0.136719,0.682373,-0.702148,-0.7593,156.5562,0
7.0700,922796,0.150208,-0.136658,0.682739,-0.701843,-0.7609,156.5769,0
7.0800,922806,0.150085,-0.136658,0.682861,-0.701782,-0.7544,156.5889,0
7.0900,922816,0.150085,-0.136536,0.682922,-0.701721,-0.7663,156.5976,0
7.1000,922826,0.150146,-0.136414,0.682983,-0.701721,-0.7819,156.6048,0
7.1100,922836,0.150208,-0.136353,0.682922,-0.701782,-0.7896,156.6047,0
7.1200,922846,0.150269,-0.136230,0.682861,-0.701843,-0.8022,156.6090,0
7.1300,922856,0.150330,-0.136047,0.682800,-0.701904,-0.8197,156.6176,0
7.1400,922866,0.150330,-0.135925,0.682861,-0.701904,-0.8306,156.6293,0
7.1500,922876,0.150208,-0.135742,0.682922,-0.701843,-0.8377,156.6515,0
7.1600,922886,0.150085,-0.135681,0.683044,-0.701782,-0.8361,156.6678,0
7.1700,922896,0.150024,-0.135559,0.683044,-0.701843,-0.8402,156.6840,0
7.1800,922906,0.149902,-0.135559,0.682983,-0.701904,-0.8287,156.6930,0
7.1900,922916,0.149963,-0.135498,0.682861,-0.702026,-0.8344,156.6929,0
7.2000,922926,0.149902,-0.135498,0.682800,-0.702087,-0.8276,156.6974,0
7.2100,922936,0.149902,-0.135559,0.682800,-0.702148,-0.8217,156.6960,0
7.2200,922946,0.150024,-0.135559,0.682800,-0.702087,-0.8322,156.6840,0
7.2300,922956,0.150208,-0.135559,0.682861,-0.701965,-0.8495,156.6676,0
7.2400,922966,0.150391,-0.135620,0.682861,-0.701904,-0.8599,156.6467,0
7.2500,922976,0.150635,-0.135620,0.682861,-0.701843,-0.8799,156.6258,0
7.2600,922986,0.150940,-0.135620,0.682739,-0.701904,-0.9008,156.6003,0
7.2700,922996,0.151184,-0.135681,0.682617,-0.701965,-0.9119,156.5750,0
7.2800,923006,0.151306,-0.135742,0.682617,-0.701904,-0.9175,156.5587,0
7.2900,923016,0.151367,-0.135803,0.682617,-0.701904,-0.9173,156.5498,0
7.3000,923026,0.151306,-0.135864,0.682678,-0.701843,-0.9097,156.5499,0
7.3100,923036,0.151184,-0.135925,0.682739,-0.701782,-0.8972,156.5545,0
7.3200,923046,0.150940,-0.135803,0.682739,-0.701904,-0.8860,156.5872,0
7.3300,923056,0.150818,-0.135742,0.682739,-0.701904,-0.8814,156.6006,0
7.3400,923066,0.150757,-0.135559,0.682800,-0.701904,-0.8924,156.6211,0
7.3500,923076,0.150696,-0.135437,0.682861,-0.701904,-0.8985,156.6373,0
7.3600,923086,0.150696,-0.135254,0.682861,-0.701904,-0.9132,156.6505,0
7.3700,923096,0.150818,-0.135132,0.682861,-0.701904,-0.9326,156.6503,0
7.3800,923106,0.150940,-0.135071,0.682739,-0.702026,-0.9431,156.6456,0
7.3900,923116,0.151184,-0.135071,0.682617,-0.702087,-0.9591,156.6247,0
7.4000,923126,0.151306,-0.135193,0.682556,-0.702087,-0.9578,156.6040,0
7.4100,923136,0.151489,-0.135254,0.682617,-0.702026,-0.9692,156.5861,0
7.4200,923146,0.151611,-0.135376,0.682678,-0.701843,-0.9728,156.5624,0
7.4300,923156,0.151733,-0.135437,0.682800,-0.701721,-0.9815,156.5490,0
7.4400,923166,0.151794,-0.135437,0.682861,-0.701660,-0.9883,156.5445,0
7.4500,923176,0.151855,-0.135437,0.682861,-0.701660,-0.9930,156.5400,0
7.4600,923186,0.151917,-0.135376,0.682861,-0.701599,-1.0037,156.5370,0
7.4700,923196,0.151917,-0.135193,0.682922,-0.701599,-1.0195,156.5531,0
7.4800,923206,0.151917,-0.135071,0.683044,-0.701538,-1.0323,156.5648,0
7.4900,923216,0.151917,-0.134888,0.683167,-0.701416,-1.0511,156.5779,0
7.5000,923226,0.151917,-0.134766,0.683228,-0.701416,-1.0620,156.5896,0
7.5100,923236,0.151917,-0.134766,0.683167,-0.701477,-1.0599,156.5896,0
7.5200,923246,0.151917,-0.134766,0.683044,-0.701599,-1.0559,156.5896,0
7.5300,923256,0.151978,-0.134705,0.682922,-0.701721,-1.0616,156.5895,0
7.5400,923266,0.151978,-0.134705,0.682800,-0.701782,-1.0585,156.5865,0
7.5500,923276,0.151978,-0.134705,0.682800,-0.701782,-1.0585,156.5865,0
7.5600,923286,0.151978,-0.134644,0.682861,-0.701782,-1.0645,156.5939,0
7.5700,923296,0.151978,-0.134460,0.682983,-0.701660,-1.0833,156.6070,0
7.5800,923306,0.152222,-0.134277,0.683044,-0.701599,-1.1191,156.6022,0
7.5900,923316,0.152344,-0.134155,0.683105,-0.701599,-1.1395,156.6049,0
7.6000,923326,0.152405,-0.134094,0.683105,-0.701538,-1.1502,156.6018,0
7.6100,923336,0.152527,-0.134033,0.683105,-0.701538,-1.1646,156.5972,0
7.6200,923346,0.152710,-0.134033,0.683105,-0.701538,-1.1790,156.5837,0
7.6300,923356,0.152832,-0.134033,0.683105,-0.701477,-1.1895,156.5718,0
7.6400,923366,0.152893,-0.134033,0.683105,-0.701416,-1.1952,156.5643,0
7.6500,923376,0.152954,-0.134094,0.683105,-0.701416,-1.1950,156.5555,0
7.6600,923386,0.152954,-0.134094,0.683044,-0.701477,-1.1930,156.5554,0
7.6700,923396,0.152954,-0.134094,0.682983,-0.701538,-1.1910,156.5554,0
7.6800,923406,0.152954,-0.134033,0.682983,-0.701599,-1.1950,156.5627,0
7.6900,923416,0.152832,-0.133972,0.682983,-0.701599,-1.1903,156.5761,0
7.7000,923426,0.152710,-0.133911,0.682983,-0.701599,-1.1857,156.5895,0
7.7100,923436,0.152527,-0.133850,0.682983,-0.701660,-1.1753,156.6103,0
7.7200,923446,0.152344,-0.133850,0.683044,-0.701660,-1.1621,156.6268,0
7.7300,923456,0.152222,-0.133789,0.682983,-0.701782,-1.1545,156.6431,0
7.7400,923466,0.152100,-0.133850,0.682922,-0.701843,-1.1380,156.6477,0
7.7500,923476,0.151978,-0.133911,0.682983,-0.701782,-1.1256,156.6523,0
7.7600,923486,0.151917,-0.133972,0.682983,-0.701782,-1.1159,156.6525,0
7.7700,923496,0.151917,-0.134033,0.682983,-0.701782,-1.1110,156.6481,0
7.7800,923506,0.151978,-0.134033,0.682983,-0.701782,-1.1157,156.6436,0
7.7900,923516,0.151978,-0.134094,0.682922,-0.701782,-1.1098,156.6362,0
7.8000,923526,0.152039,-0.134155,0.682922,-0.701782,-1.1096,156.6273,0
7.8100,923536,0.152100,-0.134216,0.682922,-0.701782,-1.1095,156.6185,0
7.8200,923546,0.152100,-0.134216,0.682922,-0.701721,-1.1104,156.6155,0
7.8300,923556,0.152100,-0.134155,0.682983,-0.701721,-1.1164,156.6229,0
7.8400,923566,0.152100,-0.134155,0.682983,-0.701721,-1.1164,156.6229,0
7.8500,923576,0.152100,-0.134216,0.682922,-0.701721,-1.1104,156.6155,0
7.8600,923586,0.151978,-0.134277,0.682922,-0.701782,-1.0950,156.6231,0
7.8700,923596,0.151917,-0.134399,0.682861,-0.701843,-1.0784,156.6188,0
7.8800,923606,0.151794,-0.134521,0.682861,-0.701843,-1.0591,156.6191,0
7.8900,923616,0.151733,-0.134644,0.682800,-0.701843,-1.0434,156.6119,0
7.9000,923626,0.151794,-0.134705,0.682678,-0.701965,-1.0393,156.6030,0
7.9100,923636,0.151917,-0.134766,0.682556,-0.702087,-1.0399,156.5896,0
7.9200,923646,0.152039,-0.134766,0.682434,-0.702148,-1.0464,156.5776,0
7.9300,923656,0.152283,-0.134766,0.682373,-0.702148,-1.0644,156.5567,0
7.9400,923666,0.152466,-0.134705,0.682373,-0.702148,-1.0836,156.5475,0
7.9500,923676,0.152710,-0.134583,0.682373,-0.702087,-1.1135,156.5353,0
7.9600,923686,0.152893,-0.134460,0.682434,-0.702026,-1.1396,156.5306,0
7.9700,923696,0.153076,-0.134399,0.682373,-0.702026,-1.1578,156.5185,0
7.9800,923706,0.153198,-0.134338,0.682312,-0.702087,-1.1703,156.5139,0
7.9900,923716,0.153259,-0.134338,0.682251,-0.702148,-1.1730,156.5094,0
8.0000,923726,0.153320,-0.134399,0.682251,-0.702087,-1.1738,156.4975,0
8.0100,923736,0.153320,-0.134399,0.682251,-0.702087,-1.1738,156.4975,0
8.0200,923746,0.153320,-0.134399,0.682312,-0.702026,-1.1758,156.4976,0
8.0300,923756,0.153259,-0.134399,0.682312,-0.702026,-1.1711,156.5021,0
8.0400,923766,0.153137,-0.134338,0.682373,-0.702087,-1.1666,156.5213,0
8.0500,923776,0.153076,-0.134216,0.682312,-0.702148,-1.1696,156.5346,0
8.0600,923786,0.152954,-0.134094,0.682373,-0.702148,-1.1709,156.5553,0
8.0700,923796,0.152832,-0.134033,0.682373,-0.702148,-1.1663,156.5687,0
8.0800,923806,0.152771,-0.133972,0.682373,-0.702148,-1.1664,156.5776,0
8.0900,923816,0.152832,-0.133789,0.682251,-0.702332,-1.1810,156.5891,0
8.1000,923826,0.152832,-0.133667,0.682251,-0.702332,-1.1908,156.5979,0
8.1100,923836,0.152893,-0.133545,0.682312,-0.702271,-1.2074,156.6021,0
8.1200,923846,0.152954,-0.133484,0.682434,-0.702209,-1.2202,156.6049,0
8.1300,923856,0.153137,-0.133362,0.682495,-0.702148,-1.2464,156.6002,0
8.1400,923866,0.153259,-0.133179,0.682495,-0.702148,-1.2706,156.6043,0
8.1500,923876,0.153442,-0.133118,0.682373,-0.702209,-1.2868,156.5922,0
8.1600,923886,0.153625,-0.133057,0.682312,-0.702271,-1.3040,156.5831,0
8.1700,923896,0.153809,-0.133057,0.682190,-0.702332,-1.3153,156.5666,0
8.1800,923906,0.153992,-0.133118,0.682190,-0.702271,-1.3256,156.5457,0
8.1900,923916,0.153992,-0.133179,0.682129,-0.702271,-1.3196,156.5384,0
8.2000,923926,0.154053,-0.133240,0.682190,-0.702271,-1.3205,156.5325,0
8.2100,923936,0.154114,-0.133301,0.682190,-0.702209,-1.3213,156.5207,0
8.2200,923946,0.154175,-0.133362,0.682251,-0.702087,-1.3241,156.5089,0
8.2300,923956,0.154236,-0.133484,0.682373,-0.701965,-1.3231,156.4957,0
8.2400,923966,0.154358,-0.133545,0.682373,-0.701904,-1.3287,156.4794,0
8.2500,923976,0.154480,-0.133606,0.682373,-0.701904,-1.3333,156.4660,0
8.2600,923986,0.154663,-0.133606,0.682373,-0.701843,-1.3486,156.4496,0
8.2700,923996,0.154785,-0.133606,0.682312,-0.701904,-1.3561,156.4405,0
8.2800,924006,0.154968,-0.133606,0.682190,-0.701965,-1.3673,156.4240,0
8.2900,924016,0.155029,-0.133667,0.682129,-0.702026,-1.3652,156.4151,0
8.3000,924026,0.154968,-0.133667,0.682129,-0.702026,-1.3604,156.4196,0
8.3100,924036,0.154968,-0.133667,0.682129,-0.702026,-1.3604,156.4196,0
8.3200,924046,0.154968,-0.133667,0.682129,-0.702026,-1.3604,156.4196,0
8.3300,924056,0.154968,-0.133667,0.682129,-0.701965,-1.3613,156.4167,0
8.3400,924066,0.155029,-0.133606,0.682007,-0.702087,-1.3670,156.4165,0
8.3500,924076,0.155090,-0.133606,0.681946,-0.702148,-1.3697,156.4120,0
8.3600,924086,0.155090,-0.133606,0.681946,-0.702148,-1.3697,156.4120,0
8.3700,924096,0.155212,-0.133728,0.681946,-0.702148,-1.3694,156.3942,0
8.3800,924106,0.155273,-0.133789,0.681885,-0.702148,-1.3682,156.3824,0
8.3900,924116,0.155334,-0.133911,0.681885,-0.702148,-1.3632,156.3692,0
8.4000,924126,0.155457,-0.133972,0.681885,-0.702087,-1.3687,156.3528,0
8.4100,924136,0.155518,-0.134033,0.681824,-0.702087,-1.3675,156.3410,0
8.4200,924146,0.155579,-0.134094,0.681824,-0.702087,-1.3674,156.3321,0
8.4300,924156,0.155640,-0.134155,0.681824,-0.702087,-1.3672,156.3233,0
8.4400,924166,0.155640,-0.134277,0.681824,-0.702026,-1.3583,156.3116,0
8.4500,924176,0.155579,-0.134277,0.681885,-0.701965,-1.3556,156.3161,0
8.4600,924186,0.155579,-0.134277,0.681885,-0.701965,-1.3556,156.3161,0
8.4700,924196,0.155579,-0.134216,0.681885,-0.701965,-1.3605,156.3205,0
8.4800,924206,0.155579,-0.134094,0.681946,-0.701965,-1.3714,156.3322,0
8.4900,924216,0.155701,-0.134033,0.681885,-0.702026,-1.3838,156.3275,0
8.5000,924226,0.155762,-0.133850,0.681885,-0.702087,-1.4024,156.3391,0
8.5100,924236,0.155762,-0.133667,0.681824,-0.702087,-1.4161,156.3492,0
8.5200,924246,0.155823,-0.133545,0.681885,-0.702087,-1.4317,156.3564,0
8.5300,924256,0.155884,-0.133423,0.681885,-0.702087,-1.4463,156.3607,0
8.5400,924266,0.155945,-0.133362,0.681946,-0.702087,-1.4571,156.3635,0
8.5500,924276,0.155945,-0.133301,0.681946,-0.702026,-1.4629,156.3650,0
8.5600,924286,0.156006,-0.133362,0.681885,-0.702087,-1.4608,156.3560,0
8.5700,924296,0.156067,-0.133423,0.681885,-0.702087,-1.4606,156.3472,0
8.5800,924306,0.156006,-0.133423,0.681885,-0.702026,-1.4568,156.3487,0
8.5900,924316,0.156006,-0.133423,0.681946,-0.701965,-1.4588,156.3488,0
8.6000,924326,0.156128,-0.133484,0.682068,-0.701843,-1.4675,156.3355,0
8.6100,924336,0.156250,-0.133423,0.682068,-0.701843,-1.4820,156.3309,0
8.6200,924346,0.156311,-0.133362,0.682068,-0.701843,-1.4917,156.3307,0
8.6300,924356,0.156372,-0.133301,0.682007,-0.701904,-1.4993,156.3306,0
8.6400,924366,0.156494,-0.133240,0.681946,-0.701965,-1.5117,156.3259,0
8.6500,924376,0.156494,-0.133118,0.681885,-0.702026,-1.5195,156.3346,0
8.6600,924386,0.156433,-0.132935,0.681824,-0.702087,-1.5275,156.3522,0
8.6700,924396,0.156433,-0.132874,0.681885,-0.702087,-1.5335,156.3595,0
8.6800,924406,0.156372,-0.132812,0.681946,-0.702026,-1.5356,156.3684,0
8.6900,924416,0.156372,-0.132812,0.682007,-0.701965,-1.5377,156.3685,0
8.7000,924426,0.156372,-0.132874,0.682068,-0.701904,-1.5348,156.3641,0
8.7100,924436,0.156372,-0.132935,0.682129,-0.701843,-1.5319,156.3598,0
8.7200,924446,0.156433,-0.132996,0.682190,-0.701721,-1.5347,156.3480,0
8.7300,924456,0.156555,-0.133118,0.682190,-0.701721,-1.5344,156.3303,0
8.7400,924466,0.156616,-0.133179,0.682129,-0.701721,-1.5332,156.3185,0
8.7500,924476,0.156616,-0.133240,0.682190,-0.701660,-1.5303,156.3141,0
8.7600,924486,0.156677,-0.133301,0.682251,-0.701599,-1.5322,156.3053,0
8.7700,924496,0.156677,-0.133362,0.682312,-0.701538,-1.5293,156.3010,0
8.7800,924506,0.156677,-0.133423,0.682312,-0.701538,-1.5244,156.2966,0
8.7900,924516,0.156677,-0.133423,0.682312,-0.701538,-1.5244,156.2966,0
8.8000,924526,0.156677,-0.133423,0.682312,-0.701538,-1.5244,156.2966,0
8.8100,924536,0.156677,-0.133362,0.682251,-0.701599,-1.5273,156.3009,0
8.8200,924546,0.156616,-0.133301,0.682190,-0.701660,-1.5254,156.3098,0
8.8300,924556,0.156555,-0.133179,0.682190,-0.701721,-1.5295,156.3259,0
8.8400,924566,0.156433,-0.133118,0.682129,-0.701782,-1.5229,156.3392,0
8.8500,924576,0.156494,-0.132874,0.682190,-0.701782,-1.5484,156.3552,0
8.8600,924586,0.156555,-0.132751,0.682251,-0.701721,-1.5650,156.3595,0
8.8700,924596,0.156738,-0.132690,0.682251,-0.701721,-1.5842,156.3504,0
8.8800,924606,0.156982,-0.132690,0.682190,-0.701660,-1.6031,156.3265,0
8.8900,924616,0.157166,-0.132751,0.682190,-0.701599,-1.6135,156.3057,0
8.9000,924626,0.157471,-0.132874,0.682190,-0.701538,-1.6285,156.2715,0
8.9100,924636,0.157654,-0.132996,0.682190,-0.701477,-1.6339,156.2464,0
8.9200,924646,0.157776,-0.133118,0.682251,-0.701416,-1.6357,156.2287,0
8.9300,924656,0.157898,-0.133240,0.682251,-0.701294,-1.6373,156.2051,0
8.9400,924666,0.157959,-0.133362,0.682312,-0.701233,-1.6343,156.1919,0
8.9500,924676,0.157959,-0.133423,0.682434,-0.701111,-1.6334,156.1877,0
8.9600,924686,0.157959,-0.133423,0.682495,-0.701050,-1.6355,156.1877,0
8.9700,924696,0.157959,-0.133484,0.682556,-0.700989,-1.6326,156.1834,0
8.9800,924706,0.157959,-0.133484,0.682556,-0.700989,-1.6326,156.1834,0
8.9900,924716,0.158081,-0.133545,0.682556,-0.700928,-1.6382,156.1671,0
9.0000,924726,0.158081,-0.133484,0.682556,-0.700928,-1.6431,156.1715,0
9.0100,924736,0.158142,-0.133423,0.682556,-0.700928,-1.6528,156.1713,0
9.0200,924746,0.158203,-0.133423,0.682556,-0.700928,-1.6575,156.1669,0
9.0300,924756,0.158203,-0.133423,0.682556,-0.700928,-1.6575,156.1669,0
9.0400,924766,0.158142,-0.133423,0.682556,-0.700928,-1.6528,156.1713,0
9.0500,924776,0.158142,-0.133423,0.682556,-0.700928,-1.6528,156.1713,0
9.0600,924786,0.158203,-0.133362,0.682556,-0.700928,-1.6624,156.1712,0
9.0700,924796,0.158264,-0.133301,0.682678,-0.700806,-1.6762,156.1712,0
9.0800,924806,0.158325,-0.133240,0.682800,-0.700684,-1.6900,156.1712,0
9.0900,924816,0.158508,-0.133179,0.682861,-0.700562,-1.7122,156.1593,0
9.1000,924826,0.158752,-0.133118,0.682861,-0.700562,-1.7362,156.1457,0
9.1100,924836,0.159180,-0.133057,0.682739,-0.700623,-1.7714,156.1156,0
9.1200,924846,0.159241,-0.133118,0.682678,-0.700623,-1.7701,156.1037,0
9.1300,924856,0.159302,-0.133179,0.682617,-0.700623,-1.7689,156.0919,0
9.1400,924866,0.159241,-0.133179,0.682739,-0.700562,-1.7673,156.0994,0
9.1500,924876,0.159180,-0.133179,0.682861,-0.700439,-1.7666,156.1040,0
9.1600,924886,0.159119,-0.133179,0.682983,-0.700378,-1.7650,156.1116,0
9.1700,924896,0.159119,-0.133179,0.683044,-0.700317,-1.7670,156.1117,0
9.1800,924906,0.159119,-0.133179,0.683044,-0.700317,-1.7670,156.1117,0
9.1900,924916,0.159119,-0.133179,0.682983,-0.700317,-1.7659,156.1087,0
9.2000,924926,0.159119,-0.133179,0.682922,-0.700378,-1.7639,156.1086,0
9.2100,924936,0.159119,-0.133179,0.682861,-0.700500,-1.7609,156.1115,0
9.2200,924946,0.159119,-0.133118,0.682800,-0.700500,-1.7647,156.1128,0
9.2300,924956,0.159119,-0.133118,0.682800,-0.700500,-1.7647,156.1128,0
9.2400,924966,0.159119,-0.133179,0.682922,-0.700439,-1.7629,156.1115,0
9.2500,924976,0.159119,-0.133179,0.682983,-0.700317,-1.7659,156.1087,0
9.2600,924986,0.159119,-0.133179,0.683044,-0.700317,-1.7670,156.1117,0
9.2700,924996,0.159119,-0.133179,0.683044,-0.700256,-1.7680,156.1087,0
9.2800,925006,0.159180,-0.133118,0.682983,-0.700317,-1.7756,156.1086,0
9.2900,925016,0.159241,-0.133057,0.682983,-0.700317,-1.7853,156.1084,0
9.3000,925026,0.159302,-0.132996,0.683044,-0.700256,-1.7970,156.1084,0
9.3100,925036,0.159241,-0.133057,0.683105,-0.700195,-1.7894,156.1086,0
9.3200,925046,0.159241,-0.133057,0.683167,-0.700134,-1.7914,156.1086,0
9.3300,925056,0.159241,-0.133057,0.683167,-0.700134,-1.7914,156.1086,0
9.3400,925066,0.159302,-0.133057,0.683105,-0.700195,-1.7941,156.1041,0
9.3500,925076,0.159363,-0.133118,0.682983,-0.700317,-1.7899,156.0951,0
9.3600,925086,0.159546,-0.133301,0.682922,-0.700256,-1.7894,156.0626,0
9.3700,925096,0.159607,-0.133362,0.682922,-0.700256,-1.7893,156.0537,0
9.3800,925106,0.159729,-0.133362,0.682861,-0.700317,-1.7968,156.0447,0
9.3900,925116,0.159790,-0.133301,0.682800,-0.700378,-1.8044,156.0445,0
9.4000,925126,0.159851,-0.133240,0.682800,-0.700317,-1.8150,156.0415,0
9.4100,925136,0.159912,-0.133179,0.682922,-0.700256,-1.8279,156.0444,0
9.4200,925146,0.159912,-0.133118,0.683044,-0.700073,-1.8378,156.0460,0
9.4300,925156,0.159973,-0.133118,0.683167,-0.699951,-1.8467,156.0417,0
9.4400,925166,0.160034,-0.133179,0.683167,-0.699951,-1.8465,156.0328,0
9.4500,925176,0.160095,-0.133240,0.683044,-0.700012,-1.8433,156.0209,0
9.4600,925186,0.160217,-0.133240,0.682922,-0.700134,-1.8487,156.0118,0
9.4700,925196,0.160278,-0.133301,0.682800,-0.700256,-1.8445,156.0028,0
9.4800,925206,0.160339,-0.133362,0.682739,-0.700317,-1.8423,155.9939,0
9.4900,925216,0.160400,-0.133423,0.682678,-0.700317,-1.8411,155.9820,0
9.5000,925226,0.160400,-0.133484,0.682739,-0.700195,-1.8391,155.9747,0
9.5100,925236,0.160400,-0.133484,0.682861,-0.700073,-1.8433,155.9749,0
9.5200,925246,0.160461,-0.133545,0.682983,-0.700012,-1.8463,155.9692,0
9.5300,925256,0.160522,-0.133545,0.682983,-0.699951,-1.8520,155.9617,0
9.5400,925266,0.160583,-0.133606,0.682922,-0.699951,-1.8508,155.9498,0
9.5500,925276,0.160706,-0.133667,0.682922,-0.699951,-1.8555,155.9365,0
9.5600,925286,0.160706,-0.133850,0.682861,-0.699951,-1.8396,155.9204,0
9.5700,925296,0.160767,-0.133972,0.682861,-0.699951,-1.8346,155.9072,0
9.5800,925306,0.160767,-0.134094,0.682861,-0.699951,-1.8248,155.8985,0
9.5900,925316,0.160828,-0.134094,0.682800,-0.700012,-1.8275,155.8940,0
9.6000,925326,0.160828,-0.134094,0.682739,-0.700012,-1.8264,155.8909,0
9.6100,925336,0.160828,-0.134033,0.682739,-0.700012,-1.8313,155.8953,0
9.6200,925346,0.160889,-0.133972,0.682739,-0.700012,-1.8410,155.8952,0
9.6300,925356,0.160950,-0.134033,0.682739,-0.700012,-1.8409,155.8863,0
9.6400,925366,0.161011,-0.134094,0.682678,-0.700012,-1.8396,155.8744,0
9.6500,925376,0.161072,-0.134094,0.682617,-0.700073,-1.8423,155.8699,0
9.6600,925386,0.161072,-0.134094,0.682556,-0.700134,-1.8403,155.8698,0
9.6700,925396,0.161072,-0.134094,0.682556,-0.700134,-1.8403,155.8698,0
9.6800,925406,0.161072,-0.134094,0.682556,-0.700134,-1.8403,155.8698,0
9.6900,925416,0.161072,-0.134094,0.682556,-0.700134,-1.8403,155.8698,0
9.7000,925426,0.161194,-0.134155,0.682556,-0.700134,-1.8449,155.8565,0
9.7100,925436,0.161377,-0.134155,0.682556,-0.700073,-1.8602,155.8401,0
9.7200,925446,0.161560,-0.134216,0.682495,-0.700073,-1.8685,155.8193,0
9.7300,925456,0.161804,-0.134277,0.682373,-0.700073,-1.8804,155.7910,0
9.7400,925466,0.161987,-0.134338,0.682312,-0.700073,-1.8887,155.7701,0
9.7500,925476,0.162170,-0.134399,0.682312,-0.700073,-1.8981,155.7524,0
9.7600,925486,0.162231,-0.134521,0.682373,-0.699951,-1.8961,155.7363,0
9.7700,925496,0.162231,-0.134644,0.682495,-0.699829,-1.8905,155.7278,0
9.7800,925506,0.162292,-0.134705,0.682617,-0.699707,-1.8945,155.7191,0
9.7900,925516,0.162292,-0.134705,0.682617,-0.699707,-1.8945,155.7191,0
9.8000,925526,0.162292,-0.134705,0.682495,-0.699768,-1.8913,155.7159,0
9.8100,925536,0.162292,-0.134705,0.682373,-0.699890,-1.8872,155.7158,0
9.8200,925546,0.162292,-0.134583,0.682312,-0.700012,-1.8939,155.7274,0
9.8300,925556,0.162231,-0.134521,0.682312,-0.700012,-1.8941,155.7362,0
9.8400,925566,0.162109,-0.134460,0.682373,-0.700012,-1.8905,155.7526,0
9.8500,925576,0.162048,-0.134460,0.682434,-0.699951,-1.8878,155.7571,0
9.8600,925586,0.162048,-0.134460,0.682495,-0.699890,-1.8899,155.7572,0
9.8700,925596,0.162231,-0.134644,0.682373,-0.699951,-1.8863,155.7276,0
9.8800,925606,0.162354,-0.134705,0.682312,-0.699951,-1.8899,155.7112,0
9.8900,925616,0.162476,-0.134827,0.682251,-0.699951,-1.8885,155.6905,0
9.9000,925626,0.162598,-0.134949,0.682190,-0.699951,-1.8871,155.6698,0
9.9100,925636,0.162720,-0.135071,0.682190,-0.699951,-1.8868,155.6522,0
9.9200,925646,0.162781,-0.135071,0.682129,-0.699951,-1.8905,155.6447,0
9.9300,925656,0.162842,-0.135010,0.682190,-0.699951,-1.9013,155.6476,0
9.9400,925666,0.162903,-0.134949,0.682190,-0.699890,-1.9119,155.6445,0
9.9500,925676,0.162964,-0.134888,0.682190,-0.699890,-1.9216,155.6444,0
9.9600,925686,0.163086,-0.134827,0.682190,-0.699890,-1.9360,155.6398,0
9.9700,925696,0.163147,-0.134766,0.682251,-0.699829,-1.9478,155.6398,0
9.9800,925706,0.163208,-0.134705,0.682312,-0.699768,-1.9595,155.6398,0
9.9900,925716,0.163208,-0.134644,0.682312,-0.699768,-1.9644,155.6441,0
10.0000,925726,0.163269,-0.134583,0.682312,-0.699768,-1.9741,155.6440,0
10.0100,925736,0.163330,-0.134583,0.682190,-0.699890,-1.9747,155.6394,0
10.0200,925746,0.163330,-0.134644,0.682068,-0.700012,-1.9656,155.6349,0
10.0300,925756,0.163269,-0.134766,0.682007,-0.700012,-1.9499,155.6276,0
10.0400,925766,0.163147,-0.134888,0.682007,-0.700012,-1.9306,155.6278,0
10.0500,925776,0.163025,-0.135010,0.682068,-0.699951,-1.9133,155.6281,0
10.0600,925786,0.163025,-0.135132,0.682129,-0.699890,-1.9056,155.6195,0
10.0700,925796,0.163025,-0.135193,0.682190,-0.699829,-1.9028,155.6152,0
10.0800,925806,0.163086,-0.135254,0.682129,-0.699829,-1.9015,155.6033,0
10.0900,925816,0.163147,-0.135315,0.682068,-0.699890,-1.8993,155.5944,0
10.1000,925826,0.163269,-0.135315,0.681946,-0.700012,-1.9047,155.5854,0
10.1100,925836,0.163330,-0.135376,0.681824,-0.700073,-1.9013,155.5734,0
10.1200,925846,0.163391,-0.135437,0.681824,-0.700012,-1.9022,155.5616,0
10.1300,925856,0.163513,-0.135620,0.681885,-0.699951,-1.8991,155.5397,0
10.1400,925866,0.163574,-0.135681,0.681885,-0.699890,-1.8999,155.5279,0
10.1500,925876,0.163696,-0.135803,0.681885,-0.699890,-1.8997,155.5103,0
10.1600,925886,0.163818,-0.135925,0.681763,-0.699890,-1.8971,155.4865,0
10.1700,925896,0.163940,-0.135986,0.681702,-0.699951,-1.8997,155.4732,0
10.1800,925906,0.164001,-0.136047,0.681641,-0.700012,-1.8974,155.4643,0
10.1900,925916,0.164062,-0.136108,0.681580,-0.699951,-1.8971,155.4494,0
10.2000,925926,0.164062,-0.136169,0.681580,-0.699951,-1.8922,155.4451,0
10.2100,925936,0.164001,-0.136230,0.681580,-0.700012,-1.8816,155.4482,0
10.2200,925946,0.163940,-0.136292,0.681580,-0.700012,-1.8719,155.4483,0
10.2300,925956,0.163879,-0.136353,0.681580,-0.700012,-1.8623,155.4484,0
10.2400,925966,0.163818,-0.136414,0.681519,-0.700012,-1.8514,155.4455,0
10.2500,925976,0.163818,-0.136475,0.681519,-0.700012,-1.8465,155.4411,0
10.2600,925986,0.163818,-0.136475,0.681519,-0.700012,-1.8465,155.4411,0
10.2700,925996,0.163818,-0.136414,0.681519,-0.700012,-1.8514,155.4455,0
10.2800,926006,0.163940,-0.136353,0.681580,-0.700012,-1.8670,155.4440,0
10.2900,926016,0.164124,-0.136292,0.681580,-0.699951,-1.8872,155.4319,0
10.3000,926026,0.164307,-0.136292,0.681580,-0.699951,-1.9015,155.4186,0
10.3100,926036,0.164490,-0.136230,0.681519,-0.699951,-1.9196,155.4064,0
10.3200,926046,0.164734,-0.136292,0.681396,-0.699951,-1.9314,155.3781,0
10.3300,926056,0.164856,-0.136353,0.681335,-0.700012,-1.9340,155.3648,0
10.3400,926066,0.164917,-0.136475,0.681274,-0.700012,-1.9278,155.3485,0
10.3500,926076,0.164917,-0.136536,0.681274,-0.700012,-1.9229,155.3442,0
10.3600,926086,0.164917,-0.136658,0.681335,-0.699951,-1.9152,155.3356,0
10.3700,926096,0.164856,-0.136719,0.681274,-0.699951,-1.9044,155.3326,0
10.3800,926106,0.164795,-0.136841,0.681213,-0.700073,-1.8867,155.3314,0
10.3900,926116,0.164795,-0.136780,0.681152,-0.700073,-1.8905,155.3326,0
10.4000,926126,0.164795,-0.136780,0.681152,-0.700073,-1.8905,155.3326,0
10.4100,926136,0.164856,-0.136780,0.681152,-0.700073,-1.8952,155.3282,0
10.4200,926146,0.164978,-0.136780,0.681152,-0.700073,-1.9048,155.3192,0
10.4300,926156,0.165100,-0.136719,0.681152,-0.700073,-1.9192,155.3147,0
10.4400,926166,0.165222,-0.136719,0.681091,-0.700073,-1.9276,155.3027,0
10.4500,926176,0.165344,-0.136780,0.681091,-0.700073,-1.9322,155.2894,0
10.4600,926186,0.165466,-0.136902,0.681030,-0.700073,-1.9308,155.2688,0
10.4700,926196,0.165527,-0.136963,0.681030,-0.700012,-1.9316,155.2569,0
10.4800,926206,0.165588,-0.137024,0.681030,-0.700012,-1.9315,155.2482,0
10.4900,926216,0.165588,-0.137024,0.681030,-0.700012,-1.9315,155.2482,0
10.5000,926226,0.165527,-0.137024,0.680969,-0.700073,-1.9246,155.2525,0
10.5100,926236,0.165527,-0.137024,0.680908,-0.700134,-1.9225,155.2525,0
10.5200,926246,0.165466,-0.137085,0.680847,-0.700195,-1.9107,155.2525,0
10.5300,926256,0.165466,-0.137085,0.680847,-0.700195,-1.9107,155.2525,0
10.5400,926266,0.165466,-0.137085,0.680847,-0.700195,-1.9107,155.2525,0
10.5500,926276,0.165466,-0.137085,0.680847,-0.700195,-1.9107,155.2525,0
10.5600,926286,0.165527,-0.137085,0.680786,-0.700256,-1.9134,155.2480,0
10.5700,926296,0.165527,-0.137024,0.680786,-0.700256,-1.9183,155.2523,0
10.5800,926306,0.165649,-0.136963,0.680786,-0.700195,-1.9336,155.2447,0
10.5900,926316,0.165771,-0.136963,0.680786,-0.700195,-1.9432,155.2358,0
10.6000,926326,0.165894,-0.137024,0.680786,-0.700134,-1.9488,155.2195,0
10.6100,926336,0.165955,-0.137085,0.680786,-0.700134,-1.9486,155.2108,0
10.6200,926346,0.166016,-0.137146,0.680786,-0.700073,-1.9495,155.1989,0
10.6300,926356,0.166077,-0.137207,0.680847,-0.700012,-1.9514,155.1902,0
10.6400,926366,0.166138,-0.137512,0.680908,-0.699890,-1.9348,155.1612,0
10.6500,926376,0.166199,-0.137695,0.680908,-0.699829,-1.9258,155.1407,0
10.6600,926386,0.166260,-0.137756,0.680908,-0.699829,-1.9257,155.1319,0
10.6700,926396,0.166382,-0.137817,0.680786,-0.699890,-1.9270,155.1155,0
10.6800,926406,0.166443,-0.137817,0.680664,-0.699951,-1.9285,155.1079,0
10.6900,926416,0.166504,-0.137817,0.680603,-0.700073,-1.9302,155.1064,0
10.7000,926426,0.166565,-0.137817,0.680542,-0.700073,-1.9338,155.0988,0
10.7100,926436,0.166687,-0.137817,0.680542,-0.700073,-1.9433,155.0900,0
10.7200,926446,0.166809,-0.137878,0.680542,-0.700012,-1.9489,155.0737,0
10.7300,926456,0.166992,-0.137939,0.680542,-0.699951,-1.9592,155.0530,0
10.7400,926466,0.167175,-0.138000,0.680420,-0.700012,-1.9653,155.0321,0
10.7500,926476,0.167358,-0.138123,0.680237,-0.700134,-1.9644,155.0069,0
10.7600,926486,0.167480,-0.138245,0.680115,-0.700195,-1.9608,154.9861,0
10.7700,926496,0.167603,-0.138306,0.680115,-0.700195,-1.9654,154.9729,0
10.7800,926506,0.167664,-0.138428,0.680176,-0.700073,-1.9635,154.9569,0
10.7900,926516,0.167664,-0.138489,0.680298,-0.699951,-1.9629,154.9527,0
10.8000,926526,0.167664,-0.138611,0.680237,-0.699951,-1.9519,154.9409,0
10.8100,926536,0.167786,-0.138672,0.680176,-0.700012,-1.9544,154.9277,0
10.8200,926546,0.167847,-0.138672,0.680054,-0.700073,-1.9558,154.9200,0
10.8300,926556,0.167908,-0.138733,0.679932,-0.700134,-1.9523,154.9080,0
10.8400,926566,0.167969,-0.138794,0.679871,-0.700195,-1.9501,154.8992,0
10.8500,926576,0.168091,-0.138855,0.679810,-0.700256,-1.9525,154.8860,0
10.8600,926586,0.168152,-0.138855,0.679749,-0.700317,-1.9551,154.8815,0
10.8700,926596,0.168213,-0.138916,0.679626,-0.700378,-1.9517,154.8695,0
10.8800,926606,0.168213,-0.138916,0.679565,-0.700378,-1.9505,154.8663,0
10.8900,926616,0.168213,-0.138916,0.679749,-0.700256,-1.9560,154.8696,0
10.9000,926626,0.168152,-0.138977,0.679871,-0.700134,-1.9506,154.8699,0
10.9100,926636,0.168091,-0.139099,0.679871,-0.700073,-1.9370,154.8626,0
10.9200,926646,0.168091,-0.139282,0.679871,-0.700134,-1.9213,154.8528,0
10.9300,926656,0.168091,-0.139465,0.679749,-0.700134,-1.9043,154.8335,0
10.9400,926666,0.168091,-0.139587,0.679687,-0.700195,-1.8923,154.8249,0
10.9500,926676,0.168030,-0.139648,0.679687,-0.700195,-1.8827,154.8250,0
10.9600,926686,0.168030,-0.139709,0.679687,-0.700195,-1.8778,154.8207,0
10.9700,926696,0.167908,-0.139648,0.679810,-0.700134,-1.8765,154.8371,0
10.9800,926706,0.167847,-0.139648,0.679932,-0.700073,-1.8751,154.8448,0
10.9900,926716,0.167725,-0.139526,0.679993,-0.700012,-1.8775,154.8623,0
11.0000,926726,0.167664,-0.139465,0.679993,-0.700012,-1.8776,154.8710,0
11.0100,926736,0.167542,-0.139465,0.680054,-0.700012,-1.8693,154.8831,0
11.0200,926746,0.167480,-0.139343,0.679993,-0.700073,-1.8722,154.8961,0
11.0300,926756,0.167419,-0.139343,0.679932,-0.700195,-1.8643,154.9035,0
11.0400,926766,0.167358,-0.139343,0.679810,-0.700256,-1.8562,154.9048,0
11.0500,926776,0.167358,-0.139404,0.679749,-0.700378,-1.8482,154.9035,0
11.0600,926786,0.167297,-0.139404,0.679687,-0.700439,-1.8413,154.9079,0
11.0700,926796,0.167358,-0.139465,0.679687,-0.700378,-1.8421,154.8960,0
11.0800,926806,0.167419,-0.139526,0.679687,-0.700378,-1.8420,154.8873,0
11.0900,926816,0.167419,-0.139526,0.679749,-0.700378,-1.8432,154.8904,0
11.1000,926826,0.167419,-0.139465,0.679810,-0.700256,-1.8512,154.8917,0
11.1100,926836,0.167480,-0.139465,0.679871,-0.700195,-1.8581,154.8873,0
11.1200,926846,0.167542,-0.139404,0.679993,-0.700073,-1.8720,154.8873,0
11.1300,926856,0.167603,-0.139404,0.679993,-0.700073,-1.8768,154.8829,0
11.1400,926866,0.167725,-0.139404,0.679932,-0.700134,-1.8842,154.8739,0
11.1500,926876,0.167847,-0.139587,0.679687,-0.700256,-1.8723,154.8457,0
11.1600,926886,0.167847,-0.139709,0.679626,-0.700317,-1.8604,154.8371,0
11.1700,926896,0.167847,-0.139893,0.679565,-0.700317,-1.8445,154.8210,0
11.1800,926906,0.167847,-0.140015,0.679565,-0.700317,-1.8347,154.8124,0
11.1900,926916,0.167847,-0.140015,0.679687,-0.700195,-1.8390,154.8125,0
11.2000,926926,0.167786,-0.140015,0.679749,-0.700073,-1.8374,154.8139,0
11.2100,926936,0.167786,-0.140076,0.679810,-0.700073,-1.8337,154.8127,0
11.2200,926946,0.167786,-0.140015,0.679749,-0.700073,-1.8374,154.8139,0
11.2300,926956,0.167847,-0.140015,0.679687,-0.700195,-1.8390,154.8125,0
11.2400,926966,0.167786,-0.140015,0.679504,-0.700317,-1.8288,154.8137,0
11.2500,926976,0.167725,-0.140076,0.679443,-0.700378,-1.8170,154.8137,0
11.2600,926986,0.167664,-0.140137,0.679504,-0.700378,-1.8085,154.8170,0
11.2700,926996,0.167664,-0.140198,0.679626,-0.700256,-1.8079,154.8128,0
11.2800,927006,0.167725,-0.140320,0.679687,-0.700134,-1.8060,154.7967,0
11.2900,927016,0.167847,-0.140320,0.679749,-0.700073,-1.8177,154.7879,0
11.3000,927026,0.167969,-0.140381,0.679749,-0.700012,-1.8233,154.7716,0
11.3100,927036,0.168091,-0.140442,0.679626,-0.700073,-1.8245,154.7552,0
11.3200,927046,0.168274,-0.140503,0.679504,-0.700134,-1.8306,154.7344,0
11.3300,927056,0.168396,-0.140625,0.679382,-0.700195,-1.8269,154.7137,0
11.3400,927066,0.168457,-0.140686,0.679321,-0.700256,-1.8246,154.7050,0
11.3500,927076,0.168518,-0.140808,0.679321,-0.700256,-1.8196,154.6919,0
11.3600,927086,0.168518,-0.140930,0.679382,-0.700134,-1.8129,154.6803,0
11.3700,927096,0.168579,-0.141052,0.679443,-0.700012,-1.8110,154.6642,0
11.3800,927106,0.168701,-0.141174,0.679504,-0.699890,-1.8139,154.6437,0
11.3900,927116,0.168823,-0.141357,0.679504,-0.699890,-1.8087,154.6219,0
11.4000,927126,0.169067,-0.141663,0.679260,-0.699951,-1.7975,154.5732,0
11.4100,927136,0.169189,-0.141785,0.679199,-0.700012,-1.7951,154.5557,0
11.4200,927146,0.169250,-0.141846,0.679138,-0.700012,-1.7937,154.5438,0
11.4300,927156,0.169250,-0.141846,0.679138,-0.700012,-1.7937,154.5438,0
11.4400,927166,0.169250,-0.141846,0.679138,-0.700012,-1.7937,154.5438,0
11.4500,927176,0.169250,-0.141846,0.679138,-0.700012,-1.7937,154.5438,0
11.4600,927186,0.169189,-0.141846,0.679077,-0.700073,-1.7868,154.5481,0
11.4700,927196,0.169067,-0.141846,0.679077,-0.700134,-1.7763,154.5601,0
11.4800,927206,0.168884,-0.141907,0.679138,-0.700073,-1.7593,154.5692,0
11.4900,927216,0.168762,-0.141907,0.679199,-0.700073,-1.7510,154.5812,0
11.5000,927226,0.168579,-0.141968,0.679199,-0.700073,-1.7319,154.5902,0
11.5100,927236,0.168518,-0.142029,0.679077,-0.700195,-1.7179,154.5902,0
11.5200,927246,0.168457,-0.142090,0.679016,-0.700256,-1.7060,154.5903,0
11.5300,927256,0.168396,-0.142212,0.679016,-0.700317,-1.6905,154.5893,0
11.5400,927266,0.168335,-0.142212,0.679016,-0.700256,-1.6867,154.5906,0
11.5500,927276,0.168274,-0.142273,0.679138,-0.700134,-1.6814,154.5908,0
11.5600,927286,0.168274,-0.142273,0.679199,-0.700073,-1.6836,154.5908,0
11.5700,927296,0.168335,-0.142334,0.679199,-0.700073,-1.6835,154.5821,0
11.5800,927306,0.168396,-0.142395,0.679199,-0.700073,-1.6833,154.5734,0
11.5900,927316,0.168457,-0.142456,0.679138,-0.700012,-1.6830,154.5583,0
11.6000,927326,0.168518,-0.142517,0.679138,-0.700012,-1.6828,154.5496,0
11.6100,927336,0.168579,-0.142639,0.679199,-0.699951,-1.6800,154.5367,0
11.6200,927346,0.168640,-0.142639,0.679260,-0.699890,-1.6869,154.5323,0
11.6300,927356,0.168640,-0.142700,0.679199,-0.699890,-1.6808,154.5248,0
11.6400,927366,0.168701,-0.142761,0.679138,-0.699951,-1.6785,154.5161,0
11.6500,927376,0.168762,-0.142761,0.679077,-0.700012,-1.6811,154.5116,0
11.6600,927386,0.168884,-0.142822,0.679016,-0.700012,-1.6845,154.4953,0
11.6700,927396,0.168884,-0.142822,0.679016,-0.700012,-1.6845,154.4953,0
11.6800,927406,0.168884,-0.142822,0.679016,-0.700012,-1.6845,154.4953,0
11.6900,927416,0.168884,-0.142822,0.679016,-0.700012,-1.6845,154.4953,0
11.7000,927426,0.168823,-0.142883,0.679016,-0.700012,-1.6748,154.4954,0
11.7100,927436,0.168823,-0.142883,0.679016,-0.700012,-1.6748,154.4954,0
11.7200,927446,0.168823,-0.142883,0.679016,-0.700012,-1.6748,154.4954,0
11.7300,927456,0.168823,-0.142883,0.678955,-0.700073,-1.6727,154.4954,0
11.7400,927466,0.168823,-0.142883,0.678955,-0.700073,-1.6727,154.4954,0
11.7500,927476,0.168762,-0.142944,0.678955,-0.700073,-1.6630,154.4955,0
11.7600,927486,0.168762,-0.142944,0.678955,-0.700073,-1.6630,154.4955,0
11.7700,927496,0.168701,-0.143005,0.678833,-0.700195,-1.6490,154.4956,0
11.7800,927506,0.168701,-0.143005,0.678711,-0.700317,-1.6446,154.4955,0
11.7900,927516,0.168640,-0.143005,0.678589,-0.700439,-1.6355,154.4999,0
11.8000,927526,0.168701,-0.143005,0.678528,-0.700500,-1.6381,154.4954,0
11.8100,927536,0.168701,-0.143005,0.678528,-0.700500,-1.6381,154.4954,0
11.8200,927546,0.168640,-0.143005,0.678589,-0.700439,-1.6355,154.4999,0
11.8300,927556,0.168640,-0.143066,0.678650,-0.700378,-1.6328,154.4956,0
11.8400,927566,0.168640,-0.143066,0.678650,-0.700378,-1.6328,154.4956,0
11.8500,927576,0.168640,-0.143066,0.678650,-0.700378,-1.6328,154.4956,0
11.8600,927586,0.168640,-0.143066,0.678650,-0.700378,-1.6328,154.4956,0
11.8700,927596,0.168579,-0.143188,0.678589,-0.700439,-1.6161,154.4914,0
11.8800,927606,0.168579,-0.143311,0.678467,-0.700500,-1.6029,154.4797,0
11.8900,927616,0.168579,-0.143494,0.678406,-0.700562,-1.5860,154.4668,0
11.9000,927626,0.168518,-0.143677,0.678345,-0.700562,-1.5654,154.4552,0
11.9100,927636,0.168579,-0.143982,0.678284,-0.700562,-1.5445,154.4261,0
11.9200,927646,0.168640,-0.144104,0.678162,-0.700623,-1.5360,154.4100,0
11.9300,927656,0.168701,-0.144226,0.678040,-0.700684,-1.5276,154.3938,0
11.9400,927666,0.168762,-0.144348,0.677917,-0.700806,-1.5182,154.3808,0
11.9500,927676,0.168762,-0.144470,0.677856,-0.700806,-1.5072,154.3690,0
11.9600,927686,0.168701,-0.144653,0.677917,-0.700745,-1.4899,154.3606,0
11.9700,927696,0.168701,-0.144836,0.678040,-0.700623,-1.4796,154.3478,0
11.9800,927706,0.168640,-0.144958,0.678101,-0.700500,-1.4682,154.3405,0
11.9900,927716,0.168640,-0.145081,0.678101,-0.700500,-1.4584,154.3320,0
12.0000,927726,0.168701,-0.145081,0.677979,-0.700562,-1.4598,154.3244,0
12.0100,927736,0.168823,-0.145081,0.677795,-0.700745,-1.4627,154.3155,0
12.0200,927746,0.168823,-0.145081,0.677673,-0.700867,-1.4583,154.3155,0
12.0300,927756,0.168823,-0.145081,0.677673,-0.700867,-1.4583,154.3155,0
12.0400,927766,0.168762,-0.145020,0.677795,-0.700806,-1.4619,154.3274,0
12.0500,927776,0.168701,-0.145020,0.677917,-0.700623,-1.4625,154.3286,0
12.0600,927786,0.168640,-0.145020,0.678101,-0.700500,-1.4633,154.3362,0
12.0700,927796,0.168640,-0.145020,0.678101,-0.700500,-1.4633,154.3362,0
12.0800,927806,0.168640,-0.145020,0.678101,-0.700500,-1.4633,154.3362,0
12.0900,927816,0.168701,-0.145081,0.678101,-0.700500,-1.4632,154.3276,0
12.1000,927826,0.168701,-0.145203,0.678040,-0.700500,-1.4522,154.3158,0
12.1100,927836,0.168701,-0.145325,0.678040,-0.700439,-1.4434,154.3041,0
12.1200,927846,0.168701,-0.145508,0.678101,-0.700439,-1.4299,154.2944,0
12.1300,927856,0.168701,-0.145691,0.678040,-0.700439,-1.4140,154.2784,0
12.1400,927866,0.168640,-0.145813,0.677979,-0.700500,-1.3973,154.2743,0
12.1500,927876,0.168579,-0.145874,0.677917,-0.700562,-1.3854,154.2744,0
12.1600,927886,0.168518,-0.145935,0.677856,-0.700562,-1.3746,154.2714,0
12.1700,927896,0.168335,-0.145874,0.677979,-0.700562,-1.3676,154.2953,0
12.1800,927906,0.168213,-0.145813,0.678101,-0.700500,-1.3664,154.3116,0
12.1900,927916,0.168152,-0.145691,0.678101,-0.700500,-1.3715,154.3246,0
12.2000,927926,0.168213,-0.145569,0.678101,-0.700500,-1.3860,154.3287,0
12.2100,927936,0.168274,-0.145447,0.677979,-0.700623,-1.3962,154.3328,0
12.2200,927946,0.168274,-0.145447,0.677856,-0.700745,-1.3918,154.3328,0
12.2300,927956,0.168335,-0.145386,0.677734,-0.700867,-1.3971,154.3326,0
12.2400,927966,0.168213,-0.145447,0.677734,-0.700867,-1.3827,154.3372,0
12.2500,927976,0.168091,-0.145447,0.677795,-0.700867,-1.3744,154.3492,0
12.2600,927986,0.167908,-0.145447,0.677856,-0.700867,-1.3613,154.3657,0
12.2700,927996,0.167847,-0.145447,0.677856,-0.700867,-1.3566,154.3701,0
12.2800,928006,0.167786,-0.145386,0.677795,-0.700928,-1.3545,154.3788,0
12.2900,928016,0.167725,-0.145325,0.677795,-0.700928,-1.3547,154.3875,0
12.3000,928026,0.167725,-0.145325,0.677856,-0.700867,-1.3569,154.3875,0
12.3100,928036,0.167664,-0.145325,0.677917,-0.700806,-1.3543,154.3919,0
12.3200,928046,0.167664,-0.145325,0.677917,-0.700806,-1.3543,154.3919,0
12.3300,928056,0.167725,-0.145325,0.677917,-0.700867,-1.3581,154.3907,0
12.3400,928066,0.167786,-0.145447,0.677734,-0.700989,-1.3474,154.3745,0
12.3500,928076,0.167847,-0.145508,0.677612,-0.701111,-1.3429,154.3658,0
12.3600,928086,0.167847,-0.145691,0.677490,-0.701172,-1.3248,154.3498,0
12.3700,928096,0.167847,-0.145813,0.677490,-0.701111,-1.3160,154.3381,0
12.3800,928106,0.167847,-0.145935,0.677612,-0.700989,-1.3106,154.3295,0
12.3900,928116,0.167847,-0.145996,0.677734,-0.700867,-1.3101,154.3253,0
12.4000,928126,0.167847,-0.145996,0.677795,-0.700806,-1.3123,154.3253,0
12.4100,928136,0.167908,-0.145996,0.677795,-0.700745,-1.3180,154.3176,0
12.4200,928146,0.168030,-0.145996,0.677612,-0.700928,-1.3209,154.3088,0
12.4300,928156,0.167969,-0.146057,0.677612,-0.700928,-1.3113,154.3090,0
12.4400,928166,0.167908,-0.146118,0.677551,-0.700989,-1.2995,154.3091,0
12.4500,928176,0.167786,-0.146240,0.677551,-0.700989,-1.2802,154.3094,0
12.4600,928186,0.167664,-0.146362,0.677490,-0.701050,-1.2587,154.3097,0
12.4700,928196,0.167542,-0.146484,0.677490,-0.701050,-1.2394,154.3100,0
12.4800,928206,0.167419,-0.146606,0.677490,-0.701111,-1.2191,154.3135,0
12.4900,928216,0.167297,-0.146606,0.677490,-0.701111,-1.2096,154.3223,0
12.5000,928226,0.167175,-0.146606,0.677490,-0.701111,-1.2001,154.3312,0
12.5100,928236,0.167114,-0.146545,0.677490,-0.701172,-1.1993,154.3431,0
12.5200,928246,0.167053,-0.146484,0.677551,-0.701111,-1.2016,154.3517,0
12.5300,928256,0.166992,-0.146423,0.677612,-0.701050,-1.2040,154.3604,0
12.5400,928266,0.166931,-0.146423,0.677673,-0.700989,-1.2014,154.3649,0
12.5500,928276,0.166931,-0.146423,0.677795,-0.700928,-1.2048,154.3680,0
12.5600,928286,0.166931,-0.146545,0.677734,-0.700928,-1.1938,154.3563,0
12.5700,928296,0.167053,-0.146606,0.677612,-0.700989,-1.1950,154.3400,0
12.5800,928306,0.167236,-0.146790,0.677490,-0.701111,-1.1901,154.3139,0
12.5900,928316,0.167358,-0.146912,0.677368,-0.701111,-1.1875,154.2902,0
12.6000,928326,0.167480,-0.147034,0.677368,-0.701111,-1.1871,154.2728,0
12.6100,928336,0.167542,-0.147156,0.677368,-0.701050,-1.1831,154.2567,0
12.6200,928346,0.167603,-0.147217,0.677429,-0.700928,-1.1862,154.2448,0
12.6300,928356,0.167664,-0.147339,0.677490,-0.700867,-1.1833,154.2318,0
12.6400,928366,0.167786,-0.147400,0.677490,-0.700806,-1.1889,154.2155,0
12.6500,928376,0.167786,-0.147461,0.677429,-0.700867,-1.1818,154.2112,0
12.6600,928386,0.167847,-0.147461,0.677368,-0.700867,-1.1854,154.2036,0
12.6700,928396,0.167847,-0.147461,0.677307,-0.700928,-1.1832,154.2036,0
12.6800,928406,0.167725,-0.147583,0.677185,-0.701111,-1.1584,154.2072,0
12.6900,928416,0.167664,-0.147705,0.677063,-0.701172,-1.1405,154.1999,0
12.7000,928426,0.167603,-0.147827,0.677002,-0.701233,-1.1238,154.1958,0
12.7100,928436,0.167480,-0.147888,0.676941,-0.701294,-1.1072,154.2004,0
12.7200,928446,0.167419,-0.148010,0.677002,-0.701233,-1.0948,154.1963,0
12.7300,928456,0.167358,-0.148071,0.677063,-0.701233,-1.0864,154.1996,0
12.7400,928466,0.167358,-0.148071,0.677124,-0.701172,-1.0886,154.1996,0
12.7500,928476,0.167358,-0.148071,0.677185,-0.701050,-1.0918,154.1964,0
12.7600,928486,0.167297,-0.148071,0.677246,-0.701050,-1.0882,154.2040,0
12.7700,928496,0.167236,-0.148010,0.677246,-0.701050,-1.0884,154.2126,0
12.7800,928506,0.167236,-0.148010,0.677246,-0.701050,-1.0884,154.2126,0
12.7900,928516,0.167236,-0.148010,0.677185,-0.701111,-1.0862,154.2127,0
12.8000,928526,0.167297,-0.147949,0.677124,-0.701172,-1.0936,154.2125,0
12.8100,928536,0.167358,-0.148010,0.677002,-0.701233,-1.0901,154.2007,0
12.8200,928546,0.167358,-0.148071,0.677002,-0.701233,-1.0852,154.1964,0
12.8300,928556,0.167236,-0.148193,0.677063,-0.701172,-1.0681,154.1967,0
12.8400,928566,0.167175,-0.148254,0.677124,-0.701111,-1.0607,154.1968,0
12.8500,928576,0.167175,-0.148254,0.677185,-0.701050,-1.0629,154.1968,0
12.8600,928586,0.167114,-0.148193,0.677185,-0.701050,-1.0631,154.2055,0
12.8700,928596,0.167053,-0.148132,0.677185,-0.701111,-1.0622,154.2174,0
12.8800,928606,0.166992,-0.148071,0.677185,-0.701111,-1.0624,154.2261,0
12.8900,928616,0.166931,-0.147949,0.677185,-0.701172,-1.0664,154.2422,0
12.9000,928626,0.166809,-0.148010,0.677185,-0.701172,-1.0520,154.2468,0
12.9100,928636,0.166687,-0.148010,0.677185,-0.701233,-1.0415,154.2588,0
12.9200,928646,0.166565,-0.148010,0.677185,-0.701233,-1.0320,154.2677,0
12.9300,928656,0.166443,-0.148071,0.677124,-0.701294,-1.0154,154.2723,0
12.9400,928666,0.166382,-0.148132,0.677063,-0.701416,-1.0026,154.2757,0
12.9500,928676,0.166321,-0.148193,0.677002,-0.701416,-0.9918,154.2727,0
12.9600,928686,0.166260,-0.148254,0.677002,-0.701477,-0.9811,154.2760,0
12.9700,928696,0.166199,-0.148376,0.677063,-0.701416,-0.9687,154.2719,0
12.9800,928706,0.166077,-0.148499,0.677124,-0.701355,-0.9516,154.2721,0
12.9900,928716,0.166016,-0.148560,0.677124,-0.701294,-0.9430,154.2691,0
13.0000,928726,0.165955,-0.148621,0.677185,-0.701294,-0.9346,154.2724,0
13.0100,928736,0.165955,-0.148621,0.677185,-0.701294,-0.9346,154.2724,0
13.0200,928746,0.165894,-0.148560,0.677185,-0.701294,-0.9347,154.2811,0
13.0300,928756,0.165894,-0.148437,0.677185,-0.701355,-0.9435,154.2928,0
13.0400,928766,0.165894,-0.148315,0.677124,-0.701355,-0.9522,154.2982,0
13.0500,928776,0.165894,-0.148193,0.677185,-0.701355,-0.9631,154.3099,0
13.0600,928786,0.165894,-0.148071,0.677185,-0.701355,-0.9729,154.3185,0
13.0700,928796,0.165894,-0.148071,0.677185,-0.701355,-0.9729,154.3185,0
13.0800,928806,0.165894,-0.148071,0.677185,-0.701355,-0.9729,154.3185,0
13.0900,928816,0.165955,-0.148132,0.677185,-0.701355,-0.9728,154.3098,0
13.1000,928826,0.166016,-0.148193,0.677185,-0.701355,-0.9726,154.3011,0
13.1100,928836,0.166016,-0.148315,0.677124,-0.701355,-0.9616,154.2894,0
13.1200,928846,0.166016,-0.148437,0.677124,-0.701355,-0.9518,154.2808,0
13.1300,928856,0.166016,-0.148621,0.677185,-0.701294,-0.9393,154.2680,0
13.1400,928866,0.165955,-0.148743,0.677246,-0.701233,-0.9270,154.2638,0
13.1500,928876,0.165833,-0.148865,0.677307,-0.701172,-0.9099,154.2641,0
13.1600,928886,0.165833,-0.148926,0.677307,-0.701172,-0.9050,154.2598,0
13.1700,928896,0.165833,-0.148865,0.677246,-0.701172,-0.9087,154.2609,0
13.1800,928906,0.165833,-0.148865,0.677185,-0.701233,-0.9065,154.2610,0
13.1900,928916,0.165833,-0.148865,0.677246,-0.701172,-0.9087,154.2609,0
13.2000,928926,0.165771,-0.148926,0.677307,-0.701111,-0.9013,154.2610,0
13.2100,928936,0.165771,-0.148926,0.677307,-0.701111,-0.9013,154.2610,0
13.2200,928946,0.165833,-0.148865,0.677246,-0.701172,-0.9087,154.2609,0
13.2300,928956,0.165833,-0.148865,0.677124,-0.701294,-0.9043,154.2610,0
13.2400,928966,0.165894,-0.148865,0.677002,-0.701416,-0.9046,154.2567,0
13.2500,928976,0.165894,-0.148865,0.677002,-0.701416,-0.9046,154.2567,0
13.2600,928986,0.165833,-0.148804,0.677124,-0.701355,-0.9082,154.2685,0
13.2700,928996,0.165771,-0.148804,0.677246,-0.701233,-0.9078,154.2728,0
13.2800,929006,0.165710,-0.148804,0.677307,-0.701172,-0.9053,154.2772,0
13.2900,929016,0.165649,-0.148804,0.677307,-0.701172,-0.9006,154.2816,0
13.3000,929026,0.165588,-0.148743,0.677307,-0.701233,-0.8997,154.2935,0
13.3100,929036,0.165588,-0.148682,0.677185,-0.701355,-0.9002,154.2979,0
13.3200,929046,0.165527,-0.148560,0.677124,-0.701477,-0.9020,154.3141,0
13.3300,929056,0.165466,-0.148499,0.677063,-0.701538,-0.9000,154.3228,0
13.3400,929066,0.165405,-0.148376,0.677063,-0.701599,-0.9040,154.3390,0
13.3500,929076,0.165344,-0.148315,0.677063,-0.701599,-0.9042,154.3477,0
13.3600,929086,0.165283,-0.148254,0.677063,-0.701599,-0.9044,154.3564,0
13.3700,929096,0.165283,-0.148254,0.677063,-0.701599,-0.9044,154.3564,0
13.3800,929106,0.165283,-0.148254,0.677063,-0.701599,-0.9044,154.3564,0
13.3900,929116,0.165344,-0.148315,0.677002,-0.701660,-0.9020,154.3477,0
13.4000,929126,0.165466,-0.148376,0.677002,-0.701599,-0.9076,154.3314,0
13.4100,929136,0.165649,-0.148437,0.677002,-0.701599,-0.9169,154.3139,0
13.4200,929146,0.165710,-0.148560,0.677002,-0.701538,-0.9129,154.2977,0
13.4300,929156,0.165771,-0.148621,0.676941,-0.701538,-0.9116,154.2858,0
13.4400,929166,0.165833,-0.148682,0.676941,-0.701538,-0.9114,154.2771,0
13.4500,929176,0.165833,-0.148682,0.676941,-0.701538,-0.9114,154.2771,0
13.4600,929186,0.165771,-0.148560,0.676941,-0.701538,-0.9165,154.2901,0
13.4700,929196,0.165649,-0.148499,0.676941,-0.701599,-0.9109,154.3064,0
13.4800,929206,0.165527,-0.148376,0.677002,-0.701660,-0.9113,154.3302,0
13.4900,929216,0.165466,-0.148254,0.677002,-0.701660,-0.9164,154.3431,0
13.5000,929226,0.165283,-0.148193,0.677002,-0.701721,-0.9061,154.3639,0
13.5100,929236,0.165100,-0.148132,0.677002,-0.701782,-0.8957,154.3846,0
13.5200,929246,0.164917,-0.148071,0.676941,-0.701843,-0.8842,154.4022,0
13.5300,929256,0.164795,-0.148071,0.676941,-0.701904,-0.8737,154.4143,0
13.5400,929266,0.164673,-0.148071,0.676880,-0.701965,-0.8621,154.4232,0
13.5500,929276,0.164612,-0.148132,0.676819,-0.702026,-0.8503,154.4234,0
13.5600,929286,0.164612,-0.148193,0.676758,-0.702087,-0.8432,154.4192,0
13.5700,929296,0.164612,-0.148132,0.676697,-0.702148,-0.8459,154.4235,0
13.5800,929306,0.164612,-0.148132,0.676697,-0.702148,-0.8459,154.4235,0
13.5900,929316,0.164612,-0.148132,0.676697,-0.702148,-0.8459,154.4235,0
13.6000,929326,0.164673,-0.148193,0.676697,-0.702148,-0.8457,154.4148,0
13.6100,929336,0.164673,-0.148254,0.676697,-0.702148,-0.8408,154.4105,0
13.6200,929346,0.164734,-0.148254,0.676636,-0.702209,-0.8433,154.4061,0
13.6300,929356,0.164734,-0.148193,0.676575,-0.702271,-0.8461,154.4105,0
13.6400,929366,0.164734,-0.148193,0.676514,-0.702332,-0.8439,154.4105,0
13.6500,929376,0.164734,-0.148193,0.676453,-0.702393,-0.8417,154.4106,0
13.6600,929386,0.164734,-0.148132,0.676453,-0.702393,-0.8466,154.4148,0
13.6700,929396,0.164673,-0.148132,0.676453,-0.702393,-0.8419,154.4193,0
13.6800,929406,0.164612,-0.148071,0.676453,-0.702393,-0.8420,154.4280,0
13.6900,929416,0.164612,-0.148071,0.676453,-0.702393,-0.8420,154.4280,0
13.7000,929426,0.164612,-0.148071,0.676392,-0.702515,-0.8388,154.4312,0
13.7100,929436,0.164551,-0.148132,0.676270,-0.702576,-0.8258,154.4283,0
13.7200,929446,0.164490,-0.148254,0.676270,-0.702576,-0.8113,154.4242,0
13.7300,929456,0.164429,-0.148315,0.676331,-0.702515,-0.8038,154.4243,0
13.7400,929466,0.164429,-0.148315,0.676392,-0.702454,-0.8060,154.4242,0
13.7500,929476,0.164429,-0.148315,0.676453,-0.702393,-0.8082,154.4242,0
13.7600,929486,0.164429,-0.148315,0.676453,-0.702393,-0.8082,154.4242,0
13.7700,929496,0.164429,-0.148315,0.676453,-0.702454,-0.8072,154.4274,0
13.7800,929506,0.164429,-0.148315,0.676331,-0.702515,-0.8038,154.4243,0
13.7900,929516,0.164490,-0.148315,0.676270,-0.702576,-0.8064,154.4199,0
13.8000,929526,0.164429,-0.148254,0.676208,-0.702637,-0.8044,154.4287,0
13.8100,929536,0.164307,-0.148254,0.676147,-0.702698,-0.7927,154.4376,0
13.8200,929546,0.164185,-0.148315,0.676147,-0.702759,-0.7773,154.4454,0
13.8300,929556,0.164062,-0.148315,0.676147,-0.702759,-0.7678,154.4543,0
13.8400,929566,0.164001,-0.148376,0.676147,-0.702759,-0.7582,154.4545,0
13.8500,929576,0.164001,-0.148376,0.676147,-0.702759,-0.7582,154.4545,0
13.8600,929586,0.164001,-0.148376,0.676147,-0.702759,-0.7582,154.4545,0
13.8700,929596,0.164001,-0.148376,0.676147,-0.702759,-0.7582,154.4545,0
13.8800,929606,0.164062,-0.148315,0.676086,-0.702820,-0.7657,154.4543,0
13.8900,929616,0.164124,-0.148254,0.676086,-0.702881,-0.7743,154.4574,0
13.9000,929626,0.164185,-0.148254,0.676025,-0.702881,-0.7778,154.4498,0
13.9100,929636,0.164307,-0.148254,0.676025,-0.702881,-0.7873,154.4409,0
13.9200,929646,0.164307,-0.148254,0.676025,-0.702881,-0.7873,154.4409,0
13.9300,929656,0.164307,-0.148254,0.676025,-0.702881,-0.7873,154.4409,0
13.9400,929666,0.164246,-0.148254,0.676086,-0.702820,-0.7848,154.4453,0
13.9500,929676,0.164062,-0.148193,0.676147,-0.702820,-0.7766,154.4660,0
13.9600,929686,0.163940,-0.148132,0.676147,-0.702820,-0.7721,154.4792,0
13.9700,929696,0.163818,-0.148071,0.676208,-0.702881,-0.7677,154.4986,0
13.9800,929706,0.163696,-0.148010,0.676147,-0.702942,-0.7609,154.5119,0
13.9900,929716,0.163574,-0.148010,0.676147,-0.702942,-0.7515,154.5207,0
14.0000,929726,0.163452,-0.147949,0.676147,-0.703003,-0.7459,154.5371,0
14.0100,929736,0.163391,-0.147827,0.676086,-0.703064,-0.7488,154.5501,0
14.0200,929746,0.163330,-0.147766,0.676025,-0.703186,-0.7458,154.5621,0
14.0300,929756,0.163269,-0.147644,0.676025,-0.703247,-0.7499,154.5783,0
14.0400,929766,0.163147,-0.147583,0.676086,-0.703247,-0.7465,154.5945,0
14.0500,929776,0.163086,-0.147461,0.676147,-0.703186,-0.7538,154.6075,0
14.0600,929786,0.163086,-0.147339,0.676147,-0.703247,-0.7626,154.6192,0
14.0700,929796,0.163086,-0.147278,0.676147,-0.703186,-0.7685,154.6203,0
14.0800,929806,0.163086,-0.147278,0.676147,-0.703186,-0.7685,154.6203,0
14.0900,929816,0.163147,-0.147339,0.676147,-0.703186,-0.7683,154.6116,0
14.1000,929826,0.163147,-0.147400,0.676086,-0.703247,-0.7612,154.6074,0
14.1100,929836,0.163147,-0.147461,0.676025,-0.703308,-0.7542,154.6032,0
14.1200,929846,0.163086,-0.147461,0.675964,-0.703369,-0.7473,154.6077,0
14.1300,929856,0.163086,-0.147461,0.675903,-0.703430,-0.7451,154.6077,0
14.1400,929866,0.163086,-0.147461,0.675842,-0.703491,-0.7429,154.6078,0
14.1500,929876,0.163025,-0.147400,0.675842,-0.703491,-0.7431,154.6165,0
14.1600,929886,0.163086,-0.147278,0.675903,-0.703491,-0.7588,154.6237,0
14.1700,929896,0.163086,-0.147278,0.675903,-0.703491,-0.7588,154.6237,0
14.1800,929906,0.163147,-0.147217,0.675903,-0.703491,-0.7685,154.6236,0
14.1900,929916,0.163147,-0.147217,0.675903,-0.703491,-0.7685,154.6236,0
14.2000,929926,0.163147,-0.147217,0.675903,-0.703491,-0.7685,154.6236,0
14.2100,929936,0.163147,-0.147217,0.675781,-0.703552,-0.7651,154.6205,0
14.2200,929946,0.163086,-0.147278,0.675781,-0.703613,-0.7545,154.6239,0
14.2300,929956,0.163086,-0.147278,0.675842,-0.703552,-0.7566,154.6238,0
14.2400,929966,0.163086,-0.147339,0.675903,-0.703430,-0.7549,154.6163,0
14.2500,929976,0.163025,-0.147278,0.675964,-0.703430,-0.7563,154.6281,0
14.2600,929986,0.162964,-0.147217,0.675964,-0.703430,-0.7564,154.6368,0
14.2700,929996,0.162903,-0.147156,0.676025,-0.703430,-0.7578,154.6487,0
14.2800,930006,0.162842,-0.147095,0.676025,-0.703430,-0.7580,154.6574,0
14.2900,930016,0.162720,-0.147034,0.676086,-0.703430,-0.7546,154.6737,0
14.3000,930026,0.162659,-0.146973,0.676147,-0.703369,-0.7569,154.6823,0
14.3100,930036,0.162537,-0.146912,0.676270,-0.703308,-0.7557,154.6986,0
14.3200,930046,0.162476,-0.146851,0.676331,-0.703308,-0.7570,154.7104,0
14.3300,930056,0.162415,-0.146790,0.676331,-0.703308,-0.7572,154.7191,0
14.3400,930066,0.162415,-0.146790,0.676331,-0.703308,-0.7572,154.7191,0
14.3500,930076,0.162415,-0.146790,0.676331,-0.703308,-0.7572,154.7191,0
14.3600,930086,0.162415,-0.146790,0.676331,-0.703308,-0.7572,154.7191,0
14.3700,930096,0.162415,-0.146790,0.676331,-0.703308,-0.7572,154.7191,0
14.3800,930106,0.162415,-0.146790,0.676331,-0.703308,-0.7572,154.7191,0
14.3900,930116,0.162415,-0.146790,0.676331,-0.703308,-0.7572,154.7191,0
14.4000,930126,0.162476,-0.146851,0.676331,-0.703308,-0.7570,154.7104,0
14.4100,930136,0.162476,-0.146851,0.676331,-0.703308,-0.7570,154.7104,0
14.4200,930146,0.162476,-0.146851,0.676392,-0.703247,-0.7592,154.7103,0
14.4300,930156,0.162476,-0.146851,0.676453,-0.703186,-0.7613,154.7103,0
14.4400,930166,0.162415,-0.146851,0.676514,-0.703125,-0.7588,154.7147,0
14.4500,930176,0.162415,-0.146912,0.676514,-0.703125,-0.7539,154.7104,0
14.4600,930186,0.162476,-0.146851,0.676636,-0.703003,-0.7678,154.7101,0
14.4700,930196,0.162476,-0.146851,0.676636,-0.703003,-0.7678,154.7101,0
14.4800,930206,0.162476,-0.146851,0.676636,-0.703003,-0.7678,154.7101,0
14.4900,930216,0.162476,-0.146851,0.676636,-0.703003,-0.7678,154.7101,0
14.5000,930226,0.162476,-0.146851,0.676636,-0.703003,-0.7678,154.7101,0
14.5100,930236,0.162476,-0.146851,0.676636,-0.703003,-0.7678,154.7101,0
14.5200,930246,0.162476,-0.146851,0.676636,-0.703003,-0.7678,154.7101,0
14.5300,930256,0.162415,-0.146790,0.676636,-0.703064,-0.7670,154.7220,0
14.5400,930266,0.162354,-0.146729,0.676636,-0.703064,-0.7672,154.7307,0
14.5500,930276,0.162292,-0.146729,0.676636,-0.703064,-0.7624,154.7352,0
14.5600,930286,0.162292,-0.146729,0.676636,-0.703064,-0.7624,154.7352,0
14.5700,930296,0.162292,-0.146729,0.676636,-0.703064,-0.7624,154.7352,0
14.5800,930306,0.162292,-0.146729,0.676636,-0.703064,-0.7624,154.7352,0
14.5900,930316,0.162292,-0.146729,0.676636,-0.703064,-0.7624,154.7352,0
14.6000,930326,0.162292,-0.146790,0.676697,-0.703003,-0.7597,154.7308,0
14.6100,930336,0.162231,-0.146912,0.676697,-0.703003,-0.7451,154.7267,0
14.6200,930346,0.162231,-0.147034,0.676636,-0.703003,-0.7341,154.7150,0
14.6300,930356,0.162170,-0.147095,0.676636,-0.703003,-0.7245,154.7152,0
14.6400,930366,0.162170,-0.147095,0.676636,-0.703003,-0.7245,154.7152,0
14.6500,930376,0.162109,-0.147034,0.676636,-0.703003,-0.7247,154.7239,0
14.6600,930386,0.162109,-0.146973,0.676636,-0.703064,-0.7286,154.7314,0
14.6700,930396,0.162048,-0.146912,0.676575,-0.703125,-0.7266,154.7402,0
14.6800,930406,0.162048,-0.146912,0.676575,-0.703125,-0.7266,154.7402,0
14.6900,930416,0.161987,-0.146851,0.676575,-0.703186,-0.7258,154.7521,0
14.7000,930426,0.161987,-0.146851,0.676636,-0.703125,-0.7279,154.7520,0
14.7100,930436,0.161865,-0.146851,0.676636,-0.703125,-0.7184,154.7609,0
14.7200,930446,0.161804,-0.146729,0.676575,-0.703247,-0.7204,154.7772,0
14.7300,930456,0.161743,-0.146606,0.676514,-0.703308,-0.7233,154.7902,0
14.7400,930466,0.161743,-0.146545,0.676453,-0.703430,-0.7251,154.7977,0
14.7500,930476,0.161682,-0.146484,0.676453,-0.703430,-0.7252,154.8065,0
14.7600,930486,0.161621,-0.146423,0.676453,-0.703430,-0.7254,154.8152,0
14.7700,930496,0.161621,-0.146423,0.676453,-0.703430,-0.7254,154.8152,0
14.7800,930506,0.161621,-0.146423,0.676453,-0.703430,-0.7254,154.8152,0
14.7900,930516,0.161621,-0.146423,0.676453,-0.703430,-0.7254,154.8152,0
14.8000,930526,0.161621,-0.146423,0.676453,-0.703430,-0.7254,154.8152,0
14.8100,930536,0.161621,-0.146423,0.676453,-0.703430,-0.7254,154.8152,0
14.8200,930546,0.161621,-0.146423,0.676453,-0.703430,-0.7254,154.8152,0
14.8300,930556,0.161682,-0.146362,0.676392,-0.703491,-0.7329,154.8151,0
14.8400,930566,0.161743,-0.146423,0.676270,-0.703613,-0.7284,154.8065,0
14.8500,930576,0.161743,-0.146362,0.676147,-0.703735,-0.7290,154.8109,0
14.8600,930586,0.161804,-0.146362,0.675964,-0.703918,-0.7273,154.8067,0
14.8700,930596,0.161804,-0.146301,0.675903,-0.703979,-0.7301,154.8110,0
14.8800,930606,0.161804,-0.146240,0.675903,-0.703979,-0.7350,154.8153,0
14.8900,930616,0.161865,-0.146118,0.676025,-0.703857,-0.7539,154.8193,0
14.9000,930626,0.161865,-0.145996,0.676208,-0.703735,-0.7692,154.8308,0
14.9100,930636,0.161865,-0.145935,0.676270,-0.703674,-0.7762,154.8350,0
14.9200,930646,0.161926,-0.145874,0.676331,-0.703613,-0.7880,154.8348,0
14.9300,930656,0.161987,-0.145813,0.676208,-0.703735,-0.7934,154.8347,0
14.9400,930666,0.162048,-0.145691,0.676086,-0.703857,-0.8037,154.8389,0
14.9500,930676,0.162170,-0.145630,0.675964,-0.703918,-0.8148,154.8313,0
14.9600,930686,0.162231,-0.145569,0.675903,-0.703979,-0.8223,154.8312,0
14.9700,930696,0.162231,-0.145325,0.675964,-0.703979,-0.8431,154.8514,0
14.9800,930706,0.162109,-0.145203,0.676025,-0.704041,-0.8436,154.8751,0
14.9900,930716,0.162048,-0.145142,0.676025,-0.704041,-0.8438,154.8839,0
15.0000,930726,0.161987,-0.145142,0.675964,-0.704102,-0.8369,154.8884,0
15.0100,930736,0.161865,-0.145142,0.675903,-0.704163,-0.8253,154.8974,0
15.0200,930746,0.161804,-0.145203,0.675903,-0.704163,-0.8157,154.8975,0
15.0300,930756,0.161682,-0.145264,0.675964,-0.704163,-0.8024,154.9053,0
15.0400,930766,0.161682,-0.145264,0.676025,-0.704102,-0.8046,154.9052,0
15.0500,930776,0.161682,-0.145264,0.676025,-0.704102,-0.8046,154.9052,0
15.0600,930786,0.161743,-0.145203,0.675964,-0.704163,-0.8121,154.9051,0
15.0700,930796,0.161804,-0.145142,0.675903,-0.704224,-0.8196,154.9050,0
15.0800,930806,0.161865,-0.145020,0.675781,-0.704285,-0.8309,154.9060,0
15.0900,930816,0.161926,-0.145020,0.675720,-0.704407,-0.8324,154.9048,0
15.1000,930826,0.161987,-0.145020,0.675659,-0.704468,-0.8350,154.9004,0
15.1100,930836,0.161987,-0.145081,0.675598,-0.704407,-0.8300,154.8899,0
15.1200,930846,0.162048,-0.145203,0.675598,-0.704407,-0.8248,154.8768,0
15.1300,930856,0.162109,-0.145264,0.675598,-0.704407,-0.8246,154.8681,0
15.1400,930866,0.162109,-0.145325,0.675598,-0.704407,-0.8197,154.8638,0
15.1500,930876,0.162109,-0.145325,0.675598,-0.704407,-0.8197,154.8638,0
15.1600,930886,0.162170,-0.145264,0.675598,-0.704407,-0.8294,154.8636,0
15.1700,930896,0.162231,-0.145203,0.675537,-0.704407,-0.8379,154.8604,0
15.1800,930906,0.162354,-0.145142,0.675476,-0.704529,-0.8491,154.8589,0
15.1900,930916,0.162292,-0.145020,0.675415,-0.704590,-0.8521,154.8720,0
15.2000,930926,0.162231,-0.144958,0.675354,-0.704712,-0.8491,154.8840,0
15.2100,930936,0.162048,-0.144897,0.675354,-0.704712,-0.8399,154.9017,0
15.2200,930946,0.161804,-0.144897,0.675354,-0.704773,-0.8200,154.9227,0
15.2300,930956,0.161377,-0.145020,0.675476,-0.704712,-0.7803,154.9484,0
15.2400,930966,0.161194,-0.145081,0.675476,-0.704773,-0.7602,154.9607,0
15.2500,930976,0.161133,-0.145142,0.675476,-0.704773,-0.7505,154.9608,0
15.2600,930986,0.161133,-0.145142,0.675476,-0.704773,-0.7505,154.9608,0
15.2700,930996,0.161133,-0.145142,0.675415,-0.704834,-0.7484,154.9609,0
15.2800,931006,0.161133,-0.145081,0.675354,-0.704895,-0.7512,154.9653,0
15.2900,931016,0.161194,-0.145020,0.675293,-0.704956,-0.7587,154.9651,0
15.3000,931026,0.161255,-0.144958,0.675232,-0.704956,-0.7672,154.9619,0
15.3100,931036,0.161316,-0.144958,0.675293,-0.704956,-0.7731,154.9605,0
15.3200,931046,0.161377,-0.144897,0.675354,-0.704895,-0.7849,154.9602,0
15.3300,931056,0.161377,-0.144897,0.675415,-0.704834,-0.7870,154.9602,0
15.3400,931066,0.161438,-0.144836,0.675476,-0.704773,-0.7988,154.9599,0
15.3500,931076,0.161560,-0.144836,0.675476,-0.704712,-0.8093,154.9478,0
15.3600,931086,0.161682,-0.144836,0.675476,-0.704712,-0.8187,154.9389,0
15.3700,931096,0.161865,-0.144836,0.675415,-0.704773,-0.8308,154.9256,0
15.3800,931106,0.161987,-0.144897,0.675354,-0.704712,-0.8352,154.9061,0
15.3900,931116,0.162109,-0.144897,0.675354,-0.704712,-0.8446,154.8972,0
15.4000,931126,0.162170,-0.145020,0.675415,-0.704651,-0.8416,154.8841,0
15.4100,931136,0.162292,-0.145081,0.675415,-0.704529,-0.8482,154.8646,0
15.4200,931146,0.162415,-0.145142,0.675476,-0.704468,-0.8548,154.8513,0
15.4300,931156,0.162537,-0.145142,0.675598,-0.704346,-0.8686,154.8423,0
15.4400,931166,0.162598,-0.145020,0.675720,-0.704224,-0.8875,154.8463,0
15.4500,931176,0.162720,-0.144958,0.675781,-0.704163,-0.9040,154.8416,0
15.4600,931186,0.162781,-0.144897,0.675842,-0.704102,-0.9158,154.8413,0
15.4700,931196,0.162842,-0.144836,0.675903,-0.704041,-0.9276,154.8411,0
15.4800,931206,0.162903,-0.144775,0.675903,-0.703979,-0.9383,154.8378,0
15.4900,931216,0.163025,-0.144653,0.675964,-0.703979,-0.9587,154.8405,0
15.5000,931226,0.163025,-0.144531,0.675964,-0.703979,-0.9686,154.8491,0
15.5100,931236,0.163025,-0.144409,0.676025,-0.703979,-0.9796,154.8607,0
15.5200,931246,0.163025,-0.144287,0.675964,-0.704041,-0.9873,154.8694,0
15.5300,931256,0.163025,-0.144165,0.675903,-0.704163,-0.9940,154.8811,0
15.5400,931266,0.163086,-0.144043,0.675781,-0.704224,-1.0052,154.8822,0
15.5500,931276,0.163147,-0.143921,0.675781,-0.704285,-1.0188,154.8894,0
15.5600,931286,0.163269,-0.143860,0.675720,-0.704285,-1.0321,154.8817,0
15.5700,931296,0.163330,-0.143799,0.675781,-0.704285,-1.0429,154.8846,0
15.5800,931306,0.163452,-0.143738,0.675781,-0.704224,-1.0582,154.8768,0
15.5900,931316,0.163635,-0.143677,0.675720,-0.704224,-1.0762,154.8646,0
15.6000,931326,0.163879,-0.143677,0.675659,-0.704285,-1.0930,154.8468,0
15.6100,931336,0.164062,-0.143738,0.675537,-0.704346,-1.0989,154.8261,0
15.6200,931346,0.164185,-0.143799,0.675476,-0.704346,-1.1023,154.8098,0
15.6300,931356,0.164246,-0.143860,0.675476,-0.704346,-1.1021,154.8010,0
15.6400,931366,0.164368,-0.143921,0.675476,-0.704285,-1.1076,154.7847,0
15.6500,931376,0.164368,-0.143860,0.675476,-0.704285,-1.1125,154.7890,0
15.6600,931386,0.164429,-0.143860,0.675476,-0.704285,-1.1173,154.7845,0
15.6700,931396,0.164490,-0.143799,0.675415,-0.704346,-1.1248,154.7844,0
15.6800,931406,0.164490,-0.143738,0.675415,-0.704346,-1.1297,154.7886,0
15.6900,931416,0.164551,-0.143677,0.675476,-0.704285,-1.1415,154.7884,0
15.7000,931426,0.164612,-0.143677,0.675537,-0.704163,-1.1494,154.7808,0
15.7100,931436,0.164673,-0.143616,0.675659,-0.704102,-1.1623,154.7837,0
15.7200,931446,0.164856,-0.143555,0.675598,-0.704102,-1.1803,154.7715,0
15.7300,931456,0.165039,-0.143555,0.675537,-0.704102,-1.1933,154.7550,0
15.7400,931466,0.165405,-0.143677,0.675354,-0.704224,-1.2063,154.7166,0
15.7500,931476,0.165527,-0.143738,0.675354,-0.704163,-1.2119,154.7003,0
15.7600,931486,0.165527,-0.143860,0.675476,-0.704041,-1.2063,154.6917,0
15.7700,931496,0.165588,-0.143921,0.675537,-0.703918,-1.2093,154.6797,0
15.7800,931506,0.165588,-0.143982,0.675598,-0.703857,-1.2066,154.6754,0
15.7900,931516,0.165649,-0.144104,0.675598,-0.703857,-1.2014,154.6625,0
15.8000,931526,0.165649,-0.144104,0.675537,-0.703918,-1.1993,154.6625,0
15.8100,931536,0.165649,-0.144104,0.675537,-0.703918,-1.1993,154.6625,0
15.8200,931546,0.165588,-0.144104,0.675537,-0.703918,-1.1945,154.6669,0
15.8300,931556,0.165588,-0.144104,0.675537,-0.703918,-1.1945,154.6669,0
15.8400,931566,0.165588,-0.144165,0.675476,-0.703918,-1.1885,154.6595,0
15.8500,931576,0.165588,-0.144165,0.675476,-0.703979,-1.1875,154.6627,0
15.8600,931586,0.165588,-0.144165,0.675415,-0.704041,-1.1853,154.6627,0
15.8700,931596,0.165649,-0.144226,0.675354,-0.704041,-1.1839,154.6509,0
15.8800,931606,0.165649,-0.144287,0.675293,-0.704041,-1.1778,154.6435,0
15.8900,931616,0.165710,-0.144409,0.675354,-0.703979,-1.1749,154.6305,0
15.9000,931626,0.165710,-0.144470,0.675476,-0.703857,-1.1743,154.6261,0
15.9100,931636,0.165649,-0.144470,0.675537,-0.703796,-1.1717,154.6305,0
15.9200,931646,0.165649,-0.144531,0.675537,-0.703796,-1.1668,154.6263,0
15.9300,931656,0.165649,-0.144592,0.675537,-0.703796,-1.1619,154.6220,0
15.9400,931666,0.165649,-0.144592,0.675537,-0.703796,-1.1619,154.6220,0
15.9500,931676,0.165588,-0.144531,0.675476,-0.703857,-1.1599,154.6307,0
15.9600,931686,0.165527,-0.144531,0.675415,-0.703918,-1.1530,154.6352,0
15.9700,931696,0.165527,-0.144531,0.675415,-0.703918,-1.1530,154.6352,0
15.9800,931706,0.165527,-0.144592,0.675476,-0.703918,-1.1493,154.6341,0
15.9900,931716,0.165466,-0.144531,0.675537,-0.703796,-1.1526,154.6396,0
16.0000,931726,0.165588,-0.144409,0.675720,-0.703613,-1.1785,154.6391,0
16.0100,931736,0.165649,-0.144409,0.675842,-0.703552,-1.1865,154.6378,0
16.0200,931746,0.165710,-0.144348,0.675842,-0.703552,-1.1962,154.6376,0
16.0300,931756,0.165771,-0.144287,0.675903,-0.703491,-1.2080,154.6374,0
16.0400,931766,0.165833,-0.144226,0.675964,-0.703369,-1.2208,154.6340,0
16.0500,931776,0.165833,-0.144165,0.676086,-0.703308,-1.2291,154.6414,0
16.0600,931786,0.165771,-0.144043,0.676208,-0.703247,-1.2375,154.6575,0
16.0700,931796,0.165771,-0.144043,0.676208,-0.703247,-1.2375,154.6575,0
16.0800,931806,0.165833,-0.144043,0.676086,-0.703308,-1.2389,154.6500,0
16.0900,931816,0.165833,-0.144043,0.675903,-0.703491,-1.2324,154.6501,0
16.1000,931826,0.165894,-0.144043,0.675781,-0.703613,-1.2328,154.6457,0
16.1100,931836,0.165894,-0.144043,0.675720,-0.703674,-1.2306,154.6457,0
16.1200,931846,0.165833,-0.144104,0.675720,-0.703674,-1.2210,154.6459,0
16.1300,931856,0.165833,-0.144104,0.675842,-0.703552,-1.2253,154.6458,0
16.1400,931866,0.165894,-0.144043,0.675964,-0.703430,-1.2393,154.6456,0
16.1500,931876,0.165955,-0.143982,0.676025,-0.703308,-1.2521,154.6422,0
16.1600,931886,0.166077,-0.143921,0.676147,-0.703247,-1.2698,154.6407,0
16.1700,931896,0.166138,-0.143799,0.676208,-0.703186,-1.2866,154.6448,0
16.1800,931906,0.166260,-0.143738,0.676270,-0.703125,-1.3031,154.6402,0
16.1900,931916,0.166260,-0.143677,0.676270,-0.703125,-1.3080,154.6445,0
16.2000,931926,0.166321,-0.143738,0.676270,-0.703125,-1.3078,154.6357,0
16.2100,931936,0.166321,-0.143738,0.676208,-0.703186,-1.3057,154.6357,0
16.2200,931946,0.166321,-0.143738,0.676086,-0.703247,-1.3023,154.6326,0
16.2300,931956,0.166260,-0.143677,0.676025,-0.703369,-1.2994,154.6445,0
16.2400,931966,0.166199,-0.143616,0.676025,-0.703369,-1.2995,154.6532,0
16.2500,931976,0.166138,-0.143494,0.676270,-0.703247,-1.3113,154.6725,0
16.2600,931986,0.166199,-0.143433,0.676270,-0.703186,-1.3220,154.6692,0
16.2700,931996,0.166199,-0.143433,0.676208,-0.703247,-1.3198,154.6692,0
16.2800,932006,0.166199,-0.143433,0.676086,-0.703369,-1.3155,154.6692,0
16.2900,932016,0.166138,-0.143433,0.676086,-0.703369,-1.3107,154.6737,0
16.3000,932026,0.166138,-0.143433,0.676086,-0.703369,-1.3107,154.6737,0
16.3100,932036,0.166138,-0.143433,0.676147,-0.703308,-1.3129,154.6736,0
16.3200,932046,0.166138,-0.143494,0.676208,-0.703247,-1.3102,154.6693,0
16.3300,932056,0.166138,-0.143494,0.676208,-0.703247,-1.3102,154.6693,0
16.3400,932066,0.166138,-0.143494,0.676086,-0.703369,-1.3058,154.6694,0
16.3500,932076,0.166138,-0.143494,0.676025,-0.703430,-1.3037,154.6694,0
16.3600,932086,0.166138,-0.143494,0.675964,-0.703491,-1.3015,154.6694,0
16.3700,932096,0.166138,-0.143494,0.675964,-0.703491,-1.3015,154.6694,0
16.3800,932106,0.166077,-0.143494,0.675903,-0.703491,-1.2956,154.6707,0
16.3900,932116,0.166077,-0.143494,0.675903,-0.703552,-1.2946,154.6739,0
16.4000,932126,0.166138,-0.143494,0.675903,-0.703552,-1.2993,154.6694,0
16.4100,932136,0.166199,-0.143494,0.675903,-0.703491,-1.3051,154.6618,0
16.4200,932146,0.166260,-0.143555,0.675842,-0.703552,-1.3027,154.6531,0
16.4300,932156,0.166321,-0.143677,0.675781,-0.703552,-1.2964,154.6370,0
16.4400,932166,0.166443,-0.143799,0.675781,-0.703552,-1.2960,154.6196,0
16.4500,932176,0.166504,-0.143860,0.675720,-0.703491,-1.2957,154.6045,0
16.4600,932186,0.166565,-0.143982,0.675720,-0.703491,-1.2906,154.5916,0
16.4700,932196,0.166626,-0.143982,0.675781,-0.703430,-1.2975,154.5871,0
16.4800,932206,0.166626,-0.143982,0.675842,-0.703369,-1.2996,154.5871,0
16.4900,932216,0.166626,-0.143982,0.675842,-0.703369,-1.2996,154.5871,0
16.5000,932226,0.166626,-0.143982,0.675842,-0.703369,-1.2996,154.5871,0
16.5100,932236,0.166565,-0.143982,0.675842,-0.703430,-1.2939,154.5947,0
16.5200,932246,0.166504,-0.143921,0.675842,-0.703430,-1.2941,154.6034,0
16.5300,932256,0.166443,-0.143860,0.675842,-0.703430,-1.2943,154.6121,0
16.5400,932266,0.166443,-0.143860,0.675842,-0.703430,-1.2943,154.6121,0
16.5500,932276,0.166504,-0.143799,0.675903,-0.703430,-1.3051,154.6151,0
16.5600,932286,0.166565,-0.143738,0.675903,-0.703369,-1.3157,154.6117,0
16.5700,932296,0.166687,-0.143616,0.675842,-0.703430,-1.3329,154.6114,0
16.5800,932306,0.166809,-0.143494,0.675781,-0.703491,-1.3500,154.6111,0
16.5900,932316,0.166931,-0.143433,0.675781,-0.703491,-1.3644,154.6065,0
16.6000,932326,0.167053,-0.143433,0.675720,-0.703491,-1.3727,154.5944,0
16.6100,932336,0.167114,-0.143494,0.675781,-0.703430,-1.3746,154.5857,0
16.6200,932346,0.167175,-0.143616,0.675842,-0.703308,-1.3727,154.5695,0
16.6300,932356,0.167236,-0.143738,0.675842,-0.703247,-1.3686,154.5534,0
16.6400,932366,0.167297,-0.143799,0.675842,-0.703247,-1.3684,154.5446,0
16.6500,932376,0.167419,-0.143799,0.675781,-0.703308,-1.3757,154.5358,0
16.6600,932386,0.167542,-0.143738,0.675659,-0.703369,-1.3867,154.5280,0
16.6700,932396,0.167603,-0.143677,0.675598,-0.703430,-1.3942,154.5279,0
16.6800,932406,0.167664,-0.143677,0.675537,-0.703491,-1.3967,154.5234,0
16.6900,932416,0.167664,-0.143677,0.675537,-0.703491,-1.3967,154.5234,0
16.7000,932426,0.167603,-0.143677,0.675598,-0.703430,-1.3942,154.5279,0
16.7100,932436,0.167603,-0.143738,0.675720,-0.703308,-1.3936,154.5236,0
16.7200,932446,0.167542,-0.143677,0.675842,-0.703186,-1.3982,154.5322,0
16.7300,932456,0.167480,-0.143677,0.675903,-0.703186,-1.3946,154.5398,0
16.7400,932466,0.167419,-0.143555,0.675903,-0.703247,-1.3987,154.5560,0
16.7500,932476,0.167358,-0.143433,0.675842,-0.703369,-1.4007,154.5722,0
16.7600,932486,0.167297,-0.143372,0.675781,-0.703430,-1.3987,154.5809,0
16.7700,932496,0.167236,-0.143372,0.675842,-0.703369,-1.3961,154.5853,0
16.7800,932506,0.167236,-0.143372,0.675842,-0.703369,-1.3961,154.5853,0
16.7900,932516,0.167297,-0.143372,0.675781,-0.703430,-1.3987,154.5809,0
16.8000,932526,0.167358,-0.143311,0.675720,-0.703491,-1.4062,154.5807,0
16.8100,932536,0.167480,-0.143311,0.675598,-0.703552,-1.4123,154.5687,0
16.8200,932546,0.167542,-0.143311,0.675598,-0.703491,-1.4180,154.5611,0
16.8300,932556,0.167664,-0.143311,0.675659,-0.703430,-1.4296,154.5522,0
16.8400,932566,0.167786,-0.143311,0.675720,-0.703369,-1.4412,154.5433,0
16.8500,932576,0.167908,-0.143372,0.675781,-0.703247,-1.4490,154.5269,0
16.8600,932586,0.168030,-0.143494,0.675720,-0.703247,-1.4474,154.5064,0
16.8700,932596,0.168152,-0.143616,0.675720,-0.703247,-1.4470,154.4890,0
16.8800,932606,0.168213,-0.143738,0.675720,-0.703186,-1.4429,154.4728,0
16.8900,932616,0.168213,-0.143799,0.675720,-0.703125,-1.4390,154.4654,0
16.9000,932626,0.168152,-0.143921,0.675842,-0.703064,-1.4278,154.4644,0
16.9100,932636,0.168030,-0.143982,0.675842,-0.703003,-1.4144,154.4659,0
16.9200,932646,0.167969,-0.144043,0.675842,-0.703064,-1.4038,154.4692,0
16.9300,932656,0.167847,-0.144043,0.675781,-0.703125,-1.3921,154.4781,0
16.9400,932666,0.167786,-0.143921,0.675720,-0.703186,-1.3951,154.4911,0
16.9500,932676,0.167786,-0.143860,0.675659,-0.703308,-1.3968,154.4985,0
16.9600,932686,0.167725,-0.143738,0.675659,-0.703369,-1.4009,154.5147,0
16.9700,932696,0.167664,-0.143677,0.675659,-0.703369,-1.4011,154.5234,0
16.9800,932706,0.167664,-0.143677,0.675659,-0.703369,-1.4011,154.5234,0
16.9900,932716,0.167725,-0.143616,0.675659,-0.703369,-1.4107,154.5232,0
17.0000,932726,0.167847,-0.143555,0.675659,-0.703369,-1.4251,154.5186,0
17.0100,932736,0.168152,-0.143433,0.675537,-0.703430,-1.4552,154.5018,0
17.0200,932746,0.168274,-0.143433,0.675598,-0.703369,-1.4669,154.4929,0
17.0300,932756,0.168396,-0.143433,0.675720,-0.703186,-1.4817,154.4808,0
17.0400,932766,0.168457,-0.143372,0.675903,-0.703064,-1.4969,154.4838,0
17.0500,932776,0.168579,-0.143372,0.675964,-0.702942,-1.5095,154.4717,0
17.0600,932786,0.168640,-0.143311,0.675964,-0.702881,-1.5202,154.4684,0
17.0700,932796,0.168762,-0.143250,0.675903,-0.703003,-1.5314,154.4670,0
17.0800,932806,0.168823,-0.143188,0.675781,-0.703064,-1.5377,154.4636,0
17.0900,932816,0.168823,-0.143127,0.675781,-0.703125,-1.5416,154.4711,0
17.1000,932826,0.168823,-0.143127,0.675781,-0.703125,-1.5416,154.4711,0
17.1100,932836,0.168823,-0.143127,0.675781,-0.703125,-1.5416,154.4711,0
17.1200,932846,0.168823,-0.143127,0.675781,-0.703064,-1.5426,154.4679,0
17.1300,932856,0.168884,-0.143127,0.675842,-0.703064,-1.5485,154.4666,0
17.1400,932866,0.169006,-0.143127,0.675842,-0.703003,-1.5589,154.4546,0
17.1500,932876,0.169067,-0.143127,0.675781,-0.703064,-1.5615,154.4501,0
17.1600,932886,0.169250,-0.143066,0.675659,-0.703125,-1.5772,154.4379,0
17.1700,932896,0.169312,-0.143127,0.675598,-0.703125,-1.5758,154.4260,0
17.1800,932906,0.169373,-0.143066,0.675598,-0.703125,-1.5855,154.4259,0
17.1900,932916,0.169373,-0.143066,0.675598,-0.703125,-1.5855,154.4259,0
17.2000,932926,0.169373,-0.143066,0.675598,-0.703125,-1.5855,154.4259,0
17.2100,932936,0.169373,-0.143066,0.675598,-0.703125,-1.5855,154.4259,0
17.2200,932946,0.169434,-0.143127,0.675598,-0.703125,-1.5853,154.4172,0
17.2300,932956,0.169373,-0.143188,0.675598,-0.703064,-1.5766,154.4142,0
17.2400,932966,0.169373,-0.143311,0.675659,-0.703003,-1.5690,154.4056,705
17.2500,932976,0.169373,-0.143433,0.675781,-0.702942,-1.5625,154.4003,0
17.2600,932986,0.169312,-0.143494,0.675842,-0.702881,-1.5551,154.4005,0
17.2700,932996,0.169067,-0.143311,0.675781,-0.703003,-1.5477,154.4342,0
17.2800,933006,0.169006,-0.143372,0.675720,-0.703064,-1.5359,154.4343,0
17.2900,933016,0.168823,-0.143372,0.675720,-0.703064,-1.5217,154.4476,0
17.3000,933026,0.168640,-0.143433,0.675842,-0.703003,-1.5060,154.4599,0
17.3100,933036,0.168518,-0.143494,0.675964,-0.702881,-1.4960,154.4645,0
17.3200,933046,0.168396,-0.143494,0.675964,-0.702942,-1.4855,154.4765,0
17.3300,933056,0.168335,-0.143494,0.675842,-0.703064,-1.4764,154.4810,0
17.3400,933066,0.168335,-0.143494,0.675720,-0.703186,-1.4720,154.4810,0
17.3500,933076,0.168335,-0.143494,0.675659,-0.703247,-1.4699,154.4810,0
17.3600,933086,0.168274,-0.143494,0.675720,-0.703186,-1.4673,154.4854,0
17.3700,933096,0.168274,-0.143372,0.675903,-0.703003,-1.4837,154.4939,0
17.3800,933106,0.168274,-0.143250,0.676147,-0.702881,-1.5002,154.5088,0
17.3900,933116,0.168396,-0.143188,0.676270,-0.702759,-1.5190,154.5042,0
17.4000,933126,0.168579,-0.143066,0.676270,-0.702698,-1.5440,154.4963,0
17.4100,933136,0.168823,-0.143066,0.676208,-0.702698,-1.5618,154.4753,0
17.4200,933146,0.169067,-0.143127,0.676086,-0.702698,-1.5734,154.4470,0
17.4300,933156,0.169250,-0.143311,0.676086,-0.702698,-1.5728,154.4209,0
17.4400,933166,0.169434,-0.143494,0.676025,-0.702637,-1.5721,154.3884,0
17.4500,933176,0.169556,-0.143738,0.675964,-0.702576,-1.5617,154.3561,0
17.4600,933186,0.169617,-0.143921,0.675903,-0.702576,-1.5505,154.3357,0
17.4700,933196,0.169556,-0.144043,0.675903,-0.702637,-1.5349,154.3348,0
17.4800,933206,0.169434,-0.144165,0.675964,-0.702515,-1.5189,154.3319,0
17.4900,933216,0.169189,-0.144226,0.676086,-0.702454,-1.4984,154.3486,0
17.5000,933226,0.168823,-0.144226,0.676208,-0.702454,-1.4724,154.3815,0
17.5100,933236,0.168518,-0.144165,0.676270,-0.702515,-1.4538,154.4143,0
17.5200,933246,0.168030,-0.143921,0.676086,-0.702820,-1.4271,154.4733,0
17.5300,933256,0.167847,-0.143860,0.676086,-0.702942,-1.4158,154.4972,0
17.5400,933266,0.167664,-0.143799,0.676086,-0.702942,-1.4065,154.5148,0
17.5500,933276,0.167603,-0.143738,0.676086,-0.702942,-1.4067,154.5235,0
17.5600,933286,0.167603,-0.143738,0.676086,-0.702942,-1.4067,154.5235,0
17.5700,933296,0.167725,-0.143799,0.675964,-0.703003,-1.4079,154.5072,0
17.5800,933306,0.167786,-0.143921,0.675842,-0.703125,-1.3984,154.4942,0
17.5900,933316,0.167969,-0.144043,0.675720,-0.703186,-1.3994,154.4692,0
17.6000,933326,0.168091,-0.144165,0.675598,-0.703247,-1.3957,154.4487,0
17.6100,933336,0.168152,-0.144287,0.675476,-0.703308,-1.3872,154.4326,0
17.6200,933346,0.168152,-0.144409,0.675476,-0.703308,-1.3773,154.4240,0
17.6300,933356,0.168152,-0.144531,0.675476,-0.703308,-1.3675,154.4155,0
17.6400,933366,0.168213,-0.144592,0.675415,-0.703308,-1.3661,154.4036,0
17.6500,933376,0.168274,-0.144653,0.675232,-0.703430,-1.3604,154.3918,0
17.6600,933386,0.168335,-0.144775,0.675049,-0.703552,-1.3497,154.3757,0
17.6700,933396,0.168457,-0.144836,0.674866,-0.703735,-1.3476,154.3627,0
17.6800,933406,0.168579,-0.144958,0.674622,-0.703857,-1.3405,154.3390,0
17.6900,933416,0.168701,-0.145142,0.674438,-0.703979,-1.3296,154.3142,0
17.7000,933426,0.168823,-0.145325,0.674377,-0.703979,-1.3231,154.2894,0
17.7100,933436,0.168884,-0.145569,0.674316,-0.703979,-1.3069,154.2648,0
17.7200,933446,0.168945,-0.145752,0.674255,-0.703979,-1.2957,154.2444,0
17.7300,933456,0.169006,-0.145874,0.674316,-0.703857,-1.2938,154.2283,0
17.7400,933466,0.169067,-0.146057,0.674500,-0.703674,-1.2903,154.2110,0
17.7500,933476,0.169128,-0.146118,0.674744,-0.703430,-1.2989,154.2022,0
17.7600,933486,0.169312,-0.146240,0.675049,-0.703064,-1.3153,154.1770,0
17.7700,933496,0.169556,-0.146362,0.675354,-0.702698,-1.3364,154.1475,0
17.7800,933506,0.170227,-0.146851,0.675903,-0.701843,-1.3742,154.0486,0
17.7900,933516,0.170715,-0.147156,0.676147,-0.701416,-1.3995,153.9823,0
17.8000,933526,0.171326,-0.147522,0.676331,-0.701050,-1.4271,153.9030,0
17.8100,933536,0.172058,-0.147949,0.676575,-0.700562,-1.4626,153.8075,0
17.8200,933546,0.172852,-0.148254,0.677124,-0.699768,-1.5240,153.7162,0
17.8300,933556,0.173706,-0.148560,0.677917,-0.698730,-1.5994,153.6209,0
17.8400,933566,0.174622,-0.148743,0.678955,-0.697449,-1.6985,153.5301,0
17.8500,933576,0.175659,-0.148865,0.680176,-0.695984,-1.8191,153.4356,0
17.8600,933586,0.176819,-0.148987,0.681396,-0.694397,-1.9516,153.3265,0
17.8700,933596,0.178101,-0.149048,0.682678,-0.692810,-2.1002,153.2171,0
17.8800,933606,0.179565,-0.149170,0.683899,-0.691223,-2.2575,153.0879,0
17.8900,933616,0.181030,-0.149597,0.684631,-0.690002,-2.3746,152.9304,0
17.9000,933626,0.183044,-0.149719,0.685913,-0.688232,-2.5804,152.7578,0
17.9100,933636,0.185364,-0.149719,0.687134,-0.686340,-2.8214,152.5635,0
17.9200,933646,0.187988,-0.149658,0.688354,-0.684448,-3.0920,152.3536,0
17.9300,933656,0.190918,-0.149353,0.689453,-0.682617,-3.4029,152.1372,0
17.9400,933666,0.194031,-0.148804,0.690430,-0.680847,-3.7443,151.9229,0
17.9500,933676,0.197388,-0.148071,0.691345,-0.679077,-4.1187,151.7024,0
17.9600,933686,0.200806,-0.147156,0.692261,-0.677307,-4.5127,151.4920,0
17.9700,933696,0.204346,-0.146179,0.693298,-0.675415,-4.9267,151.2802,0
17.9800,933706,0.207947,-0.145142,0.694519,-0.673340,-5.3585,151.0719,0
17.9900,933716,0.211487,-0.144043,0.695862,-0.671021,-5.7979,150.8687,0
18.0000,933726,0.215088,-0.142944,0.697327,-0.668579,-6.2481,150.6652,0
18.0100,933736,0.218628,-0.141846,0.698792,-0.666138,-6.6944,150.4683,0
18.0200,933746,0.222168,-0.140808,0.700195,-0.663757,-7.1344,150.2691,0
18.0300,933756,0.229431,-0.138611,0.702637,-0.659119,-8.0300,149.8566,0
18.0400,933766,0.233154,-0.137451,0.703796,-0.656799,-8.4896,149.6479,0
18.0500,933776,0.236938,-0.136230,0.704956,-0.654480,-8.9598,149.4417,0
18.0600,933786,0.240784,-0.134827,0.706238,-0.652039,-9.4552,149.2490,0
18.0700,933796,0.244629,-0.133301,0.707642,-0.649292,-9.9691,149.0599,0
18.0800,933806,0.248535,-0.131775,0.709229,-0.646423,-10.4963,148.8767,0
18.0900,933816,0.252502,-0.130188,0.710754,-0.643494,-11.0336,148.6896,0
18.1000,933826,0.256531,-0.128601,0.712158,-0.640686,-11.5718,148.4995,0
18.1100,933836,0.260681,-0.127136,0.713379,-0.637939,-12.1059,148.2856,0
18.1200,933846,0.264832,-0.125732,0.714478,-0.635315,-12.6311,148.0673,0
18.1300,933856,0.268982,-0.124451,0.715454,-0.632690,-13.1447,147.8336,0
18.1400,933866,0.273193,-0.123230,0.716309,-0.630127,-13.6553,147.5878,0
18.1500,933876,0.277466,-0.122070,0.717224,-0.627502,-14.1707,147.3376,0
18.1600,933886,0.281738,-0.120972,0.718018,-0.624817,-14.6797,147.0725,0
18.1700,933896,0.286133,-0.119873,0.718750,-0.622253,-15.1967,146.8034,0
18.1800,933906,0.290466,-0.118774,0.719360,-0.619751,-15.7047,146.5333,0
18.1900,933916,0.294861,-0.117554,0.719849,-0.617310,-16.2230,146.2630,0
