# Sesion:10 Fecha:2026-04-27 20:10:22 Shots:2 Duracion:18,70s
tSeg,ms,qw,qx,qy,qz,filteredElev,filteredYaw,shot
0.0000,26626,0.544922,-0.479431,0.526306,-0.442932,-8.5621,273.1088,106
0.0100,26636,0.544312,-0.479126,0.525208,-0.445374,-8.3357,272.9892,0
0.0200,26646,0.543640,-0.478882,0.524170,-0.447693,-8.1136,272.8736,0
0.0300,26656,0.542786,-0.478699,0.523315,-0.449829,-7.8992,272.7539,0
0.0400,26666,0.541870,-0.478577,0.522644,-0.451843,-7.6966,272.6236,0
0.0500,26676,0.541016,-0.478516,0.521912,-0.453796,-7.4943,272.5062,0
0.0600,26686,0.540161,-0.478455,0.521118,-0.455750,-7.2885,272.3954,0
0.0700,26696,0.539490,-0.478271,0.520264,-0.457764,-7.0932,272.2845,0
0.0800,26706,0.538879,-0.478149,0.519348,-0.459656,-6.9016,272.1929,0
0.0900,26716,0.538147,-0.478149,0.518494,-0.461426,-6.7069,272.1063,0
0.1000,26726,0.536804,-0.478943,0.516602,-0.464294,-6.3088,272.0242,0
0.1100,26736,0.535461,-0.479736,0.514771,-0.467102,-5.9182,271.9389,0
0.1200,26746,0.534119,-0.480469,0.512939,-0.469849,-5.5345,271.8580,0
0.1300,26756,0.532837,-0.481262,0.511169,-0.472473,-5.1621,271.7807,0
0.1400,26766,0.531616,-0.482056,0.509338,-0.474976,-4.7964,271.7220,0
0.1500,26776,0.530396,-0.482910,0.507568,-0.477356,-4.4382,271.6674,0
0.1600,26786,0.529480,-0.483459,0.506653,-0.478821,-4.2176,271.6126,0
0.1700,26796,0.528503,-0.484131,0.505737,-0.480164,-3.9935,271.5707,0
0.1800,26806,0.527527,-0.484741,0.504883,-0.481445,-3.7800,271.5281,0
0.1900,26816,0.526611,-0.485291,0.504089,-0.482788,-3.5738,271.4709,0
0.2000,26826,0.525879,-0.485657,0.503174,-0.484192,-3.3775,271.4206,0
0.2100,26836,0.525269,-0.485779,0.502197,-0.485779,-3.1881,271.3562,0
0.2200,26846,0.524780,-0.485657,0.501160,-0.487366,-3.0159,271.2984,0
0.2300,26856,0.524231,-0.485535,0.500244,-0.489014,-2.8442,271.2188,0
0.2400,26866,0.522400,-0.485596,0.499512,-0.491699,-2.5422,271.0003,0
0.2500,26876,0.521240,-0.485901,0.499451,-0.492676,-2.4005,270.8969,0
0.2600,26886,0.520020,-0.486328,0.499512,-0.493530,-2.2624,270.7931,0
0.2700,26896,0.519043,-0.486694,0.499390,-0.494324,-2.1342,270.7172,0
0.2800,26906,0.518250,-0.487000,0.499084,-0.495117,-2.0090,270.6620,0
0.2900,26916,0.517761,-0.487244,0.498535,-0.495972,-1.8869,270.6277,0
0.3000,26926,0.517639,-0.487366,0.497681,-0.496826,-1.7745,270.6280,0
0.3100,26936,0.517822,-0.487305,0.496643,-0.497803,-1.6723,270.6349,0
0.3200,26946,0.517334,-0.488098,0.494385,-0.499756,-1.3560,270.6680,0
0.3300,26956,0.517517,-0.488159,0.493347,-0.500488,-1.2603,270.7015,0
0.3400,26966,0.516602,-0.489380,0.491577,-0.502014,-0.9482,270.7259,0
0.3500,26976,0.515442,-0.490784,0.490051,-0.503296,-0.6398,270.7498,0
0.3600,26986,0.514099,-0.492371,0.488770,-0.504333,-0.3388,270.7738,0
0.3700,26996,0.513733,-0.492859,0.488403,-0.504578,-0.2548,270.7866,0
0.3800,27006,0.513367,-0.493286,0.488037,-0.504944,-0.1673,270.7851,0
0.3900,27016,0.513000,-0.493652,0.487549,-0.505371,-0.0728,270.7903,0
0.4000,27026,0.512756,-0.493896,0.487061,-0.505920,0.0148,270.7811,0
0.4100,27036,0.512573,-0.494080,0.486450,-0.506531,0.1060,270.7784,0
0.4200,27046,0.512390,-0.494202,0.485840,-0.507080,0.1903,270.7827,0
0.4300,27056,0.512268,-0.494263,0.485413,-0.507629,0.2568,270.7663,0
0.4400,27066,0.511963,-0.494385,0.485107,-0.508057,0.3230,270.7505,0
0.4500,27076,0.511536,-0.494690,0.484985,-0.508362,0.3889,270.7285,0
0.4600,27086,0.510925,-0.495117,0.485046,-0.508484,0.4511,270.7076,0
0.4700,27096,0.510254,-0.495728,0.485168,-0.508423,0.5134,270.7011,0
0.4800,27106,0.509583,-0.496399,0.485291,-0.508301,0.5758,270.7018,0
0.4900,27116,0.508911,-0.497070,0.485474,-0.508179,0.6346,270.6956,0
0.5000,27126,0.508057,-0.498108,0.485474,-0.507996,0.7321,270.7169,0
0.5100,27136,0.507874,-0.498413,0.485413,-0.507935,0.7601,270.7309,0
0.5200,27146,0.507935,-0.498535,0.485291,-0.507874,0.7674,270.7516,0
0.5300,27156,0.508118,-0.498474,0.485168,-0.507874,0.7608,270.7651,0
0.5400,27166,0.508240,-0.498352,0.485229,-0.507812,0.7399,270.7654,0
0.5500,27176,0.508301,-0.498291,0.485474,-0.507568,0.7048,270.7667,0
0.5600,27186,0.508240,-0.498230,0.485901,-0.507263,0.6623,270.7546,0
0.5700,27196,0.508118,-0.498230,0.486389,-0.506958,0.6232,270.7357,0
0.5800,27206,0.507935,-0.498230,0.487000,-0.506531,0.5735,270.7172,0
0.5900,27216,0.507812,-0.498169,0.487549,-0.506226,0.5274,270.6912,0
0.6000,27226,0.507751,-0.498047,0.488037,-0.505920,0.4779,270.6720,0
0.6100,27236,0.507874,-0.497803,0.488281,-0.505798,0.4358,270.6589,0
0.6200,27246,0.508118,-0.497498,0.488403,-0.505737,0.3938,270.6523,0
0.6300,27256,0.508484,-0.497131,0.488403,-0.505737,0.3521,270.6523,0
0.6400,27266,0.508789,-0.496826,0.488403,-0.505737,0.3173,270.6523,0
0.6500,27276,0.508972,-0.496643,0.488525,-0.505615,0.2824,270.6527,0
0.6600,27286,0.507996,-0.497559,0.487854,-0.506348,0.4710,270.6429,0
0.6700,27296,0.506897,-0.498535,0.487488,-0.506836,0.6382,270.6272,0
0.6800,27306,0.505737,-0.499573,0.487244,-0.507202,0.7984,270.6119,0
0.6900,27316,0.504639,-0.500610,0.487244,-0.507324,0.9271,270.5977,0
0.7000,27326,0.504333,-0.500977,0.487976,-0.506470,0.8740,270.6152,0
0.7100,27336,0.504333,-0.501221,0.488586,-0.505737,0.8108,270.6318,0
0.7200,27346,0.504700,-0.501282,0.488831,-0.505066,0.7412,270.6822,0
0.7300,27356,0.505371,-0.501099,0.488770,-0.504578,0.6684,270.7456,0
0.7400,27366,0.506287,-0.500854,0.488586,-0.504150,0.5892,270.8154,0
0.7500,27376,0.506104,-0.501648,0.487793,-0.504211,0.6948,270.8972,0
0.7600,27386,0.507141,-0.501709,0.488342,-0.502563,0.5136,271.0259,0
0.7700,27396,0.507446,-0.501831,0.488953,-0.501587,0.4119,271.0699,0
0.7800,27406,0.507690,-0.501892,0.489624,-0.500671,0.3100,271.0997,0
0.7900,27416,0.507935,-0.501770,0.490234,-0.499939,0.2117,271.1152,0
0.8000,27426,0.508179,-0.501465,0.490723,-0.499390,0.1205,271.1233,0
0.8100,27436,0.508484,-0.501099,0.491150,-0.499084,0.0400,271.1101,0
0.8200,27446,0.508728,-0.500732,0.491516,-0.498901,-0.0266,271.0897,0
0.8300,27456,0.508850,-0.500366,0.491882,-0.498779,-0.0827,271.0624,0
0.8400,27466,0.507874,-0.500977,0.491943,-0.499084,0.0212,271.0207,0
0.8500,27476,0.506958,-0.501526,0.491943,-0.499451,0.1252,270.9788,0
0.8600,27486,0.506104,-0.502014,0.492004,-0.499817,0.2189,270.9299,0
0.8700,27496,0.505371,-0.502380,0.491943,-0.500244,0.3093,270.8878,0
0.8800,27506,0.504761,-0.502563,0.491943,-0.500610,0.3753,270.8459,0
0.8900,27516,0.504211,-0.502686,0.492065,-0.500916,0.4238,270.7971,0
0.9000,27526,0.503601,-0.502808,0.492371,-0.501160,0.4616,270.7346,0
0.9100,27536,0.502991,-0.502930,0.492737,-0.501343,0.4925,270.6722,0
0.9200,27546,0.502441,-0.502930,0.493164,-0.501404,0.5025,270.6169,0
0.9300,27556,0.502075,-0.502747,0.493530,-0.501587,0.5021,270.5545,0
0.9400,27566,0.502014,-0.502441,0.493774,-0.501770,0.4845,270.5058,0
0.9500,27576,0.502014,-0.502014,0.493835,-0.502014,0.4705,270.4708,0
0.9600,27586,0.502136,-0.501709,0.493835,-0.502319,0.4636,270.4357,0
0.9700,27596,0.502197,-0.501465,0.493652,-0.502625,0.4741,270.4213,0
0.9800,27606,0.502136,-0.501404,0.493530,-0.502869,0.4951,270.4069,0
0.9900,27616,0.502014,-0.501404,0.493530,-0.502991,0.5091,270.3929,0
1.0000,27626,0.501831,-0.501465,0.493713,-0.502930,0.5089,270.3792,0
1.0100,27636,0.501831,-0.501465,0.494202,-0.502502,0.4563,270.3731,0
1.0200,27646,0.501953,-0.501343,0.494263,-0.502380,0.4318,270.3803,0
1.0300,27656,0.502197,-0.501221,0.494202,-0.502319,0.4109,270.3942,0
1.0400,27666,0.502441,-0.501099,0.494080,-0.502319,0.3971,270.4081,0
1.0500,27676,0.502625,-0.501038,0.493896,-0.502319,0.3938,270.4288,0
1.0600,27686,0.502747,-0.501099,0.493835,-0.502258,0.3904,270.4427,0
1.0700,27696,0.502808,-0.501099,0.493774,-0.502197,0.3870,270.4567,0
1.0800,27706,0.502869,-0.501160,0.493774,-0.502136,0.3835,270.4637,0
1.0900,27716,0.502869,-0.501099,0.493774,-0.502136,0.3800,270.4637,0
1.1000,27726,0.502869,-0.501160,0.493774,-0.502136,0.3835,270.4637,0
1.1100,27736,0.502808,-0.501160,0.493774,-0.502197,0.3905,270.4566,0
1.1200,27746,0.502686,-0.501221,0.493774,-0.502258,0.4044,270.4496,0
1.1300,27756,0.502625,-0.501282,0.493713,-0.502319,0.4184,270.4495,0
1.1400,27766,0.502625,-0.501282,0.493652,-0.502380,0.4254,270.4494,0
1.1500,27776,0.502625,-0.501282,0.493530,-0.502441,0.4359,270.4562,0
1.1600,27786,0.502625,-0.501343,0.493530,-0.502502,0.4430,270.4491,0
1.1700,27796,0.502625,-0.501343,0.493469,-0.502563,0.4500,270.4490,0
1.1800,27806,0.502625,-0.501404,0.493347,-0.502563,0.4605,270.4628,0
1.1900,27816,0.502625,-0.501526,0.493286,-0.502563,0.4711,270.4697,0
1.2000,27826,0.502625,-0.501648,0.493103,-0.502563,0.4887,270.4904,0
1.2100,27836,0.502686,-0.501831,0.492920,-0.502563,0.5063,270.5110,0
1.2200,27846,0.502747,-0.502014,0.492676,-0.502502,0.5240,270.5457,0
1.2300,27856,0.502747,-0.502258,0.492432,-0.502502,0.5521,270.5733,0
1.2400,27866,0.502686,-0.502563,0.492249,-0.502441,0.5801,270.6010,0
1.2500,27876,0.502563,-0.502869,0.492126,-0.502380,0.6081,270.6218,0
1.2600,27886,0.502319,-0.503174,0.492126,-0.502258,0.6324,270.6358,0
1.2700,27896,0.501526,-0.503967,0.492187,-0.502197,0.7158,270.6360,0
1.2800,27906,0.501099,-0.504333,0.492310,-0.502197,0.7539,270.6222,0
1.2900,27916,0.500793,-0.504517,0.492371,-0.502197,0.7782,270.6154,0
1.3000,27926,0.500732,-0.504578,0.492310,-0.502319,0.7957,270.6082,0
1.3100,27936,0.500732,-0.504517,0.492065,-0.502625,0.8239,270.6005,0
1.3200,27946,0.500793,-0.504333,0.491821,-0.502991,0.8451,270.5859,0
1.3300,27956,0.500793,-0.504211,0.491577,-0.503357,0.8732,270.5711,0
1.3400,27966,0.500549,-0.504272,0.491394,-0.503662,0.9186,270.5566,0
1.3500,27976,0.500244,-0.504456,0.491272,-0.503906,0.9675,270.5421,0
1.3600,27986,0.499756,-0.504700,0.491272,-0.504089,1.0197,270.5210,0
1.3700,27996,0.499329,-0.504944,0.491333,-0.504272,1.0649,270.4930,0
1.3800,28006,0.498962,-0.505188,0.491333,-0.504456,1.1103,270.4718,0
1.3900,28016,0.498718,-0.505310,0.491150,-0.504639,1.1521,270.4713,0
1.4000,28026,0.498596,-0.505493,0.490906,-0.504883,1.1977,270.4705,0
1.4100,28036,0.498535,-0.505493,0.490906,-0.504883,1.2011,270.4705,0
1.4200,28046,0.498535,-0.505493,0.490906,-0.504883,1.2011,270.4705,0
1.4300,28056,0.498596,-0.505493,0.490967,-0.504822,1.1907,270.4707,0
1.4400,28066,0.498474,-0.505615,0.490906,-0.504883,1.2116,270.4705,0
1.4500,28076,0.498474,-0.505615,0.490784,-0.504944,1.2221,270.4772,0
1.4600,28086,0.498596,-0.505554,0.490662,-0.505066,1.2258,270.4767,0
1.4700,28096,0.498657,-0.505493,0.490601,-0.505127,1.2258,270.4766,0
1.4800,28106,0.498596,-0.505493,0.490601,-0.505127,1.2293,270.4766,0
1.4900,28116,0.498474,-0.505676,0.490784,-0.504944,1.2257,270.4772,0
1.5000,28126,0.498230,-0.505859,0.490967,-0.504761,1.2289,270.4778,0
1.5100,28136,0.498230,-0.505920,0.491333,-0.504395,1.1903,270.4789,0
1.5200,28146,0.498169,-0.505920,0.491638,-0.504089,1.1586,270.4798,0
1.5300,28156,0.498291,-0.505859,0.492004,-0.503723,1.1061,270.4808,0
1.5400,28166,0.498291,-0.505859,0.492126,-0.503662,1.0956,270.4740,0
1.5500,28176,0.498169,-0.505981,0.492187,-0.503540,1.0989,270.4813,0
1.5600,28186,0.498047,-0.506042,0.492310,-0.503418,1.0953,270.4816,0
1.5700,28196,0.497925,-0.506226,0.492432,-0.503296,1.0987,270.4819,0
1.5800,28206,0.497803,-0.506348,0.492554,-0.503174,1.0986,270.4822,0
1.5900,28216,0.497620,-0.506470,0.492737,-0.503052,1.0984,270.4756,0
1.6000,28226,0.497375,-0.506592,0.492981,-0.502930,1.0982,270.4621,0
1.6100,28236,0.497192,-0.506653,0.493225,-0.502808,1.0911,270.4485,0
1.6200,28246,0.497070,-0.506653,0.493408,-0.502747,1.0840,270.4349,0
1.6300,28256,0.497009,-0.506592,0.493530,-0.502747,1.0770,270.4211,0
1.6400,28266,0.497070,-0.506470,0.493591,-0.502747,1.0631,270.4142,0
1.6500,28276,0.497192,-0.506348,0.493591,-0.502747,1.0491,270.4142,0
1.6600,28286,0.497375,-0.506165,0.493530,-0.502808,1.0352,270.4140,0
1.6700,28296,0.497559,-0.505981,0.493591,-0.502808,1.0108,270.4071,0
1.6800,28306,0.497803,-0.505859,0.493591,-0.502686,0.9829,270.4212,0
1.6900,28316,0.497925,-0.505737,0.493713,-0.502502,0.9514,270.4285,0
1.7000,28326,0.497986,-0.505676,0.493896,-0.502319,0.9234,270.4288,0
1.7100,28336,0.497986,-0.505676,0.494141,-0.502075,0.8953,270.4293,0
1.7200,28346,0.497986,-0.505676,0.494385,-0.501892,0.8707,270.4227,0
1.7300,28356,0.497986,-0.505676,0.494568,-0.501709,0.8497,270.4230,0
1.7400,28366,0.497986,-0.505676,0.494690,-0.501587,0.8356,270.4232,0
1.7500,28376,0.497986,-0.505676,0.494751,-0.501526,0.8286,270.4232,0
1.7600,28386,0.498047,-0.505615,0.494751,-0.501526,0.8216,270.4232,0
1.7700,28396,0.498108,-0.505432,0.494690,-0.501709,0.8217,270.4091,0
1.7800,28406,0.498169,-0.505310,0.494629,-0.501831,0.8218,270.4020,0
1.7900,28416,0.498108,-0.505127,0.494812,-0.501831,0.8043,270.3813,0
1.8000,28426,0.497986,-0.505127,0.495117,-0.501709,0.7867,270.3607,0
1.8100,28436,0.497925,-0.505066,0.495361,-0.501587,0.7657,270.3470,0
1.8200,28446,0.498047,-0.505005,0.495422,-0.501526,0.7482,270.3470,0
1.8300,28456,0.498108,-0.504883,0.495483,-0.501465,0.7307,270.3472,0
1.8400,28466,0.498230,-0.504822,0.495483,-0.501465,0.7203,270.3471,0
1.8500,28476,0.498230,-0.504883,0.495422,-0.501465,0.7273,270.3541,0
1.8600,28486,0.498108,-0.505005,0.495422,-0.501404,0.7377,270.3611,0
1.8700,28496,0.497986,-0.505188,0.495544,-0.501221,0.7376,270.3683,0
1.8800,28506,0.497864,-0.505432,0.495605,-0.501038,0.7445,270.3824,0
1.8900,28516,0.497742,-0.505615,0.495667,-0.500916,0.7514,270.3895,0
1.9000,28526,0.497620,-0.505798,0.495728,-0.500793,0.7582,270.3965,0
1.9100,28536,0.497498,-0.505981,0.495789,-0.500671,0.7651,270.4036,0
1.9200,28546,0.497314,-0.506165,0.495911,-0.500549,0.7720,270.4037,0
1.9300,28556,0.497070,-0.506348,0.496094,-0.500427,0.7789,270.3969,0
1.9400,28566,0.496826,-0.506531,0.496277,-0.500366,0.7893,270.3831,0
1.9500,28576,0.496643,-0.506592,0.496399,-0.500305,0.7927,270.3762,0
1.9600,28586,0.496460,-0.506653,0.496460,-0.500366,0.8067,270.3623,0
1.9700,28596,0.496399,-0.506653,0.496399,-0.500488,0.8207,270.3552,0
1.9800,28606,0.496338,-0.506592,0.496338,-0.500671,0.8348,270.3412,0
1.9900,28616,0.496338,-0.506531,0.496155,-0.500916,0.8559,270.3340,0
2.0000,28626,0.496338,-0.506409,0.495972,-0.501221,0.8770,270.3197,0
2.0100,28636,0.496338,-0.506287,0.495911,-0.501465,0.8876,270.2986,0
2.0200,28646,0.496277,-0.506165,0.495911,-0.501587,0.8912,270.2846,0
2.0300,28656,0.496094,-0.506165,0.496033,-0.501648,0.8982,270.2637,0
2.0400,28666,0.495972,-0.506104,0.496216,-0.501648,0.8912,270.2429,0
2.0500,28676,0.495850,-0.506165,0.496460,-0.501465,0.8771,270.2361,0
2.0600,28686,0.495911,-0.506165,0.496521,-0.501343,0.8631,270.2432,0
2.0700,28696,0.495972,-0.506226,0.496521,-0.501160,0.8525,270.2643,0
2.0800,28706,0.496033,-0.506409,0.496582,-0.500916,0.8419,270.2853,0
2.0900,28716,0.496033,-0.506531,0.496643,-0.500732,0.8348,270.2994,0
2.1000,28726,0.496033,-0.506775,0.496643,-0.500488,0.8347,270.3274,0
2.1100,28736,0.495972,-0.507019,0.496643,-0.500305,0.8415,270.3484,0
2.1200,28746,0.495972,-0.507202,0.496582,-0.500122,0.8448,270.3764,0
2.1300,28756,0.495911,-0.507385,0.496582,-0.500061,0.8553,270.3834,0
2.1400,28766,0.495850,-0.507507,0.496521,-0.500000,0.8656,270.3973,0
2.1500,28776,0.495728,-0.507629,0.496521,-0.500000,0.8796,270.3973,0
2.1600,28786,0.495605,-0.507751,0.496582,-0.500061,0.8936,270.3834,0
2.1700,28796,0.495361,-0.507812,0.496643,-0.500061,0.9075,270.3765,0
2.1800,28806,0.495056,-0.507935,0.496887,-0.500000,0.9145,270.3557,0
2.1900,28816,0.494812,-0.507996,0.497131,-0.500000,0.9181,270.3278,0
2.2000,28826,0.494568,-0.507996,0.497375,-0.499939,0.9146,270.3070,0
2.2100,28836,0.494385,-0.507935,0.497620,-0.499939,0.9077,270.2791,0
2.2200,28846,0.494202,-0.507935,0.497864,-0.499939,0.9043,270.2513,0
2.2300,28856,0.494141,-0.507812,0.497986,-0.499939,0.8939,270.2374,0
2.2400,28866,0.494080,-0.507690,0.498108,-0.500000,0.8870,270.2164,0
2.2500,28876,0.494202,-0.507568,0.498108,-0.500061,0.8766,270.2094,0
2.2600,28886,0.494385,-0.507324,0.498047,-0.500122,0.8592,270.2094,0
2.2700,28896,0.494568,-0.507202,0.497986,-0.500183,0.8487,270.2094,0
2.2800,28906,0.494690,-0.507080,0.497986,-0.500183,0.8347,270.2094,0
2.2900,28916,0.494751,-0.507019,0.498169,-0.500061,0.8103,270.2025,0
2.3000,28926,0.494690,-0.507080,0.498291,-0.499817,0.7962,270.2165,0
2.3100,28936,0.494751,-0.507202,0.498596,-0.499329,0.7540,270.2375,0
2.3200,28946,0.494934,-0.507202,0.498596,-0.499146,0.7329,270.2585,0
2.3300,28956,0.495056,-0.507263,0.498596,-0.499023,0.7223,270.2725,0
2.3400,28966,0.495117,-0.507324,0.498535,-0.498901,0.7187,270.2934,0
2.3500,28976,0.495117,-0.507446,0.498474,-0.498840,0.7256,270.3074,0
2.3600,28986,0.495056,-0.507568,0.498535,-0.498779,0.7290,270.3073,0
2.3700,28996,0.494934,-0.507690,0.498535,-0.498718,0.7394,270.3143,0
2.3800,29006,0.494812,-0.507751,0.498596,-0.498779,0.7500,270.3004,0
2.3900,29016,0.494629,-0.507812,0.498596,-0.498840,0.7675,270.2934,0
2.4000,29026,0.494507,-0.507812,0.498657,-0.498962,0.7781,270.2725,0
2.4100,29036,0.494385,-0.507751,0.498657,-0.499084,0.7887,270.2585,0
2.4200,29046,0.494263,-0.507751,0.498718,-0.499207,0.7993,270.2375,0
2.4300,29056,0.494202,-0.507690,0.498779,-0.499268,0.7994,270.2236,0
2.4400,29066,0.494141,-0.507629,0.498779,-0.499390,0.8065,270.2096,0
2.4500,29076,0.494263,-0.507507,0.498657,-0.499512,0.8065,270.2096,0
2.4600,29086,0.494385,-0.507385,0.498535,-0.499573,0.8030,270.2166,0
2.4700,29096,0.494507,-0.507263,0.498474,-0.499634,0.7961,270.2166,0
2.4800,29106,0.494568,-0.507202,0.498535,-0.499634,0.7856,270.2096,0
2.4900,29116,0.494507,-0.507263,0.498596,-0.499512,0.7821,270.2166,0
2.5000,29126,0.494385,-0.507385,0.498657,-0.499451,0.7890,270.2166,0
2.5100,29136,0.494324,-0.507446,0.498718,-0.499390,0.7890,270.2166,0
2.5200,29146,0.494263,-0.507568,0.498718,-0.499390,0.7995,270.2166,0
2.5300,29156,0.494202,-0.507690,0.498596,-0.499390,0.8169,270.2306,0
2.5400,29166,0.494141,-0.507751,0.498535,-0.499451,0.8309,270.2306,0
2.5500,29176,0.494080,-0.507812,0.498474,-0.499512,0.8448,270.2305,0
2.5600,29186,0.493896,-0.507996,0.498413,-0.499573,0.8728,270.2305,0
2.5700,29196,0.493835,-0.508057,0.498413,-0.499573,0.8798,270.2305,0
2.5800,29206,0.493835,-0.507996,0.498413,-0.499634,0.8798,270.2235,0
2.5900,29216,0.493774,-0.507996,0.498413,-0.499695,0.8869,270.2166,0
2.6000,29226,0.493774,-0.507996,0.498413,-0.499695,0.8869,270.2166,0
2.6100,29236,0.493713,-0.508057,0.498413,-0.499695,0.8939,270.2166,0
2.6200,29246,0.493591,-0.508179,0.498535,-0.499573,0.8938,270.2166,0
2.6300,29256,0.493469,-0.508301,0.498657,-0.499451,0.8938,270.2166,0
2.6400,29266,0.493286,-0.508484,0.498779,-0.499329,0.9007,270.2166,0
2.6500,29276,0.493164,-0.508606,0.498901,-0.499268,0.9042,270.2096,0
2.6600,29286,0.493164,-0.508667,0.498840,-0.499207,0.9076,270.2236,0
2.6700,29296,0.493286,-0.508606,0.498718,-0.499268,0.9076,270.2306,0
2.6800,29306,0.493286,-0.508606,0.498596,-0.499390,0.9216,270.2306,0
2.6900,29316,0.493286,-0.508606,0.498535,-0.499451,0.9286,270.2306,0
2.7000,29326,0.493164,-0.508667,0.498596,-0.499451,0.9356,270.2236,0
2.7100,29336,0.492981,-0.508728,0.498779,-0.499390,0.9357,270.2096,0
2.7200,29346,0.492859,-0.508728,0.498962,-0.499329,0.9287,270.1957,0
2.7300,29356,0.492859,-0.508606,0.499146,-0.499268,0.9079,270.1817,0
2.7400,29366,0.492981,-0.508484,0.499207,-0.499146,0.8833,270.1887,0
2.7500,29376,0.493164,-0.508362,0.499268,-0.499146,0.8624,270.1817,0
2.7600,29386,0.493347,-0.508240,0.499268,-0.499023,0.8378,270.1957,0
2.7700,29396,0.493408,-0.508240,0.499329,-0.498840,0.8202,270.2097,0
2.7800,29406,0.493469,-0.508362,0.499451,-0.498657,0.8061,270.2166,0
2.7900,29416,0.493408,-0.508484,0.499573,-0.498413,0.7955,270.2305,0
2.8000,29426,0.493347,-0.508545,0.499695,-0.498230,0.7849,270.2375,0
2.8100,29436,0.493347,-0.508667,0.499756,-0.498108,0.7813,270.2444,0
2.8200,29446,0.493347,-0.508667,0.499817,-0.497986,0.7707,270.2513,0
2.8300,29456,0.493347,-0.508667,0.499878,-0.497925,0.7637,270.2513,0
2.8400,29466,0.493225,-0.508728,0.500000,-0.497925,0.7673,270.2373,0
2.8500,29476,0.493042,-0.508789,0.500183,-0.497925,0.7709,270.2163,0
2.8600,29486,0.492798,-0.508789,0.500305,-0.497925,0.7780,270.2024,0
2.8700,29496,0.492676,-0.508789,0.500488,-0.497925,0.7747,270.1813,0
2.8800,29506,0.492554,-0.508728,0.500549,-0.497986,0.7783,270.1674,0
2.8900,29516,0.492493,-0.508667,0.500610,-0.498108,0.7820,270.1464,0
2.9000,29526,0.492432,-0.508606,0.500671,-0.498169,0.7821,270.1325,0
2.9100,29536,0.492432,-0.508484,0.500671,-0.498230,0.7787,270.1255,0
2.9200,29546,0.492615,-0.508362,0.500671,-0.498230,0.7613,270.1255,0
2.9300,29556,0.492737,-0.508240,0.500610,-0.498291,0.7543,270.1255,0
2.9400,29566,0.492981,-0.508057,0.500488,-0.498352,0.7403,270.1326,0
2.9500,29576,0.493164,-0.507935,0.500488,-0.498291,0.7192,270.1395,0
2.9600,29586,0.493225,-0.507935,0.500549,-0.498169,0.7052,270.1465,0
2.9700,29596,0.493225,-0.508057,0.500671,-0.497986,0.6946,270.1534,0
2.9800,29606,0.493164,-0.508118,0.500793,-0.497742,0.6805,270.1672,0
2.9900,29616,0.493225,-0.508240,0.500916,-0.497498,0.6628,270.1811,0
3.0000,29626,0.493347,-0.508301,0.500854,-0.497375,0.6556,270.2020,0
3.0100,29636,0.493591,-0.508301,0.500610,-0.497375,0.6554,270.2300,0
3.0200,29646,0.493774,-0.508301,0.500427,-0.497375,0.6553,270.2510,0
3.0300,29656,0.493896,-0.508362,0.500244,-0.497437,0.6657,270.2650,0
3.0400,29666,0.493958,-0.508362,0.500183,-0.497375,0.6621,270.2790,0
3.0500,29676,0.493835,-0.508423,0.500244,-0.497314,0.6655,270.2790,0
3.0600,29686,0.493774,-0.508545,0.500366,-0.497192,0.6620,270.2789,0
3.0700,29696,0.493713,-0.508545,0.500488,-0.497131,0.6550,270.2718,0
3.0800,29706,0.493835,-0.508484,0.500610,-0.496948,0.6269,270.2787,0
3.0900,29716,0.493896,-0.508362,0.500671,-0.496948,0.6130,270.2717,0
3.1000,29726,0.494019,-0.508362,0.500671,-0.496826,0.5989,270.2856,0
3.1100,29736,0.494019,-0.508362,0.500671,-0.496826,0.5989,270.2856,0
3.1200,29746,0.494019,-0.508423,0.500610,-0.496765,0.6023,270.2995,0
3.1300,29756,0.494080,-0.508484,0.500549,-0.496765,0.6057,270.3065,0
3.1400,29766,0.494080,-0.508606,0.500488,-0.496704,0.6126,270.3205,0
3.1500,29776,0.494080,-0.508728,0.500427,-0.496643,0.6194,270.3344,0
3.1600,29786,0.494141,-0.508789,0.500427,-0.496521,0.6123,270.3483,0
3.1700,29796,0.494202,-0.508850,0.500427,-0.496399,0.6051,270.3622,0
3.1800,29806,0.494263,-0.508850,0.500488,-0.496277,0.5911,270.3691,0
3.1900,29816,0.494263,-0.508850,0.500610,-0.496155,0.5770,270.3690,0
3.2000,29826,0.494202,-0.508911,0.500793,-0.495972,0.5629,270.3688,0
3.2100,29836,0.494080,-0.508972,0.501038,-0.495789,0.5489,270.3615,0
3.2200,29846,0.493958,-0.508972,0.501221,-0.495728,0.5420,270.3474,0
3.2300,29856,0.493896,-0.509033,0.501282,-0.495728,0.5455,270.3404,0
3.2400,29866,0.493896,-0.508972,0.501221,-0.495789,0.5491,270.3405,0
3.2500,29876,0.493835,-0.508911,0.501221,-0.495972,0.5598,270.3197,0
3.2600,29886,0.493652,-0.508850,0.501282,-0.496033,0.5669,270.3058,0
3.2700,29896,0.493469,-0.508850,0.501343,-0.496155,0.5811,270.2849,0
3.2800,29906,0.493347,-0.508850,0.501526,-0.496155,0.5778,270.2638,0
3.2900,29916,0.493164,-0.508789,0.501648,-0.496216,0.5815,270.2429,0
3.3000,29926,0.493042,-0.508789,0.501770,-0.496277,0.5852,270.2219,0
3.3100,29936,0.492981,-0.508728,0.501831,-0.496338,0.5853,270.2079,0
3.3200,29946,0.492981,-0.508667,0.501892,-0.496338,0.5784,270.2009,0
3.3300,29956,0.492981,-0.508606,0.501953,-0.496338,0.5715,270.1939,0
3.3400,29966,0.492920,-0.508667,0.502014,-0.496277,0.5715,270.1938,0
3.3500,29976,0.492920,-0.508667,0.502014,-0.496338,0.5750,270.1868,0
3.3600,29986,0.492920,-0.508667,0.501953,-0.496338,0.5785,270.1939,0
3.3700,29996,0.492920,-0.508667,0.501953,-0.496338,0.5785,270.1939,0
3.3800,30006,0.492920,-0.508667,0.501953,-0.496338,0.5785,270.1939,0
3.3900,30016,0.492920,-0.508667,0.501953,-0.496338,0.5785,270.1939,0
3.4000,30026,0.492981,-0.508606,0.501953,-0.496399,0.5750,270.1869,0
3.4100,30036,0.493042,-0.508545,0.501831,-0.496460,0.5785,270.1940,0
3.4200,30046,0.493103,-0.508423,0.501831,-0.496460,0.5681,270.1940,0
3.4300,30056,0.493225,-0.508362,0.501831,-0.496521,0.5611,270.1871,0
3.4400,30066,0.493225,-0.508362,0.501831,-0.496460,0.5576,270.1940,0
3.4500,30076,0.493225,-0.508362,0.501892,-0.496399,0.5506,270.1939,0
3.4600,30086,0.493164,-0.508362,0.502014,-0.496277,0.5401,270.1938,0
3.4700,30096,0.493103,-0.508423,0.502075,-0.496216,0.5400,270.1937,0
3.4800,30106,0.493042,-0.508484,0.502075,-0.496216,0.5470,270.1937,0
3.4900,30116,0.493103,-0.508545,0.502075,-0.496216,0.5470,270.1937,0
3.5000,30126,0.493103,-0.508545,0.502014,-0.496216,0.5504,270.2007,0
3.5100,30136,0.493103,-0.508484,0.501953,-0.496277,0.5540,270.2008,0
3.5200,30146,0.493103,-0.508484,0.501953,-0.496277,0.5540,270.2008,0
3.5300,30156,0.493103,-0.508545,0.502014,-0.496277,0.5540,270.1938,0
3.5400,30166,0.492981,-0.508667,0.502075,-0.496155,0.5574,270.2007,0
3.5500,30176,0.492737,-0.508789,0.502258,-0.496033,0.5609,270.1935,0
3.5600,30186,0.492676,-0.508789,0.502441,-0.495972,0.5505,270.1793,0
3.5700,30196,0.492737,-0.508728,0.502563,-0.495850,0.5295,270.1791,0
3.5800,30206,0.492859,-0.508545,0.502563,-0.495850,0.5121,270.1791,0
3.5900,30216,0.493164,-0.508362,0.502563,-0.495789,0.4806,270.1861,0
3.6000,30226,0.493164,-0.508362,0.502686,-0.495667,0.4666,270.1859,0
3.6100,30236,0.493164,-0.508484,0.502808,-0.495422,0.4524,270.1995,0
3.6200,30246,0.493164,-0.508545,0.502930,-0.495239,0.4383,270.2062,0
3.6300,30256,0.493225,-0.508545,0.502930,-0.495117,0.4276,270.2201,0
3.6400,30266,0.493530,-0.508484,0.502747,-0.495117,0.4169,270.2412,0
3.6500,30276,0.493774,-0.508301,0.502563,-0.495239,0.4100,270.2484,0
3.6600,30286,0.493958,-0.508240,0.502441,-0.495300,0.4064,270.2556,0
3.6700,30296,0.493958,-0.508240,0.502441,-0.495239,0.4029,270.2625,0
3.6800,30306,0.493835,-0.508301,0.502625,-0.495117,0.3959,270.2552,0
3.6900,30316,0.493652,-0.508362,0.502930,-0.494934,0.3820,270.2409,0
3.7000,30326,0.493530,-0.508362,0.503235,-0.494812,0.3646,270.2195,0
3.7100,30336,0.493530,-0.508240,0.503418,-0.494690,0.3402,270.2122,0
3.7200,30346,0.493713,-0.508057,0.503479,-0.494629,0.3123,270.2121,0
3.7300,30356,0.493896,-0.507874,0.503418,-0.494690,0.2983,270.2122,0
3.7400,30366,0.494019,-0.507751,0.503418,-0.494690,0.2844,270.2122,0
3.7500,30376,0.494141,-0.507629,0.503357,-0.494751,0.2774,270.2124,0
3.7600,30386,0.494141,-0.507629,0.503357,-0.494751,0.2774,270.2124,0
3.7700,30396,0.494019,-0.507629,0.503418,-0.494751,0.2810,270.2054,0
3.7800,30406,0.493896,-0.507690,0.503479,-0.494812,0.2916,270.1914,0
3.7900,30416,0.493774,-0.507751,0.503540,-0.494812,0.2987,270.1843,0
3.8000,30426,0.493652,-0.507751,0.503601,-0.494812,0.3023,270.1773,0
3.8100,30436,0.493591,-0.507751,0.503723,-0.494812,0.2989,270.1632,0
3.8200,30446,0.493530,-0.507751,0.503784,-0.494812,0.2989,270.1561,0
3.8300,30456,0.493469,-0.507690,0.503784,-0.494873,0.3026,270.1492,0
3.8400,30466,0.493469,-0.507690,0.503784,-0.494873,0.3026,270.1492,0
3.8500,30476,0.493469,-0.507690,0.503784,-0.494873,0.3026,270.1492,0
3.8600,30486,0.493469,-0.507690,0.503784,-0.494873,0.3026,270.1492,0
3.8700,30496,0.493469,-0.507690,0.503784,-0.494873,0.3026,270.1492,0
3.8800,30506,0.493408,-0.507690,0.503845,-0.494873,0.3026,270.1422,0
3.8900,30516,0.493286,-0.507751,0.503906,-0.494873,0.3097,270.1351,0
3.9000,30526,0.493164,-0.507812,0.503906,-0.494934,0.3238,270.1282,0
3.9100,30536,0.492981,-0.507935,0.503967,-0.494934,0.3378,270.1212,0
3.9200,30546,0.492859,-0.507996,0.503906,-0.495056,0.3589,270.1143,0
3.9300,30556,0.492737,-0.508057,0.503906,-0.495117,0.3729,270.1074,0
3.9400,30566,0.492676,-0.508057,0.503784,-0.495300,0.3940,270.1007,0
3.9500,30576,0.492676,-0.508057,0.503723,-0.495422,0.4046,270.0939,0
3.9600,30586,0.492676,-0.507996,0.503662,-0.495483,0.4081,270.0941,0
3.9700,30596,0.492676,-0.507935,0.503662,-0.495544,0.4082,270.0871,0
3.9800,30606,0.492676,-0.507935,0.503662,-0.495544,0.4082,270.0871,0
3.9900,30616,0.492737,-0.507874,0.503662,-0.495544,0.4012,270.0871,0
4.0000,30626,0.492920,-0.507874,0.503601,-0.495483,0.3905,270.1011,0
4.0100,30636,0.493042,-0.507874,0.503540,-0.495422,0.3834,270.1151,0
4.0200,30646,0.493103,-0.507874,0.503540,-0.495361,0.3763,270.1220,0
4.0300,30656,0.493164,-0.507996,0.503479,-0.495239,0.3760,270.1429,0
4.0400,30666,0.493164,-0.508118,0.503479,-0.495117,0.3759,270.1567,0
4.0500,30676,0.493164,-0.508240,0.503479,-0.494995,0.3757,270.1706,0
4.0600,30686,0.493103,-0.508301,0.503479,-0.494934,0.3791,270.1775,0
4.0700,30696,0.493103,-0.508362,0.503479,-0.494873,0.3790,270.1844,0
4.0800,30706,0.493103,-0.508362,0.503479,-0.494873,0.3790,270.1844,0
4.0900,30716,0.493103,-0.508301,0.503479,-0.494934,0.3791,270.1775,0
4.1000,30726,0.493103,-0.508362,0.503479,-0.494934,0.3826,270.1775,0
4.1100,30736,0.492981,-0.508362,0.503540,-0.494934,0.3862,270.1705,0
4.1200,30746,0.492920,-0.508362,0.503601,-0.494995,0.3898,270.1565,0
4.1300,30756,0.492859,-0.508301,0.503662,-0.494995,0.3864,270.1495,0
4.1400,30766,0.492920,-0.508240,0.503723,-0.494934,0.3724,270.1494,0
4.1500,30776,0.492981,-0.508179,0.503845,-0.494873,0.3550,270.1422,0
4.1600,30786,0.493103,-0.508057,0.503967,-0.494690,0.3235,270.1488,0
4.1700,30796,0.493225,-0.507935,0.504089,-0.494568,0.2955,270.1486,0
4.1800,30806,0.493347,-0.507812,0.504211,-0.494446,0.2675,270.1483,0
4.1900,30816,0.493652,-0.507751,0.504211,-0.494324,0.2393,270.1621,0
4.2000,30826,0.493835,-0.507690,0.504089,-0.494202,0.2251,270.1901,0
4.2100,30836,0.494019,-0.507690,0.504028,-0.494080,0.2109,270.2109,0
4.2200,30846,0.494141,-0.507751,0.504028,-0.493958,0.2002,270.2248,0
4.2300,30856,0.494141,-0.507812,0.504089,-0.493835,0.1931,270.2315,0
4.2400,30866,0.494080,-0.507874,0.504150,-0.493713,0.1895,270.2383,0
4.2500,30876,0.494080,-0.507935,0.504272,-0.493591,0.1789,270.2380,0
4.2600,30886,0.494080,-0.507935,0.504395,-0.493469,0.1649,270.2377,0
4.2700,30896,0.494141,-0.507874,0.504456,-0.493408,0.1509,270.2375,0
4.2800,30906,0.494141,-0.507751,0.504578,-0.493347,0.1335,270.2303,0
4.2900,30916,0.494202,-0.507629,0.504700,-0.493347,0.1162,270.2162,0
4.3000,30926,0.494141,-0.507568,0.504822,-0.493347,0.1094,270.2021,0
4.3100,30936,0.494080,-0.507507,0.504944,-0.493347,0.1025,270.1880,0
4.3200,30946,0.493958,-0.507446,0.505005,-0.493408,0.1062,270.1740,0
4.3300,30956,0.493896,-0.507385,0.505066,-0.493469,0.1064,270.1600,0
4.3400,30966,0.493835,-0.507385,0.505066,-0.493530,0.1135,270.1531,0
4.3500,30976,0.493713,-0.507385,0.505066,-0.493652,0.1277,270.1393,0
4.3600,30986,0.493530,-0.507446,0.505127,-0.493713,0.1418,270.1253,0
4.3700,30996,0.493225,-0.507568,0.505188,-0.493835,0.1700,270.1045,0
4.3800,31006,0.493164,-0.507629,0.505188,-0.493896,0.1806,270.0976,0
4.3900,31016,0.493225,-0.507568,0.505066,-0.493958,0.1840,270.1048,0
4.4000,31026,0.493286,-0.507507,0.505005,-0.494080,0.1876,270.0980,0
4.4100,31036,0.493347,-0.507446,0.504944,-0.494141,0.1876,270.0982,0
4.4200,31046,0.493347,-0.507446,0.504944,-0.494141,0.1876,270.0982,0
4.4300,31056,0.493347,-0.507446,0.505005,-0.494019,0.1771,270.1049,0
4.4400,31066,0.493286,-0.507507,0.505066,-0.493958,0.1770,270.1048,0
4.4500,31076,0.493347,-0.507446,0.505127,-0.493896,0.1631,270.1046,0
4.4600,31086,0.493408,-0.507385,0.505127,-0.493896,0.1561,270.1046,0
4.4700,31096,0.493530,-0.507385,0.505005,-0.493958,0.1595,270.1118,0
4.4800,31106,0.493652,-0.507324,0.504883,-0.494019,0.1594,270.1190,0
4.4900,31116,0.493774,-0.507263,0.504700,-0.494080,0.1628,270.1333,0
4.5000,31126,0.493896,-0.507202,0.504639,-0.494141,0.1593,270.1335,0
4.5100,31136,0.493896,-0.507202,0.504639,-0.494141,0.1593,270.1335,0
4.5200,31146,0.493835,-0.507263,0.504700,-0.494080,0.1593,270.1333,0
4.5300,31156,0.493713,-0.507385,0.504822,-0.493896,0.1557,270.1400,0
4.5400,31166,0.493591,-0.507568,0.504944,-0.493774,0.1591,270.1396,0
4.5500,31176,0.493469,-0.507629,0.505005,-0.493713,0.1626,270.1395,0
4.5600,31186,0.493469,-0.507690,0.505005,-0.493652,0.1625,270.1464,0
4.5700,31196,0.493469,-0.507812,0.504944,-0.493652,0.1729,270.1534,0
4.5800,31206,0.493469,-0.507812,0.504944,-0.493652,0.1729,270.1534,0
4.5900,31216,0.493469,-0.507812,0.504944,-0.493652,0.1729,270.1534,0
4.6000,31226,0.493408,-0.507812,0.505005,-0.493591,0.1694,270.1533,0
4.6100,31236,0.493347,-0.507812,0.505005,-0.493652,0.1765,270.1464,0
4.6200,31246,0.493408,-0.507690,0.505066,-0.493713,0.1661,270.1324,0
4.6300,31256,0.493530,-0.507263,0.505066,-0.493958,0.1491,270.1048,0
4.6400,31266,0.493591,-0.507141,0.505066,-0.494080,0.1458,270.0910,0
4.6500,31276,0.493591,-0.507019,0.505127,-0.494080,0.1354,270.0839,0
4.6600,31286,0.493591,-0.506958,0.505249,-0.494141,0.1286,270.0628,0
4.6700,31296,0.493591,-0.506897,0.505310,-0.494141,0.1217,270.0558,0
4.6800,31306,0.493591,-0.506775,0.505371,-0.494080,0.1078,270.0556,0
4.6900,31316,0.493652,-0.506775,0.505432,-0.494019,0.0972,270.0555,0
4.7000,31326,0.493591,-0.506775,0.505493,-0.493958,0.0938,270.0553,0
4.7100,31336,0.493469,-0.506897,0.505615,-0.493835,0.0938,270.0550,0
4.7200,31346,0.493408,-0.506958,0.505737,-0.493713,0.0867,270.0547,0
4.7300,31356,0.493286,-0.507080,0.505798,-0.493652,0.0937,270.0545,0
4.7400,31366,0.493286,-0.507080,0.505737,-0.493713,0.1007,270.0547,0
4.7500,31376,0.493286,-0.507080,0.505737,-0.493713,0.1007,270.0547,0
4.7600,31386,0.493286,-0.507019,0.505737,-0.493774,0.1008,270.0477,0
4.7700,31396,0.493286,-0.506897,0.505737,-0.493896,0.1010,270.0339,0
4.7800,31406,0.493347,-0.506714,0.505798,-0.494019,0.0907,270.0130,0
4.7900,31416,0.493347,-0.506592,0.505859,-0.494080,0.0839,269.9991,0
4.8000,31426,0.493286,-0.506470,0.505981,-0.494080,0.0737,269.9849,0
4.8100,31436,0.493286,-0.506348,0.506042,-0.494141,0.0668,269.9709,0
4.8200,31446,0.493164,-0.506287,0.506165,-0.494263,0.0706,269.9429,0
4.8300,31456,0.493103,-0.506226,0.506226,-0.494324,0.0708,269.9289,0
4.8400,31466,0.493042,-0.506165,0.506287,-0.494385,0.0710,269.9149,0
4.8500,31476,0.493042,-0.506104,0.506287,-0.494446,0.0711,269.9080,0
4.8600,31486,0.492981,-0.506042,0.506287,-0.494568,0.0782,269.8942,0
4.8700,31496,0.492920,-0.506042,0.506287,-0.494629,0.0853,269.8873,0
4.8800,31506,0.492737,-0.506104,0.506409,-0.494568,0.0890,269.8800,0
4.8900,31516,0.492676,-0.506165,0.506470,-0.494507,0.0890,269.8799,0
4.9000,31526,0.492676,-0.506165,0.506470,-0.494507,0.0890,269.8799,0
4.9100,31536,0.492737,-0.506104,0.506470,-0.494507,0.0820,269.8799,0
4.9200,31546,0.492920,-0.505981,0.506348,-0.494568,0.0749,269.8871,0
4.9300,31556,0.493042,-0.505859,0.506348,-0.494629,0.0644,269.8802,0
4.9400,31566,0.492981,-0.505798,0.506348,-0.494690,0.0680,269.8733,0
4.9500,31576,0.492859,-0.505798,0.506470,-0.494690,0.0682,269.8591,0
4.9600,31586,0.492676,-0.505859,0.506653,-0.494629,0.0684,269.8448,0
4.9700,31596,0.492554,-0.505859,0.506836,-0.494629,0.0652,269.8235,0
4.9800,31606,0.492432,-0.505798,0.506897,-0.494690,0.0689,269.8095,0
4.9900,31616,0.492493,-0.505615,0.506836,-0.494873,0.0690,269.7958,0
5.0000,31626,0.492554,-0.505432,0.506775,-0.495056,0.0691,269.7821,0
5.0100,31636,0.492615,-0.505310,0.506714,-0.495178,0.0692,269.7754,0
5.0200,31646,0.492676,-0.505310,0.506714,-0.495178,0.0656,269.7754,0
5.0300,31656,0.492676,-0.505249,0.506775,-0.495178,0.0587,269.7683,0
5.0400,31666,0.492676,-0.505249,0.506836,-0.495056,0.0482,269.7750,0
5.0500,31676,0.492737,-0.505249,0.506897,-0.494934,0.0342,269.7818,0
5.0600,31686,0.492798,-0.505310,0.506958,-0.494751,0.0200,269.7954,0
5.0700,31696,0.492920,-0.505371,0.507019,-0.494507,-0.0012,269.8160,0
5.0800,31706,0.492981,-0.505493,0.507019,-0.494385,-0.0049,269.8299,0
5.0900,31716,0.493103,-0.505615,0.506958,-0.494202,-0.0122,269.8577,0
5.1000,31726,0.493164,-0.505676,0.506836,-0.494141,-0.0089,269.8788,0
5.1100,31736,0.493225,-0.505737,0.506775,-0.494080,-0.0091,269.8928,0
5.1200,31746,0.493225,-0.505676,0.506775,-0.494141,-0.0090,269.8859,0
5.1300,31756,0.493286,-0.505676,0.506714,-0.494202,-0.0056,269.8861,0
5.1400,31766,0.493286,-0.505432,0.506714,-0.494446,-0.0053,269.8584,0
5.1500,31776,0.493225,-0.505310,0.506775,-0.494507,-0.0086,269.8444,0
5.1600,31786,0.493103,-0.505249,0.506897,-0.494568,-0.0083,269.8233,0
5.1700,31796,0.492981,-0.505188,0.507080,-0.494629,-0.0115,269.7951,0
5.1800,31806,0.492920,-0.505066,0.507202,-0.494629,-0.0218,269.7809,0
5.1900,31816,0.492981,-0.504944,0.507202,-0.494751,-0.0252,269.7671,0
5.2000,31826,0.493164,-0.504761,0.507141,-0.494751,-0.0427,269.7742,0
5.2100,31836,0.493225,-0.504700,0.507141,-0.494812,-0.0462,269.7673,0
5.2200,31846,0.493225,-0.504700,0.507141,-0.494812,-0.0462,269.7673,0
5.2300,31856,0.493103,-0.504822,0.507202,-0.494690,-0.0427,269.7740,0
5.2400,31866,0.493042,-0.504883,0.507324,-0.494629,-0.0461,269.7668,0
5.2500,31876,0.492981,-0.504883,0.507324,-0.494568,-0.0461,269.7736,0
5.2600,31886,0.493042,-0.504822,0.507324,-0.494690,-0.0461,269.7598,0
5.2700,31896,0.493103,-0.504639,0.507263,-0.494751,-0.0530,269.7600,0
5.2800,31906,0.493164,-0.504517,0.507324,-0.494812,-0.0634,269.7460,0
5.2900,31916,0.493103,-0.504456,0.507507,-0.494812,-0.0737,269.7247,0
5.3000,31926,0.492981,-0.504395,0.507690,-0.494751,-0.0839,269.7103,0
5.3100,31936,0.492981,-0.504272,0.507812,-0.494751,-0.0977,269.6961,0
5.3200,31946,0.493042,-0.504150,0.507751,-0.494934,-0.0941,269.6824,0
5.3300,31956,0.493164,-0.503906,0.507629,-0.495117,-0.0976,269.6758,0
5.3400,31966,0.493286,-0.503723,0.507507,-0.495361,-0.0941,269.6624,0
5.3500,31976,0.493347,-0.503601,0.507446,-0.495483,-0.0941,269.6556,0
5.3600,31986,0.493225,-0.503601,0.507507,-0.495483,-0.0905,269.6485,0
5.3700,31996,0.493103,-0.503662,0.507629,-0.495422,-0.0903,269.6412,0
5.3800,32006,0.492920,-0.503784,0.507812,-0.495361,-0.0866,269.6269,0
5.3900,32016,0.492859,-0.503845,0.507874,-0.495300,-0.0866,269.6267,0
5.4000,32026,0.492920,-0.503784,0.507874,-0.495300,-0.0936,269.6267,0
5.4100,32036,0.492981,-0.503723,0.507812,-0.495361,-0.0936,269.6269,0
5.4200,32046,0.492981,-0.503723,0.507812,-0.495361,-0.0936,269.6269,0
5.4300,32056,0.492981,-0.503723,0.507812,-0.495361,-0.0936,269.6269,0
5.4400,32066,0.492981,-0.503723,0.507812,-0.495361,-0.0936,269.6269,0
5.4500,32076,0.492920,-0.503723,0.507874,-0.495361,-0.0935,269.6198,0
5.4600,32086,0.492981,-0.503601,0.507812,-0.495483,-0.0935,269.6130,0
5.4700,32096,0.493042,-0.503479,0.507751,-0.495605,-0.0935,269.6062,0
5.4800,32106,0.493103,-0.503296,0.507751,-0.495667,-0.1039,269.5993,0
5.4900,32116,0.493164,-0.503174,0.507812,-0.495728,-0.1143,269.5853,0
5.5000,32126,0.493103,-0.503113,0.507935,-0.495728,-0.1211,269.5710,0
5.5100,32136,0.493042,-0.503052,0.508118,-0.495667,-0.1349,269.5567,0
5.5200,32146,0.492920,-0.503052,0.508362,-0.495544,-0.1486,269.5421,0
5.5300,32156,0.492859,-0.503052,0.508545,-0.495422,-0.1625,269.5346,0
5.5400,32166,0.492859,-0.503052,0.508606,-0.495300,-0.1730,269.5414,0
5.5500,32176,0.492920,-0.502991,0.508667,-0.495239,-0.1869,269.5411,0
5.5600,32186,0.493042,-0.502869,0.508606,-0.495300,-0.1940,269.5414,0
5.5700,32196,0.493164,-0.502747,0.508606,-0.495361,-0.2045,269.5344,0
5.5800,32206,0.493225,-0.502625,0.508606,-0.495361,-0.2150,269.5344,0
5.5900,32216,0.493225,-0.502502,0.508728,-0.495361,-0.2289,269.5202,0
5.6000,32226,0.493103,-0.502441,0.508972,-0.495361,-0.2390,269.4917,0
5.6100,32236,0.492920,-0.502380,0.509216,-0.495300,-0.2491,269.4702,0
5.6200,32246,0.492859,-0.502319,0.509399,-0.495239,-0.2628,269.4557,0
5.6300,32256,0.492737,-0.502319,0.509583,-0.495239,-0.2661,269.4344,0
5.6400,32266,0.492615,-0.502258,0.509644,-0.495239,-0.2658,269.4272,0
5.6500,32276,0.492554,-0.502258,0.509766,-0.495239,-0.2692,269.4129,0
5.6600,32286,0.492615,-0.502319,0.509705,-0.495239,-0.2658,269.4201,0
5.6700,32296,0.492615,-0.502380,0.509644,-0.495178,-0.2624,269.4341,0
5.6800,32306,0.492676,-0.502441,0.509644,-0.495056,-0.2696,269.4480,0
5.6900,32316,0.492676,-0.502563,0.509644,-0.494934,-0.2697,269.4618,0
5.7000,32326,0.492615,-0.502747,0.509644,-0.494812,-0.2627,269.4757,0
5.7100,32336,0.492676,-0.502808,0.509644,-0.494690,-0.2699,269.4895,0
5.7200,32346,0.492676,-0.502869,0.509644,-0.494629,-0.2699,269.4964,0
5.7300,32356,0.492798,-0.502808,0.509583,-0.494629,-0.2771,269.5036,0
5.7400,32366,0.492798,-0.502747,0.509644,-0.494629,-0.2840,269.4964,0
5.7500,32376,0.492798,-0.502686,0.509827,-0.494507,-0.3048,269.4889,0
5.7600,32386,0.492615,-0.502686,0.510132,-0.494385,-0.3184,269.4670,0
5.7700,32396,0.492371,-0.502747,0.510498,-0.494141,-0.3354,269.4518,0
5.7800,32406,0.492187,-0.502808,0.510803,-0.494019,-0.3455,269.4300,0
5.7900,32416,0.492126,-0.502808,0.510925,-0.493958,-0.3523,269.4226,0
5.8000,32426,0.492187,-0.502747,0.510864,-0.494019,-0.3524,269.4229,0
5.8100,32436,0.492310,-0.502625,0.510742,-0.494141,-0.3525,269.4233,0
5.8200,32446,0.492432,-0.502502,0.510620,-0.494202,-0.3561,269.4306,0
5.8300,32456,0.492432,-0.502502,0.510620,-0.494263,-0.3526,269.4238,0
5.8400,32466,0.492371,-0.502502,0.510620,-0.494202,-0.3526,269.4306,0
5.8500,32476,0.492371,-0.502563,0.510681,-0.494141,-0.3561,269.4304,0
5.8600,32486,0.492310,-0.502625,0.510742,-0.494141,-0.3525,269.4233,0
5.8700,32496,0.492310,-0.502625,0.510742,-0.494141,-0.3525,269.4233,0
5.8800,32506,0.492371,-0.502563,0.510681,-0.494141,-0.3561,269.4304,0
5.8900,32516,0.492371,-0.502563,0.510681,-0.494202,-0.3526,269.4236,0
5.9000,32526,0.492371,-0.502563,0.510681,-0.494202,-0.3526,269.4236,0
5.9100,32536,0.492310,-0.502625,0.510742,-0.494141,-0.3525,269.4233,0
5.9200,32546,0.492126,-0.502808,0.510925,-0.493896,-0.3558,269.4295,0
5.9300,32556,0.492065,-0.502869,0.510986,-0.493835,-0.3557,269.4293,0
5.9400,32566,0.492065,-0.502930,0.510925,-0.493835,-0.3488,269.4364,0
5.9500,32576,0.492187,-0.502869,0.510864,-0.493835,-0.3560,269.4435,0
5.9600,32586,0.492310,-0.502808,0.510742,-0.493896,-0.3562,269.4509,0
5.9700,32596,0.492310,-0.502808,0.510742,-0.493896,-0.3562,269.4509,0
5.9800,32606,0.492249,-0.502869,0.510803,-0.493835,-0.3561,269.4507,0
5.9900,32616,0.492126,-0.502930,0.510925,-0.493774,-0.3559,269.4433,0
6.0000,32626,0.492004,-0.502930,0.511108,-0.493713,-0.3626,269.4288,0
6.0100,32636,0.492004,-0.502869,0.511169,-0.493713,-0.3695,269.4216,0
6.0200,32646,0.492126,-0.502808,0.511108,-0.493774,-0.3732,269.4219,0
6.0300,32656,0.492249,-0.502686,0.510986,-0.493896,-0.3733,269.4224,0
6.0400,32666,0.492310,-0.502563,0.510925,-0.493958,-0.3768,269.4226,0
6.0500,32676,0.492310,-0.502563,0.510925,-0.493958,-0.3768,269.4226,0
6.0600,32686,0.492249,-0.502563,0.510986,-0.493958,-0.3767,269.4154,0
6.0700,32696,0.492065,-0.502563,0.511108,-0.493958,-0.3729,269.4011,0
6.0800,32706,0.491943,-0.502563,0.511230,-0.494019,-0.3691,269.3799,0
6.0900,32716,0.491882,-0.502441,0.511353,-0.494080,-0.3758,269.3587,0
6.1000,32726,0.491882,-0.502380,0.511353,-0.494202,-0.3722,269.3449,0
6.1100,32736,0.491882,-0.502258,0.511353,-0.494263,-0.3756,269.3380,0
6.1200,32746,0.491943,-0.502136,0.511414,-0.494263,-0.3895,269.3308,0
6.1300,32756,0.491943,-0.502075,0.511536,-0.494263,-0.3999,269.3165,0
6.1400,32766,0.492004,-0.502014,0.511536,-0.494202,-0.4104,269.3234,0
6.1500,32776,0.492004,-0.502014,0.511597,-0.494202,-0.4139,269.3163,0
6.1600,32786,0.492065,-0.501953,0.511536,-0.494202,-0.4175,269.3234,0
6.1700,32796,0.492065,-0.501953,0.511475,-0.494324,-0.4070,269.3168,0
6.1800,32806,0.492065,-0.501953,0.511475,-0.494263,-0.4105,269.3236,0
6.1900,32816,0.492004,-0.502014,0.511536,-0.494202,-0.4104,269.3234,0
6.2000,32826,0.491943,-0.502014,0.511597,-0.494202,-0.4103,269.3163,0
6.2100,32836,0.491943,-0.502014,0.511597,-0.494202,-0.4103,269.3163,0
6.2200,32846,0.492004,-0.501953,0.511536,-0.494263,-0.4104,269.3165,0
6.2300,32856,0.492126,-0.501892,0.511414,-0.494385,-0.4071,269.3170,0
6.2400,32866,0.492249,-0.501770,0.511292,-0.494446,-0.4107,269.3244,0
6.2500,32876,0.492371,-0.501648,0.511169,-0.494568,-0.4109,269.3248,0
6.2600,32886,0.492493,-0.501526,0.511047,-0.494690,-0.4111,269.3253,0
6.2700,32896,0.492554,-0.501343,0.510986,-0.494873,-0.4111,269.3116,0
6.2800,32906,0.492615,-0.501221,0.510925,-0.495056,-0.4076,269.2981,0
6.2900,32916,0.492615,-0.501099,0.510986,-0.495117,-0.4145,269.2840,0
6.3000,32926,0.492554,-0.500977,0.511108,-0.495178,-0.4212,269.2628,0
6.3100,32936,0.492554,-0.500854,0.511230,-0.495178,-0.4350,269.2485,0
6.3200,32946,0.492554,-0.500732,0.511353,-0.495178,-0.4488,269.2342,0
6.3300,32956,0.492554,-0.500671,0.511414,-0.495117,-0.4592,269.2339,0
6.3400,32966,0.492615,-0.500610,0.511475,-0.495117,-0.4697,269.2268,0
6.3500,32976,0.492615,-0.500610,0.511475,-0.495056,-0.4732,269.2337,0
6.3600,32986,0.492676,-0.500549,0.511536,-0.495056,-0.4837,269.2266,0
6.3700,32996,0.492737,-0.500549,0.511536,-0.494995,-0.4908,269.2335,0
6.3800,33006,0.492737,-0.500488,0.511597,-0.494934,-0.5012,269.2332,0
6.3900,33016,0.492798,-0.500427,0.511658,-0.494934,-0.5117,269.2261,0
6.4000,33026,0.492859,-0.500427,0.511719,-0.494812,-0.5257,269.2328,0
6.4100,33036,0.492859,-0.500366,0.511841,-0.494690,-0.5431,269.2323,0
6.4200,33046,0.492798,-0.500427,0.511963,-0.494568,-0.5499,269.2318,0
6.4300,33056,0.492737,-0.500427,0.512207,-0.494385,-0.5706,269.2239,0
6.4400,33066,0.492798,-0.500366,0.512268,-0.494385,-0.5811,269.2168,0
6.4500,33076,0.492798,-0.500305,0.512207,-0.494446,-0.5776,269.2169,0
6.4600,33086,0.492798,-0.500244,0.512207,-0.494507,-0.5776,269.2101,0
6.4700,33096,0.492798,-0.500244,0.512207,-0.494507,-0.5776,269.2101,0
6.4800,33106,0.492737,-0.500183,0.512268,-0.494507,-0.5809,269.2028,0
6.4900,33116,0.492676,-0.500183,0.512390,-0.494568,-0.5807,269.1817,0
6.5000,33126,0.492615,-0.500122,0.512451,-0.494629,-0.5806,269.1676,0
6.5100,33136,0.492554,-0.500061,0.512451,-0.494629,-0.5804,269.1675,0
6.5200,33146,0.492493,-0.500061,0.512512,-0.494690,-0.5768,269.1534,0
6.5300,33156,0.492493,-0.500061,0.512512,-0.494690,-0.5768,269.1534,0
6.5400,33166,0.492493,-0.500061,0.512512,-0.494690,-0.5768,269.1534,0
6.5500,33176,0.492493,-0.500061,0.512512,-0.494629,-0.5803,269.1603,0
6.5600,33186,0.492432,-0.500122,0.512573,-0.494629,-0.5767,269.1532,0
6.5700,33196,0.492432,-0.500122,0.512573,-0.494629,-0.5767,269.1532,0
6.5800,33206,0.492554,-0.500061,0.512451,-0.494690,-0.5769,269.1606,0
6.5900,33216,0.492676,-0.500061,0.512268,-0.494812,-0.5668,269.1683,0
6.6000,33226,0.492737,-0.500000,0.512085,-0.494873,-0.5600,269.1828,0
6.6100,33236,0.492859,-0.500000,0.512024,-0.494873,-0.5637,269.1900,0
6.6200,33246,0.492859,-0.500000,0.512024,-0.494873,-0.5637,269.1900,0
6.6300,33256,0.492859,-0.500000,0.512024,-0.494873,-0.5637,269.1900,0
6.6400,33266,0.492859,-0.500000,0.512024,-0.494873,-0.5637,269.1900,0
6.6500,33276,0.492920,-0.500000,0.511963,-0.494934,-0.5603,269.1903,0
6.6600,33286,0.493042,-0.500000,0.511902,-0.494873,-0.5675,269.2044,0
6.6700,33296,0.493103,-0.500000,0.511902,-0.494751,-0.5781,269.2182,0
6.6800,33306,0.493225,-0.500000,0.511841,-0.494690,-0.5853,269.2322,0
6.6900,33316,0.493408,-0.500000,0.511902,-0.494446,-0.6135,269.2527,0
6.7000,33326,0.493591,-0.499939,0.511841,-0.494385,-0.6277,269.2668,0
6.7100,33336,0.493713,-0.499878,0.511841,-0.494385,-0.6384,269.2669,0
6.7200,33346,0.493835,-0.499878,0.511780,-0.494324,-0.6456,269.2809,0
6.7300,33356,0.493896,-0.499939,0.511719,-0.494263,-0.6457,269.2950,0
6.7400,33366,0.493958,-0.499939,0.511658,-0.494263,-0.6459,269.3022,0
6.7500,33376,0.493896,-0.500061,0.511719,-0.494141,-0.6458,269.3088,0
6.7600,33386,0.493835,-0.500122,0.511780,-0.494019,-0.6492,269.3155,0
6.7700,33396,0.493774,-0.500183,0.511902,-0.493958,-0.6526,269.3081,0
6.7800,33406,0.493835,-0.500122,0.511902,-0.493896,-0.6631,269.3150,0
6.7900,33416,0.493958,-0.500000,0.511902,-0.493958,-0.6737,269.3081,0
6.8000,33426,0.494141,-0.499817,0.511780,-0.494019,-0.6844,269.3155,0
6.8100,33436,0.494263,-0.499695,0.511719,-0.494080,-0.6915,269.3157,0
6.8200,33446,0.494324,-0.499634,0.511719,-0.494080,-0.6986,269.3157,0
6.8300,33456,0.494263,-0.499695,0.511841,-0.494019,-0.7019,269.3083,0
6.8400,33466,0.494202,-0.499695,0.511963,-0.493896,-0.7122,269.3078,0
6.8500,33476,0.494202,-0.499756,0.512085,-0.493774,-0.7227,269.3073,0
6.8600,33486,0.494141,-0.499817,0.512085,-0.493713,-0.7192,269.3142,0
6.8700,33496,0.494202,-0.499756,0.512146,-0.493713,-0.7297,269.3071,0
6.8800,33506,0.494202,-0.499756,0.512146,-0.493652,-0.7331,269.3139,0
6.8900,33516,0.494263,-0.499695,0.512207,-0.493652,-0.7436,269.3068,0
6.9000,33526,0.494263,-0.499695,0.512268,-0.493530,-0.7541,269.3134,0
6.9100,33536,0.494263,-0.499695,0.512268,-0.493530,-0.7541,269.3134,0
6.9200,33546,0.494324,-0.499634,0.512207,-0.493591,-0.7542,269.3137,0
6.9300,33556,0.494385,-0.499573,0.512207,-0.493652,-0.7577,269.3068,0
6.9400,33566,0.494385,-0.499573,0.512146,-0.493713,-0.7508,269.3071,0
6.9500,33576,0.494263,-0.499634,0.512329,-0.493530,-0.7610,269.3063,0
6.9600,33586,0.494202,-0.499634,0.512573,-0.493408,-0.7782,269.2914,0
6.9700,33596,0.494202,-0.499573,0.512695,-0.493286,-0.7956,269.2909,0
6.9800,33606,0.494263,-0.499512,0.512756,-0.493225,-0.8096,269.2906,0
6.9900,33616,0.494385,-0.499390,0.512817,-0.493164,-0.8306,269.2903,0
7.0000,33626,0.494507,-0.499329,0.512817,-0.493164,-0.8412,269.2903,0
7.0100,33636,0.494507,-0.499268,0.512817,-0.493103,-0.8482,269.2971,0
7.0200,33646,0.494446,-0.499329,0.512878,-0.493103,-0.8446,269.2900,0
7.0300,33656,0.494385,-0.499451,0.513000,-0.492981,-0.8480,269.2895,0
7.0400,33666,0.494263,-0.499512,0.513062,-0.492920,-0.8443,269.2892,0
7.0500,33676,0.494263,-0.499573,0.513123,-0.492859,-0.8478,269.2890,0
7.0600,33686,0.494263,-0.499573,0.513123,-0.492859,-0.8478,269.2890,0
7.0700,33696,0.494324,-0.499451,0.513062,-0.492920,-0.8514,269.2892,0
7.0800,33706,0.494385,-0.499390,0.512939,-0.492981,-0.8480,269.2966,0
7.0900,33716,0.494385,-0.499390,0.512939,-0.492981,-0.8480,269.2966,0
7.1000,33726,0.494324,-0.499451,0.513000,-0.492920,-0.8479,269.2963,0
7.1100,33736,0.494263,-0.499573,0.513123,-0.492859,-0.8478,269.2890,0
7.1200,33746,0.494141,-0.499634,0.513184,-0.492798,-0.8442,269.2886,0
7.1300,33756,0.494141,-0.499695,0.513184,-0.492737,-0.8442,269.2955,0
7.1400,33766,0.494080,-0.499817,0.513123,-0.492676,-0.8338,269.3096,0
7.1500,33776,0.494080,-0.499939,0.513062,-0.492615,-0.8269,269.3236,0
7.1600,33786,0.494019,-0.500061,0.513123,-0.492493,-0.8269,269.3302,0
7.1700,33796,0.494080,-0.500183,0.513123,-0.492432,-0.8271,269.3372,0
7.1800,33806,0.494080,-0.500183,0.513062,-0.492371,-0.8271,269.3512,0
7.1900,33816,0.494263,-0.500122,0.513000,-0.492371,-0.8379,269.3584,0
7.2000,33826,0.494568,-0.499939,0.512939,-0.492371,-0.8627,269.3656,0
7.2100,33836,0.494629,-0.499878,0.512939,-0.492310,-0.8732,269.3725,0
7.2200,33846,0.494629,-0.499756,0.513062,-0.492310,-0.8870,269.3581,0
7.2300,33856,0.494629,-0.499695,0.513123,-0.492249,-0.8974,269.3578,0
7.2400,33866,0.494690,-0.499634,0.513123,-0.492371,-0.8975,269.3441,0
7.2500,33876,0.494751,-0.499512,0.513062,-0.492493,-0.8975,269.3375,0
7.2600,33886,0.494812,-0.499390,0.512939,-0.492554,-0.8976,269.3448,0
7.2700,33896,0.494873,-0.499390,0.512817,-0.492676,-0.8872,269.3455,0
7.2800,33906,0.494873,-0.499390,0.512817,-0.492676,-0.8872,269.3455,0
7.2900,33916,0.494812,-0.499451,0.512817,-0.492615,-0.8837,269.3523,0
7.3000,33926,0.494812,-0.499512,0.512939,-0.492554,-0.8907,269.3449,0
7.3100,33936,0.494812,-0.499512,0.513000,-0.492371,-0.9046,269.3584,0
7.3200,33946,0.494934,-0.499512,0.513000,-0.492310,-0.9153,269.3653,0
7.3300,33956,0.494995,-0.499512,0.513062,-0.492187,-0.9293,269.3719,0
7.3400,33966,0.495178,-0.499451,0.513000,-0.492126,-0.9436,269.3859,0
7.3500,33976,0.495361,-0.499390,0.512939,-0.492126,-0.9543,269.3932,0
7.3600,33986,0.495483,-0.499329,0.512878,-0.492065,-0.9650,269.4072,0
7.3700,33996,0.495605,-0.499329,0.512878,-0.491943,-0.9791,269.4209,0
7.3800,34006,0.495667,-0.499329,0.512878,-0.491882,-0.9862,269.4278,0
7.3900,34016,0.495667,-0.499268,0.513000,-0.491760,-1.0036,269.4272,0
7.4000,34026,0.495728,-0.499207,0.513062,-0.491699,-1.0175,269.4269,0
7.4100,34036,0.495789,-0.499146,0.513123,-0.491699,-1.0280,269.4197,0
7.4200,34046,0.495850,-0.499146,0.513123,-0.491638,-1.0351,269.4266,0
7.4300,34056,0.495850,-0.499084,0.513184,-0.491638,-1.0420,269.4194,0
7.4400,34066,0.495728,-0.499084,0.513306,-0.491638,-1.0418,269.4051,0
7.4500,34076,0.495667,-0.499023,0.513367,-0.491638,-1.0451,269.3979,0
7.4600,34086,0.495605,-0.498901,0.513428,-0.491821,-1.0414,269.3701,0
7.4700,34096,0.495667,-0.498779,0.513428,-0.491882,-1.0484,269.3632,0
7.4800,34106,0.495667,-0.498718,0.513489,-0.491882,-1.0553,269.3560,0
7.4900,34116,0.495605,-0.498718,0.513611,-0.491821,-1.0621,269.3485,0
7.5000,34126,0.495422,-0.498779,0.513733,-0.491760,-1.0583,269.3410,0
7.5100,34136,0.495300,-0.498901,0.513855,-0.491638,-1.0581,269.3404,0
7.5200,34146,0.495300,-0.498962,0.513916,-0.491577,-1.0617,269.3401,0
7.5300,34156,0.495300,-0.498962,0.513916,-0.491577,-1.0617,269.3401,0
7.5400,34166,0.495422,-0.498962,0.513794,-0.491577,-1.0619,269.3545,0
7.5500,34176,0.495483,-0.498962,0.513672,-0.491638,-1.0551,269.3620,0
7.5600,34186,0.495483,-0.499023,0.513550,-0.491638,-1.0447,269.3763,0
7.5700,34196,0.495422,-0.499084,0.513550,-0.491638,-1.0377,269.3763,0
7.5800,34206,0.495361,-0.499146,0.513611,-0.491577,-1.0376,269.3760,0
7.5900,34216,0.495239,-0.499268,0.513733,-0.491455,-1.0375,269.3754,0
7.6000,34226,0.495178,-0.499268,0.513794,-0.491455,-1.0373,269.3682,0
7.6100,34236,0.495178,-0.499268,0.513794,-0.491455,-1.0373,269.3682,0
7.6200,34246,0.495239,-0.499207,0.513733,-0.491516,-1.0374,269.3685,0
7.6300,34256,0.495300,-0.499146,0.513672,-0.491577,-1.0375,269.3688,0
7.6400,34266,0.495300,-0.499146,0.513672,-0.491638,-1.0340,269.3620,0
7.6500,34276,0.495300,-0.499146,0.513672,-0.491638,-1.0340,269.3620,0
7.6600,34286,0.495300,-0.499146,0.513672,-0.491577,-1.0375,269.3688,0
7.6700,34296,0.495239,-0.499207,0.513733,-0.491516,-1.0374,269.3685,0
7.6800,34306,0.495117,-0.499329,0.513855,-0.491394,-1.0373,269.3679,0
7.6900,34316,0.495056,-0.499390,0.513916,-0.491333,-1.0372,269.3676,0
7.7000,34326,0.495056,-0.499390,0.513916,-0.491333,-1.0372,269.3676,0
7.7100,34336,0.495117,-0.499390,0.513794,-0.491394,-1.0304,269.3751,0
7.7200,34346,0.495178,-0.499512,0.513367,-0.491638,-0.9889,269.3979,0
7.7300,34356,0.495117,-0.499573,0.513306,-0.491760,-0.9714,269.3913,0
7.7400,34366,0.494995,-0.499695,0.513306,-0.491699,-0.9608,269.3982,0
7.7500,34376,0.494873,-0.499817,0.513428,-0.491577,-0.9607,269.3976,0
7.7600,34386,0.494812,-0.499878,0.513550,-0.491516,-0.9641,269.3901,0
7.7700,34396,0.494873,-0.499817,0.513611,-0.491394,-0.9815,269.3967,0
7.7800,34406,0.494934,-0.499756,0.513672,-0.491333,-0.9955,269.3963,0
7.7900,34416,0.495117,-0.499634,0.513672,-0.491333,-1.0132,269.3964,0
7.8000,34426,0.495239,-0.499573,0.513611,-0.491272,-1.0238,269.4104,0
7.8100,34436,0.495361,-0.499573,0.513611,-0.491150,-1.0380,269.4241,0
7.8200,34446,0.495300,-0.499695,0.513672,-0.491028,-1.0380,269.4307,0
7.8300,34456,0.495239,-0.499756,0.513794,-0.490906,-1.0449,269.4301,0
7.8400,34466,0.495117,-0.499878,0.513916,-0.490845,-1.0413,269.4226,0
7.8500,34476,0.495117,-0.499878,0.513977,-0.490784,-1.0482,269.4223,0
7.8600,34486,0.495178,-0.499817,0.513977,-0.490723,-1.0587,269.4291,0
7.8700,34496,0.495178,-0.499756,0.514038,-0.490662,-1.0691,269.4287,0
7.8800,34506,0.495239,-0.499695,0.514099,-0.490662,-1.0796,269.4216,0
7.8900,34516,0.495300,-0.499695,0.514160,-0.490540,-1.0937,269.4281,0
7.9000,34526,0.495361,-0.499634,0.514221,-0.490479,-1.1077,269.4278,0
7.9100,34536,0.495422,-0.499512,0.514282,-0.490479,-1.1216,269.4206,0
7.9200,34546,0.495605,-0.499390,0.514221,-0.490479,-1.1358,269.4278,0
7.9300,34556,0.495789,-0.499268,0.514160,-0.490540,-1.1465,269.4281,0
7.9400,34566,0.495850,-0.499146,0.514160,-0.490540,-1.1569,269.4281,0
7.9500,34576,0.495911,-0.499146,0.514221,-0.490417,-1.1710,269.4346,0
7.9600,34586,0.495850,-0.499146,0.514343,-0.490295,-1.1813,269.4339,0
7.9700,34596,0.495789,-0.499207,0.514526,-0.490173,-1.1917,269.4261,0
7.9800,34606,0.495911,-0.499146,0.514648,-0.489929,-1.2232,269.4391,0
7.9900,34616,0.496033,-0.499146,0.514587,-0.489929,-1.2269,269.4463,0
8.0000,34626,0.496094,-0.499084,0.514587,-0.489929,-1.2340,269.4463,0
8.0100,34636,0.496094,-0.499084,0.514587,-0.489929,-1.2340,269.4463,0
8.0200,34646,0.496033,-0.499146,0.514648,-0.489807,-1.2374,269.4528,0
8.0300,34656,0.495972,-0.499268,0.514709,-0.489746,-1.2339,269.4525,0
8.0400,34666,0.495911,-0.499329,0.514771,-0.489685,-1.2338,269.4521,0
8.0500,34676,0.495911,-0.499268,0.514832,-0.489685,-1.2407,269.4449,0
8.0600,34686,0.496033,-0.499207,0.514771,-0.489624,-1.2514,269.4589,0
8.0700,34696,0.496155,-0.499207,0.514709,-0.489624,-1.2551,269.4662,0
8.0800,34706,0.496216,-0.499207,0.514709,-0.489502,-1.2657,269.4798,0
8.0900,34716,0.496277,-0.499268,0.514648,-0.489502,-1.2624,269.4871,0
8.1000,34726,0.496277,-0.499268,0.514648,-0.489441,-1.2659,269.4939,0
8.1100,34736,0.496277,-0.499268,0.514648,-0.489441,-1.2659,269.4939,0
8.1200,34746,0.496277,-0.499268,0.514648,-0.489441,-1.2659,269.4939,0
8.1300,34756,0.496277,-0.499329,0.514648,-0.489380,-1.2660,269.5007,0
8.1400,34766,0.496216,-0.499390,0.514709,-0.489380,-1.2624,269.4936,0
8.1500,34776,0.496155,-0.499390,0.514771,-0.489319,-1.2658,269.4932,0
8.1600,34786,0.496155,-0.499390,0.514771,-0.489319,-1.2658,269.4932,0
8.1700,34796,0.496155,-0.499390,0.514771,-0.489319,-1.2658,269.4932,0
8.1800,34806,0.496216,-0.499329,0.514771,-0.489319,-1.2728,269.4932,0
8.1900,34816,0.496277,-0.499329,0.514771,-0.489258,-1.2799,269.5000,0
8.2000,34826,0.496338,-0.499207,0.514832,-0.489258,-1.2938,269.4928,0
8.2100,34836,0.496460,-0.499084,0.514893,-0.489197,-1.3148,269.4925,0
8.2200,34846,0.496582,-0.499023,0.514893,-0.489197,-1.3255,269.4925,0
8.2300,34856,0.496643,-0.498901,0.514893,-0.489197,-1.3359,269.4925,0
8.2400,34866,0.496765,-0.499023,0.514893,-0.489014,-1.3467,269.5130,0
8.2500,34876,0.496765,-0.499084,0.514893,-0.488892,-1.3503,269.5267,0
8.2600,34886,0.496826,-0.499207,0.514893,-0.488770,-1.3540,269.5404,0
8.2700,34896,0.496887,-0.499329,0.514771,-0.488647,-1.3508,269.5684,0
8.2800,34906,0.497070,-0.499390,0.514587,-0.488586,-1.3513,269.5969,0
8.2900,34916,0.497253,-0.499390,0.514465,-0.488586,-1.3551,269.6113,0
8.3000,34926,0.497375,-0.499390,0.514343,-0.488525,-1.3589,269.6325,0
8.3100,34936,0.497437,-0.499390,0.514404,-0.488403,-1.3729,269.6390,0
8.3200,34946,0.497375,-0.499451,0.514465,-0.488342,-1.3729,269.6386,0
8.3300,34956,0.497375,-0.499451,0.514587,-0.488220,-1.3868,269.6379,0
8.3400,34966,0.497375,-0.499451,0.514587,-0.488220,-1.3868,269.6379,0
8.3500,34976,0.497375,-0.499451,0.514587,-0.488220,-1.3868,269.6379,0
8.3600,34986,0.497314,-0.499512,0.514526,-0.488281,-1.3728,269.6382,0
8.3700,34996,0.497253,-0.499573,0.514465,-0.488342,-1.3589,269.6386,0
8.3800,35006,0.497192,-0.499573,0.514465,-0.488403,-1.3518,269.6318,0
8.3900,35016,0.497131,-0.499573,0.514465,-0.488464,-1.3447,269.6249,0
8.4000,35026,0.497192,-0.499451,0.514404,-0.488586,-1.3446,269.6185,0
8.4100,35036,0.497253,-0.499390,0.514404,-0.488708,-1.3447,269.6048,0
8.4200,35046,0.497314,-0.499268,0.514404,-0.488708,-1.3551,269.6048,0
8.4300,35056,0.497375,-0.499207,0.514404,-0.488647,-1.3656,269.6116,0
8.4400,35066,0.497375,-0.499207,0.514526,-0.488525,-1.3796,269.6109,0
8.4500,35076,0.497437,-0.499207,0.514587,-0.488403,-1.3936,269.6174,0
8.4600,35086,0.497498,-0.499268,0.514587,-0.488281,-1.4008,269.6310,0
8.4700,35096,0.497620,-0.499268,0.514526,-0.488220,-1.4080,269.6451,0
8.4800,35106,0.497742,-0.499329,0.514404,-0.488159,-1.4083,269.6663,0
8.4900,35116,0.497803,-0.499451,0.514343,-0.488037,-1.4086,269.6872,0
8.5000,35126,0.497803,-0.499451,0.514343,-0.488037,-1.4086,269.6872,0
8.5100,35136,0.497803,-0.499451,0.514343,-0.488037,-1.4086,269.6872,0
8.5200,35146,0.497864,-0.499390,0.514282,-0.488098,-1.4086,269.6875,0
8.5300,35156,0.497864,-0.499390,0.514282,-0.488098,-1.4086,269.6875,0
8.5400,35166,0.497864,-0.499390,0.514282,-0.488098,-1.4086,269.6875,0
8.5500,35176,0.497864,-0.499390,0.514282,-0.488098,-1.4086,269.6875,0
8.5600,35186,0.497864,-0.499390,0.514282,-0.488098,-1.4086,269.6875,0
8.5700,35196,0.497864,-0.499390,0.514282,-0.488098,-1.4086,269.6875,0
8.5800,35206,0.497864,-0.499390,0.514282,-0.488098,-1.4086,269.6875,0
8.5900,35216,0.497864,-0.499390,0.514282,-0.488098,-1.4086,269.6875,0
8.6000,35226,0.497925,-0.499451,0.514282,-0.487976,-1.4158,269.7012,0
8.6100,35236,0.498047,-0.499451,0.514282,-0.487915,-1.4265,269.7080,0
8.6200,35246,0.498108,-0.499512,0.514221,-0.487793,-1.4302,269.7289,0
8.6300,35256,0.498230,-0.499512,0.514221,-0.487671,-1.4444,269.7425,0
8.6400,35266,0.498291,-0.499573,0.514160,-0.487610,-1.4446,269.7565,0
8.6500,35276,0.498352,-0.499634,0.514099,-0.487549,-1.4447,269.7705,0
8.6600,35286,0.498413,-0.499695,0.514038,-0.487488,-1.4449,269.7845,0
8.6700,35296,0.498413,-0.499756,0.513916,-0.487488,-1.4346,269.7989,0
8.6800,35306,0.498352,-0.499878,0.513916,-0.487488,-1.4241,269.7990,0
8.6900,35316,0.498352,-0.500000,0.513794,-0.487488,-1.4103,269.8133,0
8.7000,35326,0.498413,-0.500000,0.513794,-0.487427,-1.4174,269.8201,0
8.7100,35336,0.498474,-0.500061,0.513733,-0.487427,-1.4141,269.8273,0
8.7200,35346,0.498535,-0.500061,0.513733,-0.487366,-1.4212,269.8342,0
8.7300,35356,0.498657,-0.500000,0.513733,-0.487305,-1.4353,269.8410,0
8.7400,35366,0.498718,-0.499939,0.513733,-0.487244,-1.4458,269.8478,0
8.7500,35376,0.498840,-0.499878,0.513733,-0.487183,-1.4599,269.8546,0
8.7600,35386,0.498840,-0.499939,0.513733,-0.487122,-1.4600,269.8614,0
8.7700,35396,0.498840,-0.499939,0.513733,-0.487122,-1.4600,269.8614,0
8.7800,35406,0.498901,-0.500000,0.513672,-0.487061,-1.4602,269.8754,0
8.7900,35416,0.498962,-0.500000,0.513611,-0.487061,-1.4603,269.8826,0
8.8000,35426,0.498962,-0.500000,0.513611,-0.487061,-1.4603,269.8826,0
8.8100,35436,0.498901,-0.500000,0.513672,-0.487061,-1.4602,269.8754,0
8.8200,35446,0.498840,-0.500061,0.513733,-0.487000,-1.4602,269.8751,0
8.8300,35456,0.498779,-0.500122,0.513794,-0.486938,-1.4602,269.8747,0
8.8400,35466,0.498779,-0.500122,0.513794,-0.486938,-1.4602,269.8747,0
8.8500,35476,0.498901,-0.500122,0.513672,-0.486938,-1.4604,269.8890,0
8.8600,35486,0.499084,-0.500061,0.513550,-0.486877,-1.4711,269.9102,0
8.8700,35496,0.499207,-0.500122,0.513550,-0.486816,-1.4784,269.9171,0
8.8800,35506,0.499207,-0.500183,0.513550,-0.486633,-1.4855,269.9375,0
8.8900,35516,0.499268,-0.500305,0.513611,-0.486511,-1.4927,269.9439,0
8.9000,35526,0.499268,-0.500427,0.513550,-0.486389,-1.4894,269.9647,0
8.9100,35536,0.499329,-0.500488,0.513550,-0.486267,-1.4966,269.9783,0
8.9200,35546,0.499329,-0.500549,0.513489,-0.486206,-1.4932,269.9923,0
8.9300,35556,0.499390,-0.500610,0.513489,-0.486206,-1.4934,269.9923,0
8.9400,35566,0.499390,-0.500610,0.513489,-0.486206,-1.4934,269.9923,0
8.9500,35576,0.499329,-0.500610,0.513428,-0.486206,-1.4863,269.9995,0
8.9600,35586,0.499329,-0.500610,0.513306,-0.486328,-1.4724,270.0002,0
8.9700,35596,0.499268,-0.500671,0.513245,-0.486450,-1.4549,269.9938,0
8.9800,35606,0.499207,-0.500732,0.513184,-0.486511,-1.4409,269.9942,0
8.9900,35616,0.499146,-0.500854,0.513123,-0.486511,-1.4270,270.0014,0
9.0000,35626,0.499023,-0.500916,0.513245,-0.486511,-1.4234,269.9870,0
9.0100,35636,0.498901,-0.500854,0.513367,-0.486511,-1.4266,269.9727,0
9.0200,35646,0.498962,-0.500732,0.513367,-0.486511,-1.4370,269.9727,0
9.0300,35656,0.499084,-0.500671,0.513367,-0.486572,-1.4441,269.9659,0
9.0400,35666,0.499146,-0.500610,0.513367,-0.486572,-1.4511,269.9659,0
9.0500,35676,0.499146,-0.500610,0.513367,-0.486572,-1.4511,269.9659,0
9.0600,35686,0.499146,-0.500671,0.513367,-0.486450,-1.4547,269.9795,0
9.0700,35696,0.499146,-0.500732,0.513306,-0.486450,-1.4478,269.9866,0
9.0800,35706,0.499207,-0.500793,0.513184,-0.486450,-1.4410,270.0010,0
9.0900,35716,0.499329,-0.500793,0.513123,-0.486450,-1.4447,270.0082,0
9.1000,35726,0.499329,-0.500732,0.513062,-0.486511,-1.4411,270.0086,0
9.1100,35736,0.499329,-0.500732,0.513062,-0.486511,-1.4411,270.0086,0
9.1200,35746,0.499329,-0.500793,0.513062,-0.486511,-1.4377,270.0086,0
9.1300,35756,0.499207,-0.500793,0.513184,-0.486450,-1.4410,270.0010,0
9.1400,35766,0.499146,-0.500854,0.513245,-0.486389,-1.4410,270.0006,0
9.1500,35776,0.499146,-0.500916,0.513306,-0.486328,-1.4446,270.0002,0
9.1600,35786,0.499146,-0.500854,0.513367,-0.486267,-1.4550,269.9999,0
9.1700,35796,0.499207,-0.500793,0.513245,-0.486328,-1.4515,270.0074,0
9.1800,35806,0.499390,-0.500671,0.513123,-0.486511,-1.4516,270.0014,0
9.1900,35816,0.499512,-0.500549,0.513000,-0.486633,-1.4515,270.0021,0
9.2000,35826,0.499634,-0.500488,0.512878,-0.486633,-1.4551,270.0165,0
9.2100,35836,0.499573,-0.500549,0.512939,-0.486572,-1.4551,270.0161,0
9.2200,35846,0.499512,-0.500610,0.513062,-0.486450,-1.4621,270.0154,0
9.2300,35856,0.499451,-0.500671,0.513245,-0.486267,-1.4761,270.0143,0
9.2400,35866,0.499451,-0.500671,0.513367,-0.486145,-1.4901,270.0135,0
9.2500,35876,0.499512,-0.500610,0.513428,-0.486023,-1.5076,270.0199,0
9.2600,35886,0.499695,-0.500549,0.513367,-0.486023,-1.5183,270.0271,0
9.2700,35896,0.500000,-0.500366,0.513245,-0.486023,-1.5395,270.0414,0
9.2800,35906,0.500061,-0.500305,0.513245,-0.485962,-1.5500,270.0482,0
9.2900,35916,0.500000,-0.500366,0.513367,-0.485901,-1.5535,270.0407,0
9.3000,35926,0.500061,-0.500366,0.513428,-0.485718,-1.5711,270.0539,0
9.3100,35936,0.500183,-0.500366,0.513428,-0.485596,-1.5853,270.0675,0
9.3200,35946,0.500366,-0.500366,0.513367,-0.485535,-1.5960,270.0815,0
9.3300,35956,0.500488,-0.500366,0.513306,-0.485413,-1.6067,270.1022,0
9.3400,35966,0.500610,-0.500488,0.513184,-0.485352,-1.6036,270.1234,0
9.3500,35976,0.500610,-0.500610,0.513184,-0.485168,-1.6073,270.1438,0
9.3600,35986,0.500488,-0.500793,0.513245,-0.485046,-1.6005,270.1502,0
9.3700,35996,0.500366,-0.501038,0.513245,-0.484985,-1.5832,270.1570,0
9.3800,36006,0.500305,-0.501160,0.513245,-0.484863,-1.5798,270.1705,0
9.3900,36016,0.500366,-0.501221,0.513184,-0.484802,-1.5801,270.1845,0
9.4000,36026,0.500488,-0.501221,0.513062,-0.484802,-1.5802,270.1989,0
9.4100,36036,0.500610,-0.501221,0.512939,-0.484863,-1.5769,270.2064,0
9.4200,36046,0.500854,-0.501160,0.512756,-0.484863,-1.5841,270.2279,0
9.4300,36056,0.501038,-0.501038,0.512634,-0.484863,-1.5947,270.2423,0
9.4400,36066,0.501160,-0.501038,0.512512,-0.484863,-1.5948,270.2567,0
9.4500,36076,0.501282,-0.501038,0.512451,-0.484802,-1.6020,270.2706,0
9.4600,36086,0.501221,-0.501160,0.512512,-0.484741,-1.5986,270.2702,0
9.4700,36096,0.501160,-0.501282,0.512573,-0.484619,-1.5988,270.2766,0
9.4800,36106,0.501160,-0.501343,0.512573,-0.484497,-1.6024,270.2902,0
9.4900,36116,0.501160,-0.501465,0.512512,-0.484497,-1.5921,270.2973,0
9.5000,36126,0.501160,-0.501587,0.512390,-0.484497,-1.5783,270.3117,0
9.5100,36136,0.501099,-0.501648,0.512329,-0.484497,-1.5679,270.3189,0
9.5200,36146,0.501038,-0.501892,0.512085,-0.484619,-1.5297,270.3340,0
9.5300,36156,0.500977,-0.502014,0.511963,-0.484680,-1.5088,270.3415,0
9.5400,36166,0.500916,-0.502075,0.511963,-0.484741,-1.4983,270.3347,0
9.5500,36176,0.500854,-0.502075,0.511902,-0.484802,-1.4877,270.3351,0
9.5600,36186,0.500793,-0.502075,0.512024,-0.484802,-1.4911,270.3207,0
9.5700,36196,0.500793,-0.502075,0.512024,-0.484802,-1.4911,270.3207,0
9.5800,36206,0.500793,-0.502075,0.512024,-0.484802,-1.4911,270.3207,0
9.5900,36216,0.500793,-0.502014,0.511963,-0.484863,-1.4875,270.3211,0
9.6000,36226,0.500793,-0.502075,0.511963,-0.484802,-1.4876,270.3279,0
9.6100,36236,0.500854,-0.502136,0.511902,-0.484802,-1.4843,270.3351,0
9.6200,36246,0.500793,-0.502258,0.511841,-0.484741,-1.4740,270.3490,0
9.6300,36256,0.500732,-0.502380,0.511841,-0.484680,-1.4671,270.3558,0
9.6400,36266,0.500732,-0.502502,0.511780,-0.484619,-1.4603,270.3698,0
9.6500,36276,0.500732,-0.502625,0.511658,-0.484619,-1.4465,270.3841,0
9.6600,36286,0.500671,-0.502625,0.511597,-0.484741,-1.4324,270.3777,0
9.6700,36296,0.500671,-0.502625,0.511536,-0.484802,-1.4254,270.3781,0
9.6800,36306,0.500610,-0.502686,0.511475,-0.484802,-1.4149,270.3852,0
9.6900,36316,0.500549,-0.502808,0.511475,-0.484802,-1.4046,270.3852,0
9.7000,36326,0.500427,-0.502930,0.511536,-0.484802,-1.3941,270.3780,0
9.7100,36336,0.500305,-0.503052,0.511597,-0.484741,-1.3872,270.3777,0
9.7200,36346,0.500183,-0.503113,0.511597,-0.484741,-1.3767,270.3777,0
9.7300,36356,0.500244,-0.503052,0.511536,-0.484741,-1.3801,270.3849,0
9.7400,36366,0.500366,-0.502991,0.511414,-0.484863,-1.3766,270.3856,0
9.7500,36376,0.500549,-0.502930,0.511292,-0.484863,-1.3838,270.3999,0
9.7600,36386,0.500549,-0.502991,0.511230,-0.484802,-1.3804,270.4138,0
9.7700,36396,0.500549,-0.503113,0.511230,-0.484741,-1.3771,270.4206,0
9.7800,36406,0.500366,-0.503479,0.511414,-0.484375,-1.3777,270.4398,0
9.7900,36416,0.500366,-0.503601,0.511414,-0.484253,-1.3780,270.4534,0
9.8000,36426,0.500427,-0.503601,0.511353,-0.484192,-1.3816,270.4673,0
9.8100,36436,0.500488,-0.503601,0.511292,-0.484192,-1.3816,270.4745,0
9.8200,36446,0.500610,-0.503601,0.511169,-0.484253,-1.3783,270.4820,0
9.8300,36456,0.500549,-0.503601,0.511169,-0.484253,-1.3747,270.4820,0
9.8400,36466,0.500549,-0.503662,0.511108,-0.484314,-1.3643,270.4824,0
9.8500,36476,0.500488,-0.503662,0.511108,-0.484375,-1.3572,270.4756,0
9.8600,36486,0.500488,-0.503662,0.511108,-0.484375,-1.3572,270.4756,0
9.8700,36496,0.500488,-0.503662,0.511108,-0.484375,-1.3572,270.4756,0
9.8800,36506,0.500488,-0.503662,0.511108,-0.484375,-1.3572,270.4756,0
9.8900,36516,0.500549,-0.503723,0.511047,-0.484314,-1.3574,270.4895,0
9.9000,36526,0.500610,-0.503784,0.510986,-0.484253,-1.3576,270.5034,0
9.9100,36536,0.500610,-0.503906,0.510925,-0.484131,-1.3544,270.5242,0
9.9200,36546,0.500671,-0.504028,0.510925,-0.483948,-1.3617,270.5445,0
9.9300,36556,0.500671,-0.504272,0.510864,-0.483826,-1.3517,270.5651,0
9.9400,36566,0.500732,-0.504395,0.510681,-0.483765,-1.3416,270.5934,0
9.9500,36576,0.500793,-0.504517,0.510498,-0.483704,-1.3314,270.6216,0
9.9600,36586,0.500854,-0.504761,0.510376,-0.483643,-1.3180,270.6426,0
9.9700,36596,0.500793,-0.504944,0.510315,-0.483521,-1.3078,270.6633,0
9.9800,36606,0.500732,-0.505127,0.510315,-0.483398,-1.3011,270.6768,0
9.9900,36616,0.500732,-0.505188,0.510315,-0.483337,-1.3013,270.6836,0
10.0000,36626,0.500793,-0.505249,0.510254,-0.483276,-1.3015,270.6975,0
10.0100,36636,0.500916,-0.505188,0.510132,-0.483337,-1.3015,270.7050,0
10.0200,36646,0.501160,-0.505066,0.509949,-0.483459,-1.3049,270.7129,0
10.0300,36656,0.501343,-0.505005,0.509766,-0.483521,-1.3050,270.7275,0
10.0400,36666,0.501465,-0.505005,0.509644,-0.483521,-1.3051,270.7418,0
10.0500,36676,0.501404,-0.505188,0.509705,-0.483337,-1.3055,270.7549,0
10.0600,36686,0.501282,-0.505371,0.509827,-0.483154,-1.3058,270.7609,0
10.0700,36696,0.501160,-0.505554,0.509888,-0.482971,-1.3027,270.7741,0
10.0800,36706,0.501099,-0.505737,0.509888,-0.482849,-1.2961,270.7876,0
10.0900,36716,0.501099,-0.505859,0.509766,-0.482849,-1.2823,270.8019,0
10.1000,36726,0.501099,-0.505981,0.509644,-0.482849,-1.2685,270.8161,0
10.1100,36736,0.501160,-0.506042,0.509460,-0.482910,-1.2546,270.8308,0
10.1200,36746,0.501221,-0.506042,0.509338,-0.482971,-1.2477,270.8383,0
10.1300,36756,0.501221,-0.506104,0.509216,-0.483032,-1.2337,270.8458,0
10.1400,36766,0.501221,-0.506104,0.509216,-0.483032,-1.2337,270.8458,0
10.1500,36776,0.501221,-0.506104,0.509216,-0.483032,-1.2337,270.8458,0
10.1600,36786,0.501221,-0.506104,0.509216,-0.483032,-1.2337,270.8458,0
10.1700,36796,0.501282,-0.506165,0.509155,-0.482971,-1.2339,270.8596,0
10.1800,36806,0.501343,-0.506165,0.509155,-0.482971,-1.2375,270.8596,0
10.1900,36816,0.501404,-0.506226,0.509094,-0.482849,-1.2413,270.8803,0
10.2000,36826,0.501465,-0.506348,0.508972,-0.482788,-1.2346,270.9013,0
10.2100,36836,0.501465,-0.506470,0.508972,-0.482666,-1.2349,270.9148,0
10.2200,36846,0.501465,-0.506653,0.509033,-0.482483,-1.2389,270.9279,0
10.2300,36856,0.501343,-0.506836,0.509094,-0.482239,-1.2394,270.9478,0
10.2400,36866,0.501221,-0.507019,0.509216,-0.482117,-1.2362,270.9470,0
10.2500,36876,0.501160,-0.507080,0.509277,-0.481995,-1.2399,270.9534,0
10.2600,36886,0.501160,-0.507080,0.509277,-0.481995,-1.2399,270.9534,0
10.2700,36896,0.501221,-0.507080,0.509155,-0.482117,-1.2294,270.9541,0
10.2800,36906,0.501282,-0.507019,0.509033,-0.482239,-1.2222,270.9549,0
10.2900,36916,0.501343,-0.506958,0.508911,-0.482422,-1.2115,270.9489,0
10.3000,36926,0.501282,-0.506836,0.508850,-0.482605,-1.2005,270.9358,0
10.3100,36936,0.501221,-0.506836,0.508850,-0.482666,-1.1934,270.9290,0
10.3200,36946,0.501282,-0.506775,0.508850,-0.482666,-1.2003,270.9290,0
10.3300,36956,0.501343,-0.506714,0.508789,-0.482727,-1.2002,270.9294,0
10.3400,36966,0.501404,-0.506653,0.508728,-0.482788,-1.2001,270.9297,0
10.3500,36976,0.501404,-0.506653,0.508728,-0.482788,-1.2001,270.9297,0
10.3600,36986,0.501343,-0.506775,0.508667,-0.482788,-1.1863,270.9369,0
10.3700,36996,0.501221,-0.506897,0.508728,-0.482727,-1.1795,270.9365,0
10.3800,37006,0.501099,-0.507080,0.508789,-0.482605,-1.1728,270.9429,0
10.3900,37016,0.501099,-0.507141,0.508667,-0.482605,-1.1624,270.9572,0
10.4000,37026,0.501160,-0.507141,0.508606,-0.482727,-1.1554,270.9507,0
10.4100,37036,0.501221,-0.507080,0.508484,-0.482849,-1.1482,270.9514,0
10.4200,37046,0.501221,-0.507019,0.508362,-0.482971,-1.1375,270.9522,0
10.4300,37056,0.501282,-0.506958,0.508301,-0.483032,-1.1374,270.9525,0
10.4400,37066,0.501221,-0.506958,0.508301,-0.483093,-1.1303,270.9458,0
10.4500,37076,0.501221,-0.506958,0.508301,-0.483154,-1.1267,270.9390,0
10.4600,37086,0.501160,-0.506897,0.508362,-0.483154,-1.1301,270.9319,0
10.4700,37096,0.501221,-0.506775,0.508362,-0.483215,-1.1368,270.9251,0
10.4800,37106,0.501282,-0.506714,0.508362,-0.483276,-1.1402,270.9183,0
10.4900,37116,0.501343,-0.506653,0.508362,-0.483276,-1.1472,270.9183,0
10.5000,37126,0.501465,-0.506592,0.508240,-0.483276,-1.1506,270.9326,0
10.5100,37136,0.501526,-0.506592,0.508179,-0.483276,-1.1507,270.9397,0
10.5200,37146,0.501587,-0.506653,0.508118,-0.483215,-1.1509,270.9536,0
10.5300,37156,0.501648,-0.506714,0.508057,-0.483154,-1.1511,270.9675,0
10.5400,37166,0.501709,-0.506775,0.507996,-0.483154,-1.1478,270.9745,0
10.5500,37176,0.501709,-0.506775,0.507874,-0.483215,-1.1372,270.9820,0
10.5600,37186,0.501587,-0.506836,0.507874,-0.483337,-1.1196,270.9684,0
10.5700,37196,0.501587,-0.506836,0.507812,-0.483398,-1.1126,270.9688,0
10.5800,37206,0.501404,-0.506958,0.507812,-0.483398,-1.0952,270.9688,0
10.5900,37216,0.501282,-0.507019,0.507874,-0.483398,-1.0882,270.9617,0
10.6000,37226,0.501099,-0.507080,0.507935,-0.483459,-1.0741,270.9478,0
10.6100,37236,0.501099,-0.507141,0.507935,-0.483459,-1.0707,270.9478,0
10.6200,37246,0.501160,-0.507080,0.507812,-0.483582,-1.0635,270.9485,0
10.6300,37256,0.501221,-0.506958,0.507751,-0.483704,-1.0633,270.9420,0
10.6400,37266,0.501343,-0.506897,0.507629,-0.483765,-1.0632,270.9495,0
10.6500,37276,0.501404,-0.506836,0.507568,-0.483826,-1.0631,270.9498,0
10.6600,37286,0.501404,-0.506836,0.507568,-0.483826,-1.0631,270.9498,0
10.6700,37296,0.501404,-0.506836,0.507568,-0.483826,-1.0631,270.9498,0
10.6800,37306,0.501404,-0.506836,0.507568,-0.483826,-1.0631,270.9498,0
10.6900,37316,0.501404,-0.506836,0.507568,-0.483826,-1.0631,270.9498,0
10.7000,37326,0.501526,-0.506836,0.507446,-0.483826,-1.0632,270.9641,0
10.7100,37336,0.501648,-0.506836,0.507324,-0.483826,-1.0632,270.9782,0
10.7200,37346,0.501648,-0.506897,0.507324,-0.483765,-1.0634,270.9850,0
10.7300,37356,0.501648,-0.506958,0.507324,-0.483704,-1.0636,270.9918,0
10.7400,37366,0.501526,-0.507080,0.507446,-0.483582,-1.0638,270.9911,0
10.7500,37376,0.501465,-0.507141,0.507507,-0.483521,-1.0639,270.9908,0
10.7600,37386,0.501465,-0.507141,0.507507,-0.483521,-1.0639,270.9908,0
10.7700,37396,0.501526,-0.507080,0.507446,-0.483582,-1.0638,270.9911,0
10.7800,37406,0.501587,-0.507080,0.507385,-0.483582,-1.0638,270.9982,0
10.7900,37416,0.501648,-0.507141,0.507324,-0.483521,-1.0640,271.0121,0
10.8000,37426,0.501709,-0.507141,0.507263,-0.483459,-1.0676,271.0260,0
10.8100,37436,0.501831,-0.507263,0.507141,-0.483337,-1.0680,271.0537,0
10.8200,37446,0.501953,-0.507263,0.507019,-0.483337,-1.0681,271.0679,0
10.8300,37456,0.502075,-0.507324,0.506897,-0.483337,-1.0648,271.0820,0
10.8400,37466,0.502136,-0.507385,0.506836,-0.483276,-1.0650,271.0959,0
10.8500,37476,0.502197,-0.507385,0.506775,-0.483215,-1.0686,271.1098,0
10.8600,37486,0.502197,-0.507446,0.506836,-0.483215,-1.0687,271.1026,0
10.8700,37496,0.502136,-0.507446,0.506775,-0.483215,-1.0617,271.1098,0
10.8800,37506,0.502075,-0.507507,0.506714,-0.483276,-1.0477,271.1101,0
10.8900,37516,0.502014,-0.507507,0.506653,-0.483398,-1.0335,271.1037,0
10.9000,37526,0.501953,-0.507568,0.506531,-0.483521,-1.0125,271.1043,0
10.9100,37536,0.501892,-0.507568,0.506470,-0.483704,-0.9948,271.0911,0
10.9200,37546,0.501831,-0.507568,0.506409,-0.483826,-0.9806,271.0846,0
10.9300,37556,0.501770,-0.507507,0.506409,-0.483948,-0.9733,271.0711,0
10.9400,37566,0.501770,-0.507446,0.506409,-0.484009,-0.9732,271.0643,0
10.9500,37576,0.501770,-0.507446,0.506409,-0.484009,-0.9732,271.0643,0
10.9600,37586,0.501770,-0.507385,0.506470,-0.484009,-0.9801,271.0572,0
10.9700,37596,0.501770,-0.507385,0.506592,-0.483887,-0.9942,271.0566,0
10.9800,37606,0.501709,-0.507446,0.506653,-0.483765,-0.9979,271.0631,0
10.9900,37616,0.501648,-0.507568,0.506714,-0.483643,-0.9982,271.0695,0
11.0000,37626,0.501587,-0.507751,0.506775,-0.483521,-0.9951,271.0759,0
11.0100,37636,0.501526,-0.507874,0.506775,-0.483398,-0.9919,271.0895,0
11.0200,37646,0.501526,-0.508057,0.506592,-0.483459,-0.9677,271.1039,0
11.0300,37656,0.501465,-0.508179,0.506470,-0.483459,-0.9503,271.1182,0
11.0400,37666,0.501465,-0.508301,0.506287,-0.483582,-0.9259,271.1258,0
11.0500,37676,0.501404,-0.508362,0.506165,-0.483704,-0.9049,271.1264,0
11.0600,37686,0.501282,-0.508484,0.506104,-0.483765,-0.8840,271.1267,0
11.0700,37696,0.500977,-0.508667,0.506165,-0.483887,-0.8525,271.1060,0
11.0800,37706,0.500916,-0.508728,0.506165,-0.483887,-0.8456,271.1060,0
11.0900,37716,0.500854,-0.508728,0.506104,-0.483887,-0.8386,271.1133,0
11.1000,37726,0.500854,-0.508728,0.506042,-0.484009,-0.8279,271.1067,0
11.1100,37736,0.500916,-0.508728,0.505920,-0.484070,-0.8209,271.1141,0
11.1200,37746,0.500977,-0.508728,0.505798,-0.484131,-0.8139,271.1215,0
11.1300,37756,0.501038,-0.508728,0.505615,-0.484253,-0.7998,271.1292,0
11.1400,37766,0.501099,-0.508789,0.505432,-0.484314,-0.7859,271.1436,0
11.1500,37776,0.501099,-0.508850,0.505371,-0.484314,-0.7790,271.1507,0
11.1600,37786,0.500977,-0.508972,0.505371,-0.484314,-0.7651,271.1507,0
11.1700,37796,0.500916,-0.509033,0.505432,-0.484253,-0.7653,271.1504,0
11.1800,37806,0.500793,-0.509094,0.505493,-0.484253,-0.7583,271.1433,0
11.1900,37816,0.500793,-0.509094,0.505493,-0.484253,-0.7583,271.1433,0
11.2000,37826,0.500793,-0.509094,0.505371,-0.484375,-0.7442,271.1439,0
11.2100,37836,0.500854,-0.509033,0.505249,-0.484497,-0.7370,271.1445,0
11.2200,37846,0.500793,-0.509094,0.505188,-0.484558,-0.7230,271.1448,0
11.2300,37856,0.500732,-0.509155,0.505188,-0.484558,-0.7161,271.1448,0
11.2400,37866,0.500671,-0.509216,0.505249,-0.484497,-0.7162,271.1445,0
11.2500,37876,0.500671,-0.509216,0.505249,-0.484497,-0.7162,271.1445,0
11.2600,37886,0.500671,-0.509216,0.505249,-0.484558,-0.7126,271.1376,0
11.2700,37896,0.500793,-0.509094,0.505188,-0.484619,-0.7194,271.1379,0
11.2800,37906,0.500793,-0.509094,0.505127,-0.484619,-0.7159,271.1451,0
11.2900,37916,0.500732,-0.509155,0.505127,-0.484619,-0.7090,271.1451,0
11.3000,37926,0.500610,-0.509277,0.505188,-0.484558,-0.7022,271.1448,0
11.3100,37936,0.500427,-0.509399,0.505249,-0.484558,-0.6883,271.1377,0
11.3200,37946,0.500366,-0.509460,0.505127,-0.484680,-0.6673,271.1383,0
11.3300,37956,0.500427,-0.509399,0.505066,-0.484741,-0.6672,271.1386,0
11.3400,37966,0.500549,-0.509277,0.504944,-0.484863,-0.6669,271.1391,0
11.3500,37976,0.500610,-0.509216,0.504944,-0.484924,-0.6702,271.1323,0
11.3600,37986,0.500610,-0.509216,0.504944,-0.484924,-0.6702,271.1323,0
11.3700,37996,0.500610,-0.509277,0.504944,-0.484863,-0.6704,271.1391,0
11.3800,38006,0.500549,-0.509338,0.505005,-0.484802,-0.6705,271.1388,0
11.3900,38016,0.500488,-0.509338,0.505005,-0.484802,-0.6670,271.1389,0
11.4000,38026,0.500488,-0.509338,0.505005,-0.484802,-0.6670,271.1389,0
11.4100,38036,0.500488,-0.509338,0.505005,-0.484802,-0.6670,271.1389,0
11.4200,38046,0.500488,-0.509338,0.505005,-0.484802,-0.6670,271.1389,0
11.4300,38056,0.500488,-0.509338,0.505005,-0.484802,-0.6670,271.1389,0
11.4400,38066,0.500488,-0.509338,0.505005,-0.484802,-0.6670,271.1389,0
11.4500,38076,0.500427,-0.509338,0.505005,-0.484863,-0.6599,271.1321,0
11.4600,38086,0.500427,-0.509277,0.504944,-0.485046,-0.6491,271.1187,0
11.4700,38096,0.500427,-0.509216,0.504822,-0.485229,-0.6348,271.1125,0
11.4800,38106,0.500427,-0.509155,0.504761,-0.485352,-0.6276,271.1060,0
11.4900,38116,0.500305,-0.509155,0.504761,-0.485474,-0.6134,271.0924,0
11.5000,38126,0.500122,-0.509216,0.504883,-0.485474,-0.6064,271.0783,0
11.5100,38136,0.500000,-0.509277,0.505005,-0.485413,-0.6065,271.0709,0
11.5200,38146,0.500000,-0.509277,0.505005,-0.485413,-0.6065,271.0709,0
11.5300,38156,0.500061,-0.509277,0.504944,-0.485413,-0.6066,271.0780,0
11.5400,38166,0.500244,-0.509155,0.504822,-0.485474,-0.6134,271.0853,0
11.5500,38176,0.500366,-0.509094,0.504639,-0.485535,-0.6098,271.0998,0
11.5600,38186,0.500366,-0.509155,0.504517,-0.485596,-0.5958,271.1071,0
11.5700,38196,0.500305,-0.509277,0.504517,-0.485596,-0.5855,271.1071,0
11.5800,38206,0.500000,-0.509583,0.504517,-0.485596,-0.5509,271.1070,0
11.5900,38216,0.499939,-0.509644,0.504456,-0.485657,-0.5369,271.1073,0
11.6000,38226,0.499939,-0.509705,0.504272,-0.485779,-0.5159,271.1149,0
11.6100,38236,0.500061,-0.509705,0.504089,-0.485840,-0.5089,271.1292,0
11.6200,38246,0.500061,-0.509705,0.504028,-0.485901,-0.5018,271.1295,0
11.6300,38256,0.500061,-0.509705,0.504028,-0.485901,-0.5018,271.1295,0
11.6400,38266,0.500000,-0.509766,0.504089,-0.485840,-0.5019,271.1292,0
11.6500,38276,0.499939,-0.509827,0.504150,-0.485779,-0.5021,271.1290,0
11.6600,38286,0.499878,-0.509827,0.504211,-0.485779,-0.5021,271.1219,0
11.6700,38296,0.499939,-0.509827,0.504150,-0.485779,-0.5021,271.1290,0
11.6800,38306,0.500000,-0.509705,0.504089,-0.485901,-0.5018,271.1224,0
11.6900,38316,0.500122,-0.509644,0.503967,-0.485962,-0.5017,271.1298,0
11.7000,38326,0.500244,-0.509583,0.503845,-0.486023,-0.5016,271.1371,0
11.7100,38336,0.500305,-0.509521,0.503784,-0.486084,-0.5014,271.1373,0
11.7200,38346,0.500305,-0.509521,0.503784,-0.486084,-0.5014,271.1373,0
11.7300,38356,0.500244,-0.509644,0.503784,-0.486084,-0.4911,271.1372,0
11.7400,38366,0.500122,-0.509705,0.503784,-0.486084,-0.4806,271.1373,0
11.7500,38376,0.500061,-0.509766,0.503723,-0.486145,-0.4667,271.1375,0
11.7600,38386,0.500000,-0.509827,0.503601,-0.486206,-0.4492,271.1449,0
11.7700,38396,0.499939,-0.509949,0.503540,-0.486267,-0.4318,271.1451,0
11.7800,38406,0.499817,-0.509949,0.503601,-0.486328,-0.4247,271.1312,0
11.7900,38416,0.499756,-0.509949,0.503601,-0.486389,-0.4176,271.1244,0
11.8000,38426,0.499695,-0.509888,0.503540,-0.486511,-0.4068,271.1179,0
11.8100,38436,0.499756,-0.509827,0.503479,-0.486694,-0.3996,271.1044,0
11.8200,38446,0.499756,-0.509766,0.503357,-0.486816,-0.3888,271.1049,0
11.8300,38456,0.499695,-0.509766,0.503357,-0.486877,-0.3818,271.0981,0
11.8400,38466,0.499512,-0.509888,0.503357,-0.486938,-0.3608,271.0913,0
11.8500,38476,0.499451,-0.509949,0.503357,-0.486938,-0.3539,271.0913,0
11.8600,38486,0.499451,-0.509949,0.503357,-0.486938,-0.3539,271.0913,0
11.8700,38496,0.499390,-0.509949,0.503418,-0.486938,-0.3539,271.0843,0
11.8800,38506,0.499390,-0.509888,0.503418,-0.487000,-0.3537,271.0775,0
11.8900,38516,0.499329,-0.509888,0.503479,-0.487061,-0.3501,271.0636,0
11.9000,38526,0.499329,-0.509827,0.503418,-0.487122,-0.3465,271.0638,0
11.9100,38536,0.499329,-0.509766,0.503418,-0.487183,-0.3463,271.0570,0
11.9200,38546,0.499329,-0.509644,0.503479,-0.487305,-0.3495,271.0363,0
11.9300,38556,0.499207,-0.509583,0.503540,-0.487366,-0.3458,271.0225,0
11.9400,38566,0.499146,-0.509521,0.503601,-0.487427,-0.3456,271.0086,0
11.9500,38576,0.499084,-0.509460,0.503662,-0.487549,-0.3418,270.9879,0
11.9600,38586,0.499023,-0.509399,0.503723,-0.487549,-0.3452,270.9809,0
11.9700,38596,0.499023,-0.509338,0.503723,-0.487610,-0.3451,270.9741,0
11.9800,38606,0.499084,-0.509338,0.503662,-0.487671,-0.3415,270.9743,0
11.9900,38616,0.499084,-0.509338,0.503662,-0.487671,-0.3415,270.9743,0
12.0000,38626,0.499084,-0.509338,0.503662,-0.487671,-0.3415,270.9743,0
12.0100,38636,0.499023,-0.509399,0.503662,-0.487671,-0.3346,270.9743,0
12.0200,38646,0.498962,-0.509460,0.503601,-0.487732,-0.3206,270.9745,0
12.0300,38656,0.498901,-0.509521,0.503540,-0.487793,-0.3066,270.9747,0
12.0400,38666,0.498779,-0.509583,0.503479,-0.487854,-0.2891,270.9750,0
12.0500,38676,0.498718,-0.509644,0.503418,-0.487915,-0.2751,270.9752,0
12.0600,38686,0.498718,-0.509705,0.503357,-0.487976,-0.2647,270.9753,0
12.0700,38696,0.498657,-0.509766,0.503357,-0.488037,-0.2542,270.9685,0
12.0800,38706,0.498718,-0.509705,0.503296,-0.488037,-0.2576,270.9756,0
12.0900,38716,0.498718,-0.509644,0.503235,-0.488098,-0.2540,270.9759,0
12.1000,38726,0.498779,-0.509583,0.503235,-0.488220,-0.2538,270.9621,0
12.1100,38736,0.498779,-0.509521,0.503235,-0.488281,-0.2536,270.9553,0
12.1200,38746,0.498779,-0.509521,0.503235,-0.488281,-0.2536,270.9553,0
12.1300,38756,0.498779,-0.509521,0.503235,-0.488281,-0.2536,270.9553,0
12.1400,38766,0.498718,-0.509521,0.503174,-0.488281,-0.2466,270.9624,0
12.1500,38776,0.498718,-0.509583,0.503113,-0.488342,-0.2362,270.9626,0
12.1600,38786,0.498657,-0.509705,0.503052,-0.488403,-0.2188,270.9627,0
12.1700,38796,0.498596,-0.509766,0.502991,-0.488464,-0.2048,270.9629,0
12.1800,38806,0.498535,-0.509827,0.502869,-0.488525,-0.1873,270.9702,0
12.1900,38816,0.498474,-0.509827,0.502808,-0.488586,-0.1767,270.9705,0
12.2000,38826,0.498535,-0.509827,0.502747,-0.488708,-0.1696,270.9637,0
12.2100,38836,0.498596,-0.509766,0.502686,-0.488770,-0.1695,270.9639,0
12.2200,38846,0.498596,-0.509766,0.502686,-0.488770,-0.1695,270.9639,0
12.2300,38856,0.498535,-0.509766,0.502686,-0.488708,-0.1696,270.9709,0
12.2400,38866,0.498474,-0.509827,0.502747,-0.488647,-0.1697,270.9706,0
12.2500,38876,0.498474,-0.509888,0.502808,-0.488647,-0.1697,270.9635,0
12.2600,38886,0.498413,-0.509888,0.502747,-0.488647,-0.1627,270.9706,0
12.2700,38896,0.498413,-0.509888,0.502625,-0.488770,-0.1486,270.9710,0
12.2800,38906,0.498474,-0.509888,0.502502,-0.488892,-0.1380,270.9714,0
12.2900,38916,0.498474,-0.509888,0.502319,-0.489075,-0.1169,270.9720,0
12.3000,38926,0.498474,-0.509888,0.502197,-0.489197,-0.1028,270.9723,0
12.3100,38936,0.498474,-0.509888,0.502136,-0.489319,-0.0922,270.9656,0
12.3200,38946,0.498352,-0.509888,0.502136,-0.489380,-0.0816,270.9588,0
12.3300,38956,0.498230,-0.509949,0.502197,-0.489441,-0.0710,270.9449,0
12.3400,38966,0.498108,-0.509949,0.502319,-0.489380,-0.0746,270.9377,0
12.3500,38976,0.498047,-0.509949,0.502380,-0.489441,-0.0710,270.9238,0
12.3600,38986,0.498108,-0.509827,0.502319,-0.489563,-0.0707,270.9171,0
12.3700,38996,0.498169,-0.509766,0.502197,-0.489624,-0.0671,270.9244,0
12.3800,39006,0.498169,-0.509827,0.502136,-0.489746,-0.0531,270.9176,0
12.3900,39016,0.498108,-0.509827,0.502075,-0.489746,-0.0461,270.9247,0
12.4000,39026,0.498047,-0.509888,0.502014,-0.489807,-0.0321,270.9249,0
12.4100,39036,0.498047,-0.509888,0.502014,-0.489807,-0.0321,270.9249,0
12.4200,39046,0.498169,-0.509827,0.502014,-0.489868,-0.0390,270.9179,0
12.4300,39056,0.498291,-0.509644,0.501953,-0.489868,-0.0528,270.9251,0
12.4400,39066,0.498413,-0.509521,0.501953,-0.489868,-0.0667,270.9251,0
12.4500,39076,0.498474,-0.509460,0.502014,-0.489807,-0.0806,270.9249,0
12.4600,39086,0.498474,-0.509521,0.502136,-0.489746,-0.0877,270.9176,0
12.4700,39096,0.498413,-0.509583,0.502197,-0.489624,-0.0914,270.9243,0
12.4800,39106,0.498352,-0.509583,0.502136,-0.489685,-0.0809,270.9246,0
12.4900,39116,0.498352,-0.509583,0.502075,-0.489807,-0.0703,270.9178,0
12.5000,39126,0.498474,-0.509521,0.501892,-0.489929,-0.0631,270.9252,0
12.5100,39136,0.498474,-0.509399,0.501770,-0.490173,-0.0487,270.9118,0
12.5200,39146,0.498352,-0.509399,0.501831,-0.490234,-0.0416,270.8979,0
12.5300,39156,0.498169,-0.509399,0.501892,-0.490295,-0.0310,270.8841,0
12.5400,39166,0.498047,-0.509460,0.502014,-0.490295,-0.0276,270.8700,0
12.5500,39176,0.498047,-0.509460,0.502014,-0.490295,-0.0276,270.8700,0
12.5600,39186,0.498108,-0.509399,0.501953,-0.490417,-0.0239,270.8633,0
12.5700,39196,0.498230,-0.509277,0.501831,-0.490540,-0.0237,270.8636,0
12.5800,39206,0.498474,-0.509094,0.501648,-0.490601,-0.0340,270.8779,0
12.5900,39216,0.498596,-0.509033,0.501587,-0.490601,-0.0409,270.8849,0
12.6000,39226,0.498718,-0.509033,0.501587,-0.490540,-0.0515,270.8917,0
12.6100,39236,0.498657,-0.509155,0.501770,-0.490234,-0.0694,270.9050,0
12.6200,39246,0.498596,-0.509277,0.501831,-0.490173,-0.0661,270.9048,0
12.6300,39256,0.498596,-0.509277,0.501831,-0.490112,-0.0697,270.9117,0
12.6400,39266,0.498657,-0.509277,0.501709,-0.490173,-0.0626,270.9189,0
12.6500,39276,0.498596,-0.509338,0.501587,-0.490295,-0.0416,270.9192,0
12.6600,39286,0.498535,-0.509399,0.501526,-0.490356,-0.0276,270.9193,0
12.6700,39296,0.498352,-0.509460,0.501587,-0.490417,-0.0136,270.9055,0
12.6800,39306,0.498108,-0.509521,0.501648,-0.490540,0.0075,270.8847,0
12.6900,39316,0.497986,-0.509460,0.501709,-0.490662,0.0148,270.8640,0
12.7000,39326,0.497803,-0.509399,0.501709,-0.490845,0.0325,270.8434,0
12.7100,39336,0.497742,-0.509277,0.501770,-0.491028,0.0364,270.8158,0
12.7200,39346,0.497681,-0.509216,0.501831,-0.491089,0.0365,270.8019,0
12.7300,39356,0.497620,-0.509155,0.501892,-0.491150,0.0367,270.7880,0
12.7400,39366,0.497559,-0.509155,0.501953,-0.491150,0.0367,270.7809,0
12.7500,39376,0.497498,-0.509216,0.502014,-0.491150,0.0402,270.7739,0
12.7600,39386,0.497498,-0.509277,0.502014,-0.491089,0.0401,270.7808,0
12.7700,39396,0.497559,-0.509277,0.501953,-0.491028,0.0365,270.7947,0
12.7800,39406,0.497620,-0.509399,0.501892,-0.490967,0.0397,270.8085,0
12.7900,39416,0.497681,-0.509460,0.501831,-0.490845,0.0360,270.8293,0
12.8000,39426,0.497742,-0.509521,0.501770,-0.490784,0.0359,270.8432,0
12.8100,39436,0.497803,-0.509521,0.501709,-0.490784,0.0358,270.8503,0
12.8200,39446,0.497803,-0.509583,0.501709,-0.490723,0.0357,270.8571,0
12.8300,39456,0.497803,-0.509583,0.501709,-0.490723,0.0357,270.8571,0
12.8400,39466,0.497803,-0.509583,0.501709,-0.490723,0.0357,270.8571,0
12.8500,39476,0.497742,-0.509521,0.501770,-0.490784,0.0359,270.8432,0
12.8600,39486,0.497681,-0.509521,0.501831,-0.490784,0.0359,270.8362,0
12.8700,39496,0.497559,-0.509521,0.501953,-0.490784,0.0360,270.8221,0
12.8800,39506,0.497498,-0.509583,0.501953,-0.490784,0.0429,270.8221,0
12.8900,39516,0.497437,-0.509644,0.501892,-0.490845,0.0569,270.8223,0
12.9000,39526,0.497375,-0.509705,0.501831,-0.490906,0.0709,270.8224,0
12.9100,39536,0.497253,-0.509766,0.501831,-0.491028,0.0885,270.8087,0
12.9200,39546,0.497131,-0.509766,0.501831,-0.491150,0.1026,270.7950,0
12.9300,39556,0.497009,-0.509705,0.501770,-0.491333,0.1204,270.7814,0
12.9400,39566,0.496948,-0.509583,0.501770,-0.491516,0.1277,270.7608,0
12.9500,39576,0.496887,-0.509460,0.501770,-0.491699,0.1350,270.7401,0
12.9600,39586,0.496765,-0.509338,0.501892,-0.491821,0.1353,270.7123,0
12.9700,39596,0.496704,-0.509277,0.501953,-0.491882,0.1355,270.6985,0
12.9800,39606,0.496521,-0.509216,0.502136,-0.491943,0.1357,270.6705,0
12.9900,39616,0.496460,-0.509155,0.502197,-0.492065,0.1394,270.6497,0
13.0000,39626,0.496399,-0.509094,0.502258,-0.492065,0.1360,270.6427,0
13.0100,39636,0.496460,-0.509094,0.502197,-0.492126,0.1396,270.6428,0
13.0200,39646,0.496460,-0.509094,0.502197,-0.492126,0.1396,270.6428,0
13.0300,39656,0.496460,-0.509094,0.502197,-0.492065,0.1360,270.6497,0
13.0400,39666,0.496521,-0.509155,0.502136,-0.492004,0.1358,270.6636,0
13.0500,39676,0.496643,-0.509155,0.502136,-0.491943,0.1253,270.6705,0
13.0600,39686,0.496765,-0.509155,0.502014,-0.491882,0.1216,270.6914,0
13.0700,39696,0.496948,-0.509094,0.502014,-0.491821,0.1041,270.6983,0
13.0800,39706,0.497009,-0.509033,0.502075,-0.491760,0.0901,270.6981,0
13.0900,39716,0.497009,-0.509033,0.502136,-0.491638,0.0795,270.7049,0
13.1000,39726,0.496948,-0.509033,0.502319,-0.491577,0.0690,270.6906,0
13.1100,39736,0.496826,-0.509033,0.502441,-0.491516,0.0655,270.6835,0
13.1200,39746,0.496765,-0.508972,0.502563,-0.491516,0.0587,270.6695,0
13.1300,39756,0.496704,-0.508789,0.502625,-0.491699,0.0591,270.6418,0
13.1400,39766,0.496643,-0.508667,0.502625,-0.491821,0.0628,270.6281,0
13.1500,39776,0.496521,-0.508667,0.502686,-0.492004,0.0771,270.6003,0
13.1600,39786,0.496277,-0.508667,0.502747,-0.492126,0.0948,270.5796,0
13.1700,39796,0.496033,-0.508728,0.502808,-0.492249,0.1159,270.5587,0
13.1800,39806,0.495789,-0.508789,0.502869,-0.492371,0.1371,270.5380,0
13.1900,39816,0.495667,-0.508789,0.502930,-0.492432,0.1442,270.5240,0
13.2000,39826,0.495605,-0.508728,0.502991,-0.492493,0.1444,270.5101,0
13.2100,39836,0.495605,-0.508667,0.502991,-0.492554,0.1445,270.5032,0
13.2200,39846,0.495667,-0.508606,0.502991,-0.492615,0.1411,270.4963,0
13.2300,39856,0.495728,-0.508545,0.502930,-0.492615,0.1376,270.5034,0
13.2400,39866,0.495728,-0.508545,0.502991,-0.492615,0.1341,270.4963,0
13.2500,39876,0.495728,-0.508545,0.502991,-0.492615,0.1341,270.4963,0
13.2600,39886,0.495728,-0.508545,0.502991,-0.492615,0.1341,270.4963,0
13.2700,39896,0.495728,-0.508545,0.502991,-0.492615,0.1341,270.4963,0
13.2800,39906,0.495728,-0.508545,0.502930,-0.492615,0.1376,270.5034,0
13.2900,39916,0.495667,-0.508606,0.502930,-0.492676,0.1481,270.4964,0
13.3000,39926,0.495667,-0.508606,0.502930,-0.492676,0.1481,270.4964,0
13.3100,39936,0.495667,-0.508606,0.502930,-0.492676,0.1481,270.4964,0
13.3200,39946,0.495728,-0.508545,0.502869,-0.492676,0.1446,270.5035,0
13.3300,39956,0.495789,-0.508545,0.502808,-0.492737,0.1481,270.5036,0
13.3400,39966,0.495850,-0.508484,0.502808,-0.492798,0.1447,270.4967,0
13.3500,39976,0.495789,-0.508423,0.502808,-0.492859,0.1483,270.4898,0
13.3600,39986,0.495789,-0.508362,0.502808,-0.492920,0.1484,270.4829,0
13.3700,39996,0.495667,-0.508362,0.502930,-0.492920,0.1485,270.4689,0
13.3800,40006,0.495544,-0.508362,0.503052,-0.492920,0.1486,270.4548,0
13.3900,40016,0.495422,-0.508301,0.503174,-0.492981,0.1489,270.4338,0
13.4000,40026,0.495483,-0.508240,0.503052,-0.493103,0.1559,270.4341,0
13.4100,40036,0.495483,-0.508240,0.502869,-0.493225,0.1734,270.4414,0
13.4200,40046,0.495422,-0.508240,0.502808,-0.493408,0.1911,270.4278,0
13.4300,40056,0.495300,-0.508301,0.502808,-0.493469,0.2051,270.4208,0
13.4400,40066,0.495117,-0.508423,0.502869,-0.493469,0.2191,270.4138,0
13.4500,40076,0.494995,-0.508423,0.502869,-0.493530,0.2297,270.4069,0
13.4600,40086,0.494934,-0.508423,0.502930,-0.493591,0.2333,270.3930,0
13.4700,40096,0.494934,-0.508362,0.502991,-0.493591,0.2264,270.3859,0
13.4800,40106,0.494873,-0.508362,0.502991,-0.493652,0.2335,270.3790,0
13.4900,40116,0.494873,-0.508362,0.502991,-0.493652,0.2335,270.3790,0
13.5000,40126,0.494873,-0.508362,0.502991,-0.493652,0.2335,270.3790,0
13.5100,40136,0.494873,-0.508362,0.502991,-0.493652,0.2335,270.3790,0
13.5200,40146,0.494873,-0.508362,0.502991,-0.493652,0.2335,270.3790,0
13.5300,40156,0.494934,-0.508301,0.502930,-0.493713,0.2335,270.3792,0
13.5400,40166,0.495056,-0.508179,0.502869,-0.493774,0.2266,270.3793,0
13.5500,40176,0.495117,-0.508057,0.502747,-0.493896,0.2302,270.3796,0
13.5600,40186,0.495178,-0.508057,0.502686,-0.493958,0.2337,270.3797,0
13.5700,40196,0.495178,-0.508057,0.502747,-0.493896,0.2267,270.3795,0
13.5800,40206,0.495056,-0.508118,0.502869,-0.493835,0.2267,270.3724,0
13.5900,40216,0.494873,-0.508179,0.502991,-0.493774,0.2302,270.3652,0
13.6000,40226,0.494812,-0.508179,0.503052,-0.493774,0.2303,270.3582,0
13.6100,40236,0.494812,-0.508118,0.503052,-0.493896,0.2339,270.3444,0
13.6200,40246,0.494873,-0.507935,0.502991,-0.494019,0.2306,270.3376,0
13.6300,40256,0.494934,-0.507812,0.502991,-0.494202,0.2308,270.3168,0
13.6400,40266,0.494690,-0.507751,0.503174,-0.494263,0.2346,270.2888,0
13.6500,40276,0.494446,-0.507812,0.503418,-0.494202,0.2348,270.2676,0
13.6600,40286,0.494324,-0.507812,0.503540,-0.494141,0.2314,270.2604,0
13.6700,40296,0.494385,-0.507812,0.503479,-0.494202,0.2348,270.2605,0
13.6800,40306,0.494507,-0.507690,0.503357,-0.494324,0.2349,270.2608,0
13.6900,40316,0.494690,-0.507568,0.503174,-0.494385,0.2314,270.2750,0
13.7000,40326,0.494751,-0.507507,0.503113,-0.494446,0.2314,270.2751,0
13.7100,40336,0.494751,-0.507568,0.503113,-0.494446,0.2349,270.2751,0
13.7200,40346,0.494690,-0.507629,0.503235,-0.494385,0.2314,270.2679,0
13.7300,40356,0.494629,-0.507690,0.503235,-0.494324,0.2348,270.2749,0
13.7400,40366,0.494629,-0.507690,0.503235,-0.494324,0.2348,270.2749,0
13.7500,40376,0.494629,-0.507629,0.503235,-0.494324,0.2313,270.2749,0
13.7600,40386,0.494690,-0.507629,0.503174,-0.494385,0.2348,270.2750,0
13.7700,40396,0.494690,-0.507629,0.503174,-0.494385,0.2348,270.2750,0
13.7800,40406,0.494690,-0.507629,0.503174,-0.494385,0.2348,270.2750,0
13.7900,40416,0.494690,-0.507629,0.503174,-0.494385,0.2348,270.2750,0
13.8000,40426,0.494751,-0.507568,0.503235,-0.494324,0.2208,270.2749,0
13.8100,40436,0.494873,-0.507507,0.503235,-0.494324,0.2103,270.2749,0
13.8200,40446,0.494995,-0.507324,0.503235,-0.494263,0.1894,270.2818,0
13.8300,40456,0.495117,-0.507202,0.503296,-0.494202,0.1684,270.2817,0
13.8400,40466,0.495239,-0.507080,0.503357,-0.494141,0.1475,270.2816,0
13.8500,40476,0.495300,-0.507019,0.503418,-0.494080,0.1335,270.2814,0
13.8600,40486,0.495300,-0.507019,0.503540,-0.494019,0.1230,270.2742,0
13.8700,40496,0.495239,-0.507080,0.503540,-0.493958,0.1264,270.2812,0
13.8800,40506,0.495239,-0.507141,0.503601,-0.493958,0.1264,270.2741,0
13.8900,40516,0.495117,-0.507202,0.503601,-0.493958,0.1369,270.2741,0
13.9000,40526,0.495056,-0.507263,0.503540,-0.494019,0.1509,270.2742,0
13.9100,40536,0.495056,-0.507141,0.503540,-0.494141,0.1511,270.2604,0
13.9200,40546,0.495117,-0.507141,0.503479,-0.494202,0.1546,270.2605,0
13.9300,40556,0.495117,-0.507080,0.503540,-0.494141,0.1441,270.2604,0
13.9400,40566,0.495178,-0.507019,0.503601,-0.494080,0.1301,270.2603,0
13.9500,40576,0.495300,-0.506958,0.503601,-0.494019,0.1161,270.2672,0
13.9600,40586,0.495361,-0.506958,0.503601,-0.493896,0.1055,270.2810,0
13.9700,40596,0.495605,-0.506958,0.503540,-0.493835,0.0913,270.2950,0
13.9800,40606,0.495789,-0.506897,0.503479,-0.493774,0.0772,270.3089,0
13.9900,40616,0.495911,-0.506836,0.503357,-0.493713,0.0701,270.3299,0
14.0000,40626,0.495972,-0.506897,0.503357,-0.493713,0.0700,270.3299,0
14.0100,40636,0.495850,-0.506958,0.503357,-0.493652,0.0770,270.3368,0
14.0200,40646,0.495728,-0.507080,0.503418,-0.493591,0.0839,270.3367,0
14.0300,40656,0.495667,-0.507202,0.503418,-0.493591,0.0943,270.3367,0
14.0400,40666,0.495605,-0.507263,0.503357,-0.493652,0.1083,270.3368,0
14.0500,40676,0.495605,-0.507263,0.503357,-0.493652,0.1083,270.3368,0
14.0600,40686,0.495605,-0.507263,0.503357,-0.493652,0.1083,270.3368,0
14.0700,40696,0.495605,-0.507263,0.503357,-0.493652,0.1083,270.3368,0
14.0800,40706,0.495667,-0.507202,0.503418,-0.493591,0.0943,270.3367,0
14.0900,40716,0.495728,-0.507141,0.503479,-0.493530,0.0803,270.3365,0
14.1000,40726,0.495850,-0.507019,0.503540,-0.493469,0.0594,270.3364,0
14.1100,40736,0.495972,-0.506897,0.503601,-0.493469,0.0420,270.3293,0
14.1200,40746,0.496094,-0.506714,0.503601,-0.493469,0.0246,270.3293,0
14.1300,40756,0.496277,-0.506653,0.503540,-0.493408,0.0105,270.3433,0
14.1400,40766,0.496277,-0.506592,0.503601,-0.493347,0.0000,270.3432,0
14.1500,40776,0.496338,-0.506592,0.503662,-0.493286,-0.0105,270.3430,0
14.1600,40786,0.496399,-0.506531,0.503723,-0.493225,-0.0245,270.3429,0
14.1700,40796,0.496460,-0.506409,0.503723,-0.493225,-0.0349,270.3429,0
14.1800,40806,0.496582,-0.506348,0.503723,-0.493286,-0.0419,270.3359,0
14.1900,40816,0.496582,-0.506287,0.503784,-0.493225,-0.0524,270.3358,0
14.2000,40826,0.496582,-0.506287,0.503845,-0.493164,-0.0594,270.3357,0
14.2100,40836,0.496521,-0.506287,0.503967,-0.493042,-0.0699,270.3354,0
14.2200,40846,0.496460,-0.506287,0.504150,-0.492981,-0.0803,270.3211,0
14.2300,40856,0.496460,-0.506226,0.504272,-0.492920,-0.0942,270.3139,0
14.2400,40866,0.496521,-0.506165,0.504272,-0.492920,-0.1012,270.3139,0
14.2500,40876,0.496643,-0.506042,0.504272,-0.492920,-0.1152,270.3139,0
14.2600,40886,0.496704,-0.505981,0.504272,-0.492920,-0.1221,270.3139,0
14.2700,40896,0.496765,-0.505920,0.504333,-0.492859,-0.1361,270.3138,0
14.2800,40906,0.496765,-0.505981,0.504456,-0.492737,-0.1467,270.3134,0
14.2900,40916,0.496765,-0.505920,0.504517,-0.492676,-0.1572,270.3133,0
14.3000,40926,0.496826,-0.505920,0.504578,-0.492554,-0.1712,270.3200,0
14.3100,40936,0.497009,-0.505798,0.504578,-0.492493,-0.1923,270.3269,0
14.3200,40946,0.497070,-0.505798,0.504639,-0.492371,-0.2063,270.3336,0
14.3300,40956,0.497131,-0.505859,0.504578,-0.492310,-0.2065,270.3475,0
14.3400,40966,0.497192,-0.505920,0.504578,-0.492249,-0.2101,270.3544,0
14.3500,40976,0.497192,-0.505981,0.504578,-0.492187,-0.2102,270.3613,0
14.3600,40986,0.497192,-0.505981,0.504578,-0.492187,-0.2102,270.3613,0
14.3700,40996,0.497192,-0.505981,0.504578,-0.492187,-0.2102,270.3613,0
14.3800,41006,0.497192,-0.505981,0.504578,-0.492187,-0.2102,270.3613,0
14.3900,41016,0.497131,-0.505920,0.504578,-0.492187,-0.2101,270.3613,0
14.4000,41026,0.497131,-0.505920,0.504639,-0.492249,-0.2101,270.3473,0
14.4100,41036,0.497253,-0.505798,0.504517,-0.492310,-0.2135,270.3546,0
14.4200,41046,0.497314,-0.505798,0.504395,-0.492432,-0.2030,270.3549,0
14.4300,41056,0.497375,-0.505798,0.504272,-0.492493,-0.1960,270.3621,0
14.4400,41066,0.497314,-0.505859,0.504211,-0.492554,-0.1821,270.3623,0
14.4500,41076,0.497192,-0.505859,0.504272,-0.492493,-0.1820,270.3622,0
14.4600,41086,0.497070,-0.505859,0.504456,-0.492493,-0.1854,270.3410,0
14.4700,41096,0.497009,-0.505859,0.504517,-0.492493,-0.1853,270.3339,0
14.4800,41106,0.496948,-0.505798,0.504578,-0.492493,-0.1887,270.3269,0
14.4900,41116,0.497070,-0.505737,0.504578,-0.492554,-0.1957,270.3199,0
14.5000,41126,0.497131,-0.505676,0.504517,-0.492615,-0.1957,270.3201,0
14.5100,41136,0.497131,-0.505615,0.504517,-0.492615,-0.1991,270.3201,0
14.5200,41146,0.497131,-0.505615,0.504517,-0.492615,-0.1991,270.3201,0
14.5300,41156,0.497070,-0.505676,0.504517,-0.492554,-0.1957,270.3271,0
14.5400,41166,0.497070,-0.505737,0.504578,-0.492554,-0.1957,270.3199,0
14.5500,41176,0.497009,-0.505737,0.504639,-0.492493,-0.1992,270.3198,0
14.5600,41186,0.497070,-0.505737,0.504639,-0.492493,-0.2027,270.3198,0
14.5700,41196,0.497131,-0.505676,0.504639,-0.492371,-0.2168,270.3336,0
14.5800,41206,0.497253,-0.505615,0.504639,-0.492310,-0.2308,270.3405,0
14.5900,41216,0.497437,-0.505554,0.504639,-0.492249,-0.2484,270.3474,0
14.6000,41226,0.497620,-0.505432,0.504639,-0.492187,-0.2694,270.3542,0
14.6100,41236,0.497803,-0.505310,0.504639,-0.492187,-0.2868,270.3542,0
14.6200,41246,0.497864,-0.505188,0.504639,-0.492187,-0.2973,270.3542,0
14.6300,41256,0.497864,-0.505188,0.504639,-0.492187,-0.2973,270.3542,0
14.6400,41266,0.497864,-0.505188,0.504639,-0.492187,-0.2973,270.3542,0
14.6500,41276,0.497864,-0.505188,0.504639,-0.492187,-0.2973,270.3542,0
14.6600,41286,0.497803,-0.505188,0.504639,-0.492249,-0.2902,270.3474,0
14.6700,41296,0.497742,-0.505127,0.504700,-0.492310,-0.2901,270.3334,0
14.6800,41306,0.497681,-0.505005,0.504761,-0.492432,-0.2898,270.3126,0
14.6900,41316,0.497681,-0.504944,0.504761,-0.492493,-0.2897,270.3057,0
14.7000,41326,0.497681,-0.504883,0.504761,-0.492554,-0.2897,270.2988,0
14.7100,41336,0.497620,-0.504822,0.504822,-0.492615,-0.2895,270.2849,0
14.7200,41346,0.497559,-0.504761,0.505005,-0.492554,-0.3034,270.2705,0
14.7300,41356,0.497498,-0.504700,0.505127,-0.492493,-0.3138,270.2633,0
14.7400,41366,0.497559,-0.504639,0.505249,-0.492432,-0.3313,270.2561,0
14.7500,41376,0.497681,-0.504517,0.505249,-0.492432,-0.3452,270.2561,0
14.7600,41386,0.497864,-0.504395,0.505188,-0.492432,-0.3592,270.2631,0
14.7700,41396,0.498047,-0.504333,0.505127,-0.492371,-0.3733,270.2771,0
14.7800,41406,0.498108,-0.504333,0.505127,-0.492310,-0.3804,270.2840,0
14.7900,41416,0.498108,-0.504333,0.505188,-0.492249,-0.3874,270.2838,0
14.8000,41426,0.498047,-0.504395,0.505249,-0.492126,-0.3910,270.2905,0
14.8100,41436,0.498047,-0.504395,0.505371,-0.492065,-0.4015,270.2832,0
14.8200,41446,0.498047,-0.504395,0.505493,-0.491943,-0.4155,270.2829,0
14.8300,41456,0.498108,-0.504395,0.505493,-0.491943,-0.4190,270.2828,0
14.8400,41466,0.498108,-0.504333,0.505554,-0.491882,-0.4295,270.2827,0
14.8500,41476,0.498108,-0.504333,0.505493,-0.491943,-0.4225,270.2829,0
14.8600,41486,0.498108,-0.504333,0.505493,-0.491943,-0.4225,270.2829,0
14.8700,41496,0.498047,-0.504333,0.505493,-0.492004,-0.4154,270.2760,0
14.8800,41506,0.497986,-0.504333,0.505493,-0.492065,-0.4083,270.2691,0
14.8900,41516,0.497986,-0.504333,0.505493,-0.492065,-0.4083,270.2691,0
14.9000,41526,0.497986,-0.504333,0.505493,-0.492065,-0.4083,270.2691,0
14.9100,41536,0.498047,-0.504272,0.505554,-0.492004,-0.4223,270.2689,0
14.9200,41546,0.498108,-0.504211,0.505615,-0.491943,-0.4363,270.2687,0
14.9300,41556,0.498291,-0.504150,0.505493,-0.491882,-0.4469,270.2898,0
14.9400,41566,0.498291,-0.504211,0.505493,-0.491882,-0.4435,270.2898,0
14.9500,41576,0.498291,-0.504272,0.505493,-0.491821,-0.4436,270.2966,0
14.9600,41586,0.498230,-0.504395,0.505615,-0.491699,-0.4472,270.2962,0
14.9700,41596,0.498108,-0.504517,0.505737,-0.491577,-0.4472,270.2958,0
14.9800,41606,0.497986,-0.504578,0.505798,-0.491516,-0.4437,270.2957,0
14.9900,41616,0.497986,-0.504578,0.505798,-0.491516,-0.4437,270.2957,0
15.0000,41626,0.498108,-0.504456,0.505737,-0.491577,-0.4507,270.2958,0
15.0100,41636,0.498230,-0.504333,0.505615,-0.491699,-0.4506,270.2962,0
15.0200,41646,0.498352,-0.504211,0.505554,-0.491760,-0.4575,270.2964,0
15.0300,41656,0.498413,-0.504150,0.505615,-0.491699,-0.4715,270.2962,0
15.0400,41666,0.498413,-0.504150,0.505676,-0.491638,-0.4785,270.2961,0
15.0500,41676,0.498413,-0.504150,0.505798,-0.491516,-0.4926,270.2957,0
15.0600,41686,0.498413,-0.504150,0.505920,-0.491394,-0.5066,270.2953,0
15.0700,41696,0.498413,-0.504150,0.505981,-0.491272,-0.5171,270.3019,0
15.0800,41706,0.498474,-0.504089,0.506042,-0.491272,-0.5276,270.2948,0
15.0900,41716,0.498535,-0.504028,0.506042,-0.491272,-0.5346,270.2948,0
15.1000,41726,0.498657,-0.504028,0.505981,-0.491272,-0.5382,270.3019,0
15.1100,41736,0.498657,-0.504028,0.505920,-0.491211,-0.5382,270.3159,0
15.1200,41746,0.498657,-0.504089,0.505981,-0.491211,-0.5383,270.3088,0
15.1300,41756,0.498657,-0.504089,0.505981,-0.491211,-0.5383,270.3088,0
15.1400,41766,0.498657,-0.504089,0.505981,-0.491150,-0.5418,270.3157,0
15.1500,41776,0.498779,-0.504028,0.505920,-0.491150,-0.5488,270.3228,0
15.1600,41786,0.498840,-0.503967,0.505920,-0.491150,-0.5558,270.3228,0
15.1700,41796,0.498901,-0.503906,0.505920,-0.491150,-0.5628,270.3228,0
15.1800,41806,0.498962,-0.503845,0.505920,-0.491089,-0.5733,270.3296,0
15.1900,41816,0.498962,-0.503845,0.506104,-0.490967,-0.5908,270.3221,0
15.2000,41826,0.499084,-0.503723,0.506042,-0.491028,-0.5977,270.3223,0
15.2100,41836,0.499207,-0.503662,0.505920,-0.491089,-0.5977,270.3296,0
15.2200,41846,0.499268,-0.503601,0.505798,-0.491211,-0.5907,270.3300,0
15.2300,41856,0.499268,-0.503601,0.505798,-0.491211,-0.5907,270.3300,0
15.2400,41866,0.499207,-0.503662,0.505859,-0.491150,-0.5907,270.3298,0
15.2500,41876,0.499084,-0.503723,0.505981,-0.491028,-0.5942,270.3294,0
15.2600,41886,0.498962,-0.503845,0.506104,-0.490906,-0.5943,270.3290,0
15.2700,41896,0.498901,-0.503967,0.506165,-0.490845,-0.5909,270.3288,0
15.2800,41906,0.498901,-0.503967,0.506165,-0.490845,-0.5909,270.3288,0
15.2900,41916,0.499023,-0.503906,0.506042,-0.490906,-0.5909,270.3361,0
15.3000,41926,0.499146,-0.503784,0.505981,-0.490967,-0.5978,270.3363,0
15.3100,41936,0.499207,-0.503723,0.505920,-0.491028,-0.5978,270.3365,0
15.3200,41946,0.499207,-0.503723,0.505920,-0.491028,-0.5978,270.3365,0
15.3300,41956,0.499207,-0.503723,0.505920,-0.491028,-0.5978,270.3365,0
15.3400,41966,0.499207,-0.503723,0.505981,-0.490967,-0.6048,270.3363,0
15.3500,41976,0.499207,-0.503723,0.505981,-0.490967,-0.6048,270.3363,0
15.3600,41986,0.499268,-0.503662,0.505920,-0.491028,-0.6048,270.3365,0
15.3700,41996,0.499268,-0.503662,0.505859,-0.491028,-0.6013,270.3436,0
15.3800,42006,0.499268,-0.503662,0.505859,-0.491028,-0.6013,270.3436,0
15.3900,42016,0.499146,-0.503723,0.505920,-0.491089,-0.5907,270.3296,0
15.4000,42026,0.498962,-0.503784,0.505981,-0.491089,-0.5802,270.3225,0
15.4100,42036,0.498779,-0.503906,0.506104,-0.491089,-0.5697,270.3084,0
15.4200,42046,0.498718,-0.503906,0.506165,-0.491089,-0.5696,270.3013,0
15.4300,42056,0.498657,-0.503906,0.506165,-0.491089,-0.5661,270.3013,0
15.4400,42066,0.498840,-0.503723,0.506104,-0.491211,-0.5765,270.2946,0
15.4500,42076,0.498962,-0.503662,0.506042,-0.491272,-0.5800,270.2948,0
15.4600,42086,0.498962,-0.503601,0.506104,-0.491211,-0.5904,270.2946,0
15.4700,42096,0.498901,-0.503601,0.506226,-0.491150,-0.5974,270.2874,0
15.4800,42106,0.498901,-0.503601,0.506348,-0.491028,-0.6114,270.2869,0
15.4900,42116,0.498962,-0.503540,0.506348,-0.491028,-0.6184,270.2869,0
15.5000,42126,0.499023,-0.503479,0.506409,-0.490967,-0.6324,270.2867,0
15.5100,42136,0.499084,-0.503418,0.506348,-0.491028,-0.6323,270.2869,0
15.5200,42146,0.499146,-0.503357,0.506348,-0.491028,-0.6393,270.2869,0
15.5300,42156,0.499146,-0.503357,0.506348,-0.491028,-0.6393,270.2869,0
15.5400,42166,0.499146,-0.503357,0.506348,-0.491028,-0.6393,270.2869,0
15.5500,42176,0.499084,-0.503296,0.506348,-0.491089,-0.6357,270.2801,0
15.5600,42186,0.499084,-0.503235,0.506409,-0.491150,-0.6391,270.2661,0
15.5700,42196,0.499084,-0.503174,0.506409,-0.491272,-0.6355,270.2523,0
15.5800,42206,0.499084,-0.502991,0.506470,-0.491333,-0.6458,270.2384,0
15.5900,42216,0.499146,-0.502869,0.506531,-0.491333,-0.6597,270.2313,0
15.6000,42226,0.499146,-0.502808,0.506592,-0.491333,-0.6666,270.2242,0
15.6100,42236,0.499207,-0.502747,0.506653,-0.491272,-0.6806,270.2240,0
15.6200,42246,0.499268,-0.502686,0.506714,-0.491211,-0.6946,270.2238,0
15.6300,42256,0.499390,-0.502625,0.506714,-0.491089,-0.7121,270.2375,0
15.6400,42266,0.499512,-0.502625,0.506714,-0.491028,-0.7227,270.2444,0
15.6500,42276,0.499573,-0.502686,0.506653,-0.490967,-0.7229,270.2584,0
15.6600,42286,0.499634,-0.502686,0.506592,-0.490967,-0.7229,270.2654,0
15.6700,42296,0.499573,-0.502686,0.506714,-0.490845,-0.7334,270.2650,0
15.6800,42306,0.499573,-0.502747,0.506775,-0.490784,-0.7370,270.2648,0
15.6900,42316,0.499573,-0.502747,0.506836,-0.490723,-0.7440,270.2646,0
15.7000,42326,0.499634,-0.502686,0.506836,-0.490723,-0.7510,270.2646,0
15.7100,42336,0.499634,-0.502625,0.506775,-0.490784,-0.7474,270.2648,0
15.7200,42346,0.499634,-0.502686,0.506714,-0.490845,-0.7369,270.2650,0
15.7300,42356,0.499573,-0.502686,0.506714,-0.490845,-0.7334,270.2650,0
15.7400,42366,0.499573,-0.502686,0.506714,-0.490845,-0.7334,270.2650,0
15.7500,42376,0.499634,-0.502625,0.506653,-0.490906,-0.7334,270.2653,0
15.7600,42386,0.499695,-0.502563,0.506592,-0.490967,-0.7333,270.2655,0
15.7700,42396,0.499817,-0.502502,0.506531,-0.491028,-0.7368,270.2657,0
15.7800,42406,0.499878,-0.502441,0.506592,-0.490967,-0.7508,270.2654,0
15.7900,42416,0.499878,-0.502380,0.506653,-0.490906,-0.7613,270.2653,0
15.8000,42426,0.499878,-0.502441,0.506653,-0.490845,-0.7614,270.2721,0
15.8100,42436,0.499939,-0.502563,0.506653,-0.490723,-0.7651,270.2858,0
15.8200,42446,0.500000,-0.502625,0.506531,-0.490723,-0.7582,270.3000,0
15.8300,42456,0.500000,-0.502747,0.506409,-0.490723,-0.7443,270.3142,0
15.8400,42466,0.500000,-0.502869,0.506287,-0.490662,-0.7340,270.3352,0
15.8500,42476,0.500000,-0.502930,0.506226,-0.490662,-0.7270,270.3423,0
15.8600,42486,0.500061,-0.502991,0.506165,-0.490662,-0.7237,270.3494,0
15.8700,42496,0.500122,-0.502930,0.506104,-0.490723,-0.7236,270.3496,0
15.8800,42506,0.500122,-0.502869,0.506042,-0.490784,-0.7200,270.3498,0
15.8900,42516,0.500122,-0.502869,0.506042,-0.490784,-0.7200,270.3498,0
15.9000,42526,0.500122,-0.502930,0.506104,-0.490723,-0.7236,270.3496,0
15.9100,42536,0.500000,-0.502991,0.506226,-0.490662,-0.7236,270.3423,0
15.9200,42546,0.499878,-0.503052,0.506348,-0.490662,-0.7201,270.3281,0
15.9300,42556,0.499817,-0.502991,0.506348,-0.490662,-0.7200,270.3282,0
15.9400,42566,0.499878,-0.502930,0.506287,-0.490723,-0.7199,270.3284,0
15.9500,42576,0.500000,-0.502869,0.506226,-0.490784,-0.7234,270.3286,0
15.9600,42586,0.500061,-0.502808,0.506104,-0.490906,-0.7164,270.3290,0
15.9700,42596,0.500000,-0.502869,0.506104,-0.490906,-0.7094,270.3290,0
15.9800,42606,0.499878,-0.502991,0.506104,-0.490906,-0.6955,270.3290,0
15.9900,42616,0.499878,-0.502991,0.506104,-0.490906,-0.6955,270.3290,0
16.0000,42626,0.499939,-0.502930,0.506104,-0.490967,-0.6989,270.3221,0
16.0100,42636,0.500000,-0.502869,0.506042,-0.491028,-0.6989,270.3223,0
16.0200,42646,0.500000,-0.502869,0.505981,-0.491028,-0.6954,270.3294,0
16.0300,42656,0.500000,-0.502747,0.506104,-0.491028,-0.7092,270.3152,0
16.0400,42666,0.500000,-0.502747,0.506226,-0.490967,-0.7198,270.3080,0
16.0500,42676,0.500000,-0.502625,0.506348,-0.490967,-0.7336,270.2938,0
16.0600,42686,0.500000,-0.502502,0.506409,-0.490967,-0.7440,270.2867,0
16.0700,42696,0.500061,-0.502380,0.506409,-0.491028,-0.7509,270.2798,0
16.0800,42706,0.500061,-0.502258,0.506409,-0.491150,-0.7507,270.2661,0
16.0900,42716,0.500000,-0.502197,0.506470,-0.491211,-0.7506,270.2521,0
16.1000,42726,0.499878,-0.502197,0.506531,-0.491272,-0.7435,270.2382,0
16.1100,42736,0.499756,-0.502258,0.506592,-0.491333,-0.7330,270.2242,0
16.1200,42746,0.499695,-0.502258,0.506592,-0.491394,-0.7259,270.2173,0
16.1300,42756,0.499695,-0.502197,0.506592,-0.491455,-0.7258,270.2105,0
16.1400,42766,0.499695,-0.502075,0.506653,-0.491516,-0.7327,270.1965,0
16.1500,42776,0.499695,-0.501953,0.506714,-0.491455,-0.7466,270.1963,0
16.1600,42786,0.499756,-0.501831,0.506836,-0.491455,-0.7640,270.1821,0
16.1700,42796,0.499817,-0.501770,0.506958,-0.491333,-0.7850,270.1817,0
16.1800,42806,0.499878,-0.501709,0.507019,-0.491272,-0.7990,270.1815,0
16.1900,42816,0.499939,-0.501648,0.507080,-0.491211,-0.8130,270.1812,0
16.2000,42826,0.500000,-0.501587,0.507080,-0.491150,-0.8234,270.1881,0
16.2100,42836,0.500000,-0.501587,0.507080,-0.491150,-0.8234,270.1881,0
16.2200,42846,0.500000,-0.501587,0.507080,-0.491211,-0.8199,270.1812,0
16.2300,42856,0.500000,-0.501648,0.507019,-0.491211,-0.8130,270.1884,0
16.2400,42866,0.499939,-0.501648,0.507019,-0.491333,-0.8024,270.1746,0
16.2500,42876,0.499817,-0.501587,0.507080,-0.491333,-0.8023,270.1675,0
16.2600,42886,0.499695,-0.501587,0.507202,-0.491333,-0.8022,270.1533,0
16.2700,42896,0.499573,-0.501526,0.507324,-0.491394,-0.8020,270.1323,0
16.2800,42906,0.499573,-0.501404,0.507446,-0.491455,-0.8124,270.1112,0
16.2900,42916,0.499695,-0.501282,0.507446,-0.491455,-0.8263,270.1112,0
16.3000,42926,0.499878,-0.501099,0.507385,-0.491516,-0.8403,270.1114,0
16.3100,42936,0.500183,-0.500916,0.507263,-0.491577,-0.8578,270.1187,0
16.3200,42946,0.500366,-0.500854,0.507141,-0.491516,-0.8684,270.1398,0
16.3300,42956,0.500488,-0.500854,0.507141,-0.491394,-0.8825,270.1535,0
16.3400,42966,0.500488,-0.501038,0.507141,-0.491150,-0.8862,270.1811,0
16.3500,42976,0.500488,-0.501221,0.507202,-0.491028,-0.8864,270.1877,0
16.3600,42986,0.500610,-0.501282,0.507080,-0.490906,-0.8901,270.2156,0
16.3700,42996,0.500732,-0.501282,0.506958,-0.490906,-0.8902,270.2298,0
16.3800,43006,0.500854,-0.501282,0.506836,-0.490906,-0.8903,270.2440,0
16.3900,43016,0.500916,-0.501282,0.506775,-0.490906,-0.8903,270.2511,0
16.4000,43026,0.500916,-0.501282,0.506775,-0.490906,-0.8903,270.2511,0
16.4100,43036,0.500854,-0.501343,0.506836,-0.490845,-0.8904,270.2509,0
16.4200,43046,0.500916,-0.501282,0.506775,-0.490845,-0.8938,270.2580,0
16.4300,43056,0.500977,-0.501221,0.506714,-0.490967,-0.8903,270.2513,0
16.4400,43066,0.501099,-0.501099,0.506653,-0.491028,-0.8973,270.2515,0
16.4500,43076,0.501160,-0.501038,0.506531,-0.491089,-0.8937,270.2588,0
16.4600,43086,0.501160,-0.501038,0.506531,-0.491150,-0.8902,270.2520,0
16.4700,43096,0.500977,-0.501038,0.506714,-0.491150,-0.8901,270.2307,0
16.4800,43106,0.500916,-0.501038,0.506775,-0.491089,-0.8936,270.2305,0
16.4900,43116,0.500854,-0.501099,0.506775,-0.491150,-0.8831,270.2236,0
16.5000,43126,0.500916,-0.501038,0.506653,-0.491272,-0.8760,270.2240,0
16.5100,43136,0.500916,-0.501038,0.506592,-0.491333,-0.8690,270.2242,0
16.5200,43146,0.500916,-0.501099,0.506531,-0.491333,-0.8621,270.2313,0
16.5300,43156,0.500732,-0.501160,0.506653,-0.491333,-0.8550,270.2172,0
16.5400,43166,0.500671,-0.501221,0.506714,-0.491272,-0.8551,270.2169,0
16.5500,43176,0.500610,-0.501160,0.506775,-0.491333,-0.8549,270.2030,0
16.5600,43186,0.500671,-0.501099,0.506714,-0.491394,-0.8549,270.2032,0
16.5700,43196,0.500732,-0.500977,0.506714,-0.491455,-0.8618,270.1963,0
16.5800,43206,0.500793,-0.500854,0.506775,-0.491455,-0.8758,270.1892,0
16.5900,43216,0.500793,-0.500793,0.506836,-0.491455,-0.8827,270.1821,0
16.6000,43226,0.500793,-0.500732,0.506958,-0.491455,-0.8931,270.1679,0
16.6100,43236,0.500793,-0.500671,0.507019,-0.491394,-0.9036,270.1677,0
16.6200,43246,0.500916,-0.500610,0.507019,-0.491394,-0.9141,270.1677,0
16.6300,43256,0.501038,-0.500488,0.506958,-0.491394,-0.9246,270.1748,0
16.6400,43266,0.501099,-0.500366,0.506897,-0.491516,-0.9245,270.1682,0
16.6500,43276,0.501221,-0.500305,0.506775,-0.491577,-0.9245,270.1755,0
16.6600,43286,0.501343,-0.500244,0.506653,-0.491699,-0.9210,270.1759,0
16.6700,43296,0.501343,-0.500244,0.506653,-0.491699,-0.9210,270.1759,0
16.6800,43306,0.501221,-0.500305,0.506775,-0.491577,-0.9245,270.1755,0
16.6900,43316,0.501099,-0.500427,0.506958,-0.491394,-0.9316,270.1748,0
16.7000,43326,0.500977,-0.500488,0.507141,-0.491272,-0.9385,270.1673,0
16.7100,43336,0.501038,-0.500427,0.507141,-0.491211,-0.9490,270.1742,0
16.7200,43346,0.501160,-0.500366,0.507080,-0.491333,-0.9491,270.1675,0
16.7300,43356,0.501343,-0.500122,0.506897,-0.491516,-0.9524,270.1682,0
16.7400,43366,0.501282,-0.500183,0.506897,-0.491516,-0.9454,270.1682,0
16.7500,43376,0.501221,-0.500183,0.507019,-0.491455,-0.9524,270.1609,0
16.7600,43386,0.501160,-0.500244,0.507080,-0.491394,-0.9524,270.1606,0
16.7700,43396,0.501160,-0.500244,0.507019,-0.491394,-0.9489,270.1678,0
16.7800,43406,0.501221,-0.500183,0.507019,-0.491455,-0.9524,270.1609,0
16.7900,43416,0.501282,-0.500122,0.506958,-0.491516,-0.9524,270.1611,0
16.8000,43426,0.501343,-0.500122,0.506897,-0.491516,-0.9524,270.1682,0
16.8100,43436,0.501404,-0.500183,0.506897,-0.491455,-0.9560,270.1750,0
16.8200,43446,0.501343,-0.500305,0.506897,-0.491333,-0.9526,270.1888,0
16.8300,43456,0.501343,-0.500366,0.506897,-0.491211,-0.9562,270.2025,0
16.8400,43466,0.501465,-0.500427,0.506836,-0.491150,-0.9598,270.2165,0
16.8500,43476,0.501526,-0.500488,0.506775,-0.491089,-0.9599,270.2305,0
16.8600,43486,0.501587,-0.500549,0.506714,-0.491028,-0.9600,270.2444,0
16.8700,43496,0.501587,-0.500549,0.506714,-0.490967,-0.9635,270.2513,0
16.8800,43506,0.501648,-0.500488,0.506775,-0.490906,-0.9775,270.2511,0
16.8900,43516,0.501709,-0.500427,0.506836,-0.490845,-0.9915,270.2509,0
16.9000,43526,0.501892,-0.500305,0.506897,-0.490784,-1.0160,270.2506,0
16.9100,43536,0.502075,-0.500122,0.506836,-0.490845,-1.0299,270.2509,0
16.9200,43546,0.502197,-0.499939,0.506775,-0.490967,-1.0368,270.2442,0
16.9300,43556,0.502258,-0.499878,0.506714,-0.491028,-1.0368,270.2444,0
16.9400,43566,0.502258,-0.499939,0.506653,-0.491028,-1.0298,270.2515,0
16.9500,43576,0.502197,-0.500122,0.506592,-0.490967,-1.0160,270.2655,0
16.9600,43586,0.501953,-0.500305,0.506653,-0.490906,-0.9985,270.2653,0
16.9700,43596,0.501831,-0.500488,0.506653,-0.490906,-0.9811,270.2653,0
16.9800,43606,0.501709,-0.500610,0.506653,-0.490906,-0.9672,270.2653,0
16.9900,43616,0.501648,-0.500610,0.506653,-0.490967,-0.9601,270.2584,0
17.0000,43626,0.501648,-0.500549,0.506714,-0.490967,-0.9671,270.2513,0
17.0100,43636,0.501587,-0.500549,0.506714,-0.491028,-0.9600,270.2444,0
17.0200,43646,0.501648,-0.500488,0.506714,-0.491028,-0.9670,270.2444,0
17.0300,43656,0.501648,-0.500488,0.506653,-0.491089,-0.9600,270.2447,0
17.0400,43666,0.501648,-0.500488,0.506653,-0.491089,-0.9600,270.2447,0
17.0500,43676,0.501587,-0.500488,0.506714,-0.491028,-0.9635,270.2444,841
17.0600,43686,0.501526,-0.500610,0.506836,-0.490906,-0.9671,270.2440,0
17.0700,43696,0.501465,-0.500916,0.506897,-0.490601,-0.9674,270.2712,0
17.0800,43706,0.501587,-0.500916,0.506714,-0.490601,-0.9639,270.2925,0
17.0900,43716,0.501709,-0.500854,0.506531,-0.490784,-0.9534,270.2932,0
17.1000,43726,0.501770,-0.500793,0.506409,-0.490906,-0.9464,270.2936,0
17.1100,43736,0.501709,-0.500732,0.506470,-0.490967,-0.9463,270.2796,0
17.1200,43746,0.501526,-0.500793,0.506653,-0.490906,-0.9462,270.2653,0
17.1300,43756,0.501404,-0.500732,0.506958,-0.490784,-0.9671,270.2435,0
17.1400,43766,0.501343,-0.500610,0.507141,-0.490723,-0.9845,270.2291,0
17.1500,43776,0.501465,-0.500366,0.507263,-0.490723,-1.0123,270.2149,0
17.1600,43786,0.501709,-0.500122,0.507324,-0.490662,-1.0472,270.2147,0
17.1700,43796,0.501892,-0.500000,0.507446,-0.490601,-1.0753,270.2074,0
17.1800,43806,0.501953,-0.499878,0.507568,-0.490417,-1.1032,270.2138,0
17.1900,43816,0.501953,-0.499878,0.507751,-0.490234,-1.1242,270.2130,0
17.2000,43826,0.502014,-0.499817,0.507874,-0.490112,-1.1452,270.2126,0
17.2100,43836,0.502075,-0.499756,0.507996,-0.489990,-1.1662,270.2120,0
17.2200,43846,0.502197,-0.499756,0.507996,-0.489929,-1.1768,270.2189,0
17.2300,43856,0.502380,-0.499695,0.507935,-0.489868,-1.1909,270.2328,0
17.2400,43866,0.502686,-0.499695,0.507690,-0.489746,-1.2016,270.2750,0
17.2500,43876,0.502808,-0.499695,0.507568,-0.489746,-1.2017,270.2892,0
17.2600,43886,0.502930,-0.499695,0.507385,-0.489807,-1.1947,270.3036,0
17.2700,43896,0.502930,-0.499695,0.507324,-0.489868,-1.1877,270.3039,0
17.2800,43906,0.502869,-0.499695,0.507324,-0.489929,-1.1806,270.2970,0
17.2900,43916,0.502686,-0.499817,0.507385,-0.489990,-1.1632,270.2831,0
17.3000,43926,0.502441,-0.499878,0.507446,-0.490051,-1.1456,270.2691,0
17.3100,43936,0.502258,-0.499878,0.507507,-0.490173,-1.1314,270.2483,0
17.3200,43946,0.502136,-0.499878,0.507507,-0.490295,-1.1173,270.2346,0
17.3300,43956,0.502075,-0.499817,0.507446,-0.490479,-1.1032,270.2211,0
17.3400,43966,0.502075,-0.499756,0.507385,-0.490662,-1.0926,270.2076,0
17.3500,43976,0.502014,-0.499695,0.507324,-0.490784,-1.0820,270.2010,0
17.3600,43986,0.502014,-0.499695,0.507324,-0.490845,-1.0785,270.1941,0
17.3700,43996,0.501953,-0.499634,0.507385,-0.490845,-1.0819,270.1870,0
17.3800,44006,0.501953,-0.499634,0.507385,-0.490906,-1.0784,270.1801,0
17.3900,44016,0.501953,-0.499634,0.507385,-0.490906,-1.0784,270.1801,0
17.4000,44026,0.502014,-0.499573,0.507324,-0.490967,-1.0784,270.1804,0
17.4100,44036,0.502014,-0.499512,0.507202,-0.491089,-1.0678,270.1808,0
17.4200,44046,0.502014,-0.499512,0.507080,-0.491211,-1.0538,270.1813,0
17.4300,44056,0.501953,-0.499573,0.507019,-0.491333,-1.0363,270.1746,0
17.4400,44066,0.501892,-0.499695,0.506958,-0.491333,-1.0224,270.1817,0
17.4500,44076,0.501770,-0.499817,0.507019,-0.491333,-1.0119,270.1746,0
17.4600,44086,0.501648,-0.499878,0.507080,-0.491272,-1.0084,270.1744,0
17.4700,44096,0.501709,-0.499878,0.507141,-0.491211,-1.0190,270.1742,0
17.4800,44106,0.501770,-0.499817,0.507141,-0.491150,-1.0295,270.1810,0
17.4900,44116,0.502014,-0.499634,0.507019,-0.491211,-1.0434,270.1884,0
17.5000,44126,0.502441,-0.499268,0.506714,-0.491516,-1.0538,270.1894,0
17.5100,44136,0.502625,-0.499023,0.506592,-0.491638,-1.0642,270.1899,0
17.5200,44146,0.502808,-0.498840,0.506531,-0.491699,-1.0782,270.1901,0
17.5300,44156,0.502991,-0.498657,0.506592,-0.491638,-1.1061,270.1899,0
17.5400,44166,0.503174,-0.498474,0.506714,-0.491516,-1.1411,270.1895,0
17.5500,44176,0.503357,-0.498291,0.507019,-0.491211,-1.1971,270.1884,0
17.5600,44186,0.503601,-0.498047,0.507324,-0.490845,-1.2635,270.1941,0
17.5700,44196,0.503906,-0.497681,0.507690,-0.490479,-1.3439,270.1927,0
17.5800,44206,0.504456,-0.497253,0.507996,-0.490112,-1.4384,270.1984,0
17.5900,44216,0.505127,-0.496704,0.508240,-0.489807,-1.5399,270.2042,0
17.6000,44226,0.505859,-0.496033,0.508484,-0.489441,-1.6552,270.2169,0
17.6100,44236,0.506653,-0.495361,0.508789,-0.488953,-1.7846,270.2361,0
17.6200,44246,0.507446,-0.494629,0.509277,-0.488342,-1.9350,270.2475,0
17.6300,44256,0.508301,-0.493896,0.509888,-0.487488,-2.1099,270.2718,0
17.6400,44266,0.509277,-0.493164,0.510620,-0.486511,-2.3059,270.2952,0
17.6500,44276,0.510437,-0.492310,0.511353,-0.485413,-2.5264,270.3318,0
17.6600,44286,0.511719,-0.491272,0.512085,-0.484253,-2.7677,270.3750,0
17.6700,44296,0.513123,-0.490234,0.512817,-0.483032,-3.0196,270.4244,0
17.6800,44306,0.514587,-0.489136,0.513611,-0.481812,-3.2821,270.4662,0
17.6900,44316,0.516052,-0.488098,0.514404,-0.480469,-3.5481,270.5210,0
17.7000,44326,0.517334,-0.487183,0.515381,-0.478943,-3.8177,270.5738,0
17.7100,44336,0.518433,-0.486328,0.516602,-0.477295,-4.0945,270.6104,0
17.7200,44346,0.519409,-0.485596,0.518066,-0.475403,-4.3857,270.6436,0
17.7300,44356,0.520203,-0.484924,0.519836,-0.473267,-4.6945,270.6656,0
17.7400,44366,0.520996,-0.484192,0.521851,-0.470947,-5.0317,270.6765,0
17.7500,44376,0.522034,-0.483215,0.523926,-0.468506,-5.4073,270.6911,0
17.7600,44386,0.524658,-0.480469,0.528198,-0.463562,-6.2457,270.7051,0
17.7700,44396,0.526306,-0.478760,0.530273,-0.461121,-6.6982,270.7128,0
17.7800,44406,0.528137,-0.476868,0.532227,-0.458740,-7.1612,270.7267,0
17.7900,44416,0.530090,-0.474915,0.534119,-0.456299,-7.6347,270.7525,0
17.8000,44426,0.531982,-0.473022,0.536133,-0.453613,-8.1224,270.7868,0
17.8100,44436,0.533813,-0.471252,0.538391,-0.450623,-8.6320,270.8200,0
17.8200,44446,0.535522,-0.469604,0.540955,-0.447327,-9.1636,270.8435,0
17.8300,44456,0.537109,-0.467957,0.543701,-0.443726,-9.7160,270.8716,0
17.8400,44466,0.538757,-0.466187,0.546570,-0.440125,-10.2869,270.8795,0
17.8500,44476,0.540405,-0.464294,0.549438,-0.436523,-10.8646,270.8827,0
17.8600,44486,0.542175,-0.462341,0.552124,-0.432983,-11.4390,270.8984,0
17.8700,44496,0.544006,-0.460388,0.554687,-0.429504,-12.0069,270.9194,0
17.8800,44506,0.545837,-0.458435,0.557129,-0.426025,-12.5677,270.9522,0
17.8900,44516,0.547668,-0.456604,0.559631,-0.422302,-13.1402,270.9972,0
17.9000,44526,0.549377,-0.455017,0.562256,-0.418396,-13.7111,271.0396,0
17.9100,44536,0.550903,-0.453491,0.565002,-0.414246,-14.2888,271.0848,0
17.9200,44546,0.552368,-0.452087,0.567810,-0.410034,-14.8647,271.1220,0
17.9300,44556,0.553833,-0.450623,0.570618,-0.405701,-15.4512,271.1655,0
17.9400,44566,0.555359,-0.449097,0.573364,-0.401367,-16.0419,271.2113,0
17.9500,44576,0.556946,-0.447571,0.576172,-0.396973,-16.6453,271.2485,0
