# Sesion:47 Fecha:2026-04-27 21:26:33 Shots:1 Duracion:15,14s
tSeg,ms,qw,qx,qy,qz,filteredElev,filteredYaw,shot
0.0000,2639436,0.717163,-0.676636,0.156433,-0.057678,-8.4138,342.6847,0
0.0100,2639446,0.717773,-0.676270,0.154480,-0.060181,-8.0691,342.6454,0
0.0200,2639456,0.718201,-0.676025,0.152527,-0.062683,-7.7204,342.6041,0
0.0300,2639466,0.718384,-0.676025,0.150757,-0.065125,-7.3859,342.5492,0
0.0400,2639476,0.718323,-0.676208,0.148987,-0.067566,-7.0459,342.4924,0
0.0500,2639486,0.718140,-0.676514,0.147339,-0.070007,-6.7131,342.4238,0
0.0600,2639496,0.717773,-0.677002,0.145752,-0.072388,-6.3857,342.3534,0
0.0700,2639506,0.717346,-0.677490,0.144348,-0.074585,-6.0867,342.2833,0
0.0800,2639516,0.717041,-0.677856,0.142944,-0.076782,-5.7910,342.2140,0
0.0900,2639526,0.716919,-0.678040,0.141479,-0.078918,-5.4996,342.1561,0
0.1000,2639536,0.717041,-0.678040,0.139954,-0.081055,-5.2090,342.1037,0
0.1100,2639546,0.717346,-0.677795,0.138245,-0.083435,-4.8895,342.0475,0
0.1200,2639556,0.717590,-0.677490,0.136597,-0.085754,-4.5797,341.9922,0
0.1300,2639566,0.717712,-0.677368,0.134949,-0.088135,-4.2615,341.9293,0
0.1400,2639576,0.717590,-0.677551,0.133484,-0.090393,-3.9612,341.8589,0
0.1500,2639586,0.717102,-0.677979,0.132202,-0.092651,-3.6679,341.7730,0
0.1600,2639596,0.716431,-0.678711,0.130981,-0.094849,-3.3783,341.6846,0
0.1700,2639606,0.715515,-0.679504,0.129822,-0.096863,-3.1036,341.6086,0
0.1800,2639616,0.714050,-0.680969,0.127441,-0.100647,-2.5748,341.4808,0
0.1900,2639626,0.713745,-0.681335,0.126099,-0.102417,-2.3179,341.4405,0
0.2000,2639636,0.713745,-0.681274,0.124756,-0.104065,-2.0800,341.4128,0
0.2100,2639646,0.713989,-0.681091,0.123291,-0.105774,-1.8323,341.3885,0
0.2200,2639656,0.714172,-0.680847,0.121948,-0.107361,-1.6040,341.3655,0
0.2300,2639666,0.714355,-0.680603,0.120605,-0.109009,-1.3710,341.3369,0
0.2400,2639676,0.714417,-0.680542,0.119385,-0.110596,-1.1489,341.3020,0
0.2500,2639686,0.714355,-0.680542,0.118225,-0.112183,-0.9294,341.2625,0
0.2600,2639696,0.714050,-0.680725,0.117188,-0.113770,-0.7142,341.2133,0
0.2700,2639706,0.713501,-0.681213,0.116272,-0.115295,-0.5064,341.1584,0
0.2800,2639716,0.712769,-0.681885,0.115417,-0.116760,-0.3035,341.1038,0
0.2900,2639726,0.711975,-0.682617,0.114624,-0.118225,-0.1039,341.0444,0
0.3000,2639736,0.711365,-0.683167,0.113831,-0.119690,0.0909,340.9850,0
0.3100,2639746,0.710999,-0.683411,0.112976,-0.121094,0.2786,340.9364,0
0.3200,2639756,0.710999,-0.683289,0.112122,-0.122498,0.4564,340.8875,0
0.3300,2639766,0.711243,-0.682922,0.111206,-0.123840,0.6278,340.8482,0
0.3400,2639776,0.711609,-0.682495,0.110291,-0.125183,0.7968,340.8077,0
0.3500,2639786,0.711914,-0.682068,0.109497,-0.126465,0.9517,340.7629,0
0.3600,2639796,0.712036,-0.681824,0.108826,-0.127686,1.0968,340.7134,0
0.3700,2639806,0.711914,-0.681763,0.108337,-0.128784,1.2232,340.6606,0
0.3800,2639816,0.711609,-0.681946,0.107971,-0.129822,1.3406,340.6027,0
0.3900,2639826,0.711243,-0.682190,0.107666,-0.130859,1.4548,340.5399,0
0.4000,2639836,0.710815,-0.682556,0.107361,-0.131775,1.5621,340.4872,0
0.4100,2639846,0.710449,-0.682739,0.106995,-0.132751,1.6756,340.4354,0
0.4200,2639856,0.710327,-0.682800,0.106506,-0.133728,1.7942,340.3915,0
0.4300,2639866,0.710327,-0.682678,0.105957,-0.134705,1.9135,340.3529,0
0.4400,2639876,0.710510,-0.682312,0.104797,-0.136536,2.1434,340.2897,0
0.4500,2639886,0.710571,-0.682190,0.104309,-0.137390,2.2474,340.2555,0
0.4600,2639896,0.710449,-0.682190,0.104004,-0.138245,2.3406,340.2076,0
0.4700,2639906,0.710205,-0.682312,0.103821,-0.139099,2.4272,340.1501,0
0.4800,2639916,0.709778,-0.682556,0.103699,-0.139893,2.5082,340.0944,0
0.4900,2639926,0.709412,-0.682800,0.103699,-0.140747,2.5834,340.0224,0
0.5000,2639936,0.709106,-0.682983,0.103638,-0.141479,2.6524,339.9659,0
0.5100,2639946,0.708923,-0.682983,0.103516,-0.142212,2.7219,339.9145,0
0.5200,2639956,0.709045,-0.682800,0.103271,-0.142944,2.7947,339.8705,0
0.5300,2639966,0.709229,-0.682434,0.102844,-0.143616,2.8738,339.8477,0
0.5400,2639976,0.709534,-0.682129,0.102417,-0.144287,2.9525,339.8223,0
0.5500,2639986,0.709778,-0.681763,0.101990,-0.144897,3.0261,339.8037,0
0.5600,2639996,0.709961,-0.681519,0.101501,-0.145447,3.1027,339.7950,0
0.5700,2640006,0.710083,-0.681396,0.101135,-0.145996,3.1720,339.7759,0
0.5800,2640016,0.710083,-0.681274,0.100708,-0.146423,3.2382,339.7744,0
0.5900,2640026,0.710083,-0.681274,0.100403,-0.146912,3.3012,339.7561,0
0.6000,2640036,0.710022,-0.681274,0.100098,-0.147339,3.3602,339.7443,0
0.6100,2640046,0.710022,-0.681274,0.099792,-0.147705,3.4137,339.7368,0
0.6200,2640056,0.709961,-0.681274,0.099487,-0.148010,3.4632,339.7357,0
0.6300,2640066,0.710022,-0.681213,0.099121,-0.148315,3.5152,339.7382,0
0.6400,2640076,0.710083,-0.681152,0.098694,-0.148560,3.5673,339.7510,0
0.6500,2640086,0.710205,-0.681091,0.098206,-0.148743,3.6191,339.7731,0
0.6600,2640096,0.710266,-0.681030,0.097717,-0.148926,3.6715,339.7963,0
0.6700,2640106,0.710266,-0.681030,0.097229,-0.149109,3.7256,339.8197,0
0.6800,2640116,0.710266,-0.681152,0.096802,-0.149170,3.7673,339.8477,0
0.6900,2640126,0.710144,-0.681274,0.096436,-0.149292,3.8102,339.8673,0
0.7000,2640136,0.710083,-0.681335,0.096130,-0.149353,3.8416,339.8870,0
0.7100,2640146,0.710083,-0.681396,0.095642,-0.149536,3.8968,339.9097,0
0.7200,2640156,0.710144,-0.681335,0.095459,-0.149597,3.9148,339.9188,0
0.7300,2640166,0.710205,-0.681274,0.095154,-0.149658,3.9427,339.9378,0
0.7400,2640176,0.710144,-0.681335,0.094910,-0.149719,3.9691,339.9525,0
0.7500,2640186,0.710083,-0.681458,0.094604,-0.149780,4.0016,339.9716,0
0.7600,2640196,0.709900,-0.681641,0.094421,-0.149841,4.0264,339.9821,0
0.7700,2640206,0.709717,-0.681885,0.094238,-0.149902,4.0523,339.9920,0
0.7800,2640216,0.709473,-0.682129,0.094238,-0.149963,4.0639,339.9881,0
0.7900,2640226,0.709106,-0.682495,0.094238,-0.149963,4.0742,339.9903,0
0.8000,2640236,0.708679,-0.682922,0.094299,-0.150024,4.0860,339.9825,0
0.8100,2640246,0.708374,-0.683167,0.094360,-0.150085,4.0934,339.9747,0
0.8200,2640256,0.708252,-0.683350,0.094482,-0.150085,4.0879,339.9648,0
0.8300,2640266,0.708191,-0.683411,0.094604,-0.150024,4.0749,339.9607,0
0.8400,2640276,0.708191,-0.683411,0.094666,-0.149963,4.0651,339.9611,0
0.8500,2640286,0.708130,-0.683472,0.094788,-0.149841,4.0473,339.9623,0
0.8600,2640296,0.708069,-0.683533,0.094971,-0.149658,4.0198,339.9640,0
0.8700,2640306,0.708008,-0.683594,0.095093,-0.149536,4.0020,339.9652,0
0.8800,2640316,0.708069,-0.683594,0.095276,-0.149353,3.9720,339.9655,0
0.8900,2640326,0.708069,-0.683594,0.095398,-0.149231,3.9525,339.9663,0
0.9000,2640336,0.708008,-0.683655,0.095642,-0.148987,3.9152,339.9684,0
0.9100,2640346,0.708008,-0.683655,0.095825,-0.148804,3.8860,339.9696,0
0.9200,2640356,0.708008,-0.683655,0.096069,-0.148560,3.8469,339.9713,0
0.9300,2640366,0.707947,-0.683777,0.096313,-0.148376,3.8155,339.9672,0
0.9400,2640376,0.707825,-0.683899,0.096680,-0.148132,3.7699,339.9596,0
0.9500,2640386,0.707703,-0.684021,0.097107,-0.147949,3.7243,339.9416,0
0.9600,2640396,0.707581,-0.684082,0.097534,-0.147766,3.6776,339.9242,0
0.9700,2640406,0.707520,-0.684143,0.097961,-0.147583,3.6302,339.9058,0
0.9800,2640416,0.707642,-0.683960,0.098816,-0.147095,3.5180,339.8791,0
0.9900,2640426,0.707703,-0.683899,0.099243,-0.146851,3.4623,339.8654,0
1.0000,2640436,0.707703,-0.683899,0.099731,-0.146484,3.3939,339.8578,0
1.0100,2640446,0.707703,-0.683960,0.100159,-0.146118,3.3315,339.8544,0
1.0200,2640456,0.707703,-0.683960,0.100647,-0.145752,3.2631,339.8467,0
1.0300,2640466,0.707703,-0.683960,0.101013,-0.145325,3.1998,339.8543,0
1.0400,2640476,0.707703,-0.684021,0.101440,-0.144958,3.1374,339.8508,0
1.0500,2640486,0.707764,-0.683960,0.101807,-0.144531,3.0724,339.8581,0
1.0600,2640496,0.707825,-0.683899,0.102234,-0.144104,3.0024,339.8604,0
1.0700,2640506,0.707947,-0.683838,0.102722,-0.143616,2.9220,339.8620,0
1.0800,2640516,0.708008,-0.683777,0.103271,-0.143127,2.8373,339.8596,0
1.0900,2640526,0.708008,-0.683777,0.103943,-0.142639,2.7445,339.8474,0
1.1000,2640536,0.708069,-0.683716,0.104553,-0.142212,2.6597,339.8345,0
1.1100,2640546,0.708069,-0.683716,0.105225,-0.141724,2.5668,339.8222,0
1.1200,2640556,0.708130,-0.683655,0.105835,-0.141296,2.4820,339.8093,0
1.1300,2640566,0.708191,-0.683594,0.106384,-0.140869,2.4022,339.8014,0
1.1400,2640576,0.708252,-0.683533,0.106934,-0.140442,2.3223,339.7935,0
1.1500,2640586,0.708313,-0.683472,0.107483,-0.140076,2.2473,339.7802,0
1.1600,2640596,0.708374,-0.683350,0.107971,-0.139709,2.1762,339.7726,0
1.1700,2640606,0.708496,-0.683289,0.108459,-0.139404,2.1101,339.7580,0
1.1800,2640616,0.708557,-0.683167,0.108948,-0.139038,2.0391,339.7503,0
1.1900,2640626,0.708557,-0.683167,0.109436,-0.138733,1.9755,339.7368,0
1.2000,2640636,0.708496,-0.683228,0.109985,-0.138367,1.9039,339.7238,0
1.2100,2640646,0.708435,-0.683228,0.110535,-0.138062,1.8362,339.7061,0
1.2200,2640656,0.708435,-0.683289,0.111084,-0.137634,1.7590,339.6974,0
1.2300,2640666,0.708435,-0.683289,0.111450,-0.137268,1.7006,339.6992,0
1.2400,2640676,0.708618,-0.683167,0.112122,-0.136475,1.5797,339.7118,0
1.2500,2640686,0.708740,-0.683044,0.112366,-0.136108,1.5277,339.7232,0
1.2600,2640696,0.708862,-0.682922,0.112671,-0.135864,1.4803,339.7190,0
1.2700,2640706,0.709045,-0.682739,0.112854,-0.135559,1.4363,339.7300,0
1.2800,2640716,0.709229,-0.682556,0.113098,-0.135376,1.3969,339.7254,0
1.2900,2640726,0.709351,-0.682373,0.113342,-0.135254,1.3631,339.7164,0
1.3000,2640736,0.709473,-0.682251,0.113586,-0.135193,1.3350,339.7013,0
1.3100,2640746,0.709534,-0.682129,0.113831,-0.135193,1.3125,339.6818,0
1.3200,2640756,0.709656,-0.681946,0.114014,-0.135254,1.2979,339.6619,0
1.3300,2640766,0.709839,-0.681763,0.114258,-0.135376,1.2823,339.6307,0
1.3400,2640776,0.709961,-0.681519,0.114441,-0.135498,1.2716,339.6062,0
1.3500,2640786,0.710022,-0.681396,0.114685,-0.135620,1.2586,339.5761,0
1.3600,2640796,0.710083,-0.681274,0.114868,-0.135742,1.2505,339.5510,0
1.3700,2640806,0.710083,-0.681213,0.115112,-0.135803,1.2344,339.5263,0
1.3800,2640816,0.710144,-0.681152,0.115356,-0.135803,1.2128,339.5061,0
1.3900,2640826,0.710205,-0.681091,0.115540,-0.135681,1.1866,339.5015,0
1.4000,2640836,0.710327,-0.680969,0.115662,-0.135498,1.1589,339.5071,0
1.4100,2640846,0.710510,-0.680786,0.115784,-0.135315,1.1294,339.5126,0
1.4200,2640856,0.710693,-0.680664,0.115845,-0.135071,1.1010,339.5277,0
1.4300,2640866,0.710815,-0.680542,0.115845,-0.134827,1.0785,339.5488,0
1.4400,2640876,0.710815,-0.680603,0.115967,-0.134521,1.0457,339.5645,0
1.4500,2640886,0.710754,-0.680664,0.116150,-0.134155,1.0039,339.5815,0
1.4600,2640896,0.710693,-0.680786,0.116333,-0.133789,0.9631,339.5976,0
1.4700,2640906,0.710632,-0.680908,0.116516,-0.133423,0.9223,339.6137,0
1.4800,2640916,0.710632,-0.680969,0.116699,-0.133118,0.8845,339.6244,0
1.4900,2640926,0.710571,-0.681030,0.116882,-0.132812,0.8476,339.6359,0
1.5000,2640936,0.710571,-0.681030,0.117065,-0.132629,0.8184,339.6367,0
1.5100,2640946,0.710571,-0.681030,0.117310,-0.132385,0.7794,339.6378,0
1.5200,2640956,0.710571,-0.681030,0.117371,-0.132324,0.7697,339.6381,0
1.5300,2640966,0.710632,-0.681030,0.117371,-0.132263,0.7641,339.6425,0
1.5400,2640976,0.710632,-0.680969,0.117432,-0.132202,0.7534,339.6436,0
1.5500,2640986,0.710571,-0.681030,0.117554,-0.132141,0.7405,339.6389,0
1.5600,2640996,0.710510,-0.681091,0.117676,-0.131958,0.7180,339.6448,0
1.5700,2641006,0.710388,-0.681274,0.117859,-0.131775,0.6932,339.6450,0
1.5800,2641016,0.710266,-0.681396,0.118103,-0.131531,0.6578,339.6462,0
1.5900,2641026,0.710144,-0.681519,0.118347,-0.131348,0.6271,339.6421,0
1.6000,2641036,0.710083,-0.681580,0.118469,-0.130981,0.5903,339.6638,0
1.6100,2641046,0.710144,-0.681580,0.118591,-0.130676,0.5557,339.6794,0
1.6200,2641056,0.710205,-0.681580,0.118713,-0.130371,0.5211,339.6949,0
1.6300,2641066,0.710266,-0.681580,0.118774,-0.130066,0.4915,339.7155,0
1.6400,2641076,0.710205,-0.681641,0.118896,-0.129822,0.4642,339.7266,0
1.6500,2641086,0.710205,-0.681702,0.119019,-0.129578,0.4361,339.7368,0
1.6600,2641096,0.710205,-0.681702,0.119080,-0.129395,0.4168,339.7477,0
1.6700,2641106,0.710205,-0.681702,0.119080,-0.129272,0.4073,339.7582,0
1.6800,2641116,0.710266,-0.681641,0.119080,-0.129089,0.3913,339.7740,0
1.6900,2641126,0.710327,-0.681641,0.119202,-0.128967,0.3710,339.7737,0
1.7000,2641136,0.710266,-0.681641,0.119385,-0.128845,0.3473,339.7699,0
1.7100,2641146,0.710205,-0.681763,0.119568,-0.128662,0.3208,339.7699,0
1.7200,2641156,0.710022,-0.681946,0.119751,-0.128418,0.2920,339.7760,0
1.7300,2641166,0.709839,-0.682068,0.119934,-0.128296,0.2719,339.7724,0
1.7400,2641176,0.709778,-0.682190,0.120056,-0.128113,0.2503,339.7774,0
1.7500,2641186,0.709839,-0.682190,0.120178,-0.127991,0.2300,339.7770,0
1.7600,2641196,0.709839,-0.682129,0.120300,-0.127869,0.2096,339.7782,0
1.7700,2641206,0.709900,-0.682068,0.120361,-0.127808,0.1981,339.7784,0
1.7800,2641216,0.709900,-0.682068,0.120544,-0.127625,0.1689,339.7790,0
1.7900,2641226,0.709778,-0.682190,0.120667,-0.127625,0.1625,339.7690,0
1.8000,2641236,0.709656,-0.682312,0.120789,-0.127686,0.1608,339.7537,0
1.8100,2641246,0.709473,-0.682434,0.120850,-0.127747,0.1649,339.7443,0
1.8200,2641256,0.709412,-0.682495,0.120972,-0.127808,0.1615,339.7289,0
1.8300,2641266,0.709351,-0.682495,0.121033,-0.127747,0.1526,339.7300,0
1.8400,2641276,0.709351,-0.682495,0.121094,-0.127686,0.1429,339.7302,0
1.8500,2641286,0.709473,-0.682373,0.121155,-0.127625,0.1297,339.7303,0
1.8600,2641296,0.709595,-0.682251,0.121155,-0.127563,0.1214,339.7355,0
1.8700,2641306,0.709717,-0.682190,0.121033,-0.127563,0.1288,339.7447,0
1.8800,2641316,0.709839,-0.682129,0.120972,-0.127502,0.1264,339.7542,0
1.8900,2641326,0.709839,-0.682129,0.120911,-0.127441,0.1266,339.7645,0
1.9000,2641336,0.709717,-0.682190,0.120911,-0.127441,0.1291,339.7654,0
1.9100,2641346,0.709595,-0.682312,0.121033,-0.127380,0.1179,339.7607,0
1.9200,2641356,0.709534,-0.682434,0.121094,-0.127258,0.1060,339.7654,0
1.9300,2641366,0.709534,-0.682373,0.121216,-0.127136,0.0857,339.7666,0
1.9400,2641376,0.709717,-0.682251,0.121277,-0.127075,0.0716,339.7659,0
1.9500,2641386,0.709900,-0.682068,0.121338,-0.127014,0.0567,339.7660,0
1.9600,2641396,0.710022,-0.681946,0.121399,-0.126953,0.0435,339.7661,0
1.9700,2641406,0.710083,-0.681824,0.121521,-0.126953,0.0309,339.7567,0
1.9800,2641416,0.710022,-0.681885,0.121582,-0.126953,0.0277,339.7517,0
1.9900,2641426,0.709900,-0.681946,0.121643,-0.127014,0.0301,339.7422,0
2.0000,2641436,0.709717,-0.682129,0.121765,-0.127014,0.0254,339.7322,0
2.0100,2641446,0.709473,-0.682373,0.121826,-0.127014,0.0274,339.7273,0
2.0200,2641456,0.709290,-0.682617,0.121887,-0.126953,0.0237,339.7268,0
2.0300,2641466,0.709106,-0.682800,0.121887,-0.126953,0.0289,339.7269,0
2.0400,2641476,0.709045,-0.682861,0.121887,-0.126953,0.0307,339.7269,0
2.0500,2641486,0.709106,-0.682800,0.121887,-0.126953,0.0289,339.7269,0
2.0600,2641496,0.709106,-0.682800,0.121948,-0.126892,0.0192,339.7271,0
2.0700,2641506,0.709106,-0.682739,0.122070,-0.126831,0.0036,339.7230,0
2.0800,2641516,0.709106,-0.682800,0.122253,-0.126770,-0.0151,339.7123,0
2.0900,2641526,0.709045,-0.682800,0.122437,-0.126709,-0.0339,339.7032,0
2.1000,2641536,0.709045,-0.682739,0.122620,-0.126709,-0.0497,339.6887,0
2.1100,2641546,0.709045,-0.682739,0.122803,-0.126648,-0.0693,339.6788,0
2.1200,2641556,0.708984,-0.682739,0.122925,-0.126587,-0.0832,339.6747,0
2.1300,2641566,0.708862,-0.682861,0.123108,-0.126587,-0.0946,339.6595,0
2.1400,2641576,0.708679,-0.683044,0.123291,-0.126587,-0.1042,339.6444,0
2.1500,2641586,0.708435,-0.683228,0.123474,-0.126587,-0.1130,339.6300,0
2.1600,2641596,0.708252,-0.683411,0.123657,-0.126648,-0.1178,339.6096,0
2.1700,2641606,0.708008,-0.683655,0.123779,-0.126770,-0.1111,339.5890,0
2.1800,2641616,0.707825,-0.683777,0.123962,-0.126831,-0.1168,339.5693,0
2.1900,2641626,0.707825,-0.683777,0.124023,-0.126892,-0.1170,339.5590,0
2.2000,2641636,0.707886,-0.683655,0.124023,-0.126953,-0.1149,339.5545,0
2.2100,2641646,0.708008,-0.683533,0.124084,-0.127014,-0.1185,339.5441,0
2.2200,2641656,0.708008,-0.683533,0.124084,-0.127014,-0.1185,339.5441,0
2.2300,2641666,0.707947,-0.683594,0.124084,-0.127014,-0.1168,339.5442,0
2.2400,2641676,0.707825,-0.683716,0.124146,-0.127014,-0.1182,339.5391,0
2.2500,2641686,0.707825,-0.683655,0.124207,-0.127014,-0.1241,339.5348,0
2.2600,2641696,0.707886,-0.683655,0.124268,-0.127014,-0.1299,339.5289,0
2.2700,2641706,0.707886,-0.683533,0.124329,-0.127075,-0.1318,339.5202,0
2.2800,2641716,0.707947,-0.683472,0.124390,-0.127136,-0.1338,339.5098,0
2.2900,2641726,0.707947,-0.683472,0.124451,-0.127197,-0.1339,339.4995,0
2.3000,2641736,0.707947,-0.683411,0.124573,-0.127319,-0.1352,339.4796,0
2.3100,2641746,0.708008,-0.683350,0.124634,-0.127502,-0.1275,339.4587,0
2.3200,2641756,0.708069,-0.683228,0.124573,-0.127563,-0.1205,339.4593,0
2.3300,2641766,0.708130,-0.683167,0.124512,-0.127625,-0.1125,339.4591,0
2.3400,2641776,0.708191,-0.683105,0.124451,-0.127686,-0.1045,339.4589,0
2.3500,2641786,0.708252,-0.683105,0.124451,-0.127686,-0.1054,339.4581,0
2.3600,2641796,0.708252,-0.683044,0.124451,-0.127686,-0.1063,339.4589,0
2.3700,2641806,0.708252,-0.683044,0.124512,-0.127686,-0.1112,339.4538,0
2.3800,2641816,0.708191,-0.683105,0.124512,-0.127686,-0.1095,339.4538,0
2.3900,2641826,0.708069,-0.683228,0.124512,-0.127625,-0.1107,339.4591,0
2.4000,2641836,0.708008,-0.683350,0.124512,-0.127563,-0.1129,339.4636,0
2.4100,2641846,0.707947,-0.683411,0.124451,-0.127502,-0.1109,339.4740,0
2.4200,2641856,0.707947,-0.683472,0.124390,-0.127441,-0.1099,339.4835,0
2.4300,2641866,0.708008,-0.683411,0.124268,-0.127319,-0.1113,339.5042,0
2.4400,2641876,0.708069,-0.683350,0.124146,-0.127258,-0.1079,339.5196,0
2.4500,2641886,0.708130,-0.683411,0.124146,-0.127136,-0.1174,339.5285,0
2.4600,2641896,0.708069,-0.683472,0.124084,-0.127075,-0.1155,339.5388,0
2.4700,2641906,0.707947,-0.683594,0.124023,-0.126892,-0.1214,339.5598,0
2.4800,2641916,0.707886,-0.683655,0.124023,-0.126770,-0.1292,339.5703,0
2.4900,2641926,0.707886,-0.683716,0.124084,-0.126526,-0.1524,339.5854,0
2.5000,2641936,0.707947,-0.683716,0.124084,-0.126343,-0.1676,339.6004,0
2.5100,2641946,0.708008,-0.683655,0.124146,-0.126160,-0.1887,339.6110,0
2.5200,2641956,0.708008,-0.683655,0.124268,-0.126038,-0.2081,339.6114,0
2.5300,2641966,0.708069,-0.683655,0.124329,-0.125977,-0.2187,339.6107,0
2.5400,2641976,0.708008,-0.683655,0.124390,-0.125916,-0.2276,339.6117,0
2.5500,2641986,0.707886,-0.683777,0.124451,-0.125854,-0.2338,339.6119,0
2.5600,2641996,0.707764,-0.683899,0.124512,-0.125916,-0.2305,339.6016,0
2.5700,2642006,0.707703,-0.683960,0.124573,-0.125916,-0.2337,339.5965,0
2.5800,2642016,0.707703,-0.683960,0.124573,-0.126160,-0.2146,339.5755,0
2.5900,2642026,0.707642,-0.683960,0.124573,-0.126282,-0.2041,339.5658,0
2.6000,2642036,0.707642,-0.683899,0.124573,-0.126465,-0.1906,339.5508,0
2.6100,2642046,0.707581,-0.683899,0.124634,-0.126587,-0.1852,339.5361,0
2.6200,2642056,0.707581,-0.683899,0.124695,-0.126709,-0.1805,339.5204,0
2.6300,2642066,0.707581,-0.683899,0.124756,-0.126770,-0.1807,339.5101,0
2.6400,2642076,0.707520,-0.683960,0.124756,-0.126709,-0.1837,339.5154,0
2.6500,2642086,0.707520,-0.683960,0.124756,-0.126709,-0.1837,339.5154,0
2.6600,2642096,0.707458,-0.684021,0.124817,-0.126709,-0.1869,339.5103,0
2.6700,2642106,0.707397,-0.684082,0.124695,-0.126648,-0.1800,339.5258,0
2.6800,2642116,0.707397,-0.684143,0.124573,-0.126587,-0.1741,339.5404,0
2.6900,2642126,0.707336,-0.684204,0.124390,-0.126587,-0.1575,339.5557,0
2.7000,2642136,0.707275,-0.684326,0.124207,-0.126526,-0.1448,339.5754,0
2.7100,2642146,0.707275,-0.684326,0.124084,-0.126526,-0.1349,339.5856,0
2.7200,2642156,0.707275,-0.684387,0.123901,-0.126526,-0.1191,339.6000,0
2.7300,2642166,0.707275,-0.684387,0.123718,-0.126526,-0.1043,339.6153,0
2.7400,2642176,0.707275,-0.684448,0.123596,-0.126587,-0.0887,339.6194,0
2.7500,2642186,0.707153,-0.684570,0.123413,-0.126587,-0.0704,339.6347,0
2.7600,2642196,0.707153,-0.684570,0.123291,-0.126648,-0.0557,339.6396,0
2.7700,2642206,0.707153,-0.684631,0.123108,-0.126709,-0.0352,339.6489,0
2.7800,2642216,0.707153,-0.684631,0.122986,-0.126831,-0.0157,339.6485,0
2.7900,2642226,0.707092,-0.684631,0.122925,-0.126953,-0.0004,339.6440,0
2.8000,2642236,0.707153,-0.684631,0.122803,-0.127075,0.0183,339.6428,0
2.8100,2642246,0.707153,-0.684570,0.122742,-0.127136,0.0271,339.6434,0
2.8200,2642256,0.707214,-0.684509,0.122742,-0.127136,0.0254,339.6434,0
2.8300,2642266,0.707214,-0.684509,0.122742,-0.127136,0.0254,339.6434,0
2.8400,2642276,0.707092,-0.684753,0.122620,-0.126953,0.0261,339.6678,0
2.8500,2642286,0.707031,-0.684814,0.122559,-0.126831,0.0233,339.6834,0
2.8600,2642296,0.707031,-0.684937,0.122437,-0.126709,0.0253,339.7025,0
2.8700,2642306,0.707031,-0.684937,0.122253,-0.126526,0.0258,339.7335,0
2.8800,2642316,0.707092,-0.684998,0.122070,-0.126404,0.0311,339.7576,0
2.8900,2642326,0.707031,-0.685059,0.121948,-0.126221,0.0283,339.7836,0
2.9000,2642336,0.706970,-0.685181,0.121765,-0.126038,0.0314,339.8138,0
2.9100,2642346,0.707031,-0.685181,0.121643,-0.125916,0.0309,339.8336,0
2.9200,2642356,0.707031,-0.685181,0.121460,-0.125793,0.0361,339.8594,0
2.9300,2642366,0.707092,-0.685242,0.121399,-0.125671,0.0315,339.8734,0
2.9400,2642376,0.707092,-0.685242,0.121338,-0.125610,0.0317,339.8837,0
2.9500,2642386,0.707092,-0.685242,0.121277,-0.125549,0.0318,339.8940,0
2.9600,2642396,0.707031,-0.685303,0.121277,-0.125549,0.0335,339.8940,0
2.9700,2642406,0.706970,-0.685364,0.121277,-0.125549,0.0353,339.8941,0
2.9800,2642416,0.706909,-0.685425,0.121277,-0.125488,0.0322,339.8994,0
2.9900,2642426,0.706848,-0.685486,0.121338,-0.125549,0.0338,339.8890,0
3.0000,2642436,0.706787,-0.685547,0.121399,-0.125549,0.0306,339.8840,0
3.0100,2642446,0.706726,-0.685608,0.121460,-0.125610,0.0321,339.8737,0
3.0200,2642456,0.706726,-0.685608,0.121460,-0.125671,0.0369,339.8684,0
3.0300,2642466,0.706726,-0.685608,0.121460,-0.125671,0.0369,339.8684,0
3.0400,2642476,0.706726,-0.685547,0.121521,-0.125610,0.0263,339.8694,0
3.0500,2642486,0.706726,-0.685547,0.121643,-0.125488,0.0068,339.8697,0
3.0600,2642496,0.706726,-0.685547,0.121765,-0.125366,-0.0126,339.8700,0
3.0700,2642506,0.706787,-0.685486,0.121887,-0.125244,-0.0338,339.8703,0
3.0800,2642516,0.706787,-0.685486,0.122009,-0.125061,-0.0581,339.8759,0
3.0900,2642526,0.706787,-0.685486,0.122253,-0.124939,-0.0875,339.8660,0
3.1000,2642536,0.706787,-0.685486,0.122437,-0.124878,-0.1071,339.8560,0
3.1100,2642546,0.706787,-0.685364,0.122803,-0.124817,-0.1433,339.8323,0
3.1200,2642556,0.706787,-0.685364,0.122986,-0.124817,-0.1581,339.8170,0
3.1300,2642566,0.706787,-0.685303,0.123230,-0.124878,-0.1740,339.7922,0
3.1400,2642576,0.706787,-0.685303,0.123413,-0.124939,-0.1840,339.7717,0
3.1500,2642586,0.706787,-0.685242,0.123596,-0.125000,-0.1949,339.7520,0
3.1600,2642596,0.706787,-0.685242,0.123779,-0.125061,-0.2050,339.7314,0
3.1700,2642606,0.706726,-0.685181,0.123901,-0.125122,-0.2101,339.7176,0
3.1800,2642616,0.706726,-0.685181,0.124023,-0.125122,-0.2199,339.7074,0
3.1900,2642626,0.706665,-0.685242,0.124207,-0.125122,-0.2330,339.6921,0
3.2000,2642636,0.706482,-0.685425,0.124390,-0.125122,-0.2426,339.6768,0
3.2100,2642646,0.706299,-0.685547,0.124573,-0.125061,-0.2579,339.6676,0
3.2200,2642656,0.706116,-0.685669,0.124756,-0.125061,-0.2683,339.6531,0
3.2300,2642666,0.706055,-0.685791,0.124878,-0.125061,-0.2756,339.6421,0
3.2400,2642676,0.706055,-0.685791,0.124878,-0.125061,-0.2756,339.6421,0
3.2500,2642686,0.706116,-0.685669,0.124817,-0.125061,-0.2733,339.6480,0
3.2600,2642696,0.706238,-0.685547,0.124817,-0.125061,-0.2768,339.6480,0
3.2700,2642706,0.706360,-0.685425,0.124817,-0.125122,-0.2755,339.6428,0
3.2800,2642716,0.706360,-0.685425,0.124817,-0.125122,-0.2755,339.6428,0
3.2900,2642726,0.706238,-0.685547,0.124817,-0.125061,-0.2768,339.6480,0
3.3000,2642736,0.706116,-0.685669,0.124878,-0.125000,-0.2830,339.6482,0
3.3100,2642746,0.705933,-0.685852,0.125000,-0.124878,-0.2972,339.6484,0
3.3200,2642756,0.705811,-0.686035,0.125061,-0.124817,-0.3026,339.6477,0
3.3300,2642766,0.705688,-0.686157,0.125122,-0.124695,-0.3136,339.6531,0
3.3400,2642776,0.705627,-0.686279,0.125061,-0.124573,-0.3157,339.6678,0
3.3500,2642786,0.705566,-0.686340,0.125000,-0.124512,-0.3138,339.6782,0
3.3600,2642796,0.705566,-0.686340,0.124878,-0.124390,-0.3135,339.6989,0
3.3700,2642806,0.705627,-0.686340,0.124817,-0.124329,-0.3143,339.7084,0
3.3800,2642816,0.705566,-0.686401,0.124817,-0.124329,-0.3125,339.7084,0
3.3900,2642826,0.705444,-0.686523,0.124817,-0.124329,-0.3090,339.7084,0
3.4000,2642836,0.705383,-0.686584,0.124878,-0.124329,-0.3122,339.7033,0
3.4100,2642846,0.705383,-0.686584,0.124939,-0.124390,-0.3124,339.6929,0
3.4200,2642856,0.705383,-0.686523,0.124939,-0.124390,-0.3132,339.6938,0
3.4300,2642866,0.705505,-0.686462,0.124939,-0.124451,-0.3110,339.6877,0
3.4400,2642876,0.705505,-0.686401,0.124939,-0.124451,-0.3119,339.6885,0
3.4500,2642886,0.705505,-0.686401,0.124939,-0.124451,-0.3119,339.6885,0
3.4600,2642896,0.705383,-0.686584,0.124939,-0.124451,-0.3076,339.6877,0
3.4700,2642906,0.705261,-0.686646,0.124939,-0.124451,-0.3049,339.6885,0
3.4800,2642916,0.705139,-0.686768,0.124939,-0.124390,-0.3063,339.6938,0
3.4900,2642926,0.705139,-0.686829,0.124939,-0.124390,-0.3054,339.6929,0
3.5000,2642936,0.705139,-0.686829,0.124939,-0.124390,-0.3054,339.6929,0
3.5100,2642946,0.705078,-0.686829,0.124939,-0.124451,-0.2997,339.6885,0
3.5200,2642956,0.705139,-0.686768,0.124878,-0.124512,-0.2917,339.6884,0
3.5300,2642966,0.705200,-0.686707,0.124878,-0.124512,-0.2935,339.6884,0
3.5400,2642976,0.705261,-0.686646,0.124878,-0.124573,-0.2904,339.6832,0
3.5500,2642986,0.705261,-0.686646,0.125000,-0.124634,-0.2955,339.6677,0
3.5600,2642996,0.705200,-0.686646,0.125061,-0.124695,-0.2947,339.6582,0
3.5700,2643006,0.705200,-0.686584,0.125122,-0.124817,-0.2909,339.6434,0
3.5800,2643016,0.705200,-0.686584,0.125183,-0.124878,-0.2911,339.6331,0
3.5900,2643026,0.705200,-0.686584,0.125244,-0.124817,-0.3008,339.6332,0
3.6000,2643036,0.705200,-0.686584,0.125305,-0.124817,-0.3057,339.6281,0
3.6100,2643046,0.705200,-0.686584,0.125305,-0.124756,-0.3105,339.6333,0
3.6200,2643056,0.705261,-0.686584,0.125305,-0.124695,-0.3162,339.6378,0
3.6300,2643066,0.705261,-0.686584,0.125366,-0.124634,-0.3259,339.6379,0
3.6400,2643076,0.705261,-0.686584,0.125427,-0.124390,-0.3501,339.6537,0
3.6500,2643086,0.705383,-0.686523,0.125488,-0.124268,-0.3672,339.6582,0
3.6600,2643096,0.705383,-0.686523,0.125549,-0.124146,-0.3818,339.6636,0
3.6700,2643106,0.705383,-0.686462,0.125610,-0.124084,-0.3924,339.6645,0
3.6800,2643116,0.705322,-0.686523,0.125732,-0.124023,-0.4053,339.6595,0
3.6900,2643126,0.705383,-0.686523,0.125793,-0.123901,-0.4207,339.6640,0
3.7000,2643136,0.705383,-0.686462,0.125854,-0.123840,-0.4313,339.6650,0
3.7100,2643146,0.705444,-0.686401,0.125977,-0.123840,-0.4429,339.6548,0
3.7200,2643156,0.705505,-0.686340,0.126038,-0.123840,-0.4496,339.6497,0
3.7300,2643166,0.705505,-0.686340,0.126160,-0.123840,-0.4595,339.6394,0
3.7400,2643176,0.705505,-0.686340,0.126160,-0.123840,-0.4595,339.6394,0
3.7500,2643186,0.705505,-0.686340,0.126160,-0.123779,-0.4643,339.6447,0
3.7600,2643196,0.705566,-0.686218,0.126160,-0.123779,-0.4669,339.6455,0
3.7700,2643206,0.705750,-0.686096,0.126160,-0.123840,-0.4665,339.6395,0
3.7800,2643216,0.705872,-0.685913,0.126099,-0.123840,-0.4659,339.6454,0
3.7900,2643226,0.705994,-0.685852,0.126099,-0.123901,-0.4637,339.6394,0
3.8000,2643236,0.705994,-0.685852,0.126160,-0.123840,-0.4735,339.6396,0
3.8100,2643246,0.705872,-0.685913,0.126221,-0.123779,-0.4806,339.6405,0
3.8200,2643256,0.705811,-0.686035,0.126282,-0.123657,-0.4925,339.6450,0
3.8300,2643266,0.705688,-0.686096,0.126404,-0.123596,-0.5045,339.6408,0
3.8400,2643276,0.705688,-0.686157,0.126404,-0.123474,-0.5133,339.6504,0
3.8500,2643286,0.705688,-0.686157,0.126282,-0.123352,-0.5130,339.6711,0
3.8600,2643296,0.705750,-0.686096,0.126221,-0.123291,-0.5146,339.6814,0
3.8700,2643306,0.705872,-0.686035,0.126038,-0.123291,-0.5024,339.6960,0
3.8800,2643316,0.705933,-0.686035,0.125977,-0.123291,-0.4984,339.7003,0
3.8900,2643326,0.705933,-0.686035,0.125977,-0.123291,-0.4984,339.7003,0
3.9000,2643336,0.705933,-0.686035,0.125977,-0.123291,-0.4984,339.7003,0
3.9100,2643346,0.705872,-0.685974,0.126099,-0.123413,-0.4986,339.6812,0
3.9200,2643356,0.705872,-0.685974,0.126160,-0.123413,-0.5036,339.6761,0
3.9300,2643366,0.705811,-0.686096,0.126221,-0.123474,-0.5011,339.6649,0
3.9400,2643376,0.705627,-0.686218,0.126282,-0.123474,-0.5016,339.6606,0
3.9500,2643386,0.705505,-0.686340,0.126282,-0.123474,-0.4982,339.6606,0
3.9600,2643396,0.705444,-0.686401,0.126343,-0.123474,-0.5013,339.6554,0
3.9700,2643406,0.705383,-0.686462,0.126282,-0.123413,-0.4995,339.6657,0
3.9800,2643416,0.705383,-0.686462,0.126221,-0.123352,-0.4993,339.6761,0
3.9900,2643426,0.705444,-0.686523,0.126160,-0.123291,-0.4992,339.6848,0
4.0000,2643436,0.705444,-0.686523,0.126038,-0.123169,-0.4990,339.7055,0
4.0100,2643446,0.705444,-0.686523,0.125977,-0.123108,-0.4988,339.7158,0
4.0200,2643456,0.705383,-0.686584,0.125916,-0.123047,-0.4969,339.7261,0
4.0300,2643466,0.705383,-0.686646,0.125977,-0.123047,-0.5010,339.7202,0
4.0400,2643476,0.705322,-0.686707,0.125977,-0.123047,-0.4993,339.7202,0
4.0500,2643486,0.705322,-0.686646,0.125977,-0.123047,-0.5001,339.7210,0
4.0600,2643496,0.705322,-0.686646,0.126038,-0.123169,-0.4955,339.7054,0
4.0700,2643506,0.705261,-0.686646,0.126160,-0.123230,-0.4996,339.6908,0
4.0800,2643516,0.705200,-0.686707,0.126221,-0.123291,-0.4980,339.6805,0
4.0900,2643526,0.705139,-0.686768,0.126282,-0.123413,-0.4916,339.6649,0
4.1000,2643536,0.705017,-0.686829,0.126343,-0.123596,-0.4795,339.6448,0
4.1100,2643546,0.705017,-0.686829,0.126343,-0.123779,-0.4651,339.6292,0
4.1200,2643556,0.704956,-0.686829,0.126343,-0.123901,-0.4546,339.6195,0
4.1300,2643566,0.704956,-0.686829,0.126282,-0.124023,-0.4401,339.6142,0
4.1400,2643576,0.704895,-0.686890,0.126343,-0.124023,-0.4432,339.6091,0
4.1500,2643586,0.704834,-0.686951,0.126343,-0.124023,-0.4415,339.6090,0
4.1600,2643596,0.704834,-0.686951,0.126404,-0.123962,-0.4512,339.6092,0
4.1700,2643606,0.705017,-0.686768,0.126526,-0.123779,-0.4808,339.6147,0
4.1800,2643616,0.705017,-0.686707,0.126587,-0.123718,-0.4914,339.6156,0
4.1900,2643626,0.704956,-0.686829,0.126648,-0.123657,-0.4985,339.6148,0
4.2000,2643636,0.704773,-0.686951,0.126770,-0.123657,-0.5039,339.6054,0
4.2100,2643646,0.704651,-0.687073,0.126892,-0.123657,-0.5103,339.5951,0
4.2200,2643656,0.704590,-0.687134,0.126953,-0.123718,-0.5087,339.5847,0
4.2300,2643666,0.704651,-0.687073,0.126953,-0.123779,-0.5056,339.5795,0
4.2400,2643676,0.704712,-0.686951,0.126953,-0.123840,-0.5034,339.5751,0
4.2500,2643686,0.704834,-0.686829,0.126953,-0.123901,-0.5021,339.5699,0
4.2600,2643696,0.704773,-0.686829,0.127075,-0.124023,-0.5015,339.5501,0
4.2700,2643706,0.704712,-0.686890,0.127197,-0.124146,-0.5000,339.5294,0
4.2800,2643716,0.704529,-0.687012,0.127380,-0.124268,-0.5008,339.5043,0
4.2900,2643726,0.704407,-0.687073,0.127502,-0.124329,-0.5032,339.4896,0
4.3000,2643736,0.704346,-0.687134,0.127625,-0.124451,-0.5016,339.4689,0
4.3100,2643746,0.704346,-0.687073,0.127686,-0.124512,-0.5026,339.4594,0
4.3200,2643756,0.704407,-0.687012,0.127686,-0.124512,-0.5044,339.4594,0
4.3300,2643766,0.704468,-0.686951,0.127686,-0.124512,-0.5062,339.4594,0
4.3400,2643776,0.704590,-0.686890,0.127563,-0.124512,-0.4990,339.4689,0
4.3500,2643786,0.704651,-0.686829,0.127502,-0.124451,-0.5006,339.4793,0
4.3600,2643796,0.704651,-0.686890,0.127441,-0.124390,-0.4996,339.4888,0
4.3700,2643806,0.704590,-0.686951,0.127380,-0.124390,-0.4929,339.4939,0
4.3800,2643816,0.704529,-0.687012,0.127319,-0.124329,-0.4910,339.5042,0
4.3900,2643826,0.704529,-0.687012,0.127319,-0.124268,-0.4958,339.5094,0
4.4000,2643836,0.704590,-0.686951,0.127380,-0.124207,-0.5073,339.5096,0
4.4100,2643846,0.704651,-0.686890,0.127502,-0.124146,-0.5237,339.5045,0
4.4200,2643856,0.704712,-0.686768,0.127563,-0.124023,-0.5409,339.5107,0
4.4300,2643866,0.704773,-0.686768,0.127686,-0.123901,-0.5613,339.5101,0
4.4400,2643876,0.704773,-0.686768,0.127930,-0.123657,-0.6002,339.5105,0
4.4500,2643886,0.704773,-0.686707,0.127991,-0.123596,-0.6108,339.5114,0
4.4600,2643896,0.704834,-0.686707,0.128052,-0.123535,-0.6214,339.5107,0
4.4700,2643906,0.704895,-0.686646,0.127991,-0.123535,-0.6183,339.5159,0
4.4800,2643916,0.704956,-0.686584,0.127991,-0.123535,-0.6200,339.5159,0
4.4900,2643926,0.704895,-0.686646,0.127991,-0.123535,-0.6183,339.5159,0
4.5000,2643936,0.704834,-0.686707,0.127991,-0.123535,-0.6165,339.5159,0
4.5100,2643946,0.704773,-0.686768,0.127991,-0.123474,-0.6195,339.5211,0
4.5200,2643956,0.704773,-0.686768,0.128052,-0.123474,-0.6245,339.5159,0
4.5300,2643966,0.704834,-0.686707,0.127991,-0.123413,-0.6261,339.5263,0
4.5400,2643976,0.704956,-0.686646,0.128052,-0.123352,-0.6385,339.5256,0
4.5500,2643986,0.704956,-0.686584,0.128174,-0.123230,-0.6588,339.5267,0
4.5600,2643996,0.704956,-0.686584,0.128235,-0.123169,-0.6685,339.5268,0
4.5700,2644006,0.705017,-0.686523,0.128357,-0.123108,-0.6850,339.5218,0
4.5800,2644016,0.705078,-0.686462,0.128357,-0.122986,-0.6963,339.5323,0
4.5900,2644026,0.705200,-0.686401,0.128296,-0.122864,-0.7037,339.5470,0
4.6000,2644036,0.705322,-0.686279,0.128235,-0.122803,-0.7070,339.5575,0
4.6100,2644046,0.705322,-0.686279,0.128235,-0.122742,-0.7118,339.5627,0
4.6200,2644056,0.705261,-0.686340,0.128357,-0.122620,-0.7296,339.5628,0
4.6300,2644066,0.705139,-0.686462,0.128479,-0.122498,-0.7455,339.5630,0
4.6400,2644076,0.705139,-0.686523,0.128662,-0.122375,-0.7691,339.5572,0
4.6500,2644086,0.705200,-0.686401,0.128845,-0.122314,-0.7913,339.5479,0
4.6600,2644096,0.705383,-0.686157,0.128967,-0.122314,-0.8073,339.5386,0
4.6700,2644106,0.705627,-0.685913,0.129089,-0.122314,-0.8242,339.5285,0
4.6800,2644116,0.705750,-0.685791,0.129089,-0.122375,-0.8229,339.5234,0
4.6900,2644126,0.705811,-0.685669,0.129150,-0.122437,-0.8256,339.5139,0
4.7000,2644136,0.705811,-0.685669,0.129150,-0.122498,-0.8208,339.5087,0
4.7100,2644146,0.705811,-0.685669,0.129272,-0.122620,-0.8211,339.4880,0
4.7200,2644156,0.705811,-0.685608,0.129333,-0.122620,-0.8269,339.4837,0
4.7300,2644166,0.705872,-0.685486,0.129456,-0.122681,-0.8346,339.4691,0
4.7400,2644176,0.705994,-0.685364,0.129578,-0.122742,-0.8432,339.4538,0
4.7500,2644186,0.706055,-0.685242,0.129700,-0.122742,-0.8557,339.4444,0
4.7600,2644196,0.706116,-0.685181,0.129822,-0.122803,-0.8626,339.4290,0
4.7700,2644206,0.706116,-0.685181,0.129883,-0.122864,-0.8627,339.4186,0
4.7800,2644216,0.706055,-0.685181,0.129944,-0.122925,-0.8620,339.4091,0
4.7900,2644226,0.706055,-0.685181,0.130005,-0.122986,-0.8621,339.3987,0
4.8000,2644236,0.706116,-0.685059,0.130005,-0.122986,-0.8647,339.3996,0
4.8100,2644246,0.706299,-0.684875,0.130005,-0.123047,-0.8653,339.3945,0
4.8200,2644256,0.706482,-0.684692,0.129944,-0.123047,-0.8656,339.3998,0
4.8300,2644266,0.706604,-0.684570,0.129944,-0.123169,-0.8596,339.3894,0
4.8400,2644276,0.706604,-0.684570,0.130005,-0.123230,-0.8597,339.3791,0
4.8500,2644286,0.706543,-0.684570,0.130066,-0.123291,-0.8590,339.3695,0
4.8600,2644296,0.706482,-0.684631,0.130188,-0.123352,-0.8623,339.3540,0
4.8700,2644306,0.706360,-0.684753,0.130249,-0.123413,-0.8589,339.3435,0
4.8800,2644316,0.706299,-0.684753,0.130371,-0.123474,-0.8631,339.3289,0
4.8900,2644326,0.706299,-0.684753,0.130432,-0.123596,-0.8585,339.3133,0
4.9000,2644336,0.706299,-0.684692,0.130493,-0.123657,-0.8595,339.3038,0
4.9100,2644346,0.706299,-0.684692,0.130493,-0.123718,-0.8547,339.2985,0
4.9200,2644356,0.706360,-0.684631,0.130554,-0.123779,-0.8566,339.2882,0
4.9300,2644366,0.706360,-0.684631,0.130554,-0.123779,-0.8566,339.2882,0
4.9400,2644376,0.706421,-0.684570,0.130493,-0.123779,-0.8534,339.2934,0
4.9500,2644386,0.706421,-0.684570,0.130493,-0.123779,-0.8534,339.2934,0
4.9600,2644396,0.706360,-0.684570,0.130493,-0.123779,-0.8525,339.2942,0
4.9700,2644406,0.706299,-0.684692,0.130493,-0.123779,-0.8499,339.2933,0
4.9800,2644416,0.706299,-0.684631,0.130493,-0.123779,-0.8508,339.2942,0
4.9900,2644426,0.706360,-0.684570,0.130493,-0.123840,-0.8477,339.2890,0
5.0000,2644436,0.706421,-0.684570,0.130432,-0.123840,-0.8437,339.2933,0
5.0100,2644446,0.706482,-0.684509,0.130432,-0.123840,-0.8455,339.2933,0
5.0200,2644456,0.706482,-0.684509,0.130432,-0.123840,-0.8455,339.2933,0
5.0300,2644466,0.706543,-0.684448,0.130432,-0.123901,-0.8425,339.2881,0
5.0400,2644476,0.706543,-0.684448,0.130432,-0.123901,-0.8425,339.2881,0
5.0500,2644486,0.706543,-0.684448,0.130371,-0.123901,-0.8375,339.2932,0
5.0600,2644496,0.706543,-0.684387,0.130371,-0.123901,-0.8384,339.2941,0
5.0700,2644506,0.706543,-0.684387,0.130371,-0.123962,-0.8336,339.2888,0
5.0800,2644516,0.706543,-0.684387,0.130432,-0.124084,-0.8290,339.2733,0
5.0900,2644526,0.706543,-0.684326,0.130432,-0.124207,-0.8203,339.2636,0
5.1000,2644536,0.706665,-0.684204,0.130371,-0.124329,-0.8093,339.2584,0
5.1100,2644546,0.706787,-0.684082,0.130371,-0.124512,-0.7985,339.2427,0
5.1200,2644556,0.706848,-0.684021,0.130310,-0.124634,-0.7858,339.2374,0
5.1300,2644566,0.706909,-0.683899,0.130310,-0.124817,-0.7741,339.2226,0
5.1400,2644576,0.706970,-0.683838,0.130371,-0.124878,-0.7761,339.2122,0
5.1500,2644586,0.706970,-0.683777,0.130432,-0.125000,-0.7723,339.1975,0
5.1600,2644596,0.706970,-0.683716,0.130554,-0.125000,-0.7831,339.1881,0
5.1700,2644606,0.707031,-0.683655,0.130676,-0.125000,-0.7948,339.1779,0
5.1800,2644616,0.707092,-0.683655,0.130737,-0.124878,-0.8102,339.1825,0
5.1900,2644626,0.707153,-0.683533,0.130798,-0.124817,-0.8226,339.1835,0
5.2000,2644636,0.707275,-0.683411,0.130798,-0.124695,-0.8357,339.1940,0
5.2100,2644646,0.707397,-0.683350,0.130676,-0.124634,-0.8333,339.2087,0
5.2200,2644656,0.707458,-0.683350,0.130554,-0.124512,-0.8339,339.2287,0
5.2300,2644666,0.707458,-0.683350,0.130493,-0.124451,-0.8337,339.2390,0
5.2400,2644676,0.707520,-0.683350,0.130371,-0.124268,-0.8391,339.2642,0
5.2500,2644686,0.707642,-0.683289,0.130371,-0.124207,-0.8465,339.2686,0
5.2600,2644696,0.707703,-0.683167,0.130371,-0.124084,-0.8587,339.2800,0
5.2700,2644706,0.707703,-0.683167,0.130432,-0.124023,-0.8685,339.2802,0
5.2800,2644716,0.707703,-0.683228,0.130493,-0.123962,-0.8773,339.2794,0
5.2900,2644726,0.707642,-0.683289,0.130554,-0.123901,-0.8853,339.2795,0
5.3000,2644736,0.707581,-0.683289,0.130676,-0.123840,-0.8990,339.2753,0
5.3100,2644746,0.707581,-0.683289,0.130737,-0.123779,-0.9088,339.2755,0
5.3200,2644756,0.707642,-0.683289,0.130798,-0.123718,-0.9194,339.2748,0
5.3300,2644766,0.707703,-0.683167,0.130859,-0.123718,-0.9270,339.2706,0
5.3400,2644776,0.707764,-0.683105,0.130859,-0.123657,-0.9336,339.2758,0
5.3500,2644786,0.707764,-0.683105,0.130920,-0.123596,-0.9433,339.2760,0
5.3600,2644796,0.707764,-0.683167,0.130981,-0.123535,-0.9522,339.2752,0
5.3700,2644806,0.707703,-0.683228,0.131042,-0.123474,-0.9601,339.2753,0
5.3800,2644816,0.707703,-0.683228,0.131042,-0.123474,-0.9601,339.2753,0
5.3900,2644826,0.707703,-0.683228,0.131042,-0.123474,-0.9601,339.2753,0
5.4000,2644836,0.707703,-0.683228,0.131042,-0.123474,-0.9601,339.2753,0
5.4100,2644846,0.707703,-0.683228,0.131042,-0.123474,-0.9601,339.2753,0
5.4200,2644856,0.707642,-0.683228,0.131042,-0.123474,-0.9592,339.2761,0
5.4300,2644866,0.707581,-0.683289,0.131104,-0.123474,-0.9624,339.2710,0
5.4400,2644876,0.707581,-0.683289,0.131104,-0.123474,-0.9624,339.2710,0
5.4500,2644886,0.707581,-0.683289,0.131104,-0.123474,-0.9624,339.2710,0
5.4600,2644896,0.707642,-0.683228,0.131104,-0.123413,-0.9689,339.2762,0
5.4700,2644906,0.707764,-0.683105,0.131104,-0.123413,-0.9725,339.2763,0
5.4800,2644916,0.707825,-0.683044,0.131165,-0.123474,-0.9744,339.2660,0
5.4900,2644926,0.707886,-0.682983,0.131226,-0.123535,-0.9764,339.2557,0
5.5000,2644936,0.707886,-0.682922,0.131348,-0.123657,-0.9776,339.2359,0
5.5100,2644946,0.707886,-0.682922,0.131409,-0.123718,-0.9778,339.2255,0
5.5200,2644956,0.707764,-0.682922,0.131531,-0.123779,-0.9811,339.2116,0
5.5300,2644966,0.707703,-0.683044,0.131592,-0.123962,-0.9690,339.1899,0
5.5400,2644976,0.707581,-0.683105,0.131653,-0.124023,-0.9665,339.1803,0
5.5500,2644986,0.707458,-0.683228,0.131653,-0.124146,-0.9534,339.1697,0
5.5600,2644996,0.707458,-0.683228,0.131653,-0.124268,-0.9438,339.1592,0
5.5700,2645006,0.707458,-0.683167,0.131592,-0.124329,-0.9349,339.1599,0
5.5800,2645016,0.707581,-0.683044,0.131592,-0.124329,-0.9385,339.1600,0
5.5900,2645026,0.707581,-0.683044,0.131592,-0.124329,-0.9385,339.1600,0
5.6000,2645036,0.707581,-0.683044,0.131592,-0.124329,-0.9385,339.1600,0
5.6100,2645046,0.707581,-0.683044,0.131653,-0.124390,-0.9387,339.1497,0
5.6200,2645056,0.707581,-0.683044,0.131653,-0.124390,-0.9387,339.1497,0
5.6300,2645066,0.707581,-0.683044,0.131653,-0.124390,-0.9387,339.1497,0
5.6400,2645076,0.707642,-0.682983,0.131653,-0.124390,-0.9405,339.1497,0
5.6500,2645086,0.707703,-0.682922,0.131592,-0.124329,-0.9421,339.1601,0
5.6600,2645096,0.707825,-0.682861,0.131470,-0.124329,-0.9349,339.1696,0
5.6700,2645106,0.708008,-0.682678,0.131348,-0.124268,-0.9352,339.1852,0
5.6800,2645116,0.708252,-0.682434,0.131226,-0.124207,-0.9372,339.2009,0
5.6900,2645126,0.708435,-0.682251,0.131165,-0.124207,-0.9376,339.2061,0
5.7000,2645136,0.708557,-0.682129,0.131165,-0.124268,-0.9364,339.2010,0
5.7100,2645146,0.708557,-0.682129,0.131226,-0.124207,-0.9461,339.2011,0
5.7200,2645156,0.708557,-0.682129,0.131287,-0.124084,-0.9606,339.2065,0
5.7300,2645166,0.708679,-0.682007,0.131348,-0.124023,-0.9739,339.2067,0
5.7400,2645176,0.708923,-0.681763,0.131348,-0.123962,-0.9858,339.2122,0
5.7500,2645186,0.709167,-0.681519,0.131409,-0.123901,-1.0027,339.2125,0
5.7600,2645196,0.709290,-0.681396,0.131470,-0.123840,-1.0160,339.2128,0
5.7700,2645206,0.709167,-0.681519,0.131653,-0.123901,-1.0225,339.1921,0
5.7800,2645216,0.708984,-0.681641,0.131775,-0.123901,-1.0280,339.1826,0
5.7900,2645226,0.708923,-0.681702,0.131836,-0.123962,-1.0264,339.1721,0
5.8000,2645236,0.708984,-0.681641,0.131836,-0.123962,-1.0281,339.1722,0
5.8100,2645246,0.709045,-0.681580,0.131775,-0.123962,-1.0250,339.1774,0
5.8200,2645256,0.709045,-0.681580,0.131775,-0.123962,-1.0250,339.1774,0
5.8300,2645266,0.708984,-0.681580,0.131836,-0.123962,-1.0290,339.1731,0
5.8400,2645276,0.708923,-0.681702,0.131897,-0.123840,-1.0409,339.1775,0
5.8500,2645286,0.708862,-0.681763,0.131958,-0.123718,-1.0536,339.1829,0
5.8600,2645296,0.708923,-0.681763,0.132019,-0.123535,-1.0738,339.1927,0
5.8700,2645306,0.708984,-0.681641,0.132080,-0.123413,-1.0909,339.1990,0
5.8800,2645316,0.709106,-0.681519,0.132080,-0.123291,-1.1040,339.2096,0
5.8900,2645326,0.709167,-0.681519,0.132141,-0.123230,-1.1147,339.2090,0
5.9000,2645336,0.709167,-0.681519,0.132141,-0.123230,-1.1147,339.2090,0
5.9100,2645346,0.709167,-0.681458,0.132202,-0.123291,-1.1157,339.1994,0
5.9200,2645356,0.709167,-0.681458,0.132263,-0.123352,-1.1159,339.1891,0
5.9300,2645366,0.709106,-0.681458,0.132324,-0.123413,-1.1152,339.1795,0
5.9400,2645376,0.709106,-0.681458,0.132385,-0.123535,-1.1106,339.1639,0
5.9500,2645386,0.709106,-0.681396,0.132507,-0.123596,-1.1166,339.1493,0
5.9600,2645396,0.709106,-0.681396,0.132507,-0.123657,-1.1119,339.1440,0
5.9700,2645406,0.709106,-0.681458,0.132446,-0.123718,-1.1013,339.1430,0
5.9800,2645416,0.709106,-0.681458,0.132446,-0.123718,-1.1013,339.1430,0
5.9900,2645426,0.709106,-0.681458,0.132446,-0.123657,-1.1060,339.1483,0
6.0000,2645436,0.709106,-0.681458,0.132446,-0.123535,-1.1156,339.1588,0
6.0100,2645446,0.709229,-0.681335,0.132446,-0.123413,-1.1287,339.1694,0
6.0200,2645456,0.709412,-0.681213,0.132446,-0.123230,-1.1475,339.1845,0
6.0300,2645466,0.709473,-0.681152,0.132446,-0.122986,-1.1683,339.2055,0
6.0400,2645476,0.709473,-0.681213,0.132568,-0.122681,-1.2012,339.2207,0
6.0500,2645486,0.709412,-0.681274,0.132629,-0.122559,-1.2139,339.2260,0
6.0600,2645496,0.709412,-0.681274,0.132629,-0.122498,-1.2187,339.2313,0
6.0700,2645506,0.709473,-0.681274,0.132507,-0.122437,-1.2145,339.2459,0
6.0800,2645516,0.709473,-0.681274,0.132446,-0.122437,-1.2095,339.2511,0
6.0900,2645526,0.709473,-0.681335,0.132324,-0.122437,-1.1987,339.2604,0
6.1000,2645536,0.709412,-0.681335,0.132263,-0.122498,-1.1881,339.2611,0
6.1100,2645546,0.709351,-0.681396,0.132202,-0.122559,-1.1766,339.2609,0
6.1200,2645556,0.709290,-0.681458,0.132141,-0.122620,-1.1650,339.2607,0
6.1300,2645566,0.709229,-0.681519,0.132202,-0.122620,-1.1682,339.2555,0
6.1400,2645576,0.709167,-0.681580,0.132202,-0.122559,-1.1712,339.2607,0
6.1500,2645586,0.709045,-0.681702,0.132202,-0.122559,-1.1676,339.2606,0
6.1600,2645596,0.708984,-0.681763,0.132202,-0.122559,-1.1659,339.2605,0
6.1700,2645606,0.708984,-0.681763,0.132202,-0.122559,-1.1659,339.2605,0
6.1800,2645616,0.708984,-0.681763,0.132202,-0.122559,-1.1659,339.2605,0
6.1900,2645626,0.709045,-0.681702,0.132202,-0.122559,-1.1676,339.2606,0
6.2000,2645636,0.709106,-0.681641,0.132202,-0.122559,-1.1694,339.2606,0
6.2100,2645646,0.709229,-0.681519,0.132202,-0.122620,-1.1682,339.2555,0
6.2200,2645656,0.709290,-0.681396,0.132202,-0.122742,-1.1613,339.2459,0
6.2300,2645666,0.709412,-0.681274,0.132324,-0.122864,-1.1653,339.2253,0
6.2400,2645676,0.709351,-0.681274,0.132385,-0.123047,-1.1550,339.2053,0
6.2500,2645686,0.709351,-0.681274,0.132507,-0.123230,-1.1507,339.1793,0
6.2600,2645696,0.709229,-0.681335,0.132629,-0.123413,-1.1436,339.1541,0
6.2700,2645706,0.709106,-0.681396,0.132751,-0.123596,-1.1365,339.1288,0
6.2800,2645716,0.708984,-0.681458,0.132812,-0.123718,-1.1292,339.1140,0
6.2900,2645726,0.708923,-0.681519,0.132874,-0.123901,-1.1180,339.0930,0
6.3000,2645736,0.708862,-0.681458,0.132935,-0.124146,-1.1039,339.0686,0
6.3100,2645746,0.708923,-0.681396,0.132935,-0.124268,-1.0961,339.0581,0
6.3200,2645756,0.709045,-0.681274,0.132935,-0.124390,-1.0902,339.0478,0
6.3300,2645766,0.709106,-0.681152,0.132935,-0.124390,-1.0929,339.0487,0
6.3400,2645776,0.709106,-0.681152,0.132935,-0.124390,-1.0929,339.0487,0
6.3500,2645786,0.709045,-0.681213,0.132935,-0.124390,-1.0911,339.0486,0
6.3600,2645796,0.708984,-0.681335,0.132935,-0.124390,-1.0884,339.0477,0
6.3700,2645806,0.708923,-0.681396,0.132935,-0.124390,-1.0866,339.0476,0
6.3800,2645816,0.708923,-0.681396,0.132935,-0.124390,-1.0866,339.0476,0
6.3900,2645826,0.708923,-0.681396,0.132935,-0.124390,-1.0866,339.0476,0
6.4000,2645836,0.708923,-0.681396,0.132996,-0.124329,-1.0963,339.0478,0
6.4100,2645846,0.708862,-0.681396,0.133118,-0.124329,-1.1053,339.0384,0
6.4200,2645856,0.708862,-0.681396,0.133179,-0.124329,-1.1103,339.0332,0
6.4300,2645866,0.708862,-0.681396,0.133240,-0.124329,-1.1152,339.0281,0
6.4400,2645876,0.708923,-0.681335,0.133240,-0.124390,-1.1123,339.0229,0
6.4500,2645886,0.708923,-0.681335,0.133240,-0.124390,-1.1123,339.0229,0
6.4600,2645896,0.708923,-0.681335,0.133240,-0.124390,-1.1123,339.0229,0
6.4700,2645906,0.708923,-0.681335,0.133240,-0.124390,-1.1123,339.0229,0
6.4800,2645916,0.708923,-0.681335,0.133240,-0.124390,-1.1123,339.0229,0
6.4900,2645926,0.708923,-0.681335,0.133240,-0.124390,-1.1123,339.0229,0
6.5000,2645936,0.708923,-0.681335,0.133240,-0.124390,-1.1123,339.0229,0
6.5100,2645946,0.708862,-0.681396,0.133240,-0.124329,-1.1152,339.0281,0
6.5200,2645956,0.708862,-0.681396,0.133240,-0.124329,-1.1152,339.0281,0
6.5300,2645966,0.708862,-0.681396,0.133240,-0.124329,-1.1152,339.0281,0
6.5400,2645976,0.708923,-0.681335,0.133240,-0.124390,-1.1123,339.0229,0
6.5500,2645986,0.708984,-0.681274,0.133240,-0.124390,-1.1141,339.0230,0
6.5600,2645996,0.709045,-0.681213,0.133179,-0.124390,-1.1109,339.0282,0
6.5700,2646006,0.708984,-0.681274,0.133179,-0.124390,-1.1091,339.0281,0
6.5800,2646016,0.708923,-0.681335,0.133240,-0.124390,-1.1123,339.0229,0
6.5900,2646026,0.708923,-0.681335,0.133179,-0.124329,-1.1121,339.0333,0
6.6000,2646036,0.708984,-0.681274,0.133118,-0.124207,-1.1184,339.0490,0
6.6100,2646046,0.709167,-0.681152,0.133057,-0.124207,-1.1180,339.0534,0
6.6200,2646056,0.709229,-0.681152,0.132935,-0.124146,-1.1138,339.0681,0
6.6300,2646066,0.709167,-0.681213,0.132996,-0.124084,-1.1217,339.0681,0
6.6400,2646076,0.709045,-0.681274,0.132996,-0.124084,-1.1190,339.0689,0
6.6500,2646086,0.708984,-0.681396,0.132996,-0.124084,-1.1163,339.0680,0
6.6600,2646096,0.708984,-0.681396,0.132935,-0.124146,-1.1066,339.0678,0
6.6700,2646106,0.708984,-0.681335,0.132935,-0.124207,-1.1027,339.0634,0
6.6800,2646116,0.709045,-0.681274,0.132935,-0.124329,-1.0950,339.0530,0
6.6900,2646126,0.708984,-0.681274,0.132996,-0.124512,-1.0847,339.0329,0
6.7000,2646136,0.708923,-0.681335,0.133118,-0.124573,-1.0880,339.0174,0
6.7100,2646146,0.708862,-0.681335,0.133240,-0.124695,-1.0875,338.9975,0
6.7200,2646156,0.708801,-0.681335,0.133362,-0.124756,-1.0917,338.9828,0
6.7300,2646166,0.708923,-0.681213,0.133362,-0.124878,-1.0858,338.9724,0
6.7400,2646176,0.709045,-0.681091,0.133301,-0.124939,-1.0797,338.9724,0
6.7500,2646186,0.709106,-0.681030,0.133301,-0.124939,-1.0815,338.9724,0
6.7600,2646196,0.709106,-0.681030,0.133301,-0.124939,-1.0815,338.9724,0
6.7700,2646206,0.709106,-0.681030,0.133240,-0.124939,-1.0765,338.9775,0
6.7800,2646216,0.709167,-0.680969,0.133240,-0.125000,-1.0736,338.9723,0
6.7900,2646226,0.709229,-0.680908,0.133301,-0.124939,-1.0851,338.9725,0
6.8000,2646236,0.709290,-0.680847,0.133240,-0.124878,-1.0867,338.9829,0
6.8100,2646246,0.709412,-0.680786,0.133118,-0.124878,-1.0795,338.9924,0
6.8200,2646256,0.709473,-0.680725,0.133057,-0.124817,-1.0811,339.0028,0
6.8300,2646266,0.709534,-0.680664,0.132935,-0.124695,-1.0825,339.0237,0
6.8400,2646276,0.709534,-0.680725,0.132935,-0.124695,-1.0817,339.0228,0
6.8500,2646286,0.709534,-0.680725,0.132874,-0.124695,-1.0767,339.0279,0
6.8600,2646296,0.709534,-0.680664,0.132874,-0.124756,-1.0728,339.0235,0
6.8700,2646306,0.709595,-0.680603,0.132874,-0.124756,-1.0746,339.0236,0
6.8800,2646316,0.709656,-0.680542,0.132935,-0.124817,-1.0766,339.0132,0
6.8900,2646326,0.709717,-0.680481,0.132935,-0.124939,-1.0689,339.0027,0
6.9000,2646336,0.709717,-0.680420,0.132935,-0.125061,-1.0602,338.9931,0
6.9100,2646346,0.709778,-0.680298,0.132996,-0.125183,-1.0584,338.9784,0
6.9200,2646356,0.709900,-0.680176,0.133057,-0.125305,-1.0574,338.9629,0
6.9300,2646366,0.710022,-0.680054,0.133057,-0.125427,-1.0515,338.9524,0
6.9400,2646376,0.710083,-0.679932,0.133118,-0.125488,-1.0544,338.9430,0
6.9500,2646386,0.710144,-0.679871,0.133057,-0.125488,-1.0513,338.9481,0
6.9600,2646396,0.710205,-0.679871,0.133057,-0.125488,-1.0522,338.9473,0
6.9700,2646406,0.710205,-0.679810,0.133057,-0.125549,-1.0483,338.9429,0
6.9800,2646416,0.710266,-0.679749,0.132996,-0.125549,-1.0452,338.9481,0
6.9900,2646426,0.710388,-0.679626,0.132935,-0.125549,-1.0438,338.9533,0
7.0000,2646436,0.710510,-0.679565,0.132874,-0.125549,-1.0416,338.9576,0
7.0100,2646446,0.710510,-0.679504,0.132812,-0.125488,-1.0422,338.9688,0
7.0200,2646456,0.710571,-0.679504,0.132751,-0.125488,-1.0382,338.9731,0
7.0300,2646466,0.710571,-0.679565,0.132751,-0.125427,-1.0421,338.9775,0
7.0400,2646476,0.710510,-0.679565,0.132751,-0.125427,-1.0412,338.9783,0
7.0500,2646486,0.710449,-0.679626,0.132751,-0.125427,-1.0393,338.9783,0
7.0600,2646496,0.710449,-0.679687,0.132751,-0.125427,-1.0385,338.9774,0
7.0700,2646506,0.710449,-0.679626,0.132751,-0.125488,-1.0346,338.9730,0
7.0800,2646516,0.710449,-0.679565,0.132812,-0.125549,-1.0357,338.9635,0
7.0900,2646526,0.710510,-0.679504,0.132874,-0.125671,-1.0330,338.9479,0
7.1000,2646536,0.710571,-0.679382,0.132996,-0.125916,-1.0266,338.9175,0
7.1100,2646546,0.710571,-0.679382,0.132996,-0.126038,-1.0171,338.9070,0
7.1200,2646556,0.710571,-0.679321,0.132996,-0.126160,-1.0084,338.8973,0
7.1300,2646566,0.710571,-0.679321,0.132996,-0.126282,-0.9989,338.8868,0
7.1400,2646576,0.710571,-0.679260,0.132935,-0.126343,-0.9901,338.8875,0
7.1500,2646586,0.710571,-0.679260,0.132935,-0.126343,-0.9901,338.8875,0
7.1600,2646596,0.710632,-0.679260,0.132874,-0.126404,-0.9813,338.8865,0
7.1700,2646606,0.710693,-0.679199,0.132874,-0.126404,-0.9831,338.8865,0
7.1800,2646616,0.710754,-0.679077,0.132812,-0.126404,-0.9809,338.8925,0
7.1900,2646626,0.710815,-0.679077,0.132751,-0.126343,-0.9816,338.9021,0
7.2000,2646636,0.710876,-0.679016,0.132629,-0.126343,-0.9734,338.9123,0
7.2100,2646646,0.710876,-0.679077,0.132568,-0.126282,-0.9723,338.9218,0
7.2200,2646656,0.710815,-0.679138,0.132568,-0.126221,-0.9753,338.9271,0
7.2300,2646666,0.710876,-0.679138,0.132507,-0.126160,-0.9760,338.9366,0
7.2400,2646676,0.710937,-0.679077,0.132446,-0.126221,-0.9681,338.9365,0
7.2500,2646686,0.710999,-0.679016,0.132446,-0.126221,-0.9699,338.9365,0
7.2600,2646696,0.710999,-0.678955,0.132568,-0.126221,-0.9807,338.9272,0
7.2700,2646706,0.710937,-0.679016,0.132690,-0.126221,-0.9888,338.9170,0
7.2800,2646716,0.710876,-0.679077,0.132812,-0.126221,-0.9970,338.9067,0
7.2900,2646726,0.710754,-0.679138,0.132935,-0.126221,-1.0042,338.8973,0
7.3000,2646736,0.710632,-0.679260,0.132935,-0.126160,-1.0053,338.9025,0
7.3100,2646746,0.710632,-0.679260,0.132935,-0.126160,-1.0053,338.9025,0
7.3200,2646756,0.710693,-0.679260,0.132935,-0.126160,-1.0062,338.9016,0
7.3300,2646766,0.710754,-0.679138,0.132874,-0.126221,-0.9992,338.9024,0
7.3400,2646776,0.710876,-0.679016,0.132751,-0.126343,-0.9834,338.9021,0
7.3500,2646786,0.710937,-0.678955,0.132629,-0.126404,-0.9705,338.9071,0
7.3600,2646796,0.710937,-0.678955,0.132568,-0.126465,-0.9608,338.9069,0
7.3700,2646806,0.710754,-0.679138,0.132629,-0.126526,-0.9556,338.8964,0
7.3800,2646816,0.710754,-0.679077,0.132690,-0.126587,-0.9567,338.8869,0
7.3900,2646826,0.710815,-0.679016,0.132751,-0.126648,-0.9587,338.8766,0
7.4000,2646836,0.710876,-0.678955,0.132751,-0.126709,-0.9558,338.8713,0
7.4100,2646846,0.710815,-0.678955,0.132874,-0.126831,-0.9553,338.8514,0
7.4200,2646856,0.710693,-0.679077,0.132874,-0.126953,-0.9421,338.8408,0
7.4300,2646866,0.710632,-0.679138,0.132935,-0.126953,-0.9453,338.8356,0
7.4400,2646876,0.710571,-0.679138,0.132996,-0.127014,-0.9446,338.8261,0
7.4500,2646886,0.710632,-0.679077,0.133057,-0.127136,-0.9419,338.8105,0
7.4600,2646896,0.710815,-0.678894,0.133057,-0.127136,-0.9473,338.8106,0
7.4700,2646906,0.710999,-0.678711,0.133057,-0.127075,-0.9575,338.8160,0
7.4800,2646916,0.711121,-0.678528,0.132996,-0.127075,-0.9571,338.8220,0
7.4900,2646926,0.711243,-0.678528,0.132996,-0.126953,-0.9685,338.8309,0
7.5000,2646936,0.711304,-0.678467,0.132935,-0.126831,-0.9748,338.8466,0
7.5100,2646946,0.711365,-0.678406,0.132935,-0.126709,-0.9861,338.8572,0
7.5200,2646956,0.711365,-0.678406,0.132935,-0.126648,-0.9908,338.8625,0
7.5300,2646966,0.711365,-0.678406,0.132935,-0.126526,-1.0003,338.8731,0
7.5400,2646976,0.711365,-0.678467,0.132996,-0.126404,-1.0139,338.8777,0
7.5500,2646986,0.711304,-0.678528,0.133057,-0.126343,-1.0218,338.8778,0
7.5600,2646996,0.711304,-0.678528,0.133057,-0.126343,-1.0218,338.8778,0
7.5700,2647006,0.711365,-0.678467,0.132996,-0.126404,-1.0139,338.8777,0
7.5800,2647016,0.711426,-0.678345,0.132996,-0.126404,-1.0166,338.8786,0
7.5900,2647026,0.711487,-0.678345,0.132935,-0.126465,-1.0078,338.8776,0
7.6000,2647036,0.711365,-0.678467,0.132935,-0.126465,-1.0042,338.8775,0
7.6100,2647046,0.711243,-0.678528,0.132935,-0.126465,-1.0014,338.8783,0
7.6200,2647056,0.711182,-0.678650,0.132996,-0.126404,-1.0085,338.8775,0
7.6300,2647066,0.711304,-0.678528,0.132996,-0.126282,-1.0216,338.8882,0
7.6400,2647076,0.711426,-0.678406,0.132996,-0.126160,-1.0347,338.8988,0
7.6500,2647086,0.711487,-0.678406,0.132996,-0.126099,-1.0404,338.9033,0
7.6600,2647096,0.711426,-0.678467,0.132996,-0.125977,-1.0481,338.9138,0
7.6700,2647106,0.711365,-0.678528,0.132935,-0.125916,-1.0460,338.9241,0
7.6800,2647116,0.711304,-0.678589,0.132935,-0.125916,-1.0442,338.9241,0
7.6900,2647126,0.711304,-0.678589,0.132874,-0.125916,-1.0392,338.9292,0
7.7000,2647136,0.711365,-0.678589,0.132812,-0.126038,-1.0257,338.9229,0
7.7100,2647146,0.711426,-0.678528,0.132690,-0.126099,-1.0128,338.9279,0
7.7200,2647156,0.711365,-0.678528,0.132690,-0.126221,-1.0024,338.9181,0
7.7300,2647166,0.711365,-0.678528,0.132690,-0.126343,-0.9929,338.9076,0
7.7400,2647176,0.711365,-0.678467,0.132812,-0.126465,-0.9942,338.8877,0
7.7500,2647186,0.711304,-0.678528,0.132935,-0.126587,-0.9929,338.8669,0
7.7600,2647196,0.711243,-0.678467,0.133118,-0.126709,-0.9983,338.8427,0
7.7700,2647206,0.711243,-0.678467,0.133240,-0.126831,-0.9987,338.8220,0
7.7800,2647216,0.711243,-0.678467,0.133301,-0.126892,-0.9990,338.8116,0
7.7900,2647226,0.711243,-0.678406,0.133423,-0.127014,-1.0003,338.7917,0
7.8000,2647236,0.711243,-0.678345,0.133484,-0.127075,-1.0014,338.7822,0
7.8100,2647246,0.711243,-0.678284,0.133545,-0.127197,-0.9978,338.7674,0
7.8200,2647256,0.711304,-0.678223,0.133606,-0.127258,-0.9999,338.7570,0
7.8300,2647266,0.711365,-0.678162,0.133606,-0.127258,-1.0017,338.7571,0
7.8400,2647276,0.711426,-0.678162,0.133606,-0.127258,-1.0026,338.7563,0
7.8500,2647286,0.711487,-0.678040,0.133484,-0.127258,-0.9954,338.7674,0
7.8600,2647296,0.711609,-0.677979,0.133423,-0.127197,-0.9979,338.7770,0
7.8700,2647306,0.711731,-0.677856,0.133362,-0.127075,-1.0061,338.7927,0
7.8800,2647316,0.711853,-0.677795,0.133362,-0.126953,-1.0183,338.8025,0
7.8900,2647326,0.711853,-0.677734,0.133362,-0.126892,-1.0239,338.8087,0
7.9000,2647336,0.711670,-0.677979,0.133423,-0.126831,-1.0273,338.8078,0
7.9100,2647346,0.711487,-0.678162,0.133423,-0.126770,-1.0266,338.8130,0
7.9200,2647356,0.711365,-0.678284,0.133423,-0.126770,-1.0229,338.8129,0
7.9300,2647366,0.711304,-0.678345,0.133362,-0.126831,-1.0114,338.8127,0
7.9400,2647376,0.711304,-0.678345,0.133301,-0.126892,-1.0017,338.8125,0
7.9500,2647386,0.711304,-0.678345,0.133301,-0.126953,-0.9969,338.8072,0
7.9600,2647396,0.711304,-0.678345,0.133240,-0.126953,-0.9919,338.8123,0
7.9700,2647406,0.711182,-0.678467,0.133301,-0.126892,-0.9980,338.8124,0
7.9800,2647416,0.711121,-0.678528,0.133423,-0.126892,-1.0062,338.8022,0
7.9900,2647426,0.711060,-0.678589,0.133606,-0.126770,-1.0288,338.7974,0
8.0000,2647436,0.711121,-0.678467,0.133728,-0.126709,-1.0462,338.7934,0
8.0100,2647446,0.711243,-0.678345,0.133850,-0.126587,-1.0692,338.7938,0
8.0200,2647456,0.711304,-0.678284,0.133911,-0.126526,-1.0808,338.7940,0
8.0300,2647466,0.711304,-0.678345,0.133972,-0.126465,-1.0896,338.7934,0
8.0400,2647476,0.711182,-0.678467,0.134033,-0.126526,-1.0862,338.7829,0
8.0500,2647486,0.710999,-0.678589,0.134094,-0.126526,-1.0866,338.7785,0
8.0600,2647496,0.710937,-0.678650,0.134155,-0.126526,-1.0897,338.7733,0
8.0700,2647506,0.710937,-0.678650,0.134155,-0.126526,-1.0897,338.7733,0
8.0800,2647516,0.710999,-0.678589,0.134155,-0.126526,-1.0916,338.7734,0
8.0900,2647526,0.711060,-0.678528,0.134094,-0.126587,-1.0837,338.7733,0
8.1000,2647536,0.711060,-0.678528,0.134033,-0.126648,-1.0740,338.7731,0
8.1100,2647546,0.711060,-0.678528,0.133972,-0.126709,-1.0642,338.7729,0
8.1200,2647556,0.710937,-0.678650,0.133972,-0.126709,-1.0606,338.7728,0
8.1300,2647566,0.710937,-0.678650,0.133972,-0.126709,-1.0606,338.7728,0
8.1400,2647576,0.710937,-0.678650,0.133972,-0.126709,-1.0606,338.7728,0
8.1500,2647586,0.710937,-0.678650,0.134033,-0.126648,-1.0703,338.7730,0
8.1600,2647596,0.711060,-0.678528,0.134094,-0.126587,-1.0837,338.7733,0
8.1700,2647606,0.711121,-0.678467,0.134094,-0.126465,-1.0950,338.7839,0
8.1800,2647616,0.711182,-0.678467,0.134033,-0.126404,-1.0957,338.7934,0
8.1900,2647626,0.711243,-0.678406,0.133911,-0.126282,-1.0971,338.8142,0
8.2000,2647636,0.711243,-0.678406,0.133789,-0.126221,-1.0919,338.8297,0
8.2100,2647646,0.711243,-0.678467,0.133667,-0.126160,-1.0858,338.8443,0
8.2200,2647656,0.711243,-0.678467,0.133606,-0.126099,-1.0855,338.8547,0
8.2300,2647666,0.711365,-0.678406,0.133545,-0.126099,-1.0833,338.8590,0
8.2400,2647676,0.711426,-0.678345,0.133484,-0.126099,-1.0802,338.8642,0
8.2500,2647686,0.711548,-0.678223,0.133484,-0.126160,-1.0790,338.8590,0
8.2600,2647696,0.711548,-0.678223,0.133484,-0.126160,-1.0790,338.8590,0
8.2700,2647706,0.711548,-0.678223,0.133545,-0.126099,-1.0888,338.8592,0
8.2800,2647716,0.711487,-0.678284,0.133545,-0.126038,-1.0917,338.8644,0
8.2900,2647726,0.711487,-0.678284,0.133545,-0.126038,-1.0917,338.8644,0
8.3000,2647736,0.711426,-0.678284,0.133545,-0.126038,-1.0908,338.8652,0
8.3100,2647746,0.711426,-0.678345,0.133606,-0.126038,-1.0948,338.8593,0
8.3200,2647756,0.711365,-0.678406,0.133545,-0.126099,-1.0833,338.8590,0
8.3300,2647766,0.711365,-0.678406,0.133423,-0.126099,-1.0734,338.8692,0
8.3400,2647776,0.711365,-0.678406,0.133362,-0.126221,-1.0589,338.8638,0
8.3500,2647786,0.711365,-0.678406,0.133240,-0.126282,-1.0442,338.8687,0
8.3600,2647796,0.711365,-0.678406,0.133240,-0.126343,-1.0394,338.8634,0
8.3700,2647806,0.711365,-0.678406,0.133179,-0.126343,-1.0345,338.8685,0
8.3800,2647816,0.711304,-0.678467,0.133179,-0.126343,-1.0327,338.8685,0
8.3900,2647826,0.711304,-0.678467,0.133301,-0.126282,-1.0474,338.8636,0
8.4000,2647836,0.711304,-0.678467,0.133362,-0.126221,-1.0571,338.8637,0
8.4100,2647846,0.711426,-0.678345,0.133423,-0.126221,-1.0657,338.8587,0
8.4200,2647856,0.711548,-0.678223,0.133423,-0.126160,-1.0741,338.8641,0
8.4300,2647866,0.711731,-0.677979,0.133362,-0.126282,-1.0659,338.8596,0
8.4400,2647876,0.711731,-0.677979,0.133301,-0.126404,-1.0515,338.8542,0
8.4500,2647886,0.711609,-0.678101,0.133301,-0.126465,-1.0431,338.8488,0
8.4600,2647896,0.711487,-0.678223,0.133301,-0.126587,-1.0300,338.8382,0
8.4700,2647906,0.711304,-0.678406,0.133362,-0.126648,-1.0247,338.8276,0
8.4800,2647916,0.711243,-0.678406,0.133423,-0.126709,-1.0240,338.8181,0
8.4900,2647926,0.711304,-0.678345,0.133423,-0.126770,-1.0211,338.8129,0
8.5000,2647936,0.711426,-0.678223,0.133423,-0.126831,-1.0200,338.8077,0
8.5100,2647946,0.711548,-0.678101,0.133362,-0.126831,-1.0187,338.8128,0
8.5200,2647956,0.711548,-0.678101,0.133362,-0.126831,-1.0187,338.8128,0
8.5300,2647966,0.711487,-0.678162,0.133423,-0.126892,-1.0171,338.8024,0
8.5400,2647976,0.711426,-0.678223,0.133423,-0.126892,-1.0153,338.8024,0
8.5500,2647986,0.711304,-0.678345,0.133484,-0.126892,-1.0166,338.7972,0
8.5600,2647996,0.711304,-0.678284,0.133484,-0.126953,-1.0127,338.7928,0
8.5700,2648006,0.711365,-0.678223,0.133606,-0.126953,-1.0245,338.7826,0
8.5800,2648016,0.711426,-0.678162,0.133667,-0.127014,-1.0266,338.7723,0
8.5900,2648026,0.711548,-0.678040,0.133667,-0.127075,-1.0255,338.7671,0
8.6000,2648036,0.711609,-0.677979,0.133667,-0.127075,-1.0273,338.7672,0
8.6100,2648046,0.711609,-0.677917,0.133606,-0.127075,-1.0232,338.7731,0
8.6200,2648056,0.711609,-0.677917,0.133606,-0.127075,-1.0232,338.7731,0
8.6300,2648066,0.711670,-0.677917,0.133606,-0.127075,-1.0241,338.7723,0
8.6400,2648076,0.711670,-0.677856,0.133606,-0.127136,-1.0203,338.7679,0
8.6500,2648086,0.711731,-0.677795,0.133606,-0.127136,-1.0221,338.7679,0
8.6600,2648096,0.711792,-0.677734,0.133545,-0.127136,-1.0190,338.7730,0
8.6700,2648106,0.711792,-0.677734,0.133545,-0.127136,-1.0190,338.7730,0
8.6800,2648116,0.711792,-0.677734,0.133545,-0.127136,-1.0190,338.7730,0
8.6900,2648126,0.711731,-0.677795,0.133545,-0.127136,-1.0171,338.7730,0
8.7000,2648136,0.711731,-0.677856,0.133545,-0.127136,-1.0162,338.7721,0
8.7100,2648146,0.711731,-0.677795,0.133545,-0.127197,-1.0124,338.7677,0
8.7200,2648156,0.711853,-0.677734,0.133545,-0.127197,-1.0152,338.7669,0
8.7300,2648166,0.711853,-0.677673,0.133484,-0.127258,-1.0063,338.7676,0
8.7400,2648176,0.711853,-0.677673,0.133484,-0.127380,-0.9968,338.7570,0
8.7500,2648186,0.711853,-0.677673,0.133545,-0.127441,-0.9971,338.7467,0
8.7600,2648196,0.711792,-0.677673,0.133606,-0.127502,-0.9964,338.7371,0
8.7700,2648206,0.711792,-0.677673,0.133728,-0.127502,-1.0063,338.7269,0
8.7800,2648216,0.711853,-0.677551,0.133850,-0.127502,-1.0190,338.7177,0
8.7900,2648226,0.711975,-0.677429,0.133911,-0.127502,-1.0277,338.7126,0
8.8000,2648236,0.712097,-0.677307,0.133911,-0.127441,-1.0361,338.7180,0
8.8100,2648246,0.712158,-0.677246,0.133911,-0.127441,-1.0379,338.7180,0
8.8200,2648256,0.712158,-0.677246,0.133911,-0.127441,-1.0379,338.7180,0
8.8300,2648266,0.712097,-0.677307,0.133850,-0.127502,-1.0263,338.7178,0
8.8400,2648276,0.712036,-0.677368,0.133850,-0.127502,-1.0245,338.7178,0
8.8500,2648286,0.711975,-0.677429,0.133789,-0.127563,-1.0130,338.7175,0
8.8600,2648296,0.711975,-0.677429,0.133789,-0.127625,-1.0082,338.7122,0
8.8700,2648306,0.712036,-0.677368,0.133728,-0.127625,-1.0051,338.7174,0
8.8800,2648316,0.712158,-0.677185,0.133728,-0.127625,-1.0096,338.7183,0
8.8900,2648326,0.712341,-0.677002,0.133728,-0.127686,-1.0104,338.7132,0
8.9000,2648336,0.712524,-0.676880,0.133789,-0.127686,-1.0199,338.7073,0
8.9100,2648346,0.712585,-0.676758,0.133850,-0.127686,-1.0276,338.7031,0
8.9200,2648356,0.712585,-0.676758,0.134033,-0.127686,-1.0426,338.6879,0
8.9300,2648366,0.712646,-0.676697,0.134155,-0.127625,-1.0591,338.6830,0
8.9400,2648376,0.712708,-0.676575,0.134216,-0.127563,-1.0716,338.6841,0
8.9500,2648386,0.712769,-0.676514,0.134155,-0.127502,-1.0732,338.6945,0
8.9600,2648396,0.712769,-0.676575,0.134033,-0.127319,-1.0765,338.7197,0
8.9700,2648406,0.712769,-0.676636,0.133972,-0.127258,-1.0753,338.7292,0
8.9800,2648416,0.712708,-0.676697,0.133911,-0.127197,-1.0733,338.7396,0
8.9900,2648426,0.712646,-0.676758,0.133850,-0.127258,-1.0617,338.7393,0
9.0000,2648436,0.712524,-0.676880,0.133789,-0.127380,-1.0436,338.7338,0
9.0100,2648446,0.712402,-0.677063,0.133728,-0.127441,-1.0294,338.7326,0
9.0200,2648456,0.712219,-0.677185,0.133728,-0.127441,-1.0248,338.7334,0
9.0300,2648466,0.712158,-0.677246,0.133728,-0.127502,-1.0182,338.7280,0
9.0400,2648476,0.712158,-0.677246,0.133789,-0.127502,-1.0232,338.7229,0
9.0500,2648486,0.712219,-0.677124,0.133911,-0.127563,-1.0311,338.7084,0
9.0600,2648496,0.712280,-0.677063,0.134033,-0.127625,-1.0382,338.6929,0
9.0700,2648506,0.712341,-0.676941,0.134155,-0.127625,-1.0509,338.6837,0
9.0800,2648516,0.712402,-0.676880,0.134216,-0.127686,-1.0530,338.6733,0
9.0900,2648526,0.712402,-0.676819,0.134277,-0.127747,-1.0541,338.6638,0
9.1000,2648536,0.712463,-0.676819,0.134277,-0.127808,-1.0503,338.6577,0
9.1100,2648546,0.712463,-0.676819,0.134277,-0.127808,-1.0503,338.6577,0
9.1200,2648556,0.712463,-0.676819,0.134277,-0.127808,-1.0503,338.6577,0
9.1300,2648566,0.712463,-0.676819,0.134277,-0.127808,-1.0503,338.6577,0
9.1400,2648576,0.712463,-0.676819,0.134277,-0.127808,-1.0503,338.6577,0
9.1500,2648586,0.712463,-0.676819,0.134277,-0.127808,-1.0503,338.6577,0
9.1600,2648596,0.712463,-0.676819,0.134277,-0.127808,-1.0503,338.6577,0
9.1700,2648606,0.712463,-0.676819,0.134277,-0.127808,-1.0503,338.6577,0
9.1800,2648616,0.712463,-0.676819,0.134277,-0.127808,-1.0503,338.6577,0
9.1900,2648626,0.712463,-0.676819,0.134277,-0.127747,-1.0550,338.6630,0
9.2000,2648636,0.712463,-0.676758,0.134399,-0.127686,-1.0706,338.6590,0
9.2100,2648646,0.712463,-0.676758,0.134521,-0.127686,-1.0806,338.6488,0
9.2200,2648656,0.712463,-0.676758,0.134583,-0.127686,-1.0856,338.6437,0
9.2300,2648666,0.712463,-0.676697,0.134766,-0.127747,-1.0967,338.6240,0
9.2400,2648676,0.712463,-0.676697,0.134827,-0.127808,-1.0969,338.6136,0
9.2500,2648686,0.712341,-0.676758,0.134888,-0.127869,-1.0944,338.6040,0
9.2600,2648696,0.712280,-0.676819,0.134949,-0.127930,-1.0928,338.5936,0
9.2700,2648706,0.712158,-0.676941,0.135010,-0.127930,-1.0941,338.5883,0
9.2800,2648716,0.712097,-0.677002,0.135071,-0.127991,-1.0925,338.5779,0
9.2900,2648726,0.712036,-0.677063,0.135071,-0.127930,-1.0954,338.5832,0
9.3000,2648736,0.712097,-0.677002,0.135071,-0.127991,-1.0925,338.5779,0
9.3100,2648746,0.712219,-0.676880,0.135010,-0.127930,-1.0960,338.5884,0
9.3200,2648756,0.712341,-0.676758,0.134949,-0.127930,-1.0947,338.5936,0
9.3300,2648766,0.712402,-0.676697,0.134827,-0.127869,-1.0913,338.6091,0
9.3400,2648776,0.712463,-0.676697,0.134827,-0.127808,-1.0969,338.6136,0
9.3500,2648786,0.712341,-0.676758,0.134827,-0.127808,-1.0942,338.6144,0
9.3600,2648796,0.712280,-0.676880,0.134888,-0.127747,-1.1011,338.6136,0
9.3700,2648806,0.712219,-0.676880,0.134949,-0.127686,-1.1099,338.6147,0
9.3800,2648816,0.712280,-0.676880,0.135010,-0.127625,-1.1206,338.6140,0
9.3900,2648826,0.712280,-0.676880,0.135071,-0.127563,-1.1303,338.6142,0
9.4000,2648836,0.712280,-0.676880,0.135071,-0.127563,-1.1303,338.6142,0
9.4100,2648846,0.712280,-0.676880,0.135071,-0.127563,-1.1303,338.6142,0
9.4200,2648856,0.712280,-0.676880,0.135071,-0.127502,-1.1350,338.6195,0
9.4300,2648866,0.712341,-0.676819,0.134949,-0.127502,-1.1269,338.6298,0
9.4400,2648876,0.712402,-0.676819,0.134827,-0.127563,-1.1132,338.6338,0
9.4500,2648886,0.712402,-0.676819,0.134705,-0.127563,-1.1032,338.6440,0
9.4600,2648896,0.712341,-0.676880,0.134644,-0.127625,-1.0916,338.6438,0
9.4700,2648906,0.712280,-0.676941,0.134644,-0.127563,-1.0945,338.6490,0
9.4800,2648916,0.712219,-0.677002,0.134644,-0.127563,-1.0927,338.6490,0
9.4900,2648926,0.712219,-0.677002,0.134644,-0.127563,-1.0927,338.6490,0
9.5000,2648936,0.712341,-0.676880,0.134705,-0.127563,-1.1013,338.6440,0
9.5100,2648946,0.712341,-0.676819,0.134766,-0.127502,-1.1120,338.6451,0
9.5200,2648956,0.712463,-0.676758,0.134766,-0.127441,-1.1195,338.6496,0
9.5300,2648966,0.712524,-0.676697,0.134827,-0.127441,-1.1263,338.6445,0
9.5400,2648976,0.712646,-0.676575,0.134827,-0.127380,-1.1347,338.6499,0
9.5500,2648986,0.712830,-0.676392,0.134766,-0.127380,-1.1352,338.6552,0
9.5600,2648996,0.712952,-0.676270,0.134644,-0.127380,-1.1289,338.6654,0
9.5700,2649006,0.713013,-0.676208,0.134644,-0.127380,-1.1307,338.6655,0
9.5800,2649016,0.713013,-0.676208,0.134644,-0.127380,-1.1307,338.6655,0
9.5900,2649026,0.712952,-0.676270,0.134644,-0.127380,-1.1289,338.6654,0
9.6000,2649036,0.712891,-0.676392,0.134705,-0.127319,-1.1359,338.6647,0
9.6100,2649046,0.712830,-0.676392,0.134705,-0.127319,-1.1350,338.6655,0
9.6200,2649056,0.712830,-0.676392,0.134705,-0.127319,-1.1350,338.6655,0
9.6300,2649066,0.712830,-0.676392,0.134644,-0.127380,-1.1252,338.6653,0
9.6400,2649076,0.712891,-0.676331,0.134583,-0.127441,-1.1173,338.6652,0
9.6500,2649086,0.712891,-0.676331,0.134521,-0.127502,-1.1076,338.6650,0
9.6600,2649096,0.712891,-0.676331,0.134521,-0.127502,-1.1076,338.6650,0
9.6700,2649106,0.712769,-0.676453,0.134521,-0.127502,-1.1040,338.6649,0
9.6800,2649116,0.712708,-0.676514,0.134583,-0.127502,-1.1071,338.6597,0
9.6900,2649126,0.712708,-0.676453,0.134644,-0.127502,-1.1130,338.6555,0
9.7000,2649136,0.712830,-0.676392,0.134705,-0.127441,-1.1255,338.6549,0
9.7100,2649146,0.712952,-0.676270,0.134766,-0.127380,-1.1389,338.6552,0
9.7200,2649156,0.713013,-0.676147,0.134827,-0.127380,-1.1466,338.6511,0
9.7300,2649166,0.713013,-0.676147,0.134827,-0.127380,-1.1466,338.6511,0
9.7400,2649176,0.713013,-0.676147,0.134827,-0.127380,-1.1466,338.6511,0
9.7500,2649186,0.713013,-0.676147,0.134827,-0.127441,-1.1419,338.6458,0
9.7600,2649196,0.713074,-0.676086,0.134766,-0.127563,-1.1292,338.6403,0
9.7700,2649206,0.713013,-0.676086,0.134766,-0.127686,-1.1188,338.6306,0
9.7800,2649216,0.712891,-0.676208,0.134827,-0.127747,-1.1154,338.6201,0
9.7900,2649226,0.712769,-0.676331,0.134888,-0.127808,-1.1120,338.6096,0
9.8000,2649236,0.712708,-0.676392,0.134888,-0.127747,-1.1149,338.6148,0
9.8100,2649246,0.712708,-0.676392,0.134888,-0.127747,-1.1149,338.6148,0
9.8200,2649256,0.712830,-0.676270,0.134949,-0.127747,-1.1236,338.6099,0
9.8300,2649266,0.712952,-0.676147,0.134888,-0.127747,-1.1223,338.6151,0
9.8400,2649276,0.713013,-0.676086,0.134949,-0.127747,-1.1291,338.6100,0
9.8500,2649286,0.713013,-0.676086,0.134949,-0.127686,-1.1338,338.6153,0
9.8600,2649296,0.713013,-0.676086,0.135010,-0.127625,-1.1435,338.6155,0
9.8700,2649306,0.713013,-0.676086,0.135071,-0.127625,-1.1485,338.6104,0
9.8800,2649316,0.713013,-0.676086,0.135071,-0.127625,-1.1485,338.6104,0
9.8900,2649326,0.713013,-0.676086,0.135071,-0.127625,-1.1485,338.6104,0
9.9000,2649336,0.713074,-0.676025,0.135010,-0.127563,-1.1501,338.6208,0
9.9100,2649346,0.713135,-0.676025,0.134888,-0.127502,-1.1458,338.6355,0
9.9200,2649356,0.713135,-0.676025,0.134827,-0.127441,-1.1455,338.6459,0
9.9300,2649366,0.713135,-0.676025,0.134766,-0.127380,-1.1453,338.6562,0
9.9400,2649376,0.713196,-0.676025,0.134705,-0.127319,-1.1460,338.6658,0
9.9500,2649386,0.713196,-0.676025,0.134644,-0.127258,-1.1457,338.6762,0
9.9600,2649396,0.713196,-0.676025,0.134644,-0.127258,-1.1457,338.6762,0
9.9700,2649406,0.713196,-0.676025,0.134644,-0.127258,-1.1457,338.6762,0
9.9800,2649416,0.713135,-0.676086,0.134644,-0.127258,-1.1439,338.6761,0
9.9900,2649426,0.713135,-0.676086,0.134705,-0.127319,-1.1441,338.6658,0
10.0000,2649436,0.713135,-0.676086,0.134766,-0.127319,-1.1491,338.6607,0
10.0100,2649446,0.713135,-0.676025,0.134766,-0.127380,-1.1453,338.6562,0
10.0200,2649456,0.713196,-0.675964,0.134827,-0.127441,-1.1474,338.6459,0
10.0300,2649466,0.713318,-0.675781,0.134949,-0.127563,-1.1524,338.6261,0
10.0400,2649476,0.713318,-0.675720,0.135010,-0.127686,-1.1489,338.6113,0
10.0500,2649486,0.713318,-0.675720,0.135132,-0.127686,-1.1589,338.6011,0
10.0600,2649496,0.713379,-0.675659,0.135254,-0.127686,-1.1707,338.5910,0
10.0700,2649506,0.713379,-0.675598,0.135315,-0.127686,-1.1766,338.5868,0
10.0800,2649516,0.713379,-0.675598,0.135315,-0.127686,-1.1766,338.5868,0
10.0900,2649526,0.713379,-0.675598,0.135315,-0.127686,-1.1766,338.5868,0
10.1000,2649536,0.713318,-0.675659,0.135315,-0.127686,-1.1747,338.5867,0
10.1100,2649546,0.713257,-0.675720,0.135376,-0.127686,-1.1779,338.5816,0
10.1200,2649556,0.713196,-0.675842,0.135315,-0.127686,-1.1701,338.5858,0
10.1300,2649566,0.713074,-0.675903,0.135315,-0.127747,-1.1626,338.5812,0
10.1400,2649576,0.713074,-0.675964,0.135376,-0.127747,-1.1667,338.5753,0
10.1500,2649586,0.713013,-0.675964,0.135437,-0.127808,-1.1660,338.5657,0
10.1600,2649596,0.713074,-0.675903,0.135498,-0.127930,-1.1634,338.5501,0
10.1700,2649606,0.713074,-0.675842,0.135559,-0.127991,-1.1646,338.5406,0
10.1800,2649616,0.713074,-0.675842,0.135559,-0.128052,-1.1598,338.5353,0
10.1900,2649626,0.713135,-0.675781,0.135498,-0.128174,-1.1472,338.5298,0
10.2000,2649636,0.713135,-0.675781,0.135437,-0.128235,-1.1375,338.5296,0
10.2100,2649646,0.713135,-0.675781,0.135376,-0.128296,-1.1278,338.5294,0
10.2200,2649656,0.713135,-0.675781,0.135315,-0.128296,-1.1228,338.5345,0
10.2300,2649666,0.713196,-0.675720,0.135315,-0.128357,-1.1199,338.5292,0
10.2400,2649676,0.713196,-0.675659,0.135254,-0.128357,-1.1158,338.5352,0
10.2500,2649686,0.713257,-0.675659,0.135315,-0.128296,-1.1265,338.5346,0
10.2600,2649696,0.713257,-0.675598,0.135376,-0.128296,-1.1324,338.5304,0
10.2700,2649706,0.713318,-0.675598,0.135376,-0.128235,-1.1381,338.5348,0
10.2800,2649716,0.713379,-0.675537,0.135437,-0.128235,-1.1449,338.5298,0
10.2900,2649726,0.713440,-0.675476,0.135376,-0.128235,-1.1418,338.5349,0
10.3000,2649736,0.713440,-0.675415,0.135376,-0.128235,-1.1427,338.5358,0
10.3100,2649746,0.713440,-0.675476,0.135376,-0.128235,-1.1418,338.5349,0
10.3200,2649756,0.713379,-0.675537,0.135376,-0.128235,-1.1399,338.5349,0
10.3300,2649766,0.713379,-0.675476,0.135315,-0.128296,-1.1311,338.5356,0
10.3400,2649776,0.713379,-0.675476,0.135315,-0.128296,-1.1311,338.5356,0
10.3500,2649786,0.713440,-0.675476,0.135315,-0.128296,-1.1320,338.5347,0
10.3600,2649796,0.713440,-0.675476,0.135254,-0.128357,-1.1223,338.5345,0
10.3700,2649806,0.713379,-0.675537,0.135193,-0.128418,-1.1108,338.5342,0
10.3800,2649816,0.713257,-0.675598,0.135193,-0.128418,-1.1080,338.5350,0
10.3900,2649826,0.713135,-0.675720,0.135254,-0.128479,-1.1045,338.5246,0
10.4000,2649836,0.713074,-0.675781,0.135376,-0.128601,-1.1032,338.5037,0
10.4100,2649846,0.712952,-0.675842,0.135498,-0.128662,-1.1057,338.4890,0
10.4200,2649856,0.712952,-0.675842,0.135620,-0.128723,-1.1109,338.4735,0
10.4300,2649866,0.713074,-0.675659,0.135681,-0.128784,-1.1158,338.4641,0
10.4400,2649876,0.713257,-0.675476,0.135681,-0.128845,-1.1166,338.4590,0
10.4500,2649886,0.713440,-0.675293,0.135620,-0.128906,-1.1124,338.4589,0
10.4600,2649896,0.713562,-0.675110,0.135559,-0.129028,-1.1026,338.4543,0
10.4700,2649906,0.713562,-0.675110,0.135559,-0.129150,-1.0932,338.4437,0
10.4800,2649916,0.713501,-0.675171,0.135620,-0.129272,-1.0869,338.4280,0
10.4900,2649926,0.713440,-0.675171,0.135681,-0.129333,-1.0862,338.4184,0
10.5000,2649936,0.713501,-0.675110,0.135620,-0.129333,-1.0830,338.4236,0
10.5100,2649946,0.713501,-0.675110,0.135620,-0.129395,-1.0783,338.4182,0
10.5200,2649956,0.713562,-0.675049,0.135681,-0.129333,-1.0899,338.4185,0
10.5300,2649966,0.713501,-0.675110,0.135681,-0.129272,-1.0928,338.4238,0
10.5400,2649976,0.713501,-0.675110,0.135681,-0.129272,-1.0928,338.4238,0
10.5500,2649986,0.713562,-0.675049,0.135681,-0.129333,-1.0899,338.4185,0
10.5600,2649996,0.713623,-0.674988,0.135620,-0.129333,-1.0867,338.4236,0
10.5700,2650006,0.713684,-0.674927,0.135620,-0.129395,-1.0839,338.4184,0
10.5800,2650016,0.713684,-0.674927,0.135620,-0.129395,-1.0839,338.4184,0
10.5900,2650026,0.713745,-0.674866,0.135559,-0.129395,-1.0807,338.4235,0
10.6000,2650036,0.713806,-0.674805,0.135559,-0.129395,-1.0826,338.4235,0
10.6100,2650046,0.713867,-0.674744,0.135620,-0.129395,-1.0894,338.4185,0
10.6200,2650056,0.713806,-0.674805,0.135620,-0.129395,-1.0876,338.4185,0
10.6300,2650066,0.713806,-0.674805,0.135620,-0.129395,-1.0876,338.4185,0
10.6400,2650076,0.713806,-0.674805,0.135559,-0.129395,-1.0826,338.4235,0
10.6500,2650086,0.713867,-0.674744,0.135620,-0.129333,-1.0942,338.4238,0
10.6600,2650096,0.713928,-0.674683,0.135620,-0.129395,-1.0913,338.4185,0
10.6700,2650106,0.713928,-0.674683,0.135559,-0.129395,-1.0863,338.4236,0
10.6800,2650116,0.713867,-0.674744,0.135559,-0.129395,-1.0844,338.4236,0
10.6900,2650126,0.713806,-0.674744,0.135559,-0.129395,-1.0835,338.4244,0
10.7000,2650136,0.713867,-0.674744,0.135559,-0.129395,-1.0844,338.4236,0
10.7100,2650146,0.713928,-0.674683,0.135559,-0.129395,-1.0863,338.4236,0
10.7200,2650156,0.714111,-0.674500,0.135498,-0.129456,-1.0821,338.4235,0
10.7300,2650166,0.714172,-0.674377,0.135437,-0.129517,-1.0752,338.4242,0
10.7400,2650176,0.714172,-0.674377,0.135376,-0.129639,-1.0608,338.4187,0
10.7500,2650186,0.714111,-0.674438,0.135376,-0.129700,-1.0542,338.4133,0
10.7600,2650196,0.713989,-0.674561,0.135376,-0.129822,-1.0410,338.4026,0
10.7700,2650206,0.713867,-0.674683,0.135437,-0.129883,-1.0376,338.3922,0
10.7800,2650216,0.713806,-0.674683,0.135559,-0.129944,-1.0419,338.3775,0
10.7900,2650226,0.713806,-0.674683,0.135620,-0.129944,-1.0469,338.3724,0
10.8000,2650236,0.713867,-0.674622,0.135620,-0.129944,-1.0488,338.3724,0
10.8100,2650246,0.713989,-0.674500,0.135620,-0.129944,-1.0525,338.3725,0
10.8200,2650256,0.714111,-0.674438,0.135498,-0.129944,-1.0453,338.3819,0
10.8300,2650266,0.714294,-0.674194,0.135315,-0.129883,-1.0415,338.4034,0
10.8400,2650276,0.714355,-0.674194,0.135315,-0.129944,-1.0377,338.3973,0
10.8500,2650286,0.714294,-0.674255,0.135315,-0.129883,-1.0406,338.4026,0
10.8600,2650296,0.714172,-0.674377,0.135315,-0.129883,-1.0369,338.4025,0
10.8700,2650306,0.714111,-0.674438,0.135376,-0.129822,-1.0448,338.4027,0
10.8800,2650316,0.714111,-0.674438,0.135437,-0.129761,-1.0545,338.4029,0
10.8900,2650326,0.714233,-0.674316,0.135498,-0.129700,-1.0679,338.4032,0
10.9000,2650336,0.714355,-0.674133,0.135498,-0.129700,-1.0725,338.4042,0
10.9100,2650346,0.714478,-0.674072,0.135437,-0.129700,-1.0703,338.4084,0
10.9200,2650356,0.714478,-0.674072,0.135437,-0.129761,-1.0656,338.4031,0
10.9300,2650366,0.714478,-0.674072,0.135437,-0.129761,-1.0656,338.4031,0
10.9400,2650376,0.714478,-0.674011,0.135437,-0.129761,-1.0665,338.4040,0
10.9500,2650386,0.714539,-0.674011,0.135437,-0.129761,-1.0675,338.4032,0
10.9600,2650396,0.714539,-0.673950,0.135437,-0.129761,-1.0684,338.4041,0
10.9700,2650406,0.714478,-0.674011,0.135437,-0.129761,-1.0665,338.4040,0
10.9800,2650416,0.714417,-0.674133,0.135437,-0.129761,-1.0637,338.4031,0
10.9900,2650426,0.714294,-0.674255,0.135437,-0.129700,-1.0648,338.4083,0
11.0000,2650436,0.714294,-0.674316,0.135376,-0.129700,-1.0588,338.4125,0
11.0100,2650446,0.714294,-0.674316,0.135315,-0.129639,-1.0586,338.4229,0
11.0200,2650456,0.714355,-0.674255,0.135254,-0.129578,-1.0601,338.4334,0
11.0300,2650466,0.714478,-0.674133,0.135193,-0.129578,-1.0588,338.4385,0
11.0400,2650476,0.714539,-0.674072,0.135193,-0.129578,-1.0607,338.4386,0
11.0500,2650486,0.714539,-0.674072,0.135193,-0.129578,-1.0607,338.4386,0
11.0600,2650496,0.714417,-0.674194,0.135193,-0.129578,-1.0570,338.4385,0
11.0700,2650506,0.714355,-0.674316,0.135193,-0.129578,-1.0542,338.4376,0
11.0800,2650516,0.714355,-0.674255,0.135193,-0.129578,-1.0551,338.4384,0
11.0900,2650526,0.714417,-0.674194,0.135132,-0.129578,-1.0520,338.4436,0
11.1000,2650536,0.714661,-0.673950,0.135071,-0.129639,-1.0497,338.4435,0
11.1100,2650546,0.714722,-0.673889,0.135071,-0.129700,-1.0468,338.4382,0
11.1200,2650556,0.714722,-0.673889,0.135071,-0.129700,-1.0468,338.4382,0
11.1300,2650566,0.714783,-0.673828,0.135071,-0.129700,-1.0487,338.4382,0
11.1400,2650576,0.714783,-0.673828,0.135071,-0.129700,-1.0487,338.4382,0
11.1500,2650586,0.714783,-0.673828,0.135010,-0.129700,-1.0437,338.4433,0
11.1600,2650596,0.714722,-0.673889,0.135071,-0.129639,-1.0515,338.4435,0
11.1700,2650606,0.714661,-0.673950,0.135132,-0.129578,-1.0594,338.4437,0
11.1800,2650616,0.714661,-0.673950,0.135193,-0.129578,-1.0644,338.4386,0
11.1900,2650626,0.714722,-0.673889,0.135193,-0.129578,-1.0663,338.4387,0
11.2000,2650636,0.714783,-0.673828,0.135193,-0.129578,-1.0681,338.4387,0
11.2100,2650646,0.714661,-0.673950,0.135193,-0.129578,-1.0644,338.4386,0
11.2200,2650656,0.714478,-0.674133,0.135193,-0.129517,-1.0636,338.4438,0
11.2300,2650666,0.714233,-0.674377,0.135254,-0.129456,-1.0659,338.4439,0
11.2400,2650676,0.714111,-0.674500,0.135315,-0.129456,-1.0672,338.4388,0
11.2500,2650686,0.714111,-0.674500,0.135315,-0.129456,-1.0672,338.4388,0
11.2600,2650696,0.714233,-0.674377,0.135254,-0.129456,-1.0659,338.4439,0
11.2700,2650706,0.714355,-0.674255,0.135254,-0.129517,-1.0649,338.4387,0
11.2800,2650716,0.714417,-0.674194,0.135254,-0.129517,-1.0667,338.4387,0
11.2900,2650726,0.714355,-0.674255,0.135315,-0.129456,-1.0746,338.4389,0
11.3000,2650736,0.714294,-0.674377,0.135376,-0.129333,-1.0862,338.4435,0
11.3100,2650746,0.714233,-0.674377,0.135437,-0.129272,-1.0950,338.4446,0
11.3200,2650756,0.714233,-0.674377,0.135498,-0.129272,-1.1000,338.4395,0
11.3300,2650766,0.714294,-0.674377,0.135498,-0.129272,-1.1010,338.4387,0
11.3400,2650776,0.714294,-0.674316,0.135498,-0.129272,-1.1019,338.4395,0
11.3500,2650786,0.714294,-0.674316,0.135437,-0.129272,-1.0969,338.4446,0
11.3600,2650796,0.714111,-0.674500,0.135437,-0.129517,-1.0724,338.4233,0
11.3700,2650806,0.714050,-0.674561,0.135376,-0.129578,-1.0609,338.4230,0
11.3800,2650816,0.713989,-0.674622,0.135376,-0.129639,-1.0543,338.4177,0
11.3900,2650826,0.713928,-0.674683,0.135437,-0.129639,-1.0574,338.4125,0
11.4000,2650836,0.713928,-0.674622,0.135498,-0.129700,-1.0586,338.4030,0
11.4100,2650846,0.713928,-0.674622,0.135559,-0.129761,-1.0589,338.3926,0
11.4200,2650856,0.713928,-0.674622,0.135681,-0.129761,-1.0689,338.3824,0
11.4300,2650866,0.713928,-0.674561,0.135742,-0.129700,-1.0795,338.3836,0
11.4400,2650876,0.713989,-0.674500,0.135803,-0.129700,-1.0864,338.3785,0
11.4500,2650886,0.714050,-0.674438,0.135742,-0.129700,-1.0832,338.3836,0
11.4600,2650896,0.714050,-0.674438,0.135742,-0.129700,-1.0832,338.3836,0
11.4700,2650906,0.713928,-0.674561,0.135803,-0.129639,-1.0892,338.3838,0
11.4800,2650916,0.713684,-0.674805,0.135864,-0.129639,-1.0868,338.3785,0
11.4900,2650926,0.713440,-0.675049,0.135864,-0.129578,-1.0841,338.3837,0
11.5000,2650936,0.713318,-0.675232,0.135925,-0.129517,-1.0892,338.3829,0
11.5100,2650946,0.713318,-0.675232,0.135864,-0.129517,-1.0842,338.3880,0
11.5200,2650956,0.713379,-0.675171,0.135864,-0.129517,-1.0860,338.3881,0
11.5300,2650966,0.713440,-0.675110,0.135864,-0.129517,-1.0879,338.3881,0
11.5400,2650976,0.713440,-0.675110,0.135864,-0.129517,-1.0879,338.3881,0
11.5500,2650986,0.713440,-0.675110,0.135864,-0.129517,-1.0879,338.3881,0
11.5600,2650996,0.713440,-0.675110,0.135864,-0.129517,-1.0879,338.3881,0
11.5700,2651006,0.713501,-0.675049,0.135864,-0.129517,-1.0897,338.3882,0
11.5800,2651016,0.713562,-0.674988,0.135803,-0.129517,-1.0866,338.3933,0
11.5900,2651026,0.713623,-0.674927,0.135864,-0.129517,-1.0935,338.3882,0
11.6000,2651036,0.713684,-0.674866,0.135925,-0.129456,-1.1050,338.3885,0
11.6100,2651046,0.713745,-0.674805,0.135925,-0.129395,-1.1116,338.3938,0
11.6200,2651056,0.713806,-0.674744,0.135986,-0.129333,-1.1232,338.3941,0
11.6300,2651066,0.713867,-0.674683,0.136108,-0.129272,-1.1397,338.3893,0
11.6400,2651076,0.713806,-0.674744,0.136108,-0.129211,-1.1426,338.3945,0
11.6500,2651086,0.713745,-0.674805,0.136108,-0.129211,-1.1407,338.3945,0
11.6600,2651096,0.713684,-0.674866,0.136047,-0.129150,-1.1386,338.4048,0
11.6700,2651106,0.713623,-0.674927,0.135986,-0.129211,-1.1270,338.4046,0
11.6800,2651116,0.713623,-0.674988,0.135925,-0.129272,-1.1164,338.4035,0
11.6900,2651126,0.713623,-0.674988,0.135864,-0.129333,-1.1067,338.4033,0
11.7000,2651136,0.713562,-0.674988,0.135864,-0.129456,-1.0963,338.3935,0
11.7100,2651146,0.713501,-0.675049,0.135986,-0.129456,-1.1045,338.3833,0
11.7200,2651156,0.713440,-0.675049,0.136047,-0.129517,-1.1038,338.3737,0
11.7300,2651166,0.713562,-0.674927,0.136047,-0.129578,-1.1028,338.3685,0
11.7400,2651176,0.713745,-0.674744,0.136047,-0.129700,-1.0989,338.3580,0
11.7500,2651186,0.713867,-0.674622,0.136047,-0.129639,-1.1073,338.3634,0
11.7600,2651196,0.713867,-0.674561,0.136169,-0.129639,-1.1182,338.3541,0
11.7700,2651206,0.713745,-0.674683,0.136292,-0.129517,-1.1339,338.3545,0
11.7800,2651216,0.713684,-0.674744,0.136475,-0.129333,-1.1612,338.3551,0
11.7900,2651226,0.713745,-0.674744,0.136658,-0.129150,-1.1913,338.3549,0
11.8000,2651236,0.713867,-0.674622,0.136719,-0.128906,-1.2189,338.3711,0
11.8100,2651246,0.713989,-0.674500,0.136719,-0.128723,-1.2368,338.3871,0
11.8200,2651256,0.714050,-0.674500,0.136719,-0.128540,-1.2519,338.4022,0
11.8300,2651266,0.713928,-0.674622,0.136719,-0.128418,-1.2576,338.4127,0
11.8400,2651276,0.713745,-0.674805,0.136719,-0.128296,-1.2615,338.4232,0
11.8500,2651286,0.713623,-0.674988,0.136658,-0.128357,-1.2472,338.4220,0
11.8600,2651296,0.713562,-0.675049,0.136597,-0.128418,-1.2356,338.4217,0
11.8700,2651306,0.713562,-0.675049,0.136475,-0.128540,-1.2162,338.4213,0
11.8800,2651316,0.713501,-0.675049,0.136475,-0.128662,-1.2058,338.4115,0
11.8900,2651326,0.713501,-0.675049,0.136597,-0.128784,-1.2063,338.3907,0
11.9000,2651336,0.713562,-0.674866,0.136902,-0.129028,-1.2160,338.3459,0
11.9100,2651346,0.713684,-0.674744,0.136963,-0.129028,-1.2248,338.3409,0
11.9200,2651356,0.713745,-0.674622,0.137085,-0.129028,-1.2375,338.3316,0
11.9300,2651366,0.713684,-0.674683,0.137146,-0.129028,-1.2406,338.3265,0
11.9400,2651376,0.713562,-0.674805,0.137268,-0.128967,-1.2516,338.3215,0
11.9500,2651386,0.713501,-0.674927,0.137329,-0.128906,-1.2586,338.3207,0
11.9600,2651396,0.713379,-0.674988,0.137390,-0.128784,-1.2702,338.3270,0
11.9700,2651406,0.713379,-0.674988,0.137390,-0.128784,-1.2702,338.3270,0
11.9800,2651416,0.713501,-0.674866,0.137390,-0.128845,-1.2692,338.3218,0
11.9900,2651426,0.713562,-0.674805,0.137329,-0.128906,-1.2613,338.3217,0
12.0000,2651436,0.713623,-0.674744,0.137268,-0.128967,-1.2535,338.3215,0
12.0100,2651446,0.713562,-0.674805,0.137207,-0.129028,-1.2419,338.3213,0
12.0200,2651456,0.713501,-0.674805,0.137207,-0.129150,-1.2315,338.3115,0
12.0300,2651466,0.713440,-0.674866,0.137207,-0.129211,-1.2249,338.3061,0
12.0400,2651476,0.713440,-0.674866,0.137268,-0.129333,-1.2205,338.2904,0
12.0500,2651486,0.713440,-0.674866,0.137329,-0.129395,-1.2207,338.2800,0
12.0600,2651496,0.713379,-0.674805,0.137390,-0.129517,-1.2162,338.2661,0
12.0700,2651506,0.713318,-0.674866,0.137512,-0.129578,-1.2196,338.2505,0
12.0800,2651516,0.713257,-0.674927,0.137695,-0.129578,-1.2327,338.2351,0
12.0900,2651526,0.713257,-0.674866,0.137756,-0.129578,-1.2386,338.2309,0
12.1000,2651536,0.713318,-0.674866,0.137817,-0.129517,-1.2493,338.2303,0
12.1100,2651546,0.713379,-0.674805,0.137878,-0.129456,-1.2609,338.2306,0
12.1200,2651556,0.713440,-0.674744,0.137878,-0.129517,-1.2580,338.2253,0
12.1300,2651566,0.713440,-0.674744,0.137817,-0.129517,-1.2530,338.2304,0
12.1400,2651576,0.713379,-0.674744,0.137817,-0.129456,-1.2568,338.2366,0
12.1500,2651586,0.713379,-0.674866,0.137695,-0.129456,-1.2450,338.2450,0
12.1600,2651596,0.713440,-0.674805,0.137390,-0.129639,-1.2078,338.2546,0
12.1700,2651606,0.713440,-0.674805,0.137268,-0.129700,-1.1930,338.2595,0
12.1800,2651616,0.713440,-0.674805,0.137207,-0.129822,-1.1786,338.2539,0
12.1900,2651626,0.713379,-0.674866,0.137146,-0.129883,-1.1670,338.2537,0
12.2000,2651636,0.713257,-0.674988,0.137207,-0.129883,-1.1683,338.2485,0
12.2100,2651646,0.713196,-0.675049,0.137207,-0.129883,-1.1664,338.2484,0
12.2200,2651656,0.713257,-0.674988,0.137146,-0.129883,-1.1633,338.2536,0
12.2300,2651666,0.713440,-0.674744,0.137207,-0.129883,-1.1748,338.2495,0
12.2400,2651676,0.713623,-0.674561,0.137207,-0.129883,-1.1804,338.2497,0
12.2500,2651686,0.713806,-0.674438,0.137207,-0.129883,-1.1851,338.2489,0
12.2600,2651696,0.713806,-0.674377,0.137268,-0.129822,-1.1957,338.2500,0
12.2700,2651706,0.713745,-0.674438,0.137329,-0.129761,-1.2036,338.2502,0
12.2800,2651716,0.713745,-0.674500,0.137329,-0.129761,-1.2027,338.2493,0
12.2900,2651726,0.713745,-0.674438,0.137268,-0.129700,-1.2033,338.2606,0
12.3000,2651736,0.713806,-0.674377,0.137207,-0.129700,-1.2002,338.2657,0
12.3100,2651746,0.713867,-0.674377,0.137146,-0.129700,-1.1961,338.2700,0
12.3200,2651756,0.713806,-0.674438,0.137146,-0.129700,-1.1943,338.2700,0
12.3300,2651766,0.713745,-0.674500,0.137146,-0.129700,-1.1924,338.2699,0
12.3400,2651776,0.713684,-0.674561,0.137146,-0.129700,-1.1905,338.2699,0
12.3500,2651786,0.713684,-0.674561,0.137146,-0.129700,-1.1905,338.2699,0
12.3600,2651796,0.713745,-0.674500,0.137146,-0.129700,-1.1924,338.2699,0
12.3700,2651806,0.713806,-0.674438,0.137085,-0.129700,-1.1893,338.2751,0
12.3800,2651816,0.713806,-0.674438,0.137085,-0.129761,-1.1846,338.2697,0
12.3900,2651826,0.713867,-0.674377,0.137085,-0.129761,-1.1864,338.2698,0
12.4000,2651836,0.713867,-0.674377,0.137024,-0.129822,-1.1767,338.2696,0
12.4100,2651846,0.713928,-0.674316,0.136963,-0.129822,-1.1736,338.2747,0
12.4200,2651856,0.713867,-0.674316,0.136963,-0.129822,-1.1726,338.2755,0
12.4300,2651866,0.713928,-0.674316,0.136963,-0.129883,-1.1689,338.2694,0
12.4400,2651876,0.713989,-0.674255,0.136963,-0.129883,-1.1707,338.2694,0
12.4500,2651886,0.714111,-0.674133,0.136841,-0.129822,-1.1692,338.2850,0
12.4600,2651896,0.714233,-0.674011,0.136780,-0.129822,-1.1679,338.2902,0
12.4700,2651906,0.714233,-0.674011,0.136719,-0.129761,-1.1676,338.3006,0
12.4800,2651916,0.714172,-0.674072,0.136719,-0.129761,-1.1658,338.3006,0
12.4900,2651926,0.714050,-0.674194,0.136719,-0.129761,-1.1621,338.3005,0
12.5000,2651936,0.714050,-0.674255,0.136719,-0.129761,-1.1611,338.2996,0
12.5100,2651946,0.714050,-0.674255,0.136719,-0.129761,-1.1611,338.2996,0
12.5200,2651956,0.714050,-0.674255,0.136719,-0.129761,-1.1611,338.2996,0
12.5300,2651966,0.714050,-0.674255,0.136719,-0.129761,-1.1611,338.2996,0
12.5400,2651976,0.713989,-0.674316,0.136719,-0.129761,-1.1593,338.2995,0
12.5500,2651986,0.713989,-0.674316,0.136719,-0.129761,-1.1593,338.2995,0
12.5600,2651996,0.714050,-0.674255,0.136658,-0.129822,-1.1514,338.2993,0
12.5700,2652006,0.714111,-0.674133,0.136658,-0.129822,-1.1542,338.3003,0
12.5800,2652016,0.714233,-0.674072,0.136658,-0.129822,-1.1570,338.2995,0
12.5900,2652026,0.714172,-0.674133,0.136597,-0.129883,-1.1454,338.2992,0
12.6000,2652036,0.714050,-0.674255,0.136597,-0.130005,-1.1323,338.2885,0
12.6100,2652046,0.713867,-0.674377,0.136597,-0.130066,-1.1229,338.2840,0
12.6200,2652056,0.713806,-0.674438,0.136658,-0.130127,-1.1213,338.2735,0
12.6300,2652066,0.713806,-0.674438,0.136658,-0.130127,-1.1213,338.2735,0
12.6400,2652076,0.713806,-0.674377,0.136719,-0.130127,-1.1272,338.2693,0
12.6500,2652086,0.713806,-0.674438,0.136780,-0.130188,-1.1266,338.2580,0
12.6600,2652096,0.713745,-0.674438,0.136902,-0.130249,-1.1309,338.2434,0
12.6700,2652106,0.713623,-0.674500,0.136902,-0.130371,-1.1186,338.2336,0
12.6800,2652116,0.713623,-0.674500,0.136841,-0.130493,-1.1042,338.2280,0
12.6900,2652126,0.713684,-0.674438,0.136719,-0.130615,-1.0866,338.2276,0
12.7000,2652136,0.713806,-0.674316,0.136414,-0.130920,-1.0418,338.2266,0
12.7100,2652146,0.713745,-0.674377,0.136475,-0.131042,-1.0355,338.2108,0
12.7200,2652156,0.713623,-0.674500,0.136597,-0.131104,-1.0370,338.1952,0
12.7300,2652166,0.713440,-0.674622,0.136658,-0.131165,-1.0326,338.1856,0
12.7400,2652176,0.713440,-0.674622,0.136719,-0.131165,-1.0376,338.1805,0
12.7500,2652186,0.713440,-0.674622,0.136719,-0.131226,-1.0329,338.1752,0
12.7600,2652196,0.713562,-0.674500,0.136658,-0.131226,-1.0316,338.1804,0
12.7700,2652206,0.713684,-0.674377,0.136597,-0.131226,-1.0304,338.1855,0
12.7800,2652216,0.713684,-0.674377,0.136597,-0.131226,-1.0304,338.1855,0
12.7900,2652226,0.713745,-0.674316,0.136597,-0.131287,-1.0275,338.1802,0
12.8000,2652236,0.713745,-0.674316,0.136536,-0.131287,-1.0225,338.1853,0
12.8100,2652246,0.713806,-0.674255,0.136536,-0.131287,-1.0244,338.1854,0
12.8200,2652256,0.713806,-0.674255,0.136536,-0.131287,-1.0244,338.1854,0
12.8300,2652266,0.713867,-0.674194,0.136536,-0.131287,-1.0263,338.1854,0
12.8400,2652276,0.713867,-0.674194,0.136536,-0.131348,-1.0216,338.1801,0
12.8500,2652286,0.713867,-0.674194,0.136475,-0.131287,-1.0213,338.1905,0
12.8600,2652296,0.713806,-0.674316,0.136475,-0.131287,-1.0185,338.1896,0
12.8700,2652306,0.713684,-0.674377,0.136475,-0.131287,-1.0157,338.1904,0
12.8800,2652316,0.713562,-0.674500,0.136475,-0.131287,-1.0119,338.1903,0
12.8900,2652326,0.713440,-0.674622,0.136536,-0.131287,-1.0132,338.1852,0
12.9000,2652336,0.713440,-0.674622,0.136597,-0.131226,-1.0229,338.1854,0
12.9100,2652346,0.713440,-0.674622,0.136658,-0.131165,-1.0326,338.1856,0
12.9200,2652356,0.713562,-0.674500,0.136719,-0.131042,-1.0508,338.1912,0
12.9300,2652366,0.713745,-0.674316,0.136780,-0.130981,-1.0661,338.1916,0
12.9400,2652376,0.713867,-0.674194,0.136780,-0.130859,-1.0793,338.2023,0
12.9500,2652386,0.713928,-0.674133,0.136780,-0.130737,-1.0906,338.2129,0
12.9600,2652396,0.713806,-0.674316,0.136780,-0.130737,-1.0859,338.2120,0
12.9700,2652406,0.713684,-0.674438,0.136841,-0.130737,-1.0872,338.2068,854
12.9800,2652416,0.713623,-0.674438,0.136841,-0.130737,-1.0862,338.2076,0
12.9900,2652426,0.713501,-0.674561,0.137085,-0.130920,-1.0883,338.1713,0
13.0000,2652436,0.713440,-0.674561,0.137146,-0.130981,-1.0876,338.1617,0
13.0100,2652446,0.713623,-0.674377,0.137146,-0.130981,-1.0932,338.1618,0
13.0200,2652456,0.713745,-0.674255,0.137146,-0.130981,-1.0970,338.1619,0
13.0300,2652466,0.713867,-0.674133,0.137085,-0.131042,-1.0910,338.1617,0
13.0400,2652476,0.713867,-0.674133,0.137085,-0.131042,-1.0910,338.1617,0
13.0500,2652486,0.713867,-0.674133,0.137085,-0.131042,-1.0910,338.1617,0
13.0600,2652496,0.713806,-0.674194,0.137207,-0.130981,-1.1038,338.1568,0
13.0700,2652506,0.713684,-0.674255,0.137268,-0.130981,-1.1060,338.1526,0
13.0800,2652516,0.713623,-0.674316,0.137329,-0.131042,-1.1044,338.1421,0
13.0900,2652526,0.713562,-0.674377,0.137390,-0.130981,-1.1122,338.1423,0
13.1000,2652536,0.713623,-0.674316,0.137390,-0.130981,-1.1141,338.1423,0
13.1100,2652546,0.713745,-0.674194,0.137390,-0.130981,-1.1179,338.1424,0
13.1200,2652556,0.713867,-0.674072,0.137390,-0.130981,-1.1216,338.1425,0
13.1300,2652566,0.713867,-0.674011,0.137451,-0.131042,-1.1228,338.1330,0
13.1400,2652576,0.713745,-0.674133,0.137573,-0.131104,-1.1243,338.1174,0
13.1500,2652586,0.713623,-0.674194,0.137695,-0.131165,-1.1268,338.1027,0
13.1600,2652596,0.713501,-0.674316,0.137756,-0.131287,-1.1185,338.0869,0
13.1700,2652606,0.713379,-0.674377,0.137817,-0.131470,-1.1065,338.0667,0
13.1800,2652616,0.713379,-0.674316,0.137878,-0.131653,-1.0983,338.0465,0
13.1900,2652626,0.713440,-0.674255,0.137878,-0.131775,-1.0908,338.0359,0
13.2000,2652636,0.713501,-0.674194,0.137817,-0.131958,-1.0735,338.0251,0
13.2100,2652646,0.713562,-0.674133,0.137756,-0.132019,-1.0657,338.0249,0
13.2200,2652656,0.713562,-0.674072,0.137695,-0.132080,-1.0569,338.0256,0
13.2300,2652666,0.713623,-0.674072,0.137634,-0.132141,-1.0482,338.0245,0
13.2400,2652676,0.713562,-0.674133,0.137573,-0.132202,-1.0366,338.0242,0
13.2500,2652686,0.713379,-0.674255,0.137573,-0.132202,-1.0318,338.0250,0
13.2600,2652696,0.713257,-0.674438,0.137573,-0.132202,-1.0271,338.0240,0
13.2700,2652706,0.713196,-0.674500,0.137634,-0.132202,-1.0302,338.0189,0
13.2800,2652716,0.713196,-0.674500,0.137634,-0.132202,-1.0302,338.0189,0
13.2900,2652726,0.713318,-0.674377,0.137573,-0.132202,-1.0290,338.0241,0
13.3000,2652736,0.713318,-0.674377,0.137573,-0.132202,-1.0290,338.0241,0
13.3100,2652746,0.713318,-0.674377,0.137573,-0.132202,-1.0290,338.0241,0
13.3200,2652756,0.713318,-0.674377,0.137573,-0.132202,-1.0290,338.0241,0
13.3300,2652766,0.713318,-0.674377,0.137573,-0.132202,-1.0290,338.0241,0
13.3400,2652776,0.713379,-0.674316,0.137573,-0.132202,-1.0309,338.0241,0
13.3500,2652786,0.713440,-0.674194,0.137573,-0.132202,-1.0337,338.0250,0
13.3600,2652796,0.713562,-0.674133,0.137512,-0.132202,-1.0316,338.0293,0
13.3700,2652806,0.713623,-0.674072,0.137451,-0.132202,-1.0285,338.0344,0
13.3800,2652816,0.713623,-0.674072,0.137451,-0.132202,-1.0285,338.0344,0
13.3900,2652826,0.713562,-0.674133,0.137451,-0.132141,-1.0313,338.0397,0
13.4000,2652836,0.713501,-0.674194,0.137451,-0.132141,-1.0294,338.0397,0
13.4100,2652846,0.713501,-0.674194,0.137512,-0.132202,-1.0297,338.0293,0
13.4200,2652856,0.713562,-0.674133,0.137573,-0.132263,-1.0318,338.0189,0
13.4300,2652866,0.713501,-0.674133,0.137634,-0.132324,-1.0312,338.0093,0
13.4400,2652876,0.713501,-0.674072,0.137695,-0.132385,-1.0324,337.9998,0
13.4500,2652886,0.713501,-0.674072,0.137817,-0.132507,-1.0329,337.9790,0
13.4600,2652896,0.713501,-0.674011,0.137939,-0.132629,-1.0344,337.9590,0
13.4700,2652906,0.713562,-0.673950,0.138000,-0.132751,-1.0318,337.9433,0
13.4800,2652916,0.713562,-0.673889,0.138123,-0.132812,-1.0380,337.9287,0
13.4900,2652926,0.713379,-0.674011,0.138184,-0.132874,-1.0336,337.9191,0
13.5000,2652936,0.713318,-0.674133,0.138245,-0.132812,-1.0404,337.9184,0
13.5100,2652946,0.713257,-0.674194,0.138184,-0.132751,-1.0383,337.9288,0
13.5200,2652956,0.713257,-0.674194,0.138123,-0.132690,-1.0380,337.9392,0
13.5300,2652966,0.713318,-0.674194,0.138000,-0.132629,-1.0337,337.9539,0
13.5400,2652976,0.713379,-0.674133,0.137939,-0.132568,-1.0353,337.9643,0
13.5500,2652986,0.713379,-0.674194,0.137817,-0.132507,-1.0291,337.9789,0
13.5600,2652996,0.713440,-0.674194,0.137756,-0.132446,-1.0298,337.9885,0
13.5700,2653006,0.713440,-0.674194,0.137695,-0.132385,-1.0295,337.9989,0
13.5800,2653016,0.713440,-0.674194,0.137695,-0.132263,-1.0390,338.0095,0
13.5900,2653026,0.713501,-0.674133,0.137695,-0.132202,-1.0456,338.0149,0
13.6000,2653036,0.713623,-0.674072,0.137634,-0.132202,-1.0434,338.0192,0
13.6100,2653046,0.713684,-0.673950,0.137573,-0.132202,-1.0413,338.0252,0
13.6200,2653056,0.713745,-0.673889,0.137573,-0.132202,-1.0431,338.0252,0
13.6300,2653066,0.713745,-0.673889,0.137634,-0.132263,-1.0434,338.0148,0
13.6400,2653076,0.713745,-0.673889,0.137695,-0.132324,-1.0437,338.0044,0
13.6500,2653086,0.713684,-0.673889,0.137756,-0.132385,-1.0430,337.9948,0
13.6600,2653096,0.713684,-0.673889,0.137756,-0.132385,-1.0430,337.9948,0
13.6700,2653106,0.713745,-0.673828,0.137756,-0.132385,-1.0449,337.9949,0
13.6800,2653116,0.713745,-0.673828,0.137756,-0.132385,-1.0449,337.9949,0
13.6900,2653126,0.713745,-0.673828,0.137817,-0.132324,-1.0546,337.9951,0
13.7000,2653136,0.713806,-0.673828,0.137939,-0.132141,-1.0797,338.0000,0
13.7100,2653146,0.713867,-0.673767,0.138062,-0.131897,-1.1104,338.0112,0
13.7200,2653156,0.713867,-0.673767,0.138245,-0.131592,-1.1490,338.0225,0
13.7300,2653166,0.713928,-0.673706,0.138367,-0.131287,-1.1844,338.0389,0
13.7400,2653176,0.714050,-0.673645,0.138550,-0.130981,-1.2258,338.0494,0
13.7500,2653186,0.714172,-0.673523,0.138733,-0.130676,-1.2681,338.0608,0
13.7600,2653196,0.714294,-0.673401,0.139099,-0.130249,-1.3349,338.0676,0
13.7700,2653206,0.714294,-0.673401,0.139343,-0.130066,-1.3690,338.0631,0
13.7800,2653216,0.714233,-0.673462,0.139587,-0.129883,-1.4012,338.0586,0
13.7900,2653226,0.714172,-0.673462,0.139893,-0.129761,-1.4347,338.0446,0
13.8000,2653236,0.714111,-0.673462,0.140198,-0.129578,-1.4728,338.0359,0
13.8100,2653246,0.714111,-0.673462,0.140564,-0.129395,-1.5169,338.0211,0
13.8200,2653256,0.714050,-0.673523,0.140991,-0.129211,-1.5641,338.0013,0
13.8300,2653266,0.713989,-0.673462,0.141418,-0.128967,-1.6179,337.9885,0
13.8400,2653276,0.713989,-0.673462,0.141785,-0.128723,-1.6667,337.9791,0
13.8500,2653286,0.713989,-0.673401,0.142212,-0.128479,-1.7214,337.9654,0
13.8600,2653296,0.713989,-0.673401,0.142578,-0.128174,-1.7749,337.9612,0
13.8700,2653306,0.713928,-0.673462,0.142883,-0.127869,-1.8216,337.9621,0
13.8800,2653316,0.713806,-0.673584,0.143127,-0.127563,-1.8614,337.9679,0
13.8900,2653326,0.713684,-0.673645,0.143555,-0.127258,-1.9170,337.9593,0
13.9000,2653336,0.713562,-0.673767,0.143982,-0.126831,-1.9812,337.9602,0
13.9100,2653346,0.713501,-0.673828,0.144470,-0.126404,-2.0522,337.9561,0
13.9200,2653356,0.713501,-0.673828,0.145020,-0.125854,-2.1396,337.9576,0
13.9300,2653366,0.713623,-0.673706,0.145508,-0.125305,-2.2258,337.9644,0
13.9400,2653376,0.713684,-0.673584,0.146118,-0.124756,-2.3210,337.9617,0
13.9500,2653386,0.713806,-0.673462,0.146729,-0.124268,-2.4124,337.9529,0
13.9600,2653396,0.713806,-0.673401,0.147400,-0.123718,-2.5107,337.9448,0
13.9700,2653406,0.713745,-0.673340,0.148132,-0.123169,-2.6129,337.9323,0
13.9800,2653416,0.713745,-0.673340,0.148804,-0.122681,-2.7056,337.9179,0
13.9900,2653426,0.713684,-0.673340,0.149475,-0.122131,-2.8020,337.9095,0
14.0000,2653436,0.713684,-0.673279,0.150146,-0.121643,-2.8955,337.8959,0
14.0100,2653446,0.713745,-0.673218,0.150696,-0.121094,-2.9848,337.8970,0
14.0200,2653456,0.713745,-0.673157,0.151184,-0.120544,-3.0681,337.9041,0
14.0300,2653466,0.713501,-0.673401,0.152466,-0.119202,-3.2692,337.9105,0
14.0400,2653476,0.713318,-0.673584,0.153198,-0.118286,-3.3943,337.9266,0
14.0500,2653486,0.713196,-0.673706,0.153931,-0.117310,-3.5260,337.9480,0
14.0600,2653496,0.713074,-0.673828,0.154663,-0.116333,-3.6577,337.9692,0
14.0700,2653506,0.713074,-0.673828,0.155396,-0.115234,-3.8027,338.0012,0
14.0800,2653516,0.713135,-0.673828,0.156128,-0.114197,-3.9441,338.0271,0
14.0900,2653526,0.713135,-0.673828,0.156799,-0.113098,-4.0841,338.0641,0
14.1000,2653536,0.713135,-0.673889,0.157471,-0.112000,-4.2234,338.0999,0
14.1100,2653546,0.713013,-0.674011,0.158081,-0.110901,-4.3547,338.1412,0
14.1200,2653556,0.712830,-0.674255,0.158752,-0.109741,-4.4931,338.1810,0
14.1300,2653566,0.712524,-0.674622,0.159485,-0.108582,-4.6329,338.2147,0
14.1400,2653576,0.712158,-0.674988,0.160339,-0.107300,-4.7910,338.2487,0
14.1500,2653586,0.711792,-0.675354,0.161316,-0.106018,-4.9593,338.2719,0
14.1600,2653596,0.711365,-0.675720,0.162476,-0.104736,-5.1414,338.2797,0
14.1700,2653606,0.710999,-0.676025,0.163635,-0.103455,-5.3255,338.2874,0
14.1800,2653616,0.710693,-0.676208,0.164856,-0.102173,-5.5172,338.2908,0
14.1900,2653626,0.710510,-0.676331,0.166016,-0.100891,-5.7069,338.2989,0
14.2000,2653636,0.710388,-0.676392,0.167236,-0.099609,-5.9036,338.3018,0
14.2100,2653646,0.710327,-0.676331,0.168274,-0.098267,-6.0927,338.3271,0
14.2200,2653656,0.710388,-0.676270,0.169312,-0.096863,-6.2890,338.3560,0
14.2300,2653666,0.710388,-0.676147,0.170349,-0.095398,-6.4895,338.3915,0
14.2400,2653676,0.710449,-0.676086,0.171387,-0.093933,-6.6907,338.4251,0
14.2500,2653686,0.710449,-0.676025,0.172424,-0.092407,-6.8955,338.4642,0
14.2600,2653696,0.710327,-0.676025,0.173523,-0.090820,-7.1070,338.5029,0
14.2700,2653706,0.710205,-0.676147,0.174683,-0.089111,-7.3319,338.5439,0
14.2800,2653716,0.710022,-0.676270,0.175781,-0.087341,-7.5554,338.5956,0
14.2900,2653726,0.710144,-0.676025,0.177979,-0.083679,-8.0271,338.7129,0
14.3000,2653736,0.710571,-0.675537,0.179016,-0.081787,-8.2740,338.7854,0
14.3100,2653746,0.711060,-0.674988,0.180054,-0.079834,-8.5275,338.8637,0
14.3200,2653756,0.711426,-0.674500,0.181091,-0.077759,-8.7875,338.9520,0
14.3300,2653766,0.711731,-0.674194,0.182190,-0.075623,-9.0544,339.0369,0
14.3400,2653776,0.711792,-0.674133,0.183228,-0.073486,-9.3091,339.1241,0
14.3500,2653786,0.711792,-0.674072,0.184204,-0.071350,-9.5576,339.2169,0
14.3600,2653796,0.711853,-0.673950,0.185181,-0.069214,-9.8081,339.3102,0
14.3700,2653806,0.712036,-0.673706,0.186035,-0.067139,-10.0475,339.4105,0
14.3800,2653816,0.712341,-0.673401,0.186890,-0.065063,-10.2900,339.5111,0
14.3900,2653826,0.712646,-0.672974,0.187744,-0.062988,-10.5336,339.6141,0
14.4000,2653836,0.713135,-0.672485,0.188599,-0.060730,-10.7960,339.7323,0
14.4100,2653846,0.713623,-0.671875,0.189453,-0.058411,-11.0641,339.8582,0
14.4200,2653856,0.714111,-0.671326,0.190430,-0.055908,-11.3564,339.9872,0
14.4300,2653866,0.714478,-0.670776,0.191528,-0.053345,-11.6610,340.1112,0
14.4400,2653876,0.714661,-0.670471,0.192688,-0.050781,-11.9652,340.2256,0
14.4500,2653886,0.714722,-0.670288,0.193848,-0.048157,-12.2710,340.3429,0
14.4600,2653896,0.714783,-0.670044,0.195068,-0.045654,-12.5729,340.4457,0
14.4700,2653906,0.714905,-0.669739,0.196167,-0.043213,-12.8617,340.5551,0
14.4800,2653916,0.715210,-0.669250,0.197144,-0.040833,-13.1407,340.6734,0
14.4900,2653926,0.715759,-0.668579,0.198059,-0.038452,-13.4212,340.8003,0
14.5000,2653936,0.716431,-0.667725,0.198975,-0.036194,-13.6959,340.9208,0
14.5100,2653946,0.717102,-0.666870,0.199829,-0.033936,-13.9653,341.0471,0
14.5200,2653956,0.717773,-0.665955,0.200806,-0.031616,-14.2502,341.1693,0
14.5300,2653966,0.718140,-0.665344,0.201782,-0.029358,-14.5219,341.2809,0
14.5400,2653976,0.718384,-0.664856,0.202759,-0.027039,-14.7951,341.3952,0
