# Sesion:2 Fecha:2026-04-16 14:46:50 Shots:4 Duracion:94,06s
tSeg,ms,qw,qx,qy,qz,filteredElev,filteredYaw,shot
0.0000,141416,-0.439148,0.788879,-0.342041,0.260437,108.7749,172.6436,0
0.0100,141426,-0.453857,0.779297,-0.335388,0.272461,110.3903,166.7413,0
0.0200,141436,-0.467285,0.770142,-0.329346,0.282898,111.5849,161.2941,0
0.0300,141446,-0.480103,0.761414,-0.323547,0.291687,112.3559,156.1918,0
0.0400,141456,-0.490784,0.754150,-0.318542,0.298218,112.6759,151.3910,0
0.0500,141466,-0.498779,0.748535,-0.314758,0.303040,112.8391,146.8101,0
0.0600,141476,-0.505676,0.743591,-0.311157,0.307495,112.9572,142.4663,0
0.0700,141486,-0.511963,0.738525,-0.308105,0.312378,113.0911,138.4008,0
0.0800,141496,-0.524719,0.726685,-0.304016,0.322754,113.2525,134.6526,0
0.0900,141506,-0.530457,0.720215,-0.307373,0.324768,113.0423,131.6523,0
0.1000,141516,-0.537170,0.712769,-0.309937,0.327698,113.0238,128.7392,0
0.1100,141526,-0.543335,0.706238,-0.309692,0.331848,113.0452,125.6311,0
0.1200,141536,-0.549500,0.700378,-0.308105,0.335571,113.0499,122.5643,0
0.1300,141546,-0.555298,0.695190,-0.305847,0.338745,112.9967,119.5997,0
0.1400,141556,-0.560608,0.690674,-0.303162,0.341797,112.8805,116.7155,0
0.1500,141566,-0.565674,0.686340,-0.300476,0.344482,112.7298,113.9695,0
0.1600,141576,-0.570190,0.682068,-0.298462,0.347229,112.5143,111.3957,0
0.1700,141586,-0.574463,0.677917,-0.296875,0.349731,112.2608,108.9791,0
0.1800,141596,-0.578491,0.673645,-0.295410,0.352539,112.0070,106.6711,0
0.1900,141606,-0.582275,0.669800,-0.294800,0.354065,111.6461,104.6016,0
0.2000,141616,-0.586487,0.666138,-0.294739,0.354187,111.2361,102.7613,0
0.2100,141626,-0.591064,0.661987,-0.293945,0.355042,110.9523,100.9202,0
0.2200,141636,-0.596313,0.657349,-0.291626,0.356750,110.8513,99.0383,0
0.2300,141646,-0.600647,0.653687,-0.289551,0.357849,110.5870,97.2352,0
0.2400,141656,-0.603455,0.651489,-0.288391,0.358154,110.0513,95.5137,0
0.2500,141666,-0.605469,0.649658,-0.287659,0.358582,109.4482,93.8532,0
0.2600,141676,-0.606934,0.648010,-0.287781,0.359070,108.7769,92.2998,0
0.2700,141686,-0.607910,0.646606,-0.289063,0.358887,108.0065,90.9252,0
0.2800,141696,-0.608704,0.645020,-0.291809,0.358215,107.1701,89.7397,0
0.2900,141706,-0.609741,0.643005,-0.295532,0.356934,106.3306,88.7276,0
0.3000,141716,-0.611267,0.640869,-0.299927,0.354553,105.4690,87.9594,0
0.3100,141726,-0.612976,0.638672,-0.304565,0.351501,104.6298,87.2002,0
0.3200,141736,-0.614868,0.636536,-0.308960,0.348267,103.8505,86.3713,0
0.3300,141746,-0.617004,0.634460,-0.312378,0.345215,103.1316,85.4422,0
0.3400,141756,-0.619141,0.632629,-0.314758,0.342651,102.8642,84.9401,0
0.3500,141766,-0.625244,0.627075,-0.317932,0.338745,103.2387,85.3995,0
0.3600,141776,-0.638489,0.614441,-0.324524,0.330933,104.0239,85.3979,0
0.3700,141786,-0.663940,0.589233,-0.331177,0.319885,104.0138,85.2045,0
0.3800,141796,-0.665527,0.585937,-0.338928,0.314514,102.7011,84.5661,0
0.3900,141806,-0.664246,0.584351,-0.345032,0.313416,101.3339,83.3615,0
0.4000,141816,-0.663513,0.583984,-0.348328,0.312073,100.0490,82.0143,0
0.4100,141826,-0.662476,0.584656,-0.350098,0.310974,98.7841,80.5602,0
0.4200,141836,-0.661621,0.584839,-0.351624,0.310669,97.6724,79.1267,0
0.4300,141846,-0.660645,0.585266,-0.353577,0.309814,96.5412,77.8265,0
0.4400,141856,-0.659302,0.586304,-0.355225,0.308777,95.3998,76.5414,0
0.4500,141866,-0.658203,0.587585,-0.356384,0.307434,94.3062,75.3041,0
0.4600,141876,-0.657288,0.588867,-0.356995,0.306274,93.3118,74.0827,0
0.4700,141886,-0.656250,0.590576,-0.357300,0.304749,92.3160,72.8965,0
0.4800,141896,-0.655029,0.592957,-0.357666,0.302429,91.2755,71.7868,0
0.4900,141906,-0.654114,0.595276,-0.357666,0.299744,90.3016,70.7292,0
0.5000,141916,-0.653320,0.597656,-0.357544,0.296814,89.3732,69.7177,0
0.5100,141926,-0.653992,0.598694,-0.356201,0.294922,88.7739,68.6883,0
0.5200,141936,-0.654785,0.599426,-0.354919,0.293335,88.2396,67.6919,0
0.5300,141946,-0.655518,0.600098,-0.353638,0.291809,87.7365,66.7143,0
0.5400,141956,-0.656189,0.600708,-0.352417,0.290344,87.2569,65.7718,0
0.5500,141966,-0.656982,0.601257,-0.351196,0.289001,86.8179,64.8726,0
0.5600,141976,-0.657959,0.601257,-0.349976,0.288269,86.4121,64.0014,0
0.5700,141986,-0.658325,0.601562,-0.349365,0.287537,86.0153,63.1681,0
0.5800,141996,-0.658630,0.601746,-0.348816,0.286987,85.6306,62.3684,0
0.5900,142006,-0.658936,0.602051,-0.348328,0.286377,85.2632,61.6074,0
0.6000,142016,-0.659058,0.602112,-0.348145,0.286072,84.9035,60.8877,0
0.6100,142026,-0.658691,0.601929,-0.348938,0.286499,84.5731,60.1943,0
0.6200,142036,-0.658203,0.601624,-0.349731,0.287231,84.2337,59.5487,0
0.6300,142046,-0.657898,0.601746,-0.350037,0.287354,83.9053,58.9386,0
0.6400,142056,-0.658020,0.602112,-0.349731,0.286682,83.6075,58.3477,0
0.6500,142066,-0.659363,0.603333,-0.347229,0.283936,83.3437,57.7704,0
0.6600,142076,-0.659851,0.603516,-0.346436,0.283386,83.1227,57.1984,0
0.6700,142086,-0.659912,0.603455,-0.346436,0.283386,82.8980,56.6550,0
0.6800,142096,-0.659729,0.603333,-0.346741,0.283813,82.6797,56.1366,0
0.6900,142106,-0.659363,0.603027,-0.347351,0.284546,82.4783,55.6497,0
0.7000,142116,-0.659302,0.603088,-0.347412,0.284485,82.2655,55.2050,0
0.7100,142126,-0.659729,0.603455,-0.346680,0.283630,82.0605,54.7816,0
0.7200,142136,-0.660217,0.603149,-0.346191,0.283691,81.9530,54.3545,0
0.7300,142146,-0.659729,0.602844,-0.347229,0.284180,81.7515,53.9963,0
0.7400,142156,-0.658508,0.603088,-0.348328,0.285095,81.4855,53.5968,0
0.7500,142166,-0.657959,0.603149,-0.348572,0.286133,81.3273,53.1868,0
0.7600,142176,-0.658630,0.603577,-0.347351,0.285095,81.1972,52.8691,0
0.7700,142186,-0.659485,0.604248,-0.345886,0.283447,81.0528,52.5708,0
0.7800,142196,-0.660461,0.604797,-0.344421,0.281860,80.9382,52.2802,0
0.7900,142206,-0.661377,0.605530,-0.342834,0.280090,80.8056,51.9848,0
0.8000,142216,-0.662292,0.606323,-0.341064,0.278259,80.6754,51.6804,0
0.8100,142226,-0.663391,0.606934,-0.339355,0.276367,80.5724,51.3680,0
0.8200,142236,-0.664368,0.607605,-0.337708,0.274536,80.4627,51.0561,0
0.8300,142246,-0.665588,0.608276,-0.335754,0.272583,80.3773,50.7388,0
0.8400,142256,-0.666504,0.608887,-0.334106,0.270813,80.2748,50.4281,0
0.8500,142266,-0.666992,0.609131,-0.333374,0.270020,80.1881,50.1290,0
0.8600,142276,-0.666809,0.609009,-0.333740,0.270386,80.0945,49.8323,0
0.8700,142286,-0.666870,0.608826,-0.333801,0.270508,80.0227,49.5553,0
0.8800,142296,-0.666992,0.608765,-0.333740,0.270447,79.9107,49.2850,0
0.8900,142306,-0.666748,0.608887,-0.333984,0.270508,79.8161,49.0282,0
0.9000,142316,-0.666626,0.608948,-0.334045,0.270447,79.7440,48.7922,0
0.9100,142326,-0.667114,0.609253,-0.333313,0.269592,79.6649,48.5545,0
0.9200,142336,-0.667480,0.609619,-0.332642,0.268799,79.5986,48.3189,0
0.9300,142346,-0.666870,0.609192,-0.333679,0.269836,79.5374,48.0966,0
0.9400,142356,-0.666443,0.608826,-0.334473,0.270813,79.4900,47.8886,0
0.9500,142366,-0.665466,0.608032,-0.336243,0.272766,79.4437,47.6950,0
0.9600,142376,-0.664368,0.607056,-0.338196,0.275085,79.4141,47.5221,0
0.9700,142386,-0.663696,0.606445,-0.339478,0.276550,79.3854,47.3840,0
0.9800,142396,-0.663391,0.605957,-0.340210,0.277588,79.3671,47.2681,0
0.9900,142406,-0.663025,0.605530,-0.340881,0.278381,79.3379,47.1672,0
1.0000,142416,-0.662537,0.605225,-0.341675,0.279297,79.2964,47.0796,0
1.0100,142426,-0.661987,0.604858,-0.342590,0.280273,79.2546,47.0045,0
1.0200,142436,-0.661560,0.604614,-0.343262,0.280945,79.2067,46.9460,0
1.0300,142446,-0.661194,0.604614,-0.343689,0.281311,79.1456,46.8923,0
1.0400,142456,-0.661011,0.604675,-0.343811,0.281433,79.0961,46.8419,0
1.0500,142466,-0.660950,0.604614,-0.343933,0.281616,79.0657,46.7995,0
1.0600,142476,-0.660767,0.604187,-0.344421,0.282227,79.0659,46.7679,0
1.0700,142486,-0.660522,0.603760,-0.345154,0.283081,79.0620,46.7423,0
1.0800,142496,-0.660034,0.603394,-0.345947,0.283875,79.0363,46.7195,0
1.0900,142506,-0.659790,0.603149,-0.346375,0.284363,79.0166,46.7118,0
1.1000,142516,-0.659668,0.603088,-0.346619,0.284607,78.9890,46.7047,0
1.1100,142526,-0.659485,0.602966,-0.346802,0.284912,78.9621,46.6998,0
1.1200,142536,-0.659241,0.602783,-0.347351,0.285339,78.9390,46.7130,0
1.1300,142546,-0.658630,0.602356,-0.348328,0.286438,78.9224,46.7276,0
1.1400,142556,-0.657532,0.601624,-0.350098,0.288330,78.9092,46.7608,0
1.1500,142566,-0.655823,0.600159,-0.353027,0.291748,78.9353,46.7888,0
1.1600,142576,-0.652832,0.597717,-0.357971,0.297363,78.9289,46.8639,0
1.1700,142586,-0.649536,0.595337,-0.363098,0.302979,78.9591,46.9815,0
1.1800,142596,-0.645813,0.592407,-0.368896,0.309631,78.9637,47.1531,0
1.1900,142606,-0.641418,0.589172,-0.375549,0.316895,78.9800,47.3930,0
1.2000,142616,-0.637878,0.586426,-0.380798,0.322754,78.9797,47.6731,0
1.2100,142626,-0.634827,0.584290,-0.385071,0.327515,78.9848,47.9802,0
1.2200,142636,-0.630615,0.581177,-0.390991,0.334229,79.0034,48.3339,0
1.2300,142646,-0.629089,0.579956,-0.393188,0.336609,79.0200,48.7000,0
1.2400,142656,-0.626831,0.578308,-0.396301,0.340027,79.0186,49.0602,0
1.2500,142666,-0.625183,0.577209,-0.398499,0.342285,79.0126,49.4504,0
1.2600,142676,-0.624207,0.576721,-0.399780,0.343384,78.9874,49.8526,0
1.2700,142686,-0.623474,0.576172,-0.400818,0.344421,78.9954,50.2352,0
1.2800,142696,-0.622864,0.575745,-0.401550,0.345398,79.0037,50.6014,0
1.2900,142706,-0.622375,0.575500,-0.402100,0.346008,79.0105,50.9634,0
1.3000,142716,-0.622437,0.575378,-0.402161,0.346130,79.0306,51.3173,0
1.3100,142726,-0.622681,0.575378,-0.401855,0.346008,79.0593,51.6581,0
1.3200,142736,-0.622986,0.575562,-0.401489,0.345581,79.0596,51.9853,0
1.3300,142746,-0.623108,0.576172,-0.401245,0.344604,78.9981,52.3089,0
1.3400,142756,-0.623596,0.576477,-0.400696,0.343933,79.0069,52.5970,0
1.3500,142766,-0.624390,0.576416,-0.400452,0.342834,79.0059,52.8587,0
1.3600,142776,-0.625122,0.576721,-0.399963,0.341553,78.9859,53.1044,0
1.3700,142786,-0.625610,0.577637,-0.399048,0.340088,78.9217,53.3241,0
1.3800,142796,-0.626404,0.578735,-0.397888,0.338196,78.8540,53.5139,0
1.3900,142806,-0.627563,0.580017,-0.396118,0.335876,78.8033,53.6646,0
1.4000,142816,-0.628723,0.581238,-0.394470,0.333557,78.7448,53.8027,0
1.4100,142826,-0.629333,0.582764,-0.393188,0.331177,78.6210,53.9112,0
1.4200,142836,-0.630859,0.583191,-0.391296,0.329834,78.7106,53.9677,0
1.4300,142846,-0.632324,0.583496,-0.389587,0.328552,78.7826,54.0356,0
1.4400,142856,-0.633606,0.583740,-0.388184,0.327271,78.8093,54.0731,0
1.4500,142866,-0.635559,0.584839,-0.385559,0.324707,78.7943,54.0831,0
1.4600,142876,-0.637573,0.586365,-0.382568,0.321472,78.7615,54.0643,0
1.4700,142886,-0.638611,0.587341,-0.380981,0.319580,78.7565,54.0279,0
1.4800,142896,-0.639404,0.587830,-0.379822,0.318298,78.7290,53.9990,0
1.4900,142906,-0.641479,0.589417,-0.376831,0.314758,78.5121,53.9514,0
1.5000,142916,-0.647827,0.596741,-0.365784,0.300598,78.3991,53.8239,0
1.5100,142926,-0.649597,0.596436,-0.363953,0.299744,78.5661,53.6237,0
1.5200,142936,-0.650574,0.597595,-0.362183,0.297485,78.5061,53.4285,0
1.5300,142946,-0.651306,0.598755,-0.360596,0.295349,78.4330,53.2183,0
1.5400,142956,-0.651917,0.599976,-0.359131,0.293396,78.3494,52.9965,0
1.5500,142966,-0.652466,0.600891,-0.357910,0.291748,78.2960,52.7750,0
1.5600,142976,-0.652771,0.601135,-0.357422,0.291199,78.2980,52.5459,0
1.5700,142986,-0.652893,0.600891,-0.357361,0.291443,78.3369,52.3152,0
1.5800,142996,-0.653076,0.600464,-0.357422,0.291809,78.3952,52.1034,0
1.5900,143006,-0.653015,0.600464,-0.357544,0.291870,78.3841,51.9044,0
1.6000,143016,-0.653198,0.600586,-0.357239,0.291504,78.3835,51.7189,0
1.6100,143026,-0.653442,0.601074,-0.356689,0.290771,78.3491,51.5387,0
1.6200,143036,-0.652283,0.602112,-0.357239,0.290405,78.1621,51.3414,0
1.6300,143046,-0.652222,0.602844,-0.356812,0.289551,78.0956,51.1709,0
1.6400,143056,-0.652405,0.603394,-0.356201,0.288757,78.0674,51.0003,0
1.6500,143066,-0.653198,0.603210,-0.355469,0.288269,78.1539,50.8470,0
1.6600,143076,-0.653992,0.603088,-0.354675,0.287781,78.2313,50.6865,0
1.6700,143086,-0.655212,0.602417,-0.353699,0.287598,78.3909,50.5302,0
1.6800,143096,-0.656128,0.601868,-0.352966,0.287537,78.5141,50.3745,0
1.6900,143106,-0.656677,0.601746,-0.352417,0.287231,78.5550,50.2211,0
1.7000,143116,-0.657288,0.601318,-0.351929,0.287231,78.5506,50.0706,0
1.7100,143126,-0.657654,0.601013,-0.351746,0.287354,78.5417,49.9278,0
1.7200,143136,-0.657837,0.600586,-0.351807,0.287720,78.5534,49.7810,0
1.7300,143146,-0.658020,0.599976,-0.351929,0.288391,78.5817,49.6358,0
1.7400,143156,-0.658325,0.599365,-0.351929,0.289063,78.6086,49.5021,0
1.7500,143166,-0.658813,0.598633,-0.351807,0.289551,78.6063,49.3892,0
1.7600,143176,-0.659058,0.598755,-0.351379,0.289307,78.6070,49.2898,0
1.7700,143186,-0.659668,0.599060,-0.350464,0.288452,78.6078,49.1848,0
1.7800,143196,-0.660339,0.599365,-0.349426,0.287476,78.5995,49.0765,0
1.7900,143206,-0.661133,0.599976,-0.347900,0.286072,78.5840,48.9560,0
1.8000,143216,-0.661072,0.600037,-0.347839,0.286255,78.5729,48.8262,0
1.8100,143226,-0.661011,0.600281,-0.347473,0.286316,78.5547,48.6882,0
1.8200,143236,-0.661438,0.600769,-0.346497,0.285461,78.5333,48.5743,0
1.8300,143246,-0.661987,0.601318,-0.345459,0.284302,78.5129,48.4776,0
1.8400,143256,-0.662415,0.601685,-0.344727,0.283447,78.4959,48.3830,0
1.8500,143266,-0.662659,0.601990,-0.344177,0.282837,78.4798,48.2791,0
1.8600,143276,-0.662659,0.602051,-0.344055,0.282837,78.4698,48.1645,0
1.8700,143286,-0.662537,0.601990,-0.344238,0.283081,78.4646,48.0616,0
1.8800,143296,-0.662781,0.601562,-0.344421,0.283264,78.4566,47.9687,0
1.8900,143306,-0.662842,0.601562,-0.344299,0.283203,78.4471,47.8821,0
1.9000,143316,-0.662964,0.601746,-0.344116,0.282837,78.4328,47.8075,0
1.9100,143326,-0.663208,0.601929,-0.343689,0.282288,78.4240,47.7315,0
1.9200,143336,-0.663391,0.602112,-0.343323,0.281921,78.4233,47.6485,0
1.9300,143346,-0.663452,0.602173,-0.343201,0.281860,78.4185,47.5690,0
1.9400,143356,-0.663574,0.602112,-0.343140,0.281677,78.4223,47.5017,0
1.9500,143366,-0.663696,0.602173,-0.343018,0.281433,78.4204,47.4291,0
1.9600,143376,-0.664062,0.602356,-0.342468,0.280823,78.4102,47.3490,0
1.9700,143386,-0.664551,0.602844,-0.341614,0.279785,78.3911,47.2665,0
1.9800,143396,-0.665222,0.603271,-0.340515,0.278564,78.3830,47.1814,0
1.9900,143406,-0.666138,0.603882,-0.338989,0.276917,78.3783,47.0877,0
2.0000,143416,-0.667236,0.604675,-0.337036,0.274841,78.3565,46.9794,0
2.0100,143426,-0.668274,0.605530,-0.335144,0.272705,78.3440,46.8573,0
2.0200,143436,-0.669128,0.606201,-0.333618,0.271057,78.3381,46.7236,0
2.0300,143446,-0.669800,0.606628,-0.332520,0.269897,78.3236,46.5850,0
2.0400,143456,-0.669983,0.606873,-0.332092,0.269348,78.3045,46.4480,0
2.0500,143466,-0.669861,0.606934,-0.332153,0.269348,78.2739,46.3204,0
2.0600,143476,-0.669678,0.607056,-0.332336,0.269348,78.2032,46.2004,0
2.0700,143486,-0.668945,0.607361,-0.333191,0.269470,78.1117,46.0883,0
2.0800,143496,-0.668640,0.607361,-0.333679,0.269775,78.0622,45.9778,0
2.0900,143506,-0.668518,0.606995,-0.334045,0.270203,78.0685,45.8741,0
2.1000,143516,-0.668579,0.606689,-0.334290,0.270508,78.0875,45.7763,0
2.1100,143526,-0.669128,0.606018,-0.334229,0.270813,78.1109,45.6882,0
2.1200,143536,-0.669434,0.605774,-0.333923,0.270996,78.1551,45.5879,0
2.1300,143546,-0.669434,0.606018,-0.333618,0.270691,78.1242,45.4943,0
2.1400,143556,-0.669556,0.606140,-0.333313,0.270447,78.1145,45.4099,0
2.1500,143566,-0.669739,0.606323,-0.332886,0.270081,78.1242,45.3320,0
2.1600,143576,-0.669983,0.606445,-0.332520,0.269775,78.1365,45.2590,0
2.1700,143586,-0.670288,0.606689,-0.331970,0.269287,78.1445,45.1829,0
2.1800,143596,-0.670837,0.606812,-0.331116,0.268616,78.1611,45.1038,0
2.1900,143606,-0.671265,0.606934,-0.330444,0.268066,78.1673,45.0290,0
2.2000,143616,-0.671448,0.607178,-0.329956,0.267456,78.1483,44.9583,0
2.2100,143626,-0.671387,0.607544,-0.329956,0.267090,78.0946,44.8892,0
2.2200,143636,-0.671204,0.607788,-0.330017,0.266785,78.0452,44.8205,0
2.2300,143646,-0.671204,0.607849,-0.330017,0.266663,78.0262,44.7504,0
2.2400,143656,-0.671204,0.607910,-0.329956,0.266602,78.0129,44.6803,0
2.2500,143666,-0.671204,0.607971,-0.330017,0.266541,77.9925,44.6108,0
2.2600,143676,-0.671265,0.607788,-0.330078,0.266663,77.9886,44.5484,0
2.2700,143686,-0.671204,0.607605,-0.330261,0.266907,77.9891,44.4826,0
2.2800,143696,-0.671143,0.607422,-0.330505,0.267151,78.0091,44.4268,0
2.2900,143706,-0.671204,0.607056,-0.330688,0.267578,78.0602,44.3709,0
2.3000,143716,-0.671326,0.606567,-0.330872,0.268127,78.1200,44.3210,0
2.3100,143726,-0.671570,0.606018,-0.331055,0.268677,78.1483,44.2821,0
2.3200,143736,-0.671631,0.605713,-0.331238,0.268921,78.1740,44.2433,0
2.3300,143746,-0.671692,0.605469,-0.331299,0.269165,78.1664,44.2161,0
2.3400,143756,-0.671631,0.605408,-0.331482,0.269348,78.1603,44.1904,0
2.3500,143766,-0.671509,0.604736,-0.332153,0.270203,78.1824,44.1679,0
2.3600,143776,-0.671509,0.604126,-0.332764,0.270996,78.2195,44.1564,0
2.3700,143786,-0.671326,0.603271,-0.333618,0.272095,78.2642,44.1519,0
2.3800,143796,-0.670959,0.602600,-0.334656,0.273254,78.2614,44.1546,0
2.3900,143806,-0.670959,0.601318,-0.335754,0.274841,78.3359,44.1653,0
2.4000,143816,-0.670776,0.599976,-0.337280,0.276306,78.3935,44.2207,0
2.4100,143826,-0.669983,0.598999,-0.339478,0.277649,78.3691,44.3202,0
2.4200,143836,-0.669189,0.598267,-0.341248,0.278992,78.3471,44.3869,0
2.4300,143846,-0.668823,0.598389,-0.341675,0.279114,78.2893,44.4294,0
2.4400,143856,-0.669495,0.598694,-0.340515,0.278198,78.2992,44.4660,0
2.4500,143866,-0.670105,0.599121,-0.339355,0.277283,78.2908,44.4931,0
2.4600,143876,-0.670410,0.600098,-0.338440,0.275452,78.1823,44.5413,0
2.4700,143886,-0.670898,0.601074,-0.337158,0.273743,78.1047,44.5561,0
2.4800,143896,-0.671509,0.602112,-0.335693,0.271790,78.0293,44.5582,0
2.4900,143906,-0.673279,0.602356,-0.333496,0.269531,78.0340,44.5269,0
2.5000,143916,-0.674194,0.603333,-0.331482,0.267517,77.9976,44.4732,0
2.5100,143926,-0.675415,0.604126,-0.329346,0.265320,78.0039,44.3993,0
2.5200,143936,-0.676575,0.604919,-0.327271,0.263062,77.9862,44.3220,0
2.5300,143946,-0.677185,0.605652,-0.325928,0.261475,77.9491,44.2296,0
2.5400,143956,-0.677917,0.605896,-0.324890,0.260376,77.9716,44.1339,0
2.5500,143966,-0.678467,0.605957,-0.324036,0.259827,78.0041,44.0202,0
2.5600,143976,-0.678772,0.606079,-0.323547,0.259460,78.0078,43.9025,0
2.5700,143986,-0.678589,0.606445,-0.323425,0.259155,77.9150,43.7979,0
2.5800,143996,-0.678101,0.606934,-0.323669,0.258972,77.8869,43.7032,0
2.5900,144006,-0.677917,0.607056,-0.323853,0.258911,77.8816,43.6186,0
2.6000,144016,-0.677979,0.606995,-0.323914,0.258850,77.8682,43.5146,0
2.6100,144026,-0.677795,0.607117,-0.323975,0.258972,77.8109,43.4265,0
2.6200,144036,-0.677490,0.607422,-0.324158,0.258850,77.9109,43.3435,0
2.6300,144046,-0.677124,0.607300,-0.324463,0.259644,77.8238,43.2280,0
2.6400,144056,-0.676208,0.607605,-0.325378,0.260193,77.7303,43.1531,0
2.6500,144066,-0.675537,0.607361,-0.326355,0.261230,77.7312,43.0848,0
2.6600,144076,-0.674988,0.607056,-0.327271,0.262268,77.7314,43.0335,0
2.6700,144086,-0.674805,0.606445,-0.327759,0.263611,77.8173,42.9626,0
2.6800,144096,-0.674866,0.605591,-0.328186,0.264709,77.9214,42.9325,0
2.6900,144106,-0.674866,0.605042,-0.328369,0.265930,78.0098,42.8789,0
2.7000,144116,-0.674866,0.604370,-0.328552,0.267029,78.0999,42.8443,0
2.7100,144126,-0.674744,0.603943,-0.328674,0.268188,78.1690,42.7994,0
2.7200,144136,-0.674805,0.603638,-0.328491,0.269104,78.2395,42.7612,0
2.7300,144146,-0.674805,0.603394,-0.328308,0.269836,78.2930,42.7437,0
2.7400,144156,-0.675049,0.603271,-0.328003,0.269836,78.3290,42.7752,0
2.7500,144166,-0.675537,0.603027,-0.327637,0.269470,78.3750,42.8380,0
2.7600,144176,-0.675720,0.603638,-0.326904,0.268616,78.3248,42.8569,0
2.7700,144186,-0.676208,0.604065,-0.325806,0.267761,78.3259,42.8592,0
2.7800,144196,-0.676880,0.604736,-0.324219,0.266479,78.3276,42.8530,0
2.7900,144206,-0.677551,0.605469,-0.322937,0.264771,78.2924,42.8608,0
2.8000,144216,-0.678711,0.605225,-0.321533,0.263916,78.4003,42.8506,0
2.8100,144226,-0.679443,0.605286,-0.320496,0.263245,78.4457,42.8107,0
2.8200,144236,-0.679993,0.605286,-0.320007,0.262207,78.4489,42.8307,0
2.8300,144246,-0.680237,0.605652,-0.319519,0.261475,78.4133,42.7978,0
2.8400,144256,-0.680664,0.605774,-0.319153,0.260559,78.3924,42.7956,0
2.8500,144266,-0.681335,0.605835,-0.318726,0.259277,78.3658,42.8179,0
2.8600,144276,-0.681763,0.605835,-0.318604,0.258179,78.3457,42.8145,0
2.8700,144286,-0.682129,0.605774,-0.318604,0.257385,78.3063,42.7505,0
2.8800,144296,-0.682251,0.606018,-0.318298,0.256836,78.2748,42.6870,0
2.8900,144306,-0.682434,0.606262,-0.317932,0.256226,78.2413,42.6187,0
2.9000,144316,-0.682678,0.606506,-0.317444,0.255554,78.2160,42.5442,0
2.9100,144326,-0.682922,0.606812,-0.316895,0.254944,78.2021,42.4689,0
2.9200,144336,-0.683350,0.607483,-0.315796,0.253540,78.1479,42.3905,0
2.9300,144346,-0.683350,0.607849,-0.315552,0.252869,78.0911,42.3216,0
2.9400,144356,-0.683533,0.608093,-0.315186,0.252258,78.0666,42.2472,0
2.9500,144366,-0.683594,0.608398,-0.315063,0.251465,78.0119,42.1934,0
2.9600,144376,-0.683716,0.608765,-0.314575,0.250916,77.9819,42.0992,0
2.9700,144386,-0.683838,0.609009,-0.314209,0.250549,77.9599,42.0030,0
2.9800,144396,-0.683777,0.609192,-0.314209,0.250183,77.9290,41.9330,0
2.9900,144406,-0.683533,0.609619,-0.314392,0.249695,77.8460,41.8699,0
3.0000,144416,-0.683228,0.610046,-0.314270,0.249695,77.7993,41.7548,0
3.0100,144426,-0.682800,0.610474,-0.314209,0.249695,77.7437,41.6465,0
3.0200,144436,-0.682983,0.610291,-0.313965,0.249878,77.7902,41.5558,0
3.0300,144446,-0.683044,0.610291,-0.313843,0.249878,77.8083,41.4743,0
3.0400,144456,-0.683350,0.610229,-0.313477,0.249756,77.8480,41.4068,0
3.0500,144466,-0.683350,0.610413,-0.313477,0.249268,77.8131,41.3669,0
3.0600,144476,-0.683105,0.610718,-0.313660,0.249084,77.7681,41.3142,0
3.0700,144486,-0.682739,0.610962,-0.313904,0.249084,77.7248,41.2522,0
3.0800,144496,-0.682556,0.610840,-0.314148,0.249634,77.7382,41.1694,0
3.0900,144506,-0.682007,0.610779,-0.315002,0.250183,77.7138,41.1412,0
3.1000,144516,-0.681213,0.610840,-0.315857,0.251221,77.6792,41.0710,0
3.1100,144526,-0.680786,0.610168,-0.316956,0.252502,77.7224,41.0487,0
3.1200,144536,-0.680542,0.609314,-0.317932,0.254028,77.8147,41.0325,0
3.1300,144546,-0.680176,0.608459,-0.319031,0.255615,77.9112,41.0357,0
3.1400,144556,-0.679687,0.607239,-0.320740,0.257751,77.9827,41.0368,0
3.1500,144566,-0.678711,0.606018,-0.322876,0.260498,77.9658,41.0641,0
3.1600,144576,-0.677246,0.605225,-0.325317,0.263062,77.9663,41.1137,0
3.1700,144586,-0.675964,0.604370,-0.327576,0.265503,77.9733,41.2036,0
3.1800,144596,-0.675110,0.603760,-0.329224,0.267090,77.9647,41.2882,0
3.1900,144606,-0.674438,0.603455,-0.330200,0.268127,77.9487,41.3949,0
3.2000,144616,-0.674500,0.603394,-0.330261,0.268066,77.9702,41.5027,0
3.2100,144626,-0.675781,0.603088,-0.328918,0.267273,77.9937,41.5856,0
3.2200,144636,-0.676453,0.603455,-0.327698,0.266113,78.0047,41.6627,0
3.2300,144646,-0.677002,0.603882,-0.326599,0.265076,78.0057,41.7248,0
3.2400,144656,-0.677612,0.604248,-0.325623,0.264038,78.0101,41.7809,0
3.2500,144666,-0.678101,0.604675,-0.324585,0.263062,78.0061,41.8166,0
3.2600,144676,-0.678589,0.604919,-0.323792,0.262268,78.0117,41.8507,0
3.2700,144686,-0.678894,0.605042,-0.323242,0.261719,78.0170,41.8739,0
3.2800,144696,-0.679077,0.605225,-0.322876,0.261353,78.0126,41.8881,0
3.2900,144706,-0.679199,0.605347,-0.322632,0.261108,78.0161,41.8931,0
3.3000,144716,-0.679321,0.605408,-0.322327,0.260864,78.0159,41.9020,0
3.3100,144726,-0.679504,0.605469,-0.322083,0.260620,78.0139,41.9073,0
3.3200,144736,-0.679810,0.605530,-0.321716,0.260254,78.0109,41.9122,0
3.3300,144746,-0.680054,0.605591,-0.321350,0.259827,78.0056,41.9144,0
3.3400,144756,-0.680298,0.605713,-0.320984,0.259338,77.9964,41.9114,0
3.3500,144766,-0.680481,0.605957,-0.320618,0.258789,77.9705,41.9042,0
3.3600,144776,-0.680359,0.606567,-0.320313,0.258057,77.8971,41.8850,0
3.3700,144786,-0.680237,0.607178,-0.319946,0.257385,77.8186,41.8564,0
3.3800,144796,-0.680176,0.607666,-0.319641,0.256775,77.7651,41.8271,0
3.3900,144806,-0.680359,0.607971,-0.319336,0.255981,77.7452,41.8019,0
3.4000,144816,-0.680603,0.608459,-0.318665,0.255005,77.7133,41.7691,0
3.4100,144826,-0.680420,0.609680,-0.317932,0.253418,77.5820,41.7319,162
3.4200,144836,-0.679687,0.611755,-0.317322,0.251160,77.3027,41.6994,0
3.4300,144846,-0.678772,0.613892,-0.316956,0.248962,77.1889,41.6313,0
3.4400,144856,-0.678223,0.614929,-0.316833,0.248047,77.1959,41.5622,0
3.4500,144866,-0.678467,0.615295,-0.316162,0.247192,77.2084,41.4887,0
3.4600,144876,-0.678589,0.615601,-0.315735,0.246582,77.2293,41.4080,0
3.4700,144886,-0.678650,0.615784,-0.315613,0.246399,77.2616,41.3290,0
3.4800,144896,-0.678650,0.615784,-0.315613,0.246399,77.2899,41.2545,0
3.4900,144906,-0.678467,0.615723,-0.315796,0.246582,77.3114,41.1863,0
3.5000,144916,-0.678345,0.615723,-0.315979,0.246704,77.3331,41.1197,0
3.5100,144926,-0.678345,0.615662,-0.316101,0.246765,77.3578,41.0582,0
3.5200,144936,-0.678345,0.615540,-0.316223,0.246948,77.3825,41.0023,0
3.5300,144946,-0.678345,0.615479,-0.316345,0.247070,77.4077,40.9528,0
3.5400,144956,-0.678345,0.615356,-0.316467,0.247192,77.4316,40.9081,0
3.5500,144966,-0.678284,0.615234,-0.316589,0.247375,77.4556,40.8676,0
3.5600,144976,-0.678284,0.615112,-0.316711,0.247559,77.4736,40.8309,0
3.5700,144986,-0.678223,0.615051,-0.316833,0.247681,77.4882,40.7961,0
3.5800,144996,-0.678284,0.614990,-0.316833,0.247742,77.5038,40.7655,0
3.5900,145006,-0.678284,0.614929,-0.316833,0.247742,77.5198,40.7347,0
3.6000,145016,-0.678345,0.614929,-0.316772,0.247681,77.5362,40.7010,0
3.6100,145026,-0.678406,0.614868,-0.316711,0.247620,77.5536,40.6650,0
3.6200,145036,-0.678467,0.614868,-0.316650,0.247742,77.5756,40.6277,0
3.6300,145046,-0.678528,0.614807,-0.316650,0.247742,77.5941,40.5959,0
3.6400,145056,-0.678589,0.614746,-0.316650,0.247742,77.6112,40.5740,0
3.6500,145066,-0.678650,0.614685,-0.316589,0.247681,77.6236,40.5543,0
3.6600,145076,-0.678772,0.614624,-0.316528,0.247620,77.6336,40.5357,0
3.6700,145086,-0.678833,0.614624,-0.316467,0.247559,77.6384,40.5142,0
3.6800,145096,-0.678894,0.614624,-0.316345,0.247498,77.6436,40.4915,0
3.6900,145106,-0.678955,0.614746,-0.316223,0.247314,77.6395,40.4705,0
3.7000,145116,-0.678955,0.614868,-0.316040,0.247131,77.6227,40.4480,0
3.7100,145126,-0.678894,0.615051,-0.315979,0.246887,77.6137,40.4237,0
3.7200,145136,-0.678894,0.615112,-0.315918,0.246765,77.6118,40.3992,0
3.7300,145146,-0.678894,0.615173,-0.315857,0.246643,77.6088,40.3748,0
3.7400,145156,-0.678894,0.615234,-0.315796,0.246521,77.6130,40.3510,0
3.7500,145166,-0.678894,0.615234,-0.315796,0.246521,77.6194,40.3266,0
3.7600,145176,-0.678955,0.615234,-0.315796,0.246521,77.6237,40.3040,0
3.7700,145186,-0.679016,0.615173,-0.315796,0.246643,77.6284,40.2725,0
3.7800,145196,-0.679077,0.615112,-0.315735,0.246582,77.6418,40.2567,0
3.7900,145206,-0.679077,0.615112,-0.315735,0.246582,77.6450,40.2353,0
3.8000,145216,-0.679138,0.615051,-0.315735,0.246582,77.6504,40.2202,0
3.8100,145226,-0.679077,0.615112,-0.315674,0.246643,77.6526,40.1958,0
3.8200,145236,-0.679138,0.615051,-0.315674,0.246643,77.6564,40.1852,0
3.8300,145246,-0.679138,0.615051,-0.315674,0.246643,77.6589,40.1708,0
3.8400,145256,-0.679199,0.614990,-0.315674,0.246582,77.6618,40.1632,0
3.8500,145266,-0.679138,0.614868,-0.315979,0.246704,77.6735,40.1612,0
3.8600,145276,-0.678833,0.613770,-0.317444,0.248352,77.7606,40.1703,0
3.8700,145286,-0.678467,0.612671,-0.318970,0.250183,77.8414,40.1777,0
3.8800,145296,-0.678101,0.612305,-0.319824,0.251038,77.8493,40.1876,0
3.8900,145306,-0.677979,0.612305,-0.319885,0.251099,77.8366,40.2047,0
3.9000,145316,-0.678101,0.612366,-0.319763,0.250977,77.8305,40.2202,0
3.9100,145326,-0.678101,0.612366,-0.319702,0.250916,77.8271,40.2344,0
3.9200,145336,-0.678162,0.612427,-0.319641,0.250854,77.8226,40.2484,0
3.9300,145346,-0.678162,0.612366,-0.319702,0.250916,77.8178,40.2678,0
3.9400,145356,-0.678101,0.612122,-0.319946,0.251221,77.8281,40.2863,0
3.9500,145366,-0.678101,0.612061,-0.320007,0.251282,77.8295,40.2991,0
3.9600,145376,-0.678162,0.612061,-0.319946,0.251221,77.8214,40.3075,0
3.9700,145386,-0.678223,0.612183,-0.319763,0.251038,77.8089,40.3167,0
3.9800,145396,-0.678284,0.612244,-0.319580,0.250854,77.8006,40.3290,0
3.9900,145406,-0.678406,0.612244,-0.319397,0.250732,77.7945,40.3351,0
4.0000,145416,-0.678528,0.612244,-0.319275,0.250610,77.7893,40.3398,0
4.0100,145426,-0.678650,0.612305,-0.319092,0.250488,77.7862,40.3400,0
4.0200,145436,-0.678711,0.612305,-0.318970,0.250366,77.7796,40.3413,0
4.0300,145446,-0.678772,0.612305,-0.318909,0.250305,77.7752,40.3455,0
4.0400,145456,-0.678833,0.612244,-0.318848,0.250305,77.7715,40.3507,0
4.0500,145466,-0.678894,0.612183,-0.318848,0.250366,77.7681,40.3586,0
4.0600,145476,-0.678955,0.612122,-0.318848,0.250366,77.7642,40.3661,0
4.0700,145486,-0.678955,0.612183,-0.318787,0.250305,77.7570,40.3714,0
4.0800,145496,-0.678955,0.612305,-0.318665,0.250122,77.7222,40.3736,0
4.0900,145506,-0.678772,0.612793,-0.318481,0.249695,77.6517,40.3718,0
4.1000,145516,-0.678833,0.612915,-0.318176,0.249634,77.6265,40.3667,0
4.1100,145526,-0.678955,0.612610,-0.318176,0.249878,77.6738,40.3611,0
4.1200,145536,-0.679810,0.611389,-0.318115,0.250732,77.8630,40.3614,0
4.1300,145546,-0.681396,0.608826,-0.317932,0.252808,78.2452,40.3427,0
4.1400,145556,-0.683044,0.605896,-0.317932,0.255554,78.6649,40.3185,0
4.1500,145566,-0.683838,0.604065,-0.318298,0.257202,78.8689,40.3489,0
4.1600,145576,-0.683960,0.603577,-0.318420,0.257813,78.8774,40.3791,0
4.1700,145586,-0.684448,0.603149,-0.317932,0.258179,78.9236,40.3931,0
4.1800,145596,-0.684937,0.603271,-0.317200,0.257568,78.9004,40.4394,0
4.1900,145606,-0.685364,0.603516,-0.316467,0.256653,78.8570,40.4901,0
4.2000,145616,-0.685669,0.603943,-0.315613,0.256042,78.7986,40.5024,0
4.2100,145626,-0.685791,0.604004,-0.315308,0.255737,78.7555,40.5199,0
4.2200,145636,-0.685730,0.604248,-0.315125,0.255615,78.6950,40.5262,0
4.2300,145646,-0.685730,0.604492,-0.314941,0.255249,78.6316,40.5350,0
4.2400,145656,-0.685547,0.604980,-0.314758,0.254761,78.5334,40.5460,0
4.2500,145666,-0.685120,0.605896,-0.314819,0.253845,78.3735,40.5742,0
4.2600,145676,-0.685181,0.606262,-0.314453,0.253296,78.3161,40.5811,0
4.2700,145686,-0.685669,0.606079,-0.313904,0.252991,78.2768,40.5940,0
4.2800,145696,-0.685913,0.606384,-0.313416,0.252258,78.2288,40.5928,0
4.2900,145706,-0.686035,0.606689,-0.312988,0.251526,78.2028,40.5712,0
4.3000,145716,-0.686279,0.606995,-0.312439,0.251038,78.1343,40.5493,0
4.3100,145726,-0.686218,0.607483,-0.312012,0.250366,78.0176,40.5290,0
4.3200,145736,-0.685852,0.608276,-0.311829,0.249634,78.0617,40.4988,0
4.3300,145746,-0.686218,0.608093,-0.311523,0.249634,78.1610,40.5005,0
4.3400,145756,-0.686462,0.606934,-0.312378,0.250793,78.1622,40.4639,0
4.3500,145766,-0.686157,0.606567,-0.313049,0.251465,78.1579,40.4524,0
4.3600,145776,-0.686096,0.606079,-0.313538,0.252380,78.1990,40.4278,0
4.3700,145786,-0.686401,0.605286,-0.313599,0.253174,78.2885,40.4093,0
4.3800,145796,-0.686584,0.605225,-0.313354,0.253113,78.2905,40.4047,0
4.3900,145806,-0.687195,0.605225,-0.312500,0.252625,78.3245,40.4019,0
4.4000,145816,-0.687622,0.605652,-0.311646,0.251465,78.2862,40.4148,0
4.4100,145826,-0.688354,0.605835,-0.310669,0.250122,78.2799,40.4389,0
4.4200,145836,-0.688965,0.606018,-0.309875,0.249084,78.2745,40.4388,0
4.4300,145846,-0.689026,0.606506,-0.309265,0.248474,78.2183,40.3881,0
4.4400,145856,-0.688843,0.606934,-0.309082,0.248169,78.1477,40.3385,0
4.4500,145866,-0.688904,0.606812,-0.309082,0.248352,78.1548,40.2939,0
4.4600,145876,-0.688477,0.607117,-0.309143,0.248596,78.0953,40.2268,0
4.4700,145886,-0.688477,0.607361,-0.308777,0.248535,78.0809,40.1766,0
4.4800,145896,-0.688782,0.607483,-0.308105,0.248169,78.0917,40.1299,0
4.4900,145906,-0.689392,0.607422,-0.307129,0.247864,78.1543,40.0727,0
4.5000,145916,-0.689331,0.608215,-0.306274,0.247192,78.0728,39.9860,0
4.5100,145926,-0.689880,0.608826,-0.305542,0.245056,78.0031,40.0397,0
4.5200,145936,-0.690186,0.609558,-0.304626,0.243591,77.9417,40.0061,0
4.5300,145946,-0.690491,0.609924,-0.303650,0.242981,77.9391,39.9168,0
4.5400,145956,-0.690186,0.610657,-0.303467,0.242187,77.8369,39.8647,0
4.5500,145966,-0.690430,0.610352,-0.303345,0.242249,77.8354,39.7971,0
4.5600,145976,-0.690125,0.610229,-0.303894,0.242798,77.9148,39.7243,0
4.5700,145986,-0.690125,0.609619,-0.304443,0.243896,77.9820,39.6701,0
4.5800,145996,-0.690308,0.609192,-0.304382,0.244324,78.0322,39.6260,0
4.5900,146006,-0.691040,0.609253,-0.303223,0.243530,78.0550,39.5944,0
4.6000,146016,-0.691650,0.609375,-0.302307,0.242615,78.0237,39.5473,0
4.6100,146026,-0.691406,0.609436,-0.302673,0.242798,77.9495,39.5025,0
4.6200,146036,-0.689575,0.607910,-0.306335,0.247192,78.0743,39.4304,0
4.6300,146046,-0.689453,0.606140,-0.307617,0.250366,78.2740,39.3523,0
4.6400,146056,-0.688416,0.605774,-0.309570,0.251526,78.2082,39.4117,0
4.6500,146066,-0.687622,0.605835,-0.310669,0.252197,78.1332,39.4524,0
4.6600,146076,-0.687378,0.606018,-0.311096,0.251892,78.0779,39.5327,0
4.6700,146086,-0.687317,0.606323,-0.311157,0.251343,78.0229,39.5961,0
4.6800,146096,-0.687988,0.606201,-0.310547,0.250488,78.0614,39.6650,0
4.6900,146106,-0.688477,0.606750,-0.309570,0.248962,78.0158,39.7138,0
4.7000,146116,-0.689453,0.607239,-0.307983,0.247131,78.0213,39.7420,0
4.7100,146126,-0.690979,0.607300,-0.305786,0.245361,78.1066,39.7347,0
4.7200,146136,-0.692505,0.607178,-0.303589,0.244019,78.2262,39.6856,0
4.7300,146146,-0.693359,0.607483,-0.302124,0.242737,78.2449,39.6408,0
4.7400,146156,-0.693542,0.608154,-0.301453,0.241455,78.1575,39.6143,0
4.7500,146166,-0.693604,0.608459,-0.300903,0.241028,78.1244,39.5367,0
4.7600,146176,-0.693176,0.609253,-0.300781,0.240601,78.0117,39.4587,0
4.7700,146186,-0.692871,0.609802,-0.300720,0.240051,77.9255,39.4065,0
4.7800,146196,-0.693176,0.610168,-0.300049,0.239136,77.9063,39.3548,0
4.7900,146206,-0.693054,0.611023,-0.299438,0.237976,77.8081,39.2876,0
4.8000,146216,-0.693298,0.611511,-0.298462,0.237244,77.7962,39.1861,0
4.8100,146226,-0.693665,0.611816,-0.297668,0.236450,77.7973,39.1061,0
4.8200,146236,-0.693787,0.611877,-0.297302,0.236206,77.8109,39.0327,0
4.8300,146246,-0.693481,0.611877,-0.297852,0.236633,77.7347,38.9806,0
4.8400,146256,-0.692627,0.612000,-0.299133,0.237244,77.7401,38.9191,0
4.8500,146266,-0.692078,0.611633,-0.300232,0.238342,77.7927,38.8599,0
4.8600,146276,-0.691711,0.610962,-0.301270,0.239685,77.8860,38.8133,0
4.8700,146286,-0.691650,0.610107,-0.302063,0.241089,77.8987,38.7877,0
4.8800,146296,-0.691223,0.609741,-0.302917,0.242065,77.8941,38.7779,0
4.8900,146306,-0.690796,0.609497,-0.303894,0.242859,77.8678,38.7790,0
4.9000,146316,-0.689636,0.609314,-0.305725,0.244202,77.8254,38.7816,0
4.9100,146326,-0.689392,0.609009,-0.306458,0.244873,77.8374,38.7927,0
4.9200,146336,-0.689209,0.608765,-0.306824,0.245422,77.8565,38.7994,0
4.9300,146346,-0.688721,0.608643,-0.307678,0.246033,77.8283,38.8256,0
4.9400,146356,-0.686951,0.608337,-0.310547,0.248169,77.7297,38.8580,0
4.9500,146366,-0.686462,0.608582,-0.310974,0.248291,77.6752,38.9044,0
4.9600,146376,-0.686279,0.609131,-0.310730,0.247742,77.6187,38.9483,0
4.9700,146386,-0.686096,0.609558,-0.310608,0.247314,77.5739,38.9887,0
4.9800,146396,-0.685852,0.609985,-0.310608,0.247009,77.5332,39.0215,0
4.9900,146406,-0.685608,0.610352,-0.310669,0.246765,77.4932,39.0557,0
5.0000,146416,-0.685364,0.610596,-0.310791,0.246582,77.4678,39.0882,0
5.0100,146426,-0.685242,0.610779,-0.310913,0.246460,77.4597,39.1178,0
5.0200,146436,-0.685181,0.610840,-0.310913,0.246399,77.4668,39.1405,0
5.0300,146446,-0.685181,0.610840,-0.310913,0.246399,77.4848,39.1626,0
5.0400,146456,-0.685181,0.610840,-0.310913,0.246399,77.5037,39.1807,0
5.0500,146466,-0.685242,0.610779,-0.310913,0.246399,77.5211,39.1984,0
5.0600,146476,-0.685242,0.610779,-0.310913,0.246399,77.5357,39.2147,0
5.0700,146486,-0.685303,0.610718,-0.310913,0.246399,77.5501,39.2307,0
5.0800,146496,-0.685303,0.610718,-0.310913,0.246399,77.5656,39.2466,0
5.0900,146506,-0.685364,0.610657,-0.310913,0.246399,77.5803,39.2604,0
5.1000,146516,-0.685425,0.610657,-0.310852,0.246399,77.5949,39.2730,0
5.1100,146526,-0.685425,0.610657,-0.310791,0.246338,77.6082,39.2850,0
5.1200,146536,-0.685486,0.610657,-0.310730,0.246338,77.6172,39.2987,0
5.1300,146546,-0.685547,0.610657,-0.310669,0.246216,77.6252,39.3092,0
5.1400,146556,-0.685608,0.610657,-0.310486,0.246094,77.6304,39.3215,0
5.1500,146566,-0.685730,0.610657,-0.310364,0.245911,77.6365,39.3296,0
5.1600,146576,-0.685852,0.610718,-0.310181,0.245789,77.6417,39.3354,0
5.1700,146586,-0.685974,0.610718,-0.310059,0.245667,77.6467,39.3409,0
5.1800,146596,-0.686096,0.610718,-0.309875,0.245544,77.6503,39.3468,0
5.1900,146606,-0.686157,0.610718,-0.309814,0.245483,77.6542,39.3506,0
5.2000,146616,-0.686157,0.610718,-0.309814,0.245483,77.6592,39.3536,0
5.2100,146626,-0.686157,0.610657,-0.309814,0.245544,77.6639,39.3570,0
5.2200,146636,-0.686218,0.610657,-0.309814,0.245544,77.6671,39.3615,0
5.2300,146646,-0.686218,0.610657,-0.309753,0.245544,77.6714,39.3638,0
5.2400,146656,-0.686218,0.610596,-0.309753,0.245544,77.6755,39.3636,0
5.2500,146666,-0.686279,0.610596,-0.309753,0.245544,77.6788,39.3634,0
5.2600,146676,-0.686279,0.610535,-0.309753,0.245544,77.6825,39.3632,0
5.2700,146686,-0.686279,0.610535,-0.309753,0.245544,77.6854,39.3625,0
5.2800,146696,-0.686340,0.610474,-0.309753,0.245544,77.6900,39.3606,0
5.2900,146706,-0.686340,0.610474,-0.309753,0.245544,77.6926,39.3588,0
5.3000,146716,-0.686401,0.610413,-0.309753,0.245544,77.6962,39.3559,0
5.3100,146726,-0.686401,0.610413,-0.309753,0.245544,77.7002,39.3543,0
5.3200,146736,-0.686462,0.610413,-0.309753,0.245544,77.7035,39.3540,0
5.3300,146746,-0.686462,0.610352,-0.309753,0.245544,77.7065,39.3525,0
5.3400,146756,-0.686462,0.610352,-0.309692,0.245544,77.7112,39.3535,0
5.3500,146766,-0.686523,0.610291,-0.309692,0.245544,77.7133,39.3532,0
5.3600,146776,-0.686523,0.610291,-0.309692,0.245544,77.7153,39.3530,0
5.3700,146786,-0.686523,0.610291,-0.309692,0.245544,77.7184,39.3533,0
5.3800,146796,-0.686584,0.610229,-0.309692,0.245544,77.7213,39.3525,0
5.3900,146806,-0.686584,0.610229,-0.309692,0.245544,77.7217,39.3511,0
5.4000,146816,-0.686584,0.610229,-0.309692,0.245544,77.7245,39.3497,0
5.4100,146826,-0.686584,0.610168,-0.309692,0.245605,77.7277,39.3485,0
5.4200,146836,-0.686584,0.610168,-0.309753,0.245667,77.7284,39.3510,0
5.4300,146846,-0.686584,0.610107,-0.309814,0.245667,77.7302,39.3528,0
5.4400,146856,-0.686584,0.610107,-0.309875,0.245728,77.7319,39.3539,0
5.4500,146866,-0.686584,0.610046,-0.309875,0.245789,77.7324,39.3555,0
5.4600,146876,-0.686584,0.610046,-0.309875,0.245789,77.7334,39.3553,0
5.4700,146886,-0.686646,0.609985,-0.309875,0.245789,77.7350,39.3563,0
5.4800,146896,-0.686646,0.609985,-0.309875,0.245789,77.7359,39.3572,0
5.4900,146906,-0.686646,0.609985,-0.309875,0.245789,77.7368,39.3587,0
5.5000,146916,-0.686707,0.609924,-0.309875,0.245789,77.7364,39.3607,0
5.5100,146926,-0.686707,0.609924,-0.309814,0.245728,77.7355,39.3614,0
5.5200,146936,-0.686768,0.609924,-0.309814,0.245728,77.7340,39.3615,0
5.5300,146946,-0.686768,0.609924,-0.309814,0.245728,77.7337,39.3628,0
5.5400,146956,-0.686768,0.609924,-0.309814,0.245728,77.7317,39.3634,0
5.5500,146966,-0.686768,0.609924,-0.309814,0.245728,77.7322,39.3597,0
5.5600,146976,-0.686768,0.609863,-0.309814,0.245728,77.7327,39.3573,0
5.5700,146986,-0.686768,0.609863,-0.309814,0.245728,77.7337,39.3539,0
5.5800,146996,-0.686829,0.609863,-0.309814,0.245728,77.7347,39.3518,0
5.5900,147006,-0.686829,0.609863,-0.309814,0.245728,77.7350,39.3498,0
5.6000,147016,-0.686829,0.609802,-0.309814,0.245728,77.7353,39.3486,0
5.6100,147026,-0.686829,0.609863,-0.309814,0.245728,77.7332,39.3468,0
5.6200,147036,-0.686829,0.609802,-0.309814,0.245728,77.7330,39.3456,0
5.6300,147046,-0.686890,0.609802,-0.309814,0.245728,77.7334,39.3446,0
5.6400,147056,-0.686890,0.609802,-0.309814,0.245728,77.7344,39.3430,0
5.6500,147066,-0.686890,0.609802,-0.309814,0.245728,77.7365,39.3409,0
5.6600,147076,-0.686890,0.609741,-0.309814,0.245728,77.7380,39.3400,0
5.6700,147086,-0.686951,0.609741,-0.309814,0.245728,77.7375,39.3375,0
5.6800,147096,-0.686951,0.609741,-0.309814,0.245728,77.7389,39.3362,0
5.6900,147106,-0.686951,0.609680,-0.309814,0.245728,77.7384,39.3356,0
5.7000,147116,-0.686951,0.609680,-0.309814,0.245728,77.7398,39.3345,0
5.7100,147126,-0.687012,0.609680,-0.309814,0.245728,77.7416,39.3340,0
5.7200,147136,-0.687012,0.609680,-0.309814,0.245728,77.7446,39.3341,0
5.7300,147146,-0.687012,0.609619,-0.309814,0.245728,77.7450,39.3342,0
5.7400,147156,-0.687012,0.609619,-0.309753,0.245728,77.7472,39.3343,0
5.7500,147166,-0.687073,0.609619,-0.309753,0.245728,77.7493,39.3350,0
5.7600,147176,-0.687073,0.609558,-0.309753,0.245728,77.7506,39.3333,0
5.7700,147186,-0.687073,0.609558,-0.309753,0.245728,77.7520,39.3322,0
5.7800,147196,-0.687134,0.609558,-0.309753,0.245728,77.7532,39.3307,0
5.7900,147206,-0.687134,0.609558,-0.309753,0.245728,77.7538,39.3280,0
5.8000,147216,-0.687134,0.609497,-0.309753,0.245728,77.7549,39.3266,0
5.8100,147226,-0.687134,0.609497,-0.309753,0.245728,77.7560,39.3247,0
5.8200,147236,-0.687134,0.609497,-0.309753,0.245728,77.7571,39.3247,0
5.8300,147246,-0.687195,0.609497,-0.309753,0.245728,77.7587,39.3253,0
5.8400,147256,-0.687195,0.609497,-0.309753,0.245728,77.7578,39.3264,0
5.8500,147266,-0.687195,0.609436,-0.309753,0.245728,77.7570,39.3287,0
5.8600,147276,-0.687195,0.609436,-0.309753,0.245728,77.7562,39.3297,0
5.8700,147286,-0.687195,0.609436,-0.309753,0.245728,77.7572,39.3312,0
5.8800,147296,-0.687195,0.609375,-0.309814,0.245789,77.7557,39.3314,0
5.8900,147306,-0.687195,0.609314,-0.309875,0.245911,77.7542,39.3342,0
5.9000,147316,-0.687134,0.609314,-0.309998,0.245972,77.7546,39.3362,0
5.9100,147326,-0.687073,0.609253,-0.310120,0.246094,77.7567,39.3364,0
5.9200,147336,-0.687073,0.609192,-0.310242,0.246216,77.7582,39.3367,0
5.9300,147346,-0.686951,0.609131,-0.310425,0.246460,77.7615,39.3383,0
5.9400,147356,-0.686829,0.609009,-0.310669,0.246765,77.7694,39.3400,0
5.9500,147366,-0.686707,0.608704,-0.311035,0.247253,77.7833,39.3436,0
5.9600,147376,-0.686646,0.608337,-0.311523,0.247742,77.8047,39.3574,0
5.9700,147386,-0.686584,0.607727,-0.312317,0.248535,77.8875,39.3695,0
5.9800,147396,-0.686218,0.606628,-0.313721,0.250427,77.9311,39.3821,0
5.9900,147406,-0.685181,0.605469,-0.315918,0.253113,77.8759,39.4202,0
6.0000,147416,-0.683533,0.604858,-0.318604,0.255737,77.9297,39.4786,0
6.0100,147426,-0.682861,0.603882,-0.320190,0.257813,78.1602,39.5633,0
6.0200,147436,-0.684082,0.602478,-0.319702,0.258606,78.1826,39.6425,0
6.0300,147446,-0.685059,0.602600,-0.318176,0.257446,78.1842,39.7405,0
6.0400,147456,-0.685486,0.603271,-0.317200,0.256042,78.1176,39.8295,0
6.0500,147466,-0.685913,0.604065,-0.316040,0.254517,78.0524,39.8931,0
6.0600,147476,-0.686340,0.604797,-0.314819,0.253174,78.0001,39.9287,0
6.0700,147486,-0.686584,0.605408,-0.313965,0.252136,77.9479,39.9538,0
6.0800,147496,-0.687012,0.605652,-0.312988,0.251404,77.9536,39.9578,0
6.0900,147506,-0.687439,0.605774,-0.312317,0.250732,77.9602,39.9779,0
6.1000,147516,-0.687988,0.605652,-0.311462,0.250732,78.0272,39.9421,0
6.1100,147526,-0.687317,0.606995,-0.311279,0.249573,77.8344,39.9519,0
6.1200,147536,-0.687988,0.606873,-0.310608,0.248840,77.8843,39.9762,0
6.1300,147546,-0.688110,0.607544,-0.310059,0.247620,77.8059,39.9935,0
6.1400,147556,-0.688171,0.608459,-0.309387,0.245850,77.6963,40.0171,0
6.1500,147566,-0.689087,0.608521,-0.307983,0.244934,77.7613,39.9713,0
6.1600,147576,-0.689392,0.609314,-0.307007,0.243347,77.6936,39.9515,0
6.1700,147586,-0.690430,0.609070,-0.305664,0.242737,77.8004,39.8776,0
6.1800,147596,-0.690979,0.609070,-0.304749,0.242310,77.8461,39.7989,0
6.1900,147606,-0.691162,0.609314,-0.304382,0.241577,77.8230,39.7617,0
6.2000,147616,-0.691467,0.609375,-0.303772,0.241333,77.8486,39.6758,0
6.2100,147626,-0.691589,0.609680,-0.303162,0.240906,77.8344,39.5928,0
6.2200,147636,-0.691406,0.610229,-0.302979,0.240417,77.7685,39.5347,0
6.2300,147646,-0.691406,0.610352,-0.302856,0.240234,77.7572,39.4676,0
6.2400,147656,-0.691528,0.610474,-0.302307,0.240295,77.7827,39.3707,0
6.2500,147666,-0.691467,0.610596,-0.302307,0.240173,77.7802,39.2934,0
6.2600,147676,-0.691345,0.610657,-0.302246,0.240356,77.7950,39.2331,0
6.2700,147686,-0.691345,0.610657,-0.302124,0.240479,77.8982,39.1865,0
6.2800,147696,-0.691895,0.610046,-0.301941,0.240723,78.0425,39.1610,0
6.2900,147706,-0.693054,0.609314,-0.301086,0.240417,78.1303,39.1386,0
6.3000,147716,-0.694275,0.609131,-0.299561,0.239136,78.0986,39.0932,0
6.3100,147726,-0.694702,0.609497,-0.298767,0.237976,78.0862,39.0446,0
6.3200,147736,-0.694824,0.609619,-0.298462,0.237610,78.0810,38.9876,0
6.3300,147746,-0.693787,0.610962,-0.298706,0.237000,78.0481,38.9315,0
6.3400,147756,-0.693054,0.612061,-0.298462,0.236572,78.0466,38.8711,0
6.3500,147766,-0.692627,0.612854,-0.298157,0.236145,78.0851,38.8005,0
6.3600,147776,-0.692078,0.613525,-0.298218,0.235962,78.0955,38.7287,0
6.3700,147786,-0.691406,0.614197,-0.298828,0.235474,77.9587,38.7119,0
6.3800,147796,-0.690796,0.614807,-0.299316,0.234924,77.8334,38.6895,0
6.3900,147806,-0.691284,0.614075,-0.299133,0.235657,77.9584,38.6060,0
6.4000,147816,-0.691528,0.613464,-0.299255,0.236389,78.0429,38.5399,0
6.4100,147826,-0.690430,0.614136,-0.300110,0.236755,77.8987,38.4791,0
6.4200,147836,-0.690002,0.614075,-0.300781,0.237427,77.8763,38.4360,0
6.4300,147846,-0.689575,0.613892,-0.301453,0.238342,77.8740,38.3949,0
6.4400,147856,-0.689209,0.613647,-0.302124,0.239014,77.8772,38.3786,0
6.4500,147866,-0.689026,0.613159,-0.302856,0.239929,77.9152,38.3672,0
6.4600,147876,-0.688477,0.613281,-0.303589,0.240295,77.8635,38.3707,0
6.4700,147886,-0.688232,0.613159,-0.303894,0.240784,77.8648,38.3643,0
6.4800,147896,-0.688171,0.612854,-0.304443,0.241089,77.8839,38.4028,0
6.4900,147906,-0.687378,0.613525,-0.304993,0.240967,77.7642,38.4127,0
6.5000,147916,-0.687134,0.613586,-0.305359,0.240967,77.7373,38.4455,0
6.5100,147926,-0.687256,0.613281,-0.305481,0.241455,77.7918,38.4430,0
6.5200,147936,-0.686829,0.613037,-0.306274,0.242126,77.7902,38.4743,0
6.5300,147946,-0.686646,0.612671,-0.306885,0.242859,77.6687,38.4828,0
6.5400,147956,-0.684998,0.612793,-0.308960,0.244507,77.4055,38.5023,0
6.5500,147966,-0.682434,0.613831,-0.311523,0.245850,77.2646,38.5491,0
6.5600,147976,-0.681885,0.615112,-0.311096,0.244629,77.2110,38.5910,0
6.5700,147986,-0.681641,0.615845,-0.310791,0.243958,77.1957,38.6342,0
6.5800,147996,-0.681458,0.616211,-0.310791,0.243652,77.2031,38.6717,0
6.5900,148006,-0.681274,0.616394,-0.310852,0.243530,77.2154,38.7114,0
6.6000,148016,-0.680969,0.616516,-0.311279,0.243530,77.2337,38.7516,0
6.6100,148026,-0.680908,0.616516,-0.311462,0.243530,77.2594,38.7879,0
6.6200,148036,-0.680847,0.616516,-0.311523,0.243591,77.2874,38.8214,0
6.6300,148046,-0.680847,0.616455,-0.311584,0.243652,77.3140,38.8497,0
6.6400,148056,-0.680908,0.616333,-0.311646,0.243713,77.3434,38.8736,0
6.6500,148066,-0.680969,0.616150,-0.311707,0.243835,77.3820,38.8951,0
6.6600,148076,-0.681091,0.615967,-0.311707,0.243958,77.4268,38.9167,0
6.6700,148086,-0.681274,0.615784,-0.311646,0.244019,77.4771,38.9355,0
6.6800,148096,-0.681458,0.615601,-0.311523,0.244080,77.5214,38.9545,0
6.6900,148106,-0.681641,0.615479,-0.311401,0.244080,77.5569,38.9726,0
6.7000,148116,-0.681763,0.615356,-0.311340,0.244080,77.5829,38.9891,0
6.7100,148126,-0.681885,0.615295,-0.311218,0.244080,77.6040,39.0054,0
6.7200,148136,-0.681946,0.615295,-0.311157,0.244019,77.6205,39.0233,0
6.7300,148146,-0.682007,0.615234,-0.311096,0.244019,77.6356,39.0390,0
6.7400,148156,-0.682068,0.615234,-0.311096,0.244019,77.6464,39.0532,0
6.7500,148166,-0.682129,0.615173,-0.311096,0.244019,77.6560,39.0686,0
6.7600,148176,-0.682129,0.615112,-0.311035,0.244019,77.6634,39.0832,0
6.7700,148186,-0.682190,0.615051,-0.311035,0.244019,77.6704,39.0958,0
6.7800,148196,-0.682251,0.614990,-0.311035,0.244019,77.6771,39.1096,0
6.7900,148206,-0.682312,0.614990,-0.311035,0.244080,77.6846,39.1221,0
6.8000,148216,-0.682373,0.614929,-0.310974,0.244080,77.6929,39.1340,0
6.8100,148226,-0.682373,0.614868,-0.310974,0.244080,77.7015,39.1435,0
6.8200,148236,-0.682434,0.614807,-0.310974,0.244080,77.7113,39.1514,0
6.8300,148246,-0.682495,0.614746,-0.310913,0.244080,77.7207,39.1600,0
6.8400,148256,-0.682556,0.614746,-0.310913,0.244080,77.7278,39.1689,0
6.8500,148266,-0.682556,0.614685,-0.310913,0.244141,77.7352,39.1778,0
6.8600,148276,-0.682617,0.614624,-0.310913,0.244141,77.7433,39.1851,0
6.8700,148286,-0.682678,0.614624,-0.310913,0.244141,77.7481,39.1927,0
6.8800,148296,-0.682739,0.614502,-0.310852,0.244141,77.7545,39.1993,0
6.8900,148306,-0.682800,0.614502,-0.310852,0.244141,77.7575,39.2049,0
6.9000,148316,-0.682800,0.614441,-0.310852,0.244141,77.7604,39.2115,0
6.9100,148326,-0.682861,0.614380,-0.310852,0.244141,77.7632,39.2178,0
6.9200,148336,-0.682861,0.614380,-0.310791,0.244141,77.7676,39.2219,0
6.9300,148346,-0.682922,0.614319,-0.310791,0.244202,77.7706,39.2282,0
6.9400,148356,-0.682983,0.614258,-0.310791,0.244202,77.7752,39.2330,0
6.9500,148366,-0.683044,0.614258,-0.310791,0.244202,77.7772,39.2388,0
6.9600,148376,-0.683044,0.614197,-0.310730,0.244202,77.7815,39.2431,0
6.9700,148386,-0.683105,0.614136,-0.310730,0.244202,77.7850,39.2477,0
6.9800,148396,-0.683105,0.614136,-0.310730,0.244202,77.7877,39.2515,0
6.9900,148406,-0.683167,0.614075,-0.310730,0.244202,77.7891,39.2558,0
7.0000,148416,-0.683228,0.614014,-0.310730,0.244202,77.7916,39.2592,0
7.0100,148426,-0.683228,0.614014,-0.310669,0.244263,77.7946,39.2648,0
7.0200,148436,-0.683289,0.613953,-0.310669,0.244263,77.7968,39.2672,0
7.0300,148446,-0.683289,0.613953,-0.310669,0.244263,77.7984,39.2719,0
7.0400,148456,-0.683350,0.613892,-0.310669,0.244263,77.7998,39.2745,0
7.0500,148466,-0.683350,0.613831,-0.310669,0.244263,77.7994,39.2776,0
7.0600,148476,-0.683411,0.613831,-0.310669,0.244263,77.7996,39.2793,0
7.0700,148486,-0.683472,0.613770,-0.310608,0.244263,77.7998,39.2822,0
7.0800,148496,-0.683472,0.613770,-0.310608,0.244263,77.8006,39.2843,0
7.0900,148506,-0.683533,0.613708,-0.310608,0.244263,77.8020,39.2863,0
7.1000,148516,-0.683533,0.613708,-0.310608,0.244263,77.8027,39.2882,0
7.1100,148526,-0.683533,0.613647,-0.310608,0.244263,77.8039,39.2906,0
7.1200,148536,-0.683594,0.613647,-0.310608,0.244324,77.8051,39.2935,0
7.1300,148546,-0.683594,0.613647,-0.310608,0.244324,77.8068,39.2944,0
7.1400,148556,-0.683655,0.613586,-0.310547,0.244324,77.8078,39.2947,0
7.1500,148566,-0.683655,0.613586,-0.310547,0.244324,77.8088,39.2950,0
7.1600,148576,-0.683716,0.613525,-0.310547,0.244324,77.8103,39.2977,0
7.1700,148586,-0.683777,0.613464,-0.310547,0.244324,77.8100,39.2996,0
7.1800,148596,-0.683777,0.613464,-0.310547,0.244324,77.8103,39.3003,0
7.1900,148606,-0.683838,0.613403,-0.310547,0.244324,77.8082,39.3021,0
7.2000,148616,-0.683838,0.613403,-0.310547,0.244324,77.8068,39.3044,0
7.2100,148626,-0.683838,0.613342,-0.310547,0.244385,77.8066,39.3066,0
7.2200,148636,-0.683838,0.613220,-0.310669,0.244507,77.8082,39.3092,0
7.2300,148646,-0.683899,0.612976,-0.310852,0.244812,77.8288,39.3137,0
7.2400,148656,-0.683899,0.612427,-0.311340,0.245605,77.8869,39.3111,0
7.2500,148666,-0.683960,0.611755,-0.311707,0.246460,77.9558,39.3138,0
7.2600,148676,-0.684326,0.610840,-0.311951,0.247314,78.0687,39.3206,0
7.2700,148686,-0.684753,0.609924,-0.312195,0.248230,78.1802,39.3375,0
7.2800,148696,-0.685120,0.609009,-0.312561,0.249084,78.2700,39.3580,0
7.2900,148706,-0.685120,0.608276,-0.313171,0.250122,78.3239,39.3801,0
7.3000,148716,-0.684814,0.607849,-0.313904,0.250977,78.3216,39.4159,0
7.3100,148726,-0.684814,0.607422,-0.314209,0.251526,78.3444,39.4542,0
7.3200,148736,-0.685181,0.607178,-0.314026,0.251465,78.3673,39.5029,0
7.3300,148746,-0.685364,0.607117,-0.313843,0.251404,78.3634,39.5383,0
7.3400,148756,-0.685303,0.607483,-0.313477,0.250977,78.3046,39.5574,0
7.3500,148766,-0.685486,0.607788,-0.313171,0.250305,78.2497,39.6068,0
7.3600,148776,-0.686523,0.607056,-0.312439,0.250183,78.1934,39.6471,0
7.3700,148786,-0.686646,0.607239,-0.312073,0.249756,78.2066,39.6165,0
7.3800,148796,-0.686829,0.607300,-0.311462,0.249878,78.1039,39.6376,0
7.3900,148806,-0.686768,0.608093,-0.310913,0.248901,78.1121,39.6572,0
7.4000,148816,-0.687317,0.608215,-0.310120,0.247986,78.0955,39.6511,0
7.4100,148826,-0.687683,0.608521,-0.309265,0.247253,78.1319,39.6420,0
7.4200,148836,-0.688354,0.608582,-0.308289,0.246643,78.1115,39.6024,0
7.4300,148846,-0.688599,0.608948,-0.307434,0.246033,77.9864,39.6064,0
7.4400,148856,-0.689392,0.609741,-0.305786,0.243774,78.0551,39.6062,0
7.4500,148866,-0.689636,0.610168,-0.304993,0.243103,78.0338,39.5553,0
7.4600,148876,-0.689514,0.610840,-0.304749,0.242065,77.9380,39.5463,0
7.4700,148886,-0.689758,0.611084,-0.304382,0.241272,77.9140,39.5314,0
7.4800,148896,-0.690247,0.611084,-0.303650,0.240601,77.9381,39.4896,0
7.4900,148906,-0.690491,0.611328,-0.303101,0.239990,77.9241,39.4409,0
7.5000,148916,-0.691040,0.611328,-0.302429,0.239380,77.9559,39.3918,0
7.5100,148926,-0.691467,0.611328,-0.301636,0.239136,77.9898,39.3030,0
7.5200,148936,-0.691467,0.611938,-0.301270,0.238037,77.9115,39.2745,0
7.5300,148946,-0.691711,0.612061,-0.300903,0.237549,77.9030,39.2205,0
7.5400,148956,-0.692017,0.612122,-0.300293,0.237183,77.9216,39.1430,0
7.5500,148966,-0.692200,0.612244,-0.299866,0.236816,77.9108,39.0734,0
7.5600,148976,-0.691833,0.612793,-0.299866,0.236389,77.8234,39.0070,0
7.5700,148986,-0.691528,0.612976,-0.300110,0.236572,77.7891,38.9323,0
7.5800,148996,-0.692261,0.612488,-0.299377,0.236572,77.9015,38.8635,0
7.5900,149006,-0.693359,0.611694,-0.298584,0.236450,78.0522,38.8093,0
7.6000,149016,-0.694275,0.610840,-0.298096,0.236694,78.1989,38.7483,0
7.6100,149026,-0.694702,0.610474,-0.297729,0.236694,78.2444,38.6859,0
7.6200,149036,-0.695068,0.610657,-0.297058,0.236145,78.2349,38.6251,0
7.6300,149046,-0.695374,0.610901,-0.296387,0.235413,78.2169,38.5690,0
7.6400,149056,-0.695374,0.611145,-0.296143,0.234985,78.1731,38.5139,0
7.6500,149066,-0.695374,0.611145,-0.296143,0.234985,78.1600,38.4574,0
7.6600,149076,-0.695435,0.611023,-0.296204,0.235107,78.1024,38.4013,0
7.6700,149086,-0.694824,0.611633,-0.296509,0.234985,78.0328,38.3534,0
7.6800,149096,-0.694031,0.612427,-0.296997,0.234680,77.9863,38.3039,0
7.6900,149106,-0.693359,0.612915,-0.297485,0.234619,78.0532,38.2380,0
7.7000,149116,-0.693604,0.612427,-0.297546,0.235229,78.1096,38.1799,0
7.7100,149126,-0.693726,0.611938,-0.297668,0.235962,78.1317,38.1438,0
7.7200,149136,-0.693665,0.611572,-0.298096,0.236572,78.0126,38.1139,0
7.7300,149146,-0.691956,0.612488,-0.299805,0.237183,77.9018,38.1012,0
7.7400,149156,-0.691650,0.612122,-0.300537,0.238037,77.9189,38.0788,0
7.7500,149166,-0.691467,0.611633,-0.300903,0.239319,77.9756,38.0187,0
7.7600,149176,-0.691284,0.611084,-0.301636,0.240173,78.0123,38.0334,0
7.7700,149186,-0.691040,0.610840,-0.302124,0.240967,78.0299,38.0263,0
7.7800,149196,-0.690613,0.610596,-0.302979,0.241699,78.0099,38.0525,0
7.7900,149206,-0.690063,0.610718,-0.303711,0.242126,77.9587,38.0800,0
7.8000,149216,-0.689514,0.610596,-0.304443,0.242920,77.9339,38.0928,0
7.8100,149226,-0.689331,0.610168,-0.305115,0.243774,77.9650,38.1273,0
7.8200,149236,-0.688965,0.609924,-0.306030,0.244385,77.9517,38.1823,0
7.8300,149246,-0.688660,0.609802,-0.306519,0.244812,77.9439,38.2347,0
7.8400,149256,-0.688049,0.610229,-0.307068,0.244812,77.8498,38.2828,0
7.8500,149266,-0.687744,0.610291,-0.307434,0.245117,77.8340,38.3215,0
7.8600,149276,-0.687805,0.609802,-0.307617,0.245789,77.8967,38.3509,0
7.8700,149286,-0.687683,0.609558,-0.308044,0.246216,77.9160,38.4039,0
7.8800,149296,-0.687988,0.609009,-0.308167,0.246643,77.9854,38.4581,0
7.8900,149306,-0.687683,0.608887,-0.308655,0.247192,77.9859,38.5169,0
7.9000,149316,-0.686035,0.609009,-0.310913,0.248596,77.8475,38.5652,0
7.9100,149326,-0.685913,0.610107,-0.310059,0.247314,77.7345,38.6127,0
7.9200,149336,-0.685791,0.610718,-0.309631,0.246704,77.6829,38.6511,0
7.9300,149346,-0.685730,0.610901,-0.309509,0.246521,77.6713,38.6935,0
7.9400,149356,-0.685730,0.610962,-0.309509,0.246460,77.6751,38.7351,0
7.9500,149366,-0.685669,0.611023,-0.309448,0.246399,77.6775,38.7792,0
7.9600,149376,-0.685608,0.611084,-0.309509,0.246277,77.6792,38.8212,0
7.9700,149386,-0.685547,0.611145,-0.309570,0.246216,77.6814,38.8593,0
7.9800,149396,-0.685486,0.611206,-0.309631,0.246216,77.6853,38.8949,0
7.9900,149406,-0.685486,0.611267,-0.309631,0.246155,77.6902,38.9264,0
8.0000,149416,-0.685425,0.611328,-0.309692,0.246216,77.7020,38.9550,0
8.0100,149426,-0.685486,0.611145,-0.309814,0.246338,77.7209,38.9817,0
8.0200,149436,-0.685547,0.611023,-0.309814,0.246399,77.7454,39.0076,0
8.0300,149446,-0.685669,0.610901,-0.309753,0.246399,77.7704,39.0322,0
8.0400,149456,-0.685730,0.610840,-0.309692,0.246460,77.7889,39.0538,0
8.0500,149466,-0.685791,0.610718,-0.309692,0.246460,77.8034,39.0726,0
8.0600,149476,-0.685852,0.610718,-0.309692,0.246460,77.8149,39.0922,0
8.0700,149486,-0.685852,0.610718,-0.309692,0.246521,77.8234,39.1108,0
8.0800,149496,-0.685913,0.610657,-0.309631,0.246460,77.8303,39.1296,0
8.0900,149506,-0.685913,0.610657,-0.309631,0.246460,77.8362,39.1488,0
8.1000,149516,-0.685974,0.610657,-0.309631,0.246460,77.8389,39.1699,0
8.1100,149526,-0.685974,0.610596,-0.309631,0.246460,77.8415,39.1882,0
8.1200,149536,-0.685974,0.610596,-0.309631,0.246460,77.8445,39.2055,0
8.1300,149546,-0.686035,0.610535,-0.309631,0.246460,77.8456,39.2203,0
8.1400,149556,-0.686035,0.610535,-0.309570,0.246460,77.8472,39.2360,0
8.1500,149566,-0.686096,0.610474,-0.309570,0.246460,77.8487,39.2486,0
8.1600,149576,-0.686096,0.610413,-0.309570,0.246460,77.8508,39.2594,0
8.1700,149586,-0.686157,0.610413,-0.309570,0.246460,77.8534,39.2709,0
8.1800,149596,-0.686157,0.610352,-0.309570,0.246521,77.8558,39.2829,0
8.1900,149606,-0.686218,0.610352,-0.309570,0.246521,77.8593,39.2944,0
8.2000,149616,-0.686218,0.610291,-0.309570,0.246521,77.8626,39.3064,0
8.2100,149626,-0.686279,0.610291,-0.309509,0.246521,77.8652,39.3179,0
8.2200,149636,-0.686279,0.610229,-0.309509,0.246521,77.8664,39.3264,0
8.2300,149646,-0.686340,0.610229,-0.309509,0.246521,77.8650,39.3357,0
8.2400,149656,-0.686340,0.610229,-0.309509,0.246521,77.8626,39.3451,0
8.2500,149666,-0.686340,0.610168,-0.309509,0.246521,77.8596,39.3540,0
8.2600,149676,-0.686401,0.610168,-0.309509,0.246521,77.8574,39.3619,0
8.2700,149686,-0.686401,0.610168,-0.309509,0.246521,77.8577,39.3682,0
8.2800,149696,-0.686462,0.610107,-0.309509,0.246521,77.8562,39.3760,0
8.2900,149706,-0.686523,0.610046,-0.309509,0.246521,77.8548,39.3828,0
8.3000,149716,-0.686523,0.610046,-0.309509,0.246521,77.8534,39.3892,0
8.3100,149726,-0.686523,0.609985,-0.309509,0.246521,77.8521,39.3960,0
8.3200,149736,-0.686584,0.609985,-0.309509,0.246521,77.8503,39.4024,0
8.3300,149746,-0.686584,0.609924,-0.309448,0.246521,77.8474,39.4084,0
8.3400,149756,-0.686584,0.609924,-0.309448,0.246521,77.8464,39.4136,0
8.3500,149766,-0.686646,0.609924,-0.309448,0.246521,77.8460,39.4197,0
8.3600,149776,-0.686646,0.609863,-0.309448,0.246521,77.8457,39.4224,0
8.3700,149786,-0.686646,0.609863,-0.309448,0.246521,77.8460,39.4237,0
8.3800,149796,-0.686707,0.609863,-0.309448,0.246521,77.8456,39.4250,0
8.3900,149806,-0.686707,0.609802,-0.309448,0.246521,77.8459,39.4262,0
8.4000,149816,-0.686707,0.609802,-0.309448,0.246521,77.8450,39.4274,0
8.4100,149826,-0.686768,0.609802,-0.309448,0.246521,77.8435,39.4285,0
8.4200,149836,-0.686768,0.609741,-0.309448,0.246521,77.8421,39.4283,0
8.4300,149846,-0.686829,0.609741,-0.309448,0.246521,77.8390,39.4276,0
8.4400,149856,-0.686829,0.609680,-0.309448,0.246521,77.8378,39.4269,0
8.4500,149866,-0.686829,0.609680,-0.309448,0.246521,77.8373,39.4257,0
8.4600,149876,-0.686890,0.609619,-0.309448,0.246582,77.8374,39.4306,0
8.4700,149886,-0.686829,0.609619,-0.309509,0.246643,77.8399,39.4364,0
8.4800,149896,-0.686829,0.609558,-0.309631,0.246765,77.8422,39.4408,0
8.4900,149906,-0.686768,0.609497,-0.309753,0.246826,77.8463,39.4449,0
8.5000,149916,-0.686768,0.609375,-0.309875,0.246948,77.8501,39.4520,0
8.5100,149926,-0.686707,0.609314,-0.309998,0.247070,77.8572,39.4587,0
8.5200,149936,-0.686707,0.609192,-0.310120,0.247253,77.8647,39.4682,0
8.5300,149946,-0.686646,0.609070,-0.310303,0.247437,77.8788,39.4731,0
8.5400,149956,-0.686646,0.608887,-0.310547,0.247742,77.8976,39.4802,0
8.5500,149966,-0.686584,0.608582,-0.310852,0.248108,77.9173,39.4897,0
8.5600,149976,-0.686523,0.608276,-0.311218,0.248596,77.9360,39.5019,0
8.5700,149986,-0.686340,0.607666,-0.312195,0.249573,77.9440,39.5195,0
8.5800,149996,-0.686096,0.607361,-0.312744,0.250122,77.9440,39.5364,0
8.5900,150006,-0.685913,0.607117,-0.313171,0.250610,77.9451,39.5581,0
8.6000,150016,-0.685852,0.607056,-0.313354,0.250732,77.9332,39.5823,0
8.6100,150026,-0.685303,0.606140,-0.314819,0.252686,77.9865,39.5960,0
8.6200,150036,-0.684204,0.604980,-0.317200,0.255371,78.0201,39.6237,0
8.6300,150046,-0.683533,0.604248,-0.318726,0.257202,78.0455,39.6734,0
8.6400,150056,-0.683228,0.603394,-0.319763,0.258606,78.1041,39.7444,108
8.6500,150066,-0.683655,0.603455,-0.319214,0.258118,78.1158,39.8341,0
8.6600,150076,-0.683472,0.603149,-0.319702,0.258606,78.1127,39.9089,0
8.6700,150086,-0.681763,0.602051,-0.322754,0.261780,78.0960,39.9683,0
8.6800,150096,-0.681580,0.601624,-0.323425,0.262573,78.1123,40.0678,0
8.6900,150106,-0.681580,0.601318,-0.323669,0.262878,78.1242,40.1766,0
8.7000,150116,-0.681335,0.601257,-0.324097,0.263184,78.0991,40.2736,0
8.7100,150126,-0.681152,0.601196,-0.324402,0.263428,78.0729,40.3695,0
8.7200,150136,-0.681091,0.601196,-0.324463,0.263428,78.0545,40.4623,0
8.7300,150146,-0.681091,0.601196,-0.324402,0.263428,78.0377,40.5493,0
8.7400,150156,-0.681152,0.601257,-0.324341,0.263306,78.0278,40.6283,0
8.7500,150166,-0.681335,0.601379,-0.324036,0.263062,78.0160,40.6994,0
8.7600,150176,-0.681641,0.601624,-0.323364,0.262451,78.0042,40.7660,0
8.7700,150186,-0.682068,0.601929,-0.322510,0.261658,77.9930,40.8298,0
8.7800,150196,-0.682312,0.602051,-0.322083,0.261292,77.9871,40.8813,0
8.7900,150206,-0.682495,0.602051,-0.321838,0.261047,77.9815,40.9255,0
8.8000,150216,-0.682556,0.602112,-0.321716,0.260925,77.9755,40.9698,0
8.8100,150226,-0.682678,0.602112,-0.321594,0.260864,77.9705,41.0094,0
8.8200,150236,-0.682739,0.602112,-0.321472,0.260742,77.9657,41.0512,0
8.8300,150246,-0.682861,0.602112,-0.321289,0.260620,77.9571,41.0903,0
8.8400,150256,-0.682983,0.602173,-0.321106,0.260498,77.9411,41.1243,0
8.8500,150266,-0.682922,0.602295,-0.321106,0.260376,77.9247,41.1525,0
8.8600,150276,-0.682922,0.602295,-0.321106,0.260376,77.9240,41.1745,0
8.8700,150286,-0.682922,0.602234,-0.321167,0.260437,77.9204,41.1954,0
8.8800,150296,-0.682922,0.602173,-0.321167,0.260437,77.9169,41.2196,0
8.8900,150306,-0.682922,0.602112,-0.321228,0.260498,77.9148,41.2443,0
8.9000,150316,-0.682983,0.602051,-0.321228,0.260559,77.9146,41.2672,0
8.9100,150326,-0.682983,0.602051,-0.321228,0.260559,77.9103,41.2890,0
8.9200,150336,-0.683044,0.602051,-0.321106,0.260498,77.9115,41.3102,0
8.9300,150346,-0.683289,0.601990,-0.320862,0.260376,77.9280,41.3250,0
8.9400,150356,-0.683533,0.601929,-0.320496,0.260315,77.9575,41.3336,0
8.9500,150366,-0.683655,0.601868,-0.320251,0.260315,77.9735,41.3400,0
8.9600,150376,-0.683777,0.601807,-0.320068,0.260437,77.9840,41.3419,0
8.9700,150386,-0.683838,0.601807,-0.319885,0.260498,77.9924,41.3438,0
8.9800,150396,-0.683899,0.601807,-0.319702,0.260559,77.9992,41.3420,0
8.9900,150406,-0.683838,0.601868,-0.319458,0.260864,78.0056,41.3279,0
9.0000,150416,-0.683777,0.601929,-0.319092,0.261353,78.0185,41.2856,0
9.0100,150426,-0.683533,0.602051,-0.318848,0.261902,78.0275,41.2477,0
9.0200,150436,-0.683411,0.602295,-0.318359,0.262451,78.0376,41.1994,0
9.0300,150446,-0.683228,0.602600,-0.317810,0.262878,78.0456,41.1661,0
9.0400,150456,-0.683044,0.602844,-0.317383,0.263184,78.0521,41.1572,0
9.0500,150466,-0.682800,0.603271,-0.316711,0.263733,78.0671,41.1081,0
9.0600,150476,-0.682434,0.603882,-0.315674,0.264465,78.0890,41.0137,0
9.0700,150486,-0.681946,0.604614,-0.314758,0.265137,78.0524,40.9191,0
9.0800,150496,-0.681274,0.605591,-0.313843,0.265808,78.0004,40.8266,0
9.0900,150506,-0.680359,0.606812,-0.312927,0.266479,77.9543,40.8037,0
9.1000,150516,-0.679504,0.607849,-0.312378,0.266846,77.9599,40.8958,0
9.1100,150526,-0.679199,0.608337,-0.312378,0.266602,78.0222,40.9691,0
9.1200,150536,-0.679199,0.608398,-0.312195,0.266663,78.0760,41.0502,0
9.1300,150546,-0.679077,0.608521,-0.312134,0.266846,78.1331,41.1313,0
9.1400,150556,-0.679016,0.608521,-0.312073,0.266846,78.1898,41.2126,0
9.1500,150566,-0.679016,0.608521,-0.312134,0.266846,78.2432,41.2945,0
9.1600,150576,-0.679016,0.608521,-0.312134,0.266846,78.2938,41.3700,0
9.1700,150586,-0.678955,0.608582,-0.312134,0.266785,78.3402,41.4440,0
9.1800,150596,-0.678955,0.608643,-0.312134,0.266785,78.3854,41.5144,0
9.1900,150606,-0.678833,0.608643,-0.312317,0.266785,78.4175,41.5919,0
9.2000,150616,-0.678711,0.608582,-0.312866,0.266602,78.4314,41.7059,0
9.2100,150626,-0.678772,0.608154,-0.314270,0.265808,78.4280,41.9345,0
9.2200,150636,-0.679199,0.607361,-0.316162,0.264343,78.4348,42.2460,0
9.2300,150646,-0.680054,0.606079,-0.318359,0.262390,78.4521,42.6100,0
9.2400,150656,-0.681396,0.604309,-0.320618,0.260254,78.5168,42.9909,0
9.2500,150666,-0.682129,0.603333,-0.321228,0.259888,78.5774,43.0457,0
9.2600,150676,-0.682434,0.602661,-0.321472,0.260437,78.6272,42.9898,0
9.2700,150686,-0.682556,0.602234,-0.321594,0.260681,78.6347,42.9397,0
9.2800,150696,-0.682617,0.602112,-0.321716,0.260803,78.6127,42.8798,0
9.2900,150706,-0.682556,0.602112,-0.321777,0.260864,78.5776,42.8223,0
9.3000,150716,-0.682617,0.602112,-0.321716,0.260864,78.5455,42.7651,0
9.3100,150726,-0.682678,0.602051,-0.321594,0.260742,78.5197,42.7096,0
9.3200,150736,-0.682800,0.602051,-0.321472,0.260742,78.4951,42.6539,0
9.3300,150746,-0.682861,0.602051,-0.321350,0.260742,78.4730,42.6051,0
9.3400,150756,-0.682983,0.601990,-0.321289,0.260681,78.4503,42.5630,0
9.3500,150766,-0.683044,0.601990,-0.321167,0.260620,78.4130,42.5323,0
9.3600,150776,-0.683105,0.601990,-0.321167,0.260437,78.3848,42.4888,0
9.3700,150786,-0.683167,0.601990,-0.321045,0.260315,78.3621,42.4464,0
9.3800,150796,-0.683350,0.601990,-0.320862,0.260193,78.3352,42.4022,0
9.3900,150806,-0.683594,0.602112,-0.320435,0.259827,78.3075,42.3577,0
9.4000,150816,-0.683838,0.602295,-0.319946,0.259399,78.2793,42.3135,0
9.4100,150826,-0.683960,0.602417,-0.319580,0.259094,78.2466,42.2774,0
9.4200,150836,-0.684021,0.602661,-0.319397,0.258728,78.2162,42.2383,0
9.4300,150846,-0.684021,0.602600,-0.319397,0.258728,78.1938,42.2037,0
9.4400,150856,-0.684082,0.602600,-0.319397,0.258667,78.1735,42.1688,0
9.4500,150866,-0.684082,0.602600,-0.319397,0.258667,78.1549,42.1338,0
9.4600,150876,-0.684082,0.602539,-0.319397,0.258667,78.1372,42.1012,0
9.4700,150886,-0.684082,0.602539,-0.319397,0.258728,78.1191,42.0697,0
9.4800,150896,-0.684082,0.602478,-0.319458,0.258728,78.0997,42.0403,0
9.4900,150906,-0.684082,0.602478,-0.319580,0.258789,78.0776,42.0167,0
9.5000,150916,-0.684021,0.602478,-0.319702,0.258850,78.0584,41.9877,0
9.5100,150926,-0.683960,0.602356,-0.319824,0.258972,78.0443,41.9608,0
9.5200,150936,-0.683838,0.602295,-0.320068,0.259216,78.0339,41.9330,0
9.5300,150946,-0.683716,0.602112,-0.320435,0.259521,78.0276,41.9097,0
9.5400,150956,-0.683472,0.601929,-0.320801,0.260010,78.0216,41.8890,0
9.5500,150966,-0.683228,0.601685,-0.321350,0.260620,78.0183,41.8737,0
9.5600,150976,-0.682922,0.601318,-0.322083,0.261414,78.0145,41.8637,0
9.5700,150986,-0.682495,0.600952,-0.322876,0.262268,78.0115,41.8674,0
9.5800,150996,-0.682068,0.600586,-0.323730,0.263184,78.0075,41.8754,0
9.5900,151006,-0.681641,0.600281,-0.324524,0.264038,77.9990,41.8922,0
9.6000,151016,-0.681335,0.600037,-0.325134,0.264648,77.9908,41.9106,0
9.6100,151026,-0.681213,0.599854,-0.325439,0.264893,77.9807,41.9359,0
9.6200,151036,-0.681152,0.599792,-0.325562,0.265015,77.9687,41.9635,0
9.6300,151046,-0.681091,0.599731,-0.325745,0.265198,77.9556,41.9899,0
9.6400,151056,-0.681030,0.599609,-0.325928,0.265320,77.9449,42.0179,0
9.6500,151066,-0.681030,0.599548,-0.325989,0.265442,77.9317,42.0457,0
9.6600,151076,-0.680908,0.599548,-0.326172,0.265564,77.9180,42.0723,0
9.6700,151086,-0.680725,0.599426,-0.326477,0.265808,77.9009,42.0995,0
9.6800,151096,-0.680542,0.599365,-0.326843,0.266052,77.8864,42.1271,0
9.6900,151106,-0.680420,0.599304,-0.327087,0.266174,77.8797,42.1540,0
9.7000,151116,-0.680481,0.599243,-0.327087,0.266174,77.8740,42.1789,0
9.7100,151126,-0.680664,0.599182,-0.327087,0.265930,77.8767,42.1994,0
9.7200,151136,-0.681091,0.599365,-0.326355,0.265381,77.8893,42.2217,0
9.7300,151146,-0.681946,0.599915,-0.324707,0.263733,77.8770,42.2475,0
9.7400,151156,-0.682922,0.600647,-0.322937,0.261841,77.8647,42.2587,0
9.7500,151166,-0.683838,0.601257,-0.321289,0.260132,77.8578,42.2478,0
9.7600,151176,-0.684570,0.601868,-0.319763,0.258606,77.8453,42.2220,0
9.7700,151186,-0.684998,0.602295,-0.318848,0.257629,77.8298,42.1803,0
9.7800,151196,-0.685425,0.602661,-0.317932,0.256836,77.8247,42.1286,0
9.7900,151206,-0.685791,0.602905,-0.317200,0.256165,77.8270,42.0726,0
9.8000,151216,-0.686096,0.603088,-0.316589,0.255615,77.8281,42.0137,0
9.8100,151226,-0.686340,0.603271,-0.316101,0.255249,77.8279,41.9535,0
9.8200,151236,-0.686462,0.603394,-0.315735,0.254883,77.8206,41.8944,0
9.8300,151246,-0.686646,0.603516,-0.315430,0.254578,77.8095,41.8351,0
9.8400,151256,-0.686951,0.603699,-0.314880,0.253906,77.7907,41.7792,0
9.8500,151266,-0.687500,0.604309,-0.313660,0.252502,77.7674,41.7254,0
9.8600,151276,-0.688477,0.605286,-0.311584,0.250122,77.7369,41.6398,0
9.8700,151286,-0.690002,0.606567,-0.308411,0.246643,77.7060,41.5314,0
9.8800,151296,-0.692261,0.608459,-0.303711,0.241516,77.6690,41.3972,0
9.8900,151306,-0.694946,0.610718,-0.297852,0.235291,77.6309,41.2186,0
9.9000,151316,-0.697998,0.613098,-0.291260,0.228333,77.5989,40.9893,0
9.9100,151326,-0.701233,0.615784,-0.283813,0.220459,77.5548,40.7244,0
9.9200,151336,-0.704224,0.618225,-0.276733,0.212830,77.5194,40.4046,0
9.9300,151346,-0.706726,0.620300,-0.270630,0.206299,77.4977,40.0355,0
9.9400,151356,-0.708862,0.622009,-0.265259,0.200623,77.4878,39.6479,0
9.9500,151366,-0.710815,0.623413,-0.260559,0.195618,77.4789,39.2343,0
9.9600,151376,-0.712524,0.624634,-0.256226,0.190918,77.5015,38.7739,0
9.9700,151386,-0.714111,0.625732,-0.252014,0.186890,77.5283,38.3135,0
9.9800,151396,-0.716980,0.627502,-0.244751,0.179626,77.5384,37.8492,0
9.9900,151406,-0.718201,0.628479,-0.241333,0.176025,77.5331,37.3798,0
10.0000,151416,-0.719360,0.629395,-0.237915,0.172363,77.5263,36.9088,0
10.0100,151426,-0.720642,0.630615,-0.234009,0.168213,77.4961,36.4299,0
10.0200,151436,-0.722229,0.632080,-0.228760,0.162842,77.4687,35.9317,0
10.0300,151446,-0.724121,0.633606,-0.222656,0.156799,77.4601,35.4045,0
10.0400,151456,-0.726135,0.635071,-0.216492,0.150330,77.4572,34.8880,0
10.0500,151466,-0.727905,0.636353,-0.210632,0.144165,77.4504,34.3466,0
10.0600,151476,-0.729553,0.637573,-0.205078,0.138428,77.4523,33.7700,0
10.0700,151486,-0.730713,0.638550,-0.200806,0.134094,77.4506,33.1683,0
10.0800,151496,-0.731628,0.639343,-0.197266,0.130432,77.4472,32.5626,0
10.0900,151506,-0.732300,0.640259,-0.194031,0.127014,77.4465,31.9567,0
10.1000,151516,-0.732849,0.641052,-0.191345,0.124146,77.4500,31.3562,0
10.1100,151526,-0.733093,0.641724,-0.189331,0.122009,77.4569,30.7601,0
10.1200,151536,-0.733215,0.642212,-0.188049,0.120544,77.4652,30.1735,0
10.1300,151546,-0.733215,0.642578,-0.187500,0.119873,77.4784,29.6013,0
10.1400,151556,-0.733154,0.642700,-0.187317,0.119690,77.4963,29.0492,0
10.1500,151566,-0.733032,0.642822,-0.187378,0.119629,77.5181,28.5235,0
10.1600,151576,-0.732971,0.642883,-0.187500,0.119751,77.5430,28.0272,0
10.1700,151586,-0.732910,0.642822,-0.187805,0.119995,77.5749,27.5595,0
10.1800,151596,-0.732788,0.642700,-0.188293,0.120422,77.6093,27.1201,0
10.1900,151606,-0.732666,0.642639,-0.188721,0.120911,77.6427,26.7076,0
10.2000,151616,-0.732361,0.642639,-0.189392,0.121582,77.6779,26.3129,0
10.2100,151626,-0.731934,0.642517,-0.190613,0.122925,77.7090,25.9387,0
10.2200,151636,-0.731262,0.642273,-0.192627,0.125122,77.7368,25.6057,0
10.2300,151646,-0.730469,0.641907,-0.195129,0.127686,77.7661,25.3060,0
10.2400,151656,-0.729431,0.641418,-0.198242,0.130920,77.7899,25.0312,0
10.2500,151666,-0.728271,0.640808,-0.201965,0.134888,77.8195,24.7915,0
10.2600,151676,-0.725464,0.638855,-0.211060,0.144836,77.8554,24.5976,0
10.2700,151686,-0.723450,0.637390,-0.217590,0.151672,77.8961,24.4551,0
10.2800,151696,-0.721008,0.635620,-0.225159,0.159302,77.9286,24.4055,0
10.2900,151706,-0.718750,0.633728,-0.232605,0.166443,77.9688,24.4467,0
10.3000,151716,-0.716248,0.632202,-0.239319,0.173401,77.9690,24.4965,0
10.3100,151726,-0.713623,0.630615,-0.245972,0.180359,77.9710,24.5899,0
10.3200,151736,-0.711060,0.629028,-0.252380,0.187134,77.9735,24.7355,0
10.3300,151746,-0.708557,0.627441,-0.258545,0.193542,77.9776,24.9371,0
10.3400,151756,-0.706055,0.625610,-0.264832,0.199890,77.9905,25.2042,0
10.3500,151766,-0.703979,0.624023,-0.269897,0.205261,78.0169,25.5072,0
10.3600,151776,-0.701660,0.622437,-0.275208,0.211060,78.0308,25.8082,0
10.3700,151786,-0.699097,0.620544,-0.281006,0.217285,78.0475,26.1555,0
10.3800,151796,-0.696594,0.618774,-0.286682,0.223022,78.0491,26.5633,0
10.3900,151806,-0.694153,0.617004,-0.292175,0.228149,78.0380,27.0319,0
10.4000,151816,-0.692932,0.616150,-0.294861,0.230896,78.0340,27.4895,0
10.4100,151826,-0.691833,0.615479,-0.296875,0.233154,78.0304,27.9334,0
10.4200,151836,-0.690674,0.614685,-0.299194,0.235840,78.0376,28.3931,0
10.4300,151846,-0.689514,0.613892,-0.301514,0.238281,78.0373,28.8544,0
10.4400,151856,-0.688599,0.613281,-0.303284,0.240234,78.0343,29.3195,0
10.4500,151866,-0.687683,0.612671,-0.305115,0.242187,78.0314,29.7707,0
10.4600,151876,-0.687256,0.612366,-0.305969,0.243042,78.0268,30.2240,0
10.4700,151886,-0.686829,0.612061,-0.306824,0.243958,78.0225,30.6671,0
10.4800,151896,-0.686279,0.611633,-0.307922,0.245117,78.0279,31.0934,0
10.4900,151906,-0.685669,0.611206,-0.309082,0.246399,78.0331,31.5076,0
10.5000,151916,-0.685242,0.610657,-0.310303,0.247559,78.0296,31.9180,0
10.5100,151926,-0.685059,0.610535,-0.310608,0.247864,78.0270,32.3107,0
10.5200,151936,-0.684998,0.610474,-0.310791,0.247986,78.0213,32.6870,0
10.5300,151946,-0.684937,0.610413,-0.310913,0.248108,78.0165,33.0427,0
10.5400,151956,-0.684937,0.610291,-0.311035,0.248230,78.0120,33.3794,0
10.5500,151966,-0.684937,0.610229,-0.311157,0.248352,78.0077,33.6993,0
10.5600,151976,-0.684875,0.610168,-0.311279,0.248474,78.0042,34.0099,0
10.5700,151986,-0.684692,0.610046,-0.311707,0.248840,77.9996,34.3062,0
10.5800,151996,-0.684509,0.609802,-0.312195,0.249268,77.9947,34.5886,0
10.5900,152006,-0.684204,0.609558,-0.312805,0.249878,77.9901,34.8569,0
10.6000,152016,-0.684021,0.609375,-0.313293,0.250305,77.9821,35.1187,0
10.6100,152026,-0.683960,0.609253,-0.313477,0.250488,77.9751,35.3715,0
10.6200,152036,-0.683899,0.609131,-0.313660,0.250671,77.9715,35.6155,0
10.6300,152046,-0.683777,0.609009,-0.313904,0.250916,77.9704,35.8466,0
10.6400,152056,-0.683716,0.608887,-0.314209,0.251160,77.9705,36.0687,0
10.6500,152066,-0.683655,0.608765,-0.314392,0.251343,77.9730,36.2828,0
10.6600,152076,-0.683533,0.608643,-0.314697,0.251587,77.9748,36.4856,0
10.6700,152086,-0.683472,0.608459,-0.315002,0.251892,77.9795,36.6815,0
10.6800,152096,-0.683350,0.608276,-0.315308,0.252258,77.9802,36.8706,0
10.6900,152106,-0.683228,0.608032,-0.315674,0.252625,77.9820,37.0528,0
10.7000,152116,-0.683167,0.607849,-0.315979,0.252930,77.9850,37.2285,0
10.7100,152126,-0.683167,0.607666,-0.316223,0.253174,77.9890,37.3990,0
10.7200,152136,-0.683105,0.607483,-0.316345,0.253357,77.9892,37.5635,0
10.7300,152146,-0.683105,0.607422,-0.316467,0.253418,77.9877,37.7197,0
10.7400,152156,-0.683105,0.607361,-0.316589,0.253540,77.9862,37.8669,0
10.7500,152166,-0.683105,0.607300,-0.316589,0.253540,77.9836,38.0067,0
10.7600,152176,-0.683105,0.607300,-0.316589,0.253601,77.9806,38.1396,0
10.7700,152186,-0.683167,0.607300,-0.316589,0.253601,77.9777,38.2658,0
10.7800,152196,-0.683167,0.607239,-0.316589,0.253601,77.9743,38.3845,0
10.7900,152206,-0.683228,0.607239,-0.316589,0.253601,77.9711,38.4984,0
10.8000,152216,-0.683228,0.607178,-0.316589,0.253601,77.9669,38.6067,0
10.8100,152226,-0.683228,0.607178,-0.316528,0.253601,77.9611,38.7102,0
10.8200,152236,-0.683228,0.607117,-0.316589,0.253662,77.9562,38.8090,0
10.8300,152246,-0.683228,0.607056,-0.316650,0.253723,77.9486,38.9029,0
10.8400,152256,-0.683289,0.606995,-0.316650,0.253723,77.9420,38.9910,0
10.8500,152266,-0.683289,0.606995,-0.316650,0.253723,77.9351,39.0740,0
10.8600,152276,-0.683350,0.606934,-0.316650,0.253723,77.9297,39.1535,0
10.8700,152286,-0.683350,0.606934,-0.316650,0.253784,77.9252,39.2284,0
10.8800,152296,-0.683411,0.606934,-0.316650,0.253784,77.9221,39.2996,0
10.8900,152306,-0.683411,0.606873,-0.316650,0.253784,77.9173,39.3690,0
10.9000,152316,-0.683411,0.606873,-0.316650,0.253784,77.9152,39.4343,0
10.9100,152326,-0.683411,0.606812,-0.316650,0.253784,77.9126,39.4964,0
10.9200,152336,-0.683411,0.606750,-0.316711,0.253845,77.9125,39.5585,0
10.9300,152346,-0.683411,0.606750,-0.316772,0.253967,77.9124,39.6139,0
10.9400,152356,-0.683411,0.606689,-0.316833,0.254028,77.9105,39.6677,0
10.9500,152366,-0.683411,0.606628,-0.316895,0.254089,77.9082,39.7195,0
10.9600,152376,-0.683350,0.606567,-0.316956,0.254150,77.9047,39.7704,0
10.9700,152386,-0.683350,0.606506,-0.317078,0.254211,77.9009,39.8219,0
10.9800,152396,-0.683350,0.606445,-0.317139,0.254333,77.8972,39.8703,0
10.9900,152406,-0.683289,0.606445,-0.317200,0.254395,77.8931,39.9180,0
11.0000,152416,-0.683289,0.606323,-0.317322,0.254517,77.8922,39.9652,0
11.0100,152426,-0.683228,0.606262,-0.317444,0.254639,77.8908,40.0119,0
11.0200,152436,-0.683228,0.606201,-0.317566,0.254700,77.8900,40.0545,0
11.0300,152446,-0.683228,0.606140,-0.317627,0.254822,77.8879,40.0955,0
11.0400,152456,-0.683167,0.606079,-0.317688,0.254883,77.8823,40.1327,0
11.0500,152466,-0.683167,0.606079,-0.317749,0.254944,77.8771,40.1674,0
11.0600,152476,-0.683228,0.606018,-0.317749,0.254944,77.8720,40.2022,0
11.0700,152486,-0.683228,0.606018,-0.317749,0.254944,77.8691,40.2353,0
11.0800,152496,-0.683228,0.606018,-0.317749,0.254944,77.8645,40.2666,0
11.0900,152506,-0.683289,0.605957,-0.317749,0.254944,77.8595,40.2959,0
11.1000,152516,-0.683289,0.605957,-0.317688,0.254944,77.8536,40.3236,0
11.1100,152526,-0.683350,0.605896,-0.317688,0.254944,77.8509,40.3500,0
11.1200,152536,-0.683350,0.605896,-0.317688,0.254944,77.8466,40.3769,0
11.1300,152546,-0.683350,0.605896,-0.317688,0.254944,77.8431,40.4024,0
11.1400,152556,-0.683411,0.605835,-0.317688,0.254944,77.8392,40.4266,0
11.1500,152566,-0.683411,0.605835,-0.317688,0.254944,77.8355,40.4484,0
11.1600,152576,-0.683411,0.605835,-0.317688,0.255005,77.8320,40.4686,0
11.1700,152586,-0.683472,0.605774,-0.317627,0.255005,77.8292,40.4883,0
11.1800,152596,-0.683472,0.605774,-0.317627,0.255005,77.8266,40.5070,0
11.1900,152606,-0.683472,0.605774,-0.317627,0.255005,77.8235,40.5260,0
11.2000,152616,-0.683533,0.605713,-0.317627,0.255005,77.8206,40.5441,0
11.2100,152626,-0.683533,0.605713,-0.317627,0.255005,77.8178,40.5606,0
11.2200,152636,-0.683533,0.605713,-0.317627,0.255005,77.8152,40.5769,0
11.2300,152646,-0.683594,0.605652,-0.317627,0.255005,77.8133,40.5924,0
11.2400,152656,-0.683594,0.605652,-0.317627,0.255005,77.8103,40.6072,0
11.2500,152666,-0.683594,0.605652,-0.317627,0.255005,77.8074,40.6205,0
11.2600,152676,-0.683594,0.605591,-0.317566,0.255005,77.8053,40.6321,0
11.2700,152686,-0.683655,0.605591,-0.317566,0.255005,77.8045,40.6442,0
11.2800,152696,-0.683655,0.605591,-0.317566,0.255005,77.8031,40.6558,0
11.2900,152706,-0.683655,0.605530,-0.317566,0.255005,77.8012,40.6655,0
11.3000,152716,-0.683716,0.605530,-0.317566,0.255005,77.8011,40.6748,0
11.3100,152726,-0.683716,0.605530,-0.317566,0.255066,77.7999,40.6860,0
11.3200,152736,-0.683716,0.605469,-0.317566,0.255066,77.7994,40.6955,0
11.3300,152746,-0.683777,0.605469,-0.317566,0.255066,77.7982,40.7050,0
11.3400,152756,-0.683777,0.605469,-0.317505,0.255066,77.7972,40.7141,0
11.3500,152766,-0.683777,0.605408,-0.317505,0.255066,77.7956,40.7240,0
11.3600,152776,-0.683838,0.605408,-0.317505,0.255066,77.7946,40.7315,0
11.3700,152786,-0.683838,0.605408,-0.317505,0.255066,77.7925,40.7405,0
11.3800,152796,-0.683838,0.605347,-0.317505,0.255066,77.7912,40.7472,0
11.3900,152806,-0.683899,0.605347,-0.317505,0.255066,77.7893,40.7530,0
11.4000,152816,-0.683899,0.605347,-0.317505,0.255066,77.7886,40.7597,0
11.4100,152826,-0.683899,0.605286,-0.317505,0.255066,77.7880,40.7654,0
11.4200,152836,-0.683960,0.605286,-0.317505,0.255066,77.7887,40.7709,0
11.4300,152846,-0.683960,0.605286,-0.317505,0.255066,77.7887,40.7767,0
11.4400,152856,-0.683960,0.605286,-0.317505,0.255066,77.7881,40.7822,0
11.4500,152866,-0.683960,0.605225,-0.317444,0.255066,77.7875,40.7875,0
11.4600,152876,-0.684021,0.605225,-0.317444,0.255066,77.7864,40.7930,0
11.4700,152886,-0.684021,0.605225,-0.317444,0.255066,77.7847,40.7977,0
11.4800,152896,-0.684021,0.605225,-0.317444,0.255127,77.7843,40.8016,0
11.4900,152906,-0.684021,0.605164,-0.317444,0.255127,77.7828,40.8047,0
11.5000,152916,-0.684021,0.605164,-0.317444,0.255127,77.7825,40.8088,0
11.5100,152926,-0.684021,0.605164,-0.317444,0.255127,77.7822,40.8115,0
11.5200,152936,-0.684021,0.605164,-0.317444,0.255127,77.7801,40.8165,0
11.5300,152946,-0.684021,0.605164,-0.317444,0.255127,77.7800,40.8182,0
11.5400,152956,-0.684021,0.605164,-0.317444,0.255127,77.7810,40.8210,0
11.5500,152966,-0.684021,0.605164,-0.317444,0.255127,77.7820,40.8231,0
11.5600,152976,-0.684021,0.605164,-0.317444,0.255127,77.7817,40.8245,0
11.5700,152986,-0.684021,0.605164,-0.317444,0.255127,77.7809,40.8271,0
11.5800,152996,-0.684021,0.605164,-0.317444,0.255127,77.7813,40.8289,0
11.5900,153006,-0.684021,0.605164,-0.317444,0.255127,77.7804,40.8306,0
11.6000,153016,-0.684021,0.605164,-0.317444,0.255127,77.7797,40.8328,0
11.6100,153026,-0.684021,0.605164,-0.317444,0.255127,77.7789,40.8361,0
11.6200,153036,-0.684021,0.605164,-0.317444,0.255127,77.7788,40.8375,0
11.6300,153046,-0.684021,0.605164,-0.317444,0.255127,77.7781,40.8387,0
11.6400,153056,-0.684021,0.605164,-0.317444,0.255127,77.7781,40.8400,0
11.6500,153066,-0.684021,0.605164,-0.317444,0.255127,77.7774,40.8423,0
11.6600,153076,-0.684021,0.605164,-0.317444,0.255127,77.7786,40.8451,0
11.6700,153086,-0.684021,0.605164,-0.317444,0.255127,77.7779,40.8460,0
11.6800,153096,-0.684021,0.605164,-0.317444,0.255127,77.7773,40.8469,0
11.6900,153106,-0.684021,0.605164,-0.317444,0.255127,77.7766,40.8477,0
11.7000,153116,-0.684021,0.605164,-0.317444,0.255127,77.7760,40.8479,0
11.7100,153126,-0.684021,0.605164,-0.317444,0.255127,77.7743,40.8492,0
11.7200,153136,-0.684021,0.605164,-0.317444,0.255127,77.7744,40.8505,0
11.7300,153146,-0.684021,0.605164,-0.317444,0.255127,77.7752,40.8505,0
11.7400,153156,-0.684021,0.605164,-0.317444,0.255127,77.7746,40.8524,0
11.7500,153166,-0.684021,0.605164,-0.317444,0.255127,77.7747,40.8535,0
11.7600,153176,-0.684021,0.605164,-0.317444,0.255127,77.7760,40.8558,0
11.7700,153186,-0.684021,0.605164,-0.317444,0.255127,77.7779,40.8561,0
11.7800,153196,-0.684021,0.605164,-0.317444,0.255127,77.7808,40.8577,0
11.7900,153206,-0.684021,0.605164,-0.317444,0.255127,77.7818,40.8591,0
11.8000,153216,-0.684021,0.605164,-0.317444,0.255127,77.7827,40.8587,0
11.8100,153226,-0.684021,0.605164,-0.317444,0.255127,77.7830,40.8589,0
11.8200,153236,-0.684021,0.605164,-0.317444,0.255127,77.7839,40.8580,0
11.8300,153246,-0.684021,0.605164,-0.317444,0.255127,77.7841,40.8582,0
11.8400,153256,-0.684021,0.605164,-0.317444,0.255127,77.7862,40.8591,0
11.8500,153266,-0.684021,0.605164,-0.317444,0.255127,77.7869,40.8599,0
11.8600,153276,-0.684021,0.605164,-0.317444,0.255127,77.7882,40.8606,0
11.8700,153286,-0.684021,0.605164,-0.317444,0.255127,77.7912,40.8619,0
11.8800,153296,-0.684021,0.605164,-0.317444,0.255127,77.7916,40.8620,0
11.8900,153306,-0.684021,0.605164,-0.317444,0.255127,77.7945,40.8620,0
11.9000,153316,-0.684021,0.605164,-0.317444,0.255127,77.7965,40.8633,0
11.9100,153326,-0.684021,0.605164,-0.317444,0.255127,77.7973,40.8639,0
11.9200,153336,-0.684021,0.605164,-0.317444,0.255127,77.7981,40.8632,0
11.9300,153346,-0.684021,0.605164,-0.317444,0.255127,77.7982,40.8632,0
11.9400,153356,-0.684021,0.605164,-0.317444,0.255127,77.7983,40.8632,0
11.9500,153366,-0.684021,0.605225,-0.317444,0.255066,77.7997,40.8632,0
11.9600,153376,-0.684082,0.605225,-0.317261,0.254944,77.7991,40.8638,0
11.9700,153386,-0.684143,0.605286,-0.317200,0.254883,77.7986,40.8607,0
11.9800,153396,-0.684143,0.605286,-0.317200,0.254883,77.7963,40.8588,0
11.9900,153406,-0.684204,0.605347,-0.317078,0.254761,77.7953,40.8577,0
12.0000,153416,-0.684265,0.605347,-0.317017,0.254700,77.7926,40.8566,0
12.0100,153426,-0.684326,0.605408,-0.316833,0.254578,77.7906,40.8550,0
12.0200,153436,-0.684387,0.605469,-0.316711,0.254456,77.7870,40.8504,0
12.0300,153446,-0.684448,0.605530,-0.316528,0.254272,77.7835,40.8465,0
12.0400,153456,-0.684570,0.605652,-0.316284,0.254028,77.7814,40.8410,0
12.0500,153466,-0.684692,0.605713,-0.315979,0.253784,77.7800,40.8284,0
12.0600,153476,-0.684875,0.605896,-0.315613,0.253479,77.7775,40.8145,0
12.0700,153486,-0.684998,0.606018,-0.315308,0.253174,77.7794,40.8019,0
12.0800,153496,-0.685181,0.606079,-0.315002,0.252930,77.7788,40.7868,0
12.0900,153506,-0.685242,0.606262,-0.314697,0.252625,77.7759,40.7693,0
12.1000,153516,-0.685486,0.606445,-0.314270,0.252197,77.7714,40.7508,0
12.1100,153526,-0.685791,0.606689,-0.313599,0.251526,77.7682,40.7194,0
12.1200,153536,-0.686401,0.607117,-0.312439,0.250366,77.7759,40.6798,0
12.1300,153546,-0.687195,0.607666,-0.310852,0.248779,77.7839,40.6392,0
12.1400,153556,-0.688049,0.608276,-0.309143,0.247070,77.7914,40.5800,0
12.1500,153566,-0.689209,0.608948,-0.306946,0.244812,77.7990,40.5094,0
12.1600,153576,-0.690918,0.609680,-0.304199,0.241699,77.7925,40.4136,0
12.1700,153586,-0.692993,0.611145,-0.300110,0.237244,77.7809,40.3265,0
12.1800,153596,-0.695190,0.612610,-0.295776,0.232422,77.7509,40.1870,0
12.1900,153606,-0.697205,0.614197,-0.291321,0.227539,77.7615,39.9724,0
12.2000,153616,-0.699524,0.615601,-0.286377,0.222900,77.7617,39.7495,0
12.2100,153626,-0.701965,0.617310,-0.280884,0.217407,77.7565,39.5138,0
12.2200,153636,-0.704041,0.618652,-0.276367,0.212585,77.7455,39.2565,0
12.2300,153646,-0.705933,0.619934,-0.272156,0.208008,77.7232,38.9728,0
12.2400,153656,-0.709167,0.622314,-0.264343,0.199707,77.7162,38.6323,0
12.2500,153666,-0.711121,0.623657,-0.259460,0.194885,77.7133,38.2812,0
12.2600,153676,-0.713257,0.625366,-0.253906,0.189026,77.6832,37.9245,0
12.2700,153686,-0.715332,0.627075,-0.248169,0.182922,77.6451,37.5439,0
12.2800,153696,-0.717529,0.628784,-0.242187,0.176453,77.6125,37.1429,0
12.2900,153706,-0.719604,0.630432,-0.236145,0.170105,77.5881,36.6947,0
12.3000,153716,-0.721497,0.632141,-0.230042,0.163940,77.5502,36.1962,0
12.3100,153726,-0.722900,0.633606,-0.224976,0.159241,77.5262,35.6365,0
12.3200,153736,-0.724182,0.634460,-0.221069,0.155457,77.5385,35.0967,0
12.3300,153746,-0.724915,0.634888,-0.218933,0.153259,77.5604,34.5618,0
12.3400,153756,-0.725281,0.635254,-0.217651,0.151855,77.5657,34.0322,0
12.3500,153766,-0.725464,0.635559,-0.216736,0.150818,77.5678,33.5161,0
12.3600,153776,-0.725647,0.635864,-0.216003,0.150024,77.5705,33.0160,0
12.3700,153786,-0.725769,0.636108,-0.215271,0.149231,77.5765,32.5341,0
12.3800,153796,-0.725891,0.636353,-0.214661,0.148560,77.5799,32.0719,0
12.3900,153806,-0.725952,0.636536,-0.214294,0.148071,77.5825,31.6255,0
12.4000,153816,-0.725952,0.636719,-0.213989,0.147766,77.5897,31.1958,0
12.4100,153826,-0.725952,0.636780,-0.213867,0.147705,77.6078,30.7890,0
12.4200,153836,-0.725891,0.636780,-0.213867,0.147705,77.6334,30.4001,0
12.4300,153846,-0.725952,0.636658,-0.213928,0.147766,77.6701,30.0313,0
12.4400,153856,-0.726013,0.636536,-0.214111,0.148010,77.7092,29.6817,0
12.4500,153866,-0.725891,0.636353,-0.214600,0.148499,77.7391,29.3518,0
12.4600,153876,-0.725708,0.636169,-0.215393,0.149292,77.7599,29.0440,0
12.4700,153886,-0.725464,0.635986,-0.216187,0.150146,77.7725,28.7562,0
12.4800,153896,-0.725159,0.635864,-0.216919,0.150879,77.7779,28.4888,0
12.4900,153906,-0.724976,0.635803,-0.217346,0.151367,77.7849,28.2389,0
12.5000,153916,-0.724915,0.635742,-0.217590,0.151489,77.7962,28.0046,0
12.5100,153926,-0.724915,0.635742,-0.217712,0.151611,77.8070,27.7833,0
12.5200,153936,-0.724731,0.635681,-0.218140,0.151978,77.8141,27.5718,0
12.5300,153946,-0.724487,0.635620,-0.218750,0.152588,77.8215,27.3742,0
12.5400,153956,-0.724060,0.635498,-0.219666,0.153564,77.8328,27.1899,0
12.5500,153966,-0.723572,0.635315,-0.220947,0.154846,77.8339,27.0194,0
12.5600,153976,-0.723145,0.635010,-0.222229,0.156128,77.8355,26.8710,0
12.5700,153986,-0.722778,0.634827,-0.223328,0.157227,77.8376,26.7424,0
12.5800,153996,-0.722412,0.634644,-0.224365,0.158203,77.8337,26.6301,0
12.5900,154006,-0.722046,0.634399,-0.225464,0.159119,77.8347,26.5351,0
12.6000,154016,-0.721802,0.634216,-0.226257,0.159851,77.8399,26.4528,0
12.6100,154026,-0.721558,0.634033,-0.227051,0.160522,77.8393,26.3827,0
12.6200,154036,-0.721313,0.633850,-0.227905,0.161255,77.8393,26.3235,0
12.6300,154046,-0.721008,0.633667,-0.228821,0.162048,77.8452,26.2742,0
12.6400,154056,-0.720642,0.633362,-0.229980,0.163147,77.8568,26.2331,0
12.6500,154066,-0.720032,0.632996,-0.231750,0.164856,77.8696,26.1994,0
12.6600,154076,-0.719360,0.632324,-0.233948,0.167053,77.8881,26.1797,0
12.6700,154086,-0.718567,0.631653,-0.236450,0.169556,77.9033,26.1702,0
12.6800,154096,-0.717407,0.630737,-0.239807,0.173096,77.9178,26.2040,0
12.6900,154106,-0.716064,0.629761,-0.243530,0.177002,77.9250,26.2652,0
12.7000,154116,-0.714355,0.628967,-0.247498,0.181213,77.9229,26.3588,0
12.7100,154126,-0.712463,0.627747,-0.252319,0.186340,77.9293,26.4858,0
12.7200,154136,-0.710144,0.626099,-0.258118,0.192444,77.9442,26.6564,0
12.7300,154146,-0.707275,0.624146,-0.265259,0.199585,77.9363,26.8836,0
12.7400,154156,-0.704346,0.622192,-0.272217,0.206482,77.9105,27.1096,0
12.7500,154166,-0.701111,0.620422,-0.278931,0.213745,77.8854,27.4236,0
12.7600,154176,-0.697205,0.618042,-0.287354,0.222168,77.8757,27.8279,0
12.7700,154186,-0.693604,0.615479,-0.295349,0.229919,77.8551,28.2352,0
12.7800,154196,-0.690247,0.613403,-0.302063,0.236877,77.8500,28.6589,0
12.7900,154206,-0.687012,0.611389,-0.308105,0.243469,77.8517,29.1551,0
12.8000,154216,-0.683167,0.608704,-0.315735,0.251160,77.8426,29.6975,0
12.8100,154226,-0.682922,0.608521,-0.316223,0.251587,77.8465,30.2339,0
12.8200,154236,-0.682739,0.608276,-0.316650,0.252014,77.8572,30.7461,0
12.8300,154246,-0.682678,0.608032,-0.317078,0.252441,77.8710,31.2345,0
12.8400,154256,-0.682556,0.607849,-0.317322,0.252747,77.8782,31.7011,0
12.8500,154266,-0.682495,0.607788,-0.317505,0.252930,77.8791,32.1479,0
12.8600,154276,-0.682434,0.607727,-0.317688,0.253113,77.8799,32.5748,0
12.8700,154286,-0.682312,0.607666,-0.317871,0.253235,77.8813,32.9793,0
12.8800,154296,-0.682251,0.607605,-0.317993,0.253357,77.8826,33.3653,0
12.8900,154306,-0.682190,0.607544,-0.318176,0.253479,77.8827,33.7327,0
12.9000,154316,-0.682190,0.607483,-0.318237,0.253601,77.8839,34.0836,0
12.9100,154326,-0.682129,0.607483,-0.318298,0.253662,77.8821,34.4169,0
12.9200,154336,-0.682190,0.607422,-0.318298,0.253662,77.8810,34.7318,0
12.9300,154346,-0.682190,0.607422,-0.318298,0.253662,77.8800,35.0315,0
12.9400,154356,-0.682190,0.607422,-0.318298,0.253662,77.8778,35.3151,0
12.9500,154366,-0.682190,0.607361,-0.318298,0.253662,77.8763,35.5850,0
12.9600,154376,-0.682251,0.607361,-0.318298,0.253662,77.8761,35.8415,0
12.9700,154386,-0.682251,0.607361,-0.318298,0.253662,77.8741,36.0851,0
12.9800,154396,-0.682251,0.607361,-0.318298,0.253662,77.8716,36.3178,0
12.9900,154406,-0.682251,0.607361,-0.318298,0.253662,77.8692,36.5388,0
13.0000,154416,-0.682312,0.607300,-0.318298,0.253662,77.8664,36.7506,0
13.0100,154426,-0.682312,0.607300,-0.318237,0.253662,77.8619,36.9487,0
13.0200,154436,-0.682312,0.607300,-0.318237,0.253662,77.8589,37.1382,0
13.0300,154446,-0.682312,0.607300,-0.318237,0.253662,77.8571,37.3194,0
13.0400,154456,-0.682312,0.607239,-0.318237,0.253723,77.8567,37.4903,0
13.0500,154466,-0.682373,0.607239,-0.318237,0.253723,77.8531,37.6539,0
13.0600,154476,-0.682373,0.607239,-0.318237,0.253723,77.8492,37.8087,0
13.0700,154486,-0.682373,0.607239,-0.318237,0.253723,77.8460,37.9558,0
13.0800,154496,-0.682434,0.607178,-0.318237,0.253723,77.8424,38.0955,0
13.0900,154506,-0.682434,0.607178,-0.318237,0.253723,77.8390,38.2276,0
13.1000,154516,-0.682434,0.607178,-0.318237,0.253723,77.8363,38.3531,0
13.1100,154526,-0.682434,0.607178,-0.318237,0.253723,77.8332,38.4748,0
13.1200,154536,-0.682434,0.607117,-0.318176,0.253723,77.8302,38.5885,0
13.1300,154546,-0.682495,0.607117,-0.318176,0.253723,77.8262,38.6978,0
13.1400,154556,-0.682495,0.607117,-0.318176,0.253723,77.8242,38.8010,0
13.1500,154566,-0.682495,0.607117,-0.318176,0.253723,77.8216,38.8990,0
13.1600,154576,-0.682495,0.607117,-0.318176,0.253723,77.8181,38.9898,0
13.1700,154586,-0.682556,0.607056,-0.318176,0.253723,77.8164,39.0766,0
13.1800,154596,-0.682556,0.607056,-0.318176,0.253723,77.8137,39.1597,0
13.1900,154606,-0.682556,0.607056,-0.318176,0.253723,77.8117,39.2386,0
13.2000,154616,-0.682556,0.607056,-0.318176,0.253784,77.8104,39.3136,0
13.2100,154626,-0.682556,0.606995,-0.318176,0.253784,77.8080,39.3860,0
13.2200,154636,-0.682617,0.606995,-0.318115,0.253784,77.8057,39.4542,0
13.2300,154646,-0.682617,0.606995,-0.318115,0.253784,77.8041,39.5184,0
13.2400,154656,-0.682617,0.606995,-0.318115,0.253784,77.8020,39.5800,0
13.2500,154666,-0.682617,0.606934,-0.318115,0.253784,77.8000,39.6391,0
13.2600,154676,-0.682678,0.606934,-0.318115,0.253784,77.7992,39.6934,0
13.2700,154686,-0.682678,0.606934,-0.318115,0.253784,77.7974,39.7451,0
13.2800,154696,-0.682678,0.606934,-0.318115,0.253784,77.7956,39.7941,0
13.2900,154706,-0.682678,0.606873,-0.318115,0.253784,77.7927,39.8407,0
13.3000,154716,-0.682739,0.606873,-0.318115,0.253784,77.7906,39.8844,0
13.3100,154726,-0.682739,0.606873,-0.318115,0.253784,77.7886,39.9289,0
13.3200,154736,-0.682739,0.606873,-0.318115,0.253784,77.7854,39.9723,0
13.3300,154746,-0.682739,0.606873,-0.318054,0.253784,77.7843,40.0118,0
13.3400,154756,-0.682739,0.606812,-0.318054,0.253784,77.7826,40.0475,0
13.3500,154766,-0.682739,0.606812,-0.318054,0.253784,77.7815,40.0820,0
13.3600,154776,-0.682800,0.606812,-0.318054,0.253784,77.7805,40.1160,0
13.3700,154786,-0.682800,0.606812,-0.318054,0.253784,77.7796,40.1489,0
13.3800,154796,-0.682800,0.606812,-0.318054,0.253845,77.7769,40.1796,0
13.3900,154806,-0.682800,0.606750,-0.318054,0.253845,77.7756,40.2087,0
13.4000,154816,-0.682861,0.606750,-0.318054,0.253845,77.7767,40.2358,0
13.4100,154826,-0.682861,0.606750,-0.318054,0.253845,77.7771,40.2609,0
13.4200,154836,-0.682861,0.606750,-0.318054,0.253845,77.7746,40.2853,0
13.4300,154846,-0.682861,0.606750,-0.318054,0.253845,77.7734,40.3086,0
13.4400,154856,-0.682861,0.606750,-0.318054,0.253845,77.7728,40.3318,0
13.4500,154866,-0.682861,0.606689,-0.317993,0.253845,77.7728,40.3533,0
13.4600,154876,-0.682922,0.606689,-0.317993,0.253845,77.7717,40.3738,0
13.4700,154886,-0.682922,0.606689,-0.317993,0.253845,77.7712,40.3926,0
13.4800,154896,-0.682922,0.606689,-0.317993,0.253845,77.7701,40.4098,0
13.4900,154906,-0.682922,0.606689,-0.317993,0.253845,77.7691,40.4280,0
13.5000,154916,-0.682922,0.606628,-0.317993,0.253845,77.7676,40.4453,0
13.5100,154926,-0.682922,0.606628,-0.317993,0.253845,77.7661,40.4606,0
13.5200,154936,-0.682983,0.606628,-0.317993,0.253845,77.7665,40.4744,0
13.5300,154946,-0.682983,0.606628,-0.317993,0.253845,77.7669,40.4894,0
13.5400,154956,-0.682983,0.606628,-0.317993,0.253845,77.7654,40.5024,0
13.5500,154966,-0.682983,0.606628,-0.317993,0.253845,77.7658,40.5148,0
13.5600,154976,-0.682983,0.606567,-0.317993,0.253845,77.7651,40.5272,0
13.5700,154986,-0.682983,0.606567,-0.317993,0.253906,77.7637,40.5401,0
13.5800,154996,-0.683044,0.606567,-0.317993,0.253906,77.7630,40.5506,0
13.5900,155006,-0.683044,0.606567,-0.317932,0.253906,77.7630,40.5588,0
13.6000,155016,-0.683044,0.606567,-0.317932,0.253906,77.7629,40.5683,0
13.6100,155026,-0.683044,0.606506,-0.317932,0.253906,77.7617,40.5786,0
13.6200,155036,-0.683044,0.606506,-0.317932,0.253906,77.7617,40.5866,0
13.6300,155046,-0.683105,0.606506,-0.317932,0.253906,77.7611,40.5959,0
13.6400,155056,-0.683105,0.606506,-0.317932,0.253906,77.7605,40.6042,0
13.6500,155066,-0.683105,0.606506,-0.317932,0.253906,77.7612,40.6133,0
13.6600,155076,-0.683105,0.606445,-0.317932,0.253906,77.7612,40.6207,0
13.6700,155086,-0.683105,0.606445,-0.317932,0.253906,77.7613,40.6278,0
13.6800,155096,-0.683167,0.606445,-0.317932,0.253906,77.7619,40.6351,0
13.6900,155106,-0.683167,0.606445,-0.317932,0.253906,77.7637,40.6408,0
13.7000,155116,-0.683167,0.606445,-0.317932,0.253906,77.7636,40.6457,0
13.7100,155126,-0.683167,0.606445,-0.317871,0.253906,77.7647,40.6509,0
13.7200,155136,-0.683167,0.606384,-0.317871,0.253906,77.7640,40.6565,0
13.7300,155146,-0.683167,0.606384,-0.317871,0.253906,77.7645,40.6600,0
13.7400,155156,-0.683228,0.606384,-0.317871,0.253906,77.7631,40.6651,0
13.7500,155166,-0.683228,0.606384,-0.317871,0.253906,77.7631,40.6681,0
13.7600,155176,-0.683228,0.606384,-0.317871,0.253906,77.7624,40.6716,0
13.7700,155186,-0.683228,0.606384,-0.317871,0.253906,77.7630,40.6755,0
13.7800,155196,-0.683228,0.606323,-0.317871,0.253967,77.7617,40.6793,0
13.7900,155206,-0.683228,0.606323,-0.317871,0.253967,77.7617,40.6834,0
13.8000,155216,-0.683289,0.606323,-0.317871,0.253967,77.7623,40.6861,0
13.8100,155226,-0.683289,0.606323,-0.317871,0.253967,77.7611,40.6899,0
13.8200,155236,-0.683289,0.606323,-0.317871,0.253967,77.7606,40.6935,0
13.8300,155246,-0.683289,0.606323,-0.317871,0.253967,77.7589,40.6963,0
13.8400,155256,-0.683289,0.606323,-0.317871,0.253967,77.7590,40.6996,0
13.8500,155266,-0.683289,0.606262,-0.317871,0.253967,77.7586,40.7027,0
13.8600,155276,-0.683289,0.606262,-0.317871,0.253967,77.7581,40.7051,0
13.8700,155286,-0.683289,0.606262,-0.317871,0.253967,77.7577,40.7073,0
13.8800,155296,-0.683289,0.606262,-0.317871,0.253967,77.7585,40.7101,0
13.8900,155306,-0.683289,0.606262,-0.317871,0.253967,77.7599,40.7115,0
13.9000,155316,-0.683289,0.606262,-0.317871,0.253967,77.7600,40.7140,0
13.9100,155326,-0.683289,0.606262,-0.317871,0.253967,77.7595,40.7158,0
13.9200,155336,-0.683289,0.606262,-0.317871,0.253967,77.7608,40.7169,0
13.9300,155346,-0.683289,0.606262,-0.317871,0.253967,77.7591,40.7197,0
13.9400,155356,-0.683289,0.606262,-0.317871,0.253967,77.7586,40.7207,0
13.9500,155366,-0.683289,0.606262,-0.317871,0.253967,77.7576,40.7221,0
13.9600,155376,-0.683289,0.606262,-0.317871,0.253967,77.7578,40.7235,0
13.9700,155386,-0.683289,0.606262,-0.317871,0.253967,77.7574,40.7237,0
13.9800,155396,-0.683289,0.606262,-0.317871,0.253967,77.7576,40.7250,0
13.9900,155406,-0.683289,0.606262,-0.317871,0.253967,77.7579,40.7256,0
14.0000,155416,-0.683289,0.606262,-0.317871,0.253967,77.7587,40.7263,0
14.0100,155426,-0.683289,0.606262,-0.317871,0.253967,77.7582,40.7274,0
14.0200,155436,-0.683289,0.606262,-0.317871,0.253967,77.7584,40.7298,0
14.0300,155446,-0.683289,0.606262,-0.317871,0.253967,77.7586,40.7308,0
14.0400,155456,-0.683289,0.606262,-0.317871,0.253967,77.7587,40.7323,0
14.0500,155466,-0.683289,0.606262,-0.317871,0.253967,77.7589,40.7326,0
14.0600,155476,-0.683289,0.606262,-0.317871,0.253967,77.7596,40.7323,0
14.0700,155486,-0.683289,0.606262,-0.317871,0.253967,77.7604,40.7344,0
14.0800,155496,-0.683289,0.606262,-0.317871,0.253967,77.7616,40.7352,0
14.0900,155506,-0.683289,0.606262,-0.317871,0.253967,77.7628,40.7359,0
14.1000,155516,-0.683289,0.606262,-0.317871,0.253967,77.7634,40.7372,0
14.1100,155526,-0.683289,0.606262,-0.317871,0.253967,77.7627,40.7378,0
14.1200,155536,-0.683289,0.606262,-0.317871,0.253967,77.7603,40.7390,0
14.1300,155546,-0.683289,0.606262,-0.317871,0.253967,77.7598,40.7390,0
14.1400,155556,-0.683289,0.606262,-0.317871,0.253967,77.7593,40.7384,0
14.1500,155566,-0.683289,0.606262,-0.317871,0.253967,77.7570,40.7401,0
14.1600,155576,-0.683289,0.606262,-0.317871,0.253967,77.7543,40.7418,0
14.1700,155586,-0.683289,0.606262,-0.317871,0.253967,77.7535,40.7422,0
14.1800,155596,-0.683289,0.606262,-0.317871,0.253967,77.7533,40.7414,0
14.1900,155606,-0.683289,0.606262,-0.317871,0.253967,77.7520,40.7418,0
14.2000,155616,-0.683289,0.606262,-0.317871,0.253967,77.7495,40.7423,0
14.2100,155626,-0.683289,0.606262,-0.317871,0.253967,77.7489,40.7421,0
14.2200,155636,-0.683289,0.606323,-0.317810,0.253906,77.7466,40.7424,0
14.2300,155646,-0.683350,0.606323,-0.317749,0.253845,77.7438,40.7428,0
14.2400,155656,-0.683350,0.606323,-0.317688,0.253845,77.7411,40.7432,0
14.2500,155666,-0.683411,0.606384,-0.317627,0.253784,77.7380,40.7410,0
14.2600,155676,-0.683472,0.606445,-0.317505,0.253662,77.7350,40.7377,0
14.2700,155686,-0.683533,0.606506,-0.317322,0.253479,77.7334,40.7352,0
14.2800,155696,-0.683655,0.606567,-0.317078,0.253296,77.7301,40.7303,0
14.2900,155706,-0.683777,0.606750,-0.316772,0.252930,77.7228,40.7237,0
14.3000,155716,-0.683960,0.606995,-0.316223,0.252441,77.7172,40.7131,0
14.3100,155726,-0.684570,0.607300,-0.315186,0.251404,77.7136,40.6966,0
14.3200,155736,-0.685486,0.608032,-0.313232,0.249573,77.7197,40.6713,0
14.3300,155746,-0.686768,0.608948,-0.310730,0.247070,77.7291,40.6426,0
14.3400,155756,-0.688232,0.609802,-0.308044,0.244202,77.7416,40.6057,0
14.3500,155766,-0.689453,0.610596,-0.305664,0.241699,77.7444,40.5465,0
14.3600,155776,-0.690796,0.611389,-0.303162,0.238892,77.7423,40.4759,0
14.3700,155786,-0.692261,0.612244,-0.300476,0.235962,77.7385,40.3545,0
14.3800,155796,-0.693848,0.613281,-0.297302,0.232666,77.7391,40.1996,0
14.3900,155806,-0.695618,0.614380,-0.293701,0.229004,77.7355,40.0185,0
14.4000,155816,-0.697449,0.615723,-0.289612,0.224915,77.7255,39.7989,0
14.4100,155826,-0.699463,0.617126,-0.285034,0.220520,77.7161,39.5347,0
14.4200,155836,-0.701843,0.618835,-0.279785,0.215027,77.7006,39.3100,0
14.4300,155846,-0.704346,0.620544,-0.274231,0.208923,77.6894,39.0188,0
14.4400,155856,-0.706787,0.622253,-0.268433,0.202942,77.6789,38.6600,0
14.4500,155866,-0.709229,0.624084,-0.262207,0.196899,77.6725,38.3016,0
14.4600,155876,-0.711731,0.625793,-0.255981,0.190491,77.6760,37.9191,0
14.4700,155886,-0.713928,0.627197,-0.250610,0.184814,77.6774,37.5036,0
14.4800,155896,-0.715942,0.628418,-0.245544,0.179565,77.6694,37.0558,0
14.4900,155906,-0.719177,0.630798,-0.236572,0.170166,77.6480,36.5913,0
14.5000,155916,-0.720520,0.631897,-0.232361,0.165955,77.6327,36.0952,0
14.5100,155926,-0.721741,0.632996,-0.228210,0.161987,77.6192,35.5726,0
14.5200,155936,-0.722900,0.634094,-0.224182,0.158264,77.6084,35.0408,0
14.5300,155946,-0.724060,0.635071,-0.220337,0.154419,77.5993,34.5263,0
14.5400,155956,-0.725037,0.635864,-0.217224,0.151062,77.5938,34.0171,0
14.5500,155966,-0.725769,0.636475,-0.214844,0.148560,77.5952,33.5088,0
14.5600,155976,-0.726318,0.636902,-0.212952,0.146423,77.6041,33.0058,0
14.5700,155986,-0.726868,0.637268,-0.211304,0.144592,77.6150,32.5138,0
14.5800,155996,-0.727234,0.637756,-0.209839,0.142883,77.6194,32.0266,0
14.5900,156006,-0.727600,0.638184,-0.208252,0.141174,77.6183,31.5453,0
14.6000,156016,-0.728027,0.638733,-0.206421,0.139282,77.6142,31.0701,0
14.6100,156026,-0.728394,0.639343,-0.204529,0.137268,77.6008,30.6030,0
14.6200,156036,-0.728760,0.639954,-0.202637,0.135254,77.5852,30.1436,0
14.6300,156046,-0.729065,0.640503,-0.200928,0.133423,77.5786,29.6910,0
14.6400,156056,-0.729309,0.640991,-0.199585,0.132019,77.5771,29.2451,0
14.6500,156066,-0.729431,0.641418,-0.198608,0.130859,77.5841,28.8065,0
14.6600,156076,-0.729553,0.641724,-0.197754,0.129883,77.5891,28.3811,0
14.6700,156086,-0.729614,0.642029,-0.197021,0.129089,77.5943,27.9667,0
14.6800,156096,-0.729675,0.642395,-0.196228,0.128296,77.6005,27.5691,0
14.6900,156106,-0.729675,0.642700,-0.195679,0.127686,77.6088,27.1846,0
14.7000,156116,-0.729553,0.642883,-0.195374,0.127380,77.6190,26.8165,0
14.7100,156126,-0.729492,0.643005,-0.195312,0.127258,77.6418,26.4643,0
14.7200,156136,-0.729492,0.643066,-0.195312,0.127258,77.6699,26.1304,0
14.7300,156146,-0.729492,0.643066,-0.195312,0.127258,77.7068,25.8163,0
14.7400,156156,-0.729431,0.642944,-0.195557,0.127502,77.7483,25.5192,0
14.7500,156166,-0.729431,0.642761,-0.195984,0.127991,77.7836,25.2373,0
14.7600,156176,-0.729187,0.642700,-0.196655,0.128662,77.8136,24.9747,0
14.7700,156186,-0.728271,0.642212,-0.199524,0.131714,77.8421,24.7344,0
14.7800,156196,-0.727600,0.641846,-0.201660,0.133911,77.8656,24.5169,0
14.7900,156206,-0.726807,0.641357,-0.204285,0.136597,77.8891,24.3251,0
14.8000,156216,-0.725769,0.640808,-0.207520,0.139954,77.9185,24.1650,0
14.8100,156226,-0.724548,0.640015,-0.211426,0.144043,77.9368,24.0252,0
14.8200,156236,-0.723145,0.639282,-0.215332,0.148376,77.9526,23.9120,0
14.8300,156246,-0.721436,0.638123,-0.220398,0.153870,77.9854,23.8418,0
14.8400,156256,-0.719604,0.636658,-0.226379,0.159912,78.0224,23.8415,0
14.8500,156266,-0.717590,0.634827,-0.233154,0.166443,78.0644,23.9247,0
14.8600,156276,-0.715515,0.633118,-0.239441,0.172791,78.0943,24.0265,0
14.8700,156286,-0.713257,0.631470,-0.245667,0.179382,78.1209,24.1502,0
14.8800,156296,-0.710815,0.629700,-0.252136,0.186218,78.1337,24.3199,0
14.8900,156306,-0.708435,0.628052,-0.258118,0.192566,78.1399,24.5324,0
14.9000,156316,-0.705994,0.626282,-0.264160,0.198853,78.1536,24.8046,0
14.9100,156326,-0.703613,0.624390,-0.270386,0.204773,78.1610,25.1524,0
14.9200,156336,-0.701599,0.622864,-0.275391,0.209717,78.1489,25.5110,0
14.9300,156346,-0.699646,0.621765,-0.279480,0.214172,78.1275,25.9026,0
14.9400,156356,-0.697327,0.620483,-0.284180,0.219238,78.1006,26.3088,0
14.9500,156366,-0.695007,0.618896,-0.289307,0.224182,78.0798,26.7797,0
14.9600,156376,-0.693054,0.617493,-0.293640,0.228455,78.0732,27.2615,0
14.9700,156386,-0.691101,0.616089,-0.297791,0.232727,78.0734,27.7417,0
14.9800,156396,-0.689148,0.614746,-0.301758,0.236816,78.0646,28.2352,0
14.9900,156406,-0.687378,0.613586,-0.305298,0.240479,78.0498,28.7325,0
15.0000,156416,-0.686096,0.612427,-0.308105,0.243347,78.0393,29.2337,0
15.0100,156426,-0.685242,0.611633,-0.310059,0.245361,78.0317,29.7303,0
15.0200,156436,-0.684448,0.611023,-0.311707,0.247131,78.0250,30.2217,0
15.0300,156446,-0.683777,0.610413,-0.313171,0.248596,78.0205,30.7061,0
15.0400,156456,-0.683350,0.609985,-0.314148,0.249573,78.0156,31.1768,0
15.0500,156466,-0.682983,0.609619,-0.314941,0.250366,78.0092,31.6290,0
15.0600,156476,-0.682190,0.609009,-0.316589,0.252075,78.0036,32.0630,0
15.0700,156486,-0.681946,0.608765,-0.317078,0.252502,77.9966,32.4882,0
15.0800,156496,-0.681824,0.608643,-0.317444,0.252808,77.9862,32.8938,0
15.0900,156506,-0.681702,0.608521,-0.317688,0.253052,77.9763,33.2829,0
15.1000,156516,-0.681580,0.608398,-0.317993,0.253296,77.9699,33.6563,0
15.1100,156526,-0.681458,0.608276,-0.318237,0.253540,77.9650,34.0147,0
15.1200,156536,-0.681396,0.608154,-0.318542,0.253784,77.9592,34.3546,0
15.1300,156546,-0.681274,0.608093,-0.318726,0.254028,77.9554,34.6800,0
15.1400,156556,-0.681213,0.607971,-0.318909,0.254150,77.9524,34.9874,0
15.1500,156566,-0.681152,0.607849,-0.319092,0.254333,77.9514,35.2843,0
15.1600,156576,-0.681152,0.607727,-0.319214,0.254517,77.9504,35.5681,0
15.1700,156586,-0.681091,0.607666,-0.319397,0.254639,77.9488,35.8360,0
15.1800,156596,-0.681030,0.607605,-0.319519,0.254761,77.9473,36.0936,0
15.1900,156606,-0.681030,0.607544,-0.319641,0.254883,77.9436,36.3383,0
15.2000,156616,-0.680969,0.607483,-0.319763,0.255005,77.9418,36.5690,0
15.2100,156626,-0.680908,0.607422,-0.319885,0.255127,77.9389,36.7925,0
15.2200,156636,-0.680847,0.607361,-0.320007,0.255249,77.9343,37.0066,0
15.2300,156646,-0.680847,0.607300,-0.320129,0.255310,77.9306,37.2131,0
15.2400,156656,-0.680786,0.607239,-0.320190,0.255432,77.9247,37.4099,0
15.2500,156666,-0.680786,0.607178,-0.320313,0.255493,77.9209,37.5969,0
15.2600,156676,-0.680725,0.607117,-0.320435,0.255676,77.9184,37.7770,0
15.2700,156686,-0.680664,0.606995,-0.320618,0.255798,77.9209,37.9469,0
15.2800,156696,-0.680664,0.606873,-0.320740,0.255981,77.9208,38.1089,0
15.2900,156706,-0.680603,0.606812,-0.320862,0.256042,77.9195,38.2599,0
15.3000,156716,-0.680603,0.606812,-0.320923,0.256165,77.9165,38.4082,0
15.3100,156726,-0.680603,0.606750,-0.320984,0.256226,77.9131,38.5497,0
15.3200,156736,-0.680542,0.606689,-0.321045,0.256226,77.9099,38.6841,0
15.3300,156746,-0.680603,0.606689,-0.321045,0.256226,77.9056,38.8124,0
15.3400,156756,-0.680603,0.606689,-0.320984,0.256226,77.8992,38.9337,0
15.3500,156766,-0.680664,0.606628,-0.320984,0.256226,77.8919,39.0495,0
15.3600,156776,-0.680664,0.606628,-0.320984,0.256287,77.8861,39.1590,0
15.3700,156786,-0.680664,0.606628,-0.320984,0.256287,77.8807,39.2635,0
15.3800,156796,-0.680725,0.606628,-0.320923,0.256226,77.8725,39.3610,0
15.3900,156806,-0.680725,0.606567,-0.320923,0.256226,77.8671,39.4537,0
15.4000,156816,-0.680725,0.606567,-0.320923,0.256226,77.8614,39.5435,0
15.4100,156826,-0.680725,0.606567,-0.320923,0.256226,77.8572,39.6288,0
15.4200,156836,-0.680786,0.606567,-0.320923,0.256226,77.8532,39.7099,0
15.4300,156846,-0.680786,0.606506,-0.320923,0.256226,77.8494,39.7857,0
15.4400,156856,-0.680786,0.606506,-0.320923,0.256226,77.8457,39.8572,0
15.4500,156866,-0.680786,0.606506,-0.320923,0.256226,77.8429,39.9268,0
15.4600,156876,-0.680847,0.606506,-0.320923,0.256287,77.8384,39.9930,0
15.4700,156886,-0.680847,0.606506,-0.320923,0.256287,77.8359,40.0558,0
15.4800,156896,-0.680847,0.606445,-0.320923,0.256287,77.8335,40.1161,0
15.4900,156906,-0.680847,0.606445,-0.320923,0.256287,77.8325,40.1728,0
15.5000,156916,-0.680847,0.606445,-0.320862,0.256287,77.8315,40.2267,0
15.5100,156926,-0.680908,0.606445,-0.320862,0.256287,77.8306,40.2741,0
15.5200,156936,-0.680908,0.606445,-0.320862,0.256226,77.8291,40.3192,0
15.5300,156946,-0.680969,0.606445,-0.320801,0.256226,77.8276,40.3638,0
15.5400,156956,-0.680969,0.606445,-0.320801,0.256226,77.8257,40.4056,0
15.5500,156966,-0.680969,0.606384,-0.320801,0.256226,77.8238,40.4441,0
15.5600,156976,-0.680969,0.606384,-0.320801,0.256226,77.8215,40.4824,0
15.5700,156986,-0.680969,0.606384,-0.320801,0.256226,77.8187,40.5195,0
15.5800,156996,-0.680969,0.606384,-0.320801,0.256226,77.8166,40.5529,0
15.5900,157006,-0.681030,0.606384,-0.320801,0.256226,77.8115,40.5852,0
15.6000,157016,-0.681030,0.606323,-0.320801,0.256226,77.8078,40.6153,0
15.6100,157026,-0.681030,0.606323,-0.320801,0.256226,77.8031,40.6457,0
15.6200,157036,-0.681091,0.606323,-0.320740,0.256226,77.8005,40.6728,0
15.6300,157046,-0.681091,0.606323,-0.320740,0.256226,77.7979,40.6985,0
15.6400,157056,-0.681091,0.606262,-0.320740,0.256226,77.7950,40.7224,0
15.6500,157066,-0.681091,0.606262,-0.320740,0.256226,77.7927,40.7444,0
15.6600,157076,-0.681091,0.606262,-0.320740,0.256226,77.7900,40.7672,0
15.6700,157086,-0.681152,0.606262,-0.320740,0.256226,77.7874,40.7888,0
15.6800,157096,-0.681152,0.606262,-0.320740,0.256226,77.7849,40.8099,0
15.6900,157106,-0.681152,0.606201,-0.320740,0.256226,77.7820,40.8300,0
15.7000,157116,-0.681152,0.606201,-0.320740,0.256226,77.7786,40.8473,0
15.7100,157126,-0.681152,0.606201,-0.320740,0.256226,77.7778,40.8649,0
15.7200,157136,-0.681213,0.606201,-0.320740,0.256287,77.7770,40.8816,0
15.7300,157146,-0.681213,0.606201,-0.320740,0.256287,77.7768,40.8975,0
15.7400,157156,-0.681213,0.606140,-0.320740,0.256287,77.7767,40.9132,0
15.7500,157166,-0.681213,0.606140,-0.320679,0.256287,77.7759,40.9269,0
15.7600,157176,-0.681213,0.606140,-0.320679,0.256287,77.7758,40.9399,0
15.7700,157186,-0.681213,0.606140,-0.320679,0.256287,77.7739,40.9535,0
15.7800,157196,-0.681274,0.606140,-0.320679,0.256287,77.7715,40.9658,0
15.7900,157206,-0.681274,0.606079,-0.320679,0.256287,77.7699,40.9775,0
15.8000,157216,-0.681274,0.606079,-0.320679,0.256287,77.7695,40.9886,0
15.8100,157226,-0.681274,0.606079,-0.320679,0.256287,77.7691,41.0003,0
15.8200,157236,-0.681274,0.606079,-0.320679,0.256287,77.7693,41.0114,0
15.8300,157246,-0.681335,0.606018,-0.320679,0.256287,77.7690,41.0197,0
15.8400,157256,-0.681335,0.606018,-0.320679,0.256287,77.7686,41.0286,0
15.8500,157266,-0.681335,0.606018,-0.320679,0.256287,77.7671,41.0378,0
15.8600,157276,-0.681335,0.606018,-0.320679,0.256287,77.7650,41.0459,0
15.8700,157286,-0.681335,0.606018,-0.320679,0.256287,77.7637,41.0541,0
15.8800,157296,-0.681335,0.606018,-0.320679,0.256287,77.7624,41.0608,0
15.8900,157306,-0.681396,0.606018,-0.320679,0.256287,77.7612,41.0677,0
15.9000,157316,-0.681396,0.605957,-0.320618,0.256287,77.7594,41.0731,0
15.9100,157326,-0.681396,0.605957,-0.320618,0.256287,77.7584,41.0782,0
15.9200,157336,-0.681396,0.605957,-0.320618,0.256287,77.7586,41.0831,0
15.9300,157346,-0.681396,0.605957,-0.320618,0.256287,77.7581,41.0871,0
15.9400,157356,-0.681396,0.605957,-0.320618,0.256287,77.7583,41.0922,0
15.9500,157366,-0.681458,0.605957,-0.320618,0.256287,77.7573,41.0975,0
15.9600,157376,-0.681458,0.605896,-0.320618,0.256348,77.7552,41.1020,0
15.9700,157386,-0.681458,0.605896,-0.320618,0.256348,77.7531,41.1075,0
15.9800,157396,-0.681458,0.605896,-0.320618,0.256348,77.7518,41.1121,0
15.9900,157406,-0.681458,0.605896,-0.320618,0.256348,77.7517,41.1170,0
16.0000,157416,-0.681458,0.605896,-0.320618,0.256348,77.7522,41.1200,0
16.0100,157426,-0.681458,0.605896,-0.320618,0.256348,77.7509,41.1239,0
16.0200,157436,-0.681458,0.605896,-0.320618,0.256348,77.7491,41.1277,0
16.0300,157446,-0.681458,0.605896,-0.320618,0.256348,77.7473,41.1319,0
16.0400,157456,-0.681458,0.605896,-0.320618,0.256348,77.7481,41.1353,0
16.0500,157466,-0.681458,0.605896,-0.320618,0.256348,77.7476,41.1385,0
16.0600,157476,-0.681458,0.605896,-0.320618,0.256348,77.7459,41.1397,0
16.0700,157486,-0.681458,0.605896,-0.320618,0.256348,77.7461,41.1421,0
16.0800,157496,-0.681458,0.605896,-0.320618,0.256348,77.7463,41.1450,0
16.0900,157506,-0.681458,0.605896,-0.320618,0.256348,77.7471,41.1471,0
16.1000,157516,-0.681458,0.605896,-0.320618,0.256348,77.7484,41.1485,0
16.1100,157526,-0.681458,0.605896,-0.320618,0.256348,77.7497,41.1517,0
16.1200,157536,-0.681458,0.605896,-0.320618,0.256348,77.7497,41.1529,0
16.1300,157546,-0.681458,0.605896,-0.320618,0.256348,77.7491,41.1552,0
16.1400,157556,-0.681458,0.605896,-0.320618,0.256348,77.7486,41.1586,0
16.1500,157566,-0.681458,0.605896,-0.320618,0.256348,77.7492,41.1606,0
16.1600,157576,-0.681458,0.605896,-0.320618,0.256348,77.7505,41.1614,0
16.1700,157586,-0.681458,0.605896,-0.320618,0.256348,77.7510,41.1609,0
16.1800,157596,-0.681458,0.605896,-0.320618,0.256348,77.7504,41.1622,0
16.1900,157606,-0.681458,0.605896,-0.320618,0.256348,77.7486,41.1641,0
16.2000,157616,-0.681458,0.605896,-0.320618,0.256348,77.7469,41.1659,0
16.2100,157626,-0.681458,0.605896,-0.320618,0.256348,77.7476,41.1664,0
16.2200,157636,-0.681458,0.605896,-0.320618,0.256348,77.7477,41.1680,0
16.2300,157646,-0.681458,0.605896,-0.320618,0.256348,77.7485,41.1702,0
16.2400,157656,-0.681458,0.605896,-0.320618,0.256348,77.7485,41.1704,0
16.2500,157666,-0.681458,0.605896,-0.320618,0.256348,77.7504,41.1713,0
16.2600,157676,-0.681458,0.605896,-0.320618,0.256348,77.7504,41.1721,0
16.2700,157686,-0.681458,0.605896,-0.320618,0.256348,77.7515,41.1723,0
16.2800,157696,-0.681458,0.605896,-0.320618,0.256348,77.7515,41.1730,0
16.2900,157706,-0.681458,0.605896,-0.320618,0.256348,77.7520,41.1755,0
16.3000,157716,-0.681458,0.605896,-0.320618,0.256348,77.7501,41.1773,0
16.3100,157726,-0.681458,0.605896,-0.320618,0.256348,77.7507,41.1784,0
16.3200,157736,-0.681458,0.605896,-0.320618,0.256348,77.7512,41.1795,0
16.3300,157746,-0.681458,0.605896,-0.320618,0.256348,77.7512,41.1805,0
16.3400,157756,-0.681458,0.605896,-0.320618,0.256348,77.7505,41.1808,0
16.3500,157766,-0.681458,0.605896,-0.320618,0.256348,77.7517,41.1806,0
16.3600,157776,-0.681458,0.605896,-0.320618,0.256348,77.7516,41.1809,0
16.3700,157786,-0.681458,0.605896,-0.320618,0.256348,77.7521,41.1818,0
16.3800,157796,-0.681458,0.605896,-0.320618,0.256348,77.7520,41.1786,0
16.3900,157806,-0.681458,0.605896,-0.320618,0.256348,77.7519,41.1784,0
16.4000,157816,-0.681458,0.605896,-0.320618,0.256348,77.7512,41.1783,0
16.4100,157826,-0.681458,0.605896,-0.320618,0.256348,77.7517,41.1793,0
16.4200,157836,-0.681458,0.605896,-0.320618,0.256348,77.7540,41.1797,0
16.4300,157846,-0.681519,0.605896,-0.320557,0.256287,77.7538,41.1807,0
16.4400,157856,-0.681519,0.605896,-0.320496,0.256226,77.7536,41.1822,0
16.4500,157866,-0.681580,0.605957,-0.320435,0.256165,77.7529,41.1800,0
16.4600,157876,-0.681702,0.606079,-0.320068,0.255859,77.7515,41.1784,0
16.4700,157886,-0.681824,0.606201,-0.319824,0.255676,77.7497,41.1738,0
16.4800,157896,-0.682007,0.606262,-0.319519,0.255371,77.7481,41.1639,0
16.4900,157906,-0.682190,0.606384,-0.319153,0.254944,77.7410,41.1532,0
16.5000,157916,-0.682617,0.606689,-0.318298,0.254089,77.7302,41.1380,0
16.5100,157926,-0.683289,0.607239,-0.316956,0.252808,77.7205,41.1157,0
16.5200,157936,-0.684082,0.607788,-0.315430,0.251221,77.7155,41.0868,0
16.5300,157946,-0.684998,0.608398,-0.313721,0.249451,77.7101,41.0509,0
16.5400,157956,-0.685974,0.609009,-0.311951,0.247559,77.7067,41.0094,0
16.5500,157966,-0.686951,0.609680,-0.310120,0.245483,77.7018,40.9590,0
16.5600,157976,-0.687866,0.610291,-0.308350,0.243591,77.6982,40.8914,0
16.5700,157986,-0.688782,0.610840,-0.306580,0.241699,77.6955,40.8054,0
16.5800,157996,-0.689758,0.611511,-0.304688,0.239624,77.6881,40.7092,0
16.5900,158006,-0.690918,0.612366,-0.302307,0.237122,77.6817,40.5984,0
16.6000,158016,-0.692200,0.613281,-0.299622,0.234375,77.6689,40.4675,0
16.6100,158026,-0.693604,0.614380,-0.296631,0.231201,77.6520,40.3233,0
16.6200,158036,-0.695129,0.615540,-0.293335,0.227722,77.6397,40.1331,0
16.6300,158046,-0.696472,0.616699,-0.290161,0.224548,77.6233,39.9016,0
16.6400,158056,-0.698181,0.617737,-0.286499,0.220886,77.6116,39.6299,0
16.6500,158066,-0.700562,0.619385,-0.281433,0.215393,77.5988,39.3883,0
16.6600,158076,-0.703186,0.621216,-0.275574,0.209045,77.5850,39.1146,0
16.6700,158086,-0.705566,0.623230,-0.269348,0.203003,77.5582,38.7620,0
16.6800,158096,-0.708313,0.625427,-0.262146,0.195862,77.5446,38.4077,0
16.6900,158106,-0.711304,0.627502,-0.254761,0.188049,77.5390,37.9904,0
16.7000,158116,-0.713989,0.629395,-0.247742,0.180847,77.5302,37.5412,0
16.7100,158126,-0.716431,0.631104,-0.241150,0.173950,77.5300,37.0350,0
16.7200,158136,-0.718506,0.632568,-0.235229,0.168030,77.5277,36.4874,0
16.7300,158146,-0.720154,0.633911,-0.230042,0.163086,77.5191,35.9196,0
16.7400,158156,-0.722778,0.635925,-0.221802,0.154907,77.5329,35.3871,0
16.7500,158166,-0.724060,0.636719,-0.218079,0.150818,77.5448,34.8574,0
16.7600,158176,-0.725403,0.637512,-0.214172,0.146729,77.5614,34.3140,0
16.7700,158186,-0.726746,0.638367,-0.209839,0.142395,77.5725,33.7502,0
16.7800,158196,-0.728149,0.639221,-0.205383,0.137878,77.5903,33.1869,0
16.7900,158206,-0.729431,0.639893,-0.201477,0.133850,77.6120,32.6143,0
16.8000,158216,-0.730469,0.640503,-0.197998,0.130371,77.6421,32.0339,0
16.8100,158226,-0.731262,0.641113,-0.194946,0.127258,77.6647,31.4552,0
16.8200,158236,-0.731934,0.641602,-0.192444,0.124695,77.6840,30.8813,0
16.8300,158246,-0.732483,0.642029,-0.190430,0.122559,77.7012,30.3114,0
16.8400,158256,-0.732910,0.642395,-0.188721,0.120728,77.7210,29.7552,0
16.8500,158266,-0.733215,0.642639,-0.187378,0.119263,77.7476,29.2119,0
16.8600,158276,-0.733582,0.642822,-0.186279,0.118103,77.7729,28.6798,0
16.8700,158286,-0.733887,0.643005,-0.185120,0.117004,77.8016,28.1608,0
16.8800,158296,-0.734070,0.643250,-0.184204,0.116150,77.8140,27.6490,0
16.8900,158306,-0.734192,0.643433,-0.183350,0.115356,77.8213,27.1431,0
16.9000,158316,-0.734619,0.643555,-0.182007,0.114197,77.8483,26.6541,0
16.9100,158326,-0.734985,0.643860,-0.180359,0.112671,77.8788,26.1904,0
16.9200,158336,-0.735229,0.644043,-0.179321,0.111755,77.9008,25.7419,0
16.9300,158346,-0.735474,0.644165,-0.178467,0.110962,77.9276,25.3101,0
16.9400,158356,-0.735657,0.644287,-0.177673,0.110229,77.9524,24.8980,0
16.9500,158366,-0.735718,0.644470,-0.177124,0.109741,77.9660,24.5016,0
16.9600,158376,-0.735779,0.644592,-0.176636,0.109253,77.9770,24.1207,0
16.9700,158386,-0.735840,0.644775,-0.176147,0.108765,77.9923,23.7552,0
16.9800,158396,-0.735840,0.644897,-0.175781,0.108459,78.0074,23.4042,0
16.9900,158406,-0.735840,0.645020,-0.175598,0.108215,78.0283,23.0719,0
17.0000,158416,-0.735840,0.645020,-0.175537,0.108154,78.0653,22.7562,0
17.0100,158426,-0.735840,0.644958,-0.175598,0.108276,78.1344,22.4686,0
17.0200,158436,-0.735718,0.644104,-0.177979,0.110535,78.1899,22.2024,0
17.0300,158446,-0.735168,0.643494,-0.180664,0.113098,78.2151,21.9558,0
17.0400,158456,-0.734314,0.643066,-0.183777,0.115967,78.2017,21.7365,0
17.0500,158466,-0.733459,0.642822,-0.186401,0.118408,78.1686,21.5445,0
17.0600,158476,-0.732666,0.642639,-0.188782,0.120911,78.1426,21.3649,0
17.0700,158486,-0.731812,0.642334,-0.191223,0.123413,78.1219,21.2143,0
17.0800,158496,-0.731201,0.642029,-0.193359,0.125671,78.1196,21.0995,0
17.0900,158506,-0.730530,0.641663,-0.195496,0.127930,78.1137,21.0037,0
17.1000,158516,-0.729675,0.641357,-0.197998,0.130493,78.1165,20.9363,0
17.1100,158526,-0.728821,0.640625,-0.201233,0.133789,78.1344,20.8949,0
17.1200,158536,-0.727783,0.639404,-0.205750,0.138245,78.1883,20.8937,0
17.1300,158546,-0.726440,0.637817,-0.211487,0.144043,78.2565,20.9256,0
17.1400,158556,-0.724426,0.636414,-0.217773,0.150818,78.2690,20.9552,0
17.1500,158566,-0.721802,0.634460,-0.225891,0.159424,78.2934,21.0289,0
17.1600,158576,-0.718079,0.632080,-0.236511,0.169983,78.2814,21.2030,0
17.1700,158586,-0.714417,0.629578,-0.246460,0.180237,78.2835,21.4391,0
17.1800,158596,-0.709961,0.626831,-0.257446,0.191833,78.2582,21.8122,0
17.1900,158606,-0.705017,0.623657,-0.269104,0.203857,78.2335,22.2766,0
17.2000,158616,-0.700134,0.620117,-0.280762,0.215393,78.2332,22.8675,0
17.2100,158626,-0.694885,0.617004,-0.291687,0.226624,78.1807,23.4674,0
17.2200,158636,-0.689453,0.613770,-0.302429,0.237549,78.1257,24.1379,0
17.2300,158646,-0.684692,0.611084,-0.311340,0.246643,78.1137,24.8805,0
17.2400,158656,-0.681458,0.608887,-0.317444,0.253052,78.1036,25.6708,0
17.2500,158666,-0.680298,0.608032,-0.319763,0.255371,78.1005,26.4442,0
17.2600,158676,-0.680115,0.607788,-0.320251,0.255859,78.1028,27.1827,0
17.2700,158686,-0.679993,0.607544,-0.320679,0.256287,78.1081,27.8880,0
17.2800,158696,-0.679871,0.607300,-0.321045,0.256714,78.1095,28.5648,0
17.2900,158706,-0.679810,0.607117,-0.321289,0.257019,78.1055,29.2078,0
17.3000,158716,-0.679626,0.606873,-0.321716,0.257385,78.0951,29.8193,0
17.3100,158726,-0.679565,0.606873,-0.321838,0.257507,78.0835,30.4039,0
17.3200,158736,-0.679565,0.606812,-0.321899,0.257568,78.0713,30.9605,0
17.3300,158746,-0.679565,0.606750,-0.322021,0.257690,78.0621,31.4875,0
17.3400,158756,-0.679504,0.606689,-0.322083,0.257751,78.0545,31.9875,0
17.3500,158766,-0.679504,0.606628,-0.322144,0.257813,78.0491,32.4625,0
17.3600,158776,-0.679504,0.606567,-0.322205,0.257874,78.0416,32.9158,0
17.3700,158786,-0.679504,0.606567,-0.322266,0.257935,78.0357,33.3481,0
17.3800,158796,-0.679504,0.606506,-0.322266,0.257935,78.0294,33.7570,0
17.3900,158806,-0.679504,0.606506,-0.322266,0.257935,78.0215,34.1443,0
17.4000,158816,-0.679504,0.606506,-0.322266,0.257935,78.0111,34.5135,0
17.4100,158826,-0.679565,0.606506,-0.322266,0.257935,78.0023,34.8647,0
17.4200,158836,-0.679565,0.606445,-0.322266,0.257874,77.9922,35.1978,0
17.4300,158846,-0.679626,0.606445,-0.322205,0.257935,77.9827,35.5161,0
17.4400,158856,-0.679626,0.606445,-0.322205,0.257874,77.9742,35.8135,0
17.4500,158866,-0.679626,0.606445,-0.322205,0.257874,77.9655,36.0960,0
17.4600,158876,-0.679687,0.606445,-0.322205,0.257874,77.9572,36.3656,0
17.4700,158886,-0.679687,0.606384,-0.322144,0.257874,77.9506,36.6212,0
17.4800,158896,-0.679687,0.606384,-0.322144,0.257874,77.9443,36.8657,0
17.4900,158906,-0.679749,0.606384,-0.322144,0.257874,77.9359,37.0980,0
17.5000,158916,-0.679749,0.606323,-0.322144,0.257874,77.9297,37.3193,0
17.5100,158926,-0.679749,0.606323,-0.322144,0.257874,77.9227,37.5307,0
17.5200,158936,-0.679749,0.606323,-0.322144,0.257874,77.9178,37.7298,0
17.5300,158946,-0.679810,0.606323,-0.322144,0.257874,77.9131,37.9183,0
17.5400,158956,-0.679810,0.606262,-0.322144,0.257874,77.9081,38.0974,0
17.5500,158966,-0.679810,0.606262,-0.322144,0.257874,77.9039,38.2669,0
17.5600,158976,-0.679810,0.606262,-0.322144,0.257874,77.8999,38.4268,0
17.5700,158986,-0.679871,0.606201,-0.322144,0.257874,77.8961,38.5775,0
17.5800,158996,-0.679871,0.606201,-0.322144,0.257874,77.8920,38.7230,0
17.5900,159006,-0.679932,0.606201,-0.322144,0.257874,77.8868,38.8607,0
17.6000,159016,-0.679932,0.606140,-0.322144,0.257874,77.8837,38.9914,0
17.6100,159026,-0.679932,0.606140,-0.322083,0.257935,77.8789,39.1145,0
17.6200,159036,-0.679932,0.606140,-0.322083,0.257935,77.8744,39.2344,0
17.6300,159046,-0.679993,0.606079,-0.322083,0.257935,77.8701,39.3459,0
17.6400,159056,-0.679993,0.606079,-0.322083,0.257935,77.8673,39.4542,0
17.6500,159066,-0.679993,0.606079,-0.322083,0.257935,77.8639,39.5565,0
17.6600,159076,-0.680054,0.606079,-0.322083,0.257935,77.8619,39.6524,0
17.6700,159086,-0.680054,0.606018,-0.322083,0.257935,77.8595,39.7436,0
17.6800,159096,-0.680054,0.606018,-0.322083,0.257935,77.8565,39.8303,0
17.6900,159106,-0.680054,0.606018,-0.322083,0.257935,77.8531,39.9143,0
17.7000,159116,-0.680115,0.606018,-0.322083,0.257935,77.8511,39.9936,0
17.7100,159126,-0.680115,0.605957,-0.322083,0.257935,77.8480,40.0695,0
17.7200,159136,-0.680115,0.605957,-0.322083,0.257935,77.8450,40.1423,0
17.7300,159146,-0.680115,0.605957,-0.322021,0.257935,77.8416,40.2119,0
17.7400,159156,-0.680115,0.605957,-0.322021,0.257935,77.8402,40.2757,0
17.7500,159166,-0.680176,0.605896,-0.322021,0.257935,77.8388,40.3369,0
17.7600,159176,-0.680176,0.605896,-0.322021,0.257935,77.8369,40.3933,0
17.7700,159186,-0.680176,0.605896,-0.322021,0.257935,77.8351,40.4487,0
17.7800,159196,-0.680176,0.605896,-0.322021,0.257935,77.8345,40.5024,0
17.7900,159206,-0.680237,0.605896,-0.322021,0.257935,77.8334,40.5535,0
17.8000,159216,-0.680237,0.605835,-0.322021,0.257935,77.8318,40.6020,0
17.8100,159226,-0.680237,0.605835,-0.322021,0.257935,77.8290,40.6481,0
17.8200,159236,-0.680237,0.605835,-0.322021,0.257935,77.8276,40.6907,0
17.8300,159246,-0.680237,0.605835,-0.322021,0.257935,77.8275,40.7311,0
17.8400,159256,-0.680298,0.605774,-0.322021,0.257935,77.8273,40.7690,0
17.8500,159266,-0.680298,0.605774,-0.322021,0.257935,77.8272,40.8055,0
17.8600,159276,-0.680298,0.605774,-0.322021,0.257996,77.8270,40.8391,0
17.8700,159286,-0.680298,0.605774,-0.322021,0.257996,77.8257,40.8709,0
17.8800,159296,-0.680359,0.605713,-0.321960,0.257996,77.8250,40.9024,0
17.8900,159306,-0.680359,0.605713,-0.321960,0.257996,77.8250,40.9305,0
17.9000,159316,-0.680359,0.605713,-0.321960,0.257996,77.8250,40.9572,0
17.9100,159326,-0.680359,0.605713,-0.321960,0.257996,77.8244,40.9843,0
17.9200,159336,-0.680359,0.605713,-0.321960,0.257996,77.8238,41.0095,0
17.9300,159346,-0.680420,0.605652,-0.321960,0.257996,77.8226,41.0340,0
17.9400,159356,-0.680420,0.605652,-0.321960,0.257996,77.8215,41.0567,0
17.9500,159366,-0.680420,0.605652,-0.321960,0.257996,77.8199,41.0783,0
17.9600,159376,-0.680420,0.605652,-0.321960,0.257996,77.8183,41.1000,0
17.9700,159386,-0.680420,0.605652,-0.321960,0.257996,77.8168,41.1200,0
17.9800,159396,-0.680481,0.605591,-0.321960,0.257996,77.8172,41.1402,0
17.9900,159406,-0.680481,0.605591,-0.321960,0.257996,77.8170,41.1570,0
18.0000,159416,-0.680481,0.605591,-0.321960,0.257996,77.8167,41.1735,0
18.0100,159426,-0.680481,0.605591,-0.321960,0.257996,77.8177,41.1899,0
18.0200,159436,-0.680481,0.605591,-0.321960,0.257996,77.8187,41.2048,0
18.0300,159446,-0.680481,0.605591,-0.321960,0.257996,77.8172,41.2189,0
18.0400,159456,-0.680481,0.605530,-0.321960,0.257996,77.8163,41.2336,0
18.0500,159466,-0.680542,0.605530,-0.321960,0.257996,77.8161,41.2481,0
18.0600,159476,-0.680542,0.605530,-0.321960,0.257996,77.8172,41.2601,0
18.0700,159486,-0.680542,0.605530,-0.321960,0.257996,77.8175,41.2715,0
18.0800,159496,-0.680542,0.605530,-0.321960,0.257996,77.8185,41.2835,0
18.0900,159506,-0.680542,0.605530,-0.321899,0.257996,77.8187,41.2955,0
18.1000,159516,-0.680603,0.605469,-0.321899,0.257996,77.8184,41.3052,0
18.1100,159526,-0.680603,0.605469,-0.321899,0.257996,77.8169,41.3149,0
18.1200,159536,-0.680603,0.605469,-0.321899,0.257996,77.8185,41.3242,0
18.1300,159546,-0.680603,0.605469,-0.321899,0.257996,77.8176,41.3335,0
18.1400,159556,-0.680664,0.605408,-0.321899,0.257996,77.8186,41.3413,0
18.1500,159566,-0.680664,0.605408,-0.321899,0.257996,77.8194,41.3498,0
18.1600,159576,-0.680664,0.605408,-0.321899,0.257996,77.8203,41.3579,0
18.1700,159586,-0.680664,0.605408,-0.321899,0.257996,77.8187,41.3650,0
18.1800,159596,-0.680664,0.605408,-0.321899,0.257996,77.8184,41.3712,0
18.1900,159606,-0.680664,0.605347,-0.321899,0.257996,77.8181,41.3788,0
18.2000,159616,-0.680664,0.605347,-0.321899,0.257996,77.8190,41.3843,0
18.2100,159626,-0.680725,0.605347,-0.321899,0.257996,77.8199,41.3906,0
18.2200,159636,-0.680725,0.605347,-0.321899,0.257996,77.8201,41.3961,0
18.2300,159646,-0.680725,0.605347,-0.321899,0.257996,77.8203,41.4001,0
18.2400,159656,-0.680725,0.605347,-0.321899,0.257996,77.8199,41.4057,0
18.2500,159666,-0.680725,0.605347,-0.321899,0.257996,77.8189,41.4104,0
18.2600,159676,-0.680725,0.605286,-0.321899,0.257996,77.8186,41.4149,0
18.2700,159686,-0.680786,0.605286,-0.321899,0.257996,77.8183,41.4203,0
18.2800,159696,-0.680786,0.605286,-0.321899,0.257996,77.8180,41.4249,0
18.2900,159706,-0.680786,0.605286,-0.321899,0.257996,77.8184,41.4287,0
18.3000,159716,-0.680786,0.605286,-0.321899,0.257996,77.8181,41.4322,0
18.3100,159726,-0.680786,0.605286,-0.321899,0.257996,77.8166,41.4356,0
18.3200,159736,-0.680786,0.605286,-0.321899,0.257996,77.8164,41.4388,0
18.3300,159746,-0.680786,0.605286,-0.321899,0.257996,77.8156,41.4425,0
18.3400,159756,-0.680786,0.605286,-0.321899,0.257996,77.8160,41.4448,0
18.3500,159766,-0.680786,0.605286,-0.321899,0.257996,77.8147,41.4475,0
18.3600,159776,-0.680786,0.605286,-0.321899,0.257996,77.8146,41.4490,0
18.3700,159786,-0.680786,0.605286,-0.321899,0.257996,77.8145,41.4509,0
18.3800,159796,-0.680786,0.605286,-0.321899,0.257996,77.8150,41.4522,0
18.3900,159806,-0.680786,0.605286,-0.321899,0.257996,77.8137,41.4552,0
18.4000,159816,-0.680786,0.605286,-0.321899,0.257996,77.8136,41.4580,0
18.4100,159826,-0.680786,0.605286,-0.321899,0.257996,77.8147,41.4613,0
18.4200,159836,-0.680786,0.605286,-0.321899,0.257996,77.8152,41.4621,0
18.4300,159846,-0.680786,0.605286,-0.321899,0.257996,77.8145,41.4639,0
18.4400,159856,-0.680786,0.605286,-0.321899,0.257996,77.8132,41.4652,0
18.4500,159866,-0.680786,0.605286,-0.321899,0.257996,77.8120,41.4675,0
18.4600,159876,-0.680786,0.605286,-0.321899,0.257996,77.8114,41.4673,0
18.4700,159886,-0.680786,0.605286,-0.321899,0.257996,77.8109,41.4684,0
18.4800,159896,-0.680786,0.605286,-0.321899,0.257996,77.8115,41.4676,0
18.4900,159906,-0.680786,0.605286,-0.321899,0.257996,77.8104,41.4686,0
18.5000,159916,-0.680786,0.605286,-0.321838,0.257996,77.8093,41.4702,0
18.5100,159926,-0.680786,0.605347,-0.321777,0.257935,77.8095,41.4717,0
18.5200,159936,-0.680847,0.605347,-0.321716,0.257874,77.8096,41.4700,0
18.5300,159946,-0.680908,0.605408,-0.321594,0.257751,77.8092,41.4677,0
18.5400,159956,-0.680969,0.605469,-0.321411,0.257629,77.8093,41.4656,0
18.5500,159966,-0.681091,0.605530,-0.321167,0.257446,77.8071,41.4599,0
18.5600,159976,-0.681213,0.605652,-0.320923,0.257202,77.8050,41.4525,0
18.5700,159986,-0.681335,0.605713,-0.320679,0.256958,77.8042,41.4438,0
18.5800,159996,-0.681458,0.605835,-0.320374,0.256714,77.8028,41.4292,0
18.5900,160006,-0.681641,0.605957,-0.320068,0.256409,77.7986,41.4140,0
18.6000,160016,-0.681824,0.606140,-0.319641,0.255981,77.7892,41.3944,0
18.6100,160026,-0.682129,0.606506,-0.318909,0.255249,77.7743,41.3695,0
18.6200,160036,-0.682617,0.606873,-0.317993,0.254211,77.7620,41.3424,0
18.6300,160046,-0.683105,0.607361,-0.316956,0.253052,77.7497,41.3102,0
18.6400,160056,-0.683655,0.607910,-0.315735,0.251831,77.7433,41.2695,0
18.6500,160066,-0.684204,0.608337,-0.314575,0.250549,77.7384,41.2207,0
18.6600,160076,-0.684937,0.608887,-0.313171,0.249084,77.7350,41.1641,0
18.6700,160086,-0.685852,0.609436,-0.311584,0.247314,77.7269,41.0975,0
18.6800,160096,-0.686951,0.610046,-0.309570,0.245117,77.7167,41.0157,0
18.6900,160106,-0.688293,0.610962,-0.307068,0.242310,77.6988,40.9099,0
18.7000,160116,-0.691345,0.613342,-0.300598,0.235596,77.6824,40.7843,0
18.7100,160126,-0.693115,0.614685,-0.296875,0.231628,77.6685,40.6430,0
18.7200,160136,-0.695007,0.616028,-0.292847,0.227417,77.6584,40.4737,0
18.7300,160146,-0.696716,0.617554,-0.288635,0.223328,77.6404,40.2452,0
18.7400,160156,-0.699036,0.619080,-0.283813,0.218018,77.6328,40.0491,0
18.7500,160166,-0.701477,0.620911,-0.278198,0.212097,77.6179,39.8080,0
18.7600,160176,-0.703735,0.622681,-0.272705,0.206665,77.6019,39.4953,0
18.7700,160186,-0.705933,0.624512,-0.266907,0.201050,77.5792,39.1401,0
18.7800,160196,-0.708313,0.626282,-0.261047,0.194824,77.5659,38.8049,0
18.7900,160206,-0.710449,0.627930,-0.255493,0.188904,77.5486,38.4276,0
18.8000,160216,-0.712463,0.629578,-0.249939,0.183289,77.5250,38.0003,0
18.8100,160226,-0.714539,0.631104,-0.244324,0.177307,77.5138,37.5746,0
18.8200,160236,-0.716614,0.632690,-0.238464,0.171265,77.4998,37.1026,0
18.8300,160246,-0.718445,0.634521,-0.232178,0.165161,77.4647,36.5709,0
18.8400,160256,-0.720276,0.636169,-0.226135,0.159119,77.4420,36.0312,0
18.8500,160266,-0.721924,0.637573,-0.220764,0.153442,77.4282,35.5039,0
18.8600,160276,-0.723450,0.638916,-0.215576,0.148254,77.4217,34.8888,0
18.8700,160286,-0.724854,0.640015,-0.210815,0.143311,77.4271,34.2761,0
18.8800,160296,-0.725952,0.641113,-0.206543,0.138916,77.4274,33.6598,0
18.8900,160306,-0.727112,0.641968,-0.202576,0.134827,77.4461,33.0389,0
18.9000,160316,-0.728088,0.642761,-0.198914,0.131042,77.4674,32.4215,0
18.9100,160326,-0.728943,0.643433,-0.195740,0.127625,77.4847,31.8094,0
18.9200,160336,-0.729736,0.644165,-0.192627,0.124390,77.5119,31.1924,0
18.9300,160346,-0.730469,0.644714,-0.189880,0.121582,77.5444,30.5732,0
18.9400,160356,-0.731018,0.645203,-0.187317,0.119202,77.5700,29.9594,0
18.9500,160366,-0.731384,0.645630,-0.185547,0.117554,77.5979,29.3626,0
18.9600,160376,-0.731567,0.646057,-0.183960,0.116211,77.6252,28.7906,0
18.9700,160386,-0.731689,0.646423,-0.182861,0.115295,77.6570,28.2453,0
18.9800,160396,-0.731812,0.646790,-0.181763,0.114319,77.6890,27.7247,0
18.9900,160406,-0.731812,0.646912,-0.181519,0.114075,77.7218,27.2258,0
19.0000,160416,-0.731873,0.646912,-0.181396,0.113892,77.7571,26.7512,0
19.0100,160426,-0.731873,0.646912,-0.181335,0.113831,77.7937,26.2961,0
19.0200,160436,-0.731934,0.646851,-0.181396,0.113831,77.8313,25.8643,0
19.0300,160446,-0.731995,0.646790,-0.181458,0.113892,77.8718,25.4585,0
19.0400,160456,-0.731934,0.646667,-0.181702,0.114197,77.9163,25.0711,0
19.0500,160466,-0.731873,0.646301,-0.182739,0.115234,77.9615,24.7101,0
19.0600,160476,-0.731506,0.645752,-0.184875,0.117188,78.0036,24.3858,0
19.0700,160486,-0.730957,0.645081,-0.187683,0.119690,78.0441,24.0970,0
19.0800,160496,-0.729980,0.644531,-0.191040,0.123108,78.0529,23.8128,0
19.0900,160506,-0.728699,0.643921,-0.195251,0.127563,78.0488,23.5480,0
19.1000,160516,-0.726990,0.643127,-0.200439,0.132996,78.0508,23.3332,0
19.1100,160526,-0.725342,0.642090,-0.205872,0.138550,78.0670,23.1858,0
19.1200,160536,-0.723755,0.640991,-0.211243,0.143982,78.0816,23.0951,0
19.1300,160546,-0.722229,0.639709,-0.216492,0.149292,78.1116,23.0597,0
19.1400,160556,-0.720520,0.638428,-0.221924,0.154724,78.1327,23.1125,0
19.1500,160566,-0.718750,0.637207,-0.227356,0.160400,78.1402,23.1968,0
19.1600,160576,-0.716675,0.635559,-0.233765,0.166748,78.1657,23.3484,0
19.1700,160586,-0.714539,0.633606,-0.240601,0.173523,78.1992,23.5619,0
19.1800,160596,-0.712036,0.631836,-0.247375,0.180542,78.2050,23.7828,0
19.1900,160606,-0.708984,0.629761,-0.255188,0.188660,78.2271,24.0652,0
19.2000,160616,-0.705872,0.627380,-0.263306,0.197021,78.2213,24.3987,0
19.2100,160626,-0.702209,0.624878,-0.272034,0.205933,78.2163,24.8085,0
19.2200,160636,-0.698547,0.622192,-0.280762,0.214600,78.1807,25.2524,0
19.2300,160646,-0.694702,0.619751,-0.289063,0.222961,78.1446,25.7269,0
19.2400,160656,-0.690796,0.617432,-0.296936,0.231201,78.1419,26.2625,0
19.2500,160666,-0.687012,0.614807,-0.304626,0.239197,78.1333,26.8407,0
19.2600,160676,-0.681458,0.610840,-0.315613,0.250732,78.1419,27.4539,0
19.2700,160686,-0.679810,0.609497,-0.318970,0.254333,78.1578,28.0896,0
19.2800,160696,-0.679138,0.608887,-0.320313,0.255737,78.1545,28.7334,0
19.2900,160706,-0.678894,0.608643,-0.320923,0.256287,78.1525,29.3600,0
19.3000,160716,-0.678711,0.608337,-0.321411,0.256775,78.1543,29.9639,0
19.3100,160726,-0.678589,0.608154,-0.321777,0.257202,78.1565,30.5413,0
19.3200,160736,-0.678467,0.607849,-0.322144,0.257629,78.1616,31.0935,0
19.3300,160746,-0.678406,0.607666,-0.322449,0.257935,78.1682,31.6201,0
19.3400,160756,-0.678345,0.607422,-0.322693,0.258301,78.1707,32.1240,0
19.3500,160766,-0.678345,0.607239,-0.322937,0.258545,78.1702,32.6016,0
19.3600,160776,-0.678345,0.607056,-0.323120,0.258789,78.1697,33.0590,0
19.3700,160786,-0.678284,0.606812,-0.323303,0.259033,78.1716,33.4948,0
19.3800,160796,-0.678284,0.606628,-0.323547,0.259338,78.1746,33.9119,0
19.3900,160806,-0.678284,0.606384,-0.323730,0.259583,78.1756,34.3094,0
19.4000,160816,-0.678284,0.606201,-0.323914,0.259827,78.1766,34.6835,0
19.4100,160826,-0.678284,0.606079,-0.324036,0.260010,78.1752,35.0445,0
19.4200,160836,-0.678345,0.605957,-0.324097,0.260132,78.1709,35.3850,0
19.4300,160846,-0.678345,0.605835,-0.324158,0.260254,78.1674,35.7096,0
19.4400,160856,-0.678406,0.605713,-0.324219,0.260315,78.1634,36.0192,0
19.4500,160866,-0.678406,0.605652,-0.324219,0.260376,78.1544,36.3145,0
19.4600,160876,-0.678406,0.605652,-0.324219,0.260376,78.1422,36.5957,0
19.4700,160886,-0.678406,0.605652,-0.324219,0.260376,78.1294,36.8622,0
19.4800,160896,-0.678467,0.605652,-0.324219,0.260376,78.1155,37.1160,0
19.4900,160906,-0.678467,0.605591,-0.324219,0.260376,78.1035,37.3570,0
19.5000,160916,-0.678467,0.605591,-0.324219,0.260376,78.0903,37.5866,0
19.5100,160926,-0.678467,0.605591,-0.324219,0.260376,78.0789,37.8048,0
19.5200,160936,-0.678528,0.605591,-0.324219,0.260376,78.0687,38.0084,0
19.5300,160946,-0.678528,0.605530,-0.324219,0.260376,78.0584,38.2037,0
19.5400,160956,-0.678528,0.605530,-0.324219,0.260376,78.0499,38.3892,0
19.5500,160966,-0.678589,0.605530,-0.324219,0.260376,78.0399,38.5666,0
19.5600,160976,-0.678589,0.605530,-0.324158,0.260315,78.0317,38.7358,0
19.5700,160986,-0.678650,0.605530,-0.324097,0.260315,78.0232,38.8965,0
19.5800,160996,-0.678711,0.605530,-0.324097,0.260254,78.0158,39.0491,0
19.5900,161006,-0.678711,0.605530,-0.324036,0.260193,78.0076,39.1929,0
19.6000,161016,-0.678772,0.605530,-0.323914,0.260132,77.9998,39.3282,0
19.6100,161026,-0.678833,0.605591,-0.323792,0.260010,77.9912,39.4573,0
19.6200,161036,-0.678894,0.605591,-0.323730,0.259949,77.9848,39.5788,0
19.6300,161046,-0.678955,0.605591,-0.323669,0.259888,77.9799,39.6942,0
19.6400,161056,-0.678955,0.605591,-0.323608,0.259888,77.9734,39.8044,0
19.6500,161066,-0.678955,0.605591,-0.323608,0.259888,77.9685,39.9080,0
19.6600,161076,-0.679016,0.605591,-0.323547,0.259827,77.9627,40.0075,0
19.6700,161086,-0.679077,0.605591,-0.323486,0.259766,77.9589,40.0990,0
19.6800,161096,-0.679077,0.605591,-0.323486,0.259766,77.9535,40.1864,0
19.6900,161106,-0.679077,0.605591,-0.323486,0.259766,77.9490,40.2683,0
19.7000,161116,-0.679077,0.605591,-0.323486,0.259766,77.9453,40.3455,0
19.7100,161126,-0.679138,0.605530,-0.323486,0.259766,77.9417,40.4201,0
19.7200,161136,-0.679138,0.605530,-0.323486,0.259766,77.9396,40.4891,0
19.7300,161146,-0.679138,0.605530,-0.323425,0.259766,77.9370,40.5570,0
19.7400,161156,-0.679138,0.605530,-0.323425,0.259766,77.9339,40.6210,0
19.7500,161166,-0.679199,0.605469,-0.323425,0.259766,77.9327,40.6794,0
19.7600,161176,-0.679199,0.605469,-0.323425,0.259766,77.9322,40.7360,0
19.7700,161186,-0.679199,0.605469,-0.323425,0.259766,77.9293,40.7911,0
19.7800,161196,-0.679199,0.605469,-0.323425,0.259766,77.9266,40.8439,0
19.7900,161206,-0.679199,0.605469,-0.323425,0.259766,77.9240,40.8923,0
19.8000,161216,-0.679260,0.605408,-0.323425,0.259766,77.9228,40.9395,0
19.8100,161226,-0.679260,0.605408,-0.323425,0.259766,77.9216,40.9856,0
19.8200,161236,-0.679260,0.605408,-0.323425,0.259766,77.9210,41.0287,0
19.8300,161246,-0.679260,0.605408,-0.323425,0.259766,77.9211,41.0691,0
19.8400,161256,-0.679321,0.605347,-0.323425,0.259766,77.9200,41.1080,0
19.8500,161266,-0.679321,0.605347,-0.323425,0.259766,77.9183,41.1456,0
19.8600,161276,-0.679321,0.605347,-0.323425,0.259766,77.9174,41.1790,0
19.8700,161286,-0.679321,0.605347,-0.323425,0.259766,77.9170,41.2106,0
19.8800,161296,-0.679321,0.605286,-0.323425,0.259766,77.9155,41.2407,0
19.8900,161306,-0.679382,0.605286,-0.323425,0.259766,77.9135,41.2693,0
19.9000,161316,-0.679382,0.605286,-0.323425,0.259766,77.9133,41.2959,0
19.9100,161326,-0.679382,0.605286,-0.323425,0.259766,77.9138,41.3211,0
19.9200,161336,-0.679382,0.605286,-0.323425,0.259766,77.9113,41.3445,0
19.9300,161346,-0.679382,0.605225,-0.323425,0.259766,77.9089,41.3679,0
19.9400,161356,-0.679443,0.605225,-0.323364,0.259766,77.9072,41.3907,0
19.9500,161366,-0.679443,0.605225,-0.323364,0.259766,77.9044,41.4112,0
19.9600,161376,-0.679443,0.605225,-0.323364,0.259766,77.9029,41.4325,0
19.9700,161386,-0.679443,0.605164,-0.323364,0.259766,77.9015,41.4515,0
19.9800,161396,-0.679504,0.605164,-0.323364,0.259766,77.9008,41.4707,0
19.9900,161406,-0.679504,0.605164,-0.323364,0.259766,77.9007,41.4878,0
20.0000,161416,-0.679504,0.605164,-0.323364,0.259766,77.9006,41.5046,0
20.0100,161426,-0.679504,0.605164,-0.323364,0.259827,77.9011,41.5194,0
20.0200,161436,-0.679504,0.605164,-0.323364,0.259827,77.9022,41.5353,0
20.0300,161446,-0.679504,0.605103,-0.323364,0.259827,77.9020,41.5491,0
20.0400,161456,-0.679565,0.605103,-0.323364,0.259827,77.9012,41.5623,0
20.0500,161466,-0.679565,0.605103,-0.323364,0.259827,77.9005,41.5760,0
20.0600,161476,-0.679565,0.605103,-0.323364,0.259827,77.8980,41.5890,0
20.0700,161486,-0.679565,0.605103,-0.323364,0.259827,77.8969,41.6002,0
20.0800,161496,-0.679565,0.605042,-0.323364,0.259827,77.8952,41.6108,0
20.0900,161506,-0.679565,0.605042,-0.323364,0.259827,77.8942,41.6203,0
20.1000,161516,-0.679626,0.605042,-0.323364,0.259827,77.8938,41.6305,0
20.1100,161526,-0.679626,0.605042,-0.323364,0.259827,77.8898,41.6408,0
20.1200,161536,-0.679626,0.605042,-0.323364,0.259827,77.8871,41.6488,0
20.1300,161546,-0.679626,0.604980,-0.323364,0.259827,77.8840,41.6570,0
20.1400,161556,-0.679626,0.604980,-0.323364,0.259827,77.8816,41.6665,0
20.1500,161566,-0.679687,0.604980,-0.323364,0.259827,77.8787,41.6750,0
20.1600,161576,-0.679687,0.604980,-0.323364,0.259827,77.8760,41.6831,0
20.1700,161586,-0.679687,0.604980,-0.323364,0.259827,77.8740,41.6890,0
20.1800,161596,-0.679687,0.604980,-0.323364,0.259827,77.8715,41.6957,0
20.1900,161606,-0.679687,0.604980,-0.323303,0.259827,77.8698,41.7016,0
20.2000,161616,-0.679687,0.604919,-0.323303,0.259827,77.8675,41.7059,0
20.2100,161626,-0.679687,0.604919,-0.323303,0.259827,77.8648,41.7113,0
20.2200,161636,-0.679749,0.604919,-0.323303,0.259827,77.8616,41.7169,0
20.2300,161646,-0.679749,0.604919,-0.323303,0.259827,77.8603,41.7199,0
20.2400,161656,-0.679749,0.604919,-0.323303,0.259827,77.8579,41.7234,0
20.2500,161666,-0.679749,0.604858,-0.323303,0.259827,77.8568,41.7284,0
20.2600,161676,-0.679749,0.604858,-0.323303,0.259827,77.8552,41.7320,0
20.2700,161686,-0.679810,0.604858,-0.323303,0.259827,77.8542,41.7348,0
20.2800,161696,-0.679810,0.604858,-0.323303,0.259827,77.8528,41.7375,0
20.2900,161706,-0.679810,0.604858,-0.323303,0.259827,77.8501,41.7407,0
20.3000,161716,-0.679810,0.604858,-0.323303,0.259827,77.8489,41.7455,0
20.3100,161726,-0.679810,0.604797,-0.323303,0.259827,77.8470,41.7488,0
20.3200,161736,-0.679810,0.604797,-0.323303,0.259827,77.8453,41.7514,0
20.3300,161746,-0.679810,0.604797,-0.323303,0.259827,77.8425,41.7539,0
20.3400,161756,-0.679810,0.604797,-0.323303,0.259827,77.8410,41.7568,0
20.3500,161766,-0.679810,0.604797,-0.323303,0.259827,77.8390,41.7608,0
20.3600,161776,-0.679810,0.604797,-0.323303,0.259827,77.8382,41.7646,0
20.3700,161786,-0.679810,0.604797,-0.323303,0.259827,77.8363,41.7664,0
20.3800,161796,-0.679810,0.604797,-0.323303,0.259827,77.8346,41.7687,0
20.3900,161806,-0.679810,0.604797,-0.323303,0.259827,77.8329,41.7709,0
20.4000,161816,-0.679810,0.604797,-0.323303,0.259827,77.8319,41.7735,0
20.4100,161826,-0.679810,0.604797,-0.323303,0.259827,77.8303,41.7767,0
20.4200,161836,-0.679810,0.604797,-0.323303,0.259827,77.8306,41.7773,0
20.4300,161846,-0.679810,0.604797,-0.323303,0.259827,77.8303,41.7784,0
20.4400,161856,-0.679810,0.604797,-0.323303,0.259827,77.8300,41.7796,0
20.4500,161866,-0.679810,0.604797,-0.323303,0.259827,77.8309,41.7818,0
20.4600,161876,-0.679810,0.604797,-0.323303,0.259827,77.8300,41.7833,0
20.4700,161886,-0.679810,0.604797,-0.323303,0.259827,77.8297,41.7848,0
20.4800,161896,-0.679810,0.604797,-0.323303,0.259827,77.8270,41.7868,0
20.4900,161906,-0.679810,0.604797,-0.323303,0.259827,77.8269,41.7881,0
20.5000,161916,-0.679810,0.604797,-0.323303,0.259827,77.8256,41.7887,0
20.5100,161926,-0.679810,0.604797,-0.323303,0.259827,77.8250,41.7905,0
20.5200,161936,-0.679810,0.604797,-0.323303,0.259827,77.8237,41.7916,0
20.5300,161946,-0.679810,0.604797,-0.323303,0.259827,77.8238,41.7926,0
20.5400,161956,-0.679810,0.604797,-0.323303,0.259827,77.8232,41.7936,0
20.5500,161966,-0.679810,0.604797,-0.323303,0.259827,77.8227,41.7946,0
20.5600,161976,-0.679810,0.604797,-0.323303,0.259827,77.8228,41.7955,0
20.5700,161986,-0.679810,0.604797,-0.323303,0.259827,77.8216,41.7951,0
20.5800,161996,-0.679810,0.604797,-0.323303,0.259827,77.8200,41.7948,0
20.5900,162006,-0.679810,0.604797,-0.323303,0.259827,77.8190,41.7951,0
20.6000,162016,-0.679810,0.604797,-0.323303,0.259827,77.8169,41.7960,0
20.6100,162026,-0.679810,0.604797,-0.323303,0.259827,77.8149,41.7980,0
20.6200,162036,-0.679810,0.604797,-0.323303,0.259827,77.8130,41.7987,0
20.6300,162046,-0.679810,0.604797,-0.323303,0.259827,77.8106,41.7988,0
20.6400,162056,-0.679871,0.604797,-0.323242,0.259827,77.8089,41.7995,0
20.6500,162066,-0.679871,0.604797,-0.323242,0.259827,77.8091,41.7995,0
20.6600,162076,-0.679871,0.604797,-0.323242,0.259827,77.8057,41.7996,0
20.6700,162086,-0.679871,0.604858,-0.323181,0.259766,77.8037,41.8002,0
20.6800,162096,-0.679871,0.604858,-0.323181,0.259705,77.8035,41.8008,0
20.6900,162106,-0.679932,0.604858,-0.323120,0.259644,77.8022,41.8001,0
20.7000,162116,-0.679932,0.604919,-0.323059,0.259583,77.8009,41.7970,0
20.7100,162126,-0.679993,0.604919,-0.322937,0.259521,77.7997,41.7935,0
20.7200,162136,-0.680054,0.604980,-0.322876,0.259460,77.7980,41.7907,0
20.7300,162146,-0.680115,0.605042,-0.322754,0.259338,77.7963,41.7855,0
20.7400,162156,-0.680176,0.605103,-0.322571,0.259216,77.7936,41.7806,0
20.7500,162166,-0.680237,0.605164,-0.322388,0.259033,77.7941,41.7760,0
20.7600,162176,-0.680359,0.605225,-0.322144,0.258789,77.7934,41.7672,0
20.7700,162186,-0.680542,0.605347,-0.321899,0.258484,77.7903,41.7570,0
20.7800,162196,-0.680786,0.605591,-0.321350,0.257996,77.7839,41.7459,0
20.7900,162206,-0.681152,0.605896,-0.320618,0.257141,77.7776,41.7326,0
20.8000,162216,-0.681641,0.606262,-0.319702,0.256165,77.7704,41.7142,0
20.8100,162226,-0.682190,0.606689,-0.318542,0.255005,77.7624,41.6867,0
20.8200,162236,-0.682861,0.607178,-0.317322,0.253662,77.7542,41.6565,0
20.8300,162246,-0.683594,0.607788,-0.315857,0.252075,77.7459,41.5970,0
20.8400,162256,-0.684631,0.608459,-0.313965,0.249939,77.7332,41.5231,0
20.8500,162266,-0.685974,0.609375,-0.311462,0.247131,77.7097,41.4344,0
20.8600,162276,-0.687561,0.610718,-0.308167,0.243530,77.6814,41.3233,0
20.8700,162286,-0.689575,0.612244,-0.304016,0.239197,77.6658,41.1783,0
20.8800,162296,-0.691772,0.613831,-0.299500,0.234436,77.6582,41.0156,0
20.8900,162306,-0.694214,0.615540,-0.294373,0.229065,77.6556,40.8094,0
20.9000,162316,-0.696777,0.617310,-0.288940,0.223511,77.6645,40.5554,0
20.9100,162326,-0.699219,0.619019,-0.283508,0.218079,77.6642,40.2653,0
20.9200,162336,-0.701782,0.620850,-0.277588,0.212158,77.6467,39.9207,0
20.9300,162346,-0.704224,0.622803,-0.271362,0.206116,77.6443,39.5804,0
20.9400,162356,-0.706970,0.624695,-0.264893,0.199463,77.6321,39.1910,0
20.9500,162366,-0.711792,0.628296,-0.252380,0.186829,77.6222,38.7619,0
20.9600,162376,-0.714233,0.629822,-0.246277,0.180298,77.6283,38.3350,0
20.9700,162386,-0.716248,0.631470,-0.240479,0.174377,77.6074,37.8421,0
20.9800,162396,-0.718079,0.632996,-0.234863,0.168884,77.5889,37.3093,0
20.9900,162406,-0.719666,0.634521,-0.229553,0.163574,77.5721,36.7653,0
21.0000,162416,-0.721375,0.635803,-0.224365,0.158325,77.5709,36.2197,0
21.0100,162426,-0.722961,0.637085,-0.219177,0.153137,77.5705,35.6476,0
21.0200,162436,-0.724731,0.638306,-0.213623,0.147461,77.5779,35.0740,0
21.0300,162446,-0.726562,0.639343,-0.208008,0.141724,77.6009,34.4917,0
21.0400,162456,-0.728333,0.640198,-0.202637,0.136292,77.6438,33.8966,0
21.0500,162466,-0.729919,0.640991,-0.197754,0.131287,77.6821,33.2870,0
21.0600,162476,-0.731262,0.641663,-0.193420,0.126892,77.7096,32.6579,0
21.0700,162486,-0.732300,0.642395,-0.189453,0.123047,77.7269,32.0037,0
21.0800,162496,-0.732971,0.643127,-0.186279,0.120178,77.7335,31.3358,0
21.0900,162506,-0.733582,0.643677,-0.183655,0.117676,77.7724,30.6997,0
21.1000,162516,-0.734070,0.644043,-0.181580,0.115540,77.8016,30.0811,0
21.1100,162526,-0.734497,0.644470,-0.179626,0.113525,77.8277,29.4639,0
21.1200,162536,-0.734985,0.644775,-0.177734,0.111572,77.8484,28.8613,0
21.1300,162546,-0.735413,0.645203,-0.175781,0.109558,77.8639,28.2720,0
21.1400,162556,-0.735840,0.645569,-0.173950,0.107605,77.8780,27.6893,0
21.1500,162566,-0.736328,0.645874,-0.171875,0.105469,77.9039,27.1273,0
21.1600,162576,-0.736755,0.646301,-0.169678,0.103149,77.9237,26.5761,0
21.1700,162586,-0.736938,0.646667,-0.168396,0.101807,77.9426,26.0355,0
21.1800,162596,-0.737000,0.646912,-0.167725,0.101074,77.9605,25.5178,0
21.1900,162606,-0.736938,0.647095,-0.167419,0.100708,77.9828,25.0205,0
21.2000,162616,-0.736877,0.647217,-0.167358,0.100586,78.0167,24.5480,0
21.2100,162626,-0.736877,0.647217,-0.167358,0.100586,78.0613,24.1005,0
21.2200,162636,-0.736755,0.647278,-0.167542,0.100891,78.1073,23.6711,0
21.2300,162646,-0.736145,0.646545,-0.170898,0.104370,78.1294,23.2689,0
21.2400,162656,-0.735474,0.645874,-0.174072,0.107483,78.1689,22.9111,0
21.2500,162666,-0.734375,0.645203,-0.178345,0.111938,78.1830,22.5778,0
21.2600,162676,-0.732849,0.644409,-0.183960,0.117676,78.1822,22.2888,0
21.2700,162686,-0.731018,0.643250,-0.190979,0.124329,78.1902,22.0947,0
21.2800,162696,-0.728760,0.641968,-0.198364,0.131897,78.1881,21.9241,0
21.2900,162706,-0.726074,0.640320,-0.207153,0.140991,78.2010,21.8108,0
21.3000,162716,-0.723145,0.638306,-0.216675,0.150757,78.2220,21.7806,0
21.3100,162726,-0.720093,0.635986,-0.226379,0.160645,78.2603,21.8487,0
21.3200,162736,-0.716736,0.633545,-0.236206,0.170654,78.2800,21.9881,0
21.3300,162746,-0.713196,0.630920,-0.246216,0.180725,78.3020,22.2130,0
21.3400,162756,-0.709473,0.628418,-0.255798,0.190735,78.2980,22.4755,0
21.3500,162766,-0.705383,0.625610,-0.265930,0.200806,78.2889,22.8430,0
21.3600,162776,-0.701050,0.622742,-0.276001,0.211060,78.2736,23.2601,0
21.3700,162786,-0.696655,0.619751,-0.286011,0.221008,78.2584,23.7609,0
21.3800,162796,-0.692322,0.616943,-0.295166,0.230164,78.2262,24.3129,0
21.3900,162806,-0.687805,0.614380,-0.303772,0.239136,78.1755,24.9583,0
21.4000,162816,-0.683655,0.611755,-0.311829,0.247314,78.1399,25.6507,0
21.4100,162826,-0.680542,0.609619,-0.317749,0.253479,78.1309,26.3614,0
21.4200,162836,-0.678589,0.608093,-0.321594,0.257568,78.1432,27.0858,0
21.4300,162846,-0.677917,0.607483,-0.322937,0.258972,78.1436,27.8158,0
21.4400,162856,-0.677673,0.607178,-0.323608,0.259583,78.1452,28.5244,0
21.4500,162866,-0.677429,0.606873,-0.324219,0.260193,78.1449,29.1989,0
21.4600,162876,-0.677185,0.606567,-0.324768,0.260742,78.1423,29.8478,0
21.4700,162886,-0.677002,0.606323,-0.325256,0.261292,78.1397,30.4673,0
21.4800,162896,-0.676697,0.606018,-0.325928,0.261841,78.1338,31.0603,0
21.4900,162906,-0.676392,0.605774,-0.326599,0.262451,78.1269,31.6299,0
21.5000,162916,-0.676086,0.605530,-0.327209,0.263000,78.1198,32.1724,0
21.5100,162926,-0.675720,0.605103,-0.328064,0.263794,78.1117,32.6915,0
21.5200,162936,-0.675598,0.604980,-0.328430,0.264099,78.1035,33.1901,0
21.5300,162946,-0.675476,0.604858,-0.328613,0.264282,78.0962,33.6637,0
21.5400,162956,-0.675476,0.604797,-0.328735,0.264404,78.0851,34.1163,0
21.5500,162966,-0.675415,0.604736,-0.328857,0.264465,78.0752,34.5456,0
21.5600,162976,-0.675476,0.604736,-0.328857,0.264465,78.0658,34.9552,0
21.5700,162986,-0.675476,0.604675,-0.328857,0.264465,78.0575,35.3432,0
21.5800,162996,-0.675476,0.604675,-0.328857,0.264465,78.0501,35.7123,0
21.5900,163006,-0.675537,0.604675,-0.328857,0.264465,78.0420,36.0630,0
21.6000,163016,-0.675537,0.604614,-0.328857,0.264465,78.0348,36.3974,0
21.6100,163026,-0.675537,0.604614,-0.328796,0.264465,78.0262,36.7162,0
21.6200,163036,-0.675598,0.604553,-0.328796,0.264465,78.0193,37.0197,0
21.6300,163046,-0.675598,0.604553,-0.328796,0.264465,78.0120,37.3056,0
21.6400,163056,-0.675659,0.604553,-0.328796,0.264465,78.0046,37.5790,0
21.6500,163066,-0.675659,0.604492,-0.328796,0.264465,77.9981,37.8381,0
21.6600,163076,-0.675659,0.604492,-0.328796,0.264465,77.9920,38.0843,0
21.6700,163086,-0.675720,0.604431,-0.328796,0.264465,77.9861,38.3164,0
21.6800,163096,-0.675720,0.604431,-0.328796,0.264465,77.9812,38.5369,0
21.6900,163106,-0.675720,0.604431,-0.328796,0.264465,77.9753,38.7433,0
21.7000,163116,-0.675781,0.604370,-0.328796,0.264465,77.9708,38.9387,0
21.7100,163126,-0.675781,0.604370,-0.328796,0.264465,77.9666,39.1255,0
21.7200,163136,-0.675781,0.604370,-0.328796,0.264465,77.9626,39.3048,0
21.7300,163146,-0.675842,0.604370,-0.328796,0.264465,77.9589,39.4745,0
21.7400,163156,-0.675842,0.604309,-0.328735,0.264465,77.9553,39.6352,0
21.7500,163166,-0.675842,0.604309,-0.328735,0.264465,77.9506,39.7878,0
21.7600,163176,-0.675903,0.604248,-0.328735,0.264465,77.9463,39.9322,0
21.7700,163186,-0.675903,0.604248,-0.328735,0.264465,77.9439,40.0688,0
21.7800,163196,-0.675903,0.604248,-0.328735,0.264465,77.9399,40.2009,0
21.7900,163206,-0.675964,0.604248,-0.328674,0.264404,77.9360,40.3252,0
21.8000,163216,-0.676025,0.604187,-0.328674,0.264404,77.9336,40.4433,0
21.8100,163226,-0.676025,0.604187,-0.328613,0.264404,77.9300,40.5556,0
21.8200,163236,-0.676086,0.604187,-0.328552,0.264343,77.9279,40.6622,0
21.8300,163246,-0.676147,0.604248,-0.328491,0.264282,77.9264,40.7634,0
21.8400,163256,-0.676208,0.604248,-0.328369,0.264221,77.9244,40.8559,0
21.8500,163266,-0.676270,0.604248,-0.328308,0.264099,77.9220,40.9450,0
21.8600,163276,-0.676331,0.604248,-0.328247,0.264099,77.9196,41.0296,0
21.8700,163286,-0.676331,0.604248,-0.328247,0.264099,77.9162,41.1111,0
21.8800,163296,-0.676331,0.604248,-0.328247,0.264099,77.9136,41.1874,0
21.8900,163306,-0.676331,0.604248,-0.328247,0.264099,77.9116,41.2593,0
21.9000,163316,-0.676392,0.604187,-0.328186,0.264099,77.9104,41.3288,0
21.9100,163326,-0.676392,0.604187,-0.328186,0.264038,77.9104,41.3948,0
21.9200,163336,-0.676453,0.604187,-0.328125,0.263977,77.9098,41.4580,0
21.9300,163346,-0.676453,0.604187,-0.328125,0.263977,77.9105,41.5164,0
21.9400,163356,-0.676514,0.604187,-0.328064,0.263977,77.9105,41.5706,0
21.9500,163366,-0.676514,0.604126,-0.328064,0.263977,77.9099,41.6240,0
21.9600,163376,-0.676514,0.604126,-0.328064,0.263977,77.9087,41.6746,0
21.9700,163386,-0.676514,0.604126,-0.328064,0.263977,77.9076,41.7227,0
21.9800,163396,-0.676575,0.604126,-0.328064,0.264038,77.9072,41.7690,0
21.9900,163406,-0.676575,0.604126,-0.328003,0.263977,77.9068,41.8099,0
22.0000,163416,-0.676636,0.604126,-0.327942,0.263916,77.9058,41.8493,0
22.0100,163426,-0.676697,0.604126,-0.327942,0.263855,77.9036,41.8867,0
22.0200,163436,-0.676697,0.604126,-0.327942,0.263855,77.9022,41.9199,0
22.0300,163446,-0.676697,0.604065,-0.327942,0.263916,77.9014,41.9509,0
22.0400,163456,-0.676697,0.604065,-0.327881,0.263916,77.8995,41.9803,0
22.0500,163466,-0.676697,0.604065,-0.327881,0.263916,77.8971,42.0112,0
22.0600,163476,-0.676758,0.604065,-0.327881,0.263855,77.8966,42.0405,0
22.0700,163486,-0.676819,0.604065,-0.327820,0.263794,77.8943,42.0678,0
22.0800,163496,-0.676819,0.604004,-0.327820,0.263794,77.8946,42.0937,0
22.0900,163506,-0.676819,0.604004,-0.327820,0.263855,77.8948,42.1184,0
22.1000,163516,-0.676880,0.604004,-0.327820,0.263855,77.8944,42.1417,0
22.1100,163526,-0.676880,0.603943,-0.327820,0.263855,77.8934,42.1628,0
22.1200,163536,-0.676880,0.603943,-0.327820,0.263855,77.8937,42.1834,0
22.1300,163546,-0.676941,0.603943,-0.327759,0.263794,77.8910,42.2029,0
22.1400,163556,-0.676941,0.603943,-0.327759,0.263794,77.8907,42.2221,0
22.1500,163566,-0.676941,0.603943,-0.327759,0.263794,77.8868,42.2409,0
22.1600,163576,-0.676941,0.603882,-0.327759,0.263794,77.8849,42.2564,0
22.1700,163586,-0.677002,0.603882,-0.327759,0.263794,77.8807,42.2699,0
22.1800,163596,-0.677002,0.603882,-0.327759,0.263794,77.8785,42.2851,0
22.1900,163606,-0.677002,0.603882,-0.327759,0.263794,77.8758,42.3002,0
22.2000,163616,-0.677002,0.603882,-0.327759,0.263794,77.8738,42.3145,0
22.2100,163626,-0.677063,0.603821,-0.327759,0.263794,77.8707,42.3275,0
22.2200,163636,-0.677063,0.603821,-0.327759,0.263794,77.8690,42.3386,0
22.2300,163646,-0.677063,0.603821,-0.327698,0.263794,77.8674,42.3486,0
22.2400,163656,-0.677063,0.603821,-0.327698,0.263794,77.8646,42.3593,0
22.2500,163666,-0.677063,0.603821,-0.327698,0.263794,77.8614,42.3671,0
22.2600,163676,-0.677063,0.603760,-0.327698,0.263794,77.8572,42.3769,0
22.2700,163686,-0.677124,0.603760,-0.327698,0.263794,77.8544,42.3856,0
22.2800,163696,-0.677124,0.603760,-0.327698,0.263794,77.8529,42.3956,0
22.2900,163706,-0.677124,0.603760,-0.327698,0.263794,77.8514,42.4028,0
22.3000,163716,-0.677124,0.603760,-0.327698,0.263794,77.8495,42.4102,0
22.3100,163726,-0.677124,0.603699,-0.327698,0.263794,77.8477,42.4190,0
22.3200,163736,-0.677185,0.603699,-0.327698,0.263794,77.8477,42.4250,0
22.3300,163746,-0.677185,0.603699,-0.327698,0.263794,77.8465,42.4312,0
22.3400,163756,-0.677185,0.603699,-0.327698,0.263794,77.8454,42.4378,0
22.3500,163766,-0.677185,0.603638,-0.327698,0.263794,77.8444,42.4440,0
22.3600,163776,-0.677185,0.603638,-0.327698,0.263794,77.8422,42.4506,0
22.3700,163786,-0.677246,0.603638,-0.327698,0.263794,77.8401,42.4562,0
22.3800,163796,-0.677246,0.603638,-0.327698,0.263794,77.8381,42.4615,0
22.3900,163806,-0.677246,0.603638,-0.327698,0.263794,77.8350,42.4677,0
22.4000,163816,-0.677246,0.603577,-0.327698,0.263794,77.8333,42.4730,0
22.4100,163826,-0.677307,0.603577,-0.327698,0.263794,77.8317,42.4787,0
22.4200,163836,-0.677307,0.603577,-0.327698,0.263794,77.8307,42.4835,0
22.4300,163846,-0.677307,0.603577,-0.327698,0.263855,77.8310,42.4880,0
22.4400,163856,-0.677307,0.603577,-0.327698,0.263855,77.8307,42.4929,0
22.4500,163866,-0.677307,0.603516,-0.327637,0.263855,77.8321,42.4976,0
22.4600,163876,-0.677368,0.603516,-0.327637,0.263855,77.8318,42.5014,0
22.4700,163886,-0.677368,0.603516,-0.327637,0.263855,77.8332,42.5045,0
22.4800,163896,-0.677368,0.603516,-0.327637,0.263855,77.8315,42.5074,0
22.4900,163906,-0.677368,0.603516,-0.327637,0.263855,77.8312,42.5102,0
22.5000,163916,-0.677368,0.603516,-0.327637,0.263855,77.8308,42.5128,0
22.5100,163926,-0.677368,0.603516,-0.327637,0.263855,77.8299,42.5153,0
22.5200,163936,-0.677368,0.603516,-0.327637,0.263855,77.8308,42.5188,0
22.5300,163946,-0.677368,0.603516,-0.327637,0.263855,77.8299,42.5198,0
22.5400,163956,-0.677368,0.603516,-0.327637,0.263855,77.8297,42.5213,0
22.5500,163966,-0.677368,0.603516,-0.327637,0.263855,77.8294,42.5252,0
22.5600,163976,-0.677368,0.603516,-0.327637,0.263855,77.8279,42.5271,0
22.5700,163986,-0.677368,0.603516,-0.327637,0.263855,77.8266,42.5282,0
22.5800,163996,-0.677368,0.603516,-0.327637,0.263855,77.8247,42.5299,0
22.5900,164006,-0.677368,0.603516,-0.327637,0.263855,77.8241,42.5279,0
22.6000,164016,-0.677368,0.603516,-0.327637,0.263794,77.8235,42.5259,0
22.6100,164026,-0.677368,0.603577,-0.327576,0.263733,77.8235,42.5258,0
22.6200,164036,-0.677429,0.603577,-0.327515,0.263672,77.8218,42.5245,0
22.6300,164046,-0.677429,0.603577,-0.327515,0.263672,77.8207,42.5244,0
22.6400,164056,-0.677429,0.603577,-0.327515,0.263672,77.8197,42.5232,0
22.6500,164066,-0.677429,0.603577,-0.327454,0.263672,77.8182,42.5226,0
22.6600,164076,-0.677490,0.603638,-0.327393,0.263550,77.8185,42.5215,0
22.6700,164086,-0.677551,0.603699,-0.327209,0.263428,77.8176,42.5185,0
22.6800,164096,-0.677612,0.603760,-0.327087,0.263306,77.8168,42.5162,0
22.6900,164106,-0.677734,0.603821,-0.326843,0.263123,77.8166,42.5092,0
22.7000,164116,-0.677917,0.603943,-0.326538,0.262817,77.8163,42.5025,0
22.7100,164126,-0.678040,0.604065,-0.326233,0.262573,77.8167,42.4936,0
22.7200,164136,-0.678162,0.604187,-0.325989,0.262329,77.8177,42.4838,0
22.7300,164146,-0.678284,0.604309,-0.325684,0.262085,77.8236,42.4695,0
22.7400,164156,-0.678467,0.604431,-0.325317,0.261780,77.8303,42.4566,0
22.7500,164166,-0.678772,0.604492,-0.324890,0.261292,77.8318,42.4393,0
22.7600,164176,-0.679382,0.604797,-0.323975,0.260315,77.8249,42.4194,0
22.7700,164186,-0.680237,0.605286,-0.322449,0.258667,77.8159,42.3957,0
22.7800,164196,-0.681335,0.606079,-0.320435,0.256470,77.8027,42.3634,0
22.7900,164206,-0.682617,0.606995,-0.318054,0.253967,77.7961,42.2929,0
22.8000,164216,-0.683960,0.607849,-0.315552,0.251343,77.7902,42.2082,0
22.8100,164226,-0.685242,0.608704,-0.313110,0.248779,77.7882,42.1016,0
22.8200,164236,-0.686707,0.609619,-0.310364,0.245911,77.7875,41.9716,0
22.8300,164246,-0.688416,0.610596,-0.307251,0.242615,77.7880,41.8190,0
22.8400,164256,-0.690247,0.611816,-0.303589,0.238892,77.7825,41.6425,0
22.8500,164266,-0.692322,0.613220,-0.299377,0.234497,77.7791,41.4586,0
22.8600,164276,-0.694580,0.614685,-0.294922,0.229797,77.7735,41.2213,0
22.8700,164286,-0.696899,0.616211,-0.289978,0.224854,77.7610,40.9541,0
22.8800,164296,-0.699463,0.618103,-0.284119,0.218994,77.7445,40.6530,0
22.8900,164306,-0.702209,0.620117,-0.277771,0.212585,77.7277,40.3126,0
22.9000,164316,-0.704956,0.622131,-0.271179,0.205933,77.7177,39.9533,0
22.9100,164326,-0.709473,0.625488,-0.259766,0.194519,77.7034,39.5142,0
22.9200,164336,-0.711365,0.626709,-0.255188,0.189819,77.7130,39.0922,0
22.9300,164346,-0.712952,0.627808,-0.251160,0.185608,77.7081,38.6479,0
22.9400,164356,-0.714417,0.628845,-0.247314,0.181580,77.7016,38.1933,0
22.9500,164366,-0.715759,0.629883,-0.243591,0.177734,77.6978,37.7201,0
22.9600,164376,-0.717102,0.631165,-0.239319,0.173584,77.6686,37.2226,0
22.9700,164386,-0.718567,0.632507,-0.234680,0.168884,77.6411,36.7202,0
22.9800,164396,-0.720215,0.633972,-0.229370,0.163513,77.6138,36.2080,0
22.9900,164406,-0.721985,0.635437,-0.223633,0.157776,77.5969,35.6787,0
23.0000,164416,-0.723816,0.636841,-0.217773,0.151917,77.5922,35.1350,0
23.0100,164426,-0.725586,0.638000,-0.212341,0.146362,77.6080,34.5836,0
23.0200,164436,-0.727051,0.638855,-0.207825,0.141785,77.6331,34.0139,0
23.0300,164446,-0.728210,0.639465,-0.204224,0.138062,77.6594,33.4314,0
23.0400,164456,-0.729187,0.640015,-0.201172,0.134827,77.6862,32.8501,0
23.0500,164466,-0.729980,0.640503,-0.198486,0.132080,77.7064,32.2688,0
23.0600,164476,-0.730530,0.640991,-0.196411,0.129944,77.7309,31.6907,0
23.0700,164486,-0.730835,0.641479,-0.194763,0.128357,77.7525,31.1060,0
23.0800,164496,-0.730957,0.641968,-0.193542,0.127136,77.7647,30.5402,0
23.0900,164506,-0.730957,0.642273,-0.192810,0.126526,77.7770,29.9937,0
23.1000,164516,-0.730957,0.642456,-0.192505,0.126221,77.7934,29.4727,0
23.1100,164526,-0.730896,0.642517,-0.192383,0.126038,77.8119,28.9771,0
23.1200,164536,-0.730896,0.642639,-0.192322,0.125977,77.8366,28.5062,0
23.1300,164546,-0.730896,0.642639,-0.192261,0.125916,77.8654,28.0589,0
23.1400,164556,-0.730896,0.642578,-0.192261,0.125916,77.8969,27.6339,0
23.1500,164566,-0.730957,0.642578,-0.192261,0.125916,77.9334,27.2303,0
23.1600,164576,-0.730957,0.642456,-0.192444,0.126099,77.9729,26.8494,0
23.1700,164586,-0.730835,0.642334,-0.192932,0.126587,78.0026,26.4923,0
23.1800,164596,-0.730652,0.642029,-0.194092,0.127686,78.0301,26.1579,0
23.1900,164606,-0.729370,0.640930,-0.198975,0.132690,78.0533,25.8407,0
23.2000,164616,-0.728333,0.640015,-0.202942,0.136780,78.0859,25.5637,0
23.2100,164626,-0.727051,0.638916,-0.207581,0.141602,78.1234,25.3368,0
23.2200,164636,-0.725586,0.637634,-0.212952,0.147034,78.1743,25.1662,0
23.2300,164646,-0.723816,0.635986,-0.219177,0.153320,78.2220,25.0446,0
23.2400,164656,-0.721741,0.634277,-0.226013,0.160278,78.2555,24.9729,0
23.2500,164666,-0.719116,0.632690,-0.233276,0.167786,78.2443,24.9382,0
23.2600,164676,-0.716370,0.630920,-0.240784,0.175476,78.2379,24.9755,0
23.2700,164686,-0.713745,0.629089,-0.247864,0.182739,78.2395,25.0714,0
23.2800,164696,-0.711121,0.627197,-0.254639,0.189941,78.2547,25.2178,0
23.2900,164706,-0.708313,0.625122,-0.261902,0.197327,78.2594,25.4318,0
23.3000,164716,-0.705627,0.623047,-0.268677,0.204102,78.2652,25.7098,0
23.3100,164726,-0.702942,0.621155,-0.275024,0.210815,78.2641,26.0040,0
23.3200,164736,-0.699768,0.618774,-0.282410,0.218262,78.2628,26.3584,0
23.3300,164746,-0.696716,0.616455,-0.289429,0.225464,78.2635,26.7539,0
23.3400,164756,-0.693542,0.614258,-0.296143,0.232361,78.2510,27.1831,0
23.3500,164766,-0.690369,0.612000,-0.302673,0.239258,78.2483,27.6922,0
23.3600,164776,-0.687256,0.609741,-0.308960,0.245850,78.2462,28.2364,0
23.3700,164786,-0.684631,0.607910,-0.314087,0.251282,78.2342,28.8005,0
23.3800,164796,-0.682373,0.606323,-0.318298,0.255798,78.2306,29.3772,0
23.3900,164806,-0.680725,0.604980,-0.321533,0.259338,78.2344,29.9610,0
23.4000,164816,-0.679626,0.604126,-0.323608,0.261536,78.2338,30.5424,0
23.4100,164826,-0.679443,0.603882,-0.324158,0.262024,78.2248,31.1247,0
23.4200,164836,-0.679260,0.603638,-0.324524,0.262390,78.2180,31.6804,0
23.4300,164846,-0.679199,0.603455,-0.324829,0.262756,78.2115,32.2102,0
23.4400,164856,-0.679077,0.603271,-0.325195,0.263123,78.2036,32.7173,0
23.4500,164866,-0.678955,0.603088,-0.325500,0.263428,78.1955,33.2021,0
23.4600,164876,-0.678833,0.602905,-0.325806,0.263794,78.1878,33.6652,0
23.4700,164886,-0.678589,0.602478,-0.326477,0.264404,78.1781,34.1065,0
23.4800,164896,-0.678467,0.602295,-0.326782,0.264709,78.1694,34.5300,0
23.4900,164906,-0.678345,0.602173,-0.327087,0.264954,78.1595,34.9300,0
23.5000,164916,-0.678223,0.602051,-0.327332,0.265198,78.1470,35.3144,0
23.5100,164926,-0.678162,0.601990,-0.327515,0.265320,78.1382,35.6789,0
23.5200,164936,-0.678162,0.601929,-0.327576,0.265381,78.1286,36.0281,0
23.5300,164946,-0.678162,0.601929,-0.327576,0.265381,78.1183,36.3599,0
23.5400,164956,-0.678223,0.601929,-0.327576,0.265381,78.1115,36.6751,0
23.5500,164966,-0.678223,0.601868,-0.327637,0.265442,78.1020,36.9782,0
23.5600,164976,-0.678162,0.601807,-0.327637,0.265503,78.0936,37.2662,0
23.5700,164986,-0.678162,0.601807,-0.327759,0.265564,78.0863,37.5392,0
23.5800,164996,-0.678162,0.601746,-0.327820,0.265625,78.0781,37.7974,0
23.5900,165006,-0.678101,0.601685,-0.327942,0.265747,78.0697,38.0438,0
23.6000,165016,-0.678101,0.601624,-0.328003,0.265747,78.0624,38.2774,0
23.6100,165026,-0.678101,0.601562,-0.328064,0.265869,78.0530,38.5029,0
23.6200,165036,-0.678040,0.601562,-0.328125,0.265930,78.0435,38.7178,0
23.6300,165046,-0.678040,0.601501,-0.328186,0.265991,78.0308,38.9219,0
23.6400,165056,-0.678040,0.601440,-0.328247,0.265991,78.0198,39.1159,0
23.6500,165066,-0.678040,0.601440,-0.328247,0.266052,78.0107,39.3007,0
23.6600,165076,-0.678040,0.601379,-0.328247,0.266052,78.0019,39.4745,0
23.6700,165086,-0.678040,0.601379,-0.328308,0.266113,77.9931,39.6390,0
23.6800,165096,-0.678040,0.601318,-0.328369,0.266113,77.9852,39.7971,0
23.6900,165106,-0.678040,0.601257,-0.328430,0.266235,77.9790,39.9498,0
23.7000,165116,-0.677979,0.601257,-0.328491,0.266296,77.9712,40.0967,0
23.7100,165126,-0.677979,0.601196,-0.328552,0.266296,77.9657,40.2356,0
23.7200,165136,-0.677979,0.601135,-0.328613,0.266357,77.9604,40.3670,0
23.7300,165146,-0.677979,0.601135,-0.328674,0.266418,77.9566,40.4900,0
23.7400,165156,-0.677979,0.601074,-0.328735,0.266479,77.9511,40.6081,0
23.7500,165166,-0.677917,0.601013,-0.328918,0.266663,77.9460,40.7216,0
23.7600,165176,-0.677917,0.600952,-0.328918,0.266663,77.9399,40.8300,0
23.7700,165186,-0.677856,0.600891,-0.329041,0.266785,77.9324,40.9348,0
23.7800,165196,-0.677795,0.600830,-0.329102,0.266846,77.9258,41.0337,0
23.7900,165206,-0.677734,0.600769,-0.329285,0.267029,77.9207,41.1314,0
23.8000,165216,-0.677673,0.600708,-0.329468,0.267151,77.9135,41.2255,0
23.8100,165226,-0.677612,0.600586,-0.329651,0.267334,77.9085,41.3118,0
23.8200,165236,-0.677551,0.600525,-0.329773,0.267517,77.9049,41.3976,0
23.8300,165246,-0.677429,0.600403,-0.330017,0.267700,77.9020,41.4784,0
23.8400,165256,-0.677307,0.600281,-0.330322,0.267944,77.8999,41.5578,0
23.8500,165266,-0.677185,0.600098,-0.330688,0.268311,77.9015,41.6339,0
23.8600,165276,-0.677002,0.599670,-0.331116,0.269043,77.9190,41.7084,0
23.8700,165286,-0.677063,0.598633,-0.331848,0.270386,78.0217,41.7807,0
23.8800,165296,-0.677246,0.597107,-0.332703,0.272217,78.1805,41.8602,0
23.8900,165306,-0.677368,0.595581,-0.333679,0.274170,78.3289,41.9460,0
23.9000,165316,-0.677002,0.594788,-0.334656,0.275513,78.3583,42.0445,0
23.9100,165326,-0.676575,0.594543,-0.335388,0.276123,78.3198,42.1643,0
23.9200,165336,-0.676025,0.594360,-0.336304,0.276794,78.2653,42.2844,0
23.9300,165346,-0.675354,0.594238,-0.337341,0.277527,78.1975,42.4122,0
23.9400,165356,-0.674255,0.594238,-0.338745,0.278442,78.0845,42.5401,0
23.9500,165366,-0.672668,0.594238,-0.340698,0.279785,77.9349,42.6720,0
23.9600,165376,-0.670837,0.594055,-0.343079,0.281616,77.8035,42.8092,0
23.9700,165386,-0.668945,0.593628,-0.345764,0.283936,77.7072,42.9528,0
23.9800,165396,-0.666809,0.592957,-0.348755,0.286621,77.6182,43.1232,0
23.9900,165406,-0.664429,0.592163,-0.352112,0.289673,77.5325,43.3177,0
24.0000,165416,-0.661804,0.591125,-0.355957,0.293091,77.4504,43.5204,0
24.0100,165426,-0.658875,0.589966,-0.360168,0.296936,77.3780,43.7535,0
24.0200,165436,-0.655823,0.588684,-0.364441,0.300781,77.3051,44.0409,0
24.0300,165446,-0.649719,0.585693,-0.373352,0.308899,77.2642,44.3254,0
24.0400,165456,-0.646606,0.583618,-0.378174,0.313477,77.2635,44.6538,0
24.0500,165466,-0.643311,0.581238,-0.383301,0.318420,77.2829,45.0197,0
24.0600,165476,-0.640198,0.578796,-0.388367,0.323059,77.3002,45.4366,0
24.0700,165486,-0.636658,0.576233,-0.393433,0.328247,77.3352,45.8280,0
24.0800,165496,-0.633423,0.573730,-0.398315,0.333191,77.3768,46.2598,0
24.0900,165506,-0.630249,0.571289,-0.402710,0.337952,77.4247,46.7044,0
24.1000,165516,-0.627075,0.568970,-0.406921,0.342712,77.4781,47.1516,0
24.1100,165526,-0.624023,0.566589,-0.411133,0.347290,77.5344,47.6393,0
24.1200,165536,-0.620972,0.564148,-0.415161,0.351746,77.5926,48.1468,0
24.1300,165546,-0.618103,0.561768,-0.419189,0.355896,77.6433,48.6944,0
24.1400,165556,-0.615173,0.559204,-0.423279,0.360168,77.6926,49.2555,0
24.1500,165566,-0.612061,0.556458,-0.427429,0.364746,77.7645,49.8121,0
24.1600,165576,-0.608887,0.553833,-0.431458,0.369263,77.8260,50.3798,0
24.1700,165586,-0.606018,0.551331,-0.435425,0.373108,77.8611,51.0000,0
24.1800,165596,-0.603088,0.548767,-0.439331,0.376953,77.9034,51.6257,0
24.1900,165606,-0.600342,0.546448,-0.442932,0.380493,77.9330,52.2941,0
24.2000,165616,-0.597778,0.544128,-0.446411,0.383728,77.9622,52.9784,0
24.2100,165626,-0.595154,0.541748,-0.449829,0.387268,78.0091,53.6408,0
24.2200,165636,-0.592590,0.539429,-0.452942,0.390747,78.0598,54.2946,0
24.2300,165646,-0.589905,0.537292,-0.455872,0.394287,78.1115,54.9147,0
24.2400,165656,-0.587646,0.535583,-0.458435,0.397034,78.1309,55.5809,0
24.2500,165666,-0.585754,0.533997,-0.460754,0.399292,78.1578,56.2275,0
24.2600,165676,-0.583984,0.532471,-0.462830,0.401550,78.1703,56.8650,0
24.2700,165686,-0.582092,0.530945,-0.464905,0.403809,78.1883,57.4848,0
24.2800,165696,-0.580200,0.529358,-0.467102,0.406250,78.2060,58.1106,0
24.2900,165706,-0.578186,0.527527,-0.469421,0.408691,78.2323,58.7327,0
24.3000,165716,-0.575928,0.525513,-0.472107,0.411377,78.2764,59.3365,0
24.3100,165726,-0.570496,0.520813,-0.478149,0.417847,78.3047,59.9589,0
24.3200,165736,-0.567566,0.518127,-0.481445,0.421387,78.3489,60.5798,0
24.3300,165746,-0.564758,0.515503,-0.484497,0.424927,78.4082,61.2006,0
24.3400,165756,-0.561951,0.513000,-0.487366,0.428406,78.4694,61.8202,0
24.3500,165766,-0.559387,0.510803,-0.489990,0.431396,78.5110,62.4412,0
24.3600,165776,-0.557312,0.508972,-0.492126,0.433777,78.5393,63.0746,0
24.3700,165786,-0.555664,0.507507,-0.493896,0.435608,78.5525,63.7057,0
24.3800,165796,-0.554382,0.506348,-0.495300,0.436951,78.5575,64.3364,0
24.3900,165806,-0.553467,0.505371,-0.496399,0.438049,78.5728,64.9492,0
24.4000,165816,-0.552795,0.504700,-0.497131,0.438721,78.5802,65.5430,0
24.4100,165826,-0.552429,0.504272,-0.497681,0.439148,78.5884,66.1097,0
24.4200,165836,-0.552246,0.503906,-0.497986,0.439453,78.5998,66.6513,0
24.4300,165846,-0.552307,0.503662,-0.498047,0.439636,78.6141,67.1675,0
24.4400,165856,-0.552429,0.503540,-0.497925,0.439636,78.6290,67.6573,0
24.4500,165866,-0.552612,0.503479,-0.497864,0.439636,78.6430,68.1227,0
24.4600,165876,-0.552795,0.503418,-0.497742,0.439575,78.6576,68.5617,0
24.4700,165886,-0.553040,0.503357,-0.497620,0.439514,78.6665,68.9755,0
24.4800,165896,-0.553406,0.503418,-0.497314,0.439270,78.6744,69.3678,0
24.4900,165906,-0.553894,0.503601,-0.496887,0.438965,78.6802,69.7374,0
24.5000,165916,-0.554443,0.503845,-0.496399,0.438538,78.6850,70.0809,0
24.5100,165926,-0.555054,0.504211,-0.495789,0.437988,78.6908,70.3978,0
24.5200,165936,-0.555969,0.504883,-0.494873,0.437195,78.6807,70.6982,0
24.5300,165946,-0.557129,0.505798,-0.493713,0.435913,78.6402,70.9777,0
24.5400,165956,-0.558960,0.507568,-0.491943,0.433533,78.6028,71.2340,0
24.5500,165966,-0.562378,0.510376,-0.488586,0.429626,78.5329,71.4668,0
24.5600,165976,-0.567932,0.514893,-0.483154,0.422974,78.4328,71.6995,0
24.5700,165986,-0.575745,0.520691,-0.475891,0.413452,78.3049,71.8813,0
24.5800,165996,-0.585266,0.527527,-0.466858,0.401489,78.2310,71.8190,0
24.5900,166006,-0.601318,0.540161,-0.447937,0.382080,78.2119,71.4823,0
24.6000,166016,-0.607483,0.545593,-0.438965,0.374939,78.2295,71.0061,0
24.6100,166026,-0.612793,0.550232,-0.431030,0.368774,78.2542,70.4847,0
24.6200,166036,-0.617676,0.554443,-0.423584,0.362793,78.2773,69.9471,0
24.6300,166046,-0.622620,0.558289,-0.416931,0.356201,78.2660,69.4865,0
24.6400,166056,-0.627319,0.562073,-0.410278,0.349609,78.2403,68.9846,0
24.6500,166066,-0.632080,0.565613,-0.403992,0.342651,78.2032,68.4949,0
24.6600,166076,-0.636658,0.569275,-0.397156,0.335999,78.1810,67.8972,0
24.6700,166086,-0.641235,0.572815,-0.390442,0.328979,78.1522,67.3100,0
24.6800,166096,-0.645691,0.576416,-0.383484,0.322205,78.1267,66.6372,0
24.6900,166106,-0.650146,0.580078,-0.376160,0.315063,78.0958,65.9396,0
24.7000,166116,-0.654602,0.583618,-0.369019,0.307800,78.0671,65.2259,0
24.7100,166126,-0.658508,0.586853,-0.362305,0.301086,78.0357,64.4767,0
24.7200,166136,-0.662170,0.589478,-0.356445,0.294983,78.0200,63.7389,0
24.7300,166146,-0.665100,0.591675,-0.351501,0.289856,78.0020,62.9598,0
24.7400,166156,-0.667419,0.593506,-0.347351,0.285828,77.9897,62.1606,0
24.7500,166166,-0.668884,0.594177,-0.345032,0.283752,78.0267,61.3609,0
24.7600,166176,-0.670410,0.593933,-0.343262,0.282959,78.1652,60.5708,0
24.7700,166186,-0.672119,0.593384,-0.341431,0.282166,78.3355,59.8186,0
24.7800,166196,-0.673584,0.592896,-0.339844,0.281555,78.4742,59.0928,0
24.7900,166206,-0.675110,0.592407,-0.338257,0.280884,78.6177,58.3969,0
24.8000,166216,-0.677063,0.591675,-0.336243,0.280029,78.7286,57.7275,0
24.8100,166226,-0.678650,0.591370,-0.334412,0.279053,78.7187,57.0795,0
24.8200,166236,-0.679687,0.591858,-0.332764,0.277527,78.6773,56.4537,0
24.8300,166246,-0.680542,0.592468,-0.331177,0.275940,78.6373,55.8427,0
24.8400,166256,-0.681152,0.592896,-0.330139,0.274841,78.6017,55.2483,0
24.8500,166266,-0.681519,0.593140,-0.329468,0.274170,78.5679,54.6782,0
24.8600,166276,-0.681702,0.593323,-0.329041,0.273804,78.5382,54.1328,0
24.8700,166286,-0.682129,0.593628,-0.328186,0.273071,78.5076,53.6128,0
24.8800,166296,-0.682312,0.593811,-0.327820,0.272766,78.4773,53.1156,0
24.8900,166306,-0.682434,0.593933,-0.327576,0.272522,78.4479,52.6378,0
24.9000,166316,-0.682556,0.593994,-0.327332,0.272339,78.4206,52.1833,0
24.9100,166326,-0.682617,0.594055,-0.327209,0.272217,78.3935,51.7478,0
24.9200,166336,-0.682678,0.594116,-0.327087,0.272095,78.3695,51.3346,0
24.9300,166346,-0.682739,0.594177,-0.326965,0.271973,78.3443,50.9415,0
24.9400,166356,-0.682739,0.594177,-0.326843,0.271912,78.3198,50.5650,0
24.9500,166366,-0.682800,0.594238,-0.326782,0.271851,78.2983,50.2061,0
24.9600,166376,-0.682800,0.594238,-0.326843,0.271851,78.2791,49.8645,0
24.9700,166386,-0.682800,0.594238,-0.326782,0.271790,78.2608,49.5395,0
24.9800,166396,-0.682861,0.594238,-0.326721,0.271729,78.2429,49.2312,0
24.9900,166406,-0.682922,0.594299,-0.326599,0.271606,78.2240,48.9402,0
25.0000,166416,-0.682983,0.594360,-0.326477,0.271484,78.2067,48.6612,0
25.0100,166426,-0.683044,0.594421,-0.326294,0.271362,78.1909,48.3950,0
25.0200,166436,-0.683105,0.594482,-0.326172,0.271240,78.1741,48.1432,0
25.0300,166446,-0.683167,0.594604,-0.326050,0.271057,78.1551,47.9021,0
25.0400,166456,-0.683228,0.594727,-0.325867,0.270874,78.1383,47.6688,0
25.0500,166466,-0.683289,0.594788,-0.325745,0.270752,78.1253,47.4459,0
25.0600,166476,-0.683350,0.594788,-0.325623,0.270630,78.1135,47.2330,0
25.0700,166486,-0.683350,0.594849,-0.325562,0.270569,78.1053,47.0319,0
25.0800,166496,-0.683350,0.594849,-0.325562,0.270569,78.0975,46.8403,0
25.0900,166506,-0.683350,0.594849,-0.325562,0.270569,78.0895,46.6588,0
25.1000,166516,-0.683350,0.594849,-0.325562,0.270569,78.0813,46.4852,0
25.1100,166526,-0.683350,0.594849,-0.325562,0.270569,78.0730,46.3215,0
25.1200,166536,-0.683350,0.594849,-0.325500,0.270569,78.0650,46.1635,0
25.1300,166546,-0.683411,0.594910,-0.325439,0.270508,78.0592,46.0122,0
25.1400,166556,-0.683472,0.594910,-0.325378,0.270386,78.0537,45.8678,0
25.1500,166566,-0.683533,0.595032,-0.325134,0.270203,78.0479,45.7319,0
25.1600,166576,-0.683594,0.595032,-0.325073,0.270142,78.0442,45.6002,0
25.1700,166586,-0.683594,0.595032,-0.325012,0.270081,78.0394,45.4751,0
25.1800,166596,-0.683594,0.595032,-0.325012,0.270081,78.0337,45.3550,0
25.1900,166606,-0.683594,0.595032,-0.325012,0.270081,78.0289,45.2404,0
25.2000,166616,-0.683594,0.595032,-0.325012,0.270081,78.0232,45.1333,0
25.2100,166626,-0.683594,0.595032,-0.325073,0.270081,78.0171,45.0303,0
25.2200,166636,-0.683594,0.595032,-0.325073,0.270081,78.0113,44.9337,0
25.2300,166646,-0.683594,0.595032,-0.325073,0.270081,78.0076,44.8408,0
25.2400,166656,-0.683594,0.595032,-0.325073,0.270081,78.0047,44.7536,0
25.2500,166666,-0.683594,0.595032,-0.325073,0.270081,78.0020,44.6697,0
25.2600,166676,-0.683594,0.595032,-0.325073,0.270081,77.9981,44.5899,0
25.2700,166686,-0.683594,0.595032,-0.325073,0.270020,77.9945,44.5141,0
25.2800,166696,-0.683594,0.595032,-0.325073,0.270020,77.9917,44.4416,0
25.2900,166706,-0.683594,0.595032,-0.325073,0.270020,77.9884,44.3726,0
25.3000,166716,-0.683594,0.595032,-0.325073,0.270020,77.9840,44.3071,0
25.3100,166726,-0.683594,0.595032,-0.325073,0.270020,77.9811,44.2449,0
25.3200,166736,-0.683594,0.595032,-0.325073,0.270020,77.9777,44.1863,0
25.3300,166746,-0.683594,0.595032,-0.325073,0.270020,77.9751,44.1307,0
25.3400,166756,-0.683594,0.595032,-0.325073,0.270020,77.9726,44.0767,0
25.3500,166766,-0.683594,0.595032,-0.325073,0.270020,77.9697,44.0266,0
25.3600,166776,-0.683594,0.595032,-0.325073,0.270020,77.9657,43.9796,0
25.3700,166786,-0.683594,0.595093,-0.325073,0.269958,77.9637,43.9361,0
25.3800,166796,-0.683655,0.595093,-0.325012,0.269958,77.9618,43.8930,0
25.3900,166806,-0.683655,0.595093,-0.325012,0.269897,77.9600,43.8503,0
25.4000,166816,-0.683655,0.595093,-0.325012,0.269897,77.9583,43.8115,0
25.4100,166826,-0.683655,0.595093,-0.325012,0.269897,77.9572,43.7741,0
25.4200,166836,-0.683655,0.595093,-0.325012,0.269897,77.9563,43.7391,0
25.4300,166846,-0.683655,0.595093,-0.325073,0.269897,77.9535,43.7053,0
25.4400,166856,-0.683655,0.595093,-0.325012,0.269836,77.9527,43.6731,0
25.4500,166866,-0.683716,0.595154,-0.324951,0.269775,77.9508,43.6426,0
25.4600,166876,-0.683716,0.595154,-0.324890,0.269714,77.9483,43.6122,0
25.4700,166886,-0.683716,0.595154,-0.324829,0.269714,77.9472,43.5834,0
25.4800,166896,-0.683716,0.595154,-0.324829,0.269714,77.9449,43.5566,0
25.4900,166906,-0.683716,0.595154,-0.324890,0.269714,77.9440,43.5300,0
25.5000,166916,-0.683716,0.595154,-0.324890,0.269714,77.9430,43.5058,0
25.5100,166926,-0.683716,0.595154,-0.324890,0.269714,77.9416,43.4812,0
25.5200,166936,-0.683716,0.595154,-0.324890,0.269714,77.9402,43.4583,0
25.5300,166946,-0.683716,0.595154,-0.324890,0.269653,77.9406,43.4354,0
25.5400,166956,-0.683716,0.595154,-0.324890,0.269653,77.9417,43.4136,0
25.5500,166966,-0.683716,0.595215,-0.324890,0.269653,77.9432,43.3917,0
25.5600,166976,-0.683716,0.595215,-0.324890,0.269653,77.9429,43.3721,0
25.5700,166986,-0.683777,0.595215,-0.324829,0.269592,77.9427,43.3518,0
25.5800,166996,-0.683777,0.595276,-0.324707,0.269531,77.9418,43.3354,0
25.5900,167006,-0.683838,0.595276,-0.324646,0.269409,77.9404,43.3143,0
25.6000,167016,-0.683899,0.595337,-0.324524,0.269348,77.9379,43.2984,0
25.6100,167026,-0.683960,0.595398,-0.324463,0.269226,77.9355,43.2815,0
25.6200,167036,-0.683960,0.595398,-0.324341,0.269165,77.9326,43.2661,0
25.6300,167046,-0.684021,0.595459,-0.324280,0.269104,77.9293,43.2521,0
25.6400,167056,-0.684021,0.595459,-0.324219,0.269043,77.9291,43.2369,0
25.6500,167066,-0.684021,0.595459,-0.324219,0.269043,77.9284,43.2232,0
25.6600,167076,-0.684021,0.595459,-0.324219,0.269043,77.9270,43.2083,0
25.6700,167086,-0.684021,0.595459,-0.324219,0.269043,77.9252,43.1898,0
25.6800,167096,-0.684082,0.595459,-0.324219,0.268982,77.9246,43.1747,0
25.6900,167106,-0.684082,0.595520,-0.324158,0.268921,77.9241,43.1621,0
25.7000,167116,-0.684143,0.595520,-0.324097,0.268860,77.9235,43.1483,0
25.7100,167126,-0.684204,0.595581,-0.323975,0.268738,77.9225,43.1364,0
25.7200,167136,-0.684204,0.595581,-0.323914,0.268738,77.9214,43.1228,0
25.7300,167146,-0.684204,0.595581,-0.323914,0.268677,77.9216,43.1110,0
25.7400,167156,-0.684204,0.595581,-0.323914,0.268677,77.9230,43.0992,0
25.7500,167166,-0.684204,0.595581,-0.323914,0.268677,77.9243,43.0903,0
25.7600,167176,-0.684204,0.595581,-0.323914,0.268677,77.9262,43.0819,0
25.7700,167186,-0.684204,0.595581,-0.323914,0.268677,77.9262,43.0722,0
25.7800,167196,-0.684204,0.595581,-0.323914,0.268677,77.9255,43.0641,0
25.7900,167206,-0.684204,0.595642,-0.323914,0.268677,77.9249,43.0576,0
25.8000,167216,-0.684204,0.595642,-0.323914,0.268677,77.9244,43.0515,0
25.8100,167226,-0.684143,0.595581,-0.323975,0.268738,77.9239,43.0456,0
25.8200,167236,-0.684143,0.595581,-0.324036,0.268799,77.9269,43.0383,0
25.8300,167246,-0.684082,0.595520,-0.324158,0.268921,77.9298,43.0313,0
25.8400,167256,-0.684021,0.595459,-0.324280,0.268982,77.9338,43.0247,0
25.8500,167266,-0.683960,0.595398,-0.324402,0.269104,77.9381,43.0179,0
25.8600,167276,-0.683899,0.595398,-0.324524,0.269226,77.9422,43.0121,0
25.8700,167286,-0.683838,0.595337,-0.324646,0.269348,77.9438,43.0085,0
25.8800,167296,-0.683777,0.595276,-0.324829,0.269470,77.9453,43.0063,0
25.8900,167306,-0.683655,0.595154,-0.325012,0.269653,77.9449,43.0062,0
25.9000,167316,-0.683533,0.595093,-0.325256,0.269836,77.9445,43.0109,0
25.9100,167326,-0.683411,0.594971,-0.325562,0.270081,77.9453,43.0143,0
25.9200,167336,-0.683289,0.594849,-0.325867,0.270386,77.9461,43.0194,0
25.9300,167346,-0.683105,0.594727,-0.326233,0.270691,77.9469,43.0279,0
25.9400,167356,-0.682922,0.594543,-0.326660,0.271057,77.9494,43.0386,0
25.9500,167366,-0.682678,0.594360,-0.327026,0.271423,77.9518,43.0507,0
25.9600,167376,-0.682495,0.594177,-0.327515,0.271790,77.9509,43.0678,0
25.9700,167386,-0.682251,0.593994,-0.328064,0.272278,77.9507,43.0854,0
25.9800,167396,-0.681946,0.593811,-0.328552,0.272766,77.9469,43.1082,0
25.9900,167406,-0.681396,0.593323,-0.329651,0.273865,77.9427,43.1320,0
26.0000,167416,-0.681091,0.593140,-0.330200,0.274292,77.9369,43.1613,0
26.0100,167426,-0.680908,0.592957,-0.330627,0.274658,77.9315,43.1953,0
26.0200,167436,-0.680603,0.592712,-0.331177,0.275146,77.9286,43.2320,0
26.0300,167446,-0.680298,0.592468,-0.331848,0.275757,77.9289,43.2719,0
26.0400,167456,-0.679993,0.592163,-0.332458,0.276428,77.9351,43.3088,0
26.0500,167466,-0.679749,0.591370,-0.333313,0.277710,78.0004,43.3468,0
26.0600,167476,-0.679443,0.589966,-0.334656,0.279785,78.1129,43.3891,0
26.0700,167486,-0.678955,0.589478,-0.335632,0.280823,78.1147,43.4552,0
26.0800,167496,-0.678284,0.589478,-0.336548,0.281433,78.0534,43.5296,0
26.0900,167506,-0.677124,0.589722,-0.337891,0.282104,77.9317,43.6048,0
26.1000,167516,-0.675171,0.590332,-0.339966,0.282959,77.7234,43.6810,0
26.1100,167526,-0.673767,0.590759,-0.341492,0.283569,77.5784,43.7705,0
26.1200,167536,-0.672791,0.591125,-0.342468,0.283936,77.4792,43.8623,0
26.1300,167546,-0.672180,0.591370,-0.343079,0.284119,77.4270,43.9610,0
26.1400,167556,-0.671814,0.591553,-0.343445,0.284180,77.3999,44.0518,0
26.1500,167566,-0.671753,0.591614,-0.343445,0.284119,77.4099,44.1428,0
26.1600,167576,-0.671753,0.591675,-0.343445,0.284119,77.4229,44.2263,0
26.1700,167586,-0.671692,0.591736,-0.343506,0.284119,77.4358,44.3110,0
26.1800,167596,-0.671692,0.591736,-0.343506,0.284119,77.4517,44.3884,0
26.1900,167606,-0.671692,0.591736,-0.343506,0.284119,77.4691,44.4590,0
26.2000,167616,-0.671814,0.591675,-0.343384,0.284058,77.5120,44.5184,0
26.2100,167626,-0.671936,0.591614,-0.343140,0.284058,77.5367,44.5831,0
26.2200,167636,-0.672058,0.591614,-0.343079,0.283997,77.5578,44.6422,0
26.2300,167646,-0.672058,0.591675,-0.343018,0.283997,77.5807,44.6958,0
26.2400,167656,-0.672119,0.591614,-0.342896,0.283936,77.6032,44.7455,0
26.2500,167666,-0.672241,0.591614,-0.342773,0.283875,77.7189,44.7931,0
26.2600,167676,-0.673157,0.591370,-0.341797,0.283508,77.9493,44.8418,0
26.2700,167686,-0.675537,0.590637,-0.339233,0.282410,77.9718,44.8635,0
26.2800,167696,-0.675659,0.590820,-0.338928,0.282043,77.9580,44.8877,0
26.2900,167706,-0.675781,0.591064,-0.338501,0.281616,77.9420,44.9075,0
26.3000,167716,-0.675964,0.591370,-0.338013,0.281128,77.9244,44.9201,0
26.3100,167726,-0.675537,0.592102,-0.338074,0.280640,77.8144,44.9261,0
26.3200,167736,-0.673889,0.593445,-0.339233,0.280334,77.5432,44.9289,0
26.3300,167746,-0.671082,0.595337,-0.341492,0.280396,77.1596,44.9326,0
26.3400,167756,-0.668274,0.597534,-0.343506,0.279907,76.7619,44.9537,0
26.3500,167766,-0.666321,0.599365,-0.344727,0.279053,76.4761,44.9904,0
26.3600,167776,-0.663940,0.602112,-0.345825,0.277527,76.0853,45.0166,0
26.3700,167786,-0.662476,0.604370,-0.346069,0.275879,75.8346,45.0317,0
26.3800,167796,-0.660889,0.606873,-0.346252,0.273926,75.5630,45.0425,0
26.3900,167806,-0.660706,0.607971,-0.345642,0.272705,75.5537,45.0328,0
26.4000,167816,-0.660706,0.608521,-0.345215,0.271912,75.6032,45.0138,0
26.4100,167826,-0.660706,0.608704,-0.345154,0.271790,75.6982,44.9957,0
26.4200,167836,-0.660706,0.608704,-0.345154,0.271790,75.7998,44.9797,0
26.4300,167846,-0.660706,0.608704,-0.345154,0.271790,75.8986,44.9645,0
26.4400,167856,-0.660706,0.608704,-0.345154,0.271790,75.9943,44.9494,0
26.4500,167866,-0.660706,0.608704,-0.345154,0.271790,76.0852,44.9357,0
26.4600,167876,-0.660645,0.608704,-0.345215,0.271790,76.1656,44.9263,0
26.4700,167886,-0.660583,0.608704,-0.345276,0.271851,76.2426,44.9222,0
26.4800,167896,-0.660522,0.608643,-0.345398,0.271973,76.3336,44.9179,0
26.4900,167906,-0.660461,0.608398,-0.345642,0.272339,76.4782,44.9165,0
26.5000,167916,-0.660461,0.607666,-0.346191,0.273315,76.7551,44.9243,0
26.5100,167926,-0.660583,0.605652,-0.347534,0.275696,77.1175,44.9444,0
26.5200,167936,-0.660706,0.602783,-0.349487,0.279419,77.3163,44.9966,0
26.5300,167946,-0.660339,0.600891,-0.351257,0.282043,77.3672,45.0731,0
26.5400,167956,-0.659363,0.599854,-0.353210,0.283997,77.4377,45.1564,0
26.5500,167966,-0.656067,0.594849,-0.360474,0.292908,77.6870,45.2483,0
26.5600,167976,-0.655151,0.591064,-0.363892,0.298218,78.0122,45.4007,0
26.5700,167986,-0.654236,0.586487,-0.367920,0.304382,78.3967,45.5912,0
26.5800,167996,-0.652100,0.582764,-0.372498,0.310425,78.5998,45.7978,0
26.5900,168006,-0.648926,0.579834,-0.377930,0.315979,78.6116,46.0606,0
26.6000,168016,-0.645325,0.576782,-0.383728,0.321838,78.6124,46.3577,0
26.6100,168026,-0.641479,0.573669,-0.389587,0.328064,78.6047,46.6743,0
26.6200,168036,-0.637878,0.570740,-0.394897,0.333801,78.6101,47.0221,0
26.6300,168046,-0.634155,0.567749,-0.400208,0.339539,78.6123,47.4083,0
26.6400,168056,-0.630920,0.564819,-0.405090,0.344666,78.6305,47.8546,0
26.6500,168066,-0.627991,0.561584,-0.409607,0.349976,78.7096,48.3204,0
26.6600,168076,-0.624939,0.558411,-0.414185,0.355103,78.7704,48.8162,0
26.6700,168086,-0.621582,0.554932,-0.418884,0.360840,78.8462,49.3072,0
26.6800,168096,-0.618347,0.551636,-0.423401,0.366150,78.9101,49.8372,0
26.6900,168106,-0.615479,0.548523,-0.427490,0.370789,78.9624,50.4178,0
26.7000,168116,-0.613037,0.545898,-0.431152,0.374634,78.9812,51.0239,0
26.7100,168126,-0.610352,0.543213,-0.434814,0.378662,78.9999,51.6546,0
26.7200,168136,-0.607788,0.540588,-0.437988,0.382813,79.0592,52.2445,0
26.7300,168146,-0.606079,0.538696,-0.440125,0.385681,79.0918,52.8449,0
26.7400,168156,-0.604919,0.537598,-0.441589,0.387390,79.0770,53.4626,0
26.7500,168166,-0.603333,0.536621,-0.443420,0.389038,79.0109,54.0724,0
26.7600,168176,-0.601196,0.535645,-0.445923,0.390930,78.8619,54.6724,0
26.7700,168186,-0.598816,0.534729,-0.448669,0.392700,78.8214,55.2568,0
26.7800,168196,-0.596436,0.532898,-0.451599,0.395508,78.7734,55.8527,0
26.7900,168206,-0.593933,0.530884,-0.454712,0.398254,78.7527,56.4430,0
26.8000,168216,-0.591309,0.528687,-0.458008,0.401367,78.7373,57.0446,0
26.8100,168226,-0.588684,0.526428,-0.461243,0.404480,78.8265,57.6399,0
26.8200,168236,-0.586304,0.523560,-0.464172,0.408264,78.8756,58.2599,0
26.8300,168246,-0.582031,0.518250,-0.469666,0.414795,78.9579,58.8736,0
26.8400,168256,-0.579834,0.515625,-0.472229,0.418213,79.0332,59.4683,0
26.8500,168266,-0.577698,0.512512,-0.474609,0.422363,79.1790,60.0374,0
26.8600,168276,-0.575500,0.509705,-0.477051,0.425964,79.2714,60.6351,0
26.8700,168286,-0.573181,0.506714,-0.479492,0.429871,79.3801,61.2236,0
26.8800,168296,-0.570740,0.504272,-0.482056,0.433105,79.4014,61.8348,0
26.8900,168306,-0.568665,0.502380,-0.484253,0.435669,79.3962,62.4488,0
26.9000,168316,-0.566956,0.500916,-0.485962,0.437561,79.3747,63.0617,0
26.9100,168326,-0.565796,0.500000,-0.487183,0.438782,79.3294,63.6678,0
26.9200,168336,-0.565186,0.499634,-0.487732,0.439331,79.2780,64.2605,0
26.9300,168346,-0.565125,0.499573,-0.487793,0.439331,79.2392,64.8300,0
26.9400,168356,-0.565308,0.499695,-0.487671,0.439209,79.2054,65.3705,0
26.9500,168366,-0.565857,0.500549,-0.487061,0.438232,79.1293,65.8883,0
26.9600,168376,-0.567444,0.503357,-0.485352,0.434814,78.9110,66.3810,0
26.9700,168386,-0.569824,0.506897,-0.482971,0.430237,78.6648,66.8464,0
26.9800,168396,-0.573792,0.514038,-0.478333,0.421631,78.1771,67.2236,0
26.9900,168406,-0.580139,0.520752,-0.471130,0.412720,77.9747,67.3929,0
27.0000,168416,-0.588501,0.528503,-0.461487,0.401733,77.8332,67.4507,0
27.0100,168426,-0.598572,0.537537,-0.449219,0.388428,77.7075,67.3778,0
27.0200,168436,-0.608643,0.546204,-0.436401,0.375244,77.6420,67.1485,0
27.0300,168446,-0.620117,0.553772,-0.421814,0.361816,77.7998,66.8128,0
27.0400,168456,-0.630676,0.561401,-0.407532,0.347839,77.7668,66.3916,0
27.0500,168466,-0.639160,0.567993,-0.395508,0.335327,77.7412,65.8529,0
27.0600,168476,-0.646851,0.574097,-0.383789,0.323486,77.7210,65.2310,0
27.0700,168486,-0.653748,0.579407,-0.373108,0.312622,77.6781,64.5293,0
27.0800,168496,-0.659668,0.584290,-0.363159,0.302551,77.6705,63.7679,0
27.0900,168506,-0.665466,0.588745,-0.353333,0.292786,77.9246,62.9613,0
27.1000,168516,-0.671692,0.590942,-0.344116,0.285034,78.5462,62.1266,0
27.1100,168526,-0.679810,0.591614,-0.333130,0.277222,78.4289,61.2709,0
27.1200,168536,-0.680237,0.593018,-0.331543,0.275085,78.2908,60.4234,0
27.1300,168546,-0.680481,0.594055,-0.330444,0.273621,78.1886,59.6018,0
27.1400,168556,-0.680603,0.594666,-0.329712,0.272766,78.1201,58.8071,0
27.1500,168566,-0.680664,0.595093,-0.329285,0.272156,78.0740,58.0478,0
27.1600,168576,-0.680725,0.595398,-0.328979,0.271790,78.0403,57.3228,0
27.1700,168586,-0.680786,0.595581,-0.328796,0.271545,78.0166,56.6315,0
27.1800,168596,-0.680786,0.595703,-0.328674,0.271423,77.9988,55.9730,0
27.1900,168606,-0.680725,0.595764,-0.328674,0.271362,77.9861,55.3468,0
27.2000,168616,-0.680725,0.595764,-0.328674,0.271362,77.9764,54.7537,0
27.2100,168626,-0.680725,0.595764,-0.328674,0.271362,77.9672,54.1879,0
27.2200,168636,-0.680725,0.595764,-0.328674,0.271362,77.9596,53.6516,0
27.2300,168646,-0.680725,0.595764,-0.328674,0.271362,77.9518,53.1427,0
27.2400,168656,-0.680725,0.595764,-0.328674,0.271301,77.9468,52.6604,0
27.2500,168666,-0.680725,0.595764,-0.328674,0.271301,77.9408,52.2022,0
27.2600,168676,-0.680725,0.595764,-0.328735,0.271362,77.9357,51.7663,0
27.2700,168686,-0.680664,0.595764,-0.328796,0.271362,77.9321,51.3546,0
27.2800,168696,-0.680664,0.595764,-0.328796,0.271362,77.9286,50.9612,0
27.2900,168706,-0.680664,0.595764,-0.328796,0.271362,77.9283,50.5850,0
27.3000,168716,-0.680664,0.595764,-0.328796,0.271362,77.9298,50.2258,0
27.3100,168726,-0.680664,0.595764,-0.328796,0.271362,77.9324,49.8858,0
27.3200,168736,-0.680725,0.595825,-0.328735,0.271301,77.9325,49.5591,0
27.3300,168746,-0.680786,0.595886,-0.328552,0.271118,77.9273,49.2528,0
27.3400,168756,-0.680908,0.595947,-0.328369,0.270935,77.9217,48.9582,0
27.3500,168766,-0.680969,0.596008,-0.328125,0.270752,77.9158,48.6795,0
27.3600,168776,-0.681030,0.596069,-0.328003,0.270630,77.9102,48.4135,0
27.3700,168786,-0.681091,0.596130,-0.327942,0.270569,77.9061,48.1602,0
27.3800,168796,-0.681091,0.596130,-0.327881,0.270508,77.9021,47.9208,0
27.3900,168806,-0.681091,0.596130,-0.327881,0.270508,77.9002,47.6922,0
27.4000,168816,-0.681091,0.596130,-0.327881,0.270508,77.8983,47.4756,0
27.4100,168826,-0.681091,0.596130,-0.327881,0.270508,77.8977,47.2692,0
27.4200,168836,-0.681091,0.596130,-0.327881,0.270508,77.8954,47.0732,0
27.4300,168846,-0.681091,0.596130,-0.327881,0.270508,77.8938,46.8863,0
27.4400,168856,-0.681152,0.596191,-0.327820,0.270447,77.8923,46.7076,0
27.4500,168866,-0.681152,0.596191,-0.327759,0.270386,77.8932,46.5341,0
27.4600,168876,-0.681213,0.596252,-0.327637,0.270264,77.8947,46.3699,0
27.4700,168886,-0.681274,0.596252,-0.327576,0.270203,77.8943,46.2133,0
27.4800,168896,-0.681274,0.596313,-0.327576,0.270203,77.8939,46.0646,0
27.4900,168906,-0.681274,0.596313,-0.327576,0.270203,77.8947,45.9244,0
27.5000,168916,-0.681274,0.596313,-0.327637,0.270203,77.8938,45.7919,0
27.5100,168926,-0.681274,0.596313,-0.327637,0.270203,77.8928,45.6642,0
27.5200,168936,-0.681274,0.596313,-0.327637,0.270203,77.8907,45.5447,0
27.5300,168946,-0.681213,0.596313,-0.327637,0.270203,77.8899,45.4312,0
27.5400,168956,-0.681213,0.596313,-0.327637,0.270203,77.8886,45.3233,0
27.5500,168966,-0.681213,0.596313,-0.327637,0.270203,77.8867,45.2208,0
27.5600,168976,-0.681213,0.596313,-0.327637,0.270203,77.8850,45.1252,0
27.5700,168986,-0.681213,0.596313,-0.327637,0.270203,77.8827,45.0368,0
27.5800,168996,-0.681213,0.596313,-0.327698,0.270264,77.8799,44.9510,0
27.5900,169006,-0.681213,0.596313,-0.327698,0.270203,77.8779,44.8690,0
27.6000,169016,-0.681213,0.596252,-0.327698,0.270264,77.8783,44.7904,0
27.6100,169026,-0.681152,0.596252,-0.327759,0.270264,77.8794,44.7151,0
27.6200,169036,-0.681152,0.596252,-0.327820,0.270325,77.8797,44.6437,0
27.6300,169046,-0.681091,0.596252,-0.327820,0.270325,77.8813,44.5746,0
27.6400,169056,-0.681091,0.596252,-0.327881,0.270386,77.8828,44.5072,0
27.6500,169066,-0.681091,0.596252,-0.327881,0.270386,77.8841,44.4449,0
27.6600,169076,-0.681091,0.596252,-0.327881,0.270386,77.8855,44.3852,0
27.6700,169086,-0.681091,0.596252,-0.327881,0.270386,77.8867,44.3296,0
27.6800,169096,-0.681091,0.596252,-0.327881,0.270386,77.8861,44.2750,0
27.6900,169106,-0.681091,0.596252,-0.327881,0.270325,77.8838,44.2232,0
27.7000,169116,-0.681091,0.596252,-0.327881,0.270325,77.8822,44.1763,0
27.7100,169126,-0.681091,0.596252,-0.327942,0.270386,77.8806,44.1324,0
27.7200,169136,-0.681030,0.596191,-0.328003,0.270447,77.8792,44.0931,0
27.7300,169146,-0.681030,0.596191,-0.328064,0.270447,77.8789,44.0559,0
27.7400,169156,-0.680969,0.596191,-0.328125,0.270508,77.8776,44.0193,0
27.7500,169166,-0.680969,0.596191,-0.328125,0.270508,77.8756,43.9858,0
27.7600,169176,-0.680969,0.596191,-0.328125,0.270508,77.8738,43.9545,0
27.7700,169186,-0.680969,0.596191,-0.328125,0.270508,77.8721,43.9218,0
27.7800,169196,-0.680969,0.596191,-0.328125,0.270508,77.8717,43.8913,0
27.7900,169206,-0.680969,0.596191,-0.328125,0.270508,77.8736,43.8624,0
27.8000,169216,-0.680969,0.596191,-0.328125,0.270447,77.8737,43.8343,0
27.8100,169226,-0.680969,0.596191,-0.328125,0.270447,77.8749,43.8088,0
27.8200,169236,-0.680969,0.596191,-0.328125,0.270447,77.8755,43.7828,0
27.8300,169246,-0.680969,0.596191,-0.328125,0.270447,77.8749,43.7599,0
27.8400,169256,-0.680969,0.596191,-0.328125,0.270447,77.8749,43.7381,0
27.8500,169266,-0.680969,0.596191,-0.328125,0.270447,77.8737,43.7168,0
27.8600,169276,-0.680969,0.596191,-0.328125,0.270447,77.8720,43.6972,0
27.8700,169286,-0.680969,0.596191,-0.328125,0.270447,77.8710,43.6791,0
27.8800,169296,-0.680969,0.596191,-0.328125,0.270447,77.8700,43.6620,0
27.8900,169306,-0.680969,0.596191,-0.328186,0.270447,77.8702,43.6439,0
27.9000,169316,-0.680969,0.596191,-0.328186,0.270447,77.8705,43.6280,0
27.9100,169326,-0.680969,0.596191,-0.328186,0.270447,77.8707,43.6146,0
27.9200,169336,-0.680908,0.596191,-0.328247,0.270508,77.8721,43.5995,0
27.9300,169346,-0.680908,0.596191,-0.328308,0.270569,77.8723,43.5851,0
27.9400,169356,-0.680847,0.596130,-0.328369,0.270569,77.8736,43.5721,0
27.9500,169366,-0.680786,0.596069,-0.328552,0.270752,77.8760,43.5597,0
27.9600,169376,-0.680725,0.596069,-0.328613,0.270813,77.8778,43.5522,0
27.9700,169386,-0.680664,0.596008,-0.328796,0.270935,77.8800,43.5440,0
27.9800,169396,-0.680542,0.595886,-0.328979,0.271118,77.8821,43.5381,0
27.9900,169406,-0.680481,0.595825,-0.329224,0.271301,77.8859,43.5330,0
28.0000,169416,-0.680298,0.595703,-0.329468,0.271545,77.8878,43.5296,0
28.0100,169426,-0.680115,0.595581,-0.329834,0.271851,77.8883,43.5289,0
28.0200,169436,-0.679932,0.595398,-0.330322,0.272278,77.8912,43.5307,0
28.0300,169446,-0.679687,0.595154,-0.330811,0.272705,77.8928,43.5332,0
28.0400,169456,-0.679443,0.594971,-0.331299,0.273132,77.8905,43.5393,0
28.0500,169466,-0.679260,0.594849,-0.331665,0.273438,77.8861,43.5482,0
28.0600,169476,-0.679138,0.594727,-0.331909,0.273682,77.8836,43.5604,0
28.0700,169486,-0.679016,0.594604,-0.332214,0.273926,77.8824,43.5780,0
28.0800,169496,-0.678833,0.594482,-0.332581,0.274231,77.8819,43.5919,0
28.0900,169506,-0.678650,0.594299,-0.332947,0.274597,77.8849,43.6075,0
28.1000,169516,-0.678467,0.594055,-0.333435,0.275024,77.8872,43.6280,0
28.1100,169526,-0.678223,0.593811,-0.333862,0.275513,77.8918,43.6526,0
28.1200,169536,-0.678101,0.593628,-0.334167,0.275879,77.8974,43.6797,0
28.1300,169546,-0.677979,0.593445,-0.334473,0.276184,77.9020,43.7072,0
28.1400,169556,-0.677917,0.593262,-0.334717,0.276428,77.9088,43.7352,0
28.1500,169566,-0.677856,0.593140,-0.334900,0.276672,77.9153,43.7648,0
28.1600,169576,-0.677856,0.593018,-0.335022,0.276794,77.9137,43.7935,0
28.1700,169586,-0.677795,0.592957,-0.335083,0.276855,77.9104,43.8257,0
28.1800,169596,-0.677795,0.592957,-0.335144,0.276917,77.9097,43.8557,0
28.1900,169606,-0.677734,0.592896,-0.335266,0.277039,77.9137,43.8826,0
28.2000,169616,-0.677551,0.592712,-0.335632,0.277405,77.9336,43.9108,0
28.2100,169626,-0.677368,0.592285,-0.336182,0.278076,77.9644,43.9403,0
28.2200,169636,-0.677124,0.591797,-0.336792,0.278992,77.9977,43.9765,0
28.2300,169646,-0.676575,0.590576,-0.338379,0.281067,78.0289,44.0172,0
28.2400,169656,-0.676208,0.589966,-0.339233,0.282166,78.0566,44.0657,0
28.2500,169666,-0.675903,0.589539,-0.339905,0.282959,78.0670,44.1229,0
28.2600,169676,-0.675720,0.589355,-0.340271,0.283264,78.0507,44.1856,0
28.2700,169686,-0.675476,0.589233,-0.340698,0.283569,78.0305,44.2484,0
28.2800,169696,-0.675232,0.589111,-0.341125,0.283936,78.0089,44.3111,0
28.2900,169706,-0.674866,0.588989,-0.341736,0.284363,77.9793,44.3782,0
28.3000,169716,-0.674255,0.588928,-0.342651,0.284973,77.9292,44.4451,0
28.3100,169726,-0.672913,0.589050,-0.344238,0.285889,77.8069,44.5092,0
28.3200,169736,-0.670898,0.589111,-0.346680,0.287415,77.6449,44.5829,0
28.3300,169746,-0.668640,0.588684,-0.349792,0.289917,77.5314,44.6601,0
28.3400,169756,-0.666138,0.587585,-0.353577,0.293274,77.4657,44.7588,0
28.3500,169766,-0.663330,0.585876,-0.358032,0.297607,77.4509,44.8800,0
28.3600,169776,-0.660339,0.583740,-0.363037,0.302429,77.4557,45.0562,0
28.3700,169786,-0.656921,0.581238,-0.368469,0.307983,77.4789,45.2392,0
28.3800,169796,-0.653748,0.578796,-0.373718,0.312988,77.4931,45.5008,0
28.3900,169806,-0.650513,0.576172,-0.378967,0.318176,77.5249,45.8305,0
28.4000,169816,-0.647644,0.573669,-0.383667,0.322815,77.5636,46.2006,0
28.4100,169826,-0.644836,0.571106,-0.388062,0.327759,77.6354,46.5577,0
28.4200,169836,-0.642456,0.568665,-0.391968,0.331970,77.7072,46.9686,0
28.4300,169846,-0.640076,0.565796,-0.395813,0.336975,77.8468,47.3570,0
28.4400,169856,-0.637695,0.562927,-0.399475,0.341858,77.9700,47.7911,0
28.4500,169866,-0.635071,0.559875,-0.403564,0.346863,78.0901,48.2340,0
28.4600,169876,-0.631836,0.556396,-0.408386,0.352722,78.1633,48.7102,0
28.4700,169886,-0.627686,0.552612,-0.414246,0.359253,78.2336,49.2258,0
28.4800,169896,-0.623108,0.548462,-0.420532,0.366211,78.2731,49.7939,0
28.4900,169906,-0.618103,0.544189,-0.427185,0.373230,78.3190,50.4148,0
28.5000,169916,-0.612976,0.539673,-0.434021,0.380310,78.3805,51.0322,0
28.5100,169926,-0.602295,0.530457,-0.447083,0.394958,78.4403,51.7022,0
28.5200,169936,-0.597717,0.526306,-0.452515,0.401306,78.5157,52.4025,0
28.5300,169946,-0.593506,0.522461,-0.457397,0.406921,78.5731,53.1417,0
28.5400,169956,-0.589966,0.519165,-0.461670,0.411377,78.6062,53.9317,0
28.5500,169966,-0.586426,0.516235,-0.465393,0.415955,78.6451,54.6733,0
28.5600,169976,-0.583435,0.513855,-0.468628,0.419434,78.6483,55.4520,0
28.5700,169986,-0.580872,0.511780,-0.471436,0.422363,78.6442,56.2337,0
28.5800,169996,-0.578674,0.510071,-0.473816,0.424744,78.6286,57.0114,0
28.5900,170006,-0.577087,0.508911,-0.475525,0.426453,78.6119,57.7802,0
28.6000,170016,-0.576172,0.508362,-0.476562,0.427246,78.5788,58.5313,0
28.6100,170026,-0.575806,0.508240,-0.476990,0.427368,78.5444,59.2556,0
28.6200,170036,-0.575806,0.508423,-0.476929,0.427246,78.5266,59.9455,0
28.6300,170046,-0.576721,0.509521,-0.475952,0.425781,78.4711,60.6122,0
28.6400,170056,-0.579529,0.513000,-0.472778,0.421265,78.3084,61.2457,0
28.6500,170066,-0.583679,0.518433,-0.468201,0.413940,78.0254,61.8359,0
28.6600,170076,-0.588562,0.525574,-0.462280,0.404541,77.6248,62.2376,0
28.6700,170086,-0.593872,0.531799,-0.455811,0.395874,77.3938,62.5059,0
28.6800,170096,-0.600403,0.537842,-0.447815,0.386902,77.3041,62.6658,0
28.6900,170106,-0.607849,0.544006,-0.438477,0.377197,77.2889,62.7245,0
28.7000,170116,-0.614929,0.549988,-0.429016,0.367920,77.2910,62.6561,0
28.7100,170126,-0.621277,0.554810,-0.420715,0.359497,77.3149,62.5496,0
28.7200,170136,-0.626953,0.558777,-0.413269,0.351990,77.3667,62.3386,0
28.7300,170146,-0.632080,0.562561,-0.406006,0.345154,77.4044,62.0921,0
28.7400,170156,-0.636353,0.565613,-0.400085,0.339294,77.3998,61.8151,0
28.7500,170166,-0.639587,0.568176,-0.395386,0.334290,77.3449,61.5160,0
28.7600,170176,-0.642273,0.570740,-0.391357,0.329529,77.3070,61.1582,0
28.7700,170186,-0.645081,0.573425,-0.386841,0.324646,77.2947,60.7710,0
28.7800,170196,-0.648132,0.576050,-0.382019,0.319641,77.2830,60.3464,0
28.7900,170206,-0.655640,0.582336,-0.369568,0.307312,77.2897,59.8853,0
28.8000,170216,-0.660461,0.585754,-0.361816,0.299622,77.3240,59.4111,0
28.8100,170226,-0.665894,0.589905,-0.352539,0.290466,77.3305,58.8829,0
28.8200,170236,-0.672852,0.590393,-0.343445,0.284180,77.8223,58.2999,0
28.8300,170246,-0.678894,0.590210,-0.335815,0.279236,78.2890,57.6863,0
28.8400,170256,-0.679993,0.591553,-0.333374,0.276550,78.2056,57.0418,0
28.8500,170266,-0.680298,0.592346,-0.332397,0.275330,78.1355,56.4012,0
28.8600,170276,-0.680481,0.592590,-0.331970,0.274902,78.1081,55.7774,0
28.8700,170286,-0.680603,0.592651,-0.331787,0.274719,78.0945,55.1836,0
28.8800,170296,-0.680664,0.592712,-0.331604,0.274597,78.0845,54.6219,0
28.8900,170306,-0.680786,0.592834,-0.331360,0.274353,78.0757,54.0869,0
28.9000,170316,-0.680969,0.592957,-0.330994,0.274048,78.0631,53.5774,0
28.9100,170326,-0.681152,0.593140,-0.330627,0.273621,78.0452,53.0931,0
28.9200,170336,-0.681335,0.593323,-0.330261,0.273315,78.0271,52.6276,0
28.9300,170346,-0.681396,0.593445,-0.330017,0.273132,78.0122,52.1816,0
28.9400,170356,-0.681458,0.593445,-0.329956,0.273071,78.0010,51.7556,0
28.9500,170366,-0.681458,0.593445,-0.329956,0.273071,77.9898,51.3502,0
28.9600,170376,-0.681458,0.593445,-0.330017,0.273071,77.9798,50.9652,0
28.9700,170386,-0.681396,0.593445,-0.330017,0.273071,77.9702,50.6036,0
28.9800,170396,-0.681396,0.593384,-0.330078,0.273132,77.9623,50.2608,0
28.9900,170406,-0.681335,0.593384,-0.330200,0.273254,77.9566,49.9351,0
29.0000,170416,-0.681274,0.593323,-0.330322,0.273315,77.9512,49.6227,0
29.0100,170426,-0.681213,0.593262,-0.330444,0.273438,77.9460,49.3291,0
29.0200,170436,-0.681152,0.593201,-0.330566,0.273560,77.9435,49.0490,0
29.0300,170446,-0.681091,0.593140,-0.330750,0.273682,77.9417,48.7865,0
29.0400,170456,-0.680969,0.593079,-0.330994,0.273926,77.9388,48.5380,0
29.0500,170466,-0.680786,0.592896,-0.331360,0.274231,77.9384,48.3019,0
29.0600,170476,-0.680664,0.592712,-0.331665,0.274536,77.9357,48.0801,0
29.0700,170486,-0.680420,0.592590,-0.332092,0.274902,77.9313,47.8712,0
29.0800,170496,-0.680420,0.592590,-0.332153,0.274902,77.9266,47.6764,0
29.0900,170506,-0.680420,0.592590,-0.332153,0.274902,77.9189,47.4926,0
29.1000,170516,-0.680420,0.592590,-0.332153,0.274902,77.9099,47.3168,0
29.1100,170526,-0.680420,0.592590,-0.332092,0.274841,77.9007,47.1466,0
29.1200,170536,-0.680420,0.592590,-0.332092,0.274841,77.8926,46.9844,0
29.1300,170546,-0.680420,0.592590,-0.332092,0.274841,77.8878,46.8315,0
29.1400,170556,-0.680420,0.592590,-0.332092,0.274841,77.8827,46.6873,0
29.1500,170566,-0.680420,0.592590,-0.332092,0.274841,77.8755,46.5510,0
29.1600,170576,-0.680420,0.592590,-0.332092,0.274841,77.8692,46.4233,0
29.1700,170586,-0.680420,0.592590,-0.332092,0.274841,77.8638,46.3002,0
29.1800,170596,-0.680420,0.592590,-0.332092,0.274841,77.8593,46.1845,0
29.1900,170606,-0.680420,0.592590,-0.332153,0.274841,77.8545,46.0733,0
29.2000,170616,-0.680420,0.592590,-0.332153,0.274841,77.8504,45.9665,0
29.2100,170626,-0.680420,0.592590,-0.332153,0.274841,77.8454,45.8663,0
29.2200,170636,-0.680420,0.592590,-0.332153,0.274841,77.8412,45.7692,0
29.2300,170646,-0.680420,0.592590,-0.332153,0.274841,77.8367,45.6770,0
29.2400,170656,-0.680420,0.592590,-0.332153,0.274841,77.8323,45.5883,0
29.2500,170666,-0.680420,0.592590,-0.332153,0.274841,77.8270,45.5063,0
29.2600,170676,-0.680420,0.592590,-0.332153,0.274841,77.8226,45.4267,0
29.2700,170686,-0.680420,0.592590,-0.332153,0.274841,77.8184,45.3534,0
29.2800,170696,-0.680420,0.592590,-0.332153,0.274841,77.8126,45.2826,0
29.2900,170706,-0.680420,0.592590,-0.332153,0.274841,77.8083,45.2160,0
29.3000,170716,-0.680420,0.592590,-0.332153,0.274841,77.8053,45.1526,0
29.3100,170726,-0.680420,0.592590,-0.332153,0.274841,77.8026,45.0919,0
29.3200,170736,-0.680420,0.592590,-0.332153,0.274841,77.7999,45.0342,0
29.3300,170746,-0.680420,0.592590,-0.332153,0.274841,77.7969,44.9799,0
29.3400,170756,-0.680420,0.592590,-0.332153,0.274841,77.7939,44.9296,0
29.3500,170766,-0.680420,0.592590,-0.332153,0.274841,77.7941,44.8800,0
29.3600,170776,-0.680420,0.592590,-0.332153,0.274841,77.7925,44.8340,0
29.3700,170786,-0.680420,0.592590,-0.332153,0.274841,77.7921,44.7898,0
29.3800,170796,-0.680420,0.592590,-0.332153,0.274841,77.7918,44.7484,0
29.3900,170806,-0.680420,0.592590,-0.332153,0.274841,77.7909,44.7078,0
29.4000,170816,-0.680420,0.592590,-0.332153,0.274841,77.7883,44.6705,0
29.4100,170826,-0.680420,0.592590,-0.332153,0.274841,77.7864,44.6339,0
29.4200,170836,-0.680420,0.592590,-0.332153,0.274841,77.7851,44.5996,0
29.4300,170846,-0.680420,0.592590,-0.332153,0.274841,77.7816,44.5665,0
29.4400,170856,-0.680420,0.592590,-0.332153,0.274841,77.7806,44.5351,0
29.4500,170866,-0.680420,0.592590,-0.332153,0.274841,77.7797,44.5040,0
29.4600,170876,-0.680420,0.592590,-0.332153,0.274841,77.7794,44.4763,0
29.4700,170886,-0.680420,0.592590,-0.332153,0.274841,77.7785,44.4493,0
29.4800,170896,-0.680420,0.592590,-0.332153,0.274841,77.7777,44.4232,0
29.4900,170906,-0.680420,0.592590,-0.332153,0.274780,77.7763,44.4001,0
29.5000,170916,-0.680420,0.592590,-0.332153,0.274780,77.7756,44.3781,0
29.5100,170926,-0.680420,0.592590,-0.332153,0.274780,77.7731,44.3573,0
29.5200,170936,-0.680420,0.592590,-0.332153,0.274780,77.7714,44.3357,0
29.5300,170946,-0.680420,0.592590,-0.332153,0.274780,77.7709,44.3158,0
29.5400,170956,-0.680420,0.592590,-0.332214,0.274780,77.7704,44.2975,0
29.5500,170966,-0.680420,0.592590,-0.332214,0.274780,77.7700,44.2795,0
29.5600,170976,-0.680359,0.592590,-0.332214,0.274841,77.7708,44.2624,0
29.5700,170986,-0.680359,0.592590,-0.332214,0.274841,77.7710,44.2473,0
29.5800,170996,-0.680359,0.592590,-0.332214,0.274841,77.7711,44.2324,0
29.5900,171006,-0.680359,0.592590,-0.332214,0.274841,77.7712,44.2171,0
29.6000,171016,-0.680359,0.592590,-0.332214,0.274841,77.7720,44.2031,0
29.6100,171026,-0.680359,0.592590,-0.332214,0.274841,77.7709,44.1898,0
29.6200,171036,-0.680359,0.592590,-0.332214,0.274841,77.7698,44.1766,0
29.6300,171046,-0.680359,0.592590,-0.332214,0.274841,77.7694,44.1652,0
29.6400,171056,-0.680359,0.592590,-0.332275,0.274841,77.7690,44.1556,0
29.6500,171066,-0.680298,0.592529,-0.332397,0.274963,77.7687,44.1491,0
29.6600,171076,-0.680237,0.592529,-0.332520,0.275024,77.7672,44.1428,0
29.6700,171086,-0.680237,0.592468,-0.332581,0.275085,77.7663,44.1345,0
29.6800,171096,-0.680176,0.592407,-0.332703,0.275208,77.7661,44.1271,0
29.6900,171106,-0.680115,0.592407,-0.332764,0.275269,77.7677,44.1239,0
29.7000,171116,-0.680054,0.592346,-0.332825,0.275330,77.7686,44.1197,0
29.7100,171126,-0.680054,0.592346,-0.332947,0.275391,77.7688,44.1162,0
29.7200,171136,-0.679993,0.592285,-0.333069,0.275513,77.7685,44.1123,0
29.7300,171146,-0.679932,0.592224,-0.333191,0.275635,77.7687,44.1124,0
29.7400,171156,-0.679810,0.592163,-0.333374,0.275757,77.7696,44.1130,0
29.7500,171166,-0.679749,0.592102,-0.333557,0.275940,77.7698,44.1106,0
29.7600,171176,-0.679626,0.592041,-0.333740,0.276062,77.7718,44.1127,0
29.7700,171186,-0.679504,0.591919,-0.333984,0.276306,77.7760,44.1154,0
29.7800,171196,-0.679382,0.591736,-0.334351,0.276672,77.7807,44.1273,0
29.7900,171206,-0.679077,0.591309,-0.334900,0.277466,77.7952,44.1470,0
29.8000,171216,-0.678833,0.590271,-0.335999,0.279114,77.8837,44.1732,0
29.8100,171226,-0.678711,0.588440,-0.337402,0.281555,78.0516,44.1997,0
29.8200,171236,-0.678162,0.587830,-0.338501,0.282837,78.0538,44.2541,0
29.8300,171246,-0.677185,0.587463,-0.339966,0.284119,78.0000,44.3232,0
29.8400,171256,-0.675354,0.587341,-0.342346,0.285828,77.8390,44.3874,0
29.8500,171266,-0.672729,0.586914,-0.345947,0.288635,77.7331,44.4696,0
29.8600,171276,-0.669861,0.585876,-0.350159,0.292297,77.6912,44.5900,0
29.8700,171286,-0.667114,0.584229,-0.354553,0.296448,77.6888,44.7375,0
29.8800,171296,-0.664368,0.582275,-0.359070,0.301086,77.6978,44.9288,0
29.8900,171306,-0.661682,0.580200,-0.363525,0.305542,77.7152,45.1471,0
29.9000,171316,-0.655884,0.575623,-0.372864,0.315308,77.7510,45.3841,0
29.9100,171326,-0.652649,0.572876,-0.377930,0.320923,77.7974,45.6439,0
29.9200,171336,-0.649414,0.570007,-0.383118,0.326477,77.8480,45.9574,0
29.9300,171346,-0.645996,0.566833,-0.388306,0.332642,77.9420,46.2751,0
29.9400,171356,-0.642578,0.563538,-0.393494,0.338562,78.0223,46.6587,0
29.9500,171366,-0.639282,0.560059,-0.398682,0.344543,78.1297,47.0828,0
29.9600,171376,-0.636047,0.556396,-0.403748,0.350525,78.2513,47.5400,0
29.9700,171386,-0.632507,0.552856,-0.408936,0.356506,78.3342,48.0216,0
29.9800,171396,-0.628540,0.549377,-0.414368,0.362488,78.3745,48.5271,0
29.9900,171406,-0.624451,0.545837,-0.419922,0.368530,78.4080,49.0725,0
30.0000,171416,-0.620178,0.542236,-0.425598,0.374512,78.4282,49.6495,0
30.0100,171426,-0.615967,0.538696,-0.431030,0.380249,78.4425,50.2590,0
30.0200,171436,-0.611511,0.535461,-0.436462,0.385742,78.4136,50.8807,0
30.0300,171446,-0.607605,0.532471,-0.441223,0.390625,78.4057,51.5367,0
30.0400,171456,-0.603760,0.529480,-0.445801,0.395447,78.4049,52.2057,0
30.0500,171466,-0.600098,0.526611,-0.450195,0.399841,78.3940,52.9046,0
30.0600,171476,-0.596680,0.523987,-0.454102,0.403931,78.3945,53.6355,0
30.0700,171486,-0.593872,0.521790,-0.457336,0.407288,78.3950,54.3751,0
30.0800,171496,-0.591614,0.519958,-0.460022,0.409912,78.3830,55.1196,0
30.0900,171506,-0.589905,0.518494,-0.462097,0.411865,78.3752,55.8543,0
30.1000,171516,-0.588684,0.517639,-0.463501,0.413147,78.3618,56.5604,0
30.1100,171526,-0.587952,0.517151,-0.464294,0.413879,78.3431,57.2391,0
30.1200,171536,-0.587524,0.516907,-0.464783,0.414185,78.3302,57.8924,0
30.1300,171546,-0.587402,0.516846,-0.464905,0.414246,78.3238,58.5104,0
30.1400,171556,-0.587585,0.516907,-0.464844,0.414062,78.3094,59.1026,0
30.1500,171566,-0.588074,0.517334,-0.464417,0.413391,78.2736,59.6560,0
30.1600,171576,-0.589050,0.518311,-0.463318,0.411926,78.2070,60.1561,0
30.1700,171586,-0.590149,0.519775,-0.461975,0.409973,78.1704,60.6239,0
30.1800,171596,-0.593079,0.523132,-0.458435,0.405518,78.0881,61.0668,0
30.1900,171606,-0.595459,0.526123,-0.455505,0.401489,77.9516,61.4608,0
30.2000,171616,-0.598389,0.529846,-0.451782,0.396362,77.7970,61.8007,0
30.2100,171626,-0.601929,0.534058,-0.447388,0.390259,77.6215,62.0971,0
30.2200,171636,-0.605591,0.538818,-0.442566,0.383484,77.4094,62.3143,0
30.2300,171646,-0.608704,0.542297,-0.438416,0.378479,77.3171,62.4334,0
30.2400,171656,-0.611572,0.544922,-0.434692,0.374268,77.2935,62.5113,0
30.2500,171666,-0.614258,0.547363,-0.431030,0.370544,77.2924,62.5189,0
30.2600,171676,-0.616638,0.549377,-0.427734,0.367493,77.3229,62.4782,0
30.2700,171686,-0.619263,0.551453,-0.424194,0.363892,77.3416,62.4366,0
30.2800,171696,-0.622131,0.553772,-0.420410,0.359924,77.3510,62.3672,0
30.2900,171706,-0.625122,0.555969,-0.416626,0.355835,77.3658,62.2767,0
30.3000,171716,-0.628418,0.558838,-0.411926,0.350891,77.3513,62.1283,0
30.3100,171726,-0.631897,0.561768,-0.406921,0.345703,77.3388,61.9422,0
30.3200,171736,-0.636047,0.565308,-0.400818,0.339355,77.3232,61.7125,0
30.3300,171746,-0.640625,0.568848,-0.394348,0.332458,77.3202,61.4684,0
30.3400,171756,-0.645630,0.572815,-0.386780,0.324585,77.3030,61.0806,0
30.3500,171766,-0.650818,0.577087,-0.378540,0.316406,77.2896,60.6013,0
30.3600,171776,-0.656128,0.581299,-0.370056,0.307678,77.2810,60.1006,0
30.3700,171786,-0.661255,0.585144,-0.361755,0.299194,77.2864,59.5502,0
30.3800,171796,-0.666504,0.588928,-0.352966,0.290466,77.3083,58.9641,0
30.3900,171806,-0.671204,0.590149,-0.346191,0.285278,77.5653,58.3253,0
30.4000,171816,-0.676453,0.589050,-0.340210,0.282288,77.6670,57.6816,0
30.4100,171826,-0.678711,0.589722,-0.336792,0.279480,77.6591,57.0350,0
30.4200,171836,-0.679504,0.590393,-0.335327,0.278015,77.6631,56.4038,0
30.4300,171846,-0.679810,0.590637,-0.334656,0.277466,77.6740,55.7992,0
30.4400,171856,-0.680054,0.590759,-0.334290,0.277161,77.6867,55.2217,0
30.4500,171866,-0.680237,0.590881,-0.333862,0.276855,77.6976,54.6712,0
30.4600,171876,-0.680542,0.591064,-0.333313,0.276367,77.7032,54.1476,0
30.4700,171886,-0.680603,0.591064,-0.333191,0.276306,77.7055,53.6514,0
30.4800,171896,-0.680603,0.591064,-0.333191,0.276306,77.7077,53.1800,0
30.4900,171906,-0.680603,0.591064,-0.333191,0.276306,77.7087,52.7316,0
30.5000,171916,-0.680603,0.591064,-0.333191,0.276306,77.7089,52.3079,0
30.5100,171926,-0.680603,0.591064,-0.333252,0.276306,77.7110,51.9055,0
30.5200,171936,-0.680603,0.591064,-0.333313,0.276367,77.7129,51.5243,0
30.5300,171946,-0.680542,0.591003,-0.333374,0.276428,77.7154,51.1610,0
30.5400,171956,-0.680481,0.591003,-0.333496,0.276550,77.7183,50.8171,0
30.5500,171966,-0.680420,0.590942,-0.333679,0.276672,77.7205,50.4923,0
30.5600,171976,-0.680298,0.590881,-0.333801,0.276794,77.7249,50.1814,0
30.5700,171986,-0.680237,0.590820,-0.333923,0.276917,77.7286,49.8848,0
30.5800,171996,-0.680237,0.590820,-0.333984,0.276978,77.7320,49.6013,0
30.5900,172006,-0.680176,0.590759,-0.334045,0.276978,77.7353,49.3351,0
30.6000,172016,-0.680176,0.590759,-0.334045,0.276978,77.7390,49.0822,0
30.6100,172026,-0.680176,0.590759,-0.334045,0.276978,77.7413,48.8425,0
30.6200,172036,-0.680176,0.590759,-0.334045,0.276978,77.7430,48.6148,0
30.6300,172046,-0.680176,0.590759,-0.334045,0.276978,77.7439,48.3991,0
30.6400,172056,-0.680176,0.590759,-0.334045,0.276978,77.7454,48.1936,0
30.6500,172066,-0.680176,0.590759,-0.334045,0.276978,77.7450,47.9989,0
30.6600,172076,-0.680176,0.590759,-0.334045,0.276978,77.7441,47.8146,0
30.6700,172086,-0.680176,0.590759,-0.334045,0.276978,77.7426,47.6395,0
30.6800,172096,-0.680176,0.590759,-0.334045,0.276978,77.7430,47.4682,0
30.6900,172106,-0.680176,0.590759,-0.334045,0.276978,77.7445,47.3073,0
30.7000,172116,-0.680176,0.590759,-0.334045,0.276978,77.7448,47.1545,0
30.7100,172126,-0.680176,0.590759,-0.334045,0.276978,77.7451,47.0086,0
30.7200,172136,-0.680176,0.590759,-0.334045,0.276978,77.7447,46.8701,0
30.7300,172146,-0.680176,0.590759,-0.334045,0.276978,77.7456,46.7367,0
30.7400,172156,-0.680176,0.590820,-0.334045,0.276978,77.7470,46.6112,0
30.7500,172166,-0.680176,0.590820,-0.334045,0.276978,77.7477,46.4920,0
30.7600,172176,-0.680176,0.590820,-0.334045,0.276978,77.7473,46.3799,0
30.7700,172186,-0.680176,0.590820,-0.334045,0.276978,77.7480,46.2740,0
30.7800,172196,-0.680176,0.590820,-0.334045,0.276978,77.7487,46.1734,0
30.7900,172206,-0.680176,0.590820,-0.334045,0.276978,77.7482,46.0772,0
30.8000,172216,-0.680176,0.590820,-0.334045,0.276978,77.7477,45.9852,0
30.8100,172226,-0.680176,0.590820,-0.334045,0.276978,77.7460,45.8991,0
30.8200,172236,-0.680176,0.590820,-0.334106,0.276978,77.7462,45.8172,0
30.8300,172246,-0.680176,0.590820,-0.334106,0.276978,77.7470,45.7388,0
30.8400,172256,-0.680176,0.590820,-0.334106,0.276978,77.7483,45.6632,0
30.8500,172266,-0.680176,0.590820,-0.334106,0.276978,77.7466,45.5931,0
30.8600,172276,-0.680176,0.590820,-0.334106,0.276978,77.7474,45.5278,0
30.8700,172286,-0.680176,0.590820,-0.334106,0.276978,77.7457,45.4657,0
30.8800,172296,-0.680176,0.590820,-0.334106,0.276978,77.7459,45.4061,0
30.8900,172306,-0.680176,0.590820,-0.334106,0.276917,77.7456,45.3489,0
30.9000,172316,-0.680176,0.590820,-0.334106,0.276917,77.7452,45.2933,0
30.9100,172326,-0.680176,0.590820,-0.334106,0.276917,77.7460,45.2418,0
30.9200,172336,-0.680176,0.590820,-0.334106,0.276917,77.7456,45.1922,0
30.9300,172346,-0.680176,0.590820,-0.334106,0.276917,77.7470,45.1439,0
30.9400,172356,-0.680176,0.590820,-0.334106,0.276917,77.7484,45.0986,0
30.9500,172366,-0.680176,0.590820,-0.334106,0.276917,77.7485,45.0544,0
30.9600,172376,-0.680176,0.590820,-0.334106,0.276917,77.7497,45.0141,0
30.9700,172386,-0.680176,0.590820,-0.334106,0.276917,77.7503,44.9771,0
30.9800,172396,-0.680176,0.590820,-0.334106,0.276917,77.7491,44.9414,0
30.9900,172406,-0.680176,0.590820,-0.334106,0.276917,77.7492,44.9074,0
31.0000,172416,-0.680176,0.590820,-0.334106,0.276917,77.7474,44.8751,0
31.0100,172426,-0.680176,0.590820,-0.334106,0.276917,77.7476,44.8451,0
31.0200,172436,-0.680176,0.590820,-0.334106,0.276917,77.7483,44.8159,0
31.0300,172446,-0.680176,0.590820,-0.334106,0.276917,77.7472,44.7870,0
31.0400,172456,-0.680176,0.590820,-0.334106,0.276917,77.7479,44.7607,0
31.0500,172466,-0.680176,0.590820,-0.334106,0.276917,77.7492,44.7346,0
31.0600,172476,-0.680176,0.590820,-0.334106,0.276917,77.7492,44.7098,0
31.0700,172486,-0.680176,0.590820,-0.334106,0.276917,77.7493,44.6850,0
31.0800,172496,-0.680176,0.590820,-0.334106,0.276917,77.7499,44.6621,0
31.0900,172506,-0.680176,0.590820,-0.334106,0.276917,77.7493,44.6397,0
31.1000,172516,-0.680176,0.590820,-0.334106,0.276917,77.7488,44.6196,0
31.1100,172526,-0.680176,0.590820,-0.334106,0.276917,77.7494,44.6005,0
31.1200,172536,-0.680176,0.590820,-0.334106,0.276917,77.7501,44.5818,0
31.1300,172546,-0.680176,0.590820,-0.334106,0.276917,77.7506,44.5652,0
31.1400,172556,-0.680176,0.590820,-0.334106,0.276917,77.7487,44.5483,0
31.1500,172566,-0.680176,0.590820,-0.334106,0.276917,77.7462,44.5334,0
31.1600,172576,-0.680115,0.590820,-0.334106,0.276917,77.7439,44.5204,0
31.1700,172586,-0.680115,0.590820,-0.334106,0.276917,77.7416,44.5069,0
31.1800,172596,-0.680115,0.590820,-0.334106,0.276917,77.7389,44.4940,0
31.1900,172606,-0.680115,0.590820,-0.334106,0.276917,77.7358,44.4812,0
31.2000,172616,-0.680115,0.590820,-0.334106,0.276917,77.7334,44.4697,0
31.2100,172626,-0.680115,0.590820,-0.334106,0.276917,77.7317,44.4593,0
31.2200,172636,-0.680115,0.590820,-0.334106,0.276917,77.7289,44.4500,0
31.2300,172646,-0.680115,0.590820,-0.334106,0.276917,77.7268,44.4400,0
31.2400,172656,-0.680115,0.590820,-0.334106,0.276917,77.7242,44.4311,0
31.2500,172666,-0.680115,0.590820,-0.334106,0.276917,77.7218,44.4220,0
31.2600,172676,-0.680115,0.590820,-0.334106,0.276917,77.7201,44.4146,0
31.2700,172686,-0.680115,0.590820,-0.334106,0.276917,77.7185,44.4076,0
31.2800,172696,-0.680115,0.590820,-0.334106,0.276917,77.7175,44.4009,0
31.2900,172706,-0.680115,0.590820,-0.334106,0.276917,77.7166,44.3939,0
31.3000,172716,-0.680115,0.590820,-0.334167,0.276917,77.7157,44.3873,0
31.3100,172726,-0.680115,0.590820,-0.334167,0.276917,77.7143,44.3811,0
31.3200,172736,-0.680115,0.590820,-0.334167,0.276917,77.7148,44.3739,0
31.3300,172746,-0.680115,0.590820,-0.334167,0.276917,77.7128,44.3689,0
31.3400,172756,-0.680115,0.590820,-0.334167,0.276917,77.7109,44.3642,0
31.3500,172766,-0.680115,0.590820,-0.334167,0.276917,77.7092,44.3614,0
31.3600,172776,-0.680115,0.590820,-0.334167,0.276917,77.7081,44.3582,0
31.3700,172786,-0.680115,0.590820,-0.334167,0.276917,77.7071,44.3546,0
31.3800,172796,-0.680115,0.590820,-0.334167,0.276917,77.7061,44.3511,0
31.3900,172806,-0.680115,0.590820,-0.334167,0.276917,77.7051,44.3479,0
31.4000,172816,-0.680115,0.590881,-0.334167,0.276917,77.7025,44.3453,0
31.4100,172826,-0.680115,0.590881,-0.334167,0.276917,77.7017,44.3412,0
31.4200,172836,-0.680115,0.590881,-0.334167,0.276855,77.7010,44.3372,0
31.4300,172846,-0.680115,0.590881,-0.334167,0.276855,77.7003,44.3329,0
31.4400,172856,-0.680115,0.590881,-0.334167,0.276855,77.7003,44.3293,0
31.4500,172866,-0.680115,0.590881,-0.334167,0.276855,77.7009,44.3253,0
31.4600,172876,-0.680115,0.590881,-0.334167,0.276855,77.7014,44.3216,0
31.4700,172886,-0.680115,0.590881,-0.334167,0.276855,77.7007,44.3204,0
31.4800,172896,-0.680115,0.590881,-0.334167,0.276855,77.7012,44.3168,0
31.4900,172906,-0.680115,0.590881,-0.334167,0.276855,77.7005,44.3135,0
31.5000,172916,-0.680115,0.590881,-0.334167,0.276855,77.6987,44.3109,0
31.5100,172926,-0.680115,0.590881,-0.334167,0.276855,77.6969,44.3085,0
31.5200,172936,-0.680115,0.590881,-0.334167,0.276855,77.6959,44.3073,0
31.5300,172946,-0.680115,0.590881,-0.334167,0.276855,77.6948,44.3062,0
31.5400,172956,-0.680115,0.590881,-0.334167,0.276855,77.6957,44.3040,0
31.5500,172966,-0.680115,0.590881,-0.334167,0.276855,77.6953,44.3013,0
31.5600,172976,-0.680115,0.590881,-0.334167,0.276855,77.6949,44.2988,0
31.5700,172986,-0.680115,0.590881,-0.334167,0.276855,77.6945,44.2969,0
31.5800,172996,-0.680115,0.590881,-0.334167,0.276855,77.6947,44.2958,0
31.5900,173006,-0.680115,0.590881,-0.334167,0.276855,77.6956,44.2953,0
31.6000,173016,-0.680115,0.590881,-0.334167,0.276855,77.6940,44.2930,0
31.6100,173026,-0.680115,0.590881,-0.334167,0.276855,77.6931,44.2914,0
31.6200,173036,-0.680115,0.590881,-0.334167,0.276855,77.6934,44.2906,0
31.6300,173046,-0.680115,0.590881,-0.334167,0.276855,77.6913,44.2885,0
31.6400,173056,-0.680115,0.590881,-0.334167,0.276855,77.6899,44.2866,0
31.6500,173066,-0.680115,0.590881,-0.334167,0.276855,77.6886,44.2854,0
31.6600,173076,-0.680115,0.590881,-0.334167,0.276855,77.6880,44.2830,0
31.6700,173086,-0.680115,0.590881,-0.334167,0.276855,77.6879,44.2814,0
31.6800,173096,-0.680115,0.590881,-0.334167,0.276855,77.6879,44.2792,0
31.6900,173106,-0.680115,0.590881,-0.334167,0.276855,77.6879,44.2771,0
31.7000,173116,-0.680115,0.590881,-0.334167,0.276855,77.6891,44.2758,0
31.7100,173126,-0.680115,0.590881,-0.334167,0.276855,77.6884,44.2757,0
31.7200,173136,-0.680115,0.590881,-0.334167,0.276855,77.6877,44.2738,0
31.7300,173146,-0.680115,0.590881,-0.334167,0.276855,77.6883,44.2732,0
31.7400,173156,-0.680115,0.590881,-0.334167,0.276855,77.6895,44.2715,0
31.7500,173166,-0.680115,0.590881,-0.334167,0.276855,77.6900,44.2716,0
31.7600,173176,-0.680115,0.590881,-0.334167,0.276855,77.6898,44.2711,0
31.7700,173186,-0.680115,0.590881,-0.334167,0.276855,77.6897,44.2712,0
31.7800,173196,-0.680115,0.590881,-0.334167,0.276855,77.6884,44.2708,0
31.7900,173206,-0.680115,0.590881,-0.334167,0.276855,77.6890,44.2685,0
31.8000,173216,-0.680115,0.590881,-0.334167,0.276855,77.6883,44.2664,0
31.8100,173226,-0.680115,0.590881,-0.334167,0.276855,77.6900,44.2644,0
31.8200,173236,-0.680115,0.590881,-0.334167,0.276855,77.6917,44.2637,0
31.8300,173246,-0.680115,0.590881,-0.334167,0.276855,77.6921,44.2624,0
31.8400,173256,-0.680115,0.590881,-0.334167,0.276855,77.6925,44.2612,0
31.8500,173266,-0.680115,0.590881,-0.334167,0.276855,77.6928,44.2600,0
31.8600,173276,-0.680115,0.590881,-0.334167,0.276855,77.6943,44.2589,0
31.8700,173286,-0.680115,0.590881,-0.334167,0.276855,77.6940,44.2573,0
31.8800,173296,-0.680115,0.590881,-0.334167,0.276855,77.6936,44.2558,0
31.8900,173306,-0.680115,0.590881,-0.334167,0.276855,77.6939,44.2567,0
31.9000,173316,-0.680115,0.590881,-0.334167,0.276855,77.6942,44.2551,0
31.9100,173326,-0.680115,0.590881,-0.334167,0.276855,77.6927,44.2537,0
31.9200,173336,-0.680115,0.590881,-0.334167,0.276855,77.6918,44.2535,0
31.9300,173346,-0.680115,0.590881,-0.334167,0.276855,77.6928,44.2527,0
31.9400,173356,-0.680115,0.590881,-0.334167,0.276855,77.6943,44.2526,0
31.9500,173366,-0.680115,0.590881,-0.334167,0.276855,77.6940,44.2513,0
31.9600,173376,-0.680115,0.590881,-0.334167,0.276855,77.6931,44.2494,0
31.9700,173386,-0.680115,0.590881,-0.334167,0.276855,77.6934,44.2500,0
31.9800,173396,-0.680115,0.590881,-0.334167,0.276855,77.6937,44.2495,0
31.9900,173406,-0.680115,0.590881,-0.334167,0.276855,77.6951,44.2507,0
32.0000,173416,-0.680115,0.590881,-0.334167,0.276855,77.6965,44.2500,0
32.0100,173426,-0.680115,0.590881,-0.334167,0.276855,77.6967,44.2500,0
32.0200,173436,-0.680115,0.590881,-0.334167,0.276855,77.6950,44.2524,0
32.0300,173446,-0.680115,0.590881,-0.334167,0.276855,77.6941,44.2535,0
32.0400,173456,-0.680115,0.590881,-0.334167,0.276855,77.6937,44.2539,0
32.0500,173466,-0.680115,0.590881,-0.334167,0.276855,77.6928,44.2525,0
32.0600,173476,-0.680115,0.590881,-0.334167,0.276855,77.6944,44.2524,0
32.0700,173486,-0.680115,0.590881,-0.334167,0.276855,77.6928,44.2517,0
32.0800,173496,-0.680115,0.590881,-0.334167,0.276855,77.6926,44.2504,0
32.0900,173506,-0.680115,0.590881,-0.334167,0.276855,77.6917,44.2492,0
32.1000,173516,-0.680115,0.590881,-0.334167,0.276855,77.6927,44.2486,0
32.1100,173526,-0.680115,0.590881,-0.334167,0.276855,77.6924,44.2487,0
32.1200,173536,-0.680115,0.590881,-0.334167,0.276855,77.6928,44.2494,0
32.1300,173546,-0.680115,0.590881,-0.334167,0.276855,77.6919,44.2506,0
32.1400,173556,-0.680115,0.590881,-0.334167,0.276855,77.6893,44.2494,0
32.1500,173566,-0.680115,0.590881,-0.334167,0.276855,77.6892,44.2476,0
32.1600,173576,-0.680115,0.590881,-0.334167,0.276855,77.6891,44.2489,0
32.1700,173586,-0.680115,0.590881,-0.334167,0.276855,77.6908,44.2472,0
32.1800,173596,-0.680115,0.590881,-0.334167,0.276855,77.6895,44.2456,0
32.1900,173606,-0.680115,0.590881,-0.334167,0.276855,77.6888,44.2446,0
32.2000,173616,-0.680115,0.590881,-0.334167,0.276855,77.6911,44.2443,0
32.2100,173626,-0.680115,0.590881,-0.334167,0.276855,77.6921,44.2446,0
32.2200,173636,-0.680115,0.590881,-0.334167,0.276855,77.6907,44.2454,0
32.2300,173646,-0.680115,0.590881,-0.334167,0.276855,77.6899,44.2456,0
32.2400,173656,-0.680115,0.590881,-0.334167,0.276855,77.6898,44.2465,0
32.2500,173666,-0.680115,0.590881,-0.334167,0.276855,77.6891,44.2466,0
32.2600,173676,-0.680115,0.590881,-0.334167,0.276855,77.6878,44.2462,0
32.2700,173686,-0.680115,0.590881,-0.334167,0.276855,77.6878,44.2464,0
32.2800,173696,-0.680115,0.590881,-0.334167,0.276855,77.6884,44.2466,0
32.2900,173706,-0.680115,0.590881,-0.334167,0.276855,77.6901,44.2456,0
32.3000,173716,-0.680115,0.590881,-0.334167,0.276855,77.6894,44.2458,0
32.3100,173726,-0.680115,0.590881,-0.334167,0.276855,77.6887,44.2442,0
32.3200,173736,-0.680115,0.590881,-0.334167,0.276855,77.6905,44.2457,0
32.3300,173746,-0.680115,0.590881,-0.334167,0.276855,77.6909,44.2459,0
32.3400,173756,-0.680115,0.590881,-0.334167,0.276855,77.6913,44.2449,0
32.3500,173766,-0.680115,0.590881,-0.334167,0.276855,77.6917,44.2452,0
32.3600,173776,-0.680115,0.590881,-0.334167,0.276855,77.6921,44.2472,0
32.3700,173786,-0.680115,0.590820,-0.334229,0.276917,77.6943,44.2528,0
32.3800,173796,-0.680054,0.590820,-0.334290,0.276978,77.7005,44.2582,0
32.3900,173806,-0.679993,0.590698,-0.334473,0.277222,77.7135,44.2636,0
32.4000,173816,-0.679810,0.590393,-0.334961,0.277710,77.7442,44.2696,0
32.4100,173826,-0.679504,0.589844,-0.335693,0.278564,77.8168,44.2770,0
32.4200,173836,-0.678772,0.587830,-0.338074,0.281860,77.8899,44.2908,0
32.4300,173846,-0.678284,0.587463,-0.338928,0.282715,77.8816,44.3316,0
32.4400,173856,-0.677856,0.587280,-0.339722,0.283264,77.8564,44.3789,0
32.4500,173866,-0.677246,0.587036,-0.340637,0.283997,77.8224,44.4300,0
32.4600,173876,-0.676514,0.586853,-0.341797,0.284790,77.7759,44.4880,0
32.4700,173886,-0.675354,0.586609,-0.343445,0.286072,77.7097,44.5431,0
32.4800,173896,-0.673767,0.585999,-0.345825,0.288147,77.6546,44.5952,0
32.4900,173906,-0.671936,0.585144,-0.348633,0.290833,77.6147,44.6591,0
32.5000,173916,-0.669800,0.583923,-0.351929,0.294189,77.5845,44.7433,0
32.5100,173926,-0.667419,0.582092,-0.355896,0.298401,77.5843,44.8661,0
32.5200,173936,-0.664368,0.579712,-0.360840,0.303955,77.6205,44.9810,0
32.5300,173946,-0.661072,0.576721,-0.366455,0.310059,77.6905,45.1619,0
32.5400,173956,-0.657410,0.572998,-0.372681,0.317139,77.8015,45.3827,0
32.5500,173966,-0.653687,0.569092,-0.379089,0.324219,77.9224,45.6732,0
32.5600,173976,-0.649780,0.565247,-0.385376,0.331238,78.0154,45.9940,0
32.5700,173986,-0.645752,0.561890,-0.391418,0.337830,78.0527,46.3527,0
32.5800,173996,-0.641968,0.558899,-0.396851,0.343506,78.0645,46.8186,0
32.5900,174006,-0.638489,0.556152,-0.401855,0.348694,78.0704,47.3164,0
32.6000,174016,-0.635010,0.553467,-0.406677,0.353577,78.0696,47.8386,0
32.6100,174026,-0.631592,0.550842,-0.411316,0.358459,78.0711,48.3787,0
32.6200,174036,-0.627991,0.547974,-0.416138,0.363586,78.0858,48.9407,0
32.6300,174046,-0.623901,0.544739,-0.421448,0.369324,78.1106,49.5253,0
32.6400,174056,-0.619446,0.541077,-0.427185,0.375488,78.1419,50.1360,0
32.6500,174066,-0.614624,0.537170,-0.433289,0.382019,78.1752,50.7971,0
32.6600,174076,-0.609802,0.533020,-0.439514,0.388428,78.2004,51.4902,0
32.6700,174086,-0.604858,0.528931,-0.445557,0.394775,78.2136,52.2635,0
32.6800,174096,-0.600464,0.524902,-0.451416,0.400208,78.2298,53.0170,0
32.6900,174106,-0.595947,0.521118,-0.456848,0.405640,78.2333,53.7822,0
32.7000,174116,-0.588440,0.514893,-0.465820,0.414307,78.2235,54.5813,0
32.7100,174126,-0.585266,0.512085,-0.469849,0.417725,78.2040,55.4081,0
32.7200,174136,-0.582397,0.509644,-0.473206,0.420837,78.1903,56.2090,0
32.7300,174146,-0.580139,0.507629,-0.476135,0.423157,78.1671,57.0157,0
32.7400,174156,-0.578247,0.505981,-0.478577,0.424927,78.1319,57.8144,0
32.7500,174166,-0.576965,0.504822,-0.480286,0.426086,78.1055,58.5858,0
32.7600,174176,-0.575989,0.504089,-0.481323,0.427124,78.0894,59.2913,0
32.7700,174186,-0.575378,0.503784,-0.481873,0.427673,78.0652,59.9641,0
32.7800,174196,-0.574951,0.503784,-0.482178,0.427917,78.0315,60.6096,0
32.7900,174206,-0.574768,0.504089,-0.482178,0.427795,77.9876,61.2257,0
32.8000,174216,-0.574890,0.504578,-0.481995,0.427246,77.9376,61.8232,0
32.8100,174226,-0.575378,0.505432,-0.481384,0.426331,77.8871,62.3834,0
32.8200,174236,-0.576111,0.506592,-0.480469,0.424988,77.8231,62.8995,0
32.8300,174246,-0.576965,0.508118,-0.479004,0.423645,77.7768,63.3440,0
32.8400,174256,-0.578003,0.510010,-0.477234,0.421936,77.7204,63.7460,0
32.8500,174266,-0.579285,0.512207,-0.475159,0.419861,77.6581,64.1072,0
32.8600,174276,-0.580750,0.514526,-0.472839,0.417664,77.6032,64.4018,0
32.8700,174286,-0.582336,0.516724,-0.470825,0.414978,77.5218,64.7145,0
32.8800,174296,-0.584229,0.519287,-0.468628,0.411560,77.4154,65.0064,0
32.8900,174306,-0.586365,0.522156,-0.465881,0.408081,77.3292,65.2136,0
32.9000,174316,-0.588806,0.524780,-0.462891,0.404541,77.2898,65.3973,0
32.9100,174326,-0.591675,0.527405,-0.459473,0.400818,77.2845,65.5342,0
32.9200,174336,-0.594849,0.530029,-0.455688,0.396973,77.3104,65.6331,0
32.9300,174346,-0.598206,0.532776,-0.451660,0.392761,77.3401,65.6862,0
32.9400,174356,-0.601807,0.535461,-0.447388,0.388489,77.3433,65.7168,0
32.9500,174366,-0.605774,0.538574,-0.442749,0.383362,77.3314,65.6522,0
32.9600,174376,-0.610107,0.542419,-0.437073,0.377502,77.2968,65.5515,0
32.9700,174386,-0.614563,0.546387,-0.431213,0.371216,77.2604,65.3636,0
32.9800,174396,-0.624512,0.555298,-0.417603,0.356689,77.2150,65.1759,0
32.9900,174406,-0.630371,0.560486,-0.409424,0.347656,77.1474,64.9186,0
33.0000,174416,-0.636780,0.565918,-0.399902,0.338074,77.1258,64.5484,0
33.0100,174426,-0.643738,0.571289,-0.389832,0.327515,77.1207,64.1525,0
33.0200,174436,-0.650757,0.576538,-0.379089,0.316895,77.1526,63.6407,0
33.0300,174446,-0.657654,0.581909,-0.367798,0.305908,77.1686,63.0409,0
33.0400,174456,-0.664246,0.586975,-0.356812,0.294800,77.1726,62.4030,0
33.0500,174466,-0.670288,0.589233,-0.347900,0.287231,77.4151,61.6859,0
33.0600,174476,-0.676514,0.587585,-0.341003,0.284302,78.0784,60.9088,0
33.0700,174486,-0.678589,0.587708,-0.338135,0.282349,78.2069,60.1392,0
33.0800,174496,-0.679565,0.588318,-0.336487,0.280884,78.1994,59.3897,0
33.0900,174506,-0.680237,0.588684,-0.335327,0.279785,78.1883,58.6652,0
33.1000,174516,-0.680786,0.588989,-0.334412,0.278931,78.1729,57.9665,0
33.1100,174526,-0.681030,0.589233,-0.333801,0.278381,78.1547,57.2930,0
33.1200,174536,-0.681335,0.589478,-0.333252,0.277954,78.1362,56.6524,0
33.1300,174546,-0.681519,0.589600,-0.332886,0.277649,78.1175,56.0390,0
33.1400,174556,-0.681580,0.589722,-0.332703,0.277466,78.0992,55.4507,0
33.1500,174566,-0.681641,0.589783,-0.332581,0.277344,78.0811,54.8913,0
33.1600,174576,-0.681702,0.589783,-0.332458,0.277283,78.0634,54.3616,0
33.1700,174586,-0.681702,0.589844,-0.332458,0.277222,78.0483,53.8572,0
33.1800,174596,-0.681702,0.589844,-0.332458,0.277222,78.0346,53.3792,0
33.1900,174606,-0.681702,0.589844,-0.332458,0.277222,78.0215,52.9246,0
33.2000,174616,-0.681702,0.589844,-0.332458,0.277222,78.0097,52.4908,0
33.2100,174626,-0.681702,0.589844,-0.332458,0.277222,77.9973,52.0800,0
33.2200,174636,-0.681702,0.589844,-0.332458,0.277222,77.9867,51.6897,0
33.2300,174646,-0.681702,0.589844,-0.332458,0.277222,77.9785,51.3189,0
33.2400,174656,-0.681702,0.589844,-0.332458,0.277222,77.9694,50.9648,0
33.2500,174666,-0.681702,0.589844,-0.332458,0.277222,77.9602,50.6279,0
33.2600,174676,-0.681702,0.589844,-0.332458,0.277222,77.9503,50.3078,0
33.2700,174686,-0.681702,0.589844,-0.332458,0.277222,77.9427,50.0026,0
33.2800,174696,-0.681702,0.589844,-0.332458,0.277222,77.9348,49.7155,0
33.2900,174706,-0.681702,0.589844,-0.332458,0.277222,77.9262,49.4417,0
33.3000,174716,-0.681702,0.589844,-0.332458,0.277222,77.9180,49.1827,0
33.3100,174726,-0.681702,0.589844,-0.332458,0.277222,77.9102,48.9354,0
33.3200,174736,-0.681702,0.589844,-0.332458,0.277222,77.9016,48.7012,0
33.3300,174746,-0.681702,0.589844,-0.332458,0.277161,77.8928,48.4768,0
33.3400,174756,-0.681702,0.589844,-0.332458,0.277161,77.8851,48.2643,0
33.3500,174766,-0.681702,0.589905,-0.332458,0.277161,77.8753,48.0618,0
33.3600,174776,-0.681702,0.589905,-0.332397,0.277100,77.8655,47.8693,0
33.3700,174786,-0.681763,0.589966,-0.332336,0.277039,77.8544,47.6858,0
33.3800,174796,-0.681763,0.590027,-0.332275,0.276917,77.8432,47.5126,0
33.3900,174806,-0.681824,0.590027,-0.332153,0.276855,77.8356,47.3470,0
33.4000,174816,-0.681824,0.590088,-0.332153,0.276794,77.8301,47.1908,0
33.4100,174826,-0.681824,0.590088,-0.332153,0.276794,77.8255,47.0418,0
33.4200,174836,-0.681824,0.590088,-0.332153,0.276794,77.8200,46.9003,0
33.4300,174846,-0.681824,0.590088,-0.332153,0.276794,77.8153,46.7652,0
33.4400,174856,-0.681824,0.590088,-0.332153,0.276794,77.8120,46.6375,0
33.4500,174866,-0.681824,0.590088,-0.332153,0.276794,77.8077,46.5168,0
33.4600,174876,-0.681824,0.590088,-0.332153,0.276794,77.8037,46.4033,0
33.4700,174886,-0.681824,0.590088,-0.332153,0.276794,77.7992,46.2955,0
33.4800,174896,-0.681763,0.590088,-0.332153,0.276794,77.7950,46.1913,0
33.4900,174906,-0.681763,0.590088,-0.332153,0.276794,77.7915,46.0929,0
33.5000,174916,-0.681763,0.590088,-0.332153,0.276794,77.7894,45.9970,0
33.5100,174926,-0.681763,0.590088,-0.332153,0.276794,77.7875,45.9065,0
33.5200,174936,-0.681763,0.590088,-0.332153,0.276794,77.7856,45.8212,0
33.5300,174946,-0.681763,0.590088,-0.332153,0.276794,77.7838,45.7389,0
33.5400,174956,-0.681763,0.590149,-0.332214,0.276794,77.7815,45.6625,0
33.5500,174966,-0.681763,0.590149,-0.332214,0.276794,77.7800,45.5900,0
33.5600,174976,-0.681763,0.590149,-0.332214,0.276794,77.7791,45.5216,0
33.5700,174986,-0.681763,0.590149,-0.332214,0.276733,77.7776,45.4549,0
33.5800,174996,-0.681763,0.590149,-0.332214,0.276733,77.7768,45.3915,0
33.5900,175006,-0.681763,0.590149,-0.332214,0.276733,77.7761,45.3325,0
33.6000,175016,-0.681763,0.590149,-0.332214,0.276733,77.7760,45.2765,0
33.6100,175026,-0.681763,0.590149,-0.332214,0.276733,77.7747,45.2226,0
33.6200,175036,-0.681763,0.590149,-0.332214,0.276733,77.7716,45.1709,0
33.6300,175046,-0.681763,0.590149,-0.332214,0.276733,77.7706,45.1223,0
33.6400,175056,-0.681763,0.590149,-0.332214,0.276733,77.7683,45.0761,0
33.6500,175066,-0.681763,0.590149,-0.332214,0.276733,77.7674,45.0323,0
33.6600,175076,-0.681763,0.590149,-0.332214,0.276733,77.7666,44.9912,0
33.6700,175086,-0.681763,0.590149,-0.332214,0.276733,77.7651,44.9523,0
33.6800,175096,-0.681763,0.590149,-0.332214,0.276733,77.7632,44.9146,0
33.6900,175106,-0.681763,0.590149,-0.332214,0.276733,77.7625,44.8788,0
33.7000,175116,-0.681763,0.590149,-0.332214,0.276733,77.7607,44.8429,0
33.7100,175126,-0.681702,0.590149,-0.332214,0.276733,77.7596,44.8070,0
33.7200,175136,-0.681702,0.590149,-0.332275,0.276733,77.7597,44.7735,0
33.7300,175146,-0.681702,0.590149,-0.332275,0.276733,77.7598,44.7417,0
33.7400,175156,-0.681702,0.590149,-0.332275,0.276733,77.7599,44.7109,0
33.7500,175166,-0.681702,0.590149,-0.332275,0.276733,77.7606,44.6810,0
33.7600,175176,-0.681702,0.590149,-0.332275,0.276733,77.7607,44.6532,0
33.7700,175186,-0.681702,0.590149,-0.332275,0.276733,77.7607,44.6250,0
33.7800,175196,-0.681702,0.590149,-0.332275,0.276672,77.7608,44.6024,0
33.7900,175206,-0.681702,0.590149,-0.332275,0.276672,77.7597,44.5785,0
33.8000,175216,-0.681702,0.590149,-0.332275,0.276672,77.7586,44.5570,0
33.8100,175226,-0.681702,0.590149,-0.332275,0.276672,77.7582,44.5366,0
33.8200,175236,-0.681702,0.590210,-0.332275,0.276672,77.7572,44.5166,0
33.8300,175246,-0.681702,0.590210,-0.332275,0.276672,77.7574,44.4964,0
33.8400,175256,-0.681702,0.590210,-0.332275,0.276672,77.7582,44.4779,0
33.8500,175266,-0.681702,0.590210,-0.332275,0.276672,77.7584,44.4614,0
33.8600,175276,-0.681702,0.590210,-0.332275,0.276672,77.7580,44.4440,0
33.8700,175286,-0.681702,0.590210,-0.332336,0.276672,77.7576,44.4286,0
33.8800,175296,-0.681702,0.590210,-0.332336,0.276672,77.7578,44.4129,0
33.8900,175306,-0.681702,0.590210,-0.332336,0.276672,77.7568,44.3985,0
33.9000,175316,-0.681702,0.590210,-0.332336,0.276672,77.7553,44.3866,0
33.9100,175326,-0.681702,0.590210,-0.332336,0.276672,77.7538,44.3747,0
33.9200,175336,-0.681702,0.590210,-0.332336,0.276672,77.7524,44.3628,0
33.9300,175346,-0.681702,0.590210,-0.332336,0.276672,77.7529,44.3533,0
33.9400,175356,-0.681641,0.590210,-0.332336,0.276672,77.7528,44.3431,0
33.9500,175366,-0.681641,0.590210,-0.332336,0.276672,77.7532,44.3339,0
33.9600,175376,-0.681641,0.590210,-0.332336,0.276672,77.7531,44.3241,0
33.9700,175386,-0.681641,0.590210,-0.332336,0.276672,77.7535,44.3147,0
33.9800,175396,-0.681641,0.590210,-0.332336,0.276611,77.7522,44.3058,0
33.9900,175406,-0.681641,0.590210,-0.332336,0.276611,77.7514,44.2974,0
34.0000,175416,-0.681641,0.590210,-0.332336,0.276611,77.7508,44.2900,0
34.0100,175426,-0.681641,0.590210,-0.332336,0.276611,77.7502,44.2811,0
34.0200,175436,-0.681641,0.590210,-0.332336,0.276611,77.7519,44.2733,0
34.0300,175446,-0.681641,0.590210,-0.332397,0.276611,77.7524,44.2671,0
34.0400,175456,-0.681641,0.590210,-0.332397,0.276611,77.7529,44.2612,0
34.0500,175466,-0.681641,0.590210,-0.332397,0.276611,77.7533,44.2555,0
34.0600,175476,-0.681641,0.590271,-0.332397,0.276611,77.7544,44.2502,0
34.0700,175486,-0.681641,0.590271,-0.332397,0.276611,77.7542,44.2451,0
34.0800,175496,-0.681641,0.590271,-0.332397,0.276611,77.7533,44.2385,0
34.0900,175506,-0.681641,0.590271,-0.332397,0.276611,77.7538,44.2335,0
34.1000,175516,-0.681641,0.590271,-0.332397,0.276611,77.7542,44.2274,0
34.1100,175526,-0.681641,0.590271,-0.332397,0.276611,77.7552,44.2229,0
34.1200,175536,-0.681641,0.590271,-0.332397,0.276611,77.7555,44.2186,0
34.1300,175546,-0.681641,0.590271,-0.332397,0.276611,77.7564,44.2151,0
34.1400,175556,-0.681641,0.590271,-0.332397,0.276611,77.7567,44.2106,0
34.1500,175566,-0.681641,0.590271,-0.332397,0.276611,77.7563,44.2051,0
34.1600,175576,-0.681641,0.590271,-0.332397,0.276611,77.7566,44.1999,0
34.1700,175586,-0.681641,0.590271,-0.332397,0.276611,77.7557,44.1962,0
34.1800,175596,-0.681641,0.590271,-0.332397,0.276611,77.7572,44.1926,0
34.1900,175606,-0.681641,0.590271,-0.332397,0.276611,77.7574,44.1893,0
34.2000,175616,-0.681641,0.590271,-0.332397,0.276611,77.7571,44.1849,0
34.2100,175626,-0.681641,0.590271,-0.332397,0.276611,77.7579,44.1813,0
34.2200,175636,-0.681641,0.590271,-0.332397,0.276611,77.7587,44.1785,0
34.2300,175646,-0.681641,0.590271,-0.332397,0.276611,77.7583,44.1746,0
34.2400,175656,-0.681641,0.590271,-0.332397,0.276611,77.7572,44.1709,0
34.2500,175666,-0.681641,0.590271,-0.332397,0.276611,77.7563,44.1692,0
34.2600,175676,-0.681641,0.590271,-0.332397,0.276611,77.7566,44.1676,0
34.2700,175686,-0.681641,0.590271,-0.332397,0.276611,77.7562,44.1655,0
34.2800,175696,-0.681641,0.590271,-0.332397,0.276611,77.7577,44.1629,0
34.2900,175706,-0.681641,0.590271,-0.332397,0.276611,77.7573,44.1604,0
34.3000,175716,-0.681641,0.590271,-0.332397,0.276611,77.7576,44.1574,0
34.3100,175726,-0.681641,0.590271,-0.332397,0.276611,77.7572,44.1546,0
34.3200,175736,-0.681641,0.590271,-0.332397,0.276611,77.7574,44.1525,0
34.3300,175746,-0.681641,0.590271,-0.332397,0.276611,77.7576,44.1500,0
34.3400,175756,-0.681641,0.590271,-0.332397,0.276611,77.7584,44.1487,0
34.3500,175766,-0.681641,0.590271,-0.332397,0.276611,77.7592,44.1469,0
34.3600,175776,-0.681641,0.590271,-0.332397,0.276611,77.7593,44.1452,0
34.3700,175786,-0.681641,0.590271,-0.332397,0.276611,77.7601,44.1442,0
34.3800,175796,-0.681641,0.590271,-0.332397,0.276611,77.7608,44.1439,0
34.3900,175806,-0.681641,0.590271,-0.332397,0.276611,77.7620,44.1423,0
34.4000,175816,-0.681641,0.590271,-0.332397,0.276611,77.7632,44.1421,0
34.4100,175826,-0.681641,0.590271,-0.332397,0.276611,77.7619,44.1418,0
34.4200,175836,-0.681641,0.590271,-0.332397,0.276611,77.7625,44.1404,0
34.4300,175846,-0.681641,0.590271,-0.332397,0.276611,77.7619,44.1396,0
34.4400,175856,-0.681641,0.590271,-0.332397,0.276611,77.7619,44.1389,0
34.4500,175866,-0.681641,0.590271,-0.332397,0.276611,77.7631,44.1388,0
34.4600,175876,-0.681641,0.590271,-0.332397,0.276611,77.7642,44.1387,0
34.4700,175886,-0.681641,0.590271,-0.332397,0.276611,77.7647,44.1380,0
34.4800,175896,-0.681641,0.590271,-0.332397,0.276611,77.7646,44.1368,0
34.4900,175906,-0.681641,0.590271,-0.332397,0.276611,77.7644,44.1356,0
34.5000,175916,-0.681641,0.590271,-0.332397,0.276611,77.7643,44.1350,0
34.5100,175926,-0.681641,0.590271,-0.332397,0.276611,77.7642,44.1334,0
34.5200,175936,-0.681641,0.590271,-0.332397,0.276611,77.7641,44.1323,0
34.5300,175946,-0.681641,0.590271,-0.332397,0.276611,77.7640,44.1308,0
34.5400,175956,-0.681641,0.590271,-0.332397,0.276611,77.7633,44.1317,0
34.5500,175966,-0.681641,0.590271,-0.332397,0.276611,77.7638,44.1302,0
34.5600,175976,-0.681641,0.590271,-0.332397,0.276611,77.7643,44.1299,0
34.5700,175986,-0.681641,0.590271,-0.332397,0.276611,77.7654,44.1291,0
34.5800,175996,-0.681641,0.590271,-0.332397,0.276611,77.7652,44.1277,0
34.5900,176006,-0.681641,0.590271,-0.332397,0.276611,77.7650,44.1275,0
34.6000,176016,-0.681641,0.590271,-0.332397,0.276611,77.7625,44.1274,0
34.6100,176026,-0.681641,0.590271,-0.332397,0.276611,77.7595,44.1261,0
34.6200,176036,-0.681641,0.590271,-0.332397,0.276611,77.7572,44.1260,0
34.6300,176046,-0.681641,0.590271,-0.332397,0.276611,77.7551,44.1236,0
34.6400,176056,-0.681641,0.590271,-0.332397,0.276611,77.7542,44.1243,0
34.6500,176066,-0.681641,0.590271,-0.332397,0.276611,77.7540,44.1261,0
34.6600,176076,-0.681641,0.590271,-0.332397,0.276611,77.7532,44.1266,0
34.6700,176086,-0.681641,0.590271,-0.332397,0.276611,77.7519,44.1248,0
34.6800,176096,-0.681641,0.590271,-0.332397,0.276611,77.7500,44.1248,0
34.6900,176106,-0.681641,0.590271,-0.332397,0.276611,77.7494,44.1248,0
34.7000,176116,-0.681641,0.590271,-0.332397,0.276611,77.7488,44.1236,0
34.7100,176126,-0.681641,0.590271,-0.332397,0.276611,77.7477,44.1219,0
34.7200,176136,-0.681641,0.590271,-0.332397,0.276611,77.7478,44.1203,0
34.7300,176146,-0.681641,0.590271,-0.332397,0.276611,77.7473,44.1205,0
34.7400,176156,-0.681641,0.590271,-0.332397,0.276611,77.7475,44.1207,0
34.7500,176166,-0.681641,0.590271,-0.332397,0.276611,77.7464,44.1221,0
34.7600,176176,-0.681641,0.590271,-0.332397,0.276611,77.7460,44.1229,0
34.7700,176186,-0.681641,0.590271,-0.332397,0.276611,77.7462,44.1224,0
34.7800,176196,-0.681641,0.590271,-0.332397,0.276611,77.7440,44.1219,0
34.7900,176206,-0.681641,0.590271,-0.332397,0.276611,77.7419,44.1227,0
34.8000,176216,-0.681641,0.590271,-0.332397,0.276611,77.7411,44.1240,0
34.8100,176226,-0.681641,0.590271,-0.332397,0.276611,77.7404,44.1246,0
34.8200,176236,-0.681641,0.590271,-0.332397,0.276611,77.7385,44.1240,0
34.8300,176246,-0.681641,0.590271,-0.332397,0.276611,77.7385,44.1253,0
34.8400,176256,-0.681641,0.590271,-0.332397,0.276611,77.7373,44.1253,0
34.8500,176266,-0.681641,0.590271,-0.332397,0.276611,77.7367,44.1258,0
34.8600,176276,-0.681641,0.590271,-0.332397,0.276611,77.7386,44.1246,0
34.8700,176286,-0.681641,0.590271,-0.332397,0.276611,77.7386,44.1240,0
34.8800,176296,-0.681641,0.590271,-0.332397,0.276611,77.7379,44.1235,0
34.8900,176306,-0.681641,0.590271,-0.332397,0.276611,77.7374,44.1224,0
34.9000,176316,-0.681641,0.590271,-0.332397,0.276611,77.7374,44.1201,0
34.9100,176326,-0.681641,0.590271,-0.332397,0.276611,77.7374,44.1198,0
34.9200,176336,-0.681641,0.590271,-0.332397,0.276611,77.7386,44.1183,0
34.9300,176346,-0.681641,0.590271,-0.332397,0.276611,77.7392,44.1168,0
34.9400,176356,-0.681641,0.590271,-0.332397,0.276611,77.7392,44.1154,0
34.9500,176366,-0.681641,0.590271,-0.332397,0.276611,77.7385,44.1141,0
34.9600,176376,-0.681641,0.590271,-0.332397,0.276611,77.7385,44.1129,0
34.9700,176386,-0.681641,0.590271,-0.332397,0.276611,77.7361,44.1117,0
34.9800,176396,-0.681641,0.590271,-0.332397,0.276611,77.7356,44.1112,0
34.9900,176406,-0.681641,0.590271,-0.332397,0.276611,77.7357,44.1113,0
35.0000,176416,-0.681641,0.590271,-0.332397,0.276611,77.7341,44.1126,0
35.0100,176426,-0.681641,0.590271,-0.332397,0.276611,77.7337,44.1120,0
35.0200,176436,-0.681641,0.590271,-0.332397,0.276611,77.7345,44.1121,0
35.0300,176446,-0.681641,0.590271,-0.332397,0.276611,77.7335,44.1133,0
35.0400,176456,-0.681641,0.590271,-0.332397,0.276611,77.7319,44.1145,0
35.0500,176466,-0.681641,0.590271,-0.332397,0.276611,77.7311,44.1150,0
35.0600,176476,-0.681641,0.590271,-0.332397,0.276611,77.7308,44.1149,0
35.0700,176486,-0.681641,0.590271,-0.332397,0.276611,77.7306,44.1154,0
35.0800,176496,-0.681641,0.590271,-0.332397,0.276611,77.7333,44.1165,0
35.0900,176506,-0.681641,0.590271,-0.332397,0.276611,77.7360,44.1181,0
35.1000,176516,-0.681641,0.590271,-0.332397,0.276611,77.7378,44.1179,0
35.1100,176526,-0.681641,0.590271,-0.332397,0.276611,77.7396,44.1182,0
35.1200,176536,-0.681641,0.590271,-0.332397,0.276611,77.7413,44.1174,0
35.1300,176546,-0.681641,0.590271,-0.332397,0.276611,77.7430,44.1160,0
35.1400,176556,-0.681641,0.590271,-0.332397,0.276611,77.7439,44.1158,0
35.1500,176566,-0.681641,0.590271,-0.332397,0.276611,77.7460,44.1163,0
35.1600,176576,-0.681641,0.590271,-0.332397,0.276611,77.7468,44.1173,0
35.1700,176586,-0.681641,0.590271,-0.332397,0.276611,77.7482,44.1195,0
35.1800,176596,-0.681641,0.590271,-0.332397,0.276611,77.7506,44.1215,0
35.1900,176606,-0.681580,0.590210,-0.332458,0.276611,77.7530,44.1272,0
35.2000,176616,-0.681580,0.590210,-0.332520,0.276672,77.7570,44.1332,0
35.2100,176626,-0.681519,0.590210,-0.332581,0.276733,77.7626,44.1371,0
35.2200,176636,-0.681519,0.590088,-0.332703,0.276855,77.7685,44.1410,0
35.2300,176646,-0.681335,0.589844,-0.333130,0.277344,77.7741,44.1446,0
35.2400,176656,-0.681152,0.589600,-0.333557,0.277710,77.7818,44.1489,0
35.2500,176666,-0.680969,0.589294,-0.334045,0.278320,77.7956,44.1568,0
35.2600,176676,-0.680664,0.588806,-0.334778,0.279175,77.8195,44.1670,0
35.2700,176686,-0.680298,0.588135,-0.335693,0.280396,77.8599,44.1771,0
35.2800,176696,-0.679871,0.587402,-0.336609,0.281677,77.9008,44.1963,0
35.2900,176706,-0.679443,0.586975,-0.337524,0.282654,77.9063,44.2297,0
35.3000,176716,-0.679138,0.586792,-0.338074,0.283081,77.8896,44.2813,0
35.3100,176726,-0.678650,0.586670,-0.338806,0.283630,77.8618,44.3352,0
35.3200,176736,-0.678040,0.586487,-0.339844,0.284302,77.8198,44.3988,0
35.3300,176746,-0.677307,0.586060,-0.341309,0.285095,77.7776,44.4904,0
35.3400,176756,-0.676331,0.585327,-0.343384,0.286438,77.7438,44.5941,0
35.3500,176766,-0.674927,0.584290,-0.345947,0.288757,77.7193,44.6681,0
35.3600,176776,-0.673218,0.582886,-0.349060,0.291931,77.7192,44.7363,0
35.3700,176786,-0.671143,0.581055,-0.352661,0.295776,77.7387,44.8313,0
35.3800,176796,-0.668884,0.578918,-0.356812,0.300171,77.7732,44.9974,0
35.3900,176806,-0.666260,0.576599,-0.361328,0.305054,77.8114,45.1889,0
35.4000,176816,-0.663513,0.574097,-0.366150,0.309998,77.8440,45.4217,0
35.4100,176826,-0.660706,0.571472,-0.371094,0.314941,77.8702,45.7118,0
35.4200,176836,-0.657715,0.568787,-0.376221,0.319946,77.8842,46.0231,0
35.4300,176846,-0.654907,0.565979,-0.381287,0.324646,77.8973,46.3881,0
35.4400,176856,-0.652222,0.563171,-0.386292,0.328979,77.9043,46.7950,0
35.4500,176866,-0.649414,0.560364,-0.391235,0.333374,77.9090,47.1861,0
35.4600,176876,-0.646423,0.557617,-0.396118,0.338135,77.9201,47.5216,0
35.4700,176886,-0.642883,0.554871,-0.400879,0.343628,77.9338,47.8768,0
35.4800,176896,-0.639282,0.552185,-0.405579,0.349243,77.9452,48.2834,0
35.4900,176906,-0.635559,0.549316,-0.410400,0.354797,77.9412,48.7957,0
35.5000,176916,-0.631958,0.546265,-0.415588,0.359802,77.9289,49.3926,0
35.5100,176926,-0.624939,0.539612,-0.426758,0.368958,77.8914,50.0129,0
35.5200,176936,-0.620972,0.536133,-0.432739,0.373779,77.8408,50.6409,0
35.5300,176946,-0.617004,0.532532,-0.438660,0.378479,77.7948,51.2968,0
35.5400,176956,-0.613281,0.529114,-0.444092,0.382996,77.7610,51.9502,0
35.5500,176966,-0.609680,0.525879,-0.449158,0.387268,77.7263,52.6064,0
35.5600,176976,-0.606689,0.523132,-0.453186,0.391052,77.7118,53.2412,0
35.5700,176986,-0.604431,0.520813,-0.456543,0.393677,77.6860,53.9228,0
35.5800,176996,-0.602600,0.518860,-0.459167,0.396057,77.6698,54.5692,0
35.5900,177006,-0.600220,0.517395,-0.460937,0.399414,77.6921,55.0530,0
35.6000,177016,-0.597412,0.516479,-0.462280,0.403320,77.7098,55.4308,0
35.6100,177026,-0.595215,0.516052,-0.463196,0.406067,77.7021,55.8766,0
35.6200,177036,-0.593506,0.515808,-0.463867,0.408020,77.6833,56.3754,0
35.6300,177046,-0.592224,0.515686,-0.464478,0.409424,77.6603,56.9148,0
35.6400,177056,-0.591187,0.515503,-0.465088,0.410400,77.6405,57.4746,0
35.6500,177066,-0.590271,0.515320,-0.465820,0.411194,77.6164,58.0472,0
35.6600,177076,-0.589478,0.514954,-0.466797,0.411621,77.5695,58.6481,0
35.6700,177086,-0.588867,0.514771,-0.467957,0.411499,77.4844,59.2572,0
35.6800,177096,-0.588623,0.514893,-0.468872,0.410645,77.3741,59.8645,0
35.6900,177106,-0.588623,0.515381,-0.469543,0.409180,77.2378,60.4499,0
35.7000,177116,-0.588806,0.516296,-0.469788,0.407532,77.0956,60.9595,0
35.7100,177126,-0.589233,0.517578,-0.469421,0.405640,76.9623,61.4025,0
35.7200,177136,-0.589905,0.519287,-0.468323,0.403809,76.9113,61.6948,0
35.7300,177146,-0.590942,0.521301,-0.466248,0.401978,76.8886,61.9004,0
35.7400,177156,-0.592285,0.523804,-0.463379,0.400085,76.8664,62.0458,0
35.7500,177166,-0.593994,0.526794,-0.459900,0.397705,76.7902,62.2136,0
35.7600,177176,-0.596252,0.530457,-0.455994,0.393860,76.7030,62.4163,0
35.7700,177186,-0.599670,0.534546,-0.451355,0.388489,76.6394,62.6788,0
35.7800,177196,-0.604614,0.538757,-0.445862,0.381287,76.5938,62.9099,0
35.7900,177206,-0.617004,0.547546,-0.432800,0.363525,76.5369,63.0917,0
35.8000,177216,-0.624084,0.552002,-0.426392,0.352173,76.3862,63.3505,0
35.8100,177226,-0.630493,0.555969,-0.419495,0.342590,76.3237,63.3412,0
35.8200,177236,-0.635986,0.560181,-0.411743,0.334961,76.3123,63.0168,0
35.8300,177246,-0.641357,0.564392,-0.403625,0.327393,76.3181,62.6089,0
35.8400,177256,-0.647034,0.568481,-0.395325,0.319275,76.3260,62.1806,0
35.8500,177266,-0.652710,0.572754,-0.386597,0.310547,76.3096,61.7091,0
35.8600,177276,-0.658569,0.576904,-0.377686,0.301331,76.2976,61.2052,0
35.8700,177286,-0.664673,0.580872,-0.368347,0.291809,76.3133,60.6503,0
35.8800,177296,-0.669678,0.584900,-0.358398,0.284607,76.3780,59.8049,0
35.8900,177306,-0.674377,0.586548,-0.350037,0.280396,76.6854,58.9207,0
35.9000,177316,-0.678040,0.587158,-0.342163,0.280090,77.1458,57.8147,0
35.9100,177326,-0.678040,0.590088,-0.337463,0.279541,77.0779,56.7862,0
35.9200,177336,-0.678589,0.590942,-0.335754,0.278625,77.0997,56.1164,0
35.9300,177346,-0.679199,0.591248,-0.334656,0.277649,77.1512,55.5408,0
35.9400,177356,-0.679871,0.591370,-0.333679,0.276917,77.2181,54.9826,0
35.9500,177366,-0.680359,0.591370,-0.333069,0.276550,77.2870,54.4421,0
35.9600,177376,-0.680725,0.591309,-0.332581,0.276306,77.3495,53.9262,0
35.9700,177386,-0.681030,0.591248,-0.332214,0.276123,77.3988,53.4331,0
35.9800,177396,-0.681152,0.591248,-0.331970,0.276001,77.4307,52.9657,0
35.9900,177406,-0.681213,0.591309,-0.331848,0.275879,77.4546,52.5211,0
36.0000,177416,-0.681274,0.591370,-0.331787,0.275818,77.4713,52.0982,0
36.0100,177426,-0.681274,0.591370,-0.331726,0.275757,77.4871,51.6982,0
36.0200,177436,-0.681274,0.591370,-0.331726,0.275757,77.5034,51.3176,0
36.0300,177446,-0.681274,0.591370,-0.331726,0.275757,77.5195,50.9566,0
36.0400,177456,-0.681274,0.591370,-0.331726,0.275757,77.5335,50.6119,0
36.0500,177466,-0.681274,0.591431,-0.331787,0.275757,77.5481,50.2833,0
36.0600,177476,-0.681274,0.591431,-0.331787,0.275757,77.5589,49.9693,0
36.0700,177486,-0.681274,0.591431,-0.331787,0.275757,77.5722,49.6739,0
36.0800,177496,-0.681274,0.591431,-0.331787,0.275757,77.5860,49.3940,0
36.0900,177506,-0.681274,0.591431,-0.331787,0.275757,77.5985,49.1280,0
36.1000,177516,-0.681274,0.591431,-0.331787,0.275757,77.6098,48.8741,0
36.1100,177526,-0.681274,0.591431,-0.331787,0.275757,77.6211,48.6335,0
36.1200,177536,-0.681274,0.591431,-0.331787,0.275757,77.6307,48.4044,0
36.1300,177546,-0.681274,0.591431,-0.331787,0.275757,77.6409,48.1873,0
36.1400,177556,-0.681274,0.591431,-0.331787,0.275757,77.6495,47.9828,0
36.1500,177566,-0.681274,0.591431,-0.331787,0.275757,77.6589,47.7898,0
36.1600,177576,-0.681274,0.591431,-0.331787,0.275696,77.6671,47.6052,0
36.1700,177586,-0.681213,0.591431,-0.331787,0.275696,77.6744,47.4298,0
36.1800,177596,-0.681213,0.591431,-0.331787,0.275696,77.6807,47.2633,0
36.1900,177606,-0.681213,0.591431,-0.331787,0.275696,77.6885,47.1062,0
36.2000,177616,-0.681213,0.591431,-0.331787,0.275696,77.6947,46.9540,0
36.2100,177626,-0.681213,0.591431,-0.331787,0.275696,77.7006,46.8100,0
36.2200,177636,-0.681213,0.591431,-0.331848,0.275696,77.7062,46.6732,0
36.2300,177646,-0.681213,0.591431,-0.331848,0.275696,77.7109,46.5415,0
36.2400,177656,-0.681213,0.591431,-0.331848,0.275696,77.7154,46.4182,0
36.2500,177666,-0.681213,0.591431,-0.331848,0.275696,77.7191,46.3004,0
36.2600,177676,-0.681213,0.591431,-0.331848,0.275696,77.7219,46.1885,0
36.2700,177686,-0.681213,0.591431,-0.331848,0.275696,77.7271,46.0810,0
36.2800,177696,-0.681213,0.591431,-0.331848,0.275696,77.7331,45.9807,0
36.2900,177706,-0.681213,0.591492,-0.331848,0.275696,77.7365,45.8860,0
36.3000,177716,-0.681213,0.591492,-0.331848,0.275696,77.7397,45.7954,0
36.3100,177726,-0.681213,0.591492,-0.331848,0.275696,77.7427,45.7099,0
36.3200,177736,-0.681213,0.591492,-0.331848,0.275696,77.7456,45.6281,0
36.3300,177746,-0.681213,0.591492,-0.331848,0.275696,77.7484,45.5505,0
36.3400,177756,-0.681213,0.591492,-0.331848,0.275635,77.7504,45.4772,0
36.3500,177766,-0.681213,0.591492,-0.331909,0.275635,77.7541,45.4071,0
36.3600,177776,-0.681213,0.591492,-0.331909,0.275635,77.7570,45.3417,0
36.3700,177786,-0.681152,0.591492,-0.331909,0.275635,77.7610,45.2783,0
36.3800,177796,-0.681152,0.591492,-0.331909,0.275635,77.7630,45.2193,0
36.3900,177806,-0.681152,0.591492,-0.331909,0.275635,77.7666,45.1620,0
36.4000,177816,-0.681152,0.591492,-0.331909,0.275635,77.7683,45.1077,0
36.4100,177826,-0.681152,0.591492,-0.331909,0.275635,77.7717,45.0578,0
36.4200,177836,-0.681152,0.591492,-0.331909,0.275635,77.7732,45.0049,0
36.4300,177846,-0.681152,0.591492,-0.331909,0.275635,77.7739,44.9552,0
36.4400,177856,-0.681152,0.591492,-0.331909,0.275635,77.7753,44.9069,0
36.4500,177866,-0.681152,0.591492,-0.331909,0.275635,77.7795,44.8615,0
36.4600,177876,-0.681152,0.591492,-0.331909,0.275635,77.7841,44.8191,0
36.4700,177886,-0.681152,0.591492,-0.331909,0.275635,77.7879,44.7787,0
36.4800,177896,-0.681152,0.591492,-0.331909,0.275635,77.7909,44.7398,0
36.4900,177906,-0.681152,0.591492,-0.331909,0.275635,77.7944,44.7022,0
36.5000,177916,-0.681152,0.591492,-0.331909,0.275635,77.7971,44.6683,0
36.5100,177926,-0.681152,0.591492,-0.331970,0.275635,77.7979,44.6366,0
36.5200,177936,-0.681152,0.591492,-0.331970,0.275574,77.7980,44.6054,0
36.5300,177946,-0.681152,0.591492,-0.331970,0.275574,77.7987,44.5745,0
36.5400,177956,-0.681152,0.591492,-0.331970,0.275574,77.7994,44.5452,0
36.5500,177966,-0.681152,0.591553,-0.331970,0.275574,77.8007,44.5156,0
36.5600,177976,-0.681152,0.591553,-0.331970,0.275574,77.7995,44.4886,0
36.5700,177986,-0.681152,0.591553,-0.331970,0.275574,77.8001,44.4648,0
36.5800,177996,-0.681152,0.591553,-0.331970,0.275574,77.8019,44.4421,0
36.5900,178006,-0.681152,0.591553,-0.331970,0.275574,77.7993,44.4212,0
36.6000,178016,-0.681152,0.591553,-0.331970,0.275574,77.7981,44.3996,0
36.6100,178026,-0.681152,0.591553,-0.331970,0.275574,77.7968,44.3778,0
36.6200,178036,-0.681152,0.591553,-0.331970,0.275574,77.7951,44.3595,0
36.6300,178046,-0.681152,0.591553,-0.331970,0.275574,77.7934,44.3397,0
36.6400,178056,-0.681152,0.591553,-0.331970,0.275574,77.7913,44.3204,0
36.6500,178066,-0.681152,0.591553,-0.331970,0.275574,77.7910,44.3038,0
36.6600,178076,-0.681091,0.591553,-0.331970,0.275574,77.7889,44.2880,0
36.6700,178086,-0.681091,0.591553,-0.331970,0.275574,77.7870,44.2736,0
36.6800,178096,-0.681091,0.591553,-0.331970,0.275574,77.7851,44.2593,0
36.6900,178106,-0.681091,0.591553,-0.331970,0.275574,77.7828,44.2458,0
36.7000,178116,-0.681091,0.591553,-0.331970,0.275574,77.7829,44.2329,0
36.7100,178126,-0.681091,0.591553,-0.331970,0.275574,77.7813,44.2206,0
36.7200,178136,-0.681091,0.591553,-0.332031,0.275574,77.7785,44.2096,0
36.7300,178146,-0.681091,0.591553,-0.332031,0.275574,77.7759,44.1997,0
36.7400,178156,-0.681091,0.591553,-0.332031,0.275574,77.7740,44.1903,0
36.7500,178166,-0.681091,0.591553,-0.332031,0.275574,77.7728,44.1802,0
36.7600,178176,-0.681091,0.591553,-0.332031,0.275513,77.7723,44.1718,0
36.7700,178186,-0.681091,0.591553,-0.332031,0.275513,77.7706,44.1644,0
36.7800,178196,-0.681091,0.591553,-0.332031,0.275513,77.7695,44.1580,0
36.7900,178206,-0.681091,0.591553,-0.332031,0.275513,77.7703,44.1501,0
36.8000,178216,-0.681091,0.591553,-0.332031,0.275513,77.7693,44.1432,0
36.8100,178226,-0.681091,0.591553,-0.332031,0.275513,77.7678,44.1360,0
36.8200,178236,-0.681091,0.591553,-0.332031,0.275513,77.7669,44.1304,0
36.8300,178246,-0.681091,0.591553,-0.332031,0.275513,77.7648,44.1257,0
36.8400,178256,-0.681091,0.591553,-0.332031,0.275513,77.7635,44.1200,0
36.8500,178266,-0.681091,0.591614,-0.332031,0.275513,77.7640,44.1152,0
36.8600,178276,-0.681091,0.591614,-0.332031,0.275513,77.7621,44.1100,0
36.8700,178286,-0.681091,0.591614,-0.332031,0.275513,77.7603,44.1057,0
36.8800,178296,-0.681091,0.591614,-0.332031,0.275513,77.7592,44.1010,0
36.8900,178306,-0.681091,0.591614,-0.332031,0.275513,77.7576,44.0965,0
36.9000,178316,-0.681091,0.591614,-0.332031,0.275513,77.7566,44.0929,0
36.9100,178326,-0.681030,0.591614,-0.332092,0.275513,77.7563,44.0894,0
36.9200,178336,-0.681030,0.591614,-0.332092,0.275513,77.7566,44.0862,0
36.9300,178346,-0.681030,0.591614,-0.332092,0.275513,77.7556,44.0813,0
36.9400,178356,-0.681030,0.591614,-0.332092,0.275513,77.7548,44.0778,0
36.9500,178366,-0.681030,0.591614,-0.332092,0.275513,77.7521,44.0745,0
36.9600,178376,-0.681030,0.591614,-0.332092,0.275513,77.7502,44.0702,0
36.9700,178386,-0.681030,0.591614,-0.332092,0.275513,77.7490,44.0655,0
36.9800,178396,-0.681030,0.591614,-0.332092,0.275513,77.7491,44.0616,0
36.9900,178406,-0.681030,0.591614,-0.332092,0.275513,77.7485,44.0573,0
37.0000,178416,-0.681091,0.591614,-0.332031,0.275452,77.7474,44.0539,0
37.0100,178426,-0.681091,0.591675,-0.331970,0.275391,77.7464,44.0494,0
37.0200,178436,-0.681091,0.591675,-0.331909,0.275391,77.7448,44.0469,0
37.0300,178446,-0.681152,0.591675,-0.331848,0.275330,77.7415,44.0458,0
37.0400,178456,-0.681213,0.591736,-0.331787,0.275208,77.7395,44.0447,0
37.0500,178466,-0.681213,0.591797,-0.331665,0.275146,77.7371,44.0399,0
37.0600,178476,-0.681274,0.591797,-0.331604,0.275085,77.7347,44.0372,0
37.0700,178486,-0.681335,0.591858,-0.331482,0.274963,77.7319,44.0340,0
37.0800,178496,-0.681335,0.591858,-0.331421,0.274963,77.7342,44.0303,0
37.0900,178506,-0.681396,0.591858,-0.331360,0.274902,77.7363,44.0249,0
37.1000,178516,-0.681396,0.591919,-0.331360,0.274841,77.7372,44.0180,0
37.1100,178526,-0.681458,0.591919,-0.331299,0.274780,77.7385,44.0115,0
37.1200,178536,-0.681458,0.591980,-0.331238,0.274780,77.7411,44.0052,0
37.1300,178546,-0.681458,0.591980,-0.331177,0.274719,77.7422,43.9993,0
37.1400,178556,-0.681519,0.591980,-0.331177,0.274658,77.7428,43.9949,0
37.1500,178566,-0.681519,0.591980,-0.331116,0.274658,77.7445,43.9895,0
37.1600,178576,-0.681519,0.592041,-0.331055,0.274597,77.7461,43.9850,0
37.1700,178586,-0.681580,0.592041,-0.331055,0.274597,77.7488,43.9806,0
37.1800,178596,-0.681580,0.592041,-0.330933,0.274475,77.7502,43.9752,0
37.1900,178606,-0.681641,0.592102,-0.330872,0.274475,77.7516,43.9677,0
37.2000,178616,-0.681641,0.592102,-0.330872,0.274414,77.7528,43.9611,0
37.2100,178626,-0.681641,0.592102,-0.330811,0.274414,77.7540,43.9554,0
37.2200,178636,-0.681702,0.592163,-0.330750,0.274353,77.7558,43.9507,0
37.2300,178646,-0.681702,0.592163,-0.330750,0.274353,77.7574,43.9461,0
37.2400,178656,-0.681702,0.592163,-0.330750,0.274353,77.7590,43.9395,0
37.2500,178666,-0.681702,0.592163,-0.330750,0.274353,77.7593,43.9331,0
37.2600,178676,-0.681702,0.592163,-0.330750,0.274353,77.7601,43.9283,0
37.2700,178686,-0.681702,0.592163,-0.330750,0.274353,77.7604,43.9219,0
37.2800,178696,-0.681702,0.592163,-0.330750,0.274353,77.7618,43.9182,0
37.2900,178706,-0.681702,0.592163,-0.330750,0.274353,77.7626,43.9159,0
37.3000,178716,-0.681702,0.592163,-0.330750,0.274353,77.7645,43.9131,0
37.3100,178726,-0.681702,0.592163,-0.330750,0.274353,77.7663,43.9098,0
37.3200,178736,-0.681702,0.592163,-0.330750,0.274353,77.7686,43.9056,0
37.3300,178746,-0.681702,0.592163,-0.330750,0.274353,77.7696,43.9045,0
37.3400,178756,-0.681641,0.592102,-0.330811,0.274414,77.7741,43.9023,0
37.3500,178766,-0.681641,0.592102,-0.330872,0.274475,77.7784,43.9050,0
37.3600,178776,-0.681580,0.592041,-0.331055,0.274597,77.7837,43.9077,0
37.3700,178786,-0.681458,0.591919,-0.331299,0.274841,77.7879,43.9110,0
37.3800,178796,-0.681335,0.591675,-0.331665,0.275208,77.7938,43.9174,0
37.3900,178806,-0.681091,0.591431,-0.332214,0.275696,77.7981,43.9261,0
37.4000,178816,-0.680725,0.591125,-0.332886,0.276367,77.8010,43.9367,0
37.4100,178826,-0.680115,0.590698,-0.333923,0.277405,77.8121,43.9527,0
37.4200,178836,-0.679443,0.590088,-0.335327,0.278870,77.8916,43.9724,0
37.4300,178846,-0.678589,0.588684,-0.337280,0.281372,77.9908,44.0241,0
37.4400,178856,-0.678101,0.587280,-0.338989,0.283508,77.9669,44.0967,0
37.4500,178866,-0.677490,0.586853,-0.340149,0.284485,77.8966,44.1706,0
37.4600,178876,-0.674072,0.585693,-0.345215,0.288757,77.8181,44.2405,0
37.4700,178886,-0.671753,0.584473,-0.348999,0.292236,77.7611,44.3363,0
37.4800,178896,-0.669189,0.582764,-0.353271,0.296265,77.7378,44.4666,0
37.4900,178906,-0.666382,0.580750,-0.357788,0.301086,77.7455,44.5944,0
37.5000,178916,-0.663635,0.578308,-0.362549,0.306091,77.7879,44.7797,0
37.5100,178926,-0.660828,0.575378,-0.367432,0.311768,77.8840,44.9844,0
37.5200,178936,-0.657898,0.572327,-0.372498,0.317566,77.9776,45.2312,0
37.5300,178946,-0.654541,0.569336,-0.377869,0.323547,78.0286,45.5069,0
37.5400,178956,-0.651001,0.566345,-0.383423,0.329346,78.0546,45.8404,0
37.5500,178966,-0.647278,0.563293,-0.389038,0.335205,78.0763,46.2069,0
37.5600,178976,-0.643555,0.560181,-0.394592,0.341125,78.1012,46.6005,0
37.5700,178986,-0.639709,0.557007,-0.400085,0.347046,78.1253,47.0336,0
37.5800,178996,-0.635986,0.553833,-0.405518,0.352661,78.1453,47.5154,0
37.5900,179006,-0.632568,0.550781,-0.410583,0.357666,78.1625,48.0485,0
37.6000,179016,-0.629517,0.547974,-0.415100,0.362183,78.1806,48.6041,0
37.6100,179026,-0.626709,0.545410,-0.419067,0.366211,78.1961,49.1634,0
37.6200,179036,-0.624451,0.543274,-0.422363,0.369507,78.2052,49.7604,0
37.6300,179046,-0.622742,0.541504,-0.425171,0.371826,78.1995,50.3902,0
37.6400,179056,-0.621460,0.539917,-0.427551,0.373535,78.1880,51.0277,0
37.6500,179066,-0.620483,0.538574,-0.429504,0.374817,78.1631,51.6492,0
37.6600,179076,-0.619690,0.537476,-0.431274,0.375671,78.1263,52.2638,0
37.6700,179086,-0.619141,0.536377,-0.432861,0.376282,78.0844,52.8644,0
37.6800,179096,-0.618652,0.535400,-0.434387,0.376709,78.0421,53.4483,0
37.6900,179106,-0.618225,0.534363,-0.435852,0.377197,77.9956,54.0097,0
37.7000,179116,-0.617859,0.533386,-0.437317,0.377563,77.9429,54.5523,0
37.7100,179126,-0.617432,0.532349,-0.438782,0.377930,77.8861,55.0697,0
37.7200,179136,-0.617065,0.531372,-0.440247,0.378296,77.8205,55.5667,0
37.7300,179146,-0.616638,0.530396,-0.441772,0.378601,77.7360,56.0473,0
37.7400,179156,-0.615540,0.528870,-0.445129,0.378540,77.5912,56.5289,0
37.7500,179166,-0.614746,0.528748,-0.447144,0.377563,77.3576,57.0165,0
37.7600,179176,-0.614136,0.528564,-0.448914,0.376770,77.1508,57.4599,0
37.7700,179186,-0.613647,0.528198,-0.450134,0.376587,77.0271,57.8238,0
37.7800,179196,-0.613281,0.527893,-0.450989,0.376587,76.9391,58.1326,0
37.7900,179206,-0.613037,0.527710,-0.451538,0.376587,76.8667,58.4113,0
37.8000,179216,-0.612732,0.527649,-0.451904,0.376709,76.7980,58.6524,0
37.8100,179226,-0.612305,0.527832,-0.452148,0.376831,76.7197,58.8524,0
37.8200,179236,-0.611816,0.528198,-0.452332,0.376892,76.6257,59.0372,0
37.8300,179246,-0.611511,0.528687,-0.452332,0.376709,76.5395,59.2182,0
37.8400,179256,-0.611389,0.529358,-0.452026,0.376343,76.4588,59.3876,0
37.8500,179266,-0.611511,0.530212,-0.451416,0.375732,76.3835,59.5358,0
37.8600,179276,-0.611755,0.531433,-0.450256,0.374939,76.3186,59.6425,0
37.8700,179286,-0.612305,0.533142,-0.448425,0.373840,76.2656,59.6983,0
37.8800,179296,-0.613220,0.535400,-0.445740,0.372314,76.2103,59.7054,0
37.8900,179306,-0.614929,0.538757,-0.441895,0.369263,76.1189,59.7006,0
37.9000,179316,-0.617859,0.543152,-0.436707,0.364075,75.9851,59.6595,0
37.9100,179326,-0.621826,0.547791,-0.429871,0.358337,75.9547,59.5291,0
37.9200,179336,-0.626282,0.552551,-0.421875,0.352783,76.0114,59.2597,0
37.9300,179346,-0.631897,0.557373,-0.413208,0.345337,76.0618,59.0559,0
37.9400,179356,-0.638184,0.562317,-0.404175,0.336426,76.0880,58.8702,0
37.9500,179366,-0.644348,0.567261,-0.395142,0.326965,76.0887,58.6331,0
37.9600,179376,-0.650208,0.571960,-0.386169,0.317749,76.1286,58.2621,0
37.9700,179386,-0.655579,0.576294,-0.377258,0.309509,76.1887,57.7960,0
37.9800,179396,-0.660889,0.580505,-0.367981,0.301392,76.2544,57.2432,0
37.9900,179406,-0.665955,0.584778,-0.358398,0.293396,76.3262,56.5978,0
38.0000,179416,-0.670410,0.588806,-0.349121,0.286255,76.5367,55.9355,0
38.0100,179426,-0.674194,0.591003,-0.341797,0.281616,76.6703,55.4151,0
38.0200,179436,-0.678467,0.593811,-0.334229,0.274475,76.6807,54.8568,0
38.0300,179446,-0.679199,0.594543,-0.332703,0.272949,76.7121,54.3080,0
38.0400,179456,-0.679626,0.594971,-0.331848,0.272156,76.7575,53.7756,0
38.0500,179466,-0.679871,0.595154,-0.331238,0.271667,76.8071,53.2630,0
38.0600,179476,-0.680176,0.595398,-0.330688,0.271179,76.8524,52.7730,0
38.0700,179486,-0.680359,0.595581,-0.330261,0.270752,76.8950,52.3031,0
38.0800,179496,-0.680542,0.595703,-0.329895,0.270508,76.9347,51.8553,0
38.0900,179506,-0.680664,0.595825,-0.329712,0.270264,76.9725,51.4294,0
38.1000,179516,-0.680664,0.595825,-0.329590,0.270203,77.0096,51.0216,0
38.1100,179526,-0.680664,0.595825,-0.329590,0.270203,77.0449,50.6324,0
38.1200,179536,-0.680664,0.595825,-0.329590,0.270203,77.0789,50.2645,0
38.1300,179546,-0.680664,0.595825,-0.329651,0.270264,77.1113,49.9138,0
38.1400,179556,-0.680664,0.595825,-0.329651,0.270203,77.1438,49.5812,0
38.1500,179566,-0.680603,0.595825,-0.329651,0.270203,77.1735,49.2658,0
38.1600,179576,-0.680603,0.595886,-0.329651,0.270203,77.2018,48.9656,0
38.1700,179586,-0.680603,0.595886,-0.329651,0.270203,77.2298,48.6804,0
38.1800,179596,-0.680603,0.595886,-0.329651,0.270203,77.2588,48.4095,0
38.1900,179606,-0.680603,0.595886,-0.329712,0.270203,77.2851,48.1527,0
38.2000,179616,-0.680603,0.595886,-0.329712,0.270203,77.3107,47.9117,0
38.2100,179626,-0.680603,0.595886,-0.329712,0.270203,77.3333,47.6810,0
38.2200,179636,-0.680603,0.595886,-0.329712,0.270203,77.3535,47.4606,0
38.2300,179646,-0.680603,0.595886,-0.329712,0.270203,77.3739,47.2538,0
38.2400,179656,-0.680542,0.595886,-0.329773,0.270203,77.3945,47.0580,0
38.2500,179666,-0.680542,0.595886,-0.329773,0.270264,77.4129,46.8725,0
38.2600,179676,-0.680481,0.595825,-0.329895,0.270325,77.4297,46.6957,0
38.2700,179686,-0.680481,0.595825,-0.329956,0.270386,77.4458,46.5265,0
38.2800,179696,-0.680420,0.595825,-0.330017,0.270447,77.4616,46.3658,0
38.2900,179706,-0.680420,0.595825,-0.330017,0.270447,77.4766,46.2131,0
38.3000,179716,-0.680420,0.595825,-0.330017,0.270447,77.4902,46.0681,0
38.3100,179726,-0.680420,0.595825,-0.330017,0.270447,77.5038,45.9315,0
38.3200,179736,-0.680420,0.595825,-0.330078,0.270447,77.5155,45.8017,0
38.3300,179746,-0.680420,0.595825,-0.330078,0.270447,77.5255,45.6773,0
38.3400,179756,-0.680359,0.595825,-0.330078,0.270447,77.5367,45.5584,0
38.3500,179766,-0.680359,0.595825,-0.330078,0.270447,77.5468,45.4473,0
38.3600,179776,-0.680359,0.595825,-0.330078,0.270447,77.5563,45.3412,0
38.3700,179786,-0.680359,0.595825,-0.330078,0.270447,77.5660,45.2415,0
38.3800,179796,-0.680359,0.595825,-0.330078,0.270447,77.5746,45.1457,0
38.3900,179806,-0.680359,0.595825,-0.330078,0.270447,77.5834,45.0546,0
38.4000,179816,-0.680359,0.595825,-0.330078,0.270386,77.5917,44.9675,0
38.4100,179826,-0.680359,0.595825,-0.330078,0.270386,77.5996,44.8830,0
38.4200,179836,-0.680359,0.595825,-0.330078,0.270386,77.6060,44.8033,0
38.4300,179846,-0.680359,0.595825,-0.330078,0.270386,77.6132,44.7293,0
38.4400,179856,-0.680359,0.595825,-0.330078,0.270386,77.6188,44.6591,0
38.4500,179866,-0.680359,0.595825,-0.330078,0.270386,77.6260,44.5911,0
38.4600,179876,-0.680359,0.595825,-0.330078,0.270386,77.6316,44.5260,0
38.4700,179886,-0.680359,0.595886,-0.330078,0.270386,77.6357,44.4654,0
38.4800,179896,-0.680359,0.595886,-0.330139,0.270386,77.6408,44.4089,0
38.4900,179906,-0.680359,0.595886,-0.330139,0.270386,77.6457,44.3547,0
38.5000,179916,-0.680359,0.595886,-0.330139,0.270386,77.6509,44.3032,0
38.5100,179926,-0.680298,0.595886,-0.330139,0.270386,77.6594,44.2524,0
38.5200,179936,-0.680298,0.595886,-0.330139,0.270386,77.6658,44.2048,0
38.5300,179946,-0.680298,0.595886,-0.330139,0.270386,77.6706,44.1602,0
38.5400,179956,-0.680237,0.595825,-0.330200,0.270447,77.6763,44.1172,0
38.5500,179966,-0.680237,0.595825,-0.330322,0.270508,77.6818,44.0784,0
38.5600,179976,-0.680176,0.595825,-0.330383,0.270569,77.6876,44.0408,0
38.5700,179986,-0.680115,0.595764,-0.330444,0.270630,77.6925,44.0063,0
38.5800,179996,-0.680054,0.595764,-0.330566,0.270752,77.6954,43.9724,0
38.5900,180006,-0.680054,0.595703,-0.330688,0.270813,77.6999,43.9402,0
38.6000,180016,-0.679993,0.595703,-0.330750,0.270874,77.7054,43.9126,0
38.6100,180026,-0.679932,0.595642,-0.330811,0.270935,77.7106,43.8877,0
38.6200,180036,-0.679932,0.595642,-0.330933,0.270996,77.7137,43.8658,0
38.6300,180046,-0.679871,0.595581,-0.330994,0.271118,77.7167,43.8456,0
38.6400,180056,-0.679810,0.595581,-0.331116,0.271179,77.7178,43.8257,0
38.6500,180066,-0.679810,0.595520,-0.331177,0.271240,77.7188,43.8089,0
38.6600,180076,-0.679749,0.595520,-0.331238,0.271301,77.7186,43.7934,0
38.6700,180086,-0.679749,0.595520,-0.331238,0.271301,77.7184,43.7776,0
38.6800,180096,-0.679749,0.595520,-0.331238,0.271301,77.7188,43.7637,0
38.6900,180106,-0.679749,0.595520,-0.331238,0.271301,77.7191,43.7493,0
38.7000,180116,-0.679749,0.595520,-0.331238,0.271301,77.7195,43.7374,0
38.7100,180126,-0.679749,0.595520,-0.331238,0.271240,77.7175,43.7256,0
38.7200,180136,-0.679749,0.595520,-0.331238,0.271240,77.7179,43.7137,0
38.7300,180146,-0.679749,0.595520,-0.331238,0.271240,77.7195,43.7036,0
38.7400,180156,-0.679749,0.595520,-0.331238,0.271240,77.7210,43.6934,0
38.7500,180166,-0.679749,0.595520,-0.331177,0.271240,77.7193,43.6855,0
38.7600,180176,-0.679749,0.595215,-0.331482,0.271545,77.7415,43.6932,0
38.7700,180186,-0.679810,0.594482,-0.332031,0.272400,77.8172,43.7009,0
38.7800,180196,-0.680359,0.593018,-0.332336,0.273865,78.0092,43.6890,0
38.7900,180206,-0.680969,0.591736,-0.332397,0.275024,78.0174,43.6997,0
38.8000,180216,-0.681030,0.591553,-0.332458,0.275146,78.0116,43.7141,0
38.8100,180226,-0.681091,0.591492,-0.332458,0.275208,78.0019,43.7278,0
38.8200,180236,-0.681091,0.591431,-0.332458,0.275208,77.9892,43.7402,0
38.8300,180246,-0.681091,0.591492,-0.332458,0.275208,77.9735,43.7514,0
38.8400,180256,-0.681091,0.591492,-0.332458,0.275208,77.9604,43.7632,0
38.8500,180266,-0.681091,0.591492,-0.332458,0.275208,77.9456,43.7751,0
38.8600,180276,-0.681091,0.591492,-0.332458,0.275208,77.9309,43.7857,0
38.8700,180286,-0.681091,0.591492,-0.332458,0.275208,77.9169,43.7988,0
38.8800,180296,-0.681030,0.591431,-0.332581,0.275269,77.9090,43.8124,0
38.8900,180306,-0.681030,0.591187,-0.332764,0.275635,77.9247,43.8267,0
38.9000,180316,-0.681152,0.590454,-0.333130,0.276428,77.9924,43.8321,0
38.9100,180326,-0.681213,0.589844,-0.333496,0.277161,78.0460,43.8435,0
38.9200,180336,-0.681274,0.589355,-0.333740,0.277832,78.0906,43.8575,0
38.9300,180346,-0.681274,0.588989,-0.333923,0.278259,78.1104,43.8757,0
38.9400,180356,-0.681335,0.588928,-0.333984,0.278320,78.1060,43.9014,0
38.9500,180366,-0.681335,0.588867,-0.333923,0.278381,78.0959,43.9270,0
38.9600,180376,-0.681335,0.588867,-0.333923,0.278381,78.0822,43.9513,0
38.9700,180386,-0.681335,0.588867,-0.333923,0.278381,78.0680,43.9739,0
38.9800,180396,-0.681335,0.588867,-0.333923,0.278381,78.0550,43.9976,0
38.9900,180406,-0.681335,0.588867,-0.333923,0.278381,78.0422,44.0184,0
39.0000,180416,-0.681335,0.588867,-0.333923,0.278381,78.0281,44.0394,0
39.0100,180426,-0.681335,0.588867,-0.333923,0.278381,78.0148,44.0593,0
39.0200,180436,-0.681335,0.588867,-0.333923,0.278381,78.0016,44.0782,0
39.0300,180446,-0.681335,0.588867,-0.333923,0.278381,77.9890,44.0980,0
39.0400,180456,-0.681335,0.588867,-0.333923,0.278381,77.9788,44.1167,0
39.0500,180466,-0.681335,0.588867,-0.333923,0.278381,77.9668,44.1351,0
39.0600,180476,-0.681335,0.588867,-0.333923,0.278381,77.9548,44.1538,0
39.0700,180486,-0.681335,0.588867,-0.333923,0.278381,77.9416,44.1704,0
39.0800,180496,-0.681335,0.588867,-0.333923,0.278381,77.9134,44.1831,0
39.0900,180506,-0.681152,0.588867,-0.334167,0.278503,77.8766,44.1972,0
39.1000,180516,-0.680908,0.588928,-0.334534,0.278625,77.8303,44.2113,0
39.1100,180526,-0.680542,0.588989,-0.334961,0.278870,77.7816,44.2266,0
39.1200,180536,-0.680054,0.588989,-0.335632,0.279236,77.7360,44.2467,0
39.1300,180546,-0.679565,0.589050,-0.336304,0.279541,77.7027,44.2719,0
39.1400,180556,-0.679077,0.589172,-0.336853,0.279785,77.6853,44.2970,0
39.1500,180566,-0.679016,0.589172,-0.336914,0.279785,77.6783,44.3190,0
39.1600,180576,-0.679016,0.589172,-0.336914,0.279785,77.6757,44.3388,0
39.1700,180586,-0.679016,0.589172,-0.336914,0.279785,77.6740,44.3605,0
39.1800,180596,-0.679016,0.589172,-0.336975,0.279846,77.6705,44.3806,0
39.1900,180606,-0.678955,0.589233,-0.336975,0.279785,77.6583,44.4015,0
39.2000,180616,-0.678833,0.589478,-0.336914,0.279602,77.6318,44.4242,0
39.2100,180626,-0.678833,0.589783,-0.336731,0.279236,77.6019,44.4415,0
39.2200,180636,-0.678772,0.590149,-0.336487,0.278870,77.5706,44.4519,0
39.2300,180646,-0.678772,0.590454,-0.336304,0.278503,77.5432,44.4610,0
39.2400,180656,-0.678650,0.590637,-0.336243,0.278381,77.5255,44.4673,0
39.2500,180666,-0.678711,0.590576,-0.336243,0.278381,77.5395,44.4738,0
39.2600,180676,-0.678833,0.590393,-0.336243,0.278503,77.5790,44.4776,0
39.2700,180686,-0.678955,0.590149,-0.336243,0.278748,77.6165,44.4832,0
39.2800,180696,-0.679077,0.589722,-0.336365,0.279175,77.6717,44.4869,0
39.2900,180706,-0.679199,0.589233,-0.336609,0.279724,77.7348,44.4967,0
39.3000,180716,-0.679321,0.588867,-0.336670,0.280090,77.7758,44.5089,0
39.3100,180726,-0.679443,0.588562,-0.336731,0.280273,77.8106,44.5199,0
39.3200,180736,-0.679626,0.588318,-0.336670,0.280457,77.8448,44.5310,0
39.3300,180746,-0.679749,0.588135,-0.336670,0.280579,77.8625,44.5421,0
39.3400,180756,-0.679810,0.588013,-0.336609,0.280640,77.8674,44.5532,0
39.3500,180766,-0.679932,0.587952,-0.336609,0.280701,77.8970,44.5652,0
39.3600,180776,-0.680054,0.587646,-0.336670,0.280945,77.9144,44.5759,0
39.3700,180786,-0.680054,0.587341,-0.336792,0.281189,77.9137,44.5898,0
39.3800,180796,-0.680054,0.587219,-0.336914,0.281372,77.9024,44.6072,0
39.3900,180806,-0.679993,0.587158,-0.337097,0.281494,77.8762,44.6263,0
39.4000,180816,-0.679749,0.587158,-0.337463,0.281738,77.8531,44.6451,0
39.4100,180826,-0.679443,0.587036,-0.337891,0.282043,77.8437,44.6642,0
39.4200,180836,-0.679321,0.586914,-0.338196,0.282288,77.8371,44.6866,0
39.4300,180846,-0.679321,0.586914,-0.338196,0.282288,77.8320,44.7097,0
39.4400,180856,-0.679321,0.586914,-0.338196,0.282288,77.8283,44.7317,0
39.4500,180866,-0.679321,0.586914,-0.338196,0.282288,77.8254,44.7531,0
39.4600,180876,-0.679321,0.586914,-0.338196,0.282288,77.8227,44.7694,0
39.4700,180886,-0.679321,0.586914,-0.338196,0.282288,77.8201,44.7871,0
39.4800,180896,-0.679321,0.586914,-0.338196,0.282288,77.8146,44.8052,0
39.4900,180906,-0.679321,0.586914,-0.338196,0.282288,77.8101,44.8260,0
39.5000,180916,-0.679321,0.586914,-0.338196,0.282227,77.7986,44.8461,0
39.5100,180926,-0.679321,0.586914,-0.338196,0.282227,77.7930,44.8605,0
39.5200,180936,-0.679382,0.586914,-0.338196,0.282227,77.7907,44.8706,0
39.5300,180946,-0.679382,0.586914,-0.338196,0.282227,77.7868,44.8808,0
39.5400,180956,-0.679382,0.586914,-0.338135,0.282166,77.7836,44.8887,0
39.5500,180966,-0.679382,0.586975,-0.338074,0.282166,77.7817,44.8992,0
39.5600,180976,-0.679443,0.586975,-0.338074,0.282104,77.7800,44.9097,0
39.5700,180986,-0.679443,0.586975,-0.337952,0.282043,77.7783,44.9179,0
39.5800,180996,-0.679504,0.587036,-0.337891,0.281982,77.7750,44.9232,0
39.5900,181006,-0.679504,0.587158,-0.337769,0.281860,77.7635,44.9294,0
39.6000,181016,-0.679687,0.587280,-0.337463,0.281555,77.7555,44.9334,0
39.6100,181026,-0.679932,0.587402,-0.336975,0.281250,77.7622,44.9327,0
39.6200,181036,-0.680359,0.587524,-0.336426,0.280640,77.7692,44.9311,0
39.6300,181046,-0.680786,0.587830,-0.335693,0.279846,77.7538,44.9215,0
39.6400,181056,-0.681152,0.588196,-0.334961,0.279053,77.7392,44.9044,0
39.6500,181066,-0.681396,0.588501,-0.334412,0.278442,77.7164,44.8825,0
39.6600,181076,-0.681702,0.588928,-0.333740,0.277710,77.6942,44.8541,0
39.6700,181086,-0.682007,0.589355,-0.333008,0.276855,77.6773,44.8246,0
39.6800,181096,-0.682312,0.589722,-0.332397,0.276123,77.6617,44.7874,0
39.6900,181106,-0.682495,0.590027,-0.331848,0.275513,77.6506,44.7459,0
39.7000,181116,-0.682800,0.590393,-0.331116,0.274841,77.6500,44.7022,0
39.7100,181126,-0.682861,0.590454,-0.330994,0.274719,77.6567,44.6542,0
39.7200,181136,-0.682983,0.590515,-0.330872,0.274536,77.6582,44.6084,0
39.7300,181146,-0.683105,0.590698,-0.330566,0.274231,77.6519,44.5689,0
39.7400,181156,-0.683350,0.590942,-0.330078,0.273621,77.6478,44.5300,0
39.7500,181166,-0.683655,0.591125,-0.329590,0.273132,77.6474,44.4868,0
39.7600,181176,-0.683838,0.591248,-0.329224,0.272705,77.6441,44.4421,0
39.7700,181186,-0.684021,0.591370,-0.328857,0.272400,77.6439,44.3946,0
39.7800,181196,-0.684143,0.591492,-0.328613,0.272156,77.6442,44.3466,0
39.7900,181206,-0.684265,0.591553,-0.328430,0.271973,77.6494,44.3003,0
39.8000,181216,-0.684448,0.591675,-0.328125,0.271667,77.6537,44.2561,0
39.8100,181226,-0.684631,0.591797,-0.327881,0.271362,77.6524,44.2098,0
39.8200,181236,-0.684753,0.591797,-0.327698,0.271118,77.6506,44.1676,0
39.8300,181246,-0.684814,0.591919,-0.327576,0.270813,77.6417,44.1297,0
39.8400,181256,-0.684875,0.592102,-0.327454,0.270447,77.6316,44.0894,0
39.8500,181266,-0.684937,0.592224,-0.327271,0.270203,77.6158,44.0450,0
39.8600,181276,-0.684937,0.592346,-0.327209,0.269958,77.5990,43.9973,0
39.8700,181286,-0.684937,0.592529,-0.327148,0.269775,77.5867,43.9491,0
39.8800,181296,-0.684998,0.592529,-0.327087,0.269653,77.5850,43.9045,0
39.8900,181306,-0.685059,0.592529,-0.326965,0.269592,77.5840,43.8597,0
39.9000,181316,-0.685059,0.592529,-0.326965,0.269592,77.5873,43.8136,0
39.9100,181326,-0.685059,0.592529,-0.326965,0.269592,77.5898,43.7668,0
39.9200,181336,-0.685059,0.592529,-0.326965,0.269592,77.5927,43.7218,0
39.9300,181346,-0.685059,0.592529,-0.326965,0.269592,77.5955,43.6837,0
39.9400,181356,-0.685059,0.592529,-0.326965,0.269592,77.5994,43.6429,0
39.9500,181366,-0.685059,0.592529,-0.326965,0.269592,77.6012,43.6058,0
39.9600,181376,-0.685059,0.592529,-0.326965,0.269592,77.6018,43.5671,0
39.9700,181386,-0.685059,0.592529,-0.326965,0.269592,77.6024,43.5302,0
39.9800,181396,-0.684998,0.592590,-0.326965,0.269653,77.5982,43.4941,0
39.9900,181406,-0.684998,0.592651,-0.326904,0.269653,77.5961,43.4591,0
40.0000,181416,-0.684937,0.592773,-0.326782,0.269592,77.5906,43.4253,0
40.0100,181426,-0.684937,0.592896,-0.326721,0.269531,77.5865,43.3944,0
40.0200,181436,-0.684937,0.592896,-0.326660,0.269470,77.5892,43.3662,0
40.0300,181446,-0.684937,0.592957,-0.326599,0.269470,77.5965,43.3388,0
40.0400,181456,-0.684937,0.592957,-0.326538,0.269531,77.6040,43.3110,0
40.0500,181466,-0.684937,0.592957,-0.326538,0.269531,77.6106,43.2870,0
40.0600,181476,-0.684937,0.592957,-0.326477,0.269592,77.6174,43.2630,0
40.0700,181486,-0.684937,0.592957,-0.326477,0.269592,77.6251,43.2420,0
40.0800,181496,-0.684937,0.592957,-0.326477,0.269592,77.6317,43.2238,0
40.0900,181506,-0.684937,0.592957,-0.326477,0.269531,77.6369,43.2089,0
40.1000,181516,-0.684937,0.593018,-0.326416,0.269470,77.6406,43.1983,0
40.1100,181526,-0.684998,0.593018,-0.326355,0.269409,77.6424,43.1888,0
40.1200,181536,-0.685059,0.593079,-0.326233,0.269348,77.6452,43.1743,0
40.1300,181546,-0.685120,0.593140,-0.326111,0.269226,77.6461,43.1617,0
40.1400,181556,-0.685181,0.593201,-0.325928,0.269104,77.6482,43.1437,0
40.1500,181566,-0.685242,0.593262,-0.325806,0.268921,77.6502,43.1289,0
40.1600,181576,-0.685303,0.593323,-0.325623,0.268799,77.6497,43.1119,0
40.1700,181586,-0.685364,0.593323,-0.325562,0.268738,77.6498,43.0957,0
40.1800,181596,-0.685425,0.593384,-0.325500,0.268738,77.6517,43.0816,0
40.1900,181606,-0.685425,0.593384,-0.325500,0.268738,77.6517,43.0705,0
40.2000,181616,-0.685425,0.593384,-0.325500,0.268738,77.6523,43.0576,0
40.2100,181626,-0.685425,0.593384,-0.325500,0.268738,77.6546,43.0435,0
40.2200,181636,-0.685425,0.593384,-0.325500,0.268738,77.6563,43.0296,0
40.2300,181646,-0.685425,0.593384,-0.325500,0.268738,77.6572,43.0170,0
40.2400,181656,-0.685425,0.593384,-0.325500,0.268738,77.6587,43.0068,0
40.2500,181666,-0.685425,0.593384,-0.325500,0.268738,77.6620,42.9947,0
40.2600,181676,-0.685425,0.593384,-0.325500,0.268738,77.6644,42.9850,0
40.2700,181686,-0.685425,0.593384,-0.325500,0.268738,77.6680,42.9752,0
40.2800,181696,-0.685425,0.593384,-0.325500,0.268738,77.6707,42.9670,0
40.2900,181706,-0.685425,0.593384,-0.325500,0.268738,77.6733,42.9617,0
40.3000,181716,-0.685425,0.593384,-0.325500,0.268738,77.6747,42.9554,0
40.3100,181726,-0.685425,0.593384,-0.325500,0.268738,77.6765,42.9494,0
40.3200,181736,-0.685425,0.593384,-0.325500,0.268738,77.6770,42.9450,0
40.3300,181746,-0.685425,0.593384,-0.325500,0.268738,77.6776,42.9425,0
40.3400,181756,-0.685425,0.593384,-0.325500,0.268738,77.6775,42.9390,0
40.3500,181766,-0.685425,0.593384,-0.325500,0.268738,77.6786,42.9350,0
40.3600,181776,-0.685425,0.593384,-0.325500,0.268738,77.6790,42.9319,0
40.3700,181786,-0.685425,0.593384,-0.325500,0.268738,77.6788,42.9301,0
40.3800,181796,-0.685425,0.593384,-0.325500,0.268738,77.6793,42.9271,0
40.3900,181806,-0.685425,0.593384,-0.325500,0.268738,77.6785,42.9214,0
40.4000,181816,-0.685425,0.593384,-0.325500,0.268738,77.6778,42.9160,0
40.4100,181826,-0.685425,0.593384,-0.325500,0.268738,77.6788,42.9084,0
40.4200,181836,-0.685425,0.593384,-0.325500,0.268738,77.6799,42.9012,0
40.4300,181846,-0.685425,0.593384,-0.325500,0.268738,77.6803,42.8950,0
40.4400,181856,-0.685425,0.593384,-0.325500,0.268738,77.6800,42.8879,0
40.4500,181866,-0.685425,0.593384,-0.325500,0.268738,77.6792,42.8824,0
40.4600,181876,-0.685425,0.593384,-0.325500,0.268738,77.6808,42.8789,0
40.4700,181886,-0.685425,0.593384,-0.325500,0.268738,77.6829,42.8732,0
40.4800,181896,-0.685364,0.593323,-0.325562,0.268738,77.6861,42.8678,0
40.4900,181906,-0.685303,0.593323,-0.325684,0.268860,77.6945,42.8615,0
40.5000,181916,-0.685303,0.593201,-0.325806,0.268982,77.7019,42.8538,0
40.5100,181926,-0.685242,0.593079,-0.325928,0.269226,77.7150,42.8491,0
40.5200,181936,-0.685120,0.592957,-0.326111,0.269592,77.7363,42.8448,0
40.5300,181946,-0.684570,0.592102,-0.327393,0.271240,77.7667,42.8435,0
40.5400,181956,-0.683899,0.591248,-0.328857,0.273071,77.8128,42.8449,0
40.5500,181966,-0.683167,0.590210,-0.330505,0.275208,77.8666,42.8590,0
40.5600,181976,-0.682495,0.589905,-0.331665,0.276123,77.8335,42.9095,0
40.5700,181986,-0.681824,0.589844,-0.332581,0.276672,77.7866,42.9685,0
40.5800,181996,-0.680969,0.589661,-0.333862,0.277710,77.7449,43.0250,0
40.5900,182006,-0.680115,0.589233,-0.335266,0.278992,77.7262,43.0846,0
40.6000,182016,-0.679932,0.588989,-0.335693,0.279419,77.7219,43.1581,0
40.6100,182026,-0.679382,0.588623,-0.336670,0.280396,77.7208,43.2289,0
40.6200,182036,-0.678467,0.587952,-0.338318,0.281982,77.7227,43.3030,0
40.6300,182046,-0.677246,0.587097,-0.340454,0.284180,77.7262,43.3843,0
40.6400,182056,-0.675720,0.585876,-0.343201,0.286987,77.7338,43.4807,0
40.6500,182066,-0.673889,0.584412,-0.346436,0.290405,77.7523,43.5880,0
40.6600,182076,-0.671021,0.581970,-0.351501,0.295776,77.7924,43.7137,0
40.6700,182086,-0.667908,0.579285,-0.356873,0.301575,77.8323,43.8736,0
40.6800,182096,-0.664612,0.576477,-0.362305,0.307678,77.8869,44.0579,0
40.6900,182106,-0.661804,0.573975,-0.366943,0.312866,77.9335,44.3406,0
40.7000,182116,-0.659302,0.571960,-0.370850,0.317139,77.9542,44.6490,0
40.7100,182126,-0.657471,0.570557,-0.373657,0.320190,77.9602,44.9849,0
40.7200,182136,-0.655884,0.569458,-0.376099,0.322632,77.9581,45.3400,0
40.7300,182146,-0.654358,0.568298,-0.378479,0.325012,77.9532,45.7052,0
40.7400,182156,-0.652710,0.567017,-0.380981,0.327576,77.9563,46.0696,0
40.7500,182166,-0.650757,0.565491,-0.383972,0.330627,77.9699,46.4385,0
40.7600,182176,-0.648193,0.563477,-0.387756,0.334595,77.9786,46.8244,0
40.7700,182186,-0.645020,0.560913,-0.392517,0.339539,77.9770,47.2263,0
40.7800,182196,-0.641296,0.558228,-0.397705,0.344849,77.9386,47.6678,0
40.7900,182206,-0.638977,0.556824,-0.400757,0.347900,77.9515,48.1176,0
40.8000,182216,-0.635193,0.553894,-0.406128,0.353333,77.9340,48.5953,0
40.8100,182226,-0.627625,0.548523,-0.416138,0.363281,77.9146,49.1112,0
40.8200,182236,-0.625305,0.546631,-0.419312,0.366638,77.9318,49.6456,0
40.8300,182246,-0.623901,0.545654,-0.421021,0.368469,77.9356,50.1887,0
40.8400,182256,-0.623535,0.545410,-0.421509,0.368958,77.9345,50.7280,0
40.8500,182266,-0.623718,0.545532,-0.421265,0.368713,77.9335,51.2437,0
40.8600,182276,-0.624329,0.546143,-0.420349,0.367798,77.9206,51.7380,0
40.8700,182286,-0.625488,0.547180,-0.418701,0.366089,77.9048,52.2020,0
40.8800,182296,-0.627197,0.548767,-0.416321,0.363525,77.8833,52.6285,0
40.8900,182306,-0.629333,0.550537,-0.413391,0.360474,77.8647,53.0103,0
40.9000,182316,-0.631836,0.552612,-0.410034,0.356750,77.8546,53.3510,0
40.9100,182326,-0.635010,0.554932,-0.405701,0.352417,77.8616,53.6458,0
40.9200,182336,-0.638916,0.558228,-0.400146,0.346436,77.8159,53.8904,0
40.9300,182346,-0.642944,0.562134,-0.394165,0.339539,77.7089,54.0769,0
40.9400,182356,-0.646606,0.565674,-0.388550,0.333130,77.6256,54.1901,0
40.9500,182366,-0.649719,0.569519,-0.383179,0.326660,77.4717,54.2283,0
40.9600,182376,-0.652344,0.572327,-0.378784,0.321533,77.3919,54.2052,0
40.9700,182386,-0.655029,0.574890,-0.374451,0.316589,77.3368,54.1008,0
40.9800,182396,-0.657410,0.577271,-0.370483,0.312073,77.2933,53.9625,0
40.9900,182406,-0.659363,0.578979,-0.367249,0.308472,77.2721,53.7934,0
41.0000,182416,-0.661316,0.580566,-0.364136,0.304932,77.2667,53.5907,0
41.0100,182426,-0.664062,0.583191,-0.359253,0.299744,77.2308,53.3794,0
41.0200,182436,-0.665039,0.583862,-0.357666,0.298157,77.2589,53.1419,0
41.0300,182446,-0.665771,0.584351,-0.356567,0.296875,77.2442,52.9088,0
41.0400,182456,-0.666870,0.585388,-0.354736,0.294556,77.2294,52.6575,0
41.0500,182466,-0.667786,0.586304,-0.353027,0.292603,77.2444,52.3951,0
41.0600,182476,-0.668396,0.586731,-0.352051,0.291626,77.2581,52.1401,0
41.0700,182486,-0.669006,0.587158,-0.351074,0.290527,77.2456,51.8910,0
41.0800,182496,-0.669861,0.588074,-0.349487,0.288696,77.2247,51.6315,0
41.0900,182506,-0.672119,0.590393,-0.345154,0.283936,77.2127,51.3636,0
41.1000,182516,-0.673340,0.591553,-0.342834,0.281311,77.2012,51.1020,0
41.1100,182526,-0.674561,0.592651,-0.340576,0.278870,77.1939,50.8192,0
41.1200,182536,-0.675110,0.592896,-0.339661,0.278076,77.2327,50.5264,0
41.1300,182546,-0.675781,0.592957,-0.338806,0.277466,77.2951,50.2379,0
41.1400,182556,-0.676697,0.592773,-0.337646,0.276855,77.3994,49.9557,0
41.1500,182566,-0.677856,0.592468,-0.336365,0.276306,77.5271,49.6795,0
41.1600,182576,-0.679199,0.592102,-0.334961,0.275635,77.6727,49.4136,0
41.1700,182586,-0.680603,0.591736,-0.333374,0.274841,77.8081,49.1559,0
41.1800,182596,-0.681763,0.592041,-0.331604,0.273376,77.8565,48.9014,0
41.1900,182606,-0.682678,0.592590,-0.329956,0.271790,77.8509,48.6447,0
41.2000,182616,-0.683350,0.593018,-0.328796,0.270630,77.8457,48.3861,0
41.2100,182626,-0.683838,0.593384,-0.327881,0.269775,77.8407,48.1269,0
41.2200,182636,-0.684265,0.593689,-0.327087,0.268982,77.8384,47.8744,0
41.2300,182646,-0.684570,0.593933,-0.326477,0.268372,77.8350,47.6296,0
41.2400,182656,-0.684692,0.594055,-0.326172,0.268066,77.8306,47.3872,0
41.2500,182666,-0.684814,0.594177,-0.325989,0.267944,77.8217,47.1564,0
41.2600,182676,-0.684814,0.594116,-0.326050,0.267883,77.8077,46.9444,0
41.2700,182686,-0.684631,0.593933,-0.326538,0.268188,77.7950,46.7533,0
41.2800,182696,-0.684448,0.593689,-0.327087,0.268555,77.7918,46.5748,0
41.2900,182706,-0.684387,0.593567,-0.327271,0.268738,77.7918,46.3928,0
41.3000,182716,-0.684326,0.593567,-0.327332,0.268799,77.7840,46.2151,0
41.3100,182726,-0.684326,0.593567,-0.327332,0.268799,77.7761,46.0522,0
41.3200,182736,-0.684326,0.593567,-0.327332,0.268799,77.7715,45.8934,0
41.3300,182746,-0.684326,0.593567,-0.327332,0.268799,77.7672,45.7395,0
41.3400,182756,-0.684326,0.593567,-0.327332,0.268799,77.7636,45.5927,0
41.3500,182766,-0.684326,0.593567,-0.327332,0.268799,77.7579,45.4544,0
41.3600,182776,-0.684326,0.593567,-0.327332,0.268799,77.7536,45.3231,0
41.3700,182786,-0.684326,0.593567,-0.327332,0.268799,77.7501,45.2001,0
41.3800,182796,-0.684326,0.593567,-0.327332,0.268738,77.7486,45.0838,0
41.3900,182806,-0.684387,0.593506,-0.327332,0.268799,77.7549,44.9704,0
41.4000,182816,-0.684509,0.593445,-0.327148,0.268738,77.7609,44.8637,0
41.4100,182826,-0.684631,0.593506,-0.326965,0.268616,77.7600,44.7659,0
41.4200,182836,-0.684692,0.593506,-0.326843,0.268494,77.7551,44.6718,0
41.4300,182846,-0.684692,0.593567,-0.326782,0.268433,77.7527,44.5800,0
41.4400,182856,-0.684753,0.593506,-0.326782,0.268433,77.7529,44.4905,0
41.4500,182866,-0.684814,0.593445,-0.326782,0.268494,77.7536,44.4054,0
41.4600,182876,-0.684814,0.593506,-0.326782,0.268494,77.7501,44.3287,0
41.4700,182886,-0.684753,0.593445,-0.326782,0.268494,77.7480,44.2565,0
41.4800,182896,-0.684692,0.593445,-0.326904,0.268616,77.7472,44.1896,0
41.4900,182906,-0.684692,0.593323,-0.327026,0.268799,77.7494,44.1237,0
41.5000,182916,-0.684631,0.593079,-0.327271,0.269104,77.7622,44.0601,0
41.5100,182926,-0.684570,0.592773,-0.327637,0.269470,77.7779,43.9998,0
41.5200,182936,-0.684509,0.592651,-0.327759,0.269653,77.7780,43.9486,0
41.5300,182946,-0.684509,0.592651,-0.327759,0.269653,77.7715,43.9012,0
41.5400,182956,-0.684509,0.592651,-0.327759,0.269653,77.7636,43.8526,0
41.5500,182966,-0.684509,0.592651,-0.327759,0.269653,77.7561,43.8093,0
41.5600,182976,-0.684509,0.592651,-0.327759,0.269653,77.7513,43.7718,0
41.5700,182986,-0.684509,0.592651,-0.327759,0.269653,77.7456,43.7319,0
41.5800,182996,-0.684570,0.592651,-0.327820,0.269592,77.7407,43.6940,0
41.5900,183006,-0.684570,0.592651,-0.327820,0.269592,77.7373,43.6486,0
41.6000,183016,-0.684509,0.592712,-0.327759,0.269653,77.7365,43.6120,0
41.6100,183026,-0.684509,0.592712,-0.327759,0.269653,77.7339,43.5856,0
41.6200,183036,-0.684509,0.592712,-0.327759,0.269653,77.7260,43.5575,0
41.6300,183046,-0.684509,0.592712,-0.327759,0.269653,77.7204,43.5229,0
41.6400,183056,-0.684570,0.592712,-0.327698,0.269592,77.7168,43.4924,0
41.6500,183066,-0.684631,0.592773,-0.327515,0.269409,77.7164,43.4611,0
41.6600,183076,-0.684692,0.592834,-0.327393,0.269287,77.7124,43.4367,0
41.6700,183086,-0.684753,0.592896,-0.327209,0.269165,77.7039,43.4057,0
41.6800,183096,-0.684875,0.592957,-0.327087,0.269043,77.6952,43.3809,0
41.6900,183106,-0.684937,0.593018,-0.326965,0.268921,77.6881,43.3568,0
41.7000,183116,-0.684998,0.593079,-0.326843,0.268860,77.6820,43.3308,0
41.7100,183126,-0.684998,0.593140,-0.326721,0.268738,77.6791,43.3073,0
41.7200,183136,-0.685120,0.593140,-0.326660,0.268616,77.6776,43.2902,0
41.7300,183146,-0.685120,0.593140,-0.326538,0.268555,77.6768,43.2686,0
41.7400,183156,-0.685181,0.593201,-0.326477,0.268433,77.6760,43.2468,0
41.7500,183166,-0.685242,0.593262,-0.326355,0.268372,77.6752,43.2225,0
41.7600,183176,-0.685303,0.593262,-0.326233,0.268250,77.6721,43.1965,0
41.7700,183186,-0.685303,0.593323,-0.326172,0.268188,77.6674,43.1693,0
41.7800,183196,-0.685364,0.593323,-0.326111,0.268127,77.6623,43.1440,0
41.7900,183206,-0.685364,0.593323,-0.326111,0.268127,77.6563,43.1236,0
41.8000,183216,-0.685364,0.593384,-0.326050,0.268127,77.6511,43.1041,0
41.8100,183226,-0.685425,0.593384,-0.325989,0.267944,77.6463,43.0861,0
41.8200,183236,-0.685547,0.593445,-0.325806,0.267822,77.6434,43.0684,0
41.8300,183246,-0.685608,0.593567,-0.325562,0.267639,77.6437,43.0485,0
41.8400,183256,-0.685730,0.593628,-0.325378,0.267456,77.6463,43.0259,0
41.8500,183266,-0.685791,0.593689,-0.325195,0.267273,77.6476,43.0040,0
41.8600,183276,-0.685852,0.593750,-0.325134,0.267212,77.6471,42.9807,0
41.8700,183286,-0.685852,0.593750,-0.325073,0.267151,77.6466,42.9549,0
41.8800,183296,-0.685913,0.593750,-0.325012,0.267090,77.6461,42.9327,0
41.8900,183306,-0.685913,0.593750,-0.325012,0.267090,77.6444,42.9129,0
41.9000,183316,-0.685913,0.593750,-0.325012,0.267090,77.6435,42.8940,0
41.9100,183326,-0.685913,0.593750,-0.325012,0.267090,77.6402,42.8749,0
41.9200,183336,-0.685913,0.593750,-0.325012,0.267090,77.6394,42.8609,0
41.9300,183346,-0.685913,0.593750,-0.325012,0.267090,77.6387,42.8411,0
41.9400,183356,-0.685913,0.593750,-0.325012,0.267090,77.6380,42.8223,0
41.9500,183366,-0.685913,0.593750,-0.325012,0.267090,77.6385,42.8044,0
41.9600,183376,-0.685913,0.593750,-0.325012,0.267090,77.6391,42.7885,0
41.9700,183386,-0.685913,0.593750,-0.325012,0.267090,77.6378,42.7694,0
41.9800,183396,-0.685913,0.593750,-0.325012,0.267090,77.6377,42.7553,0
41.9900,183406,-0.685913,0.593750,-0.325012,0.267090,77.6389,42.7408,0
42.0000,183416,-0.685913,0.593750,-0.325012,0.267090,77.6400,42.7263,0
42.0100,183426,-0.685913,0.593811,-0.325012,0.267090,77.6416,42.7144,0
42.0200,183436,-0.685913,0.593811,-0.325012,0.267090,77.6431,42.7031,0
42.0300,183446,-0.685913,0.593811,-0.325012,0.267090,77.6434,42.6906,0
42.0400,183456,-0.685913,0.593811,-0.325012,0.267090,77.6425,42.6793,0
42.0500,183466,-0.685913,0.593811,-0.325012,0.267090,77.6422,42.6673,0
42.0600,183476,-0.685913,0.593811,-0.325012,0.267090,77.6425,42.6578,0
42.0700,183486,-0.685913,0.593811,-0.325012,0.267090,77.6434,42.6481,0
42.0800,183496,-0.685913,0.593689,-0.325073,0.267212,77.6526,42.6420,0
42.0900,183506,-0.685852,0.593506,-0.325256,0.267456,77.6655,42.6394,0
42.1000,183516,-0.685791,0.593323,-0.325562,0.267761,77.6765,42.6365,0
42.1100,183526,-0.685608,0.593140,-0.325867,0.268188,77.6870,42.6362,0
42.1200,183536,-0.685486,0.592957,-0.326233,0.268494,77.6845,42.6431,0
42.1300,183546,-0.685364,0.592957,-0.326355,0.268555,77.6738,42.6520,0
42.1400,183556,-0.685303,0.592957,-0.326477,0.268555,77.6636,42.6628,0
42.1500,183566,-0.685303,0.592957,-0.326538,0.268555,77.6540,42.6731,0
42.1600,183576,-0.685242,0.593018,-0.326660,0.268555,77.6401,42.6848,0
42.1700,183586,-0.685120,0.593018,-0.326782,0.268616,77.6233,42.6912,0
42.1800,183596,-0.684937,0.593079,-0.327026,0.268677,77.6079,42.7026,0
42.1900,183606,-0.684753,0.593079,-0.327271,0.268860,77.5945,42.7130,0
42.2000,183616,-0.684265,0.592957,-0.328064,0.269409,77.5811,42.7255,0
42.2100,183626,-0.683777,0.592590,-0.328979,0.270264,77.5760,42.7377,0
42.2200,183636,-0.683228,0.591980,-0.330139,0.271606,77.5955,42.7463,0
42.2300,183646,-0.682800,0.591370,-0.331177,0.272766,77.6212,42.7727,0
42.2400,183656,-0.682251,0.590820,-0.332336,0.274048,77.6396,42.8067,0
42.2500,183666,-0.681519,0.590454,-0.333618,0.275024,77.6102,42.8591,0
42.2600,183676,-0.680847,0.590393,-0.334595,0.275574,77.5639,42.9234,0
42.2700,183686,-0.680237,0.590332,-0.335449,0.276184,77.5205,42.9878,0
42.2800,183696,-0.679871,0.590332,-0.335999,0.276489,77.4929,43.0509,0
42.2900,183706,-0.679687,0.590393,-0.336182,0.276550,77.4791,43.1150,0
42.3000,183716,-0.679504,0.590393,-0.336426,0.276672,77.4661,43.1759,0
42.3100,183726,-0.679138,0.590393,-0.336975,0.276978,77.4387,43.2359,0
42.3200,183736,-0.678772,0.590393,-0.337402,0.277222,77.4168,43.2910,0
42.3300,183746,-0.678467,0.590393,-0.337830,0.277466,77.3996,43.3454,0
42.3400,183756,-0.678101,0.590332,-0.338379,0.277832,77.3779,43.3984,0
42.3500,183766,-0.677490,0.590271,-0.339233,0.278442,77.3442,43.4539,0
42.3600,183776,-0.676697,0.590027,-0.340393,0.279419,77.3164,43.5195,0
42.3700,183786,-0.675903,0.589722,-0.341553,0.280518,77.3012,43.5969,0
42.3800,183796,-0.674622,0.589111,-0.343567,0.282471,77.2839,43.6973,0
42.3900,183806,-0.672058,0.587341,-0.347961,0.286865,77.2929,43.8117,0
42.4000,183816,-0.669250,0.584900,-0.353027,0.292114,77.3418,43.9773,0
42.4100,183826,-0.666016,0.581665,-0.358887,0.298706,77.4520,44.1637,0
42.4200,183836,-0.662720,0.578247,-0.364807,0.305542,77.5573,44.3830,0
42.4300,183846,-0.659180,0.574829,-0.370728,0.312378,77.6426,44.6380,0
42.4400,183856,-0.655212,0.571350,-0.377014,0.319580,77.7060,44.9546,0
42.4500,183866,-0.651001,0.567810,-0.383423,0.326721,77.7490,45.3245,0
42.4600,183876,-0.646606,0.564270,-0.389954,0.333801,77.7289,45.7398,0
42.4700,183886,-0.641907,0.561157,-0.396423,0.340454,77.7252,46.2126,0
42.4800,183896,-0.634277,0.554993,-0.407288,0.351868,77.7836,46.7402,0
42.4900,183906,-0.630554,0.551697,-0.412537,0.357605,77.8397,47.2768,0
42.5000,183916,-0.626526,0.548584,-0.417908,0.363220,77.8555,47.8427,0
42.5100,183926,-0.622253,0.545410,-0.423401,0.368896,77.8529,48.4278,0
42.5200,183936,-0.618652,0.541931,-0.428406,0.374268,77.9300,49.0686,0
42.5300,183946,-0.614685,0.538696,-0.433350,0.379700,77.9666,49.6978,0
42.5400,183956,-0.611389,0.535889,-0.437439,0.384277,78.0026,50.3512,0
42.5500,183966,-0.608582,0.533630,-0.440796,0.388000,78.0286,51.0260,0
42.5600,183976,-0.606567,0.532043,-0.443237,0.390564,78.0337,51.7117,0
42.5700,183986,-0.605347,0.531128,-0.444702,0.391968,78.0255,52.4001,0
42.5800,183996,-0.604675,0.530701,-0.445557,0.392700,78.0129,53.0712,0
42.5900,184006,-0.604309,0.530701,-0.445923,0.392822,77.9850,53.7129,0
42.6000,184016,-0.604370,0.531311,-0.445740,0.392090,77.9180,54.3313,0
42.6100,184026,-0.604736,0.532837,-0.445007,0.390320,77.7868,54.9167,0
42.6200,184036,-0.605530,0.535217,-0.443665,0.387268,77.5860,55.4706,0
42.6300,184046,-0.607117,0.539062,-0.441101,0.382446,77.3079,55.9699,0
42.6400,184056,-0.609436,0.543640,-0.437561,0.376282,77.0121,56.3432,0
42.6500,184066,-0.612854,0.549255,-0.432373,0.368530,76.7147,56.6403,0
42.6600,184076,-0.617126,0.554260,-0.426392,0.360779,76.5545,56.8594,0
42.6700,184086,-0.622253,0.559326,-0.419067,0.352661,76.4888,56.9793,0
42.6800,184096,-0.626770,0.563354,-0.412476,0.345886,76.4894,57.0072,0
42.6900,184106,-0.630981,0.566650,-0.406555,0.339844,76.5683,56.9731,0
42.7000,184116,-0.635498,0.570007,-0.399963,0.333557,76.5938,56.8915,0
42.7100,184126,-0.639282,0.573059,-0.394348,0.327820,76.6109,56.7731,0
42.7200,184136,-0.642456,0.575684,-0.389587,0.322693,76.6266,56.5960,0
42.7300,184146,-0.645569,0.578369,-0.384583,0.317505,76.6562,56.3875,0
42.7400,184156,-0.648437,0.580627,-0.380127,0.312988,76.7009,56.1648,0
42.7500,184166,-0.651245,0.582581,-0.375854,0.308472,76.7266,55.9090,0
42.7600,184176,-0.656677,0.586609,-0.367126,0.299805,76.7815,55.5880,0
42.7700,184186,-0.659119,0.588196,-0.363403,0.295776,76.8121,55.2907,0
42.7800,184196,-0.661926,0.590454,-0.358398,0.291016,76.8375,54.9189,0
42.7900,184206,-0.664490,0.592529,-0.353821,0.286682,76.8643,54.5220,0
42.8000,184216,-0.666260,0.593933,-0.350586,0.283630,76.8939,54.1168,0
42.8100,184226,-0.666931,0.594360,-0.349426,0.282593,76.9338,53.7095,0
42.8200,184236,-0.667664,0.594482,-0.348389,0.281860,77.0068,53.3210,0
42.8300,184246,-0.668823,0.594666,-0.346863,0.280640,77.0970,52.9495,0
42.8400,184256,-0.669678,0.594727,-0.345703,0.279785,77.1808,52.5772,0
42.8500,184266,-0.670898,0.594849,-0.344116,0.278564,77.2723,52.2199,0
42.8600,184276,-0.672424,0.595642,-0.341736,0.276184,77.3086,51.8763,0
42.8700,184286,-0.674500,0.597046,-0.338135,0.272461,77.3135,51.5311,0
42.8800,184296,-0.676941,0.597900,-0.334412,0.269104,77.4071,51.1700,0
42.8900,184306,-0.678467,0.598816,-0.331726,0.266541,77.4290,50.7772,0
42.9000,184316,-0.679077,0.599365,-0.330444,0.265259,77.4254,50.3791,0
42.9100,184326,-0.679565,0.599731,-0.329529,0.264465,77.4244,49.9899,0
42.9200,184336,-0.679871,0.600037,-0.328796,0.263855,77.4271,49.6102,0
42.9300,184346,-0.680176,0.600220,-0.328247,0.263367,77.4321,49.2457,0
42.9400,184356,-0.680359,0.600403,-0.327820,0.262939,77.4398,48.8964,0
42.9500,184366,-0.680603,0.600525,-0.327393,0.262573,77.4472,48.5614,0
42.9600,184376,-0.680725,0.600708,-0.327026,0.262268,77.4535,48.2400,0
42.9700,184386,-0.680908,0.600830,-0.326721,0.261963,77.4584,47.9304,0
42.9800,184396,-0.681030,0.600952,-0.326416,0.261719,77.4612,47.6350,0
42.9900,184406,-0.681152,0.601013,-0.326172,0.261536,77.4651,47.3514,0
43.0000,184416,-0.681213,0.601074,-0.325989,0.261353,77.4664,47.0824,0
43.0100,184426,-0.681335,0.601196,-0.325806,0.261230,77.4676,46.8244,0
43.0200,184436,-0.681396,0.601257,-0.325684,0.261047,77.4688,46.5805,0
43.0300,184446,-0.681458,0.601257,-0.325500,0.260925,77.4711,46.3459,0
43.0400,184456,-0.681519,0.601318,-0.325439,0.260864,77.4739,46.1241,0
43.0500,184466,-0.681519,0.601318,-0.325439,0.260864,77.4783,45.9152,0
43.0600,184476,-0.681519,0.601318,-0.325439,0.260864,77.4831,45.7150,0
43.0700,184486,-0.681519,0.601318,-0.325439,0.260864,77.4865,45.5265,0
43.0800,184496,-0.681519,0.601318,-0.325439,0.260864,77.4891,45.3475,0
43.0900,184506,-0.681519,0.601318,-0.325439,0.260864,77.4928,45.1763,0
43.1000,184516,-0.681519,0.601318,-0.325439,0.260864,77.4963,45.0148,0
43.1100,184526,-0.681519,0.601318,-0.325439,0.260864,77.4990,44.8619,0
43.1200,184536,-0.681519,0.601318,-0.325439,0.260864,77.5010,44.7167,0
43.1300,184546,-0.681519,0.601318,-0.325439,0.260864,77.5046,44.5782,0
43.1400,184556,-0.681519,0.601318,-0.325439,0.260864,77.5063,44.4466,0
43.1500,184566,-0.681458,0.601318,-0.325439,0.260864,77.5091,44.3210,0
43.1600,184576,-0.681458,0.601318,-0.325500,0.260925,77.5112,44.2029,0
43.1700,184586,-0.681458,0.601318,-0.325562,0.260986,77.5132,44.0912,0
43.1800,184596,-0.681396,0.601257,-0.325623,0.261047,77.5156,43.9858,0
43.1900,184606,-0.681335,0.601196,-0.325745,0.261169,77.5186,43.8857,0
43.2000,184616,-0.681274,0.601196,-0.325806,0.261230,77.5220,43.7889,0
43.2100,184626,-0.681274,0.601196,-0.325867,0.261292,77.5270,43.6975,0
43.2200,184636,-0.681274,0.601135,-0.325928,0.261292,77.5305,43.6101,0
43.2300,184646,-0.681274,0.601135,-0.325928,0.261292,77.5333,43.5259,0
43.2400,184656,-0.681274,0.601135,-0.325928,0.261292,77.5372,43.4477,0
43.2500,184666,-0.681274,0.601135,-0.325928,0.261292,77.5390,43.3745,0
43.2600,184676,-0.681274,0.601135,-0.325928,0.261292,77.5420,43.3050,0
43.2700,184686,-0.681213,0.601135,-0.325989,0.261353,77.5454,43.2396,0
43.2800,184696,-0.681152,0.601135,-0.326050,0.261414,77.5480,43.1818,0
43.2900,184706,-0.681152,0.601074,-0.326111,0.261536,77.5505,43.1245,0
43.3000,184716,-0.681091,0.601074,-0.326172,0.261536,77.5541,43.0701,0
43.3100,184726,-0.681091,0.601074,-0.326172,0.261536,77.5587,43.0177,0
43.3200,184736,-0.681091,0.601013,-0.326233,0.261597,77.5648,42.9663,0
43.3300,184746,-0.681091,0.600952,-0.326294,0.261719,77.5712,42.9174,0
43.3400,184756,-0.681091,0.600830,-0.326416,0.261841,77.5791,42.8746,0
43.3500,184766,-0.681030,0.600708,-0.326538,0.262024,77.5860,42.8346,0
43.3600,184776,-0.681030,0.600647,-0.326660,0.262146,77.5913,42.7972,0
43.3700,184786,-0.680969,0.600586,-0.326782,0.262268,77.5946,42.7636,0
43.3800,184796,-0.680908,0.600586,-0.326843,0.262329,77.5972,42.7340,0
43.3900,184806,-0.680908,0.600525,-0.326904,0.262390,77.5984,42.7036,0
43.4000,184816,-0.680908,0.600525,-0.326904,0.262390,77.5972,42.6758,0
43.4100,184826,-0.680847,0.600525,-0.326965,0.262451,77.5961,42.6518,0
43.4200,184836,-0.680786,0.600403,-0.327209,0.262634,77.5968,42.6280,0
43.4300,184846,-0.680725,0.600403,-0.327332,0.262756,77.5963,42.6048,0
43.4400,184856,-0.680603,0.600281,-0.327515,0.262939,77.5969,42.5845,0
43.4500,184866,-0.680542,0.600281,-0.327637,0.263062,77.5988,42.5660,0
43.4600,184876,-0.680481,0.600220,-0.327759,0.263184,77.6011,42.5496,0
43.4700,184886,-0.680420,0.600159,-0.327881,0.263245,77.6045,42.5341,0
43.4800,184896,-0.680420,0.600159,-0.327881,0.263245,77.6054,42.5181,0
43.4900,184906,-0.680420,0.600159,-0.327881,0.263306,77.6045,42.5053,0
43.5000,184916,-0.680420,0.600159,-0.327881,0.263306,77.6035,42.4925,0
43.5100,184926,-0.680420,0.600159,-0.327881,0.263306,77.6045,42.4804,0
43.5200,184936,-0.680420,0.600159,-0.327881,0.263306,77.6030,42.4695,0
43.5300,184946,-0.680420,0.600159,-0.327881,0.263306,77.6021,42.4603,0
43.5400,184956,-0.680420,0.600159,-0.327881,0.263306,77.6025,42.4535,0
43.5500,184966,-0.680420,0.600159,-0.327942,0.263306,77.6017,42.4464,0
43.5600,184976,-0.680359,0.600098,-0.328003,0.263367,77.6009,42.4385,0
43.5700,184986,-0.680359,0.600098,-0.328003,0.263367,77.5990,42.4334,0
43.5800,184996,-0.680359,0.600098,-0.328003,0.263367,77.5990,42.4286,0
43.5900,185006,-0.680359,0.600098,-0.328003,0.263367,77.5983,42.4228,0
43.6000,185016,-0.680359,0.600098,-0.328003,0.263367,77.5989,42.4173,0
43.6100,185026,-0.680359,0.600098,-0.328003,0.263367,77.6001,42.4114,0
43.6200,185036,-0.680359,0.600098,-0.328003,0.263367,77.6012,42.4077,0
43.6300,185046,-0.680359,0.600098,-0.328003,0.263367,77.6010,42.4041,0
43.6400,185056,-0.680359,0.600098,-0.328003,0.263367,77.6021,42.4007,0
43.6500,185066,-0.680359,0.600098,-0.328003,0.263367,77.6019,42.3993,0
43.6600,185076,-0.680359,0.600098,-0.328003,0.263367,77.6011,42.3955,0
43.6700,185086,-0.680359,0.600098,-0.328003,0.263367,77.5997,42.3908,0
43.6800,185096,-0.680359,0.600098,-0.328003,0.263367,77.5997,42.3869,0
43.6900,185106,-0.680359,0.600098,-0.328003,0.263367,77.6002,42.3849,0
43.7000,185116,-0.680359,0.600098,-0.328003,0.263367,77.6019,42.3813,0
43.7100,185126,-0.680359,0.600098,-0.328003,0.263367,77.6023,42.3773,0
43.7200,185136,-0.680359,0.600098,-0.328003,0.263367,77.6027,42.3758,0
43.7300,185146,-0.680359,0.600098,-0.328003,0.263367,77.6036,42.3732,0
43.7400,185156,-0.680359,0.600098,-0.328003,0.263428,77.6057,42.3720,0
43.7500,185166,-0.680359,0.600098,-0.328064,0.263428,77.6083,42.3690,0
43.7600,185176,-0.680359,0.600098,-0.328064,0.263428,77.6114,42.3662,0
43.7700,185186,-0.680359,0.600098,-0.328064,0.263428,77.6113,42.3629,0
43.7800,185196,-0.680359,0.600098,-0.328064,0.263428,77.6112,42.3604,0
43.7900,185206,-0.680359,0.600098,-0.328064,0.263428,77.6082,42.3586,0
43.8000,185216,-0.680359,0.600098,-0.328064,0.263428,77.6065,42.3557,0
43.8100,185226,-0.680359,0.600098,-0.328064,0.263428,77.6037,42.3541,0
43.8200,185236,-0.680359,0.600098,-0.328064,0.263428,77.6017,42.3538,0
43.8300,185246,-0.680359,0.600098,-0.328064,0.263428,77.5979,42.3541,0
43.8400,185256,-0.680359,0.600098,-0.328064,0.263428,77.5932,42.3526,0
43.8500,185266,-0.680359,0.600098,-0.328064,0.263428,77.5922,42.3506,0
43.8600,185276,-0.680359,0.600098,-0.328064,0.263428,77.5896,42.3481,0
43.8700,185286,-0.680359,0.600098,-0.328064,0.263428,77.5876,42.3452,0
43.8800,185296,-0.680359,0.600098,-0.328064,0.263428,77.5858,42.3417,0
43.8900,185306,-0.680359,0.600098,-0.328064,0.263428,77.5828,42.3379,0
43.9000,185316,-0.680359,0.600098,-0.328064,0.263428,77.5818,42.3349,0
43.9100,185326,-0.680359,0.600098,-0.328064,0.263428,77.5797,42.3343,0
43.9200,185336,-0.680359,0.600098,-0.328064,0.263428,77.5782,42.3338,0
43.9300,185346,-0.680359,0.600098,-0.328064,0.263428,77.5774,42.3340,0
43.9400,185356,-0.680359,0.600098,-0.328064,0.263428,77.5773,42.3335,0
43.9500,185366,-0.680359,0.600098,-0.328064,0.263428,77.5771,42.3324,0
43.9600,185376,-0.680359,0.600098,-0.328064,0.263428,77.5770,42.3326,0
43.9700,185386,-0.680359,0.600098,-0.328064,0.263428,77.5751,42.3346,0
43.9800,185396,-0.680359,0.600098,-0.328064,0.263428,77.5715,42.3353,0
43.9900,185406,-0.680359,0.600098,-0.328064,0.263428,77.5704,42.3353,0
44.0000,185416,-0.680359,0.600098,-0.328064,0.263428,77.5694,42.3342,0
44.0100,185426,-0.680359,0.600098,-0.328064,0.263428,77.5673,42.3343,0
44.0200,185436,-0.680359,0.600098,-0.328064,0.263428,77.5659,42.3356,0
44.0300,185446,-0.680359,0.600098,-0.328064,0.263428,77.5651,42.3368,0
44.0400,185456,-0.680298,0.600098,-0.328125,0.263489,77.5662,42.3385,0
44.0500,185466,-0.680237,0.600037,-0.328247,0.263611,77.5701,42.3427,0
44.0600,185476,-0.680176,0.599854,-0.328430,0.263855,77.5828,42.3506,0
44.0700,185486,-0.680176,0.599243,-0.328979,0.264709,77.6447,42.3597,0
44.0800,185496,-0.680420,0.597961,-0.329590,0.266174,77.7891,42.3696,0
44.0900,185506,-0.680664,0.596436,-0.330322,0.267944,77.9749,42.3845,0
44.1000,185516,-0.680786,0.594666,-0.331482,0.270264,78.0884,42.4157,0
44.1100,185526,-0.680481,0.593140,-0.332947,0.272522,78.0883,42.4698,0
44.1200,185536,-0.679687,0.592346,-0.334473,0.274292,78.0513,42.5417,0
44.1300,185546,-0.679199,0.592102,-0.335388,0.275024,78.0025,42.6159,0
44.1400,185556,-0.678406,0.591797,-0.336609,0.276123,77.9520,42.6920,0
44.1500,185566,-0.675415,0.589966,-0.341675,0.281067,77.9254,42.7780,0
44.1600,185576,-0.673096,0.588196,-0.345825,0.285339,77.9215,42.8778,0
44.1700,185586,-0.670410,0.585937,-0.350525,0.290466,77.9511,42.9985,0
44.1800,185596,-0.667725,0.583252,-0.355347,0.296082,78.0208,43.1585,0
44.1900,185606,-0.664856,0.580139,-0.360718,0.302246,78.1139,43.3558,0
44.2000,185616,-0.661499,0.577209,-0.366211,0.308350,78.1512,43.5905,0
44.2100,185626,-0.658142,0.574524,-0.371582,0.314087,78.1595,43.8796,0
44.2200,185636,-0.654663,0.571594,-0.377136,0.320068,78.1768,44.2021,0
44.2300,185646,-0.650940,0.568665,-0.382813,0.326111,78.1862,44.5641,0
44.2400,185656,-0.647400,0.565674,-0.388184,0.331909,78.2042,44.9664,0
44.2500,185666,-0.643921,0.562866,-0.393372,0.337402,78.2165,45.4016,0
44.2600,185676,-0.640564,0.560120,-0.398193,0.342590,78.2241,45.8710,0
44.2700,185686,-0.637268,0.557495,-0.402893,0.347534,78.2248,46.3668,0
44.2800,185696,-0.634033,0.554871,-0.407410,0.352356,78.2268,46.8846,0
44.2900,185706,-0.630920,0.552246,-0.411743,0.356934,78.2411,47.4279,0
44.3000,185716,-0.627747,0.549744,-0.416016,0.361450,78.2370,47.9800,0
44.3100,185726,-0.624634,0.547424,-0.420044,0.365662,78.2256,48.5876,0
44.3200,185736,-0.621765,0.545288,-0.423767,0.369446,78.2142,49.2081,0
44.3300,185746,-0.619080,0.543274,-0.427124,0.373047,78.2027,49.8282,0
44.3400,185756,-0.616455,0.541443,-0.430298,0.376404,78.1973,50.4487,0
44.3500,185766,-0.614014,0.539490,-0.433350,0.379700,78.1976,51.0741,0
44.3600,185776,-0.611633,0.537598,-0.436279,0.382813,78.1950,51.7107,0
44.3700,185786,-0.609375,0.535889,-0.439087,0.385681,78.1901,52.3471,0
44.3800,185796,-0.607300,0.534241,-0.441589,0.388306,78.1909,52.9873,0
44.3900,185806,-0.605591,0.532776,-0.443787,0.390503,78.2005,53.6260,0
44.4000,185816,-0.604126,0.531433,-0.445679,0.392395,78.2037,54.2390,0
44.4100,185826,-0.602844,0.530212,-0.447266,0.394165,78.2055,54.8328,0
44.4200,185836,-0.601624,0.529236,-0.448669,0.395752,78.2116,55.4077,0
44.4300,185846,-0.599854,0.527832,-0.450684,0.398132,78.2114,55.9675,0
44.4400,185856,-0.599426,0.527527,-0.451111,0.398682,78.2095,56.5167,0
44.4500,185866,-0.599426,0.527405,-0.451172,0.398743,78.2065,57.0487,0
44.4600,185876,-0.599670,0.527527,-0.450928,0.398376,78.2042,57.5538,0
44.4700,185886,-0.600647,0.528198,-0.449890,0.397278,78.1949,58.0426,0
44.4800,185896,-0.602722,0.530090,-0.447388,0.394409,78.1544,58.5037,0
44.4900,185906,-0.605408,0.532776,-0.443909,0.390625,78.0869,58.8948,0
44.5000,185916,-0.608521,0.535706,-0.440063,0.386108,78.0178,59.2541,0
44.5100,185926,-0.612061,0.539429,-0.435547,0.380371,77.8887,59.5648,0
44.5200,185936,-0.615479,0.543213,-0.431213,0.374390,77.7290,59.8210,0
44.5300,185946,-0.618530,0.546753,-0.427063,0.368896,77.5891,59.9949,0
44.5400,185956,-0.621277,0.549438,-0.423584,0.364258,77.4981,60.1300,0
44.5500,185966,-0.623535,0.552368,-0.420410,0.359680,77.3641,60.1940,0
44.5600,185976,-0.625244,0.554687,-0.417908,0.356079,77.2538,60.2070,0
44.5700,185986,-0.627014,0.557556,-0.414734,0.352112,77.1258,60.1481,0
44.5800,185996,-0.628540,0.559875,-0.412109,0.348755,77.0322,60.0620,0
44.5900,186006,-0.630066,0.561829,-0.409729,0.345703,76.9741,59.9347,0
44.6000,186016,-0.631775,0.563904,-0.406982,0.342407,76.9247,59.7863,0
44.6100,186026,-0.633728,0.565674,-0.404175,0.339172,76.9193,59.6183,0
44.6200,186036,-0.636292,0.567871,-0.400574,0.334900,76.9024,59.4367,0
44.6300,186046,-0.639404,0.570740,-0.395691,0.329956,76.8920,59.1769,0
44.6400,186056,-0.642700,0.573486,-0.390625,0.324707,76.9101,58.9158,0
44.6500,186066,-0.646057,0.575989,-0.385681,0.319519,76.9368,58.5938,0
44.6600,186076,-0.649658,0.578796,-0.380005,0.313965,76.9568,58.2453,0
44.6700,186086,-0.652893,0.581238,-0.374878,0.308777,76.9877,57.8548,0
44.6800,186096,-0.655945,0.583557,-0.369873,0.303955,77.0074,57.4662,0
44.6900,186106,-0.658813,0.585632,-0.365295,0.299194,77.0160,57.0429,0
44.7000,186116,-0.661987,0.588074,-0.359985,0.293762,77.0271,56.5906,0
44.7100,186126,-0.667053,0.591980,-0.351196,0.285217,77.0478,56.0896,0
44.7200,186136,-0.669312,0.593506,-0.347412,0.281128,77.0757,55.6262,0
44.7300,186146,-0.671753,0.595215,-0.343262,0.276917,77.0975,55.1323,0
44.7400,186156,-0.673035,0.595520,-0.341248,0.275452,77.1865,54.6030,0
44.7500,186166,-0.675354,0.595398,-0.338379,0.273682,77.3851,54.0938,0
44.7600,186176,-0.677795,0.595764,-0.334961,0.271118,77.5375,53.5963,0
44.7700,186186,-0.679077,0.596313,-0.332825,0.269287,77.5760,53.0986,0
44.7800,186196,-0.679871,0.596741,-0.331482,0.268005,77.5805,52.6085,0
44.7900,186206,-0.680298,0.597046,-0.330627,0.267151,77.5783,52.1331,0
44.8000,186216,-0.680664,0.597351,-0.329956,0.266479,77.5720,51.6717,0
44.8100,186226,-0.681030,0.597534,-0.329346,0.265869,77.5642,51.2265,0
44.8200,186236,-0.681335,0.597778,-0.328796,0.265320,77.5604,50.7967,0
44.8300,186246,-0.681580,0.597961,-0.328308,0.264832,77.5574,50.3853,0
44.8400,186256,-0.681763,0.598083,-0.327942,0.264526,77.5527,49.9901,0
44.8500,186266,-0.681885,0.598206,-0.327637,0.264282,77.5459,49.6104,0
44.8600,186276,-0.682007,0.598328,-0.327332,0.264038,77.5407,49.2485,0
44.8700,186286,-0.682129,0.598389,-0.327148,0.263855,77.5394,48.9015,0
44.8800,186296,-0.682190,0.598450,-0.327026,0.263733,77.5382,48.5725,0
44.8900,186306,-0.682251,0.598511,-0.326904,0.263672,77.5376,48.2562,0
44.9000,186316,-0.682251,0.598511,-0.326782,0.263550,77.5371,47.9563,0
44.9100,186326,-0.682312,0.598572,-0.326721,0.263550,77.5371,47.6715,0
44.9200,186336,-0.682312,0.598572,-0.326721,0.263550,77.5384,47.3984,0
44.9300,186346,-0.682312,0.598572,-0.326721,0.263550,77.5408,47.1385,0
44.9400,186356,-0.682312,0.598572,-0.326721,0.263550,77.5443,46.8927,0
44.9500,186366,-0.682312,0.598572,-0.326721,0.263550,77.5464,46.6581,0
44.9600,186376,-0.682312,0.598572,-0.326721,0.263550,77.5484,46.4363,0
44.9700,186386,-0.682312,0.598572,-0.326721,0.263550,77.5497,46.2227,0
44.9800,186396,-0.682312,0.598572,-0.326721,0.263550,77.5503,46.0227,0
44.9900,186406,-0.682312,0.598572,-0.326721,0.263550,77.5491,45.8327,0
45.0000,186416,-0.682312,0.598572,-0.326721,0.263550,77.5492,45.6511,0
45.0100,186426,-0.682312,0.598572,-0.326721,0.263550,77.5493,45.4797,0
45.0200,186436,-0.682312,0.598572,-0.326721,0.263550,77.5493,45.3168,0
45.0300,186446,-0.682312,0.598572,-0.326721,0.263550,77.5494,45.1633,0
45.0400,186456,-0.682312,0.598572,-0.326721,0.263550,77.5495,45.0163,0
45.0500,186466,-0.682312,0.598572,-0.326721,0.263550,77.5501,44.8773,0
45.0600,186476,-0.682312,0.598572,-0.326721,0.263550,77.5495,44.7451,0
45.0700,186486,-0.682312,0.598572,-0.326721,0.263550,77.5508,44.6196,0
45.0800,186496,-0.682312,0.598572,-0.326721,0.263550,77.5514,44.4998,0
45.0900,186506,-0.682312,0.598572,-0.326721,0.263550,77.5519,44.3848,0
45.1000,186516,-0.682312,0.598572,-0.326721,0.263550,77.5542,44.2755,0
45.1100,186526,-0.682312,0.598572,-0.326721,0.263550,77.5553,44.1717,0
45.1200,186536,-0.682312,0.598572,-0.326721,0.263550,77.5556,44.0731,0
45.1300,186546,-0.682312,0.598572,-0.326721,0.263550,77.5565,43.9806,0
45.1400,186556,-0.682312,0.598572,-0.326721,0.263550,77.5557,43.8915,0
45.1500,186566,-0.682312,0.598572,-0.326721,0.263550,77.5548,43.8075,0
45.1600,186576,-0.682312,0.598572,-0.326721,0.263550,77.5546,43.7283,0
45.1700,186586,-0.682312,0.598572,-0.326721,0.263550,77.5544,43.6530,0
45.1800,186596,-0.682312,0.598572,-0.326721,0.263550,77.5560,43.5816,0
45.1900,186606,-0.682312,0.598572,-0.326721,0.263550,77.5557,43.5136,0
45.2000,186616,-0.682312,0.598572,-0.326721,0.263550,77.5561,43.4491,0
45.2100,186626,-0.682312,0.598572,-0.326721,0.263550,77.5564,43.3872,0
45.2200,186636,-0.682312,0.598572,-0.326721,0.263550,77.5561,43.3278,0
45.2300,186646,-0.682312,0.598572,-0.326721,0.263550,77.5570,43.2714,0
45.2400,186656,-0.682312,0.598572,-0.326721,0.263550,77.5573,43.2184,0
45.2500,186666,-0.682312,0.598572,-0.326721,0.263550,77.5575,43.1674,0
45.2600,186676,-0.682312,0.598572,-0.326721,0.263550,77.5578,43.1179,0
45.2700,186686,-0.682312,0.598572,-0.326721,0.263550,77.5580,43.0719,0
45.2800,186696,-0.682312,0.598572,-0.326721,0.263550,77.5582,43.0277,0
45.2900,186706,-0.682312,0.598572,-0.326721,0.263550,77.5585,42.9875,0
45.3000,186716,-0.682312,0.598572,-0.326721,0.263550,77.5557,42.9516,0
45.3100,186726,-0.682312,0.598572,-0.326721,0.263550,77.5560,42.9152,0
45.3200,186736,-0.682312,0.598572,-0.326721,0.263550,77.5546,42.8806,0
45.3300,186746,-0.682312,0.598572,-0.326721,0.263550,77.5550,42.8460,0
45.3400,186756,-0.682312,0.598572,-0.326721,0.263550,77.5553,42.8142,0
45.3500,186766,-0.682312,0.598572,-0.326721,0.263550,77.5557,42.7841,0
45.3600,186776,-0.682312,0.598572,-0.326721,0.263550,77.5566,42.7554,0
45.3700,186786,-0.682312,0.598572,-0.326721,0.263550,77.5563,42.7288,0
45.3800,186796,-0.682312,0.598572,-0.326721,0.263550,77.5549,42.7029,0
45.3900,186806,-0.682312,0.598572,-0.326721,0.263550,77.5535,42.6784,0
45.4000,186816,-0.682312,0.598572,-0.326721,0.263550,77.5545,42.6562,0
45.4100,186826,-0.682312,0.598572,-0.326721,0.263550,77.5555,42.6345,0
45.4200,186836,-0.682312,0.598572,-0.326721,0.263550,77.5558,42.6134,0
45.4300,186846,-0.682312,0.598572,-0.326721,0.263550,77.5556,42.5927,0
45.4400,186856,-0.682312,0.598572,-0.326721,0.263550,77.5547,42.5742,0
45.4500,186866,-0.682312,0.598572,-0.326721,0.263550,77.5551,42.5555,0
45.4600,186876,-0.682312,0.598572,-0.326721,0.263550,77.5561,42.5388,0
45.4700,186886,-0.682312,0.598572,-0.326721,0.263550,77.5558,42.5213,0
45.4800,186896,-0.682312,0.598572,-0.326721,0.263550,77.5550,42.5064,0
45.4900,186906,-0.682312,0.598572,-0.326721,0.263550,77.5536,42.4928,0
45.5000,186916,-0.682312,0.598572,-0.326721,0.263550,77.5540,42.4787,0
45.5100,186926,-0.682312,0.598572,-0.326721,0.263550,77.5544,42.4648,0
45.5200,186936,-0.682312,0.598572,-0.326721,0.263550,77.5554,42.4509,0
45.5300,186946,-0.682312,0.598572,-0.326721,0.263550,77.5576,42.4383,0
45.5400,186956,-0.682312,0.598572,-0.326721,0.263550,77.5584,42.4258,0
45.5500,186966,-0.682312,0.598572,-0.326721,0.263550,77.5586,42.4151,0
45.5600,186976,-0.682312,0.598572,-0.326721,0.263550,77.5588,42.4043,0
45.5700,186986,-0.682312,0.598572,-0.326721,0.263550,77.5596,42.3934,0
45.5800,186996,-0.682312,0.598572,-0.326721,0.263550,77.5597,42.3843,0
45.5900,187006,-0.682312,0.598572,-0.326721,0.263550,77.5611,42.3757,0
45.6000,187016,-0.682312,0.598572,-0.326721,0.263550,77.5611,42.3669,0
45.6100,187026,-0.682312,0.598572,-0.326721,0.263550,77.5612,42.3567,0
45.6200,187036,-0.682312,0.598572,-0.326721,0.263550,77.5601,42.3488,0
45.6300,187046,-0.682312,0.598572,-0.326721,0.263550,77.5602,42.3408,0
45.6400,187056,-0.682312,0.598572,-0.326721,0.263550,77.5597,42.3331,0
45.6500,187066,-0.682312,0.598572,-0.326721,0.263550,77.5599,42.3246,0
45.6600,187076,-0.682312,0.598572,-0.326721,0.263550,77.5606,42.3166,0
45.6700,187086,-0.682312,0.598572,-0.326721,0.263550,77.5595,42.3119,0
45.6800,187096,-0.682312,0.598572,-0.326721,0.263550,77.5590,42.3051,0
45.6900,187106,-0.682312,0.598572,-0.326721,0.263550,77.5586,42.2992,0
45.7000,187116,-0.682312,0.598572,-0.326721,0.263550,77.5582,42.2924,0
45.7100,187126,-0.682312,0.598572,-0.326721,0.263550,77.5584,42.2854,0
45.7200,187136,-0.682312,0.598572,-0.326721,0.263550,77.5592,42.2787,0
45.7300,187146,-0.682312,0.598572,-0.326721,0.263550,77.5600,42.2748,0
45.7400,187156,-0.682312,0.598572,-0.326721,0.263550,77.5595,42.2716,0
45.7500,187166,-0.682312,0.598572,-0.326721,0.263550,77.5597,42.2680,0
45.7600,187176,-0.682312,0.598572,-0.326721,0.263550,77.5604,42.2640,0
45.7700,187186,-0.682251,0.598511,-0.326782,0.263611,77.5629,42.2639,0
45.7800,187196,-0.682251,0.598511,-0.326843,0.263672,77.5658,42.2620,0
45.7900,187206,-0.682129,0.598450,-0.327026,0.263855,77.5698,42.2627,0
45.8000,187216,-0.682007,0.598328,-0.327393,0.264099,77.5729,42.2648,0
45.8100,187226,-0.681824,0.598083,-0.327759,0.264526,77.5751,42.2681,0
45.8200,187236,-0.681396,0.597656,-0.328613,0.265442,77.5809,42.2745,0
45.8300,187246,-0.681274,0.597290,-0.329102,0.266113,77.6012,42.2831,0
45.8400,187256,-0.681091,0.596558,-0.329834,0.267334,77.6723,42.2888,0
45.8500,187266,-0.681030,0.595276,-0.330872,0.269104,77.7939,42.3033,0
45.8600,187276,-0.680847,0.593933,-0.332031,0.271057,77.9111,42.3319,0
45.8700,187286,-0.680542,0.593201,-0.332886,0.272278,77.9507,42.3780,0
45.8800,187296,-0.680359,0.593018,-0.333374,0.272705,77.9295,42.4380,0
45.8900,187306,-0.680054,0.592834,-0.333923,0.273132,77.9040,42.4994,0
45.9000,187316,-0.679749,0.592712,-0.334412,0.273560,77.8781,42.5592,0
45.9100,187326,-0.679443,0.592590,-0.334900,0.273926,77.8528,42.6214,0
45.9200,187336,-0.679199,0.592468,-0.335327,0.274292,77.8288,42.6836,0
45.9300,187346,-0.678772,0.592285,-0.335999,0.274902,77.7994,42.7449,0
45.9400,187356,-0.677917,0.591980,-0.337280,0.276062,77.7620,42.8036,0
45.9500,187366,-0.676819,0.591492,-0.338928,0.277710,77.7259,42.8619,0
45.9600,187376,-0.675537,0.590881,-0.340942,0.279724,77.6869,42.9324,0
45.9700,187386,-0.673706,0.589905,-0.343811,0.282654,77.6611,43.0068,0
45.9800,187396,-0.671997,0.588806,-0.346680,0.285522,77.6455,43.1464,0
45.9900,187406,-0.670410,0.587402,-0.349731,0.288452,77.6538,43.3373,0
46.0000,187416,-0.668335,0.585510,-0.353455,0.292542,77.6973,43.5019,0
46.0100,187426,-0.666504,0.583862,-0.356628,0.296143,77.7357,43.7001,0
46.0200,187436,-0.664856,0.582153,-0.359619,0.299500,77.7866,43.9139,0
46.0300,187446,-0.663574,0.580750,-0.361938,0.302307,77.8147,44.1518,0
46.0400,187456,-0.662476,0.579651,-0.363892,0.304504,77.8266,44.4052,0
46.0500,187466,-0.661560,0.578796,-0.365479,0.306213,77.8337,44.6646,0
46.0600,187476,-0.660645,0.577881,-0.367126,0.307983,77.8381,44.9257,0
46.0700,187486,-0.659546,0.576904,-0.368958,0.309875,77.8399,45.1870,0
46.0800,187496,-0.658264,0.575867,-0.371033,0.312012,77.8393,45.4538,0
46.0900,187506,-0.656738,0.574646,-0.373474,0.314636,77.8399,45.7259,0
46.1000,187516,-0.652771,0.571411,-0.379761,0.321167,77.8416,46.0197,0
46.1100,187526,-0.650208,0.569336,-0.383606,0.325439,77.8582,46.3067,0
46.1200,187536,-0.647583,0.567200,-0.387573,0.329651,77.8722,46.6271,0
46.1300,187546,-0.644958,0.565063,-0.391541,0.333862,77.8862,46.9719,0
46.1400,187556,-0.642456,0.562988,-0.395203,0.337769,77.9000,47.3435,0
46.1500,187566,-0.640076,0.561218,-0.398499,0.341309,77.9032,47.7298,0
46.1600,187576,-0.638184,0.559814,-0.401245,0.344055,77.9003,48.1389,0
46.1700,187586,-0.636719,0.558655,-0.403320,0.346191,77.8993,48.5566,0
46.1800,187596,-0.635437,0.557739,-0.405029,0.347961,77.8971,48.9666,0
46.1900,187606,-0.634399,0.557007,-0.406433,0.349487,77.8904,49.3766,0
46.2000,187616,-0.633362,0.556213,-0.407837,0.351013,77.8906,49.7791,0
46.2100,187626,-0.632263,0.555237,-0.409363,0.352722,77.8945,50.1771,0
46.2200,187636,-0.630981,0.554077,-0.411133,0.354675,77.9034,50.5728,0
46.2300,187646,-0.629578,0.552856,-0.413086,0.356934,77.9167,50.9658,0
46.2400,187656,-0.628113,0.551514,-0.415100,0.359070,77.9305,51.3664,0
46.2500,187666,-0.626770,0.550232,-0.416992,0.361206,77.9509,51.7868,0
46.2600,187676,-0.625427,0.548950,-0.418884,0.363342,77.9714,52.2002,0
46.2700,187686,-0.624268,0.547974,-0.420410,0.365051,77.9814,52.6023,0
46.2800,187696,-0.623413,0.547241,-0.421570,0.366272,77.9838,53.0050,0
46.2900,187706,-0.622742,0.546692,-0.422424,0.367249,77.9837,53.3999,0
46.3000,187716,-0.622070,0.546204,-0.423279,0.368164,77.9813,53.7856,0
46.3100,187726,-0.621460,0.545654,-0.424133,0.369080,77.9813,54.1566,0
46.3200,187736,-0.620789,0.545105,-0.424927,0.369995,77.9801,54.5250,0
46.3300,187746,-0.620178,0.544556,-0.425720,0.370850,77.9840,54.8770,0
46.3400,187756,-0.619568,0.544006,-0.426514,0.371765,77.9882,55.2233,0
46.3500,187766,-0.619080,0.543457,-0.427246,0.372620,77.9910,55.5614,0
46.3600,187776,-0.618591,0.543030,-0.427917,0.373352,77.9913,55.8912,0
46.3700,187786,-0.618225,0.542786,-0.428345,0.373779,77.9880,56.2093,0
46.3800,187796,-0.618164,0.542603,-0.428467,0.373962,77.9855,56.5145,0
46.3900,187806,-0.618286,0.542664,-0.428345,0.373901,77.9854,56.8002,0
46.4000,187816,-0.618469,0.542725,-0.428162,0.373718,77.9872,57.0674,0
46.4100,187826,-0.618713,0.542908,-0.427795,0.373413,77.9847,57.3228,0
46.4200,187836,-0.619141,0.543213,-0.427307,0.372864,77.9752,57.5657,0
46.4300,187846,-0.619690,0.543640,-0.426636,0.372131,77.9613,57.7944,0
46.4400,187856,-0.620300,0.544189,-0.425781,0.371216,77.9433,58.0046,0
46.4500,187866,-0.621094,0.544800,-0.424805,0.370117,77.9275,58.1980,0
46.4600,187876,-0.622009,0.545654,-0.423584,0.368652,77.9017,58.3737,0
46.4700,187886,-0.623108,0.546753,-0.422119,0.366821,77.8653,58.5304,0
46.4800,187896,-0.624390,0.548096,-0.420349,0.364685,77.8217,58.6653,0
46.4900,187906,-0.626221,0.550049,-0.417786,0.361572,77.7530,58.7742,0
46.5000,187916,-0.628235,0.552551,-0.414673,0.357788,77.6544,58.8355,0
46.5100,187926,-0.630371,0.554993,-0.411499,0.353943,77.5715,58.8719,0
46.5200,187936,-0.633057,0.557556,-0.407654,0.349548,77.5139,58.8781,0
46.5300,187946,-0.636169,0.560547,-0.403076,0.344360,77.4527,58.7964,0
46.5400,187956,-0.639099,0.563171,-0.398743,0.339600,77.4092,58.6660,0
46.5500,187966,-0.642029,0.566040,-0.394287,0.334534,77.3459,58.5105,0
46.5600,187976,-0.644470,0.568420,-0.390503,0.330261,77.3060,58.3140,0
46.5700,187986,-0.646667,0.570557,-0.387024,0.326294,77.2602,58.0937,0
46.5800,187996,-0.648743,0.572449,-0.383789,0.322754,77.2387,57.8466,0
46.5900,188006,-0.650818,0.574036,-0.380615,0.319458,77.2621,57.5777,0
46.6000,188016,-0.652954,0.575623,-0.377380,0.316162,77.2969,57.2911,0
46.6100,188026,-0.655090,0.577026,-0.374084,0.312927,77.3121,56.9827,0
46.6200,188036,-0.657410,0.578735,-0.370422,0.309326,77.3479,56.6608,0
46.6300,188046,-0.659058,0.579712,-0.367981,0.306946,77.3630,56.3361,0
46.6400,188056,-0.661072,0.581177,-0.364746,0.303650,77.3569,56.0073,0
46.6500,188066,-0.664368,0.583923,-0.359253,0.297607,77.3357,55.6592,0
46.6600,188076,-0.665649,0.584900,-0.357056,0.295410,77.3388,55.2882,0
46.6700,188086,-0.666626,0.585571,-0.355469,0.293945,77.3565,54.9138,0
46.6800,188096,-0.667480,0.586243,-0.353882,0.292419,77.3721,54.5472,0
46.6900,188106,-0.668518,0.586975,-0.352173,0.290710,77.3870,54.1859,0
46.7000,188116,-0.669373,0.587524,-0.350708,0.289368,77.4058,53.8230,0
46.7100,188126,-0.670410,0.588379,-0.348755,0.287537,77.4186,53.4595,0
46.7200,188136,-0.671326,0.589050,-0.347107,0.286072,77.4319,53.0999,0
46.7300,188146,-0.672058,0.589600,-0.345825,0.284790,77.4457,52.7511,0
46.7400,188156,-0.672852,0.590210,-0.344482,0.283386,77.4576,52.4121,0
46.7500,188166,-0.673828,0.590881,-0.342712,0.281677,77.4583,52.0850,0
46.7600,188176,-0.674988,0.591797,-0.340759,0.279419,77.4512,51.7680,0
46.7700,188186,-0.675903,0.592529,-0.339111,0.277649,77.4486,51.4399,0
46.7800,188196,-0.676880,0.593323,-0.337219,0.275818,77.4467,51.1020,0
46.7900,188206,-0.677551,0.593811,-0.335999,0.274719,77.4604,50.7596,0
46.8000,188216,-0.678101,0.593933,-0.335144,0.273987,77.4936,50.4288,0
46.8100,188226,-0.678955,0.593933,-0.334045,0.273315,77.5619,50.1030,0
46.8200,188236,-0.679810,0.593811,-0.333069,0.272705,77.6410,49.7849,0
46.8300,188246,-0.680542,0.593628,-0.332153,0.272278,77.7115,49.4729,0
46.8400,188256,-0.681274,0.593567,-0.331238,0.271729,77.7707,49.1732,0
46.8500,188266,-0.682007,0.593750,-0.330139,0.270813,77.7996,48.8789,0
46.8600,188276,-0.682678,0.594116,-0.328979,0.269653,77.7891,48.5971,0
46.8700,188286,-0.683411,0.594604,-0.327698,0.268372,77.7779,48.3165,0
46.8800,188296,-0.683960,0.595032,-0.326660,0.267273,77.7637,48.0365,0
46.8900,188306,-0.684265,0.595276,-0.325989,0.266602,77.7538,47.7644,0
46.9000,188316,-0.684448,0.595459,-0.325623,0.266296,77.7450,47.5022,0
46.9100,188326,-0.684570,0.595520,-0.325378,0.266113,77.7372,47.2514,0
46.9200,188336,-0.684692,0.595581,-0.325195,0.265930,77.7298,47.0099,0
46.9300,188346,-0.684814,0.595703,-0.324890,0.265686,77.7246,46.7800,0
46.9400,188356,-0.684875,0.595764,-0.324768,0.265564,77.7190,46.5609,0
46.9500,188366,-0.684937,0.595825,-0.324646,0.265442,77.7143,46.3473,0
46.9600,188376,-0.684998,0.595886,-0.324524,0.265381,77.7142,46.1456,0
46.9700,188386,-0.684998,0.595886,-0.324463,0.265320,77.7122,45.9545,0
46.9800,188396,-0.685059,0.595886,-0.324402,0.265259,77.7104,45.7730,0
46.9900,188406,-0.685059,0.595886,-0.324402,0.265259,77.7099,45.6000,0
47.0000,188416,-0.685059,0.595886,-0.324402,0.265259,77.7087,45.4362,0
47.0100,188426,-0.685059,0.595886,-0.324402,0.265259,77.7083,45.2812,0
47.0200,188436,-0.685059,0.595886,-0.324463,0.265259,77.7078,45.1334,0
47.0300,188446,-0.685059,0.595886,-0.324463,0.265259,77.7062,44.9923,0
47.0400,188456,-0.685059,0.595886,-0.324463,0.265259,77.7041,44.8595,0
47.0500,188466,-0.685059,0.595886,-0.324463,0.265259,77.7021,44.7322,0
47.0600,188476,-0.685059,0.595886,-0.324463,0.265259,77.7019,44.6100,0
47.0700,188486,-0.685059,0.595886,-0.324463,0.265259,77.7012,44.4945,0
47.0800,188496,-0.685059,0.595886,-0.324463,0.265259,77.7011,44.3854,0
47.0900,188506,-0.685059,0.595886,-0.324463,0.265259,77.7016,44.2800,0
47.1000,188516,-0.685059,0.595886,-0.324463,0.265259,77.7027,44.1816,0
47.1100,188526,-0.685059,0.595886,-0.324463,0.265259,77.7019,44.0882,0
47.1200,188536,-0.685059,0.595886,-0.324463,0.265259,77.7012,43.9994,0
47.1300,188546,-0.685059,0.595886,-0.324463,0.265259,77.6993,43.9150,0
47.1400,188556,-0.685059,0.595886,-0.324463,0.265259,77.6982,43.8361,0
47.1500,188566,-0.685059,0.595886,-0.324463,0.265259,77.6964,43.7605,0
47.1600,188576,-0.685059,0.595886,-0.324463,0.265259,77.6948,43.6893,0
47.1700,188586,-0.685059,0.595886,-0.324463,0.265259,77.6950,43.6205,0
47.1800,188596,-0.685059,0.595886,-0.324463,0.265259,77.6935,43.5545,0
47.1900,188606,-0.685059,0.595886,-0.324463,0.265259,77.6926,43.4912,0
47.2000,188616,-0.685059,0.595886,-0.324463,0.265259,77.6911,43.4340,0
47.2100,188626,-0.685059,0.595886,-0.324463,0.265259,77.6903,43.3791,0
47.2200,188636,-0.685059,0.595886,-0.324463,0.265259,77.6902,43.3258,0
47.2300,188646,-0.685059,0.595886,-0.324463,0.265259,77.6895,43.2763,0
47.2400,188656,-0.684998,0.595886,-0.324463,0.265259,77.6894,43.2293,0
47.2500,188666,-0.684998,0.595886,-0.324463,0.265259,77.6875,43.1853,0
47.2600,188676,-0.684998,0.595886,-0.324463,0.265259,77.6875,43.1416,0
47.2700,188686,-0.684998,0.595886,-0.324463,0.265259,77.6869,43.1002,0
47.2800,188696,-0.684998,0.595886,-0.324463,0.265259,77.6875,43.0614,0
47.2900,188706,-0.684998,0.595886,-0.324463,0.265259,77.6857,43.0233,0
47.3000,188716,-0.684998,0.595886,-0.324463,0.265259,77.6852,42.9890,0
47.3100,188726,-0.684998,0.595886,-0.324463,0.265259,77.6853,42.9552,0
47.3200,188736,-0.684998,0.595886,-0.324463,0.265259,77.6843,42.9230,0
47.3300,188746,-0.684998,0.595886,-0.324463,0.265259,77.6838,42.8925,0
47.3400,188756,-0.684998,0.595886,-0.324463,0.265259,77.6828,42.8623,0
47.3500,188766,-0.684998,0.595886,-0.324463,0.265259,77.6825,42.8348,0
47.3600,188776,-0.684998,0.595886,-0.324463,0.265259,77.6821,42.8087,0
47.3700,188786,-0.684998,0.595886,-0.324463,0.265259,77.6824,42.7833,0
47.3800,188796,-0.684998,0.595886,-0.324463,0.265259,77.6809,42.7598,0
47.3900,188806,-0.684998,0.595886,-0.324463,0.265259,77.6794,42.7368,0
47.4000,188816,-0.684998,0.595886,-0.324463,0.265259,77.6755,42.7156,0
47.4100,188826,-0.684998,0.595886,-0.324463,0.265259,77.6736,42.6960,0
47.4200,188836,-0.684998,0.595886,-0.324463,0.265259,77.6717,42.6757,0
47.4300,188846,-0.684998,0.595886,-0.324463,0.265259,77.6676,42.6569,0
47.4400,188856,-0.684998,0.595886,-0.324463,0.265259,77.6649,42.6397,0
47.4500,188866,-0.684998,0.595886,-0.324463,0.265259,77.6611,42.6227,0
47.4600,188876,-0.684998,0.595886,-0.324463,0.265259,77.6575,42.6072,0
47.4700,188886,-0.684998,0.595886,-0.324463,0.265259,77.6553,42.5925,0
47.4800,188896,-0.684998,0.595886,-0.324463,0.265259,77.6538,42.5791,0
47.4900,188906,-0.684998,0.595886,-0.324463,0.265259,77.6512,42.5652,0
47.5000,188916,-0.684998,0.595886,-0.324463,0.265259,77.6493,42.5519,0
47.5100,188926,-0.684998,0.595886,-0.324463,0.265259,77.6469,42.5394,0
47.5200,188936,-0.684998,0.595886,-0.324463,0.265259,77.6452,42.5262,0
47.5300,188946,-0.684998,0.595886,-0.324463,0.265259,77.6448,42.5144,0
47.5400,188956,-0.684998,0.595886,-0.324463,0.265259,77.6438,42.5031,0
47.5500,188966,-0.684998,0.595947,-0.324463,0.265259,77.6428,42.4930,0
47.5600,188976,-0.684998,0.595947,-0.324463,0.265259,77.6431,42.4833,0
47.5700,188986,-0.684998,0.595947,-0.324463,0.265259,77.6422,42.4760,0
47.5800,188996,-0.684998,0.595947,-0.324463,0.265259,77.6408,42.4666,0
47.5900,189006,-0.684998,0.595947,-0.324463,0.265259,77.6394,42.4589,0
47.6000,189016,-0.684998,0.595947,-0.324463,0.265259,77.6375,42.4510,0
47.6100,189026,-0.684998,0.595947,-0.324463,0.265259,77.6357,42.4435,0
47.6200,189036,-0.684998,0.595947,-0.324463,0.265259,77.6345,42.4363,0
47.6300,189046,-0.684998,0.595947,-0.324463,0.265259,77.6335,42.4290,0
47.6400,189056,-0.684998,0.595947,-0.324463,0.265259,77.6319,42.4231,0
47.6500,189066,-0.684998,0.595947,-0.324463,0.265259,77.6291,42.4176,0
47.6600,189076,-0.684998,0.595947,-0.324463,0.265259,77.6289,42.4129,0
47.6700,189086,-0.684998,0.595947,-0.324463,0.265259,77.6281,42.4085,0
47.6800,189096,-0.684998,0.595947,-0.324463,0.265259,77.6268,42.4031,0
47.6900,189106,-0.684998,0.595947,-0.324463,0.265259,77.6285,42.3974,0
47.7000,189116,-0.684998,0.595947,-0.324463,0.265259,77.6283,42.3938,0
47.7100,189126,-0.684998,0.595947,-0.324463,0.265259,77.6287,42.3891,0
47.7200,189136,-0.684998,0.595947,-0.324463,0.265259,77.6291,42.3841,0
47.7300,189146,-0.684998,0.595947,-0.324463,0.265259,77.6283,42.3811,0
47.7400,189156,-0.684998,0.595947,-0.324463,0.265259,77.6282,42.3777,0
47.7500,189166,-0.684998,0.595947,-0.324463,0.265259,77.6268,42.3756,0
47.7600,189176,-0.684998,0.595947,-0.324463,0.265259,77.6261,42.3730,0
47.7700,189186,-0.684998,0.595947,-0.324463,0.265259,77.6279,42.3724,0
47.7800,189196,-0.684998,0.595886,-0.324585,0.265320,77.6277,42.3706,0
47.7900,189206,-0.684875,0.595825,-0.324707,0.265442,77.6294,42.3695,0
47.8000,189216,-0.684753,0.595703,-0.325073,0.265747,77.6339,42.3662,0
47.8100,189226,-0.684509,0.595459,-0.325500,0.266296,77.6412,42.3640,0
47.8200,189236,-0.684082,0.595032,-0.326355,0.267273,77.6546,42.3592,0
47.8300,189246,-0.683350,0.594299,-0.327881,0.269043,77.6865,42.3608,0
47.8400,189256,-0.682800,0.593445,-0.329224,0.270691,77.7359,42.3815,0
47.8500,189266,-0.682434,0.593140,-0.329895,0.271301,77.7321,42.4227,0
47.8600,189276,-0.682068,0.592896,-0.330627,0.271912,77.7155,42.4681,0
47.8700,189286,-0.681458,0.592651,-0.331604,0.272827,77.6884,42.5188,0
47.8800,189296,-0.680420,0.592224,-0.333252,0.274292,77.6508,42.5676,0
47.8900,189306,-0.679077,0.591553,-0.335449,0.276489,77.6263,42.6179,0
47.9000,189316,-0.677612,0.590515,-0.337952,0.279114,77.6328,42.6818,0
47.9100,189326,-0.676025,0.589294,-0.340698,0.282104,77.6516,42.7615,0
47.9200,189336,-0.674622,0.588257,-0.343201,0.284668,77.6486,42.8923,0
47.9300,189346,-0.673218,0.587463,-0.345459,0.286926,77.6393,43.0406,0
47.9400,189356,-0.672119,0.586609,-0.347473,0.288940,77.6375,43.2103,0
47.9500,189366,-0.670898,0.585754,-0.349487,0.290955,77.6400,43.3880,0
47.9600,189376,-0.669678,0.584900,-0.351501,0.292969,77.6365,43.5743,0
47.9700,189386,-0.668213,0.583984,-0.353882,0.295288,77.6283,43.7722,0
47.9800,189396,-0.666565,0.582886,-0.356628,0.297913,77.6432,43.9657,0
47.9900,189406,-0.664795,0.581543,-0.359436,0.301025,77.6626,44.1846,0
48.0000,189416,-0.663208,0.580261,-0.362061,0.303833,77.6775,44.4271,0
48.0100,189426,-0.661682,0.579041,-0.364624,0.306458,77.6994,44.6706,0
48.0200,189436,-0.659973,0.577637,-0.367371,0.309509,77.7249,44.9366,0
48.0300,189446,-0.658264,0.576111,-0.370239,0.312500,77.7535,45.2162,0
48.0400,189456,-0.654602,0.572937,-0.376160,0.318970,77.7794,45.5035,0
48.0500,189466,-0.652588,0.571289,-0.379333,0.322388,77.7993,45.8072,0
48.0600,189476,-0.650513,0.569580,-0.382446,0.325745,77.8147,46.1281,0
48.0700,189486,-0.648376,0.567932,-0.385681,0.329102,77.8221,46.4649,0
48.0800,189496,-0.646179,0.566345,-0.388855,0.332397,77.8216,46.8166,0
48.0900,189506,-0.644043,0.564880,-0.391907,0.335449,77.8111,47.1824,0
48.1000,189516,-0.641846,0.563599,-0.394836,0.338257,77.7744,47.5604,0
48.1100,189526,-0.639832,0.562378,-0.397583,0.341003,77.7377,47.9517,0
48.1200,189536,-0.637634,0.560974,-0.400513,0.343933,77.7285,48.3408,0
48.1300,189546,-0.635803,0.559631,-0.403076,0.346558,77.7293,48.7462,0
48.1400,189556,-0.634033,0.558228,-0.405579,0.349121,77.7467,49.1557,0
48.1500,189566,-0.632324,0.556702,-0.407959,0.351746,77.7786,49.5662,0
48.1600,189576,-0.630676,0.555176,-0.410278,0.354431,77.8240,49.9793,0
48.1700,189586,-0.629028,0.553589,-0.412659,0.357117,77.8688,50.4004,0
48.1800,189596,-0.627441,0.551941,-0.415039,0.359863,77.9174,50.8296,0
48.1900,189606,-0.625916,0.550171,-0.417358,0.362488,77.9701,51.2974,0
48.2000,189616,-0.624207,0.548462,-0.419739,0.365173,78.0159,51.7565,0
48.2100,189626,-0.622620,0.546936,-0.421997,0.367615,78.0429,52.2146,0
48.2200,189636,-0.620972,0.545593,-0.424194,0.369873,78.0442,52.6764,0
48.2300,189646,-0.619446,0.544556,-0.426147,0.371765,78.0269,53.1313,0
48.2400,189656,-0.618042,0.543640,-0.427917,0.373352,78.0047,53.5826,0
48.2500,189666,-0.616760,0.542908,-0.429504,0.374695,77.9676,54.0231,0
48.2600,189676,-0.615601,0.542358,-0.430847,0.375793,77.9419,54.4524,0
48.2700,189686,-0.614563,0.541870,-0.432007,0.376831,77.9229,54.8723,0
48.2800,189696,-0.613892,0.541565,-0.432861,0.377502,77.9190,55.2835,0
48.2900,189706,-0.613525,0.541321,-0.433350,0.377930,77.9230,55.6783,0
48.3000,189716,-0.613464,0.541199,-0.433472,0.377991,77.9305,56.0527,0
48.3100,189726,-0.613586,0.541138,-0.433350,0.377991,77.9399,56.4072,0
48.3200,189736,-0.613770,0.541199,-0.433044,0.377869,77.9524,56.7373,0
48.3300,189746,-0.614258,0.541687,-0.432373,0.377258,77.9476,57.0577,0
48.3400,189756,-0.615356,0.542786,-0.431030,0.375488,77.9164,57.3685,0
48.3500,189766,-0.617004,0.544556,-0.428772,0.372803,77.8599,57.6476,0
48.3600,189776,-0.618958,0.546753,-0.426086,0.369385,77.7818,57.8928,0
48.3700,189786,-0.621155,0.549255,-0.422974,0.365540,77.6940,58.0913,0
48.3800,189796,-0.623535,0.552063,-0.419495,0.361206,77.5950,58.2405,0
48.3900,189806,-0.626038,0.554932,-0.415649,0.356934,77.5146,58.3269,0
48.4000,189816,-0.628296,0.557068,-0.412292,0.353394,77.4905,58.3758,0
48.4100,189826,-0.630737,0.558838,-0.409119,0.350037,77.5115,58.4099,0
48.4200,189836,-0.633423,0.560730,-0.405457,0.346436,77.5426,58.3983,0
48.4300,189846,-0.635864,0.562378,-0.401978,0.343201,77.5798,58.3461,0
48.4400,189856,-0.638123,0.563660,-0.398987,0.340454,77.6354,58.2706,0
48.4500,189866,-0.640686,0.564819,-0.395752,0.337585,77.7161,58.1792,0
48.4600,189876,-0.643188,0.566772,-0.392029,0.333740,77.7114,58.0613,0
48.4700,189886,-0.645874,0.568848,-0.388123,0.329529,77.6943,57.8744,0
48.4800,189896,-0.648865,0.571289,-0.383606,0.324707,77.6621,57.6609,0
48.4900,189906,-0.651855,0.573792,-0.378967,0.319702,77.6386,57.4112,0
48.5000,189916,-0.654846,0.576355,-0.374146,0.314697,77.6060,57.1165,0
48.5100,189926,-0.657959,0.578430,-0.369324,0.309998,77.6298,56.7923,0
48.5200,189936,-0.661255,0.580200,-0.364319,0.305542,77.7237,56.4332,0
48.5300,189946,-0.664001,0.581421,-0.360291,0.302124,77.8182,56.0616,0
48.5400,189956,-0.666443,0.582336,-0.356750,0.299194,77.9134,55.6848,0
48.5500,189966,-0.668579,0.582947,-0.353760,0.296692,77.9557,55.3049,0
48.5600,189976,-0.670471,0.583801,-0.350952,0.294189,77.9579,54.9202,0
48.5700,189986,-0.671997,0.584778,-0.348389,0.291626,77.9558,54.5319,0
48.5800,189996,-0.673340,0.585571,-0.346252,0.289490,77.9548,54.1400,0
48.5900,190006,-0.676025,0.587402,-0.341736,0.284912,77.9409,53.7471,0
48.6000,190016,-0.677307,0.588562,-0.339355,0.282410,77.9094,53.3501,0
48.6100,190026,-0.678589,0.589539,-0.337036,0.280029,77.8955,52.9541,0
48.6200,190036,-0.679749,0.590332,-0.335083,0.277771,77.8928,52.5586,0
48.6300,190046,-0.681152,0.591248,-0.332642,0.275269,77.8831,52.1710,0
48.6400,190056,-0.682495,0.592102,-0.330383,0.272949,77.8799,51.7744,0
48.6500,190066,-0.683228,0.592651,-0.328918,0.271545,77.8720,51.3674,0
48.6600,190076,-0.683533,0.592773,-0.328491,0.271179,77.8747,50.9597,0
48.6700,190086,-0.683777,0.592773,-0.328125,0.270935,77.8808,50.5705,0
48.6800,190096,-0.683960,0.592834,-0.327820,0.270813,77.8842,50.2008,0
48.6900,190106,-0.684082,0.592834,-0.327637,0.270630,77.8809,49.8488,0
48.7000,190116,-0.684204,0.592896,-0.327454,0.270508,77.8771,49.5138,0
48.7100,190126,-0.684326,0.593018,-0.327087,0.270203,77.8731,49.1942,0
48.7200,190136,-0.684631,0.593201,-0.326538,0.269653,77.8628,48.8902,0
48.7300,190146,-0.684875,0.593445,-0.326172,0.269165,77.8481,48.5978,0
48.7400,190156,-0.685059,0.593628,-0.325745,0.268616,77.8324,48.3162,0
48.7500,190166,-0.685364,0.593933,-0.325134,0.268005,77.8144,48.0375,0
48.7600,190176,-0.685608,0.594177,-0.324646,0.267395,77.7992,47.7707,0
48.7700,190186,-0.685852,0.594421,-0.324158,0.266846,77.7865,47.5117,0
48.7800,190196,-0.686035,0.594604,-0.323730,0.266357,77.7732,47.2607,0
48.7900,190206,-0.686218,0.594788,-0.323425,0.265991,77.7606,47.0198,0
48.8000,190216,-0.686279,0.594971,-0.323120,0.265686,77.7504,46.7849,0
48.8100,190226,-0.686340,0.595093,-0.322937,0.265503,77.7419,46.5611,0
48.8200,190236,-0.686401,0.595154,-0.322815,0.265381,77.7394,46.3485,0
48.8300,190246,-0.686462,0.595215,-0.322693,0.265259,77.7369,46.1428,0
48.8400,190256,-0.686462,0.595215,-0.322632,0.265198,77.7340,45.9498,0
48.8500,190266,-0.686523,0.595276,-0.322571,0.265137,77.7307,45.7635,0
48.8600,190276,-0.686523,0.595276,-0.322510,0.265137,77.7292,45.5877,0
48.8700,190286,-0.686584,0.595276,-0.322510,0.265076,77.7291,45.4206,0
48.8800,190296,-0.686584,0.595276,-0.322510,0.265076,77.7290,45.2607,0
48.8900,190306,-0.686584,0.595276,-0.322510,0.265076,77.7288,45.1095,0
48.9000,190316,-0.686584,0.595276,-0.322510,0.265076,77.7299,44.9646,0
48.9100,190326,-0.686584,0.595276,-0.322510,0.265076,77.7297,44.8275,0
48.9200,190336,-0.686584,0.595276,-0.322510,0.265076,77.7307,44.6961,0
48.9300,190346,-0.686584,0.595276,-0.322510,0.265076,77.7317,44.5718,0
48.9400,190356,-0.686584,0.595276,-0.322510,0.265076,77.7332,44.4538,0
48.9500,190366,-0.686584,0.595276,-0.322510,0.265076,77.7352,44.3417,0
48.9600,190376,-0.686584,0.595276,-0.322510,0.265076,77.7359,44.2363,0
48.9700,190386,-0.686584,0.595276,-0.322510,0.265076,77.7361,44.1357,0
48.9800,190396,-0.686523,0.595276,-0.322510,0.265076,77.7356,44.0401,0
48.9900,190406,-0.686523,0.595276,-0.322510,0.265076,77.7339,43.9492,0
49.0000,190416,-0.686523,0.595276,-0.322510,0.265076,77.7329,43.8629,0
49.0100,190426,-0.686523,0.595276,-0.322510,0.265076,77.7338,43.7791,0
49.0200,190436,-0.686523,0.595276,-0.322510,0.265076,77.7334,43.6996,0
49.0300,190446,-0.686523,0.595276,-0.322510,0.265076,77.7348,43.6234,0
49.0400,190456,-0.686523,0.595337,-0.322510,0.265076,77.7350,43.5522,0
49.0500,190466,-0.686523,0.595337,-0.322510,0.265015,77.7352,43.4857,0
49.0600,190476,-0.686523,0.595337,-0.322510,0.265015,77.7383,43.4202,0
49.0700,190486,-0.686523,0.595337,-0.322510,0.265015,77.7363,43.3598,0
49.0800,190496,-0.686523,0.595337,-0.322510,0.265015,77.7327,43.3011,0
49.0900,190506,-0.686523,0.595337,-0.322510,0.265015,77.7310,43.2472,0
49.1000,190516,-0.686523,0.595337,-0.322510,0.265015,77.7277,43.1960,0
49.1100,190526,-0.686523,0.595337,-0.322510,0.265015,77.7251,43.1456,0
49.1200,190536,-0.686523,0.595337,-0.322510,0.265015,77.7220,43.0989,0
49.1300,190546,-0.686523,0.595337,-0.322510,0.265015,77.7185,43.0545,0
49.1400,190556,-0.686523,0.595337,-0.322510,0.265015,77.7158,43.0124,0
49.1500,190566,-0.686523,0.595337,-0.322510,0.265015,77.7143,42.9717,0
49.1600,190576,-0.686523,0.595337,-0.322510,0.265015,77.7148,42.9325,0
49.1700,190586,-0.686523,0.595337,-0.322510,0.265015,77.7140,42.8958,0
49.1800,190596,-0.686523,0.595337,-0.322510,0.265015,77.7145,42.8598,0
49.1900,190606,-0.686523,0.595337,-0.322510,0.265015,77.7143,42.8262,0
49.2000,190616,-0.686523,0.595337,-0.322510,0.265015,77.7130,42.7961,0
49.2100,190626,-0.686523,0.595337,-0.322571,0.265015,77.7123,42.7668,0
49.2200,190636,-0.686523,0.595337,-0.322571,0.265015,77.7111,42.7373,0
49.2300,190646,-0.686523,0.595337,-0.322571,0.265015,77.7099,42.7104,0
49.2400,190656,-0.686523,0.595337,-0.322571,0.265015,77.7088,42.6842,0
49.2500,190666,-0.686523,0.595337,-0.322571,0.265015,77.7077,42.6612,0
49.2600,190676,-0.686523,0.595337,-0.322571,0.265015,77.7079,42.6381,0
49.2700,190686,-0.686523,0.595337,-0.322571,0.265015,77.7074,42.6156,0
49.2800,190696,-0.686523,0.595337,-0.322571,0.265015,77.7064,42.5941,0
49.2900,190706,-0.686523,0.595337,-0.322571,0.265015,77.7049,42.5744,0
49.3000,190716,-0.686523,0.595337,-0.322571,0.265015,77.7058,42.5557,0
49.3100,190726,-0.686523,0.595337,-0.322571,0.265015,77.7043,42.5384,0
49.3200,190736,-0.686523,0.595337,-0.322632,0.265015,77.7023,42.5215,0
49.3300,190746,-0.686462,0.595276,-0.322632,0.265076,77.6998,42.5060,0
49.3400,190756,-0.686462,0.595276,-0.322693,0.265137,77.6985,42.4912,0
49.3500,190766,-0.686401,0.595276,-0.322754,0.265137,77.6980,42.4766,0
49.3600,190776,-0.686401,0.595276,-0.322815,0.265198,77.6963,42.4653,0
49.3700,190786,-0.686401,0.595215,-0.322876,0.265259,77.6941,42.4551,0
49.3800,190796,-0.686340,0.595215,-0.322937,0.265320,77.6937,42.4449,0
49.3900,190806,-0.686340,0.595215,-0.322998,0.265320,77.6946,42.4369,0
49.4000,190816,-0.686279,0.595154,-0.323059,0.265381,77.6931,42.4270,0
49.4100,190826,-0.686279,0.595154,-0.323120,0.265442,77.6922,42.4187,0
49.4200,190836,-0.686218,0.595093,-0.323242,0.265564,77.6920,42.4097,0
49.4300,190846,-0.686218,0.595093,-0.323242,0.265503,77.6923,42.4011,0
49.4400,190856,-0.686218,0.595093,-0.323242,0.265503,77.6915,42.3930,0
49.4500,190866,-0.686218,0.595093,-0.323242,0.265503,77.6931,42.3858,0
49.4600,190876,-0.686218,0.595093,-0.323242,0.265503,77.6928,42.3790,0
49.4700,190886,-0.686157,0.595093,-0.323303,0.265564,77.6919,42.3763,0
49.4800,190896,-0.686157,0.595032,-0.323364,0.265625,77.6929,42.3719,0
49.4900,190906,-0.686096,0.595032,-0.323425,0.265686,77.6932,42.3678,0
49.5000,190916,-0.686035,0.594971,-0.323608,0.265869,77.6929,42.3644,0
49.5100,190926,-0.685913,0.594910,-0.323792,0.265991,77.6927,42.3632,0
49.5200,190936,-0.685852,0.594849,-0.323975,0.266174,77.6924,42.3614,0
49.5300,190946,-0.685791,0.594788,-0.324158,0.266296,77.6910,42.3622,0
49.5400,190956,-0.685730,0.594727,-0.324280,0.266418,77.6908,42.3636,0
49.5500,190966,-0.685669,0.594666,-0.324402,0.266479,77.6918,42.3649,0
49.5600,190976,-0.685547,0.594604,-0.324585,0.266663,77.6934,42.3699,0
49.5700,190986,-0.685425,0.594482,-0.324890,0.266907,77.6955,42.3785,0
49.5800,190996,-0.685181,0.594299,-0.325378,0.267456,77.6998,42.3905,0
49.5900,191006,-0.684814,0.593933,-0.326111,0.268250,77.7093,42.4029,0
49.6000,191016,-0.684387,0.593567,-0.326904,0.269165,77.7207,42.4209,0
49.6100,191026,-0.684143,0.593323,-0.327393,0.269653,77.7172,42.4470,0
49.6200,191036,-0.683838,0.593201,-0.328003,0.270081,77.7068,42.4799,0
49.6300,191046,-0.683350,0.592957,-0.328796,0.270752,77.6784,42.5145,0
49.6400,191056,-0.682678,0.592712,-0.329956,0.271729,77.6538,42.5506,0
49.6500,191066,-0.681580,0.592163,-0.331665,0.273376,77.6465,42.5936,0
49.6600,191076,-0.680420,0.591431,-0.333679,0.275391,77.6516,42.6501,0
49.6700,191086,-0.679260,0.590637,-0.335693,0.277588,77.6605,42.7220,0
49.6800,191096,-0.677979,0.589661,-0.337952,0.279968,77.6725,42.8164,0
49.6900,191106,-0.675659,0.587708,-0.342224,0.284485,77.6946,42.9307,0
49.7000,191116,-0.674683,0.586609,-0.344238,0.286743,77.7335,43.0574,0
49.7100,191126,-0.673462,0.585388,-0.346497,0.289368,77.7733,43.1916,0
49.7200,191136,-0.672302,0.584351,-0.348572,0.291565,77.7886,43.3431,0
49.7300,191146,-0.671326,0.583618,-0.350220,0.293335,77.7889,43.5104,0
49.7400,191156,-0.670227,0.582825,-0.351990,0.295227,77.7916,43.6796,0
49.7500,191166,-0.669128,0.581970,-0.353943,0.297241,77.7917,43.8555,0
49.7600,191176,-0.667847,0.580994,-0.356018,0.299500,77.7889,44.0426,0
49.7700,191186,-0.666382,0.579895,-0.358459,0.301941,77.7891,44.2445,0
49.7800,191196,-0.664856,0.578674,-0.361023,0.304626,77.7870,44.4566,0
49.7900,191206,-0.663086,0.577209,-0.363953,0.307617,77.7957,44.6857,0
49.8000,191216,-0.661316,0.575745,-0.366943,0.310730,77.8051,44.9284,0
49.8100,191226,-0.659546,0.574341,-0.369751,0.313660,77.8141,45.1840,0
49.8200,191236,-0.657898,0.573059,-0.372375,0.316345,77.8185,45.4548,0
49.8300,191246,-0.656433,0.571899,-0.374634,0.318726,77.8190,45.7369,0
49.8400,191256,-0.655090,0.570862,-0.376770,0.320923,77.8233,46.0298,0
49.8500,191266,-0.653809,0.569946,-0.378723,0.322937,77.8208,46.3429,0
49.8600,191276,-0.652527,0.569031,-0.380615,0.324890,77.8185,46.6635,0
49.8700,191286,-0.651184,0.568054,-0.382629,0.326904,77.8091,46.9862,0
49.8800,191296,-0.649658,0.567017,-0.384949,0.329102,77.7913,47.3164,0
49.8900,191306,-0.648010,0.565857,-0.387329,0.331421,77.7786,47.6551,0
49.9000,191316,-0.646301,0.564514,-0.389893,0.334045,77.7890,47.9948,0
49.9100,191326,-0.644531,0.563049,-0.392517,0.336792,77.7954,48.3377,0
49.9200,191336,-0.642761,0.561707,-0.395081,0.339478,77.7878,48.6949,0
49.9300,191346,-0.641296,0.560608,-0.397156,0.341614,77.7794,49.0563,0
49.9400,191356,-0.640015,0.559692,-0.399048,0.343445,77.7714,49.4190,0
49.9500,191366,-0.638733,0.558777,-0.400818,0.345154,77.7681,49.7780,0
49.9600,191376,-0.637573,0.557861,-0.402466,0.346863,77.7697,50.1324,0
49.9700,191386,-0.635010,0.555908,-0.405945,0.350525,77.7736,50.4835,0
49.9800,191396,-0.633606,0.554871,-0.407898,0.352478,77.7797,50.8341,0
49.9900,191406,-0.632263,0.553772,-0.409729,0.354492,77.7944,51.1866,0
50.0000,191416,-0.630859,0.552612,-0.411682,0.356567,77.8090,51.5444,0
50.0100,191426,-0.629700,0.551453,-0.413391,0.358459,77.8287,51.9113,0
50.0200,191436,-0.628479,0.550293,-0.415222,0.360291,77.8463,52.2851,0
50.0300,191446,-0.627258,0.549194,-0.416931,0.362061,77.8542,52.6499,0
50.0400,191456,-0.626099,0.548279,-0.418518,0.363708,77.8598,53.0103,0
50.0500,191466,-0.625183,0.547485,-0.419739,0.364990,77.8634,53.3688,0
50.0600,191476,-0.624329,0.546692,-0.420959,0.366272,77.8697,53.7200,0
50.0700,191486,-0.623474,0.545959,-0.422119,0.367493,77.8777,54.0662,0
50.0800,191496,-0.622559,0.545166,-0.423279,0.368774,77.8865,54.4088,0
50.0900,191506,-0.621704,0.544312,-0.424500,0.370117,77.8990,54.7437,0
50.1000,191516,-0.620850,0.543518,-0.425659,0.371460,77.9138,55.0739,0
50.1100,191526,-0.619995,0.542664,-0.426758,0.372803,77.9309,55.4006,0
50.1200,191536,-0.619324,0.541992,-0.427673,0.373840,77.9441,55.7239,0
50.1300,191546,-0.618774,0.541443,-0.428406,0.374756,77.9519,56.0502,0
50.1400,191556,-0.618347,0.541138,-0.428955,0.375244,77.9528,56.3662,0
50.1500,191566,-0.618164,0.540955,-0.429199,0.375488,77.9477,56.6705,0
50.1600,191576,-0.618225,0.540955,-0.429199,0.375488,77.9435,56.9620,0
50.1700,191586,-0.618286,0.541016,-0.429077,0.375366,77.9425,57.2334,0
50.1800,191596,-0.618591,0.541260,-0.428650,0.375000,77.9219,57.4961,0
50.1900,191606,-0.619263,0.541931,-0.427795,0.373962,77.9023,57.7338,0
50.2000,191616,-0.620056,0.542725,-0.426697,0.372803,77.8879,57.9453,0
50.2100,191626,-0.620911,0.543457,-0.425476,0.371582,77.8789,58.1362,0
50.2200,191636,-0.621765,0.544128,-0.424438,0.370483,77.8734,58.3094,0
50.2300,191646,-0.622559,0.544678,-0.423401,0.369446,77.8687,58.4645,0
50.2400,191656,-0.623413,0.545288,-0.422302,0.368408,77.8607,58.6016,0
50.2500,191666,-0.625183,0.546753,-0.419922,0.365845,77.8525,58.7170,0
50.2600,191676,-0.626282,0.547729,-0.418396,0.364197,77.8406,58.8176,0
50.2700,191686,-0.627869,0.549194,-0.416199,0.361877,77.8131,58.8984,0
50.2800,191696,-0.630005,0.551331,-0.413147,0.358398,77.7578,58.9587,0
50.2900,191706,-0.632812,0.553955,-0.409119,0.353943,77.6994,58.9865,0
50.3000,191716,-0.636475,0.556763,-0.404175,0.348633,77.6865,58.9867,0
50.3100,191726,-0.640442,0.559998,-0.398499,0.342651,77.6570,58.9306,0
50.3200,191736,-0.644470,0.563293,-0.392578,0.336426,77.6278,58.8264,0
50.3300,191746,-0.648621,0.566772,-0.386475,0.329773,77.5779,58.6774,0
50.3400,191756,-0.652222,0.570068,-0.380798,0.323425,77.5098,58.4701,0
50.3500,191766,-0.655334,0.572937,-0.375732,0.317932,77.4569,58.2089,0
50.3600,191776,-0.658081,0.575256,-0.371399,0.313293,77.4328,57.8998,0
50.3700,191786,-0.660522,0.577148,-0.367371,0.309204,77.4282,57.5633,0
50.3800,191796,-0.662659,0.578674,-0.364075,0.305725,77.4374,57.2112,0
50.3900,191806,-0.664917,0.580322,-0.360352,0.302063,77.4427,56.8299,0
50.4000,191816,-0.667114,0.581909,-0.356750,0.298462,77.4554,56.4034,0
50.4100,191826,-0.669678,0.583984,-0.352356,0.293884,77.4436,55.9709,0
50.4200,191836,-0.671997,0.585754,-0.348328,0.289734,77.4379,55.5196,0
50.4300,191846,-0.674316,0.587708,-0.344116,0.285522,77.4253,55.0530,0
50.4400,191856,-0.676208,0.589050,-0.340820,0.282104,77.4376,54.5761,0
50.4500,191866,-0.678284,0.590271,-0.337402,0.278809,77.4731,54.0973,0
50.4600,191876,-0.680298,0.591431,-0.333923,0.275391,77.5223,53.6079,0
50.4700,191886,-0.682312,0.592468,-0.330627,0.272339,77.5636,53.1052,0
50.4800,191896,-0.683472,0.592896,-0.328735,0.270691,77.6197,52.6079,0
50.4900,191906,-0.684082,0.592957,-0.327820,0.270142,77.6730,52.1287,0
50.5000,191916,-0.684631,0.592834,-0.327148,0.269775,77.7147,51.6667,0
50.5100,191926,-0.685059,0.592773,-0.326599,0.269531,77.7466,51.2265,0
50.5200,191936,-0.685974,0.592773,-0.325317,0.268738,77.7786,50.8081,0
50.5300,191946,-0.686584,0.592957,-0.324341,0.267944,77.8008,50.4066,0
50.5400,191956,-0.687012,0.593201,-0.323608,0.267273,77.8076,50.0184,0
50.5500,191966,-0.687317,0.593384,-0.323059,0.266846,77.8081,49.6441,0
50.5600,191976,-0.687500,0.593506,-0.322571,0.266479,77.8088,49.2817,0
50.5700,191986,-0.687683,0.593689,-0.322205,0.266113,77.8088,48.9380,0
50.5800,191996,-0.687805,0.593811,-0.321899,0.265808,77.8053,48.6095,0
50.5900,192006,-0.687927,0.593872,-0.321716,0.265625,77.8013,48.2920,0
50.6000,192016,-0.687988,0.593933,-0.321594,0.265503,77.7988,47.9903,0
50.6100,192026,-0.688049,0.593994,-0.321472,0.265442,77.7963,47.7020,0
50.6200,192036,-0.688049,0.593994,-0.321411,0.265381,77.7928,47.4237,0
50.6300,192046,-0.688049,0.593994,-0.321411,0.265381,77.7901,47.1600,0
50.6400,192056,-0.688049,0.594055,-0.321411,0.265381,77.7887,46.9082,0
50.6500,192066,-0.688049,0.594055,-0.321411,0.265381,77.7879,46.6708,0
50.6600,192076,-0.688049,0.594055,-0.321472,0.265381,77.7866,46.4447,0
50.6700,192086,-0.688049,0.594055,-0.321472,0.265381,77.7860,46.2305,0
50.6800,192096,-0.688049,0.594055,-0.321472,0.265320,77.7848,46.0270,0
50.6900,192106,-0.687988,0.594055,-0.321472,0.265320,77.7830,45.8325,0
50.7000,192116,-0.687988,0.594055,-0.321472,0.265320,77.7814,45.6483,0
50.7100,192126,-0.687988,0.594055,-0.321472,0.265320,77.7798,45.4722,0
50.7200,192136,-0.687988,0.594055,-0.321472,0.265320,77.7783,45.3048,0
50.7300,192146,-0.687988,0.594055,-0.321472,0.265320,77.7781,45.1476,0
50.7400,192156,-0.687988,0.594055,-0.321472,0.265320,77.7767,44.9983,0
50.7500,192166,-0.687988,0.594055,-0.321472,0.265320,77.7754,44.8558,0
50.7600,192176,-0.687988,0.594055,-0.321472,0.265320,77.7741,44.7216,0
50.7700,192186,-0.687988,0.594055,-0.321472,0.265320,77.7735,44.5930,0
50.7800,192196,-0.687988,0.594055,-0.321472,0.265320,77.7723,44.4708,0
50.7900,192206,-0.687988,0.594116,-0.321472,0.265320,77.7712,44.3535,0
50.8000,192216,-0.687988,0.594116,-0.321533,0.265320,77.7707,44.2438,0
50.8100,192226,-0.687988,0.594116,-0.321533,0.265320,77.7715,44.1391,0
50.8200,192236,-0.687927,0.594116,-0.321533,0.265320,77.7710,44.0390,0
50.8300,192246,-0.687927,0.594116,-0.321533,0.265320,77.7705,43.9439,0
50.8400,192256,-0.687927,0.594116,-0.321533,0.265259,77.7701,43.8523,0
50.8500,192266,-0.687927,0.594116,-0.321533,0.265259,77.7697,43.7672,0
50.8600,192276,-0.687927,0.594116,-0.321533,0.265259,77.7693,43.6856,0
50.8700,192286,-0.687927,0.594116,-0.321533,0.265259,77.7677,43.6106,0
50.8800,192296,-0.687927,0.594116,-0.321533,0.265259,77.7669,43.5375,0
50.8900,192306,-0.687927,0.594116,-0.321533,0.265259,77.7666,43.4675,0
50.9000,192316,-0.687927,0.594116,-0.321533,0.265259,77.7676,43.4009,0
50.9100,192326,-0.687927,0.594116,-0.321533,0.265259,77.7667,43.3389,0
50.9200,192336,-0.687927,0.594116,-0.321533,0.265259,77.7676,43.2788,0
50.9300,192346,-0.687927,0.594116,-0.321533,0.265259,77.7656,43.2235,0
50.9400,192356,-0.687927,0.594177,-0.321533,0.265259,77.7648,43.1698,0
50.9500,192366,-0.687927,0.594177,-0.321594,0.265259,77.7635,43.1193,0
50.9600,192376,-0.687927,0.594177,-0.321594,0.265259,77.7640,43.0702,0
50.9700,192386,-0.687927,0.594177,-0.321594,0.265259,77.7633,43.0235,0
50.9800,192396,-0.687927,0.594177,-0.321594,0.265259,77.7626,42.9786,0
50.9900,192406,-0.687866,0.594177,-0.321594,0.265259,77.7614,42.9371,0
51.0000,192416,-0.687866,0.594177,-0.321594,0.265259,77.7614,42.8983,0
51.0100,192426,-0.687866,0.594177,-0.321594,0.265259,77.7608,42.8608,0
51.0200,192436,-0.687866,0.594177,-0.321594,0.265259,77.7609,42.8246,0
51.0300,192446,-0.687866,0.594177,-0.321594,0.265198,77.7609,42.7896,0
51.0400,192456,-0.687866,0.594177,-0.321594,0.265198,77.7604,42.7576,0
51.0500,192466,-0.687866,0.594177,-0.321594,0.265198,77.7599,42.7277,0
51.0600,192476,-0.687866,0.594177,-0.321594,0.265198,77.7569,42.6994,0
51.0700,192486,-0.687866,0.594177,-0.321594,0.265198,77.7534,42.6718,0
51.0800,192496,-0.687866,0.594238,-0.321655,0.265198,77.7519,42.6445,0
51.0900,192506,-0.687866,0.594238,-0.321655,0.265198,77.7486,42.6197,0
51.1000,192516,-0.687866,0.594238,-0.321655,0.265198,77.7450,42.5950,0
51.1100,192526,-0.687805,0.594238,-0.321655,0.265198,77.7433,42.5709,0
51.1200,192536,-0.687805,0.594238,-0.321655,0.265198,77.7411,42.5492,0
51.1300,192546,-0.687805,0.594238,-0.321655,0.265198,77.7378,42.5286,0
51.1400,192556,-0.687805,0.594238,-0.321655,0.265198,77.7347,42.5090,0
51.1500,192566,-0.687805,0.594238,-0.321655,0.265198,77.7330,42.4904,0
51.1600,192576,-0.687805,0.594238,-0.321655,0.265198,77.7313,42.4715,0
51.1700,192586,-0.687805,0.594238,-0.321655,0.265198,77.7291,42.4536,0
51.1800,192596,-0.687805,0.594238,-0.321655,0.265137,77.7288,42.4372,0
51.1900,192606,-0.687805,0.594238,-0.321655,0.265137,77.7279,42.4216,0
51.2000,192616,-0.687805,0.594238,-0.321655,0.265137,77.7265,42.4067,0
51.2100,192626,-0.687805,0.594238,-0.321716,0.265137,77.7257,42.3932,0
51.2200,192636,-0.687805,0.594238,-0.321716,0.265137,77.7238,42.3816,0
51.2300,192646,-0.687805,0.594238,-0.321716,0.265137,77.7220,42.3700,0
51.2400,192656,-0.687805,0.594238,-0.321716,0.265137,77.7203,42.3571,0
51.2500,192666,-0.687805,0.594238,-0.321716,0.265137,77.7186,42.3461,0
51.2600,192676,-0.687805,0.594238,-0.321716,0.265137,77.7177,42.3357,0
51.2700,192686,-0.687805,0.594238,-0.321716,0.265137,77.7162,42.3257,0
51.2800,192696,-0.687805,0.594299,-0.321716,0.265137,77.7147,42.3163,0
51.2900,192706,-0.687805,0.594299,-0.321716,0.265137,77.7128,42.3073,0
51.3000,192716,-0.687805,0.594299,-0.321716,0.265137,77.7121,42.2994,0
51.3100,192726,-0.687805,0.594299,-0.321716,0.265137,77.7115,42.2907,0
51.3200,192736,-0.687744,0.594299,-0.321716,0.265137,77.7103,42.2818,0
51.3300,192746,-0.687744,0.594299,-0.321716,0.265137,77.7097,42.2722,0
51.3400,192756,-0.687744,0.594299,-0.321716,0.265137,77.7092,42.2630,0
51.3500,192766,-0.687744,0.594299,-0.321777,0.265137,77.7087,42.2555,0
51.3600,192776,-0.687744,0.594299,-0.321777,0.265076,77.7083,42.2496,0
51.3700,192786,-0.687744,0.594299,-0.321777,0.265076,77.7060,42.2434,0
51.3800,192796,-0.687744,0.594299,-0.321777,0.265076,77.7039,42.2363,0
51.3900,192806,-0.687744,0.594299,-0.321777,0.265076,77.7031,42.2301,0
51.4000,192816,-0.687744,0.594299,-0.321777,0.265076,77.7023,42.2225,0
51.4100,192826,-0.687744,0.594299,-0.321777,0.265076,77.7022,42.2164,0
51.4200,192836,-0.687744,0.594299,-0.321777,0.265076,77.7014,42.2118,0
51.4300,192846,-0.687744,0.594299,-0.321777,0.265076,77.7001,42.2093,0
51.4400,192856,-0.687744,0.594299,-0.321777,0.265076,77.6989,42.2068,0
51.4500,192866,-0.687744,0.594299,-0.321777,0.265076,77.6972,42.2028,0
51.4600,192876,-0.687744,0.594299,-0.321777,0.265076,77.6955,42.1983,0
51.4700,192886,-0.687744,0.594299,-0.321777,0.265076,77.6957,42.1940,0
51.4800,192896,-0.687744,0.594299,-0.321777,0.265076,77.6935,42.1906,0
51.4900,192906,-0.687744,0.594299,-0.321777,0.265076,77.6932,42.1861,0
51.5000,192916,-0.687744,0.594299,-0.321777,0.265076,77.6923,42.1819,0
51.5100,192926,-0.687744,0.594299,-0.321777,0.265076,77.6927,42.1784,0
51.5200,192936,-0.687744,0.594299,-0.321777,0.265076,77.6924,42.1752,0
51.5300,192946,-0.687744,0.594299,-0.321777,0.265076,77.6928,42.1721,0
51.5400,192956,-0.687744,0.594299,-0.321777,0.265076,77.6925,42.1691,0
51.5500,192966,-0.687744,0.594299,-0.321777,0.265076,77.6928,42.1657,0
51.5600,192976,-0.687744,0.594299,-0.321777,0.265076,77.6920,42.1643,0
51.5700,192986,-0.687744,0.594299,-0.321777,0.265076,77.6900,42.1617,0
51.5800,192996,-0.687744,0.594299,-0.321777,0.265076,77.6881,42.1617,0
51.5900,193006,-0.687744,0.594299,-0.321777,0.265076,77.6868,42.1586,0
51.6000,193016,-0.687744,0.594299,-0.321777,0.265076,77.6851,42.1552,0
51.6100,193026,-0.687744,0.594299,-0.321777,0.265076,77.6852,42.1525,0
51.6200,193036,-0.687744,0.594299,-0.321777,0.265076,77.6853,42.1505,0
51.6300,193046,-0.687744,0.594299,-0.321777,0.265076,77.6860,42.1474,0
51.6400,193056,-0.687744,0.594299,-0.321777,0.265076,77.6855,42.1445,0
51.6500,193066,-0.687744,0.594299,-0.321777,0.265076,77.6862,42.1436,0
51.6600,193076,-0.687744,0.594299,-0.321777,0.265076,77.6863,42.1414,0
51.6700,193086,-0.687683,0.594299,-0.321838,0.265137,77.6851,42.1412,0
51.6800,193096,-0.687622,0.594238,-0.321960,0.265198,77.6853,42.1416,0
51.6900,193106,-0.687622,0.594238,-0.322021,0.265320,77.6836,42.1451,0
51.7000,193116,-0.687561,0.594177,-0.322144,0.265381,77.6820,42.1460,0
51.7100,193126,-0.687500,0.594116,-0.322327,0.265503,77.6835,42.1481,0
51.7200,193136,-0.687317,0.593994,-0.322571,0.265747,77.6831,42.1514,0
51.7300,193146,-0.687012,0.593811,-0.323120,0.266357,77.6886,42.1525,0
51.7400,193156,-0.686401,0.593262,-0.324402,0.267639,77.7010,42.1522,0
51.7500,193166,-0.685913,0.592896,-0.325317,0.268494,77.7022,42.1720,0
51.7600,193176,-0.685608,0.592712,-0.325928,0.268982,77.6937,42.2005,0
51.7700,193186,-0.685242,0.592529,-0.326660,0.269531,77.6821,42.2338,0
51.7800,193196,-0.684631,0.592285,-0.327698,0.270447,77.6604,42.2789,0
51.7900,193206,-0.683533,0.591797,-0.329468,0.272095,77.6266,42.3305,0
51.8000,193216,-0.682190,0.591064,-0.331726,0.274231,77.6023,42.3937,0
51.8100,193226,-0.680725,0.590271,-0.334167,0.276672,77.5894,42.4710,0
51.8200,193236,-0.679260,0.589233,-0.336670,0.279297,77.5919,42.5627,0
51.8300,193246,-0.677856,0.588196,-0.339172,0.281982,77.6044,42.6737,0
51.8400,193256,-0.676392,0.587097,-0.341736,0.284607,77.6198,42.8053,0
51.8500,193266,-0.674927,0.585937,-0.344360,0.287415,77.6464,42.9487,0
51.8600,193276,-0.673340,0.584595,-0.347168,0.290466,77.6763,43.1080,0
51.8700,193286,-0.671509,0.583069,-0.350281,0.293945,77.7125,43.2907,0
51.8800,193296,-0.669617,0.581299,-0.353699,0.297729,77.7470,43.4875,0
51.8900,193306,-0.667236,0.579346,-0.357666,0.302063,77.7840,43.7192,0
51.9000,193316,-0.661926,0.574768,-0.366577,0.311646,77.8250,43.9873,0
51.9100,193326,-0.659241,0.572815,-0.370850,0.315918,77.8207,44.2921,0
51.9200,193336,-0.656311,0.570557,-0.375366,0.320740,77.8350,44.6070,0
51.9300,193346,-0.653320,0.568237,-0.379883,0.325500,77.8515,44.9511,0
51.9400,193356,-0.650391,0.565857,-0.384399,0.330261,77.8654,45.3259,0
51.9500,193366,-0.647705,0.563843,-0.388306,0.334351,77.8711,45.7277,0
51.9600,193376,-0.645203,0.561890,-0.391968,0.338196,77.8806,46.1512,0
51.9700,193386,-0.642883,0.560120,-0.395264,0.341614,77.8879,46.5882,0
51.9800,193396,-0.640808,0.558472,-0.398254,0.344788,77.8978,47.0412,0
51.9900,193406,-0.638733,0.556885,-0.401123,0.347778,77.9062,47.5009,0
52.0000,193416,-0.636841,0.555481,-0.403809,0.350525,77.9100,47.9679,0
52.0100,193426,-0.635010,0.554138,-0.406250,0.353027,77.9112,48.4366,0
52.0200,193436,-0.633423,0.552979,-0.408386,0.355286,77.9147,48.9084,0
52.0300,193446,-0.631836,0.551758,-0.410461,0.357605,77.9193,49.3738,0
52.0400,193456,-0.630188,0.550537,-0.412659,0.359924,77.9237,49.8390,0
52.0500,193466,-0.628418,0.549194,-0.414978,0.362366,77.9292,50.3077,0
52.0600,193476,-0.626587,0.547607,-0.417480,0.365051,77.9450,50.8012,0
52.0700,193486,-0.624756,0.545959,-0.419922,0.367798,77.9775,51.2980,0
52.0800,193496,-0.623047,0.544434,-0.422241,0.370361,78.0017,51.7920,0
52.0900,193506,-0.621155,0.542969,-0.424622,0.372864,78.0076,52.2760,0
52.1000,193516,-0.619507,0.541809,-0.426636,0.375000,78.0066,52.7598,0
52.1100,193526,-0.618103,0.540710,-0.428406,0.376831,78.0093,53.2511,0
52.1200,193536,-0.616760,0.539734,-0.430115,0.378540,78.0143,53.7318,0
52.1300,193546,-0.615417,0.538635,-0.431824,0.380310,78.0203,54.2066,0
52.1400,193556,-0.614014,0.537537,-0.433594,0.382141,78.0212,54.6782,0
52.1500,193566,-0.612671,0.536499,-0.435303,0.383850,78.0221,55.1424,0
52.1600,193576,-0.611389,0.535522,-0.436890,0.385437,78.0223,55.6008,0
52.1700,193586,-0.610229,0.534546,-0.438354,0.386963,78.0267,56.0567,0
52.1800,193596,-0.607727,0.532471,-0.441467,0.390137,78.0291,56.5030,0
52.1900,193606,-0.606445,0.531372,-0.443115,0.391785,78.0361,56.9426,0
52.2000,193616,-0.604980,0.530212,-0.444885,0.393616,78.0434,57.3737,0
52.2100,193626,-0.603699,0.529114,-0.446472,0.395203,78.0491,57.8059,0
52.2200,193636,-0.602478,0.528198,-0.447937,0.396667,78.0511,58.2286,0
52.2300,193646,-0.601562,0.527527,-0.449097,0.397766,78.0435,58.6486,0
52.2400,193656,-0.600830,0.527039,-0.449951,0.398499,78.0363,59.0592,0
52.2500,193666,-0.600403,0.526672,-0.450500,0.398926,78.0312,59.4615,0
52.2600,193676,-0.600220,0.526611,-0.450745,0.399048,78.0221,59.8478,0
52.2700,193686,-0.600281,0.526733,-0.450623,0.398865,78.0160,60.2171,0
52.2800,193696,-0.600769,0.527222,-0.450012,0.398254,78.0023,60.5671,0
52.2900,193706,-0.601624,0.528076,-0.448975,0.396973,77.9845,60.8984,0
52.3000,193716,-0.602783,0.529297,-0.447571,0.395142,77.9403,61.2045,0
52.3100,193726,-0.604248,0.530884,-0.445862,0.392822,77.8793,61.4745,0
52.3200,193736,-0.605530,0.532410,-0.444153,0.390686,77.8309,61.7028,0
52.3300,193746,-0.606812,0.533875,-0.442505,0.388611,77.7835,61.9016,0
52.3400,193756,-0.608215,0.535278,-0.440674,0.386475,77.7534,62.0454,0
52.3500,193766,-0.609985,0.536499,-0.438538,0.384399,77.7782,62.1553,0
52.3600,193776,-0.612427,0.537781,-0.435669,0.381958,77.8479,62.2397,0
52.3700,193786,-0.615295,0.539368,-0.432312,0.378906,77.9100,62.2924,0
52.3800,193796,-0.618469,0.541748,-0.428284,0.374939,77.9173,62.3011,0
52.3900,193806,-0.622375,0.544678,-0.423279,0.369812,77.8890,62.2829,0
52.4000,193816,-0.626709,0.548157,-0.417603,0.363831,77.8189,62.2073,0
52.4100,193826,-0.630798,0.551880,-0.411865,0.357544,77.7616,62.0786,0
52.4200,193836,-0.635071,0.555542,-0.405945,0.351135,77.6940,61.8910,0
52.4300,193846,-0.639038,0.559204,-0.400085,0.344727,77.6274,61.6592,0
52.4400,193856,-0.643066,0.562744,-0.394165,0.338196,77.5557,61.3853,0
52.4500,193866,-0.647095,0.566406,-0.388123,0.331421,77.4839,61.0646,0
52.4600,193876,-0.654602,0.572876,-0.376770,0.318420,77.4280,60.7251,0
52.4700,193886,-0.658203,0.575867,-0.371155,0.312073,77.3844,60.3330,0
52.4800,193896,-0.661926,0.578979,-0.364685,0.306030,77.3840,59.8273,0
52.4900,193906,-0.665771,0.581543,-0.358459,0.300049,77.4312,59.3239,0
52.5000,193916,-0.669983,0.584473,-0.351440,0.293274,77.4631,58.7956,0
52.5100,193926,-0.674011,0.587280,-0.344604,0.286316,77.4707,58.2485,0
52.5200,193936,-0.677673,0.590149,-0.337891,0.279846,77.4720,57.6354,0
52.5300,193946,-0.680664,0.592163,-0.332581,0.274597,77.4965,57.0117,0
52.5400,193956,-0.682983,0.592224,-0.329468,0.272461,77.6729,56.3610,0
52.5500,193966,-0.684692,0.592102,-0.327271,0.271057,77.8139,55.7231,0
52.5600,193976,-0.685608,0.592590,-0.325684,0.269592,77.8255,55.0944,0
52.5700,193986,-0.686340,0.593140,-0.324341,0.268250,77.8241,54.4901,0
52.5800,193996,-0.686890,0.593567,-0.323242,0.267151,77.8228,53.9025,0
52.5900,194006,-0.687500,0.593994,-0.322144,0.266052,77.8210,53.3372,0
52.6000,194016,-0.687927,0.594299,-0.321228,0.265198,77.8180,52.7855,0
52.6100,194026,-0.688293,0.594543,-0.320557,0.264587,77.8134,52.2484,0
52.6200,194036,-0.688538,0.594788,-0.320007,0.264099,77.8091,51.7327,0
52.6300,194046,-0.688721,0.594971,-0.319519,0.263733,77.8067,51.2379,0
52.6400,194056,-0.688904,0.595093,-0.319153,0.263367,77.8070,50.7683,0
52.6500,194066,-0.689087,0.595276,-0.318787,0.263123,77.8073,50.3203,0
52.6600,194076,-0.689148,0.595337,-0.318604,0.262878,77.8075,49.8899,0
52.6700,194086,-0.689270,0.595398,-0.318420,0.262756,77.8066,49.4815,0
52.6800,194096,-0.689331,0.595459,-0.318298,0.262634,77.8075,49.0918,0
52.6900,194106,-0.689331,0.595520,-0.318237,0.262573,77.8083,48.7216,0
52.7000,194116,-0.689331,0.595520,-0.318176,0.262512,77.8068,48.3705,0
52.7100,194126,-0.689331,0.595520,-0.318176,0.262512,77.8065,48.0369,0
52.7200,194136,-0.689331,0.595520,-0.318176,0.262512,77.8062,47.7195,0
52.7300,194146,-0.689331,0.595520,-0.318237,0.262512,77.8065,47.4185,0
52.7400,194156,-0.689331,0.595520,-0.318237,0.262512,77.8068,47.1337,0
52.7500,194166,-0.689331,0.595520,-0.318237,0.262512,77.8065,46.8632,0
52.7600,194176,-0.689331,0.595520,-0.318237,0.262512,77.8074,46.6062,0
52.7700,194186,-0.689331,0.595520,-0.318237,0.262512,77.8094,46.3614,0
52.7800,194196,-0.689331,0.595520,-0.318237,0.262512,77.8108,46.1271,0
52.7900,194206,-0.689331,0.595520,-0.318237,0.262512,77.8120,45.9028,0
52.8000,194216,-0.689331,0.595520,-0.318237,0.262512,77.8126,45.6920,0
52.8100,194226,-0.689331,0.595581,-0.318237,0.262512,77.8126,45.4918,0
52.8200,194236,-0.689270,0.595581,-0.318237,0.262512,77.8120,45.3010,0
52.8300,194246,-0.689270,0.595581,-0.318237,0.262512,77.8109,45.1215,0
52.8400,194256,-0.689270,0.595581,-0.318237,0.262512,77.8098,44.9522,0
52.8500,194266,-0.689270,0.595581,-0.318237,0.262512,77.8105,44.7895,0
52.8600,194276,-0.689270,0.595581,-0.318237,0.262451,77.8088,44.6344,0
52.8700,194286,-0.689270,0.595581,-0.318237,0.262451,77.8078,44.4889,0
52.8800,194296,-0.689270,0.595581,-0.318298,0.262451,77.8068,44.3500,0
52.8900,194306,-0.689270,0.595581,-0.318298,0.262451,77.8065,44.2169,0
52.9000,194316,-0.689270,0.595581,-0.318298,0.262451,77.8062,44.0910,0
52.9100,194326,-0.689270,0.595581,-0.318298,0.262451,77.8060,43.9702,0
52.9200,194336,-0.689270,0.595581,-0.318298,0.262451,77.8057,43.8573,0
52.9300,194346,-0.689270,0.595581,-0.318298,0.262451,77.8048,43.7488,0
52.9400,194356,-0.689270,0.595581,-0.318298,0.262451,77.8058,43.6469,0
52.9500,194366,-0.689270,0.595581,-0.318298,0.262451,77.8062,43.5495,0
52.9600,194376,-0.689270,0.595581,-0.318298,0.262451,77.8065,43.4564,0
52.9700,194386,-0.689270,0.595581,-0.318298,0.262451,77.8080,43.3680,0
52.9800,194396,-0.689209,0.595642,-0.318298,0.262451,77.8094,43.2851,0
52.9900,194406,-0.689209,0.595642,-0.318298,0.262451,77.8101,43.2053,0
53.0000,194416,-0.689209,0.595642,-0.318298,0.262451,77.8102,43.1270,0
53.0100,194426,-0.689209,0.595642,-0.318359,0.262451,77.8116,43.0532,0
53.0200,194436,-0.689209,0.595642,-0.318359,0.262390,77.8091,42.9838,0
53.0300,194446,-0.689209,0.595642,-0.318359,0.262390,77.8061,42.9190,0
53.0400,194456,-0.689209,0.595642,-0.318359,0.262390,77.8051,42.8568,0
53.0500,194466,-0.689209,0.595642,-0.318359,0.262390,77.8029,42.7977,0
53.0600,194476,-0.689209,0.595642,-0.318359,0.262390,77.7997,42.7385,0
53.0700,194486,-0.689209,0.595642,-0.318359,0.262390,77.7966,42.6816,0
53.0800,194496,-0.689209,0.595642,-0.318359,0.262390,77.7931,42.6282,0
53.0900,194506,-0.689209,0.595642,-0.318359,0.262390,77.7892,42.5775,0
53.1000,194516,-0.689209,0.595642,-0.318359,0.262390,77.7866,42.5286,0
53.1100,194526,-0.689209,0.595642,-0.318359,0.262390,77.7842,42.4835,0
53.1200,194536,-0.689209,0.595642,-0.318359,0.262390,77.7831,42.4417,0
53.1300,194546,-0.689209,0.595642,-0.318359,0.262390,77.7820,42.3997,0
53.1400,194556,-0.689209,0.595642,-0.318359,0.262390,77.7798,42.3616,0
53.1500,194566,-0.689209,0.595642,-0.318420,0.262390,77.7771,42.3229,0
53.1600,194576,-0.689209,0.595642,-0.318420,0.262390,77.7746,42.2869,0
53.1700,194586,-0.689209,0.595642,-0.318420,0.262390,77.7739,42.2526,0
53.1800,194596,-0.689148,0.595642,-0.318420,0.262390,77.7733,42.2194,0
53.1900,194606,-0.689148,0.595642,-0.318420,0.262329,77.7728,42.1879,0
53.2000,194616,-0.689148,0.595703,-0.318420,0.262329,77.7728,42.1580,0
53.2100,194626,-0.689148,0.595703,-0.318420,0.262329,77.7717,42.1296,0
53.2200,194636,-0.689148,0.595703,-0.318420,0.262329,77.7718,42.1043,0
53.2300,194646,-0.689148,0.595703,-0.318420,0.262329,77.7701,42.0798,0
53.2400,194656,-0.689148,0.595703,-0.318420,0.262329,77.7691,42.0558,0
53.2500,194666,-0.689148,0.595703,-0.318420,0.262329,77.7675,42.0337,0
53.2600,194676,-0.689148,0.595703,-0.318420,0.262329,77.7667,42.0162,0
53.2700,194686,-0.689148,0.595703,-0.318420,0.262329,77.7670,41.9961,0
53.2800,194696,-0.689148,0.595703,-0.318420,0.262329,77.7662,41.9757,0
53.2900,194706,-0.689148,0.595703,-0.318481,0.262329,77.7660,41.9570,0
53.3000,194716,-0.689148,0.595703,-0.318481,0.262329,77.7646,41.9398,0
53.3100,194726,-0.689148,0.595703,-0.318481,0.262329,77.7650,41.9223,0
53.3200,194736,-0.689148,0.595703,-0.318481,0.262329,77.7637,41.9068,0
53.3300,194746,-0.689148,0.595703,-0.318481,0.262329,77.7642,41.8921,0
53.3400,194756,-0.689148,0.595703,-0.318481,0.262329,77.7653,41.8782,0
53.3500,194766,-0.689148,0.595703,-0.318481,0.262329,77.7651,41.8655,0
53.3600,194776,-0.689148,0.595703,-0.318481,0.262329,77.7643,41.8535,0
53.3700,194786,-0.689148,0.595703,-0.318481,0.262268,77.7630,41.8427,0
53.3800,194796,-0.689148,0.595703,-0.318481,0.262268,77.7630,41.8318,0
53.3900,194806,-0.689087,0.595703,-0.318542,0.262329,77.7623,41.8191,0
53.4000,194816,-0.689087,0.595703,-0.318542,0.262329,77.7617,41.8094,0
53.4100,194826,-0.689087,0.595703,-0.318542,0.262329,77.7593,41.7996,0
53.4200,194836,-0.689087,0.595703,-0.318542,0.262329,77.7577,41.7896,0
53.4300,194846,-0.689087,0.595703,-0.318542,0.262329,77.7567,41.7814,0
53.4400,194856,-0.689087,0.595703,-0.318542,0.262329,77.7570,41.7736,0
53.4500,194866,-0.689087,0.595703,-0.318542,0.262329,77.7578,41.7650,0
53.4600,194876,-0.689087,0.595703,-0.318542,0.262329,77.7580,41.7580,0
53.4700,194886,-0.689087,0.595703,-0.318604,0.262329,77.7576,41.7539,0
53.4800,194896,-0.689026,0.595703,-0.318665,0.262329,77.7578,41.7499,0
53.4900,194906,-0.689026,0.595703,-0.318665,0.262329,77.7580,41.7480,0
53.5000,194916,-0.689026,0.595703,-0.318665,0.262390,77.7564,41.7444,0
53.5100,194926,-0.689026,0.595703,-0.318726,0.262390,77.7555,41.7421,0
53.5200,194936,-0.689026,0.595703,-0.318726,0.262390,77.7553,41.7394,0
53.5300,194946,-0.689026,0.595703,-0.318726,0.262390,77.7562,41.7362,0
53.5400,194956,-0.689026,0.595703,-0.318726,0.262390,77.7553,41.7320,0
53.5500,194966,-0.689026,0.595703,-0.318726,0.262390,77.7562,41.7286,0
53.5600,194976,-0.688965,0.595642,-0.318848,0.262451,77.7553,41.7253,0
53.5700,194986,-0.688904,0.595642,-0.318970,0.262573,77.7556,41.7223,0
53.5800,194996,-0.688843,0.595581,-0.319031,0.262634,77.7542,41.7205,0
53.5900,195006,-0.688843,0.595581,-0.319092,0.262695,77.7533,41.7171,0
53.6000,195016,-0.688782,0.595520,-0.319153,0.262756,77.7538,41.7187,0
53.6100,195026,-0.688782,0.595520,-0.319214,0.262756,77.7536,41.7203,0
53.6200,195036,-0.688782,0.595520,-0.319214,0.262756,77.7540,41.7218,0
53.6300,195046,-0.688782,0.595520,-0.319214,0.262756,77.7550,41.7226,0
53.6400,195056,-0.688782,0.595520,-0.319214,0.262756,77.7547,41.7222,0
53.6500,195066,-0.688782,0.595520,-0.319214,0.262756,77.7545,41.7224,0
53.6600,195076,-0.688782,0.595520,-0.319214,0.262756,77.7543,41.7232,0
53.6700,195086,-0.688782,0.595520,-0.319153,0.262756,77.7535,41.7245,0
53.6800,195096,-0.688782,0.595520,-0.319153,0.262756,77.7503,41.7258,0
53.6900,195106,-0.688782,0.595520,-0.319153,0.262756,77.7491,41.7264,0
53.7000,195116,-0.688782,0.595520,-0.319153,0.262756,77.7480,41.7252,0
53.7100,195126,-0.688782,0.595520,-0.319153,0.262756,77.7463,41.7270,0
53.7200,195136,-0.688782,0.595520,-0.319153,0.262756,77.7453,41.7282,0
53.7300,195146,-0.688782,0.595520,-0.319153,0.262756,77.7437,41.7281,0
53.7400,195156,-0.688782,0.595520,-0.319153,0.262756,77.7435,41.7298,0
53.7500,195166,-0.688782,0.595520,-0.319153,0.262756,77.7432,41.7314,0
53.7600,195176,-0.688782,0.595520,-0.319153,0.262756,77.7429,41.7329,0
53.7700,195186,-0.688782,0.595520,-0.319153,0.262756,77.7427,41.7338,0
53.7800,195196,-0.688843,0.595581,-0.319092,0.262695,77.7413,41.7309,0
53.7900,195206,-0.688843,0.595581,-0.319092,0.262695,77.7417,41.7299,0
53.8000,195216,-0.688843,0.595581,-0.319092,0.262695,77.7386,41.7278,0
53.8100,195226,-0.688843,0.595581,-0.319092,0.262695,77.7385,41.7257,0
53.8200,195236,-0.688843,0.595581,-0.319092,0.262695,77.7373,41.7256,0
53.8300,195246,-0.688843,0.595581,-0.319092,0.262695,77.7362,41.7249,0
53.8400,195256,-0.688782,0.595520,-0.319214,0.262756,77.7398,41.7285,0
53.8500,195266,-0.688660,0.595337,-0.319580,0.263123,77.7481,41.7333,0
53.8600,195276,-0.688232,0.594971,-0.320313,0.263977,77.7541,41.7317,0
53.8700,195286,-0.687622,0.594482,-0.321533,0.265198,77.7604,41.7323,0
53.8800,195296,-0.687073,0.593994,-0.322632,0.266418,77.7712,41.7484,0
53.8900,195306,-0.686584,0.593506,-0.323669,0.267517,77.7856,41.7749,0
53.9000,195316,-0.686096,0.592957,-0.324768,0.268738,77.8022,41.8112,0
53.9100,195326,-0.685669,0.592651,-0.325562,0.269531,77.7990,41.8543,0
53.9200,195336,-0.685364,0.592468,-0.326172,0.269958,77.7870,41.9074,0
53.9300,195346,-0.684937,0.592346,-0.326782,0.270447,77.7672,41.9622,0
53.9400,195356,-0.684509,0.592163,-0.327515,0.271057,77.7478,42.0163,0
53.9500,195366,-0.683838,0.591919,-0.328613,0.272034,77.7240,42.0730,0
53.9600,195376,-0.682922,0.591309,-0.330200,0.273804,77.7122,42.1300,0
53.9700,195386,-0.681702,0.590393,-0.332397,0.276123,77.7224,42.1898,0
53.9800,195396,-0.680298,0.589294,-0.334900,0.278870,77.7339,42.2686,0
53.9900,195406,-0.678711,0.588074,-0.337708,0.281860,77.7466,42.3968,0
54.0000,195416,-0.676941,0.586670,-0.340942,0.285278,77.7622,42.5439,0
54.0100,195426,-0.674988,0.585205,-0.344360,0.288757,77.7693,42.7185,0
54.0200,195436,-0.672974,0.583679,-0.347778,0.292358,77.7802,42.9049,0
54.0300,195446,-0.670959,0.582214,-0.351135,0.295837,77.7811,43.1141,0
54.0400,195456,-0.669189,0.580994,-0.354065,0.298767,77.7778,43.3473,0
54.0500,195466,-0.667542,0.579773,-0.356750,0.301514,77.7811,43.5962,0
54.0600,195476,-0.666016,0.578674,-0.359253,0.304077,77.7819,43.8623,0
54.0700,195486,-0.664551,0.577576,-0.361694,0.306580,77.7928,44.1423,0
54.0800,195496,-0.663147,0.576355,-0.364136,0.308960,77.8073,44.4098,0
54.0900,195506,-0.661255,0.574890,-0.367126,0.312195,77.8068,44.6821,0
54.1000,195516,-0.658875,0.573242,-0.370728,0.315979,77.8190,44.9802,0
54.1100,195526,-0.654114,0.569458,-0.377991,0.323975,77.8495,45.2991,0
54.1200,195536,-0.651489,0.567505,-0.381897,0.328125,77.8590,45.6413,0
54.1300,195546,-0.648743,0.565369,-0.385925,0.332397,77.8740,46.0034,0
54.1400,195556,-0.645996,0.563232,-0.390015,0.336670,77.8830,46.3891,0
54.1500,195566,-0.643188,0.561218,-0.393921,0.340759,77.8849,46.7991,0
54.1600,195576,-0.640503,0.559204,-0.397766,0.344727,77.8953,47.2303,0
54.1700,195586,-0.637634,0.557068,-0.401733,0.348877,77.9004,47.6721,0
54.1800,195596,-0.634644,0.554871,-0.405823,0.353088,77.8993,48.1318,0
54.1900,195606,-0.631714,0.552734,-0.409790,0.357117,77.8946,48.6133,0
54.2000,195616,-0.628906,0.550476,-0.413574,0.361145,77.9207,49.1076,0
54.2100,195626,-0.626160,0.548035,-0.417297,0.365234,77.9627,49.6226,0
54.2200,195636,-0.623169,0.545776,-0.421265,0.369202,77.9645,50.1482,0
54.2300,195646,-0.620300,0.543457,-0.425049,0.373169,77.9855,50.6904,0
54.2400,195656,-0.617432,0.541138,-0.428711,0.377014,78.0042,51.2407,0
54.2500,195666,-0.614807,0.539062,-0.432068,0.380493,78.0160,51.8044,0
54.2600,195676,-0.612244,0.536987,-0.435303,0.383850,78.0292,52.4061,0
54.2700,195686,-0.609680,0.534973,-0.438477,0.387085,78.0429,53.0106,0
54.2800,195696,-0.607300,0.533020,-0.441406,0.390137,78.0541,53.6154,0
54.2900,195706,-0.605164,0.531372,-0.444092,0.392700,78.0624,54.2152,0
54.3000,195716,-0.603577,0.530029,-0.446106,0.394653,78.0714,54.8144,0
54.3100,195726,-0.602478,0.529114,-0.447449,0.396057,78.0801,55.3929,0
54.3200,195736,-0.601807,0.528503,-0.448242,0.396912,78.0876,55.9557,0
54.3300,195746,-0.601440,0.528198,-0.448730,0.397400,78.0913,56.4989,0
54.3400,195756,-0.601318,0.528076,-0.448853,0.397583,78.0954,57.0160,0
54.3500,195766,-0.601257,0.527954,-0.448914,0.397705,78.1004,57.5074,0
54.3600,195776,-0.601318,0.527954,-0.448914,0.397705,78.1028,57.9765,0
54.3700,195786,-0.601379,0.527893,-0.448914,0.397705,78.1028,58.4240,0
54.3800,195796,-0.601501,0.527771,-0.448792,0.397705,78.1045,58.8478,0
54.3900,195806,-0.601624,0.527832,-0.448669,0.397644,78.1079,59.2468,0
54.4000,195816,-0.601990,0.528137,-0.448242,0.397217,78.1075,59.6257,0
54.4100,195826,-0.602844,0.528992,-0.447205,0.395996,78.0882,59.9886,0
54.4200,195836,-0.604126,0.530212,-0.445557,0.394165,78.0628,60.3217,0
54.4300,195846,-0.606018,0.532043,-0.443237,0.391418,78.0243,60.6232,0
54.4400,195856,-0.608643,0.534363,-0.440002,0.387878,77.9888,60.8896,0
54.4500,195866,-0.611816,0.536743,-0.436035,0.383972,78.0002,61.0990,0
54.4600,195876,-0.615356,0.539551,-0.431580,0.379395,77.9909,61.2719,0
54.4700,195886,-0.619324,0.542664,-0.426697,0.374084,77.9682,61.4045,0
54.4800,195896,-0.623169,0.545837,-0.421631,0.368713,77.9387,61.4726,0
54.4900,195906,-0.626465,0.548523,-0.417236,0.364014,77.9096,61.4799,0
54.5000,195916,-0.629883,0.551392,-0.412598,0.359070,77.8795,61.4386,0
54.5100,195926,-0.633484,0.554382,-0.407654,0.353821,77.8437,61.3577,0
54.5200,195936,-0.637390,0.557434,-0.402283,0.348145,77.8292,61.2349,0
54.5300,195946,-0.641296,0.560303,-0.396790,0.342590,77.8267,61.0627,0
54.5400,195956,-0.645203,0.563171,-0.391296,0.336914,77.8219,60.7903,0
54.5500,195966,-0.649048,0.566162,-0.385559,0.330933,77.8012,60.4775,0
54.5600,195976,-0.653076,0.569336,-0.379578,0.324585,77.7719,60.1293,0
54.5700,195986,-0.656982,0.572571,-0.373413,0.317932,77.7251,59.7426,0
54.5800,195996,-0.660950,0.575684,-0.367249,0.311279,77.6876,59.3247,0
54.5900,196006,-0.664795,0.578674,-0.361145,0.304688,77.6639,58.8372,0
54.6000,196016,-0.668274,0.581482,-0.355164,0.298584,77.6579,58.3280,0
54.6100,196026,-0.671692,0.583984,-0.349426,0.292725,77.6582,57.7792,0
54.6200,196036,-0.674622,0.586121,-0.344421,0.287720,77.6662,57.2195,0
54.6300,196046,-0.677185,0.587830,-0.340027,0.283325,77.6740,56.6385,0
54.6400,196056,-0.679504,0.589539,-0.335815,0.279175,77.6700,56.0564,0
54.6500,196066,-0.681458,0.591003,-0.332336,0.275574,77.6503,55.4711,0
54.6600,196076,-0.684814,0.593628,-0.325928,0.269043,77.6606,54.8721,0
54.6700,196086,-0.685913,0.593872,-0.324341,0.267700,77.7209,54.2794,0
54.6800,196096,-0.686646,0.594238,-0.323059,0.266541,77.7390,53.6984,0
54.6900,196106,-0.687378,0.594727,-0.321655,0.265198,77.7342,53.1365,0
54.7000,196116,-0.688049,0.595276,-0.320313,0.263855,77.7273,52.5908,0
54.7100,196126,-0.688782,0.595825,-0.318848,0.262390,77.7284,52.0629,0
54.7200,196136,-0.689392,0.596313,-0.317627,0.261169,77.7307,51.5472,0
54.7300,196146,-0.689880,0.596680,-0.316711,0.260315,77.7304,51.0455,0
54.7400,196156,-0.690308,0.596985,-0.315857,0.259521,77.7296,50.5598,0
54.7500,196166,-0.690552,0.597229,-0.315247,0.258972,77.7314,50.0885,0
54.7600,196176,-0.690796,0.597351,-0.314880,0.258545,77.7337,49.6400,0
54.7700,196186,-0.690918,0.597473,-0.314514,0.258301,77.7358,49.2072,0
54.7800,196196,-0.691040,0.597534,-0.314331,0.258118,77.7385,48.7967,0
54.7900,196206,-0.691101,0.597595,-0.314209,0.257996,77.7386,48.4061,0
54.8000,196216,-0.691101,0.597656,-0.314148,0.257935,77.7411,48.0313,0
54.8100,196226,-0.691101,0.597656,-0.314087,0.257874,77.7441,47.6765,0
54.8200,196236,-0.691101,0.597656,-0.314087,0.257874,77.7469,47.3382,0
54.8300,196246,-0.691101,0.597656,-0.314087,0.257874,77.7478,47.0168,0
54.8400,196256,-0.691101,0.597656,-0.314087,0.257874,77.7516,46.7097,0
54.8500,196266,-0.691101,0.597656,-0.314087,0.257874,77.7547,46.4198,0
54.8600,196276,-0.691101,0.597656,-0.314087,0.257874,77.7570,46.1437,0
54.8700,196286,-0.691101,0.597656,-0.314087,0.257874,77.7610,45.8809,0
54.8800,196296,-0.691101,0.597656,-0.314087,0.257874,77.7641,45.6300,0
54.8900,196306,-0.691101,0.597656,-0.314087,0.257874,77.7671,45.3940,0
54.9000,196316,-0.691101,0.597656,-0.314087,0.257874,77.7706,45.1693,0
54.9100,196326,-0.691101,0.597656,-0.314148,0.257874,77.7697,44.9569,0
54.9200,196336,-0.691101,0.597656,-0.314148,0.257874,77.7713,44.7546,0
54.9300,196346,-0.691101,0.597717,-0.314148,0.257874,77.7739,44.5618,0
54.9400,196356,-0.691101,0.597717,-0.314148,0.257813,77.7758,44.3769,0
54.9500,196366,-0.691101,0.597717,-0.314148,0.257813,77.7759,44.2036,0
54.9600,196376,-0.691101,0.597717,-0.314148,0.257813,77.7759,44.0401,0
54.9700,196386,-0.691040,0.597717,-0.314148,0.257813,77.7766,43.8842,0
54.9800,196396,-0.691040,0.597717,-0.314148,0.257813,77.7784,43.7350,0
54.9900,196406,-0.691040,0.597717,-0.314148,0.257813,77.7777,43.5926,0
55.0000,196416,-0.691040,0.597717,-0.314148,0.257813,77.7771,43.4573,0
55.0100,196426,-0.691040,0.597717,-0.314148,0.257813,77.7771,43.3288,0
55.0200,196436,-0.691040,0.597717,-0.314148,0.257813,77.7765,43.2090,0
55.0300,196446,-0.691040,0.597717,-0.314148,0.257813,77.7765,43.0953,0
55.0400,196456,-0.691040,0.597717,-0.314209,0.257813,77.7777,42.9855,0
55.0500,196466,-0.691040,0.597717,-0.314209,0.257813,77.7794,42.8811,0
55.0600,196476,-0.691040,0.597717,-0.314209,0.257813,77.7811,42.7820,0
55.0700,196486,-0.691040,0.597717,-0.314209,0.257813,77.7815,42.6884,0
55.0800,196496,-0.691040,0.597717,-0.314209,0.257813,77.7806,42.5990,0
55.0900,196506,-0.691040,0.597717,-0.314209,0.257813,77.7822,42.5140,0
55.1000,196516,-0.691040,0.597778,-0.314209,0.257813,77.7826,42.4338,0
55.1100,196526,-0.691040,0.597778,-0.314209,0.257751,77.7823,42.3582,0
55.1200,196536,-0.691040,0.597778,-0.314209,0.257751,77.7826,42.2847,0
55.1300,196546,-0.691040,0.597778,-0.314209,0.257751,77.7835,42.2165,0
55.1400,196556,-0.691040,0.597778,-0.314209,0.257751,77.7838,42.1501,0
55.1500,196566,-0.690979,0.597778,-0.314209,0.257751,77.7846,42.0863,0
55.1600,196576,-0.690979,0.597778,-0.314209,0.257751,77.7866,42.0252,0
55.1700,196586,-0.690979,0.597778,-0.314209,0.257751,77.7861,41.9682,0
55.1800,196596,-0.690979,0.597778,-0.314270,0.257751,77.7880,41.9142,0
55.1900,196606,-0.690979,0.597778,-0.314270,0.257751,77.7898,41.8622,0
55.2000,196616,-0.690979,0.597778,-0.314270,0.257751,77.7910,41.8123,0
55.2100,196626,-0.690979,0.597778,-0.314270,0.257751,77.7926,41.7654,0
55.2200,196636,-0.690979,0.597778,-0.314270,0.257751,77.7930,41.7197,0
55.2300,196646,-0.690979,0.597778,-0.314270,0.257751,77.7940,41.6780,0
55.2400,196656,-0.690979,0.597778,-0.314270,0.257751,77.7955,41.6403,0
55.2500,196666,-0.690979,0.597778,-0.314270,0.257751,77.7958,41.6032,0
55.2600,196676,-0.690979,0.597778,-0.314270,0.257751,77.7966,41.5686,0
55.2700,196686,-0.690979,0.597778,-0.314270,0.257751,77.7974,41.5333,0
55.2800,196696,-0.690979,0.597778,-0.314270,0.257690,77.7982,41.4986,0
55.2900,196706,-0.690979,0.597778,-0.314270,0.257690,77.8007,41.4668,0
55.3000,196716,-0.690979,0.597778,-0.314270,0.257690,77.7987,41.4372,0
55.3100,196726,-0.690979,0.597839,-0.314270,0.257690,77.7987,41.4085,0
55.3200,196736,-0.690979,0.597839,-0.314270,0.257690,77.7962,41.3836,0
55.3300,196746,-0.690979,0.597839,-0.314331,0.257690,77.7939,41.3588,0
55.3400,196756,-0.690979,0.597839,-0.314331,0.257690,77.7923,41.3322,0
55.3500,196766,-0.690979,0.597839,-0.314331,0.257690,77.7902,41.3088,0
55.3600,196776,-0.690979,0.597839,-0.314331,0.257690,77.7882,41.2871,0
55.3700,196786,-0.690918,0.597839,-0.314331,0.257690,77.7863,41.2671,0
55.3800,196796,-0.690918,0.597839,-0.314331,0.257690,77.7839,41.2469,0
55.3900,196806,-0.690918,0.597839,-0.314331,0.257690,77.7822,41.2289,0
55.4000,196816,-0.690918,0.597839,-0.314331,0.257690,77.7812,41.2118,0
55.4100,196826,-0.690918,0.597839,-0.314331,0.257690,77.7784,41.1943,0
55.4200,196836,-0.690918,0.597839,-0.314331,0.257690,77.7752,41.1772,0
55.4300,196846,-0.690918,0.597839,-0.314331,0.257690,77.7746,41.1621,0
55.4400,196856,-0.690918,0.597839,-0.314331,0.257690,77.7727,41.1465,0
55.4500,196866,-0.690918,0.597839,-0.314331,0.257690,77.7704,41.1312,0
55.4600,196876,-0.690918,0.597839,-0.314331,0.257690,77.7688,41.1172,0
55.4700,196886,-0.690918,0.597839,-0.314331,0.257690,77.7679,41.1051,0
55.4800,196896,-0.690918,0.597839,-0.314331,0.257629,77.7658,41.0924,0
55.4900,196906,-0.690918,0.597839,-0.314331,0.257629,77.7632,41.0797,0
55.5000,196916,-0.690918,0.597839,-0.314331,0.257629,77.7614,41.0701,0
55.5100,196926,-0.690918,0.597839,-0.314392,0.257629,77.7590,41.0597,0
55.5200,196936,-0.690918,0.597839,-0.314392,0.257629,77.7568,41.0535,0
55.5300,196946,-0.690918,0.597900,-0.314392,0.257629,77.7546,41.0469,0
55.5400,196956,-0.690918,0.597900,-0.314392,0.257629,77.7520,41.0395,0
55.5500,196966,-0.690918,0.597900,-0.314392,0.257629,77.7507,41.0313,0
55.5600,196976,-0.690918,0.597900,-0.314392,0.257629,77.7501,41.0253,0
55.5700,196986,-0.690918,0.597900,-0.314392,0.257629,77.7495,41.0189,0
55.5800,196996,-0.690918,0.597900,-0.314392,0.257629,77.7489,41.0123,0
55.5900,197006,-0.690857,0.597900,-0.314392,0.257629,77.7490,41.0061,0
55.6000,197016,-0.690857,0.597900,-0.314392,0.257629,77.7496,41.0001,0
55.6100,197026,-0.690857,0.597900,-0.314392,0.257629,77.7497,40.9944,0
55.6200,197036,-0.690857,0.597900,-0.314392,0.257629,77.7491,40.9885,0
55.6300,197046,-0.690857,0.597900,-0.314392,0.257629,77.7491,40.9822,0
55.6400,197056,-0.690857,0.597900,-0.314392,0.257629,77.7486,40.9768,0
55.6500,197066,-0.690857,0.597900,-0.314392,0.257629,77.7457,40.9735,0
55.6600,197076,-0.690857,0.597900,-0.314392,0.257629,77.7435,40.9698,0
55.6700,197086,-0.690857,0.597900,-0.314392,0.257629,77.7432,40.9651,0
55.6800,197096,-0.690857,0.597900,-0.314392,0.257629,77.7430,40.9600,0
55.6900,197106,-0.690857,0.597900,-0.314392,0.257629,77.7439,40.9569,0
55.7000,197116,-0.690857,0.597900,-0.314392,0.257629,77.7442,40.9516,0
55.7100,197126,-0.690857,0.597900,-0.314392,0.257629,77.7421,40.9490,0
55.7200,197136,-0.690857,0.597900,-0.314392,0.257629,77.7408,40.9465,0
55.7300,197146,-0.690857,0.597900,-0.314392,0.257629,77.7394,40.9417,0
55.7400,197156,-0.690857,0.597900,-0.314392,0.257629,77.7394,40.9396,0
55.7500,197166,-0.690857,0.597900,-0.314392,0.257629,77.7387,40.9381,0
55.7600,197176,-0.690857,0.597900,-0.314392,0.257629,77.7387,40.9344,0
55.7700,197186,-0.690857,0.597900,-0.314392,0.257629,77.7393,40.9314,0
55.7800,197196,-0.690857,0.597900,-0.314392,0.257629,77.7386,40.9286,0
55.7900,197206,-0.690857,0.597900,-0.314392,0.257629,77.7386,40.9247,0
55.8000,197216,-0.690857,0.597900,-0.314392,0.257629,77.7392,40.9222,0
55.8100,197226,-0.690857,0.597900,-0.314392,0.257629,77.7391,40.9210,0
55.8200,197236,-0.690857,0.597900,-0.314392,0.257629,77.7396,40.9199,0
55.8300,197246,-0.690857,0.597900,-0.314392,0.257629,77.7390,40.9201,0
55.8400,197256,-0.690857,0.597900,-0.314392,0.257629,77.7389,40.9184,0
55.8500,197266,-0.690857,0.597900,-0.314392,0.257629,77.7377,40.9180,0
55.8600,197276,-0.690857,0.597900,-0.314392,0.257629,77.7377,40.9171,0
55.8700,197286,-0.690857,0.597900,-0.314392,0.257629,77.7371,40.9155,0
55.8800,197296,-0.690857,0.597900,-0.314392,0.257629,77.7384,40.9123,0
55.8900,197306,-0.690857,0.597900,-0.314392,0.257629,77.7372,40.9117,0
55.9000,197316,-0.690857,0.597900,-0.314392,0.257629,77.7372,40.9104,0
55.9100,197326,-0.690857,0.597900,-0.314392,0.257629,77.7385,40.9092,0
55.9200,197336,-0.690857,0.597900,-0.314392,0.257629,77.7384,40.9087,0
55.9300,197346,-0.690857,0.597900,-0.314392,0.257629,77.7378,40.9070,0
55.9400,197356,-0.690857,0.597900,-0.314392,0.257629,77.7361,40.9060,0
55.9500,197366,-0.690857,0.597900,-0.314392,0.257629,77.7350,40.9063,0
55.9600,197376,-0.690857,0.597900,-0.314392,0.257629,77.7345,40.9059,0
55.9700,197386,-0.690857,0.597900,-0.314392,0.257629,77.7335,40.9061,0
55.9800,197396,-0.690857,0.597900,-0.314392,0.257629,77.7326,40.9058,0
55.9900,197406,-0.690857,0.597900,-0.314392,0.257629,77.7317,40.9054,0
56.0000,197416,-0.690857,0.597900,-0.314392,0.257629,77.7338,40.9051,0
56.0100,197426,-0.690857,0.597900,-0.314392,0.257629,77.7352,40.9024,0
56.0200,197436,-0.690857,0.597900,-0.314392,0.257629,77.7359,40.9004,0
56.0300,197446,-0.690857,0.597900,-0.314392,0.257629,77.7366,40.8985,0
56.0400,197456,-0.690857,0.597900,-0.314392,0.257629,77.7367,40.8968,0
56.0500,197466,-0.690857,0.597900,-0.314392,0.257629,77.7380,40.8957,0
56.0600,197476,-0.690857,0.597900,-0.314392,0.257629,77.7374,40.8947,0
56.0700,197486,-0.690857,0.597900,-0.314392,0.257629,77.7392,40.8937,0
56.0800,197496,-0.690857,0.597900,-0.314392,0.257629,77.7409,40.8916,0
56.0900,197506,-0.690857,0.597900,-0.314392,0.257629,77.7426,40.8907,0
56.1000,197516,-0.690857,0.597900,-0.314392,0.257629,77.7429,40.8893,0
56.1100,197526,-0.690857,0.597900,-0.314392,0.257629,77.7427,40.8886,0
56.1200,197536,-0.690857,0.597900,-0.314392,0.257629,77.7442,40.8874,0
56.1300,197546,-0.690857,0.597900,-0.314392,0.257629,77.7439,40.8873,0
56.1400,197556,-0.690857,0.597900,-0.314392,0.257629,77.7431,40.8873,0
56.1500,197566,-0.690857,0.597900,-0.314392,0.257629,77.7428,40.8861,0
56.1600,197576,-0.690857,0.597900,-0.314392,0.257629,77.7438,40.8861,0
56.1700,197586,-0.690857,0.597900,-0.314392,0.257629,77.7435,40.8850,0
56.1800,197596,-0.690857,0.597900,-0.314392,0.257629,77.7438,40.8839,0
56.1900,197606,-0.690857,0.597900,-0.314392,0.257629,77.7441,40.8834,0
56.2000,197616,-0.690857,0.597900,-0.314392,0.257629,77.7450,40.8836,0
56.2100,197626,-0.690857,0.597900,-0.314392,0.257629,77.7465,40.8820,0
56.2200,197636,-0.690857,0.597900,-0.314392,0.257629,77.7478,40.8822,0
56.2300,197646,-0.690857,0.597900,-0.314392,0.257629,77.7497,40.8825,0
56.2400,197656,-0.690857,0.597900,-0.314392,0.257629,77.7509,40.8833,0
56.2500,197666,-0.690857,0.597900,-0.314392,0.257629,77.7503,40.8835,0
56.2600,197676,-0.690857,0.597900,-0.314392,0.257629,77.7497,40.8836,0
56.2700,197686,-0.690857,0.597900,-0.314392,0.257629,77.7497,40.8832,0
56.2800,197696,-0.690857,0.597900,-0.314392,0.257629,77.7497,40.8816,0
56.2900,197706,-0.690857,0.597900,-0.314392,0.257629,77.7497,40.8795,0
56.3000,197716,-0.690857,0.597900,-0.314392,0.257629,77.7503,40.8793,0
56.3100,197726,-0.690857,0.597900,-0.314392,0.257629,77.7497,40.8802,0
56.3200,197736,-0.690857,0.597900,-0.314392,0.257629,77.7497,40.8806,0
56.3300,197746,-0.690857,0.597900,-0.314392,0.257629,77.7503,40.8809,0
56.3400,197756,-0.690857,0.597900,-0.314392,0.257629,77.7497,40.8812,0
56.3500,197766,-0.690857,0.597900,-0.314392,0.257629,77.7497,40.8797,0
56.3600,197776,-0.690857,0.597900,-0.314392,0.257629,77.7509,40.8801,0
56.3700,197786,-0.690857,0.597900,-0.314392,0.257629,77.7515,40.8804,0
56.3800,197796,-0.690857,0.597900,-0.314392,0.257629,77.7508,40.8807,0
56.3900,197806,-0.690857,0.597900,-0.314392,0.257629,77.7514,40.8798,0
56.4000,197816,-0.690857,0.597900,-0.314392,0.257629,77.7507,40.8790,0
56.4100,197826,-0.690857,0.597900,-0.314392,0.257629,77.7513,40.8794,0
56.4200,197836,-0.690857,0.597900,-0.314392,0.257629,77.7512,40.8810,0
56.4300,197846,-0.690857,0.597900,-0.314453,0.257629,77.7506,40.8830,0
56.4400,197856,-0.690796,0.597839,-0.314514,0.257690,77.7505,40.8844,0
56.4500,197866,-0.690796,0.597839,-0.314575,0.257751,77.7511,40.8845,0
56.4600,197876,-0.690796,0.597839,-0.314636,0.257813,77.7510,40.8847,0
56.4700,197886,-0.690735,0.597778,-0.314636,0.257813,77.7504,40.8873,0
56.4800,197896,-0.690735,0.597778,-0.314636,0.257813,77.7504,40.8898,0
56.4900,197906,-0.690735,0.597778,-0.314636,0.257813,77.7509,40.8916,0
56.5000,197916,-0.690735,0.597778,-0.314636,0.257813,77.7509,40.8945,0
56.5100,197926,-0.690735,0.597778,-0.314636,0.257813,77.7526,40.8960,0
56.5200,197936,-0.690735,0.597778,-0.314636,0.257813,77.7537,40.8987,0
56.5300,197946,-0.690735,0.597778,-0.314636,0.257813,77.7547,40.9001,0
56.5400,197956,-0.690735,0.597778,-0.314636,0.257813,77.7539,40.9013,0
56.5500,197966,-0.690735,0.597778,-0.314636,0.257813,77.7537,40.9049,0
56.5600,197976,-0.690735,0.597778,-0.314636,0.257813,77.7529,40.9060,0
56.5700,197986,-0.690735,0.597778,-0.314636,0.257813,77.7522,40.9069,0
56.5800,197996,-0.690735,0.597778,-0.314636,0.257813,77.7515,40.9085,0
56.5900,198006,-0.690735,0.597778,-0.314636,0.257813,77.7520,40.9105,0
56.6000,198016,-0.690735,0.597778,-0.314636,0.257813,77.7519,40.9113,0
56.6100,198026,-0.690735,0.597778,-0.314636,0.257813,77.7524,40.9120,0
56.6200,198036,-0.690735,0.597778,-0.314636,0.257813,77.7535,40.9115,0
56.6300,198046,-0.690735,0.597778,-0.314636,0.257813,77.7557,40.9122,0
56.6400,198056,-0.690735,0.597778,-0.314636,0.257813,77.7566,40.9135,0
56.6500,198066,-0.690735,0.597778,-0.314636,0.257813,77.7574,40.9135,0
56.6600,198076,-0.690735,0.597778,-0.314636,0.257813,77.7571,40.9141,0
56.6700,198086,-0.690735,0.597778,-0.314636,0.257813,77.7561,40.9147,0
56.6800,198096,-0.690735,0.597778,-0.314636,0.257813,77.7546,40.9152,0
56.6900,198106,-0.690735,0.597778,-0.314636,0.257813,77.7532,40.9175,0
56.7000,198116,-0.690735,0.597778,-0.314636,0.257813,77.7530,40.9173,0
56.7100,198126,-0.690735,0.597778,-0.314636,0.257813,77.7529,40.9177,0
56.7200,198136,-0.690735,0.597778,-0.314636,0.257813,77.7527,40.9175,0
56.7300,198146,-0.690735,0.597778,-0.314636,0.257813,77.7508,40.9185,0
56.7400,198156,-0.690735,0.597778,-0.314636,0.257813,77.7514,40.9201,0
56.7500,198166,-0.690735,0.597778,-0.314636,0.257813,77.7525,40.9209,0
56.7600,198176,-0.690735,0.597778,-0.314636,0.257813,77.7524,40.9206,0
56.7700,198186,-0.690735,0.597778,-0.314636,0.257813,77.7523,40.9196,0
56.7800,198196,-0.690735,0.597778,-0.314636,0.257813,77.7533,40.9193,0
56.7900,198206,-0.690735,0.597778,-0.314636,0.257813,77.7532,40.9197,0
56.8000,198216,-0.690735,0.597778,-0.314636,0.257813,77.7542,40.9211,0
56.8100,198226,-0.690735,0.597778,-0.314636,0.257813,77.7540,40.9220,0
56.8200,198236,-0.690735,0.597778,-0.314636,0.257813,77.7550,40.9216,0
56.8300,198246,-0.690735,0.597778,-0.314636,0.257813,77.7553,40.9218,0
56.8400,198256,-0.690735,0.597778,-0.314636,0.257813,77.7556,40.9214,0
56.8500,198266,-0.690735,0.597778,-0.314636,0.257813,77.7566,40.9222,0
56.8600,198276,-0.690735,0.597778,-0.314636,0.257813,77.7568,40.9235,0
56.8700,198286,-0.690735,0.597778,-0.314636,0.257813,77.7571,40.9230,0
56.8800,198296,-0.690735,0.597778,-0.314636,0.257813,77.7579,40.9226,0
56.8900,198306,-0.690735,0.597778,-0.314636,0.257813,77.7587,40.9209,0
56.9000,198316,-0.690735,0.597778,-0.314636,0.257813,77.7583,40.9212,0
56.9100,198326,-0.690735,0.597778,-0.314636,0.257813,77.7567,40.9208,0
56.9200,198336,-0.690735,0.597778,-0.314636,0.257813,77.7575,40.9204,0
56.9300,198346,-0.690735,0.597778,-0.314636,0.257813,77.7571,40.9201,0
56.9400,198356,-0.690735,0.597778,-0.314636,0.257813,77.7556,40.9204,0
56.9500,198366,-0.690735,0.597778,-0.314636,0.257813,77.7541,40.9201,0
56.9600,198376,-0.690735,0.597778,-0.314636,0.257813,77.7545,40.9197,0
56.9700,198386,-0.690735,0.597778,-0.314636,0.257813,77.7525,40.9206,0
56.9800,198396,-0.690735,0.597778,-0.314636,0.257813,77.7518,40.9203,0
56.9900,198406,-0.690735,0.597778,-0.314636,0.257813,77.7499,40.9200,0
57.0000,198416,-0.690735,0.597778,-0.314636,0.257813,77.7487,40.9214,0
57.0100,198426,-0.690735,0.597778,-0.314636,0.257813,77.7482,40.9216,0
57.0200,198436,-0.690735,0.597778,-0.314636,0.257813,77.7471,40.9218,0
57.0300,198446,-0.690735,0.597778,-0.314636,0.257813,77.7467,40.9214,0
57.0400,198456,-0.690735,0.597778,-0.314636,0.257813,77.7474,40.9222,0
57.0500,198466,-0.690735,0.597778,-0.314636,0.257813,77.7470,40.9230,0
57.0600,198476,-0.690735,0.597778,-0.314636,0.257813,77.7477,40.9231,0
57.0700,198486,-0.690735,0.597778,-0.314636,0.257813,77.7478,40.9233,0
57.0800,198496,-0.690735,0.597778,-0.314636,0.257813,77.7473,40.9234,0
57.0900,198506,-0.690735,0.597778,-0.314636,0.257813,77.7475,40.9235,0
57.1000,198516,-0.690735,0.597778,-0.314636,0.257813,77.7470,40.9230,0
57.1100,198526,-0.690735,0.597778,-0.314636,0.257813,77.7466,40.9249,0
57.1200,198536,-0.690735,0.597778,-0.314636,0.257813,77.7461,40.9267,0
57.1300,198546,-0.690735,0.597778,-0.314636,0.257813,77.7457,40.9291,0
57.1400,198556,-0.690735,0.597778,-0.314636,0.257813,77.7442,40.9301,0
57.1500,198566,-0.690735,0.597778,-0.314636,0.257813,77.7427,40.9316,0
57.1600,198576,-0.690735,0.597778,-0.314636,0.257813,77.7419,40.9319,0
57.1700,198586,-0.690735,0.597778,-0.314636,0.257813,77.7417,40.9328,0
57.1800,198596,-0.690735,0.597778,-0.314636,0.257813,77.7409,40.9324,0
57.1900,198606,-0.690735,0.597778,-0.314636,0.257813,77.7414,40.9321,0
57.2000,198616,-0.690735,0.597778,-0.314636,0.257813,77.7418,40.9312,0
57.2100,198626,-0.690735,0.597778,-0.314636,0.257813,77.7428,40.9315,0
57.2200,198636,-0.690735,0.597778,-0.314636,0.257813,77.7432,40.9324,0
57.2300,198646,-0.690735,0.597778,-0.314636,0.257813,77.7417,40.9321,0
57.2400,198656,-0.690735,0.597778,-0.314636,0.257813,77.7409,40.9317,0
57.2500,198666,-0.690735,0.597778,-0.314636,0.257813,77.7408,40.9320,0
57.2600,198676,-0.690735,0.597778,-0.314636,0.257813,77.7413,40.9335,0
57.2700,198686,-0.690735,0.597778,-0.314636,0.257813,77.7411,40.9343,0
57.2800,198696,-0.690735,0.597778,-0.314636,0.257813,77.7415,40.9344,0
57.2900,198706,-0.690735,0.597778,-0.314636,0.257813,77.7408,40.9346,0
57.3000,198716,-0.690735,0.597778,-0.314636,0.257813,77.7412,40.9347,0
57.3100,198726,-0.690735,0.597778,-0.314636,0.257813,77.7399,40.9355,0
57.3200,198736,-0.690735,0.597778,-0.314636,0.257813,77.7386,40.9374,0
57.3300,198746,-0.690735,0.597778,-0.314636,0.257813,77.7380,40.9368,0
57.3400,198756,-0.690735,0.597778,-0.314636,0.257813,77.7368,40.9362,0
57.3500,198766,-0.690735,0.597778,-0.314636,0.257813,77.7375,40.9345,0
57.3600,198776,-0.690735,0.597778,-0.314636,0.257813,77.7369,40.9335,0
57.3700,198786,-0.690735,0.597778,-0.314636,0.257813,77.7370,40.9331,0
57.3800,198796,-0.690735,0.597778,-0.314636,0.257813,77.7376,40.9345,0
57.3900,198806,-0.690735,0.597778,-0.314636,0.257813,77.7370,40.9340,0
57.4000,198816,-0.690735,0.597778,-0.314636,0.257813,77.7377,40.9348,0
57.4100,198826,-0.690735,0.597778,-0.314636,0.257813,77.7383,40.9349,0
57.4200,198836,-0.690735,0.597778,-0.314636,0.257813,77.7383,40.9351,0
57.4300,198846,-0.690735,0.597778,-0.314636,0.257813,77.7389,40.9340,0
57.4400,198856,-0.690735,0.597778,-0.314636,0.257813,77.7377,40.9342,0
57.4500,198866,-0.690735,0.597778,-0.314636,0.257813,77.7383,40.9349,0
57.4600,198876,-0.690735,0.597778,-0.314636,0.257813,77.7389,40.9351,0
57.4700,198886,-0.690735,0.597778,-0.314636,0.257813,77.7388,40.9334,0
57.4800,198896,-0.690735,0.597778,-0.314636,0.257813,77.7376,40.9336,0
57.4900,198906,-0.690735,0.597778,-0.314636,0.257813,77.7376,40.9350,0
57.5000,198916,-0.690735,0.597778,-0.314636,0.257813,77.7383,40.9357,0
57.5100,198926,-0.690735,0.597778,-0.314636,0.257813,77.7394,40.9352,0
57.5200,198936,-0.690735,0.597778,-0.314636,0.257813,77.7411,40.9359,0
57.5300,198946,-0.690735,0.597778,-0.314636,0.257813,77.7416,40.9360,0
57.5400,198956,-0.690735,0.597778,-0.314636,0.257813,77.7426,40.9349,0
57.5500,198966,-0.690735,0.597778,-0.314636,0.257813,77.7430,40.9344,0
57.5600,198976,-0.690735,0.597778,-0.314636,0.257813,77.7433,40.9346,0
57.5700,198986,-0.690735,0.597778,-0.314697,0.257874,77.7443,40.9353,0
57.5800,198996,-0.690735,0.597778,-0.314758,0.257935,77.7445,40.9354,0
57.5900,199006,-0.690674,0.597717,-0.314880,0.257996,77.7454,40.9355,0
57.6000,199016,-0.690613,0.597656,-0.315002,0.258118,77.7462,40.9382,0
57.6100,199026,-0.690491,0.597595,-0.315247,0.258362,77.7470,40.9420,0
57.6200,199036,-0.690308,0.597412,-0.315613,0.258667,77.7472,40.9470,0
57.6300,199046,-0.690063,0.597229,-0.316162,0.259216,77.7473,40.9538,0
57.6400,199056,-0.689758,0.597046,-0.316711,0.259766,77.7492,40.9660,0
57.6500,199066,-0.689392,0.596741,-0.317444,0.260498,77.7528,40.9833,0
57.6600,199076,-0.688843,0.596375,-0.318420,0.261475,77.7681,41.0080,0
57.6700,199086,-0.688293,0.595886,-0.319580,0.262695,77.7773,41.0434,0
57.6800,199096,-0.687683,0.595337,-0.320862,0.264038,77.7772,41.0844,0
57.6900,199106,-0.686401,0.594604,-0.323120,0.266174,77.7580,41.1323,0
57.7000,199116,-0.685425,0.594177,-0.324829,0.267578,77.7206,41.1986,0
57.7100,199126,-0.684082,0.593445,-0.327148,0.269775,77.6952,41.2637,0
57.7200,199136,-0.682556,0.592346,-0.330017,0.272644,77.6895,41.3364,0
57.7300,199146,-0.680908,0.591187,-0.332947,0.275635,77.6935,41.4353,0
57.7400,199156,-0.679504,0.590149,-0.335510,0.278320,77.7010,41.5487,0
57.7500,199166,-0.678406,0.589417,-0.337402,0.280273,77.7056,41.6854,0
57.7600,199176,-0.677734,0.588928,-0.338501,0.281433,77.7101,41.8364,0
57.7700,199186,-0.677368,0.588684,-0.339172,0.282166,77.7125,41.9909,0
57.7800,199196,-0.677185,0.588562,-0.339478,0.282471,77.7150,42.1479,0
57.7900,199206,-0.677063,0.588501,-0.339661,0.282593,77.7148,42.3001,0
57.8000,199216,-0.676941,0.588379,-0.339905,0.282837,77.7128,42.4495,0
57.8100,199226,-0.676575,0.588074,-0.340576,0.283508,77.7110,42.5924,0
57.8200,199236,-0.675964,0.587646,-0.341675,0.284607,77.7080,42.7280,0
57.8300,199246,-0.675110,0.587036,-0.343140,0.286072,77.7034,42.8669,0
57.8400,199256,-0.674133,0.586365,-0.344849,0.287842,77.7014,43.0074,0
57.8500,199266,-0.673035,0.585571,-0.346680,0.289734,77.7080,43.1680,0
57.8600,199276,-0.672119,0.584961,-0.348206,0.291321,77.7131,43.3382,0
57.8700,199286,-0.671509,0.584534,-0.349243,0.292358,77.7143,43.5108,0
57.8800,199296,-0.671326,0.584412,-0.349487,0.292664,77.7149,43.6824,0
57.8900,199306,-0.671326,0.584412,-0.349487,0.292603,77.7173,43.8479,0
57.9000,199316,-0.671448,0.584473,-0.349182,0.292480,77.7254,43.9970,0
57.9100,199326,-0.671814,0.584717,-0.348633,0.291992,77.7308,44.1430,0
57.9200,199336,-0.672485,0.585327,-0.347412,0.290710,77.7336,44.2771,0
57.9300,199346,-0.673645,0.586182,-0.345398,0.288635,77.7344,44.3916,0
57.9400,199356,-0.675049,0.587219,-0.342957,0.286133,77.7275,44.4837,0
57.9500,199366,-0.676514,0.588257,-0.340454,0.283508,77.7203,44.5457,0
57.9600,199376,-0.677795,0.589294,-0.338135,0.281067,77.7075,44.5788,0
57.9700,199386,-0.680176,0.591125,-0.333862,0.276550,77.7031,44.5920,0
57.9800,199396,-0.681091,0.591919,-0.332031,0.274719,77.6954,44.5752,0
57.9900,199406,-0.681946,0.592712,-0.330322,0.273010,77.6821,44.5449,0
58.0000,199416,-0.682861,0.593506,-0.328552,0.271118,77.6694,44.5039,0
58.0100,199426,-0.683899,0.594360,-0.326599,0.269043,77.6604,44.4553,0
58.0200,199436,-0.684937,0.595154,-0.324646,0.266968,77.6566,44.3850,0
58.0300,199446,-0.685730,0.595459,-0.323364,0.265869,77.6879,44.2981,0
58.0400,199456,-0.686401,0.595581,-0.322388,0.265015,77.7261,44.2062,0
58.0500,199466,-0.686768,0.595703,-0.321777,0.264526,77.7421,44.1099,0
58.0600,199476,-0.686890,0.595825,-0.321533,0.264282,77.7478,44.0099,0
58.0700,199486,-0.686951,0.595825,-0.321411,0.264160,77.7486,43.9137,0
58.0800,199496,-0.686951,0.595886,-0.321350,0.264099,77.7504,43.8186,0
58.0900,199506,-0.686951,0.595886,-0.321350,0.264099,77.7504,43.7271,0
58.1000,199516,-0.686951,0.595886,-0.321350,0.264099,77.7498,43.6396,0
58.1100,199526,-0.686951,0.595886,-0.321350,0.264099,77.7486,43.5570,0
58.1200,199536,-0.686951,0.595886,-0.321350,0.264099,77.7487,43.4797,0
58.1300,199546,-0.686951,0.595886,-0.321350,0.264099,77.7487,43.4063,0
58.1400,199556,-0.686951,0.595886,-0.321350,0.264099,77.7488,43.3366,0
58.1500,199566,-0.686951,0.595886,-0.321350,0.264099,77.7506,43.2734,0
58.1600,199576,-0.686951,0.595886,-0.321350,0.264099,77.7512,43.2158,0
58.1700,199586,-0.686890,0.595825,-0.321472,0.264221,77.7523,43.1629,0
58.1800,199596,-0.686829,0.595703,-0.321716,0.264343,77.7558,43.1133,0
58.1900,199606,-0.686646,0.595581,-0.322083,0.264709,77.7596,43.0666,0
58.2000,199616,-0.686340,0.595337,-0.322693,0.265259,77.7507,43.0261,0
58.2100,199626,-0.685913,0.594971,-0.323608,0.266113,77.7303,42.9988,0
58.2200,199636,-0.685303,0.594666,-0.324768,0.267029,77.7086,42.9770,0
58.2300,199646,-0.684448,0.594177,-0.326294,0.268494,77.6968,42.9620,0
58.2400,199656,-0.681885,0.592407,-0.330872,0.273071,77.6934,42.9643,0
58.2500,199666,-0.680481,0.591370,-0.333496,0.275696,77.6973,42.9841,0
58.2600,199676,-0.678955,0.590210,-0.336243,0.278564,77.7122,43.0233,0
58.2700,199686,-0.677551,0.588928,-0.338989,0.281433,77.7324,43.0896,0
58.2800,199696,-0.676086,0.587830,-0.341492,0.284180,77.7456,43.1711,0
58.2900,199706,-0.674866,0.586975,-0.343567,0.286316,77.7474,43.2768,0
58.3000,199716,-0.674011,0.586365,-0.345032,0.287903,77.7480,43.3957,0
58.3100,199726,-0.673523,0.586060,-0.345764,0.288696,77.7473,43.5257,0
58.3200,199736,-0.673401,0.586060,-0.345886,0.288940,77.7469,43.6612,0
58.3300,199746,-0.673401,0.586060,-0.345886,0.288940,77.7488,43.7959,0
58.3400,199756,-0.673462,0.586060,-0.345764,0.288818,77.7524,43.9212,0
58.3500,199766,-0.673523,0.586121,-0.345642,0.288696,77.7553,44.0410,0
58.3600,199776,-0.673645,0.586243,-0.345398,0.288513,77.7598,44.1534,0
58.3700,199786,-0.673767,0.586365,-0.345154,0.288269,77.7628,44.2589,0
58.3800,199796,-0.673950,0.586487,-0.344727,0.287903,77.7634,44.3615,0
58.3900,199806,-0.674255,0.586731,-0.344238,0.287415,77.7627,44.4568,0
58.4000,199816,-0.674683,0.586975,-0.343567,0.286682,77.7627,44.5401,0
58.4100,199826,-0.675171,0.587341,-0.342773,0.285767,77.7615,44.6098,0
58.4200,199836,-0.675842,0.587769,-0.341675,0.284668,77.7591,44.6647,0
58.4300,199846,-0.676636,0.588318,-0.340332,0.283264,77.7514,44.7060,0
58.4400,199856,-0.677490,0.588989,-0.338806,0.281494,77.7434,44.7312,0
58.4500,199866,-0.678650,0.590027,-0.336609,0.279175,77.7192,44.7358,0
58.4600,199876,-0.679810,0.591064,-0.334473,0.276917,77.7028,44.7220,0
58.4700,199886,-0.680786,0.591919,-0.332520,0.274841,77.6890,44.6915,0
58.4800,199896,-0.681763,0.592712,-0.330750,0.273010,77.6848,44.6447,0
58.4900,199906,-0.682495,0.593201,-0.329407,0.271606,77.6831,44.5884,0
58.5000,199916,-0.683167,0.593689,-0.328247,0.270447,77.6768,44.5219,0
58.5100,199926,-0.683716,0.594116,-0.327209,0.269287,77.6708,44.4501,0
58.5200,199936,-0.684631,0.594849,-0.325439,0.267456,77.6633,44.3725,0
58.5300,199946,-0.684875,0.595093,-0.324890,0.266907,77.6610,44.2897,0
58.5400,199956,-0.684998,0.595154,-0.324646,0.266663,77.6629,44.2020,0
58.5500,199966,-0.685120,0.595215,-0.324463,0.266541,77.6653,44.1175,0
58.5600,199976,-0.685181,0.595276,-0.324280,0.266357,77.6725,44.0341,0
58.5700,199986,-0.685303,0.595398,-0.324097,0.266174,77.6788,43.9549,0
58.5800,199996,-0.685425,0.595459,-0.323853,0.265991,77.6865,43.8782,0
58.5900,200006,-0.685547,0.595520,-0.323608,0.265808,77.6968,43.8055,0
58.6000,200016,-0.685669,0.595581,-0.323364,0.265625,77.7060,43.7344,0
58.6100,200026,-0.685730,0.595581,-0.323242,0.265564,77.7129,43.6656,0
58.6200,200036,-0.685730,0.595581,-0.323242,0.265564,77.7166,43.5992,0
58.6300,200046,-0.685730,0.595581,-0.323242,0.265564,77.7194,43.5354,0
58.6400,200056,-0.685730,0.595581,-0.323242,0.265564,77.7210,43.4779,0
58.6500,200066,-0.685730,0.595581,-0.323303,0.265564,77.7224,43.4243,0
58.6600,200076,-0.685669,0.595520,-0.323486,0.265625,77.7226,43.3747,0
58.6700,200086,-0.685608,0.595459,-0.323669,0.265808,77.7220,43.3300,0
58.6800,200096,-0.685486,0.595337,-0.323914,0.266052,77.7197,43.2878,0
58.6900,200106,-0.685303,0.595215,-0.324219,0.266296,77.7181,43.2484,0
58.7000,200116,-0.685181,0.595093,-0.324524,0.266541,77.7148,43.2104,0
58.7100,200126,-0.685059,0.594971,-0.324829,0.266785,77.7105,43.1780,0
58.7200,200136,-0.684875,0.594849,-0.325134,0.267090,77.7075,43.1486,0
58.7300,200146,-0.684692,0.594666,-0.325623,0.267456,77.7024,43.1227,0
58.7400,200156,-0.684387,0.594482,-0.326111,0.268005,77.6987,43.1002,0
58.7500,200166,-0.684021,0.594177,-0.326904,0.268799,77.6928,43.0859,0
58.7600,200176,-0.683411,0.593750,-0.327942,0.269897,77.6919,43.0812,0
58.7700,200186,-0.682739,0.593262,-0.329224,0.271240,77.7000,43.0850,0
58.7800,200196,-0.681885,0.592590,-0.330811,0.272827,77.7101,43.1044,0
58.7900,200206,-0.680298,0.591248,-0.333862,0.276001,77.7172,43.1340,0
58.8000,200216,-0.679565,0.590698,-0.335205,0.277344,77.7211,43.1753,0
58.8100,200226,-0.678955,0.590332,-0.336243,0.278381,77.7242,43.2286,0
58.8200,200236,-0.678528,0.590027,-0.337036,0.279114,77.7265,43.2897,0
58.8300,200246,-0.678223,0.589844,-0.337463,0.279541,77.7281,43.3556,0
58.8400,200256,-0.678162,0.589783,-0.337585,0.279663,77.7284,43.4249,0
58.8500,200266,-0.678162,0.589783,-0.337585,0.279663,77.7300,43.4913,0
58.8600,200276,-0.678162,0.589783,-0.337646,0.279663,77.7290,43.5573,0
58.8700,200286,-0.678162,0.589783,-0.337646,0.279663,77.7287,43.6183,0
58.8800,200296,-0.678162,0.589783,-0.337646,0.279663,77.7279,43.6774,0
58.8900,200306,-0.678162,0.589783,-0.337646,0.279663,77.7258,43.7336,0
58.9000,200316,-0.678162,0.589783,-0.337646,0.279663,77.7245,43.7881,0
58.9100,200326,-0.678162,0.589783,-0.337646,0.279663,77.7233,43.8399,0
58.9200,200336,-0.678162,0.589783,-0.337646,0.279663,77.7209,43.8880,0
58.9300,200346,-0.678162,0.589783,-0.337646,0.279663,77.7198,43.9336,0
58.9400,200356,-0.678223,0.589844,-0.337524,0.279602,77.7206,43.9709,0
58.9500,200366,-0.678284,0.589905,-0.337463,0.279480,77.7225,44.0013,0
58.9600,200376,-0.678467,0.590027,-0.337097,0.279236,77.7267,44.0229,0
58.9700,200386,-0.678894,0.590271,-0.336304,0.278564,77.7330,44.0434,0
58.9800,200396,-0.679626,0.590759,-0.335022,0.277283,77.7379,44.0592,0
58.9900,200406,-0.680542,0.591370,-0.333435,0.275635,77.7377,44.0701,0
59.0000,200416,-0.681335,0.591980,-0.331970,0.274109,77.7317,44.0632,0
59.0100,200426,-0.681946,0.592346,-0.330872,0.273010,77.7294,44.0456,0
59.0200,200436,-0.682495,0.592712,-0.329956,0.272095,77.7279,44.0226,0
59.0300,200446,-0.682922,0.593079,-0.329102,0.271240,77.7235,43.9926,0
59.0400,200456,-0.683411,0.593384,-0.328308,0.270325,77.7176,43.9559,0
59.0500,200466,-0.683960,0.593750,-0.327332,0.269348,77.7119,43.9112,0
59.0600,200476,-0.684448,0.594055,-0.326477,0.268433,77.7077,43.8589,0
59.0700,200486,-0.685181,0.594604,-0.325012,0.267029,77.7026,43.8006,0
59.0800,200496,-0.685425,0.594788,-0.324585,0.266663,77.6971,43.7409,0
59.0900,200506,-0.685486,0.594849,-0.324402,0.266541,77.6960,43.6769,0
59.1000,200516,-0.685547,0.594849,-0.324341,0.266479,77.6938,43.6161,0
59.1100,200526,-0.685547,0.594910,-0.324280,0.266418,77.6935,43.5566,0
59.1200,200536,-0.685547,0.594910,-0.324219,0.266357,77.6938,43.5019,0
59.1300,200546,-0.685547,0.594910,-0.324219,0.266357,77.6929,43.4492,0
59.1400,200556,-0.685547,0.594910,-0.324219,0.266357,77.6902,43.4004,0
59.1500,200566,-0.685547,0.594849,-0.324341,0.266418,77.6871,43.3558,0
59.1600,200576,-0.685486,0.594788,-0.324463,0.266479,77.6853,43.3170,0
59.1700,200586,-0.685364,0.594666,-0.324768,0.266663,77.6819,43.2821,0
59.1800,200596,-0.685181,0.594482,-0.325256,0.267090,77.6804,43.2497,0
59.1900,200606,-0.684875,0.594238,-0.325867,0.267639,77.6784,43.2198,0
59.2000,200616,-0.684448,0.593933,-0.326660,0.268433,77.6782,43.1911,0
59.2100,200626,-0.683960,0.593567,-0.327576,0.269348,77.6805,43.1666,0
59.2200,200636,-0.683350,0.593201,-0.328613,0.270447,77.6844,43.1485,0
59.2300,200646,-0.682861,0.592834,-0.329590,0.271423,77.6850,43.1518,0
59.2400,200656,-0.682373,0.592468,-0.330444,0.272217,77.6832,43.1605,0
59.2500,200666,-0.682007,0.592224,-0.331116,0.272949,77.6791,43.1816,0
59.2600,200676,-0.681580,0.591919,-0.331909,0.273682,77.6776,43.2074,0
59.2700,200686,-0.681213,0.591614,-0.332642,0.274414,77.6773,43.2387,0
59.2800,200696,-0.680847,0.591370,-0.333313,0.275085,77.6777,43.2722,0
59.2900,200706,-0.680542,0.591187,-0.333862,0.275574,77.6786,43.3077,0
59.3000,200716,-0.680298,0.591003,-0.334229,0.276001,77.6777,43.3457,0
59.3100,200726,-0.680115,0.590881,-0.334534,0.276306,77.6774,43.3856,0
59.3200,200736,-0.679993,0.590820,-0.334717,0.276489,77.6766,43.4265,0
59.3300,200746,-0.679932,0.590759,-0.334900,0.276672,77.6752,43.4647,0
59.3400,200756,-0.679871,0.590698,-0.335022,0.276733,77.6745,43.5021,0
59.3500,200766,-0.679871,0.590698,-0.335022,0.276733,77.6732,43.5372,0
59.3600,200776,-0.679871,0.590698,-0.335022,0.276733,77.6726,43.5704,0
59.3700,200786,-0.679932,0.590759,-0.334961,0.276672,77.6702,43.6032,0
59.3800,200796,-0.679932,0.590759,-0.334900,0.276672,77.6685,43.6338,0
59.3900,200806,-0.679993,0.590759,-0.334839,0.276611,77.6658,43.6628,0
59.4000,200816,-0.679993,0.590820,-0.334778,0.276550,77.6643,43.6904,0
59.4100,200826,-0.680054,0.590881,-0.334656,0.276428,77.6641,43.7123,0
59.4200,200836,-0.680176,0.590942,-0.334412,0.276184,77.6657,43.7331,0
59.4300,200846,-0.680420,0.591125,-0.333984,0.275757,77.6673,43.7539,0
59.4400,200856,-0.680786,0.591431,-0.333313,0.275024,77.6699,43.7739,0
59.4500,200866,-0.681396,0.591858,-0.332214,0.273926,77.6694,43.7869,0
59.4600,200876,-0.682068,0.592346,-0.330933,0.272644,77.6672,43.7912,0
59.4700,200886,-0.682739,0.592834,-0.329712,0.271423,77.6645,43.7827,0
59.4800,200896,-0.683350,0.593262,-0.328613,0.270325,77.6607,43.7664,0
59.4900,200906,-0.683899,0.593628,-0.327698,0.269348,77.6554,43.7380,0
59.5000,200916,-0.684387,0.593994,-0.326782,0.268433,77.6485,43.6948,0
59.5100,200926,-0.684875,0.594299,-0.325928,0.267517,77.6450,43.6476,0
59.5200,200936,-0.685303,0.594604,-0.325073,0.266724,77.6398,43.5958,0
59.5300,200946,-0.685608,0.594788,-0.324585,0.266174,77.6398,43.5413,0
59.5400,200956,-0.685730,0.594910,-0.324280,0.265930,77.6422,43.4860,0
59.5500,200966,-0.685791,0.594971,-0.324158,0.265808,77.6451,43.4291,0
59.5600,200976,-0.685791,0.594971,-0.324097,0.265747,77.6466,43.3744,0
59.5700,200986,-0.685791,0.594971,-0.324097,0.265747,77.6475,43.3225,0
59.5800,200996,-0.685791,0.594971,-0.324097,0.265747,77.6471,43.2738,0
59.5900,201006,-0.685791,0.594971,-0.324097,0.265747,77.6467,43.2342,0
59.6000,201016,-0.685730,0.594971,-0.324219,0.265869,77.6464,43.1966,0
59.6100,201026,-0.685669,0.594910,-0.324341,0.265991,77.6429,43.1616,0
59.6200,201036,-0.685425,0.594666,-0.324890,0.266479,77.6409,43.1278,0
59.6300,201046,-0.685242,0.594543,-0.325317,0.266785,77.6371,43.0958,0
59.6400,201056,-0.684998,0.594360,-0.325745,0.267151,77.6347,43.0667,0
59.6500,201066,-0.684753,0.594116,-0.326233,0.267639,77.6336,43.0424,0
59.6600,201076,-0.684448,0.593933,-0.326904,0.268250,77.6326,43.0195,0
59.6700,201086,-0.684021,0.593628,-0.327698,0.269043,77.6346,43.0047,0
59.6800,201096,-0.683533,0.593262,-0.328552,0.269958,77.6371,42.9957,0
59.6900,201106,-0.683044,0.592957,-0.329407,0.270813,77.6383,42.9978,0
59.7000,201116,-0.682617,0.592651,-0.330200,0.271606,77.6406,43.0071,0
59.7100,201126,-0.682251,0.592346,-0.330933,0.272339,77.6422,43.0223,0
59.7200,201136,-0.681885,0.592102,-0.331604,0.273010,77.6431,43.0429,0
59.7300,201146,-0.681458,0.591797,-0.332275,0.273743,77.6452,43.0682,0
59.7400,201156,-0.681091,0.591553,-0.333008,0.274475,77.6471,43.0996,0
59.7500,201166,-0.680664,0.591248,-0.333740,0.275208,77.6478,43.1351,0
59.7600,201176,-0.680359,0.591003,-0.334290,0.275818,77.6490,43.1745,0
59.7700,201186,-0.680115,0.590881,-0.334717,0.276184,77.6490,43.2186,0
59.7800,201196,-0.679993,0.590820,-0.334900,0.276367,77.6484,43.2629,0
59.7900,201206,-0.679993,0.590820,-0.334900,0.276367,77.6484,43.3068,0
59.8000,201216,-0.679993,0.590820,-0.334900,0.276367,77.6490,43.3484,0
59.8100,201226,-0.680054,0.590820,-0.334778,0.276306,77.6502,43.3874,0
59.8200,201236,-0.680115,0.590881,-0.334656,0.276184,77.6537,43.4202,0
59.8300,201246,-0.680237,0.590942,-0.334473,0.276001,77.6558,43.4523,0
59.8400,201256,-0.680359,0.591125,-0.334167,0.275757,77.6561,43.4856,0
59.8500,201266,-0.680664,0.591309,-0.333618,0.275146,77.6563,43.5126,0
59.8600,201276,-0.681152,0.591675,-0.332703,0.274292,77.6541,43.5313,0
59.8700,201286,-0.681763,0.592102,-0.331604,0.273193,77.6497,43.5403,0
59.8800,201296,-0.682373,0.592529,-0.330505,0.272095,77.6449,43.5376,0
59.8900,201306,-0.682922,0.592896,-0.329529,0.271118,77.6404,43.5283,0
59.9000,201316,-0.683655,0.593384,-0.328247,0.269775,77.6366,43.5133,0
59.9100,201326,-0.683960,0.593628,-0.327637,0.269165,77.6331,43.4934,0
59.9200,201336,-0.684265,0.593811,-0.327087,0.268616,77.6285,43.4683,0
59.9300,201346,-0.684570,0.594055,-0.326538,0.268066,77.6236,43.4425,0
59.9400,201356,-0.684875,0.594238,-0.325989,0.267456,77.6195,43.4105,0
59.9500,201366,-0.685181,0.594482,-0.325439,0.266846,77.6144,43.3751,0
59.9600,201376,-0.685425,0.594604,-0.325073,0.266479,77.6102,43.3347,0
59.9700,201386,-0.685425,0.594604,-0.324951,0.266357,77.6098,43.2916,0
59.9800,201396,-0.685425,0.594604,-0.324951,0.266357,77.6099,43.2477,0
59.9900,201406,-0.685425,0.594604,-0.324951,0.266357,77.6107,43.2078,0
60.0000,201416,-0.685425,0.594604,-0.324951,0.266357,77.6084,43.1699,0
60.0100,201426,-0.685425,0.594604,-0.325012,0.266418,77.6075,43.1362,0
60.0200,201436,-0.685364,0.594604,-0.325073,0.266479,77.6054,43.1055,0
60.0300,201446,-0.685303,0.594543,-0.325256,0.266602,77.6010,43.0794,0
60.0400,201456,-0.685181,0.594421,-0.325562,0.266785,77.5951,43.0563,0
60.0500,201466,-0.684937,0.594299,-0.325989,0.267151,77.5906,43.0391,0
60.0600,201476,-0.684631,0.594055,-0.326660,0.267700,77.5888,43.0236,0
60.0700,201486,-0.684204,0.593750,-0.327454,0.268494,77.5894,43.0117,0
60.0800,201496,-0.683716,0.593445,-0.328308,0.269348,77.5924,43.0104,0
60.0900,201506,-0.683167,0.593018,-0.329407,0.270447,77.5946,43.0150,0
60.1000,201516,-0.682495,0.592590,-0.330566,0.271606,77.5985,43.0318,0
60.1100,201526,-0.681763,0.592041,-0.331848,0.272949,77.6028,43.0536,0
60.1200,201536,-0.681030,0.591553,-0.333191,0.274292,77.6087,43.0821,0
60.1300,201546,-0.680359,0.591064,-0.334412,0.275574,77.6136,43.1245,0
60.1400,201556,-0.679749,0.590637,-0.335510,0.276672,77.6172,43.1800,0
60.1500,201566,-0.679260,0.590332,-0.336304,0.277466,77.6211,43.2377,0
60.1600,201576,-0.678955,0.590149,-0.336792,0.278015,77.6243,43.2998,0
60.1700,201586,-0.678772,0.589905,-0.337280,0.278442,77.6267,43.3612,0
60.1800,201596,-0.678711,0.589905,-0.337341,0.278442,77.6278,43.4188,0
60.1900,201606,-0.678711,0.589905,-0.337341,0.278442,77.6301,43.4737,0
60.2000,201616,-0.678711,0.589905,-0.337341,0.278442,77.6304,43.5269,0
60.2100,201626,-0.678711,0.589905,-0.337341,0.278442,77.6319,43.5775,0
60.2200,201636,-0.678772,0.589966,-0.337280,0.278442,77.6333,43.6238,0
60.2300,201646,-0.678833,0.589966,-0.337158,0.278320,77.6347,43.6660,0
60.2400,201656,-0.678894,0.590088,-0.336975,0.278137,77.6366,43.7023,0
60.2500,201666,-0.679138,0.590271,-0.336487,0.277771,77.6390,43.7367,0
60.2600,201676,-0.679504,0.590576,-0.335693,0.277039,77.6413,43.7679,0
60.2700,201686,-0.680054,0.591003,-0.334717,0.276062,77.6428,43.7984,0
60.2800,201696,-0.680847,0.591492,-0.333374,0.274719,77.6419,43.8249,0
60.2900,201706,-0.681702,0.592224,-0.331726,0.272949,77.6316,43.8416,0
60.3000,201716,-0.682556,0.592773,-0.330261,0.271423,77.6259,43.8397,0
60.3100,201726,-0.683289,0.593262,-0.328918,0.270081,77.6229,43.8247,0
60.3200,201736,-0.683960,0.593750,-0.327759,0.268860,77.6177,43.7927,0
60.3300,201746,-0.684387,0.594055,-0.326904,0.268005,77.6133,43.7491,0
60.3400,201756,-0.684814,0.594299,-0.326233,0.267273,77.6091,43.6968,0
60.3500,201766,-0.685120,0.594543,-0.325562,0.266602,77.6046,43.6433,0
60.3600,201776,-0.685303,0.594727,-0.325195,0.266296,77.6020,43.5860,0
60.3700,201786,-0.685425,0.594788,-0.325012,0.266113,77.6026,43.5290,0
60.3800,201796,-0.685425,0.594788,-0.324951,0.266052,77.6019,43.4713,0
60.3900,201806,-0.685425,0.594788,-0.324951,0.266052,77.6019,43.4171,0
60.4000,201816,-0.685425,0.594788,-0.324951,0.266052,77.6013,43.3722,0
60.4100,201826,-0.685425,0.594788,-0.325012,0.266113,77.5983,43.3314,0
60.4200,201836,-0.685364,0.594727,-0.325195,0.266235,77.5955,43.2964,0
60.4300,201846,-0.685181,0.594543,-0.325562,0.266479,77.5885,43.2627,0
60.4400,201856,-0.684875,0.594238,-0.326294,0.267090,77.5836,43.2287,0
60.4500,201866,-0.683716,0.593445,-0.328430,0.269226,77.5855,43.1987,0
60.4600,201876,-0.683105,0.593018,-0.329529,0.270325,77.5891,43.1802,0
60.4700,201886,-0.682617,0.592590,-0.330505,0.271362,77.5937,43.1738,0
60.4800,201896,-0.682068,0.592224,-0.331421,0.272278,77.5975,43.1770,0
60.4900,201906,-0.681580,0.591858,-0.332397,0.273254,77.6011,43.1895,0
60.5000,201916,-0.680969,0.591492,-0.333435,0.274292,77.6033,43.2089,0
60.5100,201926,-0.680420,0.591064,-0.334412,0.275391,77.6078,43.2350,0
60.5200,201936,-0.679932,0.590637,-0.335327,0.276428,77.6115,43.2691,0
60.5300,201946,-0.679382,0.590271,-0.336243,0.277344,77.6126,43.3131,0
60.5400,201956,-0.679016,0.589966,-0.336975,0.278076,77.6148,43.3635,0
60.5500,201966,-0.678711,0.589783,-0.337524,0.278564,77.6158,43.4201,0
60.5600,201976,-0.678528,0.589600,-0.337891,0.278931,77.6143,43.4793,0
60.5700,201986,-0.678406,0.589539,-0.338135,0.279114,77.6129,43.5373,0
60.5800,201996,-0.678345,0.589478,-0.338257,0.279236,77.6116,43.5925,0
60.5900,202006,-0.678345,0.589478,-0.338257,0.279236,77.6115,43.6466,0
60.6000,202016,-0.678345,0.589478,-0.338257,0.279236,77.6102,43.6963,0
60.6100,202026,-0.678345,0.589478,-0.338196,0.279175,77.6102,43.7435,0
60.6200,202036,-0.678406,0.589539,-0.338074,0.279114,77.6120,43.7871,0
60.6300,202046,-0.678467,0.589600,-0.337952,0.278992,77.6131,43.8243,0
60.6400,202056,-0.678589,0.589722,-0.337708,0.278809,77.6178,43.8552,0
60.6500,202066,-0.678772,0.589844,-0.337341,0.278503,77.6206,43.8851,0
60.6600,202076,-0.679016,0.590088,-0.336792,0.278015,77.6226,43.9181,0
60.6700,202086,-0.679321,0.590332,-0.336243,0.277527,77.6221,43.9437,0
60.6800,202096,-0.679626,0.590515,-0.335632,0.276978,77.6211,43.9613,0
60.6900,202106,-0.679932,0.590820,-0.335022,0.276428,77.6195,43.9772,0
60.7000,202116,-0.680298,0.591064,-0.334351,0.275757,77.6168,43.9871,0
60.7100,202126,-0.680725,0.591370,-0.333557,0.274963,77.6124,43.9914,0
60.7200,202136,-0.681213,0.591675,-0.332764,0.274109,77.6077,43.9861,0
60.7300,202146,-0.682190,0.592346,-0.331055,0.272339,77.6050,43.9731,0
60.7400,202156,-0.682617,0.592651,-0.330261,0.271545,77.6037,43.9545,0
60.7500,202166,-0.683044,0.592957,-0.329468,0.270752,77.6035,43.9286,0
60.7600,202176,-0.683533,0.593262,-0.328674,0.269897,77.6028,43.8978,0
60.7700,202186,-0.684082,0.593628,-0.327637,0.268860,77.5992,43.8615,0
60.7800,202196,-0.684692,0.594177,-0.326477,0.267517,77.5916,43.8198,0
60.7900,202206,-0.685364,0.594788,-0.325134,0.266052,77.5831,43.7672,0
60.8000,202216,-0.685852,0.595093,-0.324280,0.265198,77.5900,43.7014,0
60.8100,202226,-0.686279,0.595276,-0.323547,0.264526,77.6012,43.6339,0
60.8200,202236,-0.686707,0.595520,-0.322815,0.263794,77.6090,43.5629,0
60.8300,202246,-0.687073,0.595703,-0.322205,0.263184,77.6157,43.4874,0
60.8400,202256,-0.687439,0.595947,-0.321533,0.262512,77.6156,43.4071,0
60.8500,202266,-0.687744,0.596252,-0.320801,0.261780,77.6083,43.3269,0
60.8600,202276,-0.687988,0.596558,-0.320251,0.261292,77.6032,43.2434,0
60.8700,202286,-0.688110,0.596680,-0.319946,0.260986,77.6013,43.1586,0
60.8800,202296,-0.688232,0.596741,-0.319702,0.260803,77.6013,43.0737,0
60.8900,202306,-0.688354,0.596802,-0.319458,0.260620,77.6001,42.9937,0
60.9000,202316,-0.688416,0.596924,-0.319275,0.260437,77.6002,42.9151,0
60.9100,202326,-0.688477,0.596985,-0.319153,0.260315,77.6008,42.8411,0
60.9200,202336,-0.688538,0.596985,-0.319092,0.260254,77.6020,42.7696,0
60.9300,202346,-0.688538,0.596985,-0.319092,0.260254,77.6038,42.7016,0
60.9400,202356,-0.688538,0.596985,-0.319092,0.260254,77.6060,42.6359,0
60.9500,202366,-0.688538,0.596985,-0.319092,0.260254,77.6070,42.5734,0
60.9600,202376,-0.688538,0.596985,-0.319092,0.260254,77.6079,42.5141,0
60.9700,202386,-0.688538,0.596985,-0.319092,0.260254,77.6105,42.4584,0
60.9800,202396,-0.688538,0.596985,-0.319092,0.260254,77.6136,42.4060,0
60.9900,202406,-0.688477,0.596985,-0.319153,0.260315,77.6148,42.3550,0
61.0000,202416,-0.688477,0.596924,-0.319214,0.260315,77.6171,42.3078,0
61.0100,202426,-0.688416,0.596924,-0.319275,0.260437,77.6210,42.2661,0
61.0200,202436,-0.688416,0.596863,-0.319397,0.260498,77.6224,42.2252,0
61.0300,202446,-0.688354,0.596863,-0.319458,0.260559,77.6243,42.1870,0
61.0400,202456,-0.688293,0.596802,-0.319519,0.260620,77.6262,42.1507,0
61.0500,202466,-0.688293,0.596802,-0.319580,0.260681,77.6273,42.1151,0
61.0600,202476,-0.688293,0.596802,-0.319641,0.260681,77.6290,42.0830,0
61.0700,202486,-0.688232,0.596802,-0.319641,0.260742,77.6299,42.0507,0
61.0800,202496,-0.688232,0.596741,-0.319702,0.260742,77.6315,42.0244,0
61.0900,202506,-0.688171,0.596741,-0.319824,0.260864,77.6341,41.9981,0
61.1000,202516,-0.688110,0.596680,-0.319946,0.260986,77.6372,41.9726,0
61.1100,202526,-0.688049,0.596619,-0.320129,0.261108,77.6390,41.9509,0
61.1200,202536,-0.687927,0.596558,-0.320313,0.261292,77.6401,41.9303,0
61.1300,202546,-0.687927,0.596497,-0.320435,0.261353,77.6423,41.9102,0
61.1400,202556,-0.687866,0.596497,-0.320496,0.261414,77.6432,41.8916,0
61.1500,202566,-0.687866,0.596497,-0.320496,0.261414,77.6429,41.8728,0
61.1600,202576,-0.687866,0.596497,-0.320496,0.261414,77.6420,41.8561,0
61.1700,202586,-0.687866,0.596497,-0.320496,0.261414,77.6417,41.8402,0
61.1800,202596,-0.687866,0.596497,-0.320496,0.261414,77.6409,41.8263,0
61.1900,202606,-0.687866,0.596497,-0.320496,0.261414,77.6413,41.8131,0
61.2000,202616,-0.687866,0.596497,-0.320496,0.261414,77.6405,41.8006,0
61.2100,202626,-0.687866,0.596497,-0.320496,0.261414,77.6403,41.7893,0
61.2200,202636,-0.687866,0.596497,-0.320496,0.261414,77.6395,41.7791,0
61.2300,202646,-0.687866,0.596497,-0.320496,0.261414,77.6406,41.7677,0
61.2400,202656,-0.687866,0.596497,-0.320496,0.261414,77.6404,41.7586,0
61.2500,202666,-0.687866,0.596497,-0.320496,0.261414,77.6396,41.7476,0
61.2600,202676,-0.687866,0.596497,-0.320496,0.261414,77.6395,41.7384,0
61.2700,202686,-0.687866,0.596497,-0.320496,0.261414,77.6388,41.7290,0
61.2800,202696,-0.687866,0.596497,-0.320496,0.261414,77.6381,41.7189,0
61.2900,202706,-0.687866,0.596497,-0.320496,0.261414,77.6368,41.7105,0
61.3000,202716,-0.687866,0.596497,-0.320496,0.261414,77.6357,41.7043,0
61.3100,202726,-0.687866,0.596497,-0.320496,0.261414,77.6357,41.6984,0
61.3200,202736,-0.687866,0.596497,-0.320496,0.261414,77.6352,41.6916,0
61.3300,202746,-0.687866,0.596497,-0.320496,0.261414,77.6353,41.6857,0
61.3400,202756,-0.687866,0.596497,-0.320496,0.261414,77.6336,41.6795,0
61.3500,202766,-0.687866,0.596497,-0.320496,0.261414,77.6331,41.6749,0
61.3600,202776,-0.687866,0.596497,-0.320496,0.261414,77.6327,41.6687,0
61.3700,202786,-0.687866,0.596497,-0.320496,0.261414,77.6335,41.6645,0
61.3800,202796,-0.687866,0.596497,-0.320496,0.261414,77.6349,41.6600,0
61.3900,202806,-0.687866,0.596497,-0.320496,0.261414,77.6326,41.6552,0
61.4000,202816,-0.687866,0.596497,-0.320496,0.261414,77.6322,41.6505,0
61.4100,202826,-0.687866,0.596497,-0.320496,0.261414,77.6330,41.6467,0
61.4200,202836,-0.687866,0.596497,-0.320496,0.261414,77.6332,41.6419,0
61.4300,202846,-0.687866,0.596497,-0.320496,0.261414,77.6346,41.6385,0
61.4400,202856,-0.687866,0.596497,-0.320496,0.261414,77.6347,41.6353,0
61.4500,202866,-0.687866,0.596497,-0.320496,0.261414,77.6336,41.6335,0
61.4600,202876,-0.687866,0.596497,-0.320496,0.261414,77.6332,41.6311,0
61.4700,202886,-0.687866,0.596497,-0.320496,0.261414,77.6328,41.6283,0
61.4800,202896,-0.687866,0.596497,-0.320496,0.261414,77.6318,41.6256,0
61.4900,202906,-0.687866,0.596497,-0.320496,0.261414,77.6321,41.6224,0
61.5000,202916,-0.687866,0.596497,-0.320496,0.261414,77.6311,41.6188,0
61.5100,202926,-0.687866,0.596497,-0.320496,0.261414,77.6314,41.6166,0
61.5200,202936,-0.687866,0.596497,-0.320496,0.261414,77.6323,41.6139,0
61.5300,202946,-0.687866,0.596497,-0.320496,0.261414,77.6313,41.6119,0
61.5400,202956,-0.687866,0.596497,-0.320496,0.261414,77.6310,41.6106,0
61.5500,202966,-0.687866,0.596497,-0.320496,0.261414,77.6301,41.6100,0
61.5600,202976,-0.687866,0.596497,-0.320496,0.261414,77.6310,41.6071,0
61.5700,202986,-0.687866,0.596497,-0.320496,0.261414,77.6307,41.6060,0
61.5800,202996,-0.687866,0.596497,-0.320496,0.261414,77.6293,41.6038,0
61.5900,203006,-0.687866,0.596497,-0.320496,0.261414,77.6291,41.6012,0
61.6000,203016,-0.687866,0.596497,-0.320496,0.261414,77.6306,41.6004,0
61.6100,203026,-0.687866,0.596497,-0.320496,0.261414,77.6315,41.5973,0
61.6200,203036,-0.687866,0.596497,-0.320496,0.261414,77.6294,41.5962,0
61.6300,203046,-0.687866,0.596497,-0.320496,0.261414,77.6292,41.5939,0
61.6400,203056,-0.687866,0.596497,-0.320496,0.261414,77.6296,41.5941,0
61.6500,203066,-0.687866,0.596497,-0.320496,0.261414,77.6300,41.5925,0
61.6600,203076,-0.687866,0.596497,-0.320496,0.261414,77.6285,41.5916,0
61.6700,203086,-0.687866,0.596497,-0.320496,0.261414,77.6277,41.5896,0
61.6800,203096,-0.687866,0.596497,-0.320496,0.261414,77.6276,41.5888,0
61.6900,203106,-0.687866,0.596497,-0.320496,0.261414,77.6263,41.5881,0
61.7000,203116,-0.687866,0.596497,-0.320496,0.261414,77.6256,41.5874,0
61.7100,203126,-0.687866,0.596497,-0.320496,0.261414,77.6256,41.5862,0
61.7200,203136,-0.687866,0.596497,-0.320496,0.261414,77.6244,41.5844,0
61.7300,203146,-0.687866,0.596497,-0.320496,0.261414,77.6238,41.5827,0
61.7400,203156,-0.687866,0.596497,-0.320496,0.261414,77.6227,41.5817,0
61.7500,203166,-0.687866,0.596497,-0.320496,0.261414,77.6222,41.5807,0
61.7600,203176,-0.687866,0.596497,-0.320496,0.261414,77.6223,41.5804,0
61.7700,203186,-0.687866,0.596497,-0.320496,0.261414,77.6225,41.5783,0
61.7800,203196,-0.687866,0.596497,-0.320496,0.261414,77.6226,41.5775,0
61.7900,203206,-0.687866,0.596497,-0.320496,0.261414,77.6239,41.5756,0
61.8000,203216,-0.687866,0.596497,-0.320496,0.261414,77.6246,41.5738,0
61.8100,203226,-0.687866,0.596497,-0.320496,0.261414,77.6240,41.5732,0
61.8200,203236,-0.687866,0.596497,-0.320496,0.261414,77.6228,41.5733,0
61.8300,203246,-0.687866,0.596497,-0.320496,0.261414,77.6224,41.5739,0
61.8400,203256,-0.687866,0.596497,-0.320496,0.261414,77.6225,41.5757,0
61.8500,203266,-0.687866,0.596497,-0.320496,0.261414,77.6220,41.5756,0
61.8600,203276,-0.687866,0.596497,-0.320496,0.261414,77.6234,41.5768,0
61.8700,203286,-0.687866,0.596497,-0.320496,0.261414,77.6240,41.5772,0
61.8800,203296,-0.687866,0.596497,-0.320496,0.261414,77.6271,41.5777,0
61.8900,203306,-0.687866,0.596497,-0.320496,0.261414,77.6281,41.5763,0
61.9000,203316,-0.687866,0.596497,-0.320496,0.261414,77.6286,41.5757,0
61.9100,203326,-0.687866,0.596497,-0.320496,0.261414,77.6290,41.5738,0
61.9200,203336,-0.687866,0.596497,-0.320496,0.261414,77.6300,41.5721,0
61.9300,203346,-0.687866,0.596497,-0.320496,0.261414,77.6297,41.5734,0
61.9400,203356,-0.687866,0.596497,-0.320496,0.261414,77.6295,41.5746,0
61.9500,203366,-0.687866,0.596497,-0.320557,0.261414,77.6305,41.5752,0
61.9600,203376,-0.687866,0.596497,-0.320557,0.261414,77.6320,41.5745,0
61.9700,203386,-0.687866,0.596497,-0.320557,0.261414,77.6334,41.5739,0
61.9800,203396,-0.687866,0.596497,-0.320557,0.261414,77.6342,41.5740,0
61.9900,203406,-0.687866,0.596497,-0.320557,0.261414,77.6361,41.5722,0
62.0000,203416,-0.687866,0.596497,-0.320557,0.261414,77.6373,41.5735,0
62.0100,203426,-0.687866,0.596497,-0.320557,0.261414,77.6373,41.5741,0
62.0200,203436,-0.687866,0.596497,-0.320557,0.261414,77.6373,41.5742,0
62.0300,203446,-0.687866,0.596497,-0.320557,0.261414,77.6372,41.5742,0
62.0400,203456,-0.687866,0.596497,-0.320557,0.261414,77.6372,41.5736,0
62.0500,203466,-0.687866,0.596497,-0.320557,0.261414,77.6390,41.5730,0
62.0600,203476,-0.687866,0.596497,-0.320557,0.261414,77.6401,41.5731,0
62.0700,203486,-0.687866,0.596497,-0.320557,0.261414,77.6417,41.5726,0
62.0800,203496,-0.687866,0.596497,-0.320557,0.261414,77.6415,41.5732,0
62.0900,203506,-0.687866,0.596497,-0.320557,0.261414,77.6412,41.5739,0
62.1000,203516,-0.687866,0.596497,-0.320557,0.261414,77.6398,41.5733,0
62.1100,203526,-0.687866,0.596497,-0.320557,0.261414,77.6409,41.5740,0
62.1200,203536,-0.687866,0.596497,-0.320557,0.261414,77.6401,41.5740,0
62.1300,203546,-0.687866,0.596497,-0.320557,0.261414,77.6405,41.5752,0
62.1400,203556,-0.687866,0.596497,-0.320557,0.261414,77.6391,41.5752,0
62.1500,203566,-0.687866,0.596497,-0.320557,0.261414,77.6396,41.5757,0
62.1600,203576,-0.687866,0.596497,-0.320557,0.261414,77.6407,41.5768,0
62.1700,203586,-0.687866,0.596497,-0.320557,0.261414,77.6435,41.5767,0
62.1800,203596,-0.687866,0.596497,-0.320557,0.261414,77.6437,41.5760,0
62.1900,203606,-0.687866,0.596497,-0.320557,0.261414,77.6440,41.5759,0
62.2000,203616,-0.687866,0.596497,-0.320557,0.261414,77.6436,41.5753,0
62.2100,203626,-0.687866,0.596497,-0.320557,0.261414,77.6427,41.5734,0
62.2200,203636,-0.687866,0.596497,-0.320557,0.261414,77.6430,41.5717,0
62.2300,203646,-0.687866,0.596497,-0.320557,0.261414,77.6421,41.5718,0
62.2400,203656,-0.687866,0.596497,-0.320557,0.261414,77.6424,41.5708,0
62.2500,203666,-0.687866,0.596497,-0.320557,0.261414,77.6416,41.5692,0
62.2600,203676,-0.687866,0.596497,-0.320557,0.261414,77.6413,41.5688,0
62.2700,203686,-0.687866,0.596497,-0.320557,0.261414,77.6411,41.5691,0
62.2800,203696,-0.687866,0.596497,-0.320557,0.261414,77.6415,41.5688,0
62.2900,203706,-0.687866,0.596497,-0.320557,0.261414,77.6413,41.5691,0
62.3000,203716,-0.687866,0.596497,-0.320557,0.261414,77.6404,41.5687,0
62.3100,203726,-0.687866,0.596497,-0.320557,0.261414,77.6409,41.5684,0
62.3200,203736,-0.687866,0.596497,-0.320557,0.261414,77.6413,41.5681,0
62.3300,203746,-0.687866,0.596497,-0.320557,0.261414,77.6399,41.5690,0
62.3400,203756,-0.687866,0.596497,-0.320557,0.261414,77.6391,41.5687,0
62.3500,203766,-0.687866,0.596497,-0.320557,0.261414,77.6384,41.5684,0
62.3600,203776,-0.687866,0.596497,-0.320557,0.261414,77.6365,41.5687,0
62.3700,203786,-0.687866,0.596497,-0.320557,0.261414,77.6383,41.5678,0
62.3800,203796,-0.687866,0.596497,-0.320557,0.261414,77.6383,41.5681,0
62.3900,203806,-0.687866,0.596497,-0.320557,0.261414,77.6388,41.5678,0
62.4000,203816,-0.687866,0.596497,-0.320557,0.261414,77.6399,41.5676,0
62.4100,203826,-0.687866,0.596497,-0.320557,0.261414,77.6391,41.5685,0
62.4200,203836,-0.687866,0.596497,-0.320557,0.261414,77.6384,41.5676,0
62.4300,203846,-0.687866,0.596497,-0.320557,0.261414,77.6378,41.5679,0
62.4400,203856,-0.687866,0.596497,-0.320557,0.261414,77.6365,41.5671,0
62.4500,203866,-0.687866,0.596497,-0.320557,0.261414,77.6365,41.5657,0
62.4600,203876,-0.687866,0.596497,-0.320557,0.261414,77.6360,41.5643,0
62.4700,203886,-0.687866,0.596497,-0.320557,0.261414,77.6360,41.5642,0
62.4800,203896,-0.687866,0.596497,-0.320557,0.261414,77.6349,41.5635,0
62.4900,203906,-0.687866,0.596497,-0.320557,0.261414,77.6332,41.5623,0
62.5000,203916,-0.687866,0.596497,-0.320557,0.261414,77.6340,41.5635,0
62.5100,203926,-0.687866,0.596497,-0.320557,0.261414,77.6347,41.5635,0
62.5200,203936,-0.687866,0.596497,-0.320557,0.261414,77.6348,41.5634,0
62.5300,203946,-0.687866,0.596497,-0.320557,0.261414,77.6355,41.5628,0
62.5400,203956,-0.687866,0.596497,-0.320557,0.261414,77.6356,41.5633,0
62.5500,203966,-0.687866,0.596497,-0.320557,0.261414,77.6356,41.5627,0
62.5600,203976,-0.687866,0.596497,-0.320557,0.261414,77.6357,41.5627,0
62.5700,203986,-0.687866,0.596497,-0.320557,0.261414,77.6358,41.5621,0
62.5800,203996,-0.687866,0.596497,-0.320557,0.261414,77.6346,41.5615,0
62.5900,204006,-0.687866,0.596497,-0.320557,0.261414,77.6342,41.5616,0
62.6000,204016,-0.687866,0.596497,-0.320557,0.261414,77.6355,41.5610,0
62.6100,204026,-0.687866,0.596497,-0.320557,0.261414,77.6356,41.5617,0
62.6200,204036,-0.687866,0.596497,-0.320557,0.261414,77.6362,41.5611,0
62.6300,204046,-0.687866,0.596497,-0.320557,0.261414,77.6357,41.5606,0
62.6400,204056,-0.687866,0.596497,-0.320557,0.261414,77.6345,41.5583,0
62.6500,204066,-0.687866,0.596497,-0.320557,0.261414,77.6329,41.5585,0
62.6600,204076,-0.687866,0.596497,-0.320557,0.261414,77.6319,41.5593,0
62.6700,204086,-0.687866,0.596497,-0.320557,0.261414,77.6315,41.5583,0
62.6800,204096,-0.687866,0.596497,-0.320557,0.261414,77.6312,41.5591,0
62.6900,204106,-0.687866,0.596497,-0.320557,0.261414,77.6297,41.5587,0
62.7000,204116,-0.687866,0.596497,-0.320557,0.261414,77.6295,41.5583,0
62.7100,204126,-0.687866,0.596497,-0.320557,0.261414,77.6287,41.5573,0
62.7200,204136,-0.687866,0.596497,-0.320496,0.261414,77.6285,41.5570,0
62.7300,204146,-0.687866,0.596497,-0.320435,0.261353,77.6283,41.5543,0
62.7400,204156,-0.687927,0.596497,-0.320435,0.261353,77.6275,41.5535,0
62.7500,204166,-0.687927,0.596558,-0.320374,0.261292,77.6268,41.5528,0
62.7600,204176,-0.687927,0.596558,-0.320313,0.261230,77.6255,41.5515,0
62.7700,204186,-0.687988,0.596619,-0.320251,0.261169,77.6243,41.5508,0
62.7800,204196,-0.687988,0.596619,-0.320129,0.261108,77.6226,41.5496,0
62.7900,204206,-0.688049,0.596680,-0.320068,0.260986,77.6197,41.5466,0
62.8000,204216,-0.688110,0.596680,-0.319946,0.260925,77.6194,41.5454,0
62.8100,204226,-0.688171,0.596741,-0.319824,0.260803,77.6173,41.5437,0
62.8200,204236,-0.688232,0.596802,-0.319763,0.260742,77.6165,41.5396,0
62.8300,204246,-0.688232,0.596802,-0.319641,0.260681,77.6163,41.5345,0
62.8400,204256,-0.688293,0.596863,-0.319580,0.260620,77.6150,41.5308,0
62.8500,204266,-0.688354,0.596863,-0.319458,0.260498,77.6143,41.5268,0
62.8600,204276,-0.688354,0.596924,-0.319397,0.260437,77.6142,41.5229,0
62.8700,204286,-0.688416,0.596924,-0.319336,0.260376,77.6148,41.5155,0
62.8800,204296,-0.688416,0.596985,-0.319275,0.260315,77.6147,41.5085,0
62.8900,204306,-0.688477,0.596985,-0.319214,0.260254,77.6140,41.5030,0
62.9000,204316,-0.688477,0.596985,-0.319214,0.260254,77.6140,41.4984,0
62.9100,204326,-0.688477,0.596985,-0.319214,0.260254,77.6151,41.4928,0
62.9200,204336,-0.688477,0.596985,-0.319214,0.260254,77.6162,41.4875,0
62.9300,204346,-0.688477,0.596985,-0.319214,0.260254,77.6172,41.4831,0
62.9400,204356,-0.688477,0.596985,-0.319214,0.260254,77.6170,41.4777,0
62.9500,204366,-0.688477,0.596985,-0.319214,0.260254,77.6168,41.4731,0
62.9600,204376,-0.688477,0.596985,-0.319214,0.260254,77.6178,41.4688,0
62.9700,204386,-0.688477,0.596985,-0.319214,0.260254,77.6194,41.4641,0
62.9800,204396,-0.688477,0.596985,-0.319214,0.260254,77.6197,41.4603,0
62.9900,204406,-0.688477,0.596985,-0.319214,0.260254,77.6205,41.4554,0
63.0000,204416,-0.688477,0.596985,-0.319214,0.260254,77.6213,41.4532,0
63.0100,204426,-0.688477,0.596985,-0.319214,0.260254,77.6221,41.4493,0
63.0200,204436,-0.688477,0.596985,-0.319214,0.260254,77.6223,41.4461,0
63.0300,204446,-0.688477,0.596985,-0.319214,0.260254,77.6224,41.4414,0
63.0400,204456,-0.688477,0.596985,-0.319214,0.260254,77.6231,41.4387,0
63.0500,204466,-0.688477,0.596985,-0.319214,0.260254,77.6238,41.4355,0
63.0600,204476,-0.688477,0.596985,-0.319214,0.260254,77.6233,41.4325,0
63.0700,204486,-0.688477,0.596985,-0.319214,0.260254,77.6240,41.4314,0
63.0800,204496,-0.688477,0.596985,-0.319214,0.260254,77.6240,41.4291,0
63.0900,204506,-0.688477,0.596985,-0.319214,0.260254,77.6241,41.4264,0
63.1000,204516,-0.688477,0.596985,-0.319214,0.260254,77.6235,41.4239,0
63.1100,204526,-0.688477,0.596985,-0.319214,0.260254,77.6224,41.4232,0
63.1200,204536,-0.688477,0.596985,-0.319214,0.260254,77.6207,41.4208,0
63.1300,204546,-0.688477,0.596985,-0.319214,0.260254,77.6215,41.4185,0
63.1400,204556,-0.688477,0.596985,-0.319214,0.260254,77.6217,41.4181,0
63.1500,204566,-0.688477,0.596985,-0.319214,0.260254,77.6231,41.4177,0
63.1600,204576,-0.688416,0.596985,-0.319214,0.260315,77.6238,41.4186,0
63.1700,204586,-0.688416,0.596924,-0.319275,0.260376,77.6262,41.4213,0
63.1800,204596,-0.688354,0.596924,-0.319397,0.260437,77.6291,41.4257,0
63.1900,204606,-0.688293,0.596863,-0.319519,0.260559,77.6325,41.4306,0
63.2000,204616,-0.688232,0.596802,-0.319763,0.260742,77.6357,41.4352,0
63.2100,204626,-0.688110,0.596680,-0.320007,0.260986,77.6387,41.4434,0
63.2200,204636,-0.687683,0.596375,-0.320801,0.261658,77.6404,41.4513,0
63.2300,204646,-0.687439,0.596130,-0.321411,0.262146,77.6390,41.4621,0
63.2400,204656,-0.687134,0.595947,-0.321960,0.262756,77.6365,41.4736,0
63.2500,204666,-0.686707,0.595703,-0.322754,0.263489,77.6288,41.4873,0
63.2600,204676,-0.686157,0.595459,-0.323669,0.264343,77.6144,41.5062,0
63.2700,204686,-0.685486,0.595093,-0.324829,0.265503,77.6042,41.5304,0
63.2800,204696,-0.684570,0.594482,-0.326477,0.267151,77.6100,41.5585,0
63.2900,204706,-0.683716,0.593872,-0.328064,0.268738,77.6060,41.6100,0
63.3000,204716,-0.682861,0.593323,-0.329651,0.270264,77.5955,41.6703,0
63.3100,204726,-0.681946,0.592712,-0.331299,0.271912,77.5945,41.7344,0
63.3200,204736,-0.681030,0.592041,-0.332947,0.273621,77.5964,41.8108,0
63.3300,204746,-0.680054,0.591370,-0.334656,0.275330,77.5983,41.8979,0
63.3400,204756,-0.679138,0.590759,-0.336243,0.276978,77.5947,41.9990,0
63.3500,204766,-0.678345,0.590149,-0.337769,0.278381,77.5896,42.1178,0
63.3600,204776,-0.677551,0.589600,-0.339111,0.279785,77.5876,42.2365,0
63.3700,204786,-0.676880,0.589111,-0.340271,0.280945,77.5875,42.3576,0
63.3800,204796,-0.676453,0.588806,-0.341064,0.281799,77.5863,42.4917,0
63.3900,204806,-0.676147,0.588623,-0.341492,0.282288,77.5845,42.6256,0
63.4000,204816,-0.676025,0.588501,-0.341797,0.282532,77.5822,42.7558,0
63.4100,204826,-0.676025,0.588501,-0.341858,0.282593,77.5824,42.8801,0
63.4200,204836,-0.676025,0.588501,-0.341858,0.282593,77.5826,43.0017,0
63.4300,204846,-0.676025,0.588501,-0.341858,0.282593,77.5822,43.1167,0
63.4400,204856,-0.676025,0.588501,-0.341858,0.282593,77.5806,43.2253,0
63.4500,204866,-0.676025,0.588501,-0.341858,0.282593,77.5809,43.3278,0
63.4600,204876,-0.676025,0.588501,-0.341797,0.282532,77.5806,43.4253,0
63.4700,204886,-0.676025,0.588562,-0.341736,0.282471,77.5809,43.5155,0
63.4800,204896,-0.676086,0.588562,-0.341614,0.282410,77.5823,43.6000,0
63.4900,204906,-0.676147,0.588623,-0.341492,0.282288,77.5843,43.6795,0
63.5000,204916,-0.676392,0.588867,-0.341003,0.281860,77.5905,43.7520,0
63.5100,204926,-0.676514,0.588928,-0.340759,0.281677,77.5952,43.8220,0
63.5200,204936,-0.676575,0.588989,-0.340637,0.281555,77.5973,43.8877,0
63.5300,204946,-0.676636,0.589050,-0.340576,0.281494,77.5987,43.9490,0
63.5400,204956,-0.676697,0.589050,-0.340515,0.281433,77.6006,44.0084,0
63.5500,204966,-0.676697,0.589111,-0.340393,0.281311,77.6012,44.0642,0
63.5600,204976,-0.676819,0.589172,-0.340271,0.281189,77.6036,44.1153,0
63.5700,204986,-0.676941,0.589294,-0.339966,0.280945,77.6064,44.1639,0
63.5800,204996,-0.677185,0.589478,-0.339539,0.280579,77.6103,44.2080,0
63.5900,205006,-0.677551,0.589722,-0.338867,0.279846,77.6170,44.2473,0
63.6000,205016,-0.678284,0.590210,-0.337646,0.278564,77.6168,44.2834,0
63.6100,205026,-0.679199,0.591064,-0.335876,0.276611,77.6012,44.3092,0
63.6200,205036,-0.680237,0.591919,-0.333923,0.274597,77.5887,44.3126,0
63.6300,205046,-0.681458,0.592957,-0.331665,0.272095,77.5745,44.3070,0
63.6400,205056,-0.682922,0.594116,-0.328918,0.269165,77.5608,44.2820,0
63.6500,205066,-0.684387,0.595276,-0.326233,0.266235,77.5413,44.2345,0
63.6600,205076,-0.685364,0.595947,-0.324402,0.264404,77.5408,44.1479,0
63.6700,205086,-0.685791,0.596130,-0.323669,0.263794,77.5574,44.0488,0
63.6800,205096,-0.686035,0.596252,-0.323181,0.263428,77.5745,43.9480,0
63.6900,205106,-0.686218,0.596252,-0.322876,0.263245,77.5853,43.8504,0
63.7000,205116,-0.686279,0.596313,-0.322754,0.263123,77.5909,43.7548,0
63.7100,205126,-0.686340,0.596375,-0.322693,0.263062,77.5938,43.6620,0
63.7200,205136,-0.686340,0.596375,-0.322632,0.263000,77.5941,43.5750,0
63.7300,205146,-0.686340,0.596375,-0.322632,0.263000,77.5933,43.4918,0
63.7400,205156,-0.686340,0.596375,-0.322632,0.263000,77.5937,43.4158,0
63.7500,205166,-0.686340,0.596375,-0.322693,0.263000,77.5947,43.3461,0
63.7600,205176,-0.686279,0.596313,-0.322754,0.263123,77.5956,43.2828,0
63.7700,205186,-0.686218,0.596191,-0.323059,0.263245,77.5939,43.2234,0
63.7800,205196,-0.685669,0.595764,-0.324158,0.264282,77.5918,43.1685,0
63.7900,205206,-0.685303,0.595520,-0.324890,0.264893,77.5856,43.1178,0
63.8000,205216,-0.684937,0.595276,-0.325623,0.265564,77.5749,43.0747,0
63.8100,205226,-0.684387,0.594971,-0.326477,0.266418,77.5666,43.0359,0
63.8200,205236,-0.683899,0.594604,-0.327454,0.267395,77.5634,43.0036,0
63.8300,205246,-0.683350,0.594238,-0.328430,0.268433,77.5627,42.9829,0
63.8400,205256,-0.682678,0.593750,-0.329590,0.269653,77.5645,42.9715,0
63.8500,205266,-0.681946,0.593201,-0.331055,0.271057,77.5698,42.9707,0
63.8600,205276,-0.681091,0.592529,-0.332642,0.272766,77.5783,42.9815,0
63.8700,205286,-0.680176,0.591797,-0.334351,0.274597,77.5888,43.0020,0
63.8800,205296,-0.679199,0.591003,-0.336060,0.276428,77.5988,43.0400,0
63.8900,205306,-0.678406,0.590332,-0.337646,0.278015,77.6082,43.0995,0
63.9000,205316,-0.677734,0.589722,-0.338928,0.279358,77.6166,43.1642,0
63.9100,205326,-0.677063,0.589294,-0.340027,0.280518,77.6193,43.2364,0
63.9200,205336,-0.676636,0.588989,-0.340820,0.281372,77.6176,43.3160,0
63.9300,205346,-0.676270,0.588745,-0.341431,0.281982,77.6155,43.4057,0
63.9400,205356,-0.675964,0.588562,-0.341919,0.282471,77.6116,43.4959,0
63.9500,205366,-0.675842,0.588440,-0.342224,0.282715,77.6080,43.5851,0
63.9600,205376,-0.675781,0.588379,-0.342285,0.282776,77.6051,43.6716,0
63.9700,205386,-0.675781,0.588379,-0.342285,0.282776,77.6048,43.7556,0
63.9800,205396,-0.675781,0.588379,-0.342285,0.282776,77.6032,43.8348,0
63.9900,205406,-0.675781,0.588379,-0.342285,0.282776,77.6024,43.9112,0
64.0000,205416,-0.675781,0.588379,-0.342285,0.282776,77.6016,43.9820,0
64.0100,205426,-0.675781,0.588379,-0.342285,0.282776,77.6008,44.0481,0
64.0200,205436,-0.675781,0.588379,-0.342285,0.282776,77.6031,44.1085,0
64.0300,205446,-0.675842,0.588440,-0.342102,0.282715,77.6058,44.1635,0
64.0400,205456,-0.675903,0.588562,-0.341919,0.282593,77.6121,44.2150,0
64.0500,205466,-0.676086,0.588684,-0.341553,0.282288,77.6192,44.2649,0
64.0600,205476,-0.677246,0.589478,-0.339539,0.280334,77.6267,44.3145,0
64.0700,205486,-0.678101,0.590027,-0.338074,0.278809,77.6252,44.3557,0
64.0800,205496,-0.679016,0.590820,-0.336365,0.276978,77.6078,44.3810,0
64.0900,205506,-0.679749,0.591492,-0.334961,0.275513,77.5937,44.3855,0
64.1000,205516,-0.680420,0.592041,-0.333740,0.274170,77.5856,44.3783,0
64.1100,205526,-0.681030,0.592407,-0.332703,0.273132,77.5791,44.3604,0
64.1200,205536,-0.681519,0.592712,-0.331787,0.272278,77.5735,44.3311,0
64.1300,205546,-0.681824,0.592896,-0.331238,0.271729,77.5700,44.2947,0
64.1400,205556,-0.681885,0.592957,-0.331116,0.271667,77.5716,44.2554,0
64.1500,205566,-0.681885,0.592957,-0.331116,0.271667,77.5701,44.2181,0
64.1600,205576,-0.681824,0.592896,-0.331238,0.271667,77.5638,44.1850,0
64.1700,205586,-0.681702,0.592834,-0.331543,0.271851,77.5554,44.1553,0
64.1800,205596,-0.681396,0.592712,-0.332031,0.272217,77.5433,44.1279,0
64.1900,205606,-0.681030,0.592407,-0.332825,0.272888,77.5365,44.1010,0
64.2000,205616,-0.680542,0.592102,-0.333740,0.273804,77.5366,44.0753,0
64.2100,205626,-0.679993,0.591675,-0.334656,0.274780,77.5379,44.0678,0
64.2200,205636,-0.679443,0.591309,-0.335632,0.275818,77.5421,44.0670,0
64.2300,205646,-0.678894,0.590820,-0.336670,0.276855,77.5503,44.0797,0
64.2400,205656,-0.678406,0.590393,-0.337646,0.277832,77.5622,44.1024,0
64.2500,205666,-0.677979,0.589966,-0.338501,0.278748,77.5746,44.1266,0
64.2600,205676,-0.677551,0.589539,-0.339355,0.279663,77.5806,44.1554,0
64.2700,205686,-0.677063,0.589172,-0.340210,0.280640,77.5820,44.1915,0
64.2800,205696,-0.676575,0.588806,-0.341064,0.281494,77.5846,44.2362,0
64.2900,205706,-0.676086,0.588440,-0.341919,0.282349,77.5871,44.2850,0
64.3000,205716,-0.675598,0.588135,-0.342712,0.283142,77.5894,44.3376,0
64.3100,205726,-0.675232,0.587830,-0.343384,0.283875,77.5904,44.3962,0
64.3200,205736,-0.674927,0.587646,-0.343872,0.284363,77.5896,44.4560,0
64.3300,205746,-0.674866,0.587585,-0.344116,0.284546,77.5877,44.5140,0
64.3400,205756,-0.674866,0.587585,-0.344055,0.284485,77.5894,44.5673,0
64.3500,205766,-0.674927,0.587646,-0.343872,0.284363,77.5928,44.6180,0
64.3600,205776,-0.675049,0.587708,-0.343628,0.284241,77.5984,44.6600,0
64.3700,205786,-0.675293,0.587830,-0.343323,0.283936,77.6031,44.6998,0
64.3800,205796,-0.675598,0.588074,-0.342712,0.283447,77.6070,44.7392,0
64.3900,205806,-0.676208,0.588501,-0.341614,0.282349,77.6102,44.7756,0
64.4000,205816,-0.676941,0.589050,-0.340332,0.281067,77.6102,44.8042,0
64.4100,205826,-0.677612,0.589478,-0.339172,0.279846,77.6048,44.8262,0
64.4200,205836,-0.678223,0.589905,-0.338135,0.278809,77.6027,44.8358,0
64.4300,205846,-0.678894,0.590393,-0.336914,0.277527,77.5953,44.8343,0
64.4400,205856,-0.679565,0.590942,-0.335693,0.276306,77.5818,44.8212,0
64.4500,205866,-0.679993,0.591248,-0.334839,0.275452,77.5743,44.7933,0
64.4600,205876,-0.680298,0.591492,-0.334290,0.274963,77.5708,44.7602,0
64.4700,205886,-0.680420,0.591614,-0.333984,0.274658,77.5674,44.7238,0
64.4800,205896,-0.680542,0.591675,-0.333862,0.274597,77.5665,44.6880,0
64.4900,205906,-0.680542,0.591675,-0.333862,0.274597,77.5634,44.6535,0
64.5000,205916,-0.680542,0.591675,-0.333862,0.274597,77.5597,44.6207,0
64.5100,205926,-0.680481,0.591614,-0.333923,0.274658,77.5551,44.5912,0
64.5200,205936,-0.680359,0.591553,-0.334167,0.274780,77.5490,44.5688,0
64.5300,205946,-0.680115,0.591431,-0.334595,0.275146,77.5413,44.5520,0
64.5400,205956,-0.679810,0.591125,-0.335266,0.275757,77.5406,44.5327,0
64.5500,205966,-0.679382,0.590759,-0.336121,0.276489,77.5447,44.5190,0
64.5600,205976,-0.678894,0.590393,-0.337036,0.277405,77.5527,44.5095,0
64.5700,205986,-0.678284,0.589905,-0.338196,0.278625,77.5627,44.5058,0
64.5800,205996,-0.677612,0.589355,-0.339417,0.279907,77.5686,44.5146,0
64.5900,206006,-0.676941,0.588806,-0.340576,0.281189,77.5742,44.5373,0
64.6000,206016,-0.676270,0.588318,-0.341736,0.282410,77.5826,44.5688,0
64.6100,206026,-0.675049,0.587280,-0.343933,0.284729,77.5875,44.6105,0
64.6200,206036,-0.674500,0.586853,-0.344910,0.285767,77.5928,44.6577,0
64.6300,206046,-0.674072,0.586487,-0.345703,0.286621,77.5972,44.7143,0
64.6400,206056,-0.673645,0.586243,-0.346313,0.287292,77.6008,44.7773,0
64.6500,206066,-0.673401,0.586060,-0.346802,0.287720,77.6031,44.8455,0
64.6600,206076,-0.673279,0.585937,-0.347046,0.287964,77.6052,44.9098,0
64.6700,206086,-0.673279,0.585937,-0.347107,0.287964,77.6060,44.9770,0
64.6800,206096,-0.673279,0.585937,-0.347107,0.287964,77.6050,45.0420,0
64.6900,206106,-0.673279,0.585937,-0.346985,0.287903,77.6071,45.0982,0
64.7000,206116,-0.673401,0.586060,-0.346802,0.287781,77.6102,45.1493,0
64.7100,206126,-0.673523,0.586121,-0.346497,0.287537,77.6137,45.1970,0
64.7200,206136,-0.673828,0.586365,-0.345947,0.287048,77.6165,45.2434,0
64.7300,206146,-0.674255,0.586731,-0.345215,0.286377,77.6205,45.2854,0
64.7400,206156,-0.674683,0.587036,-0.344421,0.285645,77.6237,45.3214,0
64.7500,206166,-0.675110,0.587341,-0.343689,0.284912,77.6273,45.3506,0
64.7600,206176,-0.675537,0.587646,-0.342896,0.284119,77.6290,45.3719,0
64.7700,206186,-0.676025,0.588013,-0.342102,0.283264,77.6288,45.3753,0
64.7800,206196,-0.676514,0.588379,-0.341187,0.282410,77.6268,45.3752,0
64.7900,206206,-0.677002,0.588684,-0.340332,0.281494,77.6249,45.3677,0
64.8000,206216,-0.677490,0.589050,-0.339478,0.280640,77.6232,45.3519,0
64.8100,206226,-0.678040,0.589417,-0.338623,0.279724,77.6178,45.3304,0
64.8200,206236,-0.678528,0.589722,-0.337769,0.278870,77.6150,45.3037,0
64.8300,206246,-0.679077,0.590088,-0.336792,0.277832,77.6040,45.2682,0
64.8400,206256,-0.679687,0.590576,-0.335693,0.276672,77.5931,45.2229,0
64.8500,206266,-0.680176,0.591003,-0.334778,0.275696,77.5899,45.1695,0
64.8600,206276,-0.680542,0.591309,-0.334045,0.275024,77.5887,45.1107,0
64.8700,206286,-0.680786,0.591431,-0.333618,0.274597,77.5887,45.0537,0
64.8800,206296,-0.680847,0.591492,-0.333435,0.274475,77.5864,44.9959,0
64.8900,206306,-0.680847,0.591492,-0.333435,0.274475,77.5865,44.9435,0
64.9000,206316,-0.680847,0.591431,-0.333618,0.274536,77.5812,44.8966,0
64.9100,206326,-0.680664,0.591309,-0.333984,0.274780,77.5707,44.8569,0
64.9200,206336,-0.680237,0.591064,-0.334717,0.275452,77.5620,44.8208,0
64.9300,206346,-0.679749,0.590637,-0.335693,0.276306,77.5597,44.7843,0
64.9400,206356,-0.679138,0.590088,-0.336914,0.277527,77.5669,44.7539,0
64.9500,206366,-0.678406,0.589478,-0.338257,0.279053,77.5774,44.7292,0
64.9600,206376,-0.677612,0.588867,-0.339661,0.280457,77.5838,44.7183,0
64.9700,206386,-0.676941,0.588318,-0.340881,0.281799,77.5898,44.7239,0
64.9800,206396,-0.676208,0.587708,-0.342163,0.283142,77.5980,44.7406,0
64.9900,206406,-0.675537,0.587158,-0.343445,0.284485,77.6045,44.7646,0
65.0000,206416,-0.674866,0.586670,-0.344604,0.285767,77.6089,44.8006,0
65.0100,206426,-0.674255,0.586243,-0.345581,0.286743,77.6114,44.8494,0
65.0200,206436,-0.673889,0.585937,-0.346313,0.287415,77.6137,44.9062,0
65.0300,206446,-0.673645,0.585815,-0.346680,0.287842,77.6123,44.9675,0
65.0400,206456,-0.673523,0.585693,-0.346985,0.288086,77.6104,45.0318,0
65.0500,206466,-0.673462,0.585632,-0.347107,0.288147,77.6098,45.0952,0
65.0600,206476,-0.673401,0.585571,-0.347168,0.288269,77.6074,45.1549,0
65.0700,206486,-0.673340,0.585510,-0.347290,0.288330,77.6046,45.2159,0
65.0800,206496,-0.673157,0.585388,-0.347595,0.288635,77.6025,45.2777,0
65.0900,206506,-0.672913,0.585144,-0.348145,0.289124,77.6034,45.3366,0
65.1000,206516,-0.672546,0.584961,-0.348755,0.289673,77.6032,45.3970,0
65.1100,206526,-0.672180,0.584656,-0.349365,0.290283,77.6023,45.4595,0
65.1200,206536,-0.671814,0.584412,-0.349976,0.290894,77.6003,45.5231,0
65.1300,206546,-0.671509,0.584167,-0.350525,0.291443,77.6008,45.5881,0
65.1400,206556,-0.671204,0.583984,-0.351013,0.291992,77.5983,45.6553,0
65.1500,206566,-0.670959,0.583801,-0.351501,0.292480,77.5965,45.7224,0
65.1600,206576,-0.670166,0.583252,-0.352722,0.293762,77.5942,45.7912,0
65.1700,206586,-0.669617,0.582886,-0.353638,0.294678,77.5932,45.8630,0
65.1800,206596,-0.668945,0.582397,-0.354675,0.295776,77.5935,45.9382,0
65.1900,206606,-0.668213,0.581848,-0.355957,0.297119,77.5979,46.0203,0
65.2000,206616,-0.667542,0.581238,-0.357178,0.298340,77.6044,46.1119,0
65.2100,206626,-0.666931,0.580688,-0.358215,0.299377,77.6106,46.2136,0
65.2200,206636,-0.666321,0.580139,-0.359375,0.300598,77.6189,46.3192,0
65.2300,206646,-0.665649,0.579590,-0.360474,0.301758,77.6274,46.4229,0
65.2400,206656,-0.665039,0.579041,-0.361511,0.302979,77.6324,46.5291,0
65.2500,206666,-0.664368,0.578613,-0.362488,0.304016,77.6313,46.6399,0
65.2600,206676,-0.663818,0.578247,-0.363342,0.304871,77.6285,46.7628,0
65.2700,206686,-0.663269,0.577820,-0.364258,0.305847,77.6275,46.8818,0
65.2800,206696,-0.662720,0.577454,-0.365112,0.306763,77.6243,47.0018,0
65.2900,206706,-0.662170,0.577087,-0.365906,0.307617,77.6206,47.1251,0
65.3000,206716,-0.661560,0.576721,-0.366760,0.308533,77.6190,47.2516,0
65.3100,206726,-0.661072,0.576355,-0.367615,0.309387,77.6182,47.3828,0
65.3200,206736,-0.660522,0.575928,-0.368408,0.310242,77.6167,47.5249,0
65.3300,206746,-0.659973,0.575500,-0.369324,0.311157,77.6148,47.6704,0
65.3400,206756,-0.659363,0.575073,-0.370239,0.312073,77.6117,47.8168,0
65.3500,206766,-0.658813,0.574646,-0.371216,0.312988,77.6100,47.9653,0
65.3600,206776,-0.658203,0.574219,-0.372131,0.313965,77.6084,48.1108,0
65.3700,206786,-0.657532,0.573792,-0.373108,0.314941,77.6080,48.2572,0
65.3800,206796,-0.656921,0.573303,-0.374084,0.315918,77.6095,48.4075,0
65.3900,206806,-0.656433,0.572937,-0.374878,0.316711,77.6114,48.5589,0
65.4000,206816,-0.656006,0.572632,-0.375549,0.317383,77.6121,48.7094,0
65.4100,206826,-0.655640,0.572388,-0.376038,0.317932,77.6122,48.8592,0
65.4200,206836,-0.655396,0.572144,-0.376526,0.318359,77.6134,49.0064,0
65.4300,206846,-0.655090,0.571960,-0.376953,0.318726,77.6169,49.1446,0
65.4400,206856,-0.654419,0.571472,-0.377991,0.319824,77.6209,49.2793,0
65.4500,206866,-0.653992,0.571167,-0.378601,0.320496,77.6265,49.4128,0
65.4600,206876,-0.653503,0.570862,-0.379333,0.321228,77.6305,49.5447,0
65.4700,206886,-0.653015,0.570496,-0.380066,0.322021,77.6338,49.6781,0
65.4800,206896,-0.652405,0.570068,-0.380920,0.322876,77.6375,49.8135,0
65.4900,206906,-0.651855,0.569641,-0.381836,0.323792,77.6411,49.9516,0
65.5000,206916,-0.651245,0.569214,-0.382690,0.324646,77.6409,50.0914,0
65.5100,206926,-0.650757,0.568848,-0.383484,0.325439,77.6407,50.2330,0
65.5200,206936,-0.650330,0.568481,-0.384155,0.326050,77.6393,50.3773,0
65.5300,206946,-0.650024,0.568298,-0.384583,0.326538,77.6368,50.5181,0
65.5400,206956,-0.649780,0.568115,-0.384949,0.326843,77.6344,50.6556,0
65.5500,206966,-0.649597,0.567932,-0.385315,0.327148,77.6333,50.7894,0
65.5600,206976,-0.649414,0.567810,-0.385559,0.327393,77.6317,50.9202,0
65.5700,206986,-0.649292,0.567688,-0.385803,0.327576,77.6314,51.0444,0
65.5800,206996,-0.649170,0.567566,-0.385986,0.327759,77.6299,51.1662,0
65.5900,207006,-0.649109,0.567505,-0.386108,0.327881,77.6291,51.2848,0
65.6000,207016,-0.649109,0.567505,-0.386108,0.327881,77.6271,51.3999,0
65.6100,207026,-0.649109,0.567505,-0.386108,0.327881,77.6270,51.5080,0
65.6200,207036,-0.649170,0.567566,-0.386047,0.327820,77.6281,51.6083,0
65.6300,207046,-0.649231,0.567566,-0.385925,0.327759,77.6326,51.6994,0
65.6400,207056,-0.649292,0.567688,-0.385803,0.327576,77.6352,51.7815,0
65.6500,207066,-0.649536,0.567871,-0.385376,0.327209,77.6223,51.8656,0
65.6600,207076,-0.650146,0.568481,-0.384399,0.326172,77.6069,51.9402,0
65.6700,207086,-0.651062,0.569275,-0.382935,0.324646,77.5966,51.9982,0
65.6800,207096,-0.652222,0.570251,-0.381104,0.322693,77.5903,52.0381,0
65.6900,207106,-0.653503,0.571228,-0.379150,0.320679,77.5843,52.0574,0
65.7000,207116,-0.654663,0.572083,-0.377380,0.318909,77.5804,52.0565,0
65.7100,207126,-0.655518,0.572754,-0.376038,0.317505,77.5737,52.0444,0
65.7200,207136,-0.657104,0.573975,-0.373596,0.314941,77.5654,52.0206,0
65.7300,207146,-0.657837,0.574524,-0.372498,0.313721,77.5552,51.9860,0
65.7400,207156,-0.658691,0.575256,-0.371094,0.312195,77.5401,51.9425,0
65.7500,207166,-0.659607,0.576050,-0.369629,0.310486,77.5258,51.8896,0
65.7600,207176,-0.660645,0.576904,-0.367920,0.308777,77.5193,51.8196,0
65.7700,207186,-0.661743,0.577698,-0.366272,0.307007,77.5191,51.7358,0
65.7800,207196,-0.662964,0.578552,-0.364380,0.304993,77.5219,51.6415,0
65.7900,207206,-0.664429,0.579590,-0.362000,0.302490,77.5203,51.5437,0
65.8000,207216,-0.666138,0.580811,-0.359314,0.299683,77.5193,51.4317,0
65.8100,207226,-0.667908,0.582214,-0.356384,0.296570,77.4976,51.2984,0
65.8200,207236,-0.669128,0.583252,-0.354187,0.294312,77.4858,51.1309,0
65.8300,207246,-0.670227,0.584106,-0.352295,0.292358,77.4794,50.9549,0
65.8400,207256,-0.671326,0.584839,-0.350525,0.290527,77.4834,50.7702,0
65.8500,207266,-0.672241,0.585449,-0.348999,0.289063,77.4937,50.5769,0
65.8600,207276,-0.673279,0.586121,-0.347229,0.287292,77.4976,50.3794,0
65.8700,207286,-0.674072,0.586731,-0.345825,0.285889,77.4995,50.1727,0
65.8800,207296,-0.674805,0.587280,-0.344543,0.284607,77.5013,49.9534,0
65.8900,207306,-0.675598,0.587830,-0.343262,0.283325,77.5013,49.7348,0
65.9000,207316,-0.676331,0.588318,-0.341980,0.282043,77.5030,49.5147,0
65.9100,207326,-0.677124,0.588928,-0.340515,0.280579,77.5028,49.2929,0
65.9200,207336,-0.677979,0.589478,-0.339050,0.279053,77.5015,49.0721,0
65.9300,207346,-0.678833,0.590088,-0.337646,0.277588,77.5044,48.8499,0
65.9400,207356,-0.679687,0.590698,-0.336121,0.276001,77.5000,48.6231,0
65.9500,207366,-0.680664,0.591370,-0.334290,0.274231,77.5012,48.3885,0
65.9600,207376,-0.681580,0.592041,-0.332642,0.272583,77.5047,48.1595,0
65.9700,207386,-0.682617,0.592773,-0.330750,0.270630,77.5051,47.9255,0
65.9800,207396,-0.683777,0.593567,-0.328674,0.268494,77.5078,47.6821,0
65.9900,207406,-0.684875,0.594360,-0.326660,0.266479,77.5056,47.4340,0
66.0000,207416,-0.687134,0.595886,-0.322510,0.262268,77.5030,47.1759,0
66.0100,207426,-0.687683,0.596130,-0.321594,0.261414,77.5165,46.9079,0
66.0200,207436,-0.688049,0.596252,-0.320923,0.260925,77.5330,46.6428,0
66.0300,207446,-0.688293,0.596375,-0.320435,0.260559,77.5470,46.3861,0
66.0400,207456,-0.688538,0.596436,-0.320068,0.260254,77.5572,46.1367,0
66.0500,207466,-0.688721,0.596619,-0.319580,0.259888,77.5622,45.8979,0
66.0600,207476,-0.688965,0.596863,-0.319031,0.259399,77.5629,45.6685,0
66.0700,207486,-0.689209,0.596985,-0.318604,0.259033,77.5628,45.4480,0
66.0800,207496,-0.689331,0.597168,-0.318237,0.258728,77.5622,45.2354,0
66.0900,207506,-0.689514,0.597290,-0.317932,0.258423,77.5622,45.0291,0
66.1000,207516,-0.689636,0.597351,-0.317627,0.258179,77.5623,44.8295,0
66.1100,207526,-0.689758,0.597473,-0.317444,0.257996,77.5623,44.6410,0
66.1200,207536,-0.689758,0.597473,-0.317322,0.257935,77.5611,44.4595,0
66.1300,207546,-0.689819,0.597534,-0.317261,0.257874,77.5600,44.2864,0
66.1400,207556,-0.689819,0.597534,-0.317261,0.257874,77.5607,44.1207,0
66.1500,207566,-0.689819,0.597534,-0.317261,0.257874,77.5608,43.9633,0
66.1600,207576,-0.689819,0.597534,-0.317261,0.257874,77.5621,43.8132,0
66.1700,207586,-0.689819,0.597534,-0.317261,0.257874,77.5615,43.6706,0
66.1800,207596,-0.689819,0.597534,-0.317261,0.257874,77.5615,43.5358,0
66.1900,207606,-0.689819,0.597534,-0.317261,0.257874,77.5616,43.4070,0
66.2000,207616,-0.689819,0.597534,-0.317261,0.257874,77.5622,43.2841,0
66.2100,207626,-0.689819,0.597534,-0.317261,0.257874,77.5628,43.1680,0
66.2200,207636,-0.689819,0.597534,-0.317261,0.257874,77.5628,43.0577,0
66.2300,207646,-0.689819,0.597534,-0.317261,0.257874,77.5628,42.9528,0
66.2400,207656,-0.689819,0.597534,-0.317261,0.257874,77.5646,42.8539,0
66.2500,207666,-0.689819,0.597534,-0.317261,0.257874,77.5663,42.7598,0
66.2600,207676,-0.689819,0.597534,-0.317261,0.257874,77.5655,42.6687,0
66.2700,207686,-0.689758,0.597534,-0.317261,0.257874,77.5665,42.5816,0
66.2800,207696,-0.689758,0.597534,-0.317261,0.257874,77.5663,42.4982,0
66.2900,207706,-0.689758,0.597534,-0.317261,0.257874,77.5649,42.4201,0
66.3000,207716,-0.689758,0.597534,-0.317261,0.257874,77.5654,42.3460,0
66.3100,207726,-0.689758,0.597534,-0.317261,0.257874,77.5665,42.2744,0
66.3200,207736,-0.689758,0.597534,-0.317261,0.257874,77.5657,42.2075,0
66.3300,207746,-0.689758,0.597534,-0.317261,0.257874,77.5643,42.1446,0
66.3400,207756,-0.689758,0.597534,-0.317261,0.257874,77.5642,42.0849,0
66.3500,207766,-0.689758,0.597534,-0.317261,0.257874,77.5647,42.0263,0
66.3600,207776,-0.689758,0.597534,-0.317261,0.257874,77.5646,41.9725,0
66.3700,207786,-0.689758,0.597534,-0.317261,0.257874,77.5651,41.9201,0
66.3800,207796,-0.689758,0.597534,-0.317261,0.257874,77.5650,41.8698,0
66.3900,207806,-0.689758,0.597534,-0.317261,0.257874,77.5660,41.8232,0
66.4000,207816,-0.689758,0.597534,-0.317261,0.257874,77.5653,41.7801,0
66.4100,207826,-0.689758,0.597534,-0.317261,0.257874,77.5657,41.7374,0
66.4200,207836,-0.689758,0.597534,-0.317261,0.257874,77.5644,41.6980,0
66.4300,207846,-0.689758,0.597534,-0.317261,0.257874,77.5643,41.6605,0
66.4400,207856,-0.689758,0.597534,-0.317261,0.257874,77.5630,41.6256,0
66.4500,207866,-0.689758,0.597534,-0.317261,0.257874,77.5618,41.5918,0
66.4600,207876,-0.689758,0.597534,-0.317261,0.257874,77.5612,41.5597,0
66.4700,207886,-0.689758,0.597534,-0.317261,0.257874,77.5625,41.5291,0
66.4800,207896,-0.689758,0.597534,-0.317261,0.257874,77.5619,41.4996,0
66.4900,207906,-0.689758,0.597534,-0.317261,0.257874,77.5619,41.4709,0
66.5000,207916,-0.689758,0.597534,-0.317261,0.257874,77.5620,41.4430,0
66.5100,207926,-0.689758,0.597534,-0.317261,0.257813,77.5620,41.4189,0
66.5200,207936,-0.689758,0.597534,-0.317261,0.257813,77.5626,41.3960,0
66.5300,207946,-0.689758,0.597534,-0.317322,0.257813,77.5620,41.3731,0
66.5400,207956,-0.689758,0.597534,-0.317322,0.257813,77.5620,41.3513,0
66.5500,207966,-0.689758,0.597534,-0.317322,0.257813,77.5632,41.3294,0
66.5600,207976,-0.689758,0.597534,-0.317322,0.257813,77.5638,41.3093,0
66.5700,207986,-0.689758,0.597534,-0.317322,0.257813,77.5637,41.2913,0
66.5800,207996,-0.689758,0.597534,-0.317322,0.257813,77.5637,41.2748,0
66.5900,208006,-0.689758,0.597534,-0.317322,0.257813,77.5636,41.2573,0
66.6000,208016,-0.689758,0.597534,-0.317322,0.257813,77.5636,41.2419,0
66.6100,208026,-0.689758,0.597534,-0.317322,0.257813,77.5653,41.2273,0
66.6200,208036,-0.689758,0.597534,-0.317322,0.257813,77.5651,41.2128,0
66.6300,208046,-0.689758,0.597534,-0.317322,0.257813,77.5632,41.1990,0
66.6400,208056,-0.689758,0.597534,-0.317322,0.257813,77.5626,41.1854,0
66.6500,208066,-0.689758,0.597534,-0.317322,0.257813,77.5638,41.1730,0
66.6600,208076,-0.689758,0.597534,-0.317322,0.257813,77.5643,41.1612,0
66.6700,208086,-0.689758,0.597534,-0.317322,0.257813,77.5654,41.1494,0
66.6800,208096,-0.689758,0.597534,-0.317322,0.257813,77.5653,41.1400,0
66.6900,208106,-0.689758,0.597534,-0.317322,0.257813,77.5645,41.1305,0
66.7000,208116,-0.689758,0.597534,-0.317322,0.257813,77.5632,41.1214,0
66.7100,208126,-0.689758,0.597534,-0.317322,0.257813,77.5632,41.1122,0
66.7200,208136,-0.689758,0.597534,-0.317322,0.257813,77.5638,41.1029,0
66.7300,208146,-0.689758,0.597534,-0.317322,0.257813,77.5637,41.0940,0
66.7400,208156,-0.689758,0.597534,-0.317322,0.257813,77.5642,41.0856,0
66.7500,208166,-0.689758,0.597595,-0.317322,0.257813,77.5636,41.0770,0
66.7600,208176,-0.689758,0.597595,-0.317322,0.257813,77.5635,41.0688,0
66.7700,208186,-0.689758,0.597595,-0.317322,0.257813,77.5623,41.0623,0
66.7800,208196,-0.689758,0.597595,-0.317322,0.257813,77.5617,41.0554,0
66.7900,208206,-0.689758,0.597595,-0.317322,0.257813,77.5599,41.0490,0
66.8000,208216,-0.689758,0.597595,-0.317322,0.257813,77.5595,41.0440,0
66.8100,208226,-0.689758,0.597595,-0.317322,0.257813,77.5590,41.0392,0
66.8200,208236,-0.689758,0.597595,-0.317322,0.257813,77.5598,41.0348,0
66.8300,208246,-0.689758,0.597595,-0.317322,0.257813,77.5593,41.0305,0
66.8400,208256,-0.689758,0.597595,-0.317322,0.257813,77.5601,41.0270,0
66.8500,208266,-0.689758,0.597595,-0.317322,0.257813,77.5602,41.0231,0
66.8600,208276,-0.689758,0.597595,-0.317322,0.257813,77.5603,41.0189,0
66.8700,208286,-0.689758,0.597595,-0.317322,0.257813,77.5604,41.0166,0
66.8800,208296,-0.689758,0.597595,-0.317322,0.257813,77.5605,41.0138,0
66.8900,208306,-0.689758,0.597595,-0.317322,0.257813,77.5618,41.0100,0
66.9000,208316,-0.689758,0.597595,-0.317322,0.257813,77.5625,41.0070,0
66.9100,208326,-0.689758,0.597595,-0.317322,0.257813,77.5631,41.0053,0
66.9200,208336,-0.689758,0.597595,-0.317322,0.257813,77.5618,41.0037,0
66.9300,208346,-0.689758,0.597595,-0.317322,0.257813,77.5601,41.0004,0
66.9400,208356,-0.689758,0.597595,-0.317322,0.257813,77.5608,40.9972,0
66.9500,208366,-0.689758,0.597595,-0.317322,0.257813,77.5609,40.9948,0
66.9600,208376,-0.689758,0.597595,-0.317322,0.257813,77.5598,40.9920,0
66.9700,208386,-0.689758,0.597595,-0.317322,0.257813,77.5587,40.9898,0
66.9800,208396,-0.689758,0.597595,-0.317322,0.257813,77.5583,40.9866,0
66.9900,208406,-0.689758,0.597595,-0.317322,0.257813,77.5579,40.9830,0
67.0000,208416,-0.689758,0.597595,-0.317322,0.257813,77.5588,40.9801,0
67.0100,208426,-0.689758,0.597595,-0.317322,0.257813,77.5590,40.9774,0
67.0200,208436,-0.689758,0.597595,-0.317322,0.257813,77.5591,40.9772,0
67.0300,208446,-0.689758,0.597595,-0.317322,0.257813,77.5581,40.9758,0
67.0400,208456,-0.689758,0.597595,-0.317322,0.257813,77.5577,40.9739,0
67.0500,208466,-0.689758,0.597595,-0.317322,0.257813,77.5574,40.9726,0
67.0600,208476,-0.689758,0.597595,-0.317322,0.257813,77.5564,40.9721,0
67.0700,208486,-0.689758,0.597595,-0.317322,0.257813,77.5573,40.9703,0
67.0800,208496,-0.689758,0.597595,-0.317322,0.257813,77.5570,40.9687,0
67.0900,208506,-0.689758,0.597595,-0.317322,0.257813,77.5561,40.9677,0
67.1000,208516,-0.689758,0.597595,-0.317322,0.257813,77.5558,40.9656,0
67.1100,208526,-0.689758,0.597595,-0.317322,0.257813,77.5562,40.9642,0
67.1200,208536,-0.689758,0.597595,-0.317322,0.257813,77.5565,40.9623,0
67.1300,208546,-0.689758,0.597595,-0.317322,0.257813,77.5562,40.9593,0
67.1400,208556,-0.689758,0.597595,-0.317322,0.257813,77.5553,40.9576,0
67.1500,208566,-0.689758,0.597595,-0.317322,0.257813,77.5551,40.9566,0
67.1600,208576,-0.689758,0.597595,-0.317322,0.257813,77.5525,40.9550,0
67.1700,208586,-0.689758,0.597595,-0.317322,0.257813,77.5506,40.9548,0
67.1800,208596,-0.689758,0.597595,-0.317322,0.257813,77.5500,40.9533,0
67.1900,208606,-0.689697,0.597595,-0.317383,0.257874,77.5488,40.9519,0
67.2000,208616,-0.689697,0.597534,-0.317444,0.257935,77.5495,40.9543,0
67.2100,208626,-0.689636,0.597473,-0.317566,0.258057,77.5508,40.9542,0
67.2200,208636,-0.689514,0.597412,-0.317749,0.258179,77.5525,40.9512,0
67.2300,208646,-0.689392,0.597351,-0.317993,0.258484,77.5584,40.9490,0
67.2400,208656,-0.689270,0.597229,-0.318237,0.258850,77.5675,40.9483,0
67.2500,208666,-0.689087,0.597046,-0.318542,0.259277,77.5756,40.9502,0
67.2600,208676,-0.688843,0.596863,-0.318970,0.259766,77.5798,40.9615,0
67.2700,208686,-0.688354,0.596741,-0.319702,0.260498,77.5666,40.9761,0
67.2800,208696,-0.687683,0.596680,-0.320618,0.261353,77.5316,40.9922,0
67.2900,208706,-0.686890,0.596680,-0.321533,0.262146,77.4840,41.0181,0
67.3000,208716,-0.685974,0.596741,-0.322693,0.263062,77.4257,41.0540,0
67.3100,208726,-0.684937,0.596619,-0.324158,0.264221,77.3579,41.0963,0
67.3200,208736,-0.683655,0.596802,-0.325684,0.265259,77.3790,41.1564,0
67.3300,208746,-0.683350,0.596558,-0.326294,0.265930,77.4453,41.2337,0
67.3400,208756,-0.683716,0.596252,-0.326050,0.265869,77.5446,41.3099,0
67.3500,208766,-0.684387,0.595764,-0.325623,0.265808,77.5717,41.3604,0
67.3600,208776,-0.684509,0.595642,-0.325500,0.265869,77.5411,41.4057,0
67.3700,208786,-0.684509,0.595947,-0.325256,0.265503,77.4462,41.4652,0
67.3800,208796,-0.684448,0.596985,-0.324707,0.263916,77.4320,41.5279,0
67.3900,208806,-0.685303,0.596375,-0.323792,0.264221,77.5859,41.5227,0
67.4000,208816,-0.685669,0.596619,-0.323120,0.263611,77.5896,41.5501,0
67.4100,208826,-0.685852,0.596863,-0.322632,0.263184,77.5844,41.5629,0
67.4200,208836,-0.686401,0.596802,-0.321960,0.262756,77.6187,41.5815,0
67.4300,208846,-0.687073,0.596619,-0.321045,0.262512,77.6744,41.5847,0
67.4400,208856,-0.687561,0.596497,-0.320557,0.262085,77.7136,41.6059,0
67.4500,208866,-0.687561,0.596741,-0.320374,0.261780,77.6797,41.6058,0
67.4600,208876,-0.687622,0.597046,-0.320007,0.261292,77.6533,41.6114,0
67.4700,208886,-0.687927,0.597168,-0.319519,0.260925,77.6693,41.6070,0
67.4800,208896,-0.688416,0.597107,-0.319031,0.260376,77.7005,41.6239,0
67.4900,208906,-0.688782,0.597107,-0.318481,0.260132,77.7331,41.6014,0
67.5000,208916,-0.689270,0.596863,-0.317810,0.260132,77.8044,41.5733,0
67.5100,208926,-0.689270,0.597168,-0.317627,0.259644,77.7642,41.5702,0
67.5200,208936,-0.689270,0.597595,-0.317566,0.258728,77.6972,41.5948,0
67.5300,208946,-0.689514,0.597473,-0.317200,0.258850,77.7347,41.5506,0
67.5400,208956,-0.690186,0.597046,-0.316284,0.259155,77.8685,41.4822,0
67.5500,208966,-0.690369,0.597290,-0.315918,0.258667,77.8500,41.4718,0
67.5600,208976,-0.690186,0.597656,-0.315918,0.258118,77.7771,41.4674,0
67.5700,208986,-0.690125,0.598022,-0.315857,0.257568,77.7269,41.4580,0
67.5800,208996,-0.690247,0.598083,-0.315613,0.257263,77.7226,41.4341,0
67.5900,209006,-0.690552,0.598022,-0.315247,0.257141,77.7309,41.3933,0
67.6000,209016,-0.690735,0.598083,-0.314880,0.256897,77.7727,41.3546,0
67.6100,209026,-0.690979,0.598145,-0.314514,0.256714,77.7844,41.3185,0
67.6200,209036,-0.691101,0.598083,-0.314331,0.256714,77.8106,41.2911,0
67.6300,209046,-0.691406,0.598022,-0.313904,0.256470,77.8254,41.2573,0
67.6400,209056,-0.691589,0.597961,-0.313721,0.256409,77.8050,41.2275,0
67.6500,209066,-0.691589,0.598145,-0.313538,0.256165,77.7951,41.1966,0
67.6600,209076,-0.691772,0.598206,-0.313171,0.255981,77.8143,41.1661,0
67.6700,209086,-0.692200,0.598267,-0.312561,0.255432,77.8324,41.1387,0
67.6800,209096,-0.692505,0.598389,-0.312012,0.255005,77.8384,41.1023,0
67.6900,209106,-0.692444,0.598389,-0.312073,0.255127,77.8346,41.0608,0
67.7000,209116,-0.692322,0.598389,-0.312134,0.255249,77.8238,41.0219,0
67.7100,209126,-0.692017,0.598267,-0.312622,0.255737,77.8130,40.9918,0
67.7200,209136,-0.691650,0.598145,-0.313293,0.256226,77.7920,40.9681,0
67.7300,209146,-0.691223,0.598328,-0.313843,0.256348,77.7359,40.9642,0
67.7400,209156,-0.690735,0.598511,-0.314514,0.256470,77.6705,40.9640,0
67.7500,209166,-0.689880,0.598755,-0.315796,0.256531,77.7116,40.9319,0
67.7600,209176,-0.689209,0.598572,-0.317139,0.257080,77.7785,40.8851,0
67.7700,209186,-0.688232,0.598694,-0.318848,0.257385,77.7872,40.8737,0
67.7800,209196,-0.687683,0.598694,-0.319824,0.257690,77.7194,40.9063,0
67.7900,209206,-0.687378,0.598267,-0.320435,0.258606,77.7327,40.8989,0
67.8000,209216,-0.686523,0.598511,-0.321655,0.258972,77.6212,40.9410,0
67.8100,209226,-0.685547,0.599060,-0.322510,0.259094,77.4838,40.9585,0
67.8200,209236,-0.684937,0.598877,-0.323547,0.259949,77.4565,40.9849,0
67.8300,209246,-0.684692,0.598328,-0.324219,0.260986,77.5044,41.0049,0
67.8400,209256,-0.684631,0.597839,-0.324585,0.261841,77.5546,41.0278,0
67.8500,209266,-0.684326,0.597534,-0.325195,0.262573,77.5656,41.0639,0
67.8600,209276,-0.684021,0.597351,-0.325745,0.263000,77.5546,41.1182,0
67.8700,209286,-0.683899,0.597168,-0.326111,0.263367,77.5078,41.1822,0
67.8800,209296,-0.683533,0.597229,-0.326599,0.263428,77.4734,41.2366,0
67.8900,209306,-0.683228,0.597290,-0.326965,0.263611,77.4793,41.2752,0
67.9000,209316,-0.683167,0.597168,-0.327148,0.263916,77.5492,41.3133,0
67.9100,209326,-0.683472,0.596802,-0.326965,0.264221,77.5806,41.3447,0
67.9200,209336,-0.683594,0.596619,-0.326843,0.264404,77.5873,41.3840,0
67.9300,209346,-0.683655,0.596558,-0.326782,0.264465,77.5514,41.4390,0
67.9400,209356,-0.685547,0.598145,-0.323059,0.260437,77.5471,41.4778,0
67.9500,209366,-0.686096,0.598511,-0.322144,0.259460,77.5471,41.4863,0
67.9600,209376,-0.686340,0.598694,-0.321655,0.258972,77.5412,41.4842,0
67.9700,209386,-0.686401,0.598755,-0.321472,0.258789,77.5385,41.4774,0
67.9800,209396,-0.686462,0.598755,-0.321411,0.258789,77.5360,41.4679,0
67.9900,209406,-0.686462,0.598755,-0.321411,0.258789,77.5330,41.4590,0
68.0000,209416,-0.686462,0.598755,-0.321411,0.258789,77.5320,41.4499,0
68.0100,209426,-0.686462,0.598755,-0.321411,0.258789,77.5333,41.4436,0
68.0200,209436,-0.686462,0.598755,-0.321411,0.258789,77.5340,41.4364,0
68.0300,209446,-0.686462,0.598755,-0.321411,0.258789,77.5347,41.4291,0
68.0400,209456,-0.686462,0.598755,-0.321411,0.258789,77.5348,41.4214,0
68.0500,209466,-0.686462,0.598755,-0.321411,0.258789,77.5348,41.4136,0
68.0600,209476,-0.686462,0.598755,-0.321411,0.258789,77.5360,41.4074,0
68.0700,209486,-0.686462,0.598755,-0.321411,0.258789,77.5366,41.4032,0
68.0800,209496,-0.686462,0.598755,-0.321411,0.258789,77.5354,41.3975,0
68.0900,209506,-0.686462,0.598755,-0.321411,0.258789,77.5342,41.3939,0
68.1000,209516,-0.686462,0.598755,-0.321350,0.258789,77.5337,41.3873,0
68.1100,209526,-0.686462,0.598755,-0.321350,0.258789,77.5320,41.3816,0
68.1200,209536,-0.686523,0.598816,-0.321289,0.258728,77.5304,41.3756,0
68.1300,209546,-0.686523,0.598816,-0.321228,0.258728,77.5283,41.3711,0
68.1400,209556,-0.686584,0.598816,-0.321167,0.258606,77.5269,41.3674,0
68.1500,209566,-0.686646,0.598938,-0.320984,0.258484,77.5231,41.3626,0
68.1600,209576,-0.686768,0.598999,-0.320679,0.258240,77.5196,41.3554,0
68.1700,209586,-0.686890,0.599121,-0.320374,0.257935,77.5145,41.3450,0
68.1800,209596,-0.687073,0.599243,-0.320068,0.257690,77.5084,41.3319,0
68.1900,209606,-0.687256,0.599365,-0.319641,0.257324,77.5032,41.3181,0
68.2000,209616,-0.687439,0.599548,-0.319275,0.256958,77.4966,41.3031,0
68.2100,209626,-0.687927,0.599854,-0.318420,0.256042,77.4914,41.2851,0
68.2200,209636,-0.688110,0.600037,-0.317993,0.255615,77.4888,41.2642,0
68.2300,209646,-0.688232,0.600159,-0.317749,0.255371,77.4858,41.2407,0
68.2400,209656,-0.688354,0.600220,-0.317505,0.255188,77.4836,41.2129,0
68.2500,209666,-0.688416,0.600281,-0.317322,0.255005,77.4820,41.1865,0
68.2600,209676,-0.688477,0.600342,-0.317200,0.254883,77.4811,41.1602,0
68.2700,209686,-0.688599,0.600403,-0.317017,0.254761,77.4785,41.1321,0
68.2800,209696,-0.688660,0.600464,-0.316833,0.254578,77.4760,41.1048,0
68.2900,209706,-0.688782,0.600525,-0.316589,0.254333,77.4731,41.0775,0
68.3000,209716,-0.688965,0.600647,-0.316223,0.254089,77.4722,41.0491,0
68.3100,209726,-0.689087,0.600830,-0.315918,0.253723,77.4708,41.0201,0
68.3200,209736,-0.689209,0.600952,-0.315552,0.253479,77.4700,40.9921,0
68.3300,209746,-0.689392,0.601074,-0.315247,0.253174,77.4693,40.9616,0
68.3400,209756,-0.689453,0.601196,-0.315002,0.252991,77.4710,40.9272,0
68.3500,209766,-0.689514,0.601196,-0.314880,0.252869,77.4750,40.8934,0
68.3600,209776,-0.689575,0.601257,-0.314758,0.252808,77.4799,40.8624,0
68.3700,209786,-0.689636,0.601257,-0.314697,0.252747,77.4847,40.8287,0
68.3800,209796,-0.689636,0.601318,-0.314636,0.252686,77.4892,40.7972,0
68.3900,209806,-0.689697,0.601318,-0.314575,0.252625,77.4928,40.7667,0
68.4000,209816,-0.689697,0.601318,-0.314514,0.252563,77.4963,40.7383,0
68.4100,209826,-0.689758,0.601379,-0.314453,0.252502,77.4996,40.7114,0
68.4200,209836,-0.689758,0.601379,-0.314392,0.252441,77.5028,40.6864,0
68.4300,209846,-0.689758,0.601440,-0.314331,0.252380,77.5057,40.6626,0
68.4400,209856,-0.689819,0.601440,-0.314270,0.252380,77.5086,40.6389,0
68.4500,209866,-0.689819,0.601440,-0.314270,0.252380,77.5119,40.6169,0
68.4600,209876,-0.689819,0.601440,-0.314270,0.252380,77.5156,40.5972,0
68.4700,209886,-0.689819,0.601440,-0.314270,0.252380,77.5197,40.5761,0
68.4800,209896,-0.689819,0.601440,-0.314270,0.252380,77.5219,40.5585,0
68.4900,209906,-0.689819,0.601440,-0.314270,0.252380,77.5221,40.5417,0
68.5000,209916,-0.689819,0.601440,-0.314270,0.252380,77.5247,40.5276,0
68.5100,209926,-0.689819,0.601440,-0.314270,0.252380,77.5278,40.5100,0
68.5200,209936,-0.689819,0.601440,-0.314270,0.252380,77.5301,40.4968,0
68.5300,209946,-0.689819,0.601440,-0.314270,0.252380,77.5312,40.4819,0
68.5400,209956,-0.689819,0.601440,-0.314331,0.252380,77.5333,40.4702,0
68.5500,209966,-0.689758,0.601379,-0.314331,0.252441,77.5366,40.4596,0
68.5600,209976,-0.689758,0.601379,-0.314392,0.252502,77.5408,40.4472,0
68.5700,209986,-0.689697,0.601379,-0.314453,0.252563,77.5443,40.4360,0
68.5800,209996,-0.689697,0.601318,-0.314514,0.252563,77.5464,40.4242,0
68.5900,210006,-0.689697,0.601318,-0.314575,0.252625,77.5454,40.4111,0
68.6000,210016,-0.689636,0.601257,-0.314636,0.252747,77.5475,40.4043,0
68.6100,210026,-0.689575,0.601074,-0.314880,0.253052,77.5666,40.3948,0
68.6200,210036,-0.689514,0.600586,-0.315308,0.253906,77.6008,40.3855,0
68.6300,210046,-0.689087,0.599976,-0.316406,0.255188,77.6363,40.3808,0
68.6400,210056,-0.687927,0.598999,-0.318787,0.257690,77.6499,40.3811,0
68.6500,210066,-0.686401,0.597839,-0.321655,0.260681,77.6526,40.4248,0
68.6600,210076,-0.684814,0.596802,-0.324524,0.263733,77.6505,40.4865,0
68.6700,210086,-0.683411,0.595764,-0.327087,0.266418,77.6532,40.5663,0
68.6800,210096,-0.682312,0.594971,-0.329102,0.268616,77.6589,40.6618,0
68.6900,210106,-0.681396,0.594482,-0.330627,0.270142,77.6442,40.7694,0
68.7000,210116,-0.680786,0.594604,-0.331238,0.270630,77.6723,40.8894,0
68.7100,210126,-0.681030,0.594482,-0.330933,0.270630,77.6521,41.0033,0
68.7200,210136,-0.681213,0.594849,-0.330444,0.270142,77.5498,41.1240,0
68.7300,210146,-0.681213,0.595825,-0.329712,0.268738,77.5304,41.2309,0
68.7400,210156,-0.682007,0.596558,-0.328186,0.267029,77.6861,41.2704,0
68.7500,210166,-0.683716,0.596558,-0.325623,0.265747,77.6423,41.3373,0
68.7600,210176,-0.684692,0.597656,-0.323547,0.263428,77.6788,41.3951,0
68.7700,210186,-0.687256,0.598877,-0.319214,0.258972,77.6832,41.4228,0
68.7800,210196,-0.688293,0.599670,-0.317261,0.256897,77.6673,41.4281,0
68.7900,210206,-0.689209,0.600464,-0.315430,0.254944,77.6533,41.4115,0
68.8000,210216,-0.690308,0.601074,-0.313354,0.253052,77.6691,41.3701,0
68.8100,210226,-0.691467,0.601746,-0.311096,0.251038,77.6866,41.3078,0
68.8200,210236,-0.692566,0.602417,-0.308838,0.249084,77.7069,41.2289,0
68.8300,210246,-0.693726,0.602966,-0.306519,0.247559,77.7571,41.1038,0
68.8400,210256,-0.694275,0.604004,-0.304688,0.245544,77.6944,41.0068,0
68.8500,210266,-0.695068,0.604492,-0.303040,0.244202,77.7140,40.8949,0
68.8600,210276,-0.695740,0.604858,-0.301636,0.243164,77.7444,40.7663,0
68.8700,210286,-0.696350,0.605347,-0.300171,0.241943,77.7431,40.6472,0
68.8800,210296,-0.696838,0.605896,-0.299255,0.240417,77.7109,40.5678,0
68.8900,210306,-0.697388,0.605957,-0.298340,0.239624,77.7439,40.4427,0
68.9000,210316,-0.697937,0.606079,-0.297485,0.238892,77.7693,40.3199,0
68.9100,210326,-0.698181,0.606445,-0.296753,0.238159,77.7572,40.1905,0
68.9200,210336,-0.698120,0.607056,-0.296204,0.237366,77.7006,40.0497,0
68.9300,210346,-0.698486,0.607300,-0.295654,0.236572,77.6979,39.9451,0
68.9400,210356,-0.698669,0.607300,-0.295227,0.236450,77.7293,39.8035,0
68.9500,210366,-0.698853,0.607117,-0.295044,0.236633,77.7710,39.6673,0
68.9600,210376,-0.698975,0.606995,-0.294922,0.236572,77.7935,39.5515,0
68.9700,210386,-0.699097,0.606934,-0.294861,0.236572,77.8142,39.4379,0
68.9800,210396,-0.699158,0.606812,-0.294922,0.236755,77.8451,39.3301,0
68.9900,210406,-0.699219,0.606567,-0.294922,0.236938,77.8603,39.2324,0
69.0000,210416,-0.699402,0.606628,-0.294617,0.236755,77.8426,39.1447,0
69.0100,210426,-0.699524,0.606812,-0.294312,0.236328,77.8276,39.0519,0
69.0200,210436,-0.699402,0.606934,-0.294434,0.236328,77.8150,38.9774,0
69.0300,210446,-0.699219,0.606873,-0.294739,0.236450,77.7596,38.9090,0
69.0400,210456,-0.698181,0.607788,-0.295715,0.236023,77.8092,38.8066,0
69.0500,210466,-0.697205,0.608398,-0.296753,0.235962,77.8228,38.7208,0
69.0600,210476,-0.696838,0.608398,-0.297363,0.236267,77.7913,38.6667,0
69.0700,210486,-0.696533,0.608276,-0.297913,0.236694,77.7768,38.6042,0
69.0800,210496,-0.696533,0.607849,-0.298340,0.237305,77.8199,38.5493,0
69.0900,210506,-0.695923,0.608154,-0.298950,0.237549,77.7434,38.4991,0
69.1000,210516,-0.695618,0.608032,-0.299622,0.238098,77.7277,38.4569,0
69.1100,210526,-0.695374,0.607727,-0.300354,0.238647,77.7352,38.4438,0
69.1200,210536,-0.694946,0.607422,-0.301208,0.239563,77.7322,38.4003,0
69.1300,210546,-0.694275,0.607239,-0.302429,0.240356,77.6914,38.4021,0
69.1400,210556,-0.694153,0.606750,-0.303406,0.240723,77.7071,38.4442,0
69.1500,210566,-0.693787,0.606506,-0.304138,0.241455,77.6976,38.4283,0
69.1600,210576,-0.693726,0.606384,-0.304504,0.241638,77.6916,38.4422,0
69.1700,210586,-0.693848,0.605896,-0.304749,0.242004,77.7392,38.4485,0
69.1800,210596,-0.693665,0.606018,-0.305115,0.241882,77.6906,38.4765,0
69.1900,210606,-0.693787,0.606018,-0.304871,0.241638,77.6931,38.4678,0
69.2000,210616,-0.693726,0.606323,-0.304810,0.241333,77.6472,38.4676,0
69.2100,210626,-0.693420,0.606873,-0.304871,0.240662,77.5515,38.4859,0
69.2200,210636,-0.693665,0.606873,-0.304382,0.240784,77.5895,38.4404,0
69.2300,210646,-0.693909,0.606506,-0.304199,0.241211,77.6511,38.4104,0
69.2400,210656,-0.693359,0.606750,-0.304749,0.241333,77.5813,38.4187,0
69.2500,210666,-0.692688,0.607178,-0.305481,0.241211,77.5727,38.4161,0
69.2600,210676,-0.692322,0.606995,-0.306152,0.241760,77.4301,38.4155,0
69.2700,210686,-0.691406,0.607727,-0.306946,0.241821,77.4983,38.4242,0
69.2800,210696,-0.691467,0.607056,-0.307434,0.242554,77.4200,38.4760,0
69.2900,210706,-0.690857,0.607239,-0.308411,0.242615,77.4217,38.4530,0
69.3000,210716,-0.690491,0.607117,-0.308899,0.243469,77.4418,38.4462,0
69.3100,210726,-0.690308,0.606995,-0.309021,0.243958,77.5165,38.4844,0
69.3200,210736,-0.690796,0.606323,-0.309204,0.244080,77.5252,38.5253,0
69.3300,210746,-0.690369,0.606812,-0.309387,0.243896,77.4467,38.5375,0
69.3400,210756,-0.690002,0.607300,-0.309692,0.243225,77.3513,38.5981,0
69.3500,210766,-0.689819,0.607666,-0.309387,0.243225,77.3249,38.5744,0
69.3600,210776,-0.688416,0.607910,-0.311096,0.244507,77.2178,38.5650,0
69.3700,210786,-0.686829,0.608215,-0.312927,0.245789,77.0984,38.5805,0
69.3800,210796,-0.686096,0.609558,-0.312805,0.244751,76.9326,38.6182,0
69.3900,210806,-0.685547,0.610413,-0.312805,0.244080,76.8268,38.6567,0
69.4000,210816,-0.685181,0.610779,-0.312988,0.243835,76.7993,38.6867,0
69.4100,210826,-0.685059,0.610901,-0.313049,0.243774,76.8129,38.7110,0
69.4200,210836,-0.684998,0.610962,-0.313110,0.243774,76.8342,38.7329,0
69.4300,210846,-0.684937,0.610962,-0.313232,0.243896,76.8657,38.7568,0
69.4400,210856,-0.684875,0.610840,-0.313354,0.244019,76.9034,38.7783,0
69.4500,210866,-0.684875,0.610779,-0.313477,0.244202,76.9433,38.7994,0
69.4600,210876,-0.684937,0.610657,-0.313538,0.244324,76.9830,38.8219,0
69.4700,210886,-0.684998,0.610474,-0.313599,0.244446,77.0255,38.8427,0
69.4800,210896,-0.684998,0.610352,-0.313721,0.244629,77.0658,38.8650,0
69.4900,210906,-0.685059,0.610229,-0.313721,0.244690,77.1018,38.8868,0
69.5000,210916,-0.685120,0.610168,-0.313721,0.244812,77.1330,38.9081,0
69.5100,210926,-0.685059,0.610107,-0.313782,0.244873,77.1567,38.9295,0
69.5200,210936,-0.685059,0.610107,-0.313843,0.244873,77.1786,38.9474,0
69.5300,210946,-0.685059,0.610107,-0.313843,0.244934,77.1970,38.9669,0
69.5400,210956,-0.685059,0.610107,-0.313843,0.244934,77.2140,38.9854,0
69.5500,210966,-0.685059,0.610107,-0.313843,0.244934,77.2300,39.0035,0
69.5600,210976,-0.685059,0.610107,-0.313843,0.244934,77.2430,39.0213,0
69.5700,210986,-0.685059,0.610107,-0.313843,0.244934,77.2570,39.0365,0
69.5800,210996,-0.685059,0.610107,-0.313843,0.244934,77.2715,39.0491,0
69.5900,211006,-0.685059,0.610046,-0.313843,0.244934,77.2847,39.0617,0
69.6000,211016,-0.685120,0.610046,-0.313782,0.244934,77.2979,39.0760,0
69.6100,211026,-0.685120,0.610046,-0.313782,0.244934,77.3086,39.0896,0
69.6200,211036,-0.685120,0.610046,-0.313782,0.244934,77.3193,39.1025,0
69.6300,211046,-0.685120,0.610046,-0.313782,0.244934,77.3272,39.1160,0
69.6400,211056,-0.685120,0.610046,-0.313843,0.244995,77.3364,39.1294,0
69.6500,211066,-0.685059,0.609985,-0.313904,0.245117,77.3434,39.1409,0
69.6600,211076,-0.684998,0.609924,-0.314026,0.245178,77.3524,39.1538,0
69.6700,211086,-0.684998,0.609924,-0.314087,0.245300,77.3616,39.1660,0
69.6800,211096,-0.684937,0.609863,-0.314148,0.245300,77.3697,39.1765,0
69.6900,211106,-0.684937,0.609863,-0.314148,0.245361,77.3774,39.1870,0
69.7000,211116,-0.684937,0.609863,-0.314148,0.245361,77.3859,39.1952,0
69.7100,211126,-0.684937,0.609863,-0.314148,0.245361,77.3916,39.2030,0
69.7200,211136,-0.684998,0.609863,-0.314148,0.245361,77.3982,39.2116,0
69.7300,211146,-0.684998,0.609863,-0.314148,0.245361,77.4027,39.2210,0
69.7400,211156,-0.684998,0.609863,-0.314148,0.245361,77.4076,39.2287,0
69.7500,211166,-0.684998,0.609863,-0.314087,0.245300,77.4110,39.2360,0
69.7600,211176,-0.685059,0.609924,-0.313965,0.245178,77.4143,39.2434,0
69.7700,211186,-0.685120,0.609924,-0.313843,0.245117,77.4168,39.2486,0
69.7800,211196,-0.685181,0.609985,-0.313782,0.245056,77.4180,39.2530,0
69.7900,211206,-0.685242,0.610046,-0.313599,0.244873,77.4209,39.2560,0
69.8000,211216,-0.685364,0.609985,-0.313416,0.244873,77.4266,39.2643,0
69.8100,211226,-0.685303,0.609436,-0.313965,0.245605,77.6048,39.2617,0
69.8200,211236,-0.685486,0.607910,-0.315002,0.247620,77.7207,39.2764,0
69.8300,211246,-0.685669,0.606873,-0.315674,0.248962,77.7863,39.3007,0
69.8400,211256,-0.685791,0.606201,-0.316040,0.249756,77.8452,39.3306,0
69.8500,211266,-0.685852,0.605591,-0.316345,0.250549,77.9670,39.3643,0
69.8600,211276,-0.686035,0.604370,-0.317139,0.252014,78.0275,39.4102,0
69.8700,211286,-0.686157,0.603333,-0.317810,0.253235,78.0350,39.4593,0
69.8800,211296,-0.686218,0.603149,-0.317871,0.253418,78.0290,39.5060,0
69.8900,211306,-0.686279,0.603088,-0.317932,0.253540,78.0127,39.5528,0
69.9000,211316,-0.686340,0.603027,-0.317932,0.253540,77.9953,39.5983,0
69.9100,211326,-0.686340,0.602905,-0.317932,0.253662,77.9801,39.6460,0
69.9200,211336,-0.686584,0.602356,-0.318115,0.254150,78.0285,39.6918,0
69.9300,211346,-0.686951,0.601318,-0.318420,0.255066,78.1291,39.7428,0
69.9400,211356,-0.687012,0.601135,-0.318604,0.255310,78.1197,39.7949,0
69.9500,211366,-0.686951,0.601013,-0.318726,0.255493,78.0970,39.8427,0
69.9600,211376,-0.686951,0.600891,-0.318909,0.255676,78.0754,39.8870,0
69.9700,211386,-0.686890,0.600891,-0.318970,0.255676,78.0502,39.9279,0
69.9800,211396,-0.686951,0.600891,-0.318848,0.255615,78.0227,39.9692,0
69.9900,211406,-0.687073,0.601074,-0.318604,0.255371,77.9901,40.0088,0
70.0000,211416,-0.687256,0.601379,-0.317993,0.254761,77.9531,40.0432,0
70.0100,211426,-0.687561,0.601685,-0.317322,0.254150,77.9241,40.0739,0
70.0200,211436,-0.687805,0.601929,-0.316711,0.253601,77.8965,40.0962,0
70.0300,211446,-0.687927,0.602112,-0.316345,0.253235,77.8732,40.1118,0
70.0400,211456,-0.688110,0.602234,-0.316040,0.252991,77.8541,40.1248,0
70.0500,211466,-0.688171,0.602234,-0.315918,0.252869,77.8372,40.1354,0
70.0600,211476,-0.688171,0.602234,-0.315918,0.252869,77.8217,40.1454,0
70.0700,211486,-0.688171,0.602234,-0.315918,0.252930,77.8081,40.1563,0
70.0800,211496,-0.688171,0.602173,-0.315979,0.253052,77.8113,40.1637,0
70.0900,211506,-0.688110,0.601929,-0.316223,0.253296,77.8202,40.1726,0
70.1000,211516,-0.688049,0.601624,-0.316589,0.253784,77.8317,40.1838,0
70.1100,211526,-0.687866,0.601257,-0.317078,0.254456,77.8414,40.1961,0
70.1200,211536,-0.687622,0.600769,-0.317871,0.255432,77.8316,40.2124,0
70.1300,211546,-0.687073,0.600220,-0.318970,0.256714,77.8134,40.2374,0
70.1400,211556,-0.686340,0.599731,-0.320374,0.258179,77.7984,40.2736,0
70.1500,211566,-0.685242,0.599121,-0.322205,0.260193,77.7783,40.3220,0
70.1600,211576,-0.684937,0.599060,-0.322632,0.260681,77.7592,40.3765,0
70.1700,211586,-0.684875,0.598938,-0.322754,0.260803,77.7571,40.4427,0
70.1800,211596,-0.685059,0.599060,-0.322449,0.260498,77.7444,40.5000,0
70.1900,211606,-0.685181,0.599304,-0.322021,0.260132,77.7252,40.5501,0
70.2000,211616,-0.685242,0.599548,-0.321716,0.259705,77.6939,40.5953,0
70.2100,211626,-0.685486,0.599548,-0.321350,0.259521,77.7130,40.6338,0
70.2200,211636,-0.685608,0.599609,-0.321106,0.259338,77.7116,40.6697,0
70.2300,211646,-0.685730,0.599854,-0.320740,0.258911,77.6960,40.7054,0
70.2400,211656,-0.686096,0.599915,-0.320251,0.258606,77.7144,40.7332,0
70.2500,211666,-0.686096,0.600342,-0.319824,0.258057,77.6684,40.7601,0
70.2600,211676,-0.686279,0.600586,-0.319397,0.257507,77.6484,40.7866,0
70.2700,211686,-0.686340,0.600891,-0.319153,0.257019,77.6193,40.8093,0
70.2800,211696,-0.686646,0.600952,-0.318665,0.256592,77.6309,40.8282,0
70.2900,211706,-0.686768,0.601074,-0.318420,0.256287,77.6276,40.8294,0
70.3000,211716,-0.686829,0.601257,-0.318115,0.256042,77.6192,40.8322,0
70.3100,211726,-0.687012,0.601196,-0.318054,0.255859,77.6235,40.8461,0
70.3200,211736,-0.686951,0.601135,-0.318176,0.255859,77.6246,40.8600,0
70.3300,211746,-0.687012,0.600952,-0.318298,0.255981,77.6436,40.8560,0
70.3400,211756,-0.687134,0.600830,-0.318115,0.256165,77.6741,40.8415,0
70.3500,211766,-0.687317,0.600586,-0.317932,0.256409,77.7150,40.8254,0
70.3600,211776,-0.687439,0.600464,-0.317810,0.256531,77.7194,40.8243,0
70.3700,211786,-0.687500,0.600403,-0.317810,0.256592,77.7088,40.8286,0
70.3800,211796,-0.687500,0.600464,-0.317810,0.256592,77.6903,40.8387,0
70.3900,211806,-0.687439,0.600525,-0.317871,0.256470,77.6835,40.8393,0
70.4000,211816,-0.687378,0.600464,-0.317993,0.256531,77.6705,40.8423,0
70.4100,211826,-0.687317,0.600525,-0.317993,0.256531,77.6344,40.8593,0
70.4200,211836,-0.687256,0.600769,-0.317993,0.256165,77.6523,40.8500,0
70.4300,211846,-0.687256,0.600525,-0.318054,0.256714,77.6640,40.8396,0
70.4400,211856,-0.687134,0.600525,-0.318176,0.256897,77.6543,40.8373,0
70.4500,211866,-0.687073,0.600525,-0.318237,0.256958,77.6511,40.8425,0
70.4600,211876,-0.687073,0.600342,-0.318298,0.257263,77.6462,40.8474,0
70.4700,211886,-0.687012,0.600403,-0.318359,0.257263,77.6333,40.8574,0
70.4800,211896,-0.687012,0.600464,-0.318298,0.257202,77.6257,40.8675,0
70.4900,211906,-0.687256,0.600281,-0.317993,0.257324,77.6740,40.8563,0
70.5000,211916,-0.687500,0.600342,-0.317566,0.257019,77.6877,40.8617,0
70.5100,211926,-0.687805,0.600525,-0.316956,0.256531,77.6966,40.8671,0
70.5200,211936,-0.688049,0.600708,-0.316528,0.256042,77.6896,40.8703,0
70.5300,211946,-0.688232,0.600952,-0.316162,0.255371,77.6729,40.8861,0
70.5400,211956,-0.688416,0.601013,-0.315857,0.255188,77.6831,40.8766,0
70.5500,211966,-0.688599,0.600891,-0.315613,0.255249,77.7178,40.8528,0
70.5600,211976,-0.688843,0.600708,-0.315308,0.255310,77.7519,40.8271,0
70.5700,211986,-0.688965,0.600891,-0.314941,0.255066,77.7516,40.8111,0
70.5800,211996,-0.689087,0.600952,-0.314697,0.254822,77.7478,40.7951,0
70.5900,212006,-0.689209,0.601013,-0.314514,0.254700,77.7424,40.7827,0
70.6000,212016,-0.689087,0.601196,-0.314514,0.254578,77.7136,40.7753,0
70.6100,212026,-0.688843,0.601318,-0.314819,0.254578,77.6826,40.7741,0
70.6200,212036,-0.688477,0.601501,-0.315308,0.254517,77.6668,40.7659,0
70.6300,212046,-0.688293,0.601685,-0.315491,0.254395,77.6706,40.7568,0
70.6400,212056,-0.688110,0.601746,-0.315796,0.254272,77.6511,40.7429,0
70.6500,212066,-0.687866,0.601929,-0.315918,0.254333,77.6284,40.7357,0
70.6600,212076,-0.687561,0.602112,-0.316284,0.254395,77.5980,40.7383,0
70.6700,212086,-0.687317,0.602356,-0.316467,0.254150,77.5821,40.7390,0
70.6800,212096,-0.687195,0.602417,-0.316650,0.254150,77.5973,40.7297,0
70.6900,212106,-0.687134,0.602234,-0.316895,0.254395,77.6100,40.7281,0
70.7000,212116,-0.687012,0.601746,-0.317566,0.255188,77.6380,40.7345,0
70.7100,212126,-0.686707,0.601624,-0.318115,0.255554,77.6202,40.7432,0
70.7200,212136,-0.686340,0.601501,-0.318665,0.256042,77.6060,40.7492,0
70.7300,212146,-0.686279,0.601257,-0.319031,0.256409,77.6217,40.7592,152
70.7400,212156,-0.686096,0.601074,-0.319397,0.256775,77.6264,40.7736,0
70.7500,212166,-0.686035,0.600830,-0.319702,0.257019,77.6345,40.7940,0
70.7600,212176,-0.686340,0.601440,-0.318909,0.255981,77.5911,40.8111,0
70.7700,212186,-0.686707,0.601746,-0.318176,0.255188,77.5832,40.8181,0
70.7800,212196,-0.686951,0.602112,-0.317505,0.254456,77.5667,40.8174,0
70.7900,212206,-0.687073,0.602234,-0.317261,0.254150,77.5564,40.8112,0
70.8000,212216,-0.687073,0.602234,-0.317200,0.254089,77.5519,40.8005,0
70.8100,212226,-0.687073,0.602234,-0.317261,0.254150,77.5501,40.7886,0
70.8200,212236,-0.687012,0.602234,-0.317322,0.254211,77.5466,40.7791,0
70.8300,212246,-0.687012,0.602173,-0.317383,0.254272,77.5438,40.7682,0
70.8400,212256,-0.687012,0.602173,-0.317383,0.254272,77.5423,40.7586,0
70.8500,212266,-0.687012,0.602173,-0.317383,0.254272,77.5445,40.7482,0
70.8600,212276,-0.687012,0.602173,-0.317383,0.254272,77.5484,40.7389,0
70.8700,212286,-0.687012,0.602173,-0.317383,0.254272,77.5533,40.7295,0
70.8800,212296,-0.687012,0.602173,-0.317383,0.254272,77.5573,40.7223,0
70.8900,212306,-0.687012,0.602173,-0.317383,0.254272,77.5599,40.7167,0
70.9000,212316,-0.687012,0.602173,-0.317383,0.254272,77.5624,40.7113,0
70.9100,212326,-0.687073,0.602173,-0.317383,0.254272,77.5630,40.7063,0
70.9200,212336,-0.687073,0.602173,-0.317383,0.254272,77.5624,40.6997,0
70.9300,212346,-0.687073,0.602112,-0.317383,0.254272,77.5612,40.6940,0
70.9400,212356,-0.687073,0.602112,-0.317322,0.254272,77.5613,40.6892,0
70.9500,212366,-0.687073,0.602112,-0.317322,0.254272,77.5596,40.6847,0
70.9600,212376,-0.687073,0.602112,-0.317322,0.254272,77.5597,40.6792,0
70.9700,212386,-0.687073,0.602112,-0.317322,0.254272,77.5581,40.6733,0
70.9800,212396,-0.687073,0.602112,-0.317322,0.254333,77.5583,40.6666,0
70.9900,212406,-0.687134,0.602112,-0.317322,0.254333,77.5585,40.6608,0
71.0000,212416,-0.687134,0.602112,-0.317261,0.254272,77.5587,40.6547,0
71.0100,212426,-0.687195,0.602112,-0.317200,0.254211,77.5613,40.6525,0
71.0200,212436,-0.687378,0.602112,-0.316895,0.253967,77.5756,40.6520,0
71.0300,212446,-0.687683,0.602234,-0.316467,0.253601,77.5832,40.6490,0
71.0400,212456,-0.687927,0.602356,-0.315979,0.253052,77.5828,40.6442,0
71.0500,212466,-0.688232,0.602539,-0.315430,0.252502,77.5776,40.6328,0
71.0600,212476,-0.688477,0.602722,-0.315002,0.252014,77.5721,40.6188,0
71.0700,212486,-0.688721,0.602905,-0.314514,0.251587,77.5681,40.5989,0
71.0800,212496,-0.688904,0.603027,-0.314148,0.251282,77.5625,40.5762,0
71.0900,212506,-0.689026,0.603149,-0.313843,0.250977,77.5589,40.5504,0
71.1000,212516,-0.689148,0.603210,-0.313599,0.250793,77.5579,40.5227,0
71.1100,212526,-0.689209,0.603271,-0.313354,0.250610,77.5563,40.4964,0
71.1200,212536,-0.689331,0.603333,-0.313232,0.250488,77.5555,40.4696,0
71.1300,212546,-0.689331,0.603333,-0.313110,0.250427,77.5534,40.4405,0
71.1400,212556,-0.689392,0.603455,-0.312988,0.250244,77.5493,40.4097,0
71.1500,212566,-0.689514,0.603699,-0.312622,0.249878,77.5335,40.3785,0
71.1600,212576,-0.689636,0.604004,-0.312134,0.249329,77.5054,40.3444,0
71.1700,212586,-0.689819,0.604370,-0.311523,0.248596,77.4829,40.3111,0
71.1800,212596,-0.690186,0.604614,-0.310852,0.247864,77.4840,40.2732,0
71.1900,212606,-0.690613,0.604675,-0.310181,0.247437,77.5036,40.2287,0
71.2000,212616,-0.691040,0.604553,-0.309631,0.247131,77.5084,40.1859,0
71.2100,212626,-0.691345,0.604431,-0.309265,0.247070,77.4941,40.1373,0
71.2200,212636,-0.691284,0.604614,-0.309204,0.246887,77.4917,40.0953,0
71.2300,212646,-0.691345,0.604736,-0.308960,0.246643,77.5399,40.0558,0
71.2400,212656,-0.691772,0.604614,-0.308472,0.246338,77.5240,40.0075,0
71.2500,212666,-0.691895,0.604919,-0.308044,0.245911,77.4774,39.9649,0
71.2600,212676,-0.692688,0.605408,-0.306519,0.244324,77.5394,39.9179,0
71.2700,212686,-0.692810,0.605957,-0.305908,0.243408,77.4986,39.8748,0
71.2800,212696,-0.693054,0.606384,-0.305176,0.242615,77.4782,39.8134,0
71.2900,212706,-0.693848,0.606140,-0.303955,0.242432,77.5919,39.7115,0
71.3000,212716,-0.694153,0.606384,-0.303284,0.241882,77.5955,39.6476,0
71.3100,212726,-0.694458,0.606567,-0.302856,0.240967,77.5889,39.6193,0
71.3200,212736,-0.694641,0.606812,-0.302429,0.240479,77.5813,39.5536,0
71.3300,212746,-0.694824,0.606995,-0.301941,0.239929,77.5801,39.4862,0
71.3400,212756,-0.694946,0.607239,-0.301575,0.239563,77.5736,39.4131,0
71.3500,212766,-0.695740,0.606628,-0.300903,0.239502,77.6915,39.3357,0
71.3600,212776,-0.695740,0.606934,-0.300598,0.239136,77.6687,39.2623,0
71.3700,212786,-0.695679,0.607422,-0.300476,0.238342,77.5959,39.2224,0
71.3800,212796,-0.695618,0.607666,-0.300354,0.238037,77.5653,39.1553,0
71.3900,212806,-0.696167,0.607239,-0.299805,0.238220,77.6670,39.0607,0
71.4000,212816,-0.696411,0.607056,-0.299622,0.238159,77.7042,39.0041,0
71.4100,212826,-0.696472,0.606812,-0.299744,0.238342,77.7248,38.9390,0
71.4200,212836,-0.696655,0.606689,-0.299622,0.238525,77.7532,38.8738,0
71.4300,212846,-0.697083,0.606201,-0.299194,0.238892,77.8463,38.7893,0
71.4400,212856,-0.697449,0.605835,-0.298950,0.239075,77.9050,38.7236,0
71.4500,212866,-0.697693,0.605957,-0.298523,0.238708,77.9018,38.6752,0
71.4600,212876,-0.697632,0.606567,-0.298096,0.237793,77.8169,38.6356,0
71.4700,212886,-0.697510,0.606812,-0.297974,0.237610,77.7950,38.5903,0
71.4800,212896,-0.697510,0.606934,-0.297913,0.237427,77.7754,38.5425,0
71.4900,212906,-0.697449,0.606995,-0.297913,0.237305,77.7478,38.4923,0
71.5000,212916,-0.697327,0.607117,-0.298035,0.237305,77.7573,38.4488,0
71.5100,212926,-0.697327,0.607056,-0.298035,0.237427,77.7852,38.4110,0
71.5200,212936,-0.697510,0.606750,-0.298157,0.237549,77.7055,38.3741,0
71.5300,212946,-0.696655,0.607361,-0.298889,0.237671,77.6595,38.3413,0
71.5400,212956,-0.696167,0.607788,-0.299316,0.237366,77.5719,38.3269,0
71.5500,212966,-0.695923,0.607849,-0.299622,0.237549,77.5551,38.3003,0
71.5600,212976,-0.695862,0.607727,-0.299927,0.237793,77.5675,38.2756,0
71.5700,212986,-0.695862,0.607727,-0.299744,0.237976,77.5889,38.2267,0
71.5800,212996,-0.695679,0.607666,-0.299866,0.238342,77.5927,38.1846,0
71.5900,213006,-0.695740,0.607483,-0.299927,0.238586,77.6212,38.1524,0
71.6000,213016,-0.695679,0.607483,-0.300049,0.238708,77.6263,38.1373,0
71.6100,213026,-0.695251,0.607788,-0.300537,0.238525,77.5557,38.1496,0
71.6200,213036,-0.695007,0.608032,-0.300903,0.238342,77.5099,38.1583,0
71.6300,213046,-0.695068,0.607727,-0.301025,0.238586,77.5513,38.1393,0
71.6400,213056,-0.694946,0.607788,-0.301208,0.238770,77.5413,38.1172,0
71.6500,213066,-0.694641,0.607727,-0.301575,0.239197,77.5373,38.0983,0
71.6600,213076,-0.694458,0.607605,-0.302002,0.239563,77.5496,38.0880,0
71.6700,213086,-0.693787,0.608032,-0.302551,0.239685,77.4674,38.0802,0
71.6800,213096,-0.693787,0.607788,-0.302795,0.240051,77.4961,38.0860,0
71.6900,213106,-0.693176,0.607605,-0.303772,0.240906,77.4823,38.1023,0
71.7000,213116,-0.692322,0.606934,-0.305603,0.242737,77.4853,38.1194,0
71.7100,213126,-0.691650,0.606628,-0.306824,0.243896,77.4816,38.1437,0
71.7200,213136,-0.691101,0.606506,-0.307678,0.244690,77.4674,38.1766,0
71.7300,213146,-0.690674,0.606506,-0.308289,0.245117,77.4438,38.2161,0
71.7400,213156,-0.690491,0.606628,-0.308533,0.245178,77.4261,38.2614,0
71.7500,213166,-0.690369,0.606812,-0.308533,0.245056,77.4129,38.3056,0
71.7600,213176,-0.690247,0.606934,-0.308533,0.244934,77.4057,38.3446,0
71.7700,213186,-0.690125,0.607056,-0.308594,0.244873,77.4054,38.3799,0
71.7800,213196,-0.690063,0.607117,-0.308594,0.244873,77.4140,38.4123,0
71.7900,213206,-0.690063,0.607117,-0.308594,0.244873,77.4299,38.4424,0
71.8000,213216,-0.690063,0.607117,-0.308594,0.244873,77.4486,38.4710,0
71.8100,213226,-0.690186,0.606995,-0.308533,0.244934,77.4669,38.5000,0
71.8200,213236,-0.690247,0.606934,-0.308533,0.244934,77.4843,38.5281,0
71.8300,213246,-0.690247,0.606873,-0.308533,0.244995,77.5008,38.5543,0
71.8400,213256,-0.690247,0.606812,-0.308594,0.245117,77.5160,38.5797,0
71.8500,213266,-0.690308,0.606689,-0.308716,0.245239,77.5327,38.6038,0
71.8600,213276,-0.690247,0.606567,-0.308838,0.245422,77.5456,38.6311,0
71.8700,213286,-0.690186,0.606506,-0.309082,0.245605,77.5543,38.6546,0
71.8800,213296,-0.690063,0.606384,-0.309265,0.245789,77.5596,38.6806,0
71.8900,213306,-0.690002,0.606323,-0.309509,0.245972,77.5641,38.7060,0
71.9000,213316,-0.689880,0.606262,-0.309692,0.246155,77.5701,38.7326,0
71.9100,213326,-0.689819,0.606201,-0.309875,0.246338,77.5764,38.7579,0
71.9200,213336,-0.689697,0.606140,-0.310120,0.246521,77.5830,38.7832,0
71.9300,213346,-0.689636,0.606018,-0.310303,0.246704,77.5887,38.8079,0
71.9400,213356,-0.689514,0.605896,-0.310608,0.247009,77.5988,38.8333,0
71.9500,213366,-0.689392,0.605652,-0.310974,0.247375,77.6108,38.8611,0
71.9600,213376,-0.689331,0.605408,-0.311340,0.247803,77.6276,38.8883,0
71.9700,213386,-0.689209,0.605103,-0.311768,0.248230,77.6476,38.9216,0
71.9800,213396,-0.689148,0.604858,-0.312073,0.248657,77.6702,38.9563,0
71.9900,213406,-0.689148,0.604492,-0.312439,0.249084,77.6951,38.9924,0
72.0000,213416,-0.689148,0.604248,-0.312683,0.249451,77.7146,39.0281,0
72.0100,213426,-0.689148,0.604065,-0.312805,0.249634,77.7219,39.0643,0
72.0200,213436,-0.689148,0.603943,-0.312927,0.249817,77.7210,39.1006,0
72.0300,213446,-0.689148,0.603882,-0.313049,0.249939,77.7172,39.1375,0
72.0400,213456,-0.689087,0.603821,-0.313110,0.250000,77.7125,39.1732,0
72.0500,213466,-0.689087,0.603821,-0.313171,0.250061,77.7097,39.2059,0
72.0600,213476,-0.689026,0.603760,-0.313293,0.250183,77.7107,39.2389,0
72.0700,213486,-0.688965,0.603638,-0.313477,0.250366,77.7116,39.2709,0
72.0800,213496,-0.688904,0.603516,-0.313660,0.250610,77.7107,39.3038,0
72.0900,213506,-0.688843,0.603271,-0.313965,0.250916,77.7092,39.3356,0
72.1000,213516,-0.688782,0.603271,-0.314087,0.250977,77.7072,39.3671,0
72.1100,213526,-0.688782,0.603149,-0.314209,0.251160,77.7065,39.3983,0
72.1200,213536,-0.688782,0.603027,-0.314331,0.251282,77.7088,39.4285,0
72.1300,213546,-0.688782,0.602966,-0.314392,0.251404,77.7098,39.4566,0
72.1400,213556,-0.688721,0.602844,-0.314514,0.251587,77.7119,39.4853,0
72.1500,213566,-0.688721,0.602722,-0.314697,0.251770,77.7163,39.5131,0
72.1600,213576,-0.688721,0.602539,-0.314758,0.252014,77.7259,39.5403,0
72.1700,213586,-0.688782,0.602295,-0.314880,0.252319,77.7444,39.5650,0
72.1800,213596,-0.688843,0.601929,-0.315125,0.252808,77.7769,39.5903,0
72.1900,213606,-0.688904,0.601440,-0.315369,0.253357,77.8095,39.6212,0
72.2000,213616,-0.688782,0.601257,-0.315796,0.253723,77.7930,39.6585,0
72.2100,213626,-0.688538,0.601196,-0.316223,0.253967,77.7577,39.6974,0
72.2200,213636,-0.688416,0.601135,-0.316406,0.254211,77.7361,39.7352,0
72.2300,213646,-0.688354,0.601135,-0.316467,0.254333,77.7209,39.7752,0
72.2400,213656,-0.688293,0.601135,-0.316467,0.254395,77.6922,39.8134,0
72.2500,213666,-0.688232,0.601196,-0.316467,0.254333,77.6726,39.8422,0
72.2600,213676,-0.688538,0.601318,-0.315979,0.253967,77.6808,39.8730,0
72.2700,213686,-0.688660,0.601746,-0.315430,0.253357,77.6459,39.8954,0
72.2800,213696,-0.688965,0.602051,-0.314636,0.252686,77.6265,39.9142,0
72.2900,213706,-0.689270,0.602234,-0.313965,0.252258,77.6026,39.9252,0
72.3000,213716,-0.689453,0.602539,-0.313416,0.251770,77.5747,39.9347,0
72.3100,213726,-0.689636,0.602966,-0.312744,0.250916,77.5653,39.9595,0
72.3200,213736,-0.690063,0.603149,-0.312195,0.250122,77.6116,39.9318,0
72.3300,213746,-0.690674,0.603027,-0.311279,0.249878,77.6184,39.9105,0
72.3400,213756,-0.690979,0.603271,-0.310547,0.249329,77.5789,39.9060,0
72.3500,213766,-0.691223,0.603638,-0.309937,0.248535,77.5587,39.8937,0
72.3600,213776,-0.692322,0.603699,-0.308044,0.247681,77.6471,39.8350,0
72.3700,213786,-0.693054,0.603516,-0.306885,0.247437,77.7175,39.7903,0
72.3800,213796,-0.693481,0.603821,-0.306152,0.246643,77.7162,39.7671,0
72.3900,213806,-0.693787,0.604126,-0.305481,0.245728,77.7048,39.7525,0
72.4000,213816,-0.694153,0.604065,-0.304932,0.245422,77.7362,39.7100,0
72.4100,213826,-0.694397,0.604431,-0.304382,0.244690,77.7161,39.6740,0
72.4200,213836,-0.694702,0.604614,-0.303833,0.243958,77.7184,39.6502,0
72.4300,213846,-0.695068,0.604736,-0.303162,0.243469,77.7312,39.6012,0
72.4400,213856,-0.695312,0.604919,-0.302612,0.242981,77.7304,39.5431,0
72.4500,213866,-0.695679,0.605042,-0.301941,0.242493,77.7533,39.4800,0
72.4600,213876,-0.696228,0.604858,-0.301270,0.242249,77.8113,39.4115,0
72.4700,213886,-0.696594,0.604919,-0.300659,0.241699,77.8308,39.3653,0
72.4800,213896,-0.696838,0.605042,-0.300110,0.241455,77.8376,39.2922,0
72.4900,213906,-0.696838,0.605530,-0.299744,0.240662,77.7792,39.2497,0
72.5000,213916,-0.697083,0.605652,-0.299377,0.240051,77.7760,39.2139,0
72.5100,213926,-0.697266,0.605835,-0.298950,0.239624,77.7646,39.1464,0
72.5200,213936,-0.697144,0.606445,-0.298645,0.238892,77.6950,39.0883,0
72.5300,213946,-0.697021,0.606995,-0.298401,0.238037,77.6348,39.0406,0
72.5400,213956,-0.697205,0.607117,-0.298157,0.237671,77.6340,38.9774,0
72.5500,213966,-0.697388,0.607056,-0.297852,0.237488,77.6618,38.9102,0
72.5600,213976,-0.697632,0.606934,-0.297607,0.237427,77.6983,38.8387,0
72.5700,213986,-0.697754,0.606750,-0.297546,0.237610,77.7080,38.7804,0
72.5800,213996,-0.697754,0.606628,-0.297668,0.237793,77.7113,38.7226,0
72.5900,214006,-0.697632,0.606567,-0.297852,0.237976,77.7257,38.6643,0
72.6000,214016,-0.697388,0.606689,-0.298035,0.238098,77.7489,38.6048,0
72.6100,214026,-0.697388,0.606689,-0.297974,0.238220,77.8084,38.5387,0
72.6200,214036,-0.697571,0.606506,-0.297791,0.238464,77.8900,38.4696,0
72.6300,214046,-0.697693,0.606384,-0.297485,0.238770,77.9407,38.4129,0
72.6400,214056,-0.697632,0.606812,-0.296997,0.238525,77.9392,38.3768,0
72.6500,214066,-0.697388,0.607178,-0.296936,0.238220,77.9301,38.3399,0
72.6600,214076,-0.697205,0.607361,-0.297119,0.238220,77.9095,38.3067,0
72.6700,214086,-0.697021,0.607727,-0.297058,0.237915,77.8787,38.2912,0
72.6800,214096,-0.696716,0.608032,-0.297180,0.237671,77.8465,38.2686,0
72.6900,214106,-0.696411,0.608398,-0.297424,0.237488,77.8240,38.2411,0
72.7000,214116,-0.695984,0.608704,-0.297852,0.237427,77.7652,38.2228,0
72.7100,214126,-0.695740,0.608704,-0.298157,0.237671,77.7694,38.1954,0
72.7200,214136,-0.695923,0.608154,-0.298279,0.238403,77.8487,38.1549,0
72.7300,214146,-0.695984,0.607727,-0.298523,0.238953,77.8987,38.1255,0
72.7400,214156,-0.695557,0.608093,-0.298889,0.238953,77.8237,38.1076,0
72.7500,214166,-0.695129,0.608032,-0.299622,0.239502,77.8018,38.0993,0
72.7600,214176,-0.695007,0.607666,-0.300110,0.240051,77.8243,38.0956,0
72.7700,214186,-0.694641,0.607788,-0.300537,0.240234,77.7893,38.0965,0
72.7800,214196,-0.694519,0.607544,-0.301086,0.240784,77.8029,38.1023,0
72.7900,214206,-0.694031,0.607483,-0.301819,0.241272,77.7719,38.1202,0
72.8000,214216,-0.693787,0.607178,-0.302490,0.241943,77.7852,38.1362,0
72.8100,214226,-0.693237,0.607239,-0.303162,0.242371,77.7432,38.1498,0
72.8200,214236,-0.692810,0.607361,-0.303711,0.242676,77.7046,38.1714,0
72.8300,214246,-0.692566,0.607178,-0.304138,0.243286,77.7076,38.1838,0
72.8400,214256,-0.692444,0.606812,-0.304565,0.244019,77.7437,38.2024,0
72.8500,214266,-0.692383,0.606384,-0.304993,0.244568,77.7442,38.2379,0
72.8600,214276,-0.692261,0.606201,-0.305481,0.245056,77.7327,38.2826,0
72.8700,214286,-0.692078,0.605957,-0.305969,0.245422,77.6790,38.3251,0
72.8800,214296,-0.691650,0.606079,-0.306519,0.245667,77.6374,38.3800,0
72.8900,214306,-0.691345,0.606018,-0.307068,0.245911,77.6424,38.4104,0
72.9000,214316,-0.691162,0.605835,-0.307495,0.246460,77.6514,38.4407,0
72.9100,214326,-0.690552,0.605408,-0.308655,0.247742,77.6456,38.4804,0
72.9200,214336,-0.690247,0.605286,-0.309326,0.248169,77.6307,38.5427,0
72.9300,214346,-0.690063,0.604980,-0.309875,0.248596,77.6437,38.6014,0
72.9400,214356,-0.689819,0.604736,-0.310486,0.249146,77.6568,38.6581,0
72.9500,214366,-0.689270,0.604797,-0.311157,0.249512,77.6145,38.7138,0
72.9600,214376,-0.689148,0.604309,-0.311768,0.250366,77.6641,38.7624,0
72.9700,214386,-0.688721,0.604004,-0.312622,0.251099,77.6593,38.8213,0
72.9800,214396,-0.688660,0.604370,-0.312500,0.250671,77.6191,38.8897,0
72.9900,214406,-0.688782,0.604736,-0.312073,0.250061,77.5923,38.9449,0
73.0000,214416,-0.688721,0.604919,-0.311890,0.249817,77.5721,38.9956,0
73.0100,214426,-0.688599,0.605164,-0.311951,0.249695,77.5512,39.0364,0
73.0200,214436,-0.688477,0.605225,-0.311951,0.249695,77.5414,39.0758,0
73.0300,214446,-0.688477,0.605225,-0.312073,0.249756,77.5433,39.1176,0
73.0400,214456,-0.688354,0.605103,-0.312256,0.249939,77.5493,39.1549,0
73.0500,214466,-0.688293,0.605042,-0.312500,0.250122,77.5586,39.1928,0
73.0600,214476,-0.688110,0.604919,-0.312805,0.250427,77.5692,39.2289,0
73.0700,214486,-0.687988,0.604736,-0.313171,0.250793,77.5835,39.2670,0
73.0800,214496,-0.687866,0.604492,-0.313538,0.251160,77.5976,39.3057,0
73.0900,214506,-0.687805,0.604370,-0.313782,0.251404,77.6092,39.3437,0
73.1000,214516,-0.687744,0.604248,-0.313965,0.251587,77.6190,39.3847,0
73.1100,214526,-0.687744,0.604248,-0.314026,0.251648,77.6254,39.4254,0
73.1200,214536,-0.687744,0.604248,-0.314026,0.251648,77.6303,39.4624,0
73.1300,214546,-0.687744,0.604248,-0.314026,0.251648,77.6349,39.4986,0
73.1400,214556,-0.687744,0.604248,-0.314026,0.251648,77.6405,39.5319,0
73.1500,214566,-0.687744,0.604248,-0.313965,0.251587,77.6441,39.5633,0
73.1600,214576,-0.687805,0.604248,-0.313904,0.251526,77.6463,39.5938,0
73.1700,214586,-0.687805,0.604309,-0.313843,0.251526,77.6495,39.6215,0
73.1800,214596,-0.687805,0.604309,-0.313782,0.251465,77.6520,39.6473,0
73.1900,214606,-0.687866,0.604370,-0.313660,0.251343,77.6538,39.6718,0
73.2000,214616,-0.687927,0.604370,-0.313599,0.251343,77.6561,39.6950,0
73.2100,214626,-0.687927,0.604370,-0.313538,0.251282,77.6582,39.7177,0
73.2200,214636,-0.687988,0.604431,-0.313477,0.251221,77.6603,39.7344,0
73.2300,214646,-0.688049,0.604431,-0.313354,0.251099,77.6599,39.7520,0
73.2400,214656,-0.688110,0.604492,-0.313232,0.250977,77.6595,39.7693,0
73.2500,214666,-0.688171,0.604553,-0.313049,0.250793,77.6567,39.7826,0
73.2600,214676,-0.688293,0.604675,-0.312805,0.250549,77.6511,39.7958,0
73.2700,214686,-0.688354,0.604858,-0.312561,0.250305,77.6434,39.8059,0
73.2800,214696,-0.688416,0.604980,-0.312317,0.250061,77.6349,39.8135,0
73.2900,214706,-0.688477,0.605103,-0.312134,0.249878,77.6305,39.8189,0
73.3000,214716,-0.688538,0.605164,-0.312012,0.249756,77.6303,39.8235,0
73.3100,214726,-0.688538,0.605164,-0.311951,0.249695,77.6314,39.8236,0
73.3200,214736,-0.688599,0.605225,-0.311890,0.249634,77.6348,39.8218,0
73.3300,214746,-0.688599,0.605225,-0.311829,0.249634,77.6398,39.8214,0
73.3400,214756,-0.688599,0.605225,-0.311829,0.249573,77.6440,39.8197,0
73.3500,214766,-0.688660,0.605225,-0.311768,0.249573,77.6491,39.8188,0
73.3600,214776,-0.688660,0.605225,-0.311768,0.249573,77.6510,39.8185,0
73.3700,214786,-0.688660,0.605225,-0.311707,0.249512,77.6541,39.8176,0
73.3800,214796,-0.688721,0.605286,-0.311584,0.249390,77.6589,39.8148,0
73.3900,214806,-0.688782,0.605347,-0.311462,0.249268,77.6634,39.8115,0
73.4000,214816,-0.688904,0.605408,-0.311279,0.249084,77.6636,39.8089,0
73.4100,214826,-0.689026,0.605469,-0.311035,0.248901,77.6632,39.8046,0
73.4200,214836,-0.689087,0.605530,-0.310791,0.248718,77.6651,39.7986,0
73.4300,214846,-0.689209,0.605591,-0.310608,0.248535,77.6676,39.7917,0
73.4400,214856,-0.689270,0.605652,-0.310486,0.248474,77.6687,39.7857,0
73.4500,214866,-0.689270,0.605713,-0.310364,0.248352,77.6716,39.7758,0
73.4600,214876,-0.689331,0.605713,-0.310303,0.248291,77.6749,39.7645,0
73.4700,214886,-0.689331,0.605713,-0.310242,0.248291,77.6787,39.7550,0
73.4800,214896,-0.689331,0.605713,-0.310242,0.248291,77.6823,39.7454,0
73.4900,214906,-0.689331,0.605713,-0.310242,0.248291,77.6851,39.7368,0
73.5000,214916,-0.689331,0.605713,-0.310242,0.248291,77.6871,39.7293,0
73.5100,214926,-0.689331,0.605713,-0.310303,0.248291,77.6909,39.7222,0
73.5200,214936,-0.689331,0.605652,-0.310425,0.248413,77.6974,39.7173,0
73.5300,214946,-0.689270,0.605469,-0.310608,0.248596,77.7089,39.7091,0
73.5400,214956,-0.689209,0.605164,-0.310974,0.249023,77.7365,39.7015,0
73.5500,214966,-0.689270,0.604614,-0.311462,0.249756,77.7851,39.6958,0
73.5600,214976,-0.689209,0.603943,-0.312134,0.250671,77.8426,39.6942,0
73.5700,214986,-0.689026,0.603210,-0.313049,0.251770,77.8752,39.6991,0
73.5800,214996,-0.688416,0.602844,-0.314148,0.252869,77.8712,39.7144,0
73.5900,215006,-0.687866,0.602661,-0.315063,0.253723,77.8430,39.7398,0
73.6000,215016,-0.687439,0.602539,-0.315796,0.254272,77.8103,39.7732,0
73.6100,215026,-0.687012,0.602661,-0.316223,0.254456,77.7626,39.8117,0
73.6200,215036,-0.687012,0.602844,-0.316101,0.254272,77.7386,39.8546,0
73.6300,215046,-0.687134,0.602844,-0.315918,0.254211,77.7479,39.8839,0
73.6400,215056,-0.687378,0.602844,-0.315613,0.253845,77.7586,39.9222,0
73.6500,215066,-0.687500,0.603149,-0.315186,0.253357,77.7386,39.9400,0
73.6600,215076,-0.688354,0.603027,-0.314026,0.252930,77.8240,39.9387,0
73.6700,215086,-0.688843,0.603210,-0.313110,0.252197,77.8411,39.9441,0
73.6800,215096,-0.689148,0.603821,-0.312256,0.251038,77.9494,39.9098,0
73.6900,215106,-0.690125,0.603577,-0.310791,0.250610,77.9247,39.8864,0
73.7000,215116,-0.690491,0.604126,-0.309631,0.249695,77.9089,39.9033,0
73.7100,215126,-0.691101,0.604553,-0.308594,0.248352,77.9027,39.8969,0
73.7200,215136,-0.691650,0.604858,-0.307617,0.247253,77.8844,39.8547,0
73.7300,215146,-0.692017,0.605286,-0.306641,0.246338,77.9597,39.8072,0
73.7400,215156,-0.693054,0.605713,-0.304626,0.244812,77.9150,39.7529,0
73.7500,215166,-0.693237,0.606140,-0.304016,0.244141,77.8802,39.7063,0
73.7600,215176,-0.693359,0.606567,-0.303772,0.243164,77.8232,39.7057,0
73.7700,215186,-0.693298,0.606689,-0.303589,0.243164,77.8155,39.6344,0
73.7800,215196,-0.693665,0.606384,-0.303162,0.243408,77.8807,39.5531,0
73.7900,215206,-0.693848,0.606384,-0.302795,0.243347,77.9036,39.4930,0
73.8000,215216,-0.693848,0.606323,-0.302734,0.243408,77.9087,39.4431,0
73.8100,215226,-0.693848,0.606262,-0.302795,0.243530,77.9147,39.3963,0
73.8200,215236,-0.693970,0.606018,-0.302856,0.243835,77.9477,39.3519,0
73.8300,215246,-0.694214,0.605530,-0.302795,0.244324,78.0183,39.3022,0
73.8400,215256,-0.694397,0.605286,-0.302795,0.244507,78.0444,39.2734,0
73.8500,215266,-0.694336,0.605286,-0.302917,0.244507,78.0324,39.2585,0
73.8600,215276,-0.694336,0.605164,-0.303101,0.244568,78.0286,39.2414,0
73.8700,215286,-0.694275,0.605042,-0.303345,0.244751,78.0275,39.2265,0
73.8800,215296,-0.694275,0.604858,-0.303589,0.244934,78.0310,39.2153,0
73.8900,215306,-0.694214,0.604614,-0.303833,0.245239,78.0373,39.2024,0
73.9000,215316,-0.693542,0.605347,-0.304260,0.244873,77.9026,39.1999,0
73.9100,215326,-0.693298,0.605286,-0.304626,0.245178,77.8862,39.1929,0
73.9200,215336,-0.693176,0.605042,-0.305054,0.245605,77.8932,39.1785,0
73.9300,215346,-0.693054,0.604980,-0.305359,0.245728,77.8801,39.1804,0
73.9400,215356,-0.692566,0.605286,-0.305969,0.245789,77.8041,39.1913,0
73.9500,215366,-0.692444,0.604919,-0.306458,0.246338,77.7676,39.1905,0
73.9600,215376,-0.692139,0.605042,-0.306763,0.246460,77.7775,39.1721,0
73.9700,215386,-0.691956,0.604919,-0.307007,0.246887,77.7912,39.1607,0
73.9800,215396,-0.691833,0.604797,-0.307251,0.247375,77.8047,39.1780,0
73.9900,215406,-0.691772,0.604492,-0.307617,0.247742,77.7681,39.2081,0
74.0000,215416,-0.691467,0.604553,-0.308105,0.247864,77.6692,39.2468,0
74.0100,215426,-0.690979,0.605042,-0.308655,0.247498,77.6964,39.2415,0
74.0200,215436,-0.690613,0.604797,-0.309143,0.248352,77.6849,39.2425,0
74.0300,215446,-0.690369,0.604858,-0.309692,0.248230,77.6472,39.2857,0
74.0400,215456,-0.690063,0.605103,-0.309937,0.248047,77.5963,39.3089,0
74.0500,215466,-0.689941,0.605042,-0.310242,0.248352,77.5973,39.3239,0
74.0600,215476,-0.689636,0.605042,-0.310791,0.248596,77.5739,39.3455,0
74.0700,215486,-0.689209,0.605469,-0.310974,0.248413,77.5012,39.3559,0
74.0800,215496,-0.689087,0.606201,-0.310486,0.247620,77.4357,39.3637,0
74.0900,215506,-0.688904,0.606628,-0.310303,0.247253,77.3961,39.3674,0
74.1000,215516,-0.688782,0.606750,-0.310364,0.247192,77.3910,39.3733,0
74.1100,215526,-0.688721,0.606812,-0.310364,0.247131,77.3928,39.3759,0
74.1200,215536,-0.688660,0.606873,-0.310425,0.247131,77.3945,39.3790,0
74.1300,215546,-0.688538,0.606934,-0.310547,0.247192,77.3961,39.3813,0
74.1400,215556,-0.688477,0.606934,-0.310608,0.247192,77.4041,39.3849,0
74.1500,215566,-0.688477,0.606934,-0.310669,0.247253,77.4212,39.3900,0
74.1600,215576,-0.688477,0.606873,-0.310730,0.247314,77.4405,39.3949,0
74.1700,215586,-0.688477,0.606873,-0.310730,0.247314,77.4576,39.3990,0
74.1800,215596,-0.688477,0.606873,-0.310730,0.247314,77.4744,39.4035,0
74.1900,215606,-0.688477,0.606873,-0.310730,0.247314,77.4904,39.4089,0
74.2000,215616,-0.688477,0.606873,-0.310730,0.247314,77.5027,39.4140,0
74.2100,215626,-0.688477,0.606873,-0.310730,0.247314,77.5131,39.4177,0
74.2200,215636,-0.688477,0.606873,-0.310730,0.247314,77.5230,39.4230,0
74.2300,215646,-0.688477,0.606873,-0.310730,0.247314,77.5294,39.4269,0
74.2400,215656,-0.688477,0.606873,-0.310669,0.247314,77.5379,39.4299,0
74.2500,215666,-0.688477,0.606873,-0.310669,0.247314,77.5460,39.4334,0
74.2600,215676,-0.688477,0.606873,-0.310669,0.247314,77.5543,39.4374,0
74.2700,215686,-0.688477,0.606873,-0.310669,0.247314,77.5603,39.4423,0
74.2800,215696,-0.688477,0.606873,-0.310669,0.247314,77.5655,39.4452,0
74.2900,215706,-0.688477,0.606873,-0.310669,0.247314,77.5716,39.4485,0
74.3000,215716,-0.688477,0.606873,-0.310669,0.247314,77.5780,39.4529,0
74.3100,215726,-0.688477,0.606873,-0.310669,0.247314,77.5835,39.4564,0
74.3200,215736,-0.688477,0.606873,-0.310669,0.247314,77.5881,39.4604,0
74.3300,215746,-0.688477,0.606873,-0.310669,0.247314,77.5942,39.4635,0
74.3400,215756,-0.688477,0.606873,-0.310669,0.247314,77.5989,39.4648,0
74.3500,215766,-0.688477,0.606873,-0.310669,0.247314,77.6027,39.4671,0
74.3600,215776,-0.688477,0.606873,-0.310669,0.247314,77.6082,39.4688,0
74.3700,215786,-0.688477,0.606873,-0.310669,0.247314,77.6127,39.4703,0
74.3800,215796,-0.688477,0.606873,-0.310669,0.247314,77.6171,39.4718,0
74.3900,215806,-0.688538,0.606873,-0.310669,0.247314,77.6218,39.4732,0
74.4000,215816,-0.688538,0.606812,-0.310669,0.247314,77.6245,39.4740,0
74.4100,215826,-0.688538,0.606812,-0.310669,0.247314,77.6276,39.4747,0
74.4200,215836,-0.688538,0.606812,-0.310669,0.247314,77.6312,39.4765,0
74.4300,215846,-0.688538,0.606812,-0.310669,0.247314,77.6352,39.4771,0
74.4400,215856,-0.688538,0.606812,-0.310669,0.247314,77.6402,39.4794,0
74.4500,215866,-0.688538,0.606812,-0.310669,0.247314,77.6437,39.4817,0
74.4600,215876,-0.688538,0.606812,-0.310669,0.247314,77.6465,39.4838,0
74.4700,215886,-0.688538,0.606812,-0.310669,0.247314,77.6480,39.4852,0
74.4800,215896,-0.688538,0.606812,-0.310669,0.247314,77.6488,39.4871,0
74.4900,215906,-0.688538,0.606812,-0.310669,0.247314,77.6495,39.4883,0
74.5000,215916,-0.688538,0.606812,-0.310669,0.247314,77.6508,39.4883,0
74.5100,215926,-0.688538,0.606812,-0.310669,0.247314,77.6526,39.4889,0
74.5200,215936,-0.688538,0.606812,-0.310669,0.247314,77.6532,39.4907,0
74.5300,215946,-0.688538,0.606812,-0.310669,0.247375,77.6549,39.4911,0
74.5400,215956,-0.688538,0.606812,-0.310669,0.247375,77.6571,39.4904,0
74.5500,215966,-0.688538,0.606812,-0.310669,0.247375,77.6575,39.4903,0
74.5600,215976,-0.688538,0.606812,-0.310669,0.247375,77.6578,39.4919,0
74.5700,215986,-0.688538,0.606812,-0.310669,0.247375,77.6581,39.4900,0
74.5800,215996,-0.688538,0.606812,-0.310730,0.247375,77.6601,39.4887,0
74.5900,216006,-0.688477,0.606750,-0.310791,0.247498,77.6651,39.4881,0
74.6000,216016,-0.688477,0.606628,-0.310913,0.247681,77.6775,39.4900,0
74.6100,216026,-0.688477,0.606384,-0.311157,0.247925,77.6970,39.4918,0
74.6200,216036,-0.688660,0.605957,-0.311340,0.248352,77.7476,39.4949,0
74.6300,216046,-0.689087,0.605164,-0.311401,0.248962,77.8408,39.5028,0
74.6400,216056,-0.689209,0.604919,-0.311523,0.249207,77.8675,39.5163,0
74.6500,216066,-0.689148,0.604858,-0.311646,0.249329,77.8627,39.5304,0
74.6600,216076,-0.688843,0.604919,-0.311951,0.249451,77.8272,39.5384,0
74.6700,216086,-0.688782,0.604858,-0.312073,0.249634,77.8178,39.5426,0
74.6800,216096,-0.688904,0.604858,-0.311829,0.249634,77.8274,39.5472,0
74.6900,216106,-0.689270,0.604919,-0.311218,0.249207,77.8435,39.5573,0
74.7000,216116,-0.689636,0.604980,-0.310791,0.248657,77.8440,39.5809,0
74.7100,216126,-0.689941,0.605103,-0.310303,0.248047,77.8445,39.5971,0
74.7200,216136,-0.690247,0.605103,-0.309814,0.247925,77.8687,39.5738,0
74.7300,216146,-0.690552,0.605225,-0.309021,0.247742,77.8842,39.5293,0
74.7400,216156,-0.690979,0.605225,-0.308411,0.247253,77.9107,39.5248,0
74.7500,216166,-0.691284,0.605225,-0.308044,0.246826,77.9168,39.5210,0
74.7600,216176,-0.691223,0.605530,-0.307922,0.246338,77.8620,39.5227,0
74.7700,216186,-0.691284,0.605713,-0.307678,0.246094,77.8439,39.5083,0
74.7800,216196,-0.691650,0.605530,-0.307129,0.246216,77.8226,39.4755,0
74.7900,216206,-0.691650,0.605774,-0.306824,0.245972,77.8088,39.4454,0
74.8000,216216,-0.691711,0.605957,-0.306519,0.245789,77.7687,39.4167,0
74.8100,216226,-0.691589,0.606323,-0.306274,0.245422,77.7821,39.4036,0
74.8200,216236,-0.691833,0.606384,-0.305969,0.245178,77.7949,39.3880,0
74.8300,216246,-0.692017,0.606384,-0.305664,0.244873,77.9346,39.3826,0
74.8400,216256,-0.692993,0.605530,-0.305176,0.244873,77.9212,39.3679,0
74.8500,216266,-0.693176,0.605652,-0.304871,0.244324,77.9085,39.3508,0
74.8600,216276,-0.693298,0.605652,-0.304749,0.244141,77.9184,39.3302,0
74.8700,216286,-0.693481,0.605591,-0.304565,0.244080,77.9296,39.2983,0
74.8800,216296,-0.693848,0.605225,-0.304382,0.244202,77.9782,39.2697,0
74.8900,216306,-0.693970,0.605103,-0.304260,0.244202,77.9899,39.2413,0
74.9000,216316,-0.693909,0.605347,-0.304199,0.243958,77.9500,39.2112,0
74.9100,216326,-0.693604,0.605713,-0.304199,0.243835,77.9020,39.1839,0
74.9200,216336,-0.693542,0.605774,-0.304260,0.243774,77.8920,39.1590,0
74.9300,216346,-0.693420,0.605896,-0.304321,0.243774,77.8950,39.1373,0
74.9400,216356,-0.693481,0.605896,-0.304321,0.243774,77.9020,39.1160,0
74.9500,216366,-0.693481,0.605835,-0.304321,0.243774,77.9087,39.0957,0
74.9600,216376,-0.693726,0.605652,-0.304199,0.243896,77.9435,39.0771,0
74.9700,216386,-0.693909,0.605591,-0.303833,0.243774,77.9653,39.0630,0
74.9800,216396,-0.693970,0.605713,-0.303589,0.243530,77.9604,39.0440,0
74.9900,216406,-0.694031,0.605835,-0.303467,0.243347,77.9553,39.0231,0
75.0000,216416,-0.694092,0.605896,-0.303284,0.243164,77.9444,39.0066,0
75.0100,216426,-0.694031,0.606018,-0.303284,0.243164,77.9270,38.9868,0
75.0200,216436,-0.693970,0.606079,-0.303284,0.243103,77.9104,38.9710,0
75.0300,216446,-0.693665,0.606262,-0.303467,0.243164,77.8657,38.9466,0
75.0400,216456,-0.693359,0.606506,-0.303650,0.243164,77.8233,38.9265,0
75.0500,216466,-0.693176,0.606506,-0.303955,0.243408,77.8115,38.9152,0
75.0600,216476,-0.693054,0.606445,-0.304077,0.243652,77.8163,38.8962,0
75.0700,216486,-0.692993,0.606445,-0.304260,0.243835,77.8155,38.8825,0
75.0800,216496,-0.692871,0.606384,-0.304382,0.244141,77.8302,38.8737,0
75.0900,216506,-0.692749,0.606262,-0.304749,0.244263,77.8410,38.8653,0
75.1000,216516,-0.692627,0.606201,-0.305115,0.244385,77.8578,38.8682,0
75.1100,216526,-0.692566,0.606018,-0.305420,0.244690,77.8394,38.8752,0
75.1200,216536,-0.692078,0.605896,-0.306274,0.245300,77.8218,38.8850,0
75.1300,216546,-0.691650,0.606018,-0.306824,0.245422,77.7696,38.9046,0
75.1400,216556,-0.691589,0.605774,-0.307007,0.245911,77.7965,38.8984,0
75.1500,216566,-0.691589,0.605469,-0.307312,0.246399,77.8233,38.9039,0
75.1600,216576,-0.691345,0.605530,-0.307495,0.246521,77.7994,38.9141,0
75.1700,216586,-0.691223,0.605530,-0.307800,0.246643,77.7714,38.9368,0
75.1800,216596,-0.691101,0.605652,-0.308044,0.246338,77.7351,38.9802,0
75.1900,216606,-0.690857,0.605957,-0.308105,0.246216,77.6864,38.9924,0
75.2000,216616,-0.690796,0.605835,-0.308289,0.246460,77.6960,39.0047,0
75.2100,216626,-0.690735,0.605774,-0.308472,0.246460,77.6867,39.0270,0
75.2200,216636,-0.690063,0.605835,-0.309387,0.247009,77.6356,39.0415,0
75.2300,216646,-0.689575,0.606262,-0.309692,0.247009,77.5587,39.0504,0
75.2400,216656,-0.689331,0.606995,-0.309387,0.246277,77.4772,39.0611,0
75.2500,216666,-0.689087,0.607483,-0.309265,0.245911,77.4266,39.0730,0
75.2600,216676,-0.688904,0.607971,-0.309143,0.245483,77.3785,39.0811,0
75.2700,216686,-0.688843,0.608032,-0.309082,0.245422,77.3797,39.0870,0
75.2800,216696,-0.688782,0.608093,-0.309082,0.245361,77.3879,39.0902,0
75.2900,216706,-0.688782,0.608154,-0.309143,0.245361,77.3958,39.0933,0
75.3000,216716,-0.688782,0.608154,-0.309143,0.245361,77.4050,39.0986,0
75.3100,216726,-0.688782,0.608154,-0.309143,0.245361,77.4204,39.1007,0
75.3200,216736,-0.688782,0.608154,-0.309143,0.245361,77.4349,39.1026,0
75.3300,216746,-0.688782,0.608154,-0.309143,0.245361,77.4511,39.1063,0
75.3400,216756,-0.688782,0.608154,-0.309143,0.245361,77.4665,39.1098,0
75.3500,216766,-0.688782,0.608154,-0.309143,0.245361,77.4799,39.1160,0
75.3600,216776,-0.688782,0.608154,-0.309143,0.245361,77.4921,39.1208,0
75.3700,216786,-0.688782,0.608154,-0.309143,0.245361,77.5036,39.1253,0
75.3800,216796,-0.688782,0.608154,-0.309143,0.245361,77.5146,39.1302,0
75.3900,216806,-0.688782,0.608154,-0.309143,0.245361,77.5250,39.1343,0
75.4000,216816,-0.688782,0.608154,-0.309082,0.245361,77.5355,39.1369,0
75.4100,216826,-0.688782,0.608154,-0.309082,0.245361,77.5449,39.1406,0
75.4200,216836,-0.688782,0.608154,-0.309082,0.245361,77.5544,39.1442,0
75.4300,216846,-0.688782,0.608093,-0.309082,0.245361,77.5623,39.1463,0
75.4400,216856,-0.688782,0.608093,-0.309082,0.245361,77.5697,39.1490,0
75.4500,216866,-0.688782,0.608093,-0.309082,0.245361,77.5780,39.1515,0
75.4600,216876,-0.688782,0.608093,-0.309082,0.245361,77.5852,39.1545,0
75.4700,216886,-0.688782,0.608093,-0.309082,0.245361,77.5921,39.1579,0
75.4800,216896,-0.688782,0.608093,-0.309082,0.245361,77.5981,39.1606,0
75.4900,216906,-0.688782,0.608093,-0.309082,0.245361,77.6026,39.1637,0
75.5000,216916,-0.688782,0.608093,-0.309082,0.245422,77.6074,39.1673,0
75.5100,216926,-0.688782,0.608093,-0.309082,0.245422,77.6114,39.1713,0
75.5200,216936,-0.688782,0.608093,-0.309082,0.245422,77.6158,39.1739,0
75.5300,216946,-0.688782,0.608093,-0.309082,0.245422,77.6200,39.1751,0
75.5400,216956,-0.688843,0.608093,-0.309082,0.245422,77.6240,39.1764,0
75.5500,216966,-0.688843,0.608093,-0.309082,0.245422,77.6271,39.1757,0
75.5600,216976,-0.688843,0.608093,-0.309082,0.245422,77.6307,39.1757,0
75.5700,216986,-0.688843,0.608093,-0.309082,0.245422,77.6348,39.1757,0
75.5800,216996,-0.688843,0.608093,-0.309082,0.245422,77.6398,39.1763,0
75.5900,217006,-0.688843,0.608093,-0.309082,0.245422,77.6445,39.1769,0
75.6000,217016,-0.688843,0.608093,-0.309082,0.245422,77.6473,39.1780,0
75.6100,217026,-0.688843,0.608093,-0.309082,0.245422,77.6487,39.1791,0
75.6200,217036,-0.688843,0.608093,-0.309082,0.245422,77.6512,39.1795,0
75.6300,217046,-0.688843,0.608093,-0.309082,0.245422,77.6536,39.1805,0
75.6400,217056,-0.688843,0.608032,-0.309082,0.245422,77.6547,39.1814,0
75.6500,217066,-0.688843,0.608032,-0.309082,0.245422,77.6570,39.1817,0
75.6600,217076,-0.688843,0.608032,-0.309082,0.245422,77.6585,39.1808,0
75.6700,217086,-0.688843,0.608032,-0.309082,0.245422,77.6600,39.1806,0
75.6800,217096,-0.688843,0.608032,-0.309082,0.245422,77.6619,39.1827,0
75.6900,217106,-0.688843,0.608032,-0.309082,0.245422,77.6632,39.1829,0
75.7000,217116,-0.688843,0.608032,-0.309082,0.245422,77.6644,39.1838,0
75.7100,217126,-0.688843,0.608032,-0.309082,0.245483,77.6668,39.1845,0
75.7200,217136,-0.688782,0.607971,-0.309204,0.245544,77.6696,39.1829,0
75.7300,217146,-0.688721,0.607910,-0.309326,0.245667,77.6735,39.1833,0
75.7400,217156,-0.688660,0.607849,-0.309509,0.245789,77.6771,39.1831,0
75.7500,217166,-0.688599,0.607788,-0.309631,0.245972,77.6812,39.1866,0
75.7600,217176,-0.688538,0.607727,-0.309814,0.246155,77.6851,39.1887,0
75.7700,217186,-0.688477,0.607605,-0.309998,0.246338,77.6917,39.1907,0
75.7800,217196,-0.688416,0.607483,-0.310242,0.246521,77.6975,39.1958,0
75.7900,217206,-0.688354,0.607422,-0.310425,0.246704,77.7023,39.2037,0
75.8000,217216,-0.688232,0.607300,-0.310669,0.246948,77.7075,39.2107,0
75.8100,217226,-0.688110,0.607117,-0.310974,0.247375,77.7130,39.2186,0
75.8200,217236,-0.687927,0.606934,-0.311401,0.247864,77.7201,39.2318,0
75.8300,217246,-0.687744,0.606689,-0.311829,0.248352,77.7297,39.2506,0
75.8400,217256,-0.687683,0.606262,-0.312256,0.248962,77.7644,39.2778,0
75.8500,217266,-0.687866,0.605469,-0.312744,0.249939,77.8508,39.3087,0
75.8600,217276,-0.687988,0.604553,-0.313293,0.251038,77.9436,39.3469,0
75.8700,217286,-0.687988,0.603760,-0.313904,0.252136,78.0145,39.3833,0
75.8800,217296,-0.687866,0.603271,-0.314514,0.252869,78.0362,39.4222,0
75.8900,217306,-0.687683,0.603149,-0.314941,0.253174,78.0080,39.4724,0
75.9000,217316,-0.687500,0.603088,-0.315308,0.253479,77.9843,39.5202,0
75.9100,217326,-0.687317,0.602966,-0.315674,0.253784,77.9617,39.5693,0
75.9200,217336,-0.687134,0.602905,-0.315979,0.254028,77.9385,39.6209,0
75.9300,217346,-0.686890,0.602844,-0.316345,0.254333,77.9099,39.6685,0
75.9400,217356,-0.686462,0.602661,-0.317017,0.255066,77.8869,39.7153,0
75.9500,217366,-0.684875,0.601624,-0.319946,0.258240,77.8728,39.7672,0
75.9600,217376,-0.683716,0.600891,-0.322083,0.260315,77.8558,39.8354,0
75.9700,217386,-0.682617,0.600037,-0.324219,0.262512,77.8551,39.9241,0
75.9800,217396,-0.681641,0.598999,-0.326172,0.264771,77.8681,40.0284,0
75.9900,217406,-0.680237,0.597778,-0.328796,0.267944,77.8866,40.1260,0
76.0000,217416,-0.679016,0.596924,-0.331055,0.270325,77.8851,40.2510,0
76.0100,217426,-0.678162,0.596252,-0.332581,0.272034,77.8860,40.3973,0
76.0200,217436,-0.677368,0.595581,-0.334045,0.273621,77.8923,40.5512,0
76.0300,217446,-0.676514,0.594849,-0.335632,0.275391,77.8917,40.7112,0
76.0400,217456,-0.675476,0.594177,-0.337402,0.277222,77.8882,40.8788,0
76.0500,217466,-0.674622,0.593506,-0.338989,0.278870,77.8843,41.0584,0
76.0600,217476,-0.673645,0.592712,-0.340698,0.280701,77.8871,41.2381,0
76.0700,217486,-0.672729,0.591919,-0.342468,0.282593,77.8927,41.4294,0
76.0800,217496,-0.671875,0.591064,-0.344055,0.284241,77.9051,41.6308,0
76.0900,217506,-0.671082,0.590271,-0.345642,0.285889,77.9146,41.8365,0
76.1000,217516,-0.670288,0.589722,-0.346985,0.287231,77.9117,42.0444,0
76.1100,217526,-0.669617,0.589050,-0.348267,0.288696,77.9208,42.2646,0
76.1200,217536,-0.668884,0.588379,-0.349548,0.290100,77.9291,42.4886,0
76.1300,217546,-0.668091,0.587646,-0.350952,0.291687,77.9381,42.7158,0
76.1400,217556,-0.667297,0.586975,-0.352417,0.293213,77.9395,42.9405,0
76.1500,217566,-0.666565,0.586365,-0.353699,0.294556,77.9445,43.1682,0
76.1600,217576,-0.666016,0.585754,-0.354736,0.295837,77.9551,43.3969,0
76.1700,217586,-0.665466,0.585205,-0.355652,0.296875,77.9557,43.6252,0
76.1800,217596,-0.665100,0.584839,-0.356384,0.297668,77.9550,43.8512,0
76.1900,217606,-0.664734,0.584473,-0.357056,0.298401,77.9497,44.0734,0
76.2000,217616,-0.664429,0.584290,-0.357483,0.298889,77.9434,44.2869,0
76.2100,217626,-0.664307,0.584167,-0.357727,0.299072,77.9363,44.4944,0
76.2200,217636,-0.664307,0.584167,-0.357788,0.299133,77.9313,44.6910,0
76.2300,217646,-0.664429,0.584167,-0.357666,0.299011,77.9283,44.8771,0
76.2400,217656,-0.664612,0.584229,-0.357361,0.298706,77.9285,45.0544,0
76.2500,217666,-0.665161,0.584595,-0.356567,0.297791,77.9251,45.2241,0
76.2600,217676,-0.665955,0.585144,-0.355286,0.296448,77.9127,45.3764,0
76.2700,217686,-0.666809,0.585937,-0.353760,0.294678,77.8880,45.5102,0
76.2800,217696,-0.667786,0.586914,-0.352112,0.292542,77.8579,45.6258,0
76.2900,217706,-0.669006,0.588135,-0.349854,0.290039,77.8175,45.7221,0
76.3000,217716,-0.670288,0.589233,-0.347595,0.287537,77.7862,45.7923,0
76.3100,217726,-0.671692,0.590515,-0.345032,0.284668,77.7504,45.8392,0
76.3200,217736,-0.673096,0.591797,-0.342468,0.281860,77.7193,45.8548,0
76.3300,217746,-0.674561,0.593018,-0.339905,0.278992,77.6934,45.8505,0
76.3400,217756,-0.676025,0.594177,-0.337219,0.276123,77.6771,45.8208,0
76.3500,217766,-0.677490,0.595154,-0.334717,0.273499,77.6770,45.7688,0
76.3600,217776,-0.678894,0.596252,-0.332092,0.270813,77.6639,45.6896,0
76.3700,217786,-0.680115,0.597229,-0.329773,0.268250,77.6484,45.5949,0
76.3800,217796,-0.681396,0.598083,-0.327515,0.265930,77.6510,45.4602,0
76.3900,217806,-0.682678,0.598877,-0.325317,0.263672,77.6593,45.3061,0
76.4000,217816,-0.683899,0.599976,-0.322754,0.261108,77.6334,45.1369,0
76.4100,217826,-0.684814,0.600891,-0.320801,0.258850,77.6035,44.9603,0
76.4200,217836,-0.685852,0.601746,-0.318787,0.256714,77.5891,44.7750,0
76.4300,217846,-0.686890,0.602417,-0.316833,0.254700,77.5921,44.5884,0
76.4400,217856,-0.687622,0.602722,-0.315552,0.253540,77.6246,44.3812,0
76.4500,217866,-0.688110,0.602783,-0.314880,0.252991,77.6503,44.1788,0
76.4600,217876,-0.688477,0.602783,-0.314331,0.252625,77.6599,43.9857,0
76.4700,217886,-0.688782,0.602966,-0.313782,0.252136,77.6571,43.7979,0
76.4800,217896,-0.689087,0.603149,-0.313232,0.251526,77.6551,43.6127,0
76.4900,217906,-0.689331,0.603271,-0.312744,0.251099,77.6525,43.4320,0
76.5000,217916,-0.689636,0.603638,-0.312012,0.250427,77.6478,43.2595,0
76.5100,217926,-0.689758,0.603821,-0.311584,0.250061,77.6414,43.0924,0
76.5200,217936,-0.689941,0.604004,-0.311218,0.249573,77.6360,42.9313,0
76.5300,217946,-0.690186,0.604187,-0.310669,0.249084,77.6333,42.7725,0
76.5400,217956,-0.690430,0.604370,-0.310181,0.248657,77.6318,42.6173,0
76.5500,217966,-0.690613,0.604492,-0.309814,0.248291,77.6328,42.4668,0
76.5600,217976,-0.690735,0.604614,-0.309509,0.248047,77.6344,42.3220,0
76.5700,217986,-0.690857,0.604736,-0.309204,0.247803,77.6352,42.1814,0
76.5800,217996,-0.690979,0.604797,-0.309021,0.247620,77.6361,42.0446,0
76.5900,218006,-0.691040,0.604797,-0.308899,0.247498,77.6375,41.9129,0
76.6000,218016,-0.691040,0.604858,-0.308838,0.247498,77.6370,41.7872,0
76.6100,218026,-0.691040,0.604858,-0.308777,0.247437,77.6377,41.6678,0
76.6200,218036,-0.691040,0.604858,-0.308777,0.247437,77.6402,41.5537,0
76.6300,218046,-0.691040,0.604858,-0.308777,0.247437,77.6414,41.4466,0
76.6400,218056,-0.691040,0.604858,-0.308777,0.247437,77.6425,41.3436,0
76.6500,218066,-0.691040,0.604858,-0.308777,0.247437,77.6447,41.2464,0
76.6600,218076,-0.691040,0.604858,-0.308777,0.247437,77.6487,41.1540,0
76.6700,218086,-0.691101,0.604858,-0.308777,0.247437,77.6530,41.0656,0
76.6800,218096,-0.691101,0.604858,-0.308777,0.247437,77.6553,40.9829,0
76.6900,218106,-0.691101,0.604858,-0.308777,0.247437,77.6569,40.9037,0
76.7000,218116,-0.691101,0.604858,-0.308777,0.247437,77.6590,40.8290,0
76.7100,218126,-0.691101,0.604858,-0.308777,0.247437,77.6593,40.7569,0
76.7200,218136,-0.691101,0.604858,-0.308777,0.247437,77.6607,40.6878,0
76.7300,218146,-0.691101,0.604858,-0.308777,0.247437,77.6626,40.6216,0
76.7400,218156,-0.691101,0.604858,-0.308777,0.247437,77.6633,40.5592,0
76.7500,218166,-0.691101,0.604858,-0.308777,0.247437,77.6645,40.4983,0
76.7600,218176,-0.691101,0.604858,-0.308777,0.247437,77.6662,40.4421,0
76.7700,218186,-0.691101,0.604858,-0.308777,0.247437,77.6685,40.3899,0
76.7800,218196,-0.691101,0.604858,-0.308777,0.247437,77.6718,40.3392,0
76.7900,218206,-0.691101,0.604858,-0.308777,0.247437,77.6726,40.2910,0
76.8000,218216,-0.691101,0.604858,-0.308777,0.247437,77.6727,40.2446,0
76.8100,218226,-0.691101,0.604858,-0.308777,0.247437,77.6741,40.2011,0
76.8200,218236,-0.691101,0.604858,-0.308777,0.247437,77.6742,40.1598,0
76.8300,218246,-0.691101,0.604858,-0.308777,0.247437,77.6748,40.1205,0
76.8400,218256,-0.691101,0.604858,-0.308777,0.247437,77.6743,40.0833,0
76.8500,218266,-0.691101,0.604858,-0.308777,0.247437,77.6761,40.0490,0
76.8600,218276,-0.691101,0.604858,-0.308777,0.247437,77.6773,40.0136,0
76.8700,218286,-0.691101,0.604858,-0.308777,0.247437,77.6784,39.9816,0
76.8800,218296,-0.691101,0.604858,-0.308777,0.247437,77.6782,39.9525,0
76.8900,218306,-0.691101,0.604858,-0.308777,0.247437,77.6793,39.9248,0
76.9000,218316,-0.691101,0.604858,-0.308777,0.247437,77.6797,39.8985,0
76.9100,218326,-0.691101,0.604858,-0.308777,0.247437,77.6813,39.8711,0
76.9200,218336,-0.691101,0.604858,-0.308777,0.247437,77.6822,39.8457,0
76.9300,218346,-0.691101,0.604858,-0.308777,0.247437,77.6819,39.8228,0
76.9400,218356,-0.691101,0.604858,-0.308777,0.247437,77.6816,39.7992,0
76.9500,218366,-0.691101,0.604858,-0.308777,0.247437,77.6819,39.7768,0
76.9600,218376,-0.691101,0.604858,-0.308777,0.247437,77.6821,39.7561,0
76.9700,218386,-0.691101,0.604858,-0.308777,0.247437,77.6818,39.7377,0
76.9800,218396,-0.691101,0.604858,-0.308777,0.247437,77.6797,39.7201,0
76.9900,218406,-0.691101,0.604858,-0.308777,0.247437,77.6789,39.7023,0
77.0000,218416,-0.691101,0.604858,-0.308777,0.247437,77.6805,39.6847,0
77.0100,218426,-0.691101,0.604858,-0.308777,0.247437,77.6803,39.6692,0
77.0200,218436,-0.691101,0.604858,-0.308777,0.247437,77.6795,39.6557,0
77.0300,218446,-0.691101,0.604858,-0.308777,0.247437,77.6781,39.6423,0
77.0400,218456,-0.691101,0.604858,-0.308777,0.247437,77.6792,39.6289,0
77.0500,218466,-0.691101,0.604858,-0.308777,0.247437,77.6796,39.6162,0
77.0600,218476,-0.691101,0.604858,-0.308777,0.247437,77.6800,39.6053,0
77.0700,218486,-0.691101,0.604858,-0.308777,0.247437,77.6803,39.5950,0
77.0800,218496,-0.691101,0.604858,-0.308777,0.247437,77.6813,39.5852,0
77.0900,218506,-0.691101,0.604858,-0.308777,0.247437,77.6816,39.5759,0
77.1000,218516,-0.691101,0.604858,-0.308777,0.247437,77.6819,39.5664,0
77.1100,218526,-0.691101,0.604858,-0.308777,0.247437,77.6834,39.5563,0
77.1200,218536,-0.691101,0.604858,-0.308777,0.247437,77.6836,39.5484,0
77.1300,218546,-0.691101,0.604858,-0.308777,0.247437,77.6844,39.5403,0
77.1400,218556,-0.691101,0.604797,-0.308777,0.247437,77.6839,39.5320,0
77.1500,218566,-0.691101,0.604797,-0.308777,0.247437,77.6847,39.5248,0
77.1600,218576,-0.691101,0.604797,-0.308777,0.247437,77.6854,39.5179,0
77.1700,218586,-0.691101,0.604797,-0.308777,0.247437,77.6850,39.5102,0
77.1800,218596,-0.691101,0.604797,-0.308777,0.247437,77.6851,39.5046,0
77.1900,218606,-0.691101,0.604797,-0.308777,0.247437,77.6864,39.4981,0
77.2000,218616,-0.691101,0.604797,-0.308777,0.247437,77.6864,39.4919,0
77.2100,218626,-0.691101,0.604797,-0.308777,0.247437,77.6865,39.4867,0
77.2200,218636,-0.691101,0.604797,-0.308777,0.247437,77.6866,39.4823,0
77.2300,218646,-0.691101,0.604797,-0.308777,0.247437,77.6866,39.4757,0
77.2400,218656,-0.691101,0.604797,-0.308777,0.247437,77.6872,39.4707,0
77.2500,218666,-0.691101,0.604797,-0.308777,0.247437,77.6867,39.4671,0
77.2600,218676,-0.691101,0.604797,-0.308777,0.247437,77.6867,39.4625,0
77.2700,218686,-0.691101,0.604797,-0.308777,0.247437,77.6867,39.4575,0
77.2800,218696,-0.691101,0.604797,-0.308777,0.247437,77.6862,39.4540,0
77.2900,218706,-0.691101,0.604797,-0.308777,0.247437,77.6862,39.4512,0
77.3000,218716,-0.691101,0.604797,-0.308777,0.247437,77.6869,39.4474,0
77.3100,218726,-0.691101,0.604797,-0.308777,0.247437,77.6869,39.4432,0
77.3200,218736,-0.691101,0.604797,-0.308777,0.247437,77.6870,39.4398,0
77.3300,218746,-0.691101,0.604797,-0.308777,0.247437,77.6864,39.4366,0
77.3400,218756,-0.691101,0.604797,-0.308777,0.247437,77.6859,39.4323,0
77.3500,218766,-0.691101,0.604797,-0.308777,0.247437,77.6859,39.4294,0
77.3600,218776,-0.691101,0.604797,-0.308777,0.247437,77.6854,39.4267,0
77.3700,218786,-0.691101,0.604797,-0.308777,0.247437,77.6855,39.4235,0
77.3800,218796,-0.691101,0.604797,-0.308777,0.247437,77.6850,39.4187,0
77.3900,218806,-0.691101,0.604797,-0.308777,0.247437,77.6858,39.4148,0
77.4000,218816,-0.691101,0.604797,-0.308777,0.247437,77.6876,39.4104,0
77.4100,218826,-0.691101,0.604797,-0.308777,0.247437,77.6876,39.4074,0
77.4200,218836,-0.691101,0.604797,-0.308777,0.247437,77.6870,39.4034,0
77.4300,218846,-0.691101,0.604797,-0.308777,0.247437,77.6858,39.4002,0
77.4400,218856,-0.691101,0.604797,-0.308777,0.247437,77.6847,39.3996,0
77.4500,218866,-0.691101,0.604797,-0.308777,0.247437,77.6843,39.3983,0
77.4600,218876,-0.691101,0.604797,-0.308777,0.247437,77.6850,39.3972,0
77.4700,218886,-0.691101,0.604797,-0.308777,0.247437,77.6852,39.3943,0
77.4800,218896,-0.691101,0.604797,-0.308777,0.247437,77.6853,39.3939,0
77.4900,218906,-0.691101,0.604797,-0.308777,0.247437,77.6854,39.3924,0
77.5000,218916,-0.691101,0.604797,-0.308777,0.247437,77.6873,39.3909,0
77.5100,218926,-0.691101,0.604797,-0.308777,0.247437,77.6867,39.3889,0
77.5200,218936,-0.691101,0.604797,-0.308777,0.247437,77.6855,39.3882,0
77.5300,218946,-0.691101,0.604797,-0.308777,0.247437,77.6862,39.3876,0
77.5400,218956,-0.691101,0.604797,-0.308777,0.247437,77.6869,39.3863,0
77.5500,218966,-0.691101,0.604797,-0.308777,0.247437,77.6863,39.3858,0
77.5600,218976,-0.691101,0.604797,-0.308777,0.247437,77.6852,39.3846,0
77.5700,218986,-0.691101,0.604797,-0.308777,0.247437,77.6847,39.3824,0
77.5800,218996,-0.691101,0.604797,-0.308777,0.247437,77.6837,39.3814,0
77.5900,219006,-0.691101,0.604797,-0.308777,0.247437,77.6827,39.3799,0
77.6000,219016,-0.691101,0.604797,-0.308777,0.247437,77.6817,39.3797,0
77.6100,219026,-0.691101,0.604797,-0.308777,0.247437,77.6838,39.3794,0
77.6200,219036,-0.691101,0.604797,-0.308777,0.247437,77.6834,39.3786,0
77.6300,219046,-0.691101,0.604797,-0.308777,0.247437,77.6842,39.3784,0
77.6400,219056,-0.691101,0.604797,-0.308777,0.247437,77.6850,39.3777,0
77.6500,219066,-0.691101,0.604797,-0.308777,0.247437,77.6833,39.3769,0
77.6600,219076,-0.691101,0.604797,-0.308777,0.247437,77.6823,39.3756,0
77.6700,219086,-0.691101,0.604797,-0.308777,0.247437,77.6838,39.3744,0
77.6800,219096,-0.691101,0.604797,-0.308777,0.247437,77.6828,39.3739,0
77.6900,219106,-0.691101,0.604797,-0.308777,0.247437,77.6824,39.3733,0
77.7000,219116,-0.691101,0.604797,-0.308777,0.247437,77.6821,39.3722,0
77.7100,219126,-0.691101,0.604797,-0.308777,0.247437,77.6829,39.3730,0
77.7200,219136,-0.691101,0.604797,-0.308777,0.247437,77.6832,39.3713,0
77.7300,219146,-0.691101,0.604797,-0.308777,0.247437,77.6840,39.3709,0
77.7400,219156,-0.691101,0.604797,-0.308777,0.247437,77.6847,39.3699,0
77.7500,219166,-0.691101,0.604797,-0.308777,0.247437,77.6843,39.3701,0
77.7600,219176,-0.691101,0.604797,-0.308777,0.247437,77.6833,39.3728,0
77.7700,219186,-0.691101,0.604797,-0.308777,0.247437,77.6835,39.3729,0
77.7800,219196,-0.691101,0.604797,-0.308777,0.247437,77.6831,39.3724,0
77.7900,219206,-0.691101,0.604797,-0.308777,0.247437,77.6833,39.3737,0
77.8000,219216,-0.691101,0.604797,-0.308777,0.247437,77.6823,39.3732,0
77.8100,219226,-0.691101,0.604797,-0.308777,0.247437,77.6820,39.3739,0
77.8200,219236,-0.691101,0.604797,-0.308777,0.247437,77.6823,39.3739,0
77.8300,219246,-0.691101,0.604797,-0.308777,0.247437,77.6831,39.3740,0
77.8400,219256,-0.691101,0.604797,-0.308777,0.247437,77.6839,39.3740,0
77.8500,219266,-0.691101,0.604797,-0.308777,0.247437,77.6847,39.3741,0
77.8600,219276,-0.691101,0.604797,-0.308777,0.247437,77.6854,39.3735,0
77.8700,219286,-0.691101,0.604797,-0.308777,0.247437,77.6867,39.3736,0
77.8800,219296,-0.691101,0.604797,-0.308777,0.247437,77.6880,39.3737,0
77.8900,219306,-0.691101,0.604797,-0.308777,0.247437,77.6885,39.3725,0
77.9000,219316,-0.691101,0.604797,-0.308777,0.247437,77.6885,39.3733,0
77.9100,219326,-0.691101,0.604797,-0.308777,0.247437,77.6878,39.3739,0
77.9200,219336,-0.691101,0.604797,-0.308777,0.247437,77.6872,39.3740,0
77.9300,219346,-0.691101,0.604797,-0.308777,0.247437,77.6878,39.3740,0
77.9400,219356,-0.691101,0.604797,-0.308777,0.247437,77.6884,39.3735,0
77.9500,219366,-0.691101,0.604797,-0.308777,0.247437,77.6896,39.3718,0
77.9600,219376,-0.691101,0.604797,-0.308777,0.247437,77.6895,39.3708,0
77.9700,219386,-0.691101,0.604797,-0.308777,0.247437,77.6899,39.3710,0
77.9800,219396,-0.691101,0.604797,-0.308777,0.247437,77.6904,39.3706,0
77.9900,219406,-0.691101,0.604797,-0.308777,0.247437,77.6903,39.3708,0
78.0000,219416,-0.691101,0.604797,-0.308777,0.247437,77.6913,39.3710,0
78.0100,219426,-0.691101,0.604797,-0.308777,0.247437,77.6929,39.3712,0
78.0200,219436,-0.691101,0.604797,-0.308777,0.247437,77.6938,39.3720,0
78.0300,219446,-0.691101,0.604797,-0.308777,0.247437,77.6947,39.3721,0
78.0400,219456,-0.691101,0.604797,-0.308777,0.247437,77.6955,39.3735,0
78.0500,219466,-0.691101,0.604797,-0.308777,0.247437,77.6957,39.3730,0
78.0600,219476,-0.691101,0.604797,-0.308777,0.247437,77.6959,39.3737,0
78.0700,219486,-0.691101,0.604797,-0.308777,0.247437,77.6961,39.3749,0
78.0800,219496,-0.691101,0.604797,-0.308777,0.247437,77.6963,39.3743,0
78.0900,219506,-0.691101,0.604797,-0.308777,0.247437,77.6964,39.3738,0
78.1000,219516,-0.691101,0.604797,-0.308777,0.247437,77.6954,39.3732,0
78.1100,219526,-0.691101,0.604797,-0.308777,0.247437,77.6950,39.3721,0
78.1200,219536,-0.691101,0.604797,-0.308777,0.247437,77.6958,39.3711,0
78.1300,219546,-0.691101,0.604797,-0.308777,0.247437,77.6948,39.3707,0
78.1400,219556,-0.691101,0.604797,-0.308777,0.247437,77.6938,39.3697,0
78.1500,219566,-0.691101,0.604797,-0.308777,0.247437,77.6947,39.3712,0
78.1600,219576,-0.691101,0.604797,-0.308777,0.247437,77.6949,39.3702,0
78.1700,219586,-0.691101,0.604797,-0.308777,0.247437,77.6957,39.3710,0
78.1800,219596,-0.691101,0.604797,-0.308777,0.247437,77.6959,39.3712,0
78.1900,219606,-0.691101,0.604797,-0.308777,0.247437,77.6973,39.3714,0
78.2000,219616,-0.691101,0.604797,-0.308777,0.247437,77.6980,39.3716,0
78.2100,219626,-0.691101,0.604797,-0.308777,0.247437,77.6981,39.3723,0
78.2200,219636,-0.691101,0.604797,-0.308777,0.247437,77.6975,39.3731,0
78.2300,219646,-0.691101,0.604797,-0.308777,0.247437,77.6982,39.3750,0
78.2400,219656,-0.691101,0.604797,-0.308777,0.247437,77.6995,39.3750,0
78.2500,219666,-0.691101,0.604797,-0.308777,0.247437,77.6989,39.3750,0
78.2600,219676,-0.691101,0.604797,-0.308777,0.247437,77.6989,39.3756,0
78.2700,219686,-0.691101,0.604797,-0.308777,0.247437,77.6995,39.3755,0
78.2800,219696,-0.691101,0.604797,-0.308777,0.247437,77.6995,39.3743,0
78.2900,219706,-0.691101,0.604797,-0.308777,0.247437,77.6989,39.3743,0
78.3000,219716,-0.691101,0.604797,-0.308777,0.247437,77.6977,39.3744,0
78.3100,219726,-0.691101,0.604797,-0.308777,0.247437,77.6978,39.3738,0
78.3200,219736,-0.691101,0.604797,-0.308777,0.247437,77.6967,39.3751,0
78.3300,219746,-0.691101,0.604797,-0.308777,0.247437,77.6962,39.3751,0
78.3400,219756,-0.691101,0.604797,-0.308777,0.247437,77.6952,39.3768,0
78.3500,219766,-0.691101,0.604797,-0.308777,0.247437,77.6948,39.3768,0
78.3600,219776,-0.691101,0.604797,-0.308777,0.247437,77.6933,39.3761,0
78.3700,219786,-0.691101,0.604797,-0.308777,0.247437,77.6930,39.3754,0
78.3800,219796,-0.691101,0.604797,-0.308777,0.247437,77.6939,39.3766,0
78.3900,219806,-0.691101,0.604797,-0.308777,0.247437,77.6948,39.3759,0
78.4000,219816,-0.691101,0.604797,-0.308777,0.247437,77.6932,39.3735,0
78.4100,219826,-0.691101,0.604797,-0.308777,0.247437,77.6917,39.3742,0
78.4200,219836,-0.691101,0.604797,-0.308777,0.247437,77.6915,39.3736,0
78.4300,219846,-0.691101,0.604797,-0.308777,0.247437,77.6919,39.3731,0
78.4400,219856,-0.691101,0.604797,-0.308777,0.247437,77.6905,39.3738,0
78.4500,219866,-0.691101,0.604797,-0.308777,0.247437,77.6898,39.3732,0
78.4600,219876,-0.691101,0.604797,-0.308777,0.247437,77.6885,39.3727,0
78.4700,219886,-0.691101,0.604797,-0.308777,0.247437,77.6902,39.3728,0
78.4800,219896,-0.691101,0.604797,-0.308777,0.247437,77.6906,39.3730,0
78.4900,219906,-0.691101,0.604797,-0.308777,0.247437,77.6917,39.3731,0
78.5000,219916,-0.691101,0.604797,-0.308777,0.247437,77.6897,39.3737,0
78.5100,219926,-0.691101,0.604797,-0.308777,0.247437,77.6902,39.3750,0
78.5200,219936,-0.691101,0.604797,-0.308777,0.247437,77.6906,39.3768,0
78.5300,219946,-0.691101,0.604797,-0.308777,0.247437,77.6899,39.3773,0
78.5400,219956,-0.691101,0.604797,-0.308777,0.247498,77.6892,39.3801,0
78.5500,219966,-0.690979,0.604736,-0.309021,0.247681,77.6885,39.3878,0
78.5600,219976,-0.690613,0.604431,-0.309814,0.248474,77.6944,39.3894,0
78.5700,219986,-0.690002,0.603821,-0.311157,0.250000,77.7136,39.3874,0
78.5800,219996,-0.689392,0.602783,-0.312744,0.252075,77.7747,39.3928,0
78.5900,220006,-0.688782,0.602295,-0.314026,0.253418,77.7828,39.4309,0
78.6000,220016,-0.688110,0.602112,-0.315063,0.254272,77.7448,39.4874,0
78.6100,220026,-0.687256,0.601929,-0.316406,0.255371,77.6992,39.5531,0
78.6200,220036,-0.686218,0.601440,-0.318237,0.257141,77.6766,39.6204,0
78.6300,220046,-0.685120,0.600769,-0.320190,0.259094,77.6665,39.7009,0
78.6400,220056,-0.683899,0.599915,-0.322449,0.261475,77.6752,39.8033,0
78.6500,220066,-0.682800,0.598999,-0.324707,0.263733,77.7033,39.9055,0
78.6600,220076,-0.681396,0.597839,-0.327332,0.266724,77.7282,40.0288,0
78.6700,220086,-0.679810,0.596497,-0.330383,0.269897,77.7744,40.1812,0
78.6800,220096,-0.678406,0.595093,-0.333252,0.273071,77.8237,40.3382,0
78.6900,220106,-0.676697,0.593445,-0.336548,0.276794,77.8188,40.5227,0
78.7000,220116,-0.674866,0.592163,-0.339783,0.280151,77.8266,40.7357,0
78.7100,220126,-0.671570,0.589417,-0.345642,0.286499,77.8495,40.9643,0
78.7200,220136,-0.670105,0.588135,-0.348389,0.289368,77.8707,41.2131,0
78.7300,220146,-0.668518,0.586731,-0.351135,0.292419,77.8902,41.4746,0
78.7400,220156,-0.666992,0.585449,-0.353821,0.295349,77.9087,41.7474,0
78.7500,220166,-0.665588,0.584229,-0.356201,0.297852,77.9235,42.0367,0
78.7600,220176,-0.664307,0.583252,-0.358398,0.300171,77.9268,42.3335,0
78.7700,220186,-0.663208,0.582336,-0.360229,0.302124,77.9348,42.6393,0
78.7800,220196,-0.662231,0.581543,-0.361877,0.303833,77.9388,42.9461,0
78.7900,220206,-0.661255,0.580811,-0.363403,0.305481,77.9354,43.2556,0
78.8000,220216,-0.660278,0.580078,-0.364990,0.307068,77.9310,43.5646,0
78.8100,220226,-0.659363,0.579407,-0.366516,0.308594,77.9269,43.8718,0
78.8200,220236,-0.658508,0.578735,-0.367859,0.309998,77.9218,44.1809,0
78.8300,220246,-0.657715,0.578125,-0.369141,0.311279,77.9169,44.4853,0
78.8400,220256,-0.656982,0.577576,-0.370300,0.312500,77.9099,44.7900,0
78.8500,220266,-0.656311,0.577087,-0.371399,0.313538,77.9015,45.0923,0
78.8600,220276,-0.655701,0.576599,-0.372375,0.314514,77.8935,45.3969,0
78.8700,220286,-0.655273,0.576233,-0.373108,0.315247,77.8853,45.6901,0
78.8800,220296,-0.654968,0.575989,-0.373596,0.315674,77.8816,45.9715,0
78.8900,220306,-0.654907,0.575928,-0.373779,0.315857,77.8770,46.2424,0
78.9000,220316,-0.654907,0.575928,-0.373718,0.315796,77.8755,46.4998,0
78.9100,220326,-0.655029,0.575989,-0.373535,0.315674,77.8748,46.7420,0
78.9200,220336,-0.655090,0.575989,-0.373413,0.315552,77.8716,46.9779,0
78.9300,220346,-0.655151,0.575989,-0.373413,0.315613,77.8663,47.2027,0
78.9400,220356,-0.655151,0.575928,-0.373413,0.315613,77.8565,47.4174,0
78.9500,220366,-0.655090,0.575928,-0.373474,0.315674,77.8501,47.6202,0
78.9600,220376,-0.655090,0.575867,-0.373535,0.315735,77.8465,47.8110,0
78.9700,220386,-0.655090,0.575867,-0.373535,0.315735,77.8466,47.9888,0
78.9800,220396,-0.655457,0.576111,-0.372986,0.315247,77.8461,48.1544,0
78.9900,220406,-0.656006,0.576538,-0.372070,0.314331,77.8474,48.3132,0
79.0000,220416,-0.656921,0.577209,-0.370667,0.312927,77.8468,48.4592,0
79.0100,220426,-0.658142,0.578064,-0.368835,0.310913,77.8457,48.5893,0
79.0200,220436,-0.659668,0.579407,-0.366272,0.308167,77.8268,48.6968,0
79.0300,220446,-0.661316,0.580872,-0.363525,0.305176,77.7909,48.7774,0
79.0400,220456,-0.663025,0.582336,-0.360718,0.302002,77.7609,48.8305,0
79.0500,220466,-0.664673,0.583740,-0.357910,0.298889,77.7325,48.8558,0
79.0600,220476,-0.666321,0.585022,-0.355225,0.296021,77.7197,48.8477,0
79.0700,220486,-0.667908,0.586304,-0.352478,0.293091,77.7058,48.8145,0
79.0800,220496,-0.669556,0.587585,-0.349731,0.290100,77.6853,48.7619,0
79.0900,220506,-0.671021,0.588745,-0.347168,0.287415,77.6723,48.6776,0
79.1000,220516,-0.672302,0.589783,-0.344849,0.285034,77.6648,48.5703,0
79.1100,220526,-0.673584,0.590820,-0.342529,0.282593,77.6505,48.4470,0
79.1200,220536,-0.674805,0.591919,-0.340210,0.280151,77.6256,48.3069,0
79.1300,220546,-0.676025,0.592957,-0.337952,0.277710,77.6091,48.1531,0
79.1400,220556,-0.677368,0.593872,-0.335571,0.275330,77.6166,47.9675,0
79.1500,220566,-0.678894,0.594666,-0.333130,0.273010,77.6510,47.7661,0
79.1600,220576,-0.680481,0.595764,-0.330261,0.270020,77.6570,47.5551,0
79.1700,220586,-0.681885,0.596985,-0.327515,0.267090,77.6306,47.3278,0
79.1800,220596,-0.683350,0.598145,-0.324707,0.264099,77.6174,47.0899,0
79.1900,220606,-0.684753,0.599365,-0.321960,0.261169,77.5538,46.8365,0
79.2000,220616,-0.685852,0.600769,-0.319397,0.258179,77.5148,46.5702,0
79.2100,220626,-0.686890,0.601929,-0.317078,0.255493,77.5472,46.2864,0
79.2200,220636,-0.687744,0.602295,-0.315674,0.254211,77.6225,46.0021,0
79.2300,220646,-0.688599,0.602173,-0.314636,0.253479,77.6596,45.7222,0
79.2400,220656,-0.689148,0.602234,-0.313843,0.252869,77.6699,45.4501,0
79.2500,220666,-0.689514,0.602478,-0.313049,0.252136,77.6702,45.1883,0
79.2600,220676,-0.690186,0.602905,-0.311829,0.250854,77.6681,44.9346,0
79.2700,220686,-0.690491,0.603027,-0.311340,0.250305,77.6643,44.6874,0
79.2800,220696,-0.690674,0.603210,-0.310913,0.249878,77.6619,44.4465,0
79.2900,220706,-0.690918,0.603333,-0.310486,0.249451,77.6584,44.2151,0
79.3000,220716,-0.691101,0.603577,-0.310059,0.248962,77.6528,43.9890,0
79.3100,220726,-0.691284,0.603760,-0.309570,0.248535,77.6462,43.7699,0
79.3200,220736,-0.691406,0.603943,-0.309265,0.248230,77.6417,43.5574,0
79.3300,220746,-0.691467,0.604004,-0.309021,0.247986,77.6387,43.3550,0
79.3400,220756,-0.691589,0.604065,-0.308838,0.247864,77.6381,43.1584,0
79.3500,220766,-0.691650,0.604126,-0.308716,0.247742,77.6382,42.9716,0
79.3600,220776,-0.691650,0.604187,-0.308594,0.247681,77.6377,42.7929,0
79.3700,220786,-0.691711,0.604187,-0.308533,0.247620,77.6384,42.6232,0
79.3800,220796,-0.691711,0.604187,-0.308533,0.247559,77.6391,42.4626,0
79.3900,220806,-0.691711,0.604187,-0.308533,0.247559,77.6391,42.3076,0
79.4000,220816,-0.691711,0.604187,-0.308533,0.247559,77.6404,42.1616,0
79.4100,220826,-0.691711,0.604187,-0.308533,0.247559,77.6421,42.0234,0
79.4200,220836,-0.691711,0.604187,-0.308533,0.247559,77.6444,41.8922,0
79.4300,220846,-0.691711,0.604187,-0.308533,0.247559,77.6460,41.7663,0
79.4400,220856,-0.691711,0.604248,-0.308472,0.247498,77.6480,41.6486,0
79.4500,220866,-0.691711,0.604248,-0.308472,0.247498,77.6512,41.5361,0
79.4600,220876,-0.691711,0.604248,-0.308472,0.247498,77.6548,41.4286,0
79.4700,220886,-0.691711,0.604248,-0.308472,0.247498,77.6570,41.3259,0
79.4800,220896,-0.691711,0.604248,-0.308472,0.247498,77.6591,41.2296,0
79.4900,220906,-0.691711,0.604248,-0.308472,0.247498,77.6612,41.1374,0
79.5000,220916,-0.691711,0.604248,-0.308472,0.247498,77.6637,41.0511,0
79.5100,220926,-0.691711,0.604248,-0.308472,0.247498,77.6637,40.9691,0
79.5200,220936,-0.691711,0.604248,-0.308472,0.247498,77.6655,40.8900,0
79.5300,220946,-0.691711,0.604248,-0.308472,0.247498,77.6665,40.8154,0
79.5400,220956,-0.691711,0.604248,-0.308472,0.247498,77.6688,40.7452,0
79.5500,220966,-0.691711,0.604248,-0.308472,0.247498,77.6691,40.6779,0
79.5600,220976,-0.691711,0.604248,-0.308472,0.247498,77.6718,40.6127,0
79.5700,220986,-0.691711,0.604248,-0.308472,0.247498,77.6732,40.5502,0
79.5800,220996,-0.691711,0.604248,-0.308472,0.247498,77.6751,40.4903,0
79.5900,221006,-0.691711,0.604248,-0.308472,0.247498,77.6763,40.4351,0
79.6000,221016,-0.691711,0.604248,-0.308472,0.247498,77.6781,40.3803,0
79.6100,221026,-0.691711,0.604248,-0.308472,0.247498,77.6809,40.3289,0
79.6200,221036,-0.691711,0.604248,-0.308472,0.247498,77.6806,40.2818,0
79.6300,221046,-0.691711,0.604248,-0.308472,0.247498,77.6804,40.2370,0
79.6400,221056,-0.691711,0.604248,-0.308472,0.247498,77.6796,40.1945,0
79.6500,221066,-0.691711,0.604248,-0.308472,0.247498,77.6806,40.1529,0
79.6600,221076,-0.691711,0.604248,-0.308472,0.247498,77.6797,40.1146,0
79.6700,221086,-0.691711,0.604248,-0.308472,0.247498,77.6807,40.0771,0
79.6800,221096,-0.691711,0.604248,-0.308472,0.247498,77.6828,40.0396,0
79.6900,221106,-0.691711,0.604248,-0.308472,0.247498,77.6837,40.0058,0
79.7000,221116,-0.691711,0.604248,-0.308472,0.247498,77.6838,39.9736,0
79.7100,221126,-0.691711,0.604248,-0.308472,0.247498,77.6852,39.9431,0
79.7200,221136,-0.691711,0.604248,-0.308472,0.247498,77.6865,39.9147,0
79.7300,221146,-0.691711,0.604248,-0.308472,0.247498,77.6878,39.8883,0
79.7400,221156,-0.691711,0.604248,-0.308472,0.247498,77.6883,39.8644,0
79.7500,221166,-0.691711,0.604248,-0.308472,0.247498,77.6883,39.8400,0
79.7600,221176,-0.691711,0.604248,-0.308472,0.247498,77.6883,39.8179,0
79.7700,221186,-0.691711,0.604248,-0.308472,0.247498,77.6888,39.7958,0
79.7800,221196,-0.691711,0.604248,-0.308472,0.247498,77.6876,39.7753,0
79.7900,221206,-0.691711,0.604248,-0.308472,0.247498,77.6870,39.7547,0
79.8000,221216,-0.691711,0.604248,-0.308472,0.247498,77.6876,39.7363,0
79.8100,221226,-0.691711,0.604248,-0.308472,0.247498,77.6882,39.7177,0
79.8200,221236,-0.691711,0.604248,-0.308472,0.247498,77.6887,39.7005,0
79.8300,221246,-0.691711,0.604248,-0.308472,0.247498,77.6869,39.6848,0
79.8400,221256,-0.691711,0.604248,-0.308472,0.247498,77.6875,39.6705,0
79.8500,221266,-0.691711,0.604248,-0.308472,0.247498,77.6881,39.6558,0
79.8600,221276,-0.691711,0.604248,-0.308472,0.247498,77.6887,39.6417,0
79.8700,221286,-0.691711,0.604248,-0.308472,0.247498,77.6898,39.6284,0
79.8800,221296,-0.691711,0.604248,-0.308472,0.247498,77.6891,39.6151,0
79.8900,221306,-0.691711,0.604248,-0.308472,0.247498,77.6890,39.6043,0
79.9000,221316,-0.691711,0.604248,-0.308472,0.247498,77.6889,39.5922,0
79.9100,221326,-0.691711,0.604248,-0.308472,0.247498,77.6895,39.5808,0
79.9200,221336,-0.691711,0.604248,-0.308472,0.247498,77.6888,39.5705,0
79.9300,221346,-0.691711,0.604248,-0.308472,0.247498,77.6893,39.5607,0
79.9400,221356,-0.691711,0.604248,-0.308472,0.247498,77.6886,39.5520,0
79.9500,221366,-0.691711,0.604248,-0.308472,0.247498,77.6886,39.5444,0
79.9600,221376,-0.691711,0.604248,-0.308472,0.247498,77.6885,39.5377,0
79.9700,221386,-0.691711,0.604248,-0.308472,0.247498,77.6890,39.5301,0
79.9800,221396,-0.691711,0.604248,-0.308472,0.247498,77.6890,39.5236,0
79.9900,221406,-0.691711,0.604248,-0.308472,0.247498,77.6889,39.5167,0
80.0000,221416,-0.691711,0.604248,-0.308472,0.247498,77.6894,39.5102,0
80.0100,221426,-0.691711,0.604248,-0.308472,0.247498,77.6899,39.5041,0
80.0200,221436,-0.691711,0.604248,-0.308472,0.247498,77.6904,39.4976,0
80.0300,221446,-0.691711,0.604248,-0.308472,0.247498,77.6896,39.4897,0
80.0400,221456,-0.691711,0.604248,-0.308472,0.247498,77.6895,39.4828,0
80.0500,221466,-0.691711,0.604248,-0.308472,0.247498,77.6882,39.4762,0
80.0600,221476,-0.691711,0.604248,-0.308472,0.247498,77.6882,39.4717,0
80.0700,221486,-0.691711,0.604248,-0.308472,0.247498,77.6882,39.4687,0
80.0800,221496,-0.691711,0.604248,-0.308472,0.247498,77.6875,39.4658,0
80.0900,221506,-0.691711,0.604248,-0.308472,0.247498,77.6875,39.4618,0
80.1000,221516,-0.691711,0.604248,-0.308472,0.247498,77.6875,39.4587,0
80.1100,221526,-0.691711,0.604248,-0.308472,0.247498,77.6858,39.4557,0
80.1200,221536,-0.691711,0.604248,-0.308472,0.247498,77.6858,39.4511,0
80.1300,221546,-0.691711,0.604248,-0.308472,0.247498,77.6871,39.4473,0
80.1400,221556,-0.691711,0.604248,-0.308472,0.247498,77.6848,39.4442,0
80.1500,221566,-0.691711,0.604248,-0.308472,0.247498,77.6855,39.4402,0
80.1600,221576,-0.691711,0.604248,-0.308472,0.247498,77.6862,39.4363,0
80.1700,221586,-0.691711,0.604248,-0.308472,0.247498,77.6868,39.4345,0
80.1800,221596,-0.691711,0.604248,-0.308472,0.247498,77.6863,39.4327,0
80.1900,221606,-0.691711,0.604248,-0.308472,0.247498,77.6857,39.4304,0
80.2000,221616,-0.691711,0.604248,-0.308472,0.247498,77.6858,39.4282,0
80.2100,221626,-0.691711,0.604248,-0.308472,0.247498,77.6859,39.4249,0
80.2200,221636,-0.691711,0.604248,-0.308472,0.247498,77.6866,39.4230,0
80.2300,221646,-0.691711,0.604248,-0.308472,0.247498,77.6860,39.4212,0
80.2400,221656,-0.691711,0.604248,-0.308472,0.247498,77.6861,39.4195,0
80.2500,221666,-0.691711,0.604248,-0.308472,0.247498,77.6856,39.4173,0
80.2600,221676,-0.691711,0.604248,-0.308472,0.247498,77.6857,39.4146,0
80.2700,221686,-0.691711,0.604248,-0.308472,0.247498,77.6846,39.4120,0
80.2800,221696,-0.691711,0.604248,-0.308472,0.247498,77.6847,39.4113,0
80.2900,221706,-0.691711,0.604248,-0.308472,0.247498,77.6855,39.4107,0
80.3000,221716,-0.691711,0.604248,-0.308472,0.247498,77.6862,39.4101,0
80.3100,221726,-0.691711,0.604248,-0.308472,0.247498,77.6856,39.4095,0
80.3200,221736,-0.691711,0.604248,-0.308472,0.247498,77.6851,39.4090,0
80.3300,221746,-0.691711,0.604248,-0.308472,0.247498,77.6864,39.4073,0
80.3400,221756,-0.691711,0.604248,-0.308472,0.247498,77.6877,39.4045,0
80.3500,221766,-0.691711,0.604248,-0.308472,0.247498,77.6877,39.4030,0
80.3600,221776,-0.691711,0.604248,-0.308472,0.247498,77.6883,39.4022,0
80.3700,221786,-0.691711,0.604248,-0.308472,0.247498,77.6864,39.4003,0
80.3800,221796,-0.691711,0.604248,-0.308472,0.247498,77.6871,39.3978,0
80.3900,221806,-0.691711,0.604248,-0.308472,0.247498,77.6871,39.3973,0
80.4000,221816,-0.691711,0.604248,-0.308472,0.247498,77.6865,39.3967,0
80.4100,221826,-0.691711,0.604248,-0.308472,0.247498,77.6860,39.3963,0
80.4200,221836,-0.691711,0.604248,-0.308472,0.247498,77.6861,39.3946,0
80.4300,221846,-0.691711,0.604248,-0.308472,0.247498,77.6873,39.3936,0
80.4400,221856,-0.691711,0.604248,-0.308472,0.247498,77.6873,39.3927,0
80.4500,221866,-0.691711,0.604248,-0.308472,0.247498,77.6885,39.3924,0
80.4600,221876,-0.691711,0.604248,-0.308472,0.247498,77.6879,39.3909,0
80.4700,221886,-0.691711,0.604248,-0.308472,0.247498,77.6884,39.3913,0
80.4800,221896,-0.691711,0.604248,-0.308472,0.247498,77.6890,39.3911,0
80.4900,221906,-0.691711,0.604248,-0.308472,0.247498,77.6901,39.3915,0
80.5000,221916,-0.691711,0.604248,-0.308472,0.247498,77.6906,39.3907,0
80.5100,221926,-0.691711,0.604248,-0.308472,0.247498,77.6904,39.3899,0
80.5200,221936,-0.691711,0.604248,-0.308472,0.247498,77.6885,39.3897,0
80.5300,221946,-0.691711,0.604248,-0.308472,0.247498,77.6890,39.3872,0
80.5400,221956,-0.691711,0.604248,-0.308472,0.247498,77.6884,39.3866,0
80.5500,221966,-0.691711,0.604248,-0.308472,0.247498,77.6877,39.3866,0
80.5600,221976,-0.691711,0.604248,-0.308472,0.247498,77.6889,39.3860,0
80.5700,221986,-0.691711,0.604248,-0.308472,0.247498,77.6882,39.3861,0
80.5800,221996,-0.691711,0.604248,-0.308472,0.247498,77.6864,39.3843,0
80.5900,222006,-0.691711,0.604248,-0.308472,0.247498,77.6859,39.3839,0
80.6000,222016,-0.691711,0.604248,-0.308472,0.247498,77.6871,39.3834,0
80.6100,222026,-0.691711,0.604248,-0.308472,0.247498,77.6877,39.3830,0
80.6200,222036,-0.691711,0.604248,-0.308472,0.247498,77.6877,39.3814,0
80.6300,222046,-0.691711,0.604248,-0.308472,0.247498,77.6871,39.3817,0
80.6400,222056,-0.691711,0.604248,-0.308472,0.247498,77.6889,39.3808,0
80.6500,222066,-0.691711,0.604248,-0.308472,0.247498,77.6889,39.3799,0
80.6600,222076,-0.691711,0.604248,-0.308472,0.247498,77.6894,39.3790,0
80.6700,222086,-0.691711,0.604248,-0.308472,0.247498,77.6893,39.3788,0
80.6800,222096,-0.691711,0.604248,-0.308472,0.247498,77.6898,39.3775,0
80.6900,222106,-0.691711,0.604248,-0.308472,0.247498,77.6891,39.3773,0
80.7000,222116,-0.691711,0.604248,-0.308472,0.247498,77.6884,39.3772,0
80.7100,222126,-0.691711,0.604248,-0.308472,0.247498,77.6896,39.3777,0
80.7200,222136,-0.691711,0.604248,-0.308472,0.247498,77.6889,39.3782,0
80.7300,222146,-0.691711,0.604248,-0.308472,0.247498,77.6894,39.3792,0
80.7400,222156,-0.691711,0.604248,-0.308472,0.247498,77.6881,39.3784,0
80.7500,222166,-0.691711,0.604248,-0.308472,0.247498,77.6881,39.3770,0
80.7600,222176,-0.691711,0.604248,-0.308472,0.247498,77.6875,39.3769,0
80.7700,222186,-0.691711,0.604248,-0.308472,0.247498,77.6857,39.3756,0
80.7800,222196,-0.691711,0.604248,-0.308472,0.247498,77.6852,39.3762,0
80.7900,222206,-0.691711,0.604248,-0.308472,0.247498,77.6859,39.3755,0
80.8000,222216,-0.691711,0.604248,-0.308472,0.247498,77.6860,39.3767,0
80.8100,222226,-0.691711,0.604248,-0.308472,0.247498,77.6854,39.3766,0
80.8200,222236,-0.691711,0.604248,-0.308472,0.247498,77.6873,39.3765,0
80.8300,222246,-0.691711,0.604248,-0.308472,0.247498,77.6879,39.3759,0
80.8400,222256,-0.691711,0.604248,-0.308472,0.247498,77.6879,39.3770,0
80.8500,222266,-0.691711,0.604248,-0.308472,0.247498,77.6879,39.3769,0
80.8600,222276,-0.691711,0.604248,-0.308472,0.247498,77.6879,39.3762,0
80.8700,222286,-0.691711,0.604248,-0.308472,0.247498,77.6879,39.3756,0
80.8800,222296,-0.691711,0.604248,-0.308472,0.247498,77.6866,39.3755,0
80.8900,222306,-0.691711,0.604248,-0.308472,0.247498,77.6867,39.3767,0
80.9000,222316,-0.691711,0.604248,-0.308472,0.247498,77.6861,39.3784,0
80.9100,222326,-0.691711,0.604248,-0.308472,0.247498,77.6862,39.3776,0
80.9200,222336,-0.691711,0.604248,-0.308472,0.247498,77.6869,39.3787,0
80.9300,222346,-0.691711,0.604248,-0.308472,0.247498,77.6869,39.3791,0
80.9400,222356,-0.691711,0.604248,-0.308472,0.247498,77.6875,39.3777,0
80.9500,222366,-0.691711,0.604248,-0.308472,0.247498,77.6875,39.3770,0
80.9600,222376,-0.691711,0.604248,-0.308472,0.247498,77.6887,39.3763,0
80.9700,222386,-0.691711,0.604248,-0.308472,0.247498,77.6892,39.3756,0
80.9800,222396,-0.691711,0.604248,-0.308472,0.247498,77.6886,39.3756,0
80.9900,222406,-0.691711,0.604248,-0.308472,0.247498,77.6885,39.3768,0
81.0000,222416,-0.691711,0.604248,-0.308472,0.247498,77.6885,39.3761,0
81.0100,222426,-0.691711,0.604248,-0.308472,0.247498,77.6884,39.3760,0
81.0200,222436,-0.691711,0.604248,-0.308472,0.247498,77.6884,39.3760,0
81.0300,222446,-0.691711,0.604248,-0.308472,0.247498,77.6883,39.3759,0
81.0400,222456,-0.691711,0.604248,-0.308472,0.247498,77.6889,39.3765,0
81.0500,222466,-0.691711,0.604248,-0.308472,0.247498,77.6888,39.3770,0
81.0600,222476,-0.691711,0.604248,-0.308472,0.247498,77.6887,39.3763,0
81.0700,222486,-0.691711,0.604248,-0.308472,0.247498,77.6875,39.3762,0
81.0800,222496,-0.691711,0.604248,-0.308472,0.247498,77.6881,39.3756,0
81.0900,222506,-0.691711,0.604248,-0.308472,0.247498,77.6880,39.3761,0
81.1000,222516,-0.691711,0.604248,-0.308472,0.247498,77.6886,39.3761,0
81.1100,222526,-0.691711,0.604248,-0.308472,0.247498,77.6886,39.3766,0
81.1200,222536,-0.691711,0.604248,-0.308472,0.247498,77.6891,39.3771,0
81.1300,222546,-0.691711,0.604248,-0.308472,0.247498,77.6896,39.3764,0
81.1400,222556,-0.691711,0.604248,-0.308472,0.247498,77.6889,39.3752,0
81.1500,222566,-0.691711,0.604248,-0.308472,0.247498,77.6900,39.3752,0
81.1600,222576,-0.691711,0.604248,-0.308472,0.247498,77.6893,39.3746,0
81.1700,222586,-0.691711,0.604248,-0.308472,0.247498,77.6892,39.3734,0
81.1800,222596,-0.691711,0.604248,-0.308472,0.247498,77.6897,39.3741,0
81.1900,222606,-0.691711,0.604248,-0.308472,0.247498,77.6902,39.3735,0
81.2000,222616,-0.691711,0.604248,-0.308472,0.247498,77.6901,39.3724,0
81.2100,222626,-0.691711,0.604248,-0.308472,0.247498,77.6888,39.3725,0
81.2200,222636,-0.691711,0.604248,-0.308472,0.247498,77.6887,39.3727,0
81.2300,222646,-0.691711,0.604248,-0.308472,0.247498,77.6880,39.3728,0
81.2400,222656,-0.691711,0.604248,-0.308472,0.247498,77.6880,39.3729,0
81.2500,222666,-0.691711,0.604248,-0.308472,0.247498,77.6892,39.3724,0
81.2600,222676,-0.691711,0.604248,-0.308472,0.247498,77.6891,39.3731,0
81.2700,222686,-0.691711,0.604248,-0.308472,0.247498,77.6890,39.3720,0
81.2800,222696,-0.691711,0.604248,-0.308472,0.247498,77.6901,39.3722,0
81.2900,222706,-0.691711,0.604248,-0.308472,0.247498,77.6906,39.3729,0
81.3000,222716,-0.691711,0.604248,-0.308472,0.247498,77.6904,39.3724,0
81.3100,222726,-0.691711,0.604248,-0.308472,0.247498,77.6903,39.3732,0
81.3200,222736,-0.691711,0.604248,-0.308472,0.247498,77.6896,39.3744,0
81.3300,222746,-0.691711,0.604248,-0.308472,0.247498,77.6889,39.3751,0
81.3400,222756,-0.691711,0.604248,-0.308472,0.247498,77.6876,39.3751,0
81.3500,222766,-0.691711,0.604248,-0.308472,0.247498,77.6864,39.3756,0
81.3600,222776,-0.691711,0.604248,-0.308472,0.247498,77.6859,39.3762,0
81.3700,222786,-0.691711,0.604248,-0.308472,0.247498,77.6848,39.3761,0
81.3800,222796,-0.691711,0.604248,-0.308472,0.247498,77.6843,39.3761,0
81.3900,222806,-0.691711,0.604248,-0.308472,0.247498,77.6839,39.3760,0
81.4000,222816,-0.691711,0.604248,-0.308472,0.247498,77.6852,39.3760,0
81.4100,222826,-0.691711,0.604248,-0.308472,0.247498,77.6860,39.3765,0
81.4200,222836,-0.691711,0.604248,-0.308472,0.247498,77.6866,39.3764,0
81.4300,222846,-0.691711,0.604248,-0.308472,0.247498,77.6867,39.3776,0
81.4400,222856,-0.691711,0.604248,-0.308472,0.247498,77.6861,39.3774,0
81.4500,222866,-0.691711,0.604248,-0.308472,0.247498,77.6868,39.3773,0
81.4600,222876,-0.691711,0.604248,-0.308472,0.247498,77.6880,39.3778,0
81.4700,222886,-0.691711,0.604248,-0.308472,0.247498,77.6886,39.3777,0
81.4800,222896,-0.691711,0.604248,-0.308472,0.247498,77.6873,39.3787,0
81.4900,222906,-0.691711,0.604248,-0.308472,0.247498,77.6873,39.3791,0
81.5000,222916,-0.691711,0.604248,-0.308472,0.247498,77.6879,39.3795,0
81.5100,222926,-0.691711,0.604248,-0.308472,0.247498,77.6885,39.3787,0
81.5200,222936,-0.691711,0.604248,-0.308472,0.247498,77.6891,39.3779,0
81.5300,222946,-0.691711,0.604248,-0.308472,0.247498,77.6884,39.3778,0
81.5400,222956,-0.691711,0.604248,-0.308472,0.247498,77.6889,39.3782,0
81.5500,222966,-0.691711,0.604248,-0.308472,0.247498,77.6889,39.3792,0
81.5600,222976,-0.691711,0.604248,-0.308472,0.247498,77.6894,39.3790,0
81.5700,222986,-0.691711,0.604248,-0.308472,0.247498,77.6887,39.3782,0
81.5800,222996,-0.691711,0.604248,-0.308472,0.247498,77.6886,39.3787,0
81.5900,223006,-0.691711,0.604248,-0.308472,0.247498,77.6886,39.3785,0
81.6000,223016,-0.691711,0.604248,-0.308472,0.247498,77.6885,39.3777,0
81.6100,223026,-0.691711,0.604248,-0.308472,0.247498,77.6867,39.3770,0
81.6200,223036,-0.691711,0.604248,-0.308472,0.247498,77.6855,39.3781,0
81.6300,223046,-0.691711,0.604248,-0.308472,0.247498,77.6839,39.3785,0
81.6400,223056,-0.691711,0.604248,-0.308472,0.247498,77.6846,39.3789,0
81.6500,223066,-0.691711,0.604248,-0.308472,0.247498,77.6854,39.3770,0
81.6600,223076,-0.691711,0.604248,-0.308472,0.247498,77.6843,39.3751,0
81.6700,223086,-0.691711,0.604248,-0.308472,0.247498,77.6845,39.3739,0
81.6800,223096,-0.691711,0.604248,-0.308472,0.247498,77.6846,39.3751,0
81.6900,223106,-0.691711,0.604248,-0.308472,0.247498,77.6842,39.3757,0
81.7000,223116,-0.691711,0.604248,-0.308472,0.247498,77.6843,39.3751,0
81.7100,223126,-0.691711,0.604248,-0.308472,0.247498,77.6839,39.3763,0
81.7200,223136,-0.691711,0.604248,-0.308472,0.247498,77.6823,39.3774,0
81.7300,223146,-0.691711,0.604248,-0.308472,0.247498,77.6814,39.3779,0
81.7400,223156,-0.691711,0.604248,-0.308472,0.247498,77.6799,39.3783,0
81.7500,223166,-0.691711,0.604248,-0.308472,0.247498,77.6791,39.3776,0
81.7600,223176,-0.691711,0.604248,-0.308472,0.247498,77.6789,39.3780,0
81.7700,223186,-0.691711,0.604248,-0.308472,0.247498,77.6787,39.3779,0
81.7800,223196,-0.691711,0.604248,-0.308472,0.247498,77.6804,39.3795,0
81.7900,223206,-0.691711,0.604248,-0.308472,0.247498,77.6807,39.3787,0
81.8000,223216,-0.691711,0.604248,-0.308472,0.247498,77.6811,39.3785,0
81.8100,223226,-0.691711,0.604248,-0.308472,0.247498,77.6814,39.3777,0
81.8200,223236,-0.691711,0.604248,-0.308472,0.247498,77.6817,39.3776,0
81.8300,223246,-0.691711,0.604248,-0.308472,0.247498,77.6820,39.3763,0
81.8400,223256,-0.691711,0.604248,-0.308472,0.247498,77.6811,39.3768,0
81.8500,223266,-0.691711,0.604248,-0.308472,0.247498,77.6808,39.3755,0
81.8600,223276,-0.691711,0.604248,-0.308472,0.247498,77.6811,39.3761,0
81.8700,223286,-0.691711,0.604248,-0.308472,0.247498,77.6808,39.3772,0
81.8800,223296,-0.691711,0.604248,-0.308472,0.247498,77.6812,39.3771,0
81.8900,223306,-0.691711,0.604248,-0.308472,0.247498,77.6821,39.3782,0
81.9000,223316,-0.691711,0.604248,-0.308472,0.247498,77.6824,39.3786,0
81.9100,223326,-0.691711,0.604248,-0.308472,0.247498,77.6850,39.3791,0
81.9200,223336,-0.691711,0.604248,-0.308472,0.247498,77.6851,39.3794,0
81.9300,223346,-0.691711,0.604248,-0.308472,0.247498,77.6858,39.3792,0
81.9400,223356,-0.691711,0.604248,-0.308472,0.247498,77.6865,39.3790,0
81.9500,223366,-0.691711,0.604248,-0.308472,0.247498,77.6848,39.3794,0
81.9600,223376,-0.691711,0.604248,-0.308472,0.247498,77.6849,39.3792,0
81.9700,223386,-0.691711,0.604248,-0.308472,0.247498,77.6844,39.3796,0
81.9800,223396,-0.691711,0.604248,-0.308472,0.247498,77.6852,39.3793,0
81.9900,223406,-0.691711,0.604248,-0.308472,0.247498,77.6859,39.3803,0
82.0000,223416,-0.691711,0.604248,-0.308472,0.247498,77.6860,39.3812,0
82.0100,223426,-0.691711,0.604248,-0.308472,0.247498,77.6861,39.3821,0
82.0200,223436,-0.691711,0.604248,-0.308472,0.247498,77.6861,39.3812,0
82.0300,223446,-0.691711,0.604248,-0.308472,0.247498,77.6868,39.3826,0
82.0400,223456,-0.691711,0.604248,-0.308472,0.247498,77.6856,39.3811,0
82.0500,223466,-0.691711,0.604248,-0.308472,0.247498,77.6851,39.3802,0
82.0600,223476,-0.691711,0.604248,-0.308472,0.247498,77.6858,39.3799,0
82.0700,223486,-0.691711,0.604248,-0.308472,0.247498,77.6871,39.3797,0
82.0800,223496,-0.691711,0.604248,-0.308472,0.247498,77.6883,39.3794,0
82.0900,223506,-0.691711,0.604248,-0.308472,0.247498,77.6877,39.3798,0
82.1000,223516,-0.691711,0.604248,-0.308472,0.247498,77.6871,39.3814,0
82.1100,223526,-0.691711,0.604248,-0.308472,0.247498,77.6865,39.3828,0
82.1200,223536,-0.691711,0.604248,-0.308472,0.247498,77.6860,39.3836,0
82.1300,223546,-0.691711,0.604248,-0.308472,0.247498,77.6860,39.3838,0
82.1400,223556,-0.691711,0.604248,-0.308472,0.247498,77.6861,39.3833,0
82.1500,223566,-0.691711,0.604248,-0.308472,0.247498,77.6862,39.3823,0
82.1600,223576,-0.691711,0.604248,-0.308472,0.247498,77.6863,39.3832,0
82.1700,223586,-0.691711,0.604248,-0.308472,0.247498,77.6863,39.3839,0
82.1800,223596,-0.691711,0.604248,-0.308472,0.247498,77.6864,39.3841,0
82.1900,223606,-0.691711,0.604248,-0.308472,0.247498,77.6864,39.3830,0
82.2000,223616,-0.691711,0.604248,-0.308472,0.247498,77.6865,39.3832,0
82.2100,223626,-0.691711,0.604248,-0.308472,0.247498,77.6859,39.3834,0
82.2200,223636,-0.691711,0.604248,-0.308472,0.247498,77.6860,39.3818,0
82.2300,223646,-0.691711,0.604248,-0.308472,0.247498,77.6855,39.3803,0
82.2400,223656,-0.691711,0.604248,-0.308472,0.247498,77.6844,39.3788,0
82.2500,223666,-0.691711,0.604248,-0.308472,0.247498,77.6840,39.3798,0
82.2600,223676,-0.691711,0.604248,-0.308472,0.247498,77.6859,39.3802,0
82.2700,223686,-0.691711,0.604248,-0.308472,0.247498,77.6866,39.3793,0
82.2800,223696,-0.691711,0.604248,-0.308472,0.247498,77.6861,39.3785,0
82.2900,223706,-0.691711,0.604248,-0.308472,0.247498,77.6849,39.3789,0
82.3000,223716,-0.691711,0.604248,-0.308472,0.247498,77.6857,39.3793,0
82.3100,223726,-0.691711,0.604248,-0.308472,0.247498,77.6852,39.3785,0
82.3200,223736,-0.691711,0.604248,-0.308472,0.247498,77.6859,39.3789,0
82.3300,223746,-0.691711,0.604248,-0.308472,0.247498,77.6865,39.3781,0
82.3400,223756,-0.691711,0.604248,-0.308472,0.247498,77.6866,39.3786,0
82.3500,223766,-0.691711,0.604248,-0.308472,0.247498,77.6866,39.3784,0
82.3600,223776,-0.691711,0.604248,-0.308472,0.247498,77.6867,39.3782,0
82.3700,223786,-0.691711,0.604248,-0.308472,0.247498,77.6873,39.3781,0
82.3800,223796,-0.691711,0.604248,-0.308472,0.247498,77.6879,39.3779,0
82.3900,223806,-0.691711,0.604248,-0.308472,0.247498,77.6879,39.3772,0
82.4000,223816,-0.691711,0.604248,-0.308472,0.247498,77.6873,39.3777,0
82.4100,223826,-0.691711,0.604248,-0.308472,0.247498,77.6879,39.3793,0
82.4200,223836,-0.691711,0.604248,-0.308472,0.247498,77.6873,39.3785,0
82.4300,223846,-0.691711,0.604248,-0.308472,0.247498,77.6873,39.3777,0
82.4400,223856,-0.691711,0.604248,-0.308472,0.247498,77.6867,39.3788,0
82.4500,223866,-0.691711,0.604248,-0.308472,0.247498,77.6879,39.3792,0
82.4600,223876,-0.691711,0.604248,-0.308472,0.247498,77.6885,39.3796,0
82.4700,223886,-0.691711,0.604248,-0.308472,0.247498,77.6879,39.3811,0
82.4800,223896,-0.691711,0.604248,-0.308472,0.247498,77.6867,39.3808,0
82.4900,223906,-0.691711,0.604248,-0.308472,0.247498,77.6861,39.3805,0
82.5000,223916,-0.691711,0.604248,-0.308472,0.247498,77.6874,39.3797,0
82.5100,223926,-0.691711,0.604248,-0.308472,0.247498,77.6874,39.3788,0
82.5200,223936,-0.691711,0.604248,-0.308472,0.247498,77.6868,39.3786,0
82.5300,223946,-0.691711,0.604248,-0.308472,0.247498,77.6886,39.3791,0
82.5400,223956,-0.691711,0.604248,-0.308472,0.247498,77.6897,39.3777,0
82.5500,223966,-0.691711,0.604248,-0.308472,0.247498,77.6896,39.3769,0
82.5600,223976,-0.691711,0.604248,-0.308472,0.247498,77.6895,39.3762,0
82.5700,223986,-0.691711,0.604248,-0.308472,0.247498,77.6900,39.3750,0
82.5800,223996,-0.691711,0.604248,-0.308472,0.247498,77.6899,39.3744,0
82.5900,224006,-0.691711,0.604248,-0.308472,0.247498,77.6910,39.3750,0
82.6000,224016,-0.691711,0.604248,-0.308472,0.247498,77.6908,39.3762,0
82.6100,224026,-0.691711,0.604248,-0.308472,0.247498,77.6906,39.3756,0
82.6200,224036,-0.691711,0.604248,-0.308472,0.247498,77.6910,39.3767,0
82.6300,224046,-0.691711,0.604248,-0.308472,0.247498,77.6915,39.3754,0
82.6400,224056,-0.691711,0.604248,-0.308472,0.247498,77.6925,39.3748,0
82.6500,224066,-0.691711,0.604248,-0.308472,0.247498,77.6940,39.3742,0
82.6600,224076,-0.691711,0.604248,-0.308472,0.247498,77.6943,39.3743,0
82.6700,224086,-0.691711,0.604248,-0.308472,0.247498,77.6915,39.3731,0
82.6800,224096,-0.691711,0.604248,-0.308472,0.247498,77.6896,39.3738,0
82.6900,224106,-0.691711,0.604248,-0.308472,0.247498,77.6877,39.3745,0
82.7000,224116,-0.691711,0.604248,-0.308472,0.247498,77.6847,39.3757,0
82.7100,224126,-0.691711,0.604248,-0.308472,0.247498,77.6831,39.3756,0
82.7200,224136,-0.691711,0.604248,-0.308472,0.247498,77.6815,39.3774,0
82.7300,224146,-0.691711,0.604248,-0.308472,0.247498,77.6788,39.3779,0
82.7400,224156,-0.691711,0.604248,-0.308472,0.247498,77.6787,39.3789,0
82.7500,224166,-0.691711,0.604248,-0.308472,0.247498,77.6773,39.3769,0
82.7600,224176,-0.691711,0.604248,-0.308472,0.247498,77.6754,39.3733,0
82.7700,224186,-0.691711,0.604248,-0.308472,0.247498,77.6737,39.3690,0
82.7800,224196,-0.691772,0.604248,-0.308411,0.247498,77.6696,39.3627,0
82.7900,224206,-0.691772,0.604248,-0.308411,0.247498,77.6610,39.3590,0
82.8000,224216,-0.691711,0.604309,-0.308472,0.247437,77.6516,39.3578,0
82.8100,224226,-0.691650,0.604370,-0.308472,0.247437,77.6374,39.3599,0
82.8200,224236,-0.691528,0.604431,-0.308594,0.247437,77.6173,39.3600,0
82.8300,224246,-0.691345,0.604553,-0.308777,0.247498,77.6072,39.3578,0
82.8400,224256,-0.691223,0.604553,-0.308899,0.247498,77.6082,39.3569,0
82.8500,224266,-0.691223,0.604553,-0.308899,0.247498,77.6116,39.3578,0
82.8600,224276,-0.691223,0.604675,-0.308838,0.247437,77.6035,39.3593,0
82.8700,224286,-0.690857,0.605286,-0.308777,0.247009,77.5258,39.3593,0
82.8800,224296,-0.690063,0.606262,-0.308960,0.246460,77.3759,39.3562,0
82.8900,224306,-0.689636,0.606873,-0.309082,0.246094,77.3025,39.3527,0
82.9000,224316,-0.689392,0.607178,-0.309143,0.245972,77.2778,39.3499,0
82.9100,224326,-0.689270,0.607300,-0.309265,0.245911,77.2733,39.3467,0
82.9200,224336,-0.689148,0.607361,-0.309326,0.245911,77.2762,39.3436,0
82.9300,224346,-0.689087,0.607422,-0.309387,0.245911,77.2843,39.3396,0
82.9400,224356,-0.689026,0.607483,-0.309448,0.245911,77.2967,39.3351,0
82.9500,224366,-0.688965,0.607544,-0.309448,0.245911,77.3098,39.3308,0
82.9600,224376,-0.688965,0.607544,-0.309448,0.245911,77.3245,39.3262,0
82.9700,224386,-0.688965,0.607544,-0.309448,0.245911,77.3414,39.3212,0
82.9800,224396,-0.688965,0.607544,-0.309448,0.245911,77.3576,39.3158,0
82.9900,224406,-0.688965,0.607544,-0.309448,0.245911,77.3717,39.3114,0
83.0000,224416,-0.688965,0.607605,-0.309387,0.245850,77.3815,39.3046,0
83.0100,224426,-0.688965,0.607727,-0.309265,0.245667,77.3796,39.3005,0
83.0200,224436,-0.688843,0.607971,-0.309204,0.245422,77.3659,39.2972,0
83.0300,224446,-0.688782,0.608215,-0.309143,0.245239,77.3547,39.2916,0
83.0400,224456,-0.688660,0.608337,-0.309082,0.245117,77.3488,39.2868,0
83.0500,224466,-0.688538,0.608521,-0.309143,0.245056,77.3425,39.2811,0
83.0600,224476,-0.688416,0.608643,-0.309204,0.244995,77.3384,39.2745,0
83.0700,224486,-0.688293,0.608765,-0.309265,0.244934,77.3351,39.2694,0
83.0800,224496,-0.688171,0.608887,-0.309387,0.244934,77.3325,39.2683,0
83.0900,224506,-0.688049,0.608948,-0.309509,0.244934,77.3236,39.2678,0
83.1000,224516,-0.687805,0.609131,-0.309631,0.244995,77.3049,39.2673,0
83.1100,224526,-0.687256,0.609497,-0.310181,0.244934,77.2778,39.2699,0
83.1200,224536,-0.686951,0.609619,-0.310486,0.245056,77.2626,39.2748,0
83.1300,224546,-0.686768,0.609680,-0.310791,0.245178,77.2613,39.2789,0
83.1400,224556,-0.686584,0.609741,-0.310974,0.245239,77.2612,39.2810,0
83.1500,224566,-0.686340,0.609924,-0.311096,0.245178,77.2505,39.2874,0
83.1600,224576,-0.686279,0.610046,-0.311279,0.244995,77.2456,39.3057,0
83.1700,224586,-0.686218,0.609985,-0.311401,0.245117,77.2707,39.3007,0
83.1800,224596,-0.686462,0.609924,-0.311035,0.244995,77.3194,39.2904,0
83.1900,224606,-0.687683,0.608765,-0.310303,0.245300,77.5403,39.2896,0
83.2000,224616,-0.687866,0.608704,-0.309937,0.245300,77.5768,39.2716,0
83.2100,224626,-0.688293,0.608521,-0.309570,0.245178,77.6280,39.2686,0
83.2200,224636,-0.688660,0.608276,-0.309265,0.245178,77.6862,39.2651,0
83.2300,224646,-0.689148,0.607849,-0.308960,0.245239,77.7641,39.2539,0
83.2400,224656,-0.689514,0.607483,-0.308716,0.245361,77.8208,39.2439,0
83.2500,224666,-0.689697,0.607300,-0.308594,0.245422,77.8480,39.2386,0
83.2600,224676,-0.689758,0.607239,-0.308594,0.245422,77.8494,39.2317,0
83.2700,224686,-0.689758,0.607239,-0.308594,0.245422,77.8408,39.2222,0
83.2800,224696,-0.689758,0.607239,-0.308594,0.245422,77.8295,39.2150,0
83.2900,224706,-0.689697,0.607361,-0.308533,0.245483,77.8123,39.2010,0
83.3000,224716,-0.689575,0.607483,-0.308533,0.245483,77.7871,39.1920,0
83.3100,224726,-0.689331,0.607605,-0.308777,0.245422,77.7495,39.1989,0
83.3200,224736,-0.689209,0.607727,-0.308899,0.245422,77.7262,39.1989,0
83.3300,224746,-0.689087,0.607849,-0.309021,0.245422,77.6797,39.1978,0
83.3400,224756,-0.688721,0.608032,-0.309326,0.245544,77.6118,39.1968,0
83.3500,224766,-0.688171,0.608337,-0.309875,0.245667,77.5544,39.1984,0
83.3600,224776,-0.687744,0.608582,-0.310242,0.245728,77.5237,39.2018,0
83.3700,224786,-0.687439,0.608765,-0.310486,0.245728,77.5194,39.2079,0
83.3800,224796,-0.687378,0.608887,-0.310486,0.245667,77.5284,39.2143,0
83.3900,224806,-0.687439,0.608887,-0.310364,0.245605,77.5328,39.2228,0
83.4000,224816,-0.687378,0.609131,-0.310242,0.245361,77.5097,39.2277,0
83.4100,224826,-0.687195,0.609436,-0.310303,0.245178,77.4752,39.2318,0
83.4200,224836,-0.687012,0.609619,-0.310303,0.245056,77.4603,39.2333,0
83.4300,224846,-0.687012,0.609680,-0.310364,0.245056,77.4633,39.2324,0
83.4400,224856,-0.687012,0.609680,-0.310364,0.245056,77.4710,39.2303,0
83.4500,224866,-0.687012,0.609680,-0.310364,0.245056,77.4782,39.2295,0
83.4600,224876,-0.686951,0.609741,-0.310364,0.245056,77.4786,39.2305,0
83.4700,224886,-0.686829,0.609802,-0.310425,0.244995,77.4748,39.2315,0
83.4800,224896,-0.686829,0.609863,-0.310364,0.244873,77.4771,39.2287,0
83.4900,224906,-0.686890,0.609924,-0.310242,0.244812,77.4835,39.2278,0
83.5000,224916,-0.686890,0.609924,-0.310181,0.244751,77.4883,39.2270,0
83.5100,224926,-0.686890,0.610046,-0.310059,0.244629,77.4876,39.2280,0
83.5200,224936,-0.686890,0.610168,-0.309937,0.244446,77.4857,39.2252,0
83.5300,224946,-0.686951,0.610291,-0.309814,0.244263,77.4863,39.2226,0
83.5400,224956,-0.686890,0.610413,-0.309753,0.244141,77.4857,39.2163,0
83.5500,224966,-0.686890,0.610535,-0.309692,0.244080,77.4833,39.2098,0
83.5600,224976,-0.686829,0.610596,-0.309631,0.243958,77.4810,39.2037,0
83.5700,224986,-0.686829,0.610657,-0.309631,0.243896,77.4813,39.1990,0
83.5800,224996,-0.686768,0.610718,-0.309631,0.243896,77.4856,39.1957,0
83.5900,225006,-0.686768,0.610718,-0.309631,0.243896,77.4904,39.1938,0
83.6000,225016,-0.686768,0.610657,-0.309753,0.243896,77.4943,39.1955,0
83.6100,225026,-0.686707,0.610657,-0.309937,0.243896,77.4998,39.1948,0
83.6200,225036,-0.686646,0.610596,-0.310059,0.243958,77.5051,39.1949,0
83.6300,225046,-0.686584,0.610535,-0.310181,0.244080,77.5059,39.1968,0
83.6400,225056,-0.686523,0.610535,-0.310303,0.244202,77.4871,39.2122,0
83.6500,225066,-0.686340,0.610596,-0.310669,0.244141,77.4977,39.2115,0
83.6600,225076,-0.686218,0.610535,-0.310852,0.244263,77.6983,39.2032,0
83.6700,225086,-0.687378,0.609497,-0.309998,0.244812,77.7097,39.1810,0
83.6800,225096,-0.687561,0.609436,-0.309814,0.244751,77.7264,39.1824,0
83.6900,225106,-0.687744,0.609314,-0.309631,0.244690,77.7500,39.1843,0
83.7000,225116,-0.688049,0.609131,-0.309387,0.244690,77.7878,39.1801,0
83.7100,225126,-0.688416,0.608704,-0.309143,0.244812,77.8481,39.1791,0
83.7200,225136,-0.688904,0.608154,-0.308960,0.245056,77.9309,39.1741,0
83.7300,225146,-0.689270,0.607727,-0.308899,0.245300,77.9906,39.1686,0
83.7400,225156,-0.689575,0.607300,-0.308838,0.245544,78.0360,39.1660,0
83.7500,225166,-0.689819,0.606995,-0.308777,0.245728,78.0673,39.1618,0
83.7600,225176,-0.690002,0.606750,-0.308777,0.245850,78.0845,39.1583,0
83.7700,225186,-0.690063,0.606628,-0.308777,0.245972,78.0831,39.1556,0
83.7800,225196,-0.690125,0.606567,-0.308716,0.245972,78.0704,39.1548,0
83.7900,225206,-0.690125,0.606567,-0.308716,0.245972,78.0501,39.1535,0
83.8000,225216,-0.690125,0.606567,-0.308716,0.245972,78.0278,39.1522,0
83.8100,225226,-0.690125,0.606567,-0.308716,0.245972,78.0072,39.1516,0
83.8200,225236,-0.690125,0.606567,-0.308716,0.245972,77.9882,39.1498,0
83.8300,225246,-0.690125,0.606567,-0.308716,0.245972,77.9691,39.1482,0
83.8400,225256,-0.690063,0.606628,-0.308777,0.245972,77.9479,39.1448,0
83.8500,225266,-0.689941,0.606750,-0.308838,0.245972,77.9164,39.1435,0
83.8600,225276,-0.689575,0.606995,-0.309021,0.246033,77.8599,39.1405,0
83.8700,225286,-0.689270,0.607239,-0.309265,0.245911,77.8120,39.1466,0
83.8800,225296,-0.689087,0.607483,-0.309387,0.245850,77.7708,39.1500,0
83.8900,225306,-0.688843,0.607727,-0.309448,0.245728,77.7322,39.1550,0
83.9000,225316,-0.688660,0.607910,-0.309509,0.245667,77.6949,39.1603,0
83.9100,225326,-0.688477,0.608154,-0.309631,0.245544,77.6726,39.1660,0
83.9200,225336,-0.688354,0.608276,-0.309631,0.245483,77.6662,39.1684,0
83.9300,225346,-0.688354,0.608337,-0.309692,0.245483,77.6673,39.1737,0
83.9400,225356,-0.688354,0.608337,-0.309692,0.245483,77.6683,39.1781,0
83.9500,225366,-0.688354,0.608337,-0.309692,0.245483,77.6698,39.1829,0
83.9600,225376,-0.688354,0.608337,-0.309692,0.245483,77.6660,39.1874,0
83.9700,225386,-0.688171,0.608459,-0.309753,0.245422,77.6397,39.1917,0
83.9800,225396,-0.687988,0.608704,-0.309814,0.245300,77.6107,39.1933,0
83.9900,225406,-0.687866,0.608826,-0.309875,0.245239,77.5925,39.1936,0
84.0000,225416,-0.687805,0.608887,-0.309875,0.245239,77.5854,39.1939,0
84.0100,225426,-0.687805,0.608948,-0.309875,0.245178,77.5828,39.1942,0
84.0200,225436,-0.687744,0.608948,-0.309937,0.245178,77.5815,39.1938,0
84.0300,225446,-0.687683,0.609009,-0.309937,0.245178,77.5797,39.1923,0
84.0400,225456,-0.687622,0.609070,-0.309998,0.245178,77.5756,39.1921,0
84.0500,225466,-0.687561,0.609070,-0.310059,0.245178,77.5716,39.1926,0
84.0600,225476,-0.687500,0.609131,-0.310120,0.245239,77.5685,39.1943,0
84.0700,225486,-0.687439,0.609192,-0.310120,0.245178,77.5650,39.1947,0
84.0800,225496,-0.687378,0.609253,-0.310181,0.245178,77.5622,39.1957,0
84.0900,225506,-0.687378,0.609253,-0.310181,0.245178,77.5631,39.1960,0
84.1000,225516,-0.687378,0.609253,-0.310181,0.245178,77.5670,39.1964,0
84.1100,225526,-0.687378,0.609253,-0.310181,0.245178,77.5688,39.1973,0
84.1200,225536,-0.687317,0.609253,-0.310303,0.245239,77.5671,39.1969,0
84.1300,225546,-0.687256,0.609192,-0.310486,0.245361,77.5677,39.1985,0
84.1400,225556,-0.687134,0.609131,-0.310669,0.245605,77.5702,39.2038,0
84.1500,225566,-0.686951,0.609009,-0.311035,0.245911,77.5677,39.2121,0
84.1600,225576,-0.686584,0.608826,-0.311707,0.246521,77.5624,39.2232,0
84.1700,225586,-0.686096,0.608582,-0.312561,0.247314,77.5710,39.2462,0
84.1800,225596,-0.685608,0.608215,-0.313599,0.248352,77.7081,39.2874,0
84.1900,225606,-0.685791,0.606995,-0.314514,0.249756,77.8822,39.3013,0
84.2000,225616,-0.685852,0.605408,-0.315552,0.251892,77.7122,39.3452,0
84.2100,225626,-0.683838,0.606018,-0.317810,0.253296,77.6712,39.3949,0
84.2200,225636,-0.683228,0.605835,-0.318726,0.254089,77.6482,39.4555,0
84.2300,225646,-0.682922,0.605286,-0.319641,0.255188,77.6852,39.5154,0
84.2400,225656,-0.682922,0.603882,-0.320679,0.257019,77.8254,39.5825,0
84.2500,225666,-0.683044,0.601685,-0.322327,0.259827,78.0495,39.6627,0
84.2600,225676,-0.682922,0.598633,-0.324707,0.264160,78.3479,39.7333,0
84.2700,225686,-0.681641,0.596863,-0.327820,0.267761,78.4041,39.8452,0
84.2800,225696,-0.680054,0.595703,-0.330811,0.270691,78.3671,39.9932,0
84.2900,225706,-0.678528,0.594177,-0.333801,0.274109,78.3908,40.1423,0
84.3000,225716,-0.677063,0.592773,-0.336731,0.277222,78.3909,40.3234,0
84.3100,225726,-0.675598,0.591187,-0.339722,0.280457,78.4085,40.5319,0
84.3200,225736,-0.674011,0.589417,-0.342896,0.284119,78.4427,40.7362,0
84.3300,225746,-0.672546,0.588135,-0.345520,0.287170,78.4437,40.9589,0
84.3400,225756,-0.671204,0.586914,-0.347839,0.289795,78.4399,41.2008,0
84.3500,225766,-0.670044,0.585937,-0.349915,0.292114,78.4238,41.4588,0
84.3600,225776,-0.669006,0.585022,-0.351685,0.294006,78.4079,41.7317,0
84.3700,225786,-0.668152,0.584229,-0.353210,0.295776,78.3940,42.0195,0
84.3800,225796,-0.667358,0.583496,-0.354675,0.297302,78.3791,42.3152,0
84.3900,225806,-0.666504,0.582703,-0.356140,0.298950,78.3660,42.6068,0
84.4000,225816,-0.665649,0.581909,-0.357666,0.300659,78.3560,42.8970,0
84.4100,225826,-0.664795,0.581116,-0.359192,0.302246,78.3429,43.1876,0
84.4200,225836,-0.663879,0.580322,-0.360718,0.303833,78.3204,43.4804,0
84.4300,225846,-0.663147,0.579712,-0.362000,0.305237,78.3020,43.7740,0
84.4400,225856,-0.662415,0.579102,-0.363220,0.306458,78.2833,44.0622,0
84.4500,225866,-0.661804,0.578552,-0.364197,0.307556,78.2631,44.3465,0
84.4600,225876,-0.661377,0.578186,-0.364990,0.308350,78.2436,44.6252,0
84.4700,225886,-0.661072,0.577942,-0.365479,0.308838,78.2201,44.8966,0
84.4800,225896,-0.660889,0.577820,-0.365784,0.309082,78.1978,45.1551,0
84.4900,225906,-0.660522,0.577515,-0.366455,0.309692,78.1754,45.4019,0
84.5000,225916,-0.660217,0.577209,-0.367065,0.310242,78.1541,45.6421,0
84.5100,225926,-0.659729,0.576843,-0.367798,0.310974,78.1333,45.8724,0
84.5200,225936,-0.659119,0.576416,-0.368774,0.311951,78.1171,46.0970,0
84.5300,225946,-0.658447,0.575867,-0.369812,0.313110,78.1053,46.3173,0
84.5400,225956,-0.657837,0.575378,-0.370789,0.314148,78.0935,46.5360,0
84.5500,225966,-0.657288,0.575012,-0.371643,0.315002,78.0763,46.7597,0
84.5600,225976,-0.656921,0.574707,-0.372192,0.315552,78.0570,46.9784,0
84.5700,225986,-0.656799,0.574585,-0.372498,0.315796,78.0393,47.1921,0
84.5800,225996,-0.656799,0.574585,-0.372498,0.315796,78.0248,47.3964,0
84.5900,226006,-0.656921,0.574707,-0.372192,0.315552,78.0117,47.5945,0
84.6000,226016,-0.657593,0.575195,-0.371216,0.314575,77.9962,47.7847,0
84.6100,226026,-0.658447,0.575928,-0.369812,0.313049,77.9762,47.9569,0
84.6200,226036,-0.659546,0.576904,-0.367981,0.311096,77.9453,48.1096,0
84.6300,226046,-0.660767,0.578064,-0.365967,0.308716,77.9011,48.2405,0
84.6400,226056,-0.662048,0.579407,-0.363647,0.306030,77.8466,48.3464,0
84.6500,226066,-0.663208,0.580688,-0.361633,0.303650,77.7973,48.4023,0
84.6600,226076,-0.664185,0.581604,-0.359924,0.301758,77.7729,48.4345,0
84.6700,226086,-0.665161,0.582336,-0.358337,0.300049,77.7609,48.4514,0
84.6800,226096,-0.666138,0.583069,-0.356750,0.298340,77.7507,48.4493,0
84.6900,226106,-0.667114,0.583862,-0.355103,0.296509,77.7315,48.4317,0
84.7000,226116,-0.668152,0.584839,-0.353271,0.294434,77.6937,48.4032,0
84.7100,226126,-0.669373,0.586060,-0.351074,0.291931,77.6601,48.3533,0
84.7200,226136,-0.670837,0.587402,-0.348450,0.289001,77.6384,48.2849,0
84.7300,226146,-0.672485,0.588745,-0.345581,0.285828,77.6021,48.1946,0
84.7400,226156,-0.674316,0.590332,-0.342285,0.282166,77.5618,48.0591,0
84.7500,226166,-0.676208,0.592102,-0.338623,0.278320,77.5319,47.8925,0
84.7600,226176,-0.677917,0.593750,-0.335144,0.274719,77.5264,47.7227,0
84.7700,226186,-0.681274,0.597168,-0.328430,0.267151,77.4281,47.5301,0
84.7800,226196,-0.682739,0.598999,-0.325134,0.263367,77.3631,47.3043,0
84.7900,226206,-0.684265,0.600647,-0.321838,0.259766,77.3186,47.0529,0
84.8000,226216,-0.685730,0.602051,-0.318726,0.256409,77.2973,46.7888,0
84.8100,226226,-0.686829,0.602722,-0.316650,0.254395,77.3304,46.5038,0
84.8200,226236,-0.688049,0.603027,-0.314636,0.252747,77.4029,46.2103,0
84.8300,226246,-0.689209,0.603760,-0.312439,0.250671,77.4254,45.9150,0
84.8400,226256,-0.690002,0.604370,-0.310852,0.249146,77.4409,45.6179,0
84.8500,226266,-0.690430,0.604797,-0.309875,0.248047,77.4384,45.3203,0
84.8600,226276,-0.690552,0.605347,-0.309143,0.247253,77.4117,45.0272,0
84.8700,226286,-0.690613,0.605713,-0.308716,0.246704,77.3928,44.7427,0
84.8800,226296,-0.690613,0.605957,-0.308472,0.246399,77.3856,44.4698,0
84.8900,226306,-0.690613,0.606079,-0.308350,0.246277,77.3900,44.2088,0
84.9000,226316,-0.690613,0.606079,-0.308289,0.246216,77.4007,43.9583,0
84.9100,226326,-0.690674,0.606079,-0.308228,0.246155,77.4103,43.7198,0
84.9200,226336,-0.690674,0.606140,-0.308228,0.246155,77.4218,43.4944,0
84.9300,226346,-0.690674,0.606140,-0.308167,0.246094,77.4327,43.2790,0
84.9400,226356,-0.690674,0.606140,-0.308167,0.246094,77.4460,43.0756,0
84.9500,226366,-0.690674,0.606140,-0.308167,0.246094,77.4587,42.8818,0
84.9600,226376,-0.690674,0.606140,-0.308167,0.246094,77.4689,42.6995,0
84.9700,226386,-0.690674,0.606140,-0.308167,0.246094,77.4787,42.5257,0
84.9800,226396,-0.690674,0.606140,-0.308167,0.246094,77.4885,42.3594,0
84.9900,226406,-0.690674,0.606140,-0.308167,0.246094,77.4997,42.2008,0
85.0000,226416,-0.690674,0.606140,-0.308167,0.246094,77.5097,42.0495,0
85.0100,226426,-0.690674,0.606140,-0.308167,0.246094,77.5203,41.9070,0
85.0200,226436,-0.690674,0.606140,-0.308167,0.246094,77.5299,41.7704,0
85.0300,226446,-0.690674,0.606140,-0.308167,0.246094,77.5383,41.6419,0
85.0400,226456,-0.690674,0.606140,-0.308167,0.246094,77.5464,41.5198,0
85.0500,226466,-0.690674,0.606140,-0.308167,0.246094,77.5540,41.4037,0
85.0600,226476,-0.690674,0.606140,-0.308167,0.246094,77.5595,41.2923,0
85.0700,226486,-0.690674,0.606140,-0.308167,0.246094,77.5653,41.1883,0
85.0800,226496,-0.690674,0.606140,-0.308167,0.246094,77.5709,41.0888,0
85.0900,226506,-0.690674,0.606140,-0.308167,0.246094,77.5761,40.9938,0
85.1000,226516,-0.690674,0.606140,-0.308167,0.246094,77.5823,40.9052,0
85.1100,226526,-0.690674,0.606140,-0.308167,0.246094,77.5875,40.8217,0
85.1200,226536,-0.690674,0.606140,-0.308167,0.246094,77.5913,40.7412,0
85.1300,226546,-0.690674,0.606140,-0.308167,0.246094,77.5949,40.6647,0
85.1400,226556,-0.690674,0.606140,-0.308167,0.246094,77.5996,40.5926,0
85.1500,226566,-0.690674,0.606140,-0.308167,0.246094,77.6034,40.5230,0
85.1600,226576,-0.690674,0.606140,-0.308167,0.246094,77.6076,40.4562,0
85.1700,226586,-0.690674,0.606140,-0.308167,0.246094,77.6134,40.3928,0
85.1800,226596,-0.690674,0.606140,-0.308167,0.246094,77.6183,40.3319,0
85.1900,226606,-0.690674,0.606140,-0.308167,0.246094,77.6223,40.2759,0
85.2000,226616,-0.690674,0.606140,-0.308167,0.246094,77.6244,40.2220,0
85.2100,226626,-0.690674,0.606140,-0.308167,0.246094,77.6269,40.1703,0
85.2200,226636,-0.690674,0.606201,-0.308167,0.246094,77.6294,40.1212,0
85.2300,226646,-0.690674,0.606201,-0.308167,0.246094,77.6317,40.0745,0
85.2400,226656,-0.690674,0.606201,-0.308167,0.246094,77.6351,40.0295,0
85.2500,226666,-0.690674,0.606201,-0.308167,0.246094,77.6377,39.9880,0
85.2600,226676,-0.690674,0.606201,-0.308167,0.246094,77.6414,39.9510,0
85.2700,226686,-0.690674,0.606201,-0.308167,0.246094,77.6443,39.9134,0
85.2800,226696,-0.690674,0.606201,-0.308167,0.246094,77.6470,39.8771,0
85.2900,226706,-0.690674,0.606201,-0.308167,0.246094,77.6491,39.8420,0
85.3000,226716,-0.690674,0.606201,-0.308167,0.246094,77.6522,39.8087,0
85.3100,226726,-0.690674,0.606201,-0.308167,0.246094,77.6527,39.7759,0
85.3200,226736,-0.690674,0.606201,-0.308228,0.246094,77.6539,39.7453,0
85.3300,226746,-0.690674,0.606201,-0.308228,0.246094,77.6556,39.7156,0
85.3400,226756,-0.690674,0.606201,-0.308228,0.246094,77.6572,39.6880,0
85.3500,226766,-0.690674,0.606201,-0.308228,0.246094,77.6587,39.6594,0
85.3600,226776,-0.690674,0.606201,-0.308228,0.246094,77.6607,39.6346,0
85.3700,226786,-0.690674,0.606201,-0.308228,0.246094,77.6621,39.6111,0
85.3800,226796,-0.690674,0.606201,-0.308228,0.246094,77.6639,39.5881,0
85.3900,226806,-0.690674,0.606201,-0.308228,0.246094,77.6657,39.5657,0
85.4000,226816,-0.690613,0.606201,-0.308228,0.246094,77.6656,39.5450,0
85.4100,226826,-0.690613,0.606201,-0.308228,0.246094,77.6667,39.5271,0
85.4200,226836,-0.690613,0.606201,-0.308228,0.246094,77.6677,39.5066,0
85.4300,226846,-0.690613,0.606201,-0.308228,0.246094,77.6705,39.4901,0
85.4400,226856,-0.690613,0.606201,-0.308228,0.246094,77.6725,39.4743,0
85.4500,226866,-0.690613,0.606201,-0.308228,0.246094,77.6739,39.4582,0
85.4600,226876,-0.690613,0.606201,-0.308228,0.246094,77.6763,39.4441,0
85.4700,226886,-0.690613,0.606201,-0.308228,0.246094,77.6775,39.4324,0
85.4800,226896,-0.690613,0.606201,-0.308228,0.246094,77.6780,39.4226,0
85.4900,226906,-0.690613,0.606201,-0.308228,0.246094,77.6785,39.4138,0
85.5000,226916,-0.690613,0.606201,-0.308228,0.246094,77.6801,39.4037,0
85.5100,226926,-0.690613,0.606201,-0.308228,0.246094,77.6811,39.3940,0
85.5200,226936,-0.690613,0.606201,-0.308228,0.246094,77.6820,39.3831,0
85.5300,226946,-0.690613,0.606201,-0.308228,0.246094,77.6817,39.3698,0
85.5400,226956,-0.690613,0.606201,-0.308228,0.246094,77.6837,39.3571,0
85.5500,226966,-0.690613,0.606201,-0.308228,0.246094,77.6863,39.3439,0
85.5600,226976,-0.690613,0.606201,-0.308228,0.246094,77.6876,39.3319,0
85.5700,226986,-0.690613,0.606201,-0.308228,0.246094,77.6905,39.3217,0
85.5800,226996,-0.690613,0.606201,-0.308228,0.246094,77.6916,39.3126,0
85.5900,227006,-0.690674,0.606262,-0.308167,0.245972,77.6896,39.3046,0
85.6000,227016,-0.690674,0.606262,-0.308044,0.245911,77.6865,39.2975,0
85.6100,227026,-0.690735,0.606323,-0.307922,0.245789,77.6836,39.2883,0
85.6200,227036,-0.690796,0.606384,-0.307800,0.245728,77.6820,39.2778,0
85.6300,227046,-0.690857,0.606384,-0.307739,0.245605,77.6793,39.2660,0
85.6400,227056,-0.690857,0.606384,-0.307678,0.245605,77.6811,39.2566,0
85.6500,227066,-0.690918,0.606445,-0.307617,0.245544,77.6845,39.2470,0
85.6600,227076,-0.690918,0.606445,-0.307556,0.245483,77.6884,39.2354,0
85.6700,227086,-0.690918,0.606445,-0.307495,0.245422,77.6915,39.2226,0
85.6800,227096,-0.690979,0.606506,-0.307434,0.245361,77.6944,39.2105,0
85.6900,227106,-0.691040,0.606567,-0.307312,0.245300,77.6978,39.2001,0
85.7000,227116,-0.691040,0.606567,-0.307190,0.245178,77.7016,39.1908,0
85.7100,227126,-0.691101,0.606628,-0.307068,0.245056,77.7058,39.1771,0
85.7200,227136,-0.691162,0.606689,-0.306946,0.244934,77.7092,39.1647,0
85.7300,227146,-0.691223,0.606689,-0.306824,0.244873,77.7136,39.1517,0
85.7400,227156,-0.691284,0.606750,-0.306702,0.244751,77.7178,39.1369,0
85.7500,227166,-0.691345,0.606812,-0.306580,0.244629,77.7230,39.1221,0
85.7600,227176,-0.691345,0.606873,-0.306458,0.244568,77.7273,39.1070,0
85.7700,227186,-0.691406,0.606873,-0.306396,0.244507,77.7290,39.0943,0
85.7800,227196,-0.691406,0.606934,-0.306274,0.244507,77.7324,39.0800,0
85.7900,227206,-0.691406,0.606934,-0.306274,0.244507,77.7375,39.0681,0
85.8000,227216,-0.691406,0.606934,-0.306274,0.244507,77.7417,39.0574,0
85.8100,227226,-0.691406,0.606934,-0.306274,0.244507,77.7462,39.0449,0
85.8200,227236,-0.691406,0.606934,-0.306274,0.244507,77.7518,39.0318,0
85.8300,227246,-0.691406,0.606995,-0.306213,0.244568,77.7558,39.0200,0
85.8400,227256,-0.691345,0.606995,-0.306152,0.244629,77.7591,39.0075,0
85.8500,227266,-0.691345,0.606995,-0.306091,0.244690,77.7671,38.9939,0
85.8600,227276,-0.691345,0.607056,-0.306091,0.244751,77.7747,38.9847,0
85.8700,227286,-0.691284,0.607056,-0.305969,0.244812,77.7808,38.9796,0
85.8800,227296,-0.691284,0.607056,-0.305969,0.244812,77.7877,38.9776,0
85.8900,227306,-0.691284,0.607056,-0.305969,0.244812,77.7925,38.9764,0
85.9000,227316,-0.691284,0.607056,-0.305969,0.244812,77.7965,38.9758,0
85.9100,227326,-0.691284,0.607056,-0.305969,0.244812,77.7997,38.9776,0
85.9200,227336,-0.691284,0.607056,-0.305969,0.244812,77.8045,38.9793,0
85.9300,227346,-0.691284,0.607056,-0.305969,0.244812,77.8084,38.9803,0
85.9400,227356,-0.691284,0.607056,-0.305969,0.244812,77.8104,38.9849,0
85.9500,227366,-0.691284,0.607056,-0.305969,0.244812,77.8123,38.9904,0
85.9600,227376,-0.691284,0.607056,-0.305969,0.244812,77.8135,38.9962,0
85.9700,227386,-0.691284,0.607056,-0.305969,0.244812,77.8152,39.0017,0
85.9800,227396,-0.691284,0.607056,-0.306030,0.244812,77.8163,39.0076,0
85.9900,227406,-0.691284,0.607056,-0.306030,0.244812,77.8167,39.0120,0
86.0000,227416,-0.691284,0.607056,-0.306030,0.244812,77.8177,39.0137,0
86.0100,227426,-0.691284,0.607056,-0.306030,0.244812,77.8174,39.0148,0
86.0200,227436,-0.691284,0.607056,-0.306030,0.244812,77.8201,39.0176,0
86.0300,227446,-0.691284,0.607056,-0.306030,0.244812,77.8209,39.0191,0
86.0400,227456,-0.691284,0.607056,-0.306030,0.244812,77.8211,39.0194,0
86.0500,227466,-0.691284,0.607056,-0.306030,0.244812,77.8236,39.0184,0
86.0600,227476,-0.691284,0.607056,-0.306030,0.244812,77.8249,39.0163,0
86.0700,227486,-0.691284,0.607056,-0.306030,0.244812,77.8249,39.0137,0
86.0800,227496,-0.691284,0.607056,-0.306030,0.244812,77.8224,39.0106,0
86.0900,227506,-0.691284,0.607056,-0.306030,0.244812,77.8202,39.0077,0
86.1000,227516,-0.691284,0.607056,-0.306030,0.244812,77.8180,39.0097,0
86.1100,227526,-0.691284,0.607056,-0.306030,0.244812,77.8165,39.0110,0
86.1200,227536,-0.691284,0.607056,-0.306030,0.244812,77.8151,39.0134,0
86.1300,227546,-0.691284,0.607056,-0.306030,0.244812,77.8132,39.0145,0
86.1400,227556,-0.691284,0.607056,-0.306030,0.244812,77.8120,39.0138,0
86.1500,227566,-0.691284,0.607056,-0.306030,0.244812,77.8102,39.0125,0
86.1600,227576,-0.691284,0.607056,-0.306030,0.244812,77.8104,39.0107,0
86.1700,227586,-0.691284,0.607056,-0.306030,0.244812,77.8123,39.0072,0
86.1800,227596,-0.691284,0.607056,-0.306030,0.244812,77.8105,39.0063,0
86.1900,227606,-0.691284,0.607056,-0.306030,0.244812,77.8100,39.0059,0
86.2000,227616,-0.691284,0.607056,-0.306030,0.244812,77.8107,39.0068,0
86.2100,227626,-0.691284,0.607056,-0.306030,0.244812,77.8096,39.0107,0
86.2200,227636,-0.691284,0.607056,-0.306030,0.244812,77.8092,39.0131,0
86.2300,227646,-0.691284,0.607056,-0.306030,0.244812,77.8081,39.0160,0
86.2400,227656,-0.691284,0.607056,-0.306030,0.244812,77.8095,39.0193,0
86.2500,227666,-0.691284,0.607056,-0.306030,0.244812,77.8115,39.0196,0
86.2600,227676,-0.691284,0.607056,-0.306030,0.244812,77.8121,39.0186,0
86.2700,227686,-0.691284,0.607056,-0.306030,0.244812,77.8127,39.0171,0
86.2800,227696,-0.691284,0.607056,-0.306030,0.244812,77.8109,39.0180,0
86.2900,227706,-0.691284,0.607056,-0.306030,0.244812,77.8086,39.0183,0
86.3000,227716,-0.691284,0.607056,-0.306030,0.244812,77.8076,39.0192,0
86.3100,227726,-0.691284,0.607056,-0.306030,0.244812,77.8067,39.0194,0
86.3200,227736,-0.691284,0.607056,-0.306030,0.244812,77.8076,39.0190,0
86.3300,227746,-0.691284,0.607056,-0.306030,0.244812,77.8066,39.0175,0
86.3400,227756,-0.691284,0.607056,-0.306030,0.244812,77.8081,39.0160,0
86.3500,227766,-0.691284,0.607056,-0.306030,0.244812,77.8077,39.0176,0
86.3600,227776,-0.691284,0.607056,-0.306030,0.244812,77.8080,39.0191,0
86.3700,227786,-0.691284,0.607056,-0.306030,0.244812,77.8094,39.0205,0
86.3800,227796,-0.691284,0.607056,-0.306030,0.244812,77.8095,39.0229,0
86.3900,227806,-0.691284,0.607056,-0.306091,0.244812,77.8097,39.0275,0
86.4000,227816,-0.691345,0.606995,-0.306152,0.244751,77.8049,39.0301,0
86.4100,227826,-0.691345,0.606995,-0.306152,0.244690,77.8004,39.0326,0
86.4200,227836,-0.691345,0.606934,-0.306274,0.244629,77.7949,39.0350,0
86.4300,227846,-0.691345,0.606934,-0.306274,0.244629,77.7921,39.0331,0
86.4400,227856,-0.691345,0.606934,-0.306274,0.244629,77.7888,39.0313,0
86.4500,227866,-0.691345,0.606934,-0.306274,0.244629,77.7862,39.0307,0
86.4600,227876,-0.691345,0.606934,-0.306274,0.244629,77.7844,39.0302,0
86.4700,227886,-0.691345,0.606934,-0.306274,0.244629,77.7833,39.0274,0
86.4800,227896,-0.691345,0.606934,-0.306274,0.244629,77.7793,39.0235,0
86.4900,227906,-0.691345,0.606934,-0.306274,0.244629,77.7760,39.0192,0
86.5000,227916,-0.691345,0.606934,-0.306274,0.244629,77.7729,39.0151,0
86.5100,227926,-0.691345,0.606934,-0.306274,0.244629,77.7694,39.0100,0
86.5200,227936,-0.691345,0.606934,-0.306274,0.244629,77.7678,39.0058,0
86.5300,227946,-0.691345,0.606934,-0.306274,0.244629,77.7664,39.0042,0
86.5400,227956,-0.691345,0.606934,-0.306274,0.244629,77.7649,39.0044,0
86.5500,227966,-0.691345,0.606934,-0.306274,0.244568,77.7636,39.0070,0
86.5600,227976,-0.691345,0.606934,-0.306274,0.244568,77.7599,39.0077,0
86.5700,227986,-0.691345,0.606934,-0.306335,0.244629,77.7547,39.0083,0
86.5800,227996,-0.691345,0.606934,-0.306335,0.244629,77.7497,39.0060,0
86.5900,228006,-0.691345,0.606934,-0.306335,0.244629,77.7462,39.0020,0
86.6000,228016,-0.691345,0.606934,-0.306335,0.244629,77.7440,38.9981,0
86.6100,228026,-0.691345,0.606934,-0.306335,0.244629,77.7395,38.9957,0
86.6200,228036,-0.691345,0.606934,-0.306335,0.244629,77.7371,38.9940,0
86.6300,228046,-0.691345,0.606934,-0.306335,0.244629,77.7371,38.9912,0
86.6400,228056,-0.691345,0.606934,-0.306335,0.244629,77.7396,38.9891,0
86.6500,228066,-0.691345,0.606934,-0.306335,0.244629,77.7395,38.9871,0
86.6600,228076,-0.691345,0.606934,-0.306335,0.244629,77.7388,38.9876,0
86.6700,228086,-0.691345,0.606934,-0.306335,0.244629,77.7382,38.9922,0
86.6800,228096,-0.691345,0.606934,-0.306335,0.244568,77.7370,38.9995,0
86.6900,228106,-0.691406,0.606873,-0.306458,0.244446,77.7347,39.0071,0
86.7000,228116,-0.691467,0.606812,-0.306519,0.244385,77.7299,39.0088,0
86.7100,228126,-0.691406,0.606812,-0.306641,0.244385,77.7225,39.0105,0
86.7200,228136,-0.691345,0.606812,-0.306702,0.244446,77.7136,39.0080,0
86.7300,228146,-0.691345,0.606750,-0.306824,0.244507,77.7070,39.0027,0
86.7400,228156,-0.691345,0.606750,-0.306824,0.244507,77.7060,38.9988,0
86.7500,228166,-0.691345,0.606750,-0.306824,0.244507,77.7068,38.9952,0
86.7600,228176,-0.691345,0.606750,-0.306824,0.244507,77.7077,38.9911,0
86.7700,228186,-0.691345,0.606750,-0.306824,0.244507,77.7078,38.9872,0
86.7800,228196,-0.691345,0.606750,-0.306824,0.244507,77.7074,38.9836,0
86.7900,228206,-0.691345,0.606750,-0.306824,0.244507,77.7064,38.9824,0
86.8000,228216,-0.691345,0.606750,-0.306824,0.244507,77.7049,38.9814,0
86.8100,228226,-0.691345,0.606750,-0.306824,0.244507,77.7034,38.9798,0
86.8200,228236,-0.691345,0.606750,-0.306824,0.244507,77.6997,38.9765,0
86.8300,228246,-0.691345,0.606750,-0.306824,0.244507,77.6973,38.9763,0
86.8400,228256,-0.691345,0.606750,-0.306824,0.244507,77.6944,38.9744,0
86.8500,228266,-0.691345,0.606750,-0.306824,0.244507,77.6946,38.9707,0
86.8600,228276,-0.691345,0.606750,-0.306824,0.244507,77.6949,38.9685,0
86.8700,228286,-0.691345,0.606750,-0.306824,0.244507,77.6945,38.9687,0
86.8800,228296,-0.691345,0.606750,-0.306824,0.244507,77.6960,38.9689,0
86.8900,228306,-0.691345,0.606750,-0.306824,0.244507,77.6967,38.9668,0
86.9000,228316,-0.691345,0.606750,-0.306824,0.244507,77.6986,38.9641,0
86.9100,228326,-0.691345,0.606750,-0.306824,0.244507,77.6999,38.9634,0
86.9200,228336,-0.691345,0.606750,-0.306824,0.244507,77.7016,38.9639,0
86.9300,228346,-0.691345,0.606750,-0.306824,0.244507,77.7021,38.9643,0
86.9400,228356,-0.691345,0.606750,-0.306824,0.244507,77.7020,38.9654,0
86.9500,228366,-0.691345,0.606750,-0.306824,0.244507,77.7001,38.9652,0
86.9600,228376,-0.691345,0.606750,-0.306824,0.244507,77.6994,38.9638,0
86.9700,228386,-0.691345,0.606750,-0.306824,0.244507,77.6982,38.9619,0
86.9800,228396,-0.691345,0.606750,-0.306824,0.244507,77.6977,38.9595,0
86.9900,228406,-0.691345,0.606750,-0.306824,0.244507,77.6960,38.9578,0
87.0000,228416,-0.691345,0.606750,-0.306824,0.244507,77.6968,38.9532,0
87.0100,228426,-0.691345,0.606750,-0.306824,0.244507,77.6975,38.9483,0
87.0200,228436,-0.691345,0.606812,-0.306702,0.244507,77.7000,38.9418,0
87.0300,228446,-0.691345,0.606812,-0.306702,0.244446,77.7023,38.9404,0
87.0400,228456,-0.691345,0.606812,-0.306702,0.244446,77.7016,38.9438,0
87.0500,228466,-0.691345,0.606812,-0.306702,0.244385,77.6979,38.9500,0
87.0600,228476,-0.691406,0.606812,-0.306763,0.244385,77.6932,38.9534,0
87.0700,228486,-0.691406,0.606750,-0.306763,0.244324,77.6906,38.9572,0
87.0800,228496,-0.691406,0.606750,-0.306824,0.244263,77.6880,38.9620,0
87.0900,228506,-0.691406,0.606689,-0.306885,0.244202,77.6862,38.9665,0
87.1000,228516,-0.691467,0.606689,-0.306946,0.244141,77.6863,38.9691,0
87.1100,228526,-0.691467,0.606689,-0.306946,0.244141,77.6857,38.9679,0
87.1200,228536,-0.691467,0.606689,-0.306946,0.244141,77.6846,38.9675,0
87.1300,228546,-0.691467,0.606689,-0.306946,0.244141,77.6848,38.9622,0
87.1400,228556,-0.691467,0.606689,-0.306946,0.244141,77.6843,38.9525,0
87.1500,228566,-0.691406,0.606689,-0.306885,0.244202,77.6851,38.9421,128
87.1600,228576,-0.691406,0.606750,-0.306824,0.244263,77.6870,38.9316,0
87.1700,228586,-0.691406,0.606750,-0.306824,0.244263,77.6870,38.9247,0
87.1800,228596,-0.691406,0.606750,-0.306824,0.244324,77.6924,38.9150,0
87.1900,228606,-0.691406,0.606750,-0.306763,0.244324,77.6957,38.9119,0
87.2000,228616,-0.691406,0.606750,-0.306763,0.244324,77.6983,38.9094,0
87.2100,228626,-0.691406,0.606750,-0.306763,0.244324,77.7007,38.9077,0
87.2200,228636,-0.691406,0.606750,-0.306763,0.244324,77.7000,38.9096,0
87.2300,228646,-0.691406,0.606750,-0.306763,0.244324,77.6988,38.9120,0
87.2400,228656,-0.691406,0.606750,-0.306763,0.244324,77.6971,38.9144,0
87.2500,228666,-0.691406,0.606750,-0.306763,0.244324,77.6948,38.9165,0
87.2600,228676,-0.691406,0.606750,-0.306824,0.244324,77.6938,38.9204,0
87.2700,228686,-0.691406,0.606750,-0.306824,0.244324,77.6947,38.9235,0
87.2800,228696,-0.691406,0.606750,-0.306824,0.244324,77.6938,38.9240,0
87.2900,228706,-0.691406,0.606750,-0.306824,0.244324,77.6923,38.9216,0
87.3000,228716,-0.691406,0.606750,-0.306824,0.244324,77.6914,38.9169,0
87.3100,228726,-0.691406,0.606750,-0.306763,0.244324,77.6912,38.9088,0
87.3200,228736,-0.691345,0.606812,-0.306763,0.244385,77.6898,38.9000,0
87.3300,228746,-0.691345,0.606812,-0.306702,0.244446,77.6903,38.8906,0
87.3400,228756,-0.691345,0.606812,-0.306641,0.244507,77.6951,38.8864,0
87.3500,228766,-0.691345,0.606812,-0.306641,0.244507,77.6990,38.8848,0
87.3600,228776,-0.691406,0.606812,-0.306580,0.244446,77.7075,38.8857,0
87.3700,228786,-0.691406,0.606750,-0.306580,0.244507,77.7174,38.8918,0
87.3800,228796,-0.691406,0.606750,-0.306580,0.244507,77.7214,38.8965,0
87.3900,228806,-0.691467,0.606750,-0.306580,0.244446,77.7197,38.9074,0
87.4000,228816,-0.691467,0.606750,-0.306641,0.244385,77.7187,38.9153,0
87.4100,228826,-0.691467,0.606689,-0.306702,0.244324,77.7171,38.9240,0
87.4200,228836,-0.691528,0.606689,-0.306763,0.244263,77.7156,38.9305,0
87.4300,228846,-0.691528,0.606628,-0.306824,0.244202,77.7130,38.9360,0
87.4400,228856,-0.691528,0.606628,-0.306824,0.244202,77.7106,38.9377,0
87.4500,228866,-0.691528,0.606628,-0.306824,0.244202,77.7076,38.9387,0
87.4600,228876,-0.691528,0.606628,-0.306824,0.244202,77.7042,38.9385,0
87.4700,228886,-0.691528,0.606628,-0.306824,0.244202,77.7010,38.9365,0
87.4800,228896,-0.691528,0.606628,-0.306824,0.244202,77.6980,38.9311,0
87.4900,228906,-0.691528,0.606628,-0.306824,0.244202,77.6951,38.9223,0
87.5000,228916,-0.691528,0.606689,-0.306763,0.244263,77.6917,38.9116,0
87.5100,228926,-0.691528,0.606689,-0.306763,0.244263,77.6891,38.8997,0
87.5200,228936,-0.691467,0.606750,-0.306641,0.244385,77.6867,38.8896,0
87.5300,228946,-0.691467,0.606750,-0.306641,0.244385,77.6861,38.8865,0
87.5400,228956,-0.691467,0.606750,-0.306641,0.244385,77.6874,38.8901,0
87.5500,228966,-0.691467,0.606750,-0.306641,0.244385,77.6898,38.8941,0
87.5600,228976,-0.691467,0.606750,-0.306641,0.244385,77.6914,38.8984,0
87.5700,228986,-0.691467,0.606750,-0.306641,0.244385,77.6960,38.9020,0
87.5800,228996,-0.691467,0.606750,-0.306641,0.244385,77.7003,38.9025,0
87.5900,229006,-0.691467,0.606689,-0.306641,0.244446,77.7062,38.9017,0
87.6000,229016,-0.691467,0.606689,-0.306641,0.244446,77.7059,38.9009,0
87.6100,229026,-0.691467,0.606689,-0.306641,0.244446,77.7038,38.8996,0
87.6200,229036,-0.691467,0.606689,-0.306641,0.244446,77.7006,38.8972,0
87.6300,229046,-0.691467,0.606689,-0.306641,0.244446,77.6999,38.8949,0
87.6400,229056,-0.691467,0.606689,-0.306641,0.244446,77.6975,38.8910,0
87.6500,229066,-0.691528,0.606689,-0.306580,0.244385,77.6964,38.8854,0
87.6600,229076,-0.691528,0.606689,-0.306580,0.244385,77.6960,38.8813,0
87.6700,229086,-0.691528,0.606689,-0.306580,0.244385,77.6944,38.8798,0
87.6800,229096,-0.691528,0.606689,-0.306580,0.244385,77.6922,38.8784,0
87.6900,229106,-0.691528,0.606689,-0.306580,0.244385,77.6896,38.8770,0
87.7000,229116,-0.691528,0.606689,-0.306580,0.244385,77.6889,38.8775,0
87.7100,229126,-0.691528,0.606689,-0.306580,0.244385,77.6877,38.8786,0
87.7200,229136,-0.691528,0.606689,-0.306580,0.244385,77.6847,38.8808,0
87.7300,229146,-0.691528,0.606689,-0.306580,0.244385,77.6812,38.8787,0
87.7400,229156,-0.691528,0.606689,-0.306580,0.244385,77.6774,38.8761,0
87.7500,229166,-0.691528,0.606689,-0.306580,0.244385,77.6749,38.8737,0
87.7600,229176,-0.691528,0.606689,-0.306580,0.244385,77.6726,38.8696,0
87.7700,229186,-0.691528,0.606689,-0.306580,0.244385,77.6698,38.8675,0
87.7800,229196,-0.691528,0.606689,-0.306580,0.244385,77.6683,38.8655,0
87.7900,229206,-0.691528,0.606689,-0.306580,0.244385,77.6657,38.8660,0
87.8000,229216,-0.691528,0.606689,-0.306580,0.244385,77.6638,38.8688,0
87.8100,229226,-0.691467,0.606689,-0.306641,0.244446,77.6614,38.8709,0
87.8200,229236,-0.691467,0.606628,-0.306763,0.244568,77.6574,38.8742,0
87.8300,229246,-0.691223,0.606567,-0.307129,0.244812,77.6494,38.8776,0
87.8400,229256,-0.690918,0.606323,-0.307739,0.245483,77.6572,38.8773,0
87.8500,229266,-0.690735,0.605774,-0.308472,0.246582,77.7015,38.8775,0
87.8600,229276,-0.690125,0.605164,-0.309692,0.248108,77.7324,38.8778,0
87.8700,229286,-0.689270,0.605286,-0.310486,0.249207,77.6834,38.8626,0
87.8800,229296,-0.688843,0.605469,-0.310486,0.249878,77.6685,38.8402,0
87.8900,229306,-0.688171,0.605713,-0.310303,0.251465,77.6773,38.7423,0
87.9000,229316,-0.688293,0.604980,-0.309875,0.253479,77.8494,38.6704,0
87.9100,229326,-0.691040,0.603394,-0.308350,0.251648,78.1466,38.9066,0
87.9200,229336,-0.692749,0.602661,-0.306519,0.250916,78.3370,38.9620,0
87.9300,229346,-0.693237,0.603455,-0.304993,0.249634,78.2942,38.9754,0
87.9400,229356,-0.693970,0.603882,-0.303223,0.248535,78.3131,38.9651,0
87.9500,229366,-0.695068,0.603882,-0.301575,0.247498,78.3921,38.9626,0
87.9600,229376,-0.696472,0.603699,-0.299622,0.246277,78.5036,38.9559,0
87.9700,229386,-0.697815,0.603638,-0.297546,0.245239,78.6122,38.9196,0
87.9800,229396,-0.698914,0.603638,-0.295288,0.244812,78.7197,38.7986,0
87.9900,229406,-0.700134,0.603638,-0.293030,0.244080,78.8328,38.7159,0
88.0000,229416,-0.701477,0.603516,-0.290710,0.243286,78.9802,38.6386,0
88.0100,229426,-0.703003,0.603271,-0.288330,0.242371,79.2008,38.4622,0
88.0200,229436,-0.704651,0.602783,-0.285217,0.242310,79.5140,38.1299,0
88.0300,229446,-0.706360,0.602112,-0.281311,0.243713,79.8634,37.5293,0
88.0400,229456,-0.707153,0.601807,-0.276367,0.247742,80.2410,36.7964,0
88.0500,229466,-0.707153,0.601685,-0.271118,0.253784,80.3934,36.3075,0
88.0600,229476,-0.706055,0.602417,-0.267883,0.258545,80.8518,35.8123,0
88.0700,229486,-0.706055,0.599243,-0.260620,0.272949,81.4596,35.3391,0
88.0800,229496,-0.706421,0.597290,-0.258728,0.277954,81.9305,35.2607,0
88.0900,229506,-0.707581,0.595154,-0.257996,0.280212,82.3267,35.5282,0
88.1000,229516,-0.708984,0.593567,-0.258484,0.279724,82.5534,36.0633,0
88.1100,229526,-0.710754,0.591553,-0.258423,0.279419,82.8458,36.5351,0
88.1200,229536,-0.712891,0.589355,-0.258911,0.278320,83.1086,37.0925,0
88.1300,229546,-0.714294,0.587280,-0.259583,0.278442,83.3198,37.5049,0
88.1400,229556,-0.715576,0.584839,-0.260925,0.278931,83.5218,37.9181,0
88.1500,229566,-0.717712,0.581543,-0.262756,0.278687,83.7889,38.4481,0
88.1600,229576,-0.721863,0.576111,-0.264099,0.277893,84.3157,39.0718,0
88.1700,229586,-0.726868,0.569519,-0.265808,0.276978,84.9258,39.7435,0
88.1800,229596,-0.730957,0.562317,-0.268921,0.277771,85.4761,40.3070,0
88.1900,229606,-0.733887,0.555603,-0.273193,0.279480,85.8515,40.7988,0
88.2000,229616,-0.737122,0.548462,-0.277710,0.280518,86.1988,41.3591,0
88.2100,229626,-0.739746,0.542603,-0.282227,0.280518,86.3222,41.9094,0
88.2200,229636,-0.742249,0.537231,-0.286011,0.280396,86.3821,42.3936,0
88.2300,229646,-0.741699,0.535522,-0.287964,0.283203,86.0843,42.2712,0
88.2400,229656,-0.743408,0.534058,-0.287231,0.282104,85.8844,42.3697,0
88.2500,229666,-0.744690,0.534058,-0.285339,0.280640,85.5754,42.3482,0
88.2600,229676,-0.744629,0.535889,-0.283936,0.278748,85.0169,42.2844,0
88.2700,229686,-0.743713,0.538025,-0.284424,0.276672,84.3445,42.3177,0
88.2800,229696,-0.743225,0.538635,-0.284607,0.276611,84.1972,42.2484,0
88.2900,229706,-0.744080,0.537354,-0.284302,0.277100,83.8691,42.2054,0
88.3000,229716,-0.744446,0.537720,-0.283569,0.276123,83.2416,42.1591,0
88.3100,229726,-0.743530,0.540283,-0.283142,0.273987,82.3688,42.0938,0
88.3200,229736,-0.741211,0.544678,-0.283386,0.271240,81.4045,42.0100,0
88.3300,229746,-0.738403,0.550232,-0.283386,0.267761,80.4826,41.8951,0
88.3400,229756,-0.733643,0.561401,-0.281555,0.259521,79.6793,41.8012,0
88.3500,229766,-0.731934,0.566528,-0.279907,0.254761,78.9668,41.7083,0
88.3600,229776,-0.729675,0.571655,-0.279175,0.250793,78.2555,41.5695,0
88.3700,229786,-0.727478,0.576050,-0.278870,0.247375,77.6457,41.4243,0
88.3800,229796,-0.726074,0.579346,-0.278320,0.244446,77.2296,41.2754,0
88.3900,229806,-0.725098,0.581543,-0.277893,0.242554,76.9815,41.0947,0
88.4000,229816,-0.724548,0.582458,-0.277954,0.241882,76.9025,40.8921,0
88.4100,229826,-0.724670,0.582275,-0.277893,0.242004,76.9902,40.6966,0
88.4200,229836,-0.725342,0.581543,-0.277649,0.242187,77.1584,40.5162,0
88.4300,229846,-0.725952,0.580688,-0.277466,0.242432,77.3236,40.3436,0
88.4400,229856,-0.726440,0.580078,-0.277344,0.242615,77.4502,40.1810,0
88.4500,229866,-0.726685,0.579773,-0.277222,0.242737,77.5283,40.0236,0
88.4600,229876,-0.726746,0.579712,-0.277222,0.242798,77.5651,39.8723,0
88.4700,229886,-0.726685,0.579773,-0.277222,0.242737,77.5810,39.7267,0
88.4800,229896,-0.726562,0.579895,-0.277283,0.242737,77.5885,39.5884,0
88.4900,229906,-0.726501,0.580017,-0.277344,0.242676,77.5926,39.4583,0
88.5000,229916,-0.726379,0.580200,-0.277405,0.242615,77.5929,39.3279,0
88.5100,229926,-0.726196,0.580322,-0.277405,0.242554,77.5891,39.2029,0
88.5200,229936,-0.726074,0.580566,-0.277527,0.242432,77.5801,39.0859,0
88.5300,229946,-0.725891,0.580750,-0.277588,0.242371,77.5751,38.9754,0
88.5400,229956,-0.725891,0.580811,-0.277588,0.242371,77.5924,38.8703,0
88.5500,229966,-0.725952,0.580688,-0.277527,0.242432,77.6557,38.7741,0
88.5600,229976,-0.726196,0.580383,-0.277466,0.242493,77.7122,38.6853,0
88.5700,229986,-0.726379,0.580139,-0.277344,0.242615,77.7393,38.5991,0
88.5800,229996,-0.726440,0.580078,-0.277344,0.242615,77.7376,38.5154,0
88.5900,230006,-0.726318,0.580200,-0.277405,0.242554,77.7265,38.4328,0
88.6000,230016,-0.726196,0.580383,-0.277466,0.242493,77.7202,38.3525,0
88.6100,230026,-0.726074,0.580566,-0.277527,0.242432,77.7260,38.2763,0
88.6200,230036,-0.726013,0.580627,-0.277527,0.242432,77.7411,38.2056,0
88.6300,230046,-0.726013,0.580566,-0.277527,0.242432,77.7631,38.1397,0
88.6400,230056,-0.726074,0.580505,-0.277466,0.242493,77.7887,38.0770,0
88.6500,230066,-0.726135,0.580444,-0.277466,0.242493,77.8131,38.0187,0
88.6600,230076,-0.726196,0.580383,-0.277466,0.242493,77.8351,37.9627,0
88.6700,230086,-0.726196,0.580383,-0.277466,0.242493,77.8518,37.9083,0
88.6800,230096,-0.726196,0.580383,-0.277466,0.242493,77.8647,37.8555,0
88.6900,230106,-0.726196,0.580383,-0.277466,0.242493,77.8716,37.8070,0
88.7000,230116,-0.726196,0.580444,-0.277466,0.242493,77.8752,37.7604,0
88.7100,230126,-0.726135,0.580444,-0.277466,0.242493,77.8781,37.7162,0
88.7200,230136,-0.726074,0.580505,-0.277466,0.242493,77.8790,37.6741,0
88.7300,230146,-0.726074,0.580566,-0.277527,0.242432,77.8816,37.6342,0
88.7400,230156,-0.726074,0.580566,-0.277527,0.242432,77.8901,37.5968,0
88.7500,230166,-0.726074,0.580566,-0.277527,0.242432,77.9034,37.5607,0
88.7600,230176,-0.726074,0.580505,-0.277466,0.242493,77.9191,37.5258,0
88.7700,230186,-0.726074,0.580505,-0.277466,0.242493,77.9310,37.4933,0
88.7800,230196,-0.726074,0.580505,-0.277466,0.242493,77.9370,37.4618,0
88.7900,230206,-0.726074,0.580505,-0.277466,0.242493,77.9397,37.4318,0
88.8000,230216,-0.726074,0.580505,-0.277466,0.242493,77.9429,37.4046,0
88.8100,230226,-0.726074,0.580505,-0.277466,0.242493,77.9483,37.3781,0
88.8200,230236,-0.726074,0.580505,-0.277466,0.242493,77.9552,37.3535,0
88.8300,230246,-0.726074,0.580505,-0.277466,0.242493,77.9605,37.3308,0
88.8400,230256,-0.726074,0.580505,-0.277466,0.242493,77.9644,37.3074,0
88.8500,230266,-0.726074,0.580505,-0.277466,0.242493,77.9682,37.2864,0
88.8600,230276,-0.726074,0.580505,-0.277466,0.242493,77.9747,37.2658,0
88.8700,230286,-0.726074,0.580505,-0.277466,0.242493,77.9802,37.2463,0
88.8800,230296,-0.726074,0.580505,-0.277466,0.242493,77.9844,37.2289,0
88.8900,230306,-0.725647,0.581116,-0.277710,0.242187,77.8968,37.2183,0
88.9000,230316,-0.722961,0.584595,-0.278564,0.240784,77.3802,37.1862,0
88.9100,230326,-0.720215,0.588196,-0.279297,0.239441,76.8801,37.1335,0
88.9200,230336,-0.719666,0.588806,-0.279419,0.239258,76.8450,37.1066,0
88.9300,230346,-0.720825,0.587463,-0.279114,0.239685,77.1192,37.1060,0
88.9400,230356,-0.722229,0.585754,-0.278625,0.240173,77.4234,37.1072,0
88.9500,230366,-0.722168,0.585815,-0.278503,0.240173,77.4489,37.0792,0
88.9600,230376,-0.719727,0.589233,-0.278992,0.238770,76.9899,37.0323,0
88.9700,230386,-0.715332,0.595154,-0.280151,0.235840,76.1501,37.0085,0
88.9800,230396,-0.710754,0.601624,-0.281250,0.231934,75.2750,37.0314,0
88.9900,230406,-0.706421,0.607361,-0.282471,0.228760,74.5291,37.0134,0
89.0000,230416,-0.703308,0.610840,-0.283508,0.227722,74.1556,36.9214,0
89.0100,230426,-0.701294,0.614380,-0.275146,0.234436,74.4351,35.6475,0
89.0200,230436,-0.695679,0.618408,-0.262329,0.254578,75.0715,33.1284,0
89.0300,230446,-0.690247,0.620605,-0.243958,0.280823,76.3550,30.1303,0
89.0400,230456,-0.681152,0.625122,-0.225891,0.306885,77.3009,27.3533,0
89.0500,230466,-0.672058,0.630493,-0.209595,0.326904,78.2204,25.5809,0
89.0600,230476,-0.664429,0.635315,-0.193665,0.342590,79.2467,24.4266,0
89.0700,230486,-0.657837,0.639832,-0.177551,0.355347,80.3891,23.6864,0
89.0800,230496,-0.651428,0.644592,-0.159851,0.366882,81.6532,23.0602,0
89.0900,230506,-0.643311,0.651245,-0.138916,0.377808,82.8849,22.2905,0
89.1000,230516,-0.633484,0.659058,-0.114929,0.388794,84.3360,20.5649,0
89.1100,230526,-0.621460,0.667358,-0.083435,0.401794,86.2517,17.8856,0
89.1200,230536,-0.605896,0.675537,-0.041016,0.418091,89.4937,14.9535,0
89.1300,230546,-0.593323,0.675171,0.007813,0.438293,92.7761,12.5033,0
89.1400,230556,-0.579102,0.672302,0.054016,0.458008,95.7006,10.7420,0
89.1500,230566,-0.562256,0.669983,0.095459,0.475342,98.1932,9.6856,0
89.1600,230576,-0.542969,0.668518,0.131104,0.491028,100.4226,9.9775,0
89.1700,230586,-0.514893,0.664917,0.171143,0.513306,102.5341,11.5913,0
89.1800,230596,-0.506592,0.663025,0.180481,0.520752,104.5810,13.9416,0
89.1900,230606,-0.499084,0.660889,0.188904,0.527710,106.6340,16.3981,0
89.2000,230616,-0.491089,0.657776,0.198364,0.535522,108.7317,18.6394,0
89.2100,230626,-0.482544,0.654053,0.208984,0.543762,110.8686,20.7086,0
89.2200,230636,-0.473450,0.650024,0.220154,0.552124,113.0008,22.6858,0
89.2300,230646,-0.464355,0.644409,0.232361,0.561340,115.2590,24.5014,0
89.2400,230656,-0.455139,0.638489,0.244080,0.570618,117.4836,26.3447,0
89.2500,230666,-0.446716,0.633545,0.253235,0.578735,119.5573,28.5137,0
89.2600,230676,-0.439758,0.629883,0.259949,0.585083,121.5175,31.0382,0
89.2700,230686,-0.434387,0.628357,0.264404,0.588684,123.3618,33.9513,0
89.2800,230696,-0.430176,0.628845,0.267273,0.589966,125.0956,37.1086,0
89.2900,230706,-0.426208,0.629395,0.270386,0.590881,126.8124,40.1684,0
89.3000,230716,-0.422180,0.629517,0.273254,0.592285,128.4525,43.0691,0
89.3100,230726,-0.418213,0.629456,0.275452,0.594177,129.9928,45.8930,0
89.3200,230736,-0.414429,0.629028,0.277649,0.596252,131.5009,48.5964,0
89.3300,230746,-0.410950,0.628601,0.280212,0.597900,133.0489,51.2331,0
89.3400,230756,-0.407959,0.628174,0.282898,0.599060,134.5951,53.8030,0
89.3500,230766,-0.406555,0.626953,0.284973,0.600342,136.1686,56.3675,0
89.3600,230776,-0.406494,0.625732,0.285522,0.601440,137.6495,59.0029,0
89.3700,230786,-0.407837,0.625427,0.284729,0.601196,139.0542,61.7615,0
89.3800,230796,-0.409912,0.626038,0.282959,0.599976,140.3347,64.6754,0
89.3900,230806,-0.412659,0.626892,0.280396,0.598450,141.5956,67.4463,0
89.4000,230816,-0.416321,0.626648,0.277466,0.597473,142.5794,69.9555,0
89.4100,230826,-0.417664,0.628479,0.275208,0.595703,143.5301,72.2424,0
89.4200,230836,-0.418457,0.630432,0.273865,0.593689,144.4320,74.3957,0
89.4300,230846,-0.419312,0.632202,0.272461,0.591797,145.2928,76.4454,0
89.4400,230856,-0.421631,0.635681,0.270020,0.587585,146.1283,78.3690,0
89.4500,230866,-0.422668,0.636536,0.269287,0.586243,146.9441,80.0801,0
89.4600,230876,-0.423401,0.636902,0.269043,0.585388,147.7242,81.6007,0
89.4700,230886,-0.424133,0.637268,0.268982,0.584534,148.4764,83.0271,0
89.4800,230896,-0.424988,0.637573,0.268799,0.583679,149.1942,84.3924,0
89.4900,230906,-0.426208,0.637695,0.268311,0.582825,149.8769,85.7078,0
89.5000,230916,-0.427734,0.637695,0.267578,0.582031,150.5309,86.9816,0
89.5100,230926,-0.429626,0.637695,0.266663,0.581055,151.1527,88.2164,0
89.5200,230936,-0.431519,0.637634,0.265808,0.580078,151.7441,89.3721,0
89.5300,230946,-0.433228,0.637695,0.265442,0.578979,152.3095,90.4135,0
89.5400,230956,-0.434570,0.637939,0.265381,0.577698,152.8292,91.3586,0
89.5500,230966,-0.435425,0.638367,0.265686,0.576477,153.3025,92.1864,0
89.5600,230976,-0.435974,0.638855,0.266418,0.575195,153.7478,92.9153,0
89.5700,230986,-0.436218,0.639282,0.267456,0.574036,154.1727,93.5564,0
89.5800,230996,-0.435974,0.639648,0.269043,0.573059,154.5778,94.0822,0
89.5900,231006,-0.435303,0.639709,0.270874,0.572632,154.9560,94.4987,0
89.6000,231016,-0.434631,0.639648,0.272522,0.572449,155.3232,94.9001,0
89.6100,231026,-0.434204,0.639221,0.273743,0.572632,155.6640,95.3042,0
89.6200,231036,-0.433777,0.638550,0.275085,0.573120,156.0158,95.6677,0
89.6300,231046,-0.432861,0.638184,0.277100,0.573181,156.3750,95.9651,0
89.6400,231056,-0.431763,0.638000,0.280273,0.572754,156.7998,96.1880,0
89.6500,231066,-0.430176,0.637756,0.283875,0.572388,157.0747,96.4136,0
89.6600,231076,-0.428162,0.638184,0.286316,0.572205,157.3526,96.6516,0
89.6700,231086,-0.426392,0.638306,0.288452,0.572327,157.6466,96.8742,0
89.6800,231096,-0.424683,0.638184,0.290710,0.572632,157.9867,97.0388,0
89.6900,231106,-0.422852,0.637817,0.293579,0.572937,158.3541,97.1846,0
89.7000,231116,-0.421021,0.637329,0.296692,0.573181,158.7075,97.4131,0
89.7100,231126,-0.419617,0.637024,0.299255,0.573242,159.0597,97.7339,0
89.7200,231136,-0.418457,0.636536,0.302307,0.572998,159.3852,98.1318,0
89.7300,231146,-0.418396,0.636719,0.302490,0.572754,159.6344,98.6108,0
89.7400,231156,-0.418579,0.637024,0.302307,0.572327,159.8608,99.1173,0
89.7500,231166,-0.418945,0.637634,0.302002,0.571533,160.0769,99.6368,0
89.7600,231176,-0.419495,0.638306,0.301758,0.570557,160.2930,100.1405,0
89.7700,231186,-0.420105,0.639038,0.301575,0.569397,160.5076,100.6239,0
89.7800,231196,-0.420715,0.639709,0.301453,0.568298,160.7058,101.0613,0
89.7900,231206,-0.421326,0.640442,0.301086,0.567139,160.8736,101.4882,0
89.8000,231216,-0.422058,0.641296,0.300537,0.565918,161.0182,101.9183,0
89.8100,231226,-0.423035,0.642151,0.299744,0.564636,161.1485,102.3488,0
89.8200,231236,-0.424133,0.643127,0.298828,0.563171,161.2550,102.7694,0
89.8300,231246,-0.425110,0.644043,0.297852,0.561951,161.3403,103.1376,0
89.8400,231256,-0.425903,0.644531,0.297119,0.561157,161.4066,103.4197,0
89.8500,231266,-0.426636,0.644897,0.296387,0.560608,161.4615,103.6560,0
89.8600,231276,-0.427368,0.645081,0.295715,0.560120,161.5194,103.8605,0
89.8700,231286,-0.428345,0.645081,0.294922,0.559814,161.5688,104.0509,0
89.8800,231296,-0.429687,0.645081,0.293762,0.559387,161.6143,104.2643,0
89.8900,231306,-0.431580,0.645142,0.292175,0.558716,161.6490,104.5312,0
89.9000,231316,-0.434082,0.645447,0.289917,0.557617,161.6750,104.8769,0
89.9100,231326,-0.436707,0.645630,0.287659,0.556458,161.6967,105.1883,0
89.9200,231336,-0.438354,0.645996,0.286560,0.555359,161.6998,105.2130,0
89.9300,231346,-0.439026,0.646667,0.286621,0.554016,161.7091,105.1415,0
89.9400,231356,-0.439209,0.647339,0.287415,0.552673,161.7263,105.0508,0
89.9500,231366,-0.439331,0.648010,0.288452,0.551331,161.7448,104.9741,0
89.9600,231376,-0.439514,0.648621,0.289307,0.549866,161.7599,104.9098,0
89.9700,231386,-0.439880,0.649292,0.290039,0.548401,161.7769,104.8617,0
89.9800,231396,-0.440430,0.649963,0.290710,0.546875,161.8170,104.8315,0
89.9900,231406,-0.442017,0.651550,0.292419,0.542786,161.8685,104.7859,0
90.0000,231416,-0.442566,0.652100,0.293213,0.541199,161.8852,104.6921,0
90.0100,231426,-0.442505,0.653015,0.294067,0.539734,161.8469,104.6019,0
90.0200,231436,-0.442444,0.654358,0.294617,0.537842,161.7805,104.5585,0
90.0300,231446,-0.442444,0.656067,0.295044,0.535522,161.7015,104.5500,0
90.0400,231456,-0.442566,0.657959,0.295410,0.532837,161.6152,104.5584,0
90.0500,231466,-0.442810,0.660217,0.295715,0.529724,161.5230,104.5916,0
90.0600,231476,-0.443359,0.662842,0.295837,0.525818,161.4214,104.6540,0
90.0700,231486,-0.443970,0.665833,0.296143,0.521423,161.3209,104.7088,0
90.0800,231496,-0.444641,0.669006,0.296448,0.516541,161.2134,104.7653,0
90.0900,231506,-0.445557,0.672424,0.296265,0.511414,161.0690,104.8517,0
90.1000,231516,-0.446960,0.675903,0.295166,0.506226,160.8754,105.0026,0
90.1100,231526,-0.449219,0.679260,0.292969,0.500977,160.6689,105.2328,0
90.1200,231536,-0.451904,0.682861,0.290161,0.495361,160.4235,105.5007,0
90.1300,231546,-0.454529,0.686340,0.287170,0.489807,160.1396,105.7101,0
90.1400,231556,-0.457031,0.689514,0.284424,0.484558,159.8429,105.8098,0
90.1500,231566,-0.459167,0.692810,0.282349,0.479065,159.4866,105.7636,0
90.1600,231576,-0.460693,0.696228,0.280762,0.473450,159.0911,105.6101,0
90.1700,231586,-0.462036,0.699768,0.279175,0.467834,158.6494,105.4106,0
90.1800,231596,-0.464233,0.703613,0.276428,0.461487,158.1721,105.3369,0
90.1900,231606,-0.467651,0.708496,0.270691,0.453918,157.5721,105.5806,0
90.2000,231616,-0.471863,0.714417,0.261597,0.445557,156.6827,106.4217,0
90.2100,231626,-0.477051,0.720581,0.249390,0.437073,155.7200,107.3208,0
90.2200,231636,-0.483032,0.726440,0.235229,0.428528,154.6821,108.1597,0
90.2300,231646,-0.489136,0.731995,0.220093,0.420044,153.6785,108.8668,0
90.2400,231656,-0.495728,0.736816,0.204956,0.411560,152.6243,109.3849,0
90.2500,231666,-0.501892,0.741272,0.190247,0.402954,151.4277,109.7788,0
90.2600,231676,-0.512390,0.751221,0.158020,0.384888,150.0430,110.2990,0
90.2700,231686,-0.517395,0.757202,0.138855,0.373779,148.4999,110.9489,0
90.2800,231696,-0.521912,0.762756,0.119446,0.362610,146.8766,111.4606,0
90.2900,231706,-0.526917,0.767151,0.100464,0.351807,145.3314,111.7870,0
90.3000,231716,-0.532471,0.770508,0.080383,0.341003,143.8072,112.0917,0
90.3100,231726,-0.537964,0.773193,0.058289,0.330627,142.1763,112.4138,0
90.3200,231736,-0.543518,0.775696,0.034729,0.318909,140.4570,112.8118,0
90.3300,231746,-0.548706,0.778442,0.011536,0.304688,138.6464,113.1619,0
90.3400,231756,-0.552429,0.781372,-0.009644,0.290100,136.7155,113.1629,0
90.3500,231766,-0.554687,0.784302,-0.028259,0.276489,134.7091,112.7036,0
90.3600,231776,-0.555237,0.787292,-0.043945,0.264404,132.6397,111.7585,0
90.3700,231786,-0.554810,0.790161,-0.057251,0.254089,130.5779,110.4249,0
90.3800,231796,-0.553772,0.792847,-0.070007,0.244629,128.5181,108.9628,0
90.3900,231806,-0.552490,0.795349,-0.083191,0.235107,126.4567,107.5349,0
90.4000,231816,-0.550964,0.797791,-0.095886,0.225403,124.4034,106.0528,0
90.4100,231826,-0.549683,0.800049,-0.107971,0.214783,122.3991,104.5700,0
90.4200,231836,-0.548401,0.802307,-0.119446,0.203247,120.3231,102.9404,0
90.4300,231846,-0.546448,0.804993,-0.131775,0.189819,118.1003,101.4210,0
90.4400,231856,-0.544128,0.807678,-0.146667,0.173279,115.7223,100.2252,0
90.4500,231866,-0.541382,0.810303,-0.161682,0.155396,113.2826,99.0089,0
90.4600,231876,-0.538696,0.812439,-0.175293,0.137695,110.9232,97.5521,0
90.4700,231886,-0.537354,0.813660,-0.186584,0.120117,109.0589,95.6794,0
90.4800,231896,-0.538086,0.813660,-0.195312,0.101501,107.0900,93.7570,0
90.4900,231906,-0.538513,0.813721,-0.203369,0.080505,105.4798,91.5608,0
90.5000,231916,-0.541199,0.811890,-0.210205,0.061462,103.8733,89.2621,0
90.5100,231926,-0.543457,0.809448,-0.217773,0.044189,101.9895,86.8548,0
90.5200,231936,-0.543152,0.808044,-0.226318,0.028687,99.6813,84.5105,0
90.5300,231946,-0.539246,0.808105,-0.236572,0.013306,97.2238,82.4387,0
90.5400,231956,-0.529480,0.806213,-0.263062,-0.022156,94.8782,80.4755,0
90.5500,231966,-0.523987,0.803955,-0.278137,-0.041565,92.4379,78.6002,0
90.5600,231976,-0.515503,0.802246,-0.294495,-0.062317,89.6370,76.7750,0
90.5700,231986,-0.505066,0.800842,-0.311035,-0.082764,86.6539,74.8057,0
90.5800,231996,-0.495605,0.798096,-0.326782,-0.102966,83.8602,72.6395,0
90.5900,232006,-0.485413,0.795471,-0.341736,-0.121582,81.0558,70.1930,0
