# Sesion:40 Fecha:2026-04-16 18:14:38 Shots:1 Duracion:16,47s
tSeg,ms,qw,qx,qy,qz,filteredElev,filteredYaw,shot
0.0000,2006396,-0.681885,0.687073,0.117004,-0.221985,71.1383,308.0088,226
0.0100,2006406,-0.683167,0.686340,0.118469,-0.219299,71.5121,308.4649,0
0.0200,2006416,-0.684387,0.685791,0.119995,-0.216614,71.8688,308.9207,0
0.0300,2006426,-0.685364,0.685364,0.121643,-0.213928,72.2161,309.4023,0
0.0400,2006436,-0.686157,0.685120,0.123291,-0.211243,72.5297,309.8842,0
0.0500,2006446,-0.686768,0.684998,0.125000,-0.208618,72.8189,310.3661,0
0.0600,2006456,-0.687256,0.684937,0.126831,-0.205933,73.1046,310.8422,0
0.0700,2006466,-0.687805,0.684814,0.128662,-0.203369,73.3996,311.3157,0
0.0800,2006476,-0.688416,0.684570,0.130554,-0.200867,73.7111,311.7855,0
0.0900,2006486,-0.689087,0.684265,0.132446,-0.198486,74.0475,312.2570,0
0.1000,2006496,-0.689758,0.683838,0.134216,-0.196350,74.3948,312.7267,0
0.1100,2006506,-0.690552,0.683350,0.136108,-0.194092,74.7499,313.1947,0
0.1200,2006516,-0.691284,0.682800,0.138000,-0.191895,75.1113,313.6609,0
0.1300,2006526,-0.692139,0.682190,0.139893,-0.189697,75.4708,314.1233,0
0.1400,2006536,-0.692932,0.681580,0.141785,-0.187561,75.8299,314.5836,0
0.1500,2006546,-0.693726,0.681030,0.143616,-0.185364,76.1807,315.0414,0
0.1600,2006556,-0.695068,0.679993,0.147217,-0.180969,76.5136,315.4973,0
0.1700,2006566,-0.695618,0.679687,0.148987,-0.178711,76.8302,315.9521,0
0.1800,2006576,-0.696045,0.679504,0.150635,-0.176331,77.1294,316.4084,0
0.1900,2006586,-0.696411,0.679382,0.152222,-0.173889,77.4198,316.8625,0
0.2000,2006596,-0.696838,0.679199,0.153748,-0.171448,77.7213,317.3191,0
0.2100,2006606,-0.697510,0.678833,0.155212,-0.169189,78.0572,317.7764,0
0.2200,2006616,-0.698303,0.678162,0.156616,-0.166992,78.4336,318.2373,0
0.2300,2006626,-0.699341,0.677368,0.157898,-0.164917,78.8447,318.6999,0
0.2400,2006636,-0.700439,0.676453,0.159119,-0.162903,79.2650,319.1634,0
0.2500,2006646,-0.701477,0.675537,0.160339,-0.160828,79.6680,319.6253,0
0.2600,2006656,-0.702271,0.674866,0.161560,-0.158752,80.0201,320.0894,0
0.2700,2006666,-0.702759,0.674683,0.162720,-0.156616,80.3076,320.5554,0
0.2800,2006676,-0.702820,0.674744,0.163879,-0.154480,80.5436,321.0263,0
0.2900,2006686,-0.702637,0.675171,0.165039,-0.152283,80.7339,321.4982,0
0.3000,2006696,-0.702209,0.675842,0.166260,-0.150085,80.8887,321.9717,0
0.3100,2006706,-0.701660,0.676575,0.167480,-0.148010,81.0326,322.4454,0
0.3200,2006716,-0.701172,0.677185,0.168701,-0.146057,81.2115,322.9295,0
0.3300,2006726,-0.700928,0.677490,0.169922,-0.144287,81.4313,323.4078,0
0.3400,2006736,-0.700989,0.677490,0.171082,-0.142700,81.7119,323.8807,0
0.3500,2006746,-0.701416,0.677063,0.172180,-0.141235,82.0466,324.3477,0
0.3600,2006756,-0.701965,0.676453,0.173218,-0.139893,82.4085,324.8044,0
0.3700,2006766,-0.702515,0.675903,0.174255,-0.138550,82.7089,325.2566,0
0.3800,2006776,-0.702820,0.675659,0.175293,-0.137146,82.9473,325.7059,0
0.3900,2006786,-0.702759,0.675781,0.176331,-0.135620,83.1510,326.1523,0
0.4000,2006796,-0.702515,0.676086,0.177246,-0.133972,83.3415,326.5961,0
0.4100,2006806,-0.702148,0.676575,0.178101,-0.132385,83.5312,327.0378,0
0.4200,2006816,-0.701721,0.677063,0.178955,-0.130676,83.7332,327.4730,0
0.4300,2006826,-0.701477,0.677490,0.179687,-0.129028,83.9635,327.9036,0
0.4400,2006836,-0.701538,0.677734,0.180786,-0.126038,84.2267,328.3317,0
0.4500,2006846,-0.701843,0.677490,0.181274,-0.124634,84.5150,328.7538,0
0.4600,2006856,-0.702271,0.677124,0.181763,-0.123352,84.8184,329.1713,0
0.4700,2006866,-0.702759,0.676758,0.182190,-0.122131,85.1242,329.5822,0
0.4800,2006876,-0.703247,0.676392,0.182617,-0.120911,85.4199,329.9818,0
0.4900,2006886,-0.703674,0.676025,0.183105,-0.119751,85.7052,330.3728,0
0.5000,2006896,-0.704163,0.675598,0.183594,-0.118530,85.9868,330.7542,0
0.5100,2006906,-0.704590,0.675171,0.184082,-0.117432,86.2594,331.1272,0
0.5200,2006916,-0.704895,0.674866,0.184692,-0.116394,86.5139,331.4926,0
0.5300,2006926,-0.705200,0.674561,0.185303,-0.115356,86.7580,331.8490,0
0.5400,2006936,-0.705444,0.674255,0.185913,-0.114441,86.9937,332.2040,0
0.5500,2006946,-0.705688,0.674011,0.186584,-0.113586,87.2239,332.5565,0
0.5600,2006956,-0.705933,0.673706,0.187134,-0.112854,87.4524,332.9077,0
0.5700,2006966,-0.706177,0.673401,0.187744,-0.112244,87.6773,333.2559,0
0.5800,2006976,-0.706421,0.673096,0.188293,-0.111694,87.8979,333.6016,0
0.5900,2006986,-0.706604,0.672852,0.188843,-0.111206,88.1075,333.9392,0
0.6000,2006996,-0.706726,0.672607,0.189392,-0.110779,88.3118,334.2707,0
0.6100,2007006,-0.706848,0.672424,0.189941,-0.110352,88.5067,334.6003,0
0.6200,2007016,-0.706848,0.672302,0.190430,-0.109863,88.6814,334.9202,0
0.6300,2007026,-0.706787,0.672302,0.190918,-0.109314,88.8370,335.2319,0
0.6400,2007036,-0.706665,0.672424,0.191345,-0.108765,88.9778,335.5385,0
0.6500,2007046,-0.706543,0.672546,0.191772,-0.108276,89.1158,335.8382,0
0.6600,2007056,-0.706482,0.672546,0.192139,-0.107788,89.2650,336.1367,0
0.6700,2007066,-0.706421,0.672607,0.192505,-0.107300,89.4062,336.4294,0
0.6800,2007076,-0.706299,0.672668,0.192810,-0.106873,89.5400,336.7141,0
0.6900,2007086,-0.706238,0.672791,0.193176,-0.106445,89.6635,336.9925,0
0.7000,2007096,-0.706055,0.672913,0.193420,-0.106079,89.7804,337.2654,0
0.7100,2007106,-0.705933,0.673035,0.193604,-0.105652,89.8939,337.5343,0
0.7200,2007116,-0.705750,0.673218,0.193787,-0.105286,89.9995,337.8018,0
0.7300,2007126,-0.705444,0.673645,0.193909,-0.104553,90.1046,338.0685,0
0.7400,2007136,-0.705261,0.673889,0.193909,-0.104248,90.2039,338.3297,0
0.7500,2007146,-0.705078,0.674133,0.193848,-0.104004,90.2965,338.5904,0
0.7600,2007156,-0.704895,0.674438,0.193726,-0.103821,90.3820,338.8458,0
0.7700,2007166,-0.704712,0.674683,0.193604,-0.103760,90.4669,339.1003,0
0.7800,2007176,-0.704529,0.674866,0.193359,-0.103821,90.5544,339.3497,0
0.7900,2007186,-0.704407,0.675049,0.193115,-0.104126,90.6416,339.5949,0
0.8000,2007196,-0.704346,0.675171,0.192810,-0.104431,90.7292,339.8355,0
0.8100,2007206,-0.704224,0.675293,0.192505,-0.104858,90.8087,340.0680,0
0.8200,2007216,-0.704102,0.675415,0.192200,-0.105408,90.8815,340.2922,0
0.8300,2007226,-0.703979,0.675598,0.191772,-0.106018,90.9475,340.5073,0
0.8400,2007236,-0.703857,0.675720,0.191406,-0.106689,91.0071,340.7168,0
0.8500,2007246,-0.703674,0.675903,0.190918,-0.107361,91.0552,340.9132,0
0.8600,2007256,-0.703491,0.676147,0.190430,-0.108154,91.0916,341.0988,0
0.8700,2007266,-0.703308,0.676392,0.189880,-0.108948,91.1183,341.2730,0
0.8800,2007276,-0.703064,0.676636,0.189331,-0.109741,91.1332,341.4383,0
0.8900,2007286,-0.702820,0.676941,0.188721,-0.110596,91.1454,341.5894,0
0.9000,2007296,-0.702698,0.677124,0.188049,-0.111389,91.1539,341.7217,0
0.9100,2007306,-0.702637,0.677246,0.187378,-0.112244,91.1694,341.8399,0
0.9200,2007316,-0.702576,0.677307,0.186646,-0.112976,91.1838,341.9424,0
0.9300,2007326,-0.702576,0.677429,0.185913,-0.113708,91.1882,342.0314,0
0.9400,2007336,-0.702454,0.677612,0.185242,-0.114319,91.1810,342.1060,0
0.9500,2007346,-0.702271,0.677917,0.184570,-0.114868,91.1406,342.1797,0
0.9600,2007356,-0.701965,0.678345,0.183838,-0.115479,91.0853,342.2501,0
0.9700,2007366,-0.701599,0.678772,0.183044,-0.116028,91.0283,342.3159,0
0.9800,2007376,-0.701294,0.679260,0.182251,-0.116638,90.9768,342.3800,0
0.9900,2007386,-0.701050,0.679626,0.181396,-0.117432,90.9375,342.4370,0
1.0000,2007396,-0.700867,0.679810,0.180603,-0.118225,90.9117,342.4849,0
1.0100,2007406,-0.700806,0.679932,0.179749,-0.119141,90.8923,342.5200,0
1.0200,2007416,-0.700867,0.680054,0.178162,-0.120789,90.8675,342.5429,0
1.0300,2007426,-0.700867,0.680115,0.177429,-0.121582,90.8283,342.5490,0
1.0400,2007436,-0.700684,0.680298,0.176758,-0.122253,90.7717,342.5372,0
1.0500,2007446,-0.700562,0.680542,0.176208,-0.122803,90.7035,342.5091,0
1.0600,2007456,-0.700317,0.680786,0.175720,-0.123352,90.6230,342.4703,0
1.0700,2007466,-0.700073,0.681091,0.175293,-0.123840,90.5350,342.4195,0
1.0800,2007476,-0.699768,0.681396,0.174927,-0.124268,90.4401,342.3616,0
1.0900,2007486,-0.699402,0.681702,0.174622,-0.124756,90.3461,342.3011,0
1.1000,2007496,-0.699219,0.681946,0.174316,-0.125183,90.2643,342.2357,0
1.1100,2007506,-0.699097,0.682068,0.174011,-0.125671,90.1995,342.1662,0
1.1200,2007516,-0.698914,0.682190,0.173706,-0.126160,90.1425,342.0976,0
1.1300,2007526,-0.698792,0.682373,0.173340,-0.126587,90.0763,342.0335,0
1.1400,2007536,-0.698547,0.682617,0.172974,-0.127075,89.9942,341.9724,0
1.1500,2007546,-0.698303,0.682922,0.172546,-0.127441,89.9096,341.9052,0
1.1600,2007556,-0.698120,0.683105,0.172180,-0.127869,89.8410,341.8358,0
1.1700,2007566,-0.698059,0.683167,0.171875,-0.128296,89.7839,341.7602,0
1.1800,2007576,-0.697998,0.683228,0.171570,-0.128723,89.7331,341.6812,0
1.1900,2007586,-0.697998,0.683228,0.171326,-0.129089,89.6791,341.5945,0
1.2000,2007596,-0.697937,0.683228,0.171082,-0.129517,89.6291,341.5054,0
1.2100,2007606,-0.697937,0.683228,0.170959,-0.129883,89.5814,341.4141,0
1.2200,2007616,-0.697876,0.683228,0.170837,-0.130249,89.5323,341.3213,0
1.2300,2007626,-0.697754,0.683289,0.170715,-0.130615,89.4751,341.2289,0
1.2400,2007636,-0.697571,0.683472,0.170593,-0.130859,89.3920,341.1351,0
1.2500,2007646,-0.697388,0.683716,0.170471,-0.131042,89.3178,341.0417,0
1.2600,2007656,-0.697144,0.683899,0.170349,-0.131287,89.2609,340.9510,0
1.2700,2007666,-0.697083,0.683899,0.170288,-0.131592,89.2275,340.8618,0
1.2800,2007676,-0.697144,0.683838,0.170166,-0.131897,89.2064,340.7722,0
1.2900,2007686,-0.697205,0.683716,0.170105,-0.132202,89.1875,340.6828,0
1.3000,2007696,-0.697266,0.683594,0.170044,-0.132568,89.1576,340.5965,0
1.3100,2007706,-0.697205,0.683594,0.169922,-0.133057,89.1143,340.5151,0
1.3200,2007716,-0.697083,0.683716,0.169800,-0.133301,89.0587,340.4365,0
1.3300,2007726,-0.696960,0.683899,0.169617,-0.133484,89.0029,340.3641,0
1.3400,2007736,-0.696838,0.683960,0.169434,-0.133667,88.9475,340.2917,0
1.3500,2007746,-0.696777,0.684082,0.169189,-0.133789,88.8971,340.2216,0
1.3600,2007756,-0.696716,0.684204,0.168945,-0.133911,88.8521,340.1514,0
1.3700,2007766,-0.696777,0.684204,0.168701,-0.134033,88.8182,340.0805,0
1.3800,2007776,-0.696838,0.684082,0.168518,-0.134155,88.7962,340.0108,0
1.3900,2007786,-0.696960,0.683960,0.168335,-0.134338,88.7762,339.9390,0
1.4000,2007796,-0.697083,0.683838,0.168152,-0.134521,88.7555,339.8709,0
1.4100,2007806,-0.697205,0.683777,0.168030,-0.134705,88.7309,339.8073,0
1.4200,2007816,-0.697266,0.683716,0.167908,-0.134949,88.7016,339.7450,0
1.4300,2007826,-0.697205,0.683716,0.167786,-0.135132,88.6649,339.6839,0
1.4400,2007836,-0.697144,0.683777,0.167725,-0.135376,88.6186,339.6294,0
1.4500,2007846,-0.696960,0.683960,0.167603,-0.135620,88.5674,339.5798,0
1.4600,2007856,-0.696716,0.684143,0.167480,-0.135864,88.5133,339.5320,0
1.4700,2007866,-0.696533,0.684387,0.167297,-0.136047,88.4588,339.4895,0
1.4800,2007876,-0.696350,0.684570,0.167114,-0.136230,88.4045,339.4455,0
1.4900,2007886,-0.696228,0.684692,0.166870,-0.136353,88.3624,339.3981,0
1.5000,2007896,-0.696228,0.684753,0.166565,-0.136536,88.3359,339.3519,0
1.5100,2007906,-0.696350,0.684692,0.166321,-0.136658,88.3279,339.3044,0
1.5200,2007916,-0.696533,0.684570,0.166016,-0.136719,88.3299,339.2546,0
1.5300,2007926,-0.696716,0.684448,0.165710,-0.136780,88.3031,339.2032,0
1.5400,2007936,-0.696777,0.684448,0.165405,-0.136780,88.2533,339.1548,0
1.5500,2007946,-0.696716,0.684570,0.165100,-0.136719,88.1917,339.1066,0
1.5600,2007956,-0.696594,0.684814,0.164856,-0.136597,88.1259,339.0632,0
1.5700,2007966,-0.696411,0.685059,0.164551,-0.136536,88.0670,339.0239,0
1.5800,2007976,-0.696289,0.685242,0.164307,-0.136475,88.0150,338.9876,0
1.5900,2007986,-0.696228,0.685425,0.164001,-0.136475,87.9722,338.9531,0
1.6000,2007996,-0.696106,0.685547,0.163452,-0.136597,87.9367,338.9244,0
1.6100,2008006,-0.696167,0.685547,0.163269,-0.136841,87.9166,338.8965,0
1.6200,2008016,-0.696289,0.685425,0.163086,-0.137024,87.9045,338.8640,0
1.6300,2008026,-0.696411,0.685303,0.162903,-0.137207,87.8930,338.8301,0
1.6400,2008036,-0.696472,0.685242,0.162720,-0.137390,87.8749,338.7930,0
1.6500,2008046,-0.696533,0.685181,0.162598,-0.137573,87.8523,338.7560,0
1.6600,2008056,-0.696594,0.685120,0.162415,-0.137695,87.8272,338.7202,0
1.6700,2008066,-0.696594,0.685120,0.162231,-0.137817,87.8010,338.6843,0
1.6800,2008076,-0.696594,0.685181,0.162048,-0.137878,87.7682,338.6502,0
1.6900,2008086,-0.696594,0.685242,0.161865,-0.138000,87.7312,338.6195,0
1.7000,2008096,-0.696472,0.685303,0.161743,-0.138184,87.6863,338.5891,0
1.7100,2008106,-0.696350,0.685486,0.161621,-0.138306,87.6359,338.5620,0
1.7200,2008116,-0.696228,0.685608,0.161438,-0.138428,87.5887,338.5356,0
1.7300,2008126,-0.696167,0.685608,0.161316,-0.138611,87.5520,338.5050,0
1.7400,2008136,-0.696167,0.685608,0.161194,-0.138794,87.5296,338.4730,0
1.7500,2008146,-0.696228,0.685486,0.161133,-0.139038,87.5184,338.4371,0
1.7600,2008156,-0.696350,0.685425,0.161072,-0.139221,87.5058,338.3994,0
1.7700,2008166,-0.696350,0.685364,0.161011,-0.139282,87.4855,338.3582,0
1.7800,2008176,-0.696289,0.685425,0.160950,-0.139343,87.4562,338.3195,0
1.7900,2008186,-0.696228,0.685486,0.160889,-0.139404,87.4218,338.2799,0
1.8000,2008196,-0.696167,0.685608,0.160828,-0.139404,87.3807,338.2416,0
1.8100,2008206,-0.696045,0.685730,0.160767,-0.139404,87.3386,338.2047,0
1.8200,2008216,-0.695923,0.685913,0.160706,-0.139343,87.2927,338.1689,0
1.8300,2008226,-0.695740,0.686096,0.160583,-0.139343,87.2426,338.1392,0
1.8400,2008236,-0.695557,0.686279,0.160522,-0.139343,87.1991,338.1121,0
1.8500,2008246,-0.695435,0.686462,0.160461,-0.139404,87.1612,338.0858,0
1.8600,2008256,-0.695312,0.686584,0.160339,-0.139465,87.1329,338.0576,0
1.8700,2008266,-0.695251,0.686646,0.160278,-0.139526,87.1102,338.0333,0
1.8800,2008276,-0.695190,0.686707,0.160217,-0.139648,87.0898,338.0119,0
1.8900,2008286,-0.695068,0.686829,0.160034,-0.139893,87.0632,337.9921,0
1.9000,2008296,-0.694946,0.686951,0.159912,-0.140015,87.0272,337.9786,0
1.9100,2008306,-0.694702,0.687134,0.159790,-0.140137,86.9857,337.9651,0
1.9200,2008316,-0.694580,0.687317,0.159668,-0.140259,86.9504,337.9481,0
1.9300,2008326,-0.694519,0.687378,0.159485,-0.140381,86.9288,337.9307,0
1.9400,2008336,-0.694458,0.687439,0.159363,-0.140503,86.9123,337.9081,0
1.9500,2008346,-0.694397,0.687500,0.159302,-0.140564,86.8871,337.8824,0
1.9600,2008356,-0.694153,0.687744,0.159302,-0.140625,86.8406,337.8545,0
1.9700,2008366,-0.693848,0.688110,0.159241,-0.140564,86.7744,337.8250,0
1.9800,2008376,-0.693481,0.688477,0.159241,-0.140442,86.7044,337.7939,0
1.9900,2008386,-0.693176,0.688843,0.159180,-0.140442,86.6455,337.7669,0
2.0000,2008396,-0.692993,0.689026,0.159180,-0.140442,86.6115,337.7400,0
2.0100,2008406,-0.692993,0.689026,0.159119,-0.140503,86.6024,337.7174,0
2.0200,2008416,-0.692993,0.688965,0.159058,-0.140686,86.6068,337.6958,0
2.0300,2008426,-0.692932,0.688965,0.159058,-0.140869,86.6068,337.6788,0
2.0400,2008436,-0.692871,0.688965,0.159058,-0.141113,86.5953,337.6602,0
2.0500,2008446,-0.692749,0.689087,0.159058,-0.141296,86.5768,337.6394,0
2.0600,2008456,-0.692627,0.689209,0.159119,-0.141418,86.5538,337.6125,0
2.0700,2008466,-0.692444,0.689331,0.159180,-0.141541,86.5313,337.5820,0
2.0800,2008476,-0.692322,0.689392,0.159241,-0.141663,86.5110,337.5524,0
2.0900,2008486,-0.692261,0.689453,0.159302,-0.141724,86.5025,337.5219,0
2.1000,2008496,-0.692200,0.689514,0.159302,-0.141785,86.5008,337.4924,0
2.1100,2008506,-0.692139,0.689514,0.159363,-0.141785,86.5017,337.4649,0
2.1200,2008516,-0.692139,0.689514,0.159302,-0.141846,86.5072,337.4383,0
2.1300,2008526,-0.692200,0.689514,0.159241,-0.141846,86.5166,337.4141,0
2.1400,2008536,-0.692261,0.689453,0.159180,-0.141907,86.5274,337.3900,0
2.1500,2008546,-0.692322,0.689331,0.159180,-0.141968,86.5340,337.3658,0
2.1600,2008556,-0.692383,0.689270,0.159119,-0.141968,86.5367,337.3417,0
2.1700,2008566,-0.692444,0.689270,0.159119,-0.142029,86.5334,337.3153,0
2.1800,2008576,-0.692383,0.689270,0.159180,-0.141968,86.5237,337.2896,0
2.1900,2008586,-0.692383,0.689331,0.159180,-0.141968,86.5103,337.2651,0
2.2000,2008596,-0.692322,0.689331,0.159180,-0.141968,86.4976,337.2448,0
2.2100,2008606,-0.692261,0.689331,0.159180,-0.142090,86.4909,337.2272,0
2.2200,2008616,-0.692322,0.689270,0.159241,-0.142273,86.4976,337.2135,0
2.2300,2008626,-0.692383,0.689148,0.159241,-0.142517,86.5104,337.2008,0
2.2400,2008636,-0.692444,0.689087,0.159241,-0.142761,86.5207,337.1924,0
2.2500,2008646,-0.692444,0.689026,0.159241,-0.142944,86.5204,337.1830,0
2.2600,2008656,-0.692322,0.689087,0.159241,-0.143127,86.5094,337.1700,0
2.2700,2008666,-0.692261,0.689148,0.159241,-0.143250,86.4966,337.1497,0
2.2800,2008676,-0.692200,0.689209,0.159363,-0.143250,86.4927,337.1239,0
2.2900,2008686,-0.692200,0.689148,0.159363,-0.143250,86.4968,337.0922,0
2.3000,2008696,-0.692261,0.689087,0.159424,-0.143188,86.5042,337.0568,0
2.3100,2008706,-0.692322,0.689087,0.159424,-0.143066,86.5065,337.0228,0
2.3200,2008716,-0.692322,0.689148,0.159424,-0.142883,86.4998,336.9892,0
2.3300,2008726,-0.692261,0.689209,0.159424,-0.142639,86.4876,336.9611,0
2.3400,2008736,-0.692261,0.689270,0.159424,-0.142517,86.4748,336.9409,0
2.3500,2008746,-0.692261,0.689270,0.159302,-0.142456,86.4704,336.9313,0
2.3600,2008756,-0.692322,0.689270,0.159180,-0.142395,86.4738,336.9280,0
2.3700,2008766,-0.692444,0.689148,0.158997,-0.142517,86.4865,336.9320,0
2.3800,2008776,-0.692505,0.689087,0.158875,-0.142639,86.4980,336.9406,0
2.3900,2008786,-0.692566,0.689026,0.158691,-0.142761,86.4933,336.9462,0
2.4000,2008796,-0.692505,0.689087,0.158630,-0.142944,86.4729,336.9515,0
2.4100,2008806,-0.692444,0.689148,0.158569,-0.143188,86.4587,336.9498,0
2.4200,2008816,-0.692383,0.689148,0.158630,-0.143433,86.4523,336.9422,0
2.4300,2008826,-0.692322,0.689087,0.158691,-0.143677,86.4509,336.9325,0
2.4400,2008836,-0.692383,0.688965,0.158752,-0.143982,86.4502,336.9161,0
2.4500,2008846,-0.692383,0.688904,0.158875,-0.144165,86.4436,336.8981,0
2.4600,2008856,-0.692322,0.688904,0.158997,-0.144348,86.4278,336.8785,0
2.4700,2008866,-0.692139,0.688965,0.159119,-0.144531,86.4069,336.8599,0
2.4800,2008876,-0.692139,0.689026,0.159119,-0.144592,86.3912,336.8439,0
2.4900,2008886,-0.692139,0.689026,0.159058,-0.144653,86.3887,336.8294,0
2.5000,2008896,-0.692200,0.688904,0.158997,-0.144714,86.3951,336.8156,0
2.5100,2008906,-0.692322,0.688843,0.158936,-0.144775,86.4006,336.7975,0
2.5200,2008916,-0.692322,0.688782,0.158875,-0.144836,86.3952,336.7816,0
2.5300,2008926,-0.692322,0.688843,0.158752,-0.144836,86.3763,336.7658,0
2.5400,2008936,-0.692261,0.688904,0.158752,-0.144897,86.3537,336.7509,0
2.5500,2008946,-0.692261,0.688904,0.158691,-0.144958,86.3375,336.7361,0
2.5600,2008956,-0.692261,0.688904,0.158630,-0.144958,86.3304,336.7220,0
2.5700,2008966,-0.692322,0.688843,0.158630,-0.145081,86.3314,336.7081,0
2.5800,2008976,-0.692383,0.688721,0.158691,-0.145264,86.3328,336.6929,0
2.5900,2008986,-0.692383,0.688660,0.158691,-0.145447,86.3318,336.6808,0
2.6000,2008996,-0.692383,0.688599,0.158691,-0.145630,86.3260,336.6704,0
2.6100,2009006,-0.692322,0.688660,0.158691,-0.145813,86.3158,336.6629,0
2.6200,2009016,-0.692261,0.688660,0.158691,-0.145996,86.3085,336.6556,0
2.6300,2009026,-0.692261,0.688660,0.158630,-0.146179,86.3038,336.6516,0
2.6400,2009036,-0.692261,0.688660,0.158569,-0.146362,86.3040,336.6412,0
2.6500,2009046,-0.692261,0.688599,0.158447,-0.146423,86.2999,336.6312,0
2.6600,2009056,-0.692261,0.688660,0.158325,-0.146484,86.2907,336.6171,0
2.6700,2009066,-0.692261,0.688721,0.158203,-0.146423,86.2760,336.6013,0
2.6800,2009076,-0.692200,0.688782,0.158081,-0.146362,86.2633,336.5799,0
2.6900,2009086,-0.692261,0.688782,0.158020,-0.146240,86.2511,336.5476,0
2.7000,2009096,-0.692261,0.688843,0.157959,-0.146057,86.2374,336.5148,0
2.7100,2009106,-0.692322,0.688843,0.157959,-0.145874,86.2196,336.4794,0
2.7200,2009116,-0.692322,0.688843,0.157959,-0.145691,86.1973,336.4460,0
2.7300,2009126,-0.692261,0.688904,0.158081,-0.145447,86.1763,336.4154,0
2.7400,2009136,-0.692200,0.688965,0.158203,-0.145325,86.1576,336.3870,0
2.7500,2009146,-0.692139,0.689026,0.158386,-0.145203,86.1451,336.3629,0
2.7600,2009156,-0.692078,0.688965,0.158813,-0.145203,86.1423,336.3436,0
2.7700,2009166,-0.692078,0.688904,0.158997,-0.145325,86.1438,336.3294,0
2.7800,2009176,-0.692078,0.688843,0.159180,-0.145508,86.1494,336.3213,0
2.7900,2009186,-0.692017,0.688843,0.159302,-0.145569,86.1506,336.3140,0
2.8000,2009196,-0.691956,0.688904,0.159363,-0.145691,86.1511,336.3130,0
2.8100,2009206,-0.691956,0.688843,0.159424,-0.145752,86.1569,336.3139,0
2.8200,2009216,-0.692017,0.688843,0.159363,-0.145813,86.1707,336.3165,0
2.8300,2009226,-0.692078,0.688721,0.159302,-0.145874,86.1885,336.3195,0
2.8400,2009236,-0.692261,0.688599,0.159180,-0.145874,86.2107,336.3171,0
2.8500,2009246,-0.692383,0.688477,0.159119,-0.145874,86.2229,336.3100,0
2.8600,2009256,-0.692383,0.688477,0.159119,-0.145752,86.2209,336.2974,0
2.8700,2009266,-0.692383,0.688538,0.159180,-0.145569,86.2055,336.2782,0
2.8800,2009276,-0.692322,0.688599,0.159241,-0.145447,86.1907,336.2608,0
2.8900,2009286,-0.692322,0.688599,0.159363,-0.145325,86.1857,336.2430,0
2.9000,2009296,-0.692444,0.688538,0.159424,-0.145264,86.1953,336.2267,0
2.9100,2009306,-0.692505,0.688416,0.159546,-0.145142,86.2050,336.2162,0
2.9200,2009316,-0.692566,0.688354,0.159607,-0.145142,86.2124,336.2109,0
2.9300,2009326,-0.692505,0.688354,0.159729,-0.145203,86.2124,336.2057,0
2.9400,2009336,-0.692505,0.688293,0.159851,-0.145264,86.2064,336.2038,0
2.9500,2009346,-0.692505,0.688293,0.159973,-0.145386,86.2013,336.2043,0
2.9600,2009356,-0.692444,0.688293,0.160095,-0.145508,86.2024,336.2065,0
2.9700,2009366,-0.692444,0.688171,0.160217,-0.145630,86.2141,336.2085,0
2.9800,2009376,-0.692566,0.688049,0.160278,-0.145752,86.2377,336.2080,0
2.9900,2009386,-0.692627,0.687927,0.160400,-0.145935,86.2566,336.2058,0
3.0000,2009396,-0.692688,0.687805,0.160522,-0.145996,86.2686,336.2000,0
3.0100,2009406,-0.692688,0.687744,0.160583,-0.146057,86.2752,336.1988,0
3.0200,2009416,-0.692688,0.687805,0.160583,-0.146057,86.2767,336.1965,0
3.0300,2009426,-0.692688,0.687805,0.160583,-0.145996,86.2758,336.1960,0
3.0400,2009436,-0.692627,0.687866,0.160522,-0.145874,86.2750,336.1985,0
3.0500,2009446,-0.692627,0.687988,0.160400,-0.145691,86.2766,336.2016,0
3.0600,2009456,-0.692627,0.688049,0.160278,-0.145630,86.2775,336.2086,0
3.0700,2009466,-0.692688,0.687988,0.160156,-0.145630,86.2836,336.2176,0
3.0800,2009476,-0.692749,0.687988,0.160034,-0.145691,86.2907,336.2262,0
3.0900,2009486,-0.692749,0.687988,0.159912,-0.145691,86.2927,336.2320,0
3.1000,2009496,-0.692749,0.687988,0.159912,-0.145691,86.2827,336.2333,0
3.1100,2009506,-0.692627,0.688110,0.159973,-0.145691,86.2607,336.2298,0
3.1200,2009516,-0.692505,0.688171,0.159973,-0.145630,86.2398,336.2265,0
3.1300,2009526,-0.692444,0.688232,0.160034,-0.145691,86.2313,336.2228,0
3.1400,2009536,-0.692505,0.688171,0.160156,-0.145813,86.2356,336.2198,0
3.1500,2009546,-0.692566,0.688049,0.160217,-0.145935,86.2474,336.2194,0
3.1600,2009556,-0.692566,0.687988,0.160278,-0.145996,86.2569,336.2231,0
3.1700,2009566,-0.692566,0.687927,0.160278,-0.146118,86.2629,336.2266,0
3.1800,2009576,-0.692566,0.687927,0.160278,-0.146240,86.2657,336.2316,0
3.1900,2009586,-0.692566,0.687988,0.160217,-0.146240,86.2646,336.2351,0
3.2000,2009596,-0.692505,0.688049,0.160217,-0.146301,86.2600,336.2368,0
3.2100,2009606,-0.692444,0.688049,0.160217,-0.146240,86.2497,336.2347,0
3.2200,2009616,-0.692383,0.688171,0.160156,-0.146118,86.2346,336.2330,0
3.2300,2009626,-0.692383,0.688293,0.160034,-0.145996,86.2202,336.2295,0
3.2400,2009636,-0.692383,0.688293,0.159912,-0.145874,86.2107,336.2238,0
3.2500,2009646,-0.692383,0.688354,0.159790,-0.145752,86.2016,336.2185,0
3.2600,2009656,-0.692444,0.688354,0.159729,-0.145691,86.1954,336.2133,0
3.2700,2009666,-0.692444,0.688354,0.159729,-0.145691,86.1949,336.2174,0
3.2800,2009676,-0.692444,0.688354,0.159729,-0.145691,86.2021,336.2295,0
3.2900,2009686,-0.692444,0.688293,0.159607,-0.145752,86.2089,336.2411,0
3.3000,2009696,-0.692505,0.688232,0.159546,-0.145874,86.2178,336.2495,0
3.3100,2009706,-0.692566,0.688171,0.159485,-0.146057,86.2155,336.2540,0
3.3200,2009716,-0.692505,0.688171,0.159546,-0.146179,86.2102,336.2582,0
3.3300,2009726,-0.692505,0.688171,0.159546,-0.146362,86.2040,336.2574,0
3.3400,2009736,-0.692505,0.688171,0.159485,-0.146545,86.2029,336.2547,0
3.3500,2009746,-0.692566,0.688110,0.159424,-0.146606,86.2072,336.2523,0
3.3600,2009756,-0.692627,0.687988,0.159424,-0.146606,86.2136,336.2463,0
3.3700,2009766,-0.692688,0.687988,0.159363,-0.146545,86.2137,336.2383,0
3.3800,2009776,-0.692688,0.687988,0.159302,-0.146484,86.2056,336.2248,0
3.3900,2009786,-0.692749,0.687988,0.159241,-0.146423,86.1943,336.2169,0
3.4000,2009796,-0.692688,0.688049,0.159180,-0.146362,86.1812,336.2111,0
3.4100,2009806,-0.692688,0.688049,0.159119,-0.146301,86.1729,336.2068,0
3.4200,2009816,-0.692749,0.687988,0.159119,-0.146301,86.1751,336.2051,0
3.4300,2009826,-0.692810,0.687927,0.159119,-0.146362,86.1813,336.2040,0
3.4400,2009836,-0.692871,0.687866,0.159119,-0.146423,86.1866,336.2025,0
3.4500,2009846,-0.692871,0.687866,0.159180,-0.146423,86.1858,336.2003,0
3.4600,2009856,-0.692871,0.687805,0.159241,-0.146484,86.1808,336.1970,0
3.4700,2009866,-0.692871,0.687805,0.159302,-0.146545,86.1731,336.1927,0
3.4800,2009876,-0.692810,0.687805,0.159363,-0.146606,86.1670,336.1891,0
3.4900,2009886,-0.692810,0.687805,0.159424,-0.146667,86.1635,336.1840,0
3.5000,2009896,-0.692871,0.687744,0.159424,-0.146729,86.1692,336.1755,0
3.5100,2009906,-0.692993,0.687622,0.159485,-0.146729,86.1793,336.1633,0
3.5200,2009916,-0.693115,0.687500,0.159546,-0.146729,86.1942,336.1500,0
3.5300,2009926,-0.693237,0.687378,0.159546,-0.146667,86.2068,336.1368,0
3.5400,2009936,-0.693237,0.687378,0.159485,-0.146545,86.2045,336.1291,0
3.5500,2009946,-0.693176,0.687500,0.159424,-0.146423,86.1857,336.1253,0
3.5600,2009956,-0.693054,0.687622,0.159363,-0.146240,86.1660,336.1236,0
3.5700,2009966,-0.692993,0.687744,0.159302,-0.146179,86.1634,336.1195,0
3.5800,2009976,-0.692993,0.687744,0.159302,-0.146179,86.1787,336.1162,0
3.5900,2009986,-0.693115,0.687683,0.159302,-0.146179,86.1997,336.1143,0
3.6000,2009996,-0.693237,0.687500,0.159302,-0.146301,86.2138,336.1125,0
3.6100,2010006,-0.693359,0.687378,0.159302,-0.146301,86.2106,336.1101,0
3.6200,2010016,-0.693359,0.687378,0.159302,-0.146301,86.1891,336.1085,0
3.6300,2010026,-0.693054,0.687622,0.159363,-0.146240,86.1621,336.1057,0
3.6400,2010036,-0.692993,0.687744,0.159363,-0.146240,86.1472,336.1061,0
3.6500,2010046,-0.692993,0.687683,0.159424,-0.146301,86.1496,336.1112,0
3.6600,2010056,-0.693054,0.687561,0.159424,-0.146484,86.1655,336.1208,0
3.6700,2010066,-0.693176,0.687439,0.159424,-0.146667,86.1841,336.1292,0
3.6800,2010076,-0.693237,0.687317,0.159424,-0.146851,86.1928,336.1377,0
3.6900,2010086,-0.693176,0.687317,0.159485,-0.147034,86.1881,336.1415,0
3.7000,2010096,-0.693115,0.687378,0.159546,-0.147156,86.1747,336.1422,0
3.7100,2010106,-0.693054,0.687378,0.159668,-0.147278,86.1596,336.1404,0
3.7200,2010116,-0.692932,0.687439,0.159790,-0.147400,86.1452,336.1320,0
3.7300,2010126,-0.692871,0.687439,0.159912,-0.147461,86.1328,336.1241,0
3.7400,2010136,-0.692810,0.687500,0.159973,-0.147522,86.1233,336.1147,0
3.7500,2010146,-0.692810,0.687500,0.159973,-0.147522,86.1179,336.1041,0
3.7600,2010156,-0.692810,0.687500,0.159973,-0.147522,86.1157,336.0934,0
3.7700,2010166,-0.692810,0.687500,0.159973,-0.147522,86.1154,336.0820,0
3.7800,2010176,-0.692871,0.687500,0.159912,-0.147461,86.1146,336.0712,0
3.7900,2010186,-0.692871,0.687500,0.159851,-0.147400,86.1126,336.0634,0
3.8000,2010196,-0.692871,0.687561,0.159729,-0.147278,86.1124,336.0602,0
3.8100,2010206,-0.692993,0.687500,0.159607,-0.147156,86.1189,336.0589,0
3.8200,2010216,-0.693115,0.687439,0.159485,-0.147095,86.1339,336.0560,0
3.8300,2010226,-0.693237,0.687317,0.159363,-0.147034,86.1505,336.0502,0
3.8400,2010236,-0.693359,0.687195,0.159363,-0.146973,86.1597,336.0417,0
3.8500,2010246,-0.693359,0.687195,0.159363,-0.146973,86.1561,336.0349,0
3.8600,2010256,-0.693359,0.687195,0.159363,-0.147034,86.1579,336.0308,0
3.8700,2010266,-0.693359,0.687134,0.159424,-0.147095,86.1668,336.0269,0
3.8800,2010276,-0.693420,0.687073,0.159424,-0.147156,86.1788,336.0261,0
3.8900,2010286,-0.693542,0.686951,0.159485,-0.147217,86.1878,336.0296,0
3.9000,2010296,-0.693604,0.686890,0.159485,-0.147217,86.1917,336.0358,0
3.9100,2010306,-0.693665,0.686829,0.159424,-0.147278,86.1941,336.0411,0
3.9200,2010316,-0.693726,0.686768,0.159302,-0.147400,86.1923,336.0450,0
3.9300,2010326,-0.693726,0.686768,0.159302,-0.147400,86.1834,336.0416,0
3.9400,2010336,-0.693665,0.686829,0.159363,-0.147339,86.1679,336.0330,0
3.9500,2010346,-0.693604,0.686890,0.159424,-0.147278,86.1489,336.0230,0
3.9600,2010356,-0.693542,0.686951,0.159485,-0.147217,86.1363,336.0111,0
3.9700,2010366,-0.693604,0.686890,0.159485,-0.147095,86.1385,336.0017,0
3.9800,2010376,-0.693726,0.686768,0.159424,-0.147095,86.1532,335.9974,0
3.9900,2010386,-0.693909,0.686646,0.159302,-0.147034,86.1706,335.9995,0
4.0000,2010396,-0.694031,0.686584,0.159241,-0.146973,86.1824,336.0027,0
4.0100,2010406,-0.694092,0.686523,0.159180,-0.146912,86.1859,336.0068,0
4.0200,2010416,-0.694092,0.686523,0.159119,-0.146912,86.1803,336.0096,0
4.0300,2010426,-0.694092,0.686523,0.159119,-0.146912,86.1691,336.0081,0
4.0400,2010436,-0.694031,0.686584,0.159180,-0.146851,86.1549,336.0008,0
4.0500,2010446,-0.693970,0.686646,0.159363,-0.146790,86.1360,335.9926,0
4.0600,2010456,-0.693848,0.686707,0.159485,-0.146790,86.1206,335.9860,0
4.0700,2010466,-0.693787,0.686768,0.159607,-0.146851,86.1107,335.9857,0
4.0800,2010476,-0.693787,0.686707,0.159668,-0.146912,86.1079,335.9878,0
4.0900,2010486,-0.693787,0.686707,0.159729,-0.146973,86.1117,335.9933,0
4.1000,2010496,-0.693787,0.686646,0.159729,-0.147034,86.1213,335.9991,0
4.1100,2010506,-0.693848,0.686584,0.159790,-0.147095,86.1328,336.0003,0
4.1200,2010516,-0.693909,0.686523,0.159790,-0.147156,86.1431,335.9973,0
4.1300,2010526,-0.693970,0.686401,0.159851,-0.147156,86.1516,335.9941,0
4.1400,2010536,-0.693970,0.686401,0.159912,-0.147095,86.1479,335.9868,0
4.1500,2010546,-0.694031,0.686401,0.159973,-0.147034,86.1450,335.9799,0
4.1600,2010556,-0.694031,0.686401,0.160034,-0.146973,86.1440,335.9763,0
4.1700,2010566,-0.694031,0.686340,0.160095,-0.146912,86.1442,335.9747,0
4.1800,2010576,-0.694031,0.686340,0.160156,-0.146851,86.1439,335.9773,0
4.1900,2010586,-0.694031,0.686340,0.160156,-0.146851,86.1447,335.9821,0
4.2000,2010596,-0.694031,0.686340,0.160156,-0.146851,86.1485,335.9868,0
4.2100,2010606,-0.694092,0.686279,0.160156,-0.146912,86.1562,335.9882,0
4.2200,2010616,-0.694092,0.686218,0.160217,-0.146973,86.1624,335.9907,0
4.2300,2010626,-0.694092,0.686218,0.160278,-0.147034,86.1658,335.9955,0
4.2400,2010636,-0.694092,0.686218,0.160339,-0.147095,86.1686,336.0036,0
4.2500,2010646,-0.694153,0.686157,0.160217,-0.147156,86.1741,336.0129,0
4.2600,2010656,-0.694214,0.686096,0.160156,-0.147278,86.1895,336.0218,0
4.2700,2010666,-0.694336,0.685974,0.160095,-0.147339,86.2088,336.0266,0
4.2800,2010676,-0.694458,0.685852,0.160095,-0.147339,86.2224,336.0277,0
4.2900,2010686,-0.694519,0.685791,0.160034,-0.147339,86.2276,336.0233,0
4.3000,2010696,-0.694519,0.685791,0.160034,-0.147339,86.2231,336.0174,0
4.3100,2010706,-0.694580,0.685791,0.159973,-0.147278,86.2135,336.0136,0
4.3200,2010716,-0.694580,0.685791,0.159912,-0.147217,86.2061,336.0100,0
4.3300,2010726,-0.694580,0.685791,0.159912,-0.147217,86.2020,336.0083,0
4.3400,2010736,-0.694580,0.685791,0.159912,-0.147217,86.2035,336.0067,0
4.3500,2010746,-0.694641,0.685730,0.159912,-0.147278,86.2103,336.0081,0
4.3600,2010756,-0.694702,0.685669,0.159912,-0.147278,86.2143,336.0119,0
4.3700,2010766,-0.694641,0.685669,0.159851,-0.147339,86.2140,336.0184,0
4.3800,2010776,-0.694641,0.685730,0.159790,-0.147339,86.2125,336.0258,0
4.3900,2010786,-0.694641,0.685730,0.159729,-0.147400,86.2123,336.0322,0
4.4000,2010796,-0.694641,0.685730,0.159729,-0.147400,86.2103,336.0335,0
4.4100,2010806,-0.694641,0.685730,0.159729,-0.147400,86.2066,336.0319,0
4.4200,2010816,-0.694641,0.685791,0.159729,-0.147339,86.1960,336.0303,0
4.4300,2010826,-0.694519,0.685791,0.159790,-0.147400,86.1830,336.0329,0
4.4400,2010836,-0.694458,0.685852,0.159851,-0.147400,86.1735,336.0390,0
4.4500,2010846,-0.694397,0.685913,0.159851,-0.147522,86.1674,336.0475,0
4.4600,2010856,-0.694397,0.685913,0.159851,-0.147705,86.1687,336.0610,0
4.4700,2010866,-0.694397,0.685852,0.159851,-0.147888,86.1788,336.0719,0
4.4800,2010876,-0.694397,0.685791,0.159790,-0.148132,86.1853,336.0799,0
4.4900,2010886,-0.694458,0.685669,0.159790,-0.148376,86.1814,336.0807,0
4.5000,2010896,-0.694397,0.685669,0.159790,-0.148682,86.1682,336.0774,0
4.5100,2010906,-0.694336,0.685730,0.159851,-0.148743,86.1538,336.0677,0
4.5200,2010916,-0.694336,0.685730,0.159851,-0.148743,86.1438,336.0556,0
4.5300,2010926,-0.694336,0.685730,0.159851,-0.148743,86.1354,336.0410,0
4.5400,2010936,-0.694336,0.685730,0.159851,-0.148682,86.1274,336.0237,0
4.5500,2010946,-0.694336,0.685730,0.159851,-0.148682,86.1169,336.0084,0
4.5600,2010956,-0.694336,0.685730,0.159851,-0.148682,86.1057,335.9938,0
4.5700,2010966,-0.694397,0.685730,0.159790,-0.148621,86.0986,335.9812,0
4.5800,2010976,-0.694397,0.685730,0.159790,-0.148621,86.0967,335.9733,0
4.5900,2010986,-0.694397,0.685669,0.159790,-0.148621,86.0996,335.9700,0
4.6000,2010996,-0.694519,0.685608,0.159790,-0.148621,86.1065,335.9675,0
4.6100,2011006,-0.694580,0.685486,0.159729,-0.148743,86.1184,335.9669,0
4.6200,2011016,-0.694702,0.685425,0.159668,-0.148743,86.1279,335.9633,0
4.6300,2011026,-0.694763,0.685364,0.159668,-0.148743,86.1298,335.9558,0
4.6400,2011036,-0.694763,0.685364,0.159668,-0.148743,86.1186,335.9445,0
4.6500,2011046,-0.694641,0.685425,0.159729,-0.148682,86.1008,335.9319,0
4.6600,2011056,-0.694641,0.685486,0.159790,-0.148682,86.0886,335.9200,0
4.6700,2011066,-0.694702,0.685425,0.159790,-0.148621,86.0901,335.9087,0
4.6800,2011076,-0.694763,0.685364,0.159790,-0.148621,86.0981,335.9009,0
4.6900,2011086,-0.694824,0.685303,0.159790,-0.148682,86.1044,335.8971,0
4.7000,2011096,-0.694824,0.685303,0.159790,-0.148682,86.0998,335.8964,0
4.7100,2011106,-0.694763,0.685364,0.159668,-0.148621,86.0835,335.8987,0
4.7200,2011116,-0.694702,0.685486,0.159607,-0.148621,86.0770,335.9009,0
4.7300,2011126,-0.694702,0.685486,0.159546,-0.148621,86.0797,335.8989,0
4.7400,2011136,-0.694763,0.685425,0.159485,-0.148560,86.0810,335.8951,0
4.7500,2011146,-0.694763,0.685486,0.159424,-0.148499,86.0776,335.8911,0
4.7600,2011156,-0.694763,0.685486,0.159363,-0.148437,86.0678,335.8850,0
4.7700,2011166,-0.694702,0.685486,0.159363,-0.148437,86.0561,335.8774,0
4.7800,2011176,-0.694702,0.685547,0.159424,-0.148376,86.0497,335.8672,0
4.7900,2011186,-0.694702,0.685547,0.159485,-0.148254,86.0466,335.8599,0
4.8000,2011196,-0.694702,0.685547,0.159546,-0.148315,86.0413,335.8559,0
4.8100,2011206,-0.694641,0.685547,0.159607,-0.148376,86.0309,335.8562,0
4.8200,2011216,-0.694580,0.685608,0.159729,-0.148437,86.0211,335.8601,0
4.8300,2011226,-0.694519,0.685608,0.159729,-0.148560,86.0188,335.8649,0
4.8400,2011236,-0.694580,0.685486,0.159790,-0.148743,86.0298,335.8712,0
4.8500,2011246,-0.694641,0.685425,0.159790,-0.148926,86.0449,335.8764,0
4.8600,2011256,-0.694702,0.685303,0.159790,-0.149048,86.0545,335.8778,0
4.8700,2011266,-0.694702,0.685303,0.159729,-0.149048,86.0506,335.8773,0
4.8800,2011276,-0.694641,0.685425,0.159729,-0.149048,86.0368,335.8745,0
4.8900,2011286,-0.694519,0.685486,0.159790,-0.149048,86.0225,335.8695,0
4.9000,2011296,-0.694519,0.685486,0.159790,-0.149048,86.0196,335.8618,0
4.9100,2011306,-0.694641,0.685425,0.159729,-0.149048,86.0323,335.8526,0
4.9200,2011316,-0.694763,0.685242,0.159668,-0.149048,86.0526,335.8445,0
4.9300,2011326,-0.694885,0.685120,0.159668,-0.149048,86.0690,335.8368,0
4.9400,2011336,-0.694946,0.685059,0.159668,-0.149109,86.0786,335.8319,0
4.9500,2011346,-0.695007,0.684998,0.159668,-0.149109,86.0806,335.8278,0
4.9600,2011356,-0.695007,0.684998,0.159668,-0.149109,86.0789,335.8228,0
4.9700,2011366,-0.695007,0.684998,0.159668,-0.149109,86.0762,335.8197,0
4.9800,2011376,-0.695007,0.684998,0.159668,-0.149109,86.0730,335.8174,0
4.9900,2011386,-0.695007,0.684998,0.159668,-0.149109,86.0699,335.8164,0
5.0000,2011396,-0.695007,0.684998,0.159668,-0.149109,86.0658,335.8202,0
5.0100,2011406,-0.695007,0.685059,0.159607,-0.149170,86.0636,335.8244,0
5.0200,2011416,-0.695007,0.685059,0.159546,-0.149170,86.0662,335.8302,0
5.0300,2011426,-0.695007,0.684998,0.159485,-0.149292,86.0692,335.8338,0
5.0400,2011436,-0.695068,0.684937,0.159424,-0.149353,86.0668,335.8366,0
5.0500,2011446,-0.695068,0.684998,0.159363,-0.149414,86.0568,335.8392,0
5.0600,2011456,-0.695007,0.684998,0.159302,-0.149536,86.0449,335.8387,0
5.0700,2011466,-0.695007,0.684998,0.159302,-0.149536,86.0348,335.8365,0
5.0800,2011476,-0.694946,0.684998,0.159363,-0.149658,86.0263,335.8320,0
5.0900,2011486,-0.694885,0.685059,0.159424,-0.149658,86.0154,335.8248,0
5.1000,2011496,-0.694824,0.685120,0.159485,-0.149658,85.9990,335.8142,0
5.1100,2011506,-0.694702,0.685181,0.159546,-0.149719,85.9793,335.8048,0
5.1200,2011516,-0.694641,0.685303,0.159546,-0.149719,85.9624,335.7993,0
5.1300,2011526,-0.694641,0.685303,0.159485,-0.149719,85.9574,335.7990,0
5.1400,2011536,-0.694702,0.685242,0.159424,-0.149841,85.9687,335.8027,0
5.1500,2011546,-0.694824,0.685120,0.159302,-0.149963,85.9836,335.8057,0
5.1600,2011556,-0.694824,0.685059,0.159241,-0.150024,85.9889,335.8056,0
5.1700,2011566,-0.694824,0.685059,0.159241,-0.150024,85.9844,335.8019,0
5.1800,2011576,-0.694824,0.685059,0.159241,-0.150024,85.9753,335.7966,0
5.1900,2011586,-0.694824,0.685059,0.159241,-0.150024,85.9715,335.7916,0
5.2000,2011596,-0.694946,0.684998,0.159241,-0.150024,85.9780,335.7856,0
5.2100,2011606,-0.695007,0.684937,0.159241,-0.150024,85.9859,335.7806,0
5.2200,2011616,-0.695007,0.684937,0.159241,-0.150024,85.9827,335.7758,0
5.2300,2011626,-0.694885,0.684998,0.159241,-0.150024,85.9613,335.7712,0
5.2400,2011636,-0.694763,0.685181,0.159241,-0.150024,85.9320,335.7637,0
5.2500,2011646,-0.694641,0.685242,0.159363,-0.150024,85.9138,335.7536,0
5.2600,2011656,-0.694641,0.685181,0.159424,-0.150085,85.9178,335.7429,0
5.2700,2011666,-0.694763,0.684998,0.159485,-0.150269,85.9406,335.7321,0
5.2800,2011676,-0.694946,0.684814,0.159546,-0.150391,85.9652,335.7183,0
5.2900,2011686,-0.694946,0.684814,0.159668,-0.150391,85.9761,335.7045,0
5.3000,2011696,-0.694824,0.684875,0.159729,-0.150391,85.9532,335.6945,0
5.3100,2011706,-0.694580,0.685120,0.159851,-0.150330,85.9291,335.6861,0
5.3200,2011716,-0.694397,0.685364,0.159851,-0.150208,85.9199,335.6805,0
5.3300,2011726,-0.694275,0.685486,0.159851,-0.150024,85.9272,335.6746,0
5.3400,2011736,-0.694275,0.685547,0.159790,-0.149963,85.9453,335.6709,0
5.3500,2011746,-0.694336,0.685486,0.159729,-0.149841,85.9616,335.6669,0
5.3600,2011756,-0.694458,0.685425,0.159668,-0.149780,85.9651,335.6630,0
5.3700,2011766,-0.694458,0.685547,0.159485,-0.149597,85.9590,335.6605,0
5.3800,2011776,-0.694397,0.685608,0.159424,-0.149536,85.9520,335.6642,0
5.3900,2011786,-0.694397,0.685608,0.159424,-0.149536,85.9483,335.6707,0
5.4000,2011796,-0.694397,0.685608,0.159424,-0.149536,85.9495,335.6757,0
5.4100,2011806,-0.694397,0.685547,0.159485,-0.149597,85.9519,335.6779,0
5.4200,2011816,-0.694336,0.685547,0.159607,-0.149719,85.9518,335.6806,0
5.4300,2011826,-0.694336,0.685547,0.159668,-0.149780,85.9481,335.6796,0
5.4400,2011836,-0.694275,0.685547,0.159790,-0.149841,85.9446,335.6775,0
5.4500,2011846,-0.694275,0.685547,0.159851,-0.149902,85.9430,335.6719,0
5.4600,2011856,-0.694214,0.685608,0.159912,-0.149963,85.9434,335.6611,0
5.4700,2011866,-0.694153,0.685608,0.159973,-0.150024,85.9478,335.6514,0
5.4800,2011876,-0.694153,0.685608,0.159973,-0.149963,85.9538,335.6428,0
5.4900,2011886,-0.694153,0.685608,0.159973,-0.149963,85.9625,335.6376,0
5.5000,2011896,-0.694153,0.685608,0.160034,-0.149963,85.9714,335.6338,0
5.5100,2011906,-0.694092,0.685669,0.160034,-0.149963,85.9726,335.6308,0
5.5200,2011916,-0.693970,0.685791,0.160095,-0.149902,85.9626,335.6316,0
5.5300,2011926,-0.693848,0.685913,0.160095,-0.149841,85.9447,335.6317,0
5.5400,2011936,-0.693726,0.686035,0.160156,-0.149841,85.9295,335.6300,0
5.5500,2011946,-0.693726,0.686035,0.160156,-0.149841,85.9263,335.6280,0
5.5600,2011956,-0.693726,0.686035,0.160156,-0.149841,85.9358,335.6243,0
5.5700,2011966,-0.693787,0.685974,0.160156,-0.149780,85.9501,335.6183,0
5.5800,2011976,-0.693848,0.685913,0.160217,-0.149780,85.9602,335.6127,0
5.5900,2011986,-0.693909,0.685852,0.160278,-0.149719,85.9567,335.6068,0
5.6000,2011996,-0.693909,0.685852,0.160339,-0.149658,85.9456,335.6065,0
5.6100,2012006,-0.693787,0.685974,0.160339,-0.149658,85.9357,335.6092,0
5.6200,2012016,-0.693726,0.686035,0.160339,-0.149597,85.9334,335.6160,0
5.6300,2012026,-0.693665,0.686096,0.160339,-0.149658,85.9366,335.6247,0
5.6400,2012036,-0.693665,0.686096,0.160278,-0.149658,85.9450,335.6331,0
5.6500,2012046,-0.693665,0.686096,0.160278,-0.149780,85.9541,335.6331,0
5.6600,2012056,-0.693665,0.686035,0.160400,-0.149902,85.9586,335.6313,0
5.6700,2012066,-0.693604,0.686096,0.160461,-0.149902,85.9564,335.6249,0
5.6800,2012076,-0.693542,0.686096,0.160522,-0.149963,85.9507,335.6182,0
5.6900,2012086,-0.693481,0.686157,0.160583,-0.149963,85.9506,335.6154,0
5.7000,2012096,-0.693481,0.686157,0.160583,-0.149963,85.9583,335.6152,0
5.7100,2012106,-0.693481,0.686157,0.160645,-0.149902,85.9638,335.6167,0
5.7200,2012116,-0.693359,0.686218,0.160645,-0.149902,85.9601,335.6152,0
5.7300,2012126,-0.693298,0.686401,0.160645,-0.149780,85.9482,335.6096,0
5.7400,2012136,-0.693176,0.686523,0.160706,-0.149658,85.9358,335.6021,0
5.7500,2012146,-0.693115,0.686584,0.160706,-0.149475,85.9331,335.5901,0
5.7600,2012156,-0.693176,0.686584,0.160767,-0.149353,85.9400,335.5782,0
5.7700,2012166,-0.693237,0.686523,0.160828,-0.149292,85.9537,335.5736,0
5.7800,2012176,-0.693298,0.686401,0.160828,-0.149231,85.9673,335.5710,0
5.7900,2012186,-0.693359,0.686401,0.160828,-0.149231,85.9755,335.5744,0
5.8000,2012196,-0.693298,0.686401,0.160889,-0.149292,85.9779,335.5812,0
5.8100,2012206,-0.693298,0.686401,0.160889,-0.149414,85.9784,335.5911,0
5.8200,2012216,-0.693237,0.686401,0.160889,-0.149475,85.9836,335.6047,0
5.8300,2012226,-0.693237,0.686401,0.160889,-0.149658,85.9896,335.6180,0
5.8400,2012236,-0.693237,0.686340,0.160828,-0.149841,85.9971,335.6324,0
5.8500,2012246,-0.693176,0.686401,0.160828,-0.150024,85.9995,335.6412,0
5.8600,2012256,-0.693115,0.686401,0.160828,-0.150146,85.9916,335.6484,0
5.8700,2012266,-0.692993,0.686523,0.160767,-0.150269,85.9866,335.6511,0
5.8800,2012276,-0.692932,0.686584,0.160767,-0.150330,85.9887,335.6507,0
5.8900,2012286,-0.692932,0.686584,0.160767,-0.150330,85.9967,335.6449,0
5.9000,2012296,-0.692932,0.686523,0.160767,-0.150330,86.0032,335.6335,0
5.9100,2012306,-0.692932,0.686584,0.160767,-0.150330,85.9999,335.6203,0
5.9200,2012316,-0.692932,0.686584,0.160828,-0.150269,85.9932,335.6060,0
5.9300,2012326,-0.692871,0.686646,0.160889,-0.150146,85.9869,335.5949,0
5.9400,2012336,-0.692871,0.686707,0.160889,-0.149902,85.9838,335.5837,0
5.9500,2012346,-0.692871,0.686707,0.160950,-0.149841,85.9809,335.5750,0
5.9600,2012356,-0.692810,0.686768,0.161011,-0.149841,85.9811,335.5690,0
5.9700,2012366,-0.692871,0.686707,0.161011,-0.149841,85.9878,335.5663,0
5.9800,2012376,-0.692932,0.686646,0.161011,-0.149841,85.9966,335.5667,0
5.9900,2012386,-0.692932,0.686646,0.161011,-0.149841,86.0032,335.5688,0
6.0000,2012396,-0.692932,0.686646,0.161011,-0.149841,85.9993,335.5739,0
6.0100,2012406,-0.692810,0.686768,0.161011,-0.149841,85.9885,335.5816,0
6.0200,2012416,-0.692810,0.686768,0.160950,-0.149902,85.9812,335.5890,0
6.0300,2012426,-0.692749,0.686829,0.160889,-0.149902,85.9820,335.5959,0
6.0400,2012436,-0.692810,0.686768,0.160889,-0.149902,85.9863,335.5978,0
6.0500,2012446,-0.692749,0.686829,0.160889,-0.149902,85.9892,335.5961,0
6.0600,2012456,-0.692749,0.686829,0.160950,-0.149902,85.9872,335.5908,0
6.0700,2012466,-0.692749,0.686829,0.160950,-0.149902,85.9805,335.5865,0
6.0800,2012476,-0.692749,0.686829,0.160950,-0.149902,85.9778,335.5835,0
6.0900,2012486,-0.692810,0.686768,0.160889,-0.149902,85.9871,335.5807,0
6.1000,2012496,-0.692871,0.686707,0.160889,-0.149963,86.0024,335.5798,0
6.1100,2012506,-0.692932,0.686646,0.160889,-0.149963,86.0110,335.5795,0
6.1200,2012516,-0.692932,0.686646,0.160889,-0.149963,86.0073,335.5792,0
6.1300,2012526,-0.692810,0.686768,0.160950,-0.149902,85.9926,335.5802,0
6.1400,2012536,-0.692688,0.686890,0.160950,-0.149902,85.9702,335.5817,0
6.1500,2012546,-0.692566,0.687012,0.160950,-0.149780,85.9532,335.5831,0
6.1600,2012556,-0.692566,0.687012,0.160950,-0.149780,85.9666,335.5803,0
6.1700,2012566,-0.692627,0.686951,0.160950,-0.149841,85.9871,335.5752,0
6.1800,2012576,-0.692749,0.686829,0.160889,-0.149841,86.0031,335.5698,0
6.1900,2012586,-0.692871,0.686768,0.160889,-0.149841,86.0016,335.5641,0
6.2000,2012596,-0.692810,0.686768,0.160889,-0.149841,85.9847,335.5587,0
6.2100,2012606,-0.692749,0.686890,0.160950,-0.149841,85.9663,335.5529,0
6.2200,2012616,-0.692627,0.686951,0.160950,-0.149719,85.9536,335.5529,0
6.2300,2012626,-0.692566,0.687073,0.160889,-0.149597,85.9516,335.5581,0
6.2400,2012636,-0.692566,0.687073,0.160828,-0.149658,85.9580,335.5672,0
6.2500,2012646,-0.692627,0.687012,0.160767,-0.149719,85.9659,335.5783,0
6.2600,2012656,-0.692688,0.687012,0.160706,-0.149841,85.9728,335.5876,0
6.2700,2012666,-0.692749,0.686890,0.160706,-0.149902,85.9817,335.5917,0
6.2800,2012676,-0.692749,0.686829,0.160767,-0.149963,85.9872,335.5896,0
6.2900,2012686,-0.692749,0.686829,0.160828,-0.150024,85.9865,335.5798,0
6.3000,2012696,-0.692688,0.686890,0.160950,-0.150024,85.9764,335.5693,0
6.3100,2012706,-0.692566,0.686951,0.161011,-0.150085,85.9608,335.5623,0
6.3200,2012716,-0.692505,0.687012,0.161133,-0.150085,85.9483,335.5591,0
6.3300,2012726,-0.692505,0.686951,0.161194,-0.150208,85.9466,335.5591,0
6.3400,2012736,-0.692505,0.686951,0.161255,-0.150269,85.9527,335.5603,0
6.3500,2012746,-0.692505,0.686890,0.161255,-0.150391,85.9596,335.5601,0
6.3600,2012756,-0.692505,0.686829,0.161316,-0.150391,85.9633,335.5593,0
6.3700,2012766,-0.692566,0.686829,0.161255,-0.150452,85.9691,335.5598,0
6.3800,2012776,-0.692627,0.686707,0.161255,-0.150513,85.9829,335.5590,0
6.3900,2012786,-0.692810,0.686584,0.161255,-0.150574,86.0050,335.5582,0
6.4000,2012796,-0.692932,0.686401,0.161194,-0.150574,86.0242,335.5546,0
6.4100,2012806,-0.692993,0.686340,0.161194,-0.150635,86.0335,335.5481,0
6.4200,2012816,-0.692993,0.686340,0.161194,-0.150635,86.0317,335.5390,0
6.4300,2012826,-0.692993,0.686340,0.161255,-0.150574,86.0228,335.5280,0
6.4400,2012836,-0.692932,0.686401,0.161255,-0.150574,86.0091,335.5182,0
6.4500,2012846,-0.692932,0.686462,0.161255,-0.150574,86.0079,335.5165,0
6.4600,2012856,-0.692871,0.686401,0.161316,-0.150574,86.0156,335.5167,0
6.4700,2012866,-0.692932,0.686340,0.161316,-0.150635,86.0266,335.5199,0
6.4800,2012876,-0.693054,0.686279,0.161316,-0.150757,86.0352,335.5191,0
6.4900,2012886,-0.693054,0.686157,0.161316,-0.150940,86.0428,335.5179,0
6.5000,2012896,-0.693115,0.686096,0.161377,-0.151062,86.0511,335.5161,0
6.5100,2012906,-0.693176,0.685974,0.161377,-0.151123,86.0556,335.5138,0
6.5200,2012916,-0.693237,0.685913,0.161438,-0.151184,86.0508,335.5092,0
6.5300,2012926,-0.693237,0.685913,0.161438,-0.151184,86.0416,335.5007,0
6.5400,2012936,-0.693237,0.685913,0.161438,-0.151184,86.0323,335.4909,0
6.5500,2012946,-0.693237,0.685913,0.161438,-0.151184,86.0293,335.4803,0
6.5600,2012956,-0.693237,0.685913,0.161438,-0.151184,86.0324,335.4697,0
6.5700,2012966,-0.693237,0.685913,0.161438,-0.151184,86.0366,335.4602,0
6.5800,2012976,-0.693176,0.686035,0.161438,-0.151123,86.0358,335.4530,0
6.5900,2012986,-0.693115,0.686096,0.161438,-0.151062,86.0321,335.4485,0
6.6000,2012996,-0.693115,0.686157,0.161377,-0.150940,86.0321,335.4443,0
6.6100,2013006,-0.693176,0.686096,0.161316,-0.150879,86.0374,335.4451,0
6.6200,2013016,-0.693237,0.686035,0.161255,-0.150818,86.0461,335.4453,0
6.6300,2013026,-0.693298,0.686035,0.161194,-0.150818,86.0484,335.4449,0
6.6400,2013036,-0.693237,0.686035,0.161194,-0.150757,86.0452,335.4440,0
6.6500,2013046,-0.693237,0.686096,0.161194,-0.150757,86.0387,335.4436,0
6.6600,2013056,-0.693237,0.686096,0.161194,-0.150757,86.0348,335.4457,0
6.6700,2013066,-0.693237,0.686096,0.161194,-0.150818,86.0323,335.4512,0
6.6800,2013076,-0.693176,0.686096,0.161255,-0.150818,86.0287,335.4559,0
6.6900,2013086,-0.693176,0.686157,0.161255,-0.150879,86.0224,335.4583,0
6.7000,2013096,-0.693115,0.686157,0.161255,-0.150940,86.0134,335.4565,0
6.7100,2013106,-0.693115,0.686157,0.161255,-0.150940,86.0078,335.4525,0
6.7200,2013116,-0.693054,0.686218,0.161316,-0.150879,86.0061,335.4480,0
6.7300,2013126,-0.693054,0.686218,0.161316,-0.150879,86.0074,335.4431,0
6.7400,2013136,-0.692993,0.686279,0.161316,-0.150879,86.0075,335.4403,0
6.7500,2013146,-0.692993,0.686279,0.161316,-0.150879,86.0087,335.4406,0
6.7600,2013156,-0.692993,0.686279,0.161316,-0.150879,86.0164,335.4421,0
6.7700,2013166,-0.692993,0.686218,0.161316,-0.150879,86.0297,335.4441,0
6.7800,2013176,-0.693115,0.686157,0.161316,-0.150879,86.0411,335.4424,0
6.7900,2013186,-0.693176,0.686096,0.161316,-0.150940,86.0455,335.4390,0
6.8000,2013196,-0.693237,0.686035,0.161316,-0.150940,86.0389,335.4334,0
6.8100,2013206,-0.693115,0.686096,0.161377,-0.151001,86.0267,335.4276,0
6.8200,2013216,-0.693115,0.686157,0.161438,-0.150940,86.0199,335.4225,0
6.8300,2013226,-0.693115,0.686096,0.161438,-0.150940,86.0223,335.4196,0
6.8400,2013236,-0.693115,0.686096,0.161438,-0.150940,86.0299,335.4179,0
6.8500,2013246,-0.693176,0.686096,0.161438,-0.150940,86.0348,335.4205,0
6.8600,2013256,-0.693176,0.686096,0.161438,-0.150940,86.0364,335.4230,0
6.8700,2013266,-0.693176,0.686035,0.161438,-0.150940,86.0416,335.4254,0
6.8800,2013276,-0.693237,0.685974,0.161377,-0.151001,86.0560,335.4288,0
6.8900,2013286,-0.693359,0.685852,0.161377,-0.150940,86.0714,335.4308,0
6.9000,2013296,-0.693481,0.685791,0.161316,-0.151001,86.0873,335.4304,0
6.9100,2013306,-0.693542,0.685730,0.161316,-0.151001,86.0929,335.4259,0
6.9200,2013316,-0.693481,0.685730,0.161316,-0.151001,86.0839,335.4192,0
6.9300,2013326,-0.693420,0.685852,0.161377,-0.150940,86.0659,335.4146,0
6.9400,2013336,-0.693359,0.685913,0.161377,-0.150940,86.0518,335.4120,0
6.9500,2013346,-0.693359,0.685852,0.161377,-0.150940,86.0532,335.4138,0
6.9600,2013356,-0.693542,0.685730,0.161316,-0.151001,86.0729,335.4160,0
6.9700,2013366,-0.693726,0.685547,0.161255,-0.151062,86.0982,335.4157,0
6.9800,2013376,-0.693848,0.685425,0.161255,-0.151062,86.1133,335.4131,0
6.9900,2013386,-0.693848,0.685364,0.161255,-0.151062,86.1105,335.4082,0
7.0000,2013396,-0.693848,0.685425,0.161255,-0.151062,86.0965,335.4042,0
7.0100,2013406,-0.693787,0.685486,0.161255,-0.151062,86.0820,335.3991,0
7.0200,2013416,-0.693726,0.685486,0.161255,-0.151062,86.0724,335.3985,0
7.0300,2013426,-0.693726,0.685486,0.161316,-0.151062,86.0686,335.3973,0
7.0400,2013436,-0.693726,0.685547,0.161316,-0.151001,86.0650,335.3956,0
7.0500,2013446,-0.693665,0.685547,0.161316,-0.151001,86.0688,335.3898,0
7.0600,2013456,-0.693726,0.685486,0.161316,-0.151001,86.0883,335.3837,0
7.0700,2013466,-0.693848,0.685364,0.161255,-0.151062,86.1140,335.3792,0
7.0800,2013476,-0.694031,0.685181,0.161255,-0.151062,86.1296,335.3809,0
7.0900,2013486,-0.694153,0.685059,0.161255,-0.151123,86.1271,335.3873,0
7.1000,2013496,-0.694092,0.685120,0.161194,-0.151123,86.1075,335.3956,0
7.1100,2013506,-0.694031,0.685242,0.161133,-0.151184,86.0871,335.4064,0
7.1200,2013516,-0.693970,0.685242,0.161072,-0.151306,86.0783,335.4197,0
7.1300,2013526,-0.694031,0.685181,0.161011,-0.151489,86.0854,335.4335,0
7.1400,2013536,-0.694153,0.685059,0.160950,-0.151672,86.0980,335.4423,0
7.1500,2013546,-0.694153,0.684937,0.160950,-0.151855,86.1029,335.4477,0
7.1600,2013556,-0.694092,0.684998,0.161011,-0.151917,86.0927,335.4473,0
7.1700,2013566,-0.694031,0.685059,0.161011,-0.151978,86.0668,335.4452,0
7.1800,2013576,-0.693909,0.685181,0.161072,-0.151978,86.0381,335.4407,0
7.1900,2013586,-0.693787,0.685242,0.161072,-0.151917,86.0185,335.4348,0
7.2000,2013596,-0.693787,0.685303,0.161072,-0.151917,86.0129,335.4255,0
7.2100,2013606,-0.693848,0.685242,0.161072,-0.151978,86.0148,335.4120,0
7.2200,2013616,-0.693909,0.685181,0.161072,-0.151917,86.0196,335.3944,0
7.2300,2013626,-0.693909,0.685181,0.161194,-0.151855,86.0172,335.3802,0
7.2400,2013636,-0.693909,0.685181,0.161194,-0.151794,86.0059,335.3697,0
7.2500,2013646,-0.693848,0.685242,0.161255,-0.151794,85.9893,335.3638,0
7.2600,2013656,-0.693787,0.685303,0.161255,-0.151733,85.9770,335.3618,0
7.2700,2013666,-0.693787,0.685303,0.161255,-0.151733,85.9743,335.3600,0
7.2800,2013676,-0.693848,0.685242,0.161255,-0.151794,85.9788,335.3588,0
7.2900,2013686,-0.693909,0.685181,0.161255,-0.151794,85.9855,335.3600,0
7.3000,2013696,-0.693970,0.685120,0.161255,-0.151855,85.9925,335.3624,0
7.3100,2013706,-0.694031,0.685059,0.161255,-0.151855,86.0002,335.3640,0
7.3200,2013716,-0.694031,0.684998,0.161255,-0.151855,85.9946,335.3638,0
7.3300,2013726,-0.694031,0.685059,0.161316,-0.151794,85.9856,335.3618,0
7.3400,2013736,-0.693970,0.685059,0.161316,-0.151794,85.9759,335.3582,0
7.3500,2013746,-0.693970,0.685059,0.161316,-0.151794,85.9739,335.3523,0
7.3600,2013756,-0.693970,0.685120,0.161316,-0.151794,85.9820,335.3456,0
7.3700,2013766,-0.694031,0.685059,0.161316,-0.151794,85.9915,335.3386,0
7.3800,2013776,-0.694092,0.684937,0.161255,-0.151855,85.9934,335.3319,0
7.3900,2013786,-0.694153,0.684875,0.161316,-0.151794,85.9892,335.3238,0
7.4000,2013796,-0.694153,0.684875,0.161377,-0.151733,85.9823,335.3161,0
7.4100,2013806,-0.694153,0.684875,0.161377,-0.151733,85.9752,335.3094,0
7.4200,2013816,-0.694153,0.684875,0.161438,-0.151672,85.9751,335.3030,0
7.4300,2013826,-0.694153,0.684875,0.161499,-0.151733,85.9768,335.2982,0
7.4400,2013836,-0.694153,0.684875,0.161560,-0.151733,85.9790,335.2965,0
7.4500,2013846,-0.694153,0.684814,0.161560,-0.151794,85.9840,335.2968,0
7.4600,2013856,-0.694214,0.684753,0.161621,-0.151917,85.9942,335.2975,0
7.4700,2013866,-0.694275,0.684631,0.161682,-0.151978,86.0079,335.2952,0
7.4800,2013876,-0.694336,0.684570,0.161743,-0.152039,86.0187,335.2935,0
7.4900,2013886,-0.694336,0.684509,0.161804,-0.152100,86.0253,335.2961,0
7.5000,2013896,-0.694275,0.684570,0.161804,-0.152161,86.0263,335.3009,0
7.5100,2013906,-0.694214,0.684631,0.161743,-0.152161,86.0229,335.3073,0
7.5200,2013916,-0.694214,0.684631,0.161743,-0.152222,86.0178,335.3121,0
7.5300,2013926,-0.694153,0.684692,0.161682,-0.152222,86.0089,335.3149,0
7.5400,2013936,-0.694153,0.684692,0.161743,-0.152222,85.9981,335.3123,0
7.5500,2013946,-0.694153,0.684692,0.161743,-0.152222,85.9907,335.3050,0
7.5600,2013956,-0.694153,0.684692,0.161743,-0.152161,85.9910,335.2939,0
7.5700,2013966,-0.694214,0.684631,0.161804,-0.152161,85.9973,335.2822,0
7.5800,2013976,-0.694275,0.684570,0.161865,-0.152100,86.0032,335.2723,0
7.5900,2013986,-0.694275,0.684570,0.161865,-0.152100,86.0052,335.2671,0
7.6000,2013996,-0.694275,0.684570,0.161865,-0.152100,86.0013,335.2656,0
7.6100,2014006,-0.694275,0.684570,0.161865,-0.152100,85.9939,335.2726,0
7.6200,2014016,-0.694275,0.684570,0.161804,-0.152161,85.9850,335.2821,0
7.6300,2014026,-0.694275,0.684570,0.161743,-0.152222,85.9765,335.2893,0
7.6400,2014036,-0.694214,0.684631,0.161743,-0.152344,85.9691,335.2949,0
7.6500,2014046,-0.694214,0.684631,0.161743,-0.152466,85.9614,335.2990,0
7.6600,2014056,-0.694153,0.684631,0.161682,-0.152588,85.9636,335.2982,0
7.6700,2014066,-0.694214,0.684570,0.161743,-0.152588,85.9764,335.2956,0
7.6800,2014076,-0.694458,0.684326,0.161682,-0.152649,85.9963,335.2867,0
7.6900,2014086,-0.694580,0.684143,0.161682,-0.152649,86.0098,335.2734,0
7.7000,2014096,-0.694641,0.684143,0.161743,-0.152527,86.0072,335.2590,0
7.7100,2014106,-0.694580,0.684204,0.161743,-0.152405,85.9911,335.2459,0
7.7200,2014116,-0.694519,0.684326,0.161743,-0.152283,85.9687,335.2402,0
7.7300,2014126,-0.694458,0.684387,0.161682,-0.152161,85.9545,335.2395,0
7.7400,2014136,-0.694458,0.684387,0.161621,-0.152161,85.9559,335.2418,0
7.7500,2014146,-0.694580,0.684326,0.161621,-0.152161,85.9690,335.2439,0
7.7600,2014156,-0.694702,0.684143,0.161560,-0.152222,85.9863,335.2478,0
7.7700,2014166,-0.694824,0.684082,0.161560,-0.152222,85.9944,335.2527,0
7.7800,2014176,-0.694824,0.684082,0.161621,-0.152283,85.9866,335.2567,0
7.7900,2014186,-0.694702,0.684143,0.161621,-0.152344,85.9650,335.2628,0
7.8000,2014196,-0.694580,0.684265,0.161621,-0.152344,85.9469,335.2682,0
7.8100,2014206,-0.694580,0.684265,0.161621,-0.152344,85.9468,335.2714,0
7.8200,2014216,-0.694702,0.684143,0.161560,-0.152405,85.9640,335.2739,0
7.8300,2014226,-0.694885,0.683960,0.161560,-0.152405,85.9839,335.2751,0
7.8400,2014236,-0.694946,0.683899,0.161499,-0.152466,85.9909,335.2738,0
7.8500,2014246,-0.694946,0.683899,0.161499,-0.152466,85.9810,335.2726,0
7.8600,2014256,-0.694824,0.684021,0.161560,-0.152405,85.9603,335.2697,0
7.8700,2014266,-0.694763,0.684143,0.161499,-0.152344,85.9376,335.2640,0
7.8800,2014276,-0.694702,0.684204,0.161499,-0.152283,85.9238,335.2585,0
7.8900,2014286,-0.694702,0.684204,0.161438,-0.152222,85.9201,335.2528,0
7.9000,2014296,-0.694702,0.684204,0.161499,-0.152161,85.9167,335.2443,0
7.9100,2014306,-0.694702,0.684204,0.161560,-0.152100,85.9106,335.2381,0
7.9200,2014316,-0.694702,0.684204,0.161621,-0.152039,85.9060,335.2339,0
7.9300,2014326,-0.694641,0.684265,0.161621,-0.152039,85.9123,335.2342,0
7.9400,2014336,-0.694641,0.684265,0.161621,-0.152100,85.9267,335.2355,0
7.9500,2014346,-0.694702,0.684143,0.161682,-0.152161,85.9391,335.2404,0
7.9600,2014356,-0.694763,0.684082,0.161743,-0.152283,85.9461,335.2451,0
7.9700,2014366,-0.694763,0.684021,0.161865,-0.152466,85.9378,335.2487,0
7.9800,2014376,-0.694641,0.684082,0.161926,-0.152527,85.9216,335.2504,0
7.9900,2014386,-0.694580,0.684143,0.161987,-0.152527,85.9080,335.2508,0
8.0000,2014396,-0.694580,0.684143,0.161987,-0.152527,85.9052,335.2506,0
8.0100,2014406,-0.694641,0.684082,0.161926,-0.152527,85.9096,335.2492,0
8.0200,2014416,-0.694641,0.684082,0.161926,-0.152527,85.9102,335.2456,0
8.0300,2014426,-0.694641,0.684082,0.161926,-0.152527,85.9043,335.2397,0
8.0400,2014436,-0.694641,0.684082,0.161926,-0.152527,85.8999,335.2324,0
8.0500,2014446,-0.694641,0.684082,0.161926,-0.152527,85.8998,335.2260,0
8.0600,2014456,-0.694702,0.684021,0.161926,-0.152527,85.9099,335.2205,0
8.0700,2014466,-0.694824,0.683899,0.161926,-0.152588,85.9259,335.2183,0
8.0800,2014476,-0.694885,0.683838,0.161865,-0.152588,85.9370,335.2185,0
8.0900,2014486,-0.694885,0.683838,0.161865,-0.152588,85.9357,335.2199,0
8.1000,2014496,-0.694885,0.683838,0.161865,-0.152588,85.9274,335.2195,0
8.1100,2014506,-0.694885,0.683838,0.161865,-0.152588,85.9230,335.2167,0
8.1200,2014516,-0.694946,0.683777,0.161926,-0.152649,85.9283,335.2099,0
8.1300,2014526,-0.695007,0.683655,0.161987,-0.152649,85.9442,335.2023,0
8.1400,2014536,-0.695129,0.683533,0.162048,-0.152710,85.9599,335.1950,0
8.1500,2014546,-0.695190,0.683472,0.162109,-0.152771,85.9700,335.1893,0
8.1600,2014556,-0.695251,0.683411,0.162109,-0.152771,85.9755,335.1892,0
8.1700,2014566,-0.695251,0.683350,0.162109,-0.152771,85.9802,335.1915,0
8.1800,2014576,-0.695312,0.683350,0.162109,-0.152832,85.9840,335.1966,0
8.1900,2014586,-0.695374,0.683289,0.162048,-0.152832,85.9882,335.1985,0
8.2000,2014596,-0.695374,0.683228,0.162048,-0.152832,85.9862,335.1998,0
8.2100,2014606,-0.695374,0.683228,0.162048,-0.152832,85.9808,335.2015,0
8.2200,2014616,-0.695374,0.683228,0.162048,-0.152832,85.9804,335.1996,0
8.2300,2014626,-0.695374,0.683228,0.162048,-0.152832,85.9872,335.1925,0
8.2400,2014636,-0.695435,0.683167,0.162048,-0.152771,85.9966,335.1815,0
8.2500,2014646,-0.695557,0.683105,0.162048,-0.152649,86.0025,335.1719,0
8.2600,2014656,-0.695679,0.683044,0.161987,-0.152344,86.0046,335.1633,0
8.2700,2014666,-0.695740,0.683044,0.161987,-0.152222,86.0086,335.1619,0
8.2800,2014676,-0.695801,0.683044,0.161926,-0.152161,86.0170,335.1659,0
8.2900,2014686,-0.695862,0.682922,0.161865,-0.152100,86.0298,335.1773,0
8.3000,2014696,-0.695984,0.682861,0.161743,-0.152222,86.0383,335.1942,0
8.3100,2014706,-0.695984,0.682800,0.161682,-0.152344,86.0451,335.2130,0
8.3200,2014716,-0.695984,0.682800,0.161560,-0.152466,86.0469,335.2327,0
8.3300,2014726,-0.695984,0.682800,0.161499,-0.152649,86.0412,335.2525,0
8.3400,2014736,-0.695923,0.682800,0.161499,-0.152832,86.0377,335.2635,0
8.3500,2014746,-0.695923,0.682800,0.161499,-0.152954,86.0349,335.2716,0
8.3600,2014756,-0.695862,0.682800,0.161499,-0.153076,86.0275,335.2751,0
8.3700,2014766,-0.695862,0.682800,0.161499,-0.153076,86.0163,335.2761,0
8.3800,2014776,-0.695862,0.682861,0.161499,-0.153076,86.0009,335.2770,0
8.3900,2014786,-0.695862,0.682861,0.161499,-0.153076,85.9893,335.2773,0
8.4000,2014796,-0.695862,0.682861,0.161499,-0.153076,85.9871,335.2776,0
8.4100,2014806,-0.695923,0.682800,0.161438,-0.153137,85.9976,335.2771,0
8.4200,2014816,-0.696045,0.682678,0.161377,-0.153198,86.0116,335.2754,0
8.4300,2014826,-0.696167,0.682556,0.161316,-0.153198,86.0226,335.2752,0
8.4400,2014836,-0.696228,0.682495,0.161255,-0.153137,86.0229,335.2761,0
8.4500,2014846,-0.696228,0.682556,0.161133,-0.153076,86.0094,335.2782,0
8.4600,2014856,-0.696228,0.682617,0.161011,-0.153015,85.9931,335.2808,0
8.4700,2014866,-0.696228,0.682617,0.160950,-0.152954,85.9823,335.2797,0
8.4800,2014876,-0.696228,0.682617,0.160950,-0.153015,85.9874,335.2763,0
8.4900,2014886,-0.696289,0.682495,0.161011,-0.153076,85.9900,335.2705,0
8.5000,2014896,-0.696350,0.682373,0.161072,-0.153198,85.9906,335.2680,0
8.5100,2014906,-0.696411,0.682312,0.161133,-0.153320,85.9971,335.2662,0
8.5200,2014916,-0.696472,0.682190,0.161255,-0.153442,86.0140,335.2650,0
8.5300,2014926,-0.696594,0.682007,0.161255,-0.153564,86.0431,335.2597,0
8.5400,2014936,-0.696838,0.681763,0.161255,-0.153687,86.0666,335.2528,0
8.5500,2014946,-0.697021,0.681580,0.161316,-0.153809,86.0694,335.2456,0
8.5600,2014956,-0.696899,0.681641,0.161316,-0.153748,86.0464,335.2383,0
8.5700,2014966,-0.696716,0.681824,0.161316,-0.153687,86.0116,335.2300,0
8.5800,2014976,-0.696594,0.682007,0.161316,-0.153625,85.9856,335.2218,0
8.5900,2014986,-0.696594,0.682007,0.161377,-0.153564,85.9848,335.2099,0
8.6000,2014996,-0.696716,0.681885,0.161377,-0.153503,85.9989,335.1949,0
8.6100,2015006,-0.696838,0.681763,0.161438,-0.153442,86.0117,335.1778,0
8.6200,2015016,-0.696899,0.681641,0.161560,-0.153442,86.0138,335.1609,0
8.6300,2015026,-0.696899,0.681641,0.161621,-0.153381,86.0062,335.1484,0
8.6400,2015036,-0.696899,0.681641,0.161621,-0.153381,85.9991,335.1431,0
8.6500,2015046,-0.696960,0.681641,0.161621,-0.153381,85.9994,335.1445,0
8.6600,2015056,-0.697021,0.681580,0.161621,-0.153442,86.0098,335.1507,0
8.6700,2015066,-0.697083,0.681458,0.161499,-0.153503,86.0256,335.1571,0
8.6800,2015076,-0.697205,0.681335,0.161499,-0.153625,86.0389,335.1644,0
8.6900,2015086,-0.697205,0.681335,0.161499,-0.153748,86.0414,335.1702,0
8.7000,2015096,-0.697144,0.681335,0.161560,-0.153809,86.0331,335.1701,0
8.7100,2015106,-0.697083,0.681396,0.161621,-0.153870,86.0281,335.1689,0
8.7200,2015116,-0.697144,0.681335,0.161682,-0.153870,86.0365,335.1648,0
8.7300,2015126,-0.697266,0.681152,0.161621,-0.153931,86.0575,335.1573,0
8.7400,2015136,-0.697388,0.681030,0.161682,-0.153870,86.0751,335.1454,0
8.7500,2015146,-0.697449,0.681030,0.161682,-0.153809,86.0764,335.1337,0
8.7600,2015156,-0.697327,0.681091,0.161804,-0.153748,86.0635,335.1226,0
8.7700,2015166,-0.697266,0.681213,0.161865,-0.153687,86.0483,335.1138,0
8.7800,2015176,-0.697144,0.681274,0.161987,-0.153564,86.0333,335.1114,0
8.7900,2015186,-0.697083,0.681396,0.161987,-0.153564,86.0196,335.1109,0
8.8000,2015196,-0.696960,0.681519,0.161987,-0.153503,86.0071,335.1122,0
8.8100,2015206,-0.696838,0.681580,0.162048,-0.153503,85.9924,335.1134,0
8.8200,2015216,-0.696716,0.681702,0.162048,-0.153503,85.9784,335.1104,0
8.8300,2015226,-0.696594,0.681824,0.162109,-0.153442,85.9692,335.1040,0
8.8400,2015236,-0.696472,0.681946,0.162292,-0.153259,85.9670,335.0961,0
8.8500,2015246,-0.696472,0.681946,0.162354,-0.153198,85.9762,335.0918,0
8.8600,2015256,-0.696533,0.681885,0.162415,-0.153076,85.9917,335.0877,0
8.8700,2015266,-0.696594,0.681885,0.162354,-0.152954,86.0034,335.0855,0
8.8800,2015276,-0.696655,0.681946,0.162292,-0.152832,86.0103,335.0859,0
8.8900,2015286,-0.696716,0.681885,0.162170,-0.152771,86.0211,335.0941,0
8.9000,2015296,-0.696838,0.681824,0.161987,-0.152649,86.0396,335.1036,0
8.9100,2015306,-0.696960,0.681702,0.161865,-0.152588,86.0626,335.1133,0
8.9200,2015316,-0.697083,0.681641,0.161804,-0.152588,86.0814,335.1231,0
8.9300,2015326,-0.697144,0.681580,0.161743,-0.152527,86.0869,335.1356,0
8.9400,2015336,-0.697144,0.681641,0.161682,-0.152588,86.0772,335.1490,0
8.9500,2015346,-0.697021,0.681702,0.161682,-0.152588,86.0619,335.1635,0
8.9600,2015356,-0.697021,0.681702,0.161682,-0.152710,86.0539,335.1756,0
8.9700,2015366,-0.697083,0.681580,0.161682,-0.152771,86.0653,335.1823,0
8.9800,2015376,-0.697266,0.681396,0.161682,-0.152893,86.0915,335.1821,0
8.9900,2015386,-0.697449,0.681213,0.161804,-0.152893,86.1159,335.1736,0
9.0000,2015396,-0.697510,0.681091,0.161926,-0.152832,86.1273,335.1608,0
9.0100,2015406,-0.697510,0.681091,0.162048,-0.152710,86.1186,335.1487,0
9.0200,2015416,-0.697510,0.681152,0.162109,-0.152649,86.1026,335.1444,0
9.0300,2015426,-0.697510,0.681152,0.162109,-0.152527,86.0968,335.1469,0
9.0400,2015436,-0.697571,0.681030,0.162048,-0.152527,86.1051,335.1599,0
9.0500,2015446,-0.697632,0.681030,0.161865,-0.152588,86.1141,335.1800,0
9.0600,2015456,-0.697693,0.681030,0.161804,-0.152649,86.1095,335.2031,0
9.0700,2015466,-0.697632,0.681030,0.161682,-0.152771,86.1057,335.2250,0
9.0800,2015476,-0.697571,0.681091,0.161621,-0.152954,86.1109,335.2416,0
9.0900,2015486,-0.697571,0.681030,0.161560,-0.153137,86.1236,335.2525,0
9.1000,2015496,-0.697693,0.680908,0.161499,-0.153320,86.1410,335.2592,0
9.1100,2015506,-0.697815,0.680725,0.161499,-0.153503,86.1509,335.2620,0
9.1200,2015516,-0.697937,0.680603,0.161438,-0.153687,86.1478,335.2617,0
9.1300,2015526,-0.697815,0.680664,0.161560,-0.153809,86.1229,335.2578,0
9.1400,2015536,-0.697632,0.680847,0.161560,-0.153748,86.0844,335.2494,0
9.1500,2015546,-0.697510,0.680969,0.161621,-0.153748,86.0519,335.2390,0
9.1600,2015556,-0.697510,0.680969,0.161682,-0.153687,86.0407,335.2274,0
9.1700,2015566,-0.697632,0.680908,0.161682,-0.153687,86.0526,335.2145,0
9.1800,2015576,-0.697754,0.680725,0.161682,-0.153625,86.0795,335.2012,0
9.1900,2015586,-0.697937,0.680542,0.161682,-0.153625,86.0962,335.1902,0
9.2000,2015596,-0.697937,0.680542,0.161682,-0.153625,86.0882,335.1846,0
9.2100,2015606,-0.697815,0.680664,0.161743,-0.153625,86.0623,335.1845,0
9.2200,2015616,-0.697693,0.680786,0.161682,-0.153625,86.0376,335.1911,0
9.2300,2015626,-0.697693,0.680786,0.161621,-0.153748,86.0253,335.2014,0
9.2400,2015636,-0.697754,0.680725,0.161560,-0.153809,86.0339,335.2095,0
9.2500,2015646,-0.697815,0.680603,0.161499,-0.153931,86.0479,335.2093,0
9.2600,2015656,-0.697876,0.680542,0.161560,-0.153992,86.0559,335.2019,0
9.2700,2015666,-0.697937,0.680420,0.161621,-0.154114,86.0599,335.1902,0
9.2800,2015676,-0.697998,0.680359,0.161743,-0.154114,86.0625,335.1743,0
9.2900,2015686,-0.697998,0.680298,0.161865,-0.154053,86.0658,335.1586,0
9.3000,2015696,-0.697998,0.680359,0.161926,-0.153992,86.0629,335.1461,0
9.3100,2015706,-0.697937,0.680359,0.161926,-0.153992,86.0519,335.1390,0
9.3200,2015716,-0.697815,0.680481,0.161987,-0.153931,86.0325,335.1405,0
9.3300,2015726,-0.697693,0.680664,0.161987,-0.153931,86.0104,335.1443,0
9.3400,2015736,-0.697571,0.680725,0.161987,-0.154053,85.9947,335.1521,0
9.3500,2015746,-0.697571,0.680786,0.161926,-0.154114,85.9953,335.1571,0
9.3600,2015756,-0.697510,0.680786,0.161865,-0.154175,86.0047,335.1571,0
9.3700,2015766,-0.697571,0.680725,0.161865,-0.154175,86.0118,335.1572,0
9.3800,2015776,-0.697632,0.680664,0.161804,-0.154175,86.0109,335.1542,0
9.3900,2015786,-0.697632,0.680664,0.161804,-0.154175,86.0035,335.1496,0
9.4000,2015796,-0.697632,0.680725,0.161865,-0.154175,85.9930,335.1476,0
9.4100,2015806,-0.697571,0.680725,0.161865,-0.154175,85.9859,335.1469,0
9.4200,2015816,-0.697571,0.680786,0.161804,-0.154236,85.9869,335.1498,0
9.4300,2015826,-0.697571,0.680725,0.161743,-0.154358,85.9925,335.1530,0
9.4400,2015836,-0.697571,0.680664,0.161743,-0.154480,86.0003,335.1573,0
9.4500,2015846,-0.697632,0.680603,0.161743,-0.154602,86.0064,335.1595,0
9.4600,2015856,-0.697632,0.680603,0.161743,-0.154724,86.0086,335.1561,0
9.4700,2015866,-0.697632,0.680603,0.161804,-0.154785,86.0053,335.1488,0
9.4800,2015876,-0.697632,0.680542,0.161804,-0.154785,86.0051,335.1364,0
9.4900,2015886,-0.697632,0.680542,0.161804,-0.154785,86.0068,335.1217,0
9.5000,2015896,-0.697632,0.680542,0.161804,-0.154785,86.0078,335.1072,0
9.5100,2015906,-0.697632,0.680542,0.161804,-0.154663,86.0045,335.0927,0
9.5200,2015916,-0.697632,0.680603,0.161743,-0.154602,85.9979,335.0845,0
9.5300,2015926,-0.697632,0.680664,0.161682,-0.154480,85.9910,335.0779,0
9.5400,2015936,-0.697632,0.680725,0.161621,-0.154419,85.9845,335.0711,0
9.5500,2015946,-0.697632,0.680725,0.161560,-0.154358,85.9818,335.0634,0
9.5600,2015956,-0.697693,0.680664,0.161621,-0.154358,85.9860,335.0531,0
9.5700,2015966,-0.697693,0.680603,0.161560,-0.154358,85.9887,335.0451,0
9.5800,2015976,-0.697754,0.680603,0.161560,-0.154358,85.9890,335.0381,0
9.5900,2015986,-0.697754,0.680542,0.161560,-0.154358,85.9928,335.0332,0
9.6000,2015996,-0.697815,0.680481,0.161560,-0.154358,86.0000,335.0292,0
9.6100,2016006,-0.697876,0.680481,0.161560,-0.154358,86.0056,335.0247,0
9.6200,2016016,-0.697876,0.680420,0.161560,-0.154358,86.0056,335.0206,0
9.6300,2016026,-0.697876,0.680481,0.161560,-0.154358,85.9996,335.0172,0
9.6400,2016036,-0.697876,0.680481,0.161560,-0.154358,85.9946,335.0145,0
9.6500,2016046,-0.697815,0.680542,0.161560,-0.154297,85.9975,335.0169,0
9.6600,2016056,-0.697876,0.680481,0.161499,-0.154297,86.0033,335.0198,0
9.6700,2016066,-0.697998,0.680420,0.161438,-0.154297,86.0040,335.0231,0
9.6800,2016076,-0.698059,0.680359,0.161377,-0.154236,85.9969,335.0245,0
9.6900,2016086,-0.698059,0.680359,0.161377,-0.154236,85.9867,335.0282,0
9.7000,2016096,-0.698059,0.680359,0.161377,-0.154236,85.9829,335.0311,0
9.7100,2016106,-0.698059,0.680298,0.161499,-0.154358,85.9894,335.0313,0
9.7200,2016116,-0.698181,0.680115,0.161560,-0.154480,86.0038,335.0298,0
9.7300,2016126,-0.698303,0.679993,0.161621,-0.154602,86.0146,335.0265,0
9.7400,2016136,-0.698242,0.679993,0.161682,-0.154663,86.0100,335.0222,0
9.7500,2016146,-0.698181,0.680054,0.161682,-0.154663,85.9926,335.0164,0
9.7600,2016156,-0.698120,0.680115,0.161682,-0.154663,85.9754,335.0114,0
9.7700,2016166,-0.698120,0.680115,0.161682,-0.154663,85.9680,335.0078,0
9.7800,2016176,-0.698181,0.680054,0.161682,-0.154663,85.9729,335.0051,0
9.7900,2016186,-0.698303,0.679932,0.161682,-0.154663,85.9864,335.0042,0
9.8000,2016196,-0.698425,0.679810,0.161621,-0.154724,85.9992,335.0028,0
9.8100,2016206,-0.698486,0.679749,0.161682,-0.154785,86.0031,335.0045,0
9.8200,2016216,-0.698425,0.679749,0.161743,-0.154785,85.9967,335.0072,0
9.8300,2016226,-0.698425,0.679749,0.161743,-0.154846,85.9871,335.0079,0
9.8400,2016236,-0.698425,0.679749,0.161804,-0.154968,85.9826,335.0109,0
9.8500,2016246,-0.698425,0.679687,0.161804,-0.155029,85.9832,335.0120,0
9.8600,2016256,-0.698486,0.679626,0.161865,-0.155090,85.9855,335.0124,0
9.8700,2016266,-0.698486,0.679626,0.161926,-0.155090,85.9835,335.0098,0
9.8800,2016276,-0.698425,0.679626,0.161987,-0.155151,85.9763,335.0068,0
9.8900,2016286,-0.698425,0.679565,0.162048,-0.155212,85.9736,335.0016,0
9.9000,2016296,-0.698486,0.679504,0.161987,-0.155212,85.9806,334.9954,0
9.9100,2016306,-0.698608,0.679382,0.161987,-0.155273,85.9943,334.9883,0
9.9200,2016316,-0.698730,0.679260,0.161926,-0.155273,86.0062,334.9817,0
9.9300,2016326,-0.698792,0.679260,0.161926,-0.155273,85.9907,334.9818,0
9.9400,2016336,-0.698730,0.679321,0.161987,-0.155273,85.9634,334.9873,0
9.9500,2016346,-0.698608,0.679443,0.161865,-0.155273,85.9434,334.9936,0
9.9600,2016356,-0.698486,0.679504,0.161804,-0.155334,85.9392,335.0013,0
9.9700,2016366,-0.698486,0.679565,0.161743,-0.155396,85.9596,335.0081,0
9.9800,2016376,-0.698669,0.679382,0.161621,-0.155518,85.9873,335.0091,0
9.9900,2016386,-0.698853,0.679199,0.161560,-0.155640,86.0029,334.9999,0
10.0000,2016396,-0.698975,0.679016,0.161682,-0.155762,85.9945,334.9834,0
10.0100,2016406,-0.698853,0.679138,0.161804,-0.155640,85.9641,334.9661,0
10.0200,2016416,-0.698730,0.679260,0.161926,-0.155579,85.9304,334.9508,0
10.0300,2016426,-0.698608,0.679382,0.161987,-0.155518,85.9078,334.9405,0
10.0400,2016436,-0.698608,0.679382,0.161987,-0.155518,85.9049,334.9360,0
10.0500,2016446,-0.698730,0.679199,0.161926,-0.155518,85.9240,334.9366,0
10.0600,2016456,-0.698914,0.679016,0.161926,-0.155579,85.9463,334.9382,0
10.0700,2016466,-0.699036,0.678955,0.161865,-0.155579,85.9551,334.9392,0
10.0800,2016476,-0.699036,0.678955,0.161865,-0.155579,85.9444,334.9408,0
10.0900,2016486,-0.698975,0.679077,0.161804,-0.155457,85.9229,334.9398,0
10.1000,2016496,-0.698914,0.679138,0.161804,-0.155457,85.9049,334.9390,0
10.1100,2016506,-0.698914,0.679138,0.161804,-0.155457,85.8968,334.9364,0
10.1200,2016516,-0.698914,0.679138,0.161804,-0.155457,85.8937,334.9321,0
10.1300,2016526,-0.698914,0.679138,0.161804,-0.155457,85.8909,334.9263,0
10.1400,2016536,-0.698914,0.679138,0.161865,-0.155396,85.8893,334.9172,0
10.1500,2016546,-0.698914,0.679138,0.161865,-0.155334,85.8904,334.9099,0
10.1600,2016556,-0.698975,0.679077,0.161987,-0.155334,85.8956,334.9018,0
10.1700,2016566,-0.698975,0.679016,0.161987,-0.155273,85.9011,334.8959,0
10.1800,2016576,-0.698975,0.679016,0.161987,-0.155273,85.9009,334.8944,0
10.1900,2016586,-0.699036,0.679016,0.161987,-0.155273,85.8990,334.8989,0
10.2000,2016596,-0.699036,0.679016,0.161926,-0.155212,85.8996,334.9056,0
10.2100,2016606,-0.699036,0.679016,0.161804,-0.155212,85.9055,334.9155,0
10.2200,2016616,-0.699097,0.678955,0.161743,-0.155273,85.9110,334.9255,0
10.2300,2016626,-0.699158,0.678894,0.161682,-0.155334,85.9108,334.9315,0
10.2400,2016636,-0.699158,0.678894,0.161682,-0.155334,85.8970,334.9330,0
10.2500,2016646,-0.699097,0.678955,0.161682,-0.155334,85.8690,334.9302,0
10.2600,2016656,-0.698975,0.679138,0.161743,-0.155273,85.8383,334.9247,0
10.2700,2016666,-0.698792,0.679260,0.161804,-0.155212,85.8263,334.9200,0
10.2800,2016676,-0.698730,0.679321,0.161804,-0.155212,85.8381,334.9173,0
10.2900,2016686,-0.698792,0.679260,0.161804,-0.155212,85.8712,334.9183,0
10.3000,2016696,-0.699280,0.678772,0.161682,-0.155334,85.9104,334.9234,0
10.3100,2016706,-0.699463,0.678589,0.161621,-0.155396,85.9388,334.9306,0
10.3200,2016716,-0.699524,0.678528,0.161621,-0.155457,85.9455,334.9357,0
10.3300,2016726,-0.699524,0.678528,0.161621,-0.155457,85.9341,334.9394,0
10.3400,2016736,-0.699402,0.678650,0.161621,-0.155396,85.9079,334.9398,0
10.3500,2016746,-0.699280,0.678833,0.161682,-0.155396,85.8752,334.9380,0
10.3600,2016756,-0.699097,0.678955,0.161682,-0.155334,85.8495,334.9362,0
10.3700,2016766,-0.699097,0.679016,0.161682,-0.155273,85.8387,334.9315,0
10.3800,2016776,-0.699097,0.679016,0.161682,-0.155212,85.8459,334.9246,0
10.3900,2016786,-0.699219,0.678894,0.161682,-0.155151,85.8640,334.9181,0
10.4000,2016796,-0.699341,0.678772,0.161682,-0.155212,85.8853,334.9138,0
10.4100,2016806,-0.699402,0.678711,0.161621,-0.155212,85.8990,334.9155,0
10.4200,2016816,-0.699463,0.678650,0.161560,-0.155212,85.9038,334.9208,0
10.4300,2016826,-0.699463,0.678650,0.161560,-0.155273,85.9022,334.9299,0
10.4400,2016836,-0.699402,0.678650,0.161499,-0.155334,85.9030,334.9410,0
10.4500,2016846,-0.699463,0.678650,0.161377,-0.155396,85.9044,334.9557,0
10.4600,2016856,-0.699402,0.678650,0.161316,-0.155579,85.9040,334.9671,0
10.4700,2016866,-0.699402,0.678650,0.161316,-0.155701,85.8975,334.9736,0
10.4800,2016876,-0.699341,0.678650,0.161316,-0.155884,85.8871,334.9756,0
10.4900,2016886,-0.699341,0.678650,0.161377,-0.156006,85.8755,334.9752,0
10.5000,2016896,-0.699280,0.678650,0.161438,-0.156067,85.8681,334.9682,0
10.5100,2016906,-0.699280,0.678650,0.161499,-0.156128,85.8651,334.9599,0
10.5200,2016916,-0.699341,0.678528,0.161560,-0.156250,85.8843,334.9464,0
10.5300,2016926,-0.699524,0.678345,0.161621,-0.156311,85.9002,334.9330,0
10.5400,2016936,-0.699646,0.678162,0.161621,-0.156433,85.9022,334.9209,0
10.5500,2016946,-0.699585,0.678223,0.161621,-0.156433,85.8981,334.9070,0
10.5600,2016956,-0.699524,0.678284,0.161682,-0.156372,85.8984,334.8962,0
10.5700,2016966,-0.699524,0.678284,0.161682,-0.156372,85.9094,334.8895,0
10.5800,2016976,-0.699524,0.678284,0.161682,-0.156372,85.9276,334.8837,0
10.5900,2016986,-0.699707,0.678101,0.161560,-0.156311,85.9442,334.8829,0
10.6000,2016996,-0.699768,0.678101,0.161499,-0.156311,85.9517,334.8828,0
10.6100,2017006,-0.699707,0.678162,0.161499,-0.156250,85.9434,334.8841,0
10.6200,2017016,-0.699585,0.678284,0.161499,-0.156250,85.9219,334.8817,0
10.6300,2017026,-0.699463,0.678406,0.161560,-0.156189,85.8955,334.8753,0
10.6400,2017036,-0.699341,0.678528,0.161621,-0.156128,85.8739,334.8662,0
10.6500,2017046,-0.699341,0.678528,0.161682,-0.156067,85.8691,334.8546,0
10.6600,2017056,-0.699402,0.678467,0.161743,-0.156006,85.8805,334.8406,0
10.6700,2017066,-0.699524,0.678345,0.161865,-0.156006,85.8973,334.8267,0
10.6800,2017076,-0.699646,0.678223,0.161926,-0.156006,85.9109,334.8171,0
10.6900,2017086,-0.699646,0.678162,0.161926,-0.155945,85.9119,334.8098,0
10.7000,2017096,-0.699646,0.678162,0.161926,-0.155945,85.9045,334.8099,0
10.7100,2017106,-0.699585,0.678284,0.161926,-0.155884,85.8922,334.8142,0
10.7200,2017116,-0.699463,0.678406,0.161865,-0.155884,85.8817,334.8230,0
10.7300,2017126,-0.699402,0.678467,0.161804,-0.155884,85.8735,334.8326,0
10.7400,2017136,-0.699402,0.678528,0.161743,-0.155884,85.8675,334.8405,0
10.7500,2017146,-0.699341,0.678589,0.161682,-0.155884,85.8647,334.8450,0
10.7600,2017156,-0.699280,0.678589,0.161682,-0.155884,85.8675,334.8470,0
10.7700,2017166,-0.699341,0.678589,0.161682,-0.155884,85.8790,334.8458,0
10.7800,2017176,-0.699463,0.678467,0.161682,-0.155884,85.8994,334.8465,0
10.7900,2017186,-0.699524,0.678345,0.161682,-0.155945,85.9158,334.8490,0
10.8000,2017196,-0.699524,0.678406,0.161621,-0.155945,85.9166,334.8555,0
10.8100,2017206,-0.699402,0.678528,0.161621,-0.156006,85.8922,334.8694,0
10.8200,2017216,-0.699280,0.678711,0.161499,-0.156006,85.8744,334.8802,0
10.8300,2017226,-0.699158,0.678772,0.161377,-0.156006,85.8706,334.8875,0
10.8400,2017236,-0.699158,0.678833,0.161255,-0.156067,85.8806,334.8867,0
10.8500,2017246,-0.699280,0.678711,0.161194,-0.156006,85.8949,334.8759,0
10.8600,2017256,-0.699463,0.678589,0.161133,-0.155945,85.9025,334.8562,0
10.8700,2017266,-0.699585,0.678467,0.161194,-0.155823,85.8980,334.8322,0
10.8800,2017276,-0.699524,0.678589,0.161499,-0.155396,85.8824,334.8131,0
10.8900,2017286,-0.699402,0.678650,0.161621,-0.155273,85.8719,334.7998,0
10.9000,2017296,-0.699402,0.678650,0.161743,-0.155212,85.8745,334.7971,0
10.9100,2017306,-0.699402,0.678650,0.161743,-0.155151,85.8852,334.8077,0
10.9200,2017316,-0.699341,0.678711,0.161682,-0.155212,85.8847,334.8267,0
10.9300,2017326,-0.699219,0.678894,0.161621,-0.155334,85.8680,334.8518,0
10.9400,2017336,-0.699036,0.679016,0.161560,-0.155396,85.8492,334.8690,0
10.9500,2017346,-0.698975,0.679077,0.161560,-0.155396,85.8373,334.8747,0
10.9600,2017356,-0.698975,0.679077,0.161560,-0.155396,85.8390,334.8717,0
10.9700,2017366,-0.699097,0.679016,0.161621,-0.155273,85.8478,334.8607,0
10.9800,2017376,-0.699158,0.678955,0.161743,-0.155151,85.8575,334.8450,0
10.9900,2017386,-0.699158,0.678894,0.161804,-0.155029,85.8589,334.8338,0
11.0000,2017396,-0.699219,0.678894,0.161865,-0.154846,85.8550,334.8267,0
11.0100,2017406,-0.699219,0.678894,0.161926,-0.154785,85.8542,334.8240,0
11.0200,2017416,-0.699219,0.678894,0.161926,-0.154724,85.8625,334.8269,0
11.0300,2017426,-0.699280,0.678833,0.161987,-0.154785,85.8781,334.8362,0
11.0400,2017436,-0.699402,0.678650,0.162048,-0.154907,85.9011,334.8460,0
11.0500,2017446,-0.699585,0.678467,0.162048,-0.155090,85.9325,334.8571,0
11.0600,2017456,-0.699646,0.678284,0.162109,-0.155273,85.9546,334.8694,0
11.0700,2017466,-0.699585,0.678345,0.162109,-0.155396,85.9559,334.8786,0
11.0800,2017476,-0.699463,0.678406,0.162170,-0.155518,85.9412,334.8885,0
11.0900,2017486,-0.699341,0.678528,0.162231,-0.155640,85.9266,334.8985,0
11.1000,2017496,-0.699219,0.678589,0.162292,-0.155701,85.9442,334.9027,0
11.1100,2017506,-0.699280,0.678467,0.162354,-0.155823,85.9639,334.9054,0
11.1200,2017516,-0.699402,0.678406,0.162354,-0.155823,85.9749,334.9045,0
11.1300,2017526,-0.699463,0.678345,0.162354,-0.155762,85.9687,334.9036,0
11.1400,2017536,-0.699402,0.678406,0.162415,-0.155762,85.9539,334.9010,0
11.1500,2017546,-0.699341,0.678467,0.162354,-0.155701,85.9470,334.8967,0
11.1600,2017556,-0.699341,0.678467,0.162354,-0.155701,85.9559,334.8909,0
11.1700,2017566,-0.699524,0.678284,0.162415,-0.155762,85.9720,334.8830,0
11.1800,2017576,-0.699585,0.678101,0.162598,-0.155884,85.9868,334.8737,0
11.1900,2017586,-0.699585,0.678040,0.162781,-0.156067,85.9871,334.8653,0
11.2000,2017596,-0.699524,0.677979,0.162964,-0.156250,85.9768,334.8609,0
11.2100,2017606,-0.699463,0.678040,0.163147,-0.156433,85.9622,334.8583,0
11.2200,2017616,-0.699341,0.678040,0.163269,-0.156616,85.9572,334.8600,0
11.2300,2017626,-0.699280,0.678040,0.163391,-0.156799,85.9620,334.8585,0
11.2400,2017636,-0.699280,0.677979,0.163513,-0.156860,85.9707,334.8529,0
11.2500,2017646,-0.699219,0.677979,0.163635,-0.156921,85.9766,334.8429,0
11.2600,2017656,-0.699219,0.677979,0.163696,-0.156860,85.9846,334.8286,0
11.2700,2017666,-0.699280,0.677917,0.163818,-0.156799,86.0078,334.8132,0
11.2800,2017676,-0.699402,0.677856,0.163818,-0.156677,86.0375,334.7998,0
11.2900,2017686,-0.699524,0.677734,0.163757,-0.156616,86.0676,334.7925,0
11.3000,2017696,-0.699585,0.677734,0.163635,-0.156433,86.0824,334.7892,0
11.3100,2017706,-0.699524,0.677856,0.163513,-0.156250,86.0693,334.7921,0
11.3200,2017716,-0.699402,0.678040,0.163391,-0.156067,86.0407,334.7943,0
11.3300,2017726,-0.699341,0.678223,0.163269,-0.155884,86.0159,334.7972,0
11.3400,2017736,-0.699341,0.678223,0.163147,-0.155762,86.0079,334.7999,0
11.3500,2017746,-0.699463,0.678162,0.163086,-0.155762,86.0162,334.8013,0
11.3600,2017756,-0.699524,0.678101,0.163086,-0.155762,86.0277,334.8018,0
11.3700,2017766,-0.699585,0.677979,0.163147,-0.155884,86.0351,334.8071,0
11.3800,2017776,-0.699585,0.677979,0.163208,-0.156067,86.0385,334.8131,0
11.3900,2017786,-0.699585,0.677856,0.163269,-0.156311,86.0612,334.8254,0
11.4000,2017796,-0.699646,0.677734,0.163269,-0.156555,86.0786,334.8375,0
11.4100,2017806,-0.699707,0.677673,0.163208,-0.156799,86.0726,334.8472,0
11.4200,2017816,-0.699585,0.677734,0.163147,-0.156860,86.0390,334.8529,0
11.4300,2017826,-0.699402,0.677979,0.163147,-0.156921,85.9886,334.8518,0
11.4400,2017836,-0.699097,0.678284,0.163086,-0.156799,85.9443,334.8424,0
11.4500,2017846,-0.698853,0.678589,0.163086,-0.156677,85.9207,334.8312,0
11.4600,2017856,-0.698730,0.678772,0.163086,-0.156372,85.9202,334.8171,0
11.4700,2017866,-0.698914,0.678650,0.163086,-0.156311,85.9381,334.8025,0
11.4800,2017876,-0.699036,0.678467,0.163086,-0.156250,85.9599,334.7903,0
11.4900,2017886,-0.699219,0.678284,0.163086,-0.156250,85.9812,334.7818,0
11.5000,2017896,-0.699280,0.678223,0.163086,-0.156311,85.9836,334.7873,0
11.5100,2017906,-0.699219,0.678284,0.162964,-0.156433,85.9764,334.8003,0
11.5200,2017916,-0.699097,0.678406,0.162842,-0.156555,85.9577,334.8198,0
11.5300,2017926,-0.698914,0.678589,0.162781,-0.156616,85.9302,334.8363,0
11.5400,2017936,-0.698730,0.678772,0.162659,-0.156738,85.9024,334.8502,0
11.5500,2017946,-0.698608,0.678894,0.162598,-0.156799,85.8807,334.8611,0
11.5600,2017956,-0.698486,0.679016,0.162537,-0.156860,85.8605,334.8624,0
11.5700,2017966,-0.698486,0.679016,0.162537,-0.156860,85.8508,334.8558,0
11.5800,2017976,-0.698486,0.679016,0.162537,-0.156860,85.8499,334.8425,0
11.5900,2017986,-0.698608,0.678955,0.162537,-0.156860,85.8568,334.8257,0
11.6000,2017996,-0.698669,0.678894,0.162598,-0.156799,85.8664,334.8099,0
11.6100,2018006,-0.698669,0.678833,0.162659,-0.156738,85.8697,334.7961,0
11.6200,2018016,-0.698669,0.678833,0.162659,-0.156738,85.8644,334.7871,0
11.6300,2018026,-0.698608,0.678894,0.162598,-0.156738,85.8535,334.7845,0
11.6400,2018036,-0.698547,0.679016,0.162537,-0.156677,85.8400,334.7862,0
11.6500,2018046,-0.698547,0.679016,0.162476,-0.156738,85.8326,334.7896,0
11.6600,2018056,-0.698486,0.679077,0.162476,-0.156799,85.8308,334.7921,0
11.6700,2018066,-0.698486,0.679077,0.162476,-0.156799,85.8286,334.7910,0
11.6800,2018076,-0.698425,0.679138,0.162476,-0.156738,85.8098,334.7882,0
11.6900,2018086,-0.698303,0.679260,0.162476,-0.156738,85.7979,334.7820,0
11.7000,2018096,-0.698242,0.679321,0.162537,-0.156738,85.7985,334.7755,0
11.7100,2018106,-0.698242,0.679321,0.162537,-0.156738,85.8085,334.7675,0
11.7200,2018116,-0.698303,0.679260,0.162537,-0.156738,85.8234,334.7569,0
11.7300,2018126,-0.698364,0.679138,0.162598,-0.156860,85.8358,334.7485,0
11.7400,2018136,-0.698486,0.679016,0.162598,-0.156921,85.8481,334.7447,0
11.7500,2018146,-0.698608,0.678833,0.162720,-0.157104,85.8592,334.7435,0
11.7600,2018156,-0.698669,0.678711,0.162720,-0.157227,85.8692,334.7441,0
11.7700,2018166,-0.698730,0.678650,0.162720,-0.157349,85.8805,334.7422,0
11.7800,2018176,-0.698730,0.678589,0.162720,-0.157471,85.8852,334.7409,0
11.7900,2018186,-0.698669,0.678650,0.162720,-0.157532,85.8802,334.7397,0
11.8000,2018196,-0.698608,0.678711,0.162720,-0.157593,85.8648,334.7373,0
11.8100,2018206,-0.698486,0.678833,0.162781,-0.157593,85.8454,334.7327,0
11.8200,2018216,-0.698425,0.678833,0.162842,-0.157654,85.8383,334.7205,0
11.8300,2018226,-0.698486,0.678772,0.162903,-0.157776,85.8440,334.7047,0
11.8400,2018236,-0.698547,0.678589,0.163025,-0.157837,85.8618,334.6856,0
11.8500,2018246,-0.698669,0.678406,0.163208,-0.157898,85.8812,334.6644,0
11.8600,2018256,-0.698730,0.678345,0.163452,-0.157959,85.8847,334.6425,0
11.8700,2018266,-0.698669,0.678345,0.163574,-0.157959,85.8740,334.6241,0
11.8800,2018276,-0.698547,0.678467,0.163696,-0.158020,85.8561,334.6126,0
11.8900,2018286,-0.698486,0.678467,0.163696,-0.157959,85.8468,334.6075,0
11.9000,2018296,-0.698425,0.678589,0.163696,-0.157959,85.8498,334.6057,0
11.9100,2018306,-0.698425,0.678528,0.163696,-0.157959,85.8602,334.6076,0
11.9200,2018316,-0.698486,0.678528,0.163635,-0.157959,85.8733,334.6093,0
11.9300,2018326,-0.698486,0.678528,0.163574,-0.157898,85.8804,334.6080,0
11.9400,2018336,-0.698486,0.678589,0.163452,-0.157776,85.8799,334.6032,0
11.9500,2018346,-0.698486,0.678650,0.163452,-0.157715,85.8748,334.5980,0
11.9600,2018356,-0.698486,0.678650,0.163391,-0.157715,85.8699,334.5931,0
11.9700,2018366,-0.698486,0.678650,0.163391,-0.157715,85.8764,334.5908,0
11.9800,2018376,-0.698547,0.678589,0.163391,-0.157715,85.8873,334.5928,0
11.9900,2018386,-0.698608,0.678528,0.163391,-0.157837,85.8964,334.5953,0
12.0000,2018396,-0.698608,0.678406,0.163391,-0.157959,85.8939,334.6000,0
12.0100,2018406,-0.698608,0.678467,0.163330,-0.158081,85.8778,334.6002,0
12.0200,2018416,-0.698486,0.678528,0.163330,-0.158081,85.8571,334.5998,0
12.0300,2018426,-0.698364,0.678711,0.163330,-0.158081,85.8434,334.5958,0
12.0400,2018436,-0.698303,0.678833,0.163269,-0.158020,85.8388,334.5891,0
12.0500,2018446,-0.698303,0.678772,0.163208,-0.158020,85.8409,334.5786,0
12.0600,2018456,-0.698303,0.678772,0.163269,-0.157959,85.8434,334.5658,0
12.0700,2018466,-0.698364,0.678711,0.163330,-0.157898,85.8459,334.5488,0
12.0800,2018476,-0.698425,0.678650,0.163452,-0.157776,85.8488,334.5316,0
12.0900,2018486,-0.698425,0.678650,0.163513,-0.157715,85.8517,334.5139,0
12.1000,2018496,-0.698425,0.678650,0.163696,-0.157654,85.8492,334.5002,0
12.1100,2018506,-0.698364,0.678711,0.163818,-0.157654,85.8367,334.4913,0
12.1200,2018516,-0.698181,0.678833,0.163879,-0.157654,85.8206,334.4875,0
12.1300,2018526,-0.698120,0.678894,0.163879,-0.157654,85.8119,334.4864,0
12.1400,2018536,-0.698181,0.678833,0.163879,-0.157654,85.8226,334.4888,0
12.1500,2018546,-0.698303,0.678711,0.163879,-0.157715,85.8494,334.4911,0
12.1600,2018556,-0.698486,0.678528,0.163818,-0.157715,85.8802,334.4916,0
12.1700,2018566,-0.698547,0.678467,0.163818,-0.157715,85.8929,334.4879,0
12.1800,2018576,-0.698486,0.678528,0.163940,-0.157654,85.8805,334.4808,0
12.1900,2018586,-0.698303,0.678772,0.164001,-0.157471,85.8516,334.4753,0
12.2000,2018596,-0.698120,0.678955,0.164062,-0.157349,85.8261,334.4696,0
12.2100,2018606,-0.698059,0.679016,0.164062,-0.157227,85.8190,334.4666,0
12.2200,2018616,-0.698120,0.678955,0.164001,-0.157166,85.8313,334.4666,0
12.2300,2018626,-0.698242,0.678833,0.164001,-0.157227,85.8549,334.4678,0
12.2400,2018636,-0.698364,0.678711,0.164001,-0.157227,85.8796,334.4739,0
12.2500,2018646,-0.698425,0.678650,0.163940,-0.157227,85.8936,334.4815,0
12.2600,2018656,-0.698425,0.678711,0.163879,-0.157166,85.8856,334.4946,0
12.2700,2018666,-0.698364,0.678772,0.163818,-0.157104,85.8738,334.5053,0
12.2800,2018676,-0.698303,0.678894,0.163757,-0.157043,85.8643,334.5148,0
12.2900,2018686,-0.698242,0.678955,0.163818,-0.157043,85.8613,334.5221,0
12.3000,2018696,-0.698242,0.678955,0.163818,-0.157104,85.8620,334.5229,0
12.3100,2018706,-0.698181,0.678894,0.163940,-0.157166,85.8739,334.5219,0
12.3200,2018716,-0.698242,0.678833,0.164001,-0.157288,85.8936,334.5168,0
12.3300,2018726,-0.698425,0.678589,0.164246,-0.157471,85.9116,334.5120,0
12.3400,2018736,-0.698425,0.678467,0.164368,-0.157471,85.9246,334.5080,0
12.3500,2018746,-0.698425,0.678467,0.164368,-0.157471,85.9281,334.5078,0
12.3600,2018756,-0.698425,0.678528,0.164368,-0.157471,85.9207,334.5123,0
12.3700,2018766,-0.698303,0.678650,0.164368,-0.157410,85.9054,334.5213,0
12.3800,2018776,-0.698181,0.678833,0.164246,-0.157410,85.8920,334.5334,0
12.3900,2018786,-0.698120,0.678894,0.164185,-0.157410,85.8846,334.5444,0
12.4000,2018796,-0.698120,0.678955,0.164124,-0.157410,85.8841,334.5518,0
12.4100,2018806,-0.698120,0.678894,0.164124,-0.157410,85.8914,334.5506,0
12.4200,2018816,-0.698181,0.678833,0.164185,-0.157349,85.9001,334.5411,0
12.4300,2018826,-0.698181,0.678833,0.164307,-0.157288,85.9018,334.5315,0
12.4400,2018836,-0.698120,0.678894,0.164368,-0.157227,85.8951,334.5265,0
12.4500,2018846,-0.698059,0.678955,0.164368,-0.157227,85.8846,334.5319,0
12.4600,2018856,-0.697998,0.679016,0.164307,-0.157227,85.8776,334.5429,0
12.4700,2018866,-0.697937,0.679077,0.164246,-0.157349,85.8816,334.5587,0
12.4800,2018876,-0.698059,0.678955,0.164185,-0.157410,85.9003,334.5708,0
12.4900,2018886,-0.698181,0.678833,0.164185,-0.157471,85.9216,334.5746,0
12.5000,2018896,-0.698242,0.678772,0.164185,-0.157532,85.9311,334.5716,0
12.5100,2018906,-0.698120,0.678833,0.164185,-0.157471,85.9200,334.5687,0
12.5200,2018916,-0.697998,0.678955,0.164185,-0.157471,85.8993,334.5672,0
12.5300,2018926,-0.697937,0.679077,0.164246,-0.157410,85.8851,334.5670,0
12.5400,2018936,-0.697937,0.679077,0.164246,-0.157410,85.8834,334.5715,0
12.5500,2018946,-0.697876,0.679138,0.164185,-0.157471,85.8853,334.5764,0
12.5600,2018956,-0.697876,0.679138,0.164246,-0.157471,85.8854,334.5761,0
12.5700,2018966,-0.697815,0.679138,0.164307,-0.157532,85.8932,334.5753,0
12.5800,2018976,-0.697876,0.679077,0.164368,-0.157654,85.9065,334.5721,0
12.5900,2018986,-0.697937,0.679016,0.164429,-0.157654,85.9180,334.5703,0
12.6000,2018996,-0.697998,0.678955,0.164368,-0.157715,85.9153,334.5703,0
12.6100,2019006,-0.697937,0.678955,0.164429,-0.157654,85.8931,334.5728,0
12.6200,2019016,-0.697571,0.679321,0.164368,-0.157654,85.8611,334.5757,0
12.6300,2019026,-0.697449,0.679504,0.164429,-0.157593,85.8355,334.5766,0
12.6400,2019036,-0.697388,0.679565,0.164429,-0.157593,85.8267,334.5746,0
12.6500,2019046,-0.697388,0.679504,0.164429,-0.157593,85.8355,334.5679,0
12.6600,2019056,-0.697510,0.679443,0.164490,-0.157532,85.8570,334.5556,0
12.6700,2019066,-0.697571,0.679382,0.164551,-0.157471,85.8740,334.5403,0
12.6800,2019076,-0.697632,0.679321,0.164612,-0.157288,85.8811,334.5284,0
12.6900,2019086,-0.697632,0.679382,0.164551,-0.157104,85.8838,334.5200,0
12.7000,2019096,-0.697693,0.679382,0.164429,-0.156982,85.8917,334.5222,0
12.7100,2019106,-0.697754,0.679321,0.164368,-0.156921,85.9063,334.5309,0
12.7200,2019116,-0.697815,0.679260,0.164246,-0.156982,85.9172,334.5457,0
12.7300,2019126,-0.697876,0.679260,0.164124,-0.157104,85.9222,334.5634,0
12.7400,2019136,-0.697815,0.679260,0.164062,-0.157166,85.9181,334.5770,0
12.7500,2019146,-0.697754,0.679321,0.164062,-0.157288,85.9057,334.5875,0
12.7600,2019156,-0.697632,0.679382,0.164062,-0.157349,85.8915,334.5970,0
12.7700,2019166,-0.697632,0.679443,0.164062,-0.157471,85.8822,334.6024,0
12.7800,2019176,-0.697571,0.679443,0.164001,-0.157471,85.8734,334.6032,0
12.7900,2019186,-0.697510,0.679504,0.164062,-0.157471,85.8626,334.6004,0
12.8000,2019196,-0.697449,0.679565,0.164062,-0.157471,85.8524,334.5950,0
12.8100,2019206,-0.697449,0.679565,0.164124,-0.157410,85.8486,334.5850,0
12.8200,2019216,-0.697510,0.679565,0.164185,-0.157349,85.8594,334.5714,0
12.8300,2019226,-0.697632,0.679443,0.164246,-0.157227,85.8756,334.5562,0
12.8400,2019236,-0.697693,0.679382,0.164307,-0.157166,85.8780,334.5489,0
12.8500,2019246,-0.697693,0.679382,0.164307,-0.157043,85.8719,334.5497,0
12.8600,2019256,-0.697693,0.679443,0.164246,-0.156982,85.8691,334.5553,0
12.8700,2019266,-0.697693,0.679443,0.164185,-0.156921,85.8735,334.5629,0
12.8800,2019276,-0.697693,0.679443,0.164246,-0.156921,85.8879,334.5696,0
12.8900,2019286,-0.697754,0.679382,0.164185,-0.156921,85.9050,334.5712,0
12.9000,2019296,-0.697876,0.679260,0.164185,-0.156982,85.9148,334.5691,0
12.9100,2019306,-0.697876,0.679138,0.164429,-0.157104,85.9140,334.5599,0
12.9200,2019316,-0.697815,0.679138,0.164612,-0.157166,85.9002,334.5493,0
12.9300,2019326,-0.697693,0.679199,0.164856,-0.157166,85.8896,334.5381,0
12.9400,2019336,-0.697693,0.679138,0.165039,-0.157227,85.8866,334.5292,0
12.9500,2019346,-0.697693,0.679138,0.165161,-0.157288,85.8910,334.5226,0
12.9600,2019356,-0.697693,0.679077,0.165222,-0.157288,85.8933,334.5180,0
12.9700,2019366,-0.697693,0.679077,0.165222,-0.157288,85.8925,334.5149,0
12.9800,2019376,-0.697693,0.679138,0.165161,-0.157227,85.8912,334.5137,0
12.9900,2019386,-0.697754,0.679138,0.165100,-0.157166,85.8971,334.5144,0
13.0000,2019396,-0.697876,0.679016,0.165039,-0.157104,85.9181,334.5170,0
13.0100,2019406,-0.698059,0.678833,0.164917,-0.157104,85.9488,334.5176,0
13.0200,2019416,-0.698242,0.678711,0.164856,-0.157043,85.9731,334.5158,0
13.0300,2019426,-0.698303,0.678650,0.164917,-0.156982,85.9797,334.5124,0
13.0400,2019436,-0.698242,0.678650,0.164978,-0.156921,85.9716,334.5085,0
13.0500,2019446,-0.698242,0.678711,0.165039,-0.156860,85.9659,334.5066,0
13.0600,2019456,-0.698242,0.678711,0.165039,-0.156860,85.9700,334.5078,0
13.0700,2019466,-0.698303,0.678589,0.165039,-0.156921,85.9846,334.5125,0
13.0800,2019476,-0.698425,0.678467,0.165100,-0.156982,86.0026,334.5216,0
13.0900,2019486,-0.698486,0.678345,0.165100,-0.157104,86.0244,334.5316,0
13.1000,2019496,-0.698669,0.678162,0.165161,-0.157166,86.0469,334.5410,0
13.1100,2019506,-0.698792,0.677979,0.165161,-0.157288,86.0725,334.5444,0
13.1200,2019516,-0.698914,0.677795,0.165161,-0.157349,86.0938,334.5471,0
13.1300,2019526,-0.699036,0.677673,0.165161,-0.157410,86.0962,334.5508,0
13.1400,2019536,-0.699097,0.677612,0.165161,-0.157410,86.0902,334.5580,0
13.1500,2019546,-0.699097,0.677673,0.165100,-0.157471,86.0796,334.5683,0
13.1600,2019556,-0.699097,0.677673,0.165039,-0.157532,86.0743,334.5846,0
13.1700,2019566,-0.699036,0.677673,0.164978,-0.157654,86.0829,334.6000,0
13.1800,2019576,-0.699097,0.677612,0.164917,-0.157898,86.1176,334.6134,0
13.1900,2019586,-0.699341,0.677307,0.164795,-0.158142,86.1649,334.6212,0
13.2000,2019596,-0.699890,0.676697,0.164612,-0.158630,86.1973,334.6286,0
13.2100,2019606,-0.699951,0.676636,0.164490,-0.158752,86.1925,334.6321,0
13.2200,2019616,-0.699768,0.676758,0.164490,-0.158752,86.1552,334.6305,0
13.2300,2019626,-0.699585,0.677002,0.164429,-0.158813,86.1078,334.6278,0
13.2400,2019636,-0.699524,0.677063,0.164429,-0.158813,86.0806,334.6241,0
13.2500,2019646,-0.699585,0.677002,0.164368,-0.158875,86.0767,334.6188,0
13.2600,2019656,-0.699646,0.676880,0.164429,-0.158997,86.0813,334.6113,0
13.2700,2019666,-0.699707,0.676819,0.164429,-0.159058,86.0809,334.6013,0
13.2800,2019676,-0.699707,0.676758,0.164551,-0.159119,86.0710,334.5857,0
13.2900,2019686,-0.699707,0.676758,0.164612,-0.159180,86.0551,334.5696,0
13.3000,2019696,-0.699707,0.676758,0.164612,-0.159180,86.0389,334.5562,0
13.3100,2019706,-0.699707,0.676758,0.164612,-0.159180,86.0228,334.5488,0
13.3200,2019716,-0.699646,0.676819,0.164551,-0.159241,86.0051,334.5441,0
13.3300,2019726,-0.699585,0.676880,0.164490,-0.159241,85.9848,334.5438,0
13.3400,2019736,-0.699524,0.676941,0.164429,-0.159302,85.9697,334.5429,0
13.3500,2019746,-0.699463,0.677002,0.164368,-0.159363,85.9617,334.5391,0
13.3600,2019756,-0.699585,0.676880,0.164368,-0.159363,85.9630,334.5290,0
13.3700,2019766,-0.699646,0.676819,0.164307,-0.159424,85.9709,334.5134,0
13.3800,2019776,-0.699707,0.676697,0.164429,-0.159424,85.9742,334.4938,0
13.3900,2019786,-0.699768,0.676697,0.164490,-0.159302,85.9673,334.4729,0
13.4000,2019796,-0.699707,0.676697,0.164551,-0.159241,85.9519,334.4512,0
13.4100,2019806,-0.699646,0.676819,0.164673,-0.159119,85.9301,334.4343,0
13.4200,2019816,-0.699585,0.676880,0.164795,-0.159058,85.9196,334.4218,0
13.4300,2019826,-0.699524,0.676941,0.164856,-0.158936,85.9221,334.4124,0
13.4400,2019836,-0.699524,0.676880,0.164856,-0.158936,85.9393,334.4064,0
13.4500,2019846,-0.699646,0.676758,0.164856,-0.158936,85.9658,334.4019,0
13.4600,2019856,-0.699829,0.676575,0.164795,-0.158997,85.9850,334.4023,0
13.4700,2019866,-0.700012,0.676453,0.164795,-0.158997,85.9872,334.4069,0
13.4800,2019876,-0.700012,0.676392,0.164734,-0.159058,85.9684,334.4177,0
13.4900,2019886,-0.699829,0.676575,0.164612,-0.159180,85.9446,334.4243,0
13.5000,2019896,-0.699707,0.676697,0.164551,-0.159241,85.9243,334.4300,0
13.5100,2019906,-0.699707,0.676697,0.164551,-0.159302,85.9134,334.4313,0
13.5200,2019916,-0.699707,0.676697,0.164551,-0.159302,85.9119,334.4247,0
13.5300,2019926,-0.699707,0.676697,0.164551,-0.159302,85.9105,334.4144,0
13.5400,2019936,-0.699707,0.676697,0.164551,-0.159241,85.9026,334.4021,0
13.5500,2019946,-0.699707,0.676758,0.164612,-0.159180,85.8868,334.3905,0
13.5600,2019956,-0.699585,0.676880,0.164673,-0.159180,85.8665,334.3813,0
13.5700,2019966,-0.699524,0.676941,0.164673,-0.159119,85.8531,334.3760,0
13.5800,2019976,-0.699524,0.676941,0.164673,-0.159119,85.8493,334.3758,0
13.5900,2019986,-0.699524,0.676880,0.164673,-0.159119,85.8546,334.3738,0
13.6000,2019996,-0.699585,0.676819,0.164673,-0.159180,85.8596,334.3702,0
13.6100,2020006,-0.699585,0.676819,0.164673,-0.159180,85.8608,334.3620,0
13.6200,2020016,-0.699585,0.676819,0.164673,-0.159119,85.8554,334.3537,0
13.6300,2020026,-0.699585,0.676880,0.164795,-0.159058,85.8432,334.3459,0
13.6400,2020036,-0.699524,0.676941,0.164856,-0.158936,85.8329,334.3378,0
13.6500,2020046,-0.699463,0.677002,0.164917,-0.158875,85.8249,334.3326,0
13.6600,2020056,-0.699463,0.677002,0.164917,-0.158875,85.8227,334.3287,0
13.6700,2020066,-0.699463,0.677002,0.164917,-0.158875,85.8294,334.3281,0
13.6800,2020076,-0.699524,0.676880,0.164917,-0.158875,85.8460,334.3322,0
13.6900,2020086,-0.699646,0.676819,0.164917,-0.158875,85.8652,334.3385,0
13.7000,2020096,-0.699768,0.676697,0.164795,-0.158997,85.8835,334.3481,0
13.7100,2020106,-0.699829,0.676636,0.164734,-0.159058,85.8841,334.3571,0
13.7200,2020116,-0.699829,0.676636,0.164734,-0.159119,85.8710,334.3622,0
13.7300,2020126,-0.699768,0.676697,0.164734,-0.159058,85.8503,334.3669,0
13.7400,2020136,-0.699646,0.676819,0.164734,-0.159058,85.8336,334.3691,0
13.7500,2020146,-0.699524,0.676880,0.164795,-0.159058,85.8313,334.3682,0
13.7600,2020156,-0.699524,0.676880,0.164795,-0.159058,85.8458,334.3644,0
13.7700,2020166,-0.699646,0.676758,0.164795,-0.159119,85.8693,334.3578,0
13.7800,2020176,-0.699829,0.676575,0.164856,-0.159119,85.8808,334.3504,0
13.7900,2020186,-0.699890,0.676575,0.164856,-0.158997,85.8752,334.3457,0
13.8000,2020196,-0.699768,0.676636,0.164856,-0.158936,85.8615,334.3448,0
13.8100,2020206,-0.699829,0.676636,0.164795,-0.158875,85.8569,334.3481,0
13.8200,2020216,-0.699829,0.676636,0.164673,-0.158875,85.8637,334.3559,0
13.8300,2020226,-0.699951,0.676575,0.164551,-0.158875,85.8803,334.3628,0
13.8400,2020236,-0.700073,0.676453,0.164429,-0.158875,85.8989,334.3694,0
13.8500,2020246,-0.700256,0.676331,0.164368,-0.158875,85.9159,334.3697,0
13.8600,2020256,-0.700317,0.676270,0.164307,-0.158875,85.9238,334.3658,0
13.8700,2020266,-0.700317,0.676208,0.164368,-0.158875,85.9220,334.3597,0
13.8800,2020276,-0.700317,0.676208,0.164368,-0.158875,85.9149,334.3551,0
13.8900,2020286,-0.700317,0.676208,0.164368,-0.158875,85.9099,334.3544,0
13.9000,2020296,-0.700378,0.676208,0.164368,-0.158875,85.9153,334.3578,0
13.9100,2020306,-0.700439,0.676086,0.164368,-0.158875,85.9287,334.3616,0
13.9200,2020316,-0.700562,0.675964,0.164368,-0.158936,85.9444,334.3664,0
13.9300,2020326,-0.700623,0.675842,0.164429,-0.159058,85.9588,334.3645,0
13.9400,2020336,-0.700684,0.675720,0.164551,-0.159119,85.9641,334.3579,0
13.9500,2020346,-0.700684,0.675720,0.164673,-0.159180,85.9590,334.3516,0
13.9600,2020356,-0.700623,0.675720,0.164734,-0.159180,85.9483,334.3498,0
13.9700,2020366,-0.700562,0.675781,0.164734,-0.159180,85.9351,334.3552,0
13.9800,2020376,-0.700500,0.675842,0.164673,-0.159241,85.9231,334.3667,0
13.9900,2020386,-0.700500,0.675903,0.164490,-0.159363,85.9181,334.3830,0
14.0000,2020396,-0.700562,0.675903,0.164307,-0.159424,85.9265,334.3972,0
14.0100,2020406,-0.700623,0.675842,0.164124,-0.159485,85.9254,334.4055,0
14.0200,2020416,-0.700623,0.675781,0.164062,-0.159607,85.9154,334.4103,0
14.0300,2020426,-0.700623,0.675842,0.164001,-0.159668,85.8971,334.4096,0
14.0400,2020436,-0.700562,0.675903,0.164001,-0.159668,85.8802,334.4077,0
14.0500,2020446,-0.700500,0.675964,0.164001,-0.159607,85.8737,334.4012,0
14.0600,2020456,-0.700500,0.675903,0.164062,-0.159668,85.8818,334.3883,0
14.0700,2020466,-0.700684,0.675659,0.164246,-0.159851,85.8985,334.3725,0
14.0800,2020476,-0.700806,0.675537,0.164368,-0.159851,85.9102,334.3580,0
14.0900,2020486,-0.700745,0.675537,0.164368,-0.159912,85.9042,334.3503,0
14.1000,2020496,-0.700684,0.675659,0.164429,-0.159851,85.8812,334.3476,0
14.1100,2020506,-0.700562,0.675781,0.164368,-0.159790,85.8564,334.3481,0
14.1200,2020516,-0.700500,0.675842,0.164368,-0.159729,85.8441,334.3485,0
14.1300,2020526,-0.700500,0.675842,0.164368,-0.159729,85.8455,334.3459,0
14.1400,2020536,-0.700562,0.675781,0.164368,-0.159790,85.8581,334.3400,0
14.1500,2020546,-0.700684,0.675659,0.164307,-0.159790,85.8754,334.3301,0
14.1600,2020556,-0.700806,0.675537,0.164307,-0.159851,85.8865,334.3208,0
14.1700,2020566,-0.700806,0.675537,0.164307,-0.159851,85.8822,334.3125,0
14.1800,2020576,-0.700684,0.675659,0.164307,-0.159790,85.8621,334.3070,0
14.1900,2020586,-0.700562,0.675781,0.164368,-0.159790,85.8400,334.3036,0
14.2000,2020596,-0.700439,0.675903,0.164368,-0.159729,85.8232,334.3003,0
14.2100,2020606,-0.700439,0.675903,0.164368,-0.159729,85.8197,334.2996,0
14.2200,2020616,-0.700562,0.675781,0.164368,-0.159790,85.8300,334.2989,0
14.2300,2020626,-0.700623,0.675720,0.164307,-0.159790,85.8458,334.2952,0
14.2400,2020636,-0.700806,0.675537,0.164307,-0.159851,85.8679,334.2894,0
14.2500,2020646,-0.700928,0.675354,0.164307,-0.159912,85.8918,334.2821,0
14.2600,2020656,-0.701050,0.675232,0.164307,-0.159973,85.9086,334.2752,0
14.2700,2020666,-0.701050,0.675171,0.164368,-0.160034,85.9127,334.2715,0
14.2800,2020676,-0.701050,0.675171,0.164429,-0.160095,85.9083,334.2734,0
14.2900,2020686,-0.701050,0.675110,0.164490,-0.160156,85.8934,334.2788,0
14.3000,2020696,-0.700989,0.675232,0.164429,-0.160156,85.8744,334.2837,0
14.3100,2020706,-0.700928,0.675293,0.164429,-0.160217,85.8587,334.2902,0
14.3200,2020716,-0.700806,0.675354,0.164368,-0.160278,85.8479,334.2969,0
14.3300,2020726,-0.700806,0.675415,0.164307,-0.160339,85.8448,334.3010,0
14.3400,2020736,-0.700806,0.675415,0.164246,-0.160400,85.8442,334.3006,0
14.3500,2020746,-0.700806,0.675415,0.164246,-0.160461,85.8460,334.2938,0
14.3600,2020756,-0.700867,0.675293,0.164307,-0.160583,85.8513,334.2837,0
14.3700,2020766,-0.700928,0.675232,0.164429,-0.160583,85.8540,334.2730,0
14.3800,2020776,-0.700928,0.675171,0.164429,-0.160522,85.8488,334.2628,0
14.3900,2020786,-0.700806,0.675293,0.164490,-0.160522,85.8361,334.2572,0
14.4000,2020796,-0.700684,0.675415,0.164490,-0.160461,85.8229,334.2591,0
14.4100,2020806,-0.700623,0.675537,0.164490,-0.160522,85.8157,334.2656,0
14.4200,2020816,-0.700562,0.675598,0.164429,-0.160583,85.8177,334.2710,0
14.4300,2020826,-0.700562,0.675537,0.164368,-0.160706,85.8339,334.2738,0
14.4400,2020836,-0.700623,0.675415,0.164429,-0.160828,85.8576,334.2735,0
14.4500,2020846,-0.700684,0.675354,0.164490,-0.160889,85.8766,334.2697,0
14.4600,2020856,-0.700684,0.675354,0.164490,-0.160889,85.8804,334.2624,0
14.4700,2020866,-0.700562,0.675476,0.164551,-0.160889,85.8661,334.2520,0
14.4800,2020876,-0.700439,0.675598,0.164551,-0.160706,85.8467,334.2397,0
14.4900,2020886,-0.700378,0.675720,0.164551,-0.160583,85.8323,334.2262,0
14.5000,2020896,-0.700378,0.675781,0.164551,-0.160461,85.8300,334.2146,0
14.5100,2020906,-0.700317,0.675842,0.164551,-0.160400,85.8296,334.2085,0
14.5200,2020916,-0.700317,0.675842,0.164490,-0.160400,85.8309,334.2086,0
14.5300,2020926,-0.700256,0.675903,0.164490,-0.160339,85.8322,334.2117,0
14.5400,2020936,-0.700256,0.675964,0.164429,-0.160339,85.8323,334.2170,0
14.5500,2020946,-0.700195,0.675964,0.164429,-0.160339,85.8311,334.2203,0
14.5600,2020956,-0.700195,0.676025,0.164429,-0.160400,85.8253,334.2252,0
14.5700,2020966,-0.700134,0.676086,0.164429,-0.160339,85.8156,334.2263,0
14.5800,2020976,-0.700012,0.676147,0.164490,-0.160339,85.8082,334.2231,0
14.5900,2020986,-0.700012,0.676208,0.164551,-0.160400,85.8035,334.2165,0
14.6000,2020996,-0.699951,0.676208,0.164612,-0.160400,85.8067,334.2119,0
14.6100,2021006,-0.699951,0.676208,0.164673,-0.160522,85.8176,334.2076,0
14.6200,2021016,-0.699951,0.676147,0.164734,-0.160583,85.8278,334.2052,0
14.6300,2021026,-0.700012,0.676025,0.164795,-0.160645,85.8311,334.2041,0
14.6400,2021036,-0.699951,0.676025,0.164856,-0.160706,85.8258,334.2025,0
14.6500,2021046,-0.699829,0.676147,0.164978,-0.160706,85.8149,334.2022,0
14.6600,2021056,-0.699768,0.676270,0.164978,-0.160706,85.8022,334.2031,0
14.6700,2021066,-0.699646,0.676331,0.164978,-0.160645,85.7912,334.2046,0
14.6800,2021076,-0.699585,0.676453,0.165039,-0.160645,85.7797,334.2024,0
14.6900,2021086,-0.699463,0.676514,0.165039,-0.160645,85.7699,334.1955,0
14.7000,2021096,-0.699463,0.676575,0.165100,-0.160583,85.7659,334.1849,0
14.7100,2021106,-0.699463,0.676514,0.165222,-0.160522,85.7728,334.1694,0
14.7200,2021116,-0.699524,0.676514,0.165344,-0.160461,85.7873,334.1553,0
14.7300,2021126,-0.699524,0.676453,0.165405,-0.160339,85.7974,334.1437,0
14.7400,2021136,-0.699524,0.676453,0.165405,-0.160339,85.7946,334.1375,0
14.7500,2021146,-0.699463,0.676575,0.165405,-0.160339,85.7813,334.1363,0
14.7600,2021156,-0.699341,0.676636,0.165405,-0.160339,85.7716,334.1393,0
14.7700,2021166,-0.699341,0.676636,0.165344,-0.160400,85.7772,334.1492,0
14.7800,2021176,-0.699463,0.676514,0.165283,-0.160522,85.8037,334.1599,0
14.7900,2021186,-0.699585,0.676331,0.165222,-0.160706,85.8420,334.1675,0
14.8000,2021196,-0.699829,0.676086,0.165222,-0.160889,85.8825,334.1724,0
14.8100,2021206,-0.699951,0.675842,0.165222,-0.161072,85.9198,334.1740,0
14.8200,2021216,-0.700012,0.675781,0.165222,-0.161133,85.9357,334.1750,0
14.8300,2021226,-0.699890,0.675903,0.165283,-0.161133,85.9187,334.1753,0
14.8400,2021236,-0.699646,0.676208,0.165283,-0.161011,85.8752,334.1768,0
14.8500,2021246,-0.699341,0.676575,0.165283,-0.160889,85.8256,334.1764,0
14.8600,2021256,-0.699158,0.676758,0.165222,-0.160767,85.7927,334.1743,0
14.8700,2021266,-0.699158,0.676819,0.165161,-0.160645,85.8007,334.1653,0
14.8800,2021276,-0.699280,0.676758,0.165100,-0.160583,85.8076,334.1520,0
14.8900,2021286,-0.699341,0.676697,0.165100,-0.160461,85.8083,334.1358,0
14.9000,2021296,-0.699341,0.676697,0.165222,-0.160339,85.8097,334.1253,0
14.9100,2021306,-0.699341,0.676697,0.165222,-0.160217,85.8057,334.1195,0
14.9200,2021316,-0.699341,0.676697,0.165283,-0.160156,85.7971,334.1199,0
14.9300,2021326,-0.699341,0.676758,0.165283,-0.160156,85.7884,334.1245,0
14.9400,2021336,-0.699219,0.676819,0.165344,-0.160156,85.7855,334.1330,0
14.9500,2021346,-0.699280,0.676758,0.165344,-0.160278,85.7975,334.1385,0
14.9600,2021356,-0.699341,0.676636,0.165405,-0.160400,85.8220,334.1438,0
14.9700,2021366,-0.699402,0.676514,0.165466,-0.160645,85.8410,334.1530,0
14.9800,2021376,-0.699402,0.676514,0.165466,-0.160828,85.8447,334.1627,0
14.9900,2021386,-0.699280,0.676575,0.165466,-0.160889,85.8341,334.1743,0
15.0000,2021396,-0.699097,0.676758,0.165405,-0.160950,85.8162,334.1859,0
15.0100,2021406,-0.698975,0.676880,0.165344,-0.161072,85.8004,334.1945,0
15.0200,2021416,-0.698853,0.676941,0.165283,-0.161133,85.7870,334.1984,0
15.0300,2021426,-0.698853,0.677002,0.165222,-0.161194,85.7785,334.2003,0
15.0400,2021436,-0.698853,0.677002,0.165161,-0.161255,85.7740,334.1974,0
15.0500,2021446,-0.698975,0.676880,0.165161,-0.161255,85.7851,334.1899,0
15.0600,2021456,-0.699097,0.676697,0.165161,-0.161316,85.8105,334.1751,0
15.0700,2021466,-0.699280,0.676514,0.165222,-0.161377,85.8299,334.1557,0
15.0800,2021476,-0.699280,0.676453,0.165405,-0.161377,85.8328,334.1325,0
15.0900,2021486,-0.699219,0.676514,0.165588,-0.161316,85.8139,334.1093,0
15.1000,2021496,-0.699036,0.676697,0.165710,-0.161133,85.7750,334.0895,0
15.1100,2021506,-0.698792,0.676941,0.165833,-0.161011,85.7376,334.0750,0
15.1200,2021516,-0.698669,0.677063,0.165894,-0.161011,85.7162,334.0665,0
15.1300,2021526,-0.698608,0.677185,0.165894,-0.160950,85.7078,334.0590,0
15.1400,2021536,-0.698547,0.677185,0.165955,-0.160950,85.7081,334.0555,0
15.1500,2021546,-0.698486,0.677246,0.165955,-0.160950,85.7108,334.0527,0
15.1600,2021556,-0.698486,0.677246,0.165955,-0.160889,85.7152,334.0477,0
15.1700,2021566,-0.698425,0.677307,0.166016,-0.160889,85.7175,334.0399,0
15.1800,2021576,-0.698425,0.677307,0.166016,-0.160889,85.7197,334.0327,0
15.1900,2021586,-0.698425,0.677368,0.166077,-0.160828,85.7291,334.0211,0
15.2000,2021596,-0.698364,0.677368,0.166199,-0.160706,85.7428,334.0096,0
15.2100,2021606,-0.698425,0.677307,0.166260,-0.160645,85.7617,333.9968,0
15.2200,2021616,-0.698486,0.677246,0.166321,-0.160522,85.7875,333.9836,0
15.2300,2021626,-0.698792,0.676941,0.166565,-0.160217,85.8186,333.9657,0
15.2400,2021636,-0.699036,0.676758,0.166687,-0.160034,85.8590,333.9460,0
15.2500,2021646,-0.699280,0.676514,0.166809,-0.159729,85.8980,333.9243,0
15.2600,2021656,-0.699524,0.676270,0.166931,-0.159485,85.9381,333.9046,0
15.2700,2021666,-0.699829,0.676025,0.167053,-0.159241,85.9744,333.8888,0
15.2800,2021676,-0.700012,0.675781,0.167236,-0.159119,86.0050,333.8822,0
15.2900,2021686,-0.700195,0.675659,0.167297,-0.158997,86.0304,333.8896,0
15.3000,2021696,-0.700317,0.675476,0.167236,-0.159058,86.0611,333.9151,0
15.3100,2021706,-0.700562,0.675232,0.167114,-0.159241,86.1045,333.9547,0
15.3200,2021716,-0.700867,0.674866,0.166931,-0.159546,86.1618,333.9987,0
15.3300,2021726,-0.701233,0.674438,0.166809,-0.159973,86.2220,334.0410,0
15.3400,2021736,-0.701599,0.674011,0.166809,-0.160339,86.2839,334.0799,0
15.3500,2021746,-0.701904,0.673523,0.166809,-0.160828,86.3451,334.1090,0
15.3600,2021756,-0.702332,0.672974,0.166870,-0.161377,86.4037,334.1299,0
15.3700,2021766,-0.702759,0.672363,0.166931,-0.161987,86.4718,334.1501,0
15.3800,2021776,-0.703186,0.671631,0.166992,-0.162781,86.5477,334.1690,0
15.3900,2021786,-0.703735,0.670898,0.167053,-0.163635,86.6214,334.1847,0
15.4000,2021796,-0.704163,0.670227,0.166992,-0.164490,86.6799,334.2041,0
15.4100,2021806,-0.704468,0.669739,0.166870,-0.165405,86.7104,334.2287,0
15.4200,2021816,-0.704529,0.669434,0.166687,-0.166321,86.7041,334.2599,0
15.4300,2021826,-0.704468,0.669373,0.166382,-0.167236,86.6616,334.2980,0
15.4400,2021836,-0.704285,0.669434,0.166016,-0.168335,86.6078,334.3426,0
15.4500,2021846,-0.704163,0.669312,0.165466,-0.169495,86.5807,334.4136,0
15.4600,2021856,-0.704163,0.669189,0.164856,-0.170837,86.5515,334.4884,0
15.4700,2021866,-0.704102,0.669006,0.164246,-0.172241,86.5172,334.5688,0
15.4800,2021876,-0.703979,0.668884,0.163574,-0.173767,86.4631,334.6552,0
15.4900,2021886,-0.703796,0.668823,0.162842,-0.175598,86.3934,334.7495,0
15.5000,2021896,-0.703491,0.668823,0.161987,-0.177612,86.2962,334.8470,0
15.5100,2021906,-0.703003,0.669006,0.160950,-0.179810,86.1848,334.9429,0
15.5200,2021916,-0.701904,0.669312,0.158569,-0.184875,86.0811,335.0270,0
15.5300,2021926,-0.701538,0.669250,0.157349,-0.187622,85.9944,335.0927,0
15.5400,2021936,-0.701233,0.669006,0.156128,-0.190552,85.9165,335.1392,0
15.5500,2021946,-0.700928,0.668762,0.154968,-0.193542,85.8285,335.1662,0
15.5600,2021956,-0.700500,0.668579,0.153748,-0.196594,85.7145,335.1728,0
15.5700,2021966,-0.699890,0.668579,0.152588,-0.199646,85.5614,335.1648,0
15.5800,2021976,-0.699097,0.668823,0.151306,-0.202637,85.3616,335.1417,0
15.5900,2021986,-0.697998,0.669373,0.149902,-0.205566,85.1162,335.1113,0
15.6000,2021996,-0.696777,0.670105,0.148254,-0.208496,84.8341,335.0795,0
15.6100,2022006,-0.695374,0.671021,0.146484,-0.211487,84.5341,335.0462,0
15.6200,2022016,-0.694092,0.671814,0.144531,-0.214539,84.2457,335.0056,0
15.6300,2022026,-0.693054,0.672302,0.142456,-0.217712,83.9925,334.9449,0
15.6400,2022036,-0.692261,0.672485,0.140320,-0.220947,83.7812,334.8610,0
15.6500,2022046,-0.691833,0.672302,0.138123,-0.224182,83.6144,334.7521,0
15.6600,2022056,-0.691650,0.671875,0.135803,-0.227539,83.4786,334.6219,0
15.6700,2022066,-0.691650,0.671204,0.133484,-0.230896,83.3568,334.4714,0
15.6800,2022076,-0.691650,0.670471,0.131104,-0.234253,83.2062,334.2820,0
15.6900,2022086,-0.691650,0.669800,0.128601,-0.237610,83.0378,334.0854,0
15.7000,2022096,-0.691467,0.669250,0.126038,-0.240967,82.8344,333.8795,0
15.7100,2022106,-0.691101,0.668884,0.123474,-0.244324,82.5831,333.6671,0
15.7200,2022116,-0.690491,0.668823,0.120972,-0.247620,82.2868,333.4443,0
15.7300,2022126,-0.689575,0.668884,0.118530,-0.251038,81.9423,333.2142,0
15.7400,2022136,-0.688416,0.669189,0.116211,-0.254395,81.5378,332.9739,0
15.7500,2022146,-0.687134,0.669556,0.113953,-0.257874,81.1328,332.7252,0
15.7600,2022156,-0.685852,0.669922,0.111755,-0.261475,80.7420,332.4666,0
15.7700,2022166,-0.684631,0.670044,0.109558,-0.265259,80.3779,332.1961,0
15.7800,2022176,-0.683533,0.669983,0.107300,-0.269165,80.0432,331.9109,0
15.7900,2022186,-0.682617,0.669617,0.104980,-0.273193,79.7222,331.6110,0
15.8000,2022196,-0.681824,0.669189,0.102539,-0.277222,79.3731,331.3044,0
15.8100,2022206,-0.679626,0.668945,0.097290,-0.284851,78.9618,330.9921,0
15.8200,2022216,-0.677917,0.669495,0.094666,-0.288513,78.4717,330.6759,0
15.8300,2022226,-0.675720,0.670593,0.091980,-0.291992,77.8996,330.3527,0
15.8400,2022236,-0.673340,0.671814,0.089233,-0.295410,77.3031,330.0215,0
15.8500,2022246,-0.671021,0.672974,0.086548,-0.298889,76.7207,329.6742,0
15.8600,2022256,-0.669006,0.673767,0.083740,-0.302429,76.1953,329.3107,0
