# Sesion:52 Fecha:2026-04-16 18:24:38 Shots:0 Duracion:15,61s
tSeg,ms,qw,qx,qy,qz,filteredElev,filteredYaw,shot
0.0000,2584246,-0.641663,0.696960,0.177856,-0.266296,70.7939,298.0385,0
0.0100,2584256,-0.643494,0.695679,0.179565,-0.263977,71.2496,298.5259,0
0.0200,2584266,-0.645386,0.694336,0.181213,-0.261841,71.7190,299.0209,0
0.0300,2584276,-0.647339,0.692871,0.182861,-0.259766,72.1980,299.5202,0
0.0400,2584286,-0.649231,0.691406,0.184448,-0.257813,72.6717,300.0180,0
0.0500,2584296,-0.651001,0.690002,0.186157,-0.255798,73.1203,300.5145,0
0.0600,2584306,-0.652527,0.688904,0.187866,-0.253723,73.5249,301.0111,0
0.0700,2584316,-0.653687,0.688110,0.189636,-0.251465,73.8872,301.5259,0
0.0800,2584326,-0.654541,0.687683,0.191345,-0.249084,74.1907,302.0425,0
0.0900,2584336,-0.655212,0.687500,0.192993,-0.246643,74.4656,302.5612,0
0.1000,2584346,-0.655823,0.687317,0.194641,-0.244141,74.7412,303.0787,0
0.1100,2584356,-0.656555,0.687012,0.196289,-0.241638,75.0373,303.5881,0
0.1200,2584366,-0.657410,0.686584,0.198059,-0.239258,75.3651,304.0843,0
0.1300,2584376,-0.658508,0.685791,0.199768,-0.237000,75.7671,304.5708,0
0.1400,2584386,-0.659729,0.684753,0.201538,-0.234924,76.2009,305.0536,0
0.1500,2584396,-0.661194,0.683533,0.203308,-0.232971,76.6401,305.5363,0
0.1600,2584406,-0.662659,0.682251,0.205017,-0.231140,77.0558,306.0249,0
0.1700,2584416,-0.664001,0.681030,0.206726,-0.229309,77.4342,306.5195,0
0.1800,2584426,-0.665100,0.680054,0.208374,-0.227478,77.7773,307.0230,0
0.1900,2584436,-0.665955,0.679321,0.209961,-0.225647,78.0951,307.5312,0
0.2000,2584446,-0.667297,0.678284,0.213013,-0.222046,78.3916,308.0403,0
0.2100,2584456,-0.667847,0.677856,0.214355,-0.220398,78.6871,308.5465,0
0.2200,2584466,-0.668518,0.677246,0.215820,-0.218811,79.0034,309.0449,0
0.2300,2584476,-0.669373,0.676392,0.217224,-0.217346,79.3522,309.5314,0
0.2400,2584486,-0.670410,0.675354,0.218628,-0.215942,79.7238,310.0067,0
0.2500,2584496,-0.671570,0.674194,0.220032,-0.214661,80.1149,310.4724,0
0.2600,2584506,-0.672791,0.672913,0.221436,-0.213440,80.5149,310.9292,0
0.2700,2584516,-0.674011,0.671570,0.222778,-0.212280,80.9110,311.3769,0
0.2800,2584526,-0.675171,0.670349,0.224182,-0.211060,81.2875,311.8146,0
0.2900,2584536,-0.676147,0.669312,0.225586,-0.209778,81.6250,312.2471,0
0.3000,2584546,-0.676880,0.668518,0.226929,-0.208374,81.9249,312.6764,0
0.3100,2584556,-0.677490,0.667847,0.228333,-0.206970,82.2039,313.1015,0
0.3200,2584566,-0.678040,0.667297,0.229675,-0.205627,82.4670,313.5232,0
0.3300,2584576,-0.678528,0.666748,0.230957,-0.204224,82.7235,313.9405,0
0.3400,2584586,-0.679016,0.666199,0.232239,-0.202759,82.9791,314.3457,0
0.3500,2584596,-0.679565,0.665649,0.233582,-0.201416,83.2404,314.7419,0
0.3600,2584606,-0.680115,0.664978,0.234985,-0.200012,83.5205,315.1380,0
0.3700,2584616,-0.680725,0.664307,0.236328,-0.198669,83.8028,315.5268,0
0.3800,2584626,-0.681274,0.663635,0.237671,-0.197388,84.0869,315.9085,0
0.3900,2584636,-0.681885,0.662964,0.239014,-0.196106,84.3813,316.2896,0
0.4000,2584646,-0.682434,0.662231,0.240295,-0.194824,84.6833,316.6663,0
0.4100,2584656,-0.682983,0.661621,0.241455,-0.193481,84.9780,317.0450,0
0.4200,2584666,-0.683289,0.661316,0.242676,-0.192139,85.2015,317.4362,0
0.4300,2584676,-0.683350,0.661255,0.243774,-0.190613,85.3768,317.8257,0
0.4400,2584686,-0.683228,0.661499,0.244812,-0.188904,85.5130,318.2101,0
0.4500,2584696,-0.682983,0.661865,0.245789,-0.187134,85.6315,318.5879,0
0.4600,2584706,-0.682739,0.662354,0.246704,-0.185242,85.7548,318.9545,0
0.4700,2584716,-0.682495,0.662781,0.247681,-0.183350,85.8974,319.3148,0
0.4800,2584726,-0.682312,0.663025,0.248657,-0.181519,86.0749,319.6750,0
0.4900,2584736,-0.682678,0.662903,0.250366,-0.178467,86.3057,320.0404,0
0.5000,2584746,-0.683350,0.662231,0.251099,-0.177307,86.5991,320.4076,0
0.5100,2584756,-0.684204,0.661316,0.251831,-0.176331,86.9311,320.7729,0
0.5200,2584766,-0.685059,0.660461,0.252502,-0.175415,87.2522,321.1335,0
0.5300,2584776,-0.685669,0.659790,0.253235,-0.174438,87.5274,321.4830,0
0.5400,2584786,-0.685974,0.659424,0.254089,-0.173279,87.7436,321.8221,0
0.5500,2584796,-0.686035,0.659363,0.255005,-0.171997,87.9156,322.1553,0
0.5600,2584806,-0.685974,0.659424,0.255920,-0.170776,88.0680,322.4884,0
0.5700,2584816,-0.685852,0.659485,0.256714,-0.169617,88.2222,322.8267,0
0.5800,2584826,-0.685852,0.659424,0.257446,-0.168640,88.3975,323.1741,0
0.5900,2584836,-0.686096,0.659119,0.258057,-0.167847,88.6172,323.5246,0
0.6000,2584846,-0.686584,0.658569,0.258606,-0.167297,88.8682,323.8732,0
0.6100,2584856,-0.687073,0.657959,0.259094,-0.166870,89.1307,324.2207,0
0.6200,2584866,-0.687500,0.657410,0.259583,-0.166504,89.3732,324.5634,0
0.6300,2584876,-0.687805,0.657043,0.260071,-0.166199,89.5878,324.9011,0
0.6400,2584886,-0.687927,0.656799,0.260559,-0.165833,89.7728,325.2321,0
0.6500,2584896,-0.687988,0.656677,0.260986,-0.165466,89.9382,325.5593,0
0.6600,2584906,-0.687866,0.656677,0.261414,-0.164978,90.0794,325.8781,0
0.6700,2584916,-0.687683,0.656860,0.261841,-0.164551,90.2001,326.1888,0
0.6800,2584926,-0.687378,0.657104,0.262207,-0.164001,90.3036,326.4900,0
0.6900,2584936,-0.687134,0.657349,0.262573,-0.163513,90.4032,326.7794,0
0.7000,2584946,-0.687073,0.657471,0.262817,-0.163086,90.5246,327.0585,0
0.7100,2584956,-0.687134,0.657349,0.263123,-0.162781,90.6912,327.3334,0
0.7200,2584966,-0.687256,0.657166,0.263367,-0.162598,90.8536,327.6052,0
0.7300,2584976,-0.687439,0.656982,0.263489,-0.162476,91.0080,327.8741,0
0.7400,2584986,-0.687561,0.656799,0.263611,-0.162354,91.1506,328.1426,0
0.7500,2584996,-0.687622,0.656738,0.263672,-0.162354,91.2825,328.4109,0
0.7600,2585006,-0.687683,0.656677,0.263733,-0.162292,91.3935,328.6769,0
0.7700,2585016,-0.687561,0.656799,0.263733,-0.162292,91.4758,328.9421,0
0.7800,2585026,-0.686951,0.657471,0.263489,-0.162354,91.5331,329.2059,0
0.7900,2585036,-0.686646,0.657898,0.263123,-0.162476,91.5820,329.4629,0
0.8000,2585046,-0.686462,0.658264,0.262756,-0.162659,91.6432,329.7124,0
0.8100,2585056,-0.686340,0.658447,0.262329,-0.162964,91.7201,329.9510,0
0.8200,2585066,-0.686340,0.658569,0.261841,-0.163330,91.8097,330.1799,0
0.8300,2585076,-0.686401,0.658569,0.261414,-0.163818,91.9064,330.3966,0
0.8400,2585086,-0.686462,0.658508,0.260986,-0.164368,91.9983,330.6012,0
0.8500,2585096,-0.686401,0.658569,0.260620,-0.164978,92.0622,330.7922,0
0.8600,2585106,-0.686096,0.658875,0.260315,-0.165527,92.0834,330.9747,0
0.8700,2585116,-0.685608,0.659363,0.260071,-0.166016,92.0695,331.1466,0
0.8800,2585126,-0.684998,0.659973,0.259827,-0.166565,92.0431,331.3072,0
0.8900,2585136,-0.684509,0.660400,0.259460,-0.167175,92.0314,331.4589,0
0.9000,2585146,-0.684265,0.660645,0.259033,-0.167847,92.0504,331.6021,0
0.9100,2585156,-0.684204,0.660767,0.258484,-0.168579,92.0883,331.7379,0
0.9200,2585166,-0.684204,0.660889,0.257874,-0.169250,92.1294,331.8608,0
0.9300,2585176,-0.684265,0.660950,0.257141,-0.169800,92.1664,331.9683,0
0.9400,2585186,-0.684265,0.661072,0.256470,-0.170288,92.1833,332.0576,0
0.9500,2585196,-0.684143,0.661377,0.255798,-0.170593,92.1826,332.1317,0
0.9600,2585206,-0.684082,0.661621,0.255188,-0.170837,92.1700,332.1901,0
0.9700,2585216,-0.684082,0.661804,0.254578,-0.171021,92.1589,332.2391,0
0.9800,2585226,-0.684143,0.661926,0.254028,-0.171265,92.1631,332.2771,0
0.9900,2585236,-0.684265,0.661865,0.253479,-0.171570,92.1872,332.3060,0
1.0000,2585246,-0.684509,0.661743,0.252991,-0.171936,92.1997,332.3339,0
1.0100,2585256,-0.684570,0.661682,0.252625,-0.172363,92.1931,332.3596,0
1.0200,2585266,-0.684631,0.661682,0.252197,-0.172791,92.1677,332.3862,0
1.0300,2585276,-0.684509,0.661804,0.251892,-0.173279,92.1307,332.4143,0
1.0400,2585286,-0.684326,0.661987,0.251526,-0.173767,92.0973,332.4360,0
1.0500,2585296,-0.684204,0.662109,0.251221,-0.174316,92.0754,332.4499,0
1.0600,2585306,-0.684082,0.662170,0.250916,-0.174866,92.0634,332.4509,0
1.0700,2585316,-0.684082,0.662231,0.250183,-0.175720,92.0488,332.4434,0
1.0800,2585326,-0.683960,0.662415,0.249878,-0.175964,92.0141,332.4321,0
1.0900,2585336,-0.683838,0.662659,0.249451,-0.176086,91.9560,332.4171,0
1.1000,2585346,-0.683594,0.663086,0.249023,-0.176208,91.8829,332.4057,0
1.1100,2585356,-0.683350,0.663452,0.248596,-0.176270,91.8099,332.3926,0
1.1200,2585366,-0.683228,0.663757,0.248108,-0.176392,91.7504,332.3752,0
1.1300,2585376,-0.683167,0.663879,0.247742,-0.176514,91.7109,332.3528,0
1.1400,2585386,-0.683289,0.663879,0.247375,-0.176697,91.6863,332.3225,0
1.1500,2585396,-0.683411,0.663818,0.247070,-0.176819,91.6713,332.2841,0
1.1600,2585406,-0.683533,0.663757,0.246765,-0.177002,91.6545,332.2459,0
1.1700,2585416,-0.683594,0.663696,0.246521,-0.177185,91.6308,332.2083,0
1.1800,2585426,-0.683594,0.663818,0.246216,-0.177368,91.5903,332.1808,0
1.1900,2585436,-0.683411,0.664062,0.245911,-0.177551,91.5329,332.1581,0
1.2000,2585446,-0.683167,0.664368,0.245544,-0.177795,91.4579,332.1454,0
1.2100,2585456,-0.682861,0.664734,0.245239,-0.178040,91.3801,332.1356,0
1.2200,2585466,-0.682617,0.664978,0.244934,-0.178406,91.3184,332.1255,0
1.2300,2585476,-0.682495,0.665100,0.244690,-0.178833,91.2791,332.1030,0
1.2400,2585486,-0.682556,0.665039,0.244385,-0.179321,91.2600,332.0745,0
1.2500,2585496,-0.682617,0.664917,0.244141,-0.179687,91.2418,332.0402,0
1.2600,2585506,-0.682678,0.664917,0.243835,-0.179993,91.2119,331.9997,0
1.2700,2585516,-0.682556,0.665100,0.243591,-0.180176,91.1555,331.9570,0
1.2800,2585526,-0.682373,0.665405,0.243286,-0.180176,91.0794,331.9124,0
1.2900,2585536,-0.682129,0.665710,0.242981,-0.180176,91.0163,331.8670,0
1.3000,2585546,-0.682068,0.665894,0.242737,-0.180176,90.9761,331.8226,0
1.3100,2585556,-0.682007,0.666016,0.242432,-0.180298,90.9454,331.7809,0
1.3200,2585566,-0.682068,0.666016,0.242126,-0.180420,90.9155,331.7449,0
1.3300,2585576,-0.682129,0.666077,0.241760,-0.180542,90.8782,331.7149,0
1.3400,2585586,-0.682129,0.666199,0.241394,-0.180725,90.8289,331.6879,0
1.3500,2585596,-0.681946,0.666504,0.240662,-0.181152,90.7749,331.6689,0
1.3600,2585606,-0.681885,0.666626,0.240295,-0.181458,90.7263,331.6501,0
1.3700,2585616,-0.681885,0.666687,0.239929,-0.181824,90.6895,331.6302,0
1.3800,2585626,-0.681885,0.666687,0.239563,-0.182190,90.6621,331.6082,0
1.3900,2585636,-0.681946,0.666626,0.239197,-0.182556,90.6433,331.5819,0
1.4000,2585646,-0.682068,0.666565,0.238892,-0.182922,90.6222,331.5454,0
1.4100,2585656,-0.682068,0.666565,0.238647,-0.183167,90.5872,331.4981,0
1.4200,2585666,-0.682007,0.666626,0.238464,-0.183289,90.5307,331.4431,0
1.4300,2585676,-0.681763,0.666870,0.238342,-0.183350,90.4556,331.3908,0
1.4400,2585686,-0.681641,0.667114,0.238159,-0.183411,90.3866,331.3429,0
1.4500,2585696,-0.681580,0.667175,0.237854,-0.183594,90.3417,331.3008,0
1.4600,2585706,-0.681641,0.667175,0.237610,-0.183899,90.3222,331.2648,0
1.4700,2585716,-0.681763,0.667053,0.237244,-0.184204,90.3124,331.2324,0
1.4800,2585726,-0.681885,0.666931,0.236938,-0.184570,90.2952,331.1997,0
1.4900,2585736,-0.681946,0.666870,0.236694,-0.184937,90.2710,331.1613,0
1.5000,2585746,-0.681946,0.666809,0.236511,-0.185242,90.2367,331.1152,0
1.5100,2585756,-0.681946,0.666809,0.236450,-0.185486,90.1957,331.0643,0
1.5200,2585766,-0.681946,0.666809,0.236328,-0.185730,90.1555,331.0067,0
1.5300,2585776,-0.681885,0.666809,0.236267,-0.185913,90.1161,330.9520,0
1.5400,2585786,-0.681885,0.666809,0.236084,-0.186096,90.0767,330.9024,0
1.5500,2585796,-0.681885,0.666870,0.235901,-0.186279,90.0333,330.8546,0
1.5600,2585806,-0.681885,0.666870,0.235718,-0.186462,89.9962,330.8109,0
1.5700,2585816,-0.681946,0.666809,0.235535,-0.186707,89.9822,330.7585,0
1.5800,2585826,-0.682068,0.666687,0.235291,-0.186890,89.9790,330.7052,0
1.5900,2585836,-0.682312,0.666443,0.235107,-0.187134,89.9711,330.6502,0
1.6000,2585846,-0.682495,0.666260,0.234985,-0.187317,89.9493,330.5986,0
1.6100,2585856,-0.682617,0.666138,0.234802,-0.187439,89.9119,330.5526,0
1.6200,2585866,-0.682617,0.666138,0.234680,-0.187622,89.8586,330.5081,0
1.6300,2585876,-0.682556,0.666260,0.234558,-0.187744,89.7894,330.4693,0
1.6400,2585886,-0.682190,0.666626,0.234253,-0.187988,89.7207,330.4336,0
1.6500,2585896,-0.682007,0.666809,0.234192,-0.188232,89.6618,330.3984,0
1.6600,2585906,-0.681885,0.666809,0.234131,-0.188538,89.6212,330.3607,0
1.6700,2585916,-0.681885,0.666748,0.234070,-0.188904,89.5974,330.3170,0
1.6800,2585926,-0.681946,0.666626,0.234070,-0.189209,89.5796,330.2671,0
1.6900,2585936,-0.681946,0.666504,0.234131,-0.189392,89.5507,330.2137,0
1.7000,2585946,-0.681885,0.666504,0.234192,-0.189575,89.5096,330.1562,0
1.7100,2585956,-0.681763,0.666626,0.234192,-0.189636,89.4629,330.1005,0
1.7200,2585966,-0.681641,0.666748,0.234192,-0.189697,89.4100,330.0493,0
1.7300,2585976,-0.681519,0.666870,0.234131,-0.189758,89.3598,330.0060,0
1.7400,2585986,-0.681396,0.666992,0.234070,-0.189819,89.3192,329.9623,0
1.7500,2585996,-0.681396,0.666992,0.233948,-0.189880,89.2908,329.9179,0
1.7600,2586006,-0.681396,0.667053,0.233948,-0.189941,89.2642,329.8710,0
1.7700,2586016,-0.681396,0.667053,0.233948,-0.189941,89.2342,329.8234,0
1.7800,2586026,-0.681335,0.667114,0.233887,-0.190002,89.1997,329.7794,0
1.7900,2586036,-0.681274,0.667175,0.233826,-0.190063,89.1664,329.7435,0
1.8000,2586046,-0.681213,0.667175,0.233765,-0.190125,89.1406,329.7088,0
1.8100,2586056,-0.681274,0.667175,0.233643,-0.190186,89.1257,329.6733,0
1.8200,2586066,-0.681335,0.667114,0.233582,-0.190308,89.1137,329.6355,0
1.8300,2586076,-0.681274,0.667114,0.233582,-0.190369,89.0934,329.5977,0
1.8400,2586086,-0.681152,0.667236,0.233643,-0.190430,89.0558,329.5587,0
1.8500,2586096,-0.680969,0.667419,0.233704,-0.190430,89.0040,329.5223,0
1.8600,2586106,-0.680664,0.667664,0.233765,-0.190491,88.9500,329.4907,0
1.8700,2586116,-0.680420,0.667847,0.233826,-0.190552,88.9141,329.4600,0
1.8800,2586126,-0.680237,0.667969,0.233887,-0.190613,88.8985,329.4242,0
1.8900,2586136,-0.680237,0.667969,0.233948,-0.190735,88.8890,329.3890,0
1.9000,2586146,-0.680176,0.667969,0.234009,-0.190796,88.8746,329.3544,0
1.9100,2586156,-0.680176,0.667969,0.234009,-0.190857,88.8544,329.3244,0
1.9200,2586166,-0.680054,0.668030,0.234009,-0.190857,88.8344,329.2978,0
1.9300,2586176,-0.680054,0.668152,0.233887,-0.190918,88.8203,329.2760,0
1.9400,2586186,-0.680054,0.668213,0.233704,-0.190918,88.8080,329.2560,0
1.9500,2586196,-0.679993,0.668274,0.233582,-0.190918,88.7880,329.2369,0
1.9600,2586206,-0.679871,0.668457,0.233459,-0.190857,88.7547,329.2164,0
1.9700,2586216,-0.679626,0.668762,0.233459,-0.190735,88.7083,329.1951,0
1.9800,2586226,-0.679382,0.669006,0.233459,-0.190735,88.6575,329.1755,0
1.9900,2586236,-0.679138,0.669250,0.233459,-0.190735,88.6140,329.1587,0
2.0000,2586246,-0.679016,0.669373,0.233398,-0.190735,88.5857,329.1402,0
2.0100,2586256,-0.678955,0.669434,0.233337,-0.190796,88.5767,329.1250,0
2.0200,2586266,-0.679016,0.669434,0.233215,-0.190918,88.5800,329.1099,0
2.0300,2586276,-0.678955,0.669434,0.233215,-0.191040,88.5782,329.0950,0
2.0400,2586286,-0.678894,0.669495,0.233154,-0.191162,88.5652,329.0813,0
2.0500,2586296,-0.678772,0.669617,0.233093,-0.191223,88.5405,329.0706,0
2.0600,2586306,-0.678589,0.669800,0.232971,-0.191284,88.5078,329.0623,0
2.0700,2586316,-0.678406,0.669983,0.232910,-0.191406,88.4786,329.0542,0
2.0800,2586326,-0.678223,0.670166,0.232788,-0.191467,88.4521,329.0453,0
2.0900,2586336,-0.678101,0.670349,0.232727,-0.191589,88.4279,329.0320,0
2.1000,2586346,-0.677979,0.670471,0.232605,-0.191650,88.4067,329.0164,0
2.1100,2586356,-0.677856,0.670532,0.232544,-0.191711,88.3907,328.9998,0
2.1200,2586366,-0.677856,0.670593,0.232483,-0.191833,88.3783,328.9816,0
2.1300,2586376,-0.677856,0.670593,0.232422,-0.191895,88.3701,328.9620,0
2.1400,2586386,-0.677795,0.670654,0.232300,-0.191895,88.3635,328.9415,0
2.1500,2586396,-0.677856,0.670715,0.232178,-0.191833,88.3566,328.9221,0
2.1600,2586406,-0.677856,0.670715,0.232056,-0.191833,88.3466,328.9042,0
2.1700,2586416,-0.677856,0.670776,0.231873,-0.191833,88.3364,328.8861,0
2.1800,2586426,-0.677856,0.670837,0.231750,-0.191772,88.3249,328.8677,0
2.1900,2586436,-0.677856,0.670898,0.231689,-0.191772,88.3092,328.8513,0
2.2000,2586446,-0.677734,0.670959,0.231689,-0.191833,88.2912,328.8376,0
2.2100,2586456,-0.677673,0.671021,0.231628,-0.191833,88.2771,328.8226,0
2.2200,2586466,-0.677551,0.671082,0.231689,-0.192200,88.2726,328.8108,0
2.2300,2586476,-0.677551,0.671021,0.231689,-0.192444,88.2797,328.7970,0
2.2400,2586486,-0.677551,0.670898,0.231750,-0.192688,88.2933,328.7816,0
2.2500,2586496,-0.677673,0.670715,0.231750,-0.192871,88.3051,328.7596,0
2.2600,2586506,-0.677673,0.670654,0.231873,-0.192993,88.3085,328.7363,0
2.2700,2586516,-0.677673,0.670593,0.231934,-0.193054,88.3011,328.7142,0
2.2800,2586526,-0.677612,0.670593,0.231873,-0.193176,88.2870,328.6942,0
2.2900,2586536,-0.677551,0.670654,0.231812,-0.193237,88.2718,328.6789,0
2.3000,2586546,-0.677551,0.670715,0.231689,-0.193298,88.2609,328.6642,0
2.3100,2586556,-0.677551,0.670776,0.231567,-0.193298,88.2486,328.6509,0
2.3200,2586566,-0.677551,0.670837,0.231445,-0.193298,88.2393,328.6353,0
2.3300,2586576,-0.677612,0.670837,0.231323,-0.193237,88.2352,328.6158,0
2.3400,2586586,-0.677612,0.670898,0.231201,-0.193115,88.2307,328.5912,0
2.3500,2586596,-0.677673,0.670898,0.231079,-0.192993,88.2193,328.5681,0
2.3600,2586606,-0.677612,0.671021,0.231018,-0.192932,88.2002,328.5473,0
2.3700,2586616,-0.677551,0.671082,0.230957,-0.192810,88.1814,328.5269,0
2.3800,2586626,-0.677551,0.671082,0.230957,-0.192810,88.1731,328.5100,0
2.3900,2586636,-0.677551,0.671082,0.230957,-0.192810,88.1729,328.4980,0
2.4000,2586646,-0.677612,0.671021,0.230957,-0.192932,88.1775,328.4902,0
2.4100,2586656,-0.677551,0.671021,0.230957,-0.193054,88.1723,328.4796,0
2.4200,2586666,-0.677429,0.671143,0.230957,-0.193115,88.1526,328.4714,0
2.4300,2586676,-0.677246,0.671326,0.230957,-0.193115,88.1165,328.4624,0
2.4400,2586686,-0.677002,0.671570,0.230957,-0.193054,88.0768,328.4580,0
2.4500,2586696,-0.676819,0.671814,0.230957,-0.193054,88.0516,328.4544,0
2.4600,2586706,-0.676636,0.671997,0.230896,-0.193054,88.0472,328.4522,0
2.4700,2586716,-0.676636,0.672058,0.230713,-0.193054,88.0621,328.4471,0
2.4800,2586726,-0.676758,0.671997,0.230530,-0.193115,88.0845,328.4376,0
2.4900,2586736,-0.676941,0.671875,0.230408,-0.193115,88.1040,328.4214,0
2.5000,2586746,-0.677124,0.671753,0.230286,-0.193115,88.1077,328.4030,0
2.5100,2586756,-0.677124,0.671753,0.230164,-0.192993,88.0929,328.3879,0
2.5200,2586766,-0.677002,0.671936,0.230164,-0.192932,88.0668,328.3797,0
2.5300,2586776,-0.676941,0.672058,0.230164,-0.192810,88.0433,328.3748,0
2.5400,2586786,-0.676880,0.672119,0.230103,-0.192810,88.0303,328.3714,0
2.5500,2586796,-0.676880,0.672119,0.230103,-0.192810,88.0292,328.3664,0
2.5600,2586806,-0.676880,0.672119,0.230103,-0.192810,88.0288,328.3610,0
2.5700,2586816,-0.676819,0.672119,0.230164,-0.192871,88.0219,328.3553,0
2.5800,2586826,-0.676819,0.672119,0.230164,-0.192871,88.0087,328.3499,0
2.5900,2586836,-0.676697,0.672241,0.230164,-0.192810,87.9921,328.3471,0
2.6000,2586846,-0.676636,0.672302,0.230164,-0.192871,87.9793,328.3425,0
2.6100,2586856,-0.676636,0.672302,0.230164,-0.192871,87.9790,328.3369,0
2.6200,2586866,-0.676697,0.672241,0.230164,-0.192871,87.9876,328.3305,0
2.6300,2586876,-0.676758,0.672180,0.230103,-0.192871,87.9976,328.3208,0
2.6400,2586886,-0.676880,0.672119,0.230103,-0.192871,88.0046,328.3136,0
2.6500,2586896,-0.676880,0.672119,0.230042,-0.192871,88.0031,328.3078,0
2.6600,2586906,-0.676880,0.672119,0.229980,-0.192810,87.9950,328.3048,0
2.6700,2586916,-0.676819,0.672241,0.229919,-0.192810,87.9815,328.3084,0
2.6800,2586926,-0.676697,0.672363,0.229858,-0.192810,87.9662,328.3123,0
2.6900,2586936,-0.676636,0.672424,0.229797,-0.192871,87.9541,328.3166,0
2.7000,2586946,-0.676514,0.672485,0.229797,-0.192993,87.9406,328.3213,0
2.7100,2586956,-0.676453,0.672546,0.229797,-0.193176,87.9314,328.3196,0
2.7200,2586966,-0.676392,0.672485,0.229858,-0.193359,87.9256,328.3133,0
2.7300,2586976,-0.676331,0.672485,0.230042,-0.193481,87.9302,328.2959,0
2.7400,2586986,-0.676331,0.672424,0.230103,-0.193604,87.9423,328.2811,0
2.7500,2586996,-0.676392,0.672302,0.230164,-0.193665,87.9526,328.2664,0
2.7600,2587006,-0.676514,0.672241,0.230103,-0.193726,87.9487,328.2549,0
2.7700,2587016,-0.676514,0.672241,0.230103,-0.193665,87.9290,328.2452,0
2.7800,2587026,-0.676453,0.672363,0.230042,-0.193542,87.9043,328.2337,0
2.7900,2587036,-0.676331,0.672485,0.229980,-0.193359,87.8791,328.2240,0
2.8000,2587046,-0.676147,0.672791,0.229858,-0.193115,87.8611,328.2165,0
2.8100,2587056,-0.676147,0.672852,0.229797,-0.193054,87.8535,328.2166,0
2.8200,2587066,-0.676147,0.672913,0.229675,-0.193054,87.8557,328.2204,0
2.8300,2587076,-0.676208,0.672852,0.229614,-0.193115,87.8674,328.2238,0
2.8400,2587086,-0.676270,0.672791,0.229553,-0.193237,87.8814,328.2252,0
2.8500,2587096,-0.676331,0.672729,0.229553,-0.193298,87.8936,328.2224,0
2.8600,2587106,-0.676331,0.672668,0.229614,-0.193420,87.9010,328.2150,0
2.8700,2587116,-0.676270,0.672607,0.229736,-0.193542,87.9038,328.2020,0
2.8800,2587126,-0.676270,0.672546,0.229919,-0.193604,87.9012,328.1848,0
2.8900,2587136,-0.676208,0.672546,0.230042,-0.193665,87.8963,328.1684,0
2.9000,2587146,-0.676208,0.672485,0.230164,-0.193665,87.8952,328.1523,0
2.9100,2587156,-0.676208,0.672485,0.230225,-0.193726,87.8919,328.1417,0
2.9200,2587166,-0.676147,0.672485,0.230286,-0.193726,87.8851,328.1370,0
2.9300,2587176,-0.676147,0.672485,0.230225,-0.193787,87.8810,328.1373,0
2.9400,2587186,-0.676147,0.672546,0.230164,-0.193848,87.8843,328.1411,0
2.9500,2587196,-0.676208,0.672485,0.230042,-0.193970,87.8957,328.1422,0
2.9600,2587206,-0.676270,0.672424,0.229980,-0.194031,87.9113,328.1391,0
2.9700,2587216,-0.676331,0.672302,0.229980,-0.194031,87.9237,328.1314,0
2.9800,2587226,-0.676392,0.672241,0.229980,-0.194092,87.9284,328.1199,0
2.9900,2587236,-0.676392,0.672241,0.229980,-0.194092,87.9263,328.1086,0
3.0000,2587246,-0.676453,0.672241,0.229980,-0.193970,87.9196,328.0948,0
3.0100,2587256,-0.676453,0.672302,0.229919,-0.193787,87.9097,328.0794,0
3.0200,2587266,-0.676453,0.672363,0.229919,-0.193604,87.9067,328.0691,0
3.0300,2587276,-0.676514,0.672363,0.229858,-0.193481,87.9093,328.0634,0
3.0400,2587286,-0.676514,0.672363,0.229797,-0.193420,87.9117,328.0634,0
3.0500,2587296,-0.676514,0.672363,0.229797,-0.193420,87.9081,328.0663,0
3.0600,2587306,-0.676514,0.672363,0.229797,-0.193420,87.8988,328.0720,0
3.0700,2587316,-0.676453,0.672424,0.229797,-0.193420,87.8898,328.0787,0
3.0800,2587326,-0.676392,0.672485,0.229797,-0.193481,87.8879,328.0831,0
3.0900,2587336,-0.676270,0.672485,0.229858,-0.193787,87.8896,328.0896,0
3.1000,2587346,-0.676270,0.672485,0.229858,-0.193909,87.8894,328.0956,0
3.1100,2587356,-0.676208,0.672485,0.229858,-0.194092,87.8855,328.1008,0
3.1200,2587366,-0.676147,0.672546,0.229797,-0.194214,87.8789,328.1045,0
3.1300,2587376,-0.676086,0.672607,0.229736,-0.194214,87.8655,328.1069,0
3.1400,2587386,-0.676025,0.672668,0.229736,-0.194275,87.8516,328.1042,0
3.1500,2587396,-0.675964,0.672729,0.229736,-0.194275,87.8431,328.0951,0
3.1600,2587406,-0.675964,0.672729,0.229736,-0.194275,87.8404,328.0841,0
3.1700,2587416,-0.675964,0.672729,0.229736,-0.194275,87.8407,328.0736,0
3.1800,2587426,-0.675964,0.672729,0.229675,-0.194214,87.8429,328.0698,0
3.1900,2587436,-0.675964,0.672791,0.229553,-0.194214,87.8414,328.0715,0
3.2000,2587446,-0.675964,0.672852,0.229431,-0.194153,87.8285,328.0779,0
3.2100,2587456,-0.675842,0.673035,0.229309,-0.194153,87.8097,328.0869,0
3.2200,2587466,-0.675781,0.673157,0.229187,-0.194153,87.7937,328.0911,0
3.2300,2587476,-0.675720,0.673218,0.229065,-0.194214,87.7850,328.0922,0
3.2400,2587486,-0.675720,0.673218,0.229004,-0.194275,87.7813,328.0908,0
3.2500,2587496,-0.675659,0.673279,0.228943,-0.194275,87.7796,328.0865,0
3.2600,2587506,-0.675659,0.673279,0.228943,-0.194336,87.7750,328.0831,0
3.2700,2587516,-0.675659,0.673279,0.228943,-0.194397,87.7712,328.0768,0
3.2800,2587526,-0.675659,0.673218,0.229004,-0.194397,87.7688,328.0703,0
3.2900,2587536,-0.675598,0.673218,0.229065,-0.194458,87.7683,328.0617,0
3.3000,2587546,-0.675598,0.673218,0.229126,-0.194519,87.7601,328.0487,0
3.3100,2587556,-0.675598,0.673218,0.229126,-0.194519,87.7422,328.0393,0
3.3200,2587566,-0.675537,0.673279,0.229187,-0.194519,87.7193,328.0374,0
3.3300,2587576,-0.675354,0.673462,0.229126,-0.194519,87.6993,328.0399,0
3.3400,2587586,-0.675232,0.673584,0.229065,-0.194580,87.6904,328.0445,0
3.3500,2587596,-0.675171,0.673645,0.229004,-0.194641,87.6877,328.0460,0
3.3600,2587606,-0.675171,0.673706,0.228943,-0.194763,87.6923,328.0414,0
3.3700,2587616,-0.675232,0.673584,0.228882,-0.194824,87.6979,328.0263,0
3.3800,2587626,-0.675293,0.673523,0.228882,-0.194763,87.7043,328.0085,0
3.3900,2587636,-0.675354,0.673523,0.228882,-0.194702,87.7070,327.9879,0
3.4000,2587646,-0.675354,0.673523,0.228882,-0.194580,87.7007,327.9720,0
3.4100,2587656,-0.675293,0.673584,0.228882,-0.194519,87.6888,327.9641,0
3.4200,2587666,-0.675232,0.673706,0.228821,-0.194458,87.6745,327.9624,0
3.4300,2587676,-0.675171,0.673828,0.228760,-0.194519,87.6601,327.9662,0
3.4400,2587686,-0.675049,0.673889,0.228699,-0.194641,87.6518,327.9722,0
3.4500,2587696,-0.675049,0.673889,0.228699,-0.194763,87.6529,327.9724,0
3.4600,2587706,-0.675049,0.673828,0.228760,-0.194885,87.6598,327.9701,0
3.4700,2587716,-0.675049,0.673706,0.228821,-0.195007,87.6687,327.9615,0
3.4800,2587726,-0.675049,0.673706,0.228882,-0.195068,87.6707,327.9503,0
3.4900,2587736,-0.675049,0.673706,0.228943,-0.195129,87.6643,327.9379,0
3.5000,2587746,-0.674988,0.673767,0.228943,-0.195129,87.6510,327.9261,0
3.5100,2587756,-0.674866,0.673828,0.228943,-0.195068,87.6349,327.9132,0
3.5200,2587766,-0.674805,0.673889,0.229004,-0.195007,87.6213,327.8991,0
3.5300,2587776,-0.674744,0.673950,0.229126,-0.194946,87.6126,327.8804,0
3.5400,2587786,-0.674744,0.673950,0.229187,-0.194824,87.6086,327.8596,0
3.5500,2587796,-0.674805,0.673950,0.229309,-0.194702,87.6084,327.8406,0
3.5600,2587806,-0.674805,0.673889,0.229370,-0.194641,87.6171,327.8250,0
3.5700,2587816,-0.674866,0.673828,0.229431,-0.194580,87.6337,327.8142,0
3.5800,2587826,-0.674988,0.673706,0.229431,-0.194641,87.6524,327.8100,0
3.5900,2587836,-0.675049,0.673645,0.229370,-0.194641,87.6506,327.8131,0
3.6000,2587846,-0.675049,0.673645,0.229370,-0.194641,87.6424,327.8178,0
3.6100,2587856,-0.674988,0.673706,0.229370,-0.194580,87.6339,327.8223,0
3.6200,2587866,-0.674927,0.673767,0.229370,-0.194580,87.6295,327.8289,0
3.6300,2587876,-0.674866,0.673828,0.229431,-0.194641,87.6342,327.8315,0
3.6400,2587886,-0.674805,0.673828,0.229492,-0.194824,87.6523,327.8363,0
3.6500,2587896,-0.674866,0.673706,0.229492,-0.195007,87.6849,327.8336,0
3.6600,2587906,-0.675171,0.673218,0.229675,-0.195435,87.7195,327.8299,0
3.6700,2587916,-0.675232,0.673096,0.229736,-0.195557,87.7416,327.8204,0
3.6800,2587926,-0.675232,0.673035,0.229736,-0.195618,87.7419,327.8102,0
3.6900,2587936,-0.675232,0.673096,0.229858,-0.195496,87.7309,327.7939,0
3.7000,2587946,-0.675232,0.673096,0.229919,-0.195435,87.7234,327.7791,0
3.7100,2587956,-0.675293,0.672974,0.229919,-0.195435,87.7352,327.7674,0
3.7200,2587966,-0.675537,0.672791,0.229858,-0.195496,87.7637,327.7610,0
3.7300,2587976,-0.675720,0.672546,0.229797,-0.195557,87.7949,327.7615,0
3.7400,2587986,-0.675842,0.672424,0.229675,-0.195679,87.8151,327.7685,0
3.7500,2587996,-0.675964,0.672363,0.229553,-0.195801,87.8289,327.7769,0
3.7600,2588006,-0.676025,0.672241,0.229492,-0.195923,87.8389,327.7806,0
3.7700,2588016,-0.676147,0.672119,0.229370,-0.196045,87.8484,327.7817,0
3.7800,2588026,-0.676270,0.671997,0.229370,-0.196045,87.8562,327.7792,0
3.7900,2588036,-0.676392,0.671875,0.229309,-0.196106,87.8648,327.7751,0
3.8000,2588046,-0.676514,0.671814,0.229309,-0.196106,87.8695,327.7705,0
3.8100,2588056,-0.676575,0.671692,0.229248,-0.196167,87.8751,327.7686,0
3.8200,2588066,-0.676636,0.671631,0.229248,-0.196289,87.8762,327.7691,0
3.8300,2588076,-0.676697,0.671570,0.229126,-0.196350,87.8749,327.7700,0
3.8400,2588086,-0.676758,0.671509,0.229004,-0.196472,87.8749,327.7739,0
3.8500,2588096,-0.676880,0.671448,0.228882,-0.196594,87.8783,327.7770,0
3.8600,2588106,-0.676941,0.671326,0.228821,-0.196716,87.8833,327.7787,0
3.8700,2588116,-0.677063,0.671265,0.228699,-0.196838,87.8862,327.7768,0
3.8800,2588126,-0.677124,0.671204,0.228638,-0.196838,87.8617,327.7685,0
3.8900,2588136,-0.677063,0.671265,0.228577,-0.196716,87.8296,327.7593,0
3.9000,2588146,-0.677002,0.671448,0.228516,-0.196594,87.8008,327.7513,0
3.9100,2588156,-0.676941,0.671509,0.228455,-0.196533,87.7776,327.7497,0
3.9200,2588166,-0.676880,0.671631,0.228394,-0.196411,87.7609,327.7500,0
3.9300,2588176,-0.676880,0.671692,0.228271,-0.196350,87.7456,327.7520,0
3.9400,2588186,-0.676880,0.671753,0.228149,-0.196289,87.7371,327.7534,0
3.9500,2588196,-0.676941,0.671814,0.227844,-0.196228,87.7343,327.7553,0
3.9600,2588206,-0.677002,0.671814,0.227722,-0.196228,87.7285,327.7583,0
3.9700,2588216,-0.677002,0.671814,0.227600,-0.196289,87.7242,327.7629,0
3.9800,2588226,-0.677063,0.671753,0.227478,-0.196350,87.7213,327.7667,0
3.9900,2588236,-0.677063,0.671814,0.227356,-0.196289,87.7156,327.7691,0
4.0000,2588246,-0.677124,0.671875,0.227234,-0.196289,87.7012,327.7708,0
4.0100,2588256,-0.677063,0.671936,0.227112,-0.196228,87.6823,327.7701,0
4.0200,2588266,-0.677002,0.672058,0.226990,-0.196106,87.6625,327.7683,0
4.0300,2588276,-0.677002,0.672119,0.226929,-0.195984,87.6478,327.7607,0
4.0400,2588286,-0.677063,0.672119,0.226868,-0.195862,87.6380,327.7505,0
4.0500,2588296,-0.677124,0.672119,0.226868,-0.195740,87.6282,327.7404,0
4.0600,2588306,-0.677063,0.672180,0.226868,-0.195557,87.6099,327.7332,0
4.0700,2588316,-0.677002,0.672302,0.226807,-0.195496,87.5878,327.7317,0
4.0800,2588326,-0.676941,0.672363,0.226868,-0.195496,87.5727,327.7326,0
4.0900,2588336,-0.676941,0.672363,0.226868,-0.195496,87.5702,327.7382,0
4.1000,2588346,-0.676941,0.672363,0.226807,-0.195557,87.5756,327.7459,0
4.1100,2588356,-0.677063,0.672241,0.226746,-0.195557,87.5885,327.7509,0
4.1200,2588366,-0.677124,0.672119,0.226807,-0.195618,87.5995,327.7508,0
4.1300,2588376,-0.677185,0.672058,0.226868,-0.195618,87.6011,327.7437,0
4.1400,2588386,-0.677185,0.672058,0.226929,-0.195557,87.5907,327.7321,0
4.1500,2588396,-0.677124,0.672119,0.226990,-0.195435,87.5703,327.7223,0
4.1600,2588406,-0.677002,0.672241,0.227112,-0.195374,87.5461,327.7179,0
4.1700,2588416,-0.676880,0.672363,0.227173,-0.195251,87.5511,327.7149,0
4.1800,2588426,-0.676941,0.672302,0.227234,-0.195251,87.5748,327.7115,0
4.1900,2588436,-0.677063,0.672180,0.227234,-0.195251,87.6015,327.7070,0
4.2000,2588446,-0.677246,0.671997,0.227234,-0.195251,87.6156,327.7034,0
4.2100,2588456,-0.677368,0.671875,0.227295,-0.195190,87.6112,327.7035,0
4.2200,2588466,-0.677368,0.671875,0.227234,-0.195129,87.5915,327.7036,0
4.2300,2588476,-0.677307,0.671997,0.227173,-0.195068,87.5740,327.7043,0
4.2400,2588486,-0.677246,0.672119,0.227234,-0.195007,87.5693,327.7032,0
4.2500,2588496,-0.677246,0.671997,0.227356,-0.195007,87.5810,327.7027,0
4.2600,2588506,-0.677368,0.671814,0.227478,-0.195129,87.6028,327.6993,0
4.2700,2588516,-0.677429,0.671692,0.227600,-0.195190,87.6223,327.6967,0
4.2800,2588526,-0.677490,0.671570,0.227722,-0.195312,87.6343,327.6953,0
4.2900,2588536,-0.677490,0.671570,0.227783,-0.195374,87.6344,327.6988,0
4.3000,2588546,-0.677490,0.671570,0.227783,-0.195374,87.6310,327.7080,0
4.3100,2588556,-0.677490,0.671570,0.227722,-0.195374,87.6301,327.7222,0
4.3200,2588566,-0.677490,0.671570,0.227600,-0.195496,87.6364,327.7366,0
4.3300,2588576,-0.677551,0.671509,0.227478,-0.195618,87.6452,327.7516,0
4.3400,2588586,-0.677612,0.671448,0.227356,-0.195740,87.6594,327.7663,0
4.3500,2588596,-0.677673,0.671326,0.227295,-0.195862,87.6724,327.7798,0
4.3600,2588606,-0.677795,0.671265,0.227173,-0.195984,87.6835,327.7876,0
4.3700,2588616,-0.677856,0.671204,0.227112,-0.196106,87.6904,327.7910,0
4.3800,2588626,-0.677917,0.671143,0.227173,-0.196167,87.6898,327.7899,0
4.3900,2588636,-0.677856,0.671082,0.227173,-0.196167,87.6779,327.7824,0
4.4000,2588646,-0.677795,0.671143,0.227234,-0.196106,87.6609,327.7711,0
4.4100,2588656,-0.677734,0.671204,0.227356,-0.196045,87.6429,327.7563,0
4.4200,2588666,-0.677734,0.671265,0.227478,-0.195984,87.6306,327.7439,0
4.4300,2588676,-0.677734,0.671204,0.227478,-0.195984,87.6289,327.7328,0
4.4400,2588686,-0.677795,0.671143,0.227539,-0.196045,87.6387,327.7264,0
4.4500,2588696,-0.677917,0.671021,0.227478,-0.196045,87.6527,327.7238,0
4.4600,2588706,-0.677979,0.670898,0.227478,-0.196106,87.6559,327.7285,0
4.4700,2588716,-0.677979,0.670898,0.227478,-0.196228,87.6572,327.7372,0
4.4800,2588726,-0.677979,0.670837,0.227478,-0.196350,87.6566,327.7447,0
4.4900,2588736,-0.677979,0.670837,0.227417,-0.196472,87.6565,327.7529,0
4.5000,2588746,-0.677979,0.670837,0.227356,-0.196655,87.6570,327.7632,0
4.5100,2588756,-0.677979,0.670776,0.227295,-0.196777,87.6509,327.7680,0
4.5200,2588766,-0.677917,0.670837,0.227234,-0.196899,87.6416,327.7690,0
4.5300,2588776,-0.677856,0.670898,0.227112,-0.196960,87.6225,327.7658,0
4.5400,2588786,-0.677795,0.670959,0.227173,-0.196960,87.6031,327.7550,0
4.5500,2588796,-0.677734,0.671021,0.227173,-0.196960,87.5859,327.7401,0
4.5600,2588806,-0.677673,0.671082,0.227234,-0.196838,87.5727,327.7229,0
4.5700,2588816,-0.677673,0.671143,0.227234,-0.196777,87.5590,327.7072,0
4.5800,2588826,-0.677612,0.671204,0.227234,-0.196655,87.5483,327.6965,0
4.5900,2588836,-0.677612,0.671204,0.227295,-0.196533,87.5382,327.6852,0
4.6000,2588846,-0.677612,0.671265,0.227295,-0.196411,87.5268,327.6739,0
4.6100,2588856,-0.677551,0.671326,0.227295,-0.196289,87.5124,327.6620,0
4.6200,2588866,-0.677490,0.671448,0.227417,-0.196228,87.4981,327.6549,0
4.6300,2588876,-0.677429,0.671448,0.227417,-0.196228,87.4899,327.6518,0
4.6400,2588886,-0.677429,0.671448,0.227417,-0.196228,87.4910,327.6512,0
4.6500,2588896,-0.677490,0.671387,0.227417,-0.196289,87.5015,327.6542,0
4.6600,2588906,-0.677551,0.671265,0.227417,-0.196350,87.5181,327.6557,0
4.6700,2588916,-0.677673,0.671204,0.227417,-0.196350,87.5344,327.6589,0
4.6800,2588926,-0.677734,0.671082,0.227417,-0.196411,87.5463,327.6613,0
4.6900,2588936,-0.677795,0.671082,0.227356,-0.196350,87.5452,327.6638,0
4.7000,2588946,-0.677734,0.671204,0.227295,-0.196228,87.5354,327.6638,0
4.7100,2588956,-0.677673,0.671326,0.227234,-0.196106,87.5177,327.6591,0
4.7200,2588966,-0.677612,0.671448,0.227234,-0.195923,87.5010,327.6553,0
4.7300,2588976,-0.677551,0.671570,0.227234,-0.195740,87.4886,327.6505,0
4.7400,2588986,-0.677551,0.671631,0.227234,-0.195618,87.4840,327.6490,0
4.7500,2588996,-0.677551,0.671631,0.227173,-0.195557,87.4945,327.6564,0
4.7600,2589006,-0.677612,0.671570,0.227173,-0.195557,87.5115,327.6670,0
4.7700,2589016,-0.677673,0.671509,0.227112,-0.195618,87.5342,327.6783,0
4.7800,2589026,-0.677795,0.671387,0.227051,-0.195679,87.5558,327.6878,0
4.7900,2589036,-0.677856,0.671265,0.226990,-0.195801,87.5722,327.6975,0
4.8000,2589046,-0.677917,0.671204,0.226990,-0.195923,87.5739,327.7059,0
4.8100,2589056,-0.677917,0.671204,0.226929,-0.196045,87.5584,327.7162,0
4.8200,2589066,-0.677673,0.671448,0.226868,-0.196106,87.5353,327.7267,0
4.8300,2589076,-0.677551,0.671570,0.226807,-0.196106,87.5121,327.7354,0
4.8400,2589086,-0.677429,0.671692,0.226807,-0.196167,87.4996,327.7431,0
4.8500,2589096,-0.677429,0.671692,0.226746,-0.196228,87.4961,327.7474,0
4.8600,2589106,-0.677429,0.671692,0.226746,-0.196228,87.4993,327.7486,0
4.8700,2589116,-0.677429,0.671692,0.226746,-0.196228,87.5041,327.7473,0
4.8800,2589126,-0.677429,0.671692,0.226746,-0.196228,87.5074,327.7449,0
4.8900,2589136,-0.677429,0.671692,0.226746,-0.196228,87.5106,327.7420,0
4.9000,2589146,-0.677429,0.671692,0.226807,-0.196228,87.5142,327.7393,0
4.9100,2589156,-0.677368,0.671692,0.226868,-0.196289,87.5135,327.7342,0
4.9200,2589166,-0.677368,0.671631,0.226868,-0.196350,87.5075,327.7323,0
4.9300,2589176,-0.677307,0.671692,0.226929,-0.196350,87.4976,327.7311,0
4.9400,2589186,-0.677246,0.671753,0.226990,-0.196411,87.4863,327.7317,0
4.9500,2589196,-0.677246,0.671753,0.226990,-0.196411,87.4797,327.7311,0
4.9600,2589206,-0.677246,0.671753,0.226990,-0.196411,87.4812,327.7270,0
4.9700,2589216,-0.677307,0.671692,0.226929,-0.196411,87.4879,327.7202,0
4.9800,2589226,-0.677307,0.671692,0.226929,-0.196411,87.4872,327.7112,0
4.9900,2589236,-0.677307,0.671692,0.226929,-0.196411,87.4793,327.7028,0
5.0000,2589246,-0.677246,0.671753,0.226990,-0.196411,87.4701,327.6953,0
5.0100,2589256,-0.677246,0.671753,0.226990,-0.196472,87.4685,327.6901,0
5.0200,2589266,-0.677307,0.671631,0.227051,-0.196533,87.4776,327.6850,0
5.0300,2589276,-0.677368,0.671509,0.227051,-0.196594,87.4970,327.6797,0
5.0400,2589286,-0.677551,0.671387,0.226990,-0.196655,87.5059,327.6716,0
5.0500,2589296,-0.677612,0.671326,0.226990,-0.196716,87.5008,327.6604,0
5.0600,2589306,-0.677612,0.671265,0.227051,-0.196655,87.4836,327.6485,0
5.0700,2589316,-0.677551,0.671387,0.227051,-0.196472,87.4630,327.6366,0
5.0800,2589326,-0.677490,0.671509,0.227112,-0.196289,87.4512,327.6297,0
5.0900,2589336,-0.677429,0.671570,0.227112,-0.196106,87.4501,327.6254,0
5.1000,2589346,-0.677490,0.671631,0.226990,-0.195984,87.4573,327.6250,0
5.1100,2589356,-0.677551,0.671570,0.226990,-0.195984,87.4684,327.6257,0
5.1200,2589366,-0.677551,0.671570,0.226990,-0.195984,87.4735,327.6270,0
5.1300,2589376,-0.677551,0.671570,0.226990,-0.195984,87.4719,327.6318,0
5.1400,2589386,-0.677490,0.671631,0.227051,-0.195984,87.4632,327.6400,0
5.1500,2589396,-0.677429,0.671631,0.227051,-0.196106,87.4609,327.6542,0
5.1600,2589406,-0.677429,0.671570,0.227051,-0.196289,87.4699,327.6658,0
5.1700,2589416,-0.677490,0.671448,0.226990,-0.196472,87.4899,327.6757,0
5.1800,2589426,-0.677551,0.671387,0.226990,-0.196655,87.5051,327.6827,0
5.1900,2589436,-0.677551,0.671326,0.226929,-0.196716,87.5082,327.6844,0
5.2000,2589446,-0.677551,0.671387,0.226990,-0.196716,87.4987,327.6777,0
5.2100,2589456,-0.677429,0.671448,0.226990,-0.196716,87.4808,327.6684,0
5.2200,2589466,-0.677368,0.671570,0.226990,-0.196655,87.4632,327.6583,0
5.2300,2589476,-0.677307,0.671631,0.226990,-0.196533,87.4524,327.6507,0
5.2400,2589486,-0.677368,0.671631,0.226929,-0.196472,87.4487,327.6459,0
5.2500,2589496,-0.677368,0.671631,0.226868,-0.196411,87.4476,327.6431,0
5.2600,2589506,-0.677368,0.671631,0.226868,-0.196411,87.4459,327.6433,0
5.2700,2589516,-0.677307,0.671692,0.226868,-0.196411,87.4389,327.6466,0
5.2800,2589526,-0.677246,0.671753,0.226868,-0.196472,87.4305,327.6544,0
5.2900,2589536,-0.677185,0.671814,0.226807,-0.196594,87.4232,327.6646,0
5.3000,2589546,-0.677124,0.671814,0.226807,-0.196716,87.4251,327.6744,0
5.3100,2589556,-0.677124,0.671753,0.226807,-0.196960,87.4333,327.6805,0
5.3200,2589566,-0.677063,0.671753,0.226807,-0.197144,87.4191,327.6816,0
5.3300,2589576,-0.676941,0.671814,0.226868,-0.197205,87.3997,327.6772,0
5.3400,2589586,-0.676819,0.671936,0.226929,-0.197266,87.3824,327.6653,0
5.3500,2589596,-0.676697,0.671997,0.227051,-0.197266,87.3713,327.6497,0
5.3600,2589606,-0.676636,0.672058,0.227051,-0.197266,87.3674,327.6351,0
5.3700,2589616,-0.676697,0.672058,0.227112,-0.197205,87.3677,327.6212,0
5.3800,2589626,-0.676697,0.672058,0.227112,-0.197144,87.3681,327.6080,0
5.3900,2589636,-0.676697,0.671997,0.227173,-0.197144,87.3708,327.5997,0
5.4000,2589646,-0.676697,0.672058,0.227112,-0.197083,87.3704,327.5953,0
5.4100,2589656,-0.676697,0.672119,0.227051,-0.196960,87.3641,327.5941,0
5.4200,2589666,-0.676697,0.672180,0.226990,-0.196838,87.3582,327.5930,0
5.4300,2589676,-0.676697,0.672180,0.226929,-0.196777,87.3608,327.5944,0
5.4400,2589686,-0.676819,0.672119,0.226868,-0.196838,87.3740,327.5904,0
5.4500,2589696,-0.676880,0.671997,0.226868,-0.196838,87.3900,327.5837,0
5.4600,2589706,-0.676941,0.671936,0.226868,-0.196838,87.4007,327.5755,0
5.4700,2589716,-0.676941,0.671936,0.226929,-0.196899,87.4008,327.5701,0
5.4800,2589726,-0.676941,0.671936,0.226929,-0.196899,87.4026,327.5642,0
5.4900,2589736,-0.676941,0.671875,0.226929,-0.196899,87.4115,327.5646,0
5.5000,2589746,-0.677063,0.671814,0.226868,-0.197021,87.4281,327.5697,0
5.5100,2589756,-0.677185,0.671631,0.226807,-0.197083,87.4498,327.5727,0
5.5200,2589766,-0.677307,0.671570,0.226685,-0.197083,87.4632,327.5721,0
5.5300,2589776,-0.677307,0.671570,0.226685,-0.197021,87.4606,327.5631,0
5.5400,2589786,-0.677307,0.671631,0.226685,-0.196899,87.4511,327.5530,0
5.5500,2589796,-0.677307,0.671692,0.226685,-0.196716,87.4416,327.5392,0
5.5600,2589806,-0.677368,0.671631,0.226746,-0.196594,87.4390,327.5310,0
5.5700,2589816,-0.677429,0.671631,0.226746,-0.196533,87.4478,327.5280,0
5.5800,2589826,-0.677551,0.671509,0.226685,-0.196594,87.4663,327.5281,0
5.5900,2589836,-0.677673,0.671326,0.226624,-0.196655,87.4880,327.5317,0
5.6000,2589846,-0.677856,0.671204,0.226624,-0.196655,87.5092,327.5388,0
5.6100,2589856,-0.677979,0.671021,0.226562,-0.196716,87.5258,327.5467,0
5.6200,2589866,-0.678101,0.670898,0.226501,-0.196777,87.5220,327.5577,0
5.6300,2589876,-0.678101,0.670959,0.226501,-0.196838,87.4994,327.5680,0
5.6400,2589886,-0.677979,0.671082,0.226440,-0.196838,87.4696,327.5773,0
5.6500,2589896,-0.677795,0.671265,0.226440,-0.196838,87.4472,327.5819,0
5.6600,2589906,-0.677673,0.671387,0.226501,-0.196777,87.4408,327.5827,0
5.6700,2589916,-0.677612,0.671387,0.226501,-0.196777,87.4513,327.5811,0
5.6800,2589926,-0.677795,0.671204,0.226501,-0.196960,87.4714,327.5754,0
5.6900,2589936,-0.677917,0.671021,0.226562,-0.196960,87.4893,327.5659,0
5.7000,2589946,-0.678040,0.670959,0.226624,-0.196899,87.4980,327.5520,0
5.7100,2589956,-0.678040,0.670898,0.226685,-0.196777,87.4991,327.5420,0
5.7200,2589966,-0.678101,0.670898,0.226746,-0.196655,87.4974,327.5308,0
5.7300,2589976,-0.678101,0.670898,0.226746,-0.196533,87.4927,327.5254,0
5.7400,2589986,-0.678162,0.670898,0.226685,-0.196411,87.4931,327.5276,0
5.7500,2589996,-0.678162,0.670959,0.226624,-0.196350,87.4976,327.5373,0
5.7600,2590006,-0.678223,0.670959,0.226440,-0.196289,87.5037,327.5514,0
5.7700,2590016,-0.678284,0.670959,0.226318,-0.196289,87.5124,327.5683,0
5.7800,2590026,-0.678345,0.670898,0.226135,-0.196289,87.5176,327.5855,0
5.7900,2590036,-0.678406,0.670898,0.226013,-0.196289,87.5219,327.5989,0
5.8000,2590046,-0.678467,0.670837,0.226013,-0.196350,87.5283,327.6075,0
5.8100,2590056,-0.678589,0.670715,0.225952,-0.196350,87.5410,327.6103,0
5.8200,2590066,-0.678711,0.670593,0.226013,-0.196472,87.5543,327.6100,0
5.8300,2590076,-0.678772,0.670471,0.226013,-0.196533,87.5650,327.6086,0
5.8400,2590086,-0.678833,0.670410,0.226074,-0.196655,87.5699,327.6064,0
5.8500,2590096,-0.678772,0.670349,0.226135,-0.196716,87.5681,327.6032,0
5.8600,2590106,-0.678772,0.670349,0.226257,-0.196838,87.5592,327.6014,0
5.8700,2590116,-0.678711,0.670349,0.226379,-0.196899,87.5471,327.6002,0
5.8800,2590126,-0.678650,0.670349,0.226440,-0.196960,87.5393,327.5965,0
5.8900,2590136,-0.678650,0.670288,0.226562,-0.197083,87.5336,327.5948,0
5.9000,2590146,-0.678589,0.670288,0.226624,-0.197144,87.5193,327.5956,0
5.9100,2590156,-0.678528,0.670349,0.226685,-0.197144,87.5033,327.5975,0
5.9200,2590166,-0.678467,0.670410,0.226685,-0.197144,87.4899,327.5975,0
5.9300,2590176,-0.678406,0.670471,0.226685,-0.197144,87.4814,327.5981,0
5.9400,2590186,-0.678345,0.670532,0.226746,-0.197144,87.4839,327.5940,0
5.9500,2590196,-0.678345,0.670532,0.226746,-0.197144,87.4935,327.5894,0
5.9600,2590206,-0.678406,0.670410,0.226685,-0.197144,87.5038,327.5845,0
5.9700,2590216,-0.678528,0.670288,0.226685,-0.197205,87.5082,327.5799,0
5.9800,2590226,-0.678528,0.670288,0.226685,-0.197205,87.5094,327.5772,0
5.9900,2590236,-0.678528,0.670288,0.226685,-0.197205,87.5076,327.5753,0
6.0000,2590246,-0.678528,0.670288,0.226685,-0.197205,87.5088,327.5735,0
6.0100,2590256,-0.678528,0.670227,0.226746,-0.197266,87.5112,327.5735,0
6.0200,2590266,-0.678528,0.670227,0.226868,-0.197388,87.5128,327.5734,0
6.0300,2590276,-0.678467,0.670227,0.226929,-0.197510,87.5049,327.5757,0
6.0400,2590286,-0.678467,0.670166,0.226990,-0.197632,87.5015,327.5784,0
6.0500,2590296,-0.678467,0.670105,0.227051,-0.197815,87.5090,327.5773,0
6.0600,2590306,-0.678528,0.669983,0.227112,-0.197937,87.5191,327.5721,0
6.0700,2590316,-0.678528,0.669861,0.227173,-0.197998,87.5251,327.5588,0
6.0800,2590326,-0.678589,0.669861,0.227234,-0.197937,87.5213,327.5433,0
6.0900,2590336,-0.678528,0.669861,0.227356,-0.197876,87.5106,327.5273,0
6.1000,2590346,-0.678589,0.669922,0.227295,-0.197754,87.5040,327.5194,0
6.1100,2590356,-0.678650,0.669861,0.227173,-0.197693,87.5108,327.5167,0
6.1200,2590366,-0.678833,0.669739,0.227112,-0.197632,87.5267,327.5206,0
6.1300,2590376,-0.678955,0.669678,0.226929,-0.197693,87.5454,327.5302,0
6.1400,2590386,-0.679077,0.669617,0.226746,-0.197754,87.5572,327.5418,0
6.1500,2590396,-0.679077,0.669617,0.226624,-0.197815,87.5572,327.5534,0
6.1600,2590406,-0.679016,0.669678,0.226501,-0.197815,87.5417,327.5614,0
6.1700,2590416,-0.678894,0.669800,0.226501,-0.197815,87.5216,327.5660,0
6.1800,2590426,-0.678894,0.669861,0.226501,-0.197815,87.5109,327.5663,0
6.1900,2590436,-0.678894,0.669861,0.226501,-0.197815,87.5167,327.5553,0
6.2000,2590446,-0.678955,0.669739,0.226562,-0.197815,87.5211,327.5442,0
6.2100,2590456,-0.678955,0.669678,0.226685,-0.197876,87.5228,327.5331,0
6.2200,2590466,-0.679016,0.669617,0.226685,-0.197815,87.5215,327.5267,0
6.2300,2590476,-0.679016,0.669617,0.226685,-0.197815,87.5221,327.5230,0
6.2400,2590486,-0.679016,0.669617,0.226685,-0.197815,87.5291,327.5236,0
6.2500,2590496,-0.679138,0.669556,0.226624,-0.197754,87.5382,327.5277,0
6.2600,2590506,-0.679321,0.669434,0.226379,-0.197693,87.5480,327.5352,0
6.2700,2590516,-0.679443,0.669434,0.226196,-0.197754,87.5550,327.5454,0
6.2800,2590526,-0.679443,0.669495,0.226013,-0.197693,87.5489,327.5556,0
6.2900,2590536,-0.679382,0.669617,0.225891,-0.197693,87.5284,327.5641,0
6.3000,2590546,-0.679260,0.669739,0.225769,-0.197632,87.5005,327.5698,0
6.3100,2590556,-0.679138,0.669861,0.225830,-0.197571,87.4746,327.5681,0
6.3200,2590566,-0.679016,0.669983,0.225891,-0.197571,87.4501,327.5623,0
6.3300,2590576,-0.678894,0.670105,0.225952,-0.197571,87.4291,327.5562,0
6.3400,2590586,-0.678833,0.670105,0.226013,-0.197571,87.4181,327.5516,0
6.3500,2590596,-0.678833,0.670105,0.226074,-0.197632,87.4201,327.5508,0
6.3600,2590606,-0.678833,0.670044,0.226013,-0.197693,87.4285,327.5548,0
6.3700,2590616,-0.678894,0.669983,0.225952,-0.197754,87.4371,327.5586,0
6.3800,2590626,-0.678955,0.669922,0.225952,-0.197815,87.4441,327.5604,0
6.3900,2590636,-0.679016,0.669922,0.225952,-0.197815,87.4484,327.5574,0
6.4000,2590646,-0.679077,0.669861,0.225891,-0.197815,87.4524,327.5509,0
6.4100,2590656,-0.679077,0.669861,0.225891,-0.197815,87.4486,327.5466,0
6.4200,2590666,-0.679016,0.669861,0.225952,-0.197815,87.4389,327.5431,0
6.4300,2590676,-0.678955,0.669983,0.225891,-0.197754,87.4251,327.5433,0
6.4400,2590686,-0.678955,0.670044,0.225830,-0.197754,87.4166,327.5477,0
6.4500,2590696,-0.678955,0.669983,0.225769,-0.197815,87.4179,327.5536,0
6.4600,2590706,-0.679077,0.669922,0.225708,-0.197876,87.4281,327.5561,0
6.4700,2590716,-0.679138,0.669861,0.225586,-0.197937,87.4390,327.5579,0
6.4800,2590726,-0.679199,0.669800,0.225586,-0.197998,87.4309,327.5556,0
6.4900,2590736,-0.679199,0.669800,0.225525,-0.197937,87.4196,327.5492,0
6.5000,2590746,-0.679199,0.669800,0.225525,-0.197876,87.4095,327.5403,0
6.5100,2590756,-0.679260,0.669800,0.225525,-0.197876,87.4042,327.5299,0
6.5200,2590766,-0.679260,0.669800,0.225586,-0.197815,87.3986,327.5219,0
6.5300,2590776,-0.679260,0.669739,0.225647,-0.197754,87.3938,327.5166,0
6.5400,2590786,-0.679260,0.669739,0.225647,-0.197754,87.3876,327.5152,0
6.5500,2590796,-0.679260,0.669739,0.225647,-0.197754,87.3863,327.5157,0
6.5600,2590806,-0.679321,0.669739,0.225586,-0.197754,87.3929,327.5178,0
6.5700,2590816,-0.679382,0.669617,0.225586,-0.197815,87.4074,327.5205,0
6.5800,2590826,-0.679504,0.669556,0.225586,-0.197815,87.4213,327.5224,0
6.5900,2590836,-0.679504,0.669556,0.225586,-0.197876,87.4160,327.5255,0
6.6000,2590846,-0.679382,0.669617,0.225647,-0.197815,87.4003,327.5283,0
6.6100,2590856,-0.679321,0.669678,0.225647,-0.197815,87.3836,327.5305,0
6.6200,2590866,-0.679199,0.669800,0.225647,-0.197815,87.3707,327.5319,0
6.6300,2590876,-0.679138,0.669861,0.225708,-0.197754,87.3596,327.5309,0
6.6400,2590886,-0.679077,0.669922,0.225708,-0.197754,87.3491,327.5305,0
6.6500,2590896,-0.679016,0.669983,0.225708,-0.197693,87.3397,327.5278,0
6.6600,2590906,-0.679016,0.669983,0.225708,-0.197693,87.3391,327.5240,0
6.6700,2590916,-0.679016,0.669983,0.225708,-0.197693,87.3462,327.5199,0
6.6800,2590926,-0.679016,0.669983,0.225708,-0.197693,87.3530,327.5159,0
6.6900,2590936,-0.679138,0.669922,0.225708,-0.197754,87.3678,327.5122,0
6.7000,2590946,-0.679199,0.669800,0.225708,-0.197815,87.3806,327.5116,0
6.7100,2590956,-0.679199,0.669739,0.225769,-0.197876,87.3862,327.5128,0
6.7200,2590966,-0.679138,0.669739,0.225830,-0.197937,87.3881,327.5143,0
6.7300,2590976,-0.679138,0.669739,0.225830,-0.198059,87.3867,327.5170,0
6.7400,2590986,-0.679077,0.669739,0.225891,-0.198181,87.3847,327.5213,0
6.7500,2590996,-0.679077,0.669739,0.225830,-0.198181,87.3758,327.5260,0
6.7600,2591006,-0.678955,0.669861,0.225769,-0.198242,87.3548,327.5293,0
6.7700,2591016,-0.678772,0.670044,0.225830,-0.198181,87.3325,327.5265,0
6.7800,2591026,-0.678650,0.670166,0.225830,-0.198181,87.3291,327.5203,0
6.7900,2591036,-0.678650,0.670166,0.225830,-0.198181,87.3449,327.5132,0
6.8000,2591046,-0.678772,0.670044,0.225830,-0.198181,87.3706,327.5046,0
6.8100,2591056,-0.678955,0.669922,0.225769,-0.198242,87.3903,327.4953,0
6.8200,2591066,-0.679077,0.669739,0.225708,-0.198181,87.3905,327.4883,0
6.8300,2591076,-0.679138,0.669800,0.225647,-0.198120,87.3759,327.4798,0
6.8400,2591086,-0.679016,0.669983,0.225525,-0.197876,87.3538,327.4754,0
6.8500,2591096,-0.678955,0.670105,0.225464,-0.197754,87.3357,327.4749,0
6.8600,2591106,-0.678955,0.670166,0.225464,-0.197693,87.3309,327.4761,0
6.8700,2591116,-0.679077,0.670044,0.225403,-0.197754,87.3449,327.4785,0
6.8800,2591126,-0.679199,0.669861,0.225403,-0.197815,87.3717,327.4796,0
6.8900,2591136,-0.679382,0.669678,0.225342,-0.197937,87.3979,327.4789,0
6.9000,2591146,-0.679443,0.669556,0.225403,-0.197998,87.4096,327.4763,0
6.9100,2591156,-0.679443,0.669556,0.225464,-0.198059,87.4036,327.4734,0
6.9200,2591166,-0.679382,0.669678,0.225464,-0.197998,87.3836,327.4706,0
6.9300,2591176,-0.679260,0.669739,0.225464,-0.197998,87.3634,327.4667,0
6.9400,2591186,-0.679199,0.669800,0.225525,-0.197937,87.3532,327.4642,0
6.9500,2591196,-0.679199,0.669800,0.225525,-0.197937,87.3529,327.4619,0
6.9600,2591206,-0.679260,0.669739,0.225464,-0.197876,87.3574,327.4579,0
6.9700,2591216,-0.679321,0.669739,0.225464,-0.197815,87.3569,327.4528,0
6.9800,2591226,-0.679321,0.669739,0.225464,-0.197632,87.3531,327.4445,0
6.9900,2591236,-0.679382,0.669739,0.225464,-0.197449,87.3489,327.4367,0
7.0000,2591246,-0.679443,0.669739,0.225464,-0.197266,87.3543,327.4270,0
7.0100,2591256,-0.679626,0.669678,0.225403,-0.197144,87.3696,327.4244,0
7.0200,2591266,-0.679749,0.669617,0.225281,-0.197021,87.3883,327.4311,0
7.0300,2591276,-0.679871,0.669556,0.225159,-0.196899,87.3953,327.4439,0
7.0400,2591286,-0.679871,0.669617,0.225037,-0.196838,87.3925,327.4584,0
7.0500,2591296,-0.679871,0.669617,0.224976,-0.196777,87.3869,327.4758,0
7.0600,2591306,-0.679871,0.669617,0.224915,-0.196838,87.3964,327.4906,0
7.0700,2591316,-0.679932,0.669556,0.224976,-0.196899,87.4120,327.5009,0
7.0800,2591326,-0.679993,0.669434,0.225037,-0.197021,87.4256,327.5088,0
7.0900,2591336,-0.680054,0.669312,0.225159,-0.197205,87.4266,327.5176,0
7.1000,2591346,-0.679993,0.669250,0.225281,-0.197327,87.4115,327.5251,0
7.1100,2591356,-0.679871,0.669312,0.225464,-0.197449,87.3877,327.5330,0
7.1200,2591366,-0.679687,0.669434,0.225586,-0.197571,87.3645,327.5378,0
7.1300,2591376,-0.679382,0.669556,0.225830,-0.197815,87.3526,327.5419,0
7.1400,2591386,-0.679321,0.669556,0.225891,-0.197937,87.3531,327.5451,0
7.1500,2591396,-0.679382,0.669495,0.225891,-0.197937,87.3602,327.5482,0
7.1600,2591406,-0.679443,0.669434,0.225830,-0.197998,87.3710,327.5518,0
7.1700,2591416,-0.679504,0.669434,0.225769,-0.197937,87.3789,327.5545,0
7.1800,2591426,-0.679504,0.669434,0.225708,-0.197876,87.3823,327.5571,0
7.1900,2591436,-0.679504,0.669434,0.225708,-0.197876,87.3867,327.5572,0
7.2000,2591446,-0.679565,0.669373,0.225708,-0.197937,87.3950,327.5567,0
7.2100,2591456,-0.679626,0.669312,0.225708,-0.197937,87.4041,327.5556,0
7.2200,2591466,-0.679626,0.669312,0.225647,-0.197998,87.4056,327.5588,0
7.2300,2591476,-0.679565,0.669373,0.225586,-0.197998,87.3981,327.5642,0
7.2400,2591486,-0.679504,0.669495,0.225586,-0.198059,87.3849,327.5685,0
7.2500,2591496,-0.679504,0.669495,0.225525,-0.198120,87.3778,327.5685,0
7.2600,2591506,-0.679504,0.669495,0.225525,-0.198120,87.3745,327.5655,0
7.2700,2591516,-0.679504,0.669495,0.225525,-0.198120,87.3744,327.5579,0
7.2800,2591526,-0.679504,0.669495,0.225525,-0.198120,87.3736,327.5466,0
7.2900,2591536,-0.679504,0.669495,0.225586,-0.198059,87.3736,327.5346,0
7.3000,2591546,-0.679504,0.669495,0.225586,-0.198059,87.3729,327.5256,0
7.3100,2591556,-0.679504,0.669434,0.225525,-0.198059,87.3758,327.5236,0
7.3200,2591566,-0.679565,0.669373,0.225464,-0.198120,87.3827,327.5270,0
7.3300,2591576,-0.679626,0.669312,0.225403,-0.198242,87.3958,327.5326,0
7.3400,2591586,-0.679749,0.669250,0.225281,-0.198364,87.4095,327.5392,0
7.3500,2591596,-0.679810,0.669128,0.225220,-0.198486,87.4153,327.5394,0
7.3600,2591606,-0.679871,0.669067,0.225281,-0.198547,87.4126,327.5361,0
7.3700,2591616,-0.679871,0.669067,0.225281,-0.198547,87.4010,327.5294,0
7.3800,2591626,-0.679810,0.669067,0.225281,-0.198547,87.3824,327.5207,0
7.3900,2591636,-0.679749,0.669189,0.225281,-0.198425,87.3646,327.5106,0
7.4000,2591646,-0.679687,0.669312,0.225220,-0.198303,87.3555,327.4992,0
7.4100,2591656,-0.679687,0.669373,0.225220,-0.198181,87.3581,327.4892,0
7.4200,2591666,-0.679871,0.669250,0.225098,-0.197876,87.3700,327.4796,0
7.4300,2591676,-0.679993,0.669189,0.225037,-0.197754,87.3784,327.4754,0
7.4400,2591686,-0.680054,0.669250,0.225037,-0.197632,87.3783,327.4733,0
7.4500,2591696,-0.680054,0.669250,0.224915,-0.197510,87.3793,327.4730,0
7.4600,2591706,-0.680115,0.669312,0.224792,-0.197449,87.3785,327.4733,0
7.4700,2591716,-0.680115,0.669312,0.224731,-0.197388,87.3759,327.4773,0
7.4800,2591726,-0.680115,0.669373,0.224731,-0.197327,87.3700,327.4859,0
7.4900,2591736,-0.680054,0.669373,0.224731,-0.197327,87.3637,327.4940,0
7.5000,2591746,-0.679993,0.669434,0.224792,-0.197327,87.3559,327.5042,0
7.5100,2591756,-0.679993,0.669434,0.224854,-0.197388,87.3551,327.5100,0
7.5200,2591766,-0.679993,0.669312,0.224976,-0.197571,87.3656,327.5150,0
7.5300,2591776,-0.680054,0.669128,0.225098,-0.197754,87.3857,327.5157,0
7.5400,2591786,-0.680115,0.669006,0.225159,-0.197876,87.4053,327.5101,0
7.5500,2591796,-0.680237,0.668884,0.225220,-0.197998,87.4216,327.5049,0
7.5600,2591806,-0.680298,0.668762,0.225220,-0.198059,87.4317,327.4999,0
7.5700,2591816,-0.680298,0.668762,0.225220,-0.198059,87.4342,327.4957,0
7.5800,2591826,-0.680298,0.668823,0.225098,-0.197937,87.4265,327.4948,0
7.5900,2591836,-0.680298,0.668884,0.224976,-0.197815,87.4151,327.4952,0
7.6000,2591846,-0.680298,0.668945,0.224915,-0.197632,87.4071,327.4951,0
7.6100,2591856,-0.680359,0.668945,0.224854,-0.197449,87.4085,327.4921,0
7.6200,2591866,-0.680481,0.668884,0.224854,-0.197388,87.4211,327.4893,0
7.6300,2591876,-0.680664,0.668701,0.224854,-0.197327,87.4413,327.4854,0
7.6400,2591886,-0.680786,0.668579,0.224915,-0.197327,87.4530,327.4828,0
7.6500,2591896,-0.680908,0.668457,0.224976,-0.197327,87.4534,327.4852,0
7.6600,2591906,-0.680847,0.668457,0.225037,-0.197388,87.4490,327.4916,0
7.6700,2591916,-0.680847,0.668457,0.225098,-0.197449,87.4485,327.5030,0
7.6800,2591926,-0.680786,0.668396,0.225159,-0.197510,87.4525,327.5137,0
7.6900,2591936,-0.680847,0.668335,0.225159,-0.197632,87.4647,327.5221,0
7.7000,2591946,-0.680908,0.668274,0.225159,-0.197815,87.4756,327.5288,0
7.7100,2591956,-0.680969,0.668091,0.225281,-0.197937,87.4789,327.5311,0
7.7200,2591966,-0.680969,0.668091,0.225281,-0.197937,87.4767,327.5332,0
7.7300,2591976,-0.680969,0.668091,0.225281,-0.197937,87.4704,327.5359,0
7.7400,2591986,-0.680969,0.668091,0.225281,-0.197937,87.4644,327.5402,0
7.7500,2591996,-0.680969,0.668091,0.225220,-0.197998,87.4629,327.5478,0
7.7600,2592006,-0.680969,0.668091,0.225159,-0.198059,87.4639,327.5557,0
7.7700,2592016,-0.681030,0.668091,0.225098,-0.198120,87.4672,327.5612,0
7.7800,2592026,-0.681091,0.667969,0.225098,-0.198120,87.4756,327.5635,0
7.7900,2592036,-0.681213,0.667908,0.225037,-0.198181,87.4884,327.5627,0
7.8000,2592046,-0.681274,0.667786,0.225037,-0.198181,87.5005,327.5583,0
7.8100,2592056,-0.681335,0.667725,0.225037,-0.198242,87.5044,327.5525,0
7.8200,2592066,-0.681335,0.667786,0.225037,-0.198181,87.4902,327.5486,0
7.8300,2592076,-0.681152,0.667908,0.225037,-0.198181,87.4619,327.5474,0
7.8400,2592086,-0.681030,0.668030,0.225098,-0.198120,87.4320,327.5492,0
7.8500,2592096,-0.680969,0.668091,0.225098,-0.198120,87.4184,327.5520,0
7.8600,2592106,-0.681030,0.668030,0.225159,-0.198181,87.4323,327.5518,0
7.8700,2592116,-0.681213,0.667786,0.225159,-0.198303,87.4651,327.5468,0
7.8800,2592126,-0.681458,0.667542,0.225159,-0.198425,87.4986,327.5403,0
7.8900,2592136,-0.681519,0.667419,0.225098,-0.198486,87.5108,327.5366,0
7.9000,2592146,-0.681580,0.667419,0.225037,-0.198425,87.5058,327.5359,0
7.9100,2592156,-0.681580,0.667480,0.224915,-0.198364,87.4963,327.5406,0
7.9200,2592166,-0.681580,0.667480,0.224792,-0.198364,87.4938,327.5475,0
7.9300,2592176,-0.681641,0.667480,0.224670,-0.198364,87.4873,327.5499,0
7.9400,2592186,-0.681641,0.667480,0.224609,-0.198303,87.4704,327.5474,0
7.9500,2592196,-0.681580,0.667603,0.224609,-0.198242,87.4460,327.5403,0
7.9600,2592206,-0.681458,0.667725,0.224670,-0.198242,87.4276,327.5313,0
7.9700,2592216,-0.681396,0.667725,0.224792,-0.198181,87.4279,327.5222,0
7.9800,2592226,-0.681396,0.667725,0.224915,-0.198181,87.4455,327.5147,0
7.9900,2592236,-0.681519,0.667542,0.225037,-0.198242,87.4681,327.5080,0
8.0000,2592246,-0.681702,0.667297,0.225037,-0.198303,87.4753,327.5076,0
8.0100,2592256,-0.681641,0.667419,0.224976,-0.198303,87.4572,327.5143,0
8.0200,2592266,-0.681519,0.667603,0.224854,-0.198242,87.4294,327.5261,0
8.0300,2592276,-0.681396,0.667786,0.224731,-0.198242,87.4077,327.5396,0
8.0400,2592286,-0.681396,0.667786,0.224609,-0.198242,87.4005,327.5490,0
8.0500,2592296,-0.681396,0.667786,0.224548,-0.198303,87.4021,327.5542,0
8.0600,2592306,-0.681396,0.667786,0.224548,-0.198303,87.3988,327.5539,0
8.0700,2592316,-0.681335,0.667847,0.224548,-0.198303,87.3855,327.5482,0
8.0800,2592326,-0.681274,0.667847,0.224670,-0.198303,87.3712,327.5393,0
8.0900,2592336,-0.681274,0.667847,0.224792,-0.198303,87.3641,327.5296,0
8.1000,2592346,-0.681274,0.667786,0.224915,-0.198303,87.3700,327.5216,0
8.1100,2592356,-0.681335,0.667725,0.224915,-0.198425,87.3821,327.5182,0
8.1200,2592366,-0.681396,0.667603,0.224976,-0.198486,87.3942,327.5184,0
8.1300,2592376,-0.681396,0.667542,0.224976,-0.198547,87.4016,327.5223,0
8.1400,2592386,-0.681396,0.667542,0.224976,-0.198547,87.4038,327.5265,0
8.1500,2592396,-0.681396,0.667542,0.224976,-0.198608,87.3957,327.5298,0
8.1600,2592406,-0.681335,0.667603,0.225037,-0.198669,87.3832,327.5311,0
8.1700,2592416,-0.681213,0.667664,0.225037,-0.198730,87.3684,327.5329,0
8.1800,2592426,-0.681091,0.667786,0.225098,-0.198792,87.3490,327.5359,0
8.1900,2592436,-0.680969,0.667908,0.225098,-0.198853,87.3287,327.5355,0
8.2000,2592446,-0.680786,0.668030,0.225159,-0.198914,87.3089,327.5340,0
8.2100,2592456,-0.680725,0.668091,0.225220,-0.198975,87.2949,327.5290,0
8.2200,2592466,-0.680664,0.668030,0.225281,-0.199036,87.3035,327.5148,0
8.2300,2592476,-0.680725,0.667969,0.225403,-0.199097,87.3223,327.4953,0
8.2400,2592486,-0.680847,0.667847,0.225525,-0.199097,87.3426,327.4745,0
8.2500,2592496,-0.680969,0.667664,0.225586,-0.199036,87.3585,327.4523,0
8.2600,2592506,-0.681091,0.667542,0.225647,-0.198975,87.3587,327.4396,0
8.2700,2592516,-0.681152,0.667542,0.225647,-0.198853,87.3411,327.4336,0
8.2800,2592526,-0.681091,0.667664,0.225647,-0.198669,87.3185,327.4373,0
8.2900,2592536,-0.680908,0.667969,0.225464,-0.198486,87.3094,327.4463,0
8.3000,2592546,-0.680969,0.667969,0.225281,-0.198486,87.3186,327.4585,0
8.3100,2592556,-0.681030,0.667847,0.225220,-0.198547,87.3393,327.4669,0
8.3200,2592566,-0.681152,0.667786,0.225159,-0.198608,87.3558,327.4731,0
8.3300,2592576,-0.681152,0.667725,0.225098,-0.198669,87.3595,327.4755,0
8.3400,2592586,-0.681152,0.667725,0.225220,-0.198730,87.3524,327.4724,0
8.3500,2592596,-0.681091,0.667725,0.225281,-0.198792,87.3451,327.4677,0
8.3600,2592606,-0.681091,0.667664,0.225403,-0.198914,87.3482,327.4615,0
8.3700,2592616,-0.681152,0.667542,0.225464,-0.199036,87.3631,327.4542,0
8.3800,2592626,-0.681274,0.667419,0.225464,-0.199097,87.3813,327.4502,0
8.3900,2592636,-0.681335,0.667297,0.225403,-0.199158,87.3927,327.4494,0
8.4000,2592646,-0.681335,0.667297,0.225403,-0.199158,87.3863,327.4498,0
8.4100,2592656,-0.681274,0.667419,0.225403,-0.199036,87.3654,327.4485,0
8.4200,2592666,-0.681152,0.667603,0.225342,-0.198914,87.3384,327.4485,0
8.4300,2592676,-0.681030,0.667786,0.225342,-0.198792,87.3128,327.4438,0
8.4400,2592686,-0.680969,0.667847,0.225342,-0.198669,87.2999,327.4352,0
8.4500,2592696,-0.680969,0.667847,0.225464,-0.198608,87.3036,327.4253,0
8.4600,2592706,-0.681091,0.667725,0.225525,-0.198486,87.3238,327.4118,0
8.4700,2592716,-0.681274,0.667542,0.225586,-0.198486,87.3477,327.4014,0
8.4800,2592726,-0.681335,0.667419,0.225586,-0.198486,87.3633,327.4004,0
8.4900,2592736,-0.681335,0.667419,0.225586,-0.198486,87.3657,327.4089,0
8.5000,2592746,-0.681335,0.667480,0.225525,-0.198547,87.3650,327.4216,0
8.5100,2592756,-0.681274,0.667480,0.225403,-0.198669,87.3732,327.4438,0
8.5200,2592766,-0.681335,0.667480,0.225220,-0.198792,87.3809,327.4631,0
8.5300,2592776,-0.681335,0.667480,0.225098,-0.198914,87.3816,327.4741,0
8.5400,2592786,-0.681274,0.667480,0.225037,-0.199097,87.3704,327.4792,0
8.5500,2592796,-0.681213,0.667542,0.224976,-0.199097,87.3515,327.4781,0
8.5600,2592806,-0.681152,0.667664,0.225037,-0.199097,87.3294,327.4724,0
8.5700,2592816,-0.681030,0.667786,0.225037,-0.199036,87.3107,327.4628,0
8.5800,2592826,-0.680908,0.667969,0.225098,-0.198914,87.3013,327.4519,0
8.5900,2592836,-0.680847,0.667969,0.225159,-0.198853,87.2959,327.4435,0
8.6000,2592846,-0.680847,0.667969,0.225159,-0.198853,87.2926,327.4384,0
8.6100,2592856,-0.680847,0.667969,0.225159,-0.198853,87.2953,327.4372,0
8.6200,2592866,-0.680847,0.667969,0.225159,-0.198853,87.3004,327.4378,0
8.6300,2592876,-0.680908,0.667908,0.225159,-0.198853,87.3081,327.4388,0
8.6400,2592886,-0.680908,0.667908,0.225159,-0.198853,87.3137,327.4397,0
8.6500,2592896,-0.680908,0.667908,0.225159,-0.198853,87.3130,327.4377,0
8.6600,2592906,-0.680847,0.667969,0.225159,-0.198853,87.3047,327.4347,0
8.6700,2592916,-0.680847,0.668030,0.225220,-0.198792,87.2979,327.4254,0
8.6800,2592926,-0.680847,0.667969,0.225342,-0.198730,87.2939,327.4141,0
8.6900,2592936,-0.680908,0.667969,0.225342,-0.198547,87.2986,327.4004,0
8.7000,2592946,-0.680908,0.667969,0.225403,-0.198425,87.3024,327.3876,0
8.7100,2592956,-0.680969,0.667908,0.225464,-0.198303,87.3007,327.3789,0
8.7200,2592966,-0.681030,0.667908,0.225464,-0.198181,87.3002,327.3755,0
8.7300,2592976,-0.681030,0.667969,0.225403,-0.198120,87.3058,327.3805,0
8.7400,2592986,-0.681091,0.667908,0.225403,-0.198120,87.3187,327.3901,0
8.7500,2592996,-0.681152,0.667847,0.225342,-0.198181,87.3304,327.4027,0
8.7600,2593006,-0.681152,0.667847,0.225281,-0.198242,87.3392,327.4153,0
8.7700,2593016,-0.681152,0.667847,0.225220,-0.198303,87.3398,327.4261,0
8.7800,2593026,-0.681091,0.667908,0.225220,-0.198303,87.3321,327.4303,0
8.7900,2593036,-0.681030,0.667969,0.225281,-0.198242,87.3229,327.4297,0
8.8000,2593046,-0.680969,0.668030,0.225342,-0.198181,87.3237,327.4237,0
8.8100,2593056,-0.680969,0.667969,0.225403,-0.198120,87.3364,327.4203,0
8.8200,2593066,-0.681091,0.667908,0.225403,-0.198120,87.3561,327.4239,0
8.8300,2593076,-0.681213,0.667786,0.225342,-0.198120,87.3826,327.4284,0
8.8400,2593086,-0.681335,0.667664,0.225220,-0.198120,87.4060,327.4328,0
8.8500,2593096,-0.681519,0.667542,0.225159,-0.198120,87.4246,327.4363,0
8.8600,2593106,-0.681641,0.667419,0.225098,-0.198120,87.4388,327.4391,0
8.8700,2593116,-0.681824,0.667297,0.224915,-0.198059,87.4463,327.4399,0
8.8800,2593126,-0.681885,0.667297,0.224915,-0.197998,87.4391,327.4401,0
8.8900,2593136,-0.681763,0.667419,0.224915,-0.197937,87.4158,327.4409,0
8.9000,2593146,-0.681580,0.667603,0.224976,-0.197754,87.3836,327.4441,0
8.9100,2593156,-0.681396,0.667786,0.225037,-0.197632,87.3536,327.4472,0
8.9200,2593166,-0.681274,0.667969,0.225098,-0.197632,87.3341,327.4525,0
8.9300,2593176,-0.681213,0.668030,0.225159,-0.197632,87.3297,327.4576,0
8.9400,2593186,-0.681213,0.667908,0.225281,-0.197693,87.3423,327.4601,0
8.9500,2593196,-0.681274,0.667786,0.225342,-0.197754,87.3642,327.4624,0
8.9600,2593206,-0.681396,0.667664,0.225464,-0.197815,87.3839,327.4602,0
8.9700,2593216,-0.681458,0.667542,0.225525,-0.197876,87.3985,327.4588,0
8.9800,2593226,-0.681458,0.667480,0.225525,-0.197876,87.4064,327.4599,0
8.9900,2593236,-0.681458,0.667480,0.225525,-0.197876,87.4085,327.4638,0
9.0000,2593246,-0.681458,0.667542,0.225464,-0.197815,87.4040,327.4705,0
9.0100,2593256,-0.681458,0.667603,0.225403,-0.197754,87.3998,327.4830,0
9.0200,2593266,-0.681396,0.667725,0.225281,-0.197693,87.3939,327.4996,0
9.0300,2593276,-0.681335,0.667786,0.225159,-0.197693,87.3860,327.5178,0
9.0400,2593286,-0.681274,0.667908,0.225098,-0.197754,87.3736,327.5313,0
9.0500,2593296,-0.681213,0.667969,0.225098,-0.197815,87.3665,327.5417,0
9.0600,2593306,-0.681213,0.667969,0.225098,-0.197815,87.3664,327.5457,0
9.0700,2593316,-0.681213,0.667969,0.225159,-0.197876,87.3704,327.5507,0
9.0800,2593326,-0.681152,0.667908,0.225220,-0.197937,87.3742,327.5549,0
9.0900,2593336,-0.681152,0.667908,0.225342,-0.197998,87.3772,327.5606,0
9.1000,2593346,-0.681091,0.667847,0.225403,-0.198120,87.3806,327.5635,0
9.1100,2593356,-0.681030,0.667847,0.225464,-0.198242,87.3857,327.5656,0
9.1200,2593366,-0.681030,0.667847,0.225525,-0.198303,87.3923,327.5635,0
9.1300,2593376,-0.681030,0.667786,0.225586,-0.198364,87.3932,327.5568,0
9.1400,2593386,-0.681030,0.667786,0.225586,-0.198364,87.3899,327.5486,0
9.1500,2593396,-0.681030,0.667786,0.225586,-0.198364,87.3862,327.5397,0
9.1600,2593406,-0.681091,0.667786,0.225586,-0.198242,87.3912,327.5317,0
9.1700,2593416,-0.681152,0.667725,0.225525,-0.198242,87.4047,327.5254,0
9.1800,2593426,-0.681335,0.667542,0.225525,-0.198303,87.4301,327.5217,0
9.1900,2593436,-0.681458,0.667419,0.225464,-0.198303,87.4560,327.5206,0
9.2000,2593446,-0.681580,0.667297,0.225403,-0.198364,87.4729,327.5237,0
9.2100,2593456,-0.681580,0.667297,0.225403,-0.198425,87.4716,327.5309,0
9.2200,2593466,-0.681458,0.667358,0.225403,-0.198486,87.4555,327.5382,0
9.2300,2593476,-0.681335,0.667542,0.225342,-0.198547,87.4354,327.5488,0
9.2400,2593486,-0.681213,0.667603,0.225281,-0.198608,87.4188,327.5551,0
9.2500,2593496,-0.681152,0.667725,0.225281,-0.198608,87.4041,327.5581,0
9.2600,2593506,-0.681152,0.667725,0.225281,-0.198608,87.3973,327.5562,0
9.2700,2593516,-0.681213,0.667664,0.225281,-0.198608,87.4021,327.5479,0
9.2800,2593526,-0.681335,0.667542,0.225281,-0.198608,87.4204,327.5341,0
9.2900,2593536,-0.681458,0.667358,0.225342,-0.198669,87.4460,327.5186,0
9.3000,2593546,-0.681641,0.667114,0.225403,-0.198669,87.4698,327.5020,0
9.3100,2593556,-0.681763,0.667053,0.225464,-0.198669,87.4763,327.4924,0
9.3200,2593566,-0.681702,0.667114,0.225464,-0.198608,87.4629,327.4875,0
9.3300,2593576,-0.681580,0.667175,0.225525,-0.198608,87.4425,327.4862,0
9.3400,2593586,-0.681519,0.667297,0.225464,-0.198608,87.4249,327.4933,0
9.3500,2593596,-0.681458,0.667358,0.225403,-0.198730,87.4164,327.5041,0
9.3600,2593606,-0.681396,0.667358,0.225281,-0.198792,87.4156,327.5144,0
9.3700,2593616,-0.681396,0.667419,0.225220,-0.198853,87.4116,327.5219,0
9.3800,2593626,-0.681396,0.667419,0.225220,-0.198914,87.4037,327.5206,0
9.3900,2593636,-0.681335,0.667419,0.225220,-0.198914,87.4027,327.5139,0
9.4000,2593646,-0.681335,0.667358,0.225342,-0.198975,87.4059,327.5057,0
9.4100,2593656,-0.681396,0.667297,0.225342,-0.199097,87.4054,327.4986,0
9.4200,2593666,-0.681335,0.667297,0.225403,-0.199097,87.3977,327.4930,0
9.4300,2593676,-0.681335,0.667297,0.225403,-0.199097,87.3852,327.4854,0
9.4400,2593686,-0.681274,0.667358,0.225403,-0.199097,87.3750,327.4763,0
9.4500,2593696,-0.681274,0.667419,0.225403,-0.199036,87.3725,327.4664,0
9.4600,2593706,-0.681335,0.667419,0.225281,-0.198975,87.3760,327.4597,0
9.4700,2593716,-0.681396,0.667419,0.225220,-0.198914,87.3776,327.4562,0
9.4800,2593726,-0.681396,0.667480,0.225098,-0.198792,87.3743,327.4576,0
9.4900,2593736,-0.681458,0.667480,0.224976,-0.198669,87.3700,327.4590,0
9.5000,2593746,-0.681458,0.667542,0.224915,-0.198608,87.3684,327.4634,0
9.5100,2593756,-0.681519,0.667480,0.224854,-0.198547,87.3721,327.4658,0
9.5200,2593766,-0.681580,0.667419,0.224854,-0.198608,87.3762,327.4669,0
9.5300,2593776,-0.681580,0.667419,0.224854,-0.198608,87.3766,327.4722,0
9.5400,2593786,-0.681580,0.667419,0.224854,-0.198608,87.3776,327.4789,0
9.5500,2593796,-0.681641,0.667358,0.224792,-0.198608,87.3844,327.4847,0
9.5600,2593806,-0.681702,0.667297,0.224792,-0.198608,87.3974,327.4908,0
9.5700,2593816,-0.681824,0.667175,0.224792,-0.198730,87.4074,327.4948,0
9.5800,2593826,-0.681763,0.667175,0.224854,-0.198792,87.4051,327.4931,0
9.5900,2593836,-0.681702,0.667175,0.224915,-0.198792,87.3915,327.4886,0
9.6000,2593846,-0.681580,0.667297,0.224976,-0.198730,87.3686,327.4813,0
9.6100,2593856,-0.681519,0.667419,0.224976,-0.198669,87.3493,327.4763,0
9.6200,2593866,-0.681519,0.667480,0.224976,-0.198486,87.3417,327.4691,0
9.6300,2593876,-0.681519,0.667480,0.224915,-0.198364,87.3422,327.4655,0
9.6400,2593886,-0.681580,0.667542,0.224854,-0.198242,87.3450,327.4638,0
9.6500,2593896,-0.681641,0.667542,0.224792,-0.198120,87.3441,327.4646,0
9.6600,2593906,-0.681580,0.667664,0.224670,-0.197998,87.3385,327.4700,0
9.6700,2593916,-0.681580,0.667725,0.224609,-0.197876,87.3368,327.4778,0
9.6800,2593926,-0.681641,0.667725,0.224487,-0.197815,87.3387,327.4828,0
9.6900,2593936,-0.681641,0.667725,0.224487,-0.197754,87.3429,327.4881,0
9.7000,2593946,-0.681641,0.667725,0.224487,-0.197754,87.3499,327.4902,0
9.7100,2593956,-0.681641,0.667725,0.224487,-0.197754,87.3600,327.4898,0
9.7200,2593966,-0.681702,0.667664,0.224548,-0.197815,87.3620,327.4906,0
9.7300,2593976,-0.681580,0.667725,0.224609,-0.197754,87.3501,327.4932,0
9.7400,2593986,-0.681519,0.667847,0.224670,-0.197754,87.3330,327.4962,0
9.7500,2593996,-0.681396,0.667908,0.224670,-0.197693,87.3202,327.5021,0
9.7600,2594006,-0.681335,0.667969,0.224731,-0.197693,87.3147,327.5076,0
9.7700,2594016,-0.681335,0.667969,0.224731,-0.197693,87.3218,327.5159,0
9.7800,2594026,-0.681458,0.667908,0.224670,-0.197693,87.3370,327.5231,0
9.7900,2594036,-0.681519,0.667786,0.224670,-0.197754,87.3561,327.5306,0
9.8000,2594046,-0.681641,0.667664,0.224609,-0.197754,87.3754,327.5341,0
9.8100,2594056,-0.681763,0.667542,0.224609,-0.197815,87.3944,327.5333,0
9.8200,2594066,-0.681885,0.667480,0.224609,-0.197754,87.4059,327.5290,0
9.8300,2594076,-0.681885,0.667480,0.224609,-0.197632,87.4014,327.5243,0
9.8400,2594086,-0.681824,0.667542,0.224609,-0.197510,87.3884,327.5236,0
9.8500,2594096,-0.681763,0.667664,0.224670,-0.197388,87.3718,327.5258,0
9.8600,2594106,-0.681641,0.667786,0.224670,-0.197327,87.3597,327.5310,0
9.8700,2594116,-0.681641,0.667786,0.224670,-0.197327,87.3612,327.5412,0
9.8800,2594126,-0.681702,0.667664,0.224670,-0.197449,87.3763,327.5526,0
9.8900,2594136,-0.681763,0.667542,0.224731,-0.197510,87.3960,327.5616,0
9.9000,2594146,-0.681885,0.667419,0.224731,-0.197693,87.4158,327.5707,0
9.9100,2594156,-0.681946,0.667297,0.224792,-0.197815,87.4365,327.5776,0
9.9200,2594166,-0.682007,0.667175,0.224854,-0.197876,87.4544,327.5811,0
9.9300,2594176,-0.682068,0.667114,0.224854,-0.197937,87.4648,327.5851,0
9.9400,2594186,-0.682068,0.667114,0.224854,-0.197937,87.4664,327.5883,0
9.9500,2594196,-0.682068,0.667114,0.224854,-0.197937,87.4553,327.5978,0
9.9600,2594206,-0.682007,0.667175,0.224792,-0.197937,87.4549,327.6105,0
9.9700,2594216,-0.682007,0.667236,0.224670,-0.197937,87.4675,327.6231,0
9.9800,2594226,-0.682129,0.667175,0.224487,-0.197998,87.4825,327.6277,0
9.9900,2594236,-0.682190,0.667053,0.224426,-0.198059,87.4866,327.6269,0
10.0000,2594246,-0.682251,0.666992,0.224426,-0.198120,87.4834,327.6201,0
10.0100,2594256,-0.682251,0.666992,0.224487,-0.198181,87.4774,327.6089,0
10.0200,2594266,-0.682251,0.666931,0.224731,-0.198242,87.4764,327.5970,0
10.0300,2594276,-0.682251,0.666809,0.224854,-0.198303,87.4791,327.5864,0
10.0400,2594286,-0.682251,0.666809,0.224976,-0.198364,87.4768,327.5817,0
10.0500,2594296,-0.682190,0.666809,0.225037,-0.198364,87.4628,327.5843,0
10.0600,2594306,-0.682068,0.666931,0.224976,-0.198364,87.4442,327.5897,0
10.0700,2594316,-0.682068,0.666931,0.224976,-0.198425,87.4384,327.5941,0
10.0800,2594326,-0.682068,0.666931,0.224854,-0.198547,87.4435,327.5989,0
10.0900,2594336,-0.682190,0.666809,0.224792,-0.198608,87.4555,327.6011,0
10.1000,2594346,-0.682251,0.666748,0.224792,-0.198608,87.4675,327.6008,0
10.1100,2594356,-0.682312,0.666687,0.224792,-0.198669,87.4730,327.5975,0
10.1200,2594366,-0.682312,0.666687,0.224792,-0.198669,87.4657,327.5903,0
10.1300,2594376,-0.682251,0.666748,0.224792,-0.198608,87.4487,327.5810,0
10.1400,2594386,-0.682190,0.666809,0.224792,-0.198608,87.4361,327.5722,0
10.1500,2594396,-0.682251,0.666748,0.224792,-0.198608,87.4390,327.5632,0
10.1600,2594406,-0.682312,0.666626,0.224792,-0.198730,87.4554,327.5565,0
10.1700,2594416,-0.682434,0.666504,0.224792,-0.198792,87.4733,327.5519,0
10.1800,2594426,-0.682495,0.666382,0.224854,-0.198853,87.4821,327.5474,0
10.1900,2594436,-0.682495,0.666382,0.224915,-0.198914,87.4821,327.5443,0
10.2000,2594446,-0.682495,0.666321,0.224976,-0.198975,87.4826,327.5401,0
10.2100,2594456,-0.682556,0.666260,0.224976,-0.199097,87.4891,327.5367,0
10.2200,2594466,-0.682678,0.666077,0.224976,-0.199158,87.5018,327.5318,0
10.2300,2594476,-0.682739,0.666016,0.224976,-0.199219,87.5133,327.5253,0
10.2400,2594486,-0.682800,0.665955,0.224915,-0.199158,87.4993,327.5173,0
10.2500,2594496,-0.682800,0.666016,0.224854,-0.199097,87.4758,327.5086,0
10.2600,2594506,-0.682678,0.666138,0.224854,-0.199036,87.4512,327.5028,0
10.2700,2594516,-0.682617,0.666260,0.224854,-0.198914,87.4331,327.4938,0
10.2800,2594526,-0.682556,0.666382,0.224854,-0.198792,87.4308,327.4852,0
10.2900,2594536,-0.682556,0.666321,0.224915,-0.198730,87.4417,327.4759,0
10.3000,2594546,-0.682678,0.666260,0.224976,-0.198730,87.4593,327.4652,0
10.3100,2594556,-0.682861,0.666016,0.225037,-0.198669,87.4701,327.4557,0
10.3200,2594566,-0.682922,0.666016,0.225098,-0.198608,87.4655,327.4533,0
10.3300,2594576,-0.682800,0.666077,0.225098,-0.198547,87.4516,327.4605,0
10.3400,2594586,-0.682739,0.666199,0.225098,-0.198608,87.4367,327.4726,0
10.3500,2594596,-0.682617,0.666321,0.224976,-0.198608,87.4205,327.4900,0
10.3600,2594606,-0.682556,0.666382,0.224854,-0.198669,87.4105,327.5053,0
10.3700,2594616,-0.682556,0.666443,0.224731,-0.198669,87.4070,327.5163,0
10.3800,2594626,-0.682556,0.666443,0.224670,-0.198669,87.4077,327.5185,0
10.3900,2594636,-0.682617,0.666443,0.224670,-0.198608,87.4109,327.5122,0
10.4000,2594646,-0.682678,0.666382,0.224670,-0.198486,87.4174,327.5028,0
10.4100,2594656,-0.682739,0.666321,0.224731,-0.198364,87.4212,327.4904,0
10.4200,2594666,-0.682800,0.666321,0.224731,-0.198303,87.4167,327.4839,0
10.4300,2594676,-0.682678,0.666443,0.224731,-0.198242,87.4029,327.4843,0
10.4400,2594686,-0.682617,0.666504,0.224792,-0.198242,87.3904,327.4911,0
10.4500,2594696,-0.682556,0.666565,0.224731,-0.198242,87.3819,327.5054,0
10.4600,2594706,-0.682495,0.666565,0.224670,-0.198425,87.3827,327.5249,0
10.4700,2594716,-0.682495,0.666565,0.224609,-0.198608,87.3912,327.5432,0
10.4800,2594726,-0.682495,0.666504,0.224487,-0.198792,87.3974,327.5575,0
10.4900,2594736,-0.682495,0.666565,0.224426,-0.198975,87.3943,327.5693,0
10.5000,2594746,-0.682373,0.666626,0.224426,-0.199097,87.3784,327.5793,0
10.5100,2594756,-0.682190,0.666748,0.224426,-0.199219,87.3559,327.5840,0
10.5200,2594766,-0.682068,0.666809,0.224426,-0.199341,87.3388,327.5866,0
10.5300,2594776,-0.682007,0.666809,0.224426,-0.199463,87.3462,327.5818,0
10.5400,2594786,-0.682068,0.666748,0.224426,-0.199646,87.3562,327.5760,0
10.5500,2594796,-0.682129,0.666687,0.224426,-0.199768,87.3622,327.5658,0
10.5600,2594806,-0.682190,0.666565,0.224426,-0.199829,87.3631,327.5532,0
10.5700,2594816,-0.682251,0.666565,0.224426,-0.199829,87.3616,327.5358,0
10.5800,2594826,-0.682251,0.666565,0.224426,-0.199829,87.3542,327.5163,0
10.5900,2594836,-0.682251,0.666504,0.224487,-0.199768,87.3413,327.4954,0
10.6000,2594846,-0.682190,0.666626,0.224609,-0.199524,87.3256,327.4793,0
10.6100,2594856,-0.682129,0.666687,0.224609,-0.199402,87.3101,327.4634,0
10.6200,2594866,-0.682068,0.666809,0.224670,-0.199280,87.2972,327.4477,0
10.6300,2594876,-0.682068,0.666809,0.224670,-0.199158,87.2920,327.4365,0
10.6400,2594886,-0.682068,0.666809,0.224731,-0.199097,87.2948,327.4265,0
10.6500,2594896,-0.682190,0.666687,0.224792,-0.199036,87.3058,327.4164,0
10.6600,2594906,-0.682312,0.666565,0.224792,-0.198975,87.3294,327.4067,0
10.6700,2594916,-0.682434,0.666382,0.224915,-0.199036,87.3525,327.3982,0
10.6800,2594926,-0.682495,0.666321,0.224976,-0.199036,87.3643,327.3894,0
10.6900,2594936,-0.682495,0.666260,0.225098,-0.198975,87.3619,327.3829,0
10.7000,2594946,-0.682434,0.666321,0.225098,-0.198975,87.3524,327.3809,0
10.7100,2594956,-0.682373,0.666443,0.225098,-0.198975,87.3411,327.3808,0
10.7200,2594966,-0.682373,0.666443,0.225098,-0.198975,87.3386,327.3831,0
10.7300,2594976,-0.682373,0.666443,0.225098,-0.198914,87.3381,327.3828,0
10.7400,2594986,-0.682373,0.666504,0.225098,-0.198792,87.3304,327.3810,0
10.7500,2594996,-0.682312,0.666565,0.225159,-0.198669,87.3148,327.3738,0
10.7600,2595006,-0.682251,0.666626,0.225281,-0.198486,87.3055,327.3643,0
10.7700,2595016,-0.682251,0.666565,0.225403,-0.198364,87.3092,327.3528,0
10.7800,2595026,-0.682373,0.666443,0.225586,-0.198303,87.3294,327.3413,0
10.7900,2595036,-0.682434,0.666321,0.225769,-0.198303,87.3510,327.3352,0
10.8000,2595046,-0.682434,0.666260,0.225891,-0.198303,87.3632,327.3347,0
10.8100,2595056,-0.682434,0.666260,0.226013,-0.198364,87.3676,327.3401,0
10.8200,2595066,-0.682373,0.666321,0.226074,-0.198364,87.3588,327.3524,0
10.8300,2595076,-0.682251,0.666382,0.226074,-0.198364,87.3552,327.3623,0
10.8400,2595086,-0.682190,0.666443,0.226135,-0.198303,87.3595,327.3664,0
10.8500,2595096,-0.682190,0.666443,0.226135,-0.198303,87.3695,327.3661,0
10.8600,2595106,-0.682190,0.666443,0.226196,-0.198242,87.3772,327.3629,0
10.8700,2595116,-0.682251,0.666382,0.226257,-0.198120,87.3811,327.3635,0
10.8800,2595126,-0.682312,0.666382,0.226257,-0.197998,87.3789,327.3694,0
10.8900,2595136,-0.682251,0.666565,0.226196,-0.197754,87.3792,327.3810,0
10.9000,2595146,-0.682251,0.666565,0.226135,-0.197693,87.3931,327.3986,0
10.9100,2595156,-0.682373,0.666443,0.226074,-0.197815,87.4223,327.4212,0
10.9200,2595166,-0.682495,0.666260,0.225891,-0.197998,87.4595,327.4450,0
10.9300,2595176,-0.682678,0.666138,0.225769,-0.198120,87.4906,327.4677,0
10.9400,2595186,-0.682678,0.666138,0.225708,-0.198181,87.4958,327.4831,0
10.9500,2595196,-0.682495,0.666321,0.225708,-0.198181,87.4723,327.4954,0
10.9600,2595206,-0.682312,0.666504,0.225708,-0.198181,87.4410,327.5059,0
10.9700,2595216,-0.682190,0.666626,0.225769,-0.198120,87.4255,327.5135,0
10.9800,2595226,-0.682190,0.666626,0.225830,-0.198181,87.4340,327.5207,0
10.9900,2595236,-0.682251,0.666504,0.225830,-0.198242,87.4563,327.5258,0
11.0000,2595246,-0.682373,0.666382,0.225830,-0.198364,87.4769,327.5294,0
11.0100,2595256,-0.682312,0.666382,0.225891,-0.198364,87.4834,327.5310,0
11.0200,2595266,-0.682251,0.666443,0.225891,-0.198364,87.4712,327.5314,0
11.0300,2595276,-0.682129,0.666565,0.225952,-0.198303,87.4489,327.5347,0
11.0400,2595286,-0.682007,0.666687,0.226013,-0.198242,87.4306,327.5403,0
11.0500,2595296,-0.681946,0.666809,0.225952,-0.198242,87.4215,327.5485,0
11.0600,2595306,-0.681946,0.666809,0.225830,-0.198303,87.4270,327.5593,0
11.0700,2595316,-0.682007,0.666809,0.225708,-0.198364,87.4376,327.5719,0
11.0800,2595326,-0.682007,0.666748,0.225586,-0.198364,87.4471,327.5790,0
11.0900,2595336,-0.682068,0.666748,0.225464,-0.198425,87.4556,327.5859,0
11.1000,2595346,-0.682129,0.666748,0.225403,-0.198364,87.4612,327.5877,0
11.1100,2595356,-0.682129,0.666748,0.225403,-0.198364,87.4576,327.5793,0
11.1200,2595366,-0.682129,0.666687,0.225464,-0.198303,87.4459,327.5714,0
11.1300,2595376,-0.682129,0.666748,0.225525,-0.198242,87.4307,327.5638,0
11.1400,2595386,-0.682007,0.666809,0.225647,-0.198242,87.4263,327.5572,0
11.1500,2595396,-0.682007,0.666809,0.225708,-0.198242,87.4357,327.5539,0
11.1600,2595406,-0.682007,0.666687,0.225769,-0.198364,87.4519,327.5512,0
11.1700,2595416,-0.682129,0.666565,0.225830,-0.198486,87.4612,327.5558,0
11.1800,2595426,-0.682129,0.666565,0.225769,-0.198669,87.4636,327.5643,0
11.1900,2595436,-0.682068,0.666565,0.225708,-0.198730,87.4611,327.5741,0
11.2000,2595446,-0.682068,0.666626,0.225586,-0.198792,87.4605,327.5823,0
11.2100,2595456,-0.682068,0.666626,0.225586,-0.198792,87.4647,327.5835,0
11.2200,2595466,-0.682129,0.666565,0.225586,-0.198792,87.4699,327.5758,0
11.2300,2595476,-0.682129,0.666565,0.225647,-0.198730,87.4706,327.5619,0
11.2400,2595486,-0.682190,0.666504,0.225708,-0.198608,87.4690,327.5434,0
11.2500,2595496,-0.682190,0.666504,0.225830,-0.198486,87.4650,327.5252,0
11.2600,2595506,-0.682251,0.666443,0.225891,-0.198425,87.4674,327.5134,0
11.2700,2595516,-0.682251,0.666443,0.225952,-0.198364,87.4708,327.5087,0
11.2800,2595526,-0.682251,0.666382,0.225952,-0.198425,87.4800,327.5096,0
11.2900,2595536,-0.682312,0.666321,0.225891,-0.198425,87.4911,327.5147,0
11.3000,2595546,-0.682312,0.666382,0.225830,-0.198486,87.4945,327.5229,0
11.3100,2595556,-0.682251,0.666443,0.225830,-0.198547,87.4851,327.5324,0
11.3200,2595566,-0.682190,0.666504,0.225769,-0.198547,87.4685,327.5427,0
11.3300,2595576,-0.682068,0.666626,0.225769,-0.198608,87.4551,327.5465,0
11.3400,2595586,-0.682007,0.666687,0.225769,-0.198547,87.4465,327.5459,0
11.3500,2595596,-0.682007,0.666687,0.225769,-0.198547,87.4436,327.5419,0
11.3600,2595606,-0.682007,0.666687,0.225769,-0.198547,87.4433,327.5356,0
11.3700,2595616,-0.682007,0.666687,0.225769,-0.198547,87.4389,327.5297,0
11.3800,2595626,-0.682007,0.666687,0.225769,-0.198547,87.4347,327.5247,0
11.3900,2595636,-0.682007,0.666687,0.225769,-0.198547,87.4348,327.5187,0
11.4000,2595646,-0.682007,0.666687,0.225769,-0.198547,87.4391,327.5160,0
11.4100,2595656,-0.682007,0.666687,0.225769,-0.198547,87.4408,327.5187,0
11.4200,2595666,-0.682007,0.666687,0.225769,-0.198547,87.4412,327.5208,0
11.4300,2595676,-0.682007,0.666687,0.225769,-0.198547,87.4387,327.5233,0
11.4400,2595686,-0.682007,0.666687,0.225769,-0.198547,87.4339,327.5209,0
11.4500,2595696,-0.682007,0.666687,0.225769,-0.198547,87.4257,327.5128,0
11.4600,2595706,-0.682007,0.666687,0.225830,-0.198486,87.4216,327.4997,0
11.4700,2595716,-0.682068,0.666626,0.225952,-0.198364,87.4219,327.4886,0
11.4800,2595726,-0.682068,0.666626,0.226013,-0.198303,87.4246,327.4816,0
11.4900,2595736,-0.682068,0.666626,0.226013,-0.198303,87.4332,327.4809,0
11.5000,2595746,-0.682129,0.666565,0.225952,-0.198242,87.4472,327.4861,0
11.5100,2595756,-0.682190,0.666565,0.225891,-0.198242,87.4576,327.4965,0
11.5200,2595766,-0.682190,0.666565,0.225769,-0.198242,87.4543,327.5093,0
11.5300,2595776,-0.682129,0.666687,0.225647,-0.198242,87.4422,327.5239,0
11.5400,2595786,-0.682068,0.666748,0.225586,-0.198303,87.4343,327.5389,0
11.5500,2595796,-0.682007,0.666809,0.225464,-0.198425,87.4368,327.5512,0
11.5600,2595806,-0.682068,0.666748,0.225403,-0.198547,87.4505,327.5635,0
11.5700,2595816,-0.682129,0.666626,0.225403,-0.198730,87.4610,327.5722,0
11.5800,2595826,-0.682068,0.666626,0.225403,-0.198853,87.4596,327.5720,0
11.5900,2595836,-0.681946,0.666748,0.225525,-0.198853,87.4394,327.5688,0
11.6000,2595846,-0.681824,0.666870,0.225525,-0.198792,87.4112,327.5623,0
11.6100,2595856,-0.681702,0.666992,0.225586,-0.198792,87.3904,327.5555,0
11.6200,2595866,-0.681641,0.667053,0.225586,-0.198730,87.3789,327.5525,0
11.6300,2595876,-0.681641,0.667053,0.225525,-0.198730,87.3758,327.5521,0
11.6400,2595886,-0.681641,0.667114,0.225464,-0.198669,87.3787,327.5566,0
11.6500,2595896,-0.681702,0.667114,0.225403,-0.198608,87.3815,327.5591,0
11.6600,2595906,-0.681702,0.667114,0.225342,-0.198547,87.3818,327.5603,0
11.6700,2595916,-0.681702,0.667175,0.225281,-0.198486,87.3808,327.5555,0
11.6800,2595926,-0.681763,0.667175,0.225220,-0.198425,87.3776,327.5498,0
11.6900,2595936,-0.681763,0.667175,0.225220,-0.198425,87.3739,327.5425,0
11.7000,2595946,-0.681763,0.667175,0.225220,-0.198425,87.3799,327.5380,0
11.7100,2595956,-0.681763,0.667114,0.225220,-0.198486,87.3921,327.5367,0
11.7200,2595966,-0.681824,0.667053,0.225281,-0.198608,87.4019,327.5378,0
11.7300,2595976,-0.681885,0.666931,0.225342,-0.198669,87.4029,327.5388,0
11.7400,2595986,-0.681824,0.666931,0.225403,-0.198792,87.3962,327.5420,0
11.7500,2595996,-0.681763,0.666931,0.225403,-0.198914,87.3904,327.5475,0
11.7600,2596006,-0.681763,0.666992,0.225220,-0.199036,87.3896,327.5527,0
11.7700,2596016,-0.681763,0.666992,0.225220,-0.199036,87.3925,327.5534,0
11.7800,2596026,-0.681763,0.666992,0.225220,-0.199036,87.3916,327.5482,0
11.7900,2596036,-0.681763,0.666992,0.225220,-0.199036,87.3890,327.5362,0
11.8000,2596046,-0.681763,0.666931,0.225342,-0.198975,87.3853,327.5200,0
11.8100,2596056,-0.681824,0.666931,0.225403,-0.198853,87.3830,327.5004,0
11.8200,2596066,-0.681824,0.666870,0.225525,-0.198730,87.3802,327.4807,0
11.8300,2596076,-0.681885,0.666870,0.225586,-0.198669,87.3825,327.4638,0
11.8400,2596086,-0.681885,0.666809,0.225708,-0.198547,87.3882,327.4514,0
11.8500,2596096,-0.681885,0.666809,0.225769,-0.198547,87.3925,327.4467,0
11.8600,2596106,-0.681885,0.666809,0.225769,-0.198547,87.3947,327.4475,0
11.8700,2596116,-0.681824,0.666870,0.225708,-0.198547,87.3909,327.4573,0
11.8800,2596126,-0.681763,0.666931,0.225647,-0.198608,87.3820,327.4713,0
11.8900,2596136,-0.681702,0.667053,0.225586,-0.198669,87.3759,327.4840,0
11.9000,2596146,-0.681641,0.667053,0.225586,-0.198730,87.3800,327.4912,0
11.9100,2596156,-0.681763,0.666870,0.225647,-0.198914,87.4017,327.4909,0
11.9200,2596166,-0.681885,0.666626,0.225708,-0.199097,87.4338,327.4835,0
11.9300,2596176,-0.682007,0.666443,0.225891,-0.199158,87.4589,327.4699,0
11.9400,2596186,-0.682068,0.666321,0.226074,-0.199219,87.4638,327.4529,0
11.9500,2596196,-0.682007,0.666382,0.226196,-0.199158,87.4500,327.4384,0
11.9600,2596206,-0.681885,0.666504,0.226318,-0.199036,87.4280,327.4283,0
11.9700,2596216,-0.681763,0.666626,0.226318,-0.198975,87.4083,327.4234,0
11.9800,2596226,-0.681763,0.666626,0.226318,-0.198975,87.4359,327.4283,0
11.9900,2596236,-0.681885,0.666443,0.226318,-0.199036,87.4834,327.4329,0
12.0000,2596246,-0.682190,0.666199,0.226196,-0.199158,87.5292,327.4366,0
12.0100,2596256,-0.682495,0.665894,0.226135,-0.199219,87.5508,327.4396,0
12.0200,2596266,-0.682678,0.665710,0.226013,-0.199280,87.5439,327.4401,0
12.0300,2596276,-0.682678,0.665710,0.226013,-0.199219,87.5172,327.4388,0
12.0400,2596286,-0.682556,0.665894,0.225952,-0.199097,87.4901,327.4370,0
12.0500,2596296,-0.682373,0.666077,0.225952,-0.198975,87.4791,327.4334,0
12.0600,2596306,-0.682434,0.666077,0.225952,-0.198975,87.4842,327.4307,0
12.0700,2596316,-0.682495,0.665955,0.225952,-0.199036,87.4943,327.4274,0
12.0800,2596326,-0.682556,0.665894,0.225891,-0.199036,87.5004,327.4256,0
12.0900,2596336,-0.682495,0.665955,0.225952,-0.199036,87.4907,327.4250,0
12.1000,2596346,-0.682434,0.666077,0.225952,-0.198975,87.4708,327.4274,0
12.1100,2596356,-0.682312,0.666138,0.225952,-0.198975,87.4543,327.4320,0
12.1200,2596366,-0.682312,0.666199,0.225952,-0.198975,87.4499,327.4388,0
12.1300,2596376,-0.682373,0.666138,0.225891,-0.199036,87.4594,327.4453,0
12.1400,2596386,-0.682495,0.666016,0.225830,-0.199097,87.4797,327.4502,0
12.1500,2596396,-0.682617,0.665894,0.225769,-0.199097,87.4918,327.4484,0
12.1600,2596406,-0.682617,0.665955,0.225708,-0.199036,87.4843,327.4431,0
12.1700,2596416,-0.682495,0.666138,0.225708,-0.198914,87.4565,327.4406,0
12.1800,2596426,-0.682373,0.666321,0.225647,-0.198792,87.4276,327.4400,0
12.1900,2596436,-0.682251,0.666382,0.225647,-0.198669,87.4138,327.4448,0
12.2000,2596446,-0.682312,0.666382,0.225647,-0.198730,87.4210,327.4511,0
12.2100,2596456,-0.682434,0.666260,0.225525,-0.198792,87.4444,327.4612,0
12.2200,2596466,-0.682556,0.666138,0.225464,-0.198853,87.4654,327.4697,0
12.2300,2596476,-0.682617,0.666077,0.225403,-0.198914,87.4717,327.4777,0
12.2400,2596486,-0.682617,0.666077,0.225403,-0.198914,87.4664,327.4812,0
12.2500,2596496,-0.682556,0.666138,0.225403,-0.198914,87.4567,327.4827,0
12.2600,2596506,-0.682434,0.666260,0.225464,-0.198914,87.4421,327.4860,0
12.2700,2596516,-0.682373,0.666321,0.225464,-0.198853,87.4300,327.4920,0
12.2800,2596526,-0.682312,0.666382,0.225464,-0.198853,87.4167,327.4982,0
12.2900,2596536,-0.682190,0.666504,0.225464,-0.198853,87.4128,327.5034,0
12.3000,2596546,-0.682190,0.666504,0.225464,-0.198975,87.4228,327.5091,0
12.3100,2596556,-0.682190,0.666382,0.225464,-0.199158,87.4394,327.5101,0
12.3200,2596566,-0.682251,0.666260,0.225525,-0.199341,87.4546,327.5140,0
12.3300,2596576,-0.682312,0.666138,0.225525,-0.199524,87.4572,327.5146,0
12.3400,2596586,-0.682251,0.666138,0.225586,-0.199829,87.4465,327.5128,0
12.3500,2596596,-0.682129,0.666199,0.225586,-0.199890,87.4334,327.5093,0
12.3600,2596606,-0.682129,0.666199,0.225647,-0.199951,87.4264,327.5031,0
12.3700,2596616,-0.682190,0.666138,0.225708,-0.200012,87.4303,327.4953,0
12.3800,2596626,-0.682251,0.666077,0.225647,-0.200012,87.4388,327.4838,0
12.3900,2596636,-0.682251,0.666016,0.225647,-0.200012,87.4422,327.4699,0
12.4000,2596646,-0.682312,0.666016,0.225708,-0.199951,87.4347,327.4514,0
12.4100,2596656,-0.682251,0.666016,0.225830,-0.199829,87.4216,327.4296,0
12.4200,2596666,-0.682251,0.666077,0.225952,-0.199707,87.4104,327.4059,0
12.4300,2596676,-0.682251,0.666016,0.226074,-0.199585,87.4076,327.3836,0
12.4400,2596686,-0.682312,0.665955,0.226135,-0.199463,87.4120,327.3642,0
12.4500,2596696,-0.682373,0.665955,0.226196,-0.199280,87.4157,327.3499,0
12.4600,2596706,-0.682373,0.665955,0.226135,-0.199158,87.4138,327.3459,0
12.4700,2596716,-0.682434,0.666016,0.226074,-0.199097,87.4096,327.3487,0
12.4800,2596726,-0.682373,0.666016,0.226074,-0.199097,87.4045,327.3579,0
12.4900,2596736,-0.682373,0.666077,0.226013,-0.199097,87.4050,327.3696,0
12.5000,2596746,-0.682373,0.666077,0.225952,-0.199158,87.4096,327.3825,0
12.5100,2596756,-0.682312,0.666077,0.225952,-0.199280,87.4145,327.3904,0
12.5200,2596766,-0.682312,0.666077,0.225952,-0.199341,87.4210,327.3968,0
12.5300,2596776,-0.682373,0.665955,0.226013,-0.199463,87.4355,327.3957,0
12.5400,2596786,-0.682495,0.665833,0.226074,-0.199585,87.4582,327.3911,0
12.5500,2596796,-0.682556,0.665649,0.226074,-0.199646,87.4761,327.3843,0
12.5600,2596806,-0.682617,0.665649,0.226135,-0.199585,87.4599,327.3726,0
12.5700,2596816,-0.682556,0.665710,0.226257,-0.199463,87.4327,327.3669,0
12.5800,2596826,-0.682434,0.665894,0.226257,-0.199280,87.4098,327.3640,0
12.5900,2596836,-0.682312,0.666016,0.226257,-0.199158,87.4023,327.3676,0
12.6000,2596846,-0.682251,0.666077,0.226257,-0.199036,87.4165,327.3753,0
12.6100,2596856,-0.682373,0.666016,0.226257,-0.199097,87.4419,327.3843,0
12.6200,2596866,-0.682495,0.665894,0.226135,-0.199158,87.4571,327.3911,0
12.6300,2596876,-0.682556,0.665771,0.226135,-0.199219,87.4543,327.3964,0
12.6400,2596886,-0.682434,0.665894,0.226135,-0.199158,87.4339,327.4002,0
12.6500,2596896,-0.682312,0.666077,0.226196,-0.199097,87.4115,327.4021,0
12.6600,2596906,-0.682312,0.666077,0.226135,-0.199097,87.4075,327.4051,0
12.6700,2596916,-0.682434,0.665955,0.226135,-0.199097,87.4274,327.4049,0
12.6800,2596926,-0.682617,0.665771,0.226074,-0.199158,87.4534,327.4036,0
12.6900,2596936,-0.682678,0.665710,0.226074,-0.199158,87.4633,327.4029,0
12.7000,2596946,-0.682617,0.665771,0.226074,-0.199158,87.4519,327.4047,0
12.7100,2596956,-0.682495,0.665894,0.226135,-0.199097,87.4293,327.4093,0
12.7200,2596966,-0.682373,0.666016,0.226074,-0.199097,87.4154,327.4166,0
12.7300,2596976,-0.682434,0.666016,0.226074,-0.199158,87.4230,327.4242,0
12.7400,2596986,-0.682556,0.665894,0.225952,-0.199280,87.4457,327.4314,0
12.7500,2596996,-0.682617,0.665771,0.225952,-0.199280,87.4620,327.4365,0
12.7600,2597006,-0.682617,0.665771,0.225952,-0.199280,87.4631,327.4365,0
12.7700,2597016,-0.682556,0.665833,0.225952,-0.199280,87.4505,327.4330,0
12.7800,2597026,-0.682434,0.665894,0.226074,-0.199219,87.4333,327.4267,0
12.7900,2597036,-0.682373,0.665955,0.226135,-0.199219,87.4216,327.4219,0
12.8000,2597046,-0.682373,0.665955,0.226135,-0.199280,87.4236,327.4210,0
12.8100,2597056,-0.682495,0.665833,0.226135,-0.199341,87.4439,327.4193,0
12.8200,2597066,-0.682678,0.665649,0.226074,-0.199402,87.4804,327.4237,0
12.8300,2597076,-0.682922,0.665405,0.225952,-0.199402,87.5174,327.4274,0
12.8400,2597086,-0.683167,0.665283,0.225769,-0.199402,87.5401,327.4308,0
12.8500,2597096,-0.683167,0.665283,0.225647,-0.199280,87.5154,327.4296,0
12.8600,2597106,-0.683105,0.665466,0.225525,-0.199097,87.4830,327.4283,0
12.8700,2597116,-0.682983,0.665710,0.225464,-0.198853,87.4546,327.4301,0
12.8800,2597126,-0.682861,0.665894,0.225342,-0.198669,87.4383,327.4356,0
12.8900,2597136,-0.682800,0.666016,0.225281,-0.198547,87.4335,327.4413,0
12.9000,2597146,-0.682861,0.666016,0.225220,-0.198547,87.4355,327.4486,0
12.9100,2597156,-0.682861,0.666016,0.225220,-0.198547,87.4416,327.4537,0
12.9200,2597166,-0.682861,0.665833,0.225403,-0.198730,87.4532,327.4548,0
12.9300,2597176,-0.682922,0.665710,0.225525,-0.198914,87.4667,327.4565,0
12.9400,2597186,-0.682983,0.665649,0.225586,-0.198975,87.4789,327.4587,0
12.9500,2597196,-0.682983,0.665527,0.225586,-0.199097,87.4845,327.4588,0
12.9600,2597206,-0.682983,0.665527,0.225586,-0.199097,87.4774,327.4589,0
12.9700,2597216,-0.682922,0.665649,0.225586,-0.199097,87.4588,327.4638,0
12.9800,2597226,-0.682739,0.665833,0.225586,-0.199097,87.4364,327.4708,0
12.9900,2597236,-0.682678,0.665894,0.225586,-0.199097,87.4228,327.4781,0
13.0000,2597246,-0.682617,0.665955,0.225525,-0.199158,87.4235,327.4832,0
13.0100,2597256,-0.682739,0.665894,0.225525,-0.199158,87.4355,327.4832,0
13.0200,2597266,-0.682800,0.665771,0.225464,-0.199219,87.4510,327.4786,0
13.0300,2597276,-0.682861,0.665710,0.225525,-0.199158,87.4593,327.4676,0
13.0400,2597286,-0.682861,0.665649,0.225586,-0.199097,87.4570,327.4560,0
13.0500,2597296,-0.682861,0.665710,0.225647,-0.199036,87.4483,327.4468,0
13.0600,2597306,-0.682800,0.665771,0.225647,-0.199036,87.4365,327.4434,0
13.0700,2597316,-0.682739,0.665833,0.225647,-0.199036,87.4276,327.4466,0
13.0800,2597326,-0.682678,0.665894,0.225647,-0.199036,87.4210,327.4563,0
13.0900,2597336,-0.682678,0.665894,0.225586,-0.199158,87.4194,327.4672,0
13.1000,2597346,-0.682617,0.665955,0.225464,-0.199219,87.4220,327.4770,0
13.1100,2597356,-0.682678,0.665894,0.225403,-0.199280,87.4279,327.4822,0
13.1200,2597366,-0.682678,0.665894,0.225464,-0.199280,87.4306,327.4853,0
13.1300,2597376,-0.682678,0.665894,0.225464,-0.199280,87.4267,327.4876,0
13.1400,2597386,-0.682678,0.665894,0.225525,-0.199341,87.4229,327.4838,0
13.1500,2597396,-0.682617,0.665894,0.225586,-0.199402,87.4223,327.4771,0
13.1600,2597406,-0.682617,0.665833,0.225586,-0.199402,87.4247,327.4685,0
13.1700,2597416,-0.682617,0.665833,0.225647,-0.199463,87.4240,327.4597,0
13.1800,2597426,-0.682617,0.665833,0.225647,-0.199463,87.4211,327.4483,0
13.1900,2597436,-0.682617,0.665833,0.225708,-0.199402,87.4148,327.4393,0
13.2000,2597446,-0.682556,0.665894,0.225708,-0.199402,87.4100,327.4325,0
13.2100,2597456,-0.682556,0.665894,0.225708,-0.199402,87.4096,327.4302,0
13.2200,2597466,-0.682556,0.665894,0.225708,-0.199402,87.4163,327.4304,0
13.2300,2597476,-0.682617,0.665833,0.225586,-0.199463,87.4279,327.4360,0
13.2400,2597486,-0.682739,0.665771,0.225525,-0.199524,87.4460,327.4418,0
13.2500,2597496,-0.682861,0.665588,0.225403,-0.199646,87.4656,327.4456,0
13.2600,2597506,-0.682983,0.665466,0.225403,-0.199646,87.4819,327.4462,0
13.2700,2597516,-0.683044,0.665466,0.225403,-0.199707,87.4849,327.4415,0
13.2800,2597526,-0.682983,0.665466,0.225464,-0.199646,87.4699,327.4310,0
13.2900,2597536,-0.682861,0.665588,0.225586,-0.199524,87.4432,327.4151,0
13.3000,2597546,-0.682739,0.665710,0.225708,-0.199341,87.4191,327.3996,0
13.3100,2597556,-0.682678,0.665771,0.225830,-0.199219,87.4022,327.3855,0
13.3200,2597566,-0.682617,0.665771,0.225952,-0.199158,87.3945,327.3745,0
13.3300,2597576,-0.682617,0.665771,0.226074,-0.199158,87.3931,327.3693,0
13.3400,2597586,-0.682617,0.665771,0.226135,-0.199219,87.3941,327.3709,0
13.3500,2597596,-0.682617,0.665771,0.226135,-0.199219,87.3939,327.3772,0
13.3600,2597606,-0.682617,0.665771,0.226074,-0.199280,87.3949,327.3891,0
13.3700,2597616,-0.682617,0.665833,0.225952,-0.199280,87.4000,327.4034,0
13.3800,2597626,-0.682617,0.665771,0.225830,-0.199341,87.4084,327.4146,0
13.3900,2597636,-0.682678,0.665771,0.225769,-0.199280,87.4182,327.4205,0
13.4000,2597646,-0.682678,0.665771,0.225769,-0.199280,87.4191,327.4214,0
13.4100,2597656,-0.682678,0.665833,0.225769,-0.199280,87.4123,327.4193,0
13.4200,2597666,-0.682556,0.665894,0.225830,-0.199219,87.3993,327.4184,0
13.4300,2597676,-0.682495,0.666016,0.225830,-0.199219,87.3929,327.4217,0
13.4400,2597686,-0.682434,0.666016,0.225891,-0.199219,87.3969,327.4255,0
13.4500,2597696,-0.682373,0.666016,0.225952,-0.199280,87.4037,327.4283,0
13.4600,2597706,-0.682373,0.666016,0.226013,-0.199341,87.4066,327.4327,0
13.4700,2597716,-0.682312,0.665955,0.226074,-0.199524,87.4064,327.4358,0
13.4800,2597726,-0.682251,0.665955,0.226135,-0.199646,87.4091,327.4350,0
13.4900,2597736,-0.682251,0.665955,0.226257,-0.199707,87.4165,327.4336,0
13.5000,2597746,-0.682312,0.665771,0.226318,-0.199951,87.4312,327.4335,0
13.5100,2597756,-0.682373,0.665649,0.226379,-0.200012,87.4451,327.4298,0
13.5200,2597766,-0.682434,0.665649,0.226318,-0.200073,87.4537,327.4257,0
13.5300,2597776,-0.682434,0.665649,0.226318,-0.200073,87.4523,327.4212,0
13.5400,2597786,-0.682373,0.665710,0.226379,-0.200012,87.4408,327.4140,0
13.5500,2597796,-0.682312,0.665771,0.226379,-0.200012,87.4312,327.4095,0
13.5600,2597806,-0.682312,0.665771,0.226318,-0.199951,87.4285,327.4071,0
13.5700,2597816,-0.682312,0.665771,0.226257,-0.199951,87.4337,327.4053,0
13.5800,2597826,-0.682373,0.665771,0.226257,-0.199890,87.4398,327.4054,0
13.5900,2597836,-0.682373,0.665771,0.226196,-0.199829,87.4439,327.4055,0
13.6000,2597846,-0.682373,0.665771,0.226196,-0.199829,87.4436,327.4056,0
13.6100,2597856,-0.682373,0.665771,0.226135,-0.199890,87.4366,327.4075,0
13.6200,2597866,-0.682373,0.665771,0.226135,-0.199890,87.4341,327.4075,0
13.6300,2597876,-0.682434,0.665710,0.226196,-0.199951,87.4436,327.4063,0
13.6400,2597886,-0.682495,0.665588,0.226196,-0.200073,87.4562,327.4022,0
13.6500,2597896,-0.682556,0.665527,0.226196,-0.200073,87.4616,327.3947,0
13.6600,2597906,-0.682556,0.665588,0.226196,-0.200073,87.4496,327.3859,0
13.6700,2597916,-0.682434,0.665710,0.226196,-0.199951,87.4233,327.3781,0
13.6800,2597926,-0.682312,0.665894,0.226196,-0.199890,87.3977,327.3700,0
13.6900,2597936,-0.682251,0.665894,0.226135,-0.199829,87.3926,327.3618,0
13.7000,2597946,-0.682373,0.665833,0.226135,-0.199768,87.4049,327.3534,0
13.7100,2597956,-0.682495,0.665710,0.226135,-0.199768,87.4267,327.3480,0
13.7200,2597966,-0.682556,0.665649,0.226135,-0.199707,87.4279,327.3434,0
13.7300,2597976,-0.682556,0.665649,0.226196,-0.199707,87.4230,327.3414,0
13.7400,2597986,-0.682556,0.665649,0.226196,-0.199707,87.4172,327.3407,0
13.7500,2597996,-0.682556,0.665649,0.226196,-0.199707,87.4123,327.3412,0
13.7600,2598006,-0.682495,0.665710,0.226196,-0.199646,87.4052,327.3435,0
13.7700,2598016,-0.682434,0.665771,0.226196,-0.199646,87.3950,327.3486,0
13.7800,2598026,-0.682373,0.665833,0.226257,-0.199646,87.3894,327.3517,0
13.7900,2598036,-0.682312,0.665894,0.226257,-0.199646,87.3888,327.3558,0
13.8000,2598046,-0.682312,0.665894,0.226257,-0.199646,87.3954,327.3580,0
13.8100,2598056,-0.682373,0.665833,0.226257,-0.199646,87.4064,327.3576,0
13.8200,2598066,-0.682373,0.665833,0.226257,-0.199646,87.4115,327.3549,0
13.8300,2598076,-0.682373,0.665833,0.226257,-0.199646,87.4069,327.3530,0
13.8400,2598086,-0.682312,0.665894,0.226257,-0.199585,87.3971,327.3499,0
13.8500,2598096,-0.682251,0.665955,0.226257,-0.199585,87.3914,327.3464,0
13.8600,2598106,-0.682251,0.665955,0.226257,-0.199585,87.3908,327.3461,0
13.8700,2598116,-0.682312,0.665955,0.226196,-0.199585,87.3996,327.3452,0
13.8800,2598126,-0.682373,0.665894,0.226196,-0.199585,87.4116,327.3455,0
13.8900,2598136,-0.682373,0.665894,0.226196,-0.199585,87.4147,327.3452,0
13.9000,2598146,-0.682312,0.665894,0.226196,-0.199585,87.4093,327.3455,0
13.9100,2598156,-0.682251,0.666016,0.226257,-0.199524,87.3988,327.3422,0
13.9200,2598166,-0.682190,0.666077,0.226196,-0.199463,87.3919,327.3391,0
13.9300,2598176,-0.682190,0.666077,0.226196,-0.199463,87.3888,327.3379,0
13.9400,2598186,-0.682190,0.666077,0.226196,-0.199463,87.3918,327.3362,0
13.9500,2598196,-0.682251,0.666077,0.226135,-0.199402,87.3983,327.3358,0
13.9600,2598206,-0.682251,0.666077,0.226135,-0.199402,87.4020,327.3377,0
13.9700,2598216,-0.682251,0.666077,0.226135,-0.199402,87.4026,327.3408,0
13.9800,2598226,-0.682251,0.666077,0.226135,-0.199402,87.4026,327.3461,0
13.9900,2598236,-0.682190,0.666077,0.226074,-0.199463,87.4037,327.3540,0
14.0000,2598246,-0.682190,0.666138,0.226013,-0.199524,87.4017,327.3646,0
14.0100,2598256,-0.682190,0.666138,0.226013,-0.199524,87.3992,327.3705,0
14.0200,2598266,-0.682190,0.666138,0.226013,-0.199524,87.3920,327.3719,0
14.0300,2598276,-0.682190,0.666199,0.225952,-0.199463,87.3805,327.3702,0
14.0400,2598286,-0.682129,0.666260,0.225891,-0.199402,87.3618,327.3669,0
14.0500,2598296,-0.682007,0.666382,0.225891,-0.199341,87.3447,327.3637,0
14.0600,2598306,-0.681946,0.666504,0.225952,-0.199280,87.3384,327.3637,0
14.0700,2598316,-0.681885,0.666565,0.225952,-0.199280,87.3516,327.3660,0
14.0800,2598326,-0.682068,0.666321,0.225891,-0.199463,87.3765,327.3724,0
14.0900,2598336,-0.682129,0.666199,0.225891,-0.199585,87.3966,327.3791,0
14.1000,2598346,-0.682190,0.666199,0.225830,-0.199646,87.4020,327.3878,0
14.1100,2598356,-0.682068,0.666260,0.225769,-0.199646,87.3864,327.3905,0
14.1200,2598366,-0.681885,0.666443,0.225830,-0.199585,87.3580,327.3890,0
14.1300,2598376,-0.681763,0.666626,0.225891,-0.199524,87.3315,327.3828,0
14.1400,2598386,-0.681641,0.666748,0.225952,-0.199463,87.3129,327.3735,0
14.1500,2598396,-0.681641,0.666748,0.226074,-0.199341,87.3089,327.3587,0
14.1600,2598406,-0.681702,0.666687,0.226196,-0.199219,87.3212,327.3405,0
14.1700,2598416,-0.681824,0.666565,0.226257,-0.199158,87.3401,327.3250,0
14.1800,2598426,-0.681885,0.666443,0.226318,-0.199097,87.3563,327.3176,0
14.1900,2598436,-0.681946,0.666443,0.226318,-0.199036,87.3627,327.3177,0
14.2000,2598446,-0.681885,0.666504,0.226318,-0.198975,87.3575,327.3219,0
14.2100,2598456,-0.681824,0.666626,0.226257,-0.198914,87.3514,327.3306,0
14.2200,2598466,-0.681824,0.666626,0.226257,-0.198914,87.3546,327.3401,0
14.2300,2598476,-0.681824,0.666565,0.226318,-0.198975,87.3652,327.3485,0
14.2400,2598486,-0.681885,0.666504,0.226318,-0.199036,87.3760,327.3559,0
14.2500,2598496,-0.681885,0.666443,0.226379,-0.199097,87.3796,327.3581,0
14.2600,2598506,-0.681763,0.666504,0.226501,-0.199158,87.3748,327.3589,0
14.2700,2598516,-0.681702,0.666504,0.226562,-0.199219,87.3690,327.3585,0
14.2800,2598526,-0.681702,0.666504,0.226624,-0.199280,87.3748,327.3582,0
14.2900,2598536,-0.681763,0.666382,0.226685,-0.199341,87.3940,327.3602,0
14.3000,2598546,-0.681885,0.666260,0.226624,-0.199402,87.4146,327.3663,0
14.3100,2598556,-0.682007,0.666138,0.226624,-0.199402,87.4234,327.3685,0
14.3200,2598566,-0.682068,0.666077,0.226624,-0.199463,87.4170,327.3676,0
14.3300,2598576,-0.682007,0.666138,0.226562,-0.199402,87.4020,327.3650,0
14.3400,2598586,-0.681946,0.666260,0.226562,-0.199341,87.3842,327.3643,0
14.3500,2598596,-0.681824,0.666382,0.226624,-0.199280,87.3708,327.3672,0
14.3600,2598606,-0.681702,0.666504,0.226624,-0.199219,87.3730,327.3741,0
14.3700,2598616,-0.681763,0.666443,0.226501,-0.199402,87.3887,327.3861,0
14.3800,2598626,-0.681885,0.666321,0.226379,-0.199524,87.4125,327.3998,0
14.3900,2598636,-0.681946,0.666199,0.226318,-0.199707,87.4357,327.4108,0
14.4000,2598646,-0.681946,0.666138,0.226257,-0.199951,87.4463,327.4255,0
14.4100,2598656,-0.681885,0.666138,0.226257,-0.200195,87.4469,327.4363,0
14.4200,2598666,-0.681824,0.666138,0.226257,-0.200378,87.4463,327.4417,0
14.4300,2598676,-0.681824,0.666077,0.226257,-0.200623,87.4533,327.4433,0
14.4400,2598686,-0.681946,0.665894,0.226257,-0.200867,87.4729,327.4369,0
14.4500,2598696,-0.682068,0.665710,0.226379,-0.201050,87.4922,327.4254,0
14.4600,2598706,-0.682190,0.665527,0.226440,-0.201233,87.5082,327.4068,0
14.4700,2598716,-0.682312,0.665344,0.226501,-0.201233,87.5210,327.3827,0
14.4800,2598726,-0.682495,0.665161,0.226562,-0.201233,87.5374,327.3555,0
14.4900,2598736,-0.682678,0.664978,0.226562,-0.201111,87.5572,327.3274,0
14.5000,2598746,-0.682922,0.664734,0.226562,-0.201050,87.5796,327.3055,0
14.5100,2598756,-0.683167,0.664490,0.226501,-0.200989,87.6067,327.2877,0
14.5200,2598766,-0.683472,0.664246,0.226379,-0.201050,87.6379,327.2780,0
14.5300,2598776,-0.683716,0.664001,0.226196,-0.201111,87.6681,327.2794,0
14.5400,2598786,-0.683960,0.663757,0.225952,-0.201294,87.6984,327.2895,0
14.5500,2598796,-0.684265,0.663452,0.225708,-0.201538,87.7379,327.3060,0
14.5600,2598806,-0.684692,0.663025,0.225342,-0.202026,87.7960,327.3329,0
14.5700,2598816,-0.685059,0.662598,0.224976,-0.202515,87.8481,327.3553,0
14.5800,2598826,-0.685547,0.661987,0.224670,-0.203125,87.9220,327.3740,0
14.5900,2598836,-0.686096,0.661377,0.224365,-0.203735,87.9991,327.3875,0
14.6000,2598846,-0.686646,0.660706,0.224121,-0.204407,88.0532,327.4148,0
14.6100,2598856,-0.687012,0.660095,0.223877,-0.205322,88.1015,327.4345,0
14.6200,2598866,-0.687378,0.659546,0.223633,-0.206177,88.1072,327.4844,0
14.6300,2598876,-0.687500,0.659180,0.223328,-0.207275,88.1047,327.5419,0
14.6400,2598886,-0.687500,0.658936,0.222900,-0.208618,88.0960,327.5871,0
14.6500,2598896,-0.687805,0.657898,0.221863,-0.211731,88.1552,327.6556,0
14.6600,2598906,-0.688293,0.656982,0.221191,-0.213806,88.2411,327.7240,0
14.6700,2598916,-0.688904,0.655823,0.220398,-0.216187,88.3408,327.7888,0
14.6800,2598926,-0.689392,0.654724,0.219604,-0.218628,88.4254,327.8453,0
14.6900,2598936,-0.689758,0.653809,0.218872,-0.221130,88.4661,327.8958,0
14.7000,2598946,-0.689758,0.653198,0.218140,-0.223694,88.4435,327.9404,0
14.7100,2598956,-0.689331,0.652954,0.217407,-0.226257,88.3508,327.9818,0
14.7200,2598966,-0.688538,0.653076,0.216736,-0.229004,88.2010,328.0258,0
14.7300,2598976,-0.687500,0.653381,0.215942,-0.231873,88.0117,328.0701,0
14.7400,2598986,-0.686401,0.653748,0.215088,-0.234985,87.8192,328.1173,0
14.7500,2598996,-0.685364,0.653931,0.214050,-0.238342,87.6466,328.1656,0
14.7600,2599006,-0.684509,0.653931,0.212708,-0.242065,87.5054,328.2093,0
14.7700,2599016,-0.683838,0.653625,0.211182,-0.245972,87.3975,328.2427,0
14.7800,2599026,-0.683350,0.653137,0.209534,-0.250061,87.3094,328.2586,0
14.7900,2599036,-0.682861,0.652588,0.207764,-0.254272,87.2114,328.2556,0
14.8000,2599046,-0.682251,0.652161,0.205933,-0.258484,87.0787,328.2290,0
14.8100,2599056,-0.681396,0.651917,0.204163,-0.262817,86.8984,328.1861,0
14.8200,2599066,-0.680359,0.651733,0.202332,-0.267151,86.6594,328.0919,0
14.8300,2599076,-0.679321,0.651611,0.200317,-0.271606,86.4114,327.9895,0
14.8400,2599086,-0.678284,0.651489,0.198059,-0.276123,86.1632,327.8778,0
14.8500,2599096,-0.677307,0.651306,0.195557,-0.280701,85.9070,327.7545,0
14.8600,2599106,-0.676270,0.651184,0.192871,-0.285278,85.6348,327.6136,0
14.8700,2599116,-0.675171,0.651184,0.190125,-0.289734,85.3267,327.4489,0
14.8800,2599126,-0.674011,0.651184,0.187378,-0.294189,84.9868,327.2472,0
14.8900,2599136,-0.672729,0.651245,0.184814,-0.298645,84.6086,327.0170,0
14.9000,2599146,-0.671204,0.651428,0.182373,-0.303040,84.1957,326.7585,0
14.9100,2599156,-0.669556,0.651672,0.180176,-0.307495,83.7669,326.4760,0
14.9200,2599166,-0.667786,0.651978,0.177979,-0.311951,83.3351,326.1714,0
14.9300,2599176,-0.666016,0.652161,0.175842,-0.316467,82.9121,325.8468,0
14.9400,2599186,-0.662720,0.652283,0.171326,-0.325562,82.5042,325.4992,0
14.9500,2599196,-0.661255,0.652161,0.168945,-0.330017,82.1069,325.1346,0
14.9600,2599206,-0.659851,0.651978,0.166382,-0.334473,81.7162,324.7531,0
14.9700,2599216,-0.658447,0.651794,0.163696,-0.338806,81.3193,324.3581,0
14.9800,2599226,-0.657104,0.651611,0.160828,-0.343079,80.9236,323.9549,0
14.9900,2599236,-0.655762,0.651428,0.157898,-0.347412,80.5279,323.5441,0
15.0000,2599246,-0.654358,0.651245,0.154968,-0.351746,80.1126,323.1248,0
15.0100,2599256,-0.653015,0.650879,0.152100,-0.356140,79.7119,322.6879,0
15.0200,2599266,-0.651855,0.650269,0.149231,-0.360535,79.3280,322.2255,0
15.0300,2599276,-0.650757,0.649597,0.146484,-0.364868,78.9459,321.7371,0
