# Sesion:86 Fecha:2026-04-16 18:42:21 Shots:1 Duracion:14,46s
tSeg,ms,qw,qx,qy,qz,filteredElev,filteredYaw,shot
0.0000,3608676,-0.463989,0.548279,0.461792,-0.520386,71.2894,247.9546,0
0.0100,3608686,-0.466064,0.546448,0.462891,-0.519531,71.6957,248.4003,0
0.0200,3608696,-0.468140,0.544617,0.463928,-0.518677,72.1103,248.8400,0
0.0300,3608706,-0.470276,0.542664,0.465027,-0.517761,72.5307,249.2772,0
0.0400,3608716,-0.472534,0.540649,0.466309,-0.516724,72.9494,249.7048,0
0.0500,3608726,-0.474854,0.538696,0.467590,-0.515503,73.3577,250.1275,0
0.0600,3608736,-0.477051,0.536743,0.468933,-0.514221,73.7525,250.5442,0
0.0700,3608746,-0.479126,0.534973,0.470398,-0.512817,74.0751,250.9733,0
0.0800,3608756,-0.480957,0.533447,0.471985,-0.511230,74.3604,251.4062,0
0.0900,3608766,-0.482605,0.532043,0.473694,-0.509521,74.6365,251.8433,0
0.1000,3608776,-0.484131,0.530762,0.475403,-0.507812,74.9341,252.2809,0
0.1100,3608786,-0.485718,0.529358,0.477112,-0.506165,75.2666,252.7170,0
0.1200,3608796,-0.487366,0.527832,0.478638,-0.504761,75.6312,253.1560,0
0.1300,3608806,-0.489075,0.526123,0.480103,-0.503540,76.0190,253.5934,0
0.1400,3608816,-0.492615,0.522461,0.482605,-0.501404,76.4113,254.0310,0
0.1500,3608826,-0.494385,0.520691,0.483826,-0.500366,76.7984,254.4666,0
0.1600,3608836,-0.496094,0.518921,0.485107,-0.499268,77.1671,254.9003,0
0.1700,3608846,-0.497559,0.517395,0.486511,-0.497986,77.4950,255.3322,0
0.1800,3608856,-0.498840,0.516174,0.488098,-0.496521,77.7758,255.7616,0
0.1900,3608866,-0.500061,0.515137,0.489685,-0.494751,78.0173,256.1893,0
0.2000,3608876,-0.501099,0.514404,0.491394,-0.492798,78.2320,256.6209,0
0.2100,3608886,-0.502136,0.513733,0.492981,-0.490784,78.4444,257.0508,0
0.2200,3608896,-0.503174,0.513123,0.494507,-0.488831,78.6690,257.4838,0
0.2300,3608906,-0.504333,0.512390,0.495972,-0.486938,78.9139,257.9168,0
0.2400,3608916,-0.505554,0.511597,0.497253,-0.485291,79.1881,258.3487,0
0.2500,3608926,-0.506897,0.510559,0.498352,-0.483765,79.4998,258.7787,0
0.2600,3608936,-0.508301,0.509338,0.499329,-0.482544,79.8483,259.2087,0
0.2700,3608946,-0.509888,0.507996,0.500122,-0.481506,80.2359,259.6436,0
0.2800,3608956,-0.511475,0.506470,0.500793,-0.480713,80.6428,260.0817,0
0.2900,3608966,-0.513062,0.505066,0.501343,-0.479980,81.0483,260.5296,0
0.3000,3608976,-0.514526,0.503784,0.501831,-0.479187,81.4359,260.9955,0
0.3100,3608986,-0.515808,0.502869,0.502380,-0.478271,81.7736,261.4684,0
0.3200,3608996,-0.516846,0.502197,0.502991,-0.477112,82.0588,261.9409,0
0.3300,3609006,-0.517700,0.501770,0.503784,-0.475769,82.2933,262.4058,0
0.3400,3609016,-0.518311,0.501587,0.504822,-0.474243,82.4821,262.8617,0
0.3500,3609026,-0.518860,0.501526,0.505920,-0.472595,82.6437,263.3008,0
0.3600,3609036,-0.519348,0.501404,0.507080,-0.470886,82.9034,263.7322,0
0.3700,3609046,-0.520264,0.500793,0.507874,-0.469727,83.2284,264.1611,0
0.3800,3609056,-0.521362,0.499817,0.508362,-0.468933,83.5934,264.5839,0
0.3900,3609066,-0.522644,0.498657,0.508728,-0.468384,83.9643,265.0038,0
0.4000,3609076,-0.523865,0.497437,0.508972,-0.468018,84.3230,265.4120,0
0.4100,3609086,-0.525146,0.496216,0.509216,-0.467651,84.6167,265.8222,0
0.4200,3609096,-0.526123,0.495361,0.509644,-0.467041,84.8550,266.2289,0
0.4300,3609106,-0.527405,0.494385,0.510803,-0.465332,85.0523,266.6330,0
0.4400,3609116,-0.527832,0.494141,0.511475,-0.464294,85.2269,267.0310,0
0.4500,3609126,-0.528320,0.493958,0.512207,-0.463257,85.3996,267.4179,0
0.4600,3609136,-0.528809,0.493591,0.512817,-0.462341,85.5883,267.7911,0
0.4700,3609146,-0.529480,0.492981,0.513367,-0.461609,85.8067,268.1550,0
0.4800,3609156,-0.530151,0.492310,0.513855,-0.461060,86.0465,268.5046,0
0.4900,3609166,-0.530884,0.491455,0.514282,-0.460571,86.2990,268.8448,0
0.5000,3609176,-0.531616,0.490662,0.514709,-0.460083,86.5457,269.1819,0
0.5100,3609186,-0.532227,0.490051,0.515137,-0.459595,86.7679,269.5198,0
0.5200,3609196,-0.532776,0.489624,0.515564,-0.458984,86.9633,269.8590,0
0.5300,3609206,-0.533142,0.489319,0.515930,-0.458374,87.1380,270.2005,0
0.5400,3609216,-0.533508,0.489136,0.516296,-0.457764,87.3028,270.5382,0
0.5500,3609226,-0.533936,0.488953,0.516541,-0.457214,87.4745,270.8729,0
0.5600,3609236,-0.534363,0.488647,0.516785,-0.456787,87.6640,271.2025,0
0.5700,3609246,-0.534912,0.488281,0.516907,-0.456360,87.8572,271.5211,0
0.5800,3609256,-0.535400,0.487976,0.517029,-0.455994,88.0392,271.8312,0
0.5900,3609266,-0.535767,0.487793,0.517212,-0.455505,88.2071,272.1388,0
0.6000,3609276,-0.536133,0.487671,0.517456,-0.455017,88.3514,272.4402,0
0.6100,3609286,-0.536438,0.487671,0.517639,-0.454407,88.4790,272.7364,0
0.6200,3609296,-0.536743,0.487671,0.517822,-0.453857,88.6028,273.0274,0
0.6300,3609306,-0.536987,0.487671,0.517944,-0.453369,88.7258,273.3135,0
0.6400,3609316,-0.537231,0.487671,0.518066,-0.452942,88.8482,273.5985,0
0.6500,3609326,-0.537354,0.487671,0.518188,-0.452698,88.9805,273.8961,0
0.6600,3609336,-0.537537,0.487610,0.518188,-0.452515,89.1163,274.1919,0
0.6700,3609346,-0.537659,0.487610,0.518127,-0.452393,89.2548,274.4830,0
0.6800,3609356,-0.537781,0.487610,0.518005,-0.452454,89.3935,274.7679,0
0.6900,3609366,-0.537964,0.487610,0.517761,-0.452576,89.5205,275.0433,0
0.7000,3609376,-0.538025,0.487671,0.517517,-0.452698,89.6333,275.3055,0
0.7100,3609386,-0.538025,0.487671,0.517395,-0.452820,89.7351,275.5527,0
0.7200,3609396,-0.537903,0.487732,0.517212,-0.453064,89.8271,275.7851,0
0.7300,3609406,-0.537781,0.487732,0.517151,-0.453247,89.9089,276.0065,0
0.7400,3609416,-0.537659,0.487732,0.517151,-0.453430,89.9861,276.2161,0
0.7500,3609426,-0.537476,0.487793,0.517151,-0.453674,90.0553,276.4168,0
0.7600,3609436,-0.537231,0.487793,0.517090,-0.453918,90.1208,276.6121,0
0.7700,3609446,-0.536987,0.487854,0.517029,-0.454224,90.1889,276.8034,0
0.7800,3609456,-0.536743,0.487915,0.516907,-0.454651,90.2600,276.9897,0
0.7900,3609466,-0.536438,0.488037,0.516724,-0.455078,90.3222,277.1714,0
0.8000,3609476,-0.536072,0.488159,0.516602,-0.455444,90.3680,277.3424,0
0.8100,3609486,-0.535645,0.488403,0.516479,-0.455811,90.3965,277.5023,0
0.8200,3609496,-0.535095,0.488708,0.516418,-0.456177,90.4074,277.6522,0
0.8300,3609506,-0.534607,0.489075,0.516418,-0.456482,90.4104,277.7914,0
0.8400,3609516,-0.534058,0.489380,0.516357,-0.456848,90.4148,277.9180,0
0.8500,3609526,-0.533630,0.489563,0.516174,-0.457336,90.4331,278.0297,0
0.8600,3609536,-0.533264,0.489685,0.515991,-0.457825,90.4651,278.1261,0
0.8700,3609546,-0.533020,0.489685,0.515747,-0.458313,90.5037,278.2073,0
0.8800,3609556,-0.532776,0.489807,0.515503,-0.458801,90.5312,278.2787,0
0.8900,3609566,-0.532410,0.489990,0.515442,-0.459045,90.5412,278.3465,0
0.9000,3609576,-0.532104,0.490356,0.515320,-0.459229,90.5333,278.4137,0
0.9100,3609586,-0.531738,0.490784,0.515137,-0.459351,90.5072,278.4803,0
0.9200,3609596,-0.531372,0.491333,0.514954,-0.459473,90.4744,278.5434,0
0.9300,3609606,-0.531006,0.491821,0.514648,-0.459595,90.4426,278.6015,0
0.9400,3609616,-0.530701,0.492249,0.514404,-0.459839,90.4181,278.6523,0
0.9500,3609626,-0.530334,0.492676,0.514160,-0.460083,90.4012,278.6992,0
0.9600,3609636,-0.530029,0.493042,0.513794,-0.460449,90.3980,278.7395,0
0.9700,3609646,-0.529724,0.493286,0.513428,-0.460937,90.4137,278.7698,0
0.9800,3609656,-0.529541,0.493408,0.513062,-0.461487,90.4338,278.7971,0
0.9900,3609666,-0.529358,0.493469,0.512634,-0.462097,90.4379,278.8157,0
1.0000,3609676,-0.529114,0.493591,0.512207,-0.462585,90.4126,278.8297,0
1.0100,3609686,-0.528442,0.494385,0.511719,-0.463135,90.3534,278.8391,0
1.0200,3609696,-0.527954,0.494934,0.511536,-0.463318,90.2736,278.8450,0
1.0300,3609706,-0.527466,0.495483,0.511414,-0.463440,90.1923,278.8446,0
1.0400,3609716,-0.526978,0.495972,0.511292,-0.463562,90.1203,278.8398,0
1.0500,3609726,-0.526550,0.496338,0.511108,-0.463867,90.0636,278.8285,0
1.0600,3609736,-0.526184,0.496643,0.510864,-0.464172,90.0203,278.8134,0
1.0700,3609746,-0.525818,0.496887,0.510620,-0.464600,89.9825,278.7965,0
1.0800,3609756,-0.525513,0.497131,0.510437,-0.464966,89.9488,278.7724,0
1.0900,3609766,-0.525208,0.497314,0.510193,-0.465393,89.9195,278.7429,0
1.1000,3609776,-0.524963,0.497437,0.509888,-0.465820,89.8945,278.7087,0
1.1100,3609786,-0.524719,0.497620,0.509644,-0.466187,89.8665,278.6707,0
1.1200,3609796,-0.524414,0.497864,0.509460,-0.466492,89.8262,278.6297,0
1.1300,3609806,-0.524048,0.498108,0.509338,-0.466736,89.7693,278.5876,0
1.1400,3609816,-0.523682,0.498474,0.509216,-0.466858,89.6996,278.5409,0
1.1500,3609826,-0.523254,0.498840,0.509094,-0.467041,89.6274,278.4939,0
1.1600,3609836,-0.522888,0.499146,0.509033,-0.467285,89.5609,278.4467,0
1.1700,3609846,-0.522583,0.499451,0.508850,-0.467529,89.5064,278.3927,0
1.1800,3609856,-0.522339,0.499634,0.508667,-0.467834,89.4652,278.3377,0
1.1900,3609866,-0.522095,0.499756,0.508423,-0.468140,89.4306,278.2817,0
1.2000,3609876,-0.521973,0.499939,0.508118,-0.468384,89.4019,278.2279,0
1.2100,3609886,-0.521851,0.500183,0.507812,-0.468628,89.3720,278.1742,0
1.2200,3609896,-0.521729,0.500427,0.507446,-0.468872,89.3382,278.1233,0
1.2300,3609906,-0.521667,0.500732,0.507080,-0.468994,89.2875,278.0713,0
1.2400,3609916,-0.521606,0.501160,0.506714,-0.469116,89.2256,278.0170,0
1.2500,3609926,-0.521484,0.501526,0.506348,-0.469116,89.1625,277.9630,0
1.2600,3609936,-0.521362,0.502014,0.506042,-0.469116,89.0995,277.9112,0
1.2700,3609946,-0.521301,0.502380,0.505737,-0.469116,89.0443,277.8590,0
1.2800,3609956,-0.521179,0.502747,0.505432,-0.469177,89.0005,277.8009,0
1.2900,3609966,-0.521118,0.502991,0.505188,-0.469238,88.9714,277.7386,0
1.3000,3609976,-0.521179,0.503174,0.504639,-0.469543,88.9456,277.6741,0
1.3100,3609986,-0.521179,0.503357,0.504395,-0.469666,88.9060,277.6128,0
1.3200,3609996,-0.521118,0.503601,0.504272,-0.469666,88.8518,277.5587,0
1.3300,3610006,-0.520935,0.503906,0.504089,-0.469727,88.7883,277.5096,0
1.3400,3610016,-0.520752,0.504272,0.503906,-0.469727,88.7224,277.4712,0
1.3500,3610026,-0.520569,0.504578,0.503662,-0.469849,88.6688,277.4357,0
1.3600,3610036,-0.520447,0.504883,0.503296,-0.469971,88.6278,277.4038,0
1.3700,3610046,-0.520386,0.505127,0.502991,-0.470215,88.5975,277.3686,0
1.3800,3610056,-0.520386,0.505249,0.502625,-0.470459,88.5734,277.3322,0
1.3900,3610066,-0.520325,0.505371,0.502258,-0.470703,88.5523,277.2898,0
1.4000,3610076,-0.520325,0.505493,0.502014,-0.470886,88.5237,277.2435,0
1.4100,3610086,-0.520264,0.505615,0.501770,-0.471008,88.4865,277.1917,0
1.4200,3610096,-0.520142,0.505798,0.501648,-0.471069,88.4320,277.1400,0
1.4300,3610106,-0.519958,0.506042,0.501648,-0.471069,88.3636,277.0880,0
1.4400,3610116,-0.519714,0.506287,0.501709,-0.471069,88.2889,277.0349,0
1.4500,3610126,-0.519470,0.506470,0.501709,-0.471069,88.2222,276.9845,0
1.4600,3610136,-0.519287,0.506592,0.501709,-0.471130,88.1705,276.9293,0
1.4700,3610146,-0.519165,0.506592,0.501709,-0.471313,88.1380,276.8695,0
1.4800,3610156,-0.519104,0.506470,0.501648,-0.471558,88.1208,276.8104,0
1.4900,3610166,-0.519104,0.506348,0.501587,-0.471741,88.1044,276.7506,0
1.5000,3610176,-0.519043,0.506287,0.501587,-0.471863,88.0829,276.6907,0
1.5100,3610186,-0.518982,0.506287,0.501526,-0.471985,88.0553,276.6339,0
1.5200,3610196,-0.518982,0.506287,0.501465,-0.472107,88.0361,276.5828,0
1.5300,3610206,-0.519043,0.506287,0.501282,-0.472168,88.0197,276.5301,0
1.5400,3610216,-0.519104,0.506287,0.501160,-0.472229,87.9993,276.4753,0
1.5500,3610226,-0.519226,0.506287,0.501038,-0.472229,87.9711,276.4199,0
1.5600,3610236,-0.519287,0.506348,0.500977,-0.472168,87.9365,276.3600,0
1.5700,3610246,-0.519409,0.506348,0.500977,-0.472046,87.9026,276.3010,0
1.5800,3610256,-0.519531,0.506409,0.500977,-0.471863,87.8717,276.2426,0
1.5900,3610266,-0.519836,0.506470,0.501038,-0.471497,87.8464,276.1907,0
1.6000,3610276,-0.519958,0.506409,0.501038,-0.471313,87.8259,276.1427,0
1.6100,3610286,-0.520081,0.506409,0.501038,-0.471252,87.8144,276.1037,0
1.6200,3610296,-0.520203,0.506348,0.500977,-0.471191,87.8058,276.0691,0
1.6300,3610306,-0.520264,0.506226,0.500977,-0.471252,87.8036,276.0380,0
1.6400,3610316,-0.520386,0.506165,0.500854,-0.471313,87.8032,276.0138,0
1.6500,3610326,-0.520386,0.506104,0.500854,-0.471436,87.8011,275.9943,0
1.6600,3610336,-0.520386,0.505981,0.500854,-0.471497,87.7962,275.9776,0
1.6700,3610346,-0.520386,0.505920,0.500854,-0.471558,87.7855,275.9624,0
1.6800,3610356,-0.520325,0.505920,0.500916,-0.471619,87.7766,275.9461,0
1.6900,3610366,-0.520325,0.505859,0.500916,-0.471619,87.7681,275.9240,0
1.7000,3610376,-0.520325,0.505798,0.500977,-0.471680,87.7606,275.9011,0
1.7100,3610386,-0.520325,0.505737,0.501038,-0.471680,87.7482,275.8777,0
1.7200,3610396,-0.520264,0.505737,0.501038,-0.471680,87.7292,275.8566,0
1.7300,3610406,-0.520264,0.505798,0.501099,-0.471619,87.7107,275.8371,0
1.7400,3610416,-0.520264,0.505798,0.501099,-0.471619,87.6954,275.8222,0
1.7500,3610426,-0.520203,0.505737,0.501099,-0.471680,87.6880,275.8121,0
1.7600,3610436,-0.520264,0.505676,0.501099,-0.471802,87.6934,275.8026,0
1.7700,3610446,-0.520325,0.505493,0.501038,-0.471924,87.7069,275.7959,0
1.7800,3610456,-0.520386,0.505310,0.500977,-0.472107,87.7191,275.7859,0
1.7900,3610466,-0.520325,0.505188,0.500977,-0.472229,87.7224,275.7781,0
1.8000,3610476,-0.520264,0.505188,0.500977,-0.472351,87.7072,275.7749,0
1.8100,3610486,-0.520203,0.505188,0.500977,-0.472412,87.6962,275.7711,0
1.8200,3610496,-0.520081,0.505188,0.500977,-0.472534,87.6886,275.7681,0
1.8300,3610506,-0.519958,0.505188,0.500977,-0.472656,87.6891,275.7597,0
1.8400,3610516,-0.519958,0.505127,0.500977,-0.472839,87.6872,275.7535,0
1.8500,3610526,-0.519836,0.505005,0.500916,-0.473022,87.6807,275.7458,0
1.8600,3610536,-0.519714,0.505005,0.500916,-0.473206,87.6713,275.7413,0
1.8700,3610546,-0.519470,0.504944,0.500916,-0.473572,87.6624,275.7345,0
1.8800,3610556,-0.519348,0.504944,0.500916,-0.473694,87.6528,275.7269,0
1.8900,3610566,-0.519226,0.504944,0.500916,-0.473816,87.6366,275.7136,0
1.9000,3610576,-0.519165,0.505066,0.500854,-0.473816,87.6158,275.6980,0
1.9100,3610586,-0.519104,0.505127,0.500854,-0.473816,87.5941,275.6790,0
1.9200,3610596,-0.519104,0.505127,0.500854,-0.473816,87.5800,275.6568,0
1.9300,3610606,-0.519104,0.505127,0.500854,-0.473816,87.5696,275.6328,0
1.9400,3610616,-0.519043,0.505066,0.500916,-0.473877,87.5579,275.6099,0
1.9500,3610626,-0.519043,0.505066,0.500977,-0.473877,87.5421,275.5900,0
1.9600,3610636,-0.518982,0.505066,0.500977,-0.473877,87.5205,275.5734,0
1.9700,3610646,-0.518860,0.505188,0.501038,-0.473816,87.4935,275.5600,0
1.9800,3610656,-0.518799,0.505310,0.501038,-0.473816,87.4690,275.5521,0
1.9900,3610666,-0.518677,0.505371,0.500977,-0.473877,87.4558,275.5474,0
2.0000,3610676,-0.518677,0.505432,0.500854,-0.473999,87.4593,275.5476,0
2.0100,3610686,-0.518677,0.505432,0.500610,-0.474243,87.4697,275.5465,0
2.0200,3610696,-0.518616,0.505432,0.500427,-0.474426,87.4795,275.5472,0
2.0300,3610706,-0.518616,0.505554,0.500244,-0.474487,87.4726,275.5444,0
2.0400,3610716,-0.518616,0.505676,0.500122,-0.474548,87.4536,275.5357,0
2.0500,3610726,-0.518555,0.505798,0.500122,-0.474548,87.4343,275.5209,0
2.0600,3610736,-0.518616,0.505798,0.500061,-0.474487,87.4232,275.5004,0
2.0700,3610746,-0.518677,0.505737,0.500000,-0.474548,87.4197,275.4773,0
2.0800,3610756,-0.518738,0.505676,0.499939,-0.474609,87.4241,275.4513,0
2.0900,3610766,-0.518860,0.505554,0.499939,-0.474670,87.4283,275.4271,0
2.1000,3610776,-0.518921,0.505493,0.499817,-0.474731,87.4246,275.4071,0
2.1100,3610786,-0.518921,0.505432,0.499817,-0.474792,87.4157,275.3946,0
2.1200,3610796,-0.518921,0.505432,0.499817,-0.474792,87.4073,275.3869,0
2.1300,3610806,-0.518921,0.505493,0.499756,-0.474792,87.3993,275.3826,0
2.1400,3610816,-0.518860,0.505554,0.499695,-0.474854,87.3946,275.3766,0
2.1500,3610826,-0.518921,0.505615,0.499573,-0.474854,87.3877,275.3669,0
2.1600,3610836,-0.518982,0.505676,0.499451,-0.474854,87.3745,275.3522,0
2.1700,3610846,-0.519043,0.505737,0.499390,-0.474792,87.3597,275.3342,0
2.1800,3610856,-0.519104,0.505737,0.499390,-0.474731,87.3493,275.3141,0
2.1900,3610866,-0.519226,0.505798,0.499329,-0.474609,87.3412,275.2963,0
2.2000,3610876,-0.519348,0.505798,0.499268,-0.474487,87.3341,275.2794,0
2.2100,3610886,-0.519409,0.505859,0.499268,-0.474426,87.3303,275.2646,0
2.2200,3610896,-0.519470,0.505920,0.499207,-0.474365,87.3268,275.2601,0
2.2300,3610906,-0.519531,0.505920,0.499146,-0.474304,87.3222,275.2601,0
2.2400,3610916,-0.519531,0.506042,0.499084,-0.474304,87.3172,275.2642,0
2.2500,3610926,-0.519531,0.506104,0.499023,-0.474304,87.3102,275.2704,0
2.2600,3610936,-0.519470,0.506165,0.498962,-0.474365,87.3022,275.2782,0
2.2700,3610946,-0.519409,0.506165,0.498901,-0.474426,87.2987,275.2800,0
2.2800,3610956,-0.519470,0.506165,0.498840,-0.474487,87.3061,275.2782,0
2.2900,3610966,-0.519592,0.506042,0.498718,-0.474609,87.3196,275.2694,0
2.3000,3610976,-0.519653,0.505920,0.498718,-0.474670,87.3229,275.2556,0
2.3100,3610986,-0.519714,0.505920,0.498718,-0.474609,87.3120,275.2410,0
2.3200,3610996,-0.519714,0.505981,0.498840,-0.474365,87.2826,275.2270,0
2.3300,3611006,-0.519653,0.506165,0.498962,-0.474182,87.2511,275.2198,0
2.3400,3611016,-0.519653,0.506287,0.498962,-0.474060,87.2319,275.2208,0
2.3500,3611026,-0.519714,0.506348,0.498901,-0.473999,87.2327,275.2264,0
2.3600,3611036,-0.519836,0.506348,0.498657,-0.474060,87.2530,275.2353,0
2.3700,3611046,-0.520020,0.506287,0.498413,-0.474121,87.2745,275.2461,0
2.3800,3611056,-0.520081,0.506287,0.498291,-0.474243,87.2688,275.2552,0
2.3900,3611066,-0.520142,0.506348,0.498169,-0.474243,87.2497,275.2638,0
2.4000,3611076,-0.520081,0.506531,0.498169,-0.474182,87.2269,275.2679,0
2.4100,3611086,-0.520020,0.506592,0.498169,-0.474060,87.2075,275.2706,0
2.4200,3611096,-0.519958,0.506714,0.498230,-0.473999,87.1957,275.2695,0
2.4300,3611106,-0.519897,0.506714,0.498291,-0.473938,87.1909,275.2650,0
2.4400,3611116,-0.519897,0.506714,0.498291,-0.473999,87.1930,275.2589,0
2.4500,3611126,-0.519836,0.506531,0.498413,-0.474121,87.1961,275.2496,0
2.4600,3611136,-0.519897,0.506348,0.498535,-0.474121,87.2015,275.2371,0
2.4700,3611146,-0.519897,0.506287,0.498596,-0.474121,87.2020,275.2265,0
2.4800,3611156,-0.519897,0.506287,0.498657,-0.474060,87.1941,275.2188,0
2.4900,3611166,-0.519836,0.506348,0.498718,-0.473999,87.1801,275.2186,0
2.5000,3611176,-0.519836,0.506409,0.498718,-0.473877,87.1698,275.2255,0
2.5100,3611186,-0.519836,0.506531,0.498657,-0.473938,87.1725,275.2398,0
2.5200,3611196,-0.519897,0.506531,0.498413,-0.473999,87.1885,275.2557,0
2.5300,3611206,-0.519958,0.506531,0.498230,-0.474182,87.2132,275.2673,0
2.5400,3611216,-0.520142,0.506348,0.498108,-0.474304,87.2367,275.2718,0
2.5500,3611226,-0.520203,0.506287,0.498047,-0.474365,87.2466,275.2677,0
2.5600,3611236,-0.520203,0.506226,0.498108,-0.474304,87.2363,275.2555,0
2.5700,3611246,-0.520142,0.506226,0.498291,-0.474243,87.2167,275.2428,0
2.5800,3611256,-0.520081,0.506226,0.498474,-0.474121,87.1938,275.2336,0
2.5900,3611266,-0.519958,0.506287,0.498535,-0.474121,87.1799,275.2332,0
2.6000,3611276,-0.519897,0.506226,0.498596,-0.474182,87.1814,275.2388,0
2.6100,3611286,-0.519836,0.506104,0.498596,-0.474365,87.1964,275.2458,0
2.6200,3611296,-0.519897,0.505981,0.498474,-0.474609,87.2190,275.2523,0
2.6300,3611306,-0.519897,0.505859,0.498413,-0.474731,87.2321,275.2556,0
2.6400,3611316,-0.519897,0.505859,0.498413,-0.474731,87.2291,275.2546,0
2.6500,3611326,-0.519836,0.505920,0.498474,-0.474670,87.2121,275.2483,0
2.6600,3611336,-0.519775,0.506042,0.498474,-0.474548,87.1881,275.2411,0
2.6700,3611346,-0.519775,0.506226,0.498535,-0.474426,87.1778,275.2384,0
2.6800,3611356,-0.519836,0.506287,0.498474,-0.474304,87.1782,275.2406,0
2.6900,3611366,-0.519836,0.506348,0.498413,-0.474304,87.1832,275.2475,0
2.7000,3611376,-0.519836,0.506348,0.498352,-0.474365,87.1868,275.2563,0
2.7100,3611386,-0.519836,0.506348,0.498291,-0.474426,87.1855,275.2648,0
2.7200,3611396,-0.519775,0.506409,0.498230,-0.474487,87.1795,275.2716,0
2.7300,3611406,-0.519714,0.506409,0.498230,-0.474609,87.1683,275.2732,0
2.7400,3611416,-0.519592,0.506470,0.498169,-0.474731,87.1601,275.2741,0
2.7500,3611426,-0.519470,0.506470,0.498169,-0.474792,87.1558,275.2744,0
2.7600,3611436,-0.519409,0.506470,0.498169,-0.474854,87.1529,275.2752,0
2.7700,3611446,-0.519348,0.506470,0.498169,-0.474915,87.1514,275.2729,0
2.7800,3611456,-0.519287,0.506470,0.498169,-0.474976,87.1505,275.2689,0
2.7900,3611466,-0.519287,0.506470,0.498169,-0.475037,87.1413,275.2657,0
2.8000,3611476,-0.519226,0.506592,0.498230,-0.474976,87.1219,275.2609,0
2.8100,3611486,-0.519104,0.506714,0.498230,-0.474854,87.0982,275.2575,0
2.8200,3611496,-0.519043,0.506897,0.498230,-0.474792,87.0767,275.2555,0
2.8300,3611506,-0.519043,0.507019,0.498169,-0.474731,87.0651,275.2535,0
2.8400,3611516,-0.519104,0.507080,0.498047,-0.474670,87.0654,275.2499,0
2.8500,3611526,-0.519165,0.507141,0.497986,-0.474670,87.0693,275.2490,0
2.8600,3611536,-0.519226,0.507202,0.497925,-0.474609,87.0694,275.2464,0
2.8700,3611546,-0.519287,0.507202,0.497864,-0.474548,87.0683,275.2397,0
2.8800,3611556,-0.519409,0.507263,0.497742,-0.474487,87.0738,275.2328,0
2.8900,3611566,-0.519531,0.507263,0.497620,-0.474548,87.0855,275.2268,0
2.9000,3611576,-0.519653,0.507263,0.497498,-0.474487,87.0902,275.2284,0
2.9100,3611586,-0.519714,0.507385,0.497375,-0.474426,87.0821,275.2347,0
2.9200,3611596,-0.519653,0.507568,0.497314,-0.474365,87.0620,275.2430,0
2.9300,3611606,-0.519592,0.507751,0.497314,-0.474243,87.0399,275.2521,0
2.9400,3611616,-0.519531,0.507874,0.497253,-0.474182,87.0229,275.2584,0
2.9500,3611626,-0.519470,0.507935,0.497253,-0.474243,87.0168,275.2632,0
2.9600,3611636,-0.519470,0.507935,0.497131,-0.474304,87.0247,275.2624,0
2.9700,3611646,-0.519531,0.507874,0.497131,-0.474365,87.0204,275.2616,0
2.9800,3611656,-0.519531,0.507874,0.497131,-0.474365,87.0037,275.2591,0
2.9900,3611666,-0.519470,0.507935,0.497131,-0.474304,86.9814,275.2608,0
3.0000,3611676,-0.519409,0.507996,0.497253,-0.474243,86.9644,275.2625,0
3.0100,3611686,-0.519348,0.508057,0.497314,-0.474182,86.9589,275.2659,0
3.0200,3611696,-0.519287,0.508118,0.497253,-0.474182,86.9650,275.2685,0
3.0300,3611706,-0.519348,0.508057,0.497192,-0.474304,86.9713,275.2686,0
3.0400,3611716,-0.519348,0.508057,0.497192,-0.474304,86.9678,275.2675,0
3.0500,3611726,-0.519287,0.508118,0.497253,-0.474243,86.9544,275.2653,0
3.0600,3611736,-0.519226,0.508179,0.497314,-0.474182,86.9387,275.2661,0
3.0700,3611746,-0.519104,0.508301,0.497314,-0.474121,86.9256,275.2662,0
3.0800,3611756,-0.519043,0.508362,0.497314,-0.474182,86.9191,275.2692,0
3.0900,3611766,-0.518982,0.508362,0.497314,-0.474243,86.9230,275.2721,0
3.1000,3611776,-0.518921,0.508301,0.497253,-0.474426,86.9356,275.2730,0
3.1100,3611786,-0.518982,0.508118,0.497253,-0.474548,86.9565,275.2667,0
3.1200,3611796,-0.518982,0.507996,0.497253,-0.474731,86.9739,275.2588,0
3.1300,3611806,-0.518982,0.507874,0.497253,-0.474792,86.9810,275.2484,0
3.1400,3611816,-0.518860,0.507874,0.497314,-0.474854,86.9698,275.2397,0
3.1500,3611826,-0.518738,0.507935,0.497437,-0.474792,86.9484,275.2320,0
3.1600,3611836,-0.518616,0.507935,0.497620,-0.474792,86.9269,275.2228,0
3.1700,3611846,-0.518494,0.507874,0.497742,-0.474854,86.9160,275.2134,0
3.1800,3611856,-0.518372,0.507812,0.497803,-0.474976,86.9146,275.2051,0
3.1900,3611866,-0.518311,0.507751,0.497925,-0.475037,86.9126,275.1906,0
3.2000,3611876,-0.518311,0.507690,0.497925,-0.475037,86.9120,275.1732,0
3.2100,3611886,-0.518311,0.507629,0.497986,-0.475037,86.9133,275.1556,0
3.2200,3611896,-0.518372,0.507568,0.498047,-0.474976,86.9163,275.1324,0
3.2300,3611906,-0.518494,0.507568,0.498108,-0.474792,86.9174,275.1105,0
3.2400,3611916,-0.518677,0.507507,0.498108,-0.474670,86.9197,275.0909,0
3.2500,3611926,-0.518799,0.507507,0.498108,-0.474487,86.9225,275.0754,0
3.2600,3611936,-0.518982,0.507568,0.498047,-0.474304,86.9223,275.0632,0
3.2700,3611946,-0.519165,0.507568,0.498047,-0.474121,86.9186,275.0540,0
3.2800,3611956,-0.519226,0.507629,0.498108,-0.473938,86.9056,275.0495,0
3.2900,3611966,-0.519287,0.507690,0.498169,-0.473755,86.8927,275.0471,0
3.3000,3611976,-0.519226,0.507751,0.498352,-0.473572,86.8827,275.0501,0
3.3100,3611986,-0.519165,0.507812,0.498413,-0.473450,86.8810,275.0572,0
3.3200,3611996,-0.518982,0.507690,0.498596,-0.473572,86.8883,275.0672,0
3.3300,3612006,-0.518860,0.507690,0.498657,-0.473694,86.8970,275.0833,0
3.3400,3612016,-0.518738,0.507629,0.498718,-0.473816,86.9077,275.0997,0
3.3500,3612026,-0.518555,0.507629,0.498718,-0.473999,86.9178,275.1158,0
3.3600,3612036,-0.518433,0.507629,0.498718,-0.474121,86.9213,275.1268,0
3.3700,3612046,-0.518311,0.507629,0.498779,-0.474243,86.9199,275.1331,0
3.3800,3612056,-0.518250,0.507629,0.498840,-0.474243,86.9150,275.1349,0
3.3900,3612066,-0.518188,0.507690,0.498901,-0.474182,86.9056,275.1330,0
3.4000,3612076,-0.518127,0.507751,0.498962,-0.474121,86.8979,275.1254,0
3.4100,3612086,-0.518127,0.507751,0.499023,-0.474060,86.8935,275.1145,0
3.4200,3612096,-0.518127,0.507812,0.499084,-0.473938,86.8881,275.1030,0
3.4300,3612106,-0.518188,0.507812,0.499084,-0.473755,86.8861,275.0940,0
3.4400,3612116,-0.518250,0.507935,0.499146,-0.473633,86.8860,275.0884,0
3.4500,3612126,-0.518311,0.507996,0.499023,-0.473572,86.8907,275.0849,0
3.4600,3612136,-0.518372,0.507996,0.498962,-0.473511,86.8981,275.0851,0
3.4700,3612146,-0.518433,0.508057,0.498962,-0.473450,86.9069,275.0920,0
3.4800,3612156,-0.518433,0.508118,0.498901,-0.473450,86.9141,275.1016,0
3.4900,3612166,-0.518433,0.508118,0.498901,-0.473450,86.9215,275.1100,0
3.5000,3612176,-0.518433,0.508118,0.498901,-0.473450,86.9290,275.1167,0
3.5100,3612186,-0.518433,0.508057,0.498840,-0.473572,86.9438,275.1242,0
3.5200,3612196,-0.518372,0.507996,0.498779,-0.473755,86.9597,275.1344,0
3.5300,3612206,-0.518372,0.507996,0.498718,-0.473877,86.9748,275.1421,0
3.5400,3612216,-0.518311,0.507935,0.498657,-0.473999,86.9808,275.1470,0
3.5500,3612226,-0.518250,0.507996,0.498596,-0.474060,86.9823,275.1499,0
3.5600,3612236,-0.518250,0.508057,0.498596,-0.474060,86.9773,275.1515,0
3.5700,3612246,-0.518188,0.508057,0.498596,-0.474060,86.9666,275.1512,0
3.5800,3612256,-0.518127,0.508118,0.498657,-0.473999,86.9485,275.1526,0
3.5900,3612266,-0.518066,0.508301,0.498657,-0.473938,86.9295,275.1565,0
3.6000,3612276,-0.518005,0.508423,0.498657,-0.473816,86.9157,275.1583,0
3.6100,3612286,-0.517944,0.508667,0.498535,-0.473755,86.9108,275.1624,0
3.6200,3612296,-0.517883,0.508728,0.498535,-0.473755,86.9175,275.1646,0
3.6300,3612306,-0.517944,0.508667,0.498474,-0.473816,86.9298,275.1636,0
3.6400,3612316,-0.518005,0.508667,0.498474,-0.473816,86.9361,275.1621,0
3.6500,3612326,-0.518005,0.508667,0.498474,-0.473816,86.9308,275.1595,0
3.6600,3612336,-0.517883,0.508728,0.498535,-0.473755,86.9157,275.1559,0
3.6700,3612346,-0.517822,0.508789,0.498596,-0.473694,86.8978,275.1530,0
3.6800,3612356,-0.517761,0.508850,0.498657,-0.473633,86.8844,275.1496,0
3.6900,3612366,-0.517700,0.508911,0.498718,-0.473633,86.8787,275.1435,0
3.7000,3612376,-0.517639,0.508911,0.498718,-0.473572,86.8757,275.1406,0
3.7100,3612386,-0.517639,0.508911,0.498718,-0.473572,86.8752,275.1403,0
3.7200,3612396,-0.517639,0.508911,0.498779,-0.473633,86.8801,275.1417,0
3.7300,3612406,-0.517639,0.508850,0.498779,-0.473694,86.8895,275.1425,0
3.7400,3612416,-0.517639,0.508728,0.498779,-0.473755,86.9008,275.1409,0
3.7500,3612426,-0.517578,0.508667,0.498840,-0.473816,86.9092,275.1315,0
3.7600,3612436,-0.517578,0.508606,0.498901,-0.473816,86.9094,275.1178,0
3.7700,3612446,-0.517578,0.508606,0.498962,-0.473755,86.9002,275.1067,0
3.7800,3612456,-0.517578,0.508728,0.499023,-0.473694,86.8890,275.0992,0
3.7900,3612466,-0.517578,0.508789,0.498962,-0.473572,86.8837,275.0949,0
3.8000,3612476,-0.517639,0.508850,0.498901,-0.473511,86.8887,275.0969,0
3.8100,3612486,-0.517761,0.508911,0.498718,-0.473511,86.9036,275.1042,0
3.8200,3612496,-0.517883,0.508911,0.498596,-0.473511,86.9226,275.1082,0
3.8300,3612506,-0.518005,0.508850,0.498474,-0.473511,86.9322,275.1085,0
3.8400,3612516,-0.518066,0.508850,0.498413,-0.473572,86.9354,275.1046,0
3.8500,3612526,-0.518127,0.508850,0.498352,-0.473511,86.9367,275.0979,0
3.8600,3612536,-0.518188,0.508850,0.498352,-0.473450,86.9368,275.0915,0
3.8700,3612546,-0.518188,0.508850,0.498413,-0.473389,86.9346,275.0849,0
3.8800,3612556,-0.518250,0.508789,0.498474,-0.473389,86.9230,275.0823,0
3.8900,3612566,-0.518188,0.508850,0.498535,-0.473267,86.9067,275.0828,0
3.9000,3612576,-0.518066,0.509033,0.498718,-0.473083,86.8941,275.0869,0
3.9100,3612586,-0.518066,0.509033,0.498718,-0.473083,86.8941,275.0919,0
3.9200,3612596,-0.518005,0.508972,0.498718,-0.473145,86.9024,275.0947,0
3.9300,3612606,-0.517944,0.508911,0.498779,-0.473206,86.9096,275.0980,0
3.9400,3612616,-0.517883,0.508850,0.498840,-0.473267,86.9118,275.1017,0
3.9500,3612626,-0.517822,0.508850,0.498962,-0.473328,86.9102,275.1053,0
3.9600,3612636,-0.517761,0.508728,0.499023,-0.473389,86.9123,275.1049,0
3.9700,3612646,-0.517639,0.508667,0.499084,-0.473450,86.9173,275.1040,0
3.9800,3612656,-0.517639,0.508667,0.499146,-0.473511,86.9191,275.1031,0
3.9900,3612666,-0.517578,0.508667,0.499207,-0.473450,86.9148,275.1022,0
4.0000,3612676,-0.517517,0.508728,0.499207,-0.473389,86.9072,275.0985,0
4.0100,3612686,-0.517456,0.508850,0.499329,-0.473328,86.8958,275.0955,0
4.0200,3612696,-0.517395,0.508911,0.499329,-0.473206,86.8844,275.0915,0
4.0300,3612706,-0.517395,0.509033,0.499390,-0.473145,86.8759,275.0918,0
4.0400,3612716,-0.517395,0.509033,0.499390,-0.473145,86.8798,275.0951,0
4.0500,3612726,-0.517395,0.508972,0.499268,-0.473206,86.8975,275.1029,0
4.0600,3612736,-0.517456,0.508972,0.499084,-0.473389,86.9226,275.1134,0
4.0700,3612746,-0.517456,0.508911,0.498962,-0.473511,86.9394,275.1220,0
4.0800,3612756,-0.517395,0.508972,0.498901,-0.473572,86.9387,275.1302,0
4.0900,3612766,-0.517212,0.509094,0.498962,-0.473633,86.9189,275.1355,0
4.1000,3612776,-0.517029,0.509216,0.499084,-0.473633,86.8912,275.1375,0
4.1100,3612786,-0.516785,0.509277,0.499207,-0.473633,86.8666,275.1364,0
4.1200,3612796,-0.516602,0.509338,0.499329,-0.473694,86.8587,275.1306,0
4.1300,3612806,-0.516541,0.509338,0.499390,-0.473694,86.8548,275.1210,0
4.1400,3612816,-0.516479,0.509277,0.499451,-0.473755,86.8528,275.1071,0
4.1500,3612826,-0.516479,0.509277,0.499451,-0.473755,86.8569,275.0897,0
4.1600,3612836,-0.516541,0.509216,0.499512,-0.473694,86.8673,275.0714,0
4.1700,3612846,-0.516602,0.509155,0.499512,-0.473694,86.8845,275.0564,0
4.1800,3612856,-0.516724,0.509094,0.499451,-0.473694,86.8972,275.0468,0
4.1900,3612866,-0.516907,0.509155,0.499268,-0.473572,86.8963,275.0457,0
4.2000,3612876,-0.516846,0.509277,0.499268,-0.473511,86.8804,275.0517,0
4.2100,3612886,-0.516785,0.509460,0.499268,-0.473450,86.8593,275.0587,0
4.2200,3612896,-0.516663,0.509583,0.499268,-0.473389,86.8429,275.0646,0
4.2300,3612906,-0.516602,0.509583,0.499329,-0.473389,86.8386,275.0636,0
4.2400,3612916,-0.516541,0.509460,0.499390,-0.473511,86.8469,275.0573,0
4.2500,3612926,-0.516541,0.509338,0.499451,-0.473633,86.8602,275.0465,0
4.2600,3612936,-0.516541,0.509216,0.499512,-0.473694,86.8722,275.0334,0
4.2700,3612946,-0.516541,0.509094,0.499573,-0.473755,86.8801,275.0215,0
4.2800,3612956,-0.516541,0.509033,0.499634,-0.473755,86.8865,275.0107,0
4.2900,3612966,-0.516541,0.509033,0.499634,-0.473755,86.8867,275.0023,0
4.3000,3612976,-0.516541,0.509033,0.499634,-0.473755,86.8833,274.9967,0
4.3100,3612986,-0.516541,0.509033,0.499634,-0.473755,86.8812,274.9932,0
4.3200,3612996,-0.516541,0.509033,0.499634,-0.473755,86.8799,274.9886,0
4.3300,3613006,-0.516541,0.509094,0.499634,-0.473694,86.8828,274.9831,0
4.3400,3613016,-0.516541,0.509094,0.499573,-0.473694,86.8897,274.9760,0
4.3500,3613026,-0.516602,0.509155,0.499573,-0.473633,86.8956,274.9688,0
4.3600,3613036,-0.516663,0.509155,0.499512,-0.473572,86.8989,274.9613,0
4.3700,3613046,-0.516663,0.509155,0.499512,-0.473572,86.8991,274.9571,0
4.3800,3613056,-0.516663,0.509155,0.499512,-0.473572,86.8962,274.9579,0
4.3900,3613066,-0.516663,0.509155,0.499512,-0.473633,86.8940,274.9634,0
4.4000,3613076,-0.516602,0.509216,0.499451,-0.473694,86.8984,274.9728,0
4.4100,3613086,-0.516541,0.509216,0.499390,-0.473816,86.9144,274.9816,0
4.4200,3613096,-0.516541,0.509094,0.499329,-0.474060,86.9273,274.9857,0
4.4300,3613106,-0.516418,0.508972,0.499329,-0.474243,86.9318,274.9830,0
4.4400,3613116,-0.516357,0.508911,0.499390,-0.474426,86.9242,274.9763,0
4.4500,3613126,-0.516235,0.508789,0.499451,-0.474548,86.9045,274.9673,0
4.4600,3613136,-0.516052,0.508789,0.499634,-0.474548,86.8787,274.9612,0
4.4700,3613146,-0.515869,0.508850,0.499817,-0.474487,86.8613,274.9548,0
4.4800,3613156,-0.515747,0.508850,0.499939,-0.474487,86.8578,274.9487,0
4.4900,3613166,-0.515747,0.508789,0.499939,-0.474548,86.8652,274.9400,0
4.5000,3613176,-0.515808,0.508728,0.499878,-0.474548,86.8764,274.9299,0
4.5100,3613186,-0.515808,0.508728,0.499878,-0.474548,86.8787,274.9191,0
4.5200,3613196,-0.515747,0.508789,0.499939,-0.474548,86.8678,274.9107,0
4.5300,3613206,-0.515747,0.508911,0.500000,-0.474426,86.8521,274.9068,0
4.5400,3613216,-0.515686,0.508972,0.499939,-0.474365,86.8424,274.9055,0
4.5500,3613226,-0.515686,0.509033,0.499878,-0.474487,86.8475,274.9096,0
4.5600,3613236,-0.515686,0.508972,0.499695,-0.474609,86.8653,274.9133,0
4.5700,3613246,-0.515747,0.508972,0.499573,-0.474792,86.8847,274.9139,0
4.5800,3613256,-0.515747,0.508911,0.499512,-0.474854,86.8923,274.9103,0
4.5900,3613266,-0.515747,0.508911,0.499512,-0.474854,86.8865,274.9027,0
4.6000,3613276,-0.515747,0.508972,0.499512,-0.474792,86.8733,274.8925,0
4.6100,3613286,-0.515747,0.509033,0.499451,-0.474792,86.8650,274.8853,0
4.6200,3613296,-0.515808,0.509094,0.499451,-0.474731,86.8677,274.8789,0
4.6300,3613306,-0.515869,0.509094,0.499268,-0.474792,86.8780,274.8783,0
4.6400,3613316,-0.515930,0.509155,0.499146,-0.474854,86.8817,274.8831,0
4.6500,3613326,-0.515930,0.509216,0.499023,-0.474854,86.8751,274.8860,0
4.6600,3613336,-0.515930,0.509338,0.498962,-0.474792,86.8611,274.8875,0
4.6700,3613346,-0.515869,0.509460,0.498962,-0.474731,86.8490,274.8877,0
4.6800,3613356,-0.515869,0.509460,0.498962,-0.474731,86.8447,274.8844,0
4.6900,3613366,-0.515930,0.509399,0.498901,-0.474792,86.8465,274.8777,0
4.7000,3613376,-0.515930,0.509399,0.498901,-0.474792,86.8327,274.8642,0
4.7100,3613386,-0.515869,0.509399,0.499023,-0.474731,86.8120,274.8489,0
4.7200,3613396,-0.515808,0.509338,0.499207,-0.474670,86.7887,274.8333,0
4.7300,3613406,-0.515686,0.509338,0.499390,-0.474609,86.7685,274.8202,0
4.7400,3613416,-0.515564,0.509399,0.499573,-0.474487,86.7582,274.8094,0
4.7500,3613426,-0.515503,0.509399,0.499634,-0.474487,86.7568,274.8045,0
4.7600,3613436,-0.515442,0.509399,0.499695,-0.474487,86.7584,274.8040,0
4.7700,3613446,-0.515442,0.509460,0.499634,-0.474548,86.7586,274.8077,0
4.7800,3613456,-0.515381,0.509460,0.499573,-0.474609,86.7617,274.8106,0
4.7900,3613466,-0.515381,0.509460,0.499573,-0.474609,86.7659,274.8098,0
4.8000,3613476,-0.515442,0.509460,0.499573,-0.474609,86.7740,274.8055,0
4.8100,3613486,-0.515442,0.509399,0.499512,-0.474670,86.7805,274.7960,0
4.8200,3613496,-0.515503,0.509338,0.499573,-0.474609,86.7820,274.7840,0
4.8300,3613506,-0.515503,0.509277,0.499634,-0.474609,86.7835,274.7697,0
4.8400,3613516,-0.515564,0.509277,0.499634,-0.474548,86.7831,274.7555,0
4.8500,3613526,-0.515564,0.509216,0.499695,-0.474548,86.7852,274.7444,0
4.8600,3613536,-0.515564,0.509155,0.499756,-0.474487,86.7866,274.7370,0
4.8700,3613546,-0.515625,0.509094,0.499817,-0.474487,86.7825,274.7281,0
4.8800,3613556,-0.515625,0.509094,0.499939,-0.474365,86.7722,274.7167,0
4.8900,3613566,-0.515625,0.509094,0.500061,-0.474243,86.7630,274.7030,0
4.9000,3613576,-0.515686,0.509094,0.500183,-0.474121,86.7597,274.6887,0
4.9100,3613586,-0.515686,0.509033,0.500183,-0.474060,86.7631,274.6830,0
4.9200,3613596,-0.515747,0.508972,0.500244,-0.473999,86.7735,274.6818,0
4.9300,3613606,-0.515808,0.508911,0.500183,-0.474060,86.7922,274.6847,0
4.9400,3613616,-0.515869,0.508850,0.500122,-0.474182,86.8165,274.6893,0
4.9500,3613626,-0.515991,0.508728,0.500000,-0.474243,86.8402,274.6919,0
4.9600,3613636,-0.516113,0.508606,0.500000,-0.474304,86.8580,274.6914,0
4.9700,3613646,-0.516174,0.508545,0.500000,-0.474304,86.8697,274.6874,0
4.9800,3613656,-0.516235,0.508545,0.500000,-0.474243,86.8677,274.6841,0
4.9900,3613666,-0.516235,0.508606,0.500061,-0.474060,86.8463,274.6889,0
5.0000,3613676,-0.516174,0.508728,0.500122,-0.473938,86.8259,274.6953,0
5.0100,3613686,-0.516052,0.508850,0.500244,-0.473816,86.8131,274.7007,0
5.0200,3613696,-0.515930,0.508972,0.500305,-0.473755,86.8116,274.7041,0
5.0300,3613706,-0.515930,0.508972,0.500366,-0.473694,86.8262,274.7031,0
5.0400,3613716,-0.515991,0.508911,0.500366,-0.473694,86.8519,274.6986,0
5.0500,3613726,-0.516113,0.508789,0.500305,-0.473755,86.8716,274.6944,0
5.0600,3613736,-0.516296,0.508606,0.500366,-0.473694,86.8803,274.6939,0
5.0700,3613746,-0.516296,0.508606,0.500366,-0.473694,86.8808,274.6988,0
5.0800,3613756,-0.516296,0.508606,0.500427,-0.473694,86.8759,274.7106,0
5.0900,3613766,-0.516174,0.508728,0.500427,-0.473694,86.8700,274.7277,0
5.1000,3613776,-0.516174,0.508728,0.500366,-0.473694,86.8728,274.7464,0
5.1100,3613786,-0.516052,0.508728,0.500366,-0.473816,86.8814,274.7623,0
5.1200,3613796,-0.515991,0.508728,0.500366,-0.473877,86.8895,274.7737,0
5.1300,3613806,-0.515930,0.508667,0.500427,-0.473938,86.8949,274.7804,0
5.1400,3613816,-0.515869,0.508667,0.500488,-0.473999,86.8941,274.7814,0
5.1500,3613826,-0.515808,0.508606,0.500610,-0.473999,86.8856,274.7765,0
5.1600,3613836,-0.515747,0.508606,0.500732,-0.473938,86.8751,274.7682,0
5.1700,3613846,-0.515747,0.508484,0.500854,-0.473938,86.8729,274.7585,0
5.1800,3613856,-0.515808,0.508362,0.500916,-0.473938,86.8838,274.7487,0
5.1900,3613866,-0.515930,0.508240,0.500854,-0.473938,86.9074,274.7442,0
5.2000,3613876,-0.516052,0.508240,0.500732,-0.473999,86.9293,274.7447,0
5.2100,3613886,-0.516174,0.508301,0.500610,-0.473938,86.9394,274.7559,0
5.2200,3613896,-0.516174,0.508484,0.500488,-0.473816,86.9304,274.7690,0
5.2300,3613906,-0.516174,0.508667,0.500427,-0.473633,86.9099,274.7832,0
5.2400,3613916,-0.516113,0.508911,0.500366,-0.473511,86.8917,274.8004,0
5.2500,3613926,-0.516113,0.509033,0.500366,-0.473450,86.8839,274.8144,0
5.2600,3613936,-0.516174,0.509094,0.500305,-0.473389,86.8896,274.8247,0
5.2700,3613946,-0.516235,0.509033,0.500244,-0.473450,86.9044,274.8309,0
5.2800,3613956,-0.516296,0.508972,0.500183,-0.473511,86.9269,274.8363,0
5.2900,3613966,-0.516357,0.508850,0.500122,-0.473633,86.9446,274.8437,0
5.3000,3613976,-0.516479,0.508789,0.500000,-0.473694,86.9520,274.8512,0
5.3100,3613986,-0.516479,0.508789,0.499939,-0.473755,86.9501,274.8601,0
5.3200,3613996,-0.516418,0.508789,0.499939,-0.473816,86.9423,274.8692,0
5.3300,3614006,-0.516357,0.508850,0.499939,-0.473816,86.9350,274.8766,0
5.3400,3614016,-0.516296,0.508911,0.499939,-0.473816,86.9315,274.8825,0
5.3500,3614026,-0.516296,0.508972,0.499878,-0.473816,86.9306,274.8839,0
5.3600,3614036,-0.516296,0.508972,0.499878,-0.473816,86.9274,274.8828,0
5.3700,3614046,-0.516235,0.508972,0.499939,-0.473816,86.9208,274.8783,0
5.3800,3614056,-0.516235,0.509033,0.500000,-0.473694,86.9109,274.8710,0
5.3900,3614066,-0.516235,0.509094,0.500000,-0.473572,86.8986,274.8660,0
5.4000,3614076,-0.516296,0.509155,0.500061,-0.473450,86.8863,274.8618,0
5.4100,3614086,-0.516235,0.509216,0.500122,-0.473389,86.8793,274.8627,0
5.4200,3614096,-0.516235,0.509216,0.500122,-0.473389,86.8781,274.8640,0
5.4300,3614106,-0.516235,0.509216,0.500122,-0.473389,86.8787,274.8665,0
5.4400,3614116,-0.516235,0.509216,0.500122,-0.473389,86.8816,274.8677,0
5.4500,3614126,-0.516235,0.509216,0.500122,-0.473389,86.8826,274.8682,0
5.4600,3614136,-0.516235,0.509216,0.500122,-0.473389,86.8806,274.8669,0
5.4700,3614146,-0.516235,0.509216,0.500183,-0.473328,86.8752,274.8633,0
5.4800,3614156,-0.516174,0.509277,0.500244,-0.473267,86.8694,274.8623,0
5.4900,3614166,-0.516113,0.509277,0.500244,-0.473206,86.8645,274.8637,0
5.5000,3614176,-0.516113,0.509338,0.500305,-0.473206,86.8568,274.8715,0
5.5100,3614186,-0.515991,0.509460,0.500366,-0.473145,86.8466,274.8813,0
5.5200,3614196,-0.515930,0.509521,0.500366,-0.473145,86.8399,274.8925,0
5.5300,3614206,-0.515869,0.509521,0.500366,-0.473145,86.8418,274.8964,0
5.5400,3614216,-0.515808,0.509460,0.500427,-0.473206,86.8507,274.8971,0
5.5500,3614226,-0.515808,0.509399,0.500427,-0.473267,86.8646,274.8930,0
5.5600,3614236,-0.515808,0.509338,0.500488,-0.473267,86.8724,274.8856,0
5.5700,3614246,-0.515808,0.509338,0.500549,-0.473206,86.8566,274.8810,0
5.5800,3614256,-0.515747,0.509399,0.500671,-0.473083,86.8393,274.8785,0
5.5900,3614266,-0.515686,0.509460,0.500793,-0.473022,86.8317,274.8767,0
5.6000,3614276,-0.515625,0.509521,0.500793,-0.472961,86.8388,274.8733,0
5.6100,3614286,-0.515625,0.509521,0.500854,-0.472900,86.8556,274.8723,0
5.6200,3614296,-0.515686,0.509399,0.500854,-0.473022,86.8662,274.8712,0
5.6300,3614306,-0.515625,0.509338,0.500854,-0.473083,86.8615,274.8756,0
5.6400,3614316,-0.515442,0.509460,0.500977,-0.473022,86.8445,274.8833,0
5.6500,3614326,-0.515320,0.509644,0.501038,-0.472961,86.8266,274.8924,0
5.6600,3614336,-0.515198,0.509705,0.501099,-0.473022,86.8209,274.9004,0
5.6700,3614346,-0.515137,0.509705,0.501099,-0.473083,86.8279,274.9031,0
5.6800,3614356,-0.515076,0.509644,0.501099,-0.473145,86.8405,274.9022,0
5.6900,3614366,-0.515076,0.509521,0.501099,-0.473206,86.8548,274.9001,0
5.7000,3614376,-0.515076,0.509460,0.501099,-0.473328,86.8655,274.8963,0
5.7100,3614386,-0.515076,0.509460,0.501160,-0.473328,86.8673,274.8927,0
5.7200,3614396,-0.515015,0.509460,0.501160,-0.473267,86.8619,274.8911,0
5.7300,3614406,-0.515015,0.509460,0.501160,-0.473267,86.8604,274.8901,0
5.7400,3614416,-0.515015,0.509460,0.501160,-0.473267,86.8690,274.8898,0
5.7500,3614426,-0.515076,0.509399,0.501099,-0.473328,86.8866,274.8907,0
5.7600,3614436,-0.515137,0.509338,0.501038,-0.473450,86.9070,274.8927,0
5.7700,3614446,-0.515198,0.509338,0.500916,-0.473572,86.9196,274.8952,0
5.7800,3614456,-0.515198,0.509338,0.500854,-0.473633,86.9275,274.8969,0
5.7900,3614466,-0.515137,0.509338,0.500793,-0.473694,86.9290,274.8972,0
5.8000,3614476,-0.515137,0.509399,0.500732,-0.473694,86.9222,274.8999,0
5.8100,3614486,-0.515015,0.509521,0.500793,-0.473694,86.9056,274.8984,0
5.8200,3614496,-0.514954,0.509583,0.500854,-0.473572,86.8856,274.8945,0
5.8300,3614506,-0.514954,0.509705,0.500854,-0.473450,86.8697,274.8893,0
5.8400,3614516,-0.514954,0.509827,0.500854,-0.473389,86.8610,274.8801,0
5.8500,3614526,-0.514954,0.509766,0.500854,-0.473328,86.8582,274.8696,0
5.8600,3614536,-0.514954,0.509766,0.500854,-0.473328,86.8578,274.8685,0
5.8700,3614546,-0.514954,0.509766,0.500854,-0.473328,86.8557,274.8758,0
5.8800,3614556,-0.514954,0.509827,0.500854,-0.473389,86.8578,274.8849,0
5.8900,3614566,-0.514893,0.509888,0.500732,-0.473450,86.8615,274.8959,0
5.9000,3614576,-0.514832,0.509949,0.500671,-0.473572,86.8620,274.9064,0
5.9100,3614586,-0.514709,0.510010,0.500610,-0.473694,86.8560,274.9098,0
5.9200,3614596,-0.514587,0.510010,0.500610,-0.473816,86.8455,274.9117,0
5.9300,3614606,-0.514343,0.510132,0.500671,-0.473877,86.8253,274.9081,0
5.9400,3614616,-0.514160,0.510193,0.500732,-0.473877,86.8049,274.8999,0
5.9500,3614626,-0.514099,0.510254,0.500793,-0.473816,86.7903,274.8856,0
5.9600,3614636,-0.514038,0.510315,0.500854,-0.473816,86.7800,274.8678,0
5.9700,3614646,-0.514099,0.510254,0.500916,-0.473755,86.7755,274.8467,0
5.9800,3614656,-0.514160,0.510193,0.500916,-0.473755,86.7839,274.8273,0
5.9900,3614666,-0.514221,0.510132,0.500916,-0.473755,86.7936,274.8138,0
6.0000,3614676,-0.514282,0.510071,0.500854,-0.473816,86.8011,274.8051,0
6.0100,3614686,-0.514282,0.510132,0.500854,-0.473755,86.7993,274.8010,0
6.0200,3614696,-0.514221,0.510132,0.500916,-0.473694,86.7887,274.8007,0
6.0300,3614706,-0.514160,0.510254,0.500916,-0.473694,86.7738,274.8015,0
6.0400,3614716,-0.514038,0.510376,0.500977,-0.473633,86.7590,274.7986,0
6.0500,3614726,-0.514038,0.510376,0.500977,-0.473633,86.7514,274.7923,0
6.0600,3614736,-0.514038,0.510376,0.500977,-0.473633,86.7484,274.7828,0
6.0700,3614746,-0.514038,0.510376,0.500977,-0.473633,86.7490,274.7731,0
6.0800,3614756,-0.513977,0.510376,0.501038,-0.473633,86.7521,274.7604,0
6.0900,3614766,-0.513977,0.510376,0.501038,-0.473633,86.7555,274.7495,0
6.1000,3614776,-0.514038,0.510315,0.500977,-0.473694,86.7630,274.7379,0
6.1100,3614786,-0.514099,0.510254,0.500916,-0.473694,86.7736,274.7287,0
6.1200,3614796,-0.514099,0.510254,0.500916,-0.473755,86.7807,274.7217,0
6.1300,3614806,-0.514160,0.510254,0.500854,-0.473755,86.7792,274.7194,0
6.1400,3614816,-0.514160,0.510315,0.500854,-0.473694,86.7730,274.7166,0
6.1500,3614826,-0.514160,0.510315,0.500854,-0.473633,86.7683,274.7146,0
6.1600,3614836,-0.514160,0.510315,0.500854,-0.473633,86.7656,274.7121,0
6.1700,3614846,-0.514160,0.510315,0.500854,-0.473633,86.7648,274.7085,0
6.1800,3614856,-0.514160,0.510315,0.500854,-0.473633,86.7658,274.7013,0
6.1900,3614866,-0.514099,0.510315,0.500916,-0.473694,86.7680,274.6927,0
6.2000,3614876,-0.514038,0.510254,0.500977,-0.473755,86.7713,274.6840,0
6.2100,3614886,-0.513977,0.510193,0.501038,-0.473816,86.7761,274.6757,0
6.2200,3614896,-0.513977,0.510132,0.501038,-0.473877,86.7802,274.6684,0
6.2300,3614906,-0.514038,0.510071,0.500977,-0.473938,86.7899,274.6639,0
6.2400,3614916,-0.514099,0.510010,0.500916,-0.473999,86.8010,274.6643,0
6.2500,3614926,-0.514099,0.510071,0.500854,-0.473999,86.8032,274.6707,0
6.2600,3614936,-0.514099,0.510193,0.500732,-0.473999,86.7994,274.6808,0
6.2700,3614946,-0.514099,0.510254,0.500671,-0.473999,86.7945,274.6893,0
6.2800,3614956,-0.514099,0.510315,0.500610,-0.473999,86.7905,274.6938,0
6.2900,3614966,-0.514099,0.510315,0.500610,-0.473999,86.7915,274.6957,0
6.3000,3614976,-0.514099,0.510315,0.500549,-0.474060,86.7959,274.6945,0
6.3100,3614986,-0.514099,0.510315,0.500549,-0.474060,86.7984,274.6869,0
6.3200,3614996,-0.514099,0.510254,0.500610,-0.473999,86.7936,274.6773,0
6.3300,3615006,-0.514099,0.510254,0.500671,-0.473938,86.7813,274.6658,0
6.3400,3615016,-0.514099,0.510315,0.500793,-0.473816,86.7631,274.6572,0
6.3500,3615026,-0.514038,0.510376,0.500854,-0.473755,86.7506,274.6515,0
6.3600,3615036,-0.514038,0.510376,0.500854,-0.473755,86.7452,274.6501,0
6.3700,3615046,-0.514038,0.510376,0.500854,-0.473755,86.7466,274.6489,0
6.3800,3615056,-0.514038,0.510376,0.500854,-0.473755,86.7515,274.6465,0
6.3900,3615066,-0.514038,0.510376,0.500854,-0.473755,86.7544,274.6466,0
6.4000,3615076,-0.514038,0.510376,0.500854,-0.473755,86.7524,274.6485,0
6.4100,3615086,-0.513977,0.510437,0.500854,-0.473755,86.7464,274.6533,0
6.4200,3615096,-0.513916,0.510498,0.500854,-0.473755,86.7400,274.6584,0
6.4300,3615106,-0.513855,0.510498,0.500793,-0.473816,86.7370,274.6626,0
6.4400,3615116,-0.513855,0.510498,0.500854,-0.473816,86.7388,274.6602,0
6.4500,3615126,-0.513794,0.510437,0.500854,-0.473877,86.7417,274.6572,0
6.4600,3615136,-0.513794,0.510437,0.500854,-0.473877,86.7410,274.6502,0
6.4700,3615146,-0.513794,0.510437,0.500854,-0.473877,86.7378,274.6430,0
6.4800,3615156,-0.513855,0.510437,0.500916,-0.473816,86.7361,274.6386,0
6.4900,3615166,-0.513855,0.510437,0.500854,-0.473816,86.7314,274.6385,0
6.5000,3615176,-0.513916,0.510498,0.500793,-0.473755,86.7276,274.6450,0
6.5100,3615186,-0.513916,0.510620,0.500732,-0.473816,86.7293,274.6535,0
6.5200,3615196,-0.513855,0.510620,0.500610,-0.473877,86.7363,274.6639,0
6.5300,3615206,-0.513855,0.510681,0.500549,-0.473938,86.7404,274.6696,0
6.5400,3615216,-0.513794,0.510681,0.500549,-0.473999,86.7354,274.6737,0
6.5500,3615226,-0.513733,0.510742,0.500549,-0.473999,86.7223,274.6741,0
6.5600,3615236,-0.513672,0.510803,0.500610,-0.473938,86.7116,274.6727,0
6.5700,3615246,-0.513611,0.510742,0.500610,-0.473999,86.7092,274.6654,0
6.5800,3615256,-0.513611,0.510681,0.500610,-0.474060,86.7171,274.6573,0
6.5900,3615266,-0.513672,0.510620,0.500549,-0.474121,86.7286,274.6490,0
6.6000,3615276,-0.513733,0.510559,0.500549,-0.474182,86.7355,274.6393,0
6.6100,3615286,-0.513733,0.510559,0.500549,-0.474182,86.7319,274.6307,0
6.6200,3615296,-0.513672,0.510620,0.500610,-0.474121,86.7160,274.6225,0
6.6300,3615306,-0.513611,0.510742,0.500671,-0.474060,86.6956,274.6160,0
6.6400,3615316,-0.513550,0.510803,0.500671,-0.473938,86.6827,274.6121,0
6.6500,3615326,-0.513550,0.510803,0.500671,-0.473938,86.6865,274.6108,0
6.6600,3615336,-0.513672,0.510742,0.500610,-0.474060,86.7062,274.6114,0
6.6700,3615346,-0.513794,0.510620,0.500488,-0.474121,86.7320,274.6131,0
6.6800,3615356,-0.513916,0.510620,0.500366,-0.474182,86.7487,274.6129,0
6.6900,3615366,-0.513977,0.510620,0.500305,-0.474121,86.7510,274.6123,0
6.7000,3615376,-0.513977,0.510742,0.500244,-0.473999,86.7401,274.6076,0
6.7100,3615386,-0.513977,0.510803,0.500366,-0.473877,86.7238,274.5996,0
6.7200,3615396,-0.513977,0.510742,0.500427,-0.473816,86.7156,274.5902,0
6.7300,3615406,-0.514038,0.510681,0.500488,-0.473755,86.7179,274.5814,0
6.7400,3615416,-0.514099,0.510620,0.500549,-0.473694,86.7190,274.5760,0
6.7500,3615426,-0.514160,0.510620,0.500610,-0.473633,86.7140,274.5744,0
6.7600,3615436,-0.514221,0.510620,0.500610,-0.473511,86.7033,274.5777,0
6.7700,3615446,-0.514160,0.510681,0.500671,-0.473450,86.6938,274.5862,0
6.7800,3615456,-0.514099,0.510742,0.500671,-0.473389,86.6924,274.6007,0
6.7900,3615466,-0.514099,0.510803,0.500671,-0.473450,86.7018,274.6187,0
6.8000,3615476,-0.514099,0.510803,0.500427,-0.473633,86.7215,274.6327,0
6.8100,3615486,-0.514099,0.510803,0.500305,-0.473755,86.7358,274.6418,0
6.8200,3615496,-0.514160,0.510742,0.500305,-0.473816,86.7405,274.6440,0
6.8300,3615506,-0.514160,0.510742,0.500305,-0.473816,86.7349,274.6412,0
6.8400,3615516,-0.514099,0.510742,0.500366,-0.473755,86.7236,274.6345,0
6.8500,3615526,-0.514099,0.510681,0.500488,-0.473755,86.7184,274.6251,0
6.8600,3615536,-0.514099,0.510620,0.500549,-0.473755,86.7212,274.6156,0
6.8700,3615546,-0.514099,0.510498,0.500610,-0.473755,86.7286,274.6042,0
6.8800,3615556,-0.514099,0.510437,0.500732,-0.473755,86.7338,274.5975,0
6.8900,3615566,-0.514099,0.510437,0.500732,-0.473755,86.7346,274.5965,0
6.9000,3615576,-0.514099,0.510437,0.500732,-0.473755,86.7342,274.6009,0
6.9100,3615586,-0.514099,0.510498,0.500671,-0.473755,86.7320,274.6098,0
6.9200,3615596,-0.514038,0.510498,0.500610,-0.473816,86.7293,274.6195,0
6.9300,3615606,-0.513977,0.510559,0.500610,-0.473877,86.7286,274.6287,0
6.9400,3615616,-0.513977,0.510498,0.500610,-0.473877,86.7326,274.6326,0
6.9500,3615626,-0.513916,0.510498,0.500671,-0.473938,86.7323,274.6334,0
6.9600,3615636,-0.513855,0.510498,0.500732,-0.473938,86.7267,274.6305,0
6.9700,3615646,-0.513733,0.510498,0.500854,-0.473938,86.7171,274.6288,0
6.9800,3615656,-0.513672,0.510498,0.500916,-0.473938,86.7111,274.6309,0
6.9900,3615666,-0.513672,0.510498,0.500854,-0.473999,86.7118,274.6346,0
7.0000,3615676,-0.513733,0.510498,0.500793,-0.473999,86.7238,274.6351,0
7.0100,3615686,-0.513733,0.510437,0.500793,-0.474060,86.7328,274.6315,0
7.0200,3615696,-0.513733,0.510437,0.500793,-0.474060,86.7301,274.6251,0
7.0300,3615706,-0.513794,0.510498,0.500732,-0.473999,86.7216,274.6184,0
7.0400,3615716,-0.513794,0.510559,0.500732,-0.473938,86.7106,274.6170,0
7.0500,3615726,-0.513794,0.510681,0.500732,-0.473816,86.7019,274.6156,0
7.0600,3615736,-0.513794,0.510803,0.500732,-0.473694,86.6983,274.6113,0
7.0700,3615746,-0.513794,0.510864,0.500671,-0.473633,86.6973,274.6061,0
7.0800,3615756,-0.513855,0.510864,0.500671,-0.473572,86.7000,274.6029,0
7.0900,3615766,-0.513855,0.510864,0.500671,-0.473572,86.7025,274.6010,0
7.1000,3615776,-0.513855,0.510864,0.500671,-0.473572,86.7019,274.6046,0
7.1100,3615786,-0.513794,0.510925,0.500671,-0.473572,86.6978,274.6139,0
7.1200,3615796,-0.513733,0.510986,0.500610,-0.473633,86.6937,274.6270,0
7.1300,3615806,-0.513733,0.510986,0.500549,-0.473755,86.7005,274.6387,0
7.1400,3615816,-0.513733,0.510864,0.500488,-0.473938,86.7212,274.6432,0
7.1500,3615826,-0.513855,0.510742,0.500366,-0.474060,86.7480,274.6404,0
7.1600,3615836,-0.513977,0.510559,0.500305,-0.474182,86.7664,274.6306,0
7.1700,3615846,-0.513977,0.510559,0.500366,-0.474121,86.7660,274.6177,0
7.1800,3615856,-0.514038,0.510559,0.500488,-0.473938,86.7496,274.6038,0
7.1900,3615866,-0.514038,0.510620,0.500549,-0.473755,86.7300,274.5924,0
7.2000,3615876,-0.514099,0.510681,0.500610,-0.473633,86.7180,274.5840,0
7.2100,3615886,-0.514160,0.510681,0.500610,-0.473511,86.7172,274.5797,0
7.2200,3615896,-0.514221,0.510681,0.500610,-0.473450,86.7224,274.5768,0
7.2300,3615906,-0.514343,0.510620,0.500610,-0.473389,86.7315,274.5752,0
7.2400,3615916,-0.514343,0.510620,0.500610,-0.473389,86.7372,274.5760,0
7.2500,3615926,-0.514343,0.510620,0.500610,-0.473389,86.7343,274.5811,0
7.2600,3615936,-0.514282,0.510681,0.500610,-0.473389,86.7279,274.5876,0
7.2700,3615946,-0.514282,0.510681,0.500610,-0.473389,86.7272,274.5931,0
7.2800,3615956,-0.514282,0.510620,0.500610,-0.473450,86.7355,274.5979,0
7.2900,3615966,-0.514343,0.510498,0.500610,-0.473572,86.7511,274.6024,0
7.3000,3615976,-0.514343,0.510437,0.500549,-0.473633,86.7653,274.6078,0
7.3100,3615986,-0.514343,0.510376,0.500549,-0.473694,86.7645,274.6147,0
7.3200,3615996,-0.514343,0.510376,0.500549,-0.473694,86.7602,274.6213,0
7.3300,3616006,-0.514343,0.510376,0.500549,-0.473694,86.7579,274.6288,0
7.3400,3616016,-0.514343,0.510376,0.500549,-0.473694,86.7581,274.6371,0
7.3500,3616026,-0.514404,0.510376,0.500549,-0.473694,86.7583,274.6485,0
7.3600,3616036,-0.514343,0.510437,0.500488,-0.473694,86.7525,274.6599,0
7.3700,3616046,-0.514282,0.510437,0.500488,-0.473755,86.7435,274.6696,0
7.3800,3616056,-0.514221,0.510559,0.500427,-0.473816,86.7385,274.6757,0
7.3900,3616066,-0.514160,0.510559,0.500427,-0.473877,86.7420,274.6809,0
7.4000,3616076,-0.514160,0.510498,0.500427,-0.473938,86.7525,274.6829,0
7.4100,3616086,-0.514160,0.510437,0.500427,-0.474060,86.7607,274.6823,0
7.4200,3616096,-0.514160,0.510437,0.500427,-0.474060,86.7596,274.6801,0
7.4300,3616106,-0.514099,0.510437,0.500488,-0.473999,86.7514,274.6767,0
7.4400,3616116,-0.514038,0.510498,0.500488,-0.473938,86.7401,274.6694,0
7.4500,3616126,-0.514099,0.510498,0.500549,-0.473938,86.7358,274.6612,0
7.4600,3616136,-0.514160,0.510437,0.500549,-0.473877,86.7436,274.6493,0
7.4700,3616146,-0.514221,0.510437,0.500549,-0.473816,86.7493,274.6392,0
7.4800,3616156,-0.514282,0.510498,0.500488,-0.473694,86.7422,274.6363,0
7.4900,3616166,-0.514282,0.510681,0.500488,-0.473572,86.7242,274.6376,0
7.5000,3616176,-0.514221,0.510803,0.500549,-0.473389,86.7053,274.6425,0
7.5100,3616186,-0.514221,0.510925,0.500549,-0.473328,86.6968,274.6465,0
7.5200,3616196,-0.514221,0.510925,0.500549,-0.473328,86.7013,274.6474,0
7.5300,3616206,-0.514221,0.510803,0.500549,-0.473328,86.7114,274.6429,0
7.5400,3616216,-0.514221,0.510681,0.500671,-0.473389,86.7187,274.6356,0
7.5500,3616226,-0.514221,0.510620,0.500793,-0.473389,86.7228,274.6275,0
7.5600,3616236,-0.514160,0.510498,0.500916,-0.473389,86.7297,274.6198,0
7.5700,3616246,-0.514160,0.510376,0.500977,-0.473450,86.7350,274.6167,0
7.5800,3616256,-0.514160,0.510376,0.500977,-0.473450,86.7359,274.6161,0
7.5900,3616266,-0.514160,0.510376,0.500977,-0.473450,86.7350,274.6208,0
7.6000,3616276,-0.514160,0.510376,0.500977,-0.473450,86.7507,274.6313,0
7.6100,3616286,-0.514160,0.510376,0.500916,-0.473572,86.7709,274.6418,0
7.6200,3616296,-0.514221,0.510315,0.500793,-0.473694,86.7847,274.6512,0
7.6300,3616306,-0.514282,0.510315,0.500671,-0.473755,86.7853,274.6566,0
7.6400,3616316,-0.514343,0.510315,0.500671,-0.473694,86.7699,274.6558,0
7.6500,3616326,-0.514282,0.510376,0.500671,-0.473633,86.7513,274.6497,0
7.6600,3616336,-0.514221,0.510437,0.500793,-0.473511,86.7347,274.6385,0
7.6700,3616346,-0.514160,0.510498,0.501038,-0.473267,86.7279,274.6285,0
7.6800,3616356,-0.514221,0.510437,0.501099,-0.473206,86.7333,274.6245,0
7.6900,3616366,-0.514282,0.510376,0.501038,-0.473267,86.7480,274.6290,0
7.7000,3616376,-0.514343,0.510315,0.500977,-0.473328,86.7672,274.6398,0
7.7100,3616386,-0.514343,0.510315,0.500854,-0.473450,86.7826,274.6523,0
7.7200,3616396,-0.514343,0.510376,0.500854,-0.473511,86.7841,274.6665,0
7.7300,3616406,-0.514221,0.510437,0.500793,-0.473511,86.7766,274.6783,0
7.7400,3616416,-0.514160,0.510559,0.500793,-0.473511,86.7663,274.6882,0
7.7500,3616426,-0.514099,0.510559,0.500793,-0.473511,86.7667,274.6942,0
7.7600,3616436,-0.514160,0.510498,0.500732,-0.473572,86.7801,274.6962,0
7.7700,3616446,-0.514282,0.510437,0.500671,-0.473633,86.7941,274.6928,0
7.7800,3616456,-0.514282,0.510376,0.500671,-0.473633,86.7960,274.6854,0
7.7900,3616466,-0.514282,0.510376,0.500793,-0.473511,86.7861,274.6754,0
7.8000,3616476,-0.514282,0.510437,0.500854,-0.473389,86.7714,274.6648,0
7.8100,3616486,-0.514282,0.510498,0.500916,-0.473206,86.7598,274.6613,0
7.8200,3616496,-0.514282,0.510620,0.500916,-0.473145,86.7536,274.6622,0
7.8300,3616506,-0.514343,0.510620,0.500854,-0.473083,86.7523,274.6678,0
7.8400,3616516,-0.514404,0.510681,0.500793,-0.473022,86.7554,274.6736,0
7.8500,3616526,-0.514465,0.510742,0.500732,-0.472961,86.7624,274.6828,0
7.8600,3616536,-0.514526,0.510742,0.500671,-0.473022,86.7756,274.6933,0
7.8700,3616546,-0.514526,0.510742,0.500549,-0.473145,86.7917,274.7033,0
7.8800,3616556,-0.514587,0.510681,0.500488,-0.473206,86.8052,274.7127,0
7.8900,3616566,-0.514587,0.510681,0.500488,-0.473206,86.7943,274.7152,0
7.9000,3616576,-0.514526,0.510742,0.500488,-0.473206,86.7791,274.7133,0
7.9100,3616586,-0.514465,0.510803,0.500610,-0.473083,86.7731,274.7068,0
7.9200,3616596,-0.514465,0.510803,0.500671,-0.473022,86.7780,274.7001,0
7.9300,3616606,-0.514465,0.510803,0.500671,-0.472961,86.7857,274.6974,0
7.9400,3616616,-0.514526,0.510742,0.500732,-0.472961,86.7912,274.6960,0
7.9500,3616626,-0.514587,0.510681,0.500732,-0.472961,86.7946,274.6965,0
7.9600,3616636,-0.514587,0.510681,0.500732,-0.472961,86.7979,274.7011,0
7.9700,3616646,-0.514587,0.510681,0.500732,-0.472961,86.8040,274.7079,0
7.9800,3616656,-0.514587,0.510620,0.500732,-0.472961,86.8121,274.7173,0
7.9900,3616666,-0.514648,0.510620,0.500610,-0.473083,86.8228,274.7280,0
8.0000,3616676,-0.514648,0.510620,0.500549,-0.473145,86.8354,274.7368,0
8.0100,3616686,-0.514709,0.510620,0.500427,-0.473206,86.8503,274.7451,0
8.0200,3616696,-0.514832,0.510559,0.500305,-0.473267,86.8674,274.7533,0
8.0300,3616706,-0.514954,0.510437,0.500244,-0.473389,86.8836,274.7574,0
8.0400,3616716,-0.514954,0.510376,0.500183,-0.473389,86.8884,274.7602,0
8.0500,3616726,-0.514954,0.510376,0.500183,-0.473389,86.8804,274.7616,0
8.0600,3616736,-0.514893,0.510437,0.500244,-0.473389,86.8675,274.7586,0
8.0700,3616746,-0.514832,0.510376,0.500305,-0.473450,86.8660,274.7564,0
8.0800,3616756,-0.514832,0.510193,0.500305,-0.473633,86.8799,274.7567,0
8.0900,3616766,-0.514893,0.509949,0.500244,-0.473877,86.9104,274.7593,0
8.1000,3616776,-0.514954,0.509705,0.500183,-0.474182,86.9453,274.7640,0
8.1100,3616786,-0.514954,0.509583,0.500061,-0.474365,86.9622,274.7685,0
8.1200,3616796,-0.514893,0.509583,0.500061,-0.474487,86.9540,274.7685,0
8.1300,3616806,-0.514832,0.509705,0.500122,-0.474426,86.9272,274.7679,0
8.1400,3616816,-0.514709,0.509827,0.500183,-0.474304,86.8958,274.7686,0
8.1500,3616826,-0.514709,0.509949,0.500244,-0.474182,86.8724,274.7621,0
8.1600,3616836,-0.514771,0.509949,0.500183,-0.474121,86.8659,274.7513,0
8.1700,3616846,-0.514893,0.509949,0.500183,-0.473999,86.8680,274.7399,0
8.1800,3616856,-0.515015,0.509888,0.500183,-0.473938,86.8753,274.7268,0
8.1900,3616866,-0.515137,0.509827,0.500122,-0.473877,86.8781,274.7190,0
8.2000,3616876,-0.515259,0.509827,0.500122,-0.473816,86.8813,274.7164,0
8.2100,3616886,-0.515320,0.509766,0.500122,-0.473816,86.8880,274.7193,0
8.2200,3616896,-0.515320,0.509705,0.500061,-0.473877,86.8973,274.7268,0
8.2300,3616906,-0.515320,0.509644,0.500000,-0.473999,86.9061,274.7351,0
8.2400,3616916,-0.515320,0.509583,0.499939,-0.474121,86.9121,274.7416,0
8.2500,3616926,-0.515259,0.509460,0.499939,-0.474365,86.9142,274.7472,0
8.2600,3616936,-0.515198,0.509460,0.499878,-0.474487,86.9181,274.7508,0
8.2700,3616946,-0.515198,0.509399,0.499817,-0.474609,86.9221,274.7541,0
8.2800,3616956,-0.515259,0.509338,0.499756,-0.474670,86.9248,274.7538,0
8.2900,3616966,-0.515320,0.509277,0.499756,-0.474670,86.9226,274.7487,0
8.3000,3616976,-0.515320,0.509277,0.499817,-0.474670,86.9177,274.7373,0
8.3100,3616986,-0.515381,0.509216,0.499878,-0.474609,86.9178,274.7211,0
8.3200,3616996,-0.515564,0.509094,0.499817,-0.474548,86.9232,274.7040,0
8.3300,3617006,-0.515625,0.509094,0.499878,-0.474426,86.9218,274.6909,0
8.3400,3617016,-0.515686,0.509155,0.499878,-0.474243,86.9068,274.6826,0
8.3500,3617026,-0.515686,0.509277,0.499939,-0.474121,86.8874,274.6831,0
8.3600,3617036,-0.515686,0.509338,0.499939,-0.473999,86.8743,274.6890,0
8.3700,3617046,-0.515686,0.509338,0.499939,-0.473999,86.8750,274.6975,0
8.3800,3617056,-0.515747,0.509277,0.499878,-0.474060,86.8857,274.7062,0
8.3900,3617066,-0.515747,0.509216,0.499878,-0.474121,86.8964,274.7139,0
8.4000,3617076,-0.515686,0.509155,0.499939,-0.474182,86.8947,274.7181,0
8.4100,3617086,-0.515625,0.509155,0.500061,-0.474182,86.8776,274.7238,0
8.4200,3617096,-0.515442,0.509277,0.500122,-0.474182,86.8565,274.7323,0
8.4300,3617106,-0.515320,0.509338,0.500183,-0.474182,86.8448,274.7413,0
8.4400,3617116,-0.515259,0.509338,0.500061,-0.474365,86.8515,274.7529,0
8.4500,3617126,-0.515259,0.509277,0.499939,-0.474548,86.8709,274.7633,0
8.4600,3617136,-0.515320,0.509216,0.499817,-0.474670,86.8846,274.7719,0
8.4700,3617146,-0.515320,0.509216,0.499817,-0.474670,86.8662,274.7701,0
8.4800,3617156,-0.515259,0.509277,0.499878,-0.474609,86.8415,274.7666,0
8.4900,3617166,-0.515198,0.509460,0.499939,-0.474487,86.8199,274.7626,0
8.5000,3617176,-0.515076,0.509521,0.500061,-0.474365,86.8088,274.7577,0
8.5100,3617186,-0.515015,0.509583,0.500061,-0.474304,86.8108,274.7536,0
8.5200,3617196,-0.515015,0.509583,0.500061,-0.474304,86.8227,274.7497,0
8.5300,3617206,-0.515076,0.509521,0.500061,-0.474365,86.8371,274.7460,0
8.5400,3617216,-0.515198,0.509399,0.499939,-0.474487,86.8453,274.7443,0
8.5500,3617226,-0.515198,0.509399,0.499878,-0.474548,86.8507,274.7480,0
8.5600,3617236,-0.515198,0.509399,0.499756,-0.474670,86.8581,274.7568,0
8.5700,3617246,-0.515198,0.509399,0.499634,-0.474792,86.8646,274.7633,0
8.5800,3617256,-0.515198,0.509399,0.499573,-0.474854,86.8648,274.7671,0
8.5900,3617266,-0.515198,0.509460,0.499573,-0.474915,86.8555,274.7659,0
8.6000,3617276,-0.515076,0.509460,0.499634,-0.474854,86.8401,274.7553,0
8.6100,3617286,-0.515076,0.509399,0.499756,-0.474792,86.8255,274.7375,0
8.6200,3617296,-0.515076,0.509338,0.499878,-0.474792,86.8164,274.7164,0
8.6300,3617306,-0.515137,0.509216,0.499939,-0.474731,86.8143,274.6970,0
8.6400,3617316,-0.515198,0.509155,0.500000,-0.474731,86.8201,274.6815,0
8.6500,3617326,-0.515259,0.509094,0.499939,-0.474731,86.8292,274.6734,0
8.6600,3617336,-0.515320,0.509094,0.499878,-0.474731,86.8343,274.6753,0
8.6700,3617346,-0.515320,0.509155,0.499817,-0.474731,86.8344,274.6830,0
8.6800,3617356,-0.515320,0.509277,0.499695,-0.474731,86.8260,274.6951,0
8.6900,3617366,-0.515198,0.509338,0.499695,-0.474792,86.8145,274.7053,0
8.7000,3617376,-0.515137,0.509460,0.499634,-0.474792,86.8036,274.7137,0
8.7100,3617386,-0.515076,0.509521,0.499634,-0.474854,86.7985,274.7206,0
8.7200,3617396,-0.515076,0.509460,0.499573,-0.474976,86.8026,274.7217,0
8.7300,3617406,-0.515076,0.509338,0.499573,-0.475037,86.8154,274.7173,0
8.7400,3617416,-0.515137,0.509277,0.499512,-0.475159,86.8288,274.7084,0
8.7500,3617426,-0.515137,0.509155,0.499512,-0.475281,86.8379,274.6975,0
8.7600,3617436,-0.515137,0.509094,0.499512,-0.475342,86.8371,274.6902,0
8.7700,3617446,-0.515137,0.509094,0.499512,-0.475342,86.8357,274.6862,0
8.7800,3617456,-0.515137,0.509094,0.499512,-0.475342,86.8350,274.6872,0
8.7900,3617466,-0.515137,0.509155,0.499451,-0.475342,86.8288,274.6886,0
8.8000,3617476,-0.515076,0.509155,0.499451,-0.475403,86.8176,274.6930,0
8.8100,3617486,-0.515076,0.509216,0.499390,-0.475464,86.8022,274.6948,0
8.8200,3617496,-0.514954,0.509277,0.499390,-0.475464,86.7852,274.6942,0
8.8300,3617506,-0.514893,0.509399,0.499451,-0.475403,86.7743,274.6888,0
8.8400,3617516,-0.514893,0.509399,0.499451,-0.475403,86.7706,274.6789,0
8.8500,3617526,-0.514893,0.509338,0.499451,-0.475342,86.7676,274.6647,0
8.8600,3617536,-0.514954,0.509338,0.499512,-0.475281,86.7636,274.6489,0
8.8700,3617546,-0.515015,0.509277,0.499573,-0.475220,86.7610,274.6333,0
8.8800,3617556,-0.515015,0.509216,0.499634,-0.475220,86.7640,274.6215,0
8.8900,3617566,-0.515015,0.509216,0.499634,-0.475220,86.7681,274.6150,0
8.9000,3617576,-0.515015,0.509216,0.499634,-0.475220,86.7672,274.6135,0
8.9100,3617586,-0.515076,0.509277,0.499573,-0.475159,86.7645,274.6151,0
8.9200,3617596,-0.515076,0.509277,0.499573,-0.475159,86.7596,274.6149,0
8.9300,3617606,-0.515015,0.509277,0.499634,-0.475159,86.7497,274.6128,0
8.9400,3617616,-0.514954,0.509338,0.499695,-0.475098,86.7390,274.6079,0
8.9500,3617626,-0.514954,0.509399,0.499695,-0.475037,86.7324,274.6015,0
8.9600,3617636,-0.514954,0.509399,0.499695,-0.475037,86.7315,274.5942,0
8.9700,3617646,-0.514954,0.509338,0.499756,-0.475037,86.7360,274.5849,0
8.9800,3617656,-0.515076,0.509338,0.499695,-0.474915,86.7385,274.5792,0
8.9900,3617666,-0.515137,0.509338,0.499695,-0.474854,86.7396,274.5750,0
9.0000,3617676,-0.515198,0.509399,0.499634,-0.474792,86.7378,274.5727,0
9.0100,3617686,-0.515198,0.509460,0.499573,-0.474792,86.7360,274.5724,0
9.0200,3617696,-0.515198,0.509460,0.499573,-0.474792,86.7349,274.5744,0
9.0300,3617706,-0.515198,0.509460,0.499573,-0.474792,86.7309,274.5746,0
9.0400,3617716,-0.515137,0.509460,0.499695,-0.474731,86.7224,274.5771,0
9.0500,3617726,-0.515076,0.509460,0.499756,-0.474731,86.7196,274.5766,0
9.0600,3617736,-0.515015,0.509399,0.499817,-0.474792,86.7247,274.5713,0
9.0700,3617746,-0.515015,0.509338,0.499878,-0.474792,86.7319,274.5633,0
9.0800,3617756,-0.515076,0.509277,0.499939,-0.474792,86.7359,274.5527,0
9.0900,3617766,-0.515137,0.509216,0.500000,-0.474731,86.7356,274.5450,0
9.1000,3617776,-0.515198,0.509155,0.500061,-0.474670,86.7371,274.5421,0
9.1100,3617786,-0.515259,0.509155,0.500061,-0.474609,86.7432,274.5458,0
9.1200,3617796,-0.515320,0.509155,0.499939,-0.474548,86.7526,274.5546,0
9.1300,3617806,-0.515381,0.509155,0.499939,-0.474609,86.7633,274.5660,0
9.1400,3617816,-0.515381,0.509155,0.499939,-0.474609,86.7711,274.5763,0
9.1500,3617826,-0.515381,0.509155,0.499939,-0.474609,86.7726,274.5836,0
9.1600,3617836,-0.515381,0.509094,0.499939,-0.474609,86.7722,274.5888,0
9.1700,3617846,-0.515320,0.509094,0.500000,-0.474670,86.7695,274.5943,0
9.1800,3617856,-0.515198,0.509033,0.500061,-0.474670,86.7651,274.6019,0
9.1900,3617866,-0.515137,0.509033,0.500122,-0.474792,86.7627,274.6102,0
9.2000,3617876,-0.515015,0.508972,0.500183,-0.474915,86.7617,274.6217,0
9.2100,3617886,-0.514893,0.508972,0.500183,-0.475037,86.7605,274.6306,0
9.2200,3617896,-0.514771,0.508972,0.500183,-0.475220,86.7635,274.6426,0
9.2300,3617906,-0.514709,0.508972,0.500122,-0.475342,86.7706,274.6509,0
9.2400,3617916,-0.514648,0.509033,0.500061,-0.475403,86.7743,274.6547,0
9.2500,3617926,-0.514587,0.509094,0.500000,-0.475403,86.7754,274.6546,0
9.2600,3617936,-0.514648,0.509094,0.500000,-0.475403,86.7718,274.6481,0
9.2700,3617946,-0.514648,0.509155,0.500000,-0.475281,86.7612,274.6371,0
9.2800,3617956,-0.514648,0.509277,0.500000,-0.475159,86.7505,274.6274,0
9.2900,3617966,-0.514771,0.509277,0.500000,-0.475098,86.7481,274.6165,0
9.3000,3617976,-0.514893,0.509216,0.499939,-0.475037,86.7577,274.6073,0
9.3100,3617986,-0.514954,0.509216,0.499817,-0.475098,86.7728,274.5997,0
9.3200,3617996,-0.515076,0.509216,0.499756,-0.475098,86.7806,274.5974,0
9.3300,3618006,-0.515076,0.509216,0.499695,-0.475037,86.7743,274.5976,0
9.3400,3618016,-0.515015,0.509338,0.499756,-0.474976,86.7535,274.5978,0
9.3500,3618026,-0.514893,0.509399,0.499878,-0.474915,86.7402,274.5986,0
9.3600,3618036,-0.514832,0.509460,0.499939,-0.474854,86.7443,274.5962,0
9.3700,3618046,-0.514832,0.509399,0.499939,-0.474854,86.7636,274.5969,0
9.3800,3618056,-0.514893,0.509338,0.499878,-0.474976,86.7855,274.5976,0
9.3900,3618066,-0.514954,0.509216,0.499817,-0.475098,86.8003,274.5994,0
9.4000,3618076,-0.515076,0.509155,0.499756,-0.475159,86.8019,274.6005,0
9.4100,3618086,-0.515076,0.509216,0.499756,-0.475098,86.7934,274.6027,0
9.4200,3618096,-0.515015,0.509277,0.499695,-0.475037,86.7806,274.6078,0
9.4300,3618106,-0.514954,0.509399,0.499634,-0.475037,86.7713,274.6163,0
9.4400,3618116,-0.514893,0.509460,0.499573,-0.475098,86.7695,274.6272,0
9.4500,3618126,-0.514832,0.509521,0.499512,-0.475159,86.7707,274.6382,0
9.4600,3618136,-0.514771,0.509583,0.499512,-0.475220,86.7690,274.6475,0
9.4700,3618146,-0.514648,0.509583,0.499512,-0.475342,86.7637,274.6508,0
9.4800,3618156,-0.514648,0.509521,0.499512,-0.475403,86.7551,274.6481,0
9.4900,3618166,-0.514587,0.509521,0.499573,-0.475403,86.7482,274.6389,0
9.5000,3618176,-0.514587,0.509460,0.499634,-0.475403,86.7463,274.6248,0
9.5100,3618186,-0.514648,0.509399,0.499695,-0.475403,86.7458,274.6067,0
9.5200,3618196,-0.514709,0.509338,0.499756,-0.475342,86.7434,274.5895,0
9.5300,3618206,-0.514771,0.509338,0.499756,-0.475220,86.7365,274.5774,0
9.5400,3618216,-0.514832,0.509338,0.499817,-0.475098,86.7295,274.5684,0
9.5500,3618226,-0.514893,0.509338,0.499756,-0.475037,86.7263,274.5616,0
9.5600,3618236,-0.514954,0.509399,0.499756,-0.474976,86.7293,274.5563,0
9.5700,3618246,-0.514954,0.509460,0.499695,-0.474976,86.7357,274.5580,0
9.5800,3618256,-0.515015,0.509399,0.499634,-0.475037,86.7459,274.5613,0
9.5900,3618266,-0.515015,0.509338,0.499634,-0.475037,86.7556,274.5681,0
9.6000,3618276,-0.515015,0.509338,0.499634,-0.475037,86.7607,274.5731,0
9.6100,3618286,-0.515015,0.509399,0.499573,-0.475098,86.7576,274.5809,0
9.6200,3618296,-0.514954,0.509399,0.499573,-0.475159,86.7505,274.5889,0
9.6300,3618306,-0.514832,0.509399,0.499573,-0.475220,86.7497,274.5876,0
9.6400,3618316,-0.514832,0.509338,0.499634,-0.475281,86.7550,274.5779,0
9.6500,3618326,-0.514771,0.509216,0.499634,-0.475403,86.7623,274.5682,0
9.6600,3618336,-0.514893,0.509155,0.499634,-0.475403,86.7664,274.5572,0
9.6700,3618346,-0.514954,0.509094,0.499695,-0.475342,86.7614,274.5456,0
9.6800,3618356,-0.515015,0.509094,0.499695,-0.475220,86.7454,274.5345,0
9.6900,3618366,-0.515076,0.509155,0.499817,-0.475098,86.7261,274.5307,0
9.7000,3618376,-0.515076,0.509399,0.499817,-0.474731,86.7118,274.5331,0
9.7100,3618386,-0.515137,0.509460,0.499756,-0.474670,86.7102,274.5418,0
9.7200,3618396,-0.515259,0.509460,0.499573,-0.474792,86.7222,274.5537,0
9.7300,3618406,-0.515381,0.509399,0.499390,-0.474915,86.7373,274.5667,0
9.7400,3618416,-0.515381,0.509338,0.499268,-0.475037,86.7450,274.5780,0
9.7500,3618426,-0.515381,0.509277,0.499268,-0.475159,86.7447,274.5887,0
9.7600,3618436,-0.515259,0.509155,0.499329,-0.475342,86.7389,274.5933,0
9.7700,3618446,-0.515137,0.509033,0.499390,-0.475525,86.7387,274.5971,0
9.7800,3618456,-0.515015,0.508850,0.499512,-0.475769,86.7421,274.5988,0
9.7900,3618466,-0.514832,0.508728,0.499634,-0.475952,86.7429,274.5996,0
9.8000,3618476,-0.514648,0.508728,0.499756,-0.476074,86.7342,274.5986,0
9.8100,3618486,-0.514526,0.508667,0.499878,-0.476074,86.7194,274.5953,0
9.8200,3618496,-0.514404,0.508667,0.499939,-0.476074,86.7071,274.5843,0
9.8300,3618506,-0.514465,0.508667,0.500000,-0.476074,86.7014,274.5704,0
9.8400,3618516,-0.514526,0.508606,0.500061,-0.476013,86.7013,274.5507,0
9.8500,3618526,-0.514648,0.508545,0.500061,-0.475891,86.7013,274.5284,0
9.8600,3618536,-0.514709,0.508545,0.500122,-0.475708,86.6978,274.5098,0
9.8700,3618546,-0.514832,0.508545,0.500183,-0.475525,86.6904,274.4964,0
9.8800,3618556,-0.514893,0.508606,0.500244,-0.475403,86.6828,274.4866,0
9.8900,3618566,-0.514893,0.508606,0.500305,-0.475281,86.6774,274.4792,0
9.9000,3618576,-0.514954,0.508606,0.500366,-0.475220,86.6776,274.4732,0
9.9100,3618586,-0.515015,0.508545,0.500366,-0.475159,86.6802,274.4688,0
9.9200,3618596,-0.515076,0.508484,0.500427,-0.475159,86.6839,274.4717,0
9.9300,3618606,-0.515076,0.508484,0.500427,-0.475159,86.6844,274.4810,0
9.9400,3618616,-0.515015,0.508484,0.500427,-0.475159,86.6884,274.4940,0
9.9500,3618626,-0.515015,0.508484,0.500366,-0.475220,86.7023,274.5075,0
9.9600,3618636,-0.514954,0.508484,0.500366,-0.475342,86.7280,274.5162,0
9.9700,3618646,-0.515015,0.508362,0.500244,-0.475464,86.7530,274.5197,0
9.9800,3618656,-0.515076,0.508240,0.500183,-0.475586,86.7643,274.5213,0
9.9900,3618666,-0.515137,0.508301,0.500122,-0.475525,86.7548,274.5198,0
10.0000,3618676,-0.515076,0.508545,0.500183,-0.475281,86.7245,274.5160,0
10.0100,3618686,-0.515076,0.508728,0.500305,-0.474976,86.6927,274.5125,0
10.0200,3618696,-0.515137,0.508850,0.500366,-0.474731,86.6767,274.5045,0
10.0300,3618706,-0.515259,0.508789,0.500366,-0.474609,86.6829,274.4953,0
10.0400,3618716,-0.515442,0.508667,0.500366,-0.474609,86.7067,274.4865,0
10.0500,3618726,-0.515564,0.508484,0.500366,-0.474609,86.7312,274.4817,0
10.0600,3618736,-0.515686,0.508423,0.500366,-0.474609,86.7449,274.4825,0
10.0700,3618746,-0.515686,0.508423,0.500366,-0.474609,86.7484,274.4886,0
10.0800,3618756,-0.515686,0.508423,0.500366,-0.474609,86.7559,274.4991,0
10.0900,3618766,-0.515686,0.508423,0.500366,-0.474609,86.7672,274.5146,0
10.1000,3618776,-0.515686,0.508362,0.500305,-0.474670,86.7797,274.5298,0
10.1100,3618786,-0.515625,0.508362,0.500244,-0.474731,86.7881,274.5460,0
10.1200,3618796,-0.515564,0.508423,0.500244,-0.474792,86.7847,274.5655,0
10.1300,3618806,-0.515442,0.508545,0.500244,-0.474792,86.7726,274.5876,0
10.1400,3618816,-0.515320,0.508667,0.500244,-0.474854,86.7621,274.6079,0
10.1500,3618826,-0.515198,0.508789,0.500122,-0.474915,86.7640,274.6248,0
10.1600,3618836,-0.515198,0.508789,0.500061,-0.474976,86.7748,274.6331,0
10.1700,3618846,-0.515259,0.508728,0.500061,-0.475037,86.7850,274.6298,0
10.1800,3618856,-0.515320,0.508667,0.500122,-0.474976,86.7834,274.6183,0
10.1900,3618866,-0.515320,0.508667,0.500244,-0.474854,86.7743,274.6045,0
10.2000,3618876,-0.515381,0.508606,0.500366,-0.474731,86.7675,274.5891,0
10.2100,3618886,-0.515442,0.508545,0.500427,-0.474670,86.7788,274.5863,0
10.2200,3618896,-0.515503,0.508423,0.500427,-0.474670,86.7943,274.5925,0
10.2300,3618906,-0.515564,0.508362,0.500366,-0.474731,86.8084,274.6068,0
10.2400,3618916,-0.515625,0.508423,0.500244,-0.474792,86.8159,274.6274,0
10.2500,3618926,-0.515625,0.508484,0.500122,-0.474792,86.8169,274.6489,0
10.2600,3618936,-0.515564,0.508545,0.500000,-0.474915,86.8161,274.6661,0
10.2700,3618946,-0.515503,0.508606,0.499939,-0.474976,86.8171,274.6783,0
10.2800,3618956,-0.515381,0.508728,0.499817,-0.475098,86.8216,274.6863,0
10.2900,3618966,-0.515381,0.508789,0.499756,-0.475159,86.8242,274.6898,0
10.3000,3618976,-0.515381,0.508789,0.499756,-0.475159,86.8265,274.6907,0
10.3100,3618986,-0.515442,0.508728,0.499756,-0.475220,86.8336,274.6880,0
10.3200,3618996,-0.515503,0.508667,0.499634,-0.475281,86.8468,274.6842,0
10.3300,3619006,-0.515564,0.508545,0.499573,-0.475342,86.8599,274.6765,0
10.3400,3619016,-0.515686,0.508484,0.499573,-0.475403,86.8688,274.6680,0
10.3500,3619026,-0.515747,0.508423,0.499573,-0.475403,86.8725,274.6581,0
10.3600,3619036,-0.515808,0.508301,0.499573,-0.475342,86.8671,274.6452,0
10.3700,3619046,-0.515869,0.508301,0.499695,-0.475281,86.8573,274.6349,0
10.3800,3619056,-0.515869,0.508240,0.499756,-0.475220,86.8485,274.6274,0
10.3900,3619066,-0.515869,0.508240,0.499756,-0.475220,86.8449,274.6251,0
10.4000,3619076,-0.515930,0.508240,0.499695,-0.475220,86.8451,274.6258,0
10.4100,3619086,-0.515930,0.508240,0.499695,-0.475220,86.8440,274.6325,0
10.4200,3619096,-0.515869,0.508240,0.499695,-0.475342,86.8437,274.6416,0
10.4300,3619106,-0.515747,0.508240,0.499695,-0.475403,86.8403,274.6538,0
10.4400,3619116,-0.515686,0.508240,0.499634,-0.475525,86.8377,274.6617,0
10.4500,3619126,-0.515625,0.508240,0.499634,-0.475586,86.8394,274.6657,0
10.4600,3619136,-0.515625,0.508179,0.499634,-0.475708,86.8482,274.6641,0
10.4700,3619146,-0.515686,0.508057,0.499573,-0.475830,86.8630,274.6573,0
10.4800,3619156,-0.515747,0.507874,0.499573,-0.475891,86.8771,274.6436,0
10.4900,3619166,-0.515808,0.507751,0.499573,-0.475952,86.8858,274.6300,0
10.5000,3619176,-0.515869,0.507690,0.499634,-0.475952,86.8827,274.6213,0
10.5100,3619186,-0.515869,0.507629,0.499634,-0.475952,86.8822,274.6172,0
10.5200,3619196,-0.515869,0.507629,0.499634,-0.475952,86.8828,274.6169,0
10.5300,3619206,-0.515869,0.507629,0.499634,-0.475952,86.8787,274.6195,0
10.5400,3619216,-0.515869,0.507629,0.499634,-0.475952,86.8647,274.6226,0
10.5500,3619226,-0.515808,0.507690,0.499695,-0.475952,86.8485,274.6243,0
10.5600,3619236,-0.515747,0.507812,0.499695,-0.475830,86.8366,274.6224,0
10.5700,3619246,-0.515808,0.507935,0.499634,-0.475708,86.8354,274.6201,0
10.5800,3619256,-0.515930,0.507874,0.499573,-0.475647,86.8419,274.6139,0
10.5900,3619266,-0.516113,0.507874,0.499512,-0.475586,86.8482,274.6037,0
10.6000,3619276,-0.516235,0.507874,0.499512,-0.475525,86.8531,274.5972,0
10.6100,3619286,-0.516296,0.507874,0.499451,-0.475403,86.8566,274.5934,0
10.6200,3619296,-0.516418,0.507874,0.499390,-0.475403,86.8640,274.5969,0
10.6300,3619306,-0.516541,0.507812,0.499268,-0.475403,86.8758,274.6068,0
10.6400,3619316,-0.516541,0.507874,0.499146,-0.475525,86.8834,274.6245,0
10.6500,3619326,-0.516541,0.507935,0.499023,-0.475586,86.8810,274.6437,0
10.6600,3619336,-0.516418,0.507996,0.499023,-0.475647,86.8675,274.6637,0
10.6700,3619346,-0.516296,0.508118,0.498962,-0.475708,86.8505,274.6809,0
10.6800,3619356,-0.516174,0.508179,0.498962,-0.475769,86.8378,274.6924,0
10.6900,3619366,-0.516052,0.508240,0.498962,-0.475830,86.8304,274.6997,0
10.7000,3619376,-0.515991,0.508179,0.498962,-0.475891,86.8293,274.7036,0
10.7100,3619386,-0.515930,0.508179,0.499023,-0.475952,86.8301,274.7007,0
10.7200,3619396,-0.515930,0.508118,0.499084,-0.476013,86.8231,274.6944,0
10.7300,3619406,-0.515869,0.508118,0.499146,-0.476074,86.8124,274.6866,0
10.7400,3619416,-0.515808,0.508057,0.499207,-0.476074,86.8021,274.6804,0
10.7500,3619426,-0.515747,0.508118,0.499207,-0.476013,86.7936,274.6781,0
10.7600,3619436,-0.515747,0.508118,0.499146,-0.476074,86.7908,274.6800,0
10.7700,3619446,-0.515747,0.508118,0.499084,-0.476196,86.7971,274.6794,0
10.7800,3619456,-0.515747,0.508118,0.498962,-0.476257,86.8024,274.6799,0
10.7900,3619466,-0.515747,0.508118,0.498962,-0.476318,86.7927,274.6703,0
10.8000,3619476,-0.515686,0.508118,0.499023,-0.476318,86.7870,274.6577,0
10.8100,3619486,-0.515686,0.508057,0.499023,-0.476318,86.7905,274.6432,0
10.8200,3619496,-0.515747,0.508057,0.499023,-0.476318,86.7974,274.6272,0
10.8300,3619506,-0.515808,0.507935,0.499023,-0.476318,86.7998,274.6144,0
10.8400,3619516,-0.515869,0.507935,0.499084,-0.476257,86.7943,274.6017,0
10.8500,3619526,-0.515930,0.507935,0.499084,-0.476196,86.7927,274.5927,0
10.8600,3619536,-0.516174,0.507935,0.498962,-0.476074,86.7971,274.5889,0
10.8700,3619546,-0.516296,0.507935,0.498840,-0.476013,86.8066,274.5836,0
10.8800,3619556,-0.516479,0.507874,0.498718,-0.475952,86.8217,274.5779,0
10.8900,3619566,-0.516602,0.507874,0.498718,-0.475891,86.8278,274.5739,0
10.9000,3619576,-0.516724,0.507874,0.498718,-0.475769,86.8223,274.5683,0
10.9100,3619586,-0.516724,0.507812,0.498779,-0.475769,86.8176,274.5636,0
10.9200,3619596,-0.516785,0.507751,0.498779,-0.475708,86.8210,274.5597,0
10.9300,3619606,-0.516846,0.507690,0.498840,-0.475769,86.8283,274.5596,0
10.9400,3619616,-0.516785,0.507568,0.498840,-0.475830,86.8382,274.5642,0
10.9500,3619626,-0.516785,0.507446,0.498901,-0.475952,86.8458,274.5721,0
10.9600,3619636,-0.516663,0.507446,0.498901,-0.476074,86.8441,274.5813,0
10.9700,3619646,-0.516541,0.507446,0.499023,-0.476135,86.8354,274.5918,0
10.9800,3619656,-0.516418,0.507385,0.499023,-0.476257,86.8331,274.6024,0
10.9900,3619666,-0.516357,0.507263,0.499084,-0.476379,86.8398,274.6051,0
11.0000,3619676,-0.516296,0.507080,0.499146,-0.476562,86.8503,274.6035,0
11.0100,3619686,-0.516296,0.506958,0.499207,-0.476685,86.8579,274.5997,0
11.0200,3619696,-0.516235,0.506897,0.499268,-0.476746,86.8562,274.5894,0
11.0300,3619706,-0.516174,0.506897,0.499390,-0.476746,86.8451,274.5766,0
11.0400,3619716,-0.516113,0.506836,0.499512,-0.476685,86.8310,274.5651,0
11.0500,3619726,-0.516113,0.506836,0.499512,-0.476685,86.8265,274.5577,0
11.0600,3619736,-0.516113,0.506836,0.499512,-0.476685,86.8341,274.5536,0
11.0700,3619746,-0.516235,0.506714,0.499390,-0.476807,86.8503,274.5563,0
11.0800,3619756,-0.516296,0.506714,0.499329,-0.476807,86.8543,274.5606,0
11.0900,3619766,-0.516357,0.506714,0.499207,-0.476868,86.8433,274.5617,0
11.1000,3619776,-0.516357,0.506775,0.499207,-0.476807,86.8275,274.5592,0
11.1100,3619786,-0.516296,0.506836,0.499268,-0.476746,86.8155,274.5557,0
11.1200,3619796,-0.516235,0.506897,0.499329,-0.476685,86.8183,274.5523,0
11.1300,3619806,-0.516235,0.506897,0.499329,-0.476685,86.8275,274.5491,0
11.1400,3619816,-0.516235,0.506836,0.499268,-0.476746,86.8303,274.5478,0
11.1500,3619826,-0.516235,0.506897,0.499329,-0.476685,86.8176,274.5466,0
11.1600,3619836,-0.516113,0.507019,0.499451,-0.476562,86.7954,274.5467,0
11.1700,3619846,-0.516052,0.507141,0.499451,-0.476501,86.7814,274.5510,0
11.1800,3619856,-0.516052,0.507141,0.499390,-0.476501,86.7841,274.5576,0
11.1900,3619866,-0.516113,0.507202,0.499268,-0.476501,86.7968,274.5655,0
11.2000,3619876,-0.516174,0.507263,0.499146,-0.476562,86.8071,274.5749,0
11.2100,3619886,-0.516235,0.507324,0.499023,-0.476501,86.8074,274.5844,0
11.2200,3619896,-0.516174,0.507446,0.499023,-0.476501,86.7950,274.5916,0
11.2300,3619906,-0.516113,0.507568,0.498962,-0.476440,86.7821,274.5961,0
11.2400,3619916,-0.516113,0.507629,0.499023,-0.476379,86.7727,274.5997,0
11.2500,3619926,-0.516052,0.507690,0.499023,-0.476379,86.7651,274.6056,0
11.2600,3619936,-0.515991,0.507690,0.499023,-0.476440,86.7625,274.6080,0
11.2700,3619946,-0.515869,0.507690,0.499023,-0.476562,86.7673,274.6110,0
11.2800,3619956,-0.515808,0.507629,0.499084,-0.476624,86.7700,274.6107,0
11.2900,3619966,-0.515808,0.507629,0.499084,-0.476562,86.7630,274.6100,0
11.3000,3619976,-0.515686,0.507751,0.499207,-0.476501,86.7428,274.6057,0
11.3100,3619986,-0.515625,0.507874,0.499268,-0.476318,86.7158,274.5998,0
11.3200,3619996,-0.515564,0.508057,0.499329,-0.476196,86.6950,274.5944,0
11.3300,3620006,-0.515625,0.508118,0.499329,-0.476013,86.6876,274.5862,0
11.3400,3620016,-0.515747,0.508179,0.499268,-0.475952,86.6937,274.5779,0
11.3500,3620026,-0.515869,0.508179,0.499207,-0.475830,86.7031,274.5720,0
11.3600,3620036,-0.515991,0.508179,0.499146,-0.475769,86.6943,274.5687,0
11.3700,3620046,-0.515991,0.508301,0.499207,-0.475586,86.6800,274.5667,0
11.3800,3620056,-0.515930,0.508423,0.499207,-0.475464,86.6736,274.5674,0
11.3900,3620066,-0.515930,0.508545,0.499207,-0.475342,86.6793,274.5675,0
11.4000,3620076,-0.515991,0.508545,0.499207,-0.475281,86.6896,274.5682,0
11.4100,3620086,-0.516052,0.508606,0.499207,-0.475220,86.6951,274.5718,0
11.4200,3620096,-0.516052,0.508606,0.499207,-0.475220,86.6933,274.5823,0
11.4300,3620106,-0.515930,0.508728,0.499207,-0.475220,86.6836,274.5959,0
11.4400,3620116,-0.515869,0.508789,0.499207,-0.475220,86.6798,274.6088,0
11.4500,3620126,-0.515808,0.508850,0.499207,-0.475220,86.6887,274.6205,0
11.4600,3620136,-0.515869,0.508728,0.499084,-0.475281,86.7090,274.6292,0
11.4700,3620146,-0.515991,0.508667,0.499023,-0.475403,86.7312,274.6313,0
11.4800,3620156,-0.516052,0.508606,0.498962,-0.475464,86.7494,274.6328,0
11.4900,3620166,-0.516113,0.508545,0.498901,-0.475525,86.7571,274.6324,0
11.5000,3620176,-0.516113,0.508545,0.498901,-0.475525,86.7520,274.6308,0
11.5100,3620186,-0.516052,0.508606,0.498962,-0.475464,86.7389,274.6276,0
11.5200,3620196,-0.515930,0.508667,0.499023,-0.475403,86.7234,274.6233,0
11.5300,3620206,-0.515869,0.508728,0.499084,-0.475342,86.7111,274.6218,0
11.5400,3620216,-0.515869,0.508667,0.499207,-0.475342,86.7112,274.6148,0
11.5500,3620226,-0.515869,0.508484,0.499268,-0.475403,86.7227,274.6064,0
11.5600,3620236,-0.515869,0.508362,0.499390,-0.475464,86.7313,274.5966,0
11.5700,3620246,-0.515747,0.508301,0.499573,-0.475464,86.7271,274.5892,0
11.5800,3620256,-0.515686,0.508240,0.499756,-0.475464,86.7189,274.5838,0
11.5900,3620266,-0.515564,0.508240,0.499817,-0.475464,86.7176,274.5818,0
11.6000,3620276,-0.515564,0.508240,0.499817,-0.475464,86.7230,274.5827,0
11.6100,3620286,-0.515564,0.508240,0.499817,-0.475464,86.7322,274.5866,0
11.6200,3620296,-0.515625,0.508240,0.499756,-0.475464,86.7374,274.5909,0
11.6300,3620306,-0.515686,0.508301,0.499695,-0.475403,86.7358,274.5920,0
11.6400,3620316,-0.515686,0.508362,0.499695,-0.475342,86.7349,274.5919,0
11.6500,3620326,-0.515747,0.508362,0.499634,-0.475342,86.7595,274.5876,0
11.6600,3620336,-0.515869,0.508240,0.499573,-0.475403,86.7889,274.5836,0
11.6700,3620346,-0.516052,0.508057,0.499451,-0.475525,86.8204,274.5821,0
11.6800,3620356,-0.516174,0.507935,0.499329,-0.475647,86.8413,274.5807,0
11.6900,3620366,-0.516296,0.507812,0.499268,-0.475708,86.8411,274.5781,0
11.7000,3620376,-0.516296,0.507812,0.499268,-0.475708,86.8219,274.5757,0
11.7100,3620386,-0.516174,0.507935,0.499329,-0.475647,86.7982,274.5728,0
11.7200,3620396,-0.515991,0.508057,0.499512,-0.475464,86.7841,274.5695,0
11.7300,3620406,-0.515991,0.507996,0.499573,-0.475525,86.7885,274.5675,0
11.7400,3620416,-0.515991,0.507874,0.499573,-0.475647,86.8051,274.5710,0
11.7500,3620426,-0.516052,0.507812,0.499512,-0.475708,86.8233,274.5772,0
11.7600,3620436,-0.516113,0.507812,0.499390,-0.475769,86.8329,274.5873,0
11.7700,3620446,-0.516113,0.507874,0.499329,-0.475769,86.8324,274.5975,0
11.7800,3620456,-0.516174,0.507996,0.499268,-0.475708,86.8243,274.6037,0
11.7900,3620466,-0.516113,0.508118,0.499268,-0.475586,86.8113,274.6083,0
11.8000,3620476,-0.516113,0.508179,0.499268,-0.475464,86.7995,274.6129,0
11.8100,3620486,-0.516113,0.508240,0.499329,-0.475464,86.7924,274.6160,0
11.8200,3620496,-0.516113,0.508240,0.499329,-0.475464,86.7946,274.6225,0
11.8300,3620506,-0.516113,0.508179,0.499329,-0.475525,86.8026,274.6244,0
11.8400,3620516,-0.516052,0.508118,0.499390,-0.475586,86.8055,274.6280,0
11.8500,3620526,-0.515930,0.508118,0.499451,-0.475647,86.7993,274.6356,0
11.8600,3620536,-0.515747,0.508179,0.499451,-0.475647,86.7869,274.6458,0
11.8700,3620546,-0.515625,0.508240,0.499512,-0.475708,86.7732,274.6559,0
11.8800,3620556,-0.515503,0.508362,0.499451,-0.475769,86.7637,274.6654,0
11.8900,3620566,-0.515442,0.508423,0.499451,-0.475769,86.7618,274.6710,0
11.9000,3620576,-0.515503,0.508423,0.499390,-0.475769,86.7630,274.6703,0
11.9100,3620586,-0.515503,0.508484,0.499390,-0.475708,86.7641,274.6625,0
11.9200,3620596,-0.515625,0.508484,0.499390,-0.475647,86.7611,274.6512,0
11.9300,3620606,-0.515686,0.508423,0.499390,-0.475586,86.7613,274.6374,0
11.9400,3620616,-0.515747,0.508423,0.499390,-0.475464,86.7650,274.6308,0
11.9500,3620626,-0.515808,0.508423,0.499390,-0.475403,86.7674,274.6329,0
11.9600,3620636,-0.515869,0.508484,0.499390,-0.475403,86.7637,274.6414,0
11.9700,3620646,-0.515869,0.508545,0.499329,-0.475342,86.7494,274.6548,0
11.9800,3620656,-0.515808,0.508728,0.499207,-0.475281,86.7304,274.6700,0
11.9900,3620666,-0.515686,0.508972,0.499207,-0.475220,86.7124,274.6814,0
12.0000,3620676,-0.515503,0.509094,0.499207,-0.475220,86.7030,274.6874,0
12.0100,3620686,-0.515442,0.509094,0.499207,-0.475342,86.7065,274.6849,0
12.0200,3620696,-0.515442,0.508972,0.499207,-0.475464,86.7206,274.6735,0
12.0300,3620706,-0.515503,0.508728,0.499268,-0.475586,86.7381,274.6584,0
12.0400,3620716,-0.515564,0.508606,0.499268,-0.475647,86.7511,274.6453,0
12.0500,3620726,-0.515564,0.508484,0.499329,-0.475708,86.7558,274.6352,0
12.0600,3620736,-0.515564,0.508484,0.499329,-0.475708,86.7508,274.6304,0
12.0700,3620746,-0.515564,0.508484,0.499390,-0.475647,86.7430,274.6306,0
12.0800,3620756,-0.515564,0.508606,0.499329,-0.475647,86.7357,274.6331,0
12.0900,3620766,-0.515564,0.508667,0.499268,-0.475647,86.7322,274.6367,0
12.1000,3620776,-0.515564,0.508606,0.499207,-0.475647,86.7325,274.6371,0
12.1100,3620786,-0.515625,0.508606,0.499207,-0.475647,86.7364,274.6334,0
12.1200,3620796,-0.515686,0.508545,0.499207,-0.475708,86.7460,274.6234,0
12.1300,3620806,-0.515747,0.508484,0.499207,-0.475708,86.7527,274.6157,0
12.1400,3620816,-0.515747,0.508362,0.499207,-0.475708,86.7526,274.6091,0
12.1500,3620826,-0.515747,0.508423,0.499268,-0.475708,86.7459,274.6063,0
12.1600,3620836,-0.515747,0.508423,0.499268,-0.475647,86.7360,274.6090,0
12.1700,3620846,-0.515686,0.508423,0.499329,-0.475708,86.7320,274.6115,0
12.1800,3620856,-0.515625,0.508362,0.499329,-0.475769,86.7376,274.6155,0
12.1900,3620866,-0.515625,0.508301,0.499268,-0.475891,86.7454,274.6188,0
12.2000,3620876,-0.515625,0.508301,0.499268,-0.475891,86.7509,274.6202,0
12.2100,3620886,-0.515625,0.508301,0.499268,-0.475891,86.7556,274.6185,0
12.2200,3620896,-0.515625,0.508301,0.499268,-0.475891,86.7595,274.6115,0
12.2300,3620906,-0.515686,0.508240,0.499329,-0.475830,86.7592,274.5906,0
12.2400,3620916,-0.515808,0.508118,0.499390,-0.475769,86.7618,274.5722,0
12.2500,3620926,-0.515869,0.508057,0.499512,-0.475708,86.7614,274.5576,0
12.2600,3620936,-0.515991,0.507935,0.499573,-0.475586,86.7562,274.5485,0
12.2700,3620946,-0.515991,0.507935,0.499634,-0.475525,86.7501,274.5482,0
12.2800,3620956,-0.515991,0.507996,0.499634,-0.475464,86.7485,274.5563,0
12.2900,3620966,-0.516052,0.508057,0.499573,-0.475403,86.7458,274.5677,0
12.3000,3620976,-0.516052,0.508118,0.499573,-0.475342,86.7432,274.5790,0
12.3100,3620986,-0.516113,0.508118,0.499512,-0.475342,86.7455,274.5886,0
12.3200,3620996,-0.516052,0.508057,0.499573,-0.475403,86.7518,274.5947,0
12.3300,3621006,-0.515991,0.507935,0.499634,-0.475525,86.7602,274.5956,0
12.3400,3621016,-0.515991,0.507874,0.499695,-0.475586,86.7711,274.5930,0
12.3500,3621026,-0.516052,0.507751,0.499695,-0.475647,86.7833,274.5874,0
12.3600,3621036,-0.516113,0.507629,0.499695,-0.475647,86.7968,274.5798,0
12.3700,3621046,-0.516174,0.507629,0.499695,-0.475586,86.8007,274.5769,0
12.3800,3621056,-0.516235,0.507690,0.499695,-0.475403,86.7967,274.5741,0
12.3900,3621066,-0.516357,0.507751,0.499695,-0.475281,86.7887,274.5738,0
12.4000,3621076,-0.516357,0.507935,0.499634,-0.475098,86.7770,274.5797,0
12.4100,3621086,-0.516357,0.508057,0.499634,-0.474976,86.7676,274.5864,0
12.4200,3621096,-0.516418,0.508118,0.499573,-0.474915,86.7665,274.5976,0
12.4300,3621106,-0.516479,0.508118,0.499512,-0.474915,86.7737,274.6082,0
12.4400,3621116,-0.516479,0.508118,0.499512,-0.474915,86.7829,274.6182,0
12.4500,3621126,-0.516541,0.508057,0.499451,-0.474976,86.7952,274.6272,0
12.4600,3621136,-0.516541,0.507996,0.499451,-0.475037,86.8040,274.6345,0
12.4700,3621146,-0.516541,0.507996,0.499512,-0.475037,86.8081,274.6438,0
12.4800,3621156,-0.516479,0.507935,0.499512,-0.475159,86.8079,274.6557,0
12.4900,3621166,-0.516418,0.507935,0.499512,-0.475281,86.8071,274.6644,0
12.5000,3621176,-0.516357,0.507874,0.499451,-0.475342,86.8051,274.6745,0
12.5100,3621186,-0.516296,0.507874,0.499451,-0.475464,86.8068,274.6828,0
12.5200,3621196,-0.516296,0.507751,0.499451,-0.475525,86.8298,274.6813,0
12.5300,3621206,-0.516357,0.507629,0.499390,-0.475647,86.8487,274.6768,0
12.5400,3621216,-0.516418,0.507507,0.499390,-0.475769,86.8477,274.6714,0
12.5500,3621226,-0.516418,0.507507,0.499390,-0.475769,86.8217,274.6705,0
12.5600,3621236,-0.516296,0.507629,0.499512,-0.475647,86.7876,274.6767,0
12.5700,3621246,-0.516113,0.507812,0.499695,-0.475464,86.7658,274.6860,0
12.5800,3621256,-0.515991,0.507935,0.499695,-0.475403,86.7598,274.7001,0
12.5900,3621266,-0.515869,0.508057,0.499695,-0.475464,86.7672,274.7172,0
12.6000,3621276,-0.515686,0.508057,0.499512,-0.475830,86.7814,274.7302,0
12.6100,3621286,-0.515625,0.508057,0.499390,-0.476013,86.7905,274.7414,0
12.6200,3621296,-0.515625,0.508057,0.499268,-0.476074,86.7986,274.7455,0
12.6300,3621306,-0.515686,0.508057,0.499207,-0.476196,86.8104,274.7428,0
12.6400,3621316,-0.515747,0.507996,0.499084,-0.476318,86.8234,274.7330,0
12.6500,3621326,-0.515808,0.507935,0.499084,-0.476318,86.8269,274.7190,0
12.6600,3621336,-0.515808,0.507996,0.499084,-0.476257,86.8135,274.7082,177
12.6700,3621346,-0.515808,0.508179,0.499084,-0.476074,86.7890,274.6961,0
12.6800,3621356,-0.515808,0.508301,0.499084,-0.475952,86.7751,274.6853,0
12.6900,3621366,-0.516113,0.508301,0.498840,-0.475891,86.7947,274.6722,0
12.7000,3621376,-0.516235,0.508240,0.498779,-0.475891,86.8073,274.6711,0
12.7100,3621386,-0.516418,0.508057,0.498657,-0.475952,86.8377,274.6539,0
12.7200,3621396,-0.516602,0.507690,0.498657,-0.476135,86.8797,274.6352,0
12.7300,3621406,-0.516724,0.507385,0.498657,-0.476318,86.9090,274.6223,0
12.7400,3621416,-0.516602,0.507263,0.498779,-0.476440,86.9084,274.6188,0
12.7500,3621426,-0.516479,0.507263,0.498901,-0.476440,86.8893,274.6184,0
12.7600,3621436,-0.516357,0.507385,0.499023,-0.476379,86.8611,274.6168,0
12.7700,3621446,-0.516235,0.507446,0.499146,-0.476257,86.8344,274.6135,0
12.7800,3621456,-0.516174,0.507507,0.499207,-0.476196,86.8202,274.6069,0
12.7900,3621466,-0.516235,0.507446,0.499268,-0.476135,86.8216,274.5948,0
12.8000,3621476,-0.516357,0.507324,0.499329,-0.476135,86.8361,274.5797,0
12.8100,3621486,-0.516479,0.507202,0.499390,-0.476013,86.8428,274.5647,0
12.8200,3621496,-0.516541,0.507202,0.499390,-0.475952,86.8403,274.5613,0
12.8300,3621506,-0.516663,0.507202,0.499390,-0.475830,86.8420,274.5641,0
12.8400,3621516,-0.516724,0.507324,0.499268,-0.475769,86.8549,274.5722,0
12.8500,3621526,-0.516907,0.507324,0.499146,-0.475708,86.8856,274.5793,0
12.8600,3621536,-0.517151,0.507263,0.498901,-0.475769,86.9172,274.5831,0
12.8700,3621546,-0.517334,0.507141,0.498718,-0.475830,86.9222,274.5867,0
12.8800,3621556,-0.517456,0.507141,0.498657,-0.475769,86.8889,274.5927,0
12.8900,3621566,-0.517212,0.507690,0.498840,-0.475281,86.8283,274.6001,0
12.9000,3621576,-0.517029,0.507996,0.499023,-0.474976,86.7724,274.6107,0
12.9100,3621586,-0.516907,0.508118,0.499146,-0.474854,86.7479,274.6249,0
12.9200,3621596,-0.516846,0.508118,0.499084,-0.474976,86.7602,274.6444,0
12.9300,3621606,-0.516846,0.507996,0.498962,-0.475159,86.7903,274.6622,0
12.9400,3621616,-0.516785,0.507935,0.498901,-0.475403,86.8050,274.6832,0
12.9500,3621626,-0.516602,0.508057,0.498901,-0.475464,86.7959,274.7018,0
12.9600,3621636,-0.516418,0.508240,0.498962,-0.475464,86.7682,274.7171,0
12.9700,3621646,-0.516174,0.508484,0.499084,-0.475342,86.7348,274.7287,0
12.9800,3621656,-0.516113,0.508545,0.499146,-0.475220,86.7185,274.7302,0
12.9900,3621666,-0.516113,0.508545,0.499146,-0.475220,86.7280,274.7215,0
13.0000,3621676,-0.516296,0.508423,0.499146,-0.475159,86.7464,274.7050,0
13.0100,3621686,-0.516418,0.508362,0.499207,-0.475037,86.7527,274.6859,0
13.0200,3621696,-0.516541,0.508423,0.499268,-0.474792,86.7493,274.6690,0
13.0300,3621706,-0.516663,0.508484,0.499329,-0.474548,86.7360,274.6572,0
13.0400,3621716,-0.516663,0.508667,0.499390,-0.474243,86.7168,274.6550,0
13.0500,3621726,-0.516724,0.508789,0.499451,-0.473999,86.6982,274.6602,0
13.0600,3621736,-0.516724,0.508972,0.499512,-0.473755,86.6817,274.6670,0
13.0700,3621746,-0.516724,0.509155,0.499451,-0.473633,86.6749,274.6795,0
13.0800,3621756,-0.516846,0.509155,0.499390,-0.473572,86.6809,274.6890,0
13.0900,3621766,-0.516907,0.509094,0.499390,-0.473572,86.6961,274.6956,0
13.1000,3621776,-0.517029,0.508972,0.499329,-0.473572,86.7206,274.6996,0
13.1100,3621786,-0.517151,0.508728,0.499329,-0.473755,86.7552,274.7027,0
13.1200,3621796,-0.517212,0.508423,0.499390,-0.473877,86.7744,274.7061,0
13.1300,3621806,-0.517212,0.508240,0.499512,-0.473999,86.7737,274.7136,0
13.1400,3621816,-0.517090,0.508240,0.499634,-0.474060,86.7652,274.7248,0
13.1500,3621826,-0.516968,0.508240,0.499756,-0.474060,86.7649,274.7354,0
13.1600,3621836,-0.516846,0.508240,0.499817,-0.473999,86.7813,274.7437,0
13.1700,3621846,-0.516846,0.508179,0.499817,-0.474121,86.8166,274.7451,0
13.1800,3621856,-0.517273,0.507751,0.499695,-0.474243,86.8614,274.7381,0
13.1900,3621866,-0.517517,0.507446,0.499634,-0.474365,86.9092,274.7273,0
13.2000,3621876,-0.517761,0.507141,0.499634,-0.474487,86.9573,274.7129,0
13.2100,3621886,-0.517944,0.506836,0.499634,-0.474548,86.9928,274.7047,0
13.2200,3621896,-0.517944,0.506592,0.499756,-0.474670,87.0118,274.7015,0
13.2300,3621906,-0.517883,0.506470,0.499817,-0.474792,87.0214,274.7097,0
13.2400,3621916,-0.517700,0.506409,0.499878,-0.474976,87.0276,274.7310,0
13.2500,3621926,-0.517578,0.506348,0.499817,-0.475281,87.0406,274.7644,0
13.2600,3621936,-0.517395,0.506348,0.499695,-0.475647,87.0624,274.8034,0
13.2700,3621946,-0.517395,0.506104,0.499573,-0.475952,87.0967,274.8429,0
13.2800,3621956,-0.517517,0.505859,0.499512,-0.476257,87.1364,274.8775,0
13.2900,3621966,-0.517578,0.505493,0.499573,-0.476440,87.1681,274.8994,0
13.3000,3621976,-0.517578,0.505188,0.499756,-0.476562,87.1817,274.9144,0
13.3100,3621986,-0.517639,0.504822,0.500122,-0.476562,87.1858,274.9244,0
13.3200,3621996,-0.517395,0.504700,0.500183,-0.476929,87.1880,274.9302,0
13.3300,3622006,-0.517151,0.504517,0.500183,-0.477295,87.1958,274.9356,0
13.3400,3622016,-0.516846,0.504272,0.500244,-0.477783,87.2078,274.9360,0
13.3500,3622026,-0.516541,0.504150,0.500244,-0.478333,87.2084,274.9368,0
13.3600,3622036,-0.516113,0.504150,0.500244,-0.478760,87.1844,274.9462,0
13.3700,3622046,-0.515564,0.504395,0.500305,-0.479065,87.1295,274.9638,0
13.3800,3622056,-0.514832,0.504944,0.500305,-0.479248,87.0474,274.9920,0
13.3900,3622066,-0.513977,0.505676,0.500305,-0.479431,86.9472,275.0292,0
13.4000,3622076,-0.513123,0.506409,0.500183,-0.479675,86.8629,275.0839,0
13.4100,3622086,-0.512268,0.507141,0.499939,-0.480042,86.7902,275.1325,0
13.4200,3622096,-0.511414,0.507812,0.499695,-0.480530,86.7245,275.1711,0
13.4300,3622106,-0.510498,0.508301,0.499512,-0.481140,86.6682,275.1905,0
13.4400,3622116,-0.509521,0.508667,0.499390,-0.481934,86.6186,275.2007,0
13.4500,3622126,-0.508484,0.508850,0.499329,-0.482910,86.5704,275.1985,0
13.4600,3622136,-0.507385,0.508850,0.499329,-0.484009,86.5244,275.1844,0
13.4700,3622146,-0.504944,0.508728,0.499451,-0.486511,86.4767,275.1663,0
13.4800,3622156,-0.503601,0.508728,0.499573,-0.487854,86.4109,275.1393,0
13.4900,3622166,-0.502014,0.508911,0.499878,-0.489014,86.3035,275.1032,0
13.5000,3622176,-0.500183,0.509216,0.500244,-0.490173,86.1636,275.0616,0
13.5100,3622186,-0.498352,0.509583,0.500671,-0.491272,86.0109,275.0125,0
13.5200,3622196,-0.496460,0.509888,0.501038,-0.492432,85.8695,274.9494,0
13.5300,3622206,-0.494751,0.510010,0.501221,-0.493835,85.7691,274.8737,0
13.5400,3622216,-0.493286,0.509888,0.501099,-0.495544,85.7261,274.7925,0
13.5500,3622226,-0.492004,0.509399,0.500671,-0.497803,85.7513,274.7103,0
13.5600,3622236,-0.490845,0.508545,0.499939,-0.500488,85.8389,274.6257,0
13.5700,3622246,-0.489868,0.507385,0.498962,-0.503601,85.9707,274.5317,0
13.5800,3622256,-0.488770,0.505981,0.497986,-0.507019,86.1090,274.4233,0
13.5900,3622266,-0.487549,0.504578,0.497131,-0.510437,86.2150,274.2969,0
13.6000,3622276,-0.485962,0.503357,0.496521,-0.513733,86.2533,274.1573,0
13.6100,3622286,-0.484070,0.502441,0.496216,-0.516785,86.2113,274.0047,0
13.6200,3622296,-0.481689,0.501770,0.496216,-0.519592,86.0889,273.8405,0
13.6300,3622306,-0.479004,0.501465,0.496399,-0.522217,85.8886,273.6391,0
13.6400,3622316,-0.476013,0.501343,0.496643,-0.524780,85.6410,273.4360,0
13.6500,3622326,-0.472778,0.501404,0.496887,-0.527466,85.3735,273.2355,0
13.6600,3622336,-0.469360,0.501465,0.497070,-0.530273,85.1012,273.0305,0
13.6700,3622346,-0.465881,0.501465,0.497131,-0.533264,84.8481,272.8186,0
13.6800,3622356,-0.462463,0.501221,0.496887,-0.536621,84.6351,272.5891,0
13.6900,3622366,-0.459351,0.500732,0.496277,-0.540344,84.5512,272.3626,0
13.7000,3622376,-0.456482,0.500122,0.495178,-0.544312,84.5078,272.1294,0
13.7100,3622386,-0.453735,0.499329,0.493713,-0.548645,84.4921,271.8894,0
13.7200,3622396,-0.451111,0.498413,0.491943,-0.553284,84.4932,271.6356,0
13.7300,3622406,-0.448547,0.497314,0.489868,-0.558105,84.5128,271.3590,0
13.7400,3622416,-0.446045,0.496033,0.487610,-0.563232,84.5390,271.0598,0
13.7500,3622426,-0.443481,0.494507,0.485229,-0.568604,84.5486,270.7372,0
13.7600,3622436,-0.438232,0.491272,0.480530,-0.579407,84.5161,270.3924,0
13.7700,3622446,-0.435303,0.489685,0.478394,-0.584656,84.4324,270.0241,0
13.7800,3622456,-0.432190,0.488342,0.476440,-0.589722,84.2840,269.6293,0
13.7900,3622466,-0.428894,0.487183,0.474670,-0.594421,84.0743,269.2069,0
13.8000,3622476,-0.425720,0.486267,0.472961,-0.598877,83.8223,268.7598,0
13.8100,3622486,-0.422607,0.485657,0.471191,-0.602966,83.5431,268.2903,0
13.8200,3622496,-0.419678,0.485229,0.469238,-0.606812,83.2514,267.8099,0
13.8300,3622506,-0.416748,0.485046,0.467163,-0.610596,82.9397,267.3292,0
13.8400,3622516,-0.413818,0.484985,0.465027,-0.614258,82.6205,266.8416,0
13.8500,3622526,-0.410950,0.484802,0.462830,-0.617981,82.3036,266.3422,0
13.8600,3622536,-0.408142,0.484375,0.460632,-0.621765,82.0049,265.8217,0
13.8700,3622546,-0.405640,0.483765,0.458374,-0.625610,81.7322,265.2679,0
13.8800,3622556,-0.403381,0.482849,0.455994,-0.629456,81.4833,264.6820,0
13.8900,3622566,-0.401306,0.481812,0.453674,-0.633240,81.2448,264.0771,0
13.9000,3622576,-0.399231,0.480957,0.451355,-0.636841,80.9805,263.4702,0
13.9100,3622586,-0.396973,0.480408,0.449158,-0.640198,80.6650,262.8721,0
13.9200,3622596,-0.394470,0.480225,0.447266,-0.643188,80.2528,262.2606,0
