# Sesion:5 Fecha:2026-04-23 12:47:52 Shots:1 Duracion:19,79s
tSeg,ms,qw,qx,qy,qz,filteredElev,filteredYaw,shot
0.0000,2442556,0.732239,-0.205750,-0.593018,0.264343,134.0945,299.6058,402
0.0100,2442566,0.741516,-0.190674,-0.594360,0.245911,131.6539,301.2737,0
0.0200,2442576,0.745911,-0.171875,-0.601562,0.228394,129.3273,302.0539,0
0.0300,2442586,0.744324,-0.152771,-0.615356,0.209778,127.1970,301.9826,0
0.0400,2442596,0.741028,-0.137268,-0.628662,0.192017,125.7064,302.0285,0
0.0500,2442606,0.739990,-0.132446,-0.633423,0.183350,125.9351,303.0934,0
0.0600,2442616,0.740112,-0.133484,-0.633301,0.182800,127.2982,304.5963,0
0.0700,2442626,0.739136,-0.135620,-0.633057,0.185974,128.9893,305.9041,0
0.0800,2442636,0.737793,-0.139282,-0.632385,0.190735,130.8152,307.1245,0
0.0900,2442646,0.736816,-0.143555,-0.631470,0.194275,132.4586,308.3317,0
0.1000,2442656,0.735962,-0.147522,-0.630737,0.196899,133.8848,309.4579,0
0.1100,2442666,0.735046,-0.148865,-0.630920,0.198853,134.9754,310.3812,0
0.1200,2442676,0.734375,-0.149109,-0.631409,0.199463,135.8157,311.2527,0
0.1300,2442686,0.734497,-0.149109,-0.631531,0.198669,136.4669,312.1955,0
0.1400,2442696,0.734680,-0.148865,-0.631592,0.197937,137.0751,313.0888,0
0.1500,2442706,0.734741,-0.148682,-0.631653,0.197754,137.7114,313.9304,0
0.1600,2442716,0.734741,-0.148804,-0.631531,0.197998,138.3706,314.7273,0
0.1700,2442726,0.734680,-0.148865,-0.631470,0.198242,138.9599,315.4731,0
0.1800,2442736,0.734741,-0.148804,-0.631470,0.198181,139.5046,316.1924,0
0.1900,2442746,0.733582,-0.149170,-0.632874,0.197815,140.0428,316.8751,0
0.2000,2442756,0.732544,-0.149597,-0.633972,0.197632,140.5754,317.5194,0
0.2100,2442766,0.731567,-0.150024,-0.635010,0.197632,141.0733,318.1290,0
0.2200,2442776,0.730774,-0.150452,-0.635864,0.197632,141.5296,318.7099,0
0.2300,2442786,0.729431,-0.150879,-0.637329,0.197266,141.9649,319.2623,0
0.2400,2442796,0.728821,-0.151123,-0.638000,0.197205,142.3946,319.7842,0
0.2500,2442806,0.728210,-0.151428,-0.638672,0.197144,142.8047,320.2788,0
0.2600,2442816,0.727661,-0.151611,-0.639282,0.197083,143.1870,320.7540,0
0.2700,2442826,0.727234,-0.151733,-0.639771,0.196960,143.5456,321.2048,0
0.2800,2442836,0.726807,-0.151917,-0.640198,0.196899,143.8897,321.6301,0
0.2900,2442846,0.726440,-0.152039,-0.640625,0.196777,144.2234,322.0311,0
0.3000,2442856,0.726074,-0.152222,-0.641052,0.196777,144.5409,322.4102,0
0.3100,2442866,0.725647,-0.152344,-0.641479,0.196716,144.8378,322.7739,0
0.3200,2442876,0.725342,-0.152466,-0.641846,0.196655,145.1193,323.1212,0
0.3300,2442886,0.725037,-0.152649,-0.642212,0.196594,145.3897,323.4494,0
0.3400,2442896,0.724731,-0.152771,-0.642517,0.196594,145.6465,323.7599,0
0.3500,2442906,0.724487,-0.152893,-0.642761,0.196533,145.8900,324.0555,0
0.3600,2442916,0.724426,-0.152893,-0.642822,0.196533,146.1206,324.3352,0
0.3700,2442926,0.724365,-0.152893,-0.642883,0.196533,146.3380,324.5997,0
0.3800,2442936,0.724304,-0.152954,-0.642944,0.196533,146.5480,324.8533,0
0.3900,2442946,0.724243,-0.152954,-0.643005,0.196533,146.7487,325.0961,0
0.4000,2442956,0.724182,-0.153015,-0.643066,0.196533,146.9376,325.3237,0
0.4100,2442966,0.724121,-0.153015,-0.643127,0.196472,147.1135,325.5382,0
0.4200,2442976,0.724060,-0.153015,-0.643188,0.196472,147.2830,325.7455,0
0.4300,2442986,0.723999,-0.153076,-0.643250,0.196472,147.4440,325.9418,0
0.4400,2442996,0.723938,-0.153076,-0.643311,0.196472,147.5964,326.1284,0
0.4500,2443006,0.723877,-0.153076,-0.643372,0.196472,147.7417,326.3056,0
0.4600,2443016,0.723816,-0.153137,-0.643433,0.196472,147.8810,326.4733,0
0.4700,2443026,0.723816,-0.153137,-0.643494,0.196472,148.0126,326.6333,0
0.4800,2443036,0.723755,-0.153137,-0.643555,0.196472,148.1354,326.7853,0
0.4900,2443046,0.723633,-0.153198,-0.643677,0.196411,148.2538,326.9290,0
0.5000,2443056,0.723572,-0.153198,-0.643677,0.196411,148.3692,327.0625,0
0.5100,2443066,0.723511,-0.153259,-0.643738,0.196411,148.4759,327.1893,0
0.5200,2443076,0.723511,-0.153259,-0.643799,0.196411,148.5773,327.3091,0
0.5300,2443086,0.723450,-0.153259,-0.643860,0.196411,148.6730,327.4254,0
0.5400,2443096,0.723389,-0.153320,-0.643921,0.196411,148.7663,327.5334,0
0.5500,2443106,0.723328,-0.153320,-0.643982,0.196411,148.8537,327.6354,0
0.5600,2443116,0.723328,-0.153320,-0.643982,0.196411,148.9362,327.7330,0
0.5700,2443126,0.723267,-0.153381,-0.644043,0.196411,149.0151,327.8280,0
0.5800,2443136,0.723206,-0.153381,-0.644104,0.196350,149.0919,327.9171,0
0.5900,2443146,0.723145,-0.153381,-0.644165,0.196350,149.1630,328.0018,0
0.6000,2443156,0.723145,-0.153442,-0.644226,0.196350,149.2300,328.0834,0
0.6100,2443166,0.723083,-0.153442,-0.644226,0.196350,149.2962,328.1615,0
0.6200,2443176,0.723022,-0.153442,-0.644287,0.196350,149.3620,328.2327,0
0.6300,2443186,0.722961,-0.153442,-0.644348,0.196350,149.4228,328.3022,0
0.6400,2443196,0.722961,-0.153503,-0.644409,0.196350,149.4806,328.3676,0
0.6500,2443206,0.722900,-0.153503,-0.644409,0.196350,149.5360,328.4279,0
0.6600,2443216,0.722900,-0.153503,-0.644470,0.196350,149.5869,328.4864,0
0.6700,2443226,0.722839,-0.153503,-0.644531,0.196289,149.6352,328.5432,0
0.6800,2443236,0.722778,-0.153564,-0.644531,0.196289,149.6817,328.5965,0
0.6900,2443246,0.722778,-0.153564,-0.644592,0.196289,149.7265,328.6460,0
0.7000,2443256,0.722717,-0.153564,-0.644653,0.196289,149.7703,328.6918,0
0.7100,2443266,0.722656,-0.153564,-0.644653,0.196289,149.8112,328.7377,0
0.7200,2443276,0.722656,-0.153625,-0.644714,0.196289,149.8507,328.7813,0
0.7300,2443286,0.722595,-0.153625,-0.644775,0.196289,149.8876,328.8210,0
0.7400,2443296,0.722595,-0.153625,-0.644775,0.196289,149.9245,328.8616,0
0.7500,2443306,0.722473,-0.153687,-0.644897,0.196289,149.9572,328.9002,0
0.7600,2443316,0.722473,-0.153687,-0.644897,0.196289,149.9882,328.9369,0
0.7700,2443326,0.722412,-0.153687,-0.644958,0.196289,150.0182,328.9706,0
0.7800,2443336,0.722412,-0.153687,-0.644958,0.196289,150.0474,329.0026,0
0.7900,2443346,0.722351,-0.153748,-0.645020,0.196289,150.0739,329.0329,0
0.8000,2443356,0.722351,-0.153748,-0.645081,0.196228,150.1015,329.0618,0
0.8100,2443366,0.722290,-0.153748,-0.645081,0.196228,150.1270,329.0892,0
0.8200,2443376,0.722229,-0.153748,-0.645142,0.196228,150.1508,329.1176,0
0.8300,2443386,0.722229,-0.153748,-0.645142,0.196228,150.1745,329.1428,0
0.8400,2443396,0.722229,-0.153809,-0.645203,0.196228,150.1958,329.1674,0
0.8500,2443406,0.722168,-0.153809,-0.645203,0.196228,150.2178,329.1901,0
0.8600,2443416,0.722168,-0.153809,-0.645264,0.196228,150.2364,329.2093,0
0.8700,2443426,0.722107,-0.153809,-0.645264,0.196228,150.2529,329.2275,0
0.8800,2443436,0.722107,-0.153870,-0.645325,0.196228,150.2703,329.2472,0
0.8900,2443446,0.722046,-0.153870,-0.645325,0.196228,150.2845,329.2677,0
0.9000,2443456,0.722046,-0.153870,-0.645386,0.196228,150.3015,329.2878,0
0.9100,2443466,0.721985,-0.153870,-0.645386,0.196228,150.3177,329.3004,0
0.9200,2443476,0.721985,-0.153870,-0.645447,0.196228,150.3301,329.3164,0
0.9300,2443486,0.721924,-0.153931,-0.645447,0.196228,150.3436,329.3329,0
0.9400,2443496,0.721924,-0.153931,-0.645508,0.196228,150.3565,329.3491,0
0.9500,2443506,0.721863,-0.153931,-0.645508,0.196228,150.3687,329.3604,0
0.9600,2443516,0.721863,-0.153931,-0.645569,0.196228,150.3810,329.3740,0
0.9700,2443526,0.721802,-0.153931,-0.645569,0.196167,150.3920,329.3840,0
0.9800,2443536,0.721802,-0.153931,-0.645630,0.196167,150.4007,329.3924,0
0.9900,2443546,0.721802,-0.153992,-0.645630,0.196167,150.4107,329.3997,0
1.0000,2443556,0.721741,-0.153992,-0.645691,0.196167,150.4238,329.4084,0
1.0100,2443566,0.721741,-0.153992,-0.645691,0.196167,150.4368,329.4149,0
1.0200,2443576,0.721680,-0.153992,-0.645752,0.196167,150.4456,329.4206,0
1.0300,2443586,0.721619,-0.154053,-0.645813,0.196167,150.4546,329.4265,0
1.0400,2443596,0.721619,-0.154053,-0.645813,0.196167,150.4637,329.4333,0
1.0500,2443606,0.721558,-0.154053,-0.645874,0.196167,150.4712,329.4403,0
1.0600,2443616,0.721558,-0.154053,-0.645874,0.196167,150.4765,329.4441,0
1.0700,2443626,0.721497,-0.154114,-0.645935,0.196167,150.4839,329.4488,0
1.0800,2443636,0.721497,-0.154114,-0.645935,0.196167,150.4910,329.4557,0
1.0900,2443646,0.721436,-0.154114,-0.645996,0.196167,150.4977,329.4622,0
1.1000,2443656,0.721375,-0.154114,-0.645996,0.196167,150.5029,329.4660,0
1.1100,2443666,0.721375,-0.154175,-0.646057,0.196167,150.5066,329.4679,0
1.1200,2443676,0.721313,-0.154175,-0.646057,0.196167,150.5119,329.4720,0
1.1300,2443686,0.721313,-0.154175,-0.646118,0.196167,150.5176,329.4783,0
1.1400,2443696,0.721313,-0.154175,-0.646118,0.196167,150.5200,329.4813,0
1.1500,2443706,0.721252,-0.154175,-0.646179,0.196106,150.5240,329.4830,0
1.1600,2443716,0.721191,-0.154236,-0.646240,0.196106,150.5291,329.4864,0
1.1700,2443726,0.721191,-0.154236,-0.646240,0.196106,150.5339,329.4902,0
1.1800,2443736,0.721130,-0.154236,-0.646301,0.196106,150.5378,329.4950,0
1.1900,2443746,0.721130,-0.154236,-0.646362,0.196106,150.5380,329.4996,0
1.2000,2443756,0.721069,-0.154236,-0.646362,0.196106,150.5406,329.5033,0
1.2100,2443766,0.721069,-0.154236,-0.646423,0.196106,150.5448,329.5074,0
1.2200,2443776,0.721008,-0.154236,-0.646423,0.196106,150.5482,329.5102,0
1.2300,2443786,0.721008,-0.154297,-0.646484,0.196045,150.5503,329.5134,0
1.2400,2443796,0.720947,-0.154297,-0.646484,0.196045,150.5540,329.5153,0
1.2500,2443806,0.720947,-0.154297,-0.646545,0.196045,150.5576,329.5176,0
1.2600,2443816,0.720886,-0.154297,-0.646545,0.196045,150.5598,329.5187,0
1.2700,2443826,0.720886,-0.154297,-0.646606,0.196045,150.5624,329.5191,0
1.2800,2443836,0.720825,-0.154358,-0.646667,0.196045,150.5650,329.5201,0
1.2900,2443846,0.720764,-0.154358,-0.646729,0.196045,150.5680,329.5216,0
1.3000,2443856,0.720764,-0.154358,-0.646729,0.196045,150.5702,329.5219,0
1.3100,2443866,0.720703,-0.154358,-0.646790,0.195984,150.5724,329.5234,0
1.3200,2443876,0.720703,-0.154358,-0.646790,0.195984,150.5744,329.5253,0
1.3300,2443886,0.720642,-0.154419,-0.646851,0.195984,150.5775,329.5284,0
1.3400,2443896,0.720642,-0.154419,-0.646851,0.195984,150.5781,329.5283,0
1.3500,2443906,0.720581,-0.154419,-0.646912,0.195984,150.5787,329.5300,0
1.3600,2443916,0.720581,-0.154419,-0.646912,0.195984,150.5798,329.5311,0
1.3700,2443926,0.720520,-0.154419,-0.646973,0.195984,150.5815,329.5338,0
1.3800,2443936,0.720520,-0.154480,-0.647034,0.195984,150.5819,329.5341,0
1.3900,2443946,0.720459,-0.154480,-0.647034,0.195984,150.5817,329.5355,0
1.4000,2443956,0.720459,-0.154480,-0.647095,0.195984,150.5826,329.5363,0
1.4100,2443966,0.720398,-0.154480,-0.647095,0.195984,150.5842,329.5381,0
1.4200,2443976,0.720398,-0.154480,-0.647095,0.195984,150.5850,329.5382,0
1.4300,2443986,0.720337,-0.154541,-0.647156,0.195984,150.5870,329.5382,0
1.4400,2443996,0.720337,-0.154541,-0.647156,0.195984,150.5895,329.5381,0
1.4500,2444006,0.720337,-0.154541,-0.647217,0.195984,150.5889,329.5385,0
1.4600,2444016,0.720276,-0.154541,-0.647217,0.195984,150.5907,329.5354,0
1.4700,2444026,0.720276,-0.154541,-0.647278,0.195923,150.5912,329.5342,0
1.4800,2444036,0.720215,-0.154541,-0.647278,0.195923,150.5929,329.5320,0
1.4900,2444046,0.720215,-0.154541,-0.647339,0.195923,150.5927,329.5316,0
1.5000,2444056,0.720215,-0.154602,-0.647339,0.195923,150.5944,329.5317,0
1.5100,2444066,0.720154,-0.154602,-0.647339,0.195923,150.5959,329.5296,0
1.5200,2444076,0.720154,-0.154602,-0.647400,0.195923,150.5950,329.5275,0
1.5300,2444086,0.720093,-0.154602,-0.647400,0.195923,150.5953,329.5262,0
1.5400,2444096,0.720032,-0.154663,-0.647461,0.195923,150.5980,329.5243,0
1.5500,2444106,0.720032,-0.154663,-0.647522,0.195923,150.5975,329.5230,0
1.5600,2444116,0.720032,-0.154663,-0.647522,0.195923,150.5971,329.5231,0
1.5700,2444126,0.719971,-0.154663,-0.647522,0.195923,150.5985,329.5231,0
1.5800,2444136,0.719971,-0.154663,-0.647583,0.195923,150.5981,329.5208,0
1.5900,2444146,0.719971,-0.154663,-0.647583,0.195923,150.5982,329.5197,0
1.6000,2444156,0.719910,-0.154663,-0.647583,0.195923,150.5990,329.5193,0
1.6100,2444166,0.719910,-0.154663,-0.647644,0.195923,150.6003,329.5160,0
1.6200,2444176,0.719910,-0.154663,-0.647644,0.195862,150.6015,329.5134,0
1.6300,2444186,0.719910,-0.154663,-0.647644,0.195862,150.6021,329.5145,0
1.6400,2444196,0.719849,-0.154724,-0.647705,0.195862,150.6026,329.5161,0
1.6500,2444206,0.719849,-0.154724,-0.647705,0.195862,150.6037,329.5171,0
1.6600,2444216,0.719849,-0.154724,-0.647705,0.195862,150.6048,329.5145,0
1.6700,2444226,0.719788,-0.154724,-0.647766,0.195862,150.6046,329.5125,0
1.6800,2444236,0.719788,-0.154724,-0.647766,0.195862,150.6056,329.5125,0
1.6900,2444246,0.719788,-0.154724,-0.647827,0.195862,150.6066,329.5107,0
1.7000,2444256,0.719727,-0.154724,-0.647827,0.195862,150.6069,329.5096,0
1.7100,2444266,0.719727,-0.154724,-0.647827,0.195862,150.6066,329.5103,0
1.7200,2444276,0.719666,-0.154724,-0.647888,0.195862,150.6075,329.5085,0
1.7300,2444286,0.719666,-0.154785,-0.647888,0.195862,150.6084,329.5057,0
1.7400,2444296,0.719666,-0.154785,-0.647949,0.195862,150.6092,329.5060,0
1.7500,2444306,0.719604,-0.154785,-0.647949,0.195801,150.6106,329.5057,0
1.7600,2444316,0.719604,-0.154785,-0.647949,0.195801,150.6096,329.5037,0
1.7700,2444326,0.719604,-0.154785,-0.648010,0.195801,150.6091,329.5011,0
1.7800,2444336,0.719543,-0.154785,-0.648010,0.195801,150.6099,329.4999,0
1.7900,2444346,0.719543,-0.154785,-0.648010,0.195801,150.6119,329.5005,0
1.8000,2444356,0.719543,-0.154785,-0.648071,0.195801,150.6119,329.4998,0
1.8100,2444366,0.719482,-0.154846,-0.648071,0.195801,150.6108,329.4998,0
1.8200,2444376,0.719482,-0.154846,-0.648071,0.195801,150.6115,329.5004,0
1.8300,2444386,0.719482,-0.154846,-0.648132,0.195801,150.6147,329.5028,0
1.8400,2444396,0.719482,-0.154846,-0.648132,0.195801,150.6190,329.5009,0
1.8500,2444406,0.719421,-0.154846,-0.648132,0.195801,150.6206,329.5002,0
1.8600,2444416,0.719421,-0.154846,-0.648132,0.195801,150.6222,329.4997,0
1.8700,2444426,0.719421,-0.154846,-0.648193,0.195801,150.6272,329.5003,0
1.8800,2444436,0.719421,-0.154846,-0.648193,0.195801,150.6290,329.4997,0
1.8900,2444446,0.719360,-0.154846,-0.648193,0.195801,150.6314,329.4973,0
1.9000,2444456,0.719360,-0.154846,-0.648254,0.195801,150.6342,329.4980,0
1.9100,2444466,0.719360,-0.154846,-0.648254,0.195801,150.6380,329.4981,0
1.9200,2444476,0.719299,-0.154846,-0.648254,0.195801,150.6405,329.4965,0
1.9300,2444486,0.719299,-0.154907,-0.648315,0.195740,150.6423,329.4931,0
1.9400,2444496,0.719299,-0.154907,-0.648315,0.195740,150.6433,329.4940,0
1.9500,2444506,0.719238,-0.154907,-0.648315,0.195740,150.6456,329.4973,0
1.9600,2444516,0.719238,-0.154907,-0.648376,0.195740,150.6500,329.4980,0
1.9700,2444526,0.719238,-0.154907,-0.648376,0.195740,150.6495,329.4963,0
1.9800,2444536,0.719177,-0.154907,-0.648376,0.195740,150.6508,329.4959,0
1.9900,2444546,0.719177,-0.154907,-0.648437,0.195740,150.6562,329.4973,0
2.0000,2444556,0.719177,-0.154907,-0.648437,0.195740,150.6554,329.4921,0
2.0100,2444566,0.719177,-0.154907,-0.648437,0.195740,150.6564,329.4931,0
2.0200,2444576,0.719116,-0.154968,-0.648499,0.195740,150.6592,329.4964,0
2.0300,2444586,0.719116,-0.154968,-0.648499,0.195740,150.6600,329.4972,0
2.0400,2444596,0.719116,-0.154968,-0.648499,0.195740,150.6596,329.4955,0
2.0500,2444606,0.719116,-0.154968,-0.648560,0.195740,150.6604,329.4952,0
2.0600,2444616,0.719055,-0.154968,-0.648560,0.195740,150.6617,329.4966,0
2.0700,2444626,0.719055,-0.154968,-0.648560,0.195740,150.6630,329.4962,0
2.0800,2444636,0.718994,-0.154968,-0.648621,0.195740,150.6619,329.4946,0
2.0900,2444646,0.718994,-0.154968,-0.648621,0.195740,150.6626,329.4961,0
2.1000,2444656,0.718994,-0.154968,-0.648621,0.195679,150.6644,329.4975,0
2.1100,2444666,0.718994,-0.155029,-0.648682,0.195679,150.6679,329.5017,0
2.1200,2444676,0.718933,-0.155029,-0.648682,0.195679,150.6737,329.4975,0
2.1300,2444686,0.718872,-0.154968,-0.648804,0.195740,150.6749,329.4852,0
2.1400,2444696,0.718872,-0.154968,-0.648804,0.195740,150.6720,329.4871,0
2.1500,2444706,0.718933,-0.155029,-0.648682,0.195679,150.6746,329.4996,0
2.1600,2444716,0.718933,-0.155029,-0.648682,0.195679,150.6800,329.4997,0
2.1700,2444726,0.718872,-0.154968,-0.648804,0.195740,150.6780,329.4872,0
2.1800,2444736,0.718872,-0.154968,-0.648804,0.195740,150.6743,329.4831,0
2.1900,2444746,0.718933,-0.155029,-0.648682,0.195679,150.6779,329.4988,0
2.2000,2444756,0.718933,-0.155029,-0.648682,0.195679,150.6820,329.5012,0
2.2100,2444766,0.718872,-0.154968,-0.648743,0.195679,150.6781,329.4911,0
2.2200,2444776,0.718872,-0.154968,-0.648743,0.195679,150.6779,329.4903,0
2.2300,2444786,0.718933,-0.155029,-0.648743,0.195679,150.6820,329.4980,0
2.2400,2444796,0.718933,-0.155029,-0.648743,0.195679,150.6841,329.4980,0
2.2500,2444806,0.718872,-0.155029,-0.648743,0.195679,150.6795,329.4922,0
2.2600,2444816,0.718872,-0.155029,-0.648743,0.195679,150.6775,329.4967,0
2.2700,2444826,0.718933,-0.155029,-0.648682,0.195740,150.6780,329.4969,0
2.2800,2444836,0.718933,-0.155029,-0.648682,0.195740,150.6731,329.4911,0
2.2900,2444846,0.718872,-0.155029,-0.648743,0.195740,150.6767,329.5040,0
2.3000,2444856,0.718933,-0.155090,-0.648621,0.195740,150.7026,329.4894,0
2.3100,2444866,0.718872,-0.155151,-0.648682,0.196045,150.7070,329.4595,0
2.3200,2444876,0.718689,-0.155029,-0.648804,0.196228,150.6821,329.4708,0
2.3300,2444886,0.718933,-0.155090,-0.648621,0.195923,150.6769,329.4984,0
2.3400,2444896,0.718872,-0.155151,-0.648621,0.196106,150.6921,329.4835,0
2.3500,2444906,0.718750,-0.155029,-0.648804,0.196045,150.6721,329.4622,0
2.3600,2444916,0.718750,-0.154968,-0.648804,0.195984,150.6626,329.4651,0
2.3700,2444926,0.718872,-0.155029,-0.648682,0.196106,150.6797,329.4785,0
2.3800,2444936,0.718872,-0.155029,-0.648682,0.196106,150.6717,329.4771,0
2.3900,2444946,0.718811,-0.154968,-0.648743,0.196106,150.6598,329.4650,0
2.4000,2444956,0.718811,-0.154968,-0.648743,0.196106,150.6617,329.4654,0
2.4100,2444966,0.718872,-0.155029,-0.648621,0.196045,150.6622,329.4807,0
2.4200,2444976,0.718811,-0.155029,-0.648682,0.196167,150.6693,329.4660,0
2.4300,2444986,0.718689,-0.155029,-0.648865,0.196167,150.6694,329.4426,0
2.4400,2444996,0.718750,-0.154968,-0.648804,0.196045,150.6547,329.4525,0
2.4500,2445006,0.718872,-0.155029,-0.648682,0.196106,150.6604,329.4701,0
2.4600,2445016,0.718811,-0.155090,-0.648621,0.196167,150.6699,329.4632,0
2.4700,2445026,0.718811,-0.155029,-0.648743,0.196045,150.6534,329.4512,0
2.4800,2445036,0.718750,-0.155029,-0.648804,0.196045,150.6514,329.4422,0
2.4900,2445046,0.718811,-0.155029,-0.648682,0.196045,150.6548,329.4586,0
2.5000,2445056,0.718872,-0.155090,-0.648621,0.196045,150.6545,329.4664,0
2.5100,2445066,0.718811,-0.155029,-0.648682,0.196045,150.6501,329.4566,0
2.5200,2445076,0.718811,-0.155029,-0.648682,0.196045,150.6452,329.4575,0
2.5300,2445086,0.718872,-0.155151,-0.648621,0.196106,150.6585,329.4416,0
2.5400,2445096,0.718750,-0.155090,-0.648682,0.196289,150.6437,329.4366,0
2.5500,2445106,0.718811,-0.155029,-0.648682,0.196228,150.6280,329.4563,0
2.5600,2445116,0.718933,-0.155029,-0.648621,0.196045,150.6474,329.4571,0
2.5700,2445126,0.718872,-0.155151,-0.648560,0.196167,150.6439,329.4419,0
2.5800,2445136,0.718811,-0.155090,-0.648682,0.196167,150.6287,329.4315,0
2.5900,2445146,0.718811,-0.155151,-0.648743,0.196106,150.6368,329.4402,0
2.6000,2445156,0.718811,-0.155151,-0.648682,0.196106,150.6398,329.4477,0
2.6100,2445166,0.718872,-0.155090,-0.648682,0.196045,150.6308,329.4466,0
2.6200,2445176,0.718811,-0.155151,-0.648682,0.196106,150.6370,329.4426,0
2.6300,2445186,0.718811,-0.155151,-0.648682,0.196106,150.6346,329.4400,0
2.6400,2445196,0.718811,-0.155151,-0.648682,0.196106,150.6306,329.4440,0
2.6500,2445206,0.718811,-0.155212,-0.648682,0.196167,150.6404,329.4389,0
2.6600,2445216,0.718811,-0.155212,-0.648682,0.196167,150.6349,329.4353,0
2.6700,2445226,0.718872,-0.155151,-0.648621,0.196106,150.6284,329.4425,0
2.6800,2445236,0.718872,-0.155212,-0.648621,0.196167,150.6390,329.4429,0
2.6900,2445246,0.718811,-0.155212,-0.648621,0.196167,150.6335,329.4355,0
2.7000,2445256,0.718811,-0.155151,-0.648682,0.196106,150.6242,329.4314,0
2.7100,2445266,0.718811,-0.155212,-0.648621,0.196167,150.6308,329.4365,0
2.7200,2445276,0.718811,-0.155212,-0.648621,0.196167,150.6311,329.4401,0
2.7300,2445286,0.718811,-0.155212,-0.648621,0.196167,150.6266,329.4394,0
2.7400,2445296,0.718811,-0.155212,-0.648621,0.196167,150.6277,329.4369,0
2.7500,2445306,0.718811,-0.155212,-0.648621,0.196167,150.6288,329.4334,0
2.7600,2445316,0.718872,-0.155212,-0.648621,0.196167,150.6292,329.4407,0
2.7700,2445326,0.718811,-0.155273,-0.648621,0.196228,150.6367,329.4423,0
2.7800,2445336,0.718811,-0.155273,-0.648621,0.196228,150.6373,329.4361,0
2.7900,2445346,0.718750,-0.155212,-0.648682,0.196228,150.6325,329.4469,0
2.8000,2445356,0.718811,-0.155273,-0.648621,0.196228,150.6351,329.4518,0
2.8100,2445366,0.718811,-0.155273,-0.648621,0.196228,150.6411,329.4403,0
2.8200,2445376,0.718750,-0.155273,-0.648682,0.196289,150.6356,329.4325,0
2.8300,2445386,0.718689,-0.155273,-0.648743,0.196289,150.6345,329.4375,0
2.8400,2445396,0.718689,-0.155273,-0.648743,0.196289,150.6382,329.4488,0
2.8500,2445406,0.718750,-0.155273,-0.648682,0.196228,150.6345,329.4441,0
2.8600,2445416,0.718750,-0.155273,-0.648682,0.196228,150.6269,329.4402,0
2.8700,2445426,0.718750,-0.155273,-0.648682,0.196228,150.6316,329.4436,0
2.8800,2445436,0.718750,-0.155273,-0.648682,0.196228,150.6330,329.4486,0
2.8900,2445446,0.718750,-0.155273,-0.648682,0.196228,150.6302,329.4469,0
2.9000,2445456,0.718750,-0.155212,-0.648682,0.196228,150.6318,329.4405,0
2.9100,2445466,0.718750,-0.155212,-0.648682,0.196228,150.6332,329.4421,0
2.9200,2445476,0.718750,-0.155212,-0.648682,0.196228,150.6340,329.4448,0
2.9300,2445486,0.718750,-0.155212,-0.648682,0.196228,150.6347,329.4433,0
2.9400,2445496,0.718750,-0.155212,-0.648682,0.196228,150.6301,329.4394,0
2.9500,2445506,0.718750,-0.155212,-0.648682,0.196228,150.6310,329.4388,0
2.9600,2445516,0.718750,-0.155273,-0.648682,0.196228,150.6367,329.4428,0
2.9700,2445526,0.718750,-0.155273,-0.648682,0.196228,150.6343,329.4455,0
2.9800,2445536,0.718750,-0.155273,-0.648682,0.196228,150.6297,329.4434,0
2.9900,2445546,0.718750,-0.155273,-0.648682,0.196228,150.6324,329.4436,0
3.0000,2445556,0.718750,-0.155273,-0.648682,0.196228,150.6350,329.4469,0
3.0100,2445566,0.718750,-0.155273,-0.648682,0.196228,150.6351,329.4500,0
3.0200,2445576,0.718750,-0.155273,-0.648682,0.196228,150.6328,329.4505,0
3.0300,2445586,0.718750,-0.155273,-0.648682,0.196228,150.6312,329.4493,0
3.0400,2445596,0.718750,-0.155273,-0.648682,0.196228,150.6357,329.4493,0
3.0500,2445606,0.718750,-0.155273,-0.648682,0.196228,150.6316,329.4487,0
3.0600,2445616,0.718750,-0.155273,-0.648682,0.196228,150.6295,329.4494,0
3.0700,2445626,0.718750,-0.155273,-0.648682,0.196228,150.6322,329.4488,0
3.0800,2445636,0.718750,-0.155273,-0.648682,0.196228,150.6307,329.4488,0
3.0900,2445646,0.718750,-0.155273,-0.648682,0.196228,150.6286,329.4494,0
3.1000,2445656,0.718750,-0.155273,-0.648682,0.196228,150.6272,329.4482,0
3.1100,2445666,0.718750,-0.155273,-0.648682,0.196228,150.6283,329.4459,0
3.1200,2445676,0.718750,-0.155273,-0.648682,0.196228,150.6275,329.4455,0
3.1300,2445686,0.718750,-0.155273,-0.648682,0.196228,150.6274,329.4451,0
3.1400,2445696,0.718750,-0.155273,-0.648682,0.196228,150.6273,329.4476,0
3.1500,2445706,0.718750,-0.155273,-0.648682,0.196228,150.6278,329.4489,0
3.1600,2445716,0.718750,-0.155273,-0.648682,0.196228,150.6300,329.4483,0
3.1700,2445726,0.718750,-0.155273,-0.648682,0.196228,150.6304,329.4448,0
3.1800,2445736,0.718750,-0.155273,-0.648682,0.196228,150.6271,329.4450,0
3.1900,2445746,0.718750,-0.155273,-0.648682,0.196228,150.6276,329.4488,0
3.2000,2445756,0.718750,-0.155273,-0.648682,0.196228,150.6287,329.4488,0
3.2100,2445766,0.718750,-0.155273,-0.648682,0.196228,150.6297,329.4465,0
3.2200,2445776,0.718750,-0.155273,-0.648682,0.196228,150.6295,329.4454,0
3.2300,2445786,0.718750,-0.155273,-0.648682,0.196228,150.6304,329.4486,0
3.2400,2445796,0.718750,-0.155273,-0.648682,0.196228,150.6301,329.4522,0
3.2500,2445806,0.718750,-0.155273,-0.648682,0.196228,150.6305,329.4521,0
3.2600,2445816,0.718750,-0.155273,-0.648682,0.196228,150.6326,329.4472,0
3.2700,2445826,0.718750,-0.155273,-0.648682,0.196228,150.6298,329.4455,0
3.2800,2445836,0.718750,-0.155273,-0.648682,0.196228,150.6308,329.4481,0
3.2900,2445846,0.718750,-0.155273,-0.648682,0.196228,150.6305,329.4481,0
3.3000,2445856,0.718750,-0.155273,-0.648682,0.196228,150.6296,329.4452,0
3.3100,2445866,0.718750,-0.155273,-0.648682,0.196228,150.6282,329.4454,0
3.3200,2445876,0.718750,-0.155273,-0.648682,0.196228,150.6274,329.4450,0
3.3300,2445886,0.718750,-0.155273,-0.648682,0.196228,150.6291,329.4452,0
3.3400,2445896,0.718750,-0.155273,-0.648682,0.196228,150.6359,329.4549,0
3.3500,2445906,0.718750,-0.155334,-0.648621,0.196289,150.6482,329.4337,0
3.3600,2445916,0.718628,-0.155396,-0.648682,0.196411,150.6404,329.4112,0
3.3700,2445926,0.718567,-0.155334,-0.648804,0.196533,150.6194,329.4351,0
3.3800,2445936,0.718750,-0.155396,-0.648621,0.196289,150.6243,329.4506,0
3.3900,2445946,0.718628,-0.155396,-0.648743,0.196472,150.6342,329.4219,0
3.4000,2445956,0.718567,-0.155334,-0.648865,0.196350,150.6178,329.4088,0
3.4100,2445966,0.718628,-0.155334,-0.648743,0.196289,150.6193,329.4221,0
3.4200,2445976,0.718689,-0.155396,-0.648621,0.196472,150.6325,329.4323,0
3.4300,2445986,0.718628,-0.155334,-0.648743,0.196411,150.6207,329.4211,0
3.4400,2445996,0.718628,-0.155334,-0.648804,0.196350,150.6138,329.4124,0
3.4500,2446006,0.718628,-0.155396,-0.648743,0.196350,150.6172,329.4218,0
3.4600,2446016,0.718689,-0.155396,-0.648682,0.196411,150.6204,329.4260,0
3.4700,2446026,0.718628,-0.155396,-0.648743,0.196411,150.6139,329.4139,0
3.4800,2446036,0.718628,-0.155396,-0.648743,0.196350,150.6048,329.4096,0
3.4900,2446046,0.718689,-0.155396,-0.648682,0.196350,150.6080,329.4193,0
3.5000,2446056,0.718689,-0.155457,-0.648682,0.196411,150.6135,329.4206,0
3.5100,2446066,0.718628,-0.155396,-0.648743,0.196350,150.6032,329.4112,0
3.5200,2446076,0.718628,-0.155396,-0.648743,0.196350,150.5964,329.4130,0
3.5300,2446086,0.718628,-0.155518,-0.648682,0.196472,150.6149,329.4182,0
3.5400,2446096,0.718567,-0.155457,-0.648743,0.196594,150.6224,329.3988,0
3.5500,2446106,0.718567,-0.155396,-0.648804,0.196411,150.5980,329.4001,0
3.5600,2446116,0.718750,-0.155396,-0.648682,0.196289,150.5826,329.4252,0
3.5700,2446126,0.718689,-0.155457,-0.648621,0.196350,150.5917,329.4173,0
3.5800,2446136,0.718628,-0.155457,-0.648743,0.196350,150.5837,329.4189,0
3.5900,2446146,0.718628,-0.155396,-0.648743,0.196289,150.5927,329.4317,0
3.6000,2446156,0.718689,-0.155518,-0.648621,0.196350,150.5930,329.4350,0
3.6100,2446166,0.718689,-0.155518,-0.648621,0.196350,150.5843,329.4274,0
3.6200,2446176,0.718628,-0.155457,-0.648743,0.196289,150.5850,329.4297,0
3.6300,2446186,0.718628,-0.155457,-0.648743,0.196289,150.5898,329.4360,0
3.6400,2446196,0.718689,-0.155518,-0.648682,0.196289,150.5855,329.4349,0
3.6500,2446206,0.718689,-0.155518,-0.648682,0.196289,150.5849,329.4309,0
3.6600,2446216,0.718689,-0.155518,-0.648682,0.196289,150.5874,329.4312,0
3.6700,2446226,0.718689,-0.155518,-0.648621,0.196289,150.5873,329.4387,0
3.6800,2446236,0.718689,-0.155518,-0.648621,0.196289,150.5849,329.4410,0
3.6900,2446246,0.718689,-0.155518,-0.648621,0.196289,150.5796,329.4420,0
3.7000,2446256,0.718689,-0.155518,-0.648621,0.196289,150.5788,329.4382,0
3.7100,2446266,0.718689,-0.155518,-0.648621,0.196289,150.5821,329.4364,0
3.7200,2446276,0.718689,-0.155518,-0.648621,0.196289,150.5793,329.4382,0
3.7300,2446286,0.718689,-0.155518,-0.648621,0.196289,150.5737,329.4394,0
3.7400,2446296,0.718689,-0.155518,-0.648621,0.196289,150.5732,329.4369,0
3.7500,2446306,0.718689,-0.155518,-0.648621,0.196289,150.5726,329.4340,0
3.7600,2446316,0.718689,-0.155518,-0.648621,0.196289,150.5727,329.4359,0
3.7700,2446326,0.718689,-0.155518,-0.648621,0.196289,150.5716,329.4396,0
3.7800,2446336,0.718689,-0.155518,-0.648621,0.196289,150.5688,329.4418,0
3.7900,2446346,0.718689,-0.155518,-0.648621,0.196289,150.5691,329.4416,0
3.8000,2446356,0.718689,-0.155518,-0.648621,0.196289,150.5711,329.4414,0
3.8100,2446366,0.718689,-0.155518,-0.648621,0.196289,150.5707,329.4442,0
3.8200,2446376,0.718689,-0.155518,-0.648621,0.196289,150.5679,329.4474,0
3.8300,2446386,0.718689,-0.155518,-0.648621,0.196289,150.5664,329.4487,0
3.8400,2446396,0.718689,-0.155518,-0.648621,0.196289,150.5668,329.4505,0
3.8500,2446406,0.718689,-0.155518,-0.648621,0.196289,150.5636,329.4522,0
3.8600,2446416,0.718689,-0.155518,-0.648621,0.196289,150.5636,329.4515,0
3.8700,2446426,0.718689,-0.155518,-0.648621,0.196289,150.5659,329.4502,0
3.8800,2446436,0.718689,-0.155518,-0.648621,0.196289,150.5705,329.4490,0
3.8900,2446446,0.718689,-0.155518,-0.648621,0.196289,150.5713,329.4472,0
3.9000,2446456,0.718689,-0.155518,-0.648621,0.196289,150.5708,329.4491,0
3.9100,2446466,0.718689,-0.155518,-0.648621,0.196289,150.5698,329.4503,0
3.9200,2446476,0.718689,-0.155518,-0.648621,0.196289,150.5688,329.4491,0
3.9300,2446486,0.718689,-0.155518,-0.648621,0.196289,150.5673,329.4491,0
3.9400,2446496,0.718689,-0.155518,-0.648621,0.196289,150.5671,329.4503,0
3.9500,2446506,0.718689,-0.155518,-0.648621,0.196289,150.5663,329.4485,0
3.9600,2446516,0.718689,-0.155518,-0.648621,0.196289,150.5655,329.4479,0
3.9700,2446526,0.718689,-0.155518,-0.648621,0.196289,150.5671,329.4474,0
3.9800,2446536,0.718689,-0.155518,-0.648621,0.196289,150.5675,329.4469,0
3.9900,2446546,0.718689,-0.155518,-0.648621,0.196289,150.5661,329.4453,0
4.0000,2446556,0.718689,-0.155518,-0.648621,0.196289,150.5647,329.4449,0
4.0100,2446566,0.718689,-0.155518,-0.648621,0.196289,150.5640,329.4445,0
4.0200,2446576,0.718689,-0.155518,-0.648621,0.196289,150.5645,329.4442,0
4.0300,2446586,0.718689,-0.155518,-0.648621,0.196289,150.5632,329.4432,0
4.0400,2446596,0.718689,-0.155518,-0.648621,0.196289,150.5620,329.4442,0
4.0500,2446606,0.718689,-0.155518,-0.648621,0.196289,150.5638,329.4438,0
4.0600,2446616,0.718689,-0.155518,-0.648621,0.196289,150.5667,329.4429,0
4.0700,2446626,0.718689,-0.155518,-0.648621,0.196289,150.5683,329.4432,0
4.0800,2446636,0.718689,-0.155518,-0.648621,0.196289,150.5686,329.4453,0
4.0900,2446646,0.718689,-0.155518,-0.648621,0.196289,150.5671,329.4491,0
4.1000,2446656,0.718750,-0.155579,-0.648560,0.196350,150.5757,329.4537,0
4.1100,2446666,0.718628,-0.155701,-0.648621,0.196472,150.5691,329.4319,0
4.1200,2446676,0.718506,-0.155579,-0.648804,0.196533,150.5528,329.4530,0
4.1300,2446686,0.718628,-0.155579,-0.648682,0.196289,150.5628,329.4635,0
4.1400,2446696,0.718689,-0.155640,-0.648621,0.196350,150.5663,329.4454,0
4.1500,2446706,0.718628,-0.155640,-0.648682,0.196350,150.5477,329.4349,0
4.1600,2446716,0.718567,-0.155579,-0.648865,0.196228,150.5556,329.4446,0
4.1700,2446726,0.718567,-0.155701,-0.648743,0.196289,150.5654,329.4543,0
4.1800,2446736,0.718567,-0.155640,-0.648804,0.196167,150.5504,329.4482,0
4.1900,2446746,0.718567,-0.155640,-0.648804,0.196167,150.5463,329.4435,0
4.2000,2446756,0.718567,-0.155640,-0.648865,0.196167,150.5513,329.4485,0
4.2100,2446766,0.718567,-0.155640,-0.648804,0.196106,150.5483,329.4563,0
4.2200,2446776,0.718567,-0.155701,-0.648804,0.196167,150.5567,329.4506,0
4.2300,2446786,0.718506,-0.155701,-0.648926,0.196167,150.5611,329.4392,0
4.2400,2446796,0.718445,-0.155701,-0.648926,0.196167,150.5571,329.4439,0
4.2500,2446806,0.718445,-0.155762,-0.648865,0.196228,150.5662,329.4501,0
4.2600,2446816,0.718445,-0.155762,-0.648926,0.196228,150.5637,329.4507,0
4.2700,2446826,0.718445,-0.155762,-0.648987,0.196106,150.5535,329.4453,0
4.2800,2446836,0.718384,-0.155762,-0.648987,0.196045,150.5593,329.4425,0
4.2900,2446846,0.718445,-0.155762,-0.648926,0.196045,150.5630,329.4511,0
4.3000,2446856,0.718445,-0.155762,-0.648987,0.196045,150.5594,329.4546,0
4.3100,2446866,0.718445,-0.155762,-0.648987,0.196045,150.5584,329.4508,0
4.3200,2446876,0.718384,-0.155762,-0.648987,0.196045,150.5592,329.4471,0
4.3300,2446886,0.718384,-0.155762,-0.648987,0.196045,150.5618,329.4502,0
4.3400,2446896,0.718384,-0.155762,-0.648987,0.196045,150.5654,329.4549,0
4.3500,2446906,0.718384,-0.155762,-0.649048,0.196045,150.5616,329.4505,0
4.3600,2446916,0.718384,-0.155762,-0.649048,0.196045,150.5575,329.4463,0
4.3700,2446926,0.718323,-0.155823,-0.649048,0.196045,150.5596,329.4453,0
4.3800,2446936,0.718323,-0.155823,-0.649048,0.196045,150.5544,329.4401,0
4.3900,2446946,0.718323,-0.155823,-0.649048,0.196045,150.5506,329.4388,0
4.4000,2446956,0.718323,-0.155823,-0.649048,0.196045,150.5548,329.4417,0
4.4100,2446966,0.718323,-0.155884,-0.649109,0.196045,150.5563,329.4468,0
4.4200,2446976,0.718262,-0.155884,-0.649109,0.196045,150.5537,329.4464,0
4.4300,2446986,0.718262,-0.155884,-0.649109,0.196045,150.5488,329.4459,0
4.4400,2446996,0.718262,-0.155884,-0.649170,0.196045,150.5518,329.4503,0
4.4500,2447006,0.718262,-0.155884,-0.649170,0.196045,150.5559,329.4502,0
4.4600,2447016,0.718201,-0.155884,-0.649170,0.196045,150.5527,329.4484,0
4.4700,2447026,0.718201,-0.155884,-0.649170,0.196045,150.5508,329.4484,0
4.4800,2447036,0.718201,-0.155884,-0.649231,0.196045,150.5526,329.4496,0
4.4900,2447046,0.718201,-0.155884,-0.649231,0.196045,150.5548,329.4496,0
4.5000,2447056,0.718140,-0.155884,-0.649231,0.196045,150.5546,329.4490,0
4.5100,2447066,0.718140,-0.155884,-0.649292,0.196045,150.5538,329.4508,0
4.5200,2447076,0.718140,-0.155884,-0.649292,0.195984,150.5566,329.4525,0
4.5300,2447086,0.718140,-0.155884,-0.649292,0.195984,150.5587,329.4523,0
4.5400,2447096,0.718140,-0.155884,-0.649292,0.195984,150.5583,329.4521,0
4.5500,2447106,0.718079,-0.155884,-0.649292,0.195984,150.5585,329.4532,0
4.5600,2447116,0.718079,-0.155884,-0.649292,0.195984,150.5630,329.4536,0
4.5700,2447126,0.718079,-0.155884,-0.649353,0.195984,150.5679,329.4534,0
4.5800,2447136,0.718079,-0.155884,-0.649353,0.195984,150.5690,329.4532,0
4.5900,2447146,0.718079,-0.155884,-0.649353,0.195984,150.5706,329.4529,0
4.6000,2447156,0.718079,-0.155884,-0.649353,0.195984,150.5733,329.4528,0
4.6100,2447166,0.718079,-0.155945,-0.649353,0.195984,150.5765,329.4508,0
4.6200,2447176,0.718018,-0.155945,-0.649353,0.195984,150.5777,329.4496,0
4.6300,2447186,0.718018,-0.155945,-0.649414,0.195984,150.5807,329.4513,0
4.6400,2447196,0.718018,-0.155945,-0.649414,0.195984,150.5829,329.4512,0
4.6500,2447206,0.718018,-0.155945,-0.649414,0.195984,150.5850,329.4500,0
4.6600,2447216,0.718018,-0.155945,-0.649414,0.195984,150.5864,329.4493,0
4.6700,2447226,0.717957,-0.155945,-0.649475,0.195984,150.5889,329.4500,0
4.6800,2447236,0.717957,-0.155945,-0.649475,0.195984,150.5907,329.4511,0
4.6900,2447246,0.717957,-0.155945,-0.649475,0.195984,150.5924,329.4516,0
4.7000,2447256,0.717957,-0.155945,-0.649475,0.195984,150.5959,329.4527,0
4.7100,2447266,0.717957,-0.155945,-0.649536,0.195984,150.5985,329.4525,0
4.7200,2447276,0.717896,-0.155945,-0.649536,0.195923,150.6004,329.4494,0
4.7300,2447286,0.717896,-0.155945,-0.649536,0.195923,150.6022,329.4511,0
4.7400,2447296,0.717896,-0.155945,-0.649536,0.195923,150.6046,329.4522,0
4.7500,2447306,0.717896,-0.155945,-0.649536,0.195923,150.6062,329.4527,0
4.7600,2447316,0.717896,-0.155945,-0.649536,0.195923,150.6083,329.4502,0
4.7700,2447326,0.717896,-0.155945,-0.649597,0.195923,150.6092,329.4489,0
4.7800,2447336,0.717896,-0.155945,-0.649597,0.195923,150.6105,329.4496,0
4.7900,2447346,0.717834,-0.155945,-0.649597,0.195923,150.6119,329.4495,0
4.8000,2447356,0.717834,-0.155945,-0.649597,0.195923,150.6131,329.4483,0
4.8100,2447366,0.717834,-0.156006,-0.649597,0.195923,150.6119,329.4502,0
4.8200,2447376,0.717834,-0.156006,-0.649597,0.195923,150.6132,329.4507,0
4.8300,2447386,0.717834,-0.156006,-0.649597,0.195923,150.6138,329.4500,0
4.8400,2447396,0.717834,-0.156006,-0.649658,0.195923,150.6125,329.4488,0
4.8500,2447406,0.717834,-0.156006,-0.649658,0.195923,150.6114,329.4488,0
4.8600,2447416,0.717773,-0.156006,-0.649658,0.195923,150.6115,329.4506,0
4.8700,2447426,0.717773,-0.156006,-0.649658,0.195923,150.6122,329.4494,0
4.8800,2447436,0.717773,-0.156006,-0.649658,0.195923,150.6128,329.4470,0
4.8900,2447446,0.717773,-0.156006,-0.649719,0.195923,150.6128,329.4483,0
4.9000,2447456,0.717773,-0.156006,-0.649719,0.195923,150.6128,329.4483,0
4.9100,2447466,0.717773,-0.156006,-0.649719,0.195923,150.6128,329.4472,0
4.9200,2447476,0.717712,-0.156006,-0.649719,0.195923,150.6123,329.4479,0
4.9300,2447486,0.717712,-0.156006,-0.649719,0.195923,150.6147,329.4486,0
4.9400,2447496,0.717712,-0.156006,-0.649719,0.195923,150.6176,329.4492,0
4.9500,2447506,0.717712,-0.156006,-0.649719,0.195923,150.6168,329.4481,0
4.9600,2447516,0.717712,-0.156006,-0.649780,0.195923,150.6166,329.4475,0
4.9700,2447526,0.717712,-0.156006,-0.649780,0.195923,150.6176,329.4465,0
4.9800,2447536,0.717712,-0.156006,-0.649780,0.195862,150.6186,329.4472,0
4.9900,2447546,0.717651,-0.156006,-0.649780,0.195862,150.6183,329.4467,0
5.0000,2447556,0.717651,-0.156006,-0.649780,0.195862,150.6198,329.4468,0
5.0100,2447566,0.717651,-0.156006,-0.649780,0.195862,150.6207,329.4482,0
5.0200,2447576,0.717651,-0.156006,-0.649841,0.195862,150.6203,329.4464,0
5.0300,2447586,0.717651,-0.156006,-0.649841,0.195862,150.6205,329.4478,0
5.0400,2447596,0.717651,-0.156006,-0.649841,0.195862,150.6219,329.4478,0
5.0500,2447606,0.717651,-0.156006,-0.649841,0.195862,150.6215,329.4479,0
5.0600,2447616,0.717590,-0.156006,-0.649841,0.195862,150.6223,329.4468,0
5.0700,2447626,0.717590,-0.156006,-0.649841,0.195862,150.6218,329.4475,0
5.0800,2447636,0.717590,-0.156067,-0.649841,0.195862,150.6225,329.4470,0
5.0900,2447646,0.717590,-0.156067,-0.649902,0.195862,150.6221,329.4465,0
5.1000,2447656,0.717590,-0.156067,-0.649902,0.195862,150.6222,329.4461,0
5.1100,2447666,0.717590,-0.156067,-0.649902,0.195862,150.6218,329.4439,0
5.1200,2447676,0.717590,-0.156067,-0.649902,0.195862,150.6219,329.4442,0
5.1300,2447686,0.717590,-0.156067,-0.649902,0.195862,150.6221,329.4462,0
5.1400,2447696,0.717590,-0.156067,-0.649902,0.195862,150.6228,329.4470,0
5.1500,2447706,0.717590,-0.156067,-0.649902,0.195862,150.6247,329.4471,0
5.1600,2447716,0.717590,-0.156067,-0.649902,0.195862,150.6265,329.4460,0
5.1700,2447726,0.717590,-0.156067,-0.649902,0.195862,150.6270,329.4444,0
5.1800,2447736,0.717590,-0.156067,-0.649902,0.195862,150.6263,329.4435,0
5.1900,2447746,0.717590,-0.156067,-0.649902,0.195862,150.6275,329.4431,0
5.2000,2447756,0.717590,-0.156067,-0.649902,0.195862,150.6279,329.4435,0
5.2100,2447766,0.717590,-0.156067,-0.649902,0.195862,150.6278,329.4426,0
5.2200,2447776,0.717590,-0.156067,-0.649902,0.195862,150.6277,329.4429,0
5.2300,2447786,0.717590,-0.156067,-0.649902,0.195862,150.6275,329.4432,0
5.2400,2447796,0.717590,-0.156067,-0.649902,0.195862,150.6280,329.4447,0
5.2500,2447806,0.717590,-0.156067,-0.649902,0.195862,150.6278,329.4443,0
5.2600,2447816,0.717590,-0.156067,-0.649902,0.195862,150.6271,329.4446,0
5.2700,2447826,0.717590,-0.156067,-0.649902,0.195862,150.6276,329.4442,0
5.2800,2447836,0.717590,-0.156067,-0.649902,0.195862,150.6281,329.4433,0
5.2900,2447846,0.717590,-0.156067,-0.649902,0.195862,150.6273,329.4413,0
5.3000,2447856,0.717590,-0.156067,-0.649902,0.195862,150.6260,329.4423,0
5.3100,2447866,0.717590,-0.156067,-0.649902,0.195862,150.6272,329.4420,0
5.3200,2447876,0.717590,-0.156067,-0.649902,0.195862,150.6270,329.4430,0
5.3300,2447886,0.717590,-0.156067,-0.649902,0.195862,150.6269,329.4421,0
5.3400,2447896,0.717590,-0.156067,-0.649902,0.195862,150.6257,329.4419,0
5.3500,2447906,0.717590,-0.156067,-0.649902,0.195862,150.6268,329.4417,0
5.3600,2447916,0.717590,-0.156067,-0.649902,0.195862,150.6255,329.4409,0
5.3700,2447926,0.717590,-0.156067,-0.649902,0.195862,150.6243,329.4413,0
5.3800,2447936,0.717590,-0.156067,-0.649902,0.195862,150.6237,329.4435,0
5.3900,2447946,0.717590,-0.156067,-0.649902,0.195862,150.6250,329.4426,0
5.4000,2447956,0.717590,-0.156067,-0.649902,0.195862,150.6268,329.4435,0
5.4100,2447966,0.717590,-0.156067,-0.649902,0.195862,150.6267,329.4432,0
5.4200,2447976,0.717590,-0.156067,-0.649902,0.195862,150.6254,329.4442,0
5.4300,2447986,0.717590,-0.156067,-0.649902,0.195862,150.6248,329.4462,0
5.4400,2447996,0.717590,-0.156067,-0.649902,0.195862,150.6254,329.4470,0
5.4500,2448006,0.717590,-0.156067,-0.649902,0.195862,150.6248,329.4453,0
5.4600,2448016,0.717590,-0.156067,-0.649902,0.195862,150.6248,329.4455,0
5.4700,2448026,0.717590,-0.156067,-0.649902,0.195862,150.6243,329.4445,0
5.4800,2448036,0.717590,-0.156067,-0.649902,0.195862,150.6231,329.4447,0
5.4900,2448046,0.717590,-0.156067,-0.649902,0.195862,150.6238,329.4432,0
5.5000,2448056,0.717590,-0.156067,-0.649902,0.195862,150.6245,329.4429,0
5.5100,2448066,0.717590,-0.156067,-0.649902,0.195862,150.6239,329.4432,0
5.5200,2448076,0.717590,-0.156067,-0.649902,0.195862,150.6228,329.4417,0
5.5300,2448086,0.717590,-0.156067,-0.649902,0.195862,150.6223,329.4421,0
5.5400,2448096,0.717590,-0.156067,-0.649902,0.195862,150.6242,329.4424,0
5.5500,2448106,0.717590,-0.156067,-0.649902,0.195862,150.6248,329.4416,0
5.5600,2448116,0.717590,-0.156067,-0.649902,0.195862,150.6248,329.4414,0
5.5700,2448126,0.717590,-0.156067,-0.649902,0.195862,150.6254,329.4424,0
5.5800,2448136,0.717590,-0.156067,-0.649902,0.195862,150.6254,329.4422,0
5.5900,2448146,0.717590,-0.156067,-0.649902,0.195862,150.6260,329.4425,0
5.6000,2448156,0.717590,-0.156067,-0.649902,0.195862,150.6260,329.4423,0
5.6100,2448166,0.717590,-0.156067,-0.649902,0.195862,150.6271,329.4426,0
5.6200,2448176,0.717590,-0.156067,-0.649902,0.195862,150.6270,329.4435,0
5.6300,2448186,0.717590,-0.156067,-0.649902,0.195862,150.6269,329.4420,0
5.6400,2448196,0.717590,-0.156067,-0.649902,0.195862,150.6268,329.4413,0
5.6500,2448206,0.717590,-0.156067,-0.649902,0.195862,150.6273,329.4405,0
5.6600,2448216,0.717590,-0.156067,-0.649902,0.195862,150.6272,329.4403,0
5.6700,2448226,0.717590,-0.156067,-0.649902,0.195862,150.6271,329.4402,0
5.6800,2448236,0.717590,-0.156067,-0.649902,0.195862,150.6282,329.4418,0
5.6900,2448246,0.717590,-0.156067,-0.649902,0.195862,150.6280,329.4434,0
5.7000,2448256,0.717590,-0.156067,-0.649902,0.195862,150.6267,329.4407,0
5.7100,2448266,0.717590,-0.156067,-0.649902,0.195862,150.6272,329.4394,0
5.7200,2448276,0.717590,-0.156067,-0.649902,0.195862,150.6265,329.4387,0
5.7300,2448286,0.717590,-0.156067,-0.649902,0.195862,150.6276,329.4386,0
5.7400,2448296,0.717590,-0.156067,-0.649902,0.195862,150.6263,329.4398,0
5.7500,2448306,0.717590,-0.156067,-0.649902,0.195862,150.6244,329.4408,0
5.7600,2448316,0.717590,-0.156067,-0.649902,0.195862,150.6239,329.4418,0
5.7700,2448326,0.717590,-0.156067,-0.649902,0.195862,150.6233,329.4422,0
5.7800,2448336,0.717590,-0.156067,-0.649902,0.195862,150.6240,329.4414,0
5.7900,2448346,0.717590,-0.156067,-0.649902,0.195862,150.6252,329.4400,0
5.8000,2448356,0.717590,-0.156067,-0.649902,0.195862,150.6252,329.4411,0
5.8100,2448366,0.717590,-0.156067,-0.649902,0.195862,150.6252,329.4409,0
5.8200,2448376,0.717590,-0.156067,-0.649902,0.195862,150.6258,329.4419,0
5.8300,2448386,0.717590,-0.156067,-0.649902,0.195862,150.6246,329.4417,0
5.8400,2448396,0.717590,-0.156067,-0.649902,0.195862,150.6246,329.4409,0
5.8500,2448406,0.717590,-0.156067,-0.649902,0.195862,150.6240,329.4413,0
5.8600,2448416,0.717590,-0.156067,-0.649902,0.195862,150.6241,329.4411,0
5.8700,2448426,0.717590,-0.156067,-0.649902,0.195862,150.6235,329.4403,0
5.8800,2448436,0.717590,-0.156067,-0.649902,0.195862,150.6248,329.4402,0
5.8900,2448446,0.717590,-0.156067,-0.649902,0.195862,150.6242,329.4413,0
5.9000,2448456,0.717590,-0.156067,-0.649902,0.195862,150.6242,329.4411,0
5.9100,2448466,0.717590,-0.156067,-0.649902,0.195862,150.6243,329.4409,0
5.9200,2448476,0.717590,-0.156067,-0.649902,0.195862,150.6243,329.4395,0
5.9300,2448486,0.717590,-0.156067,-0.649902,0.195862,150.6237,329.4400,0
5.9400,2448496,0.717590,-0.156067,-0.649902,0.195862,150.6244,329.4417,0
5.9500,2448506,0.717590,-0.156067,-0.649902,0.195862,150.6232,329.4402,0
5.9600,2448516,0.717590,-0.156067,-0.649902,0.195862,150.6227,329.4395,0
5.9700,2448526,0.717590,-0.156067,-0.649902,0.195862,150.6240,329.4400,0
5.9800,2448536,0.717590,-0.156067,-0.649902,0.195862,150.6235,329.4393,0
5.9900,2448546,0.717590,-0.156067,-0.649902,0.195862,150.6236,329.4386,0
6.0000,2448556,0.717590,-0.156067,-0.649902,0.195862,150.6248,329.4391,0
6.0100,2448566,0.717590,-0.156067,-0.649902,0.195862,150.6243,329.4396,0
6.0200,2448576,0.717590,-0.156067,-0.649902,0.195862,150.6249,329.4407,0
6.0300,2448586,0.717590,-0.156067,-0.649902,0.195862,150.6255,329.4400,0
6.0400,2448596,0.717590,-0.156067,-0.649902,0.195862,150.6260,329.4404,0
6.0500,2448606,0.717590,-0.156067,-0.649902,0.195862,150.6266,329.4385,0
6.0600,2448616,0.717590,-0.156067,-0.649902,0.195862,150.6271,329.4379,0
6.0700,2448626,0.717590,-0.156067,-0.649902,0.195862,150.6276,329.4384,0
6.0800,2448636,0.717590,-0.156067,-0.649902,0.195862,150.6286,329.4384,0
6.0900,2448646,0.717590,-0.156067,-0.649902,0.195862,150.6279,329.4377,0
6.1000,2448656,0.717590,-0.156067,-0.649902,0.195862,150.6271,329.4377,0
6.1100,2448666,0.717590,-0.156067,-0.649902,0.195862,150.6276,329.4366,0
6.1200,2448676,0.717590,-0.156067,-0.649902,0.195862,150.6281,329.4354,0
6.1300,2448686,0.717590,-0.156067,-0.649902,0.195862,150.6279,329.4355,0
6.1400,2448696,0.717590,-0.156067,-0.649902,0.195862,150.6278,329.4362,0
6.1500,2448706,0.717590,-0.156067,-0.649902,0.195862,150.6276,329.4351,0
6.1600,2448716,0.717590,-0.156067,-0.649902,0.195862,150.6269,329.4346,0
6.1700,2448726,0.717590,-0.156067,-0.649902,0.195862,150.6274,329.4336,0
6.1800,2448736,0.717590,-0.156067,-0.649902,0.195862,150.6279,329.4332,0
6.1900,2448746,0.717590,-0.156067,-0.649902,0.195862,150.6277,329.4340,0
6.2000,2448756,0.717590,-0.156067,-0.649902,0.195862,150.6282,329.4330,0
6.2100,2448766,0.717590,-0.156067,-0.649902,0.195862,150.6281,329.4337,0
6.2200,2448776,0.717590,-0.156067,-0.649902,0.195862,150.6291,329.4363,0
6.2300,2448786,0.717590,-0.156067,-0.649902,0.195862,150.6283,329.4388,0
6.2400,2448796,0.717590,-0.156067,-0.649902,0.195862,150.6299,329.4399,0
6.2500,2448806,0.717590,-0.156067,-0.649902,0.195862,150.6303,329.4403,0
6.2600,2448816,0.717590,-0.156067,-0.649902,0.195862,150.6312,329.4396,0
6.2700,2448826,0.717590,-0.156067,-0.649902,0.195862,150.6315,329.4401,0
6.2800,2448836,0.717590,-0.156067,-0.649902,0.195862,150.6306,329.4388,0
6.2900,2448846,0.717590,-0.156067,-0.649902,0.195862,150.6303,329.4393,0
6.3000,2448856,0.717590,-0.156067,-0.649902,0.195862,150.6294,329.4374,0
6.3100,2448866,0.717590,-0.156067,-0.649902,0.195862,150.6286,329.4369,0
6.3200,2448876,0.717590,-0.156067,-0.649902,0.195862,150.6273,329.4375,0
6.3300,2448886,0.717590,-0.156067,-0.649902,0.195862,150.6277,329.4392,0
6.3400,2448896,0.717590,-0.156067,-0.649902,0.195862,150.6294,329.4409,0
6.3500,2448906,0.717529,-0.156006,-0.649963,0.195862,150.6333,329.4342,0
6.3600,2448916,0.717529,-0.156006,-0.649963,0.195862,150.6288,329.4362,0
6.3700,2448926,0.717529,-0.156006,-0.649963,0.195862,150.6310,329.4398,0
6.3800,2448936,0.717529,-0.156006,-0.649902,0.195923,150.6336,329.4391,0
6.3900,2448946,0.717529,-0.156006,-0.649902,0.195923,150.6296,329.4337,0
6.4000,2448956,0.717590,-0.156006,-0.649902,0.195923,150.6258,329.4404,0
6.4100,2448966,0.717590,-0.156067,-0.649841,0.195984,150.6353,329.4391,0
6.4200,2448976,0.717590,-0.156067,-0.649841,0.195984,150.6342,329.4384,0
6.4300,2448986,0.717590,-0.156067,-0.649841,0.195984,150.6290,329.4360,0
6.4400,2448996,0.717590,-0.156067,-0.649841,0.195984,150.6299,329.4390,0
6.4500,2449006,0.717590,-0.156067,-0.649841,0.195984,150.6297,329.4401,0
6.4600,2449016,0.717590,-0.156067,-0.649841,0.195984,150.6277,329.4382,0
6.4700,2449026,0.717590,-0.156067,-0.649841,0.195984,150.6258,329.4376,0
6.4800,2449036,0.717590,-0.156067,-0.649841,0.195984,150.6275,329.4388,0
6.4900,2449046,0.717590,-0.156067,-0.649841,0.195984,150.6292,329.4346,0
6.5000,2449056,0.717590,-0.156067,-0.649841,0.195984,150.6207,329.4383,0
6.5100,2449066,0.717590,-0.156006,-0.649902,0.195923,150.6227,329.4400,0
6.5200,2449076,0.717590,-0.156006,-0.649902,0.195923,150.6305,329.4381,0
6.5300,2449086,0.717590,-0.156067,-0.649841,0.195984,150.6254,329.4369,0
6.5400,2449096,0.717590,-0.156067,-0.649841,0.195984,150.6242,329.4370,0
6.5500,2449106,0.717590,-0.156128,-0.649841,0.195984,150.6302,329.4429,0
6.5600,2449116,0.717590,-0.156128,-0.649841,0.195984,150.6306,329.4391,0
6.5700,2449126,0.717590,-0.156128,-0.649841,0.195984,150.6255,329.4355,0
6.5800,2449136,0.717590,-0.156128,-0.649841,0.195984,150.6273,329.4361,0
6.5900,2449146,0.717590,-0.156128,-0.649841,0.195984,150.6278,329.4362,0
6.6000,2449156,0.717590,-0.156128,-0.649841,0.195984,150.6258,329.4404,0
6.6100,2449166,0.717590,-0.156128,-0.649841,0.195984,150.6288,329.4349,0
6.6200,2449176,0.717590,-0.156128,-0.649841,0.195984,150.6280,329.4344,0
6.6300,2449186,0.717590,-0.156128,-0.649841,0.195984,150.6296,329.4358,0
6.6400,2449196,0.717590,-0.156128,-0.649841,0.195984,150.6318,329.4335,0
6.6500,2449206,0.717590,-0.156128,-0.649841,0.195984,150.6279,329.4355,0
6.6600,2449216,0.717590,-0.156128,-0.649841,0.195984,150.6283,329.4362,0
6.6700,2449226,0.717590,-0.156128,-0.649841,0.195984,150.6311,329.4350,0
6.6800,2449236,0.717590,-0.156128,-0.649841,0.195984,150.6279,329.4340,0
6.6900,2449246,0.717590,-0.156128,-0.649841,0.195984,150.6252,329.4371,0
6.7000,2449256,0.717590,-0.156189,-0.649780,0.196045,150.6321,329.4340,0
6.7100,2449266,0.717529,-0.156128,-0.649841,0.196045,150.6294,329.4258,0
6.7200,2449276,0.717529,-0.156067,-0.649902,0.195984,150.6167,329.4288,0
6.7300,2449286,0.717590,-0.156067,-0.649841,0.195984,150.6206,329.4233,0
6.7400,2449296,0.717529,-0.156128,-0.649841,0.196045,150.6095,329.4175,0
6.7500,2449306,0.717529,-0.156067,-0.649902,0.195984,150.6115,329.4233,0
6.7600,2449316,0.717529,-0.156067,-0.649902,0.195984,150.6216,329.4250,0
6.7700,2449326,0.717529,-0.156067,-0.649902,0.196045,150.6159,329.4203,0
6.7800,2449336,0.717529,-0.156006,-0.649902,0.196045,150.6128,329.4188,0
6.7900,2449346,0.717529,-0.156006,-0.649902,0.196045,150.6175,329.4209,0
6.8000,2449356,0.717529,-0.156006,-0.649902,0.196045,150.6173,329.4247,0
6.8100,2449366,0.717529,-0.156006,-0.649902,0.196045,150.6195,329.4236,0
6.8200,2449376,0.717529,-0.156006,-0.649902,0.196045,150.6239,329.4213,0
6.8300,2449386,0.717529,-0.156006,-0.649902,0.195984,150.6180,329.4245,0
6.8400,2449396,0.717529,-0.156006,-0.649902,0.195984,150.6220,329.4275,0
6.8500,2449406,0.717529,-0.156006,-0.649902,0.195984,150.6227,329.4286,0
6.8600,2449416,0.717529,-0.155945,-0.649902,0.195923,150.6157,329.4285,0
6.8700,2449426,0.717529,-0.155945,-0.649902,0.195923,150.6203,329.4319,0
6.8800,2449436,0.717529,-0.155945,-0.649902,0.195923,150.6253,329.4351,0
6.8900,2449446,0.717529,-0.155945,-0.649902,0.195923,150.6223,329.4317,0
6.9000,2449456,0.717529,-0.155945,-0.649902,0.195923,150.6213,329.4296,0
6.9100,2449466,0.717529,-0.155945,-0.649902,0.195923,150.6232,329.4294,0
6.9200,2449476,0.717529,-0.155945,-0.649902,0.195923,150.6233,329.4316,0
6.9300,2449486,0.717590,-0.155945,-0.649841,0.195923,150.6240,329.4402,0
6.9400,2449496,0.717529,-0.156006,-0.649902,0.196045,150.6371,329.4329,0
6.9500,2449506,0.717468,-0.155884,-0.649963,0.196106,150.6413,329.4122,0
6.9600,2449516,0.717468,-0.155884,-0.650024,0.196045,150.6339,329.4129,0
6.9700,2449526,0.717651,-0.155884,-0.649841,0.195984,150.6252,329.4385,0
6.9800,2449536,0.717590,-0.155945,-0.649841,0.196045,150.6358,329.4331,0
6.9900,2449546,0.717529,-0.155884,-0.649902,0.196045,150.6282,329.4209,0
7.0000,2449556,0.717529,-0.155823,-0.649963,0.195984,150.6381,329.4305,0
7.0100,2449566,0.717590,-0.155884,-0.649902,0.196106,150.6374,329.4306,0
7.0200,2449576,0.717590,-0.155884,-0.649902,0.196106,150.6237,329.4250,0
7.0300,2449586,0.717590,-0.155762,-0.649902,0.195984,150.6256,329.4298,0
7.0400,2449596,0.717590,-0.155762,-0.649902,0.195984,150.6416,329.4265,0
7.0500,2449606,0.717529,-0.155884,-0.649902,0.196106,150.6402,329.4280,0
7.0600,2449616,0.717468,-0.155823,-0.649963,0.196106,150.6376,329.4129,0
7.0700,2449626,0.717407,-0.155823,-0.650024,0.196106,150.6334,329.4087,0
7.0800,2449636,0.717529,-0.155884,-0.649963,0.196106,150.6289,329.4194,0
7.0900,2449646,0.717529,-0.155945,-0.649902,0.196167,150.6376,329.4232,0
7.1000,2449656,0.717407,-0.155945,-0.650024,0.196167,150.6405,329.4089,0
7.1100,2449666,0.717346,-0.155823,-0.650146,0.196106,150.6291,329.3953,0
7.1200,2449676,0.717407,-0.155884,-0.650085,0.196106,150.6295,329.4044,0
7.1300,2449686,0.717468,-0.155945,-0.649963,0.196167,150.6399,329.4130,0
7.1400,2449696,0.717407,-0.155884,-0.650024,0.196167,150.6332,329.4039,0
7.1500,2449706,0.717346,-0.155823,-0.650146,0.196045,150.6227,329.3930,0
7.1600,2449716,0.717407,-0.155823,-0.650085,0.196045,150.6270,329.3980,0
7.1700,2449726,0.717346,-0.155884,-0.650085,0.196106,150.6335,329.4010,0
7.1800,2449736,0.717346,-0.155884,-0.650146,0.196106,150.6301,329.3932,0
7.1900,2449746,0.717346,-0.155823,-0.650146,0.196045,150.6227,329.3905,0
7.2000,2449756,0.717346,-0.155823,-0.650208,0.196045,150.6252,329.3927,0
7.2100,2449766,0.717285,-0.155884,-0.650146,0.196106,150.6329,329.3936,0
7.2200,2449776,0.717285,-0.155884,-0.650208,0.196106,150.6283,329.3873,0
7.2300,2449786,0.717285,-0.155884,-0.650208,0.196045,150.6205,329.3855,0
7.2400,2449796,0.717346,-0.155945,-0.650085,0.196106,150.6253,329.3992,0
7.2500,2449806,0.717285,-0.156006,-0.650146,0.196289,150.6441,329.3872,0
7.2600,2449816,0.717163,-0.155884,-0.650208,0.196350,150.6271,329.3967,0
7.2700,2449826,0.717224,-0.155884,-0.650208,0.196167,150.6282,329.4140,0
7.2800,2449836,0.717346,-0.155945,-0.650085,0.196167,150.6346,329.4031,0
7.2900,2449846,0.717285,-0.155945,-0.650146,0.196228,150.6210,329.3875,0
7.3000,2449856,0.717224,-0.155884,-0.650269,0.196167,150.6201,329.3933,0
7.3100,2449866,0.717224,-0.155884,-0.650208,0.196167,150.6332,329.4037,0
7.3200,2449876,0.717224,-0.155945,-0.650208,0.196289,150.6309,329.3927,0
7.3300,2449886,0.717163,-0.155884,-0.650269,0.196228,150.6199,329.3829,0
7.3400,2449896,0.717224,-0.155884,-0.650208,0.196228,150.6201,329.3909,0
7.3500,2449906,0.717224,-0.155945,-0.650208,0.196289,150.6275,329.3930,0
7.3600,2449916,0.717163,-0.155945,-0.650269,0.196289,150.6262,329.3844,0
7.3700,2449926,0.717163,-0.155884,-0.650269,0.196228,150.6190,329.3804,0
7.3800,2449936,0.717163,-0.155884,-0.650269,0.196228,150.6205,329.3849,0
7.3900,2449946,0.717163,-0.155945,-0.650269,0.196289,150.6296,329.3874,0
7.4000,2449956,0.717102,-0.155945,-0.650269,0.196289,150.6282,329.3814,0
7.4100,2449966,0.717102,-0.155945,-0.650269,0.196289,150.6286,329.3858,0
7.4200,2449976,0.717102,-0.156067,-0.650269,0.196411,150.6449,329.3822,0
7.4300,2449986,0.716980,-0.156006,-0.650391,0.196533,150.6468,329.3609,0
7.4400,2449996,0.716980,-0.155884,-0.650452,0.196350,150.6219,329.3632,0
7.4500,2450006,0.717102,-0.155945,-0.650330,0.196167,150.6114,329.3828,0
7.4600,2450016,0.717041,-0.155945,-0.650391,0.196228,150.6192,329.3759,0
7.4700,2450026,0.716980,-0.155945,-0.650513,0.196228,150.6153,329.3628,0
7.4800,2450036,0.716919,-0.155945,-0.650513,0.196228,150.6079,329.3615,0
7.4900,2450046,0.716980,-0.156006,-0.650391,0.196350,150.6169,329.3685,0
7.5000,2450056,0.716980,-0.156006,-0.650452,0.196350,150.6179,329.3676,0
7.5100,2450066,0.716919,-0.155945,-0.650513,0.196289,150.6082,329.3597,0
7.5200,2450076,0.716980,-0.155945,-0.650452,0.196289,150.6150,329.3676,0
7.5300,2450086,0.716980,-0.156006,-0.650391,0.196289,150.6191,329.3583,0
7.5400,2450096,0.716980,-0.155945,-0.650452,0.196289,150.6170,329.3459,0
7.5500,2450106,0.716858,-0.155945,-0.650574,0.196350,150.6168,329.3466,0
7.5600,2450116,0.716858,-0.155945,-0.650574,0.196289,150.6224,329.3544,0
7.5700,2450126,0.716919,-0.156006,-0.650513,0.196350,150.6212,329.3494,0
7.5800,2450136,0.716858,-0.155945,-0.650574,0.196289,150.6125,329.3392,0
7.5900,2450146,0.716858,-0.155945,-0.650574,0.196289,150.6143,329.3384,0
7.6000,2450156,0.716858,-0.156006,-0.650513,0.196350,150.6212,329.3455,0
7.6100,2450166,0.716858,-0.156006,-0.650513,0.196350,150.6189,329.3456,0
7.6200,2450176,0.716858,-0.156006,-0.650574,0.196350,150.6144,329.3380,0
7.6300,2450186,0.716858,-0.156006,-0.650574,0.196350,150.6149,329.3331,0
7.6400,2450196,0.716858,-0.156067,-0.650513,0.196350,150.6165,329.3404,0
7.6500,2450206,0.716858,-0.156067,-0.650513,0.196411,150.6233,329.3354,0
7.6600,2450216,0.716797,-0.156006,-0.650574,0.196411,150.6149,329.3242,0
7.6700,2450226,0.716797,-0.156067,-0.650635,0.196350,150.6083,329.3260,0
7.6800,2450236,0.716858,-0.156067,-0.650513,0.196350,150.6084,329.3414,0
7.6900,2450246,0.716858,-0.156128,-0.650513,0.196350,150.6132,329.3358,0
7.7000,2450256,0.716797,-0.156006,-0.650635,0.196289,150.6037,329.3221,0
7.7100,2450266,0.716797,-0.156006,-0.650635,0.196228,150.5970,329.3242,0
7.7200,2450276,0.716858,-0.156067,-0.650574,0.196289,150.6050,329.3331,0
7.7300,2450286,0.716858,-0.156067,-0.650574,0.196289,150.6072,329.3358,0
7.7400,2450296,0.716797,-0.156006,-0.650635,0.196228,150.5998,329.3318,0
7.7500,2450306,0.716797,-0.156006,-0.650635,0.196228,150.5992,329.3328,0
7.7600,2450316,0.716797,-0.156006,-0.650635,0.196228,150.6029,329.3379,0
7.7700,2450326,0.716797,-0.156006,-0.650696,0.196228,150.6070,329.3415,0
7.7800,2450336,0.716736,-0.155945,-0.650757,0.196228,150.6013,329.3444,0
7.7900,2450346,0.716736,-0.155945,-0.650757,0.196167,150.6085,329.3524,0
7.8000,2450356,0.716736,-0.156006,-0.650696,0.196228,150.6200,329.3499,0
7.8100,2450366,0.716736,-0.156067,-0.650696,0.196289,150.6149,329.3385,0
7.8200,2450376,0.716675,-0.156006,-0.650757,0.196289,150.6106,329.3354,0
7.8300,2450386,0.716675,-0.156006,-0.650757,0.196289,150.6161,329.3408,0
7.8400,2450396,0.716675,-0.156067,-0.650757,0.196289,150.6166,329.3405,0
7.8500,2450406,0.716675,-0.156006,-0.650757,0.196228,150.6093,329.3411,0
7.8600,2450416,0.716675,-0.156006,-0.650757,0.196228,150.6101,329.3416,0
7.8700,2450426,0.716675,-0.156006,-0.650757,0.196228,150.6150,329.3463,0
7.8800,2450436,0.716675,-0.156006,-0.650757,0.196228,150.6185,329.3429,0
7.8900,2450446,0.716675,-0.156006,-0.650757,0.196228,150.6158,329.3428,0
7.9000,2450456,0.716675,-0.156006,-0.650757,0.196228,150.6121,329.3456,0
7.9100,2450466,0.716675,-0.156006,-0.650757,0.196228,150.6133,329.3482,0
7.9200,2450476,0.716675,-0.156006,-0.650757,0.196228,150.6151,329.3459,0
7.9300,2450486,0.716614,-0.156006,-0.650818,0.196228,150.6115,329.3377,0
7.9400,2450496,0.716614,-0.156006,-0.650818,0.196228,150.6109,329.3352,0
7.9500,2450506,0.716614,-0.156006,-0.650818,0.196228,150.6146,329.3365,0
7.9600,2450516,0.716614,-0.156006,-0.650818,0.196228,150.6151,329.3371,0
7.9700,2450526,0.716614,-0.156006,-0.650879,0.196228,150.6186,329.3329,0
7.9800,2450536,0.716614,-0.156006,-0.650879,0.196228,150.6213,329.3354,0
7.9900,2450546,0.716614,-0.156006,-0.650879,0.196228,150.6239,329.3378,0
8.0000,2450556,0.716614,-0.156006,-0.650879,0.196228,150.6257,329.3354,0
8.0100,2450566,0.716614,-0.156006,-0.650879,0.196228,150.6257,329.3319,0
8.0200,2450576,0.716614,-0.156006,-0.650879,0.196228,150.6298,329.3309,0
8.0300,2450586,0.716614,-0.156006,-0.650879,0.196228,150.6302,329.3258,0
8.0400,2450596,0.716614,-0.156006,-0.650879,0.196228,150.6305,329.3242,0
8.0500,2450606,0.716614,-0.155945,-0.650879,0.196167,150.6397,329.3224,0
8.0600,2450616,0.716614,-0.156006,-0.650879,0.196228,150.6485,329.3207,0
8.0700,2450626,0.716553,-0.156067,-0.650879,0.196289,150.6431,329.3167,0
8.0800,2450636,0.716553,-0.156067,-0.650879,0.196289,150.6440,329.3165,0
8.0900,2450646,0.716553,-0.156067,-0.650879,0.196289,150.6395,329.3134,0
8.1000,2450656,0.716553,-0.156067,-0.650879,0.196289,150.6352,329.3104,0
8.1100,2450666,0.716553,-0.156067,-0.650879,0.196289,150.6341,329.3081,0
8.1200,2450676,0.716553,-0.156067,-0.650879,0.196289,150.6289,329.3095,0
8.1300,2450686,0.716553,-0.156067,-0.650879,0.196289,150.6293,329.3102,0
8.1400,2450696,0.716553,-0.156067,-0.650879,0.196289,150.6291,329.3086,0
8.1500,2450706,0.716553,-0.156067,-0.650879,0.196289,150.6277,329.3088,0
8.1600,2450716,0.716553,-0.156067,-0.650879,0.196289,150.6305,329.3107,0
8.1700,2450726,0.716553,-0.156067,-0.650879,0.196289,150.6308,329.3120,0
8.1800,2450736,0.716553,-0.156067,-0.650879,0.196289,150.6288,329.3156,0
8.1900,2450746,0.716553,-0.156128,-0.650879,0.196350,150.6393,329.3155,0
8.2000,2450756,0.716492,-0.156128,-0.650940,0.196411,150.6426,329.3034,0
8.2100,2450766,0.716492,-0.156128,-0.650940,0.196350,150.6346,329.3045,0
8.2200,2450776,0.716553,-0.156128,-0.650879,0.196350,150.6335,329.3156,0
8.2300,2450786,0.716553,-0.156128,-0.650879,0.196350,150.6360,329.3208,0
8.2400,2450796,0.716492,-0.156128,-0.650940,0.196350,150.6325,329.3127,0
8.2500,2450806,0.716431,-0.156128,-0.650940,0.196350,150.6292,329.3049,0
8.2600,2450816,0.716370,-0.156067,-0.651062,0.196411,150.6301,329.2946,0
8.2700,2450826,0.716370,-0.156067,-0.651062,0.196411,150.6323,329.2997,0
8.2800,2450836,0.716370,-0.156067,-0.651062,0.196411,150.6272,329.2950,0
8.2900,2450846,0.716370,-0.156067,-0.651062,0.196411,150.6223,329.2905,0
8.3000,2450856,0.716370,-0.156067,-0.651062,0.196411,150.6193,329.2910,0
8.3100,2450866,0.716248,-0.156128,-0.651123,0.196533,150.6101,329.2670,0
8.3200,2450876,0.716187,-0.156006,-0.651245,0.196533,150.6013,329.2442,0
8.3300,2450886,0.716064,-0.155884,-0.651428,0.196533,150.6055,329.2755,0
8.3400,2450896,0.716248,-0.155945,-0.651245,0.196472,150.6219,329.2635,0
8.3500,2450906,0.716125,-0.155945,-0.651245,0.196655,150.6132,329.2421,0
8.3600,2450916,0.716064,-0.155884,-0.651428,0.196594,150.6049,329.2217,0
8.3700,2450926,0.716003,-0.155823,-0.651428,0.196716,150.6183,329.2362,0
8.3800,2450936,0.716003,-0.155823,-0.651428,0.196716,150.6157,329.2387,0
8.3900,2450946,0.715942,-0.155762,-0.651489,0.196655,150.6043,329.2315,0
8.4000,2450956,0.715942,-0.155762,-0.651489,0.196655,150.6035,329.2354,0
8.4100,2450966,0.715942,-0.155762,-0.651489,0.196655,150.6082,329.2397,0
8.4200,2450976,0.715942,-0.155823,-0.651489,0.196716,150.6197,329.2402,0
8.4300,2450986,0.715881,-0.155823,-0.651550,0.196777,150.6289,329.2294,0
8.4400,2450996,0.715820,-0.155823,-0.651611,0.196777,150.6245,329.2192,0
8.4500,2451006,0.715881,-0.155823,-0.651550,0.196777,150.6222,329.2338,0
8.4600,2451016,0.715881,-0.155884,-0.651489,0.196838,150.6300,329.2417,0
8.4700,2451026,0.715820,-0.155884,-0.651550,0.196838,150.6274,329.2285,0
8.4800,2451036,0.715820,-0.155823,-0.651611,0.196777,150.6154,329.2242,0
8.4900,2451046,0.715881,-0.155823,-0.651550,0.196716,150.6212,329.2320,0
8.5000,2451056,0.715942,-0.155884,-0.651489,0.196777,150.6286,329.2424,0
8.5100,2451066,0.716003,-0.155945,-0.651428,0.196838,150.6324,329.2523,0
8.5200,2451076,0.715942,-0.155884,-0.651428,0.196777,150.6243,329.2462,0
8.5300,2451086,0.715942,-0.155884,-0.651428,0.196777,150.6260,329.2512,0
8.5400,2451096,0.715942,-0.155884,-0.651428,0.196838,150.6324,329.2535,0
8.5500,2451106,0.715942,-0.155884,-0.651489,0.196777,150.6244,329.2533,0
8.5600,2451116,0.715942,-0.155823,-0.651489,0.196716,150.6173,329.2496,0
8.5700,2451126,0.715942,-0.155823,-0.651489,0.196716,150.6272,329.2514,0
8.5800,2451136,0.715942,-0.155884,-0.651428,0.196777,150.6259,329.2490,0
8.5900,2451146,0.715942,-0.155884,-0.651428,0.196777,150.6228,329.2473,0
8.6000,2451156,0.715942,-0.155884,-0.651428,0.196777,150.6247,329.2486,0
8.6100,2451166,0.715942,-0.155884,-0.651428,0.196777,150.6265,329.2504,0
8.6200,2451176,0.715942,-0.155884,-0.651428,0.196777,150.6229,329.2527,0
8.6300,2451186,0.715942,-0.155884,-0.651428,0.196777,150.6188,329.2567,0
8.6400,2451196,0.715942,-0.155884,-0.651428,0.196777,150.6197,329.2552,0
8.6500,2451206,0.715942,-0.155884,-0.651428,0.196777,150.6241,329.2532,0
8.6600,2451216,0.715942,-0.155884,-0.651428,0.196777,150.6254,329.2518,0
8.6700,2451226,0.715942,-0.155884,-0.651428,0.196777,150.6224,329.2547,0
8.6800,2451236,0.715942,-0.155884,-0.651428,0.196777,150.6243,329.2521,0
8.6900,2451246,0.715942,-0.155884,-0.651428,0.196777,150.6243,329.2514,0
8.7000,2451256,0.715942,-0.155884,-0.651428,0.196777,150.6255,329.2537,0
8.7100,2451266,0.715942,-0.155945,-0.651428,0.196838,150.6360,329.2565,0
8.7200,2451276,0.715820,-0.155945,-0.651489,0.197021,150.6448,329.2346,0
8.7300,2451286,0.715820,-0.155823,-0.651550,0.196960,150.6271,329.2270,0
8.7400,2451296,0.716003,-0.155884,-0.651428,0.196777,150.6139,329.2549,0
8.7500,2451306,0.716003,-0.155945,-0.651367,0.196838,150.6226,329.2516,0
8.7600,2451316,0.715942,-0.155884,-0.651489,0.196777,150.6156,329.2385,0
8.7700,2451326,0.715942,-0.155884,-0.651489,0.196655,150.6012,329.2385,0
8.7800,2451336,0.716003,-0.155945,-0.651428,0.196716,150.6129,329.2503,0
8.7900,2451346,0.715942,-0.156006,-0.651428,0.196777,150.6207,329.2491,0
8.8000,2451356,0.715942,-0.155945,-0.651489,0.196655,150.6031,329.2397,0
8.8100,2451366,0.715942,-0.155945,-0.651489,0.196594,150.6018,329.2462,0
8.8200,2451376,0.716003,-0.156006,-0.651428,0.196655,150.6130,329.2523,0
8.8300,2451386,0.715942,-0.156006,-0.651489,0.196716,150.6041,329.2510,0
8.8400,2451396,0.715942,-0.155945,-0.651489,0.196655,150.6141,329.2646,0
8.8500,2451406,0.716003,-0.156006,-0.651428,0.196655,150.6270,329.2627,0
8.8600,2451416,0.715942,-0.156128,-0.651367,0.196777,150.6279,329.2484,0
8.8700,2451426,0.715881,-0.156067,-0.651489,0.196777,150.6169,329.2473,0
8.8800,2451436,0.715881,-0.156006,-0.651489,0.196716,150.6130,329.2575,0
8.8900,2451446,0.715942,-0.156067,-0.651428,0.196716,150.6188,329.2571,0
8.9000,2451456,0.715942,-0.156067,-0.651428,0.196716,150.6100,329.2562,0
8.9100,2451466,0.715881,-0.156067,-0.651489,0.196777,150.6100,329.2476,0
8.9200,2451476,0.715881,-0.156067,-0.651489,0.196777,150.6070,329.2471,0
8.9300,2451486,0.716003,-0.156067,-0.651367,0.196716,150.6036,329.2585,0
8.9400,2451496,0.715942,-0.156128,-0.651428,0.196777,150.6093,329.2516,0
8.9500,2451506,0.715881,-0.156067,-0.651489,0.196777,150.6046,329.2450,0
8.9600,2451516,0.715881,-0.156006,-0.651489,0.196716,150.5912,329.2500,0
8.9700,2451526,0.715942,-0.156128,-0.651428,0.196777,150.5998,329.2577,0
8.9800,2451536,0.715942,-0.156128,-0.651428,0.196838,150.6045,329.2532,0
8.9900,2451546,0.715881,-0.156067,-0.651489,0.196777,150.5905,329.2453,0
9.0000,2451556,0.715881,-0.156067,-0.651489,0.196777,150.5909,329.2503,0
9.0100,2451566,0.715942,-0.156128,-0.651428,0.196838,150.5984,329.2568,0
9.0200,2451576,0.715942,-0.156067,-0.651428,0.196777,150.5907,329.2511,0
9.0300,2451586,0.715881,-0.156067,-0.651489,0.196777,150.5863,329.2451,0
9.0400,2451596,0.715881,-0.156006,-0.651428,0.196838,150.5898,329.2422,0
9.0500,2451606,0.715881,-0.156067,-0.651428,0.197021,150.6057,329.2364,0
9.0600,2451616,0.715759,-0.156067,-0.651428,0.197327,150.6308,329.2165,0
9.0700,2451626,0.715759,-0.156067,-0.651489,0.197388,150.6340,329.2079,0
9.0800,2451636,0.715820,-0.156006,-0.651428,0.197266,150.6120,329.2141,0
9.0900,2451646,0.715820,-0.156006,-0.651428,0.197266,150.6232,329.2054,0
9.1000,2451656,0.715820,-0.156006,-0.651428,0.197388,150.6243,329.1978,0
9.1100,2451666,0.715820,-0.156006,-0.651428,0.197388,150.6152,329.1995,0
9.1200,2451676,0.715820,-0.156006,-0.651428,0.197327,150.6120,329.1988,0
9.1300,2451686,0.715820,-0.156006,-0.651428,0.197327,150.6149,329.1933,0
9.1400,2451696,0.715820,-0.156006,-0.651428,0.197327,150.6152,329.1863,0
9.1500,2451706,0.715820,-0.156006,-0.651428,0.197327,150.6120,329.1850,0
9.1600,2451716,0.715820,-0.156006,-0.651428,0.197327,150.6107,329.1867,0
9.1700,2451726,0.715820,-0.156006,-0.651428,0.197327,150.6095,329.1807,0
9.1800,2451736,0.715820,-0.156006,-0.651428,0.197327,150.6036,329.1761,0
9.1900,2451746,0.715820,-0.156006,-0.651428,0.197327,150.6027,329.1760,0
9.2000,2451756,0.715820,-0.156006,-0.651428,0.197327,150.6037,329.1770,0
9.2100,2451766,0.715820,-0.156006,-0.651428,0.197327,150.6010,329.1690,0
9.2200,2451776,0.715820,-0.156006,-0.651428,0.197327,150.5955,329.1621,0
9.2300,2451786,0.715881,-0.155945,-0.651367,0.197266,150.5879,329.1679,0
9.2400,2451796,0.715881,-0.155945,-0.651367,0.197266,150.5878,329.1688,0
9.2500,2451806,0.715881,-0.155945,-0.651367,0.197266,150.5866,329.1624,0
9.2600,2451816,0.715881,-0.155945,-0.651367,0.197266,150.5806,329.1582,0
9.2700,2451826,0.715881,-0.155945,-0.651367,0.197266,150.5809,329.1583,0
9.2800,2451836,0.715881,-0.155945,-0.651367,0.197266,150.5829,329.1614,0
9.2900,2451846,0.715881,-0.155945,-0.651367,0.197266,150.5807,329.1590,0
9.3000,2451856,0.715881,-0.155945,-0.651367,0.197266,150.5804,329.1549,0
9.3100,2451866,0.715881,-0.155945,-0.651367,0.197266,150.5807,329.1516,0
9.3200,2451876,0.715881,-0.155945,-0.651367,0.197266,150.5804,329.1503,0
9.3300,2451886,0.715881,-0.155945,-0.651367,0.197266,150.5801,329.1502,0
9.3400,2451896,0.715881,-0.155945,-0.651367,0.197266,150.5816,329.1501,0
9.3500,2451906,0.715881,-0.155945,-0.651367,0.197266,150.5812,329.1465,0
9.3600,2451916,0.715881,-0.155945,-0.651367,0.197266,150.5815,329.1443,0
9.3700,2451926,0.715881,-0.155945,-0.651367,0.197266,150.5829,329.1486,0
9.3800,2451936,0.715881,-0.155945,-0.651367,0.197266,150.5896,329.1469,0
9.3900,2451946,0.715820,-0.156006,-0.651367,0.197327,150.5906,329.1357,0
9.4000,2451956,0.715759,-0.156006,-0.651428,0.197327,150.5833,329.1340,0
9.4100,2451966,0.715820,-0.155945,-0.651428,0.197327,150.5787,329.1478,0
9.4200,2451976,0.715942,-0.156006,-0.651306,0.197266,150.5767,329.1526,0
9.4300,2451986,0.715881,-0.155945,-0.651367,0.197266,150.5754,329.1405,0
9.4400,2451996,0.715820,-0.155945,-0.651428,0.197327,150.5759,329.1302,0
9.4500,2452006,0.715881,-0.155945,-0.651367,0.197266,150.5741,329.1395,0
9.4600,2452016,0.715942,-0.156006,-0.651306,0.197266,150.5729,329.1531,0
9.4700,2452026,0.715881,-0.156006,-0.651367,0.197266,150.5724,329.1428,0
9.4800,2452036,0.715820,-0.155945,-0.651428,0.197327,150.5695,329.1312,0
9.4900,2452046,0.715820,-0.155945,-0.651367,0.197327,150.5691,329.1380,0
9.5000,2452056,0.715881,-0.156006,-0.651367,0.197266,150.5718,329.1445,0
9.5100,2452066,0.715820,-0.155945,-0.651428,0.197327,150.5707,329.1352,0
9.5200,2452076,0.715820,-0.155945,-0.651428,0.197327,150.5661,329.1299,0
9.5300,2452086,0.715881,-0.156006,-0.651367,0.197266,150.5689,329.1356,0
9.5400,2452096,0.715942,-0.156006,-0.651306,0.197266,150.5734,329.1459,0
9.5500,2452106,0.715881,-0.156006,-0.651367,0.197266,150.5728,329.1384,0
9.5600,2452116,0.715881,-0.156006,-0.651367,0.197266,150.5711,329.1324,0
9.5700,2452126,0.715881,-0.156006,-0.651367,0.197266,150.5748,329.1375,0
9.5800,2452136,0.715942,-0.156006,-0.651306,0.197266,150.5748,329.1483,0
9.5900,2452146,0.715942,-0.156006,-0.651306,0.197266,150.5724,329.1525,0
9.6000,2452156,0.715820,-0.155945,-0.651367,0.197327,150.5725,329.1375,0
9.6100,2452166,0.715820,-0.155945,-0.651367,0.197327,150.5702,329.1339,0
9.6200,2452176,0.715881,-0.156006,-0.651306,0.197266,150.5781,329.1346,0
9.6300,2452186,0.715881,-0.156067,-0.651306,0.197327,150.5726,329.1300,0
9.6400,2452196,0.715881,-0.156067,-0.651306,0.197327,150.5661,329.1238,0
9.6500,2452206,0.715881,-0.156006,-0.651367,0.197327,150.5737,329.1298,0
9.6600,2452216,0.715881,-0.156067,-0.651306,0.197327,150.5755,329.1295,0
9.6700,2452226,0.715881,-0.156067,-0.651306,0.197327,150.5677,329.1252,0
9.6800,2452236,0.715881,-0.156006,-0.651306,0.197327,150.5657,329.1270,0
9.6900,2452246,0.715881,-0.156006,-0.651306,0.197327,150.5667,329.1298,0
9.7000,2452256,0.715881,-0.156006,-0.651306,0.197327,150.5677,329.1313,0
9.7100,2452266,0.715881,-0.156006,-0.651306,0.197327,150.5680,329.1257,0
9.7200,2452276,0.715942,-0.155945,-0.651306,0.197266,150.5612,329.1300,0
9.7300,2452286,0.715942,-0.155945,-0.651306,0.197266,150.5624,329.1382,0
9.7400,2452296,0.715881,-0.156006,-0.651306,0.197327,150.5719,329.1334,0
9.7500,2452306,0.715881,-0.156006,-0.651367,0.197327,150.5673,329.1270,0
9.7600,2452316,0.715881,-0.156006,-0.651367,0.197266,150.5611,329.1281,0
9.7700,2452326,0.715881,-0.156006,-0.651367,0.197327,150.5671,329.1327,0
9.7800,2452336,0.715881,-0.156006,-0.651367,0.197327,150.5705,329.1311,0
9.7900,2452346,0.715881,-0.156006,-0.651367,0.197327,150.5659,329.1279,0
9.8000,2452356,0.715881,-0.156006,-0.651367,0.197327,150.5675,329.1319,0
9.8100,2452366,0.715881,-0.156006,-0.651367,0.197327,150.5708,329.1333,0
9.8200,2452376,0.715881,-0.156006,-0.651367,0.197327,150.5722,329.1293,0
9.8300,2452386,0.715881,-0.156006,-0.651367,0.197327,150.5717,329.1267,0
9.8400,2452396,0.715881,-0.156006,-0.651367,0.197327,150.5695,329.1290,0
9.8500,2452406,0.715881,-0.156006,-0.651367,0.197327,150.5697,329.1324,0
9.8600,2452416,0.715881,-0.156006,-0.651367,0.197327,150.5699,329.1284,0
9.8700,2452426,0.715881,-0.156006,-0.651367,0.197327,150.5672,329.1247,0
9.8800,2452436,0.715881,-0.156006,-0.651367,0.197327,150.5676,329.1265,0
9.8900,2452446,0.715881,-0.156006,-0.651367,0.197327,150.5667,329.1247,0
9.9000,2452456,0.715881,-0.156006,-0.651367,0.197327,150.5647,329.1235,0
9.9100,2452466,0.715881,-0.156006,-0.651367,0.197327,150.5646,329.1241,0
9.9200,2452476,0.715881,-0.156006,-0.651367,0.197327,150.5657,329.1266,0
9.9300,2452486,0.715881,-0.156006,-0.651367,0.197327,150.5638,329.1241,0
9.9400,2452496,0.715881,-0.156006,-0.651367,0.197327,150.5619,329.1218,0
9.9500,2452506,0.715881,-0.156006,-0.651367,0.197327,150.5619,329.1243,0
9.9600,2452516,0.715881,-0.156006,-0.651367,0.197327,150.5643,329.1255,0
9.9700,2452526,0.715881,-0.156006,-0.651367,0.197327,150.5654,329.1231,0
9.9800,2452536,0.715881,-0.156006,-0.651367,0.197327,150.5653,329.1232,0
9.9900,2452546,0.715881,-0.156006,-0.651367,0.197327,150.5663,329.1221,0
10.0000,2452556,0.715881,-0.156006,-0.651367,0.197327,150.5685,329.1217,0
10.0100,2452566,0.715881,-0.156006,-0.651367,0.197327,150.5688,329.1195,0
10.0200,2452576,0.715881,-0.156006,-0.651367,0.197327,150.5673,329.1204,0
10.0300,2452586,0.715881,-0.156006,-0.651367,0.197327,150.5659,329.1218,0
10.0400,2452596,0.715881,-0.156006,-0.651367,0.197327,150.5669,329.1214,0
10.0500,2452606,0.715881,-0.156006,-0.651367,0.197327,150.5667,329.1210,0
10.0600,2452616,0.715881,-0.156006,-0.651367,0.197327,150.5641,329.1206,0
10.0700,2452626,0.715881,-0.156006,-0.651367,0.197327,150.5634,329.1220,0
10.0800,2452636,0.715881,-0.156006,-0.651367,0.197327,150.5646,329.1210,0
10.0900,2452646,0.715881,-0.156006,-0.651367,0.197327,150.5639,329.1218,0
10.1000,2452656,0.715881,-0.156006,-0.651367,0.197327,150.5632,329.1190,0
10.1100,2452666,0.715881,-0.156006,-0.651367,0.197327,150.5632,329.1198,0
10.1200,2452676,0.715881,-0.156006,-0.651367,0.197327,150.5625,329.1207,0
10.1300,2452686,0.715881,-0.156006,-0.651367,0.197327,150.5625,329.1209,0
10.1400,2452696,0.715881,-0.156006,-0.651367,0.197327,150.5614,329.1217,0
10.1500,2452706,0.715881,-0.156006,-0.651367,0.197327,150.5626,329.1212,0
10.1600,2452716,0.715881,-0.156006,-0.651367,0.197327,150.5632,329.1208,0
10.1700,2452726,0.715881,-0.156006,-0.651367,0.197327,150.5638,329.1211,0
10.1800,2452736,0.715881,-0.156006,-0.651367,0.197327,150.5661,329.1236,0
10.1900,2452746,0.715881,-0.156006,-0.651367,0.197327,150.5665,329.1225,0
10.2000,2452756,0.715881,-0.156006,-0.651367,0.197327,150.5657,329.1238,0
10.2100,2452766,0.715881,-0.156006,-0.651367,0.197327,150.5655,329.1239,0
10.2200,2452776,0.715881,-0.156006,-0.651367,0.197327,150.5654,329.1251,0
10.2300,2452786,0.715881,-0.156006,-0.651367,0.197327,150.5664,329.1257,0
10.2400,2452796,0.715881,-0.156006,-0.651367,0.197327,150.5668,329.1251,0
10.2500,2452806,0.715881,-0.156006,-0.651367,0.197327,150.5678,329.1281,0
10.2600,2452816,0.715881,-0.156006,-0.651367,0.197327,150.5675,329.1285,0
10.2700,2452826,0.715881,-0.156006,-0.651367,0.197327,150.5667,329.1265,0
10.2800,2452836,0.715881,-0.156006,-0.651367,0.197327,150.5677,329.1264,0
10.2900,2452846,0.715881,-0.156006,-0.651367,0.197327,150.5668,329.1276,0
10.3000,2452856,0.715881,-0.156006,-0.651367,0.197327,150.5678,329.1280,0
10.3100,2452866,0.715881,-0.156006,-0.651367,0.197327,150.5663,329.1273,0
10.3200,2452876,0.715881,-0.156006,-0.651367,0.197327,150.5644,329.1260,0
10.3300,2452886,0.715881,-0.156006,-0.651367,0.197327,150.5643,329.1247,0
10.3400,2452896,0.715881,-0.156006,-0.651367,0.197327,150.5642,329.1253,0
10.3500,2452906,0.715881,-0.156006,-0.651367,0.197327,150.5629,329.1259,0
10.3600,2452916,0.715881,-0.156006,-0.651367,0.197327,150.5623,329.1252,0
10.3700,2452926,0.715881,-0.156006,-0.651367,0.197327,150.5617,329.1241,0
10.3800,2452936,0.715881,-0.156006,-0.651367,0.197327,150.5624,329.1235,0
10.3900,2452946,0.715881,-0.156006,-0.651367,0.197327,150.5618,329.1230,0
10.4000,2452956,0.715881,-0.156006,-0.651367,0.197327,150.5612,329.1219,0
10.4100,2452966,0.715881,-0.156006,-0.651367,0.197327,150.5619,329.1227,0
10.4200,2452976,0.715881,-0.156006,-0.651367,0.197327,150.5625,329.1240,0
10.4300,2452986,0.715881,-0.156006,-0.651367,0.197327,150.5637,329.1246,0
10.4400,2452996,0.715881,-0.156006,-0.651367,0.197327,150.5642,329.1234,0
10.4500,2453006,0.715881,-0.156006,-0.651367,0.197327,150.5635,329.1241,0
10.4600,2453016,0.715881,-0.156006,-0.651367,0.197327,150.5641,329.1247,0
10.4700,2453026,0.715881,-0.156006,-0.651367,0.197327,150.5646,329.1253,0
10.4800,2453036,0.715881,-0.156006,-0.651367,0.197327,150.5639,329.1235,0
10.4900,2453046,0.715881,-0.156006,-0.651367,0.197327,150.5632,329.1236,0
10.5000,2453056,0.715881,-0.156006,-0.651367,0.197327,150.5620,329.1242,0
10.5100,2453066,0.715881,-0.156006,-0.651367,0.197327,150.5614,329.1255,0
10.5200,2453076,0.715881,-0.156006,-0.651367,0.197327,150.5615,329.1260,0
10.5300,2453086,0.715881,-0.156006,-0.651367,0.197327,150.5609,329.1254,0
10.5400,2453096,0.715881,-0.156006,-0.651367,0.197327,150.5604,329.1253,0
10.5500,2453106,0.715881,-0.156006,-0.651367,0.197327,150.5593,329.1253,0
10.5600,2453116,0.715881,-0.156006,-0.651367,0.197327,150.5583,329.1253,0
10.5700,2453126,0.715881,-0.156006,-0.651367,0.197327,150.5585,329.1259,0
10.5800,2453136,0.715881,-0.156006,-0.651367,0.197327,150.5593,329.1276,0
10.5900,2453146,0.715881,-0.156006,-0.651367,0.197327,150.5589,329.1287,0
10.6000,2453156,0.715881,-0.156006,-0.651367,0.197327,150.5585,329.1285,0
10.6100,2453166,0.715881,-0.156006,-0.651367,0.197327,150.5587,329.1283,0
10.6200,2453176,0.715881,-0.156006,-0.651367,0.197327,150.5594,329.1270,0
10.6300,2453186,0.715881,-0.156006,-0.651367,0.197327,150.5596,329.1269,0
10.6400,2453196,0.715881,-0.156006,-0.651367,0.197327,150.5609,329.1244,0
10.6500,2453206,0.715881,-0.156006,-0.651367,0.197327,150.5610,329.1232,0
10.6600,2453216,0.715881,-0.156006,-0.651367,0.197327,150.5611,329.1227,0
10.6700,2453226,0.715881,-0.156006,-0.651367,0.197327,150.5612,329.1217,0
10.6800,2453236,0.715881,-0.156006,-0.651367,0.197327,150.5606,329.1224,0
10.6900,2453246,0.715881,-0.156006,-0.651367,0.197327,150.5613,329.1225,0
10.7000,2453256,0.715881,-0.156006,-0.651367,0.197327,150.5614,329.1227,0
10.7100,2453266,0.715881,-0.156006,-0.651367,0.197327,150.5614,329.1234,0
10.7200,2453276,0.715881,-0.156006,-0.651367,0.197327,150.5609,329.1223,0
10.7300,2453286,0.715881,-0.156006,-0.651367,0.197327,150.5604,329.1218,0
10.7400,2453296,0.715881,-0.156006,-0.651367,0.197327,150.5599,329.1226,0
10.7500,2453306,0.715881,-0.156006,-0.651367,0.197327,150.5600,329.1245,0
10.7600,2453316,0.715881,-0.156006,-0.651367,0.197327,150.5607,329.1233,0
10.7700,2453326,0.715881,-0.156006,-0.651367,0.197327,150.5602,329.1234,0
10.7800,2453336,0.715881,-0.156006,-0.651367,0.197327,150.5598,329.1235,0
10.7900,2453346,0.715881,-0.156006,-0.651367,0.197327,150.5611,329.1224,0
10.8000,2453356,0.715881,-0.156006,-0.651367,0.197327,150.5600,329.1231,0
10.8100,2453366,0.715881,-0.156006,-0.651367,0.197327,150.5589,329.1255,0
10.8200,2453376,0.715881,-0.156006,-0.651367,0.197327,150.5585,329.1261,0
10.8300,2453386,0.715881,-0.156006,-0.651367,0.197327,150.5599,329.1260,0
10.8400,2453396,0.715881,-0.156006,-0.651367,0.197327,150.5606,329.1260,0
10.8500,2453406,0.715881,-0.156006,-0.651367,0.197327,150.5601,329.1247,0
10.8600,2453416,0.715881,-0.156006,-0.651367,0.197327,150.5596,329.1253,0
10.8700,2453426,0.715881,-0.156006,-0.651367,0.197327,150.5616,329.1259,0
10.8800,2453436,0.715881,-0.156006,-0.651367,0.197327,150.5616,329.1241,0
10.8900,2453446,0.715881,-0.156006,-0.651367,0.197327,150.5611,329.1235,0
10.9000,2453456,0.715881,-0.156006,-0.651367,0.197327,150.5623,329.1230,0
10.9100,2453466,0.715881,-0.156006,-0.651367,0.197327,150.5629,329.1237,0
10.9200,2453476,0.715881,-0.156006,-0.651367,0.197327,150.5623,329.1243,0
10.9300,2453486,0.715881,-0.156006,-0.651367,0.197327,150.5623,329.1249,0
10.9400,2453496,0.715881,-0.156006,-0.651367,0.197327,150.5600,329.1255,0
10.9500,2453506,0.715881,-0.156006,-0.651367,0.197327,150.5589,329.1243,0
10.9600,2453516,0.715881,-0.156006,-0.651367,0.197327,150.5597,329.1255,0
10.9700,2453526,0.715881,-0.156006,-0.651367,0.197327,150.5598,329.1243,0
10.9800,2453536,0.715881,-0.156006,-0.651367,0.197327,150.5588,329.1226,0
10.9900,2453546,0.715881,-0.156006,-0.651367,0.197327,150.5578,329.1227,0
11.0000,2453556,0.715881,-0.156006,-0.651367,0.197327,150.5580,329.1222,0
11.0100,2453566,0.715881,-0.156006,-0.651367,0.197327,150.5582,329.1224,0
11.0200,2453576,0.715881,-0.156006,-0.651367,0.197327,150.5573,329.1225,0
11.0300,2453586,0.715881,-0.156006,-0.651367,0.197327,150.5575,329.1220,0
11.0400,2453596,0.715881,-0.156006,-0.651367,0.197327,150.5583,329.1216,0
11.0500,2453606,0.715881,-0.156006,-0.651367,0.197327,150.5580,329.1230,0
11.0600,2453616,0.715881,-0.156006,-0.651367,0.197327,150.5576,329.1219,0
11.0700,2453626,0.715881,-0.156006,-0.651367,0.197327,150.5567,329.1226,0
11.0800,2453636,0.715881,-0.156006,-0.651367,0.197327,150.5569,329.1251,0
11.0900,2453646,0.715881,-0.156006,-0.651367,0.197327,150.5578,329.1239,0
11.1000,2453656,0.715881,-0.156006,-0.651367,0.197327,150.5569,329.1216,0
11.1100,2453666,0.715881,-0.156006,-0.651367,0.197327,150.5571,329.1236,0
11.1200,2453676,0.715881,-0.156006,-0.651367,0.197327,150.5592,329.1260,0
11.1300,2453686,0.715881,-0.156006,-0.651367,0.197327,150.5593,329.1242,0
11.1400,2453696,0.715881,-0.156006,-0.651367,0.197327,150.5571,329.1218,0
11.1500,2453706,0.715881,-0.156006,-0.651367,0.197327,150.5556,329.1214,0
11.1600,2453716,0.715881,-0.156006,-0.651367,0.197327,150.5560,329.1216,0
11.1700,2453726,0.715881,-0.156006,-0.651367,0.197327,150.5545,329.1218,0
11.1800,2453736,0.715881,-0.156006,-0.651367,0.197327,150.5525,329.1213,0
11.1900,2453746,0.715881,-0.156006,-0.651367,0.197327,150.5518,329.1251,0
11.2000,2453756,0.715881,-0.156006,-0.651367,0.197327,150.5577,329.1209,0
11.2100,2453766,0.715881,-0.156006,-0.651367,0.197327,150.5526,329.1182,0
11.2200,2453776,0.715881,-0.156006,-0.651367,0.197327,150.5478,329.1263,0
11.2300,2453786,0.715881,-0.156006,-0.651306,0.197327,150.5568,329.1274,0
11.2400,2453796,0.715881,-0.156067,-0.651306,0.197388,150.5618,329.1178,0
11.2500,2453806,0.715820,-0.156067,-0.651367,0.197388,150.5524,329.1146,0
11.2600,2453816,0.715881,-0.156006,-0.651306,0.197327,150.5553,329.1210,0
11.2700,2453826,0.715881,-0.156006,-0.651306,0.197327,150.5610,329.1218,0
11.2800,2453836,0.715820,-0.156006,-0.651367,0.197327,150.5575,329.1137,0
11.2900,2453846,0.715820,-0.156006,-0.651367,0.197327,150.5577,329.1125,0
11.3000,2453856,0.715820,-0.156006,-0.651367,0.197327,150.5621,329.1167,0
11.3100,2453866,0.715820,-0.156006,-0.651367,0.197327,150.5586,329.1159,0
11.3200,2453876,0.715820,-0.156006,-0.651367,0.197327,150.5546,329.1164,0
11.3300,2453886,0.715820,-0.156067,-0.651367,0.197388,150.5621,329.1156,0
11.3400,2453896,0.715820,-0.156067,-0.651367,0.197388,150.5610,329.1143,0
11.3500,2453906,0.715820,-0.156067,-0.651367,0.197388,150.5557,329.1113,0
11.3600,2453916,0.715820,-0.156067,-0.651367,0.197388,150.5578,329.1137,0
11.3700,2453926,0.715820,-0.156067,-0.651367,0.197388,150.5616,329.1137,0
11.3800,2453936,0.715820,-0.156067,-0.651367,0.197388,150.5628,329.1101,0
11.3900,2453946,0.715820,-0.156067,-0.651367,0.197388,150.5616,329.1103,0
11.4000,2453956,0.715820,-0.156067,-0.651367,0.197388,150.5629,329.1146,0
11.4100,2453966,0.715820,-0.156067,-0.651367,0.197388,150.5617,329.1122,0
11.4200,2453976,0.715820,-0.156067,-0.651367,0.197388,150.5564,329.1140,0
11.4300,2453986,0.715820,-0.156067,-0.651367,0.197388,150.5584,329.1163,0
11.4400,2453996,0.715820,-0.156067,-0.651367,0.197388,150.5586,329.1185,0
11.4500,2454006,0.715820,-0.156067,-0.651367,0.197388,150.5553,329.1183,0
11.4600,2454016,0.715820,-0.156067,-0.651367,0.197388,150.5586,329.1222,0
11.4700,2454026,0.715820,-0.156067,-0.651367,0.197388,150.5612,329.1194,0
11.4800,2454036,0.715820,-0.156067,-0.651367,0.197388,150.5600,329.1202,0
11.4900,2454046,0.715820,-0.156067,-0.651367,0.197388,150.5584,329.1234,0
11.5000,2454056,0.715820,-0.156067,-0.651367,0.197388,150.5610,329.1270,0
11.5100,2454066,0.715820,-0.156067,-0.651367,0.197388,150.5645,329.1246,0
11.5200,2454076,0.715820,-0.156067,-0.651367,0.197388,150.5589,329.1228,0
11.5300,2454086,0.715820,-0.156067,-0.651306,0.197388,150.5506,329.1289,0
11.5400,2454096,0.715820,-0.156128,-0.651306,0.197449,150.5575,329.1334,0
11.5500,2454106,0.715820,-0.156128,-0.651306,0.197449,150.5594,329.1294,0
11.5600,2454116,0.715820,-0.156067,-0.651367,0.197449,150.5493,329.1233,0
11.5700,2454126,0.715881,-0.156128,-0.651306,0.197388,150.5439,329.1334,0
11.5800,2454136,0.715881,-0.156189,-0.651306,0.197510,150.5518,329.1342,0
11.5900,2454146,0.715820,-0.156128,-0.651367,0.197510,150.5474,329.1248,0
11.6000,2454156,0.715820,-0.156067,-0.651367,0.197388,150.5326,329.1290,0
11.6100,2454166,0.715820,-0.156067,-0.651367,0.197388,150.5351,329.1311,0
11.6200,2454176,0.715820,-0.156067,-0.651367,0.197388,150.5375,329.1308,0
11.6300,2454186,0.715820,-0.156006,-0.651428,0.197388,150.5316,329.1240,0
11.6400,2454196,0.715820,-0.156006,-0.651428,0.197388,150.5308,329.1288,0
11.6500,2454206,0.715759,-0.156067,-0.651428,0.197449,150.5395,329.1340,0
11.6600,2454216,0.715759,-0.156067,-0.651428,0.197449,150.5395,329.1276,0
11.6700,2454226,0.715759,-0.156006,-0.651428,0.197388,150.5341,329.1275,0
11.6800,2454236,0.715820,-0.156006,-0.651428,0.197388,150.5385,329.1345,0
11.6900,2454246,0.715820,-0.156006,-0.651428,0.197388,150.5438,329.1322,0
11.7000,2454256,0.715820,-0.156006,-0.651428,0.197388,150.5412,329.1271,0
11.7100,2454266,0.715820,-0.156006,-0.651428,0.197388,150.5405,329.1264,0
11.7200,2454276,0.715820,-0.156006,-0.651428,0.197388,150.5469,329.1240,0
11.7300,2454286,0.715820,-0.156006,-0.651428,0.197388,150.5495,329.1175,0
11.7400,2454296,0.715759,-0.156006,-0.651428,0.197388,150.5454,329.1203,0
11.7500,2454306,0.715759,-0.156006,-0.651428,0.197388,150.5492,329.1259,0
11.7600,2454316,0.715759,-0.156006,-0.651428,0.197388,150.5556,329.1211,0
11.7700,2454326,0.715759,-0.156067,-0.651428,0.197449,150.5554,329.1124,0
11.7800,2454336,0.715698,-0.156067,-0.651489,0.197449,150.5474,329.1172,0
11.7900,2454346,0.715698,-0.156006,-0.651489,0.197388,150.5529,329.1217,0
11.8000,2454356,0.715698,-0.156006,-0.651489,0.197388,150.5564,329.1177,0
11.8100,2454366,0.715698,-0.155945,-0.651489,0.197327,150.5484,329.1145,0
11.8200,2454376,0.715698,-0.155945,-0.651489,0.197327,150.5479,329.1198,0
11.8300,2454386,0.715698,-0.155945,-0.651489,0.197327,150.5528,329.1224,0
11.8400,2454396,0.715698,-0.155945,-0.651550,0.197388,150.5491,329.1154,0
11.8500,2454406,0.715698,-0.155945,-0.651550,0.197388,150.5468,329.1147,0
11.8600,2454416,0.715698,-0.155945,-0.651550,0.197388,150.5482,329.1188,0
11.8700,2454426,0.715698,-0.155945,-0.651550,0.197388,150.5489,329.1191,0
11.8800,2454436,0.715698,-0.155945,-0.651550,0.197388,150.5484,329.1165,0
11.8900,2454446,0.715698,-0.155945,-0.651550,0.197388,150.5455,329.1181,0
11.9000,2454456,0.715698,-0.155945,-0.651550,0.197388,150.5470,329.1220,0
11.9100,2454466,0.715698,-0.156006,-0.651550,0.197388,150.5561,329.1192,0
11.9200,2454476,0.715637,-0.156006,-0.651611,0.197449,150.5534,329.1136,0
11.9300,2454486,0.715637,-0.155945,-0.651611,0.197388,150.5479,329.1153,0
11.9400,2454496,0.715637,-0.156006,-0.651550,0.197449,150.5564,329.1200,0
11.9500,2454506,0.715637,-0.156006,-0.651550,0.197449,150.5590,329.1196,0
11.9600,2454516,0.715637,-0.156006,-0.651550,0.197449,150.5551,329.1158,0
11.9700,2454526,0.715637,-0.156006,-0.651550,0.197449,150.5566,329.1204,0
11.9800,2454536,0.715637,-0.156006,-0.651550,0.197449,150.5539,329.1188,0
11.9900,2454546,0.715637,-0.156006,-0.651550,0.197449,150.5544,329.1180,0
12.0000,2454556,0.715637,-0.156006,-0.651550,0.197449,150.5536,329.1189,0
12.0100,2454566,0.715637,-0.156006,-0.651550,0.197449,150.5540,329.1180,0
12.0200,2454576,0.715637,-0.156006,-0.651550,0.197449,150.5556,329.1178,0
12.0300,2454586,0.715637,-0.156006,-0.651550,0.197449,150.5536,329.1169,0
12.0400,2454596,0.715637,-0.156006,-0.651550,0.197449,150.5535,329.1191,0
12.0500,2454606,0.715637,-0.156006,-0.651550,0.197449,150.5557,329.1200,0
12.0600,2454616,0.715637,-0.156006,-0.651550,0.197449,150.5542,329.1185,0
12.0700,2454626,0.715637,-0.156006,-0.651550,0.197449,150.5547,329.1200,0
12.0800,2454636,0.715637,-0.156006,-0.651550,0.197449,150.5568,329.1202,0
12.0900,2454646,0.715637,-0.156006,-0.651550,0.197449,150.5571,329.1211,0
12.1000,2454656,0.715637,-0.156006,-0.651550,0.197449,150.5562,329.1207,0
12.1100,2454666,0.715637,-0.156006,-0.651550,0.197449,150.5547,329.1221,0
12.1200,2454676,0.715637,-0.156006,-0.651550,0.197449,150.5557,329.1234,0
12.1300,2454686,0.715637,-0.156006,-0.651550,0.197449,150.5561,329.1235,0
12.1400,2454696,0.715637,-0.156006,-0.651550,0.197449,150.5546,329.1248,0
12.1500,2454706,0.715637,-0.156006,-0.651550,0.197449,150.5538,329.1248,0
12.1600,2454716,0.715637,-0.156006,-0.651550,0.197449,150.5542,329.1253,0
12.1700,2454726,0.715637,-0.156006,-0.651550,0.197449,150.5552,329.1247,0
12.1800,2454736,0.715637,-0.156006,-0.651550,0.197449,150.5538,329.1247,0
12.1900,2454746,0.715637,-0.156006,-0.651550,0.197449,150.5531,329.1236,0
12.2000,2454756,0.715637,-0.156006,-0.651550,0.197449,150.5535,329.1224,0
12.2100,2454766,0.715637,-0.156006,-0.651550,0.197449,150.5546,329.1237,0
12.2200,2454776,0.715637,-0.156006,-0.651550,0.197449,150.5550,329.1250,0
12.2300,2454786,0.715637,-0.156006,-0.651550,0.197449,150.5554,329.1220,0
12.2400,2454796,0.715637,-0.156006,-0.651550,0.197449,150.5557,329.1198,0
12.2500,2454806,0.715637,-0.156006,-0.651550,0.197449,150.5543,329.1218,0
12.2600,2454816,0.715637,-0.156006,-0.651550,0.197449,150.5541,329.1220,0
12.2700,2454826,0.715637,-0.156006,-0.651550,0.197449,150.5563,329.1216,0
12.2800,2454836,0.715637,-0.156006,-0.651550,0.197449,150.5584,329.1205,0
12.2900,2454846,0.715637,-0.156006,-0.651550,0.197449,150.5586,329.1202,0
12.3000,2454856,0.715637,-0.156006,-0.651550,0.197449,150.5588,329.1192,0
12.3100,2454866,0.715637,-0.156006,-0.651550,0.197449,150.5596,329.1207,0
12.3200,2454876,0.715637,-0.156006,-0.651550,0.197449,150.5609,329.1197,0
12.3300,2454886,0.715637,-0.156006,-0.651550,0.197449,150.5610,329.1194,0
12.3400,2454896,0.715637,-0.156006,-0.651550,0.197449,150.5605,329.1197,0
12.3500,2454906,0.715637,-0.156006,-0.651550,0.197449,150.5618,329.1188,0
12.3600,2454916,0.715637,-0.156006,-0.651550,0.197449,150.5618,329.1197,0
12.3700,2454926,0.715637,-0.156006,-0.651550,0.197449,150.5624,329.1205,0
12.3800,2454936,0.715637,-0.156006,-0.651550,0.197449,150.5630,329.1207,0
12.3900,2454946,0.715637,-0.156006,-0.651550,0.197449,150.5624,329.1215,0
12.4000,2454956,0.715637,-0.156006,-0.651550,0.197449,150.5630,329.1199,0
12.4100,2454966,0.715637,-0.156006,-0.651550,0.197449,150.5647,329.1214,0
12.4200,2454976,0.715637,-0.156006,-0.651550,0.197449,150.5658,329.1210,0
12.4300,2454986,0.715637,-0.156006,-0.651550,0.197449,150.5662,329.1200,0
12.4400,2454996,0.715637,-0.156006,-0.651550,0.197449,150.5643,329.1197,0
12.4500,2455006,0.715637,-0.156006,-0.651550,0.197449,150.5630,329.1194,0
12.4600,2455016,0.715637,-0.156006,-0.651550,0.197449,150.5630,329.1202,0
12.4700,2455026,0.715637,-0.156006,-0.651550,0.197449,150.5612,329.1205,0
12.4800,2455036,0.715637,-0.156006,-0.651550,0.197449,150.5606,329.1189,0
12.4900,2455046,0.715637,-0.156006,-0.651550,0.197449,150.5601,329.1204,0
12.5000,2455056,0.715637,-0.156006,-0.651550,0.197449,150.5614,329.1212,0
12.5100,2455066,0.715637,-0.156006,-0.651550,0.197449,150.5621,329.1238,0
12.5200,2455076,0.715637,-0.156006,-0.651550,0.197449,150.5633,329.1239,0
12.5300,2455086,0.715637,-0.156006,-0.651550,0.197449,150.5644,329.1251,0
12.5400,2455096,0.715637,-0.156006,-0.651550,0.197449,150.5649,329.1239,0
12.5500,2455106,0.715637,-0.156006,-0.651550,0.197449,150.5660,329.1222,0
12.5600,2455116,0.715637,-0.156006,-0.651550,0.197449,150.5670,329.1218,0
12.5700,2455126,0.715637,-0.156006,-0.651550,0.197449,150.5674,329.1243,0
12.5800,2455136,0.715637,-0.156006,-0.651550,0.197449,150.5677,329.1232,0
12.5900,2455146,0.715637,-0.156006,-0.651550,0.197449,150.5675,329.1238,0
12.6000,2455156,0.715637,-0.156006,-0.651550,0.197449,150.5672,329.1239,0
12.6100,2455166,0.715637,-0.156006,-0.651550,0.197449,150.5670,329.1240,0
12.6200,2455176,0.715637,-0.156006,-0.651550,0.197449,150.5679,329.1216,0
12.6300,2455186,0.715637,-0.156006,-0.651550,0.197449,150.5671,329.1218,0
12.6400,2455196,0.715637,-0.156006,-0.651550,0.197449,150.5663,329.1226,0
12.6500,2455206,0.715637,-0.156006,-0.651550,0.197449,150.5661,329.1209,0
12.6600,2455216,0.715637,-0.156006,-0.651550,0.197449,150.5671,329.1205,0
12.6700,2455226,0.715637,-0.156006,-0.651550,0.197449,150.5674,329.1196,0
12.6800,2455236,0.715637,-0.156006,-0.651550,0.197449,150.5654,329.1181,0
12.6900,2455246,0.715637,-0.156006,-0.651550,0.197449,150.5647,329.1172,0
12.7000,2455256,0.715637,-0.156006,-0.651550,0.197449,150.5652,329.1176,0
12.7100,2455266,0.715637,-0.156006,-0.651550,0.197449,150.5650,329.1174,0
12.7200,2455276,0.715637,-0.156006,-0.651550,0.197449,150.5649,329.1172,0
12.7300,2455286,0.715637,-0.156006,-0.651550,0.197449,150.5648,329.1176,0
12.7400,2455296,0.715637,-0.156006,-0.651550,0.197449,150.5664,329.1168,0
12.7500,2455306,0.715637,-0.156006,-0.651550,0.197449,150.5656,329.1172,0
12.7600,2455316,0.715637,-0.156006,-0.651550,0.197449,150.5649,329.1176,0
12.7700,2455326,0.715637,-0.156006,-0.651550,0.197449,150.5642,329.1185,0
12.7800,2455336,0.715637,-0.156006,-0.651550,0.197449,150.5641,329.1177,0
12.7900,2455346,0.715637,-0.156006,-0.651550,0.197449,150.5646,329.1175,0
12.8000,2455356,0.715637,-0.156006,-0.651550,0.197449,150.5645,329.1178,0
12.8100,2455366,0.715637,-0.156006,-0.651550,0.197449,150.5650,329.1188,0
12.8200,2455376,0.715637,-0.156006,-0.651550,0.197449,150.5661,329.1191,0
12.8300,2455386,0.715637,-0.156006,-0.651550,0.197449,150.5665,329.1206,0
12.8400,2455396,0.715637,-0.156006,-0.651550,0.197449,150.5651,329.1208,0
12.8500,2455406,0.715637,-0.156006,-0.651550,0.197449,150.5661,329.1204,0
12.8600,2455416,0.715637,-0.156006,-0.651550,0.197449,150.5665,329.1212,0
12.8700,2455426,0.715637,-0.156006,-0.651550,0.197449,150.5658,329.1214,0
12.8800,2455436,0.715637,-0.156006,-0.651550,0.197449,150.5656,329.1234,0
12.8900,2455446,0.715637,-0.156006,-0.651550,0.197449,150.5648,329.1235,0
12.9000,2455456,0.715637,-0.156006,-0.651550,0.197449,150.5647,329.1241,0
12.9100,2455466,0.715637,-0.156006,-0.651550,0.197449,150.5664,329.1230,0
12.9200,2455476,0.715637,-0.156006,-0.651550,0.197449,150.5662,329.1231,0
12.9300,2455486,0.715637,-0.156006,-0.651550,0.197449,150.5666,329.1220,0
12.9400,2455496,0.715637,-0.156006,-0.651550,0.197449,150.5658,329.1216,0
12.9500,2455506,0.715637,-0.156006,-0.651550,0.197449,150.5662,329.1205,0
12.9600,2455516,0.715637,-0.156006,-0.651550,0.197449,150.5667,329.1202,0
12.9700,2455526,0.715637,-0.156006,-0.651550,0.197449,150.5670,329.1198,0
12.9800,2455536,0.715637,-0.156006,-0.651550,0.197449,150.5674,329.1225,0
12.9900,2455546,0.715637,-0.156006,-0.651550,0.197449,150.5672,329.1238,0
13.0000,2455556,0.715637,-0.156006,-0.651550,0.197449,150.5663,329.1268,0
13.0100,2455566,0.715637,-0.156006,-0.651550,0.197449,150.5655,329.1273,0
13.0200,2455576,0.715637,-0.156006,-0.651550,0.197449,150.5654,329.1266,0
13.0300,2455586,0.715637,-0.156006,-0.651550,0.197449,150.5652,329.1259,0
13.0400,2455596,0.715637,-0.156006,-0.651550,0.197449,150.5645,329.1259,0
13.0500,2455606,0.715637,-0.156006,-0.651550,0.197449,150.5614,329.1258,0
13.0600,2455616,0.715637,-0.156006,-0.651550,0.197449,150.5591,329.1252,0
13.0700,2455626,0.715637,-0.156006,-0.651550,0.197449,150.5575,329.1246,0
13.0800,2455636,0.715637,-0.156006,-0.651550,0.197449,150.5566,329.1252,0
13.0900,2455646,0.715637,-0.156006,-0.651550,0.197449,150.5545,329.1247,0
13.1000,2455656,0.715637,-0.156006,-0.651550,0.197449,150.5543,329.1217,0
13.1100,2455666,0.715637,-0.156006,-0.651550,0.197449,150.5559,329.1225,0
13.1200,2455676,0.715637,-0.156006,-0.651550,0.197449,150.5509,329.1214,0
13.1300,2455686,0.715637,-0.156006,-0.651550,0.197449,150.5473,329.1228,0
13.1400,2455696,0.715637,-0.156006,-0.651550,0.197449,150.5480,329.1235,0
13.1500,2455706,0.715637,-0.156006,-0.651550,0.197449,150.5500,329.1259,0
13.1600,2455716,0.715576,-0.156006,-0.651611,0.197449,150.5530,329.1187,0
13.1700,2455726,0.715576,-0.155945,-0.651611,0.197388,150.5469,329.1202,0
13.1800,2455736,0.715637,-0.155945,-0.651550,0.197388,150.5489,329.1300,0
13.1900,2455746,0.715637,-0.156006,-0.651550,0.197449,150.5585,329.1244,0
13.2000,2455756,0.715637,-0.155945,-0.651611,0.197388,150.5527,329.1179,0
13.2100,2455766,0.715637,-0.155945,-0.651611,0.197388,150.5538,329.1218,0
13.2200,2455776,0.715637,-0.156006,-0.651550,0.197449,150.5620,329.1279,0
13.2300,2455786,0.715637,-0.156006,-0.651550,0.197449,150.5602,329.1266,0
13.2400,2455796,0.715637,-0.156006,-0.651550,0.197449,150.5579,329.1224,0
13.2500,2455806,0.715637,-0.156006,-0.651550,0.197449,150.5605,329.1255,0
13.2600,2455816,0.715637,-0.156006,-0.651550,0.197449,150.5630,329.1278,0
13.2700,2455826,0.715637,-0.156006,-0.651550,0.197449,150.5648,329.1253,0
13.2800,2455836,0.715637,-0.156006,-0.651550,0.197449,150.5641,329.1241,0
13.2900,2455846,0.715637,-0.156006,-0.651550,0.197449,150.5622,329.1265,0
13.3000,2455856,0.715637,-0.156006,-0.651550,0.197449,150.5640,329.1235,0
13.3100,2455866,0.715637,-0.156006,-0.651550,0.197449,150.5604,329.1200,0
13.3200,2455876,0.715637,-0.156006,-0.651550,0.197449,150.5617,329.1226,0
13.3300,2455886,0.715637,-0.156006,-0.651550,0.197449,150.5665,329.1245,0
13.3400,2455896,0.715637,-0.156006,-0.651550,0.197449,150.5651,329.1245,0
13.3500,2455906,0.715637,-0.156006,-0.651550,0.197449,150.5632,329.1240,0
13.3600,2455916,0.715637,-0.156006,-0.651550,0.197449,150.5655,329.1229,0
13.3700,2455926,0.715637,-0.156006,-0.651550,0.197449,150.5654,329.1236,0
13.3800,2455936,0.715637,-0.156006,-0.651550,0.197449,150.5646,329.1224,0
13.3900,2455946,0.715637,-0.156006,-0.651550,0.197449,150.5651,329.1214,0
13.4000,2455956,0.715637,-0.156006,-0.651550,0.197449,150.5638,329.1227,0
13.4100,2455966,0.715637,-0.156006,-0.651550,0.197449,150.5673,329.1246,0
13.4200,2455976,0.715576,-0.156006,-0.651611,0.197449,150.5700,329.1169,0
13.4300,2455986,0.715576,-0.156006,-0.651611,0.197449,150.5649,329.1179,0
13.4400,2455996,0.715576,-0.156006,-0.651611,0.197449,150.5695,329.1212,0
13.4500,2456006,0.715576,-0.156006,-0.651611,0.197449,150.5739,329.1179,0
13.4600,2456016,0.715576,-0.156006,-0.651611,0.197449,150.5698,329.1158,0
13.4700,2456026,0.715576,-0.156006,-0.651611,0.197449,150.5712,329.1211,0
13.4800,2456036,0.715576,-0.156006,-0.651611,0.197449,150.5732,329.1242,0
13.4900,2456046,0.715576,-0.156006,-0.651611,0.197449,150.5708,329.1213,0
13.5000,2456056,0.715576,-0.156006,-0.651611,0.197449,150.5698,329.1209,0
13.5100,2456066,0.715576,-0.156006,-0.651611,0.197449,150.5719,329.1247,0
13.5200,2456076,0.715576,-0.156006,-0.651611,0.197449,150.5714,329.1223,0
13.5300,2456086,0.715576,-0.156006,-0.651611,0.197449,150.5686,329.1201,0
13.5400,2456096,0.715576,-0.156006,-0.651611,0.197449,150.5694,329.1245,0
13.5500,2456106,0.715576,-0.156006,-0.651611,0.197449,150.5721,329.1251,0
13.5600,2456116,0.715576,-0.156006,-0.651611,0.197449,150.5710,329.1239,0
13.5700,2456126,0.715576,-0.156006,-0.651611,0.197449,150.5718,329.1263,0
13.5800,2456136,0.715576,-0.156006,-0.651611,0.197449,150.5725,329.1263,0
13.5900,2456146,0.715576,-0.156006,-0.651611,0.197449,150.5726,329.1274,0
13.6000,2456156,0.715576,-0.156006,-0.651611,0.197449,150.5727,329.1297,0
13.6100,2456166,0.715576,-0.156006,-0.651611,0.197449,150.5734,329.1312,0
13.6200,2456176,0.715576,-0.156006,-0.651611,0.197449,150.5734,329.1321,0
13.6300,2456186,0.715576,-0.156006,-0.651611,0.197449,150.5746,329.1329,0
13.6400,2456196,0.715576,-0.156006,-0.651611,0.197449,150.5746,329.1331,0
13.6500,2456206,0.715576,-0.156006,-0.651611,0.197449,150.5746,329.1309,0
13.6600,2456216,0.715576,-0.156006,-0.651611,0.197449,150.5764,329.1318,0
13.6700,2456226,0.715576,-0.156006,-0.651611,0.197449,150.5763,329.1320,0
13.6800,2456236,0.715576,-0.156006,-0.651611,0.197449,150.5762,329.1305,0
13.6900,2456246,0.715576,-0.156006,-0.651611,0.197449,150.5749,329.1266,0
13.7000,2456256,0.715576,-0.156006,-0.651611,0.197449,150.5755,329.1271,0
13.7100,2456266,0.715576,-0.156006,-0.651611,0.197449,150.5748,329.1270,0
13.7200,2456276,0.715576,-0.156006,-0.651611,0.197449,150.5754,329.1252,0
13.7300,2456286,0.715576,-0.156006,-0.651611,0.197449,150.5748,329.1246,0
13.7400,2456296,0.715576,-0.156006,-0.651611,0.197449,150.5741,329.1264,0
13.7500,2456306,0.715576,-0.156006,-0.651611,0.197449,150.5742,329.1257,0
13.7600,2456316,0.715576,-0.156006,-0.651611,0.197449,150.5736,329.1263,0
13.7700,2456326,0.715576,-0.156006,-0.651611,0.197449,150.5736,329.1268,0
13.7800,2456336,0.715576,-0.156006,-0.651611,0.197449,150.5766,329.1279,0
13.7900,2456346,0.715576,-0.156006,-0.651611,0.197449,150.5807,329.1289,0
13.8000,2456356,0.715576,-0.156006,-0.651611,0.197449,150.5804,329.1252,0
13.8100,2456366,0.715576,-0.156006,-0.651611,0.197449,150.5765,329.1252,0
13.8200,2456376,0.715576,-0.156006,-0.651611,0.197449,150.5704,329.1394,0
13.8300,2456386,0.715698,-0.156006,-0.651550,0.197449,150.5794,329.1369,0
13.8400,2456396,0.715637,-0.156128,-0.651489,0.197510,150.5820,329.1071,0
13.8500,2456406,0.715515,-0.156128,-0.651672,0.197632,150.5713,329.1187,0
13.8600,2456416,0.715576,-0.156067,-0.651611,0.197571,150.5761,329.1350,0
13.8700,2456426,0.715637,-0.156128,-0.651489,0.197571,150.5729,329.1268,0
13.8800,2456436,0.715576,-0.156128,-0.651550,0.197571,150.5593,329.1184,0
13.8900,2456446,0.715576,-0.156067,-0.651611,0.197571,150.5634,329.1217,0
13.9000,2456456,0.715576,-0.156128,-0.651550,0.197632,150.5680,329.1284,0
13.9100,2456466,0.715515,-0.156128,-0.651611,0.197632,150.5622,329.1186,0
13.9200,2456476,0.715515,-0.156128,-0.651611,0.197632,150.5544,329.1104,0
13.9300,2456486,0.715515,-0.156128,-0.651611,0.197632,150.5546,329.1110,0
13.9400,2456496,0.715515,-0.156189,-0.651550,0.197632,150.5578,329.1115,0
13.9500,2456506,0.715515,-0.156189,-0.651550,0.197632,150.5585,329.1055,0
13.9600,2456516,0.715515,-0.156189,-0.651550,0.197632,150.5514,329.0986,0
13.9700,2456526,0.715515,-0.156128,-0.651611,0.197632,150.5429,329.0985,0
13.9800,2456536,0.715515,-0.156189,-0.651550,0.197632,150.5467,329.1021,0
13.9900,2456546,0.715515,-0.156189,-0.651550,0.197632,150.5479,329.0977,0
14.0000,2456556,0.715515,-0.156189,-0.651550,0.197632,150.5408,329.0930,0
14.0100,2456566,0.715515,-0.156189,-0.651550,0.197632,150.5429,329.0903,0
14.0200,2456576,0.715515,-0.156189,-0.651550,0.197632,150.5437,329.0912,0
14.0300,2456586,0.715515,-0.156189,-0.651550,0.197632,150.5421,329.0904,0
14.0400,2456596,0.715515,-0.156189,-0.651550,0.197632,150.5406,329.0842,0
14.0500,2456606,0.715515,-0.156189,-0.651550,0.197632,150.5356,329.0819,0
14.0600,2456616,0.715515,-0.156189,-0.651550,0.197632,150.5368,329.0833,0
14.0700,2456626,0.715515,-0.156189,-0.651550,0.197632,150.5403,329.0835,0
14.0800,2456636,0.715515,-0.156189,-0.651550,0.197632,150.5347,329.0783,0
14.0900,2456646,0.715515,-0.156189,-0.651550,0.197632,150.5372,329.0775,0
14.1000,2456656,0.715515,-0.156189,-0.651550,0.197632,150.5377,329.0768,0
14.1100,2456666,0.715515,-0.156189,-0.651550,0.197632,150.5340,329.0749,0
14.1200,2456676,0.715515,-0.156189,-0.651550,0.197632,150.5305,329.0737,0
14.1300,2456686,0.715515,-0.156189,-0.651550,0.197632,150.5314,329.0737,0
14.1400,2456696,0.715515,-0.156189,-0.651550,0.197632,150.5310,329.0714,0
14.1500,2456706,0.715515,-0.156189,-0.651550,0.197632,150.5289,329.0715,0
14.1600,2456716,0.715515,-0.156189,-0.651550,0.197632,150.5286,329.0716,0
14.1700,2456726,0.715515,-0.156189,-0.651550,0.197632,150.5290,329.0717,0
14.1800,2456736,0.715515,-0.156189,-0.651550,0.197632,150.5287,329.0683,0
14.1900,2456746,0.715515,-0.156189,-0.651550,0.197632,150.5249,329.0686,0
14.2000,2456756,0.715515,-0.156189,-0.651550,0.197632,150.5248,329.0707,0
14.2100,2456766,0.715515,-0.156189,-0.651550,0.197632,150.5242,329.0703,0
14.2200,2456776,0.715515,-0.156189,-0.651550,0.197632,150.5230,329.0687,0
14.2300,2456786,0.715515,-0.156189,-0.651550,0.197632,150.5236,329.0684,0
14.2400,2456796,0.715515,-0.156189,-0.651550,0.197632,150.5242,329.0687,0
14.2500,2456806,0.715515,-0.156189,-0.651550,0.197632,150.5224,329.0689,0
14.2600,2456816,0.715515,-0.156189,-0.651550,0.197632,150.5219,329.0704,0
14.2700,2456826,0.715515,-0.156189,-0.651550,0.197632,150.5214,329.0712,0
14.2800,2456836,0.715515,-0.156189,-0.651550,0.197632,150.5215,329.0707,0
14.2900,2456846,0.715515,-0.156189,-0.651550,0.197632,150.5216,329.0692,0
14.3000,2456856,0.715515,-0.156189,-0.651550,0.197632,150.5211,329.0676,0
14.3100,2456866,0.715515,-0.156189,-0.651550,0.197632,150.5213,329.0692,0
14.3200,2456876,0.715515,-0.156189,-0.651550,0.197632,150.5202,329.0688,0
14.3300,2456886,0.715515,-0.156189,-0.651550,0.197632,150.5198,329.0685,0
14.3400,2456896,0.715515,-0.156189,-0.651550,0.197632,150.5188,329.0682,0
14.3500,2456906,0.715515,-0.156189,-0.651550,0.197632,150.5190,329.0685,0
14.3600,2456916,0.715515,-0.156189,-0.651550,0.197632,150.5175,329.0682,0
14.3700,2456926,0.715515,-0.156189,-0.651550,0.197632,150.5160,329.0667,0
14.3800,2456936,0.715515,-0.156189,-0.651550,0.197632,150.5141,329.0671,0
14.3900,2456946,0.715515,-0.156189,-0.651550,0.197632,150.5151,329.0692,0
14.4000,2456956,0.715515,-0.156189,-0.651550,0.197632,150.5150,329.0707,0
14.4100,2456966,0.715515,-0.156189,-0.651550,0.197632,150.5148,329.0697,0
14.4200,2456976,0.715515,-0.156189,-0.651550,0.197632,150.5147,329.0705,0
14.4300,2456986,0.715515,-0.156189,-0.651550,0.197632,150.5163,329.0719,0
14.4400,2456996,0.715515,-0.156189,-0.651550,0.197632,150.5161,329.0714,0
14.4500,2457006,0.715515,-0.156189,-0.651550,0.197632,150.5159,329.0698,0
14.4600,2457016,0.715515,-0.156189,-0.651550,0.197632,150.5169,329.0694,0
14.4700,2457026,0.715515,-0.156189,-0.651550,0.197632,150.5166,329.0691,0
14.4800,2457036,0.715515,-0.156189,-0.651550,0.197632,150.5170,329.0693,0
14.4900,2457046,0.715515,-0.156189,-0.651550,0.197632,150.5167,329.0690,0
14.5000,2457056,0.715515,-0.156189,-0.651550,0.197632,150.5165,329.0704,0
14.5100,2457066,0.715515,-0.156189,-0.651550,0.197632,150.5163,329.0706,0
14.5200,2457076,0.715515,-0.156189,-0.651550,0.197632,150.5154,329.0702,0
14.5300,2457086,0.715515,-0.156189,-0.651550,0.197632,150.5153,329.0692,0
14.5400,2457096,0.715515,-0.156189,-0.651550,0.197632,150.5151,329.0689,0
14.5500,2457106,0.715515,-0.156189,-0.651550,0.197632,150.5143,329.0686,0
14.5600,2457116,0.715515,-0.156189,-0.651550,0.197632,150.5142,329.0683,0
14.5700,2457126,0.715515,-0.156189,-0.651550,0.197632,150.5153,329.0686,0
14.5800,2457136,0.715515,-0.156189,-0.651550,0.197632,150.5151,329.0683,0
14.5900,2457146,0.715515,-0.156189,-0.651550,0.197632,150.5144,329.0674,0
14.6000,2457156,0.715515,-0.156189,-0.651550,0.197632,150.5148,329.0654,0
14.6100,2457166,0.715515,-0.156189,-0.651550,0.197632,150.5153,329.0670,0
14.6200,2457176,0.715515,-0.156189,-0.651550,0.197632,150.5157,329.0662,0
14.6300,2457186,0.715515,-0.156189,-0.651550,0.197632,150.5161,329.0648,0
14.6400,2457196,0.715515,-0.156189,-0.651550,0.197632,150.5159,329.0641,0
14.6500,2457206,0.715515,-0.156189,-0.651550,0.197632,150.5169,329.0629,0
14.6600,2457216,0.715515,-0.156189,-0.651550,0.197632,150.5172,329.0634,0
14.6700,2457226,0.715515,-0.156189,-0.651550,0.197632,150.5181,329.0628,0
14.6800,2457236,0.715515,-0.156189,-0.651550,0.197632,150.5178,329.0639,0
14.6900,2457246,0.715515,-0.156189,-0.651550,0.197632,150.5175,329.0663,0
14.7000,2457256,0.715515,-0.156189,-0.651550,0.197632,150.5179,329.0685,0
14.7100,2457266,0.715515,-0.156189,-0.651550,0.197632,150.5164,329.0670,0
14.7200,2457276,0.715515,-0.156189,-0.651550,0.197632,150.5150,329.0667,0
14.7300,2457286,0.715515,-0.156189,-0.651550,0.197632,150.5130,329.0677,0
14.7400,2457296,0.715515,-0.156189,-0.651550,0.197632,150.5124,329.0680,0
14.7500,2457306,0.715515,-0.156189,-0.651550,0.197632,150.5123,329.0666,0
14.7600,2457316,0.715515,-0.156189,-0.651550,0.197632,150.5111,329.0663,0
14.7700,2457326,0.715515,-0.156189,-0.651550,0.197632,150.5100,329.0662,0
14.7800,2457336,0.715515,-0.156189,-0.651550,0.197632,150.5101,329.0660,0
14.7900,2457346,0.715515,-0.156189,-0.651550,0.197632,150.5084,329.0652,0
14.8000,2457356,0.715515,-0.156189,-0.651550,0.197632,150.5062,329.0657,0
14.8100,2457366,0.715515,-0.156189,-0.651550,0.197632,150.5065,329.0655,0
14.8200,2457376,0.715515,-0.156189,-0.651550,0.197632,150.5067,329.0659,0
14.8300,2457386,0.715515,-0.156189,-0.651550,0.197632,150.5058,329.0663,0
14.8400,2457396,0.715515,-0.156189,-0.651550,0.197632,150.5049,329.0667,0
14.8500,2457406,0.715515,-0.156189,-0.651550,0.197632,150.5053,329.0677,0
14.8600,2457416,0.715515,-0.156189,-0.651550,0.197632,150.5050,329.0669,0
14.8700,2457426,0.715515,-0.156189,-0.651550,0.197632,150.5054,329.0667,0
14.8800,2457436,0.715515,-0.156189,-0.651550,0.197632,150.5045,329.0676,0
14.8900,2457446,0.715515,-0.156189,-0.651550,0.197632,150.5055,329.0674,0
14.9000,2457456,0.715515,-0.156189,-0.651550,0.197632,150.5058,329.0677,0
14.9100,2457466,0.715515,-0.156189,-0.651550,0.197632,150.5061,329.0657,0
14.9200,2457476,0.715515,-0.156189,-0.651550,0.197632,150.5058,329.0655,0
14.9300,2457486,0.715515,-0.156189,-0.651550,0.197632,150.5055,329.0659,0
14.9400,2457496,0.715515,-0.156189,-0.651550,0.197632,150.5064,329.0652,0
14.9500,2457506,0.715515,-0.156189,-0.651550,0.197632,150.5043,329.0651,0
14.9600,2457516,0.715515,-0.156189,-0.651550,0.197632,150.5041,329.0649,0
14.9700,2457526,0.715515,-0.156189,-0.651550,0.197632,150.5051,329.0648,0
14.9800,2457536,0.715515,-0.156189,-0.651550,0.197632,150.5054,329.0629,0
14.9900,2457546,0.715515,-0.156189,-0.651550,0.197632,150.5057,329.0623,0
15.0000,2457556,0.715515,-0.156189,-0.651550,0.197632,150.5049,329.0635,0
15.0100,2457566,0.715515,-0.156189,-0.651550,0.197632,150.5040,329.0617,0
15.0200,2457576,0.715515,-0.156189,-0.651550,0.197632,150.5032,329.0623,0
15.0300,2457586,0.715515,-0.156189,-0.651550,0.197632,150.5031,329.0623,0
15.0400,2457596,0.715515,-0.156189,-0.651550,0.197632,150.5029,329.0629,0
15.0500,2457606,0.715515,-0.156189,-0.651550,0.197632,150.5022,329.0634,0
15.0600,2457616,0.715515,-0.156189,-0.651550,0.197632,150.5027,329.0645,0
15.0700,2457626,0.715515,-0.156189,-0.651550,0.197632,150.5025,329.0650,0
15.0800,2457636,0.715515,-0.156189,-0.651550,0.197632,150.5018,329.0643,0
15.0900,2457646,0.715515,-0.156189,-0.651550,0.197632,150.5017,329.0654,0
15.1000,2457656,0.715515,-0.156189,-0.651550,0.197632,150.5016,329.0641,0
15.1100,2457666,0.715515,-0.156189,-0.651550,0.197632,150.5021,329.0628,0
15.1200,2457676,0.715515,-0.156189,-0.651550,0.197632,150.5020,329.0622,0
15.1300,2457686,0.715515,-0.156189,-0.651550,0.197632,150.5031,329.0652,0
15.1400,2457696,0.715515,-0.156189,-0.651550,0.197632,150.5030,329.0656,0
15.1500,2457706,0.715515,-0.156189,-0.651550,0.197632,150.5028,329.0655,0
15.1600,2457716,0.715515,-0.156189,-0.651550,0.197632,150.5033,329.0665,0
15.1700,2457726,0.715515,-0.156189,-0.651550,0.197632,150.5025,329.0651,0
15.1800,2457736,0.715515,-0.156189,-0.651550,0.197632,150.5024,329.0662,0
15.1900,2457746,0.715515,-0.156189,-0.651550,0.197632,150.5023,329.0660,0
15.2000,2457756,0.715515,-0.156189,-0.651550,0.197632,150.5033,329.0658,0
15.2100,2457766,0.715515,-0.156189,-0.651550,0.197632,150.5026,329.0663,0
15.2200,2457776,0.715515,-0.156189,-0.651550,0.197632,150.5025,329.0655,0
15.2300,2457786,0.715515,-0.156189,-0.651550,0.197632,150.5023,329.0653,0
15.2400,2457796,0.715515,-0.156189,-0.651550,0.197632,150.5022,329.0658,0
15.2500,2457806,0.715515,-0.156189,-0.651550,0.197632,150.5027,329.0656,0
15.2600,2457816,0.715515,-0.156189,-0.651550,0.197632,150.5043,329.0655,0
15.2700,2457826,0.715515,-0.156189,-0.651550,0.197632,150.5047,329.0647,0
15.2800,2457836,0.715515,-0.156189,-0.651550,0.197632,150.5057,329.0622,0
15.2900,2457846,0.715515,-0.156189,-0.651550,0.197632,150.5054,329.0634,0
15.3000,2457856,0.715515,-0.156189,-0.651550,0.197632,150.5057,329.0645,0
15.3100,2457866,0.715515,-0.156189,-0.651550,0.197632,150.5048,329.0674,0
15.3200,2457876,0.715515,-0.156189,-0.651550,0.197632,150.5040,329.0684,0
15.3300,2457886,0.715515,-0.156189,-0.651550,0.197632,150.5020,329.0675,0
15.3400,2457896,0.715515,-0.156189,-0.651550,0.197632,150.5019,329.0672,0
15.3500,2457906,0.715515,-0.156189,-0.651550,0.197632,150.5006,329.0664,0
15.3600,2457916,0.715515,-0.156189,-0.651550,0.197632,150.4994,329.0656,0
15.3700,2457926,0.715515,-0.156189,-0.651550,0.197632,150.4976,329.0649,0
15.3800,2457936,0.715515,-0.156189,-0.651550,0.197632,150.4989,329.0648,0
15.3900,2457946,0.715515,-0.156189,-0.651550,0.197632,150.4990,329.0641,0
15.4000,2457956,0.715515,-0.156189,-0.651550,0.197632,150.4978,329.0646,0
15.4100,2457966,0.715515,-0.156189,-0.651550,0.197632,150.4980,329.0645,0
15.4200,2457976,0.715515,-0.156189,-0.651550,0.197632,150.4975,329.0644,0
15.4300,2457986,0.715515,-0.156189,-0.651550,0.197632,150.4982,329.0637,0
15.4400,2457996,0.715515,-0.156189,-0.651550,0.197632,150.4983,329.0637,0
15.4500,2458006,0.715515,-0.156189,-0.651550,0.197632,150.4990,329.0630,0
15.4600,2458016,0.715515,-0.156189,-0.651550,0.197632,150.4984,329.0618,0
15.4700,2458026,0.715515,-0.156189,-0.651550,0.197632,150.4979,329.0618,0
15.4800,2458036,0.715515,-0.156189,-0.651550,0.197632,150.4974,329.0613,0
15.4900,2458046,0.715515,-0.156189,-0.651550,0.197632,150.4987,329.0619,0
15.5000,2458056,0.715515,-0.156189,-0.651550,0.197632,150.4982,329.0608,0
15.5100,2458066,0.715515,-0.156189,-0.651550,0.197632,150.4983,329.0609,0
15.5200,2458076,0.715515,-0.156189,-0.651550,0.197632,150.4996,329.0615,0
15.5300,2458086,0.715515,-0.156189,-0.651550,0.197632,150.5008,329.0604,0
15.5400,2458096,0.715515,-0.156189,-0.651550,0.197632,150.5013,329.0593,0
15.5500,2458106,0.715515,-0.156189,-0.651550,0.197632,150.5007,329.0595,0
15.5600,2458116,0.715515,-0.156189,-0.651550,0.197632,150.5006,329.0602,0
15.5700,2458126,0.715515,-0.156189,-0.651550,0.197632,150.5006,329.0609,0
15.5800,2458136,0.715515,-0.156189,-0.651550,0.197632,150.5000,329.0610,0
15.5900,2458146,0.715515,-0.156189,-0.651550,0.197632,150.4988,329.0611,0
15.6000,2458156,0.715515,-0.156189,-0.651550,0.197632,150.4994,329.0635,0
15.6100,2458166,0.715515,-0.156189,-0.651550,0.197632,150.5001,329.0640,0
15.6200,2458176,0.715515,-0.156189,-0.651550,0.197632,150.5001,329.0628,0
15.6300,2458186,0.715515,-0.156189,-0.651550,0.197632,150.4989,329.0616,0
15.6400,2458196,0.715515,-0.156189,-0.651550,0.197632,150.4983,329.0605,0
15.6500,2458206,0.715515,-0.156189,-0.651550,0.197632,150.4990,329.0588,0
15.6600,2458216,0.715515,-0.156189,-0.651550,0.197632,150.4985,329.0590,0
15.6700,2458226,0.715515,-0.156189,-0.651550,0.197632,150.4985,329.0597,0
15.6800,2458236,0.715515,-0.156189,-0.651550,0.197632,150.4986,329.0593,0
15.6900,2458246,0.715515,-0.156189,-0.651550,0.197632,150.4987,329.0589,0
15.7000,2458256,0.715515,-0.156189,-0.651550,0.197632,150.4999,329.0585,0
15.7100,2458266,0.715515,-0.156189,-0.651550,0.197632,150.4999,329.0587,0
15.7200,2458276,0.715515,-0.156189,-0.651550,0.197632,150.4999,329.0589,0
15.7300,2458286,0.715515,-0.156189,-0.651550,0.197632,150.4999,329.0579,0
15.7400,2458296,0.715515,-0.156189,-0.651550,0.197632,150.4999,329.0611,0
15.7500,2458306,0.715515,-0.156189,-0.651550,0.197632,150.4993,329.0617,0
15.7600,2458316,0.715515,-0.156189,-0.651550,0.197632,150.4970,329.0612,0
15.7700,2458326,0.715515,-0.156189,-0.651550,0.197632,150.4960,329.0612,0
15.7800,2458336,0.715515,-0.156189,-0.651550,0.197632,150.4973,329.0613,0
15.7900,2458346,0.715515,-0.156189,-0.651550,0.197632,150.4975,329.0613,0
15.8000,2458356,0.715515,-0.156189,-0.651550,0.197632,150.4970,329.0602,0
15.8100,2458366,0.715515,-0.156189,-0.651550,0.197632,150.4966,329.0598,0
15.8200,2458376,0.715515,-0.156189,-0.651550,0.197632,150.4955,329.0599,0
15.8300,2458386,0.715515,-0.156189,-0.651550,0.197632,150.4964,329.0600,0
15.8400,2458396,0.715515,-0.156189,-0.651550,0.197632,150.4966,329.0607,0
15.8500,2458406,0.715515,-0.156189,-0.651550,0.197632,150.4979,329.0602,0
15.8600,2458416,0.715515,-0.156189,-0.651550,0.197632,150.4980,329.0598,0
15.8700,2458426,0.715515,-0.156189,-0.651550,0.197632,150.4993,329.0611,0
15.8800,2458436,0.715515,-0.156189,-0.651550,0.197632,150.4975,329.0606,0
15.8900,2458446,0.715515,-0.156189,-0.651550,0.197632,150.4971,329.0612,0
15.9000,2458456,0.715515,-0.156189,-0.651550,0.197632,150.4978,329.0619,0
15.9100,2458466,0.715515,-0.156189,-0.651550,0.197632,150.4985,329.0619,0
15.9200,2458476,0.715515,-0.156189,-0.651550,0.197632,150.4992,329.0643,0
15.9300,2458486,0.715515,-0.156189,-0.651550,0.197632,150.4992,329.0637,0
15.9400,2458496,0.715515,-0.156189,-0.651550,0.197632,150.4993,329.0648,0
15.9500,2458506,0.715515,-0.156189,-0.651550,0.197632,150.4987,329.0647,0
15.9600,2458516,0.715515,-0.156189,-0.651550,0.197632,150.4988,329.0640,0
15.9700,2458526,0.715515,-0.156189,-0.651550,0.197632,150.4988,329.0633,0
15.9800,2458536,0.715515,-0.156189,-0.651550,0.197632,150.4989,329.0621,0
15.9900,2458546,0.715515,-0.156189,-0.651550,0.197632,150.4990,329.0616,0
16.0000,2458556,0.715515,-0.156189,-0.651550,0.197632,150.4978,329.0622,0
16.0100,2458566,0.715515,-0.156189,-0.651550,0.197632,150.4991,329.0628,0
16.0200,2458576,0.715515,-0.156189,-0.651550,0.197632,150.4986,329.0610,0
16.0300,2458586,0.715515,-0.156189,-0.651550,0.197632,150.4987,329.0623,0
16.0400,2458596,0.715515,-0.156189,-0.651550,0.197632,150.4987,329.0617,0
16.0500,2458606,0.715515,-0.156189,-0.651550,0.197632,150.4970,329.0617,0
16.0600,2458616,0.715515,-0.156189,-0.651550,0.197632,150.4966,329.0623,0
16.0700,2458626,0.715515,-0.156189,-0.651550,0.197632,150.4961,329.0617,0
16.0800,2458636,0.715515,-0.156189,-0.651550,0.197632,150.4957,329.0600,0
16.0900,2458646,0.715515,-0.156189,-0.651550,0.197632,150.4965,329.0607,0
16.1000,2458656,0.715515,-0.156189,-0.651550,0.197632,150.4961,329.0584,0
16.1100,2458666,0.715515,-0.156189,-0.651550,0.197632,150.4963,329.0574,0
16.1200,2458676,0.715515,-0.156189,-0.651550,0.197632,150.4959,329.0565,0
16.1300,2458686,0.715515,-0.156189,-0.651550,0.197632,150.4967,329.0562,0
16.1400,2458696,0.715515,-0.156189,-0.651550,0.197632,150.4957,329.0559,0
16.1500,2458706,0.715515,-0.156189,-0.651550,0.197632,150.4965,329.0563,0
16.1600,2458716,0.715515,-0.156189,-0.651550,0.197632,150.4967,329.0554,0
16.1700,2458726,0.715515,-0.156189,-0.651550,0.197632,150.4980,329.0563,0
16.1800,2458736,0.715515,-0.156189,-0.651550,0.197632,150.4987,329.0584,0
16.1900,2458746,0.715515,-0.156189,-0.651550,0.197632,150.4988,329.0586,0
16.2000,2458756,0.715515,-0.156189,-0.651550,0.197632,150.4988,329.0582,0
16.2100,2458766,0.715515,-0.156189,-0.651550,0.197632,150.4977,329.0596,0
16.2200,2458776,0.715515,-0.156189,-0.651550,0.197632,150.4960,329.0604,0
16.2300,2458786,0.715515,-0.156189,-0.651550,0.197632,150.4968,329.0605,0
16.2400,2458796,0.715515,-0.156189,-0.651550,0.197632,150.4976,329.0588,0
16.2500,2458806,0.715515,-0.156189,-0.651550,0.197632,150.4977,329.0590,0
16.2600,2458816,0.715515,-0.156189,-0.651550,0.197632,150.4972,329.0580,0
16.2700,2458826,0.715515,-0.156189,-0.651550,0.197632,150.4974,329.0576,0
16.2800,2458836,0.715515,-0.156189,-0.651550,0.197632,150.4963,329.0591,0
16.2900,2458846,0.715515,-0.156189,-0.651550,0.197632,150.4977,329.0587,0
16.3000,2458856,0.715515,-0.156189,-0.651550,0.197632,150.4990,329.0588,0
16.3100,2458866,0.715515,-0.156189,-0.651550,0.197632,150.4978,329.0590,0
16.3200,2458876,0.715515,-0.156189,-0.651550,0.197632,150.4986,329.0592,0
16.3300,2458886,0.715515,-0.156189,-0.651550,0.197632,150.4986,329.0594,0
16.3400,2458896,0.715515,-0.156189,-0.651550,0.197632,150.4987,329.0577,0
16.3500,2458906,0.715515,-0.156189,-0.651550,0.197632,150.4988,329.0580,0
16.3600,2458916,0.715515,-0.156189,-0.651550,0.197632,150.5000,329.0600,0
16.3700,2458926,0.715515,-0.156189,-0.651550,0.197632,150.4988,329.0595,0
16.3800,2458936,0.715515,-0.156189,-0.651550,0.197632,150.4977,329.0602,0
16.3900,2458946,0.715515,-0.156189,-0.651550,0.197632,150.4978,329.0616,0
16.4000,2458956,0.715515,-0.156189,-0.651550,0.197632,150.4985,329.0610,0
16.4100,2458966,0.715515,-0.156189,-0.651550,0.197632,150.4992,329.0617,0
16.4200,2458976,0.715515,-0.156189,-0.651550,0.197632,150.4998,329.0623,0
16.4300,2458986,0.715515,-0.156189,-0.651550,0.197632,150.4998,329.0629,0
16.4400,2458996,0.715515,-0.156189,-0.651550,0.197632,150.4993,329.0652,0
16.4500,2459006,0.715515,-0.156189,-0.651550,0.197632,150.4981,329.0651,0
16.4600,2459016,0.715515,-0.156189,-0.651550,0.197632,150.4982,329.0632,0
16.4700,2459026,0.715515,-0.156189,-0.651550,0.197632,150.4995,329.0638,0
16.4800,2459036,0.715515,-0.156189,-0.651550,0.197632,150.4983,329.0637,0
16.4900,2459046,0.715515,-0.156189,-0.651550,0.197632,150.4978,329.0654,0
16.5000,2459056,0.715515,-0.156189,-0.651550,0.197632,150.4956,329.0652,0
16.5100,2459066,0.715515,-0.156189,-0.651550,0.197632,150.4946,329.0657,0
16.5200,2459076,0.715515,-0.156189,-0.651550,0.197632,150.4949,329.0661,0
16.5300,2459086,0.715515,-0.156189,-0.651550,0.197632,150.4939,329.0659,0
16.5400,2459096,0.715515,-0.156189,-0.651550,0.197632,150.4942,329.0663,0
16.5500,2459106,0.715515,-0.156189,-0.651550,0.197632,150.4945,329.0673,0
16.5600,2459116,0.715515,-0.156189,-0.651550,0.197632,150.4954,329.0653,0
16.5700,2459126,0.715515,-0.156189,-0.651550,0.197632,150.4939,329.0640,0
16.5800,2459136,0.715515,-0.156189,-0.651550,0.197632,150.4936,329.0645,0
16.5900,2459146,0.715515,-0.156189,-0.651550,0.197632,150.4945,329.0662,0
16.6000,2459156,0.715515,-0.156189,-0.651550,0.197632,150.4948,329.0648,0
16.6100,2459166,0.715515,-0.156189,-0.651550,0.197632,150.4956,329.0629,0
16.6200,2459176,0.715515,-0.156189,-0.651550,0.197632,150.4964,329.0629,0
16.6300,2459186,0.715515,-0.156189,-0.651550,0.197632,150.4972,329.0634,0
16.6400,2459196,0.715515,-0.156189,-0.651550,0.197632,150.4979,329.0628,0
16.6500,2459206,0.715515,-0.156189,-0.651550,0.197632,150.4998,329.0604,0
16.6600,2459216,0.715515,-0.156189,-0.651550,0.197632,150.4998,329.0611,0
16.6700,2459226,0.715515,-0.156189,-0.651550,0.197632,150.5004,329.0617,0
16.6800,2459236,0.715515,-0.156189,-0.651550,0.197632,150.4992,329.0612,0
16.6900,2459246,0.715515,-0.156189,-0.651550,0.197632,150.4999,329.0624,0
16.7000,2459256,0.715515,-0.156189,-0.651550,0.197632,150.5011,329.0606,0
16.7100,2459266,0.715515,-0.156189,-0.651550,0.197632,150.5010,329.0613,0
16.7200,2459276,0.715515,-0.156189,-0.651550,0.197632,150.5022,329.0596,0
16.7300,2459286,0.715515,-0.156189,-0.651550,0.197632,150.5026,329.0598,0
16.7400,2459296,0.715515,-0.156189,-0.651550,0.197632,150.5031,329.0605,0
16.7500,2459306,0.715515,-0.156189,-0.651550,0.197632,150.5035,329.0600,0
16.7600,2459316,0.715515,-0.156189,-0.651550,0.197632,150.5045,329.0601,0
16.7700,2459326,0.715515,-0.156189,-0.651550,0.197632,150.5037,329.0608,0
16.7800,2459336,0.715515,-0.156189,-0.651550,0.197632,150.5053,329.0615,0
16.7900,2459346,0.715515,-0.156189,-0.651550,0.197632,150.5057,329.0604,0
16.8000,2459356,0.715515,-0.156189,-0.651550,0.197632,150.5054,329.0599,0
16.8100,2459366,0.715515,-0.156189,-0.651550,0.197632,150.5069,329.0612,0
16.8200,2459376,0.715515,-0.156189,-0.651550,0.197632,150.5065,329.0607,0
16.8300,2459386,0.715515,-0.156189,-0.651550,0.197632,150.5062,329.0614,0
16.8400,2459396,0.715515,-0.156189,-0.651550,0.197632,150.5059,329.0620,0
16.8500,2459406,0.715515,-0.156189,-0.651550,0.197632,150.5056,329.0638,0
16.8600,2459416,0.715515,-0.156189,-0.651550,0.197632,150.5071,329.0643,0
16.8700,2459426,0.715515,-0.156189,-0.651550,0.197632,150.5079,329.0648,0
16.8800,2459436,0.715515,-0.156189,-0.651550,0.197632,150.5081,329.0623,0
16.8900,2459446,0.715515,-0.156189,-0.651550,0.197632,150.5089,329.0629,0
16.9000,2459456,0.715515,-0.156189,-0.651550,0.197632,150.5097,329.0617,0
16.9100,2459466,0.715515,-0.156189,-0.651550,0.197632,150.5080,329.0617,0
16.9200,2459476,0.715515,-0.156189,-0.651550,0.197632,150.5094,329.0600,0
16.9300,2459486,0.715515,-0.156189,-0.651550,0.197632,150.5089,329.0595,0
16.9400,2459496,0.715515,-0.156189,-0.651550,0.197632,150.5091,329.0597,0
16.9500,2459506,0.715515,-0.156189,-0.651550,0.197632,150.5092,329.0610,0
16.9600,2459516,0.715515,-0.156189,-0.651550,0.197632,150.5087,329.0611,0
16.9700,2459526,0.715515,-0.156189,-0.651550,0.197632,150.5107,329.0623,0
16.9800,2459536,0.715515,-0.156189,-0.651550,0.197632,150.5096,329.0629,0
16.9900,2459546,0.715515,-0.156189,-0.651550,0.197632,150.5091,329.0611,0
17.0000,2459556,0.715515,-0.156189,-0.651550,0.197632,150.5092,329.0623,0
17.0100,2459566,0.715515,-0.156189,-0.651550,0.197632,150.5105,329.0623,0
17.0200,2459576,0.715515,-0.156189,-0.651550,0.197632,150.5112,329.0618,0
17.0300,2459586,0.715515,-0.156189,-0.651550,0.197632,150.5100,329.0642,0
17.0400,2459596,0.715515,-0.156189,-0.651550,0.197632,150.5095,329.0641,0
17.0500,2459606,0.715515,-0.156189,-0.651550,0.197632,150.5085,329.0622,0
17.0600,2459616,0.715515,-0.156189,-0.651550,0.197632,150.5069,329.0616,0
17.0700,2459626,0.715515,-0.156189,-0.651550,0.197632,150.5059,329.0617,0
17.0800,2459636,0.715515,-0.156189,-0.651550,0.197632,150.5050,329.0605,0
17.0900,2459646,0.715515,-0.156189,-0.651550,0.197632,150.5036,329.0600,0
17.1000,2459656,0.715515,-0.156189,-0.651550,0.197632,150.5022,329.0602,0
17.1100,2459666,0.715515,-0.156189,-0.651550,0.197632,150.5003,329.0591,0
17.1200,2459676,0.715515,-0.156189,-0.651550,0.197632,150.4967,329.0605,0
17.1300,2459686,0.715515,-0.156189,-0.651550,0.197632,150.4939,329.0600,0
17.1400,2459696,0.715515,-0.156189,-0.651550,0.197632,150.4919,329.0601,0
17.1500,2459706,0.715515,-0.156189,-0.651550,0.197632,150.4917,329.0626,0
17.1600,2459716,0.715515,-0.156189,-0.651550,0.197632,150.4897,329.0632,0
17.1700,2459726,0.715515,-0.156189,-0.651550,0.197632,150.4867,329.0631,0
17.1800,2459736,0.715515,-0.156189,-0.651550,0.197632,150.4879,329.0631,0
17.1900,2459746,0.715515,-0.156189,-0.651550,0.197632,150.4874,329.0613,0
17.2000,2459756,0.715515,-0.156189,-0.651550,0.197632,150.4868,329.0596,0
17.2100,2459766,0.715515,-0.156189,-0.651550,0.197632,150.4869,329.0598,0
17.2200,2459776,0.715515,-0.156189,-0.651550,0.197632,150.4863,329.0628,0
17.2300,2459786,0.715515,-0.156189,-0.651550,0.197632,150.4858,329.0611,0
17.2400,2459796,0.715515,-0.156189,-0.651550,0.197632,150.4865,329.0623,0
17.2500,2459806,0.715515,-0.156189,-0.651550,0.197632,150.4908,329.0623,0
17.2600,2459816,0.715515,-0.156189,-0.651550,0.197632,150.4924,329.0629,0
17.2700,2459826,0.715515,-0.156189,-0.651550,0.197632,150.4940,329.0623,0
17.2800,2459836,0.715515,-0.156189,-0.651550,0.197632,150.4961,329.0623,0
17.2900,2459846,0.715515,-0.156189,-0.651550,0.197632,150.4987,329.0617,0
17.3000,2459856,0.715515,-0.156189,-0.651550,0.197632,150.4987,329.0594,0
17.3100,2459866,0.715515,-0.156189,-0.651550,0.197632,150.4982,329.0607,0
17.3200,2459876,0.715515,-0.156189,-0.651550,0.197632,150.4995,329.0614,0
17.3300,2459886,0.715515,-0.156189,-0.651550,0.197632,150.4983,329.0609,0
17.3400,2459896,0.715515,-0.156189,-0.651550,0.197632,150.5008,329.0609,0
17.3500,2459906,0.715515,-0.156189,-0.651550,0.197632,150.5013,329.0605,0
17.3600,2459916,0.715515,-0.156189,-0.651550,0.197632,150.5024,329.0623,0
17.3700,2459926,0.715515,-0.156189,-0.651550,0.197632,150.5023,329.0623,0
17.3800,2459936,0.715515,-0.156189,-0.651550,0.197632,150.5016,329.0629,0
17.3900,2459946,0.715515,-0.156189,-0.651550,0.197632,150.5015,329.0623,0
17.4000,2459956,0.715515,-0.156189,-0.651550,0.197632,150.5014,329.0629,0
17.4100,2459966,0.715515,-0.156189,-0.651550,0.197632,150.5008,329.0623,0
17.4200,2459976,0.715515,-0.156189,-0.651550,0.197632,150.5007,329.0634,0
17.4300,2459986,0.715515,-0.156189,-0.651550,0.197632,150.5007,329.0634,0
17.4400,2459996,0.715515,-0.156189,-0.651550,0.197632,150.5007,329.0634,0
17.4500,2460006,0.715515,-0.156189,-0.651550,0.197632,150.4995,329.0645,0
17.4600,2460016,0.715515,-0.156189,-0.651550,0.197632,150.5013,329.0644,0
17.4700,2460026,0.715515,-0.156189,-0.651550,0.197632,150.5012,329.0626,0
17.4800,2460036,0.715515,-0.156189,-0.651550,0.197632,150.5000,329.0620,0
17.4900,2460046,0.715515,-0.156189,-0.651550,0.197632,150.5023,329.0626,0
17.5000,2460056,0.715515,-0.156189,-0.651550,0.197632,150.5016,329.0638,0
17.5100,2460066,0.715515,-0.156189,-0.651550,0.197632,150.5021,329.0625,0
17.5200,2460076,0.715515,-0.156189,-0.651550,0.197632,150.5026,329.0631,0
17.5300,2460086,0.715515,-0.156189,-0.651550,0.197632,150.5049,329.0619,0
17.5400,2460096,0.715515,-0.156189,-0.651550,0.197632,150.5046,329.0619,0
17.5500,2460106,0.715515,-0.156189,-0.651550,0.197632,150.5050,329.0608,0
17.5600,2460116,0.715515,-0.156189,-0.651550,0.197632,150.5047,329.0585,0
17.5700,2460126,0.715515,-0.156189,-0.651550,0.197632,150.5027,329.0599,0
17.5800,2460136,0.715515,-0.156189,-0.651550,0.197632,150.5032,329.0588,0
17.5900,2460146,0.715515,-0.156189,-0.651550,0.197632,150.5030,329.0602,0
17.6000,2460156,0.715515,-0.156189,-0.651550,0.197632,150.5035,329.0621,0
17.6100,2460166,0.715515,-0.156189,-0.651550,0.197632,150.5039,329.0627,0
17.6200,2460176,0.715515,-0.156189,-0.651550,0.197632,150.5037,329.0591,0
17.6300,2460186,0.715515,-0.156189,-0.651550,0.197632,150.5029,329.0593,0
17.6400,2460196,0.715515,-0.156189,-0.651550,0.197632,150.5034,329.0594,0
17.6500,2460206,0.715515,-0.156189,-0.651550,0.197632,150.5032,329.0584,0
17.6600,2460216,0.715515,-0.156189,-0.651550,0.197632,150.5025,329.0598,0
17.6700,2460226,0.715515,-0.156189,-0.651550,0.197632,150.5035,329.0611,0
17.6800,2460236,0.715515,-0.156189,-0.651550,0.197632,150.5022,329.0606,0
17.6900,2460246,0.715515,-0.156189,-0.651550,0.197632,150.5009,329.0619,0
17.7000,2460256,0.715515,-0.156189,-0.651550,0.197632,150.5014,329.0619,0
17.7100,2460266,0.715515,-0.156189,-0.651550,0.197632,150.5013,329.0625,0
17.7200,2460276,0.715515,-0.156189,-0.651550,0.197632,150.5019,329.0631,0
17.7300,2460286,0.715515,-0.156189,-0.651550,0.197632,150.5036,329.0631,0
17.7400,2460296,0.715515,-0.156189,-0.651550,0.197632,150.5052,329.0630,0
17.7500,2460306,0.715515,-0.156189,-0.651550,0.197632,150.5055,329.0630,0
17.7600,2460316,0.715515,-0.156189,-0.651550,0.197632,150.5052,329.0630,0
17.7700,2460326,0.715515,-0.156189,-0.651550,0.197632,150.5044,329.0630,0
17.7800,2460336,0.715515,-0.156189,-0.651550,0.197632,150.5036,329.0635,0
17.7900,2460346,0.715515,-0.156189,-0.651550,0.197632,150.5028,329.0629,0
17.8000,2460356,0.715515,-0.156189,-0.651550,0.197632,150.5021,329.0623,0
17.8100,2460366,0.715515,-0.156189,-0.651550,0.197632,150.5109,329.0421,0
17.8200,2460376,0.715149,-0.156433,-0.651978,0.197632,150.5228,329.0093,0
17.8300,2460386,0.715088,-0.156494,-0.652100,0.197327,150.4985,329.0062,0
17.8400,2460396,0.714966,-0.157532,-0.652344,0.196228,150.4880,329.0356,0
17.8500,2460406,0.714539,-0.158081,-0.652466,0.196777,150.5948,328.9939,0
17.8600,2460416,0.713867,-0.159241,-0.652649,0.197876,150.7640,328.9378,0
17.8700,2460426,0.712769,-0.161499,-0.653625,0.196594,150.8083,328.8652,0
17.8800,2460436,0.713440,-0.165894,-0.654175,0.188477,150.4422,329.1830,0
17.8900,2460446,0.713989,-0.171753,-0.653748,0.182373,150.3858,329.6059,0
17.9000,2460456,0.713013,-0.177612,-0.654541,0.177856,150.4614,329.7973,0
17.9100,2460466,0.713745,-0.184875,-0.652466,0.175171,150.7847,330.3382,0
17.9200,2460476,0.713684,-0.199707,-0.646423,0.181335,152.3690,331.0446,0
17.9300,2460486,0.712036,-0.219299,-0.640137,0.187500,154.1483,331.6554,0
17.9400,2460496,0.710266,-0.242981,-0.633362,0.187866,155.5733,332.4949,0
17.9500,2460506,0.708557,-0.261719,-0.627441,0.189148,156.5416,333.0882,0
17.9600,2460516,0.709045,-0.274475,-0.620300,0.192749,157.1068,333.6698,0
17.9700,2460526,0.709839,-0.278503,-0.617310,0.193665,156.7207,333.8466,0
17.9800,2460536,0.709656,-0.276794,-0.619873,0.188599,155.3725,333.6267,0
17.9900,2460546,0.709167,-0.274292,-0.623779,0.181030,153.8369,333.3778,0
18.0000,2460556,0.708191,-0.270996,-0.627441,0.176880,152.6451,333.0327,0
18.0100,2460566,0.708557,-0.267273,-0.629578,0.173523,151.3806,333.2039,0
18.0200,2460576,0.710205,-0.263977,-0.630859,0.166992,149.7670,333.6962,0
18.0300,2460586,0.713074,-0.260315,-0.632202,0.155151,147.9661,334.1715,0
18.0400,2460596,0.716003,-0.253906,-0.634644,0.141785,147.0407,334.3772,0
18.0500,2460606,0.718628,-0.244690,-0.635803,0.139587,147.3089,334.3223,0
18.0600,2460616,0.720642,-0.236084,-0.634338,0.150085,148.3293,333.9661,0
18.0700,2460626,0.720215,-0.232361,-0.632263,0.165771,149.3943,333.7805,0
18.0800,2460636,0.717529,-0.242004,-0.626404,0.184998,150.3531,333.7076,0
18.0900,2460646,0.714478,-0.251038,-0.624329,0.191589,151.2618,333.4870,0
18.1000,2460656,0.712708,-0.260620,-0.621521,0.194519,151.8006,333.5072,0
18.1100,2460666,0.713318,-0.266968,-0.618530,0.193237,151.6862,333.7708,0
18.1200,2460676,0.713501,-0.268555,-0.617187,0.194702,151.4116,333.6622,0
18.1300,2460686,0.713135,-0.268738,-0.617187,0.195740,150.9795,333.3923,0
18.1400,2460696,0.713318,-0.268677,-0.616821,0.196350,150.5179,333.2005,0
18.1500,2460706,0.713257,-0.268860,-0.616943,0.195923,150.0081,333.0089,0
18.1600,2460716,0.713074,-0.268982,-0.617371,0.195129,149.4830,332.8088,0
18.1700,2460726,0.712952,-0.268799,-0.617554,0.195007,149.0305,332.6146,0
18.1800,2460736,0.713013,-0.268799,-0.617493,0.195190,148.6314,332.4508,0
18.1900,2460746,0.712952,-0.268982,-0.617493,0.194946,148.2334,332.3047,0
18.2000,2460756,0.713074,-0.268982,-0.617554,0.194519,147.8280,332.1815,0
18.2100,2460766,0.713257,-0.268677,-0.617554,0.194092,147.4223,332.0599,0
18.2200,2460776,0.713135,-0.268188,-0.617981,0.194092,147.0521,331.8731,0
18.2300,2460786,0.712646,-0.267334,-0.618896,0.193970,146.6671,331.6241,0
18.2400,2460796,0.712280,-0.266968,-0.619263,0.194641,146.4071,331.4296,0
18.2500,2460806,0.712158,-0.266724,-0.619324,0.195374,146.1807,331.2773,0
18.2600,2460816,0.712097,-0.266663,-0.619324,0.195557,145.9426,331.1719,0
18.2700,2460826,0.712036,-0.266846,-0.619385,0.195312,145.6623,331.0874,0
18.2800,2460836,0.711975,-0.266968,-0.619568,0.194763,145.4359,330.9977,0
18.2900,2460846,0.711975,-0.266907,-0.619568,0.194824,145.2368,330.9134,0
18.3000,2460856,0.712036,-0.266907,-0.619446,0.195068,145.0287,330.8298,0
18.3100,2460866,0.712036,-0.266907,-0.619507,0.195068,145.3148,330.6750,0
18.3200,2460876,0.710388,-0.270630,-0.618896,0.197510,146.1751,330.5320,0
18.3300,2460886,0.706116,-0.282349,-0.617737,0.200134,146.3649,330.9530,0
18.3400,2460896,0.701782,-0.313660,-0.612793,0.183411,146.4926,331.7870,0
18.3500,2460906,0.699951,-0.328003,-0.608582,0.179199,146.8742,332.4032,0
18.3600,2460916,0.699829,-0.333984,-0.604736,0.181519,147.0874,332.6617,0
18.3700,2460926,0.700012,-0.335999,-0.603149,0.182434,146.8090,332.7115,0
18.3800,2460936,0.700317,-0.336609,-0.601929,0.184143,146.4828,332.6639,0
18.3900,2460946,0.700928,-0.337219,-0.599792,0.187744,146.3298,332.6138,0
18.4000,2460956,0.701416,-0.338623,-0.596802,0.192810,146.3534,332.5537,0
18.4100,2460966,0.700806,-0.341187,-0.594543,0.197327,146.3831,332.3706,0
18.4200,2460976,0.699951,-0.342773,-0.593567,0.200684,146.1804,332.0826,0
18.4300,2460986,0.699219,-0.342346,-0.593140,0.205078,145.9009,331.6474,0
18.4400,2460996,0.698975,-0.340210,-0.593201,0.209412,145.4715,331.1547,0
18.4500,2461006,0.698303,-0.337769,-0.593872,0.213501,145.0042,330.5882,0
18.4600,2461016,0.697327,-0.336365,-0.594788,0.216492,144.5408,330.0446,0
18.4700,2461026,0.697205,-0.333252,-0.596802,0.216125,143.6799,329.5923,0
18.4800,2461036,0.696899,-0.330994,-0.598328,0.216187,142.9790,329.1793,0
18.4900,2461046,0.697388,-0.328918,-0.598328,0.217834,142.5003,328.8894,0
18.5000,2461056,0.698242,-0.325378,-0.598389,0.220276,141.9990,328.5454,0
18.5100,2461066,0.698486,-0.321289,-0.599304,0.223145,141.5062,328.0567,0
18.5200,2461076,0.698303,-0.316833,-0.600342,0.226990,141.0983,327.4721,0
18.5300,2461086,0.698303,-0.312683,-0.601013,0.231140,140.7628,326.9435,0
18.5400,2461096,0.698975,-0.310730,-0.600403,0.233276,140.3184,327.2521,0
18.5500,2461106,0.701965,-0.310669,-0.597473,0.231689,139.4916,328.1299,0
18.5600,2461116,0.706787,-0.313354,-0.593872,0.222656,138.1006,329.5454,0
18.5700,2461126,0.712708,-0.318420,-0.590820,0.204041,137.0772,331.2073,0
18.5800,2461136,0.718628,-0.325256,-0.585754,0.186279,137.0613,333.1248,0
18.5900,2461146,0.724304,-0.336609,-0.575867,0.174683,137.1714,334.9607,0
18.6000,2461156,0.733643,-0.359070,-0.554932,0.157776,137.5282,336.6210,0
18.6100,2461166,0.737305,-0.370850,-0.543274,0.153748,138.1280,338.1763,0
18.6200,2461176,0.739014,-0.383606,-0.533020,0.150269,138.7218,339.4356,0
18.6300,2461186,0.737610,-0.396362,-0.526367,0.147583,139.1996,340.1281,0
18.6400,2461196,0.734863,-0.407898,-0.521606,0.146667,139.6204,340.4619,0
18.6500,2461206,0.733154,-0.420349,-0.513855,0.147583,140.2786,340.9976,0
18.6600,2461216,0.731445,-0.432922,-0.505188,0.149658,140.9762,341.5157,0
18.6700,2461226,0.729431,-0.443848,-0.497742,0.152344,141.4748,341.8055,0
18.6800,2461236,0.727356,-0.453613,-0.491089,0.154968,141.7791,341.9805,0
18.6900,2461246,0.725281,-0.463623,-0.483704,0.158386,142.1179,342.1387,0
18.7000,2461256,0.722717,-0.474182,-0.475891,0.162415,142.4842,342.2416,0
18.7100,2461266,0.718811,-0.485107,-0.469177,0.166931,142.7793,342.1111,0
18.7200,2461276,0.714600,-0.496704,-0.461365,0.172607,143.1785,341.9650,0
18.7300,2461286,0.709839,-0.509644,-0.451721,0.179687,143.7494,341.8284,0
18.7400,2461296,0.704590,-0.523010,-0.441406,0.187439,144.2175,341.5489,0
18.7500,2461306,0.699524,-0.534912,-0.431335,0.196045,144.5365,341.1111,0
18.7600,2461316,0.694641,-0.545654,-0.421204,0.205627,144.7504,340.5351,0
18.7700,2461326,0.690063,-0.555603,-0.410095,0.216675,144.9699,339.8592,0
18.7800,2461336,0.686584,-0.564026,-0.397400,0.229126,145.1696,339.1739,0
18.7900,2461346,0.683838,-0.570984,-0.384338,0.242126,145.2315,338.3970,0
18.8000,2461356,0.681396,-0.576843,-0.371094,0.255432,145.2737,337.5697,0
18.8100,2461366,0.679871,-0.581360,-0.356201,0.270020,145.3389,336.7822,0
18.8200,2461376,0.678772,-0.585449,-0.339294,0.285278,145.1828,335.8737,0
18.8300,2461386,0.676758,-0.589539,-0.323425,0.299683,144.8026,334.6565,0
18.8400,2461396,0.673706,-0.592896,-0.309631,0.314331,144.1328,333.1507,0
18.8500,2461406,0.669617,-0.595459,-0.298523,0.328552,142.8606,331.3562,0
18.8600,2461416,0.658325,-0.600525,-0.286255,0.352112,141.7904,329.5548,0
18.8700,2461426,0.653137,-0.602478,-0.277954,0.364929,140.7598,327.8114,0
18.8800,2461436,0.648499,-0.603821,-0.270020,0.376709,139.5546,326.0994,0
18.8900,2461446,0.644836,-0.604553,-0.263062,0.386719,138.0918,324.4476,0
18.9000,2461456,0.642456,-0.604736,-0.256226,0.394836,136.4271,322.9482,0
18.9100,2461466,0.640808,-0.604797,-0.249146,0.401917,134.6958,321.5735,0
18.9200,2461476,0.638916,-0.605957,-0.242920,0.406921,132.8361,320.3499,0
18.9300,2461486,0.635559,-0.609375,-0.237732,0.410156,130.9592,319.2654,0
18.9400,2461496,0.630554,-0.615295,-0.233459,0.411560,129.0844,318.3362,0
18.9500,2461506,0.624695,-0.622559,-0.228516,0.412292,127.3278,317.5577,0
18.9600,2461516,0.618713,-0.630005,-0.223450,0.412720,125.6103,316.8257,0
18.9700,2461526,0.612793,-0.637085,-0.218811,0.413208,123.9023,316.0500,0
18.9800,2461536,0.607483,-0.642822,-0.214233,0.414490,122.2193,315.1760,0
18.9900,2461546,0.602722,-0.647339,-0.210083,0.416565,120.5521,314.1873,0
19.0000,2461556,0.598145,-0.651062,-0.205811,0.419495,118.9636,313.1106,0
19.0100,2461566,0.593628,-0.654114,-0.202087,0.422974,117.3626,311.8958,0
