# Sesion:12 Fecha:2026-04-23 20:07:26 Shots:1 Duracion:19,29s
tSeg,ms,qw,qx,qy,qz,filteredElev,filteredYaw,shot
0.0000,55536,0.428101,-0.338745,0.628296,-0.554260,75.5470,12.1172,0
0.0100,55546,0.427246,-0.338562,0.628235,-0.555054,75.8008,11.9697,0
0.0200,55556,0.426758,-0.338623,0.627991,-0.555664,76.0553,11.7663,0
0.0300,55566,0.426453,-0.338867,0.627747,-0.556091,76.3084,11.5271,0
0.0400,55576,0.426208,-0.339172,0.627380,-0.556458,76.5461,11.2510,0
0.0500,55586,0.426147,-0.339539,0.626770,-0.556946,76.7864,10.8946,0
0.0600,55596,0.426514,-0.340332,0.626160,-0.556946,77.0447,10.4276,0
0.0700,55606,0.427551,-0.341370,0.625977,-0.555725,77.3161,9.9579,0
0.0800,55616,0.428589,-0.342468,0.626160,-0.554077,77.5168,9.5163,0
0.0900,55626,0.429626,-0.343323,0.625610,-0.553284,77.7046,9.0882,0
0.1000,55636,0.430542,-0.344299,0.624817,-0.552917,77.8783,8.8024,0
0.1100,55646,0.430847,-0.344543,0.624634,-0.552673,78.0391,8.5392,0
0.1200,55656,0.430908,-0.344604,0.624573,-0.552612,78.1913,8.2822,0
0.1300,55666,0.430847,-0.344910,0.624268,-0.552917,78.3341,8.0229,0
0.1400,55676,0.430786,-0.345276,0.623901,-0.553162,78.4693,7.7583,0
0.1500,55686,0.430725,-0.345581,0.623535,-0.553406,78.6003,7.4990,0
0.1600,55696,0.430664,-0.346191,0.623047,-0.553650,78.7303,7.2019,0
0.1700,55706,0.431519,-0.347595,0.622009,-0.553284,78.8652,6.7439,0
0.1800,55716,0.432861,-0.349426,0.620667,-0.552551,79.0018,6.1912,0
0.1900,55726,0.434631,-0.351074,0.619080,-0.551880,79.1359,5.6175,0
0.2000,55736,0.435425,-0.351685,0.618591,-0.551453,79.2568,5.2464,0
0.2100,55746,0.435669,-0.351929,0.618408,-0.551331,79.3680,4.9602,0
0.2200,55756,0.435730,-0.351929,0.618347,-0.551270,79.4696,4.7176,0
0.2300,55766,0.435730,-0.351929,0.618347,-0.551270,79.5654,4.4831,0
0.2400,55776,0.435730,-0.351929,0.618347,-0.551270,79.6559,4.2486,0
0.2500,55786,0.435730,-0.352112,0.617981,-0.551575,79.7442,4.0069,0
0.2600,55796,0.435669,-0.352295,0.617676,-0.551880,79.8314,3.7645,0
0.2700,55806,0.435608,-0.352539,0.617310,-0.552185,79.9180,3.5223,0
0.2800,55816,0.435486,-0.352661,0.617065,-0.552490,80.0008,3.2878,0
0.2900,55826,0.435364,-0.352844,0.616699,-0.552856,80.0820,3.0613,0
0.3000,55836,0.435181,-0.352966,0.616455,-0.553162,80.1623,2.8379,0
0.3100,55846,0.435059,-0.353149,0.616150,-0.553467,80.2452,2.6137,0
0.3200,55856,0.434937,-0.353333,0.615906,-0.553711,80.3289,2.3887,0
0.3300,55866,0.434692,-0.353638,0.615601,-0.554077,80.4049,2.1702,0
0.3400,55876,0.434631,-0.353577,0.615662,-0.554138,80.4759,1.9185,0
0.3500,55886,0.434753,-0.353638,0.615540,-0.554077,80.5480,1.5994,0
0.3600,55896,0.435242,-0.354065,0.615173,-0.553833,80.6148,1.2631,0
0.3700,55906,0.435852,-0.354614,0.614807,-0.553467,80.6806,0.9206,0
0.3800,55916,0.436951,-0.355652,0.614075,-0.552734,80.7402,0.5927,0
0.3900,55926,0.437439,-0.356079,0.613708,-0.552429,80.7956,0.2787,0
0.4000,55936,0.437805,-0.356384,0.613464,-0.552246,80.8451,359.9887,0
0.4100,55946,0.437927,-0.356567,0.613342,-0.552185,80.8921,359.7358,0
0.4200,55956,0.437927,-0.356689,0.613098,-0.552307,80.9382,359.4977,0
0.4300,55966,0.437927,-0.356934,0.612915,-0.552429,80.9825,359.2591,0
0.4400,55976,0.437988,-0.357117,0.612610,-0.552612,81.0253,359.0156,0
0.4500,55986,0.437988,-0.357544,0.612183,-0.552795,81.0662,358.7598,0
0.4600,55996,0.438049,-0.358093,0.611511,-0.553101,81.0986,358.4819,0
0.4700,56006,0.438293,-0.358459,0.610901,-0.553345,81.1278,358.2084,0
0.4800,56016,0.438416,-0.358643,0.610229,-0.553955,81.1462,357.9709,0
0.4900,56026,0.438538,-0.358704,0.609680,-0.554382,81.1775,357.7409,0
0.5000,56036,0.438599,-0.358826,0.609314,-0.554687,81.2191,357.5076,0
0.5100,56046,0.438660,-0.359070,0.608887,-0.554932,81.2635,357.2683,0
0.5200,56056,0.438782,-0.359192,0.608521,-0.555115,81.3087,357.0256,0
0.5300,56066,0.438843,-0.359497,0.608215,-0.555237,81.3632,356.7761,0
0.5400,56076,0.438843,-0.359863,0.607849,-0.555420,81.4108,356.5343,0
0.5500,56086,0.438904,-0.359863,0.607544,-0.555603,81.4537,356.3078,0
0.5600,56096,0.438782,-0.359802,0.607422,-0.555908,81.4993,356.1118,0
0.5700,56106,0.438538,-0.359680,0.607422,-0.556152,81.5462,355.9382,0
0.5800,56116,0.438293,-0.359558,0.607483,-0.556458,81.5955,355.7652,0
0.5900,56126,0.437988,-0.359375,0.607483,-0.556763,81.6335,355.6086,0
0.6000,56136,0.437744,-0.359070,0.607544,-0.557068,81.6784,355.4388,0
0.6100,56146,0.437500,-0.358887,0.607666,-0.557251,81.7223,355.2443,0
0.6200,56156,0.437378,-0.358826,0.607727,-0.557312,81.7618,355.0448,0
0.6300,56166,0.437256,-0.358826,0.607727,-0.557434,81.7922,354.8540,0
0.6400,56176,0.437134,-0.358765,0.607605,-0.557678,81.8242,354.7077,0
0.6500,56186,0.435669,-0.358032,0.608154,-0.558716,81.8551,354.6537,0
0.6600,56196,0.434387,-0.357178,0.608765,-0.559631,81.8841,354.6566,0
0.6700,56206,0.433289,-0.356384,0.609314,-0.560364,81.9200,354.6332,0
0.6800,56216,0.432800,-0.356262,0.609558,-0.560547,81.9673,354.4834,0
0.6900,56226,0.432373,-0.356079,0.609680,-0.560852,82.0003,354.3296,0
0.7000,56236,0.431641,-0.355713,0.609863,-0.561462,82.0259,354.2345,0
0.7100,56246,0.430664,-0.355103,0.610168,-0.562256,82.0455,354.1840,0
0.7200,56256,0.429565,-0.354309,0.610657,-0.563049,82.0696,354.1555,0
0.7300,56266,0.428467,-0.353516,0.611206,-0.563843,82.0998,354.1362,0
0.7400,56276,0.427490,-0.352722,0.611694,-0.564514,82.1302,354.0972,0
0.7500,56286,0.426819,-0.352173,0.612000,-0.565002,82.1639,354.0053,0
0.7600,56296,0.426514,-0.351929,0.612061,-0.565369,82.1977,353.8521,0
0.7700,56306,0.426331,-0.351807,0.612061,-0.565552,82.2323,353.6673,0
0.7800,56316,0.426208,-0.351746,0.612061,-0.565674,82.2646,353.4743,0
0.7900,56326,0.425964,-0.351624,0.612122,-0.565857,82.2929,353.2932,0
0.8000,56336,0.425659,-0.351440,0.612244,-0.566101,82.3198,353.1352,0
0.8100,56346,0.425476,-0.351318,0.612244,-0.566345,82.3538,352.9521,0
0.8200,56356,0.425415,-0.351379,0.612183,-0.566406,82.3885,352.7413,0
0.8300,56366,0.425354,-0.351501,0.612122,-0.566406,82.4238,352.5251,0
0.8400,56376,0.425293,-0.351501,0.612122,-0.566406,82.4597,352.3092,0
0.8500,56386,0.425232,-0.351624,0.612122,-0.566467,82.4921,352.0913,0
0.8600,56396,0.425232,-0.351685,0.612061,-0.566467,82.5205,351.8639,0
0.8700,56406,0.425293,-0.351807,0.611938,-0.566467,82.5529,351.6079,0
0.8800,56416,0.425537,-0.352051,0.611755,-0.566345,82.5861,351.3205,0
0.8900,56426,0.425903,-0.352417,0.611450,-0.566101,82.6159,351.0401,0
0.9000,56436,0.426270,-0.352844,0.611206,-0.565918,82.6435,350.7728,0
0.9100,56446,0.426514,-0.353210,0.610962,-0.565796,82.6692,350.5258,0
0.9200,56456,0.426636,-0.353455,0.610718,-0.565735,82.6925,350.2921,0
0.9300,56466,0.426819,-0.353760,0.610474,-0.565674,82.7175,350.0635,0
0.9400,56476,0.426880,-0.353943,0.610352,-0.565613,82.7432,349.8348,0
0.9500,56486,0.426941,-0.354187,0.610291,-0.565552,82.7676,349.6039,0
0.9600,56496,0.427063,-0.354370,0.610168,-0.565430,82.7938,349.3694,0
0.9700,56506,0.427124,-0.354553,0.610107,-0.565308,82.8199,349.1336,0
0.9800,56516,0.427246,-0.354736,0.610107,-0.565186,82.8476,348.9040,0
0.9900,56526,0.427246,-0.354858,0.610168,-0.565002,82.8739,348.6816,0
1.0000,56536,0.427307,-0.354980,0.610168,-0.564880,82.8936,348.4614,0
1.0100,56546,0.427307,-0.355103,0.610107,-0.564880,82.9082,348.2479,0
1.0200,56556,0.427368,-0.355164,0.609985,-0.564880,82.9214,348.0361,0
1.0300,56566,0.427429,-0.355286,0.609924,-0.564880,82.9339,347.8205,0
1.0400,56576,0.427429,-0.355347,0.609863,-0.564880,82.9441,347.6052,0
1.0500,56586,0.427490,-0.355469,0.609741,-0.564880,82.9567,347.3880,0
1.0600,56596,0.427551,-0.355591,0.609680,-0.564819,82.9712,347.1712,0
1.0700,56606,0.427612,-0.355713,0.609558,-0.564819,82.9832,346.9514,0
1.0800,56616,0.427673,-0.355835,0.609436,-0.564819,82.9934,346.7374,0
1.0900,56626,0.427734,-0.355896,0.609375,-0.564819,83.0037,346.5313,0
1.1000,56636,0.427673,-0.355896,0.609375,-0.564880,83.0129,346.3290,0
1.1100,56646,0.427673,-0.355957,0.609314,-0.564941,83.0228,346.1279,0
1.1200,56656,0.427612,-0.355957,0.609253,-0.565002,83.0322,345.9278,0
1.1300,56666,0.427612,-0.356018,0.609192,-0.565002,83.0455,345.7242,0
1.1400,56676,0.427612,-0.356079,0.609131,-0.565063,83.0575,345.5183,0
1.1500,56686,0.427673,-0.356140,0.609070,-0.565063,83.0671,345.3130,0
1.1600,56696,0.427673,-0.356201,0.609009,-0.565063,83.0763,345.1118,0
1.1700,56706,0.427673,-0.356262,0.608948,-0.565125,83.0850,344.9135,0
1.1800,56716,0.427612,-0.356262,0.608948,-0.565186,83.0926,344.7181,0
1.1900,56726,0.427612,-0.356262,0.608887,-0.565247,83.0993,344.5225,0
1.2000,56736,0.427612,-0.356323,0.608765,-0.565308,83.1068,344.3260,0
1.2100,56746,0.427551,-0.356323,0.608765,-0.565369,83.1140,344.1288,0
1.2200,56756,0.427551,-0.356384,0.608704,-0.565369,83.1221,343.9334,0
1.2300,56766,0.427551,-0.356384,0.608643,-0.565491,83.1305,343.7387,0
1.2400,56776,0.427551,-0.356384,0.608643,-0.565491,83.1420,343.5440,0
1.2500,56786,0.427490,-0.356384,0.608582,-0.565552,83.1517,343.3506,0
1.2600,56796,0.427490,-0.356445,0.608582,-0.565552,83.1591,343.1573,0
1.2700,56806,0.427490,-0.356445,0.608521,-0.565613,83.1656,342.9623,0
1.2800,56816,0.427429,-0.356506,0.608521,-0.565613,83.1723,342.7709,0
1.2900,56826,0.427429,-0.356506,0.608459,-0.565674,83.1799,342.5803,0
1.3000,56836,0.427429,-0.356506,0.608398,-0.565735,83.1866,342.3881,0
1.3100,56846,0.427368,-0.356567,0.608398,-0.565735,83.1923,342.1995,0
1.3200,56856,0.427368,-0.356567,0.608337,-0.565796,83.1971,342.0075,0
1.3300,56866,0.427368,-0.356628,0.608276,-0.565857,83.2054,341.8159,0
1.3400,56876,0.427307,-0.356628,0.608276,-0.565857,83.2145,341.6273,0
1.3500,56886,0.427307,-0.356628,0.608276,-0.565918,83.2231,341.4380,0
1.3600,56896,0.427307,-0.356689,0.608215,-0.565918,83.2301,341.2501,0
1.3700,56906,0.427246,-0.356689,0.608215,-0.565979,83.2367,341.0610,0
1.3800,56916,0.427246,-0.356689,0.608154,-0.565979,83.2425,340.8748,0
1.3900,56926,0.427246,-0.356750,0.608154,-0.566040,83.2479,340.6897,0
1.4000,56936,0.427246,-0.356750,0.608093,-0.566040,83.2519,340.5038,0
1.4100,56946,0.427185,-0.356750,0.608093,-0.566101,83.2557,340.3162,0
1.4200,56956,0.427185,-0.356812,0.608032,-0.566101,83.2598,340.1303,0
1.4300,56966,0.427185,-0.356812,0.608032,-0.566162,83.2638,339.9462,0
1.4400,56976,0.427185,-0.356812,0.607971,-0.566162,83.2713,339.7633,0
1.4500,56986,0.427124,-0.356873,0.607971,-0.566223,83.2796,339.5795,0
1.4600,56996,0.427124,-0.356873,0.607910,-0.566223,83.2869,339.3937,0
1.4700,57006,0.427124,-0.356934,0.607849,-0.566284,83.2921,339.2074,0
1.4800,57016,0.427124,-0.356873,0.607788,-0.566345,83.2952,339.0248,0
1.4900,57026,0.427124,-0.356873,0.607727,-0.566467,83.2976,338.8425,0
1.5000,57036,0.427124,-0.356873,0.607605,-0.566528,83.2992,338.6612,0
1.5100,57046,0.427124,-0.356873,0.607544,-0.566650,83.3020,338.4810,0
1.5200,57056,0.427185,-0.356873,0.607483,-0.566711,83.3070,338.3004,0
1.5300,57066,0.427124,-0.356873,0.607422,-0.566772,83.3123,338.1203,0
1.5400,57076,0.427124,-0.356873,0.607422,-0.566772,83.3180,337.9400,0
1.5500,57086,0.427063,-0.356934,0.607422,-0.566772,83.3318,337.7579,0
1.5600,57096,0.427002,-0.356995,0.607422,-0.566772,83.3450,337.5789,0
1.5700,57106,0.426941,-0.357117,0.607483,-0.566711,83.3545,337.3983,0
1.5800,57116,0.426880,-0.357178,0.607544,-0.566650,83.3653,337.2177,0
1.5900,57126,0.426819,-0.357239,0.607605,-0.566589,83.3733,337.0383,0
1.6000,57136,0.426819,-0.357239,0.607544,-0.566650,83.3778,336.8578,0
1.6100,57146,0.426819,-0.357239,0.607544,-0.566650,83.3821,336.6797,0
1.6200,57156,0.426819,-0.357300,0.607483,-0.566650,83.3874,336.5017,0
1.6300,57166,0.426819,-0.357300,0.607483,-0.566711,83.3913,336.3247,0
1.6400,57176,0.426758,-0.357300,0.607361,-0.566833,83.3902,336.1529,0
1.6500,57186,0.426758,-0.357239,0.607361,-0.566956,83.3917,335.9848,0
1.6600,57196,0.426819,-0.357178,0.606750,-0.567566,83.3676,335.8189,0
1.6700,57206,0.426819,-0.357117,0.606628,-0.567688,83.3797,335.6462,0
1.6800,57216,0.426819,-0.357178,0.606567,-0.567749,83.3918,335.4706,0
1.6900,57226,0.426819,-0.357178,0.606567,-0.567810,83.4041,335.2968,0
1.7000,57236,0.426758,-0.357178,0.606506,-0.567810,83.4157,335.1223,0
1.7100,57246,0.426758,-0.357239,0.606506,-0.567871,83.4297,334.9473,0
1.7200,57256,0.426758,-0.357239,0.606445,-0.567871,83.4419,334.7738,0
1.7300,57266,0.426758,-0.357239,0.606445,-0.567871,83.4522,334.6010,0
1.7400,57276,0.426697,-0.357300,0.606384,-0.567932,83.4603,334.4268,0
1.7500,57286,0.426697,-0.357300,0.606384,-0.567993,83.4673,334.2534,0
1.7600,57296,0.426697,-0.357300,0.606323,-0.567993,83.4770,334.0804,0
1.7700,57306,0.426697,-0.357361,0.606323,-0.568054,83.4879,333.9085,0
1.7800,57316,0.426636,-0.357361,0.606323,-0.567993,83.5019,333.7357,0
1.7900,57326,0.426636,-0.357361,0.606384,-0.567932,83.5152,333.5638,0
1.8000,57336,0.426636,-0.357361,0.606445,-0.567871,83.5266,333.3924,0
1.8100,57346,0.426636,-0.357361,0.606445,-0.567871,83.5351,333.2216,0
1.8200,57356,0.426636,-0.357422,0.606445,-0.567932,83.5396,333.0507,0
1.8300,57366,0.426636,-0.357422,0.606384,-0.567932,83.5421,332.8786,0
1.8400,57376,0.426636,-0.357422,0.606323,-0.567993,83.5439,332.7074,0
1.8500,57386,0.426636,-0.357422,0.606262,-0.568054,83.5438,332.5391,0
1.8600,57396,0.426636,-0.357422,0.606262,-0.568115,83.5443,332.3734,0
1.8700,57406,0.426636,-0.357422,0.606201,-0.568115,83.5459,332.2064,0
1.8800,57416,0.426636,-0.357361,0.606140,-0.568237,83.5457,332.0411,0
1.8900,57426,0.426636,-0.357361,0.606079,-0.568298,83.5498,331.8749,0
1.9000,57436,0.426697,-0.357361,0.606018,-0.568359,83.5549,331.7071,0
1.9100,57446,0.426697,-0.357300,0.605957,-0.568420,83.5580,331.5389,0
1.9200,57456,0.426697,-0.357300,0.605896,-0.568481,83.5609,331.3719,0
1.9300,57466,0.426697,-0.357300,0.605774,-0.568604,83.5607,331.2048,0
1.9400,57476,0.426697,-0.357300,0.605713,-0.568665,83.5629,331.0382,0
1.9500,57486,0.426697,-0.357300,0.605652,-0.568726,83.5667,330.8710,0
1.9600,57496,0.426697,-0.357300,0.605652,-0.568726,83.5645,330.7073,0
1.9700,57506,0.426697,-0.357300,0.605530,-0.568848,83.5589,330.5437,0
1.9800,57516,0.426697,-0.357300,0.605286,-0.569153,83.5720,330.3773,0
1.9900,57526,0.426697,-0.357300,0.605225,-0.569153,83.5863,330.2108,0
2.0000,57536,0.426636,-0.357361,0.605225,-0.569153,83.6034,330.0473,0
2.0100,57546,0.426575,-0.357483,0.605347,-0.569031,83.6131,329.8841,0
2.0200,57556,0.426575,-0.357483,0.605347,-0.569031,83.6199,329.7186,0
2.0300,57566,0.426575,-0.357483,0.605347,-0.569092,83.6264,329.5515,0
2.0400,57576,0.426514,-0.357483,0.605286,-0.569092,83.6302,329.3883,0
2.0500,57586,0.426514,-0.357544,0.605286,-0.569092,83.6350,329.2258,0
2.0600,57596,0.426514,-0.357544,0.605286,-0.569153,83.6402,329.0618,0
2.0700,57606,0.426514,-0.357544,0.605225,-0.569153,83.6445,328.8994,0
2.0800,57616,0.426514,-0.357544,0.605225,-0.569153,83.6521,328.7353,0
2.0900,57626,0.426453,-0.357605,0.605286,-0.569153,83.6606,328.5717,0
2.1000,57636,0.426453,-0.357605,0.605286,-0.569092,83.6692,328.4117,0
2.1100,57646,0.426392,-0.357666,0.605286,-0.569092,83.6744,328.2527,0
2.1200,57656,0.426392,-0.357666,0.605286,-0.569153,83.6747,328.0923,0
2.1300,57666,0.426392,-0.357666,0.605225,-0.569153,83.6743,327.9324,0
2.1400,57676,0.426331,-0.357727,0.605225,-0.569153,83.6751,327.7725,0
2.1500,57686,0.426331,-0.357727,0.605225,-0.569153,83.6784,327.6126,0
2.1600,57696,0.426331,-0.357727,0.604980,-0.569458,83.6673,327.4536,0
2.1700,57706,0.426392,-0.357666,0.604736,-0.569763,83.6597,327.2953,0
2.1800,57716,0.426392,-0.357605,0.604614,-0.569885,83.6614,327.1349,0
2.1900,57726,0.426392,-0.357605,0.604553,-0.569946,83.6648,326.9760,0
2.2000,57736,0.426453,-0.357605,0.604492,-0.569946,83.6674,326.8166,0
2.2100,57746,0.426453,-0.357605,0.604431,-0.570007,83.6717,326.6581,0
2.2200,57756,0.426453,-0.357544,0.604370,-0.570068,83.6819,326.4984,0
2.2300,57766,0.426453,-0.357605,0.604370,-0.570068,83.6921,326.3405,0
2.2400,57776,0.426453,-0.357605,0.604370,-0.570129,83.7007,326.1833,0
2.2500,57786,0.426392,-0.357605,0.604370,-0.570129,83.7112,326.0257,0
2.2600,57796,0.426392,-0.357605,0.604309,-0.570129,83.7217,325.8678,0
2.2700,57806,0.426392,-0.357605,0.604309,-0.570190,83.7300,325.7102,0
2.2800,57816,0.426392,-0.357666,0.604248,-0.570190,83.7373,325.5537,0
2.2900,57826,0.426392,-0.357666,0.604248,-0.570251,83.7430,325.3960,0
2.3000,57836,0.426392,-0.357666,0.604248,-0.570251,83.7495,325.2416,0
2.3100,57846,0.426331,-0.357666,0.604187,-0.570251,83.7552,325.0860,0
2.3200,57856,0.426331,-0.357666,0.604187,-0.570312,83.7606,324.9307,0
2.3300,57866,0.426331,-0.357727,0.604187,-0.570312,83.7675,324.7760,0
2.3400,57876,0.426331,-0.357727,0.604187,-0.570312,83.7741,324.6226,0
2.3500,57886,0.426331,-0.357727,0.604187,-0.570312,83.7803,324.4688,0
2.3600,57896,0.426331,-0.357727,0.604126,-0.570374,83.7850,324.3159,0
2.3700,57906,0.426331,-0.357727,0.604126,-0.570374,83.7895,324.1646,0
2.3800,57916,0.426331,-0.357727,0.604126,-0.570374,83.7926,324.0107,0
2.3900,57926,0.426270,-0.357788,0.604126,-0.570374,83.7967,323.8571,0
2.4000,57936,0.426270,-0.357788,0.604065,-0.570374,83.8024,323.7062,0
2.4100,57946,0.426270,-0.357788,0.604065,-0.570435,83.8067,323.5546,0
2.4200,57956,0.426270,-0.357788,0.604065,-0.570435,83.8095,323.4029,0
2.4300,57966,0.426270,-0.357788,0.604065,-0.570435,83.8116,323.2521,0
2.4400,57976,0.426270,-0.357788,0.604065,-0.570435,83.8173,323.1002,0
2.4500,57986,0.426270,-0.357788,0.604004,-0.570496,83.8251,322.9485,0
2.4600,57996,0.426208,-0.357849,0.604004,-0.570496,83.8307,322.7983,0
2.4700,58006,0.426208,-0.357849,0.604004,-0.570496,83.8366,322.6477,0
2.4800,58016,0.426208,-0.357849,0.604004,-0.570496,83.8417,322.4967,0
2.4900,58026,0.426208,-0.357849,0.604004,-0.570496,83.8459,322.3456,0
2.5000,58036,0.426208,-0.357849,0.603943,-0.570557,83.8505,322.1958,0
2.5100,58046,0.426208,-0.357849,0.603943,-0.570557,83.8542,322.0464,0
2.5200,58056,0.426208,-0.357849,0.603943,-0.570557,83.8596,321.8963,0
2.5300,58066,0.426208,-0.357910,0.603943,-0.570557,83.8629,321.7475,0
2.5400,58076,0.426208,-0.357910,0.603943,-0.570618,83.8672,321.6008,0
2.5500,58086,0.426147,-0.357910,0.603882,-0.570618,83.8701,321.4516,0
2.5600,58096,0.426147,-0.357910,0.603882,-0.570618,83.8729,321.3034,0
2.5700,58106,0.426147,-0.357910,0.603882,-0.570618,83.8749,321.1549,0
2.5800,58116,0.426147,-0.357910,0.603882,-0.570618,83.8769,321.0079,0
2.5900,58126,0.426147,-0.357971,0.603821,-0.570679,83.8787,320.8637,0
2.6000,58136,0.426147,-0.357971,0.603821,-0.570679,83.8811,320.7185,0
2.6100,58146,0.426086,-0.357971,0.603821,-0.570679,83.8833,320.5725,0
2.6200,58156,0.426147,-0.357971,0.603760,-0.570740,83.8842,320.4270,0
2.6300,58166,0.426086,-0.357971,0.603760,-0.570740,83.8851,320.2834,0
2.6400,58176,0.426086,-0.357971,0.603760,-0.570740,83.8865,320.1382,0
2.6500,58186,0.426086,-0.357971,0.603760,-0.570740,83.8891,319.9897,0
2.6600,58196,0.426086,-0.357971,0.603760,-0.570740,83.8909,319.8437,0
2.6700,58206,0.426086,-0.358032,0.603760,-0.570801,83.8932,319.6986,0
2.6800,58216,0.426086,-0.358032,0.603699,-0.570801,83.8937,319.5552,0
2.6900,58226,0.426086,-0.358032,0.603699,-0.570801,83.8959,319.4123,0
2.7000,58236,0.426086,-0.358032,0.603699,-0.570801,83.8973,319.2695,0
2.7100,58246,0.426086,-0.358032,0.603699,-0.570862,83.9025,319.1269,0
2.7200,58256,0.426025,-0.358032,0.603638,-0.570862,83.9079,318.9847,0
2.7300,58266,0.426025,-0.358032,0.603638,-0.570862,83.9131,318.8419,0
2.7400,58276,0.426025,-0.358032,0.603638,-0.570862,83.9175,318.6993,0
2.7500,58286,0.426025,-0.358093,0.603638,-0.570923,83.9210,318.5558,0
2.7600,58296,0.426025,-0.358093,0.603577,-0.570923,83.9226,318.4128,0
2.7700,58306,0.426025,-0.358093,0.603577,-0.570923,83.9265,318.2709,0
2.7800,58316,0.426025,-0.358093,0.603577,-0.570923,83.9313,318.1286,0
2.7900,58326,0.426025,-0.358093,0.603577,-0.570984,83.9348,317.9893,0
2.8000,58336,0.426025,-0.358093,0.603577,-0.570984,83.9386,317.8494,0
2.8100,58346,0.426025,-0.358093,0.603516,-0.570984,83.9411,317.7094,0
2.8200,58356,0.425964,-0.358154,0.603516,-0.570984,83.9434,317.5686,0
2.8300,58366,0.425964,-0.358154,0.603516,-0.571045,83.9457,317.4299,0
2.8400,58376,0.425964,-0.358154,0.603516,-0.571045,83.9484,317.2914,0
2.8500,58386,0.425964,-0.358154,0.603455,-0.571045,83.9510,317.1526,0
2.8600,58396,0.425964,-0.358154,0.603455,-0.571045,83.9528,317.0141,0
2.8700,58406,0.425964,-0.358154,0.603455,-0.571045,83.9546,316.8739,0
2.8800,58416,0.425964,-0.358154,0.603455,-0.571045,83.9563,316.7352,0
2.8900,58426,0.425964,-0.358154,0.603455,-0.571106,83.9584,316.5973,0
2.9000,58436,0.425964,-0.358215,0.603455,-0.571106,83.9605,316.4592,0
2.9100,58446,0.425903,-0.358215,0.603394,-0.571106,83.9625,316.3217,0
2.9200,58456,0.425903,-0.358215,0.603394,-0.571106,83.9650,316.1829,0
2.9300,58466,0.425903,-0.358215,0.603394,-0.571106,83.9667,316.0461,0
2.9400,58476,0.425903,-0.358215,0.603394,-0.571167,83.9690,315.9090,0
2.9500,58486,0.425903,-0.358215,0.603394,-0.571167,83.9699,315.7728,0
2.9600,58496,0.425903,-0.358215,0.603394,-0.571167,83.9714,315.6355,0
2.9700,58506,0.425903,-0.358215,0.603394,-0.571167,83.9746,315.5008,0
2.9800,58516,0.425903,-0.358215,0.603394,-0.571167,83.9771,315.3626,0
2.9900,58526,0.425903,-0.358215,0.603394,-0.571167,83.9812,315.2271,0
3.0000,58536,0.425903,-0.358215,0.603394,-0.571167,83.9839,315.0919,0
3.0100,58546,0.425903,-0.358215,0.603394,-0.571167,83.9865,314.9553,0
3.0200,58556,0.425903,-0.358215,0.603394,-0.571167,83.9902,314.8201,0
3.0300,58566,0.425903,-0.358215,0.603394,-0.571167,83.9913,314.6853,0
3.0400,58576,0.425903,-0.358215,0.603394,-0.571167,83.9917,314.5501,0
3.0500,58586,0.425903,-0.358215,0.603394,-0.571167,83.9921,314.4159,0
3.0600,58596,0.425903,-0.358215,0.603394,-0.571167,83.9931,314.2820,0
3.0700,58606,0.425903,-0.358215,0.603394,-0.571167,83.9929,314.1479,0
3.0800,58616,0.425903,-0.358215,0.603394,-0.571167,83.9932,314.0148,0
3.0900,58626,0.425903,-0.358215,0.603394,-0.571167,83.9947,313.8817,0
3.1000,58636,0.425903,-0.358215,0.603394,-0.571167,83.9956,313.7485,0
3.1100,58646,0.425903,-0.358215,0.603394,-0.571167,83.9958,313.6168,0
3.1200,58656,0.425903,-0.358215,0.603394,-0.571167,83.9978,313.4845,0
3.1300,58666,0.425903,-0.358215,0.603394,-0.571167,83.9985,313.3512,0
3.1400,58676,0.425903,-0.358215,0.603394,-0.571167,83.9992,313.2214,0
3.1500,58686,0.425903,-0.358215,0.603394,-0.571167,83.9998,313.0893,0
3.1600,58696,0.425903,-0.358215,0.603394,-0.571167,84.0010,312.9586,0
3.1700,58706,0.425903,-0.358215,0.603394,-0.571167,84.0027,312.8281,0
3.1800,58716,0.425903,-0.358215,0.603394,-0.571167,84.0032,312.6969,0
3.1900,58726,0.425903,-0.358215,0.603394,-0.571167,84.0042,312.5658,0
3.2000,58736,0.425903,-0.358215,0.603394,-0.571167,84.0058,312.4369,0
3.2100,58746,0.425903,-0.358215,0.603394,-0.571167,84.0061,312.3083,0
3.2200,58756,0.425903,-0.358215,0.603394,-0.571167,84.0070,312.1787,0
3.2300,58766,0.425903,-0.358215,0.603394,-0.571167,84.0072,312.0493,0
3.2400,58776,0.425903,-0.358215,0.603394,-0.571167,84.0081,311.9208,0
3.2500,58786,0.425903,-0.358215,0.603394,-0.571167,84.0088,311.7912,0
3.2600,58796,0.425903,-0.358215,0.603394,-0.571167,84.0084,311.6630,0
3.2700,58806,0.425903,-0.358215,0.603394,-0.571167,84.0074,311.5345,0
3.2800,58816,0.425903,-0.358215,0.603394,-0.571167,84.0082,311.4074,0
3.2900,58826,0.425903,-0.358215,0.603394,-0.571167,84.0102,311.2795,0
3.3000,58836,0.425903,-0.358215,0.603394,-0.571167,84.0114,311.1518,0
3.3100,58846,0.425903,-0.358215,0.603394,-0.571167,84.0121,311.0243,0
3.3200,58856,0.425903,-0.358215,0.603394,-0.571167,84.0109,310.8972,0
3.3300,58866,0.425903,-0.358215,0.603394,-0.571167,84.0103,310.7723,0
3.3400,58876,0.425903,-0.358215,0.603394,-0.571167,84.0110,310.6457,0
3.3500,58886,0.425903,-0.358215,0.603394,-0.571167,84.0116,310.5180,0
3.3600,58896,0.425903,-0.358215,0.603394,-0.571167,84.0122,310.3916,0
3.3700,58906,0.425903,-0.358215,0.603394,-0.571167,84.0116,310.2662,0
3.3800,58916,0.425903,-0.358215,0.603394,-0.571167,84.0122,310.1405,0
3.3900,58926,0.425903,-0.358215,0.603394,-0.571167,84.0128,310.0129,0
3.4000,58936,0.425903,-0.358215,0.603394,-0.571167,84.0116,309.8874,0
3.4100,58946,0.425903,-0.358215,0.603394,-0.571167,84.0086,309.7629,0
3.4200,58956,0.425903,-0.358215,0.603394,-0.571167,84.0058,309.6378,0
3.4300,58966,0.425903,-0.358215,0.603394,-0.571167,84.0043,309.5123,0
3.4400,58976,0.425903,-0.358215,0.603394,-0.571167,84.0035,309.3857,0
3.4500,58986,0.425903,-0.358215,0.603394,-0.571167,84.0034,309.2606,0
3.4600,58996,0.425903,-0.358215,0.603394,-0.571167,84.0032,309.1388,0
3.4700,59006,0.425903,-0.358215,0.603394,-0.571167,84.0036,309.0168,0
3.4800,59016,0.425903,-0.358215,0.603394,-0.571167,84.0034,308.8949,0
3.4900,59026,0.425903,-0.358215,0.603394,-0.571167,84.0033,308.7721,0
3.5000,59036,0.425903,-0.358215,0.603394,-0.571167,84.0031,308.6519,0
3.5100,59046,0.425903,-0.358215,0.603394,-0.571167,84.0030,308.5313,0
3.5200,59056,0.425903,-0.358215,0.603394,-0.571167,84.0028,308.4088,0
3.5300,59066,0.425903,-0.358215,0.603394,-0.571167,84.0015,308.2861,0
3.5400,59076,0.425903,-0.358215,0.603394,-0.571167,84.0008,308.1635,0
3.5500,59086,0.425903,-0.358215,0.603394,-0.571167,83.9996,308.0436,0
3.5600,59096,0.425903,-0.358215,0.603394,-0.571167,83.9996,307.9224,0
3.5700,59106,0.425903,-0.358215,0.603394,-0.571167,83.9996,307.7996,0
3.5800,59116,0.425903,-0.358215,0.603394,-0.571167,84.0002,307.6797,0
3.5900,59126,0.425903,-0.358215,0.603394,-0.571167,84.0002,307.5607,0
3.6000,59136,0.425903,-0.358215,0.603394,-0.571167,84.0002,307.4403,0
3.6100,59146,0.425903,-0.358215,0.603394,-0.571167,83.9996,307.3200,0
3.6200,59156,0.425903,-0.358215,0.603394,-0.571167,83.9984,307.1981,0
3.6300,59166,0.425903,-0.358215,0.603394,-0.571167,83.9991,307.0770,0
3.6400,59176,0.425903,-0.358215,0.603394,-0.571167,83.9992,306.9585,0
3.6500,59186,0.425903,-0.358215,0.603394,-0.571167,83.9992,306.8412,0
3.6600,59196,0.425903,-0.358215,0.603394,-0.571167,83.9980,306.7218,0
3.6700,59206,0.425903,-0.358215,0.603394,-0.571167,83.9976,306.6034,0
3.6800,59216,0.425903,-0.358215,0.603394,-0.571167,83.9959,306.4847,0
3.6900,59226,0.425903,-0.358215,0.603394,-0.571167,83.9955,306.3681,0
3.7000,59236,0.425903,-0.358215,0.603394,-0.571167,83.9957,306.2512,0
3.7100,59246,0.425903,-0.358215,0.603394,-0.571167,83.9936,306.1333,0
3.7200,59256,0.425903,-0.358215,0.603394,-0.571167,83.9933,306.0172,0
3.7300,59266,0.425903,-0.358215,0.603394,-0.571167,83.9936,305.9007,0
3.7400,59276,0.425903,-0.358215,0.603394,-0.571167,83.9927,305.7834,0
3.7500,59286,0.425903,-0.358215,0.603394,-0.571167,83.9931,305.6675,0
3.7600,59296,0.425903,-0.358215,0.603394,-0.571167,83.9923,305.5506,0
3.7700,59306,0.425903,-0.358215,0.603394,-0.571167,83.9927,305.4351,0
3.7800,59316,0.425903,-0.358215,0.603394,-0.571167,83.9924,305.3194,0
3.7900,59326,0.425903,-0.358215,0.603394,-0.571167,83.9916,305.2045,0
3.8000,59336,0.425903,-0.358215,0.603394,-0.571167,83.9914,305.0898,0
3.8100,59346,0.425903,-0.358215,0.603394,-0.571167,83.9907,304.9760,0
3.8200,59356,0.425903,-0.358215,0.603394,-0.571167,83.9900,304.8625,0
3.8300,59366,0.425903,-0.358215,0.603394,-0.571167,83.9899,304.7513,0
3.8400,59376,0.425903,-0.358215,0.603394,-0.571167,83.9886,304.6370,0
3.8500,59386,0.425903,-0.358215,0.603394,-0.571167,83.9874,304.5222,0
3.8600,59396,0.425903,-0.358215,0.603394,-0.571167,83.9868,304.4083,0
3.8700,59406,0.425903,-0.358215,0.603394,-0.571167,83.9881,304.2939,0
3.8800,59416,0.425903,-0.358215,0.603394,-0.571167,83.9869,304.1786,0
3.8900,59426,0.425903,-0.358215,0.603394,-0.571167,83.9857,304.0642,0
3.9000,59436,0.425903,-0.358215,0.603394,-0.571167,83.9847,303.9506,0
3.9100,59446,0.425903,-0.358215,0.603394,-0.571167,83.9843,303.8379,0
3.9200,59456,0.425903,-0.358215,0.603394,-0.571167,83.9845,303.7253,0
3.9300,59466,0.425903,-0.358215,0.603394,-0.571167,83.9840,303.6129,0
3.9400,59476,0.425903,-0.358215,0.603394,-0.571167,83.9848,303.5002,0
3.9500,59486,0.425903,-0.358215,0.603394,-0.571167,83.9844,303.3871,0
3.9600,59496,0.425903,-0.358215,0.603394,-0.571167,83.9840,303.2754,0
3.9700,59506,0.425903,-0.358215,0.603394,-0.571167,83.9848,303.1628,0
3.9800,59516,0.425903,-0.358215,0.603394,-0.571167,83.9844,303.0492,0
3.9900,59526,0.425903,-0.358215,0.603394,-0.571167,83.9834,302.9379,0
4.0000,59536,0.425903,-0.358215,0.603394,-0.571167,83.9818,302.8256,0
4.0100,59546,0.425903,-0.358215,0.603394,-0.571167,83.9821,302.7133,0
4.0200,59556,0.425903,-0.358215,0.603394,-0.571167,83.9830,302.5999,0
4.0300,59566,0.425903,-0.358215,0.603394,-0.571167,83.9827,302.4891,0
4.0400,59576,0.425903,-0.358215,0.603394,-0.571167,83.9836,302.3754,0
4.0500,59586,0.425903,-0.358215,0.603394,-0.571167,83.9838,302.2637,0
4.0600,59596,0.425903,-0.358215,0.603394,-0.571167,83.9846,302.1521,0
4.0700,59606,0.425903,-0.358215,0.603394,-0.571167,83.9848,302.0410,0
4.0800,59616,0.425903,-0.358215,0.603394,-0.571167,83.9843,301.9315,0
4.0900,59626,0.425903,-0.358215,0.603394,-0.571167,83.9845,301.8210,0
4.1000,59636,0.425903,-0.358215,0.603394,-0.571167,83.9841,301.7125,0
4.1100,59646,0.425903,-0.358215,0.603394,-0.571167,83.9843,301.6051,0
4.1200,59656,0.425903,-0.358215,0.603394,-0.571167,83.9827,301.4984,0
4.1300,59666,0.425903,-0.358215,0.603394,-0.571167,83.9824,301.3913,0
4.1400,59676,0.425903,-0.358215,0.603394,-0.571167,83.9839,301.2831,0
4.1500,59686,0.425903,-0.358215,0.603394,-0.571167,83.9841,301.1750,0
4.1600,59696,0.425903,-0.358215,0.603394,-0.571167,83.9837,301.0659,0
4.1700,59706,0.425903,-0.358215,0.603394,-0.571167,83.9845,300.9570,0
4.1800,59716,0.425903,-0.358215,0.603394,-0.571167,83.9847,300.8483,0
4.1900,59726,0.425903,-0.358215,0.603394,-0.571167,83.9855,300.7392,0
4.2000,59736,0.425903,-0.358215,0.603394,-0.571167,83.9862,300.6328,0
4.2100,59746,0.425903,-0.358215,0.603394,-0.571167,83.9851,300.5272,0
4.2200,59756,0.425903,-0.358215,0.603394,-0.571167,83.9846,300.4205,0
4.2300,59766,0.425903,-0.358215,0.603394,-0.571167,83.9848,300.3143,0
4.2400,59776,0.425903,-0.358215,0.603394,-0.571167,83.9856,300.2095,0
4.2500,59786,0.425903,-0.358215,0.603394,-0.571167,83.9863,300.1037,0
4.2600,59796,0.425903,-0.358215,0.603394,-0.571167,83.9864,299.9994,0
4.2700,59806,0.425903,-0.358215,0.603394,-0.571167,83.9871,299.8951,0
4.2800,59816,0.425903,-0.358215,0.603394,-0.571167,83.9877,299.7891,0
4.2900,59826,0.425903,-0.358215,0.603394,-0.571167,83.9877,299.6841,0
4.3000,59836,0.425903,-0.358215,0.603394,-0.571167,83.9872,299.5822,0
4.3100,59846,0.425903,-0.358215,0.603394,-0.571167,83.9890,299.4774,0
4.3200,59856,0.425903,-0.358215,0.603394,-0.571167,83.9901,299.3745,0
4.3300,59866,0.425903,-0.358215,0.603394,-0.571167,83.9912,299.2700,0
4.3400,59876,0.425903,-0.358215,0.603394,-0.571167,83.9917,299.1657,0
4.3500,59886,0.425903,-0.358215,0.603394,-0.571167,83.9921,299.0634,0
4.3600,59896,0.425903,-0.358215,0.603394,-0.571167,83.9931,298.9590,0
4.3700,59906,0.425903,-0.358215,0.603394,-0.571167,83.9928,298.8549,0
4.3800,59916,0.425903,-0.358215,0.603394,-0.571167,83.9926,298.7510,0
4.3900,59926,0.425903,-0.358215,0.603394,-0.571167,83.9918,298.6479,0
4.4000,59936,0.425903,-0.358215,0.603394,-0.571167,83.9940,298.5448,0
4.4100,59946,0.425903,-0.358215,0.603394,-0.571167,83.9943,298.4413,0
4.4200,59956,0.425903,-0.358215,0.603394,-0.571167,83.9946,298.3387,0
4.4300,59966,0.425903,-0.358215,0.603394,-0.571167,83.9960,298.2365,0
4.4400,59976,0.425903,-0.358215,0.603394,-0.571167,83.9962,298.1345,0
4.4500,59986,0.425903,-0.358215,0.603394,-0.571167,83.9958,298.0338,0
4.4600,59996,0.425903,-0.358215,0.603394,-0.571167,83.9966,297.9327,0
4.4700,60006,0.425903,-0.358215,0.603394,-0.571167,83.9968,297.8293,0
4.4800,60016,0.425903,-0.358215,0.603394,-0.571167,83.9969,297.7279,0
4.4900,60026,0.425903,-0.358215,0.603394,-0.571167,83.9977,297.6273,0
4.5000,60036,0.425903,-0.358215,0.603394,-0.571167,83.9990,297.5270,0
4.5100,60046,0.425903,-0.358215,0.603394,-0.571167,84.0008,297.4251,0
4.5200,60056,0.425903,-0.358215,0.603394,-0.571167,84.0014,297.3240,0
4.5300,60066,0.425903,-0.358215,0.603394,-0.571167,84.0025,297.2237,0
4.5400,60076,0.425903,-0.358215,0.603394,-0.571167,84.0030,297.1224,0
4.5500,60086,0.425903,-0.358215,0.603394,-0.571167,84.0040,297.0218,0
4.5600,60096,0.425903,-0.358215,0.603394,-0.571167,84.0044,296.9207,0
4.5700,60106,0.425903,-0.358215,0.603394,-0.571167,84.0054,296.8204,0
4.5800,60116,0.425903,-0.358215,0.603394,-0.571167,84.0057,296.7204,0
4.5900,60126,0.425903,-0.358215,0.603394,-0.571167,84.0060,296.6212,0
4.6000,60136,0.425903,-0.358215,0.603394,-0.571167,84.0063,296.5220,0
4.6100,60146,0.425903,-0.358215,0.603394,-0.571167,84.0060,296.4227,0
4.6200,60156,0.425903,-0.358215,0.603394,-0.571167,84.0051,296.3248,0
4.6300,60166,0.425903,-0.358215,0.603394,-0.571167,84.0060,296.2260,0
4.6400,60176,0.425903,-0.358215,0.603394,-0.571167,84.0069,296.1288,0
4.6500,60186,0.425903,-0.358215,0.603394,-0.571167,84.0054,296.0305,0
4.6600,60196,0.425903,-0.358215,0.603394,-0.571167,84.0051,295.9324,0
4.6700,60206,0.425903,-0.358215,0.603394,-0.571167,84.0054,295.8344,0
4.6800,60216,0.425903,-0.358215,0.603394,-0.571167,84.0070,295.7359,0
4.6900,60226,0.425903,-0.358215,0.603394,-0.571167,84.0072,295.6382,0
4.7000,60236,0.425903,-0.358215,0.603394,-0.571167,84.0068,295.5413,0
4.7100,60246,0.425903,-0.358215,0.603394,-0.571167,84.0077,295.4458,0
4.7200,60256,0.425903,-0.358215,0.603394,-0.571167,84.0085,295.3499,0
4.7300,60266,0.425903,-0.358215,0.603394,-0.571167,84.0087,295.2542,0
4.7400,60276,0.425903,-0.358215,0.603394,-0.571167,84.0094,295.1573,0
4.7500,60286,0.425903,-0.358215,0.603394,-0.571167,84.0083,295.0632,0
4.7600,60296,0.425903,-0.358215,0.603394,-0.571167,84.0079,294.9673,0
4.7700,60306,0.425903,-0.358215,0.603394,-0.571167,84.0075,294.8741,0
4.7800,60316,0.425903,-0.358215,0.603394,-0.571167,84.0072,294.7780,0
4.7900,60326,0.425903,-0.358215,0.603394,-0.571167,84.0068,294.6823,0
4.8000,60336,0.425903,-0.358215,0.603394,-0.571167,84.0076,294.5854,0
4.8100,60346,0.425903,-0.358215,0.603394,-0.571167,84.0085,294.4899,0
4.8200,60356,0.425903,-0.358215,0.603394,-0.571167,84.0086,294.3951,0
4.8300,60366,0.425903,-0.358215,0.603394,-0.571167,84.0094,294.3000,0
4.8400,60376,0.425903,-0.358215,0.603394,-0.571167,84.0095,294.2069,0
4.8500,60386,0.425903,-0.358215,0.603394,-0.571167,84.0096,294.1128,0
4.8600,60396,0.425903,-0.358215,0.603394,-0.571167,84.0091,294.0195,0
4.8700,60406,0.425903,-0.358215,0.603394,-0.571167,84.0087,293.9261,0
4.8800,60416,0.425903,-0.358215,0.603394,-0.571167,84.0082,293.8339,0
4.8900,60426,0.425903,-0.358215,0.603394,-0.571167,84.0072,293.7419,0
4.9000,60436,0.425903,-0.358215,0.603394,-0.571167,84.0069,293.6494,0
4.9100,60446,0.425903,-0.358215,0.603394,-0.571167,84.0059,293.5568,0
4.9200,60456,0.425903,-0.358215,0.603394,-0.571167,84.0056,293.4647,0
4.9300,60466,0.425903,-0.358215,0.603394,-0.571167,84.0054,293.3738,0
4.9400,60476,0.425903,-0.358215,0.603394,-0.571167,84.0051,293.2818,0
4.9500,60486,0.425903,-0.358215,0.603394,-0.571167,84.0048,293.1920,0
4.9600,60496,0.425903,-0.358215,0.603394,-0.571167,84.0040,293.1013,0
4.9700,60506,0.425903,-0.358215,0.603394,-0.571167,84.0032,293.0093,0
4.9800,60516,0.425903,-0.358215,0.603394,-0.571167,84.0025,292.9184,0
4.9900,60526,0.425903,-0.358215,0.603394,-0.571167,84.0017,292.8276,0
5.0000,60536,0.425903,-0.358215,0.603394,-0.571167,84.0028,292.7362,0
5.0100,60546,0.425903,-0.358215,0.603394,-0.571167,84.0021,292.6444,0
5.0200,60556,0.425903,-0.358215,0.603394,-0.571167,84.0008,292.5546,0
5.0300,60566,0.425903,-0.358215,0.603394,-0.571167,84.0014,292.4663,0
5.0400,60576,0.425903,-0.358215,0.603394,-0.571167,84.0013,292.3764,0
5.0500,60586,0.425903,-0.358215,0.603394,-0.571167,84.0006,292.2897,0
5.0600,60596,0.425903,-0.358215,0.603394,-0.571167,84.0006,292.2007,0
5.0700,60606,0.425903,-0.358215,0.603394,-0.571167,84.0000,292.1104,0
5.0800,60616,0.425903,-0.358215,0.603394,-0.571167,83.9988,292.0197,0
5.0900,60626,0.425903,-0.358215,0.603394,-0.571167,84.0000,291.9299,0
5.1000,60636,0.425903,-0.358215,0.603394,-0.571167,83.9994,291.8397,0
5.1100,60646,0.425903,-0.358215,0.603394,-0.571167,84.0001,291.7503,0
5.1200,60656,0.425903,-0.358215,0.603394,-0.571167,84.0001,291.6624,0
5.1300,60666,0.425903,-0.358215,0.603394,-0.571167,84.0007,291.5740,0
5.1400,60676,0.425903,-0.358215,0.603394,-0.571167,84.0018,291.4840,0
5.1500,60686,0.425903,-0.358215,0.603394,-0.571167,84.0017,291.3947,0
5.1600,60696,0.425903,-0.358215,0.603394,-0.571167,83.9998,291.3082,0
5.1700,60706,0.425903,-0.358215,0.603394,-0.571167,83.9999,291.2206,0
5.1800,60716,0.425903,-0.358215,0.603394,-0.571167,83.9993,291.1331,0
5.1900,60726,0.425903,-0.358215,0.603394,-0.571167,83.9987,291.0458,0
5.2000,60736,0.425903,-0.358215,0.603394,-0.571167,83.9982,290.9581,0
5.2100,60746,0.425903,-0.358215,0.603394,-0.571167,83.9971,290.8685,0
5.2200,60756,0.425903,-0.358215,0.603394,-0.571167,83.9972,290.7816,0
5.2300,60766,0.425903,-0.358215,0.603394,-0.571167,83.9968,290.6970,0
5.2400,60776,0.425903,-0.358215,0.603394,-0.571167,83.9963,290.6125,0
5.2500,60786,0.425903,-0.358215,0.603394,-0.571167,83.9965,290.5250,0
5.2600,60796,0.425903,-0.358215,0.603394,-0.571167,83.9967,290.4390,0
5.2700,60806,0.425903,-0.358215,0.603394,-0.571167,83.9969,290.3539,0
5.2800,60816,0.425903,-0.358215,0.603394,-0.571167,83.9976,290.2687,0
5.2900,60826,0.425903,-0.358215,0.603394,-0.571167,83.9995,290.1812,0
5.3000,60836,0.425903,-0.358215,0.603394,-0.571167,83.9989,290.0940,0
5.3100,60846,0.425903,-0.358215,0.603394,-0.571167,83.9984,290.0093,0
5.3200,60856,0.425903,-0.358215,0.603394,-0.571167,83.9979,289.9243,0
5.3300,60866,0.425903,-0.358215,0.603394,-0.571167,83.9986,289.8387,0
5.3400,60876,0.425903,-0.358215,0.603394,-0.571167,83.9981,289.7533,0
5.3500,60886,0.425903,-0.358215,0.603394,-0.571167,83.9976,289.6686,0
5.3600,60896,0.425903,-0.358215,0.603394,-0.571167,83.9977,289.5842,0
5.3700,60906,0.425903,-0.358215,0.603394,-0.571167,83.9978,289.4994,0
5.3800,60916,0.425903,-0.358215,0.603394,-0.571167,83.9967,289.4142,0
5.3900,60926,0.425903,-0.358215,0.603394,-0.571167,83.9963,289.3305,0
5.4000,60936,0.425903,-0.358215,0.603394,-0.571167,83.9959,289.2507,0
5.4100,60946,0.425903,-0.358215,0.603394,-0.571167,83.9967,289.1678,0
5.4200,60956,0.425903,-0.358215,0.603394,-0.571167,83.9963,289.0852,0
5.4300,60966,0.425903,-0.358215,0.603394,-0.571167,83.9959,289.0009,0
5.4400,60976,0.425903,-0.358215,0.603394,-0.571167,83.9961,288.9174,0
5.4500,60986,0.425903,-0.358215,0.603394,-0.571167,83.9963,288.8346,0
5.4600,60996,0.425903,-0.358215,0.603394,-0.571167,83.9959,288.7532,0
5.4700,61006,0.425903,-0.358215,0.603394,-0.571167,83.9943,288.6702,0
5.4800,61016,0.425903,-0.358215,0.603394,-0.571167,83.9952,288.5884,0
5.4900,61026,0.425903,-0.358215,0.603394,-0.571167,83.9954,288.5058,0
5.5000,61036,0.425903,-0.358215,0.603394,-0.571167,83.9950,288.4250,0
5.5100,61046,0.425903,-0.358215,0.603394,-0.571167,83.9953,288.3438,0
5.5200,61056,0.425903,-0.358215,0.603394,-0.571167,83.9949,288.2623,0
5.5300,61066,0.425903,-0.358215,0.603394,-0.571167,83.9952,288.1797,0
5.5400,61076,0.425903,-0.358215,0.603394,-0.571167,83.9972,288.0989,0
5.5500,61086,0.425903,-0.358215,0.603394,-0.571167,83.9979,288.0183,0
5.5600,61096,0.425903,-0.358215,0.603394,-0.571167,83.9980,287.9378,0
5.5700,61106,0.425903,-0.358215,0.603394,-0.571167,83.9987,287.8562,0
5.5800,61116,0.425903,-0.358215,0.603394,-0.571167,83.9988,287.7759,0
5.5900,61126,0.425903,-0.358215,0.603394,-0.571167,83.9977,287.6960,0
5.6000,61136,0.425903,-0.358215,0.603394,-0.571167,83.9972,287.6161,0
5.6100,61146,0.425903,-0.358215,0.603394,-0.571167,83.9979,287.5350,0
5.6200,61156,0.425903,-0.358215,0.603394,-0.571167,83.9974,287.4544,0
5.6300,61166,0.425903,-0.358215,0.603394,-0.571167,83.9970,287.3751,0
5.6400,61176,0.425903,-0.358215,0.603394,-0.571167,83.9971,287.2932,0
5.6500,61186,0.425903,-0.358215,0.603394,-0.571167,83.9967,287.2138,0
5.6600,61196,0.425903,-0.358215,0.603394,-0.571167,83.9968,287.1340,0
5.6700,61206,0.425903,-0.358215,0.603394,-0.571167,83.9964,287.0543,0
5.6800,61216,0.425903,-0.358215,0.603394,-0.571167,83.9948,286.9760,0
5.6900,61226,0.425903,-0.358215,0.603394,-0.571167,83.9933,286.8979,0
5.7000,61236,0.425903,-0.358215,0.603394,-0.571167,83.9942,286.8204,0
5.7100,61246,0.425903,-0.358215,0.603394,-0.571167,83.9927,286.7418,0
5.7200,61256,0.425903,-0.358215,0.603394,-0.571167,83.9931,286.6625,0
5.7300,61266,0.425903,-0.358215,0.603394,-0.571167,83.9928,286.5830,0
5.7400,61276,0.425903,-0.358215,0.603394,-0.571167,83.9920,286.5047,0
5.7500,61286,0.425903,-0.358215,0.603394,-0.571167,83.9924,286.4272,0
5.7600,61296,0.425903,-0.358215,0.603394,-0.571167,83.9940,286.3492,0
5.7700,61306,0.425903,-0.358215,0.603394,-0.571167,83.9931,286.2734,0
5.7800,61316,0.425903,-0.358215,0.603394,-0.571167,83.9928,286.1964,0
5.7900,61326,0.425903,-0.358215,0.603394,-0.571167,83.9920,286.1191,0
5.8000,61336,0.425903,-0.358215,0.603394,-0.571167,83.9936,286.0426,0
5.8100,61346,0.425903,-0.358215,0.603394,-0.571167,83.9945,285.9649,0
5.8200,61356,0.425903,-0.358215,0.603394,-0.571167,83.9966,285.8904,0
5.8300,61366,0.425903,-0.358215,0.603394,-0.571167,83.9985,285.8130,0
5.8400,61376,0.425903,-0.358215,0.603394,-0.571167,83.9998,285.7352,0
5.8500,61386,0.425903,-0.358215,0.603394,-0.571167,84.0016,285.6606,0
5.8600,61396,0.425903,-0.358215,0.603394,-0.571167,84.0027,285.5849,0
5.8700,61406,0.425903,-0.358215,0.603394,-0.571167,84.0037,285.5100,0
5.8800,61416,0.425903,-0.358215,0.603394,-0.571167,84.0059,285.4334,0
5.8900,61426,0.425903,-0.358215,0.603394,-0.571167,84.0062,285.3579,0
5.9000,61436,0.425903,-0.358215,0.603394,-0.571167,84.0065,285.2821,0
5.9100,61446,0.425903,-0.358215,0.603394,-0.571167,84.0068,285.2071,0
5.9200,61456,0.425903,-0.358215,0.603394,-0.571167,84.0088,285.1303,0
5.9300,61466,0.425903,-0.358215,0.603394,-0.571167,84.0101,285.0544,0
5.9400,61476,0.425903,-0.358215,0.603394,-0.571167,84.0096,284.9801,0
5.9500,61486,0.425903,-0.358215,0.603394,-0.571167,84.0092,284.9065,0
5.9600,61496,0.425903,-0.358215,0.603394,-0.571167,84.0087,284.8318,0
5.9700,61506,0.425903,-0.358215,0.603394,-0.571167,84.0083,284.7566,0
5.9800,61516,0.425903,-0.358215,0.603394,-0.571167,84.0084,284.6814,0
5.9900,61526,0.425903,-0.358215,0.603394,-0.571167,84.0074,284.6077,0
6.0000,61536,0.425903,-0.358215,0.603394,-0.571167,84.0065,284.5336,0
6.0100,61546,0.425903,-0.358215,0.603394,-0.571167,84.0073,284.4586,0
6.0200,61556,0.425903,-0.358215,0.603394,-0.571167,84.0070,284.3840,0
6.0300,61566,0.425903,-0.358215,0.603394,-0.571167,84.0066,284.3116,0
6.0400,61576,0.425903,-0.358215,0.603394,-0.571167,84.0063,284.2384,0
6.0500,61586,0.425903,-0.358215,0.603394,-0.571167,84.0072,284.1636,0
6.0600,61596,0.425903,-0.358215,0.603394,-0.571167,84.0068,284.0895,0
6.0700,61606,0.425903,-0.358215,0.603394,-0.571167,84.0053,284.0182,0
6.0800,61616,0.425903,-0.358215,0.603394,-0.571167,84.0020,283.9446,0
6.0900,61626,0.425903,-0.358215,0.603394,-0.571167,84.0007,283.8692,0
6.1000,61636,0.425903,-0.358215,0.603394,-0.571167,83.9983,283.7949,0
6.1100,61646,0.425903,-0.358215,0.603394,-0.571167,83.9954,283.7224,0
6.1200,61656,0.425903,-0.358215,0.603394,-0.571167,83.9915,283.6496,0
6.1300,61666,0.425903,-0.358215,0.603394,-0.571167,83.9890,283.5784,0
6.1400,61676,0.425903,-0.358215,0.603394,-0.571167,83.9877,283.5049,0
6.1500,61686,0.425903,-0.358215,0.603394,-0.571167,83.9848,283.4312,0
6.1600,61696,0.425903,-0.358215,0.603394,-0.571167,83.9844,283.3608,0
6.1700,61706,0.425903,-0.358215,0.603394,-0.571167,83.9834,283.2878,0
6.1800,61716,0.425903,-0.358215,0.603394,-0.571167,83.9824,283.2144,0
6.1900,61726,0.425903,-0.358215,0.603394,-0.571167,83.9797,283.1425,0
6.2000,61736,0.425903,-0.358215,0.603394,-0.571167,83.9754,283.0710,0
6.2100,61746,0.425903,-0.358215,0.603394,-0.571167,83.9713,283.0013,0
6.2200,61756,0.425842,-0.358215,0.603394,-0.571228,83.9681,282.9389,0
6.2300,61766,0.425476,-0.358093,0.603455,-0.571411,83.9533,282.9126,0
6.2400,61776,0.424744,-0.357788,0.603760,-0.571899,83.9250,282.9473,0
6.2500,61786,0.424072,-0.357544,0.603943,-0.572388,83.8936,282.9752,0
6.2600,61796,0.423462,-0.357361,0.604065,-0.572754,83.8715,282.9821,0
6.2700,61806,0.423035,-0.357239,0.604187,-0.573059,83.8570,282.9690,0
6.2800,61816,0.422729,-0.357239,0.604248,-0.573242,83.8506,282.9184,0
6.2900,61826,0.422485,-0.357239,0.604248,-0.573425,83.8408,282.8666,0
6.3000,61836,0.422241,-0.357300,0.604187,-0.573608,83.8276,282.8310,0
6.3100,61846,0.421814,-0.357361,0.604187,-0.573853,83.8116,282.8201,0
6.3200,61856,0.421326,-0.357300,0.604309,-0.574158,83.7877,282.8351,0
6.3300,61866,0.420532,-0.357178,0.604492,-0.574585,83.7467,282.8436,0
6.3400,61876,0.418762,-0.357605,0.604675,-0.575439,83.6889,282.8375,0
6.3500,61886,0.417725,-0.358154,0.604675,-0.575867,83.6148,282.8123,0
6.3600,61896,0.416809,-0.358948,0.604492,-0.576233,83.5436,282.7543,0
6.3700,61906,0.416199,-0.359802,0.604126,-0.576477,83.4906,282.6623,0
6.3800,61916,0.415771,-0.360779,0.603638,-0.576660,83.4517,282.5339,0
6.3900,61926,0.415588,-0.361938,0.602966,-0.576782,83.4193,282.3748,0
6.4000,61936,0.415283,-0.363098,0.602173,-0.577148,83.3681,282.2207,0
6.4100,61946,0.414612,-0.364319,0.601379,-0.577698,83.2943,282.1013,0
6.4200,61956,0.413818,-0.365540,0.600525,-0.578308,83.2176,281.9941,0
6.4300,61966,0.413208,-0.366943,0.599670,-0.578857,83.1602,281.8565,0
6.4400,61976,0.412781,-0.368408,0.598694,-0.579163,83.1323,281.6849,0
6.4500,61986,0.412476,-0.369873,0.597778,-0.579468,83.1209,281.5107,0
6.4600,61996,0.411987,-0.371399,0.596802,-0.579834,83.1123,281.3424,0
6.4700,62006,0.411377,-0.372681,0.595947,-0.580261,83.1143,281.2087,0
6.4800,62016,0.410583,-0.373901,0.595154,-0.580872,83.1208,281.1058,0
6.4900,62026,0.409912,-0.375122,0.594299,-0.581360,83.1447,280.9862,0
6.5000,62036,0.409241,-0.376404,0.593567,-0.581848,83.1914,280.8662,0
6.5100,62046,0.408447,-0.377563,0.592896,-0.582336,83.2434,280.7701,0
6.5200,62056,0.407471,-0.378601,0.592224,-0.583008,83.2939,280.6970,0
6.5300,62066,0.406494,-0.379639,0.591553,-0.583740,83.3424,280.6316,0
6.5400,62076,0.405334,-0.380737,0.590820,-0.584473,83.3801,280.5734,0
6.5500,62086,0.404053,-0.382019,0.590088,-0.585266,83.3922,280.4951,0
6.5600,62096,0.402832,-0.383484,0.589233,-0.586121,83.3997,280.4178,0
6.5700,62106,0.401489,-0.384949,0.588257,-0.586975,83.3839,280.3326,0
6.5800,62116,0.399902,-0.386780,0.587158,-0.588013,83.3905,280.2434,0
6.5900,62126,0.398376,-0.388550,0.586060,-0.588928,83.4337,280.1555,0
6.6000,62136,0.396973,-0.390259,0.585022,-0.589844,83.5014,280.0515,0
6.6100,62146,0.394775,-0.393494,0.583008,-0.591125,83.5936,279.9191,0
6.6200,62156,0.393982,-0.395081,0.581970,-0.591614,83.7151,279.7763,0
6.6300,62166,0.393188,-0.396729,0.580933,-0.592102,83.8666,279.6299,0
6.6400,62176,0.392761,-0.397888,0.580139,-0.592407,84.0638,279.4935,0
6.6500,62186,0.392334,-0.398682,0.579590,-0.592651,84.2930,279.3913,0
6.6600,62196,0.391846,-0.399231,0.579163,-0.592957,84.5359,279.3197,0
6.6700,62206,0.391296,-0.399841,0.578857,-0.593262,84.7836,279.2550,0
6.6800,62216,0.390686,-0.400391,0.578491,-0.593628,85.0162,279.1917,0
6.6900,62226,0.389954,-0.401184,0.578003,-0.594055,85.2084,279.1240,0
6.7000,62236,0.388977,-0.402222,0.577332,-0.594604,85.3547,279.0482,0
6.7100,62246,0.387878,-0.403564,0.576477,-0.595215,85.4688,278.9608,0
6.7200,62256,0.386597,-0.405090,0.575562,-0.595947,85.5552,278.8752,0
6.7300,62266,0.385132,-0.406799,0.574524,-0.596741,85.6285,278.7906,0
6.7400,62276,0.383728,-0.408447,0.573425,-0.597595,85.7144,278.7032,0
6.7500,62286,0.382446,-0.409973,0.572449,-0.598267,85.8181,278.6138,0
6.7600,62296,0.381165,-0.411499,0.571472,-0.598999,85.9338,278.5239,0
6.7700,62306,0.379944,-0.412964,0.570557,-0.599670,86.0740,278.4343,0
6.7800,62316,0.378662,-0.414490,0.569519,-0.600342,86.2151,278.3439,0
6.7900,62326,0.377197,-0.416260,0.568420,-0.601135,86.3494,278.2493,0
6.8000,62336,0.375671,-0.418091,0.567200,-0.601929,86.4837,278.1497,0
6.8100,62346,0.374146,-0.419922,0.565979,-0.602722,86.6299,278.0539,0
6.8200,62356,0.372620,-0.421570,0.564941,-0.603577,86.8247,277.9876,0
6.8300,62366,0.371155,-0.423035,0.563965,-0.604370,87.0455,277.9219,0
6.8400,62376,0.369812,-0.424377,0.562988,-0.605103,87.2966,277.8543,0
6.8500,62386,0.368591,-0.425598,0.562195,-0.605774,87.5713,277.7849,0
6.8600,62396,0.367615,-0.426636,0.561523,-0.606262,87.8571,277.7144,0
6.8700,62406,0.366699,-0.427612,0.560852,-0.606689,88.1344,277.6390,0
6.8800,62416,0.364868,-0.429687,0.559448,-0.607666,88.3675,277.5589,0
6.8900,62426,0.363647,-0.431213,0.558289,-0.608337,88.5384,277.4584,0
6.9000,62436,0.362183,-0.433044,0.556946,-0.609192,88.6649,277.3508,0
6.9100,62446,0.360474,-0.435181,0.555359,-0.610107,88.7688,277.2382,0
6.9200,62456,0.359070,-0.437134,0.553894,-0.610901,88.9010,277.1161,0
6.9300,62466,0.357849,-0.438843,0.552612,-0.611511,89.0847,276.9951,0
6.9400,62476,0.356812,-0.440186,0.551575,-0.612061,89.3140,276.8933,0
6.9500,62486,0.355835,-0.441345,0.550720,-0.612671,89.5690,276.8135,0
6.9600,62496,0.354858,-0.442322,0.549927,-0.613159,89.8422,276.7477,0
6.9700,62506,0.353638,-0.443481,0.549072,-0.613831,90.1343,276.6870,0
6.9800,62516,0.352600,-0.444397,0.548401,-0.614380,90.4520,276.6287,0
6.9900,62526,0.351746,-0.445190,0.547791,-0.614807,90.7852,276.5704,0
7.0000,62536,0.350952,-0.445984,0.547180,-0.615234,91.1181,276.5078,0
7.0100,62546,0.350159,-0.446716,0.546692,-0.615601,91.4459,276.4518,0
7.0200,62556,0.349426,-0.447388,0.546143,-0.616028,91.7673,276.3991,0
7.0300,62566,0.348633,-0.448059,0.545654,-0.616394,92.0664,276.3445,0
7.0400,62576,0.347778,-0.448914,0.545044,-0.616821,92.3479,276.2836,0
7.0500,62586,0.346802,-0.449951,0.544250,-0.617371,92.5933,276.2141,0
7.0600,62596,0.345642,-0.451111,0.543335,-0.617920,92.8193,276.1442,0
7.0700,62606,0.344482,-0.452332,0.542358,-0.618469,93.0451,276.0661,0
7.0800,62616,0.343445,-0.453552,0.541504,-0.619019,93.2863,275.9843,0
7.0900,62626,0.342529,-0.454590,0.540649,-0.619446,93.5710,275.9075,0
7.1000,62636,0.341675,-0.455566,0.539978,-0.619812,93.8651,275.8376,0
7.1100,62646,0.340942,-0.456360,0.539368,-0.620117,94.1609,275.7683,0
7.1200,62656,0.340271,-0.457092,0.538818,-0.620422,94.4469,275.6931,0
7.1300,62666,0.339661,-0.457886,0.538269,-0.620728,94.7201,275.6320,0
7.1400,62676,0.339111,-0.458374,0.537781,-0.621033,94.9669,275.5396,0
7.1500,62686,0.338379,-0.459412,0.536987,-0.621338,95.2019,275.4379,0
7.1600,62696,0.336853,-0.461365,0.535522,-0.622009,95.4463,275.3706,0
7.1700,62706,0.336182,-0.462097,0.534973,-0.622253,95.7151,275.2959,0
7.1800,62716,0.335693,-0.462708,0.534546,-0.622437,96.0039,275.2291,0
7.1900,62726,0.335266,-0.463196,0.534241,-0.622620,96.3039,275.1696,0
7.2000,62736,0.334961,-0.463501,0.534058,-0.622742,96.6134,275.1164,0
7.2100,62746,0.334717,-0.463684,0.533936,-0.622803,96.9266,275.0650,0
7.2200,62756,0.334595,-0.463806,0.533936,-0.622803,97.2438,275.0129,0
7.2300,62766,0.334595,-0.463745,0.533997,-0.622803,97.5747,274.9660,0
7.2400,62776,0.334778,-0.463501,0.534180,-0.622681,97.9187,274.9259,0
7.2500,62786,0.335205,-0.463013,0.534607,-0.622437,98.2821,274.8862,0
7.2600,62796,0.335876,-0.462402,0.535156,-0.622009,98.6561,274.8391,0
7.2700,62806,0.336792,-0.461670,0.535828,-0.621521,99.0252,274.7876,0
7.2800,62816,0.337830,-0.460815,0.536621,-0.620972,99.3849,274.7388,0
7.2900,62826,0.338989,-0.459778,0.537537,-0.620300,99.7463,274.6859,0
7.3000,62836,0.340515,-0.458435,0.538818,-0.619324,100.1292,274.6413,0
7.3100,62846,0.342590,-0.456421,0.540771,-0.617981,100.5679,274.6190,0
7.3200,62856,0.345154,-0.453796,0.542969,-0.616516,101.0520,274.6107,0
7.3300,62866,0.347717,-0.450928,0.545166,-0.615234,101.5115,274.6163,0
7.3400,62876,0.350098,-0.448181,0.547241,-0.614075,101.8790,274.6300,0
7.3500,62886,0.352356,-0.445557,0.549194,-0.612976,102.1774,274.6461,0
7.3600,62896,0.354309,-0.443359,0.550781,-0.612000,102.3406,274.6432,0
7.3700,62906,0.355957,-0.441345,0.552307,-0.611084,102.4982,274.6295,0
7.3800,62916,0.357849,-0.439331,0.553894,-0.610046,102.6678,274.6266,0
7.3900,62926,0.359680,-0.437134,0.555603,-0.608948,102.8276,274.6599,0
7.4000,62936,0.361633,-0.434570,0.557556,-0.607849,102.9618,274.7168,0
7.4100,62946,0.363464,-0.431824,0.559631,-0.606812,103.0525,274.7845,0
7.4200,62956,0.366516,-0.426636,0.563660,-0.604919,103.0748,274.8617,0
7.4300,62966,0.367676,-0.424438,0.565308,-0.604187,103.0264,274.9233,0
7.4400,62976,0.368896,-0.422607,0.566711,-0.603455,102.9309,274.9420,0
7.4500,62986,0.370178,-0.420959,0.567871,-0.602722,102.8097,274.9346,0
7.4600,62996,0.371338,-0.419373,0.569031,-0.601990,102.6701,274.9296,0
7.4700,63006,0.372620,-0.417725,0.570190,-0.601257,102.5399,274.9214,0
7.4800,63016,0.374268,-0.415894,0.571472,-0.600281,102.4599,274.8935,0
7.4900,63026,0.376465,-0.413635,0.573059,-0.598999,102.4450,274.8597,0
7.5000,63036,0.379089,-0.411133,0.574768,-0.597412,102.4582,274.8084,0
7.5100,63046,0.381958,-0.408447,0.576599,-0.595642,102.4926,274.7386,0
7.5200,63056,0.384766,-0.405884,0.578308,-0.593994,102.4777,274.6723,0
7.5300,63066,0.386963,-0.403992,0.579590,-0.592590,102.3277,274.5952,0
7.5400,63076,0.388611,-0.402771,0.580322,-0.591614,102.0504,274.4983,0
7.5500,63086,0.389771,-0.402100,0.580750,-0.590881,101.6814,274.3938,0
7.5600,63096,0.390564,-0.401855,0.580933,-0.590332,101.2527,274.2924,0
7.5700,63106,0.391113,-0.401733,0.580994,-0.590027,100.8073,274.2007,0
7.5800,63116,0.391541,-0.401611,0.581055,-0.589722,100.3644,274.1113,0
7.5900,63126,0.391968,-0.401611,0.581116,-0.589417,99.9358,274.0196,0
7.6000,63136,0.392456,-0.401489,0.581177,-0.589111,99.5350,273.9337,0
7.6100,63146,0.392822,-0.401428,0.581238,-0.588806,99.1525,273.8506,0
7.6200,63156,0.393127,-0.401428,0.581238,-0.588623,98.7636,273.7715,0
7.6300,63166,0.393188,-0.401611,0.581116,-0.588623,98.3075,273.6935,0
7.6400,63176,0.392944,-0.402100,0.580811,-0.588684,97.8408,273.6201,0
7.6500,63186,0.392517,-0.402710,0.580444,-0.588928,97.3472,273.5507,0
7.6600,63196,0.391846,-0.403625,0.579834,-0.589355,96.7899,273.4878,0
7.6700,63206,0.390564,-0.404968,0.578857,-0.590210,96.1351,273.4546,0
7.6800,63216,0.388428,-0.406982,0.577576,-0.591553,95.4062,273.4443,0
7.6900,63226,0.381836,-0.412537,0.573792,-0.595642,94.6719,273.4355,0
7.7000,63236,0.378052,-0.415649,0.571655,-0.597961,93.9684,273.4394,0
7.7100,63246,0.374390,-0.418823,0.569458,-0.600159,93.3415,273.4267,0
7.7200,63256,0.370972,-0.421875,0.567322,-0.602112,92.8139,273.3914,0
7.7300,63266,0.367920,-0.424744,0.565308,-0.603882,92.3932,273.3454,0
7.7400,63276,0.365051,-0.427307,0.563477,-0.605469,92.0631,273.3033,0
7.7500,63286,0.362305,-0.429687,0.561829,-0.606995,91.8095,273.2765,0
7.7600,63296,0.359497,-0.432007,0.560120,-0.608582,91.5859,273.2574,0
7.7700,63306,0.356628,-0.434448,0.558411,-0.610168,91.3889,273.2302,0
7.7800,63316,0.354126,-0.436829,0.556641,-0.611511,91.2563,273.1699,0
7.7900,63326,0.351929,-0.439087,0.554932,-0.612732,91.1903,273.0921,0
7.8000,63336,0.349548,-0.441345,0.553101,-0.614075,91.1322,273.0275,0
7.8100,63346,0.347717,-0.443298,0.551636,-0.614990,91.1753,272.9497,0
7.8200,63356,0.346802,-0.444763,0.550598,-0.615479,91.3689,272.8382,0
7.8300,63366,0.346191,-0.445862,0.549805,-0.615723,91.6494,272.7266,0
7.8400,63376,0.345825,-0.446594,0.549255,-0.615906,91.9719,272.6356,0
7.8500,63386,0.345581,-0.447021,0.548889,-0.615967,92.3285,272.5598,0
7.8600,63396,0.345581,-0.447266,0.548706,-0.615967,92.7074,272.4894,0
7.8700,63406,0.345825,-0.447266,0.548828,-0.615784,93.1136,272.4193,0
7.8800,63416,0.346436,-0.446960,0.549011,-0.615479,93.5371,272.3448,0
7.8900,63426,0.347351,-0.446594,0.549255,-0.615051,93.9693,272.2516,0
7.9000,63436,0.348816,-0.446045,0.549622,-0.614258,94.5370,272.0785,0
7.9100,63446,0.351135,-0.445129,0.550232,-0.613037,95.1550,271.9056,0
7.9200,63456,0.354004,-0.443665,0.551270,-0.611511,95.7996,271.7362,0
7.9300,63466,0.357361,-0.441833,0.552673,-0.609680,96.4608,271.5593,0
7.9400,63476,0.361145,-0.439575,0.554321,-0.607544,97.0799,271.3871,0
7.9500,63486,0.365051,-0.437134,0.556030,-0.605347,97.5528,271.2419,0
7.9600,63496,0.368347,-0.435120,0.557495,-0.603516,97.9119,271.1391,0
7.9700,63506,0.373169,-0.431396,0.560120,-0.600769,98.1731,271.0693,0
7.9800,63516,0.375061,-0.429749,0.561279,-0.599670,98.3687,271.0118,0
7.9900,63526,0.376892,-0.428223,0.562378,-0.598572,98.5216,270.9502,0
8.0000,63536,0.378601,-0.426697,0.563477,-0.597595,98.6400,270.9002,0
8.0100,63546,0.379944,-0.425232,0.564514,-0.596802,98.7002,270.8720,0
8.0200,63556,0.381104,-0.423889,0.565430,-0.596130,98.7164,270.8521,0
8.0300,63566,0.382446,-0.422546,0.566406,-0.595276,98.7412,270.8199,0
8.0400,63576,0.384094,-0.421021,0.567566,-0.594238,98.7961,270.7797,0
8.0500,63586,0.385742,-0.419250,0.568848,-0.593140,98.8509,270.7556,0
8.0600,63596,0.387268,-0.417419,0.570190,-0.592163,98.8819,270.7465,0
8.0700,63606,0.388672,-0.415771,0.571411,-0.591248,98.8714,270.7344,0
8.0800,63616,0.390015,-0.414246,0.572510,-0.590393,98.8258,270.7099,0
8.0900,63626,0.391174,-0.413025,0.573364,-0.589600,98.7213,270.6806,0
8.1000,63636,0.391907,-0.412292,0.573914,-0.589172,98.5266,270.6440,0
8.1100,63646,0.392212,-0.411987,0.574097,-0.588928,98.2602,270.5976,0
8.1200,63656,0.392334,-0.411987,0.574097,-0.588867,97.9536,270.5407,0
8.1300,63666,0.392395,-0.412109,0.574036,-0.588806,97.6494,270.4784,0
8.1400,63676,0.392395,-0.412231,0.573914,-0.588806,97.3562,270.4212,0
8.1500,63686,0.392334,-0.412354,0.573853,-0.588867,97.0713,270.3748,0
8.1600,63696,0.392090,-0.412537,0.573730,-0.588989,96.7836,270.3322,0
8.1700,63706,0.391663,-0.412903,0.573486,-0.589294,96.4406,270.3112,0
8.1800,63716,0.390991,-0.413391,0.573181,-0.589722,96.0877,270.2928,0
8.1900,63726,0.390076,-0.414001,0.572754,-0.590271,95.7089,270.2736,0
8.2000,63736,0.388916,-0.414917,0.572144,-0.591003,95.2799,270.2700,0
8.2100,63746,0.387207,-0.416199,0.571289,-0.592041,94.7847,270.2872,0
8.2200,63756,0.384827,-0.417908,0.570068,-0.593506,94.2123,270.3345,0
8.2300,63766,0.377808,-0.422729,0.566711,-0.597778,93.6100,270.3956,0
8.2400,63776,0.374023,-0.425476,0.564758,-0.600098,93.0602,270.4417,0
8.2500,63786,0.370544,-0.428040,0.562988,-0.602112,92.6173,270.4777,0
8.2600,63796,0.367493,-0.430237,0.561401,-0.603882,92.2999,270.5043,0
8.2700,63806,0.364929,-0.432068,0.560120,-0.605347,92.0990,270.5181,0
8.2800,63816,0.362976,-0.433594,0.558960,-0.606445,92.0065,270.5013,0
8.2900,63826,0.361572,-0.434875,0.557983,-0.607300,92.0089,270.4590,0
8.3000,63836,0.360535,-0.435852,0.557251,-0.607910,92.0775,270.4121,0
8.3100,63846,0.359619,-0.436707,0.556580,-0.608398,92.1800,270.3626,0
8.3200,63856,0.359009,-0.437378,0.556030,-0.608765,92.3341,270.3060,0
8.3300,63866,0.358643,-0.437805,0.555725,-0.608948,92.5329,270.2531,0
8.3400,63876,0.358459,-0.438049,0.555542,-0.609131,92.7558,270.2100,0
8.3500,63886,0.358276,-0.438171,0.555420,-0.609192,92.9782,270.1657,0
8.3600,63896,0.358093,-0.438354,0.555298,-0.609314,93.1961,270.1209,0
8.3700,63906,0.358032,-0.438416,0.555237,-0.609314,93.4198,270.0726,0
8.3800,63916,0.358093,-0.438354,0.555298,-0.609314,93.6591,270.0275,0
8.3900,63926,0.358337,-0.438171,0.555481,-0.609131,93.9104,269.9849,0
8.4000,63936,0.358704,-0.437805,0.555786,-0.608948,94.1802,269.9401,0
8.4100,63946,0.359497,-0.437195,0.556213,-0.608459,94.4847,269.8866,0
8.4200,63956,0.360962,-0.436157,0.556946,-0.607666,94.8551,269.8047,0
8.4300,63966,0.363098,-0.434875,0.557861,-0.606445,95.2749,269.6906,0
8.4400,63976,0.365479,-0.433289,0.559021,-0.605103,95.7112,269.5962,0
8.4500,63986,0.367859,-0.431580,0.560303,-0.603699,96.1093,269.5056,0
8.4600,63996,0.370239,-0.429871,0.561584,-0.602295,96.4712,269.4059,0
8.4700,64006,0.372681,-0.428162,0.562866,-0.600830,96.7954,269.3026,0
8.4800,64016,0.375183,-0.426453,0.564148,-0.599304,97.0639,269.2303,0
8.4900,64026,0.377380,-0.424622,0.565369,-0.597961,97.2623,269.1902,0
8.5000,64036,0.379211,-0.422913,0.566650,-0.596863,97.3859,269.1728,0
8.5100,64046,0.381592,-0.420105,0.568726,-0.595337,97.4244,269.1644,0
8.5200,64056,0.382324,-0.419250,0.569336,-0.594910,97.3841,269.1379,0
8.5300,64066,0.382813,-0.418823,0.569641,-0.594604,97.2772,269.0991,0
8.5400,64076,0.382996,-0.418640,0.569763,-0.594482,97.1251,269.0573,0
8.5500,64086,0.382996,-0.418640,0.569763,-0.594482,96.9462,269.0118,0
8.5600,64096,0.382874,-0.418701,0.569702,-0.594543,96.7549,268.9694,0
8.5700,64106,0.382751,-0.418823,0.569641,-0.594666,96.5661,268.9278,0
8.5800,64116,0.382568,-0.419006,0.569519,-0.594727,96.3832,268.8868,0
8.5900,64126,0.382385,-0.419250,0.569336,-0.594910,96.2026,268.8503,0
8.6000,64136,0.381897,-0.419495,0.569153,-0.595154,96.0073,268.8296,0
8.6100,64146,0.380981,-0.419861,0.568909,-0.595703,95.7794,268.8409,0
8.6200,64156,0.379761,-0.420349,0.568604,-0.596497,95.5193,268.8729,0
8.6300,64166,0.378235,-0.421143,0.568115,-0.597351,95.2437,268.9012,0
8.6400,64176,0.376648,-0.422058,0.567444,-0.598328,94.9588,268.9244,0
8.6500,64186,0.374695,-0.423279,0.566650,-0.599487,94.6551,268.9512,0
8.6600,64196,0.372375,-0.424744,0.565613,-0.600891,94.3316,268.9842,0
8.6700,64206,0.369629,-0.426575,0.564270,-0.602478,93.9780,269.0216,0
8.6800,64216,0.366943,-0.428650,0.562744,-0.604065,93.6454,269.0256,0
8.6900,64226,0.364746,-0.430725,0.561218,-0.605347,93.3945,268.9857,0
8.7000,64236,0.362915,-0.432495,0.559875,-0.606445,93.2329,268.9355,0
8.7100,64246,0.361450,-0.433960,0.558777,-0.607300,93.2170,268.8835,0
8.7200,64256,0.360291,-0.435059,0.557922,-0.607971,93.2713,268.8245,0
8.7300,64266,0.359558,-0.435974,0.557251,-0.608398,93.3695,268.7545,0
8.7400,64276,0.359070,-0.436707,0.556702,-0.608643,93.5003,268.6827,0
8.7500,64286,0.358704,-0.437317,0.556213,-0.608826,93.6759,268.6196,0
8.7600,64296,0.358582,-0.437683,0.556030,-0.608887,93.8865,268.5686,0
8.7700,64306,0.358643,-0.437744,0.555969,-0.608826,94.1245,268.5272,0
8.7800,64316,0.359253,-0.437134,0.556458,-0.608459,94.3784,268.4899,0
8.7900,64326,0.359802,-0.436646,0.556824,-0.608093,94.6352,268.4526,0
8.8000,64336,0.360474,-0.436035,0.557312,-0.607727,94.8985,268.4141,0
8.8100,64346,0.361450,-0.435242,0.557922,-0.607178,95.1899,268.3639,0
8.8200,64356,0.363037,-0.434143,0.558716,-0.606262,95.5372,268.2894,0
8.8300,64366,0.365173,-0.432739,0.559753,-0.605042,95.9269,268.1844,0
8.8400,64376,0.367554,-0.431213,0.560852,-0.603638,96.3128,268.0726,0
8.8500,64386,0.369934,-0.429565,0.562073,-0.602234,96.6672,267.9765,0
8.8600,64396,0.372131,-0.427917,0.563232,-0.600952,96.9703,267.8955,0
8.8700,64406,0.374023,-0.426392,0.564453,-0.599731,97.2074,267.8308,0
8.8800,64416,0.375793,-0.424927,0.565552,-0.598633,97.3968,267.7762,0
8.8900,64426,0.377502,-0.423401,0.566711,-0.597534,97.5701,267.7309,0
8.9000,64436,0.379333,-0.421509,0.568115,-0.596375,97.7593,267.7026,0
8.9100,64446,0.381348,-0.419312,0.569702,-0.595154,97.9618,267.6940,0
8.9200,64456,0.383301,-0.416931,0.571350,-0.593994,98.1312,267.7097,0
8.9300,64466,0.384888,-0.414856,0.572754,-0.593018,98.2103,267.7278,0
8.9400,64476,0.386108,-0.413330,0.573853,-0.592285,98.1831,267.7241,0
8.9500,64486,0.386841,-0.412476,0.574463,-0.591797,98.0453,267.6993,0
8.9600,64496,0.387207,-0.412109,0.574707,-0.591553,97.8354,267.6665,0
8.9700,64506,0.387390,-0.411987,0.574829,-0.591431,97.5920,267.6307,0
8.9800,64516,0.387390,-0.411926,0.574829,-0.591431,97.3074,267.5919,0
8.9900,64526,0.387329,-0.412048,0.574768,-0.591492,97.0129,267.5513,0
9.0000,64536,0.387024,-0.412292,0.574585,-0.591675,96.7094,267.5116,0
9.0100,64546,0.386658,-0.412659,0.574280,-0.591919,96.4001,267.4688,0
9.0200,64556,0.386108,-0.413208,0.573914,-0.592285,96.0834,267.4355,0
9.0300,64566,0.385437,-0.413879,0.573425,-0.592712,95.7409,267.4243,0
9.0400,64576,0.382690,-0.415710,0.572205,-0.594360,95.3603,267.4399,0
9.0500,64586,0.380615,-0.416992,0.571350,-0.595642,94.9407,267.4778,0
9.0600,64596,0.378052,-0.418701,0.570190,-0.597229,94.4844,267.5239,0
9.0700,64606,0.375061,-0.420654,0.568787,-0.599060,94.0057,267.5722,0
9.0800,64616,0.371948,-0.422913,0.567139,-0.600952,93.5423,267.6075,0
9.0900,64626,0.368896,-0.425293,0.565491,-0.602722,93.1246,267.6248,0
9.1000,64636,0.366028,-0.427612,0.563843,-0.604431,92.7748,267.6227,0
9.1100,64646,0.363464,-0.429932,0.562134,-0.605835,92.4960,267.5876,0
9.1200,64656,0.361389,-0.432129,0.560547,-0.606995,92.3063,267.5219,0
9.1300,64666,0.360046,-0.434021,0.559143,-0.607788,92.2350,267.4198,0
9.1400,64676,0.359009,-0.435669,0.557922,-0.608276,92.2433,267.3073,0
9.1500,64686,0.358215,-0.437195,0.556763,-0.608765,92.2880,267.1894,0
9.1600,64696,0.357483,-0.438660,0.555664,-0.609131,92.3601,267.0665,0
9.1700,64706,0.356934,-0.439880,0.554687,-0.609436,92.4806,266.9463,0
9.1800,64716,0.356628,-0.440735,0.554077,-0.609558,92.6655,266.8561,0
9.1900,64726,0.356506,-0.441162,0.553772,-0.609558,92.9036,266.7837,0
9.2000,64736,0.356628,-0.441223,0.553772,-0.609497,93.1789,266.7268,0
9.2100,64746,0.356934,-0.441162,0.553833,-0.609314,93.4694,266.6751,0
9.2200,64756,0.357361,-0.440857,0.554077,-0.609009,93.7706,266.6261,0
9.2300,64766,0.357971,-0.440430,0.554443,-0.608643,94.0855,266.5763,0
9.2400,64776,0.359070,-0.439758,0.554932,-0.608093,94.4309,266.5133,0
9.2500,64786,0.360596,-0.438843,0.555603,-0.607239,94.9073,266.3848,0
9.2600,64796,0.362854,-0.437683,0.556458,-0.605957,95.4165,266.2655,0
9.2700,64806,0.365540,-0.435974,0.557617,-0.604431,95.9127,266.1740,0
9.2800,64816,0.368286,-0.434021,0.559082,-0.602844,96.3652,266.0918,0
9.2900,64826,0.370972,-0.431946,0.560608,-0.601257,96.8114,265.9833,0
9.3000,64836,0.374023,-0.429810,0.562195,-0.599426,97.2608,265.8669,0
9.3100,64846,0.380615,-0.424866,0.565735,-0.595459,97.6632,265.7850,0
9.3200,64856,0.383484,-0.422241,0.567627,-0.593689,97.9919,265.7392,0
9.3300,64866,0.386047,-0.419800,0.569336,-0.592102,98.2310,265.7055,0
9.3400,64876,0.388184,-0.417664,0.570801,-0.590820,98.3693,265.6813,0
9.3500,64886,0.389832,-0.415955,0.572021,-0.589783,98.3953,265.6617,0
9.3600,64896,0.391235,-0.414551,0.572998,-0.588867,98.3558,265.6240,0
9.3700,64906,0.392456,-0.413391,0.573792,-0.588135,98.2672,265.5915,0
9.3800,64916,0.393372,-0.412476,0.574463,-0.587463,98.1208,265.5585,0
9.3900,64926,0.394043,-0.411865,0.574890,-0.587097,97.9174,265.5225,0
9.4000,64936,0.394409,-0.411499,0.575134,-0.586792,97.6723,265.4873,0
9.4100,64946,0.394653,-0.411255,0.575317,-0.586670,97.4121,265.4521,0
9.4200,64956,0.394775,-0.411133,0.575378,-0.586609,97.1362,265.4145,0
9.4300,64966,0.394714,-0.411194,0.575317,-0.586609,96.8385,265.3801,0
9.4400,64976,0.394470,-0.411438,0.575134,-0.586792,96.5179,265.3484,0
9.4500,64986,0.393921,-0.411987,0.574707,-0.587219,96.1607,265.3216,0
9.4600,64996,0.392761,-0.412842,0.574158,-0.587952,95.7483,265.3150,0
9.4700,65006,0.390869,-0.414062,0.573303,-0.589172,95.2883,265.3454,0
9.4800,65016,0.388000,-0.415894,0.572083,-0.590942,94.7323,265.4151,0
9.4900,65026,0.384216,-0.418457,0.570312,-0.593384,94.0794,265.4973,0
9.5000,65036,0.379944,-0.421570,0.568054,-0.595947,93.4142,265.5576,0
9.5100,65046,0.375488,-0.425049,0.565613,-0.598694,92.7670,265.6079,0
9.5200,65056,0.371094,-0.428528,0.563110,-0.601318,92.2904,265.6028,0
9.5300,65066,0.367432,-0.431702,0.560791,-0.603455,91.9831,265.5777,0
9.5400,65076,0.364502,-0.434326,0.558838,-0.605164,91.8248,265.5468,0
9.5500,65086,0.362183,-0.436401,0.557251,-0.606506,91.7867,265.5090,0
9.5600,65096,0.360474,-0.438049,0.555969,-0.607544,91.8309,265.4467,0
9.5700,65106,0.359192,-0.439453,0.554871,-0.608215,91.9167,265.3739,0
9.5800,65116,0.357300,-0.442017,0.552917,-0.609253,92.0256,265.2904,0
9.5900,65126,0.356506,-0.443359,0.551941,-0.609680,92.1526,265.1969,0
9.6000,65136,0.355774,-0.444458,0.551086,-0.610046,92.3040,265.1141,0
9.6100,65146,0.354980,-0.445557,0.550293,-0.610474,92.4501,265.0471,0
9.6200,65156,0.354370,-0.446472,0.549377,-0.610962,92.6106,264.9721,0
9.6300,65166,0.353699,-0.447388,0.548706,-0.611267,92.7891,264.9052,0
9.6400,65176,0.353516,-0.448303,0.548035,-0.611328,93.0146,264.7975,0
9.6500,65186,0.353333,-0.448608,0.547791,-0.611389,93.2961,264.7514,0
9.6600,65196,0.353516,-0.448608,0.547852,-0.611267,93.6152,264.7033,0
9.6700,65206,0.353943,-0.448181,0.548157,-0.611023,93.9763,264.6704,0
9.6800,65216,0.354858,-0.447571,0.548706,-0.610474,94.3795,264.6172,0
9.6900,65226,0.356873,-0.446777,0.549255,-0.609375,94.8795,264.4794,0
9.7000,65236,0.359802,-0.445496,0.550171,-0.607727,95.4513,264.2981,0
9.7100,65246,0.362915,-0.443665,0.551514,-0.606018,96.0356,264.1643,0
9.7200,65256,0.366089,-0.441467,0.553101,-0.604248,96.6073,264.0578,0
9.7300,65266,0.369202,-0.439209,0.554810,-0.602478,97.1051,263.9658,0
9.7400,65276,0.372009,-0.437073,0.556335,-0.600830,97.5164,263.8902,0
9.7500,65286,0.374573,-0.435181,0.557739,-0.599365,97.8353,263.8122,0
9.7600,65296,0.377197,-0.433350,0.559021,-0.597839,98.1189,263.7163,0
9.7700,65306,0.380005,-0.431519,0.560364,-0.596130,98.3800,263.6046,0
9.7800,65316,0.382629,-0.429565,0.561707,-0.594604,98.6026,263.5234,0
9.7900,65326,0.384949,-0.427551,0.563171,-0.593140,98.7431,263.4879,0
9.8000,65336,0.387024,-0.425659,0.564514,-0.591858,98.7618,263.4602,0
9.8100,65346,0.388550,-0.424255,0.565552,-0.590942,98.6147,263.4328,0
9.8200,65356,0.389221,-0.423645,0.565979,-0.590515,98.3369,263.3999,0
9.8300,65366,0.389160,-0.423767,0.565918,-0.590576,97.9539,263.3503,0
9.8400,65376,0.388489,-0.424561,0.565308,-0.591003,97.5052,263.3164,0
9.8500,65386,0.385315,-0.427307,0.563293,-0.593018,97.0060,263.3318,0
9.8600,65396,0.382568,-0.428955,0.562134,-0.594666,96.4712,263.4049,0
9.8700,65406,0.379395,-0.430664,0.560913,-0.596680,95.9329,263.5141,0
9.8800,65416,0.375793,-0.432434,0.559631,-0.598877,95.4079,263.6554,0
9.8900,65426,0.371948,-0.434326,0.558228,-0.601135,94.9017,263.8089,0
9.9000,65436,0.368042,-0.436340,0.556763,-0.603455,94.4263,263.9464,0
9.9100,65446,0.364197,-0.438660,0.555054,-0.605652,93.9927,264.0464,0
9.9200,65456,0.360657,-0.440857,0.553467,-0.607666,93.6410,264.1290,0
9.9300,65466,0.357605,-0.442932,0.552002,-0.609314,93.3966,264.1780,0
9.9400,65476,0.355164,-0.444641,0.550720,-0.610657,93.2711,264.1976,0
9.9500,65486,0.353027,-0.446289,0.549500,-0.611755,93.2091,264.2028,0
9.9600,65496,0.351318,-0.447754,0.548401,-0.612671,93.2158,264.1805,0
9.9700,65506,0.349915,-0.449097,0.547363,-0.613403,93.2756,264.1398,0
9.9800,65516,0.348816,-0.450256,0.546448,-0.614014,93.3930,264.0884,0
9.9900,65526,0.348083,-0.451050,0.545776,-0.614380,93.5732,264.0461,0
10.0000,65536,0.347534,-0.451477,0.545471,-0.614624,93.8123,264.0196,0
10.0100,65546,0.347473,-0.451721,0.545349,-0.614685,94.0982,263.9795,0
10.0200,65556,0.347595,-0.451721,0.545349,-0.614563,94.4422,263.9321,0
10.0300,65566,0.347900,-0.451355,0.545654,-0.614380,94.8147,263.9174,0
10.0400,65576,0.348572,-0.450562,0.546265,-0.614075,95.2211,263.9089,0
10.0500,65586,0.349915,-0.449341,0.547180,-0.613342,95.6814,263.8828,0
10.0600,65596,0.352356,-0.447571,0.548584,-0.612000,96.3797,263.8045,0
10.0700,65606,0.355652,-0.445068,0.550415,-0.610291,97.1447,263.7350,0
10.0800,65616,0.359680,-0.441772,0.552795,-0.608154,97.8862,263.6550,0
10.0900,65626,0.364014,-0.438293,0.555420,-0.605774,98.4809,263.5565,0
10.1000,65636,0.367981,-0.435303,0.557617,-0.603455,98.9322,263.4549,0
10.1100,65646,0.371521,-0.432739,0.559509,-0.601440,99.3245,263.3298,0
10.1200,65656,0.378662,-0.427795,0.562988,-0.597229,99.6713,263.2113,0
10.1300,65666,0.382080,-0.425354,0.564636,-0.595215,99.9465,263.0982,0
10.1400,65676,0.385376,-0.423218,0.566040,-0.593262,100.1461,262.9677,0
10.1500,65686,0.388306,-0.421204,0.567444,-0.591492,100.2685,262.8585,0
10.1600,65696,0.390564,-0.419373,0.568604,-0.590149,100.2801,262.7906,0
10.1700,65706,0.392395,-0.417419,0.569885,-0.589050,100.2455,262.7822,0
10.1800,65716,0.393921,-0.416199,0.570679,-0.588135,100.1028,262.7348,0
10.1900,65726,0.394897,-0.415405,0.571167,-0.587524,99.8653,262.6874,0
10.2000,65736,0.395508,-0.415100,0.571472,-0.587158,99.5635,262.6398,0
10.2100,65746,0.395813,-0.415039,0.571472,-0.586914,99.2124,262.5869,0
10.2200,65756,0.395813,-0.415283,0.571350,-0.586914,98.8316,262.5405,0
10.2300,65766,0.395508,-0.415710,0.571045,-0.587097,98.4112,262.4995,0
10.2400,65776,0.394775,-0.416565,0.570435,-0.587585,97.9427,262.4613,0
10.2500,65786,0.393494,-0.417786,0.569519,-0.588440,97.4092,262.4380,0
10.2600,65796,0.391357,-0.419495,0.568298,-0.589783,96.7993,262.4500,0
10.2700,65806,0.388306,-0.421692,0.566772,-0.591736,96.1493,262.5021,0
10.2800,65816,0.384338,-0.424438,0.564758,-0.594238,95.4387,262.5820,0
10.2900,65826,0.379883,-0.427612,0.562500,-0.597046,94.7182,262.6765,0
10.3000,65836,0.374939,-0.430908,0.560120,-0.599976,94.0202,262.7903,0
10.3100,65846,0.369629,-0.434326,0.557678,-0.603027,93.3574,262.9186,0
10.3200,65856,0.364319,-0.437744,0.555420,-0.605896,92.7831,263.0540,0
10.3300,65866,0.359619,-0.440918,0.553345,-0.608337,92.5990,263.0938,0
10.3400,65876,0.356689,-0.442932,0.551880,-0.609924,92.6907,263.0935,0
10.3500,65886,0.355408,-0.443848,0.551208,-0.610596,92.9347,263.0706,0
10.3600,65896,0.355103,-0.444153,0.550964,-0.610779,93.2353,263.0404,0
10.3700,65906,0.355164,-0.444092,0.551025,-0.610718,93.5427,262.9918,0
10.3800,65916,0.355469,-0.443970,0.551147,-0.610535,93.8329,262.9296,0
10.3900,65926,0.356140,-0.443970,0.551208,-0.610046,94.1003,262.8705,0
10.4000,65936,0.356384,-0.443970,0.551270,-0.609924,94.3434,262.8213,0
10.4100,65946,0.356567,-0.443970,0.551270,-0.609802,94.5780,262.7810,0
10.4200,65956,0.356750,-0.443787,0.551453,-0.609680,94.8125,262.7514,0
10.4300,65966,0.357056,-0.443481,0.551636,-0.609497,95.0601,262.7222,0
10.4400,65976,0.357666,-0.443054,0.552002,-0.609192,95.3320,262.6836,0
10.4500,65986,0.358948,-0.442383,0.552490,-0.608459,95.6658,262.6081,0
10.4600,65996,0.361145,-0.441406,0.553223,-0.607239,96.0771,262.4725,0
10.4700,66006,0.363953,-0.440002,0.554199,-0.605652,96.5459,262.3215,0
10.4800,66016,0.367004,-0.438171,0.555481,-0.603943,97.0173,262.1888,0
10.4900,66026,0.369995,-0.436279,0.556885,-0.602234,97.4558,262.0687,0
10.5000,66036,0.372864,-0.434448,0.558228,-0.600586,97.8235,261.9623,0
10.5100,66046,0.375488,-0.432617,0.559509,-0.598999,98.1370,261.8658,0
10.5200,66056,0.378052,-0.430786,0.560791,-0.597534,98.4021,261.7809,0
10.5300,66066,0.380493,-0.428955,0.562073,-0.596069,98.6209,261.7089,0
10.5400,66076,0.382935,-0.426941,0.563477,-0.594666,98.8053,261.6596,0
10.5500,66086,0.385254,-0.424988,0.564819,-0.593262,98.9462,261.6016,0
10.5600,66096,0.387756,-0.423035,0.566101,-0.591797,99.0684,261.5305,0
10.5700,66106,0.389893,-0.421204,0.567322,-0.590515,99.1286,261.4861,0
10.5800,66116,0.391418,-0.419800,0.568237,-0.589600,99.0844,261.4542,0
10.5900,66126,0.392395,-0.418945,0.568909,-0.588928,98.9371,261.4229,0
10.6000,66136,0.392944,-0.418640,0.569092,-0.588623,98.6070,261.3779,0
10.6100,66146,0.392944,-0.418823,0.569031,-0.588562,98.2398,261.3409,0
10.6200,66156,0.392700,-0.419250,0.568726,-0.588745,97.8543,261.3109,0
10.6300,66166,0.392151,-0.419861,0.568298,-0.589050,97.4375,261.2879,0
10.6400,66176,0.391235,-0.420654,0.567688,-0.589661,96.9512,261.2933,0
10.6500,66186,0.389709,-0.421875,0.566833,-0.590637,96.3830,261.3453,0
10.6600,66196,0.384033,-0.425598,0.564148,-0.594238,95.7707,261.4330,0
10.6700,66206,0.380493,-0.427673,0.562683,-0.596436,95.1834,261.5424,0
10.6800,66216,0.377258,-0.429443,0.561340,-0.598450,94.7032,261.6508,0
10.6900,66226,0.374573,-0.430725,0.560425,-0.600037,94.3769,261.7538,0
10.7000,66236,0.372375,-0.431580,0.559814,-0.601379,94.1571,261.8544,0
10.7100,66246,0.370483,-0.432312,0.559326,-0.602478,94.0078,261.9383,0
10.7200,66256,0.368958,-0.433105,0.558716,-0.603394,93.9022,261.9788,0
10.7300,66266,0.367432,-0.434326,0.557861,-0.604248,93.7816,261.9772,0
10.7400,66276,0.365662,-0.435974,0.556702,-0.605286,93.6145,261.9577,0
10.7500,66286,0.363708,-0.437866,0.555237,-0.606323,93.4341,261.9159,0
10.7600,66296,0.362122,-0.439758,0.553955,-0.607178,93.3159,261.8534,0
10.7700,66306,0.360901,-0.441040,0.553040,-0.607788,93.3109,261.8076,0
10.7800,66316,0.360229,-0.441711,0.552490,-0.608215,93.4094,261.7758,0
10.7900,66326,0.359680,-0.442200,0.552124,-0.608459,93.5494,261.7512,0
10.8000,66336,0.359253,-0.442627,0.551880,-0.608704,93.7040,261.7249,0
10.8100,66346,0.359009,-0.442871,0.551636,-0.608826,93.8844,261.6920,0
10.8200,66356,0.358948,-0.443054,0.551514,-0.608826,94.0871,261.6595,0
10.8300,66366,0.359070,-0.442932,0.551575,-0.608765,94.3129,261.6302,0
10.8400,66376,0.359253,-0.442749,0.551758,-0.608704,94.5409,261.6058,0
10.8500,66386,0.359436,-0.442627,0.551880,-0.608582,94.7545,261.5830,0
10.8600,66396,0.359619,-0.442444,0.552002,-0.608459,94.9579,261.5599,0
10.8700,66406,0.359863,-0.442200,0.552185,-0.608276,95.2049,261.5463,0
10.8800,66416,0.360291,-0.441711,0.552612,-0.608032,95.4825,261.5439,0
10.8900,66426,0.360840,-0.440979,0.553223,-0.607666,95.8016,261.5523,0
10.9000,66436,0.361755,-0.439880,0.554077,-0.607178,96.1817,261.5445,0
10.9100,66446,0.363281,-0.438293,0.555298,-0.606262,96.6492,261.4896,0
10.9200,66456,0.365845,-0.436218,0.556824,-0.604858,97.1610,261.4155,0
10.9300,66466,0.372314,-0.431274,0.560303,-0.601196,97.6392,261.3318,0
10.9400,66476,0.375366,-0.428833,0.561951,-0.599487,98.0334,261.2587,0
10.9500,66486,0.377930,-0.426819,0.563416,-0.598022,98.3052,261.1997,0
10.9600,66496,0.379944,-0.425354,0.564392,-0.596802,98.4409,261.1254,0
10.9700,66506,0.381592,-0.424438,0.565063,-0.595825,98.4760,261.0372,0
10.9800,66516,0.382568,-0.424011,0.565369,-0.595154,98.3926,260.9617,0
10.9900,66526,0.382935,-0.423950,0.565491,-0.594910,98.2200,260.9096,0
11.0000,66536,0.383057,-0.424072,0.565369,-0.594788,98.0110,260.8632,0
11.0100,66546,0.383118,-0.424194,0.565308,-0.594727,97.8040,260.8168,0
11.0200,66556,0.383240,-0.424316,0.565186,-0.594666,97.6187,260.7707,0
11.0300,66566,0.383423,-0.424438,0.565186,-0.594543,97.4522,260.7228,0
11.0400,66576,0.383606,-0.424500,0.565125,-0.594360,97.2910,260.6696,0
11.0500,66586,0.383545,-0.424805,0.564941,-0.594421,97.0975,260.6252,0
11.0600,66596,0.383057,-0.425415,0.564453,-0.594727,96.8404,260.5884,0
11.0700,66606,0.382019,-0.426636,0.563477,-0.595398,96.5000,260.5384,0
11.0800,66616,0.380371,-0.428589,0.561951,-0.596497,96.0856,260.4755,0
11.0900,66626,0.377747,-0.431519,0.559631,-0.598206,95.5399,260.4034,0
11.1000,66636,0.374207,-0.435303,0.556824,-0.600342,94.8994,260.3334,0
11.1100,66646,0.370056,-0.439392,0.553894,-0.602661,94.2579,260.2907,0
11.1200,66656,0.365784,-0.443054,0.551331,-0.604919,93.7145,260.2999,0
11.1300,66666,0.362122,-0.445679,0.549377,-0.606995,93.3676,260.3594,0
11.1400,66676,0.359131,-0.447693,0.547913,-0.608643,93.2926,260.4214,0
11.1500,66686,0.356689,-0.449097,0.546814,-0.609985,93.3014,260.4760,0
11.1600,66696,0.354675,-0.450195,0.546021,-0.611084,93.3811,260.5179,0
11.1700,66706,0.353027,-0.451111,0.545410,-0.611938,93.5292,260.5409,0
11.1800,66716,0.351807,-0.451782,0.544922,-0.612549,93.7614,260.5209,0
11.1900,66726,0.351318,-0.452209,0.544678,-0.612732,94.0475,260.4968,0
11.2000,66736,0.351135,-0.452332,0.544495,-0.612854,94.3365,260.4752,0
11.2100,66746,0.351196,-0.452332,0.544556,-0.612793,94.6295,260.4524,0
11.2200,66756,0.351318,-0.452209,0.544617,-0.612732,94.9196,260.4321,0
11.2300,66766,0.351440,-0.452087,0.544739,-0.612671,95.1952,260.4122,0
11.2400,66776,0.351563,-0.451965,0.544861,-0.612610,95.4628,260.3935,0
11.2500,66786,0.351807,-0.451782,0.545044,-0.612427,95.7283,260.3718,0
11.2600,66796,0.352112,-0.451477,0.545288,-0.612244,95.9951,260.3516,0
11.2700,66806,0.352600,-0.451111,0.545593,-0.612000,96.2769,260.3273,0
11.2800,66816,0.353271,-0.450439,0.546143,-0.611572,96.5834,260.3012,0
11.2900,66826,0.354675,-0.449341,0.547058,-0.610779,96.9536,260.2648,0
11.3000,66836,0.357361,-0.447632,0.548340,-0.609253,97.4622,260.1624,0
11.3100,66846,0.361633,-0.445129,0.550171,-0.606934,98.1326,260.0027,0
11.3200,66856,0.366577,-0.441956,0.552429,-0.604248,98.8506,259.8345,0
11.3300,66866,0.371399,-0.438538,0.554932,-0.601501,99.5152,259.7087,0
11.3400,66876,0.376160,-0.434631,0.557739,-0.598755,100.1415,259.6284,0
11.3500,66886,0.381287,-0.430420,0.560608,-0.595886,100.7024,259.5477,0
11.3600,66896,0.386475,-0.426086,0.563721,-0.592712,101.2343,259.4662,0
11.3700,66906,0.391296,-0.422363,0.566528,-0.589539,101.6271,259.3585,0
11.3800,66916,0.394897,-0.419739,0.568481,-0.587097,101.7500,259.2489,0
11.3900,66926,0.397888,-0.417114,0.570374,-0.585083,101.7739,259.1981,0
11.4000,66936,0.400940,-0.414307,0.572327,-0.583130,101.7771,259.1678,0
11.4100,66946,0.404541,-0.410767,0.574768,-0.580750,101.8071,259.0873,0
11.4200,66956,0.407959,-0.407959,0.576843,-0.578308,101.7079,259.0026,0
11.4300,66966,0.411133,-0.405457,0.578186,-0.576477,101.5536,258.9523,0
11.4400,66976,0.414124,-0.402771,0.579285,-0.575073,101.4757,258.9353,0
11.4500,66986,0.417542,-0.399292,0.580566,-0.573730,101.3054,258.9180,0
11.4600,66996,0.420532,-0.396240,0.581726,-0.572449,101.0291,258.9436,0
11.4700,67006,0.424255,-0.391602,0.583801,-0.570801,100.6412,258.9648,0
11.4800,67016,0.425110,-0.390381,0.584473,-0.570312,100.1451,258.9780,0
11.4900,67026,0.425720,-0.389587,0.584839,-0.570007,99.6071,258.9771,0
11.5000,67036,0.426208,-0.389038,0.585144,-0.569763,99.0631,258.9673,0
11.5100,67046,0.426636,-0.388611,0.585266,-0.569580,98.5212,258.9527,0
11.5200,67056,0.426941,-0.388306,0.585449,-0.569397,97.9867,258.9332,0
11.5300,67066,0.427246,-0.387939,0.585632,-0.569214,97.4674,258.9147,0
11.5400,67076,0.427612,-0.387573,0.585815,-0.569031,96.9675,258.8974,0
11.5500,67086,0.427917,-0.387268,0.585937,-0.568848,96.4870,258.8801,0
11.5600,67096,0.428284,-0.386902,0.586121,-0.568604,96.0352,258.8674,0
11.5700,67106,0.428589,-0.386475,0.586426,-0.568359,95.6038,258.8599,0
11.5800,67116,0.428833,-0.386108,0.586670,-0.568176,95.1832,258.8545,0
11.5900,67126,0.429016,-0.385742,0.586914,-0.567993,94.7705,258.8467,0
11.6000,67136,0.429199,-0.385559,0.586975,-0.567932,94.3593,258.8319,0
11.6100,67146,0.429382,-0.385437,0.587036,-0.567871,93.9604,258.8117,0
11.6200,67156,0.429443,-0.385315,0.587036,-0.567810,93.5759,258.7904,0
11.6300,67166,0.429565,-0.385254,0.587097,-0.567749,93.2112,258.7669,0
11.6400,67176,0.429749,-0.385193,0.587097,-0.567688,92.8646,258.7383,0
11.6500,67186,0.429932,-0.385132,0.587097,-0.567566,92.5342,258.7116,0
11.6600,67196,0.430054,-0.385010,0.587219,-0.567444,92.2215,258.6907,0
11.6700,67206,0.430176,-0.384949,0.587280,-0.567383,91.9206,258.6742,0
11.6800,67216,0.430237,-0.384827,0.587402,-0.567261,91.6331,258.6592,0
11.6900,67226,0.430298,-0.384766,0.587463,-0.567200,91.3575,258.6444,0
11.7000,67236,0.430359,-0.384705,0.587463,-0.567139,91.0939,258.6264,0
11.7100,67246,0.430481,-0.384583,0.587524,-0.567139,90.8398,258.6089,0
11.7200,67256,0.430542,-0.384521,0.587524,-0.567078,90.6026,258.5913,0
11.7300,67266,0.430603,-0.384460,0.587585,-0.567017,90.3754,258.5757,0
11.7400,67276,0.430786,-0.384277,0.587646,-0.566956,90.1590,258.5594,0
11.7500,67286,0.430847,-0.384216,0.587646,-0.566956,89.9552,258.5449,0
11.7600,67296,0.430908,-0.384155,0.587708,-0.566895,89.7573,258.5298,0
11.7700,67306,0.430969,-0.384033,0.587708,-0.566895,89.5693,258.5154,0
11.7800,67316,0.431030,-0.383972,0.587769,-0.566833,89.3907,258.4991,0
11.7900,67326,0.431152,-0.383911,0.587769,-0.566833,89.2204,258.4835,0
11.8000,67336,0.431213,-0.383789,0.587769,-0.566772,89.0569,258.4687,0
11.8100,67346,0.431274,-0.383728,0.587830,-0.566772,88.8990,258.4540,0
11.8200,67356,0.431335,-0.383667,0.587830,-0.566711,88.7466,258.4372,0
11.8300,67366,0.431458,-0.383606,0.587891,-0.566711,88.6030,258.4221,0
11.8400,67376,0.431519,-0.383545,0.587891,-0.566650,88.4678,258.4051,0
11.8500,67386,0.431580,-0.383423,0.587891,-0.566650,88.3393,258.3874,0
11.8600,67396,0.431641,-0.383362,0.587952,-0.566589,88.2148,258.3705,0
11.8700,67406,0.431702,-0.383301,0.587952,-0.566589,88.0947,258.3562,0
11.8800,67416,0.431763,-0.383240,0.587952,-0.566589,87.9800,258.3441,0
11.8900,67426,0.431824,-0.383057,0.587891,-0.566711,87.8668,258.3401,0
11.9000,67436,0.431702,-0.382813,0.588074,-0.566772,87.7600,258.3621,0
11.9100,67446,0.431519,-0.382568,0.588257,-0.566956,87.6632,258.3905,0
11.9200,67456,0.431396,-0.382385,0.588379,-0.566956,87.5705,258.4005,0
11.9300,67466,0.431335,-0.382263,0.588501,-0.566956,87.4836,258.4043,0
11.9400,67476,0.431274,-0.382141,0.588623,-0.567017,87.3969,258.4088,0
11.9500,67486,0.431274,-0.381958,0.588684,-0.567078,87.3134,258.4026,0
11.9600,67496,0.431274,-0.381836,0.588745,-0.567078,87.2376,258.3868,0
11.9700,67506,0.431335,-0.381775,0.588745,-0.567078,87.1674,258.3708,0
11.9800,67516,0.431396,-0.381714,0.588745,-0.567078,87.0981,258.3558,0
11.9900,67526,0.431396,-0.381714,0.588806,-0.567017,87.0318,258.3377,0
12.0000,67536,0.431396,-0.381653,0.588867,-0.566956,86.9675,258.3206,0
12.0100,67546,0.431519,-0.381592,0.588928,-0.566895,86.9053,258.3055,0
12.0200,67556,0.431580,-0.381531,0.588928,-0.566833,86.8450,258.2907,0
12.0300,67566,0.431580,-0.381470,0.588989,-0.566833,86.7871,258.2755,0
12.0400,67576,0.431641,-0.381409,0.588989,-0.566833,86.7333,258.2592,0
12.0500,67586,0.431702,-0.381348,0.588989,-0.566772,86.6805,258.2448,0
12.0600,67596,0.431763,-0.381348,0.589050,-0.566772,86.6271,258.2317,0
12.0700,67606,0.431824,-0.381287,0.589050,-0.566772,86.5746,258.2193,0
12.0800,67616,0.431885,-0.381226,0.589050,-0.566711,86.5236,258.2067,0
12.0900,67626,0.431946,-0.381165,0.589050,-0.566711,86.4792,258.1937,0
12.1000,67636,0.431946,-0.381165,0.589111,-0.566650,86.4401,258.1797,0
12.1100,67646,0.431946,-0.381104,0.589172,-0.566589,86.3999,258.1659,0
12.1200,67656,0.431946,-0.381042,0.589233,-0.566589,86.3630,258.1579,0
12.1300,67666,0.431946,-0.380981,0.589233,-0.566589,86.3267,258.1484,0
12.1400,67676,0.431946,-0.380920,0.589294,-0.566650,86.2890,258.1396,0
12.1500,67686,0.432007,-0.380859,0.589294,-0.566589,86.2527,258.1265,0
12.1600,67696,0.432068,-0.380798,0.589294,-0.566589,86.2182,258.1122,0
12.1700,67706,0.432129,-0.380737,0.589355,-0.566589,86.1866,258.0983,0
12.1800,67716,0.432129,-0.380737,0.589355,-0.566589,86.1566,258.0844,0
12.1900,67726,0.432190,-0.380676,0.589355,-0.566528,86.1263,258.0690,0
12.2000,67736,0.432251,-0.380615,0.589355,-0.566528,86.0975,258.0545,0
12.2100,67746,0.432251,-0.380554,0.589355,-0.566528,86.0708,258.0416,0
12.2200,67756,0.432312,-0.380554,0.589417,-0.566528,86.0422,258.0280,0
12.2300,67766,0.432373,-0.380493,0.589417,-0.566467,86.0163,258.0125,0
12.2400,67776,0.432373,-0.380432,0.589417,-0.566467,85.9917,257.9971,0
12.2500,67786,0.432434,-0.380432,0.589417,-0.566467,85.9665,257.9811,0
12.2600,67796,0.432495,-0.380371,0.589417,-0.566467,85.9438,257.9670,0
12.2700,67806,0.432495,-0.380310,0.589417,-0.566467,85.9222,257.9529,0
12.2800,67816,0.432556,-0.380249,0.589478,-0.566406,85.9035,257.9368,0
12.2900,67826,0.432617,-0.380249,0.589478,-0.566406,85.8839,257.9228,0
12.3000,67836,0.432617,-0.380188,0.589478,-0.566406,85.8653,257.9070,0
12.3100,67846,0.432678,-0.380188,0.589478,-0.566406,85.8464,257.8950,0
12.3200,67856,0.432739,-0.380127,0.589478,-0.566406,85.8260,257.8811,0
12.3300,67866,0.432739,-0.380066,0.589478,-0.566345,85.8054,257.8680,0
12.3400,67876,0.432800,-0.380066,0.589478,-0.566345,85.7876,257.8528,0
12.3500,67886,0.432800,-0.380005,0.589478,-0.566345,85.7695,257.8365,0
12.3600,67896,0.432861,-0.380005,0.589539,-0.566345,85.7529,257.8202,0
12.3700,67906,0.432861,-0.379944,0.589539,-0.566345,85.7377,257.8055,0
12.3800,67916,0.432922,-0.379883,0.589539,-0.566345,85.7227,257.7908,0
12.3900,67926,0.432922,-0.379883,0.589539,-0.566284,85.7084,257.7761,0
12.4000,67936,0.432983,-0.379822,0.589539,-0.566284,85.6978,257.7616,0
12.4100,67946,0.432983,-0.379822,0.589539,-0.566284,85.6878,257.7470,0
12.4200,67956,0.433044,-0.379822,0.589539,-0.566284,85.6753,257.7322,0
12.4300,67966,0.433044,-0.379761,0.589539,-0.566284,85.6646,257.7186,0
12.4400,67976,0.433105,-0.379761,0.589600,-0.566284,85.6513,257.7051,0
12.4500,67986,0.433105,-0.379700,0.589600,-0.566223,85.6357,257.6905,0
12.4600,67996,0.433167,-0.379700,0.589600,-0.566223,85.6209,257.6759,0
12.4700,68006,0.433167,-0.379639,0.589600,-0.566223,85.6086,257.6601,0
12.4800,68016,0.433167,-0.379639,0.589600,-0.566223,85.5957,257.6450,0
12.4900,68026,0.433228,-0.379578,0.589600,-0.566223,85.5835,257.6298,0
12.5000,68036,0.433228,-0.379578,0.589600,-0.566223,85.5713,257.6156,0
12.5100,68046,0.433289,-0.379517,0.589600,-0.566162,85.5591,257.6012,0
12.5200,68056,0.433289,-0.379517,0.589661,-0.566162,85.5493,257.5860,0
12.5300,68066,0.433350,-0.379456,0.589661,-0.566162,85.5394,257.5721,0
12.5400,68076,0.433350,-0.379456,0.589661,-0.566162,85.5335,257.5567,0
12.5500,68086,0.433411,-0.379395,0.589661,-0.566162,85.5268,257.5414,0
12.5600,68096,0.433411,-0.379395,0.589661,-0.566162,85.5198,257.5274,0
12.5700,68106,0.433472,-0.379333,0.589661,-0.566101,85.5132,257.5146,0
12.5800,68116,0.433472,-0.379333,0.589661,-0.566101,85.5049,257.5008,0
12.5900,68126,0.433533,-0.379272,0.589661,-0.566101,85.4953,257.4893,0
12.6000,68136,0.433533,-0.379272,0.589661,-0.566101,85.4856,257.4780,0
12.6100,68146,0.433533,-0.379211,0.589722,-0.566101,85.4769,257.4649,0
12.6200,68156,0.433594,-0.379211,0.589722,-0.566101,85.4687,257.4500,0
12.6300,68166,0.433594,-0.379211,0.589722,-0.566101,85.4597,257.4352,0
12.6400,68176,0.433655,-0.379150,0.589722,-0.566040,85.4517,257.4216,0
12.6500,68186,0.433655,-0.379150,0.589722,-0.566040,85.4454,257.4075,0
12.6600,68196,0.433716,-0.379089,0.589722,-0.566040,85.4381,257.3920,0
12.6700,68206,0.433716,-0.379089,0.589722,-0.566040,85.4324,257.3778,0
12.6800,68216,0.433716,-0.379028,0.589722,-0.566040,85.4258,257.3630,0
12.6900,68226,0.433777,-0.379028,0.589722,-0.566040,85.4202,257.3494,0
12.7000,68236,0.433777,-0.379028,0.589783,-0.566040,85.4136,257.3347,0
12.7100,68246,0.433777,-0.378967,0.589783,-0.566040,85.4080,257.3224,0
12.7200,68256,0.433838,-0.378967,0.589783,-0.565979,85.4020,257.3099,0
12.7300,68266,0.433838,-0.378906,0.589783,-0.565979,85.3920,257.2974,0
12.7400,68276,0.433899,-0.378906,0.589783,-0.565979,85.3831,257.2843,0
12.7500,68286,0.433899,-0.378906,0.589783,-0.565979,85.3747,257.2710,0
12.7600,68296,0.433899,-0.378906,0.589783,-0.565979,85.3673,257.2553,0
12.7700,68306,0.433899,-0.378845,0.589783,-0.565979,85.3596,257.2415,0
12.7800,68316,0.433960,-0.378845,0.589783,-0.565979,85.3536,257.2290,0
12.7900,68326,0.433960,-0.378845,0.589783,-0.565979,85.3478,257.2166,0
12.8000,68336,0.433960,-0.378784,0.589783,-0.565979,85.3429,257.2029,0
12.8100,68346,0.434021,-0.378784,0.589783,-0.565918,85.3365,257.1898,0
12.8200,68356,0.434021,-0.378784,0.589783,-0.565918,85.3304,257.1774,0
12.8300,68366,0.434021,-0.378784,0.589783,-0.565918,85.3263,257.1641,0
12.8400,68376,0.434021,-0.378784,0.589783,-0.565918,85.3219,257.1509,0
12.8500,68386,0.434021,-0.378784,0.589783,-0.565918,85.3183,257.1386,0
12.8600,68396,0.434021,-0.378784,0.589783,-0.565918,85.3149,257.1267,0
12.8700,68406,0.434021,-0.378784,0.589783,-0.565918,85.3117,257.1143,0
12.8800,68416,0.434021,-0.378784,0.589783,-0.565918,85.3074,257.1012,0
12.8900,68426,0.434021,-0.378784,0.589783,-0.565918,85.3045,257.0882,0
12.9000,68436,0.434021,-0.378784,0.589783,-0.565918,85.3012,257.0753,0
12.9100,68446,0.434021,-0.378784,0.589783,-0.565918,85.2957,257.0646,0
12.9200,68456,0.434021,-0.378784,0.589783,-0.565918,85.2910,257.0538,0
12.9300,68466,0.434021,-0.378784,0.589783,-0.565918,85.2872,257.0441,0
12.9400,68476,0.434021,-0.378784,0.589783,-0.565918,85.2859,257.0337,0
12.9500,68486,0.433960,-0.378784,0.589844,-0.565979,85.2823,257.0266,0
12.9600,68496,0.433899,-0.378723,0.589844,-0.565979,85.2795,257.0232,0
12.9700,68506,0.433899,-0.378662,0.589905,-0.566040,85.2775,257.0184,0
12.9800,68516,0.433899,-0.378662,0.589905,-0.566040,85.2755,257.0099,0
12.9900,68526,0.433899,-0.378662,0.589905,-0.566040,85.2736,256.9984,0
13.0000,68536,0.433899,-0.378662,0.589905,-0.566040,85.2724,256.9892,0
13.0100,68546,0.433899,-0.378662,0.589905,-0.566040,85.2701,256.9813,0
13.0200,68556,0.433838,-0.378601,0.589966,-0.566040,85.2673,256.9779,0
13.0300,68566,0.433777,-0.378601,0.589966,-0.566101,85.2659,256.9719,0
13.0400,68576,0.433716,-0.378540,0.590027,-0.566101,85.2657,256.9615,0
13.0500,68586,0.433716,-0.378540,0.590027,-0.566101,85.2643,256.9511,0
13.0600,68596,0.433716,-0.378540,0.590027,-0.566101,85.2636,256.9413,0
13.0700,68606,0.433716,-0.378540,0.590027,-0.566101,85.2629,256.9308,0
13.0800,68616,0.433716,-0.378540,0.590027,-0.566101,85.2634,256.9172,0
13.0900,68626,0.433716,-0.378540,0.590027,-0.566101,85.2634,256.9048,0
13.1000,68636,0.433716,-0.378540,0.590027,-0.566101,85.2639,256.8894,0
13.1100,68646,0.433716,-0.378540,0.590027,-0.566101,85.2638,256.8746,0
13.1200,68656,0.433716,-0.378540,0.590027,-0.566101,85.2643,256.8605,0
13.1300,68666,0.433716,-0.378540,0.590027,-0.566101,85.2636,256.8471,0
13.1400,68676,0.433716,-0.378540,0.590027,-0.566101,85.2635,256.8355,0
13.1500,68686,0.433716,-0.378540,0.590027,-0.566101,85.2622,256.8224,0
13.1600,68696,0.433716,-0.378540,0.590027,-0.566101,85.2610,256.8087,0
13.1700,68706,0.433716,-0.378540,0.590027,-0.566101,85.2622,256.7953,0
13.1800,68716,0.433716,-0.378540,0.590027,-0.566101,85.2616,256.7809,0
13.1900,68726,0.433716,-0.378540,0.590027,-0.566101,85.2605,256.7665,0
13.2000,68736,0.433716,-0.378540,0.590027,-0.566101,85.2605,256.7560,0
13.2100,68746,0.433716,-0.378540,0.590027,-0.566101,85.2588,256.7468,0
13.2200,68756,0.433716,-0.378540,0.590027,-0.566101,85.2566,256.7363,0
13.2300,68766,0.433716,-0.378540,0.590027,-0.566101,85.2569,256.7250,0
13.2400,68776,0.433716,-0.378540,0.590027,-0.566101,85.2571,256.7138,0
13.2500,68786,0.433716,-0.378540,0.590027,-0.566101,85.2585,256.7008,0
13.2600,68796,0.433716,-0.378540,0.590027,-0.566101,85.2599,256.6876,0
13.2700,68806,0.433716,-0.378540,0.590027,-0.566101,85.2600,256.6758,0
13.2800,68816,0.433716,-0.378540,0.590027,-0.566101,85.2607,256.6660,0
13.2900,68826,0.433716,-0.378540,0.590027,-0.566101,85.2613,256.6530,0
13.3000,68836,0.433716,-0.378540,0.590027,-0.566101,85.2620,256.6389,0
13.3100,68846,0.433716,-0.378540,0.590027,-0.566101,85.2626,256.6258,0
13.3200,68856,0.433716,-0.378540,0.590027,-0.566101,85.2631,256.6117,0
13.3300,68866,0.433716,-0.378540,0.590027,-0.566101,85.2631,256.6001,0
13.3400,68876,0.433716,-0.378540,0.590027,-0.566101,85.2648,256.5872,0
13.3500,68886,0.433716,-0.378540,0.590027,-0.566101,85.2652,256.5738,0
13.3600,68896,0.433716,-0.378540,0.590027,-0.566101,85.2668,256.5609,0
13.3700,68906,0.433716,-0.378540,0.590027,-0.566101,85.2660,256.5474,0
13.3800,68916,0.433716,-0.378540,0.590027,-0.566101,85.2640,256.5341,0
13.3900,68926,0.433716,-0.378540,0.590027,-0.566101,85.2639,256.5184,0
13.4000,68936,0.433716,-0.378540,0.590027,-0.566101,85.2638,256.5065,0
13.4100,68946,0.433716,-0.378540,0.590027,-0.566101,85.2637,256.4928,0
13.4200,68956,0.433716,-0.378540,0.590027,-0.566101,85.2624,256.4797,0
13.4300,68966,0.433716,-0.378540,0.590027,-0.566101,85.2618,256.4679,0
13.4400,68976,0.433716,-0.378540,0.590027,-0.566101,85.2630,256.4541,0
13.4500,68986,0.433716,-0.378540,0.590027,-0.566101,85.2635,256.4397,0
13.4600,68996,0.433716,-0.378540,0.590027,-0.566101,85.2635,256.4266,0
13.4700,69006,0.433716,-0.378540,0.590027,-0.566101,85.2646,256.4126,0
13.4800,69016,0.433716,-0.378540,0.590027,-0.566101,85.2644,256.4006,0
13.4900,69026,0.433716,-0.378540,0.590027,-0.566101,85.2649,256.3868,0
13.5000,69036,0.433716,-0.378540,0.590027,-0.566101,85.2653,256.3742,0
13.5100,69046,0.433716,-0.378540,0.590027,-0.566101,85.2658,256.3611,0
13.5200,69056,0.433716,-0.378540,0.590027,-0.566101,85.2668,256.3469,0
13.5300,69066,0.433716,-0.378540,0.590027,-0.566101,85.2665,256.3333,0
13.5400,69076,0.433716,-0.378540,0.590027,-0.566101,85.2657,256.3186,0
13.5500,69086,0.433716,-0.378540,0.590027,-0.566101,85.2661,256.3045,0
13.5600,69096,0.433716,-0.378540,0.590027,-0.566101,85.2665,256.2942,0
13.5700,69106,0.433716,-0.378540,0.590027,-0.566101,85.2662,256.2807,0
13.5800,69116,0.433716,-0.378540,0.590027,-0.566101,85.2654,256.2680,0
13.5900,69126,0.433716,-0.378540,0.590027,-0.566101,85.2647,256.2563,0
13.6000,69136,0.433716,-0.378540,0.590027,-0.566101,85.2651,256.2416,0
13.6100,69146,0.433716,-0.378540,0.590027,-0.566101,85.2650,256.2295,0
13.6200,69156,0.433716,-0.378540,0.590027,-0.566101,85.2666,256.2167,0
13.6300,69166,0.433716,-0.378540,0.590027,-0.566101,85.2675,256.2029,0
13.6400,69176,0.433716,-0.378540,0.590027,-0.566101,85.2679,256.1909,0
13.6500,69186,0.433716,-0.378540,0.590027,-0.566101,85.2682,256.1794,0
13.6600,69196,0.433716,-0.378540,0.590027,-0.566101,85.2678,256.1673,0
13.6700,69206,0.433716,-0.378540,0.590027,-0.566101,85.2675,256.1559,0
13.6800,69216,0.433716,-0.378540,0.590027,-0.566101,85.2679,256.1451,0
13.6900,69226,0.433716,-0.378540,0.590027,-0.566101,85.2693,256.1338,0
13.7000,69236,0.433716,-0.378540,0.590027,-0.566101,85.2708,256.1213,0
13.7100,69246,0.433716,-0.378540,0.590027,-0.566101,85.2697,256.1082,0
13.7200,69256,0.433716,-0.378540,0.590027,-0.566101,85.2705,256.0967,0
13.7300,69266,0.433716,-0.378540,0.590027,-0.566101,85.2689,256.0836,0
13.7400,69276,0.433716,-0.378540,0.590027,-0.566101,85.2680,256.0713,0
13.7500,69286,0.433716,-0.378540,0.590027,-0.566101,85.2676,256.0602,0
13.7600,69296,0.433716,-0.378540,0.590027,-0.566101,85.2656,256.0487,0
13.7700,69306,0.433716,-0.378540,0.590027,-0.566101,85.2624,256.0378,0
13.7800,69316,0.433716,-0.378540,0.590027,-0.566101,85.2612,256.0282,0
13.7900,69326,0.433716,-0.378540,0.590027,-0.566101,85.2601,256.0186,0
13.8000,69336,0.433716,-0.378540,0.590027,-0.566101,85.2584,256.0076,0
13.8100,69346,0.433716,-0.378540,0.590027,-0.566101,85.2573,255.9966,0
13.8200,69356,0.433716,-0.378540,0.590027,-0.566101,85.2570,255.9843,0
13.8300,69366,0.433716,-0.378540,0.590027,-0.566101,85.2584,255.9738,0
13.8400,69376,0.433716,-0.378540,0.590027,-0.566101,85.2580,255.9615,0
13.8500,69386,0.433716,-0.378540,0.590027,-0.566101,85.2594,255.9492,0
13.8600,69396,0.433716,-0.378540,0.590027,-0.566101,85.2589,255.9377,0
13.8700,69406,0.433716,-0.378540,0.590027,-0.566101,85.2602,255.9254,0
13.8800,69416,0.433716,-0.378540,0.590027,-0.566101,85.2591,255.9116,0
13.8900,69426,0.433716,-0.378540,0.590027,-0.566101,85.2599,255.8990,0
13.9000,69436,0.433716,-0.378540,0.590027,-0.566101,85.2606,255.8882,0
13.9100,69446,0.433716,-0.378540,0.590027,-0.566101,85.2606,255.8769,0
13.9200,69456,0.433716,-0.378540,0.590027,-0.566101,85.2601,255.8676,0
13.9300,69466,0.433716,-0.378540,0.590027,-0.566101,85.2584,255.8561,0
13.9400,69476,0.433716,-0.378540,0.590027,-0.566101,85.2562,255.8464,0
13.9500,69486,0.433716,-0.378540,0.590027,-0.566101,85.2547,255.8339,0
13.9600,69496,0.433716,-0.378540,0.590027,-0.566101,85.2539,255.8234,0
13.9700,69506,0.433716,-0.378540,0.590027,-0.566101,85.2531,255.8121,0
13.9800,69516,0.433716,-0.378540,0.590027,-0.566101,85.2529,255.8003,0
13.9900,69526,0.433716,-0.378540,0.590027,-0.566101,85.2540,255.7879,0
14.0000,69536,0.433716,-0.378540,0.590027,-0.566101,85.2538,255.7764,0
14.0100,69546,0.433716,-0.378540,0.590027,-0.566101,85.2530,255.7647,0
14.0200,69556,0.433716,-0.378540,0.590027,-0.566101,85.2528,255.7544,0
14.0300,69566,0.433716,-0.378540,0.590027,-0.566101,85.2527,255.7427,0
14.0400,69576,0.433716,-0.378540,0.590027,-0.566101,85.2532,255.7316,0
14.0500,69586,0.433716,-0.378540,0.590027,-0.566101,85.2530,255.7195,0
14.0600,69596,0.433716,-0.378540,0.590027,-0.566101,85.2517,255.7085,0
14.0700,69606,0.433716,-0.378540,0.590027,-0.566101,85.2522,255.6952,0
14.0800,69616,0.433716,-0.378540,0.590027,-0.566101,85.2521,255.6823,0
14.0900,69626,0.433716,-0.378540,0.590027,-0.566101,85.2514,255.6708,0
14.1000,69636,0.433716,-0.378540,0.590027,-0.566101,85.2501,255.6591,0
14.1100,69646,0.433716,-0.378540,0.590027,-0.566101,85.2501,255.6470,0
14.1200,69656,0.433716,-0.378540,0.590027,-0.566101,85.2495,255.6374,0
14.1300,69666,0.433716,-0.378540,0.590027,-0.566101,85.2501,255.6265,0
14.1400,69676,0.433716,-0.378540,0.590027,-0.566101,85.2519,255.6175,0
14.1500,69686,0.433716,-0.378540,0.590027,-0.566101,85.2524,255.6061,0
14.1600,69696,0.433716,-0.378540,0.590027,-0.566101,85.2529,255.5941,0
14.1700,69706,0.433716,-0.378540,0.590027,-0.566101,85.2527,255.5847,0
14.1800,69716,0.433716,-0.378540,0.590027,-0.566101,85.2514,255.5736,0
14.1900,69726,0.433716,-0.378540,0.590027,-0.566101,85.2507,255.5630,0
14.2000,69736,0.433716,-0.378540,0.590027,-0.566101,85.2513,255.5519,0
14.2100,69746,0.433716,-0.378540,0.590027,-0.566101,85.2506,255.5413,0
14.2200,69756,0.433716,-0.378540,0.590027,-0.566101,85.2512,255.5312,0
14.2300,69766,0.433716,-0.378540,0.590027,-0.566101,85.2523,255.5217,0
14.2400,69776,0.433716,-0.378540,0.590027,-0.566101,85.2522,255.5110,0
14.2500,69786,0.433716,-0.378540,0.590027,-0.566101,85.2533,255.5009,0
14.2600,69796,0.433716,-0.378540,0.590027,-0.566101,85.2549,255.4902,0
14.2700,69806,0.433716,-0.378540,0.590027,-0.566101,85.2553,255.4813,0
14.2800,69816,0.433716,-0.378540,0.590027,-0.566101,85.2556,255.4719,0
14.2900,69826,0.433716,-0.378540,0.590027,-0.566101,85.2553,255.4625,0
14.3000,69836,0.433716,-0.378540,0.590027,-0.566101,85.2550,255.4531,0
14.3100,69846,0.433716,-0.378540,0.590027,-0.566101,85.2560,255.4424,0
14.3200,69856,0.433716,-0.378540,0.590027,-0.566101,85.2575,255.4329,0
14.3300,69866,0.433716,-0.378540,0.590027,-0.566101,85.2583,255.4243,0
14.3400,69876,0.433716,-0.378540,0.590027,-0.566101,85.2579,255.4139,0
14.3500,69886,0.433716,-0.378540,0.590027,-0.566101,85.2569,255.4041,0
14.3600,69896,0.433716,-0.378540,0.590027,-0.566101,85.2553,255.3938,0
14.3700,69906,0.433716,-0.378540,0.590027,-0.566101,85.2551,255.3841,0
14.3800,69916,0.433716,-0.378540,0.590027,-0.566101,85.2536,255.3737,0
14.3900,69926,0.433716,-0.378540,0.590027,-0.566101,85.2541,255.3631,0
14.4000,69936,0.433716,-0.378540,0.590027,-0.566101,85.2527,255.3545,0
14.4100,69946,0.433716,-0.378540,0.590027,-0.566101,85.2513,255.3453,0
14.4200,69956,0.433716,-0.378540,0.590027,-0.566101,85.2501,255.3369,0
14.4300,69966,0.433716,-0.378540,0.590027,-0.566101,85.2501,255.3278,0
14.4400,69976,0.433716,-0.378540,0.590027,-0.566101,85.2495,255.3188,0
14.4500,69986,0.433716,-0.378540,0.590027,-0.566101,85.2507,255.3084,0
14.4600,69996,0.433716,-0.378540,0.590027,-0.566101,85.2513,255.3000,0
14.4700,70006,0.433716,-0.378540,0.590027,-0.566101,85.2500,255.2887,0
14.4800,70016,0.433716,-0.378540,0.590027,-0.566101,85.2500,255.2780,0
14.4900,70026,0.433716,-0.378540,0.590027,-0.566101,85.2476,255.2686,0
14.5000,70036,0.433716,-0.378540,0.590027,-0.566101,85.2483,255.2590,0
14.5100,70046,0.433716,-0.378540,0.590027,-0.566101,85.2490,255.2470,0
14.5200,70056,0.433716,-0.378540,0.590027,-0.566101,85.2497,255.2368,0
14.5300,70066,0.433716,-0.378540,0.590027,-0.566101,85.2509,255.2290,0
14.5400,70076,0.433716,-0.378540,0.590027,-0.566101,85.2520,255.2202,0
14.5500,70086,0.433716,-0.378540,0.590027,-0.566101,85.2531,255.2108,0
14.5600,70096,0.433716,-0.378540,0.590027,-0.566101,85.2535,255.2003,0
14.5700,70106,0.433716,-0.378540,0.590027,-0.566101,85.2551,255.1910,0
14.5800,70116,0.433716,-0.378540,0.590027,-0.566101,85.2549,255.1811,0
14.5900,70126,0.433716,-0.378540,0.590027,-0.566101,85.2546,255.1707,0
14.6000,70136,0.433716,-0.378540,0.590027,-0.566101,85.2556,255.1601,0
14.6100,70146,0.433716,-0.378540,0.590027,-0.566101,85.2559,255.1497,0
14.6200,70156,0.433716,-0.378540,0.590027,-0.566101,85.2574,255.1405,0
14.6300,70166,0.433716,-0.378540,0.590027,-0.566101,85.2588,255.1312,0
14.6400,70176,0.433716,-0.378540,0.590027,-0.566101,85.2602,255.1219,0
14.6500,70186,0.433716,-0.378540,0.590027,-0.566101,85.2608,255.1113,0
14.6600,70196,0.433716,-0.378540,0.590027,-0.566101,85.2633,255.1026,0
14.6700,70206,0.433716,-0.378540,0.590027,-0.566101,85.2638,255.0939,0
14.6800,70216,0.433716,-0.378540,0.590027,-0.566101,85.2637,255.0846,0
14.6900,70226,0.433716,-0.378540,0.590027,-0.566101,85.2648,255.0747,0
14.7000,70236,0.433716,-0.378540,0.590027,-0.566101,85.2647,255.0662,0
14.7100,70246,0.433716,-0.378540,0.590027,-0.566101,85.2633,255.0572,0
14.7200,70256,0.433716,-0.378540,0.590027,-0.566101,85.2633,255.0488,0
14.7300,70266,0.433716,-0.378540,0.590027,-0.566101,85.2626,255.0409,0
14.7400,70276,0.433716,-0.378540,0.590027,-0.566101,85.2626,255.0320,0
14.7500,70286,0.433716,-0.378540,0.590027,-0.566101,85.2613,255.0248,0
14.7600,70296,0.433716,-0.378540,0.590027,-0.566101,85.2596,255.0151,0
14.7700,70306,0.433716,-0.378540,0.590027,-0.566101,85.2597,255.0067,0
14.7800,70316,0.433716,-0.378540,0.590027,-0.566101,85.2592,254.9964,0
14.7900,70326,0.433716,-0.378540,0.590027,-0.566101,85.2593,254.9862,0
14.8000,70336,0.433716,-0.378540,0.590027,-0.566101,85.2595,254.9772,0
14.8100,70346,0.433716,-0.378540,0.590027,-0.566101,85.2608,254.9670,0
14.8200,70356,0.433716,-0.378540,0.590027,-0.566101,85.2614,254.9587,0
14.8300,70366,0.433716,-0.378540,0.590027,-0.566101,85.2632,254.9492,0
14.8400,70376,0.433716,-0.378540,0.590027,-0.566101,85.2638,254.9402,0
14.8500,70386,0.433716,-0.378540,0.590027,-0.566101,85.2637,254.9307,0
14.8600,70396,0.433716,-0.378540,0.590027,-0.566101,85.2642,254.9225,0
14.8700,70406,0.433716,-0.378540,0.590027,-0.566101,85.2647,254.9119,0
14.8800,70416,0.433716,-0.378540,0.590027,-0.566101,85.2645,254.9012,0
14.8900,70426,0.433716,-0.378540,0.590027,-0.566101,85.2650,254.8923,0
14.9000,70436,0.433716,-0.378540,0.590027,-0.566101,85.2631,254.8848,0
14.9100,70446,0.433716,-0.378540,0.590027,-0.566101,85.2624,254.8757,0
14.9200,70456,0.433716,-0.378540,0.590027,-0.566101,85.2612,254.8678,0
14.9300,70466,0.433716,-0.378540,0.590027,-0.566101,85.2618,254.8585,0
14.9400,70476,0.433716,-0.378540,0.590027,-0.566101,85.2612,254.8504,0
14.9500,70486,0.433716,-0.378540,0.590027,-0.566101,85.2613,254.8430,0
14.9600,70496,0.433716,-0.378540,0.590027,-0.566101,85.2607,254.8344,0
14.9700,70506,0.433716,-0.378540,0.590027,-0.566101,85.2590,254.8269,0
14.9800,70516,0.433716,-0.378540,0.590027,-0.566101,85.2591,254.8183,0
14.9900,70526,0.433716,-0.378540,0.590027,-0.566101,85.2593,254.8092,0
15.0000,70536,0.433716,-0.378540,0.590027,-0.566101,85.2594,254.8008,0
15.0100,70546,0.433716,-0.378540,0.590027,-0.566101,85.2595,254.7905,0
15.0200,70556,0.433716,-0.378540,0.590027,-0.566101,85.2590,254.7833,0
15.0300,70566,0.433716,-0.378540,0.590027,-0.566101,85.2580,254.7758,0
15.0400,70576,0.433716,-0.378540,0.590027,-0.566101,85.2564,254.7672,0
15.0500,70586,0.433716,-0.378540,0.590027,-0.566101,85.2549,254.7597,0
15.0600,70596,0.433716,-0.378540,0.590027,-0.566101,85.2552,254.7531,0
15.0700,70606,0.433716,-0.378540,0.590027,-0.566101,85.2538,254.7460,0
15.0800,70616,0.433716,-0.378540,0.590027,-0.566101,85.2536,254.7381,0
15.0900,70626,0.433716,-0.378540,0.590027,-0.566101,85.2552,254.7284,0
15.1000,70636,0.433716,-0.378540,0.590027,-0.566101,85.2549,254.7189,0
15.1100,70646,0.433716,-0.378540,0.590027,-0.566101,85.2571,254.7094,0
15.1200,70656,0.433716,-0.378540,0.590027,-0.566101,85.2579,254.7006,0
15.1300,70666,0.433716,-0.378540,0.590027,-0.566101,85.2587,254.6937,0
15.1400,70676,0.433716,-0.378540,0.590027,-0.566101,85.2589,254.6846,0
15.1500,70686,0.433716,-0.378540,0.590027,-0.566101,85.2578,254.6759,0
15.1600,70696,0.433716,-0.378540,0.590027,-0.566101,85.2551,254.6674,0
15.1700,70706,0.433716,-0.378540,0.590027,-0.566101,85.2530,254.6575,0
15.1800,70716,0.433716,-0.378540,0.590027,-0.566101,85.2529,254.6478,0
15.1900,70726,0.433716,-0.378540,0.590027,-0.566101,85.2533,254.6391,0
15.2000,70736,0.433716,-0.378540,0.590027,-0.566101,85.2549,254.6298,0
15.2100,70746,0.433716,-0.378540,0.590027,-0.566101,85.2559,254.6191,0
15.2200,70756,0.433716,-0.378601,0.590088,-0.566040,85.2580,254.6089,0
15.2300,70766,0.433655,-0.378601,0.590088,-0.565979,85.2593,254.6002,0
15.2400,70776,0.433655,-0.378662,0.590149,-0.565979,85.2595,254.5916,0
15.2500,70786,0.433655,-0.378662,0.590149,-0.565979,85.2590,254.5806,0
15.2600,70796,0.433655,-0.378662,0.590149,-0.565979,85.2586,254.5717,0
15.2700,70806,0.433655,-0.378662,0.590149,-0.565979,85.2575,254.5633,0
15.2800,70816,0.433655,-0.378662,0.590149,-0.565979,85.2566,254.5546,0
15.2900,70826,0.433655,-0.378662,0.590149,-0.565979,85.2556,254.5477,0
15.3000,70836,0.433655,-0.378662,0.590149,-0.565979,85.2548,254.5396,0
15.3100,70846,0.433655,-0.378662,0.590149,-0.565979,85.2551,254.5300,0
15.3200,70856,0.433655,-0.378662,0.590149,-0.565979,85.2555,254.5211,0
15.3300,70866,0.433655,-0.378662,0.590149,-0.565979,85.2540,254.5131,0
15.3400,70876,0.433655,-0.378662,0.590149,-0.565979,85.2526,254.5048,0
15.3500,70886,0.433655,-0.378662,0.590149,-0.565979,85.2507,254.4971,0
15.3600,70896,0.433655,-0.378662,0.590149,-0.565979,85.2495,254.4889,0
15.3700,70906,0.433655,-0.378662,0.590149,-0.565979,85.2501,254.4806,0
15.3800,70916,0.433655,-0.378662,0.590149,-0.565979,85.2489,254.4709,0
15.3900,70926,0.433655,-0.378662,0.590149,-0.565979,85.2472,254.4626,0
15.4000,70936,0.433655,-0.378662,0.590149,-0.565979,85.2461,254.4546,0
15.4100,70946,0.433655,-0.378662,0.590149,-0.565979,85.2457,254.4474,0
15.4200,70956,0.433655,-0.378662,0.590149,-0.565979,85.2471,254.4395,0
15.4300,70966,0.433655,-0.378662,0.590149,-0.565979,85.2491,254.4309,0
15.4400,70976,0.433655,-0.378662,0.590149,-0.565979,85.2509,254.4213,0
15.4500,70986,0.433655,-0.378662,0.590149,-0.565979,85.2508,254.4124,0
15.4600,70996,0.433655,-0.378662,0.590149,-0.565979,85.2490,254.4031,0
15.4700,71006,0.433655,-0.378662,0.590149,-0.565979,85.2473,254.3931,0
15.4800,71016,0.433655,-0.378662,0.590149,-0.565979,85.2450,254.3859,0
15.4900,71026,0.433655,-0.378662,0.590149,-0.565979,85.2447,254.3764,0
15.5000,71036,0.433655,-0.378662,0.590149,-0.565979,85.2444,254.3679,0
15.5100,71046,0.433655,-0.378662,0.590149,-0.565979,85.2453,254.3607,0
15.5200,71056,0.433655,-0.378662,0.590149,-0.565979,85.2443,254.3531,0
15.5300,71066,0.433655,-0.378662,0.590149,-0.565979,85.2446,254.3441,0
15.5400,71076,0.433655,-0.378662,0.590149,-0.565979,85.2443,254.3357,0
15.5500,71086,0.433655,-0.378662,0.590149,-0.565979,85.2440,254.3279,0
15.5600,71096,0.433655,-0.378662,0.590149,-0.565979,85.2449,254.3199,0
15.5700,71106,0.433655,-0.378662,0.590149,-0.565979,85.2457,254.3119,0
15.5800,71116,0.433655,-0.378662,0.590149,-0.565979,85.2459,254.3032,0
15.5900,71126,0.433655,-0.378662,0.590149,-0.565979,85.2455,254.2941,0
15.6000,71136,0.433655,-0.378662,0.590149,-0.565979,85.2464,254.2864,0
15.6100,71146,0.433655,-0.378662,0.590149,-0.565979,85.2453,254.2789,0
15.6200,71156,0.433655,-0.378662,0.590149,-0.565979,85.2438,254.2704,0
15.6300,71166,0.433655,-0.378662,0.590149,-0.565979,85.2405,254.2640,0
15.6400,71176,0.433655,-0.378662,0.590149,-0.565979,85.2386,254.2558,0
15.6500,71186,0.433655,-0.378662,0.590149,-0.565979,85.2380,254.2480,0
15.6600,71196,0.433655,-0.378662,0.590149,-0.565979,85.2392,254.2399,0
15.6700,71206,0.433655,-0.378662,0.590149,-0.565979,85.2403,254.2309,0
15.6800,71216,0.433655,-0.378662,0.590149,-0.565979,85.2420,254.2219,0
15.6900,71226,0.433655,-0.378662,0.590149,-0.565979,85.2436,254.2159,0
15.7000,71236,0.433655,-0.378662,0.590149,-0.565979,85.2433,254.2087,0
15.7100,71246,0.433594,-0.378662,0.590149,-0.565918,85.2431,254.2009,0
15.7200,71256,0.433594,-0.378723,0.590210,-0.565918,85.2404,254.1910,0
15.7300,71266,0.433594,-0.378723,0.590271,-0.565857,85.2397,254.1821,0
15.7400,71276,0.433533,-0.378784,0.590332,-0.565796,85.2379,254.1724,0
15.7500,71286,0.433472,-0.378845,0.590393,-0.565735,85.2385,254.1633,0
15.7600,71296,0.433411,-0.378906,0.590454,-0.565674,85.2414,254.1550,0
15.7700,71306,0.433411,-0.378906,0.590515,-0.565613,85.2454,254.1475,0
15.7800,71316,0.433289,-0.379089,0.590698,-0.565369,85.2498,254.1391,0
15.7900,71326,0.433228,-0.379150,0.590759,-0.565308,85.2522,254.1303,0
15.8000,71336,0.433167,-0.379150,0.590820,-0.565247,85.2521,254.1197,0
15.8100,71346,0.433167,-0.379150,0.590820,-0.565247,85.2490,254.1100,0
15.8200,71356,0.433167,-0.379150,0.590820,-0.565247,85.2473,254.1006,0
15.8300,71366,0.433167,-0.379150,0.590820,-0.565247,85.2474,254.0886,0
15.8400,71376,0.433167,-0.379150,0.590820,-0.565247,85.2470,254.0751,0
15.8500,71386,0.433228,-0.379211,0.590820,-0.565186,85.2483,254.0576,0
15.8600,71396,0.433350,-0.379333,0.590759,-0.565125,85.2508,254.0246,0
15.8700,71406,0.433533,-0.379578,0.590637,-0.564941,85.2519,253.9729,0
15.8800,71416,0.433899,-0.380066,0.590393,-0.564575,85.2566,253.8788,0
15.8900,71426,0.434265,-0.380493,0.590149,-0.564270,85.2545,253.7913,0
15.9000,71436,0.434509,-0.380859,0.589844,-0.564087,85.2430,253.7213,0
15.9100,71446,0.434814,-0.381287,0.589600,-0.563904,85.2352,253.6481,0
15.9200,71456,0.435303,-0.381348,0.589355,-0.563660,85.2282,253.5805,0
15.9300,71466,0.435730,-0.381836,0.588989,-0.563416,85.2227,253.4851,0
15.9400,71476,0.436340,-0.382385,0.588501,-0.563049,85.2188,253.3631,0
15.9500,71486,0.436951,-0.382996,0.588013,-0.562683,85.2169,253.2338,0
15.9600,71496,0.437378,-0.383484,0.587708,-0.562317,85.2187,253.1319,0
15.9700,71506,0.437744,-0.383911,0.587463,-0.562012,85.2239,253.0450,0
15.9800,71516,0.438171,-0.384277,0.587219,-0.561707,85.2335,252.9644,0
15.9900,71526,0.438416,-0.384460,0.587097,-0.561523,85.2402,252.9507,0
16.0000,71536,0.438477,-0.384521,0.587097,-0.561401,85.2461,252.9455,0
16.0100,71546,0.438477,-0.384521,0.587158,-0.561340,85.2492,252.9447,0
16.0200,71556,0.438477,-0.384521,0.587158,-0.561340,85.2445,252.9459,0
16.0300,71566,0.438477,-0.384521,0.587097,-0.561401,85.2371,252.9457,0
16.0400,71576,0.438538,-0.384460,0.586975,-0.561523,85.2312,252.9462,0
16.0500,71586,0.438599,-0.384399,0.586853,-0.561646,85.2268,252.9439,0
16.0600,71596,0.438599,-0.384338,0.586853,-0.561707,85.2268,252.9386,0
16.0700,71606,0.438660,-0.384338,0.586853,-0.561707,85.2291,252.9332,0
16.0800,71616,0.438660,-0.384338,0.586853,-0.561707,85.2313,252.9271,0
16.0900,71626,0.438660,-0.384338,0.586853,-0.561707,85.2329,252.9195,0
16.1000,71636,0.438660,-0.384338,0.586853,-0.561707,85.2343,252.9105,0
16.1100,71646,0.438660,-0.384277,0.586853,-0.561646,85.2333,252.9043,0
16.1200,71656,0.438721,-0.384338,0.586853,-0.561584,85.2300,252.8924,0
16.1300,71666,0.438965,-0.384460,0.586731,-0.561462,85.2304,252.8502,0
16.1400,71676,0.439514,-0.384888,0.586365,-0.561096,85.2367,252.7474,0
16.1500,71686,0.440247,-0.385437,0.585876,-0.560669,85.2433,252.6158,0
16.1600,71696,0.441101,-0.385925,0.585266,-0.560303,85.2520,252.4764,0
16.1700,71706,0.441833,-0.386536,0.584595,-0.559998,85.2549,252.3369,0
16.1800,71716,0.442627,-0.387146,0.583984,-0.559631,85.2493,252.1968,0
16.1900,71726,0.443054,-0.387573,0.583618,-0.559387,85.2398,252.1053,0
16.2000,71736,0.443115,-0.387817,0.583496,-0.559265,85.2284,252.0726,0
16.2100,71746,0.443054,-0.387878,0.583496,-0.559265,85.2194,252.0702,0
16.2200,71756,0.442993,-0.387939,0.583557,-0.559204,85.2126,252.0694,0
16.2300,71766,0.442932,-0.388062,0.583557,-0.559204,85.2064,252.0697,0
16.2400,71776,0.442810,-0.388184,0.583618,-0.559143,85.1950,252.0713,0
16.2500,71786,0.442627,-0.388306,0.583679,-0.559143,85.1843,252.0779,0
16.2600,71796,0.442749,-0.388611,0.583496,-0.558960,85.1842,252.0496,0
16.2700,71806,0.442932,-0.388733,0.583313,-0.558960,85.1840,252.0997,0
16.2800,71816,0.442749,-0.388428,0.583374,-0.559204,85.1810,252.1673,0
16.2900,71826,0.442383,-0.388123,0.583557,-0.559509,85.1822,252.2116,0
16.3000,71836,0.442200,-0.387939,0.583740,-0.559692,85.1893,252.2240,0
16.3100,71846,0.442200,-0.387817,0.583740,-0.559753,85.1978,252.2279,0
16.3200,71856,0.442322,-0.387695,0.583557,-0.559998,85.2071,252.2304,0
16.3300,71866,0.442383,-0.387573,0.583557,-0.559998,85.2207,252.2303,0
16.3400,71876,0.442444,-0.387512,0.583557,-0.559937,85.2378,252.2315,0
16.3500,71886,0.442566,-0.387390,0.583557,-0.559937,85.2564,252.2341,0
16.3600,71896,0.442627,-0.387268,0.583557,-0.559937,85.2691,252.2377,0
16.3700,71906,0.442749,-0.387207,0.583618,-0.559875,85.2794,252.2406,0
16.3800,71916,0.442749,-0.387146,0.583618,-0.559814,85.2851,252.2443,0
16.3900,71926,0.442749,-0.387146,0.583740,-0.559814,85.2887,252.2495,0
16.4000,71936,0.442688,-0.387207,0.583801,-0.559692,85.2885,252.2532,0
16.4100,71946,0.442688,-0.387207,0.583862,-0.559631,85.2907,252.2529,0
16.4200,71956,0.442688,-0.387146,0.583923,-0.559570,85.2964,252.2535,0
16.4300,71966,0.442749,-0.387146,0.583984,-0.559509,85.2987,252.2565,0
16.4400,71976,0.442810,-0.387085,0.583984,-0.559509,85.3014,252.2590,0
16.4500,71986,0.442871,-0.386963,0.583984,-0.559509,85.3041,252.2640,0
16.4600,71996,0.442932,-0.386902,0.583923,-0.559570,85.3018,252.2655,0
16.4700,72006,0.442993,-0.386902,0.583923,-0.559570,85.2997,252.2636,0
16.4800,72016,0.442993,-0.386841,0.583862,-0.559631,85.2952,252.2626,0
16.4900,72026,0.443054,-0.386780,0.583801,-0.559692,85.2934,252.2622,0
16.5000,72036,0.443115,-0.386719,0.583740,-0.559753,85.2923,252.2613,0
16.5100,72046,0.443176,-0.386719,0.583740,-0.559753,85.2924,252.2627,0
16.5200,72056,0.443237,-0.386597,0.583618,-0.559937,85.2889,252.2643,0
16.5300,72066,0.443237,-0.386658,0.583801,-0.559692,85.2950,252.2660,0
16.5400,72076,0.443237,-0.386658,0.583984,-0.559509,85.2942,252.2684,0
16.5500,72086,0.443237,-0.386658,0.584045,-0.559387,85.2946,252.2695,0
16.5600,72096,0.443237,-0.386658,0.584167,-0.559265,85.2951,252.2683,0
16.5700,72106,0.443237,-0.386597,0.584290,-0.559204,85.2937,252.2675,0
16.5800,72116,0.443298,-0.386597,0.584351,-0.559082,85.2870,252.2693,0
16.5900,72126,0.443359,-0.386536,0.584351,-0.559082,85.2801,252.2673,0
16.6000,72136,0.443359,-0.386475,0.584351,-0.559082,85.2729,252.2666,0
16.6100,72146,0.443420,-0.386414,0.584290,-0.559143,85.2612,252.2662,0
16.6200,72156,0.443481,-0.386353,0.584229,-0.559143,85.2513,252.2670,0
16.6300,72166,0.443542,-0.386292,0.584229,-0.559204,85.2425,252.2654,0
16.6400,72176,0.443604,-0.386292,0.584167,-0.559265,85.2370,252.2672,0
16.6500,72186,0.443604,-0.386230,0.584167,-0.559265,85.2301,252.2679,0
16.6600,72196,0.443604,-0.386230,0.584167,-0.559265,85.2241,252.2699,0
16.6700,72206,0.443604,-0.386230,0.584167,-0.559265,85.2160,252.2750,0
16.6800,72216,0.443604,-0.386169,0.584229,-0.559265,85.2095,252.2805,0
16.6900,72226,0.443542,-0.386169,0.584229,-0.559265,85.2039,252.2883,0
16.7000,72236,0.443481,-0.386047,0.584351,-0.559326,85.2004,252.3065,0
16.7100,72246,0.442993,-0.385620,0.584656,-0.559631,85.1900,252.3985,0
16.7200,72256,0.442383,-0.385132,0.585083,-0.560059,85.1753,252.5064,0
16.7300,72266,0.442810,-0.385498,0.584717,-0.559814,85.1744,252.4256,0
16.7400,72276,0.442993,-0.385559,0.584534,-0.559814,85.1718,252.4021,0
16.7500,72286,0.443115,-0.385559,0.584473,-0.559875,85.1622,252.3924,0
16.7600,72296,0.443115,-0.385498,0.584351,-0.559998,85.1483,252.3910,0
16.7700,72306,0.443176,-0.385437,0.584229,-0.560059,85.1392,252.3896,0
16.7800,72316,0.443237,-0.385376,0.584167,-0.560181,85.1324,252.3902,0
16.7900,72326,0.443237,-0.385315,0.584167,-0.560242,85.1248,252.4394,0
16.8000,72336,0.442993,-0.385071,0.584351,-0.560425,85.1177,252.4962,0
16.8100,72346,0.442566,-0.384827,0.584595,-0.560547,85.1157,252.4475,0
16.8200,72356,0.442749,-0.385132,0.584473,-0.560364,85.1179,252.3705,0
16.8300,72366,0.443176,-0.385498,0.584229,-0.560120,85.1177,252.3566,0
16.8400,72376,0.443237,-0.385559,0.584167,-0.560059,85.1145,252.3513,0
16.8500,72386,0.443176,-0.385559,0.584229,-0.559998,85.1103,252.3487,0
16.8600,72396,0.443115,-0.385681,0.584351,-0.559875,85.1098,252.3479,0
16.8700,72406,0.443054,-0.385742,0.584412,-0.559814,85.1082,252.3470,0
16.8800,72416,0.442993,-0.385803,0.584473,-0.559753,85.1061,252.3464,0
16.8900,72426,0.442993,-0.385803,0.584473,-0.559753,85.1040,252.3444,0
16.9000,72436,0.443054,-0.385742,0.584473,-0.559753,85.1021,252.3413,0
16.9100,72446,0.443054,-0.385742,0.584412,-0.559814,85.1003,252.3380,0
16.9200,72456,0.443115,-0.385681,0.584412,-0.559814,85.0984,252.3350,0
16.9300,72466,0.443115,-0.385681,0.584412,-0.559814,85.0984,252.3321,0
16.9400,72476,0.443115,-0.385681,0.584412,-0.559814,85.0990,252.3288,0
16.9500,72486,0.443115,-0.385681,0.584473,-0.559753,85.1001,252.3258,0
16.9600,72496,0.443115,-0.385742,0.584473,-0.559692,85.0976,252.3200,0
16.9700,72506,0.443115,-0.385681,0.584473,-0.559692,85.0947,252.3174,0
16.9800,72516,0.443115,-0.385681,0.584534,-0.559692,85.0919,252.3157,0
16.9900,72526,0.443115,-0.385681,0.584534,-0.559692,85.0892,252.3150,0
17.0000,72536,0.443115,-0.385681,0.584534,-0.559631,85.0891,252.3126,0
17.0100,72546,0.443176,-0.385620,0.584534,-0.559631,85.0866,252.3116,0
17.0200,72556,0.443176,-0.385620,0.584595,-0.559631,85.0830,252.3139,0
17.0300,72566,0.443115,-0.385681,0.584595,-0.559570,85.0790,252.3131,0
17.0400,72576,0.443176,-0.385620,0.584595,-0.559570,85.0734,252.3106,0
17.0500,72586,0.443176,-0.385620,0.584595,-0.559570,85.0687,252.3107,0
17.0600,72596,0.443176,-0.385620,0.584656,-0.559570,85.0649,252.3098,0
17.0700,72606,0.443237,-0.385559,0.584595,-0.559570,85.0612,252.3107,0
17.0800,72616,0.443237,-0.385559,0.584595,-0.559570,85.0583,252.3126,0
17.0900,72626,0.443237,-0.385559,0.584595,-0.559570,85.0549,252.3113,0
17.1000,72636,0.443237,-0.385559,0.584595,-0.559570,85.0511,252.3122,0
17.1100,72646,0.443298,-0.385498,0.584595,-0.559570,85.0458,252.3101,0
17.1200,72656,0.443237,-0.385559,0.584595,-0.559631,85.0424,252.3088,0
17.1300,72666,0.443237,-0.385559,0.584595,-0.559631,85.0423,252.3111,0
17.1400,72676,0.443298,-0.385498,0.584595,-0.559631,85.0427,252.3097,0
17.1500,72686,0.443298,-0.385498,0.584595,-0.559631,85.0449,252.3076,0
17.1600,72696,0.443298,-0.385498,0.584595,-0.559570,85.0469,252.3061,0
17.1700,72706,0.443298,-0.385498,0.584595,-0.559570,85.0501,252.3066,0
17.1800,72716,0.443298,-0.385498,0.584595,-0.559570,85.0531,252.3057,0
17.1900,72726,0.443298,-0.385498,0.584595,-0.559570,85.0524,252.3048,0
17.2000,72736,0.443298,-0.385437,0.584595,-0.559570,85.0523,252.3047,0
17.2100,72746,0.443359,-0.385437,0.584595,-0.559570,85.0510,252.3040,160
17.2200,72756,0.443359,-0.385437,0.584595,-0.559570,85.0498,252.3017,0
17.2300,72766,0.443359,-0.385437,0.584595,-0.559570,85.0481,252.2993,0
17.2400,72776,0.443359,-0.385437,0.584595,-0.559570,85.0470,252.2990,0
17.2500,72786,0.443420,-0.385376,0.584595,-0.559570,85.0478,252.2969,0
17.2600,72796,0.443481,-0.385315,0.584534,-0.559631,85.0509,252.2951,0
17.2700,72806,0.443481,-0.385254,0.584473,-0.559692,85.0489,252.2937,0
17.2800,72816,0.443542,-0.385254,0.584473,-0.559692,85.0447,252.2921,0
17.2900,72826,0.443542,-0.385254,0.584473,-0.559692,85.0401,252.2935,0
17.3000,72836,0.443542,-0.385254,0.584473,-0.559692,85.0339,252.2923,0
17.3100,72846,0.443542,-0.385254,0.584473,-0.559692,85.0317,252.2923,0
17.3200,72856,0.443542,-0.385193,0.584473,-0.559692,85.0295,252.2916,0
17.3300,72866,0.443542,-0.385193,0.584473,-0.559692,85.0280,252.2915,0
17.3400,72876,0.443604,-0.385193,0.584473,-0.559692,85.0272,252.2912,0
17.3500,72886,0.443604,-0.385193,0.584473,-0.559692,85.0270,252.2899,0
17.3600,72896,0.443604,-0.385193,0.584473,-0.559692,85.0281,252.2878,0
17.3700,72906,0.443604,-0.385193,0.584473,-0.559631,85.0302,252.2870,0
17.3800,72916,0.443604,-0.385193,0.584534,-0.559631,85.0335,252.2869,0
17.3900,72926,0.443604,-0.385193,0.584534,-0.559631,85.0365,252.2853,0
17.4000,72936,0.443604,-0.385193,0.584595,-0.559570,85.0377,252.2863,0
17.4100,72946,0.443542,-0.385254,0.584656,-0.559509,85.0376,252.2860,0
17.4200,72956,0.443542,-0.385254,0.584656,-0.559448,85.0357,252.2833,0
17.4300,72966,0.443542,-0.385254,0.584656,-0.559448,85.0327,252.2816,0
17.4400,72976,0.443542,-0.385254,0.584656,-0.559448,85.0293,252.2773,0
17.4500,72986,0.443604,-0.385193,0.584656,-0.559509,85.0272,252.2747,0
17.4600,72996,0.443665,-0.385132,0.584595,-0.559570,85.0253,252.2714,0
17.4700,73006,0.443726,-0.385071,0.584534,-0.559631,85.0234,252.2700,0
17.4800,73016,0.443787,-0.385010,0.584473,-0.559692,85.0211,252.2695,0
17.4900,73026,0.443848,-0.384949,0.584412,-0.559753,85.0194,252.2701,0
17.5000,73036,0.443909,-0.384888,0.584351,-0.559814,85.0161,252.2697,0
17.5100,73046,0.443909,-0.384827,0.584290,-0.559875,85.0123,252.2705,0
17.5200,73056,0.443970,-0.384766,0.584290,-0.559875,85.0105,252.2711,0
17.5300,73066,0.443970,-0.384766,0.584290,-0.559875,85.0118,252.2693,0
17.5400,73076,0.443970,-0.384766,0.584290,-0.559875,85.0147,252.2683,0
17.5500,73086,0.443970,-0.384766,0.584290,-0.559875,85.0110,252.2660,0
17.5600,73096,0.443970,-0.384766,0.584290,-0.559875,85.0075,252.2614,0
17.5700,73106,0.444031,-0.384766,0.584229,-0.559875,85.0047,252.2533,0
17.5800,73116,0.444092,-0.384827,0.584229,-0.559814,85.0033,252.2447,0
17.5900,73126,0.444153,-0.384827,0.584167,-0.559814,85.0037,252.2352,0
17.6000,73136,0.444153,-0.384827,0.584167,-0.559814,85.0036,252.2339,0
17.6100,73146,0.444153,-0.384827,0.584167,-0.559814,84.9998,252.2338,0
17.6200,73156,0.444153,-0.384827,0.584167,-0.559814,84.9974,252.2312,0
17.6300,73166,0.444214,-0.384766,0.584167,-0.559814,84.9964,252.2297,0
17.6400,73176,0.444214,-0.384766,0.584167,-0.559814,84.9977,252.2296,0
17.6500,73186,0.444214,-0.384766,0.584229,-0.559753,84.9953,252.2285,0
17.6600,73196,0.444153,-0.384827,0.584229,-0.559692,84.9936,252.2272,0
17.6700,73206,0.444153,-0.384827,0.584351,-0.559631,84.9908,252.2266,0
17.6800,73216,0.444153,-0.384827,0.584351,-0.559631,84.9882,252.2271,0
17.6900,73226,0.444153,-0.384827,0.584351,-0.559631,84.9868,252.2271,0
17.7000,73236,0.444153,-0.384827,0.584351,-0.559631,84.9838,252.2266,0
17.7100,73246,0.444153,-0.384827,0.584351,-0.559631,84.9838,252.2280,0
17.7200,73256,0.444153,-0.384827,0.584351,-0.559631,84.9839,252.2287,0
17.7300,73266,0.444153,-0.384827,0.584351,-0.559631,84.9816,252.2280,0
17.7400,73276,0.444153,-0.384827,0.584351,-0.559631,84.9805,252.2277,0
17.7500,73286,0.444153,-0.384827,0.584351,-0.559631,84.9796,252.2278,0
17.7600,73296,0.444153,-0.384827,0.584351,-0.559631,84.9781,252.2284,0
17.7700,73306,0.444153,-0.384827,0.584351,-0.559631,84.9766,252.2244,0
17.7800,73316,0.444153,-0.384827,0.584351,-0.559631,84.9735,252.2242,0
17.7900,73326,0.444153,-0.384827,0.584351,-0.559631,84.9723,252.2242,0
17.8000,73336,0.444153,-0.384827,0.584351,-0.559631,84.9706,252.2227,0
17.8100,73346,0.444153,-0.384827,0.584351,-0.559631,84.9719,252.2227,0
17.8200,73356,0.444153,-0.384827,0.584351,-0.559631,84.9702,252.2228,0
17.8300,73366,0.444153,-0.384888,0.584351,-0.559570,84.9727,252.2220,0
17.8400,73376,0.444153,-0.384888,0.584412,-0.559509,84.9792,252.2224,0
17.8500,73386,0.444153,-0.384827,0.584534,-0.559448,84.9872,252.2239,0
17.8600,73396,0.444153,-0.384827,0.584534,-0.559387,84.9925,252.2263,0
17.8700,73406,0.444153,-0.384827,0.584534,-0.559387,84.9915,252.2323,0
17.8800,73416,0.444153,-0.384827,0.584595,-0.559387,84.9900,252.2392,0
17.8900,73426,0.444092,-0.384766,0.584595,-0.559448,84.9862,252.2499,0
17.9000,73436,0.444031,-0.384705,0.584656,-0.559448,84.9826,252.2628,0
17.9100,73446,0.443970,-0.384644,0.584717,-0.559509,84.9773,252.2967,0
17.9200,73456,0.443787,-0.384460,0.584839,-0.559631,84.9587,252.4557,0
17.9300,73466,0.442993,-0.383728,0.585266,-0.560303,84.9275,252.8966,0
17.9400,73476,0.438354,-0.379578,0.588257,-0.563721,84.9009,253.3585,0
17.9500,73486,0.436157,-0.377747,0.589661,-0.565125,84.8809,253.7640,0
17.9600,73496,0.434021,-0.375977,0.591064,-0.566467,84.8638,254.1488,0
17.9700,73506,0.431519,-0.373840,0.592834,-0.567993,84.8566,254.6165,0
17.9800,73516,0.428101,-0.370972,0.595215,-0.569946,84.8443,255.2365,0
17.9900,73526,0.425659,-0.368958,0.596924,-0.571289,84.8439,255.6742,0
18.0000,73536,0.423523,-0.366943,0.598083,-0.572937,84.8258,256.0774,0
18.0100,73546,0.422241,-0.365662,0.598816,-0.573914,84.8247,256.3186,0
18.0200,73556,0.421936,-0.365051,0.598755,-0.574585,84.8249,256.3940,0
18.0300,73566,0.421265,-0.364380,0.598938,-0.575317,84.8149,256.5169,0
18.0400,73576,0.420593,-0.363892,0.599243,-0.575867,84.8098,256.6172,0
18.0500,73586,0.419189,-0.362915,0.599792,-0.576904,84.7806,256.8376,0
18.0600,73596,0.414062,-0.361023,0.601379,-0.580139,84.5238,257.5307,0
18.0700,73606,0.409119,-0.356995,0.604187,-0.583191,84.4938,258.3975,0
18.0800,73616,0.405151,-0.353516,0.606628,-0.585571,84.5164,259.1159,0
18.0900,73626,0.400940,-0.349731,0.609192,-0.588074,84.5362,259.8758,0
18.1000,73636,0.396362,-0.345154,0.612061,-0.590881,84.5929,260.7388,0
18.1100,73646,0.392395,-0.340759,0.614685,-0.593323,84.6691,261.5228,0
18.1200,73656,0.388062,-0.335815,0.617432,-0.596130,84.7445,262.3850,0
18.1300,73666,0.383057,-0.330688,0.620117,-0.599426,84.7658,263.3245,0
18.1400,73676,0.376770,-0.324524,0.623230,-0.603577,84.7369,264.3574,0
18.1500,73686,0.370911,-0.319153,0.625977,-0.607178,84.6882,265.3730,0
18.1600,73696,0.365906,-0.313110,0.626953,-0.612366,84.6944,266.1931,0
18.1700,73706,0.360901,-0.308960,0.629761,-0.614624,84.7401,267.0411,0
18.1800,73716,0.354492,-0.305542,0.635193,-0.614441,84.7449,268.0331,0
18.1900,73726,0.348206,-0.300537,0.638733,-0.616760,84.7242,269.0737,0
18.2000,73736,0.341919,-0.295044,0.641541,-0.620056,84.6780,270.3488,0
18.2100,73746,0.324036,-0.280884,0.653137,-0.624084,84.8429,271.8763,0
18.2200,73756,0.305298,-0.265442,0.662964,-0.629944,84.8194,274.9123,0
18.2300,73766,0.290466,-0.255737,0.674011,-0.629272,84.9053,277.0047,0
18.2400,73776,0.290588,-0.259216,0.678955,-0.622437,85.0656,276.5313,0
18.2500,73786,0.297302,-0.267029,0.677002,-0.617981,85.0698,275.0971,0
18.2600,73796,0.305359,-0.274902,0.672485,-0.615601,85.0151,273.5593,0
18.2700,73806,0.314392,-0.282227,0.667542,-0.613098,85.0603,271.9829,0
18.2800,73816,0.322144,-0.289368,0.663330,-0.610352,85.0604,270.5364,0
18.2900,73826,0.328979,-0.295776,0.659363,-0.607910,85.0462,269.2356,0
18.3000,73836,0.330872,-0.302124,0.658020,-0.605164,84.8094,268.3790,0
18.3100,73846,0.330688,-0.311646,0.653259,-0.605652,84.0144,267.4317,0
18.3200,73856,0.331604,-0.324585,0.645508,-0.606628,83.0216,266.0417,0
18.3300,73866,0.326416,-0.340454,0.641541,-0.604980,81.7628,264.9232,0
18.3400,73876,0.324707,-0.352112,0.638184,-0.602722,81.1982,263.8892,0
18.3500,73886,0.327148,-0.362183,0.633606,-0.600281,81.0462,262.6189,0
18.3600,73896,0.325562,-0.371826,0.631531,-0.597412,80.8339,261.7483,0
18.3700,73906,0.325439,-0.382202,0.632385,-0.589966,80.9669,260.6881,0
18.3800,73916,0.327271,-0.392700,0.635437,-0.578674,81.4274,259.4327,0
18.3900,73926,0.329468,-0.403381,0.640381,-0.564514,82.0327,258.1126,0
18.4000,73936,0.333496,-0.412781,0.647522,-0.546936,82.9719,256.7487,0
18.4100,73946,0.339478,-0.419067,0.657471,-0.526184,84.7123,255.7729,0
18.4200,73956,0.345398,-0.422729,0.669373,-0.503967,86.2799,254.9184,0
18.4300,73966,0.350281,-0.425598,0.681335,-0.481628,87.6211,254.0903,0
18.4400,73976,0.354492,-0.428406,0.692627,-0.459412,88.6662,253.2644,0
18.4500,73986,0.357788,-0.431519,0.702942,-0.437805,89.4131,252.3960,0
18.4600,73996,0.360107,-0.435303,0.712158,-0.416748,89.9033,251.4171,0
18.4700,74006,0.361938,-0.440063,0.720276,-0.395630,90.1212,250.2748,0
18.4800,74016,0.364441,-0.453552,0.732666,-0.353149,90.0838,248.9740,0
18.4900,74026,0.365051,-0.462097,0.736694,-0.332458,89.7845,247.5341,0
18.5000,74036,0.365540,-0.471497,0.739502,-0.311768,89.3196,245.9714,0
18.5100,74046,0.366455,-0.481079,0.741516,-0.290588,88.8067,244.3181,0
18.5200,74056,0.368042,-0.490295,0.742493,-0.269897,88.2384,242.6355,0
18.5300,74066,0.369324,-0.499695,0.742493,-0.250305,87.5255,240.9436,0
18.5400,74076,0.370178,-0.508850,0.741516,-0.232788,86.6752,239.3272,0
18.5500,74086,0.371094,-0.517334,0.740234,-0.215942,85.8308,237.7839,0
