# Sesion:4 Fecha:2026-04-03 22:57:58 Shots:1 Duracion:17,58s
tSeg,ms,qw,qx,qy,qz,filteredElev,shot
0.0000,144656,0.073303,0.016418,0.746033,-0.661682,72.4527,0
0.0100,144666,0.069763,0.013794,0.745728,-0.662476,72.8013,0
0.0200,144676,0.066284,0.011047,0.745972,-0.662598,73.0619,0
0.0300,144686,0.062927,0.008179,0.746582,-0.662231,73.2673,0
0.0400,144696,0.059753,0.005188,0.747314,-0.661743,73.4644,0
0.0500,144706,0.056641,0.002075,0.747986,-0.661316,73.6884,0
0.0600,144716,0.053650,-0.001038,0.748352,-0.661072,73.9619,0
0.0700,144726,0.050781,-0.004089,0.748535,-0.661133,74.2883,0
0.0800,144736,0.047974,-0.007202,0.748413,-0.661438,74.6814,0
0.0900,144746,0.045166,-0.010193,0.748169,-0.661926,75.1120,0
0.1000,144756,0.042358,-0.013245,0.747742,-0.662537,75.5637,0
0.1100,144766,0.039429,-0.016235,0.747192,-0.663208,76.0338,0
0.1200,144776,0.036560,-0.019165,0.746582,-0.664001,76.5159,0
0.1300,144786,0.033630,-0.022095,0.745972,-0.664795,77.0014,0
0.1400,144796,0.030579,-0.024841,0.745361,-0.665466,77.4488,0
0.1500,144806,0.027588,-0.027466,0.744934,-0.666016,77.8820,0
0.1600,144816,0.024475,-0.029968,0.744568,-0.666443,78.3190,0
0.1700,144826,0.021362,-0.032349,0.744141,-0.666870,78.7870,0
0.1800,144836,0.018250,-0.034668,0.743591,-0.667542,79.3032,0
0.1900,144846,0.015198,-0.036926,0.742676,-0.668457,79.8696,0
0.2000,144856,0.009216,-0.041321,0.739929,-0.671387,80.4735,0
0.2100,144866,0.006226,-0.043335,0.738281,-0.673035,81.0874,0
0.2200,144876,0.003296,-0.045349,0.736755,-0.674683,81.6781,0
0.2300,144886,0.000305,-0.047302,0.735291,-0.676086,82.2369,0
0.2400,144896,-0.002625,-0.049255,0.734009,-0.677368,82.7615,0
0.2500,144906,-0.005493,-0.051147,0.732788,-0.678467,83.2657,0
0.2600,144916,-0.008362,-0.053162,0.731689,-0.679565,83.7515,0
0.2700,144926,-0.011169,-0.055176,0.730591,-0.680481,84.2164,0
0.2800,144936,-0.013855,-0.057251,0.729675,-0.681274,84.6616,0
0.2900,144946,-0.016418,-0.059326,0.728760,-0.682007,85.0895,0
0.3000,144956,-0.018799,-0.061462,0.727966,-0.682617,85.5047,0
0.3100,144966,-0.021057,-0.063660,0.727173,-0.683167,85.9108,0
0.3200,144976,-0.023132,-0.065918,0.726379,-0.683716,86.3175,0
0.3300,144986,-0.025146,-0.068176,0.725525,-0.684326,86.7274,0
0.3400,144996,-0.027222,-0.070435,0.724670,-0.684937,87.1319,0
0.3500,145006,-0.029236,-0.072693,0.723877,-0.685425,87.5253,0
0.3600,145016,-0.031311,-0.074890,0.723206,-0.685852,87.9151,0
0.3700,145026,-0.033386,-0.077026,0.722717,-0.686035,88.2750,0
0.3800,145036,-0.035461,-0.079041,0.722351,-0.686035,88.6023,0
0.3900,145046,-0.037537,-0.080933,0.722107,-0.685974,88.9081,0
0.4000,145056,-0.039612,-0.082703,0.722046,-0.685730,89.1970,0
0.4100,145066,-0.041687,-0.084351,0.722046,-0.685425,89.4601,0
0.4200,145076,-0.043579,-0.085937,0.722107,-0.685059,89.7298,0
0.4300,145086,-0.045410,-0.087402,0.722107,-0.684692,90.0240,0
0.4400,145096,-0.047058,-0.088928,0.721985,-0.684570,90.3528,0
0.4500,145106,-0.048462,-0.090454,0.721619,-0.684692,90.7127,0
0.4600,145116,-0.049744,-0.091919,0.721008,-0.684998,91.0806,0
0.4700,145126,-0.050903,-0.093445,0.720337,-0.685364,91.4414,0
0.4800,145136,-0.052917,-0.096130,0.719299,-0.685974,91.7704,0
0.4900,145146,-0.054016,-0.097351,0.719055,-0.685974,92.0579,0
0.5000,145156,-0.055054,-0.098511,0.718933,-0.685852,92.3119,0
0.5100,145166,-0.056152,-0.099609,0.718933,-0.685608,92.5493,0
0.5200,145176,-0.057251,-0.100769,0.718811,-0.685486,92.7973,0
0.5300,145186,-0.058289,-0.101868,0.718567,-0.685486,93.0702,0
0.5400,145196,-0.059204,-0.102966,0.718079,-0.685730,93.3709,0
0.5500,145206,-0.059875,-0.104126,0.717407,-0.686218,93.7002,0
0.5600,145216,-0.060425,-0.105164,0.716553,-0.686890,94.0525,0
0.5700,145226,-0.060913,-0.106201,0.715637,-0.687622,94.4036,0
0.5800,145236,-0.061462,-0.107361,0.714844,-0.688293,94.7340,0
0.5900,145246,-0.062134,-0.108582,0.714111,-0.688782,95.0381,0
0.6000,145256,-0.062866,-0.109741,0.713501,-0.689148,95.3174,0
0.6100,145266,-0.063599,-0.110901,0.713013,-0.689392,95.5729,0
0.6200,145276,-0.064331,-0.112000,0.712585,-0.689575,95.8035,0
0.6300,145286,-0.065063,-0.112976,0.712341,-0.689575,96.0139,0
0.6400,145296,-0.065857,-0.113892,0.712280,-0.689453,96.1885,0
0.6500,145306,-0.066650,-0.114624,0.712402,-0.689148,96.3298,0
0.6600,145316,-0.067505,-0.115417,0.712708,-0.688599,96.4405,0
0.6700,145326,-0.068481,-0.116150,0.713074,-0.687988,96.5235,0
0.6800,145336,-0.069336,-0.116882,0.713562,-0.687256,96.6038,0
0.6900,145346,-0.070068,-0.117676,0.713989,-0.686646,96.7351,0
0.7000,145356,-0.070740,-0.118469,0.714172,-0.686218,96.9040,0
0.7100,145366,-0.071289,-0.119324,0.714172,-0.686035,97.1076,0
0.7200,145376,-0.071777,-0.120239,0.713867,-0.686157,97.3308,0
0.7300,145386,-0.072144,-0.121155,0.713440,-0.686340,97.5574,0
0.7400,145396,-0.072510,-0.121948,0.713013,-0.686646,97.7611,0
0.7500,145406,-0.073608,-0.123352,0.712524,-0.686829,97.9311,0
0.7600,145416,-0.074280,-0.123962,0.712402,-0.686707,98.0809,0
0.7700,145426,-0.075073,-0.124573,0.712341,-0.686584,98.2219,0
0.7800,145436,-0.075867,-0.125122,0.712341,-0.686462,98.3529,0
0.7900,145446,-0.076660,-0.125671,0.712280,-0.686279,98.4825,0
0.8000,145456,-0.077454,-0.126221,0.712219,-0.686157,98.6130,0
0.8100,145466,-0.078247,-0.126831,0.712219,-0.685974,98.7421,0
0.8200,145476,-0.079041,-0.127441,0.712158,-0.685791,98.8674,0
0.8300,145486,-0.079895,-0.128113,0.712158,-0.685608,98.9844,0
0.8400,145496,-0.080688,-0.128784,0.712219,-0.685303,99.0976,0
0.8500,145506,-0.081421,-0.129395,0.712219,-0.685059,99.2083,0
0.8600,145516,-0.082031,-0.129883,0.712341,-0.684814,99.3214,0
0.8700,145526,-0.082458,-0.130310,0.712402,-0.684570,99.4315,0
0.8800,145536,-0.082886,-0.130554,0.712585,-0.684326,99.5356,0
0.8900,145546,-0.083191,-0.130798,0.712769,-0.684082,99.6304,0
0.9000,145556,-0.083435,-0.130981,0.713013,-0.683777,99.7170,0
0.9100,145566,-0.083801,-0.131042,0.713257,-0.683411,99.7958,0
0.9200,145576,-0.084167,-0.131165,0.713562,-0.683044,99.8668,0
0.9300,145586,-0.084595,-0.131226,0.713928,-0.682617,99.9289,0
0.9400,145596,-0.085144,-0.131348,0.714355,-0.682068,99.9811,0
0.9500,145606,-0.085754,-0.131470,0.714783,-0.681519,100.0217,0
0.9600,145616,-0.086426,-0.131531,0.715210,-0.680969,100.0729,0
0.9700,145626,-0.086975,-0.131592,0.715637,-0.680420,100.1371,0
0.9800,145636,-0.087463,-0.131470,0.716003,-0.679993,100.2195,0
0.9900,145646,-0.087830,-0.131287,0.716248,-0.679749,100.3263,0
1.0000,145656,-0.088074,-0.131042,0.716370,-0.679626,100.4633,0
1.0100,145666,-0.088196,-0.130737,0.716248,-0.679810,100.6266,0
1.0200,145676,-0.088196,-0.130493,0.715942,-0.680176,100.8091,0
1.0300,145686,-0.087891,-0.129883,0.714966,-0.681396,100.9935,0
1.0400,145696,-0.087769,-0.129578,0.714539,-0.681885,101.1599,0
1.0500,145706,-0.087708,-0.129089,0.714355,-0.682190,101.2702,0
1.0600,145716,-0.087769,-0.128357,0.714539,-0.682129,101.3125,0
1.0700,145726,-0.087830,-0.127502,0.714905,-0.681885,101.3093,0
1.0800,145736,-0.087830,-0.126587,0.715332,-0.681580,101.2923,0
1.0900,145746,-0.087830,-0.125793,0.715759,-0.681274,101.2820,0
1.1000,145756,-0.087769,-0.125122,0.716064,-0.681152,101.2863,0
1.1100,145766,-0.087646,-0.124573,0.716125,-0.681152,101.3194,0
1.1200,145776,-0.087402,-0.124207,0.715942,-0.681396,101.3929,0
1.1300,145786,-0.087097,-0.124023,0.715637,-0.681824,101.4881,0
1.1400,145796,-0.086792,-0.123718,0.715332,-0.682251,101.5713,0
1.1500,145806,-0.086609,-0.123413,0.715210,-0.682495,101.6146,0
1.1600,145816,-0.086548,-0.123047,0.715332,-0.682434,101.6099,0
1.1700,145826,-0.086487,-0.122559,0.715637,-0.682129,101.5686,0
1.1800,145836,-0.086426,-0.122131,0.716064,-0.681824,101.5144,0
1.1900,145846,-0.086365,-0.121887,0.716492,-0.681458,101.4628,0
1.2000,145856,-0.086304,-0.121765,0.716858,-0.681091,101.4245,0
1.2100,145866,-0.086243,-0.121765,0.717102,-0.680847,101.4065,0
1.2200,145876,-0.086182,-0.121765,0.717224,-0.680664,101.4025,0
1.2300,145886,-0.086121,-0.121765,0.717407,-0.680481,101.3949,0
1.2400,145896,-0.085999,-0.121704,0.717651,-0.680298,101.3687,0
1.2500,145906,-0.085815,-0.121460,0.717957,-0.680054,101.3342,0
1.2600,145916,-0.085632,-0.121094,0.718323,-0.679749,101.3024,0
1.2700,145926,-0.085327,-0.120667,0.718628,-0.679504,101.2827,0
1.2800,145936,-0.084900,-0.120300,0.718872,-0.679382,101.2764,0
1.2900,145946,-0.084473,-0.119934,0.719055,-0.679260,101.2821,0
1.3000,145956,-0.084045,-0.119690,0.719116,-0.679321,101.2938,0
1.3100,145966,-0.083252,-0.119385,0.719177,-0.679443,101.2997,0
1.3200,145976,-0.082947,-0.119324,0.719177,-0.679443,101.2938,0
1.3300,145986,-0.082642,-0.119202,0.719238,-0.679443,101.2774,0
1.3400,145996,-0.082275,-0.119019,0.719360,-0.679382,101.2611,0
1.3500,146006,-0.081787,-0.118774,0.719482,-0.679382,101.2468,0
1.3600,146016,-0.081238,-0.118530,0.719604,-0.679382,101.2341,0
1.3700,146026,-0.080750,-0.118286,0.719666,-0.679382,101.2214,0
1.3800,146036,-0.080322,-0.118042,0.719727,-0.679443,101.2074,0
1.3900,146046,-0.079895,-0.117798,0.719788,-0.679443,101.1891,0
1.4000,146056,-0.079529,-0.117615,0.719788,-0.679504,101.1699,0
1.4100,146066,-0.079163,-0.117310,0.719788,-0.679626,101.1591,0
1.4200,146076,-0.078735,-0.117004,0.719727,-0.679810,101.1582,0
1.4300,146086,-0.078247,-0.116699,0.719604,-0.679993,101.1608,0
1.4400,146096,-0.077698,-0.116333,0.719482,-0.680237,101.1631,0
1.4500,146106,-0.077087,-0.115967,0.719421,-0.680481,101.1586,0
1.4600,146116,-0.076538,-0.115662,0.719360,-0.680603,101.1410,0
1.4700,146126,-0.075928,-0.115295,0.719421,-0.680725,101.1073,0
1.4800,146136,-0.075317,-0.114990,0.719482,-0.680786,101.0680,0
1.4900,146146,-0.074646,-0.114624,0.719604,-0.680786,101.0281,0
1.5000,146156,-0.073975,-0.114319,0.719666,-0.680847,100.9864,0
1.5100,146166,-0.073303,-0.114014,0.719666,-0.680969,100.9472,0
1.5200,146176,-0.072693,-0.113708,0.719727,-0.681030,100.9026,0
1.5300,146186,-0.072021,-0.113403,0.719788,-0.681091,100.8566,0
1.5400,146196,-0.071350,-0.113098,0.719849,-0.681091,100.8054,0
1.5500,146206,-0.070801,-0.112732,0.719971,-0.681152,100.7477,0
1.5600,146216,-0.070251,-0.112366,0.720032,-0.681152,100.6868,0
1.5700,146226,-0.069824,-0.111938,0.720093,-0.681213,100.6288,0
1.5800,146236,-0.069031,-0.110962,0.720276,-0.681274,100.5730,0
1.5900,146246,-0.068665,-0.110474,0.720276,-0.681396,100.5233,0
1.6000,146256,-0.068298,-0.110046,0.720215,-0.681519,100.4772,0
1.6100,146266,-0.067993,-0.109680,0.720215,-0.681641,100.4296,0
1.6200,146276,-0.067688,-0.109314,0.720215,-0.681702,100.3760,0
1.6300,146286,-0.067383,-0.108948,0.720276,-0.681763,100.3118,0
1.6400,146296,-0.067017,-0.108582,0.720398,-0.681702,100.2353,0
1.6500,146306,-0.066650,-0.108154,0.720581,-0.681641,100.1570,0
1.6600,146316,-0.066162,-0.107727,0.720703,-0.681580,100.0885,0
1.6700,146326,-0.065674,-0.107361,0.720825,-0.681641,100.0298,0
1.6800,146336,-0.065063,-0.106934,0.720825,-0.681763,99.9790,0
1.6900,146346,-0.064514,-0.106506,0.720825,-0.681885,99.9318,0
1.7000,146356,-0.064026,-0.106018,0.720825,-0.681946,99.8791,0
1.7100,146366,-0.063599,-0.105530,0.720886,-0.682007,99.8110,0
1.7200,146376,-0.063110,-0.105042,0.721069,-0.681885,99.7235,0
1.7300,146386,-0.062622,-0.104614,0.721436,-0.681702,99.6177,0
1.7400,146396,-0.062134,-0.104126,0.721802,-0.681396,99.5006,0
1.7500,146406,-0.061584,-0.103638,0.722046,-0.681213,99.4052,0
1.7600,146416,-0.060974,-0.103271,0.722107,-0.681335,99.3495,0
1.7700,146426,-0.060303,-0.103027,0.721924,-0.681580,99.3226,0
1.7800,146436,-0.059631,-0.102722,0.721802,-0.681885,99.2980,0
1.7900,146446,-0.059021,-0.102478,0.721741,-0.682007,99.2138,0
1.8000,146456,-0.058472,-0.102234,0.721863,-0.681946,99.1052,0
1.8100,146466,-0.057983,-0.101929,0.722168,-0.681702,98.9893,0
1.8200,146476,-0.057556,-0.101624,0.722534,-0.681396,98.8761,0
1.8300,146486,-0.057129,-0.101257,0.722900,-0.681091,98.7738,0
1.8400,146496,-0.056641,-0.100830,0.723206,-0.680847,98.6835,0
1.8500,146506,-0.056213,-0.100403,0.723450,-0.680725,98.6048,0
1.8600,146516,-0.055420,-0.099548,0.723755,-0.680603,98.5363,0
1.8700,146526,-0.055054,-0.099121,0.723816,-0.680603,98.4776,0
1.8800,146536,-0.054687,-0.098755,0.723816,-0.680664,98.4259,0
1.8900,146546,-0.054382,-0.098389,0.723816,-0.680786,98.3731,0
1.9000,146556,-0.054016,-0.098022,0.723816,-0.680847,98.3084,0
1.9100,146566,-0.053711,-0.097595,0.723999,-0.680725,98.2237,0
1.9200,146576,-0.053284,-0.097168,0.724243,-0.680542,98.1217,0
1.9300,146586,-0.052795,-0.096680,0.724487,-0.680420,98.0217,0
1.9400,146596,-0.052246,-0.096375,0.724731,-0.680237,97.9365,0
1.9500,146606,-0.051575,-0.096069,0.724854,-0.680237,97.8767,0
1.9600,146616,-0.050903,-0.095886,0.724854,-0.680298,97.8311,0
1.9700,146626,-0.050232,-0.095703,0.724854,-0.680359,97.7858,0
1.9800,146636,-0.049683,-0.095520,0.724854,-0.680420,97.7283,0
1.9900,146646,-0.049133,-0.095337,0.724976,-0.680359,97.6564,0
2.0000,146656,-0.048584,-0.095154,0.725159,-0.680237,97.5754,0
2.0100,146666,-0.048035,-0.094971,0.725281,-0.680176,97.4958,0
2.0200,146676,-0.047546,-0.094788,0.725403,-0.680115,97.4271,0
2.0300,146686,-0.046997,-0.094543,0.725403,-0.680176,97.3689,0
2.0400,146696,-0.046448,-0.094299,0.725464,-0.680237,97.3116,0
2.0500,146706,-0.045898,-0.094055,0.725464,-0.680237,97.2505,0
2.0600,146716,-0.045349,-0.093872,0.725525,-0.680237,97.1822,0
2.0700,146726,-0.044861,-0.093750,0.725586,-0.680237,97.1106,0
2.0800,146736,-0.044312,-0.093628,0.725647,-0.680176,97.0455,0
2.0900,146746,-0.043762,-0.093628,0.725708,-0.680176,96.9789,0
2.1000,146756,-0.043152,-0.093567,0.725769,-0.680176,96.9142,0
2.1100,146766,-0.042542,-0.093506,0.725830,-0.680115,96.8466,0
2.1200,146776,-0.041870,-0.093445,0.725952,-0.680054,96.7781,0
2.1300,146786,-0.040466,-0.093201,0.726257,-0.679871,96.7076,0
2.1400,146796,-0.039856,-0.093079,0.726379,-0.679810,96.6331,0
2.1500,146806,-0.039246,-0.092957,0.726562,-0.679687,96.5629,0
2.1600,146816,-0.038757,-0.092834,0.726685,-0.679565,96.4938,0
2.1700,146826,-0.038330,-0.092773,0.726868,-0.679443,96.4190,0
2.1800,146836,-0.037964,-0.092712,0.727112,-0.679138,96.3294,0
2.1900,146846,-0.037720,-0.092590,0.727478,-0.678833,96.2276,0
2.2000,146856,-0.037476,-0.092468,0.727905,-0.678406,96.1183,0
2.2100,146866,-0.037292,-0.092346,0.728333,-0.677979,96.0074,0
2.2200,146876,-0.037109,-0.092224,0.728821,-0.677490,95.8960,0
2.2300,146886,-0.036926,-0.092102,0.729248,-0.677063,95.7955,0
2.2400,146896,-0.036804,-0.091858,0.729492,-0.676819,95.7284,0
2.2500,146906,-0.036560,-0.091675,0.729614,-0.676758,95.6883,0
2.2600,146916,-0.036255,-0.091431,0.729614,-0.676758,95.6613,0
2.2700,146926,-0.035950,-0.091125,0.729675,-0.676758,95.6321,0
2.2800,146936,-0.035706,-0.090820,0.729797,-0.676697,95.5894,0
2.2900,146946,-0.035400,-0.090454,0.729980,-0.676514,95.5295,0
2.3000,146956,-0.035156,-0.090149,0.730225,-0.676331,95.4594,0
2.3100,146966,-0.034912,-0.089783,0.730530,-0.676025,95.3886,0
2.3200,146976,-0.034607,-0.089478,0.730774,-0.675842,95.3230,0
2.3300,146986,-0.034363,-0.089172,0.731018,-0.675659,95.2652,0
2.3400,146996,-0.034058,-0.088928,0.731140,-0.675537,95.2257,0
2.3500,147006,-0.033691,-0.088623,0.731262,-0.675476,95.1843,0
2.3600,147016,-0.033447,-0.088318,0.731384,-0.675415,95.1487,0
2.3700,147026,-0.033203,-0.088074,0.731445,-0.675415,95.1122,0
2.3800,147036,-0.032898,-0.087769,0.731506,-0.675354,95.0763,0
2.3900,147046,-0.032654,-0.087463,0.731567,-0.675354,95.0415,0
2.4000,147056,-0.032410,-0.087097,0.731628,-0.675354,95.0018,0
2.4100,147066,-0.032104,-0.086304,0.731812,-0.675232,94.9604,0
2.4200,147076,-0.031982,-0.085876,0.731873,-0.675232,94.9209,0
2.4300,147086,-0.031860,-0.085510,0.731934,-0.675232,94.8869,0
2.4400,147096,-0.031738,-0.085144,0.731934,-0.675293,94.8556,0
2.4500,147106,-0.031616,-0.084839,0.731873,-0.675415,94.8313,0
2.4600,147116,-0.031433,-0.084595,0.731873,-0.675415,94.8044,0
2.4700,147126,-0.031311,-0.084412,0.731873,-0.675476,94.7772,0
2.4800,147136,-0.031128,-0.084229,0.731873,-0.675537,94.7416,0
2.4900,147146,-0.030945,-0.084045,0.731934,-0.675476,94.6989,0
2.5000,147156,-0.030823,-0.083801,0.732056,-0.675354,94.6475,0
2.5100,147166,-0.030579,-0.083557,0.732239,-0.675232,94.5909,0
2.5200,147176,-0.030457,-0.083374,0.732361,-0.675049,94.5370,0
2.5300,147186,-0.030273,-0.083191,0.732483,-0.674988,94.4941,0
2.5400,147196,-0.030151,-0.083008,0.732544,-0.674988,94.4598,0
2.5500,147206,-0.030029,-0.082886,0.732544,-0.674988,94.4378,0
2.5600,147216,-0.029968,-0.082764,0.732483,-0.675110,94.4282,0
2.5700,147226,-0.029968,-0.082581,0.732361,-0.675232,94.4125,0
2.5800,147236,-0.029968,-0.082458,0.732361,-0.675232,94.3844,0
2.5900,147246,-0.030090,-0.082336,0.732483,-0.675110,94.3399,0
2.6000,147256,-0.030151,-0.082214,0.732605,-0.674988,94.2876,0
2.6100,147266,-0.030273,-0.082153,0.732788,-0.674866,94.2367,0
2.6200,147276,-0.030273,-0.082031,0.732849,-0.674744,94.2061,0
2.6300,147286,-0.030212,-0.081970,0.732849,-0.674744,94.1931,0
2.6400,147296,-0.030151,-0.081848,0.732788,-0.674805,94.1909,0
2.6500,147306,-0.030029,-0.081848,0.732666,-0.674988,94.1888,0
2.6600,147316,-0.029907,-0.081848,0.732544,-0.675110,94.1765,0
2.6700,147326,-0.029785,-0.081848,0.732422,-0.675232,94.1553,0
2.6800,147336,-0.029724,-0.081970,0.732422,-0.675293,94.1257,0
2.6900,147346,-0.029480,-0.082092,0.732544,-0.675110,94.0934,0
2.7000,147356,-0.029419,-0.082214,0.732605,-0.675049,94.0669,0
2.7100,147366,-0.029236,-0.082214,0.732605,-0.675049,94.0470,0
2.7200,147376,-0.029114,-0.082275,0.732605,-0.675049,94.0300,0
2.7300,147386,-0.029053,-0.082336,0.732666,-0.674927,94.0090,0
2.7400,147396,-0.029053,-0.082336,0.732788,-0.674866,93.9831,0
2.7500,147406,-0.029053,-0.082336,0.732849,-0.674744,93.9574,0
2.7600,147416,-0.029114,-0.082397,0.732910,-0.674683,93.9383,0
2.7700,147426,-0.029114,-0.082520,0.732910,-0.674683,93.9296,0
2.7800,147436,-0.029236,-0.082703,0.732849,-0.674683,93.9334,0
2.7900,147446,-0.029297,-0.082886,0.732727,-0.674805,93.9447,0
2.8000,147456,-0.029419,-0.083191,0.732605,-0.674866,93.9592,0
2.8100,147466,-0.029602,-0.083374,0.732544,-0.674927,93.9647,0
2.8200,147476,-0.029785,-0.083557,0.732544,-0.674927,93.9597,0
2.8300,147486,-0.029846,-0.083618,0.732605,-0.674805,93.9487,0
2.8400,147496,-0.029907,-0.083679,0.732727,-0.674683,93.9293,0
2.8500,147506,-0.029968,-0.083679,0.732910,-0.674500,93.9019,0
2.8600,147516,-0.029907,-0.083618,0.733154,-0.674255,93.8718,0
2.8700,147526,-0.029907,-0.083557,0.733337,-0.674011,93.8395,0
2.8800,147536,-0.029846,-0.083496,0.733582,-0.673828,93.8129,0
2.8900,147546,-0.029846,-0.083374,0.733704,-0.673645,93.8049,0
2.9000,147556,-0.029785,-0.083374,0.733765,-0.673584,93.8026,0
2.9100,147566,-0.029785,-0.083313,0.733826,-0.673523,93.8016,0
2.9200,147576,-0.029785,-0.083313,0.733887,-0.673462,93.7912,0
2.9300,147586,-0.029846,-0.083374,0.733948,-0.673401,93.7700,0
2.9400,147596,-0.030029,-0.083435,0.734131,-0.673218,93.7370,0
2.9500,147606,-0.030212,-0.083496,0.734375,-0.672913,93.6955,0
2.9600,147616,-0.030640,-0.083740,0.734863,-0.672302,93.6687,0
2.9700,147626,-0.030701,-0.083801,0.734924,-0.672241,93.6736,0
2.9800,147636,-0.030640,-0.083862,0.734863,-0.672302,93.7049,0
2.9900,147646,-0.030579,-0.083923,0.734741,-0.672424,93.7376,0
3.0000,147656,-0.030457,-0.083923,0.734802,-0.672424,93.7509,0
3.0100,147666,-0.030273,-0.083801,0.734924,-0.672241,93.7420,0
3.0200,147676,-0.030090,-0.083618,0.735107,-0.672119,93.7299,0
3.0300,147686,-0.029968,-0.083435,0.735168,-0.672058,93.7332,0
3.0400,147696,-0.029785,-0.083313,0.735046,-0.672180,93.7618,0
3.0500,147706,-0.029602,-0.083130,0.734924,-0.672424,93.7978,0
3.0600,147716,-0.029480,-0.083008,0.734802,-0.672546,93.8212,0
3.0700,147726,-0.029419,-0.082825,0.734863,-0.672485,93.8162,0
3.0800,147736,-0.029358,-0.082642,0.735046,-0.672302,93.7912,0
3.0900,147746,-0.029297,-0.082520,0.735229,-0.672180,93.7656,0
3.1000,147756,-0.029236,-0.082458,0.735229,-0.672119,93.7608,0
3.1100,147766,-0.029175,-0.082397,0.735168,-0.672241,93.7782,0
3.1200,147776,-0.029114,-0.082458,0.734985,-0.672424,93.8072,0
3.1300,147786,-0.029053,-0.082520,0.734863,-0.672546,93.8295,0
3.1400,147796,-0.028992,-0.082581,0.734863,-0.672546,93.8286,0
3.1500,147806,-0.029053,-0.082581,0.734985,-0.672424,93.8035,0
3.1600,147816,-0.028992,-0.082520,0.735229,-0.672180,93.7689,0
3.1700,147826,-0.028992,-0.082397,0.735413,-0.671936,93.7442,0
3.1800,147836,-0.028870,-0.082275,0.735596,-0.671814,93.7350,0
3.1900,147846,-0.028748,-0.082153,0.735657,-0.671753,93.7435,0
3.2000,147856,-0.028625,-0.082031,0.735596,-0.671814,93.7626,0
3.2100,147866,-0.028503,-0.081909,0.735474,-0.671997,93.7838,0
3.2200,147876,-0.028381,-0.081848,0.735352,-0.672180,93.7909,0
3.2300,147886,-0.028320,-0.081787,0.735229,-0.672241,93.7792,0
3.2400,147896,-0.028259,-0.081604,0.735413,-0.672058,93.7550,0
3.2500,147906,-0.028198,-0.081543,0.735535,-0.671997,93.7301,0
3.2600,147916,-0.028137,-0.081482,0.735596,-0.671936,93.7183,0
3.2700,147926,-0.028015,-0.081482,0.735535,-0.671997,93.7220,0
3.2800,147936,-0.027893,-0.081482,0.735474,-0.672058,93.7302,0
3.2900,147946,-0.027771,-0.081543,0.735413,-0.672119,93.7344,0
3.3000,147956,-0.027710,-0.081665,0.735413,-0.672119,93.7313,0
3.3100,147966,-0.027588,-0.081726,0.735413,-0.672119,93.7230,0
3.3200,147976,-0.027527,-0.081787,0.735413,-0.672058,93.7110,0
3.3300,147986,-0.027405,-0.081848,0.735474,-0.671997,93.7008,0
3.3400,147996,-0.027222,-0.081848,0.735474,-0.671997,93.6952,0
3.3500,148006,-0.027039,-0.081848,0.735535,-0.671997,93.6850,0
3.3600,148016,-0.026917,-0.081848,0.735596,-0.671936,93.6706,0
3.3700,148026,-0.026794,-0.081787,0.735657,-0.671875,93.6557,0
3.3800,148036,-0.026672,-0.081787,0.735657,-0.671875,93.6474,0
3.3900,148046,-0.026550,-0.081848,0.735596,-0.671936,93.6551,0
3.4000,148056,-0.026489,-0.081848,0.735413,-0.672119,93.6771,0
3.4100,148066,-0.026489,-0.081848,0.735229,-0.672302,93.7029,0
3.4200,148076,-0.026489,-0.081909,0.735107,-0.672424,93.7155,0
3.4300,148086,-0.026489,-0.081848,0.735107,-0.672424,93.7084,0
3.4400,148096,-0.026611,-0.081787,0.735229,-0.672363,93.6851,0
3.4500,148106,-0.026611,-0.081665,0.735352,-0.672241,93.6663,0
3.4600,148116,-0.026611,-0.081604,0.735413,-0.672180,93.6645,0
3.4700,148126,-0.026550,-0.081482,0.735352,-0.672241,93.6735,0
3.4800,148136,-0.026428,-0.081421,0.735229,-0.672363,93.6844,0
3.4900,148146,-0.026367,-0.081360,0.735168,-0.672485,93.6824,0
3.5000,148156,-0.026306,-0.081360,0.735107,-0.672546,93.6643,0
3.5100,148166,-0.026245,-0.081238,0.735291,-0.672363,93.6341,0
3.5200,148176,-0.026184,-0.081116,0.735474,-0.672180,93.5970,0
3.5300,148186,-0.026123,-0.081055,0.735596,-0.672058,93.5706,0
3.5400,148196,-0.026001,-0.080933,0.735596,-0.672058,93.5663,0
3.5500,148206,-0.025879,-0.080811,0.735535,-0.672180,93.5734,0
3.5600,148216,-0.025757,-0.080627,0.735413,-0.672302,93.5831,0
3.5700,148226,-0.025635,-0.080505,0.735352,-0.672424,93.5869,0
3.5800,148236,-0.025513,-0.080444,0.735291,-0.672424,93.5828,0
3.5900,148246,-0.025391,-0.080322,0.735352,-0.672485,93.5711,0
3.6000,148256,-0.025330,-0.080200,0.735352,-0.672485,93.5564,0
3.6100,148266,-0.025269,-0.080139,0.735352,-0.672485,93.5389,0
3.6200,148276,-0.025146,-0.080017,0.735413,-0.672424,93.5204,0
3.6300,148286,-0.025085,-0.079956,0.735474,-0.672363,93.4986,0
3.6400,148296,-0.025024,-0.079773,0.735474,-0.672363,93.4838,0
3.6500,148306,-0.024963,-0.079590,0.735474,-0.672424,93.4739,0
3.6600,148316,-0.024963,-0.079407,0.735474,-0.672424,93.4607,0
3.6700,148326,-0.024902,-0.079163,0.735474,-0.672424,93.4423,0
3.6800,148336,-0.024902,-0.078979,0.735535,-0.672363,93.4183,0
3.6900,148346,-0.024841,-0.078796,0.735596,-0.672363,93.3906,0
3.7000,148356,-0.024841,-0.078613,0.735657,-0.672302,93.3684,0
3.7100,148366,-0.024780,-0.078430,0.735657,-0.672363,93.3562,0
3.7200,148376,-0.024719,-0.078308,0.735596,-0.672424,93.3481,0
3.7300,148386,-0.024597,-0.078186,0.735535,-0.672485,93.3380,0
3.7400,148396,-0.024414,-0.078064,0.735535,-0.672546,93.3224,0
3.7500,148406,-0.024170,-0.077942,0.735535,-0.672546,93.2962,0
3.7600,148416,-0.023926,-0.077881,0.735596,-0.672546,93.2695,0
3.7700,148426,-0.023743,-0.077759,0.735657,-0.672485,93.2458,0
3.7800,148436,-0.023499,-0.077759,0.735657,-0.672424,93.2268,0
3.7900,148446,-0.023010,-0.077820,0.735718,-0.672424,93.2135,0
3.8000,148456,-0.022827,-0.077820,0.735657,-0.672485,93.2062,0
3.8100,148466,-0.022583,-0.077820,0.735657,-0.672485,93.1915,0
3.8200,148476,-0.022400,-0.077759,0.735718,-0.672424,93.1691,0
3.8300,148486,-0.022278,-0.077698,0.735840,-0.672302,93.1408,0
3.8400,148496,-0.022156,-0.077515,0.735962,-0.672241,93.1107,0
3.8500,148506,-0.022034,-0.077393,0.735962,-0.672180,93.0898,0
3.8600,148516,-0.021973,-0.077271,0.735962,-0.672180,93.0813,0
3.8700,148526,-0.021973,-0.077087,0.735901,-0.672302,93.0798,0
3.8800,148536,-0.021973,-0.076965,0.735901,-0.672363,93.0734,0
3.8900,148546,-0.021973,-0.076843,0.735901,-0.672363,93.0596,0
3.9000,148556,-0.021973,-0.076660,0.735901,-0.672363,93.0370,0
3.9100,148566,-0.021973,-0.076538,0.735962,-0.672302,93.0137,0
3.9200,148576,-0.021973,-0.076355,0.735962,-0.672302,92.9969,0
3.9300,148586,-0.021912,-0.076233,0.735962,-0.672363,92.9898,0
3.9400,148596,-0.021851,-0.076111,0.735840,-0.672546,92.9972,0
3.9500,148606,-0.021790,-0.076050,0.735657,-0.672729,93.0108,0
3.9600,148616,-0.021729,-0.075989,0.735535,-0.672852,93.0155,0
3.9700,148626,-0.021606,-0.075867,0.735535,-0.672852,93.0013,0
3.9800,148636,-0.021545,-0.075745,0.735596,-0.672791,92.9741,0
3.9900,148646,-0.021423,-0.075623,0.735657,-0.672729,92.9478,0
4.0000,148656,-0.021240,-0.075439,0.735718,-0.672791,92.9374,0
4.0100,148666,-0.021057,-0.075256,0.735657,-0.672852,92.9329,0
4.0200,148676,-0.020874,-0.075073,0.735596,-0.672913,92.9214,0
4.0300,148686,-0.020691,-0.074890,0.735535,-0.672974,92.9009,0
4.0400,148696,-0.020569,-0.074707,0.735596,-0.672974,92.8712,0
4.0500,148706,-0.020386,-0.074524,0.735657,-0.672974,92.8430,0
4.0600,148716,-0.020081,-0.074219,0.735718,-0.672913,92.8245,0
4.0700,148726,-0.019958,-0.074097,0.735657,-0.672974,92.8121,0
4.0800,148736,-0.019897,-0.073975,0.735596,-0.673096,92.8004,0
4.0900,148746,-0.019775,-0.073853,0.735596,-0.673096,92.7791,0
4.1000,148756,-0.019714,-0.073792,0.735718,-0.672974,92.7415,0
4.1100,148766,-0.019653,-0.073669,0.735840,-0.672852,92.6981,0
4.1200,148776,-0.019531,-0.073547,0.735962,-0.672729,92.6604,0
4.1300,148786,-0.019470,-0.073425,0.736023,-0.672668,92.6317,0
4.1400,148796,-0.019348,-0.073303,0.736084,-0.672668,92.6103,0
4.1500,148806,-0.019226,-0.073242,0.736084,-0.672668,92.5928,0
4.1600,148816,-0.019104,-0.073120,0.736084,-0.672668,92.5733,0
4.1700,148826,-0.019043,-0.072998,0.736084,-0.672668,92.5524,0
4.1800,148836,-0.018921,-0.072876,0.736084,-0.672668,92.5288,0
4.1900,148846,-0.018799,-0.072754,0.736206,-0.672607,92.5011,0
4.2000,148856,-0.018738,-0.072632,0.736267,-0.672485,92.4717,0
4.2100,148866,-0.018616,-0.072510,0.736389,-0.672424,92.4425,0
4.2200,148876,-0.018555,-0.072388,0.736389,-0.672424,92.4207,0
4.2300,148886,-0.018433,-0.072327,0.736389,-0.672424,92.4065,0
4.2400,148896,-0.018372,-0.072266,0.736389,-0.672485,92.4025,0
4.2500,148906,-0.018311,-0.072205,0.736267,-0.672546,92.4004,0
4.2600,148916,-0.018250,-0.072144,0.736267,-0.672607,92.3912,0
4.2700,148926,-0.018188,-0.072083,0.736267,-0.672607,92.3688,0
4.2800,148936,-0.018188,-0.071960,0.736389,-0.672485,92.3399,0
4.2900,148946,-0.018066,-0.071838,0.736450,-0.672424,92.3199,0
4.3000,148956,-0.017944,-0.071655,0.736511,-0.672424,92.3146,0
4.3100,148966,-0.017822,-0.071533,0.736450,-0.672485,92.3161,0
4.3200,148976,-0.017639,-0.071411,0.736328,-0.672607,92.3120,0
4.3300,148986,-0.017578,-0.071350,0.736267,-0.672668,92.3040,0
4.3400,148996,-0.017517,-0.071289,0.736206,-0.672791,92.2898,0
4.3500,149006,-0.017517,-0.071289,0.736206,-0.672791,92.2698,0
4.3600,149016,-0.017517,-0.071289,0.736267,-0.672729,92.2461,0
4.3700,149026,-0.017517,-0.071228,0.736328,-0.672668,92.2200,0
4.3800,149036,-0.017456,-0.071167,0.736389,-0.672607,92.1981,0
4.3900,149046,-0.017395,-0.071106,0.736389,-0.672607,92.1845,0
4.4000,149056,-0.017273,-0.070984,0.736328,-0.672668,92.1810,0
4.4100,149066,-0.017212,-0.070923,0.736206,-0.672791,92.1855,0
4.4200,149076,-0.017151,-0.070862,0.736145,-0.672913,92.1884,0
4.4300,149086,-0.017090,-0.070801,0.736023,-0.673035,92.1905,0
4.4400,149096,-0.016968,-0.070740,0.735962,-0.673157,92.1914,0
4.4500,149106,-0.016907,-0.070679,0.735840,-0.673218,92.1898,0
4.4600,149116,-0.016846,-0.070557,0.735840,-0.673279,92.1818,0
4.4700,149126,-0.016785,-0.070435,0.735840,-0.673279,92.1675,0
4.4800,149136,-0.016724,-0.070251,0.735840,-0.673279,92.1503,0
4.4900,149146,-0.016663,-0.070068,0.735840,-0.673279,92.1305,0
4.5000,149156,-0.016663,-0.069885,0.735840,-0.673340,92.1126,0
4.5100,149166,-0.016602,-0.069702,0.735840,-0.673340,92.0998,0
4.5200,149176,-0.016541,-0.069702,0.735901,-0.673340,92.0877,0
4.5300,149186,-0.016541,-0.069702,0.735901,-0.673340,92.0696,0
4.5400,149196,-0.016541,-0.069702,0.735901,-0.673340,92.0518,0
4.5500,149206,-0.016541,-0.069702,0.735901,-0.673340,92.0368,0
4.5600,149216,-0.016479,-0.069641,0.735901,-0.673340,92.0266,0
4.5700,149226,-0.016357,-0.069580,0.735901,-0.673340,92.0173,0
4.5800,149236,-0.016235,-0.069458,0.735840,-0.673401,92.0074,0
4.5900,149246,-0.016052,-0.069336,0.735840,-0.673401,91.9890,0
4.6000,149256,-0.015930,-0.069153,0.735840,-0.673401,91.9595,0
4.6100,149266,-0.015808,-0.069031,0.735901,-0.673340,91.9208,0
4.6200,149276,-0.015625,-0.068787,0.736206,-0.673096,91.8841,0
4.6300,149286,-0.015503,-0.068665,0.736328,-0.672974,91.8555,0
4.6400,149296,-0.015320,-0.068542,0.736328,-0.672974,91.8403,0
4.6500,149306,-0.015137,-0.068481,0.736267,-0.673035,91.8329,0
4.6600,149316,-0.014954,-0.068420,0.736206,-0.673096,91.8293,0
4.6700,149326,-0.014832,-0.068359,0.736145,-0.673157,91.8236,0
4.6800,149336,-0.014648,-0.068359,0.736145,-0.673218,91.8139,0
4.6900,149346,-0.014465,-0.068298,0.736084,-0.673279,91.8042,0
4.7000,149356,-0.014282,-0.068176,0.736145,-0.673218,91.7912,0
4.7100,149366,-0.014160,-0.067993,0.736145,-0.673279,91.7747,0
4.7200,149376,-0.013977,-0.067810,0.736145,-0.673279,91.7505,0
4.7300,149386,-0.013855,-0.067688,0.736267,-0.673157,91.7205,0
4.7400,149396,-0.013672,-0.067566,0.736328,-0.673096,91.6913,0
4.7500,149406,-0.013489,-0.067505,0.736328,-0.673096,91.6694,0
4.7600,149416,-0.013306,-0.067444,0.736267,-0.673157,91.6617,0
4.7700,149426,-0.013123,-0.067444,0.736206,-0.673279,91.6644,0
4.7800,149436,-0.013000,-0.067444,0.736084,-0.673401,91.6656,0
4.7900,149446,-0.012817,-0.067444,0.735962,-0.673523,91.6585,0
4.8000,149456,-0.012695,-0.067444,0.735962,-0.673523,91.6411,0
4.8100,149466,-0.012573,-0.067383,0.736023,-0.673523,91.6179,0
4.8200,149476,-0.012451,-0.067261,0.736084,-0.673462,91.5887,0
4.8300,149486,-0.012329,-0.067200,0.736145,-0.673401,91.5568,0
4.8400,149496,-0.012268,-0.067200,0.736206,-0.673279,91.5306,0
4.8500,149506,-0.012207,-0.067261,0.736267,-0.673279,91.5099,0
4.8600,149516,-0.012207,-0.067261,0.736267,-0.673279,91.4997,0
4.8700,149526,-0.012207,-0.067261,0.736206,-0.673279,91.4930,0
4.8800,149536,-0.012207,-0.067261,0.736145,-0.673340,91.4854,0
4.8900,149546,-0.012146,-0.067261,0.736084,-0.673401,91.4735,0
4.9000,149556,-0.012024,-0.067078,0.736145,-0.673340,91.4533,0
4.9100,149566,-0.011963,-0.067017,0.736267,-0.673279,91.4269,0
4.9200,149576,-0.011902,-0.066956,0.736389,-0.673157,91.3922,0
4.9300,149586,-0.011841,-0.066895,0.736450,-0.673035,91.3658,0
4.9400,149596,-0.011780,-0.066833,0.736450,-0.673096,91.3520,0
4.9500,149606,-0.011780,-0.066833,0.736389,-0.673096,91.3495,0
4.9600,149616,-0.011780,-0.066833,0.736267,-0.673279,91.3579,0
4.9700,149626,-0.011719,-0.066833,0.736145,-0.673401,91.3670,0
4.9800,149636,-0.011597,-0.066772,0.736084,-0.673462,91.3686,0
4.9900,149646,-0.011536,-0.066650,0.736084,-0.673462,91.3546,0
5.0000,149656,-0.011414,-0.066528,0.736206,-0.673401,91.3240,0
5.0100,149666,-0.011292,-0.066284,0.736328,-0.673279,91.2943,0
5.0200,149676,-0.011169,-0.066162,0.736389,-0.673218,91.2725,0
5.0300,149686,-0.010986,-0.065979,0.736328,-0.673279,91.2683,0
5.0400,149696,-0.010925,-0.065918,0.736267,-0.673401,91.2715,0
5.0500,149706,-0.010864,-0.065857,0.736145,-0.673523,91.2758,0
5.0600,149716,-0.010864,-0.065857,0.736084,-0.673584,91.2751,0
5.0700,149726,-0.010864,-0.065857,0.736023,-0.673645,91.2684,0
5.0800,149736,-0.010864,-0.065857,0.736023,-0.673645,91.2562,0
5.0900,149746,-0.010864,-0.065857,0.736023,-0.673645,91.2386,0
5.1000,149756,-0.010864,-0.065857,0.736084,-0.673584,91.2166,0
5.1100,149766,-0.010803,-0.065796,0.736206,-0.673462,91.1801,0
5.1200,149776,-0.010742,-0.065735,0.736328,-0.673340,91.1507,0
5.1300,149786,-0.010620,-0.065613,0.736450,-0.673218,91.1330,0
5.1400,149796,-0.010559,-0.065491,0.736511,-0.673157,91.1236,0
5.1500,149806,-0.010437,-0.065308,0.736511,-0.673157,91.1219,0
5.1600,149816,-0.010315,-0.065186,0.736450,-0.673218,91.1262,0
5.1700,149826,-0.010193,-0.064941,0.736328,-0.673462,91.1255,0
5.1800,149836,-0.010254,-0.064819,0.736328,-0.673462,91.1177,0
5.1900,149846,-0.010315,-0.064636,0.736328,-0.673462,91.1013,0
5.2000,149856,-0.010437,-0.064453,0.736328,-0.673462,91.0821,0
5.2100,149866,-0.010498,-0.064270,0.736389,-0.673401,91.0591,0
5.2200,149876,-0.010559,-0.064087,0.736450,-0.673340,91.0367,0
5.2300,149886,-0.010559,-0.063904,0.736511,-0.673340,91.0177,0
5.2400,149896,-0.010498,-0.063721,0.736572,-0.673279,91.0010,0
5.2500,149906,-0.010376,-0.063599,0.736572,-0.673279,90.9866,0
5.2600,149916,-0.010254,-0.063538,0.736572,-0.673279,90.9801,0
5.2700,149926,-0.010071,-0.063477,0.736511,-0.673340,90.9787,0
5.2800,149936,-0.009888,-0.063416,0.736450,-0.673401,90.9754,0
5.2900,149946,-0.009766,-0.063232,0.736450,-0.673401,90.9664,0
5.3000,149956,-0.009705,-0.063171,0.736511,-0.673401,90.9477,0
5.3100,149966,-0.009583,-0.063049,0.736572,-0.673340,90.9197,0
5.3200,149976,-0.009583,-0.062927,0.736633,-0.673279,90.8931,0
5.3300,149986,-0.009644,-0.062866,0.736633,-0.673279,90.8785,0
5.3400,149996,-0.009644,-0.062866,0.736572,-0.673340,90.8759,0
5.3500,150006,-0.009644,-0.062866,0.736511,-0.673462,90.8794,0
5.3600,150016,-0.009644,-0.062927,0.736389,-0.673523,90.8780,0
5.3700,150026,-0.009644,-0.062927,0.736389,-0.673523,90.8623,0
5.3800,150036,-0.009644,-0.062927,0.736511,-0.673462,90.8374,0
5.3900,150046,-0.009644,-0.062866,0.736572,-0.673340,90.8256,0
5.4000,150056,-0.009583,-0.062805,0.736572,-0.673340,90.8269,0
5.4100,150066,-0.009460,-0.062744,0.736511,-0.673401,90.8298,0
5.4200,150076,-0.009338,-0.062744,0.736450,-0.673523,90.8273,0
5.4300,150086,-0.009277,-0.062805,0.736389,-0.673584,90.8178,0
5.4400,150096,-0.009277,-0.062805,0.736389,-0.673584,90.8016,0
5.4500,150106,-0.009277,-0.062805,0.736450,-0.673462,90.7862,0
5.4600,150116,-0.009277,-0.062805,0.736450,-0.673462,90.7794,0
5.4700,150126,-0.009277,-0.062805,0.736389,-0.673523,90.7823,0
5.4800,150136,-0.009277,-0.062805,0.736328,-0.673645,90.7905,0
5.4900,150146,-0.009216,-0.062744,0.736206,-0.673767,90.7989,0
5.5000,150156,-0.009155,-0.062683,0.736145,-0.673828,90.7991,0
5.5100,150166,-0.009216,-0.062683,0.736145,-0.673828,90.7939,0
5.5200,150176,-0.009277,-0.062622,0.736145,-0.673828,90.7891,0
5.5300,150186,-0.009338,-0.062561,0.736145,-0.673828,90.7815,0
5.5400,150196,-0.009338,-0.062561,0.736145,-0.673828,90.7748,0
5.5500,150206,-0.009338,-0.062561,0.736145,-0.673889,90.7733,0
5.5600,150216,-0.009338,-0.062561,0.736084,-0.673950,90.7765,0
5.5700,150226,-0.009338,-0.062561,0.736023,-0.674011,90.7773,0
5.5800,150236,-0.009338,-0.062561,0.736023,-0.674011,90.7720,0
5.5900,150246,-0.009338,-0.062561,0.736023,-0.674011,90.7605,0
5.6000,150256,-0.009277,-0.062439,0.736084,-0.673950,90.7411,0
5.6100,150266,-0.009216,-0.062378,0.736145,-0.673889,90.7227,0
5.6200,150276,-0.009155,-0.062317,0.736206,-0.673828,90.7052,0
5.6300,150286,-0.009094,-0.062256,0.736267,-0.673767,90.6886,0
5.6400,150296,-0.009094,-0.062256,0.736267,-0.673767,90.6769,0
5.6500,150306,-0.009094,-0.062256,0.736267,-0.673767,90.6712,0
5.6600,150316,-0.009094,-0.062256,0.736206,-0.673828,90.6770,0
5.6700,150326,-0.009094,-0.062256,0.736145,-0.673889,90.6767,0
5.6800,150336,-0.009094,-0.062256,0.736145,-0.673889,90.6650,0
5.6900,150346,-0.009094,-0.062256,0.736206,-0.673828,90.6468,0
5.7000,150356,-0.009094,-0.062256,0.736267,-0.673767,90.6284,0
5.7100,150366,-0.009094,-0.062195,0.736328,-0.673706,90.6120,0
5.7200,150376,-0.008972,-0.062134,0.736450,-0.673584,90.5975,0
5.7300,150386,-0.008850,-0.061951,0.736511,-0.673523,90.5902,0
5.7400,150396,-0.008789,-0.061951,0.736450,-0.673584,90.5917,0
5.7500,150406,-0.008728,-0.062012,0.736389,-0.673645,90.6001,0
5.7600,150416,-0.008728,-0.062012,0.736267,-0.673767,90.6112,0
5.7700,150426,-0.008728,-0.062012,0.736206,-0.673828,90.6169,0
5.7800,150436,-0.008728,-0.062012,0.736206,-0.673828,90.6087,0
5.7900,150446,-0.008850,-0.061951,0.736328,-0.673767,90.5908,0
5.8000,150456,-0.008911,-0.061890,0.736389,-0.673645,90.5720,0
5.8100,150466,-0.008972,-0.061768,0.736389,-0.673706,90.5630,0
5.8200,150476,-0.008972,-0.061707,0.736328,-0.673706,90.5658,0
5.8300,150486,-0.008972,-0.061707,0.736267,-0.673828,90.5762,0
5.8400,150496,-0.008972,-0.061707,0.736206,-0.673889,90.5819,0
5.8500,150506,-0.008972,-0.061768,0.736145,-0.673950,90.5790,0
5.8600,150516,-0.008911,-0.061829,0.736206,-0.673889,90.5643,0
5.8700,150526,-0.008911,-0.061890,0.736267,-0.673828,90.5433,0
5.8800,150536,-0.008789,-0.061951,0.736328,-0.673706,90.5257,0
5.8900,150546,-0.008667,-0.062012,0.736389,-0.673645,90.5119,0
5.9000,150556,-0.008606,-0.062073,0.736450,-0.673584,90.5012,0
5.9100,150566,-0.008484,-0.062195,0.736511,-0.673523,90.4941,0
5.9200,150576,-0.008423,-0.062256,0.736511,-0.673462,90.4872,0
5.9300,150586,-0.008484,-0.062256,0.736572,-0.673462,90.4813,0
5.9400,150596,-0.008484,-0.062317,0.736572,-0.673462,90.4876,0
5.9500,150606,-0.008545,-0.062317,0.736572,-0.673462,90.4924,0
5.9600,150616,-0.008545,-0.062378,0.736572,-0.673462,90.4904,0
5.9700,150626,-0.008606,-0.062378,0.736511,-0.673462,90.4808,0
5.9800,150636,-0.008667,-0.062317,0.736572,-0.673401,90.4722,0
5.9900,150646,-0.008667,-0.062378,0.736633,-0.673401,90.4689,0
6.0000,150656,-0.008667,-0.062378,0.736572,-0.673401,90.4764,0
6.0100,150666,-0.008545,-0.062378,0.736450,-0.673523,90.4871,0
6.0200,150676,-0.008423,-0.062378,0.736450,-0.673523,90.4913,0
6.0300,150686,-0.008362,-0.062439,0.736511,-0.673523,90.4834,0
6.0400,150696,-0.008301,-0.062500,0.736633,-0.673401,90.4652,0
6.0500,150706,-0.008240,-0.062561,0.736694,-0.673279,90.4486,0
6.0600,150716,-0.008179,-0.062622,0.736755,-0.673157,90.4381,0
6.0700,150726,-0.008118,-0.062744,0.736816,-0.673096,90.4346,0
6.0800,150736,-0.008118,-0.062805,0.736816,-0.673096,90.4385,0
6.0900,150746,-0.008057,-0.062805,0.736816,-0.673096,90.4469,0
6.1000,150756,-0.008057,-0.062866,0.736755,-0.673157,90.4591,0
6.1100,150766,-0.007996,-0.062927,0.736694,-0.673218,90.4688,0
6.1200,150776,-0.007935,-0.062866,0.736694,-0.673218,90.4710,0
6.1300,150786,-0.007935,-0.062866,0.736694,-0.673279,90.4683,0
6.1400,150796,-0.007813,-0.062866,0.736755,-0.673218,90.4633,0
6.1500,150806,-0.007751,-0.062866,0.736755,-0.673218,90.4610,0
6.1600,150816,-0.007690,-0.062927,0.736694,-0.673218,90.4618,0
6.1700,150826,-0.007568,-0.062988,0.736755,-0.673218,90.4690,0
6.1800,150836,-0.007507,-0.063049,0.736633,-0.673279,90.4813,0
6.1900,150846,-0.007507,-0.063110,0.736633,-0.673340,90.4905,0
6.2000,150856,-0.007446,-0.063171,0.736633,-0.673340,90.4951,0
6.2100,150866,-0.007446,-0.063171,0.736633,-0.673340,90.4918,0
6.2200,150876,-0.007446,-0.063110,0.736694,-0.673218,90.4754,0
6.2300,150886,-0.007385,-0.063049,0.736755,-0.673157,90.4688,0
6.2400,150896,-0.007385,-0.063049,0.736755,-0.673157,90.4738,0
6.2500,150906,-0.007324,-0.062988,0.736755,-0.673218,90.4856,0
6.2600,150916,-0.007324,-0.062988,0.736633,-0.673279,90.4963,0
6.2700,150926,-0.007324,-0.063049,0.736572,-0.673401,90.5016,0
6.2800,150936,-0.007202,-0.062988,0.736511,-0.673462,90.5050,0
6.2900,150946,-0.007141,-0.062988,0.736450,-0.673523,90.5093,0
6.3000,150956,-0.007141,-0.062927,0.736389,-0.673584,90.5140,0
6.3100,150966,-0.007141,-0.062866,0.736450,-0.673584,90.5096,0
6.3200,150976,-0.007202,-0.062866,0.736511,-0.673462,90.4959,0
6.3300,150986,-0.007263,-0.062805,0.736572,-0.673401,90.4805,0
6.3400,150996,-0.007263,-0.062683,0.736572,-0.673401,90.4754,0
6.3500,151006,-0.007263,-0.062622,0.736511,-0.673523,90.4842,0
6.3600,151016,-0.007202,-0.062561,0.736328,-0.673645,90.5026,0
6.3700,151026,-0.007202,-0.062561,0.736206,-0.673767,90.5196,0
6.3800,151036,-0.007202,-0.062561,0.736206,-0.673828,90.5232,0
6.3900,151046,-0.007202,-0.062561,0.736145,-0.673828,90.5165,0
6.4000,151056,-0.007202,-0.062500,0.736206,-0.673828,90.5043,0
6.4100,151066,-0.007141,-0.062439,0.736206,-0.673828,90.4925,0
6.4200,151076,-0.007141,-0.062378,0.736206,-0.673828,90.4884,0
6.4300,151086,-0.007080,-0.062378,0.736206,-0.673889,90.4886,0
6.4400,151096,-0.007080,-0.062378,0.736206,-0.673889,90.4859,0
6.4500,151106,-0.007080,-0.062378,0.736206,-0.673889,90.4786,0
6.4600,151116,-0.007080,-0.062317,0.736206,-0.673889,90.4699,0
6.4700,151126,-0.007019,-0.062256,0.736206,-0.673889,90.4639,0
6.4800,151136,-0.006897,-0.062195,0.736206,-0.673889,90.4642,0
6.4900,151146,-0.006836,-0.062073,0.736145,-0.673950,90.4644,0
6.5000,151156,-0.006836,-0.062012,0.736084,-0.674011,90.4651,0
6.5100,151166,-0.006775,-0.061951,0.736023,-0.674072,90.4699,0
6.5200,151176,-0.006775,-0.061951,0.735962,-0.674133,90.4757,0
6.5300,151186,-0.006775,-0.061951,0.735840,-0.674255,90.4865,0
6.5400,151196,-0.006775,-0.061951,0.735718,-0.674377,90.4968,0
6.5500,151206,-0.006775,-0.061951,0.735596,-0.674500,90.4995,0
6.5600,151216,-0.006775,-0.061951,0.735535,-0.674622,90.4877,0
6.5700,151226,-0.006775,-0.061890,0.735596,-0.674561,90.4630,0
6.5800,151236,-0.006775,-0.061829,0.735718,-0.674438,90.4394,0
6.5900,151246,-0.006775,-0.061829,0.735718,-0.674438,90.4253,0
6.6000,151256,-0.006775,-0.061829,0.735657,-0.674500,90.4268,0
6.6100,151266,-0.006714,-0.061829,0.735535,-0.674622,90.4365,0
6.6200,151276,-0.006714,-0.061890,0.735413,-0.674744,90.4499,0
6.6300,151286,-0.006653,-0.061890,0.735291,-0.674866,90.4567,0
6.6400,151296,-0.006653,-0.061890,0.735291,-0.674866,90.4513,0
6.6500,151306,-0.006653,-0.061890,0.735352,-0.674805,90.4372,0
6.6600,151316,-0.006714,-0.061951,0.735413,-0.674744,90.4209,0
6.6700,151326,-0.006714,-0.061951,0.735474,-0.674683,90.4072,0
6.6800,151336,-0.006653,-0.061890,0.735474,-0.674744,90.3971,0
6.6900,151346,-0.006592,-0.061829,0.735474,-0.674744,90.3893,0
6.7000,151356,-0.006592,-0.061768,0.735474,-0.674683,90.3777,0
6.7100,151366,-0.006592,-0.061829,0.735535,-0.674622,90.3673,0
6.7200,151376,-0.006592,-0.061829,0.735535,-0.674622,90.3676,0
6.7300,151386,-0.006592,-0.061829,0.735413,-0.674744,90.3838,0
6.7400,151396,-0.006592,-0.061829,0.735291,-0.674927,90.4034,0
6.7500,151406,-0.006653,-0.061768,0.735229,-0.674988,90.4060,0
6.7600,151416,-0.006714,-0.061707,0.735291,-0.674866,90.3871,0
6.7700,151426,-0.006775,-0.061584,0.735474,-0.674744,90.3614,0
6.7800,151436,-0.006775,-0.061523,0.735596,-0.674622,90.3518,0
6.7900,151446,-0.006775,-0.061401,0.735596,-0.674561,90.3564,0
6.8000,151456,-0.006775,-0.061340,0.735535,-0.674622,90.3702,0
6.8100,151466,-0.006775,-0.061340,0.735474,-0.674744,90.3810,0
6.8200,151476,-0.006775,-0.061340,0.735352,-0.674866,90.3775,0
6.8300,151486,-0.006775,-0.061340,0.735413,-0.674805,90.3618,0
6.8400,151496,-0.006775,-0.061340,0.735535,-0.674683,90.3416,0
6.8500,151506,-0.006775,-0.061279,0.735657,-0.674561,90.3235,0
6.8600,151516,-0.006653,-0.061279,0.735657,-0.674500,90.3139,0
6.8700,151526,-0.006531,-0.061218,0.735718,-0.674500,90.3160,0
6.8800,151536,-0.006409,-0.061218,0.735657,-0.674561,90.3228,0
6.8900,151546,-0.006348,-0.061279,0.735657,-0.674561,90.3227,0
6.9000,151556,-0.006348,-0.061279,0.735718,-0.674500,90.3108,0
6.9100,151566,-0.006348,-0.061279,0.735779,-0.674377,90.2882,0
6.9200,151576,-0.006409,-0.061279,0.735962,-0.674255,90.2655,0
6.9300,151586,-0.006409,-0.061279,0.735962,-0.674194,90.2558,0
6.9400,151596,-0.006409,-0.061279,0.735901,-0.674255,90.2650,0
6.9500,151606,-0.006348,-0.061279,0.735840,-0.674377,90.2809,0
6.9600,151616,-0.006348,-0.061279,0.735779,-0.674438,90.2912,0
6.9700,151626,-0.006348,-0.061279,0.735779,-0.674438,90.2945,0
6.9800,151636,-0.006348,-0.061279,0.735779,-0.674438,90.2923,0
6.9900,151646,-0.006348,-0.061279,0.735779,-0.674438,90.2878,0
7.0000,151656,-0.006348,-0.061279,0.735779,-0.674438,90.2888,0
7.0100,151666,-0.006348,-0.061279,0.735657,-0.674561,90.3018,0
7.0200,151676,-0.006348,-0.061279,0.735535,-0.674683,90.3170,0
7.0300,151686,-0.006348,-0.061279,0.735474,-0.674744,90.3279,0
7.0400,151696,-0.006348,-0.061279,0.735474,-0.674744,90.3121,0
7.0500,151706,-0.006409,-0.061218,0.735535,-0.674683,90.2882,0
7.0600,151716,-0.006470,-0.061218,0.735657,-0.674561,90.2697,0
7.0700,151726,-0.006531,-0.061157,0.735779,-0.674438,90.2699,0
7.0800,151736,-0.006531,-0.061157,0.735779,-0.674438,90.2891,0
7.0900,151746,-0.006470,-0.061157,0.735657,-0.674561,90.3210,0
7.1000,151756,-0.006409,-0.061096,0.735474,-0.674805,90.3495,0
7.1100,151766,-0.006348,-0.061096,0.735107,-0.675110,90.3647,0
7.1200,151776,-0.006348,-0.061096,0.735107,-0.675171,90.3649,0
7.1300,151786,-0.006348,-0.061096,0.735168,-0.675110,90.3526,0
7.1400,151796,-0.006348,-0.061096,0.735229,-0.675049,90.3326,0
7.1500,151806,-0.006348,-0.061035,0.735291,-0.674927,90.3166,0
7.1600,151816,-0.006287,-0.060974,0.735291,-0.674927,90.3103,0
7.1700,151826,-0.006226,-0.060913,0.735291,-0.674927,90.3083,0
7.1800,151836,-0.006165,-0.060852,0.735291,-0.674988,90.3094,0
7.1900,151846,-0.006104,-0.060791,0.735291,-0.674988,90.3045,0
7.2000,151856,-0.006104,-0.060791,0.735352,-0.674927,90.2910,0
7.2100,151866,-0.006104,-0.060791,0.735413,-0.674866,90.2751,0
7.2200,151876,-0.006165,-0.060730,0.735474,-0.674805,90.2618,0
7.2300,151886,-0.006226,-0.060669,0.735474,-0.674805,90.2581,0
7.2400,151896,-0.006226,-0.060547,0.735474,-0.674866,90.2599,0
7.2500,151906,-0.006287,-0.060425,0.735413,-0.674866,90.2634,0
7.2600,151916,-0.006287,-0.060303,0.735413,-0.674927,90.2650,0
7.2700,151926,-0.006226,-0.060181,0.735413,-0.674927,90.2603,0
7.2800,151936,-0.006165,-0.060120,0.735413,-0.674927,90.2548,0
7.2900,151946,-0.006104,-0.060059,0.735413,-0.674927,90.2471,0
7.3000,151956,-0.006042,-0.059998,0.735413,-0.674927,90.2392,0
7.3100,151966,-0.005981,-0.059937,0.735413,-0.674927,90.2341,0
7.3200,151976,-0.005981,-0.059937,0.735413,-0.674927,90.2316,0
7.3300,151986,-0.005981,-0.059937,0.735413,-0.674927,90.2257,0
7.3400,151996,-0.006042,-0.059998,0.735413,-0.674927,90.2189,0
7.3500,152006,-0.006104,-0.059998,0.735413,-0.674927,90.2094,0
7.3600,152016,-0.006104,-0.059998,0.735413,-0.674927,90.2040,0
7.3700,152026,-0.006104,-0.059998,0.735413,-0.674927,90.1977,0
7.3800,152036,-0.006104,-0.059937,0.735413,-0.674927,90.1923,0
7.3900,152046,-0.006042,-0.059875,0.735413,-0.674927,90.1925,0
7.4000,152056,-0.005981,-0.059937,0.735413,-0.674927,90.1933,0
7.4100,152066,-0.005920,-0.059998,0.735413,-0.674927,90.1934,0
7.4200,152076,-0.005920,-0.060059,0.735413,-0.674927,90.1959,0
7.4300,152086,-0.005920,-0.060181,0.735352,-0.674988,90.2019,0
7.4400,152096,-0.005920,-0.060242,0.735352,-0.674988,90.2016,0
7.4500,152106,-0.005920,-0.060242,0.735352,-0.674927,90.1912,0
7.4600,152116,-0.005981,-0.060242,0.735474,-0.674866,90.1755,0
7.4700,152126,-0.005981,-0.060242,0.735535,-0.674805,90.1617,0
7.4800,152136,-0.005981,-0.060181,0.735596,-0.674744,90.1527,0
7.4900,152146,-0.006042,-0.060120,0.735596,-0.674744,90.1472,0
7.5000,152156,-0.006104,-0.060120,0.735535,-0.674744,90.1449,0
7.5100,152166,-0.006104,-0.060120,0.735535,-0.674805,90.1504,0
7.5200,152176,-0.006104,-0.060120,0.735413,-0.674866,90.1634,0
7.5300,152186,-0.006104,-0.060120,0.735352,-0.674988,90.1739,0
7.5400,152196,-0.006104,-0.060120,0.735352,-0.674988,90.1768,0
7.5500,152206,-0.006104,-0.060120,0.735352,-0.674988,90.1695,0
7.5600,152216,-0.006104,-0.060120,0.735413,-0.674927,90.1554,0
7.5700,152226,-0.006104,-0.060120,0.735474,-0.674805,90.1426,0
7.5800,152236,-0.006042,-0.060059,0.735535,-0.674805,90.1465,0
7.5900,152246,-0.005920,-0.059937,0.735413,-0.674927,90.1620,0
7.6000,152256,-0.005859,-0.059875,0.735352,-0.675049,90.1606,0
7.6100,152266,-0.005798,-0.059753,0.735352,-0.675049,90.1462,0
7.6200,152276,-0.005737,-0.059692,0.735413,-0.674988,90.1266,0
7.6300,152286,-0.005676,-0.059631,0.735474,-0.674866,90.1162,0
7.6400,152296,-0.005615,-0.059692,0.735535,-0.674805,90.1195,0
7.6500,152306,-0.005554,-0.059753,0.735535,-0.674866,90.1297,0
7.6600,152316,-0.005493,-0.059753,0.735352,-0.674988,90.1347,0
7.6700,152326,-0.005554,-0.059753,0.735413,-0.674927,90.1233,0
7.6800,152336,-0.005554,-0.059753,0.735535,-0.674805,90.1013,0
7.6900,152346,-0.005554,-0.059753,0.735657,-0.674683,90.0815,0
7.7000,152356,-0.005493,-0.059753,0.735657,-0.674683,90.0800,0
7.7100,152366,-0.005432,-0.059692,0.735535,-0.674805,90.0940,0
7.7200,152376,-0.005432,-0.059631,0.735474,-0.674927,90.1126,0
7.7300,152386,-0.005432,-0.059631,0.735413,-0.674988,90.1196,0
7.7400,152396,-0.005432,-0.059631,0.735413,-0.674988,90.1161,0
7.7500,152406,-0.005432,-0.059631,0.735413,-0.674927,90.1063,0
7.7600,152416,-0.005432,-0.059631,0.735474,-0.674927,90.0976,0
7.7700,152426,-0.005432,-0.059631,0.735474,-0.674927,90.1012,0
7.7800,152436,-0.005432,-0.059631,0.735413,-0.674988,90.1123,0
7.7900,152446,-0.005371,-0.059631,0.735352,-0.675049,90.1199,0
7.8000,152456,-0.005371,-0.059631,0.735352,-0.675049,90.1176,0
7.8100,152466,-0.005432,-0.059631,0.735352,-0.674988,90.1072,0
7.8200,152476,-0.005432,-0.059631,0.735413,-0.674927,90.0942,0
7.8300,152486,-0.005432,-0.059631,0.735413,-0.674927,90.0885,0
7.8400,152496,-0.005432,-0.059631,0.735413,-0.674988,90.0931,0
7.8500,152506,-0.005432,-0.059631,0.735352,-0.675049,90.0999,0
7.8600,152516,-0.005432,-0.059631,0.735352,-0.675049,90.0992,0
7.8700,152526,-0.005432,-0.059631,0.735413,-0.674988,90.0843,0
7.8800,152536,-0.005432,-0.059692,0.735474,-0.674866,90.0737,0
7.8900,152546,-0.005493,-0.059753,0.735535,-0.674805,90.0750,0
7.9000,152556,-0.005493,-0.059753,0.735535,-0.674805,90.0922,0
7.9100,152566,-0.005432,-0.059753,0.735413,-0.674927,90.1144,0
7.9200,152576,-0.005371,-0.059814,0.735291,-0.675110,90.1267,0
7.9300,152586,-0.005310,-0.059875,0.735168,-0.675171,90.1217,0
7.9400,152596,-0.005188,-0.059937,0.735291,-0.675110,90.1057,0
7.9500,152606,-0.005127,-0.059998,0.735352,-0.674988,90.0892,0
7.9600,152616,-0.005127,-0.059998,0.735413,-0.674927,90.0772,0
7.9700,152626,-0.005127,-0.059998,0.735413,-0.674927,90.0711,0
7.9800,152636,-0.005127,-0.059998,0.735413,-0.674927,90.0666,0
7.9900,152646,-0.005188,-0.059998,0.735413,-0.674927,90.0681,0
8.0000,152656,-0.005249,-0.060120,0.735413,-0.674988,90.0738,0
8.0100,152666,-0.005310,-0.060181,0.735352,-0.674988,90.0815,0
8.0200,152676,-0.005371,-0.060242,0.735352,-0.674988,90.0842,0
8.0300,152686,-0.005371,-0.060242,0.735352,-0.674988,90.0807,0
8.0400,152696,-0.005371,-0.060242,0.735352,-0.674988,90.0756,0
8.0500,152706,-0.005310,-0.060181,0.735352,-0.674988,90.0720,0
8.0600,152716,-0.005188,-0.060059,0.735352,-0.674988,90.0709,0
8.0700,152726,-0.005127,-0.059937,0.735352,-0.674988,90.0705,0
8.0800,152736,-0.005005,-0.059875,0.735352,-0.674988,90.0646,0
8.0900,152746,-0.004883,-0.059753,0.735413,-0.674988,90.0531,0
8.1000,152756,-0.004761,-0.059753,0.735474,-0.674866,90.0391,0
8.1100,152766,-0.004578,-0.059753,0.735596,-0.674805,90.0247,0
8.1200,152776,-0.004456,-0.059753,0.735657,-0.674744,90.0108,0
8.1300,152786,-0.004272,-0.059814,0.735657,-0.674744,90.0102,0
8.1400,152796,-0.004150,-0.059814,0.735535,-0.674805,90.0202,0
8.1500,152806,-0.004150,-0.059814,0.735474,-0.674866,90.0178,0
8.1600,152816,-0.004150,-0.059814,0.735474,-0.674866,90.0002,0
8.1700,152826,-0.004211,-0.059753,0.735535,-0.674805,89.9709,0
8.1800,152836,-0.004333,-0.059692,0.735718,-0.674622,89.9437,0
8.1900,152846,-0.004395,-0.059631,0.735901,-0.674500,89.9291,0
8.2000,152856,-0.004456,-0.059570,0.735962,-0.674377,89.9302,0
8.2100,152866,-0.004517,-0.059509,0.735962,-0.674377,89.9406,0
8.2200,152876,-0.004578,-0.059448,0.735840,-0.674561,89.9535,0
8.2300,152886,-0.004578,-0.059448,0.735779,-0.674622,89.9616,0
8.2400,152896,-0.004639,-0.059387,0.735779,-0.674622,89.9610,0
8.2500,152906,-0.004578,-0.059387,0.735779,-0.674622,89.9545,0
8.2600,152916,-0.004517,-0.059265,0.735779,-0.674622,89.9548,0
8.2700,152926,-0.004395,-0.059204,0.735718,-0.674683,89.9611,0
8.2800,152936,-0.004272,-0.059021,0.735657,-0.674744,89.9693,0
8.2900,152946,-0.004150,-0.058899,0.735657,-0.674805,89.9741,0
8.3000,152956,-0.004028,-0.058777,0.735657,-0.674805,89.9685,0
8.3100,152966,-0.003967,-0.058655,0.735718,-0.674744,89.9520,0
8.3200,152976,-0.003906,-0.058594,0.735779,-0.674622,89.9319,0
8.3300,152986,-0.003906,-0.058594,0.735840,-0.674561,89.9159,0
8.3400,152996,-0.003845,-0.058655,0.735840,-0.674561,89.9077,0
8.3500,153006,-0.003784,-0.058716,0.735840,-0.674561,89.8994,0
8.3600,153016,-0.003784,-0.058716,0.735901,-0.674500,89.8849,0
8.3700,153026,-0.003845,-0.058716,0.735962,-0.674438,89.8712,0
8.3800,153036,-0.003845,-0.058716,0.735962,-0.674438,89.8665,0
8.3900,153046,-0.003845,-0.058716,0.735962,-0.674438,89.8680,0
8.4000,153056,-0.003845,-0.058716,0.735962,-0.674500,89.8747,0
8.4100,153066,-0.003723,-0.058655,0.735901,-0.674561,89.8817,0
8.4200,153076,-0.003662,-0.058533,0.735901,-0.674561,89.8830,0
8.4300,153086,-0.003662,-0.058533,0.735901,-0.674561,89.8765,0
8.4400,153096,-0.003662,-0.058533,0.735901,-0.674561,89.8751,0
8.4500,153106,-0.003662,-0.058533,0.735901,-0.674561,89.8773,0
8.4600,153116,-0.003723,-0.058472,0.735901,-0.674561,89.8788,0
8.4700,153126,-0.003784,-0.058411,0.735901,-0.674561,89.8755,0
8.4800,153136,-0.003845,-0.058350,0.735901,-0.674561,89.8705,0
8.4900,153146,-0.003845,-0.058289,0.735901,-0.674561,89.8706,0
8.5000,153156,-0.003784,-0.058228,0.735840,-0.674622,89.8736,0
8.5100,153166,-0.003662,-0.058228,0.735779,-0.674683,89.8789,0
8.5200,153176,-0.003601,-0.058289,0.735779,-0.674683,89.8738,0
8.5300,153186,-0.003540,-0.058350,0.735840,-0.674622,89.8624,0
8.5400,153196,-0.003540,-0.058411,0.735901,-0.674500,89.8486,0
8.5500,153206,-0.003479,-0.058411,0.735901,-0.674500,89.8433,0
8.5600,153216,-0.003479,-0.058411,0.735901,-0.674561,89.8494,0
8.5700,153226,-0.003479,-0.058411,0.735779,-0.674683,89.8607,0
8.5800,153236,-0.003540,-0.058350,0.735718,-0.674744,89.8684,0
8.5900,153246,-0.003601,-0.058289,0.735718,-0.674744,89.8656,0
8.6000,153256,-0.003662,-0.058228,0.735779,-0.674683,89.8564,0
8.6100,153266,-0.003662,-0.058105,0.735840,-0.674622,89.8421,0
8.6200,153276,-0.003540,-0.058044,0.735840,-0.674622,89.8334,0
8.6300,153286,-0.003479,-0.057983,0.735840,-0.674622,89.8340,0
8.6400,153296,-0.003296,-0.057922,0.735779,-0.674744,89.8410,0
8.6500,153306,-0.003113,-0.057861,0.735779,-0.674744,89.8405,0
8.6600,153316,-0.002930,-0.057800,0.735779,-0.674744,89.8328,0
8.6700,153326,-0.002747,-0.057678,0.735840,-0.674683,89.8159,0
8.6800,153336,-0.002625,-0.057556,0.735901,-0.674622,89.7969,0
8.6900,153346,-0.002502,-0.057434,0.735962,-0.674622,89.7818,0
8.7000,153356,-0.002441,-0.057373,0.735962,-0.674622,89.7775,0
8.7100,153366,-0.002380,-0.057312,0.735962,-0.674622,89.7746,0
8.7200,153376,-0.002380,-0.057312,0.735962,-0.674622,89.7677,0
8.7300,153386,-0.002380,-0.057312,0.735962,-0.674622,89.7517,0
8.7400,153396,-0.002441,-0.057251,0.736023,-0.674561,89.7317,0
8.7500,153406,-0.002502,-0.057190,0.736084,-0.674438,89.7157,0
8.7600,153416,-0.002563,-0.057129,0.736145,-0.674377,89.7064,0
8.7700,153426,-0.002686,-0.057007,0.736145,-0.674377,89.7047,0
8.7800,153436,-0.002686,-0.056946,0.736145,-0.674438,89.7072,0
8.7900,153446,-0.002686,-0.056824,0.736084,-0.674500,89.7071,0
8.8000,153456,-0.002625,-0.056763,0.736023,-0.674561,89.7058,0
8.8100,153466,-0.002625,-0.056763,0.736023,-0.674561,89.7028,0
8.8200,153476,-0.002625,-0.056763,0.736023,-0.674561,89.6988,0
8.8300,153486,-0.002686,-0.056824,0.736023,-0.674561,89.6926,0
8.8400,153496,-0.002808,-0.056946,0.736084,-0.674500,89.6815,0
8.8500,153506,-0.002869,-0.057007,0.736145,-0.674377,89.6632,0
8.8600,153516,-0.002991,-0.057068,0.736267,-0.674255,89.6447,0
8.8700,153526,-0.003113,-0.057068,0.736328,-0.674194,89.6282,0
8.8800,153536,-0.003174,-0.057129,0.736328,-0.674194,89.6204,0
8.8900,153546,-0.003235,-0.057190,0.736328,-0.674194,89.6273,0
8.9000,153556,-0.003235,-0.057312,0.736206,-0.674316,89.6404,0
8.9100,153566,-0.003174,-0.057373,0.736084,-0.674438,89.6582,0
8.9200,153576,-0.003174,-0.057556,0.735962,-0.674561,89.6769,0
8.9300,153586,-0.003174,-0.057678,0.735901,-0.674622,89.6893,0
8.9400,153596,-0.003174,-0.057739,0.735901,-0.674622,89.6904,0
8.9500,153606,-0.003235,-0.057800,0.735901,-0.674561,89.6833,0
8.9600,153616,-0.003296,-0.057861,0.736023,-0.674500,89.6694,0
8.9700,153626,-0.003296,-0.057861,0.736084,-0.674377,89.6580,0
8.9800,153636,-0.003296,-0.057861,0.736084,-0.674377,89.6703,0
8.9900,153646,-0.003296,-0.057861,0.736023,-0.674438,89.6850,0
9.0000,153656,-0.003296,-0.057922,0.735962,-0.674500,89.6912,0
9.0100,153666,-0.003296,-0.057922,0.735962,-0.674500,89.6912,0
9.0200,153676,-0.003296,-0.057922,0.735962,-0.674500,89.6882,0
9.0300,153686,-0.003296,-0.057922,0.736023,-0.674500,89.6901,0
9.0400,153696,-0.003296,-0.057922,0.736023,-0.674500,89.7020,0
9.0500,153706,-0.003296,-0.057922,0.735840,-0.674683,89.7216,0
9.0600,153716,-0.003296,-0.057922,0.735779,-0.674744,89.7373,0
9.0700,153726,-0.003296,-0.057861,0.735779,-0.674744,89.7397,0
9.0800,153736,-0.003357,-0.057739,0.735840,-0.674683,89.7283,0
9.0900,153746,-0.003418,-0.057678,0.735901,-0.674622,89.7140,0
9.1000,153756,-0.003418,-0.057678,0.735901,-0.674622,89.7086,0
9.1100,153766,-0.003418,-0.057678,0.735901,-0.674622,89.7119,0
9.1200,153776,-0.003418,-0.057678,0.735840,-0.674683,89.7197,0
9.1300,153786,-0.003418,-0.057678,0.735779,-0.674744,89.7302,0
9.1400,153796,-0.003418,-0.057678,0.735779,-0.674744,89.7329,0
9.1500,153806,-0.003418,-0.057678,0.735779,-0.674744,89.7279,0
9.1600,153816,-0.003418,-0.057678,0.735840,-0.674683,89.7177,0
9.1700,153826,-0.003418,-0.057617,0.735901,-0.674622,89.7079,0
9.1800,153836,-0.003296,-0.057617,0.735901,-0.674622,89.7033,0
9.1900,153846,-0.003174,-0.057617,0.735901,-0.674622,89.7066,0
9.2000,153856,-0.003052,-0.057556,0.735840,-0.674683,89.7116,0
9.2100,153866,-0.002930,-0.057556,0.735840,-0.674683,89.7176,0
9.2200,153876,-0.002869,-0.057495,0.735840,-0.674683,89.7117,0
9.2300,153886,-0.002808,-0.057434,0.735901,-0.674683,89.6997,0
9.2400,153896,-0.002869,-0.057312,0.735962,-0.674622,89.6859,0
9.2500,153906,-0.002869,-0.057251,0.735962,-0.674622,89.6781,0
9.2600,153916,-0.002808,-0.057190,0.735901,-0.674683,89.6861,0
9.2700,153926,-0.002808,-0.057129,0.735840,-0.674744,89.6890,0
9.2800,153936,-0.002808,-0.057129,0.735779,-0.674805,89.6816,0
9.2900,153946,-0.002808,-0.057129,0.735779,-0.674805,89.6634,0
9.3000,153956,-0.002808,-0.057129,0.735840,-0.674744,89.6460,0
9.3100,153966,-0.002808,-0.057068,0.735901,-0.674683,89.6402,0
9.3200,153976,-0.002808,-0.057068,0.735901,-0.674683,89.6495,0
9.3300,153986,-0.002686,-0.057190,0.735657,-0.674927,89.6661,0
9.3400,153996,-0.002625,-0.057251,0.735596,-0.674988,89.6754,0
9.3500,154006,-0.002625,-0.057312,0.735596,-0.674988,89.6699,0
9.3600,154016,-0.002563,-0.057312,0.735718,-0.674866,89.6516,0
9.3700,154026,-0.002563,-0.057312,0.735779,-0.674744,89.6319,0
9.3800,154036,-0.002563,-0.057312,0.735840,-0.674744,89.6238,0
9.3900,154046,-0.002563,-0.057312,0.735779,-0.674805,89.6310,0
9.4000,154056,-0.002563,-0.057312,0.735657,-0.674927,89.6485,0
9.4100,154066,-0.002563,-0.057312,0.735535,-0.675049,89.6651,0
9.4200,154076,-0.002563,-0.057312,0.735535,-0.675049,89.6655,0
9.4300,154086,-0.002563,-0.057312,0.735596,-0.674988,89.6510,0
9.4400,154096,-0.002625,-0.057312,0.735718,-0.674866,89.6325,0
9.4500,154106,-0.002625,-0.057373,0.735779,-0.674805,89.6185,0
9.4600,154116,-0.002625,-0.057373,0.735779,-0.674805,89.6152,0
9.4700,154126,-0.002563,-0.057373,0.735718,-0.674866,89.6217,0
9.4800,154136,-0.002502,-0.057434,0.735657,-0.674927,89.6313,0
9.4900,154146,-0.002502,-0.057434,0.735596,-0.674988,89.6429,0
9.5000,154156,-0.002502,-0.057434,0.735535,-0.675049,89.6521,0
9.5100,154166,-0.002502,-0.057434,0.735535,-0.675049,89.6549,0
9.5200,154176,-0.002502,-0.057434,0.735535,-0.675049,89.6469,0
9.5300,154186,-0.002502,-0.057434,0.735596,-0.674988,89.6386,0
9.5400,154196,-0.002441,-0.057373,0.735596,-0.674988,89.6439,0
9.5500,154206,-0.002380,-0.057312,0.735535,-0.675049,89.6507,0
9.5600,154216,-0.002319,-0.057251,0.735535,-0.675110,89.6492,0
9.5700,154226,-0.002258,-0.057190,0.735535,-0.675110,89.6473,0
9.5800,154236,-0.002197,-0.057129,0.735535,-0.675110,89.6525,0
9.5900,154246,-0.002197,-0.057129,0.735474,-0.675171,89.6641,0
9.6000,154256,-0.002197,-0.057129,0.735352,-0.675293,89.6827,0
9.6100,154266,-0.002197,-0.057129,0.735046,-0.675598,89.7023,0
9.6200,154276,-0.002136,-0.057068,0.734924,-0.675720,89.7131,0
9.6300,154286,-0.002136,-0.056946,0.734924,-0.675720,89.7079,0
9.6400,154296,-0.002075,-0.056824,0.734985,-0.675659,89.6941,0
9.6500,154306,-0.001953,-0.056641,0.735046,-0.675659,89.6743,0
9.6600,154316,-0.001831,-0.056519,0.735107,-0.675598,89.6579,0
9.6700,154326,-0.001648,-0.056458,0.735107,-0.675598,89.6506,0
9.6800,154336,-0.001526,-0.056458,0.735046,-0.675598,89.6502,0
9.6900,154346,-0.001404,-0.056519,0.735046,-0.675659,89.6486,0
9.7000,154356,-0.001343,-0.056580,0.735046,-0.675659,89.6387,0
9.7100,154366,-0.001282,-0.056641,0.735046,-0.675659,89.6250,0
9.7200,154376,-0.001282,-0.056641,0.735046,-0.675659,89.6145,0
9.7300,154386,-0.001282,-0.056641,0.735046,-0.675659,89.6141,0
9.7400,154396,-0.001343,-0.056580,0.735046,-0.675659,89.6125,0
9.7500,154406,-0.001404,-0.056458,0.735046,-0.675659,89.6020,0
9.7600,154416,-0.001526,-0.056396,0.735107,-0.675598,89.5831,0
9.7700,154426,-0.001648,-0.056274,0.735229,-0.675476,89.5598,0
9.7800,154436,-0.001770,-0.056152,0.735291,-0.675476,89.5424,0
9.7900,154446,-0.001831,-0.056091,0.735229,-0.675476,89.5409,0
9.8000,154456,-0.001892,-0.056091,0.735168,-0.675537,89.5459,0
9.8100,154466,-0.001892,-0.056091,0.735168,-0.675537,89.5490,0
9.8200,154476,-0.001892,-0.056091,0.735168,-0.675537,89.5364,0
9.8300,154486,-0.001892,-0.056091,0.735229,-0.675476,89.5233,0
9.8400,154496,-0.001892,-0.056091,0.735291,-0.675415,89.5125,0
9.8500,154506,-0.001831,-0.056030,0.735291,-0.675415,89.5094,0
9.8600,154516,-0.001831,-0.055969,0.735291,-0.675415,89.5099,0
9.8700,154526,-0.001831,-0.055969,0.735291,-0.675415,89.5093,0
9.8800,154536,-0.001831,-0.055969,0.735229,-0.675476,89.5051,0
9.8900,154546,-0.001831,-0.055969,0.735229,-0.675476,89.5005,0
9.9000,154556,-0.001892,-0.055969,0.735229,-0.675476,89.4932,0
9.9100,154566,-0.001953,-0.056030,0.735229,-0.675476,89.4882,0
9.9200,154576,-0.001892,-0.056091,0.735229,-0.675476,89.4858,0
9.9300,154586,-0.001831,-0.056152,0.735229,-0.675476,89.4877,0
9.9400,154596,-0.001770,-0.056213,0.735229,-0.675476,89.4883,0
9.9500,154606,-0.001709,-0.056213,0.735229,-0.675476,89.4846,0
9.9600,154616,-0.001587,-0.056152,0.735229,-0.675476,89.4811,0
9.9700,154626,-0.001587,-0.056091,0.735229,-0.675537,89.4860,0
9.9800,154636,-0.001526,-0.056091,0.735168,-0.675598,89.4955,0
9.9900,154646,-0.001526,-0.056091,0.735046,-0.675659,89.5056,0
10.0000,154656,-0.001526,-0.056091,0.735046,-0.675659,89.5076,0
10.0100,154666,-0.001587,-0.056152,0.735046,-0.675659,89.5064,0
10.0200,154676,-0.001648,-0.056152,0.735046,-0.675659,89.5060,0
10.0300,154686,-0.001648,-0.056152,0.735046,-0.675720,89.5085,0
10.0400,154696,-0.001648,-0.056152,0.734985,-0.675781,89.5126,0
10.0500,154706,-0.001648,-0.056152,0.734985,-0.675781,89.5119,0
10.0600,154716,-0.001648,-0.056152,0.734985,-0.675781,89.5052,0
10.0700,154726,-0.001587,-0.056091,0.735046,-0.675720,89.4941,0
10.0800,154736,-0.001526,-0.056030,0.735046,-0.675720,89.4889,0
10.0900,154746,-0.001404,-0.056030,0.734985,-0.675781,89.4964,0
10.1000,154756,-0.001343,-0.056091,0.734863,-0.675903,89.5154,0
10.1100,154766,-0.001221,-0.056152,0.734680,-0.676025,89.5305,0
10.1200,154776,-0.001221,-0.056274,0.734558,-0.676147,89.5360,0
10.1300,154786,-0.001282,-0.056335,0.734497,-0.676270,89.5299,0
10.1400,154796,-0.001343,-0.056396,0.734497,-0.676270,89.5163,0
10.1500,154806,-0.001343,-0.056458,0.734558,-0.676208,89.5023,0
10.1600,154816,-0.001404,-0.056396,0.734619,-0.676147,89.4955,0
10.1700,154826,-0.001404,-0.056335,0.734619,-0.676147,89.4967,0
10.1800,154836,-0.001343,-0.056274,0.734558,-0.676208,89.5027,0
10.1900,154846,-0.001282,-0.056274,0.734558,-0.676208,89.5083,0
10.2000,154856,-0.001282,-0.056274,0.734558,-0.676208,89.5083,0
10.2100,154866,-0.001221,-0.056213,0.734558,-0.676208,89.5006,0
10.2200,154876,-0.001221,-0.056152,0.734558,-0.676208,89.4898,0
10.2300,154886,-0.001160,-0.056091,0.734619,-0.676147,89.4800,0
10.2400,154896,-0.001099,-0.056091,0.734619,-0.676147,89.4738,0
10.2500,154906,-0.001099,-0.056030,0.734619,-0.676147,89.4670,0
10.2600,154916,-0.001038,-0.056030,0.734619,-0.676147,89.4636,0
10.2700,154926,-0.000977,-0.056091,0.734619,-0.676147,89.4616,0
10.2800,154936,-0.000916,-0.056152,0.734619,-0.676147,89.4584,0
10.2900,154946,-0.000916,-0.056213,0.734619,-0.676147,89.4566,0
10.3000,154956,-0.000854,-0.056213,0.734619,-0.676147,89.4526,0
10.3100,154966,-0.000854,-0.056213,0.734619,-0.676147,89.4463,0
10.3200,154976,-0.000854,-0.056213,0.734619,-0.676147,89.4415,0
10.3300,154986,-0.000854,-0.056213,0.734619,-0.676147,89.4394,0
10.3400,154996,-0.000854,-0.056152,0.734619,-0.676147,89.4368,0
10.3500,155006,-0.000793,-0.056091,0.734619,-0.676147,89.4361,0
10.3600,155016,-0.000732,-0.056030,0.734680,-0.676147,89.4372,0
10.3700,155026,-0.000732,-0.056030,0.734619,-0.676208,89.4465,0
10.3800,155036,-0.000732,-0.056030,0.734558,-0.676270,89.4531,0
10.3900,155046,-0.000671,-0.056030,0.734497,-0.676331,89.4509,0
10.4000,155056,-0.000610,-0.056091,0.734497,-0.676331,89.4353,0
10.4100,155066,-0.000549,-0.056152,0.734558,-0.676270,89.4109,0
10.4200,155076,-0.000549,-0.056213,0.734680,-0.676086,89.3830,0
10.4300,155086,-0.000610,-0.056274,0.734802,-0.675903,89.3636,0
10.4400,155096,-0.000732,-0.056335,0.734924,-0.675781,89.3600,0
10.4500,155106,-0.000732,-0.056274,0.734863,-0.675903,89.3726,0
10.4600,155116,-0.000793,-0.056213,0.734741,-0.676025,89.3911,0
10.4700,155126,-0.000916,-0.056152,0.734680,-0.676086,89.4034,0
10.4800,155136,-0.000977,-0.056091,0.734680,-0.676086,89.3984,0
10.4900,155146,-0.001038,-0.055969,0.734802,-0.675964,89.3788,0
10.5000,155156,-0.001099,-0.055908,0.734924,-0.675842,89.3590,0
10.5100,155166,-0.001099,-0.055786,0.734924,-0.675842,89.3527,0
10.5200,155176,-0.001038,-0.055725,0.734924,-0.675903,89.3622,0
10.5300,155186,-0.000977,-0.055664,0.734802,-0.676025,89.3830,0
10.5400,155196,-0.000854,-0.055603,0.734680,-0.676147,89.4010,0
10.5500,155206,-0.000793,-0.055664,0.734619,-0.676208,89.4080,0
10.5600,155216,-0.000732,-0.055725,0.734680,-0.676147,89.3998,0
10.5700,155226,-0.000671,-0.055786,0.734741,-0.676086,89.3885,0
10.5800,155236,-0.000610,-0.055847,0.734741,-0.676086,89.3837,0
10.5900,155246,-0.000488,-0.055908,0.734680,-0.676086,89.3909,0
10.6000,155256,-0.000366,-0.055908,0.734619,-0.676208,89.4025,0
10.6100,155266,-0.000244,-0.055908,0.734497,-0.676331,89.4158,0
10.6200,155276,-0.000183,-0.055908,0.734436,-0.676392,89.4225,0
10.6300,155286,-0.000122,-0.055786,0.734436,-0.676392,89.4146,0
10.6400,155296,-0.000122,-0.055725,0.734497,-0.676331,89.4012,0
10.6500,155306,-0.000122,-0.055603,0.734558,-0.676270,89.3944,0
10.6600,155316,-0.000183,-0.055542,0.734558,-0.676270,89.3927,0
10.6700,155326,-0.000183,-0.055542,0.734558,-0.676270,89.3982,0
10.6800,155336,-0.000183,-0.055542,0.734497,-0.676331,89.4040,0
10.6900,155346,-0.000183,-0.055542,0.734436,-0.676392,89.4041,0
10.7000,155356,-0.000183,-0.055542,0.734436,-0.676392,89.4007,0
10.7100,155366,-0.000183,-0.055542,0.734436,-0.676392,89.3999,0
10.7200,155376,-0.000061,-0.055481,0.734375,-0.676453,89.3995,0
10.7300,155386,0.000000,-0.055359,0.734314,-0.676575,89.4045,0
10.7400,155396,0.000122,-0.055237,0.734253,-0.676636,89.4063,0
10.7500,155406,0.000244,-0.055115,0.734253,-0.676636,89.4015,0
10.7600,155416,0.000366,-0.054993,0.734314,-0.676636,89.3866,0
10.7700,155426,0.000427,-0.054932,0.734314,-0.676575,89.3677,0
10.7800,155436,0.000427,-0.054932,0.734436,-0.676453,89.3475,0
10.7900,155446,0.000427,-0.054932,0.734497,-0.676392,89.3299,0
10.8000,155456,0.000427,-0.054932,0.734497,-0.676392,89.3157,0
10.8100,155466,0.000427,-0.054932,0.734558,-0.676331,89.3022,0
10.8200,155476,0.000427,-0.054932,0.734619,-0.676270,89.2881,0
10.8300,155486,0.000427,-0.054932,0.734619,-0.676208,89.2772,0
10.8400,155496,0.000427,-0.054871,0.734619,-0.676208,89.2703,0
10.8500,155506,0.000549,-0.054810,0.734680,-0.676208,89.2667,0
10.8600,155516,0.000610,-0.054749,0.734680,-0.676208,89.2646,0
10.8700,155526,0.000610,-0.054687,0.734680,-0.676208,89.2612,0
10.8800,155536,0.000610,-0.054687,0.734680,-0.676208,89.2532,0
10.8900,155546,0.000610,-0.054687,0.734680,-0.676208,89.2444,0
10.9000,155556,0.000610,-0.054687,0.734680,-0.676208,89.2414,0
10.9100,155566,0.000610,-0.054687,0.734680,-0.676208,89.2428,0
10.9200,155576,0.000610,-0.054626,0.734680,-0.676208,89.2407,0
10.9300,155586,0.000549,-0.054565,0.734680,-0.676208,89.2327,0
10.9400,155596,0.000488,-0.054565,0.734680,-0.676208,89.2196,0
10.9500,155606,0.000549,-0.054504,0.734741,-0.676208,89.2083,0
10.9600,155616,0.000610,-0.054443,0.734741,-0.676147,89.1970,0
10.9700,155626,0.000671,-0.054382,0.734802,-0.676086,89.1904,0
10.9800,155636,0.000671,-0.054260,0.734802,-0.676086,89.1937,0
10.9900,155646,0.000732,-0.054199,0.734802,-0.676147,89.2063,0
11.0000,155656,0.000732,-0.054199,0.734558,-0.676392,89.2212,0
11.0100,155666,0.000671,-0.054260,0.734497,-0.676453,89.2271,0
11.0200,155676,0.000610,-0.054321,0.734497,-0.676453,89.2167,0
11.0300,155686,0.000549,-0.054382,0.734619,-0.676331,89.1925,0
11.0400,155696,0.000488,-0.054382,0.734741,-0.676147,89.1642,0
11.0500,155706,0.000488,-0.054382,0.734802,-0.676086,89.1491,0
11.0600,155716,0.000488,-0.054382,0.734802,-0.676086,89.1545,0
11.0700,155726,0.000488,-0.054382,0.734680,-0.676208,89.1708,0
11.0800,155736,0.000488,-0.054382,0.734619,-0.676270,89.1792,0
11.0900,155746,0.000488,-0.054321,0.734680,-0.676270,89.1706,0
11.1000,155756,0.000366,-0.054260,0.734802,-0.676147,89.1457,0
11.1100,155766,0.000305,-0.054199,0.734924,-0.675964,89.1209,0
11.1200,155776,0.000244,-0.054260,0.734985,-0.675903,89.1110,0
11.1300,155786,0.000183,-0.054321,0.734863,-0.676025,89.1238,0
11.1400,155796,0.000183,-0.054443,0.734741,-0.676147,89.1460,0
11.1500,155806,0.000122,-0.054626,0.734619,-0.676270,89.1587,0
11.1600,155816,0.000061,-0.054810,0.734619,-0.676270,89.1580,0
11.1700,155826,-0.000061,-0.054932,0.734741,-0.676147,89.1418,0
11.1800,155836,-0.000122,-0.054993,0.734863,-0.675964,89.1199,0
11.1900,155846,-0.000122,-0.054993,0.734985,-0.675842,89.1056,0
11.2000,155856,-0.000122,-0.054993,0.734985,-0.675842,89.1116,0
11.2100,155866,0.000000,-0.055054,0.734863,-0.675964,89.1447,0
11.2200,155876,0.000061,-0.055115,0.734680,-0.676147,89.1648,0
11.2300,155886,0.000122,-0.055176,0.734619,-0.676270,89.1655,0
11.2400,155896,0.000122,-0.055176,0.734619,-0.676270,89.1471,0
11.2500,155906,0.000061,-0.055176,0.734741,-0.676147,89.1279,0
11.2600,155916,0.000061,-0.055176,0.734863,-0.675964,89.1245,0
11.2700,155926,0.000061,-0.055176,0.734924,-0.675903,89.1356,0
11.2800,155936,0.000122,-0.055176,0.734863,-0.675964,89.1537,0
11.2900,155946,0.000183,-0.055237,0.734802,-0.676025,89.1663,0
11.3000,155956,0.000183,-0.055237,0.734863,-0.675964,89.1610,0
11.3100,155966,0.000122,-0.055237,0.734924,-0.675903,89.1488,0
11.3200,155976,0.000122,-0.055237,0.735046,-0.675781,89.1354,0
11.3300,155986,0.000122,-0.055237,0.735107,-0.675720,89.1305,0
11.3400,155996,0.000122,-0.055237,0.735107,-0.675720,89.1329,0
11.3500,156006,0.000122,-0.055237,0.735107,-0.675720,89.1411,0
11.3600,156016,0.000122,-0.055237,0.735046,-0.675781,89.1555,0
11.3700,156026,0.000122,-0.055237,0.734985,-0.675842,89.1697,0
11.3800,156036,0.000122,-0.055237,0.734924,-0.675842,89.1802,0
11.3900,156046,0.000122,-0.055237,0.734924,-0.675842,89.1849,0
11.4000,156056,0.000122,-0.055237,0.734924,-0.675903,89.1846,0
11.4100,156066,0.000122,-0.055237,0.734985,-0.675842,89.1819,0
11.4200,156076,0.000122,-0.055237,0.734985,-0.675842,89.1865,0
11.4300,156086,0.000183,-0.055237,0.734924,-0.675903,89.2028,0
11.4400,156096,0.000244,-0.055298,0.734741,-0.676086,89.2265,0
11.4500,156106,0.000305,-0.055237,0.734619,-0.676208,89.2514,0
11.4600,156116,0.000366,-0.055237,0.734497,-0.676331,89.2704,0
11.4700,156126,0.000366,-0.055237,0.734497,-0.676392,89.2721,0
11.4800,156136,0.000366,-0.055176,0.734558,-0.676331,89.2560,0
11.4900,156146,0.000366,-0.055176,0.734680,-0.676147,89.2306,0
11.5000,156156,0.000366,-0.055176,0.734802,-0.676025,89.2196,0
11.5100,156166,0.000366,-0.055176,0.734863,-0.675964,89.2263,0
11.5200,156176,0.000305,-0.055115,0.734802,-0.676025,89.2512,0
11.5300,156186,0.000305,-0.055176,0.734680,-0.676147,89.2791,0
11.5400,156196,0.000244,-0.055237,0.734497,-0.676331,89.2942,0
11.5500,156206,0.000122,-0.055237,0.734375,-0.676453,89.2932,0
11.5600,156216,0.000061,-0.055176,0.734436,-0.676453,89.2845,0
11.5700,156226,0.000122,-0.055115,0.734436,-0.676453,89.2822,0
11.5800,156236,0.000183,-0.055054,0.734375,-0.676514,89.2901,0
11.5900,156246,0.000244,-0.054993,0.734253,-0.676636,89.3010,0
11.6000,156256,0.000305,-0.055054,0.734192,-0.676697,89.3078,0
11.6100,156266,0.000305,-0.055054,0.734192,-0.676697,89.3036,0
11.6200,156276,0.000305,-0.055176,0.734192,-0.676697,89.2938,0
11.6300,156286,0.000244,-0.055237,0.734253,-0.676636,89.2815,0
11.6400,156296,0.000183,-0.055298,0.734314,-0.676575,89.2716,0
11.6500,156306,0.000122,-0.055359,0.734314,-0.676575,89.2652,0
11.6600,156316,0.000122,-0.055359,0.734314,-0.676575,89.2644,0
11.6700,156326,0.000061,-0.055298,0.734253,-0.676575,89.2702,0
11.6800,156336,0.000061,-0.055237,0.734192,-0.676697,89.2846,0
11.6900,156346,0.000000,-0.055176,0.734070,-0.676819,89.3001,0
11.7000,156356,-0.000061,-0.055115,0.734009,-0.676880,89.3071,0
11.7100,156366,-0.000183,-0.055054,0.734009,-0.676941,89.3043,0
11.7200,156376,-0.000244,-0.054993,0.734009,-0.676941,89.2980,0
11.7300,156386,-0.000244,-0.054993,0.734009,-0.676880,89.2879,0
11.7400,156396,-0.000305,-0.054993,0.734070,-0.676819,89.2747,0
11.7500,156406,-0.000305,-0.054993,0.734131,-0.676758,89.2628,0
11.7600,156416,-0.000366,-0.055054,0.734131,-0.676819,89.2598,0
11.7700,156426,-0.000366,-0.055176,0.734070,-0.676819,89.2676,0
11.7800,156436,-0.000305,-0.055176,0.734009,-0.676880,89.2782,0
11.7900,156446,-0.000305,-0.055176,0.733948,-0.676941,89.2840,0
11.8000,156456,-0.000305,-0.055176,0.733948,-0.676941,89.2849,0
11.8100,156466,-0.000366,-0.055176,0.733948,-0.676941,89.2850,0
11.8200,156476,-0.000427,-0.055115,0.733948,-0.676941,89.2894,0
11.8300,156486,-0.000549,-0.054993,0.733887,-0.677063,89.3018,0
11.8400,156496,-0.000549,-0.054993,0.733765,-0.677185,89.3196,0
11.8500,156506,-0.000610,-0.054932,0.733643,-0.677307,89.3359,0
11.8600,156516,-0.000610,-0.054932,0.733582,-0.677368,89.3430,0
11.8700,156526,-0.000610,-0.054932,0.733643,-0.677368,89.3326,0
11.8800,156536,-0.000610,-0.054932,0.733704,-0.677246,89.3126,0
11.8900,156546,-0.000610,-0.054932,0.733826,-0.677124,89.2936,0
11.9000,156556,-0.000549,-0.054993,0.733826,-0.677124,89.2874,0
11.9100,156566,-0.000427,-0.055054,0.733765,-0.677124,89.2958,0
11.9200,156576,-0.000366,-0.055176,0.733704,-0.677246,89.3120,0
11.9300,156586,-0.000305,-0.055237,0.733582,-0.677307,89.3239,0
11.9400,156596,-0.000244,-0.055298,0.733582,-0.677307,89.3246,0
11.9500,156606,-0.000305,-0.055298,0.733704,-0.677246,89.3109,0
11.9600,156616,-0.000366,-0.055359,0.733765,-0.677124,89.2967,0
11.9700,156626,-0.000427,-0.055359,0.733765,-0.677124,89.2945,0
11.9800,156636,-0.000549,-0.055359,0.733704,-0.677185,89.3038,0
11.9900,156646,-0.000610,-0.055298,0.733582,-0.677307,89.3214,0
12.0000,156656,-0.000732,-0.055176,0.733521,-0.677429,89.3352,0
12.0100,156666,-0.000793,-0.055054,0.733521,-0.677429,89.3382,0
12.0200,156676,-0.000854,-0.054932,0.733582,-0.677429,89.3298,0
12.0300,156686,-0.000916,-0.054749,0.733582,-0.677368,89.3195,0
12.0400,156696,-0.000916,-0.054626,0.733582,-0.677429,89.3239,0
12.0500,156706,-0.000977,-0.054565,0.733582,-0.677429,89.3381,0
12.0600,156716,-0.000977,-0.054565,0.733459,-0.677551,89.3517,0
12.0700,156726,-0.000977,-0.054565,0.733337,-0.677673,89.3622,0
12.0800,156736,-0.000977,-0.054565,0.733276,-0.677795,89.3639,0
12.0900,156746,-0.000977,-0.054565,0.733215,-0.677795,89.3637,0
12.1000,156756,-0.000977,-0.054565,0.733215,-0.677795,89.3629,0
12.1100,156766,-0.000977,-0.054565,0.733215,-0.677795,89.3610,0
12.1200,156776,-0.000977,-0.054565,0.733215,-0.677795,89.3556,0
12.1300,156786,-0.000916,-0.054504,0.733215,-0.677856,89.3534,0
12.1400,156796,-0.000854,-0.054443,0.733154,-0.677917,89.3590,0
12.1500,156806,-0.000793,-0.054382,0.732971,-0.678101,89.3796,0
12.1600,156816,-0.000671,-0.054382,0.732788,-0.678284,89.4046,0
12.1700,156826,-0.000610,-0.054321,0.732605,-0.678467,89.4272,0
12.1800,156836,-0.000549,-0.054321,0.732544,-0.678589,89.4332,0
12.1900,156846,-0.000488,-0.054199,0.732544,-0.678589,89.4192,0
12.2000,156856,-0.000427,-0.054138,0.732605,-0.678467,89.3953,0
12.2100,156866,-0.000366,-0.054077,0.732727,-0.678406,89.3707,0
12.2200,156876,-0.000305,-0.054016,0.732727,-0.678406,89.3562,0
12.2300,156886,-0.000244,-0.053955,0.732727,-0.678406,89.3531,0
12.2400,156896,-0.000244,-0.053894,0.732666,-0.678406,89.3514,0
12.2500,156906,-0.000244,-0.053894,0.732666,-0.678406,89.3414,0
12.2600,156916,-0.000244,-0.053894,0.732666,-0.678406,89.3301,0
12.2700,156926,-0.000244,-0.053833,0.732666,-0.678406,89.3260,0
12.2800,156936,-0.000305,-0.053833,0.732666,-0.678467,89.3256,0
12.2900,156946,-0.000366,-0.053772,0.732605,-0.678528,89.3294,0
12.3000,156956,-0.000427,-0.053711,0.732544,-0.678650,89.3324,0
12.3100,156966,-0.000427,-0.053711,0.732544,-0.678650,89.3281,0
12.3200,156976,-0.000427,-0.053711,0.732544,-0.678589,89.3080,0
12.3300,156986,-0.000427,-0.053711,0.732666,-0.678467,89.2865,0
12.3400,156996,-0.000427,-0.053711,0.732727,-0.678406,89.2673,0
12.3500,157006,-0.000366,-0.053772,0.732788,-0.678284,89.2598,0
12.3600,157016,-0.000244,-0.053833,0.732849,-0.678284,89.2663,0
12.3700,157026,-0.000122,-0.053833,0.732788,-0.678345,89.2772,0
12.3800,157036,0.000000,-0.053833,0.732666,-0.678467,89.2845,0
12.3900,157046,0.000122,-0.053955,0.732605,-0.678528,89.2767,0
12.4000,157056,0.000122,-0.053955,0.732727,-0.678406,89.2556,0
12.4100,157066,0.000183,-0.053955,0.732849,-0.678284,89.2307,0
12.4200,157076,0.000244,-0.054016,0.732849,-0.678223,89.2165,0
12.4300,157086,0.000305,-0.054016,0.732849,-0.678223,89.2137,0
12.4400,157096,0.000427,-0.054077,0.732788,-0.678284,89.2211,0
12.4500,157106,0.000488,-0.054138,0.732727,-0.678345,89.2288,0
12.4600,157116,0.000488,-0.054199,0.732666,-0.678406,89.2301,0
12.4700,157126,0.000488,-0.054199,0.732666,-0.678406,89.2196,0
12.4800,157136,0.000427,-0.054260,0.732788,-0.678284,89.2031,0
12.4900,157146,0.000366,-0.054321,0.732910,-0.678162,89.1827,0
12.5000,157156,0.000244,-0.054321,0.732971,-0.678101,89.1699,0
12.5100,157166,0.000244,-0.054321,0.732971,-0.678101,89.1672,0
12.5200,157176,0.000244,-0.054321,0.732971,-0.678101,89.1694,0
12.5300,157186,0.000244,-0.054321,0.732971,-0.678101,89.1680,0
12.5400,157196,0.000244,-0.054321,0.733032,-0.678040,89.1612,0
12.5500,157206,0.000244,-0.054321,0.733032,-0.678040,89.1572,0
12.5600,157216,0.000244,-0.054321,0.732971,-0.678101,89.1658,0
12.5700,157226,0.000244,-0.054321,0.732849,-0.678223,89.1853,0
12.5800,157236,0.000244,-0.054321,0.732727,-0.678345,89.2032,0
12.5900,157246,0.000244,-0.054321,0.732727,-0.678345,89.2060,0
12.6000,157256,0.000244,-0.054321,0.732788,-0.678223,89.1891,0
12.6100,157266,0.000183,-0.054382,0.732910,-0.678162,89.1789,0
12.6200,157276,0.000122,-0.054443,0.732971,-0.678101,89.1799,0
12.6300,157286,0.000122,-0.054443,0.732971,-0.678101,89.1880,0
12.6400,157296,0.000122,-0.054443,0.732910,-0.678101,89.1987,0
12.6500,157306,0.000122,-0.054443,0.732849,-0.678223,89.2070,0
12.6600,157316,0.000122,-0.054443,0.732788,-0.678284,89.2090,0
12.6700,157326,0.000122,-0.054443,0.732849,-0.678223,89.2008,0
12.6800,157336,0.000122,-0.054443,0.732910,-0.678101,89.1859,0
12.6900,157346,0.000122,-0.054382,0.733032,-0.677979,89.1688,0
12.7000,157356,0.000000,-0.054382,0.733154,-0.677917,89.1507,0
12.7100,157366,-0.000061,-0.054321,0.733215,-0.677795,89.1401,0
12.7200,157376,-0.000061,-0.054321,0.733215,-0.677795,89.1448,0
12.7300,157386,-0.000061,-0.054260,0.733154,-0.677856,89.1576,0
12.7400,157396,-0.000122,-0.054199,0.733032,-0.677979,89.1764,0
12.7500,157406,-0.000122,-0.054199,0.732971,-0.678101,89.1906,0
12.7600,157416,-0.000183,-0.054138,0.732971,-0.678101,89.1922,0
12.7700,157426,-0.000305,-0.054016,0.733032,-0.678040,89.1825,0
12.7800,157436,-0.000427,-0.053955,0.733093,-0.677979,89.1685,0
12.7900,157446,-0.000488,-0.053833,0.733215,-0.677917,89.1581,0
12.8000,157456,-0.000488,-0.053711,0.733215,-0.677917,89.1590,0
12.8100,157466,-0.000427,-0.053650,0.733154,-0.677917,89.1670,0
12.8200,157476,-0.000427,-0.053650,0.733093,-0.677979,89.1775,0
12.8300,157486,-0.000427,-0.053650,0.733093,-0.677979,89.1786,0
12.8400,157496,-0.000427,-0.053650,0.733093,-0.677979,89.1737,0
12.8500,157506,-0.000427,-0.053650,0.733093,-0.677979,89.1708,0
12.8600,157516,-0.000366,-0.053650,0.733093,-0.677979,89.1716,0
12.8700,157526,-0.000305,-0.053711,0.733093,-0.677979,89.1778,0
12.8800,157536,-0.000244,-0.053772,0.733093,-0.677979,89.1741,0
12.8900,157546,-0.000183,-0.053833,0.733093,-0.677979,89.1683,0
12.9000,157556,-0.000183,-0.053833,0.733154,-0.677917,89.1692,0
12.9100,157566,-0.000183,-0.053833,0.733154,-0.677917,89.1820,0
12.9200,157576,-0.000122,-0.053894,0.733093,-0.678040,89.2019,0
12.9300,157586,-0.000122,-0.053894,0.732971,-0.678162,89.2136,0
12.9400,157596,-0.000122,-0.053894,0.732849,-0.678223,89.2135,0
12.9500,157606,-0.000122,-0.053894,0.732910,-0.678162,89.2045,0
12.9600,157616,-0.000122,-0.053894,0.732971,-0.678101,89.1947,0
12.9700,157626,-0.000061,-0.053894,0.732971,-0.678101,89.1926,0
12.9800,157636,0.000000,-0.053955,0.732910,-0.678162,89.1989,0
12.9900,157646,0.000061,-0.054077,0.732910,-0.678223,89.2078,0
13.0000,157656,0.000183,-0.054138,0.732788,-0.678284,89.2181,0
13.0100,157666,0.000244,-0.054199,0.732727,-0.678345,89.2266,0
13.0200,157676,0.000305,-0.054260,0.732727,-0.678406,89.2336,0
13.0300,157686,0.000366,-0.054382,0.732605,-0.678467,89.2449,0
13.0400,157696,0.000427,-0.054443,0.732544,-0.678528,89.2551,0
13.0500,157706,0.000427,-0.054443,0.732483,-0.678589,89.2606,0
13.0600,157716,0.000427,-0.054443,0.732483,-0.678589,89.2600,0
13.0700,157726,0.000427,-0.054443,0.732483,-0.678589,89.2605,0
13.0800,157736,0.000427,-0.054443,0.732422,-0.678650,89.2669,0
13.0900,157746,0.000427,-0.054443,0.732361,-0.678772,89.2754,0
13.1000,157756,0.000427,-0.054443,0.732300,-0.678833,89.2817,0
13.1100,157766,0.000427,-0.054443,0.732300,-0.678833,89.2764,0
13.1200,157776,0.000427,-0.054443,0.732361,-0.678772,89.2583,0
13.1300,157786,0.000366,-0.054443,0.732422,-0.678650,89.2399,0
13.1400,157796,0.000366,-0.054443,0.732422,-0.678650,89.2337,0
13.1500,157806,0.000366,-0.054443,0.732361,-0.678711,89.2415,0
13.1600,157816,0.000427,-0.054443,0.732239,-0.678833,89.2531,0
13.1700,157826,0.000427,-0.054443,0.732178,-0.678955,89.2510,0
13.1800,157836,0.000427,-0.054443,0.732178,-0.678955,89.2407,0
13.1900,157846,0.000427,-0.054443,0.732239,-0.678894,89.2303,0
13.2000,157856,0.000427,-0.054443,0.732239,-0.678833,89.2234,0
13.2100,157866,0.000427,-0.054443,0.732239,-0.678833,89.2204,0
13.2200,157876,0.000488,-0.054382,0.732300,-0.678833,89.2212,0
13.2300,157886,0.000549,-0.054321,0.732300,-0.678833,89.2217,0
13.2400,157896,0.000610,-0.054260,0.732239,-0.678894,89.2234,0
13.2500,157906,0.000610,-0.054260,0.732239,-0.678894,89.2220,0
13.2600,157916,0.000610,-0.054260,0.732239,-0.678894,89.2166,0
13.2700,157926,0.000610,-0.054260,0.732239,-0.678894,89.2084,0
13.2800,157936,0.000549,-0.054321,0.732239,-0.678894,89.2007,0
13.2900,157946,0.000427,-0.054321,0.732239,-0.678894,89.1959,0
13.3000,157956,0.000366,-0.054260,0.732300,-0.678833,89.1878,0
13.3100,157966,0.000244,-0.054138,0.732300,-0.678833,89.1830,0
13.3200,157976,0.000183,-0.054077,0.732300,-0.678833,89.1862,0
13.3300,157986,0.000122,-0.054016,0.732239,-0.678894,89.1952,0
13.3400,157996,0.000122,-0.053955,0.732178,-0.678955,89.2037,0
13.3500,158006,0.000122,-0.053955,0.732117,-0.679016,89.2106,0
13.3600,158016,0.000122,-0.053955,0.732117,-0.679016,89.2124,0
13.3700,158026,0.000183,-0.054016,0.732117,-0.679016,89.2165,0
13.3800,158036,0.000244,-0.054138,0.732056,-0.679077,89.2240,0
13.3900,158046,0.000366,-0.054199,0.732056,-0.679138,89.2293,0
13.4000,158056,0.000366,-0.054260,0.732056,-0.679138,89.2260,0
13.4100,158066,0.000427,-0.054321,0.732056,-0.679077,89.2157,0
13.4200,158076,0.000427,-0.054321,0.732178,-0.678955,89.2013,0
13.4300,158086,0.000427,-0.054321,0.732239,-0.678894,89.1893,0
13.4400,158096,0.000427,-0.054321,0.732239,-0.678894,89.1934,0
13.4500,158106,0.000427,-0.054321,0.732239,-0.678894,89.2026,0
13.4600,158116,0.000427,-0.054321,0.732178,-0.678955,89.2107,0
13.4700,158126,0.000366,-0.054321,0.732117,-0.679016,89.2125,0
13.4800,158136,0.000244,-0.054321,0.732117,-0.679016,89.2036,0
13.4900,158146,0.000061,-0.054321,0.732117,-0.678955,89.1891,0
13.5000,158156,-0.000183,-0.054260,0.732300,-0.678833,89.1772,0
13.5100,158166,-0.000244,-0.054199,0.732300,-0.678833,89.1741,0
13.5200,158176,-0.000244,-0.054199,0.732300,-0.678833,89.1771,0
13.5300,158186,-0.000244,-0.054199,0.732300,-0.678833,89.1795,0
13.5400,158196,-0.000183,-0.054138,0.732361,-0.678772,89.1733,0
13.5500,158206,-0.000122,-0.054077,0.732361,-0.678711,89.1663,0
13.5600,158216,-0.000061,-0.054016,0.732422,-0.678711,89.1680,0
13.5700,158226,0.000061,-0.053955,0.732361,-0.678772,89.1790,0
13.5800,158236,0.000183,-0.053894,0.732239,-0.678894,89.1900,0
13.5900,158246,0.000305,-0.053894,0.732239,-0.678955,89.1951,0
13.6000,158256,0.000366,-0.053894,0.732239,-0.678955,89.1892,0
13.6100,158266,0.000427,-0.053955,0.732300,-0.678833,89.1741,0
13.6200,158276,0.000488,-0.053955,0.732361,-0.678772,89.1615,0
13.6300,158286,0.000549,-0.054077,0.732361,-0.678772,89.1615,0
13.6400,158296,0.000610,-0.054138,0.732300,-0.678833,89.1704,0
13.6500,158306,0.000671,-0.054199,0.732239,-0.678894,89.1788,0
13.6600,158316,0.000732,-0.054260,0.732178,-0.678955,89.1856,0
13.6700,158326,0.000793,-0.054260,0.732117,-0.679016,89.1897,0
13.6800,158336,0.000793,-0.054260,0.732117,-0.679016,89.1918,0
13.6900,158346,0.000854,-0.054199,0.732117,-0.679016,89.1926,0
13.7000,158356,0.000916,-0.054138,0.732117,-0.679016,89.1885,0
13.7100,158366,0.001038,-0.054016,0.732117,-0.679016,89.1905,0
13.7200,158376,0.001099,-0.053955,0.732117,-0.679077,89.1954,0
13.7300,158386,0.001160,-0.053894,0.732056,-0.679138,89.2000,0
13.7400,158396,0.001160,-0.053894,0.731934,-0.679199,89.2044,0
13.7500,158406,0.001160,-0.053894,0.731873,-0.679260,89.2027,0
13.7600,158416,0.001160,-0.053955,0.731873,-0.679260,89.1945,0
13.7700,158426,0.001038,-0.054016,0.731873,-0.679260,89.1892,0
13.7800,158436,0.000916,-0.054077,0.731873,-0.679260,89.1854,0
13.7900,158446,0.000854,-0.054016,0.731873,-0.679260,89.1860,0
13.8000,158456,0.000793,-0.054016,0.731873,-0.679321,89.1871,0
13.8100,158466,0.000793,-0.053955,0.731812,-0.679321,89.1911,0
13.8200,158476,0.000732,-0.053894,0.731812,-0.679382,89.1961,0
13.8300,158486,0.000732,-0.053894,0.731750,-0.679443,89.2009,0
13.8400,158496,0.000732,-0.053894,0.731689,-0.679504,89.2077,0
13.8500,158506,0.000732,-0.053894,0.731628,-0.679626,89.2149,0
13.8600,158516,0.000732,-0.053894,0.731567,-0.679687,89.2193,0
13.8700,158526,0.000732,-0.053894,0.731567,-0.679687,89.2152,0
13.8800,158536,0.000671,-0.053833,0.731567,-0.679626,89.2047,0
13.8900,158546,0.000610,-0.053772,0.731567,-0.679626,89.1960,0
13.9000,158556,0.000549,-0.053833,0.731567,-0.679626,89.1936,0
13.9100,158566,0.000488,-0.053833,0.731567,-0.679626,89.1955,0
13.9200,158576,0.000366,-0.053833,0.731567,-0.679626,89.1926,0
13.9300,158586,0.000244,-0.053833,0.731628,-0.679626,89.1827,0
13.9400,158596,0.000183,-0.053833,0.731689,-0.679504,89.1668,0
13.9500,158606,0.000122,-0.053772,0.731750,-0.679443,89.1516,0
13.9600,158616,0.000061,-0.053772,0.731812,-0.679382,89.1414,0
13.9700,158626,0.000061,-0.053772,0.731812,-0.679382,89.1388,0
13.9800,158636,0.000061,-0.053711,0.731812,-0.679382,89.1411,0
13.9900,158646,0.000183,-0.053711,0.731812,-0.679382,89.1414,0
14.0000,158656,0.000244,-0.053772,0.731812,-0.679382,89.1347,0
14.0100,158666,0.000244,-0.053772,0.731873,-0.679321,89.1247,0
14.0200,158676,0.000305,-0.053833,0.731934,-0.679260,89.1194,0
14.0300,158686,0.000305,-0.053894,0.731934,-0.679260,89.1202,0
14.0400,158696,0.000305,-0.053894,0.731934,-0.679260,89.1252,0
14.0500,158706,0.000305,-0.053894,0.731934,-0.679260,89.1294,0
14.0600,158716,0.000366,-0.053833,0.731934,-0.679260,89.1280,0
14.0700,158726,0.000427,-0.053772,0.731934,-0.679199,89.1213,0
14.0800,158736,0.000427,-0.053711,0.731995,-0.679138,89.1132,0
14.0900,158746,0.000488,-0.053711,0.731995,-0.679138,89.1102,0
14.1000,158756,0.000610,-0.053711,0.731995,-0.679138,89.1163,0
14.1100,158766,0.000732,-0.053711,0.731995,-0.679199,89.1250,0
14.1200,158776,0.000793,-0.053772,0.731995,-0.679199,89.1243,0
14.1300,158786,0.000793,-0.053833,0.731995,-0.679199,89.1158,0
14.1400,158796,0.000732,-0.053894,0.732056,-0.679138,89.1056,0
14.1500,158806,0.000671,-0.053955,0.732117,-0.679077,89.0959,0
14.1600,158816,0.000610,-0.054016,0.732117,-0.679016,89.0896,0
14.1700,158826,0.000549,-0.054077,0.732117,-0.679016,89.0872,0
14.1800,158836,0.000427,-0.054199,0.732178,-0.678955,89.0826,0
14.1900,158846,0.000366,-0.054260,0.732239,-0.678894,89.0724,0
14.2000,158856,0.000244,-0.054382,0.732361,-0.678772,89.0603,0
14.2100,158866,0.000183,-0.054443,0.732422,-0.678711,89.0578,0
14.2200,158876,0.000183,-0.054443,0.732361,-0.678711,89.0714,0
14.2300,158886,0.000183,-0.054443,0.732239,-0.678894,89.0980,0
14.2400,158896,0.000183,-0.054443,0.732117,-0.679016,89.1221,0
14.2500,158906,0.000122,-0.054443,0.732056,-0.679077,89.1372,0
14.2600,158916,0.000061,-0.054382,0.732056,-0.679077,89.1379,0
14.2700,158926,-0.000061,-0.054260,0.732117,-0.679016,89.1214,0
14.2800,158936,-0.000183,-0.054138,0.732239,-0.678894,89.1039,0
14.2900,158946,-0.000244,-0.054077,0.732361,-0.678772,89.0927,0
14.3000,158956,-0.000305,-0.054016,0.732422,-0.678711,89.0921,0
14.3100,158966,-0.000366,-0.054016,0.732422,-0.678711,89.1028,0
14.3200,158976,-0.000427,-0.054016,0.732422,-0.678711,89.1183,0
14.3300,158986,-0.000427,-0.054077,0.732361,-0.678772,89.1307,0
14.3400,158996,-0.000427,-0.054077,0.732300,-0.678833,89.1388,0
14.3500,159006,-0.000427,-0.054077,0.732300,-0.678833,89.1413,0
14.3600,159016,-0.000427,-0.054077,0.732300,-0.678833,89.1376,0
14.3700,159026,-0.000427,-0.054077,0.732361,-0.678772,89.1312,0
14.3800,159036,-0.000366,-0.054016,0.732361,-0.678772,89.1293,0
14.3900,159046,-0.000366,-0.053955,0.732361,-0.678772,89.1364,0
14.4000,159056,-0.000305,-0.053955,0.732300,-0.678833,89.1484,0
14.4100,159066,-0.000244,-0.053833,0.732300,-0.678894,89.1581,0
14.4200,159076,-0.000183,-0.053772,0.732300,-0.678894,89.1596,0
14.4300,159086,-0.000122,-0.053711,0.732300,-0.678894,89.1556,0
14.4400,159096,-0.000061,-0.053650,0.732361,-0.678833,89.1470,0
14.4500,159106,0.000000,-0.053589,0.732361,-0.678833,89.1411,0
14.4600,159116,0.000000,-0.053589,0.732361,-0.678833,89.1415,0
14.4700,159126,0.000000,-0.053589,0.732361,-0.678833,89.1448,0
14.4800,159136,0.000000,-0.053589,0.732361,-0.678833,89.1462,0
14.4900,159146,0.000000,-0.053589,0.732361,-0.678833,89.1446,0
14.5000,159156,-0.000061,-0.053589,0.732361,-0.678833,89.1382,0
14.5100,159166,-0.000122,-0.053528,0.732361,-0.678833,89.1322,0
14.5200,159176,-0.000122,-0.053406,0.732361,-0.678833,89.1289,0
14.5300,159186,-0.000122,-0.053284,0.732361,-0.678833,89.1317,0
14.5400,159196,-0.000122,-0.053162,0.732300,-0.678894,89.1426,0
14.5500,159206,-0.000061,-0.053101,0.732178,-0.679016,89.1548,0
14.5600,159216,-0.000061,-0.053101,0.732117,-0.679138,89.1557,0
14.5700,159226,-0.000061,-0.053101,0.732117,-0.679138,89.1458,0
14.5800,159236,-0.000061,-0.053101,0.732178,-0.679077,89.1383,0
14.5900,159246,-0.000061,-0.053101,0.732178,-0.679016,89.1376,0
14.6000,159256,-0.000061,-0.053101,0.732178,-0.679016,89.1471,0
14.6100,159266,-0.000061,-0.053101,0.732056,-0.679199,89.1632,0
14.6200,159276,-0.000061,-0.053101,0.731934,-0.679260,89.1738,0
14.6300,159286,-0.000061,-0.053101,0.731934,-0.679260,89.1743,0
14.6400,159296,-0.000122,-0.053040,0.731934,-0.679260,89.1706,0
14.6500,159306,-0.000122,-0.053040,0.731934,-0.679260,89.1684,0
14.6600,159316,-0.000122,-0.053040,0.731934,-0.679260,89.1656,0
14.6700,159326,-0.000122,-0.053040,0.731934,-0.679260,89.1636,0
14.6800,159336,-0.000122,-0.053040,0.731934,-0.679260,89.1634,0
14.6900,159346,-0.000122,-0.053040,0.731934,-0.679260,89.1639,0
14.7000,159356,-0.000122,-0.053040,0.731934,-0.679260,89.1655,0
14.7100,159366,-0.000061,-0.053101,0.731934,-0.679260,89.1682,0
14.7200,159376,0.000000,-0.053162,0.731934,-0.679260,89.1667,0
14.7300,159386,0.000122,-0.053223,0.731934,-0.679260,89.1634,0
14.7400,159396,0.000183,-0.053345,0.731934,-0.679260,89.1591,0
14.7500,159406,0.000244,-0.053406,0.731934,-0.679260,89.1592,0
14.7600,159416,0.000305,-0.053528,0.731934,-0.679321,89.1646,0
14.7700,159426,0.000305,-0.053528,0.731873,-0.679382,89.1721,0
14.7800,159436,0.000305,-0.053528,0.731812,-0.679382,89.1763,0
14.7900,159446,0.000244,-0.053467,0.731812,-0.679382,89.1725,0
14.8000,159456,0.000183,-0.053406,0.731873,-0.679321,89.1612,0
14.8100,159466,0.000122,-0.053345,0.731934,-0.679321,89.1529,0
14.8200,159476,0.000122,-0.053345,0.731873,-0.679382,89.1658,0
14.8300,159486,0.000183,-0.053345,0.731750,-0.679504,89.1857,0
14.8400,159496,0.000244,-0.053345,0.731567,-0.679687,89.1999,0
14.8500,159506,0.000244,-0.053467,0.731445,-0.679810,89.1991,0
14.8600,159516,0.000244,-0.053589,0.731384,-0.679810,89.1895,0
14.8700,159526,0.000244,-0.053711,0.731445,-0.679810,89.1785,0
14.8800,159536,0.000244,-0.053711,0.731445,-0.679749,89.1758,0
14.8900,159546,0.000366,-0.053833,0.731384,-0.679871,89.1810,0
14.9000,159556,0.000427,-0.053894,0.731323,-0.679932,89.1859,0
14.9100,159566,0.000549,-0.054016,0.731323,-0.679932,89.1870,0
14.9200,159576,0.000610,-0.054077,0.731323,-0.679932,89.1845,0
14.9300,159586,0.000732,-0.054138,0.731323,-0.679932,89.1792,0
14.9400,159596,0.000793,-0.054199,0.731323,-0.679932,89.1759,0
14.9500,159606,0.000793,-0.054199,0.731323,-0.679932,89.1769,0
14.9600,159616,0.000732,-0.054199,0.731323,-0.679932,89.1785,0
14.9700,159626,0.000732,-0.054260,0.731262,-0.679932,89.1805,0
14.9800,159636,0.000671,-0.054321,0.731262,-0.679932,89.1795,0
14.9900,159646,0.000671,-0.054321,0.731323,-0.679871,89.1703,0
15.0000,159656,0.000671,-0.054321,0.731384,-0.679749,89.1538,0
15.0100,159666,0.000671,-0.054321,0.731506,-0.679687,89.1363,0
15.0200,159676,0.000610,-0.054321,0.731567,-0.679626,89.1262,0
15.0300,159686,0.000549,-0.054382,0.731506,-0.679626,89.1293,0
15.0400,159696,0.000488,-0.054443,0.731506,-0.679687,89.1381,0
15.0500,159706,0.000488,-0.054443,0.731445,-0.679687,89.1448,0
15.0600,159716,0.000488,-0.054443,0.731445,-0.679687,89.1445,0
15.0700,159726,0.000427,-0.054382,0.731506,-0.679687,89.1389,0
15.0800,159736,0.000427,-0.054382,0.731506,-0.679687,89.1360,0
15.0900,159746,0.000366,-0.054321,0.731506,-0.679687,89.1416,0
15.1000,159756,0.000305,-0.054321,0.731445,-0.679749,89.1522,0
15.1100,159766,0.000305,-0.054321,0.731384,-0.679810,89.1528,0
15.1200,159776,0.000305,-0.054321,0.731384,-0.679810,89.1420,0
15.1300,159786,0.000305,-0.054321,0.731445,-0.679749,89.1277,0
15.1400,159796,0.000244,-0.054260,0.731506,-0.679626,89.1218,0
15.1500,159806,0.000183,-0.054199,0.731567,-0.679626,89.1322,0
15.1600,159816,0.000183,-0.054199,0.731506,-0.679687,89.1563,0
15.1700,159826,0.000244,-0.054199,0.731201,-0.679993,89.1840,0
15.1800,159836,0.000244,-0.054260,0.731079,-0.680115,89.1966,0
15.1900,159846,0.000244,-0.054260,0.731079,-0.680115,89.1926,0
15.2000,159856,0.000244,-0.054199,0.731140,-0.680054,89.1829,0
15.2100,159866,0.000305,-0.054077,0.731140,-0.680115,89.1795,0
15.2200,159876,0.000488,-0.054077,0.731079,-0.680115,89.1780,0
15.2300,159886,0.000671,-0.054016,0.731079,-0.680115,89.1771,0
15.2400,159896,0.000854,-0.054077,0.731079,-0.680115,89.1751,0
15.2500,159906,0.000977,-0.054077,0.731079,-0.680115,89.1696,0
15.2600,159916,0.000977,-0.054138,0.731079,-0.680115,89.1662,0
15.2700,159926,0.000977,-0.054138,0.731079,-0.680115,89.1606,0
15.2800,159936,0.000977,-0.054138,0.731140,-0.680054,89.1463,0
15.2900,159946,0.000977,-0.054138,0.731262,-0.679932,89.1263,0
15.3000,159956,0.000977,-0.054138,0.731384,-0.679871,89.1102,0
15.3100,159966,0.000977,-0.054138,0.731323,-0.679871,89.1062,0
15.3200,159976,0.000977,-0.054138,0.731323,-0.679932,89.1136,0
15.3300,159986,0.000977,-0.054138,0.731201,-0.679993,89.1225,0
15.3400,159996,0.000916,-0.054138,0.731201,-0.679993,89.1256,0
15.3500,160006,0.000916,-0.054138,0.731201,-0.679993,89.1208,0
15.3600,160016,0.000916,-0.054138,0.731201,-0.680054,89.1193,0
15.3700,160026,0.000977,-0.054138,0.731079,-0.680115,89.1291,0
15.3800,160036,0.000977,-0.054138,0.730957,-0.680237,89.1443,0
15.3900,160046,0.000977,-0.054138,0.730896,-0.680359,89.1469,0
15.4000,160056,0.000977,-0.054138,0.730835,-0.680359,89.1357,0
15.4100,160066,0.000977,-0.054138,0.730896,-0.680359,89.1215,0
15.4200,160076,0.000977,-0.054199,0.730957,-0.680237,89.1128,0
15.4300,160086,0.001038,-0.054199,0.731018,-0.680237,89.1217,0
15.4400,160096,0.001099,-0.054260,0.730957,-0.680298,89.1409,0
15.4500,160106,0.001221,-0.054382,0.730713,-0.680481,89.1531,0
15.4600,160116,0.001282,-0.054443,0.730713,-0.680481,89.1506,0
15.4700,160126,0.001221,-0.054504,0.730835,-0.680420,89.1350,0
15.4800,160136,0.001221,-0.054504,0.730896,-0.680298,89.1161,0
15.4900,160146,0.001221,-0.054504,0.730896,-0.680298,89.1142,0
15.5000,160156,0.001221,-0.054504,0.730835,-0.680359,89.1260,0
15.5100,160166,0.001221,-0.054504,0.730774,-0.680481,89.1378,0
15.5200,160176,0.001221,-0.054504,0.730774,-0.680481,89.1396,0
15.5300,160186,0.001221,-0.054504,0.730774,-0.680420,89.1317,0
15.5400,160196,0.001221,-0.054504,0.730835,-0.680359,89.1231,0
15.5500,160206,0.001221,-0.054504,0.730835,-0.680359,89.1255,0
15.5600,160216,0.001221,-0.054504,0.730774,-0.680420,89.1356,0
15.5700,160226,0.001221,-0.054504,0.730774,-0.680420,89.1398,0
15.5800,160236,0.001221,-0.054443,0.730835,-0.680359,89.1308,0
15.5900,160246,0.001282,-0.054382,0.730957,-0.680237,89.1103,0
15.6000,160256,0.001343,-0.054321,0.731079,-0.680115,89.0853,0
15.6100,160266,0.001404,-0.054260,0.731201,-0.680054,89.0729,0
15.6200,160276,0.001465,-0.054199,0.731201,-0.680054,89.0742,0
15.6300,160286,0.001526,-0.054138,0.731140,-0.680115,89.0831,0
15.6400,160296,0.001526,-0.054138,0.731079,-0.680176,89.0910,0
15.6500,160306,0.001526,-0.054138,0.731079,-0.680176,89.0925,0
15.6600,160316,0.001465,-0.054138,0.731079,-0.680115,89.0803,1
15.6700,160326,0.001343,-0.054016,0.731140,-0.680054,89.0687,0
15.6800,160336,0.001282,-0.053894,0.731201,-0.679993,89.0726,0
15.6900,160346,0.000916,-0.053711,0.731201,-0.680054,89.0721,0
15.7000,160356,0.000671,-0.053589,0.731201,-0.680054,89.0603,0
15.7100,160366,0.000610,-0.053528,0.731262,-0.679993,89.0450,0
15.7200,160376,0.000610,-0.053528,0.731445,-0.679810,89.0334,0
15.7300,160386,0.000610,-0.053528,0.731445,-0.679810,89.0301,0
15.7400,160396,0.000671,-0.053589,0.731445,-0.679810,89.0335,0
15.7500,160406,0.000732,-0.053650,0.731445,-0.679749,89.0379,0
15.7600,160416,0.000732,-0.053650,0.731445,-0.679810,89.0350,0
15.7700,160426,0.000671,-0.053650,0.731506,-0.679749,89.0239,0
15.7800,160436,0.000671,-0.053650,0.731567,-0.679687,89.0152,0
15.7900,160446,0.000732,-0.053589,0.731567,-0.679626,89.0086,0
15.8000,160456,0.000793,-0.053528,0.731628,-0.679626,89.0054,0
15.8100,160466,0.000854,-0.053467,0.731628,-0.679626,89.0041,0
15.8200,160476,0.000916,-0.053406,0.731628,-0.679626,89.0017,0
15.8300,160486,0.000916,-0.053406,0.731628,-0.679626,88.9964,0
15.8400,160496,0.000916,-0.053406,0.731628,-0.679565,88.9908,0
15.8500,160506,0.000854,-0.053467,0.731628,-0.679626,88.9926,0
15.8600,160516,0.000732,-0.053589,0.731506,-0.679749,89.0062,0
15.8700,160526,0.000610,-0.053833,0.731384,-0.679871,89.0317,0
15.8800,160536,0.000488,-0.053955,0.731262,-0.679932,89.0500,0
15.8900,160546,0.000366,-0.054077,0.731262,-0.679932,89.0581,0
15.9000,160556,0.000366,-0.054077,0.731323,-0.679871,89.0539,0
15.9100,160566,0.000305,-0.054077,0.731445,-0.679749,89.0402,0
15.9200,160576,0.000366,-0.054016,0.731506,-0.679749,89.0367,0
15.9300,160586,0.000427,-0.053955,0.731445,-0.679749,89.0560,0
15.9400,160596,0.000549,-0.053894,0.731323,-0.679871,89.0707,0
15.9500,160606,0.000610,-0.053955,0.731262,-0.679932,89.0806,0
15.9600,160616,0.000671,-0.054016,0.731262,-0.679993,89.0858,0
15.9700,160626,0.000793,-0.054138,0.731262,-0.679993,89.0847,0
15.9800,160636,0.000793,-0.054260,0.731201,-0.679993,89.0808,0
15.9900,160646,0.000854,-0.054382,0.731262,-0.679932,89.0807,0
16.0000,160656,0.000977,-0.054687,0.731262,-0.679932,89.0847,0
16.0100,160666,0.000977,-0.054810,0.731201,-0.679932,89.0963,0
16.0200,160676,0.000977,-0.054871,0.731140,-0.679993,89.1092,0
16.0300,160686,0.000916,-0.054932,0.731140,-0.679993,89.1185,0
16.0400,160696,0.000916,-0.054993,0.731140,-0.679993,89.1219,0
16.0500,160706,0.000793,-0.054932,0.731201,-0.679932,89.1151,0
16.0600,160716,0.000732,-0.054810,0.731323,-0.679871,89.1033,0
16.0700,160726,0.000610,-0.054749,0.731384,-0.679749,89.0903,0
16.0800,160736,0.000549,-0.054687,0.731506,-0.679626,89.0809,0
16.0900,160746,0.000610,-0.054626,0.731506,-0.679626,89.0815,0
16.1000,160756,0.000610,-0.054626,0.731445,-0.679687,89.0963,0
16.1100,160766,0.000610,-0.054687,0.731323,-0.679871,89.1222,0
16.1200,160776,0.000732,-0.054749,0.731140,-0.679993,89.1522,0
16.1300,160786,0.000793,-0.054810,0.731079,-0.680115,89.1670,0
16.1400,160796,0.000732,-0.054810,0.731079,-0.680115,89.1662,0
16.1500,160806,0.000671,-0.054932,0.731140,-0.680054,89.1560,0
16.1600,160816,0.000549,-0.054993,0.731140,-0.680054,89.1560,0
16.1700,160826,0.000427,-0.055115,0.731079,-0.680115,89.1702,0
16.1800,160836,0.000366,-0.055237,0.730896,-0.680237,89.1967,0
16.1900,160846,0.000305,-0.055237,0.730774,-0.680420,89.2232,0
16.2000,160856,0.000183,-0.055237,0.730652,-0.680481,89.2376,0
16.2100,160866,0.000061,-0.055115,0.730652,-0.680542,89.2501,0
16.2200,160876,0.000000,-0.055054,0.730530,-0.680603,89.2756,0
16.2300,160886,-0.000122,-0.054932,0.730408,-0.680786,89.3170,0
16.2400,160896,-0.000183,-0.054871,0.730164,-0.681091,89.3720,0
16.2500,160906,-0.000305,-0.054932,0.729736,-0.681519,89.4225,0
16.2600,160916,-0.000244,-0.054932,0.729431,-0.681824,89.4532,0
16.2700,160926,-0.000244,-0.054932,0.729126,-0.682190,89.4628,0
16.2800,160936,-0.000183,-0.054932,0.729065,-0.682251,89.4624,0
16.2900,160946,-0.000061,-0.054932,0.729004,-0.682312,89.4672,0
16.3000,160956,0.000183,-0.054871,0.728760,-0.682556,89.4920,0
16.3100,160966,0.000183,-0.054993,0.728333,-0.682983,89.5351,0
16.3200,160976,0.000427,-0.054932,0.727966,-0.683411,89.5862,0
16.3300,160986,0.000610,-0.054871,0.727600,-0.683838,89.6323,0
16.3400,160996,0.000793,-0.054871,0.727295,-0.684143,89.6617,0
16.3500,161006,0.000977,-0.054871,0.727112,-0.684326,89.6683,0
16.3600,161016,0.001099,-0.054749,0.727112,-0.684326,89.6407,0
16.3700,161026,0.001282,-0.054504,0.727356,-0.684082,89.5781,0
16.3800,161036,0.001587,-0.054138,0.727722,-0.683716,89.4929,0
16.3900,161046,0.002136,-0.053650,0.728149,-0.683289,89.4054,0
16.4000,161056,0.002869,-0.052917,0.728516,-0.682983,89.3290,0
16.4100,161066,0.003906,-0.052063,0.728760,-0.682800,89.2751,0
16.4200,161076,0.004761,-0.051392,0.728699,-0.682922,89.2366,0
16.4300,161086,0.006104,-0.050415,0.728821,-0.682800,89.1747,0
16.4400,161096,0.007568,-0.049377,0.729065,-0.682617,89.0863,0
16.4500,161106,0.009094,-0.048340,0.729492,-0.682190,88.9660,0
16.4600,161116,0.010681,-0.047302,0.730042,-0.681702,88.8222,0
16.4700,161126,0.012268,-0.046204,0.730530,-0.681213,88.6755,0
16.4800,161136,0.013916,-0.045105,0.730957,-0.680786,88.5515,0
16.4900,161146,0.015686,-0.043884,0.731323,-0.680420,88.4188,0
16.5000,161156,0.017517,-0.042664,0.731689,-0.680054,88.2631,0
16.5100,161166,0.019470,-0.041382,0.732178,-0.679626,88.0854,0
16.5200,161176,0.021484,-0.040100,0.732727,-0.679016,87.8873,0
16.5300,161186,0.023621,-0.038757,0.733398,-0.678284,87.6793,0
16.5400,161196,0.025818,-0.037415,0.734070,-0.677551,87.4727,0
16.5500,161206,0.030396,-0.034790,0.735168,-0.676270,87.2787,0
16.5600,161216,0.032776,-0.033569,0.735657,-0.675781,87.0956,0
16.5700,161226,0.035095,-0.032349,0.736023,-0.675293,86.9125,0
16.5800,161236,0.037476,-0.031128,0.736450,-0.674744,86.7212,0
16.5900,161246,0.039795,-0.029907,0.736877,-0.674194,86.5139,0
16.6000,161256,0.042114,-0.028809,0.737427,-0.673523,86.2906,0
16.6100,161266,0.044617,-0.027588,0.737549,-0.673279,86.0605,0
16.6200,161276,0.047241,-0.026306,0.737549,-0.673096,85.8388,0
16.6300,161286,0.050232,-0.024963,0.737366,-0.673157,85.6260,0
16.6400,161296,0.053040,-0.023865,0.737610,-0.672729,85.4255,0
16.6500,161306,0.056152,-0.022705,0.737732,-0.672363,85.2276,0
16.6600,161316,0.059326,-0.021606,0.737915,-0.671875,85.0162,0
16.6700,161326,0.062744,-0.020508,0.738220,-0.671326,84.7805,0
16.6800,161336,0.066284,-0.019470,0.738586,-0.670593,84.5147,0
16.6900,161346,0.069946,-0.018433,0.739136,-0.669678,84.2137,0
16.7000,161356,0.073730,-0.017395,0.739746,-0.668579,83.8857,0
16.7100,161366,0.077698,-0.016235,0.740601,-0.667297,83.5002,0
16.7200,161376,0.081787,-0.015076,0.741577,-0.665649,83.0709,0
16.7300,161386,0.086060,-0.013855,0.742737,-0.663879,82.6101,0
16.7400,161396,0.090393,-0.012756,0.743896,-0.662048,82.1506,0
16.7500,161406,0.094910,-0.011780,0.744812,-0.660400,81.7228,0
16.7600,161416,0.099609,-0.010925,0.745422,-0.659058,81.3669,0
16.7700,161426,0.104553,-0.010193,0.745789,-0.657898,81.0156,0
16.7800,161436,0.109741,-0.009583,0.746033,-0.656738,80.6521,0
16.7900,161446,0.115295,-0.009033,0.746216,-0.655579,80.2686,0
16.8000,161456,0.121033,-0.008362,0.746460,-0.654236,79.8702,0
16.8100,161466,0.127014,-0.007629,0.746704,-0.652832,79.4664,0
16.8200,161476,0.133057,-0.006714,0.746887,-0.651428,79.0559,0
16.8300,161486,0.145203,-0.004883,0.747253,-0.648499,78.6216,0
16.8400,161496,0.151367,-0.004150,0.747498,-0.646790,78.1569,0
16.8500,161506,0.157593,-0.003540,0.747803,-0.644958,77.6708,0
16.8600,161516,0.163879,-0.003113,0.748108,-0.643066,77.1711,0
16.8700,161526,0.170288,-0.002869,0.748291,-0.641113,76.6684,0
16.8800,161536,0.176819,-0.002747,0.748352,-0.639282,76.1755,0
16.8900,161546,0.183472,-0.002686,0.748230,-0.637573,75.7011,0
16.9000,161556,0.190186,-0.002808,0.747925,-0.635925,75.2325,0
16.9100,161566,0.196899,-0.003052,0.747681,-0.634216,74.7512,0
