# Sesion:11 Fecha:2026-04-21 19:08:33 Shots:0 Duracion:23,11s
tSeg,ms,qw,qx,qy,qz,filteredElev,filteredYaw,shot
0.0000,8183506,-0.704651,0.630432,-0.266602,0.186829,69.4841,16.1886,0
0.0100,8183516,-0.703979,0.631470,-0.264587,0.188843,69.8530,16.5318,0
0.0200,8183526,-0.703308,0.632385,-0.262634,0.190918,70.2227,16.8783,0
0.0300,8183536,-0.702637,0.633301,-0.260742,0.192871,70.5914,17.2333,0
0.0400,8183546,-0.702026,0.634216,-0.258850,0.194824,70.9610,17.5944,0
0.0500,8183556,-0.701355,0.635132,-0.256958,0.196655,71.3277,17.9597,0
0.0600,8183566,-0.700745,0.635986,-0.255127,0.198547,71.6924,18.3265,0
0.0700,8183576,-0.700073,0.636841,-0.253296,0.200378,72.0538,18.6954,0
0.0800,8183586,-0.699463,0.637695,-0.251465,0.202209,72.4116,19.0582,0
0.0900,8183596,-0.698730,0.638550,-0.249756,0.204102,72.7659,19.4176,0
0.1000,8183606,-0.698059,0.639404,-0.247986,0.206055,73.1195,19.7722,0
0.1100,8183616,-0.697266,0.640198,-0.246277,0.208008,73.4704,20.1259,0
0.1200,8183626,-0.696533,0.641052,-0.244568,0.209900,73.8176,20.4799,0
0.1300,8183636,-0.695801,0.641846,-0.242859,0.211853,74.1643,20.8348,0
0.1400,8183646,-0.695007,0.642700,-0.241211,0.213745,74.5231,21.2099,0
0.1500,8183656,-0.694275,0.643494,-0.239624,0.215637,74.8771,21.5871,0
0.1600,8183666,-0.693542,0.644226,-0.238098,0.217407,75.2302,21.9729,0
0.1700,8183676,-0.692871,0.644897,-0.236633,0.219116,75.5787,22.3687,0
0.1800,8183686,-0.692200,0.645630,-0.235229,0.220764,75.9260,22.7655,0
0.1900,8183696,-0.691528,0.646301,-0.233826,0.222351,76.3065,23.2014,0
0.2000,8183706,-0.688843,0.649231,-0.227905,0.228271,76.7187,23.6678,0
0.2100,8183716,-0.686157,0.651978,-0.222107,0.234009,77.1602,24.1586,0
0.2200,8183726,-0.683533,0.654663,-0.216431,0.239624,77.6290,24.6735,0
0.2300,8183736,-0.680847,0.657227,-0.210815,0.245178,78.1230,25.2137,0
0.2400,8183746,-0.678223,0.659668,-0.205261,0.250488,78.6436,25.7761,0
0.2500,8183756,-0.675598,0.662048,-0.199707,0.255798,79.1862,26.3650,0
0.2600,8183766,-0.670288,0.666565,-0.189026,0.265930,79.7436,26.9747,0
0.2700,8183776,-0.667664,0.668640,-0.183838,0.270752,80.3230,27.6048,0
0.2800,8183786,-0.665100,0.670715,-0.178772,0.275513,80.9183,28.2513,0
0.2900,8183796,-0.662537,0.672607,-0.173828,0.280029,81.5245,28.9120,0
0.3000,8183806,-0.660034,0.674377,-0.169006,0.284546,82.1416,29.5845,0
0.3100,8183816,-0.657593,0.676147,-0.164185,0.288940,82.7716,30.2676,0
0.3200,8183826,-0.655151,0.677795,-0.159668,0.293091,83.4071,30.9611,0
0.3300,8183836,-0.652771,0.679382,-0.155212,0.297119,84.0494,31.6598,0
0.3400,8183846,-0.650330,0.680908,-0.150696,0.301147,84.6977,32.3611,0
0.3500,8183856,-0.647888,0.682434,-0.146362,0.305054,85.3505,33.0724,0
0.3600,8183866,-0.645508,0.683960,-0.142090,0.308838,86.0100,33.7957,0
0.3700,8183876,-0.644958,0.684204,-0.141113,0.309814,86.6439,34.5035,0
0.3800,8183886,-0.644470,0.684509,-0.140198,0.310608,87.2578,35.1971,0
0.3900,8183896,-0.644043,0.684753,-0.139282,0.311401,87.8485,35.8716,0
0.4000,8183906,-0.641846,0.686035,-0.135376,0.314758,88.4453,36.5497,0
0.4100,8183916,-0.639771,0.687256,-0.131592,0.317932,89.0752,37.2640,0
0.4200,8183926,-0.637695,0.688416,-0.127930,0.321045,89.7030,37.9756,0
0.4300,8183936,-0.635681,0.689514,-0.124268,0.324036,90.3325,38.6850,0
0.4400,8183946,-0.633728,0.690552,-0.120667,0.327087,90.9586,39.3912,0
0.4500,8183956,-0.631836,0.691528,-0.117126,0.329956,91.5815,40.0979,0
0.4600,8183966,-0.629944,0.692444,-0.113770,0.332764,92.1971,40.8110,0
0.4700,8183976,-0.628113,0.693359,-0.110596,0.335449,92.8075,41.5152,0
0.4800,8183986,-0.626282,0.694214,-0.107483,0.338074,93.4094,42.2133,0
0.4900,8183996,-0.624451,0.695068,-0.104553,0.340576,94.0050,42.9007,0
0.5000,8184006,-0.622742,0.695923,-0.101746,0.342896,94.5969,43.5806,0
0.5100,8184016,-0.621094,0.696594,-0.098999,0.345215,95.1793,44.2531,0
0.5200,8184026,-0.617981,0.697937,-0.093872,0.349548,95.7544,44.9137,0
0.5300,8184036,-0.616516,0.698547,-0.091370,0.351624,96.3219,45.5620,0
0.5400,8184046,-0.614990,0.699158,-0.088928,0.353638,96.8829,46.2001,0
0.5500,8184056,-0.613525,0.699768,-0.086548,0.355591,97.4346,46.8318,0
0.5600,8184066,-0.612122,0.700317,-0.084229,0.357422,97.9787,47.4517,0
0.5700,8184076,-0.610718,0.700867,-0.081970,0.359253,98.5143,48.0581,0
0.5800,8184086,-0.609375,0.701416,-0.079834,0.361023,99.0412,48.6506,0
0.5900,8184096,-0.608093,0.701904,-0.077759,0.362671,99.5569,49.2287,0
0.6000,8184106,-0.606812,0.702332,-0.075684,0.364380,100.0655,49.7863,0
0.6100,8184116,-0.605530,0.702759,-0.073547,0.366150,100.5632,50.3254,0
0.6200,8184126,-0.604126,0.703308,-0.071411,0.367859,101.0541,50.8465,0
0.6300,8184136,-0.602783,0.703735,-0.069275,0.369629,101.5386,51.3568,0
0.6400,8184146,-0.601379,0.704224,-0.067139,0.371338,102.0188,51.8604,0
0.6500,8184156,-0.600037,0.704651,-0.065002,0.373108,102.4901,52.3579,0
0.6600,8184166,-0.598694,0.705078,-0.062866,0.374756,102.9577,52.8547,0
0.6700,8184176,-0.597412,0.705505,-0.060730,0.376343,103.4338,53.3685,0
0.6800,8184186,-0.596130,0.705933,-0.058716,0.377869,103.9040,53.8860,0
0.6900,8184196,-0.594971,0.706360,-0.056824,0.379333,104.3658,54.4055,0
0.7000,8184206,-0.593872,0.706665,-0.055176,0.380615,104.8182,54.9283,0
0.7100,8184216,-0.592896,0.707031,-0.053589,0.381836,105.2605,55.4456,0
0.7200,8184226,-0.591919,0.707275,-0.052063,0.382935,105.6912,55.9656,0
0.7300,8184236,-0.591003,0.707642,-0.050598,0.383972,106.1104,56.4773,0
0.7400,8184246,-0.590210,0.707886,-0.049438,0.384949,106.5180,56.9793,0
0.7500,8184256,-0.589478,0.708191,-0.048401,0.385620,106.9157,57.4631,0
0.7600,8184266,-0.588684,0.708496,-0.047241,0.386353,107.2981,57.9332,0
0.7700,8184276,-0.587952,0.708740,-0.046265,0.387085,107.6695,58.3892,0
0.7800,8184286,-0.586487,0.709229,-0.044250,0.388672,108.0311,58.8294,0
0.7900,8184296,-0.585876,0.709351,-0.043274,0.389465,108.3815,59.2568,0
0.8000,8184306,-0.585388,0.709473,-0.042419,0.390076,108.7237,59.6715,0
0.8100,8184316,-0.584778,0.709656,-0.041626,0.390747,109.0521,60.0693,0
0.8200,8184326,-0.584229,0.709778,-0.040771,0.391357,109.3727,60.4577,0
0.8300,8184336,-0.583801,0.709900,-0.040161,0.391907,109.6836,60.8317,0
0.8400,8184346,-0.583435,0.710022,-0.039612,0.392273,109.9814,61.1938,0
0.8500,8184356,-0.583008,0.710144,-0.039001,0.392761,110.2706,61.5362,0
0.8600,8184366,-0.582581,0.710266,-0.038330,0.393250,110.5490,61.8736,0
0.8700,8184376,-0.582458,0.710388,-0.038147,0.393311,110.8149,62.2144,0
0.8800,8184386,-0.582214,0.710510,-0.037903,0.393372,111.0662,62.5353,0
0.8900,8184396,-0.581787,0.710693,-0.037354,0.393799,111.3143,62.8397,0
0.9000,8184406,-0.581543,0.710815,-0.037048,0.393982,111.5507,63.1350,0
0.9100,8184416,-0.581299,0.710876,-0.036743,0.394226,111.7752,63.4222,0
0.9200,8184426,-0.581055,0.710937,-0.036377,0.394531,111.9917,63.6952,0
0.9300,8184436,-0.580811,0.710999,-0.036072,0.394775,112.2018,63.9614,0
0.9400,8184446,-0.580566,0.711121,-0.035889,0.394897,112.4027,64.2167,0
0.9500,8184456,-0.580383,0.711182,-0.035522,0.395081,112.6003,64.4665,0
0.9600,8184466,-0.580017,0.711426,-0.035095,0.395264,112.7856,64.7105,0
0.9700,8184476,-0.579651,0.711609,-0.034851,0.395447,112.9613,64.9466,0
0.9800,8184486,-0.579468,0.711731,-0.034729,0.395508,113.1394,65.1638,0
0.9900,8184496,-0.579407,0.711731,-0.034729,0.395630,113.3080,65.3677,0
1.0000,8184506,-0.579346,0.711792,-0.034729,0.395630,113.4688,65.5620,0
1.0100,8184516,-0.579285,0.711853,-0.034729,0.395569,113.6269,65.7431,0
1.0200,8184526,-0.579285,0.711853,-0.034729,0.395569,113.7771,65.9109,0
1.0300,8184536,-0.579285,0.711914,-0.034607,0.395508,113.9198,66.0668,0
1.0400,8184546,-0.579285,0.711975,-0.034302,0.395386,114.0589,66.2108,0
1.0500,8184556,-0.579224,0.712036,-0.034119,0.395325,114.1935,66.3428,0
1.0600,8184566,-0.579102,0.712158,-0.033875,0.395386,114.3179,66.4640,0
1.0700,8184576,-0.579041,0.712219,-0.033630,0.395447,114.4367,66.5768,0
1.0800,8184586,-0.578979,0.712280,-0.033325,0.395447,114.5538,66.6840,0
1.0900,8184596,-0.578918,0.712341,-0.033020,0.395447,114.6681,66.7828,0
1.1000,8184606,-0.578735,0.712402,-0.032471,0.395569,114.7809,66.8757,0
1.1100,8184616,-0.578613,0.712463,-0.031921,0.395691,114.8930,66.9651,0
1.1200,8184626,-0.578430,0.712585,-0.031433,0.395813,114.9991,67.0579,0
1.1300,8184636,-0.578308,0.712646,-0.031128,0.395874,115.1012,67.1502,0
1.1400,8184646,-0.578247,0.712646,-0.030884,0.395996,115.1958,67.2379,0
1.1500,8184656,-0.578186,0.712708,-0.030640,0.396057,115.2877,67.3232,0
1.1600,8184666,-0.578064,0.712708,-0.030396,0.396179,115.3755,67.4024,0
1.1700,8184676,-0.577942,0.712769,-0.030212,0.396240,115.4615,67.4790,0
1.1800,8184686,-0.577820,0.712830,-0.029968,0.396362,115.5425,67.5506,0
1.1900,8184696,-0.577698,0.712891,-0.029724,0.396484,115.6215,67.6217,0
1.2000,8184706,-0.577576,0.712952,-0.029541,0.396545,115.6959,67.6899,0
1.2100,8184716,-0.577454,0.713013,-0.029358,0.396606,115.7698,67.7558,0
1.2200,8184726,-0.577332,0.713074,-0.029175,0.396667,115.8423,67.8196,0
1.2300,8184736,-0.577332,0.713135,-0.028992,0.396606,115.9135,67.8803,0
1.2400,8184746,-0.577332,0.713196,-0.028809,0.396545,115.9830,67.9314,0
1.2500,8184756,-0.577271,0.713257,-0.028564,0.396484,116.0498,67.9769,0
1.2600,8184766,-0.577209,0.713257,-0.028320,0.396545,116.1108,68.0208,0
1.2700,8184776,-0.577148,0.713318,-0.028137,0.396545,116.1688,68.0631,0
1.2800,8184786,-0.577026,0.713379,-0.027954,0.396606,116.2282,68.1069,0
1.2900,8184796,-0.576965,0.713440,-0.027771,0.396606,116.2840,68.1486,0
1.3000,8184806,-0.576721,0.713623,-0.027405,0.396729,116.3390,68.1906,0
1.3100,8184816,-0.576660,0.713623,-0.027222,0.396851,116.3913,68.2318,0
1.3200,8184826,-0.576538,0.713623,-0.027100,0.396973,116.4385,68.2716,0
1.3300,8184836,-0.576477,0.713623,-0.027039,0.397034,116.4847,68.3075,0
1.3400,8184846,-0.576416,0.713623,-0.026917,0.397156,116.5299,68.3425,0
1.3500,8184856,-0.576355,0.713623,-0.026794,0.397217,116.5709,68.3715,0
1.3600,8184866,-0.576233,0.713684,-0.026611,0.397400,116.6148,68.3973,0
1.3700,8184876,-0.576172,0.713684,-0.026428,0.397522,116.6566,68.4261,0
1.3800,8184886,-0.576111,0.713684,-0.026367,0.397583,116.6980,68.4547,0
1.3900,8184896,-0.576050,0.713684,-0.026184,0.397705,116.7411,68.4628,0
1.4000,8184906,-0.575867,0.713684,-0.025879,0.397949,116.7808,68.4571,0
1.4100,8184916,-0.575623,0.713745,-0.025513,0.398254,116.8211,68.4559,0
1.4200,8184926,-0.575500,0.713745,-0.025269,0.398438,116.8619,68.4650,0
1.4300,8184936,-0.575378,0.713745,-0.025085,0.398621,116.9061,68.4737,0
1.4400,8184946,-0.575256,0.713745,-0.024841,0.398865,116.9470,68.4857,0
1.4500,8184956,-0.575073,0.713684,-0.024658,0.399109,116.9902,68.4980,0
1.4600,8184966,-0.574829,0.713684,-0.024353,0.399536,117.0369,68.5051,0
1.4700,8184976,-0.574646,0.713623,-0.024048,0.399902,117.0843,68.5139,0
1.4800,8184986,-0.574402,0.713562,-0.023804,0.400330,117.1275,68.5199,0
1.4900,8184996,-0.574280,0.713501,-0.023682,0.400696,117.1700,68.5471,0
1.5000,8185006,-0.574158,0.713440,-0.023743,0.400940,117.1966,68.6052,0
1.5100,8185016,-0.574036,0.713379,-0.023926,0.401245,117.2237,68.6528,0
1.5200,8185026,-0.573792,0.713379,-0.023865,0.401550,117.2544,68.6976,0
1.5300,8185036,-0.573669,0.713379,-0.023926,0.401855,117.2782,68.7445,0
1.5400,8185046,-0.573425,0.713379,-0.023987,0.402100,117.3039,68.7826,0
1.5500,8185056,-0.573242,0.713379,-0.023926,0.402405,117.3362,68.8149,0
1.5600,8185066,-0.572693,0.713379,-0.023499,0.403259,117.3682,68.8451,0
1.5700,8185076,-0.572266,0.713379,-0.023254,0.403748,117.3982,68.8711,0
1.5800,8185086,-0.571838,0.713440,-0.022888,0.404236,117.4310,68.8908,0
1.5900,8185096,-0.571472,0.713501,-0.022522,0.404785,117.4659,68.9073,0
1.6000,8185106,-0.571045,0.713562,-0.022156,0.405334,117.5041,68.9292,0
1.6100,8185116,-0.570557,0.713562,-0.021790,0.405884,117.5412,68.9557,0
1.6200,8185126,-0.570068,0.713623,-0.021362,0.406555,117.5826,68.9865,0
1.6300,8185136,-0.569580,0.713745,-0.020996,0.407104,117.6275,69.0267,0
1.6400,8185146,-0.569153,0.713745,-0.020630,0.407654,117.6758,69.0713,0
1.6500,8185156,-0.568665,0.713806,-0.020264,0.408264,117.7242,69.1186,0
1.6600,8185166,-0.568237,0.713806,-0.019836,0.408875,117.7788,69.1740,0
1.6700,8185176,-0.567810,0.713867,-0.019409,0.409424,117.8344,69.2358,0
1.6800,8185186,-0.567383,0.713867,-0.019043,0.409973,117.8934,69.3074,0
1.6900,8185196,-0.567017,0.713928,-0.018738,0.410400,117.9538,69.3855,0
1.7000,8185206,-0.566711,0.713989,-0.018433,0.410706,118.0185,69.4713,0
1.7100,8185216,-0.566467,0.714050,-0.018127,0.411011,118.0879,69.5673,0
1.7200,8185226,-0.566223,0.714111,-0.017761,0.411194,118.1580,69.6717,0
1.7300,8185236,-0.566040,0.714172,-0.017578,0.411377,118.2265,69.7845,0
1.7400,8185246,-0.565918,0.714233,-0.017395,0.411499,118.2976,69.9026,0
1.7500,8185256,-0.565857,0.714233,-0.017273,0.411621,118.3628,70.0201,0
1.7600,8185266,-0.565735,0.714172,-0.017151,0.411804,118.4170,70.1372,0
1.7700,8185276,-0.565613,0.714172,-0.017212,0.411987,118.4679,70.2520,0
1.7800,8185286,-0.565552,0.714172,-0.017395,0.412109,118.5216,70.3641,0
1.7900,8185296,-0.565552,0.714050,-0.017456,0.412231,118.5757,70.4808,0
1.8000,8185306,-0.565491,0.714111,-0.017334,0.412292,118.6218,70.5958,0
1.8100,8185316,-0.565430,0.714050,-0.017456,0.412415,118.6595,70.7087,0
1.8200,8185326,-0.565430,0.714050,-0.017700,0.412476,118.6965,70.8194,0
1.8300,8185336,-0.565247,0.713928,-0.017761,0.412903,118.7348,70.9408,0
1.8400,8185346,-0.565308,0.713928,-0.018066,0.412720,118.7638,71.0876,0
1.8500,8185356,-0.565308,0.714172,-0.018494,0.412415,118.7794,71.2269,0
1.8600,8185366,-0.565369,0.714294,-0.019104,0.412048,118.7905,71.3591,0
1.8700,8185376,-0.565552,0.714294,-0.019775,0.411743,118.8050,71.4768,0
1.8800,8185386,-0.565735,0.714233,-0.020447,0.411560,118.8240,71.5809,0
1.8900,8185396,-0.565918,0.714172,-0.021057,0.411438,118.8401,71.6660,0
1.9000,8185406,-0.566040,0.714050,-0.021606,0.411377,118.8488,71.7391,0
1.9100,8185416,-0.566162,0.713989,-0.022156,0.411316,118.8526,71.8032,0
1.9200,8185426,-0.566223,0.713928,-0.022705,0.411316,118.8562,71.8568,0
1.9300,8185436,-0.566345,0.713867,-0.023132,0.411255,118.8564,71.9078,0
1.9400,8185446,-0.566406,0.713867,-0.023621,0.411133,118.8578,71.9568,0
1.9500,8185456,-0.566589,0.713745,-0.023987,0.411011,118.8596,72.0025,0
1.9600,8185466,-0.566772,0.713684,-0.024414,0.410889,118.8605,72.0472,0
1.9700,8185476,-0.566895,0.713684,-0.024780,0.410706,118.8575,72.0858,0
1.9800,8185486,-0.567078,0.713623,-0.025146,0.410461,118.8570,72.1223,0
1.9900,8185496,-0.567322,0.713623,-0.025513,0.410156,118.8529,72.1592,0
2.0000,8185506,-0.567505,0.713684,-0.025879,0.409851,118.8462,72.1970,0
2.0100,8185516,-0.567749,0.713684,-0.026306,0.409485,118.8374,72.2328,0
2.0200,8185526,-0.567993,0.713623,-0.026733,0.409119,118.8270,72.2625,0
2.0300,8185536,-0.568237,0.713623,-0.027161,0.408813,118.8135,72.2882,0
2.0400,8185546,-0.568542,0.713562,-0.027527,0.408447,118.7969,72.3089,0
2.0500,8185556,-0.568787,0.713562,-0.027954,0.408142,118.7786,72.3260,0
2.0600,8185566,-0.569031,0.713501,-0.028381,0.407776,118.7581,72.3354,0
2.0700,8185576,-0.569336,0.713501,-0.028809,0.407471,118.7361,72.3413,0
2.0800,8185586,-0.569580,0.713440,-0.029175,0.407104,118.7121,72.3431,0
2.0900,8185596,-0.570129,0.713318,-0.029968,0.406433,118.6879,72.3411,0
2.1000,8185606,-0.570435,0.713318,-0.030334,0.406128,118.6601,72.3319,0
2.1100,8185616,-0.570618,0.713257,-0.030701,0.405823,118.6287,72.3189,0
2.1200,8185626,-0.570862,0.713257,-0.031067,0.405518,118.5969,72.3028,0
2.1300,8185636,-0.571106,0.713257,-0.031433,0.405212,118.5625,72.2850,0
2.1400,8185646,-0.571289,0.713196,-0.031860,0.404846,118.5254,72.2690,0
2.1500,8185656,-0.571533,0.713196,-0.032288,0.404541,118.4871,72.2514,0
2.1600,8185666,-0.571777,0.713135,-0.032715,0.404236,118.4426,72.2333,0
2.1700,8185676,-0.572021,0.713135,-0.033264,0.403931,118.3985,72.2165,0
2.1800,8185686,-0.572266,0.713074,-0.033752,0.403625,118.3522,72.1975,0
2.1900,8185696,-0.572571,0.713074,-0.034241,0.403198,118.3063,72.1767,0
2.2000,8185706,-0.572815,0.713013,-0.034729,0.402832,118.2602,72.1538,0
2.2100,8185716,-0.573120,0.713013,-0.035156,0.402466,118.2101,72.1278,0
2.2200,8185726,-0.573364,0.712952,-0.035645,0.402039,118.1588,72.0994,0
2.2300,8185736,-0.573608,0.712952,-0.036133,0.401672,118.1045,72.0606,0
2.2400,8185746,-0.573853,0.712952,-0.036560,0.401367,118.0491,72.0171,0
2.2500,8185756,-0.574097,0.712891,-0.036987,0.401001,117.9928,71.9720,0
2.2600,8185766,-0.574341,0.712891,-0.037415,0.400635,117.9361,71.9266,0
2.2700,8185776,-0.574585,0.712891,-0.037842,0.400330,117.8798,71.8769,0
2.2800,8185786,-0.574829,0.712830,-0.038269,0.399963,117.8188,71.8253,0
2.2900,8185796,-0.575073,0.712830,-0.038635,0.399658,117.7596,71.7702,0
2.3000,8185806,-0.575256,0.712830,-0.039063,0.399353,117.6990,71.7147,0
2.3100,8185816,-0.575500,0.712769,-0.039429,0.398987,117.6383,71.6583,0
2.3200,8185826,-0.575684,0.712769,-0.039795,0.398682,117.5800,71.5992,0
2.3300,8185836,-0.575928,0.712708,-0.040222,0.398376,117.5210,71.5387,0
2.3400,8185846,-0.576111,0.712708,-0.040588,0.398132,117.4617,71.4775,0
2.3500,8185856,-0.576477,0.712646,-0.041321,0.397644,117.4011,71.4183,0
2.3600,8185866,-0.576721,0.712585,-0.041687,0.397339,117.3416,71.3576,0
2.3700,8185876,-0.576904,0.712585,-0.041992,0.397095,117.2838,71.2933,0
2.3800,8185886,-0.577087,0.712585,-0.042358,0.396790,117.2251,71.2297,0
2.3900,8185896,-0.577209,0.712524,-0.042664,0.396545,117.1656,71.1632,0
2.4000,8185906,-0.577393,0.712524,-0.042969,0.396301,117.1103,71.0963,0
2.4100,8185916,-0.577576,0.712524,-0.043274,0.396057,117.0535,71.0304,0
2.4200,8185926,-0.577698,0.712524,-0.043518,0.395874,116.9963,70.9634,0
2.4300,8185936,-0.577881,0.712463,-0.043823,0.395630,116.9407,70.8979,0
2.4400,8185946,-0.578064,0.712463,-0.044128,0.395386,116.8867,70.8319,0
2.4500,8185956,-0.578186,0.712463,-0.044373,0.395142,116.8322,70.7692,0
2.4600,8185966,-0.578369,0.712402,-0.044678,0.394897,116.7768,70.7065,0
2.4700,8185976,-0.578491,0.712402,-0.044983,0.394653,116.7215,70.6450,0
2.4800,8185986,-0.578674,0.712402,-0.045288,0.394470,116.6709,70.5841,0
2.4900,8185996,-0.578857,0.712341,-0.045532,0.394226,116.6159,70.5213,0
2.5000,8186006,-0.578979,0.712341,-0.045837,0.393982,116.5611,70.4591,0
2.5100,8186016,-0.579163,0.712341,-0.046143,0.393738,116.5091,70.3987,0
2.5200,8186026,-0.579346,0.712341,-0.046448,0.393494,116.4566,70.3383,0
2.5300,8186036,-0.579468,0.712280,-0.046692,0.393250,116.4029,70.2784,0
2.5400,8186046,-0.579651,0.712280,-0.046997,0.393005,116.3476,70.2190,0
2.5500,8186056,-0.579773,0.712280,-0.047302,0.392761,116.2945,70.1612,0
2.5600,8186066,-0.579956,0.712219,-0.047607,0.392517,116.2422,70.1081,0
2.5700,8186076,-0.580139,0.712219,-0.047913,0.392273,116.1899,70.0545,0
2.5800,8186086,-0.580322,0.712219,-0.048218,0.392029,116.1383,70.0011,0
2.5900,8186096,-0.580505,0.712158,-0.048523,0.391785,116.0849,69.9501,0
2.6000,8186106,-0.580688,0.712158,-0.048889,0.391479,116.0342,69.8968,0
2.6100,8186116,-0.581055,0.712097,-0.049561,0.390930,115.9835,69.8449,0
2.6200,8186126,-0.581238,0.712097,-0.049927,0.390686,115.9311,69.7985,0
2.6300,8186136,-0.581421,0.712036,-0.050232,0.390381,115.8793,69.7495,0
2.6400,8186146,-0.581604,0.712036,-0.050598,0.390076,115.8282,69.7022,0
2.6500,8186156,-0.581848,0.711975,-0.050964,0.389771,115.7759,69.6571,0
2.6600,8186166,-0.582031,0.711975,-0.051331,0.389465,115.7219,69.6112,0
2.6700,8186176,-0.582275,0.711914,-0.051758,0.389160,115.6687,69.5662,0
2.6800,8186186,-0.582458,0.711914,-0.052124,0.388855,115.6150,69.5197,0
2.6900,8186196,-0.582703,0.711853,-0.052551,0.388489,115.5603,69.4724,0
2.7000,8186206,-0.582886,0.711853,-0.052917,0.388184,115.5052,69.4226,0
2.7100,8186216,-0.583130,0.711792,-0.053284,0.387878,115.4521,69.3710,0
2.7200,8186226,-0.583374,0.711731,-0.053650,0.387573,115.3967,69.3176,0
2.7300,8186236,-0.583557,0.711731,-0.054016,0.387268,115.3410,69.2626,0
2.7400,8186246,-0.583801,0.711670,-0.054382,0.386963,115.2861,69.2078,0
2.7500,8186256,-0.583984,0.711609,-0.054749,0.386658,115.2303,69.1515,0
2.7600,8186266,-0.584167,0.711609,-0.055115,0.386414,115.1692,69.0923,0
2.7700,8186276,-0.584412,0.711609,-0.055420,0.386108,115.1087,69.0329,0
2.7800,8186286,-0.584595,0.711548,-0.055786,0.385803,115.0511,68.9722,0
2.7900,8186296,-0.584778,0.711487,-0.056152,0.385559,114.9928,68.9126,0
2.8000,8186306,-0.584961,0.711487,-0.056519,0.385193,114.9360,68.8552,0
2.8100,8186316,-0.585205,0.711426,-0.056885,0.384888,114.8783,68.7988,0
2.8200,8186326,-0.585388,0.711426,-0.057312,0.384583,114.8192,68.7426,0
2.8300,8186336,-0.585632,0.711365,-0.057678,0.384277,114.7617,68.6861,0
2.8400,8186346,-0.585876,0.711365,-0.058105,0.383911,114.6991,68.6306,0
2.8500,8186356,-0.586060,0.711304,-0.058472,0.383606,114.6370,68.5734,0
2.8600,8186366,-0.586304,0.711243,-0.058899,0.383301,114.5761,68.5149,0
2.8700,8186376,-0.586731,0.711182,-0.059692,0.382629,114.5140,68.4561,0
2.8800,8186386,-0.586975,0.711121,-0.060059,0.382324,114.4524,68.3953,0
2.8900,8186396,-0.587158,0.711121,-0.060425,0.382019,114.3933,68.3327,0
2.9000,8186406,-0.587341,0.711060,-0.060730,0.381775,114.3352,68.2683,0
2.9100,8186416,-0.587524,0.711060,-0.061096,0.381470,114.2763,68.2035,0
2.9200,8186426,-0.587708,0.710999,-0.061401,0.381226,114.2190,68.1412,0
2.9300,8186436,-0.587891,0.710937,-0.061707,0.380920,114.1603,68.0790,0
2.9400,8186446,-0.588074,0.710937,-0.062012,0.380676,114.1008,68.0155,0
2.9500,8186456,-0.588257,0.710876,-0.062378,0.380432,114.0411,67.9527,0
2.9600,8186466,-0.588379,0.710876,-0.062683,0.380127,113.9827,67.8905,0
2.9700,8186476,-0.588623,0.710815,-0.062988,0.379883,113.9270,67.8265,0
2.9800,8186486,-0.588806,0.710754,-0.063293,0.379639,113.8703,67.7663,0
2.9900,8186496,-0.588928,0.710754,-0.063599,0.379395,113.8122,67.7030,0
3.0000,8186506,-0.589111,0.710754,-0.063904,0.379150,113.7539,67.6380,0
3.0100,8186516,-0.589233,0.710693,-0.064148,0.378906,113.6973,67.5725,0
3.0200,8186526,-0.589417,0.710693,-0.064453,0.378662,113.6385,67.5054,0
3.0300,8186536,-0.589539,0.710632,-0.064697,0.378479,113.5814,67.4391,0
3.0400,8186546,-0.589661,0.710632,-0.064941,0.378235,113.5229,67.3737,0
3.0500,8186556,-0.589844,0.710632,-0.065247,0.377991,113.4659,67.3079,0
3.0600,8186566,-0.589966,0.710571,-0.065491,0.377808,113.4124,67.2429,0
3.0700,8186576,-0.590088,0.710571,-0.065735,0.377625,113.3590,67.1769,0
3.0800,8186586,-0.590210,0.710510,-0.065979,0.377380,113.3040,67.1123,0
3.0900,8186596,-0.590332,0.710510,-0.066223,0.377197,113.2523,67.0478,0
3.1000,8186606,-0.590454,0.710510,-0.066467,0.377014,113.1995,66.9860,0
3.1100,8186616,-0.590576,0.710449,-0.066711,0.376831,113.1494,66.9247,0
3.1200,8186626,-0.590698,0.710449,-0.066956,0.376587,113.1009,66.8633,0
3.1300,8186636,-0.591003,0.710388,-0.067383,0.376221,113.0512,66.8062,0
3.1400,8186646,-0.591125,0.710388,-0.067627,0.375977,113.0040,66.7482,0
3.1500,8186656,-0.591309,0.710327,-0.067810,0.375732,112.9566,66.6900,0
3.1600,8186666,-0.591431,0.710327,-0.068054,0.375549,112.9067,66.6330,0
3.1700,8186676,-0.591553,0.710266,-0.068298,0.375305,112.8593,66.5756,0
3.1800,8186686,-0.591736,0.710205,-0.068604,0.375061,112.8093,66.5181,0
3.1900,8186696,-0.591919,0.710205,-0.068909,0.374817,112.7593,66.4616,0
3.2000,8186706,-0.592102,0.710144,-0.069153,0.374634,112.7118,66.4042,0
3.2100,8186716,-0.592285,0.710083,-0.069458,0.374390,112.6647,66.3453,0
3.2200,8186726,-0.592407,0.710022,-0.069702,0.374146,112.6151,66.2863,0
3.2300,8186736,-0.592529,0.710022,-0.069885,0.374023,112.5698,66.2297,0
3.2400,8186746,-0.592712,0.709961,-0.070190,0.373779,112.5236,66.1715,0
3.2500,8186756,-0.592834,0.709961,-0.070435,0.373596,112.4754,66.1126,0
3.2600,8186766,-0.592957,0.709900,-0.070618,0.373413,112.4290,66.0566,0
3.2700,8186776,-0.593140,0.709900,-0.070923,0.373169,112.3830,66.0014,0
3.2800,8186786,-0.593201,0.709839,-0.071106,0.372986,112.3332,65.9459,0
3.2900,8186796,-0.593323,0.709839,-0.071289,0.372864,112.2857,65.8920,0
3.3000,8186806,-0.593506,0.709778,-0.071594,0.372620,112.2388,65.8389,0
3.3100,8186816,-0.593628,0.709717,-0.071838,0.372437,112.1911,65.7834,0
3.3200,8186826,-0.593811,0.709717,-0.072083,0.372253,112.1427,65.7283,0
3.3300,8186836,-0.593933,0.709656,-0.072327,0.372009,112.0980,65.6770,0
3.3400,8186846,-0.594116,0.709595,-0.072632,0.371826,112.0529,65.6253,0
3.3500,8186856,-0.594238,0.709595,-0.072815,0.371643,112.0089,65.5761,0
3.3600,8186866,-0.594299,0.709534,-0.072998,0.371460,111.9639,65.5262,0
3.3700,8186876,-0.594421,0.709534,-0.073242,0.371277,111.9181,65.4782,0
3.3800,8186886,-0.594543,0.709534,-0.073425,0.371155,111.8734,65.4283,0
3.3900,8186896,-0.594727,0.709473,-0.073792,0.370789,111.8284,65.3821,0
3.4000,8186906,-0.594849,0.709473,-0.073975,0.370667,111.7862,65.3339,0
3.4100,8186916,-0.594910,0.709412,-0.074219,0.370483,111.7424,65.2876,0
3.4200,8186926,-0.595032,0.709412,-0.074402,0.370300,111.7002,65.2404,0
3.4300,8186936,-0.595154,0.709412,-0.074585,0.370178,111.6619,65.1967,0
3.4400,8186946,-0.595215,0.709351,-0.074768,0.369995,111.6225,65.1510,0
3.4500,8186956,-0.595337,0.709351,-0.074951,0.369812,111.5812,65.1093,0
3.4600,8186966,-0.595459,0.709351,-0.075134,0.369690,111.5402,65.0659,0
3.4700,8186976,-0.595520,0.709290,-0.075378,0.369507,111.5000,65.0253,0
3.4800,8186986,-0.595642,0.709290,-0.075562,0.369324,111.4623,64.9855,0
3.4900,8186996,-0.595764,0.709229,-0.075806,0.369141,111.4228,64.9464,0
3.5000,8187006,-0.595886,0.709229,-0.075989,0.368958,111.3835,64.9067,0
3.5100,8187016,-0.595947,0.709167,-0.076233,0.368835,111.3431,64.8696,0
3.5200,8187026,-0.596069,0.709106,-0.076538,0.368713,111.3046,64.8325,0
3.5300,8187036,-0.596191,0.709106,-0.076782,0.368591,111.2656,64.7995,0
3.5400,8187046,-0.596313,0.709045,-0.077026,0.368408,111.2260,64.7633,0
3.5500,8187056,-0.596436,0.709045,-0.077209,0.368225,111.1852,64.7258,0
3.5600,8187066,-0.596558,0.708984,-0.077454,0.368042,111.1453,64.6877,0
3.5700,8187076,-0.596680,0.708984,-0.077698,0.367798,111.1054,64.6520,0
3.5800,8187086,-0.596802,0.708984,-0.077881,0.367615,111.0670,64.6132,0
3.5900,8187096,-0.596863,0.708923,-0.078125,0.367432,111.0309,64.5722,0
3.6000,8187106,-0.596985,0.708923,-0.078308,0.367310,110.9966,64.5283,0
3.6100,8187116,-0.597107,0.708923,-0.078430,0.367126,110.9597,64.4867,0
3.6200,8187126,-0.597168,0.708923,-0.078613,0.366882,110.9241,64.4434,0
3.6300,8187136,-0.597290,0.708923,-0.078796,0.366760,110.8883,64.4028,0
3.6400,8187146,-0.597351,0.708862,-0.078979,0.366577,110.8537,64.3612,0
3.6500,8187156,-0.597473,0.708862,-0.079163,0.366455,110.8177,64.3216,0
3.6600,8187166,-0.597656,0.708801,-0.079468,0.366150,110.7823,64.2803,0
3.6700,8187176,-0.597717,0.708801,-0.079651,0.366028,110.7467,64.2405,0
3.6800,8187186,-0.597839,0.708801,-0.079834,0.365845,110.7118,64.2007,0
3.6900,8187196,-0.597961,0.708801,-0.080017,0.365662,110.6792,64.1635,0
3.7000,8187206,-0.598022,0.708801,-0.080139,0.365479,110.6468,64.1251,0
3.7100,8187216,-0.598145,0.708740,-0.080322,0.365295,110.6155,64.0885,0
3.7200,8187226,-0.598206,0.708740,-0.080505,0.365173,110.5815,64.0483,0
3.7300,8187236,-0.598328,0.708740,-0.080688,0.364990,110.5497,64.0125,0
3.7400,8187246,-0.598389,0.708679,-0.080872,0.364868,110.5158,63.9747,0
3.7500,8187256,-0.598511,0.708679,-0.081055,0.364685,110.4824,63.9407,0
3.7600,8187266,-0.598572,0.708679,-0.081238,0.364502,110.4470,63.9028,0
3.7700,8187276,-0.598694,0.708618,-0.081421,0.364380,110.4145,63.8680,0
3.7800,8187286,-0.598816,0.708618,-0.081604,0.364197,110.3794,63.8318,0
3.7900,8187296,-0.598877,0.708618,-0.081787,0.364075,110.3460,63.7986,0
3.8000,8187306,-0.598999,0.708557,-0.081970,0.363892,110.3111,63.7640,0
3.8100,8187316,-0.599121,0.708557,-0.082214,0.363770,110.2737,63.7340,0
3.8200,8187326,-0.599182,0.708496,-0.082458,0.363586,110.2387,63.7030,0
3.8300,8187336,-0.599304,0.708435,-0.082764,0.363464,110.2030,63.6705,0
3.8400,8187346,-0.599426,0.708435,-0.082947,0.363281,110.1647,63.6401,0
3.8500,8187356,-0.599548,0.708374,-0.083191,0.363159,110.1307,63.6082,0
3.8600,8187366,-0.599609,0.708313,-0.083435,0.362976,110.0947,63.5773,0
3.8700,8187376,-0.599731,0.708313,-0.083618,0.362793,110.0617,63.5430,0
3.8800,8187386,-0.599854,0.708313,-0.083862,0.362610,110.0272,63.5110,0
3.8900,8187396,-0.599976,0.708252,-0.084045,0.362427,109.9927,63.4780,0
3.9000,8187406,-0.600037,0.708252,-0.084290,0.362244,109.9561,63.4450,0
3.9100,8187416,-0.600159,0.708191,-0.084473,0.362061,109.9238,63.4087,0
3.9200,8187426,-0.600342,0.708191,-0.084839,0.361755,109.8888,63.3748,0
3.9300,8187436,-0.600464,0.708130,-0.085022,0.361572,109.8561,63.3394,0
3.9400,8187446,-0.600586,0.708130,-0.085205,0.361389,109.8219,63.3059,0
3.9500,8187456,-0.600647,0.708130,-0.085449,0.361267,109.7906,63.2715,0
3.9600,8187466,-0.600769,0.708069,-0.085632,0.361084,109.7566,63.2405,0
3.9700,8187476,-0.600891,0.708069,-0.085815,0.360901,109.7231,63.2074,0
3.9800,8187486,-0.600952,0.708008,-0.086060,0.360718,109.6893,63.1760,0
3.9900,8187496,-0.601074,0.708008,-0.086243,0.360535,109.6560,63.1448,0
4.0000,8187506,-0.601196,0.707947,-0.086487,0.360352,109.6225,63.1152,0
4.0100,8187516,-0.601318,0.707947,-0.086670,0.360168,109.5906,63.0833,0
4.0200,8187526,-0.601440,0.707947,-0.086914,0.359985,109.5578,63.0522,0
4.0300,8187536,-0.601501,0.707886,-0.087097,0.359802,109.5229,63.0222,0
4.0400,8187546,-0.601624,0.707886,-0.087341,0.359619,109.4892,62.9893,0
4.0500,8187556,-0.601746,0.707825,-0.087585,0.359436,109.4534,62.9598,0
4.0600,8187566,-0.601868,0.707825,-0.087769,0.359253,109.4218,62.9281,0
4.0700,8187576,-0.601990,0.707764,-0.088013,0.359070,109.3832,62.8948,0
4.0800,8187586,-0.602112,0.707764,-0.088257,0.358887,109.3470,62.8607,0
4.0900,8187596,-0.602234,0.707703,-0.088440,0.358643,109.3096,62.8277,0
4.1000,8187606,-0.602295,0.707703,-0.088684,0.358459,109.2734,62.7938,0
4.1100,8187616,-0.602417,0.707703,-0.088928,0.358276,109.2365,62.7605,0
4.1200,8187626,-0.602539,0.707642,-0.089111,0.358093,109.2027,62.7262,0
4.1300,8187636,-0.602661,0.707642,-0.089355,0.357910,109.1668,62.6901,0
4.1400,8187646,-0.602783,0.707581,-0.089539,0.357727,109.1315,62.6521,0
4.1500,8187656,-0.602844,0.707581,-0.089722,0.357605,109.0961,62.6166,0
4.1600,8187666,-0.602966,0.707520,-0.089966,0.357422,109.0630,62.5786,0
4.1700,8187676,-0.603027,0.707520,-0.090149,0.357239,109.0273,62.5430,0
4.1800,8187686,-0.603271,0.707458,-0.090515,0.356934,108.9927,62.5055,0
4.1900,8187696,-0.603333,0.707458,-0.090698,0.356750,108.9574,62.4711,0
4.2000,8187706,-0.603455,0.707397,-0.090942,0.356567,108.9232,62.4352,0
4.2100,8187716,-0.603577,0.707397,-0.091125,0.356384,108.8876,62.4012,0
4.2200,8187726,-0.603638,0.707336,-0.091309,0.356262,108.8518,62.3657,0
4.2300,8187736,-0.603760,0.707336,-0.091492,0.356079,108.8173,62.3283,0
4.2400,8187746,-0.603821,0.707336,-0.091736,0.355896,108.7825,62.2928,0
4.2500,8187756,-0.603943,0.707275,-0.091919,0.355713,108.7495,62.2547,0
4.2600,8187766,-0.604065,0.707275,-0.092102,0.355530,108.7144,62.2221,0
4.2700,8187776,-0.604126,0.707214,-0.092346,0.355408,108.6816,62.1874,0
4.2800,8187786,-0.604248,0.707214,-0.092529,0.355225,108.6462,62.1544,0
4.2900,8187796,-0.604370,0.707153,-0.092773,0.355042,108.6125,62.1218,0
4.3000,8187806,-0.604492,0.707153,-0.092957,0.354858,108.5775,62.0908,0
4.3100,8187816,-0.604553,0.707153,-0.093201,0.354675,108.5435,62.0576,0
4.3200,8187826,-0.604675,0.707092,-0.093384,0.354431,108.5082,62.0266,0
4.3300,8187836,-0.604797,0.707092,-0.093628,0.354309,108.4720,61.9917,0
4.3400,8187846,-0.604919,0.707031,-0.093811,0.354126,108.4383,61.9555,0
4.3500,8187856,-0.604980,0.707031,-0.093994,0.353943,108.4025,61.9198,0
4.3600,8187866,-0.605103,0.706970,-0.094177,0.353760,108.3698,61.8822,0
4.3700,8187876,-0.605164,0.706970,-0.094360,0.353638,108.3343,61.8453,0
4.3800,8187886,-0.605286,0.706909,-0.094543,0.353455,108.2983,61.8078,0
4.3900,8187896,-0.605347,0.706909,-0.094727,0.353271,108.2621,61.7715,0
4.4000,8187906,-0.605469,0.706909,-0.094910,0.353149,108.2295,61.7339,0
4.4100,8187916,-0.605530,0.706848,-0.095093,0.352966,108.1960,61.6993,0
4.4200,8187926,-0.605652,0.706848,-0.095337,0.352844,108.1618,61.6604,0
4.4300,8187936,-0.605713,0.706787,-0.095459,0.352661,108.1255,61.6241,0
4.4400,8187946,-0.605896,0.706787,-0.095825,0.352356,108.0905,61.5864,0
4.4500,8187956,-0.606018,0.706726,-0.096008,0.352234,108.0536,61.5512,0
4.4600,8187966,-0.606079,0.706726,-0.096191,0.352051,108.0185,61.5134,0
4.4700,8187976,-0.606201,0.706726,-0.096375,0.351929,107.9832,61.4764,0
4.4800,8187986,-0.606262,0.706665,-0.096497,0.351807,107.9496,61.4400,0
4.4900,8187996,-0.606323,0.706665,-0.096680,0.351624,107.9178,61.4017,0
4.5000,8188006,-0.606384,0.706604,-0.096802,0.351501,107.8856,61.3642,0
4.5100,8188016,-0.606445,0.706604,-0.096985,0.351379,107.8532,61.3254,0
4.5200,8188026,-0.606567,0.706604,-0.097107,0.351257,107.8187,61.2897,0
4.5300,8188036,-0.606628,0.706543,-0.097290,0.351135,107.7866,61.2546,0
4.5400,8188046,-0.606689,0.706543,-0.097412,0.351013,107.7572,61.2193,0
4.5500,8188056,-0.606750,0.706543,-0.097595,0.350891,107.7244,61.1858,0
4.5600,8188066,-0.606873,0.706482,-0.097717,0.350769,107.6933,61.1515,0
4.5700,8188076,-0.606934,0.706482,-0.097900,0.350647,107.6611,61.1165,0
4.5800,8188086,-0.606995,0.706482,-0.098022,0.350464,107.6312,61.0844,0
4.5900,8188096,-0.607056,0.706421,-0.098145,0.350342,107.5984,61.0496,0
4.6000,8188106,-0.607117,0.706421,-0.098328,0.350220,107.5679,61.0154,0
4.6100,8188116,-0.607178,0.706421,-0.098450,0.350159,107.5395,60.9792,0
4.6200,8188126,-0.607300,0.706421,-0.098572,0.350037,107.5094,60.9459,0
4.6300,8188136,-0.607361,0.706360,-0.098694,0.349915,107.4820,60.9106,0
4.6400,8188146,-0.607422,0.706360,-0.098877,0.349792,107.4536,60.8795,0
4.6500,8188156,-0.607483,0.706360,-0.098999,0.349670,107.4241,60.8516,0
4.6600,8188166,-0.607544,0.706299,-0.099182,0.349487,107.3960,60.8215,0
4.6700,8188176,-0.607666,0.706299,-0.099304,0.349365,107.3669,60.7929,0
4.6800,8188186,-0.607727,0.706238,-0.099487,0.349243,107.3397,60.7631,0
4.6900,8188196,-0.607788,0.706238,-0.099670,0.349121,107.3122,60.7319,0
4.7000,8188206,-0.607849,0.706238,-0.099792,0.348999,107.2823,60.6975,0
4.7100,8188216,-0.607971,0.706177,-0.100037,0.348816,107.2539,60.6601,0
4.7200,8188226,-0.607971,0.706177,-0.100037,0.348816,107.2269,60.6154,0
4.7300,8188236,-0.607971,0.706177,-0.100037,0.348816,107.2025,60.5671,0
4.7400,8188246,-0.607971,0.706177,-0.100037,0.348816,107.1775,60.5176,0
4.7500,8188256,-0.607971,0.706177,-0.100037,0.348816,107.1537,60.4688,0
4.7600,8188266,-0.607971,0.706177,-0.100037,0.348816,107.1324,60.4231,0
4.7700,8188276,-0.607971,0.706177,-0.100037,0.348816,107.1109,60.3784,0
4.7800,8188286,-0.607971,0.706177,-0.100037,0.348816,107.0916,60.3379,0
4.7900,8188296,-0.607971,0.706177,-0.099976,0.348877,107.0722,60.2971,0
4.8000,8188306,-0.607910,0.706177,-0.099915,0.348938,107.0531,60.2553,0
4.8100,8188316,-0.607849,0.706177,-0.099792,0.348999,107.0381,60.2133,0
4.8200,8188326,-0.607849,0.706238,-0.099670,0.348999,107.0250,60.1728,0
4.8300,8188336,-0.607727,0.706299,-0.099487,0.349182,107.0102,60.1207,0
4.8400,8188346,-0.607483,0.706238,-0.099426,0.349731,106.9916,60.0525,0
4.8500,8188356,-0.607056,0.706238,-0.099365,0.350464,106.9756,59.9878,0
4.8600,8188366,-0.606628,0.706238,-0.099243,0.351257,106.9646,59.9238,0
4.8700,8188376,-0.606323,0.706177,-0.099121,0.351929,106.9639,59.8709,0
4.8800,8188386,-0.605896,0.706177,-0.098938,0.352722,106.9641,59.8271,0
4.8900,8188396,-0.605469,0.706177,-0.098816,0.353516,106.9651,59.7834,0
4.9000,8188406,-0.604980,0.706177,-0.098450,0.354431,106.9829,59.7044,0
4.9100,8188416,-0.604492,0.706116,-0.097961,0.355530,107.0086,59.6193,0
4.9200,8188426,-0.603821,0.706055,-0.097412,0.356812,107.0393,59.5634,0
4.9300,8188436,-0.603271,0.706055,-0.096924,0.358032,107.0646,59.5486,0
4.9400,8188446,-0.602722,0.706055,-0.096619,0.359009,107.0842,59.5629,0
4.9500,8188456,-0.602173,0.706116,-0.096436,0.359863,107.1090,59.5829,0
4.9600,8188466,-0.601685,0.706116,-0.096252,0.360718,107.1446,59.6100,0
4.9700,8188476,-0.600647,0.706177,-0.095886,0.362427,107.1763,59.6480,0
4.9800,8188486,-0.600159,0.706238,-0.095642,0.363281,107.2127,59.6844,0
4.9900,8188496,-0.599609,0.706238,-0.095337,0.364075,107.2576,59.7237,0
5.0000,8188506,-0.599121,0.706299,-0.095093,0.364929,107.3016,59.7721,0
5.0100,8188516,-0.598572,0.706360,-0.094788,0.365784,107.3467,59.8208,0
5.0200,8188526,-0.598022,0.706421,-0.094482,0.366638,107.3988,59.8717,0
5.0300,8188536,-0.597412,0.706482,-0.094116,0.367554,107.4539,59.9277,0
5.0400,8188546,-0.596863,0.706604,-0.093750,0.368408,107.5088,59.9853,0
5.0500,8188556,-0.596252,0.706665,-0.093323,0.369263,107.5660,60.0464,0
5.0600,8188566,-0.595703,0.706787,-0.092896,0.370117,107.6278,60.1133,0
5.0700,8188576,-0.595154,0.706848,-0.092468,0.370972,107.6957,60.1825,0
5.0800,8188586,-0.594604,0.706970,-0.091980,0.371704,107.7677,60.2588,0
5.0900,8188596,-0.594055,0.707092,-0.091431,0.372498,107.8435,60.3363,0
5.1000,8188606,-0.593567,0.707214,-0.090881,0.373230,107.9241,60.4199,0
5.1100,8188616,-0.593079,0.707336,-0.090271,0.373901,108.0150,60.5131,0
5.1200,8188626,-0.592590,0.707458,-0.089722,0.374573,108.1051,60.6090,0
5.1300,8188636,-0.592163,0.707581,-0.089111,0.375183,108.2005,60.7093,0
5.1400,8188646,-0.591675,0.707703,-0.088440,0.375732,108.2985,60.8126,0
5.1500,8188656,-0.591309,0.707886,-0.087769,0.376282,108.3997,60.9128,0
5.1600,8188666,-0.590881,0.708008,-0.087097,0.376831,108.5019,61.0147,0
5.1700,8188676,-0.590515,0.708130,-0.086365,0.377380,108.6046,61.1160,0
5.1800,8188686,-0.590088,0.708252,-0.085632,0.377869,108.7097,61.2154,0
5.1900,8188696,-0.589722,0.708374,-0.084900,0.378418,108.8151,61.3161,0
5.2000,8188706,-0.589355,0.708496,-0.084167,0.378906,108.9221,61.4168,0
5.2100,8188716,-0.588989,0.708618,-0.083435,0.379456,109.0313,61.5181,0
5.2200,8188726,-0.588623,0.708740,-0.082642,0.380005,109.1363,61.6204,0
5.2300,8188736,-0.587952,0.708923,-0.081360,0.380920,109.2423,61.7257,0
5.2400,8188746,-0.587585,0.709045,-0.080688,0.381348,109.3461,61.8318,0
5.2500,8188756,-0.587280,0.709106,-0.080139,0.381836,109.4498,61.9393,0
5.2600,8188766,-0.586975,0.709229,-0.079590,0.382324,109.5497,62.0452,0
5.2700,8188776,-0.586609,0.709290,-0.079041,0.382813,109.6514,62.1516,0
5.2800,8188786,-0.586304,0.709351,-0.078491,0.383301,109.7511,62.2581,0
5.2900,8188796,-0.585999,0.709412,-0.077881,0.383728,109.8527,62.3667,0
5.3000,8188806,-0.585632,0.709534,-0.077332,0.384216,109.9518,62.4736,0
5.3100,8188816,-0.585327,0.709595,-0.076782,0.384705,110.0527,62.5803,0
5.3200,8188826,-0.584961,0.709656,-0.076233,0.385193,110.1517,62.6859,0
5.3300,8188836,-0.584656,0.709717,-0.075684,0.385681,110.2509,62.7942,0
5.3400,8188846,-0.584290,0.709839,-0.075073,0.386108,110.3493,62.9003,0
5.3500,8188856,-0.583923,0.709961,-0.074524,0.386597,110.4492,63.0073,0
5.3600,8188866,-0.583618,0.710022,-0.073914,0.387024,110.5483,63.1163,0
5.3700,8188876,-0.583313,0.710083,-0.073364,0.387451,110.6487,63.2296,0
5.3800,8188886,-0.583008,0.710205,-0.072815,0.387817,110.7510,63.3494,0
5.3900,8188896,-0.582764,0.710266,-0.072266,0.388184,110.8518,63.4682,0
5.4000,8188906,-0.582458,0.710388,-0.071777,0.388550,110.9533,63.5877,0
5.4100,8188916,-0.582153,0.710449,-0.071350,0.388916,111.0516,63.7074,0
5.4200,8188926,-0.581909,0.710510,-0.070923,0.389343,111.1482,63.8237,0
5.4300,8188936,-0.581604,0.710571,-0.070496,0.389709,111.2436,63.9386,0
5.4400,8188946,-0.581360,0.710632,-0.070007,0.390015,111.3380,64.0502,0
5.4500,8188956,-0.581055,0.710693,-0.069519,0.390381,111.4314,64.1599,0
5.4600,8188966,-0.580872,0.710754,-0.069031,0.390686,111.5275,64.2643,0
5.4700,8188976,-0.580627,0.710815,-0.068542,0.391052,111.6208,64.3678,0
5.4800,8188986,-0.580383,0.710876,-0.067993,0.391418,111.7138,64.4724,0
5.4900,8188996,-0.579834,0.711060,-0.066895,0.392090,111.8058,64.5778,0
5.5000,8189006,-0.579590,0.711121,-0.066406,0.392395,111.8994,64.6835,0
5.5100,8189016,-0.579346,0.711182,-0.065918,0.392761,111.9897,64.7876,0
5.5200,8189026,-0.579163,0.711182,-0.065430,0.393066,112.0786,64.8890,0
5.5300,8189036,-0.578857,0.711304,-0.064941,0.393372,112.1656,64.9873,0
5.5400,8189046,-0.578613,0.711365,-0.064392,0.393677,112.2526,65.0838,0
5.5500,8189056,-0.578369,0.711487,-0.063904,0.393982,112.3397,65.1798,0
5.5600,8189066,-0.578064,0.711548,-0.063354,0.394348,112.4297,65.2736,0
5.5700,8189076,-0.577820,0.711609,-0.062866,0.394653,112.5172,65.3681,0
5.5800,8189086,-0.577637,0.711670,-0.062378,0.394958,112.6022,65.4646,0
5.5900,8189096,-0.577393,0.711731,-0.062012,0.395325,112.6855,65.5641,0
5.6000,8189106,-0.577148,0.711792,-0.061646,0.395630,112.7665,65.6660,0
5.6100,8189116,-0.576904,0.711792,-0.061279,0.395935,112.8473,65.7689,0
5.6200,8189126,-0.576660,0.711853,-0.060974,0.396179,112.9265,65.8745,0
5.6300,8189136,-0.576477,0.711914,-0.060669,0.396423,113.0055,65.9820,0
5.6400,8189146,-0.576294,0.711914,-0.060364,0.396667,113.0854,66.0927,0
5.6500,8189156,-0.576172,0.711975,-0.060120,0.396851,113.1651,66.2057,0
5.6600,8189166,-0.576050,0.711975,-0.059875,0.397034,113.2396,66.3143,0
5.6700,8189176,-0.575928,0.712036,-0.059631,0.397156,113.3153,66.4235,0
5.6800,8189186,-0.575867,0.712097,-0.059387,0.397278,113.3889,66.5303,0
5.6900,8189196,-0.575745,0.712097,-0.059143,0.397339,113.4621,66.6382,0
5.7000,8189206,-0.575684,0.712158,-0.058960,0.397461,113.5309,66.7492,0
5.7100,8189216,-0.575623,0.712158,-0.058838,0.397583,113.5957,66.8606,0
5.7200,8189226,-0.575562,0.712158,-0.058716,0.397644,113.6579,66.9729,0
5.7300,8189236,-0.575562,0.712158,-0.058655,0.397705,113.7158,67.0862,0
5.7400,8189246,-0.575562,0.712158,-0.058655,0.397705,113.7720,67.1956,0
5.7500,8189256,-0.575562,0.712097,-0.058655,0.397705,113.8236,67.3036,0
5.7600,8189266,-0.575562,0.712097,-0.058655,0.397705,113.8738,67.4039,0
5.7700,8189276,-0.575562,0.712097,-0.058655,0.397705,113.9203,67.5010,0
5.7800,8189286,-0.575623,0.712097,-0.058716,0.397705,113.9662,67.5944,0
5.7900,8189296,-0.575623,0.712097,-0.058716,0.397705,114.0087,67.6819,0
5.8000,8189306,-0.575623,0.712097,-0.058716,0.397705,114.0484,67.7656,0
5.8100,8189316,-0.575684,0.712097,-0.058716,0.397583,114.0856,67.8488,0
5.8200,8189326,-0.575684,0.712097,-0.058777,0.397583,114.1209,67.9313,0
5.8300,8189336,-0.575806,0.712097,-0.058899,0.397400,114.1545,68.0149,0
5.8400,8189346,-0.575928,0.712097,-0.059021,0.397217,114.1838,68.0955,0
5.8500,8189356,-0.575928,0.712097,-0.059021,0.397095,114.2123,68.1630,0
5.8600,8189366,-0.576050,0.712097,-0.059143,0.396912,114.2344,68.2396,0
5.8700,8189376,-0.576233,0.712097,-0.059387,0.396606,114.2572,68.3205,0
5.8800,8189386,-0.576416,0.712158,-0.059570,0.396301,114.2746,68.3907,0
5.8900,8189396,-0.576599,0.712158,-0.059692,0.395935,114.2909,68.4602,0
5.9000,8189406,-0.576843,0.712280,-0.059998,0.395325,114.2948,68.5428,0
5.9100,8189416,-0.577087,0.712341,-0.060303,0.394775,114.3020,68.6217,0
5.9200,8189426,-0.577454,0.712341,-0.060547,0.394287,114.3217,68.6845,0
5.9300,8189436,-0.577820,0.712280,-0.060852,0.393799,114.3311,68.7405,0
5.9400,8189446,-0.578125,0.712280,-0.061157,0.393311,114.3329,68.7856,0
5.9500,8189456,-0.578430,0.712280,-0.061401,0.392883,114.3357,68.8164,0
5.9600,8189466,-0.578674,0.712219,-0.061707,0.392456,114.3335,68.8378,0
5.9700,8189476,-0.578979,0.712219,-0.061890,0.392090,114.3318,68.8514,0
5.9800,8189486,-0.579224,0.712158,-0.062073,0.391724,114.3223,68.8601,0
5.9900,8189496,-0.579468,0.712158,-0.062317,0.391357,114.3084,68.8663,0
6.0000,8189506,-0.579651,0.712158,-0.062561,0.391052,114.2962,68.8690,0
6.0100,8189516,-0.580200,0.712097,-0.063110,0.390320,114.2786,68.8726,0
6.0200,8189526,-0.580383,0.712036,-0.063477,0.390015,114.2569,68.8770,0
6.0300,8189536,-0.580627,0.711975,-0.063904,0.389709,114.2332,68.8829,0
6.0400,8189546,-0.580872,0.711914,-0.064392,0.389343,114.2064,68.8924,0
6.0500,8189556,-0.581238,0.711853,-0.064880,0.388916,114.1807,68.9055,0
6.0600,8189566,-0.581604,0.711792,-0.065369,0.388428,114.1501,68.9140,0
6.0700,8189576,-0.581909,0.711731,-0.065857,0.387939,114.1184,68.9232,0
6.0800,8189586,-0.582336,0.711609,-0.066345,0.387390,114.0827,68.9321,0
6.0900,8189596,-0.582703,0.711548,-0.066895,0.386841,114.0469,68.9403,0
6.1000,8189606,-0.583130,0.711426,-0.067566,0.386292,114.0042,68.9466,0
6.1100,8189616,-0.583557,0.711304,-0.068237,0.385742,113.9574,68.9487,0
6.1200,8189626,-0.583984,0.711243,-0.068909,0.385193,113.9061,68.9506,0
6.1300,8189636,-0.584412,0.711121,-0.069641,0.384583,113.8536,68.9449,0
6.1400,8189646,-0.584839,0.710999,-0.070374,0.384033,113.7969,68.9327,0
6.1500,8189656,-0.585205,0.710937,-0.071106,0.383484,113.7362,68.9130,0
6.1600,8189666,-0.585632,0.710815,-0.071838,0.382874,113.6661,68.8794,0
6.1700,8189676,-0.586060,0.710693,-0.072510,0.382324,113.5932,68.8456,0
6.1800,8189686,-0.586487,0.710632,-0.073242,0.381775,113.5171,68.8061,0
6.1900,8189696,-0.586853,0.710510,-0.073914,0.381226,113.4422,68.7610,0
6.2000,8189706,-0.587280,0.710388,-0.074585,0.380615,113.3637,68.7114,0
6.2100,8189716,-0.587646,0.710266,-0.075317,0.380066,113.2841,68.6586,0
6.2200,8189726,-0.588074,0.710205,-0.075989,0.379517,113.2010,68.6028,0
6.2300,8189736,-0.588440,0.710083,-0.076721,0.378967,113.1152,68.5497,0
6.2400,8189746,-0.588867,0.709961,-0.077393,0.378357,113.0323,68.4941,0
6.2500,8189756,-0.589294,0.709900,-0.078125,0.377808,112.9468,68.4386,0
6.2600,8189766,-0.589722,0.709778,-0.078857,0.377197,112.8592,68.3826,0
6.2700,8189776,-0.590576,0.709534,-0.080444,0.375916,112.7704,68.3243,0
6.2800,8189786,-0.590942,0.709473,-0.081116,0.375305,112.6792,68.2622,0
6.2900,8189796,-0.591309,0.709412,-0.081848,0.374695,112.5851,68.1968,0
6.3000,8189806,-0.591736,0.709290,-0.082581,0.374084,112.4925,68.1297,0
6.3100,8189816,-0.592102,0.709229,-0.083313,0.373535,112.3970,68.0567,0
6.3200,8189826,-0.592468,0.709167,-0.083984,0.372925,112.3001,67.9807,0
6.3300,8189836,-0.592773,0.709045,-0.084656,0.372375,112.2048,67.9028,0
6.3400,8189846,-0.593140,0.708984,-0.085327,0.371826,112.1081,67.8202,0
6.3500,8189856,-0.593506,0.708923,-0.085999,0.371216,112.0094,67.7367,0
6.3600,8189866,-0.593872,0.708801,-0.086670,0.370667,111.9106,67.6524,0
6.3700,8189876,-0.594238,0.708740,-0.087341,0.370117,111.8123,67.5679,0
6.3800,8189886,-0.594543,0.708618,-0.088074,0.369507,111.7116,67.4819,0
6.3900,8189896,-0.594910,0.708557,-0.088745,0.368958,111.6120,67.3928,0
6.4000,8189906,-0.595276,0.708496,-0.089417,0.368408,111.5112,67.3068,0
6.4100,8189916,-0.595703,0.708374,-0.090088,0.367798,111.4134,67.2183,0
6.4200,8189926,-0.596008,0.708252,-0.090759,0.367249,111.3057,67.1229,0
6.4300,8189936,-0.596375,0.708191,-0.091431,0.366638,111.1977,67.0242,0
6.4400,8189946,-0.596741,0.708069,-0.092102,0.366089,111.0920,66.9262,0
6.4500,8189956,-0.597107,0.708008,-0.092773,0.365540,110.9859,66.8273,0
6.4600,8189966,-0.597412,0.707947,-0.093445,0.364990,110.8788,66.7237,0
6.4700,8189976,-0.597778,0.707825,-0.094116,0.364441,110.7715,66.6244,0
6.4800,8189986,-0.598083,0.707764,-0.094788,0.363892,110.6658,66.5233,0
6.4900,8189996,-0.598450,0.707642,-0.095398,0.363281,110.5609,66.4228,0
6.5000,8190006,-0.598816,0.707520,-0.096069,0.362732,110.4538,66.3234,0
6.5100,8190016,-0.599182,0.707458,-0.096741,0.362183,110.3476,66.2251,0
6.5200,8190026,-0.599609,0.707275,-0.097473,0.361572,110.2430,66.1286,0
6.5300,8190036,-0.600403,0.707031,-0.098755,0.360352,110.1386,66.0324,0
6.5400,8190046,-0.600830,0.706909,-0.099426,0.359680,110.0343,65.9354,0
6.5500,8190056,-0.601257,0.706787,-0.100098,0.359009,109.9278,65.8345,0
6.5600,8190066,-0.601685,0.706665,-0.100769,0.358398,109.8198,65.7349,0
6.5700,8190076,-0.602051,0.706543,-0.101501,0.357849,109.7109,65.6329,0
6.5800,8190086,-0.602478,0.706360,-0.102173,0.357239,109.6001,65.5267,0
6.5900,8190096,-0.602844,0.706238,-0.102844,0.356628,109.4928,65.4207,0
6.6000,8190106,-0.603210,0.706177,-0.103516,0.356079,109.3829,65.3121,0
6.6100,8190116,-0.603577,0.706055,-0.104187,0.355469,109.2722,65.2038,0
6.6200,8190126,-0.603882,0.705933,-0.104919,0.354858,109.1608,65.0972,0
6.6300,8190136,-0.604309,0.705811,-0.105591,0.354248,109.0499,64.9915,0
6.6400,8190146,-0.604675,0.705688,-0.106262,0.353699,108.9409,64.8865,0
6.6500,8190156,-0.605103,0.705505,-0.106995,0.353088,108.8322,64.7794,0
6.6600,8190166,-0.605469,0.705383,-0.107666,0.352478,108.7221,64.6726,0
6.6700,8190176,-0.605896,0.705261,-0.108337,0.351868,108.6107,64.5655,0
6.6800,8190186,-0.606262,0.705078,-0.109070,0.351257,108.4924,64.4506,0
6.6900,8190196,-0.606628,0.704956,-0.109802,0.350647,108.3731,64.3364,0
6.7000,8190206,-0.607056,0.704834,-0.110474,0.349976,108.2541,64.2235,0
6.7100,8190216,-0.607422,0.704712,-0.111206,0.349365,108.1348,64.1117,0
6.7200,8190226,-0.607849,0.704529,-0.111938,0.348755,108.0153,64.0011,0
6.7300,8190236,-0.608276,0.704346,-0.112732,0.348083,107.8978,63.8956,0
6.7400,8190246,-0.608704,0.704224,-0.113464,0.347412,107.7800,63.7910,0
6.7500,8190256,-0.609192,0.704041,-0.114258,0.346680,107.6606,63.6860,0
6.7600,8190266,-0.609619,0.703857,-0.115051,0.346008,107.5410,63.5805,0
6.7700,8190276,-0.610046,0.703674,-0.115845,0.345337,107.4216,63.4759,0
6.7800,8190286,-0.610535,0.703491,-0.116638,0.344604,107.3008,63.3696,0
6.7900,8190296,-0.610962,0.703308,-0.117432,0.343933,107.1804,63.2605,0
6.8000,8190306,-0.611877,0.703003,-0.118896,0.342407,107.0610,63.1482,0
6.8100,8190316,-0.612305,0.702881,-0.119690,0.341675,106.9375,63.0346,0
6.8200,8190326,-0.612732,0.702698,-0.120422,0.341003,106.8140,62.9199,0
6.8300,8190336,-0.613220,0.702515,-0.121155,0.340271,106.6910,62.8004,0
6.8400,8190346,-0.613647,0.702332,-0.121887,0.339539,106.5679,62.6782,0
6.8500,8190356,-0.614075,0.702209,-0.122620,0.338867,106.4452,62.5565,0
6.8600,8190366,-0.614502,0.702026,-0.123291,0.338135,106.3231,62.4328,0
6.8700,8190376,-0.614929,0.701904,-0.123962,0.337402,106.1996,62.3079,0
6.8800,8190386,-0.615356,0.701721,-0.124634,0.336670,106.0767,62.1775,0
6.8900,8190396,-0.615784,0.701599,-0.125305,0.335938,105.9542,62.0491,0
6.9000,8190406,-0.616272,0.701477,-0.125977,0.335205,105.8311,61.9227,0
6.9100,8190416,-0.616699,0.701294,-0.126648,0.334412,105.7090,61.7974,0
6.9200,8190426,-0.617187,0.701172,-0.127319,0.333618,105.5856,61.6732,0
6.9300,8190436,-0.617615,0.700989,-0.127991,0.332764,105.4639,61.5509,0
6.9400,8190446,-0.618103,0.700867,-0.128662,0.331970,105.3351,61.4166,0
6.9500,8190456,-0.618530,0.700684,-0.129333,0.331177,105.2060,61.2804,0
6.9600,8190466,-0.618958,0.700562,-0.130005,0.330444,105.0759,61.1375,0
6.9700,8190476,-0.619385,0.700439,-0.130615,0.329712,104.9466,60.9926,0
6.9800,8190486,-0.619812,0.700256,-0.131287,0.328979,104.8164,60.8462,0
6.9900,8190496,-0.620178,0.700134,-0.131897,0.328308,104.6864,60.6997,0
7.0000,8190506,-0.620605,0.700012,-0.132507,0.327576,104.5555,60.5520,0
7.0100,8190516,-0.620972,0.699829,-0.133118,0.326904,104.4304,60.4006,0
7.0200,8190526,-0.621399,0.699707,-0.133667,0.326233,104.3047,60.2488,0
7.0300,8190536,-0.621765,0.699585,-0.134216,0.325562,104.1784,60.0959,0
7.0400,8190546,-0.622131,0.699463,-0.134766,0.324890,104.0553,59.9414,0
7.0500,8190556,-0.622498,0.699341,-0.135315,0.324280,103.9316,59.7867,0
7.0600,8190566,-0.623169,0.699097,-0.136292,0.322998,103.8077,59.6328,0
7.0700,8190576,-0.623474,0.698975,-0.136841,0.322388,103.6864,59.4792,0
7.0800,8190586,-0.623840,0.698853,-0.137329,0.321777,103.5660,59.3325,0
7.0900,8190596,-0.624207,0.698730,-0.137878,0.321106,103.4449,59.1881,0
7.1000,8190606,-0.624512,0.698669,-0.138428,0.320496,103.3242,59.0453,0
7.1100,8190616,-0.624817,0.698547,-0.138977,0.319885,103.2046,58.9015,0
7.1200,8190626,-0.625183,0.698364,-0.139526,0.319275,103.0890,58.7581,0
7.1300,8190636,-0.625488,0.698303,-0.140076,0.318665,102.9705,58.6145,0
7.1400,8190646,-0.625793,0.698181,-0.140564,0.318115,102.8535,58.4707,0
7.1500,8190656,-0.626099,0.698059,-0.141052,0.317566,102.7393,58.3238,0
7.1600,8190666,-0.626343,0.697937,-0.141541,0.317017,102.6258,58.1768,0
7.1700,8190676,-0.626587,0.697876,-0.142029,0.316528,102.5123,58.0269,0
7.1800,8190686,-0.626770,0.697754,-0.142517,0.316101,102.3991,57.8783,0
7.1900,8190696,-0.627014,0.697693,-0.143005,0.315674,102.2895,57.7323,0
7.2000,8190706,-0.627197,0.697571,-0.143433,0.315308,102.1761,57.5818,0
7.2100,8190716,-0.627441,0.697510,-0.143860,0.314819,102.0634,57.4363,0
7.2200,8190726,-0.627625,0.697449,-0.144287,0.314392,101.9550,57.2926,0
7.2300,8190736,-0.627808,0.697388,-0.144653,0.313965,101.8495,57.1468,0
7.2400,8190746,-0.628052,0.697327,-0.145020,0.313538,101.7456,56.9987,0
7.2500,8190756,-0.628174,0.697266,-0.145264,0.313171,101.6413,56.8436,0
7.2600,8190766,-0.628357,0.697205,-0.145569,0.312805,101.5380,56.6909,0
7.2700,8190776,-0.628479,0.697205,-0.145813,0.312500,101.4410,56.5343,0
7.2800,8190786,-0.628601,0.697144,-0.145996,0.312256,101.3463,56.3754,0
7.2900,8190796,-0.628723,0.697144,-0.146179,0.312073,101.2546,56.2191,0
7.3000,8190806,-0.628784,0.697083,-0.146301,0.311890,101.1662,56.0627,0
7.3100,8190816,-0.628845,0.697083,-0.146423,0.311768,101.0804,55.9100,0
7.3200,8190826,-0.628906,0.697021,-0.146606,0.311646,100.9983,55.7595,0
7.3300,8190836,-0.628906,0.697021,-0.146606,0.311646,100.9202,55.6095,0
7.3400,8190846,-0.628906,0.697021,-0.146545,0.311707,100.8461,55.4569,0
7.3500,8190856,-0.628845,0.697083,-0.146484,0.311768,100.7770,55.3000,0
7.3600,8190866,-0.628723,0.697083,-0.146362,0.311951,100.7102,55.1469,0
7.3700,8190876,-0.628662,0.697144,-0.146179,0.312073,100.6455,55.0045,0
7.3800,8190886,-0.628662,0.697144,-0.146118,0.312195,100.5866,54.8801,0
7.3900,8190896,-0.628540,0.697205,-0.145813,0.312439,100.5336,54.7292,0
7.4000,8190906,-0.628235,0.697266,-0.145325,0.313110,100.4872,54.5423,0
7.4100,8190916,-0.627930,0.697388,-0.145020,0.313660,100.4390,54.3952,0
7.4200,8190926,-0.627686,0.697449,-0.144836,0.314026,100.4006,54.2830,0
7.4300,8190936,-0.627563,0.697449,-0.144592,0.314331,100.3731,54.1808,0
7.4400,8190946,-0.627319,0.697510,-0.144348,0.314758,100.3442,54.0796,0
7.4500,8190956,-0.627014,0.697632,-0.144043,0.315308,100.3169,53.9725,0
7.4600,8190966,-0.626709,0.697632,-0.143555,0.316040,100.3106,53.8538,0
7.4700,8190976,-0.626221,0.697754,-0.142944,0.317017,100.3098,53.7147,0
7.4800,8190986,-0.625610,0.697876,-0.142151,0.318298,100.3167,53.5644,0
7.4900,8190996,-0.624939,0.697998,-0.141235,0.319824,100.3379,53.4038,0
7.5000,8191006,-0.624329,0.698120,-0.140259,0.321289,100.3716,53.2606,0
7.5100,8191016,-0.623779,0.698181,-0.139526,0.322449,100.4063,53.1814,0
7.5200,8191026,-0.623291,0.698242,-0.139099,0.323486,100.4283,53.1370,0
7.5300,8191036,-0.622681,0.698364,-0.138611,0.324524,100.4621,53.0889,0
7.5400,8191046,-0.622070,0.698486,-0.138000,0.325684,100.4987,53.0489,0
7.5500,8191056,-0.621460,0.698608,-0.137390,0.326904,100.5381,53.0146,0
7.5600,8191066,-0.620728,0.698792,-0.136780,0.328186,100.5897,52.9767,0
7.5700,8191076,-0.619995,0.698975,-0.135925,0.329468,100.6451,52.9437,0
7.5800,8191086,-0.618408,0.699341,-0.134216,0.332336,100.7055,52.9167,0
7.5900,8191096,-0.617554,0.699585,-0.133362,0.333862,100.7728,52.8946,0
7.6000,8191106,-0.616638,0.699829,-0.132385,0.335388,100.8468,52.8868,0
7.6100,8191116,-0.615784,0.700012,-0.131470,0.336914,100.9272,52.8926,0
7.6200,8191126,-0.614868,0.700256,-0.130554,0.338501,101.0154,52.9119,0
7.6300,8191136,-0.613953,0.700500,-0.129578,0.340027,101.1086,52.9441,0
7.6400,8191146,-0.613037,0.700684,-0.128601,0.341492,101.2114,52.9872,0
7.6500,8191156,-0.612183,0.700989,-0.127563,0.343018,101.3210,53.0408,0
7.6600,8191166,-0.611267,0.701233,-0.126465,0.344482,101.4339,53.1018,0
7.6700,8191176,-0.610352,0.701477,-0.125366,0.345947,101.5560,53.1748,0
7.6800,8191186,-0.609497,0.701721,-0.124268,0.347351,101.6863,53.2590,0
7.6900,8191196,-0.608643,0.702026,-0.123169,0.348755,101.8195,53.3527,0
7.7000,8191206,-0.607727,0.702271,-0.122009,0.350098,101.9585,53.4597,0
7.7100,8191216,-0.606934,0.702576,-0.120850,0.351379,102.1005,53.5763,0
7.7200,8191226,-0.606079,0.702820,-0.119751,0.352661,102.2491,53.7037,0
7.7300,8191236,-0.605286,0.703064,-0.118591,0.353943,102.4127,53.8503,0
7.7400,8191246,-0.604431,0.703369,-0.117432,0.355164,102.5776,54.0002,0
7.7500,8191256,-0.603577,0.703613,-0.116272,0.356445,102.7478,54.1503,0
7.7600,8191266,-0.602783,0.703918,-0.115051,0.357666,102.9184,54.3054,0
7.7700,8191276,-0.601990,0.704163,-0.113892,0.358887,103.0953,54.4664,0
7.7800,8191286,-0.601135,0.704468,-0.112610,0.360107,103.2709,54.6337,0
7.7900,8191296,-0.600342,0.704712,-0.111389,0.361267,103.4521,54.8055,0
7.8000,8191306,-0.599548,0.705017,-0.110168,0.362427,103.6341,54.9865,0
7.8100,8191316,-0.598755,0.705261,-0.109009,0.363525,103.8170,55.1780,0
7.8200,8191326,-0.598022,0.705566,-0.107849,0.364563,104.0008,55.3770,0
7.8300,8191336,-0.597351,0.705811,-0.106689,0.365540,104.1865,55.5844,0
7.8400,8191346,-0.596008,0.706299,-0.104614,0.367310,104.3717,55.7978,0
7.8500,8191356,-0.595398,0.706543,-0.103638,0.368164,104.5576,56.0136,0
7.8600,8191366,-0.594788,0.706787,-0.102661,0.369019,104.7417,56.2321,0
7.8700,8191376,-0.594177,0.706970,-0.101685,0.369873,104.9283,56.4476,0
7.8800,8191386,-0.593567,0.707153,-0.100708,0.370728,105.1100,56.6648,0
7.8900,8191396,-0.593018,0.707397,-0.099792,0.371521,105.2920,56.8828,0
7.9000,8191406,-0.592407,0.707581,-0.098816,0.372253,105.4736,57.0998,0
7.9100,8191416,-0.591919,0.707825,-0.097900,0.372986,105.6560,57.3157,0
7.9200,8191426,-0.591370,0.708008,-0.096924,0.373657,105.8356,57.5338,0
7.9300,8191436,-0.590820,0.708191,-0.096069,0.374329,106.0144,57.7513,0
7.9400,8191446,-0.590332,0.708435,-0.095154,0.375000,106.1922,57.9672,0
7.9500,8191456,-0.589783,0.708618,-0.094299,0.375671,106.3663,58.1744,0
7.9600,8191466,-0.589294,0.708801,-0.093384,0.376343,106.5385,58.3789,0
7.9700,8191476,-0.588684,0.708984,-0.092407,0.377075,106.7108,58.5734,0
7.9800,8191486,-0.588135,0.709229,-0.091431,0.377747,106.8802,58.7633,0
7.9900,8191496,-0.587585,0.709473,-0.090454,0.378479,107.0574,58.9569,0
8.0000,8191506,-0.587036,0.709656,-0.089478,0.379211,107.2344,59.1506,0
8.0100,8191516,-0.586487,0.709839,-0.088562,0.379883,107.4089,59.3494,0
8.0200,8191526,-0.585937,0.710022,-0.087708,0.380554,107.5827,59.5528,0
8.0300,8191536,-0.585510,0.710205,-0.086914,0.381104,107.7534,59.7616,0
8.0400,8191546,-0.585022,0.710327,-0.086243,0.381714,107.9175,59.9841,0
8.0500,8191556,-0.584717,0.710388,-0.085693,0.382141,108.0821,60.2021,0
8.0600,8191566,-0.584351,0.710571,-0.085022,0.382629,108.2427,60.4155,0
8.0700,8191576,-0.583984,0.710693,-0.084351,0.383118,108.4010,60.6220,0
8.0800,8191586,-0.583557,0.710876,-0.083679,0.383606,108.5588,60.8172,0
8.0900,8191596,-0.583130,0.710999,-0.082947,0.384094,108.7155,61.0036,0
8.1000,8191606,-0.582336,0.711304,-0.081360,0.385132,108.8719,61.1839,0
8.1100,8191616,-0.582031,0.711365,-0.080688,0.385498,109.0224,61.3566,0
8.1200,8191626,-0.581787,0.711487,-0.079956,0.385925,109.1727,61.5273,0
8.1300,8191636,-0.581482,0.711609,-0.079224,0.386353,109.3199,61.7010,0
8.1400,8191646,-0.581177,0.711670,-0.078491,0.386780,109.4666,61.8781,0
8.1500,8191656,-0.580872,0.711792,-0.077820,0.387146,109.6090,62.0602,0
8.1600,8191666,-0.580688,0.711853,-0.077271,0.387451,109.7482,62.2470,0
8.1700,8191676,-0.580505,0.711853,-0.076843,0.387756,109.8836,62.4347,0
8.1800,8191686,-0.580322,0.711853,-0.076477,0.388062,110.0135,62.6208,0
8.1900,8191696,-0.580200,0.711853,-0.076233,0.388367,110.1376,62.8008,0
8.2000,8191706,-0.580017,0.711914,-0.075867,0.388672,110.2574,62.9714,0
8.2100,8191716,-0.579834,0.711914,-0.075562,0.388977,110.3737,63.1347,0
8.2200,8191726,-0.579468,0.711975,-0.075073,0.389343,110.4885,63.2883,0
8.2300,8191736,-0.579285,0.712036,-0.074646,0.389771,110.6007,63.4344,0
8.2400,8191746,-0.579041,0.712036,-0.074219,0.390137,110.7135,63.5794,0
8.2500,8191756,-0.578735,0.712097,-0.073792,0.390503,110.8264,63.7234,0
8.2600,8191766,-0.578491,0.712158,-0.073364,0.390930,110.9373,63.8663,0
8.2700,8191776,-0.578186,0.712219,-0.072937,0.391235,111.0464,64.0140,0
8.2800,8191786,-0.577942,0.712280,-0.072632,0.391541,111.1514,64.1653,0
8.2900,8191796,-0.577759,0.712341,-0.072327,0.391846,111.2549,64.3204,0
8.3000,8191806,-0.577576,0.712341,-0.072083,0.392090,111.3543,64.4808,0
8.3100,8191816,-0.577454,0.712402,-0.071899,0.392273,111.4526,64.6429,0
8.3200,8191826,-0.577393,0.712402,-0.071716,0.392395,111.5471,64.8004,0
8.3300,8191836,-0.577332,0.712402,-0.071594,0.392578,111.6368,64.9585,0
8.3400,8191846,-0.577271,0.712341,-0.071472,0.392639,111.7241,65.1134,0
8.3500,8191856,-0.577209,0.712402,-0.071350,0.392761,111.8093,65.2642,0
8.3600,8191866,-0.577209,0.712341,-0.071228,0.392822,111.8920,65.4128,0
8.3700,8191876,-0.577271,0.712341,-0.071167,0.392700,111.9724,65.5587,0
8.3800,8191886,-0.577332,0.712402,-0.071106,0.392578,112.0518,65.6995,0
8.3900,8191896,-0.577393,0.712463,-0.071045,0.392395,112.1235,65.8386,0
8.4000,8191906,-0.577515,0.712524,-0.070984,0.392151,112.1898,65.9706,0
8.4100,8191916,-0.577637,0.712524,-0.070984,0.391968,112.2527,66.0972,0
8.4200,8191926,-0.577698,0.712585,-0.070923,0.391785,112.3114,66.2191,0
8.4300,8191936,-0.577820,0.712585,-0.070984,0.391541,112.3616,66.3413,0
8.4400,8191946,-0.578003,0.712585,-0.071167,0.391296,112.4081,66.4686,0
8.4500,8191956,-0.578125,0.712524,-0.071289,0.391113,112.4492,66.5841,0
8.4600,8191966,-0.578369,0.712524,-0.071472,0.390808,112.4845,66.7019,0
8.4700,8191976,-0.578552,0.712585,-0.071777,0.390381,112.5119,66.8316,0
8.4800,8191986,-0.578918,0.712646,-0.072205,0.389587,112.5390,66.9817,0
8.4900,8191996,-0.579468,0.712708,-0.072693,0.388611,112.5739,67.1441,0
8.5000,8192006,-0.580078,0.712646,-0.073059,0.387695,112.6175,67.2764,0
8.5100,8192016,-0.580566,0.712585,-0.073425,0.387024,112.6441,67.3707,0
8.5200,8192026,-0.580994,0.712585,-0.073730,0.386353,112.6543,67.4439,0
8.5300,8192036,-0.581421,0.712524,-0.074036,0.385803,112.6662,67.5049,0
8.5400,8192046,-0.581787,0.712463,-0.074402,0.385193,112.6690,67.5565,0
8.5500,8192056,-0.582153,0.712402,-0.074890,0.384705,112.6589,67.6023,0
8.5600,8192066,-0.582520,0.712341,-0.075317,0.384155,112.6497,67.6468,0
8.5700,8192076,-0.583008,0.712158,-0.075867,0.383606,112.6318,67.6876,0
8.5800,8192086,-0.583557,0.711975,-0.076477,0.383057,112.6103,67.7254,0
8.5900,8192096,-0.583923,0.711853,-0.077026,0.382507,112.5836,67.7587,0
8.6000,8192106,-0.584412,0.711731,-0.077637,0.381836,112.5515,67.7887,0
8.6100,8192116,-0.584900,0.711670,-0.078247,0.381226,112.5182,67.8193,0
8.6200,8192126,-0.585937,0.711426,-0.079651,0.379700,112.4791,67.8509,0
8.6300,8192136,-0.586548,0.711304,-0.080383,0.378967,112.4370,67.8787,0
8.6400,8192146,-0.587158,0.711121,-0.081177,0.378113,112.3919,67.9052,0
8.6500,8192156,-0.587830,0.710937,-0.082031,0.377197,112.3391,67.9343,0
8.6600,8192166,-0.588501,0.710754,-0.083008,0.376282,112.2789,67.9626,0
8.6700,8192176,-0.589233,0.710510,-0.084106,0.375305,112.2130,67.9871,0
8.6800,8192186,-0.590088,0.710327,-0.085205,0.374207,112.1404,68.0123,0
8.6900,8192196,-0.590881,0.710083,-0.086365,0.373047,112.0633,68.0290,0
8.7000,8192206,-0.591675,0.709900,-0.087463,0.371887,111.9805,68.0414,0
8.7100,8192216,-0.592468,0.709717,-0.088562,0.370667,111.8930,68.0435,0
8.7200,8192226,-0.593323,0.709595,-0.089661,0.369385,111.8017,68.0386,0
8.7300,8192236,-0.594177,0.709412,-0.090759,0.368103,111.7043,68.0201,0
8.7400,8192246,-0.594971,0.709229,-0.091797,0.366821,111.5994,67.9894,0
8.7500,8192256,-0.595764,0.709045,-0.092896,0.365540,111.4878,67.9503,0
8.7600,8192266,-0.596619,0.708862,-0.093994,0.364258,111.3731,67.9030,0
8.7700,8192276,-0.597473,0.708679,-0.095154,0.362976,111.2422,67.8354,0
8.7800,8192286,-0.598267,0.708496,-0.096375,0.361755,111.1067,67.7629,0
8.7900,8192296,-0.599060,0.708252,-0.097595,0.360535,110.9642,67.6815,0
8.8000,8192306,-0.599854,0.707947,-0.098938,0.359375,110.8140,67.5941,0
8.8100,8192316,-0.600647,0.707703,-0.100281,0.358215,110.6608,67.5028,0
8.8200,8192326,-0.601440,0.707458,-0.101685,0.357056,110.5021,67.4077,0
8.8300,8192336,-0.602234,0.707153,-0.103027,0.355835,110.3389,67.3073,0
8.8400,8192346,-0.603027,0.706909,-0.104431,0.354614,110.1762,67.1982,0
8.8500,8192356,-0.603821,0.706604,-0.105774,0.353455,110.0092,67.0870,0
8.8600,8192366,-0.604614,0.706360,-0.107178,0.352234,109.8368,66.9700,0
8.8700,8192376,-0.605408,0.706055,-0.108582,0.351013,109.6649,66.8482,0
8.8800,8192386,-0.606995,0.705444,-0.111389,0.348572,109.4885,66.7199,0
8.8900,8192396,-0.607788,0.705139,-0.112793,0.347290,109.3089,66.5897,0
8.9000,8192406,-0.608643,0.704834,-0.114197,0.346069,109.1265,66.4548,0
8.9100,8192416,-0.609436,0.704529,-0.115662,0.344788,108.9401,66.3164,0
8.9200,8192426,-0.610229,0.704163,-0.117126,0.343506,108.7517,66.1736,0
8.9300,8192436,-0.611084,0.703857,-0.118591,0.342224,108.5596,66.0275,0
8.9400,8192446,-0.611877,0.703552,-0.119995,0.340942,108.3683,65.8773,0
8.9500,8192456,-0.612671,0.703186,-0.121460,0.339661,108.1723,65.7233,0
8.9600,8192466,-0.613525,0.702881,-0.122925,0.338318,107.9743,65.5663,0
8.9700,8192476,-0.614319,0.702515,-0.124451,0.337036,107.7730,65.4040,0
8.9800,8192486,-0.615112,0.702148,-0.125916,0.335754,107.5704,65.2374,0
8.9900,8192496,-0.615906,0.701843,-0.127319,0.334473,107.3650,65.0636,0
9.0000,8192506,-0.616699,0.701477,-0.128784,0.333191,107.1584,64.8854,0
9.0100,8192516,-0.617493,0.701111,-0.130188,0.331909,106.9491,64.7013,0
9.0200,8192526,-0.618286,0.700806,-0.131592,0.330566,106.7378,64.5174,0
9.0300,8192536,-0.619141,0.700439,-0.132996,0.329163,106.5126,64.3158,0
9.0400,8192546,-0.619934,0.700134,-0.134399,0.327820,106.2899,64.1117,0
9.0500,8192556,-0.620728,0.699768,-0.135742,0.326416,106.0665,63.9054,0
9.0600,8192566,-0.621582,0.699402,-0.137146,0.325012,105.8423,63.6993,0
9.0700,8192576,-0.622375,0.699097,-0.138550,0.323608,105.6168,63.4872,0
9.0800,8192586,-0.623230,0.698730,-0.139893,0.322205,105.3895,63.2697,0
9.0900,8192596,-0.624023,0.698364,-0.141235,0.320801,105.1587,63.0476,0
9.1000,8192606,-0.624756,0.698059,-0.142639,0.319458,104.9275,62.8229,0
9.1100,8192616,-0.625549,0.697693,-0.143982,0.318115,104.6953,62.5969,0
9.1200,8192626,-0.626282,0.697327,-0.145325,0.316711,104.4672,62.3686,0
9.1300,8192636,-0.627075,0.697021,-0.146667,0.315369,104.2356,62.1392,0
9.1400,8192646,-0.628601,0.696289,-0.149353,0.312683,104.0037,61.9111,0
9.1500,8192656,-0.629395,0.695923,-0.150696,0.311279,103.7727,61.6849,0
9.1600,8192666,-0.630127,0.695557,-0.152039,0.309814,103.5395,61.4555,0
9.1700,8192676,-0.630920,0.695190,-0.153381,0.308350,103.3055,61.2263,0
9.1800,8192686,-0.631714,0.694885,-0.154663,0.306885,103.0713,60.9955,0
9.1900,8192696,-0.632507,0.694519,-0.155945,0.305420,102.8381,60.7577,0
9.2000,8192706,-0.633301,0.694153,-0.157166,0.303955,102.6048,60.5174,0
9.2100,8192716,-0.634033,0.693848,-0.158447,0.302490,102.3712,60.2749,0
9.2200,8192726,-0.634766,0.693481,-0.159668,0.301025,102.1363,60.0253,0
9.2300,8192736,-0.635498,0.693176,-0.160889,0.299622,101.9011,59.7721,0
9.2400,8192746,-0.636230,0.692810,-0.162109,0.298218,101.6672,59.5185,0
9.2500,8192756,-0.636963,0.692444,-0.163330,0.296875,101.4313,59.2615,0
9.2600,8192766,-0.637634,0.692139,-0.164490,0.295471,101.1958,59.0025,0
9.2700,8192776,-0.638306,0.691772,-0.165649,0.294128,100.9622,58.7416,0
9.2800,8192786,-0.639038,0.691467,-0.166870,0.292786,100.7277,58.4794,0
9.2900,8192796,-0.639709,0.691101,-0.167969,0.291443,100.4825,58.2067,0
9.3000,8192806,-0.640320,0.690796,-0.169128,0.290161,100.2396,57.9309,0
9.3100,8192816,-0.640991,0.690430,-0.170288,0.288818,99.9958,57.6589,0
9.3200,8192826,-0.641663,0.690125,-0.171448,0.287537,99.7553,57.3891,0
9.3300,8192836,-0.642273,0.689758,-0.172607,0.286194,99.5169,57.1215,0
9.3400,8192846,-0.642944,0.689392,-0.173767,0.284912,99.2768,56.8549,0
9.3500,8192856,-0.643555,0.689026,-0.174927,0.283569,99.0392,56.5879,0
9.3600,8192866,-0.644165,0.688721,-0.176147,0.282288,98.8035,56.3159,0
9.3700,8192876,-0.644775,0.688354,-0.177246,0.281067,98.5677,56.0452,0
9.3800,8192886,-0.645386,0.687988,-0.178406,0.279846,98.3326,55.7725,0
9.3900,8192896,-0.645935,0.687622,-0.179565,0.278687,98.1023,55.5023,0
9.4000,8192906,-0.647095,0.686890,-0.181824,0.276367,97.8698,55.2350,0
9.4100,8192916,-0.647644,0.686523,-0.182922,0.275269,97.6401,54.9686,0
9.4200,8192926,-0.648132,0.686157,-0.184082,0.274170,97.4119,54.7043,0
9.4300,8192936,-0.648682,0.685791,-0.185242,0.273010,97.1852,54.4439,0
9.4400,8192946,-0.649231,0.685425,-0.186401,0.271912,96.9599,54.1860,0
9.4500,8192956,-0.649719,0.685059,-0.187500,0.270813,96.7382,53.9286,0
9.4600,8192966,-0.650269,0.684692,-0.188660,0.269775,96.5164,53.6704,0
9.4700,8192976,-0.650757,0.684326,-0.189758,0.268677,96.2933,53.4139,0
9.4800,8192986,-0.651245,0.683960,-0.190857,0.267639,96.0719,53.1597,0
9.4900,8192996,-0.651733,0.683594,-0.191956,0.266602,95.8522,52.9065,0
9.5000,8193006,-0.652222,0.683228,-0.193054,0.265564,95.6347,52.6554,0
9.5100,8193016,-0.652710,0.682861,-0.194092,0.264526,95.4218,52.4032,0
9.5200,8193026,-0.653137,0.682556,-0.195129,0.263550,95.2079,52.1533,0
9.5300,8193036,-0.653625,0.682190,-0.196167,0.262573,94.9964,51.9006,0
9.5400,8193046,-0.654053,0.681885,-0.197144,0.261597,94.7862,51.6488,0
9.5500,8193056,-0.654480,0.681519,-0.198059,0.260681,94.5708,51.3891,0
9.5600,8193066,-0.654846,0.681213,-0.198975,0.259766,94.3587,51.1260,0
9.5700,8193076,-0.655273,0.680969,-0.199768,0.258911,94.1511,50.8614,0
9.5800,8193086,-0.655579,0.680725,-0.200562,0.258057,93.9457,50.5926,0
9.5900,8193096,-0.655884,0.680542,-0.201233,0.257324,93.7438,50.3173,0
9.6000,8193106,-0.656128,0.680359,-0.201843,0.256714,93.5434,50.0247,0
9.6100,8193116,-0.656311,0.680176,-0.202454,0.256165,93.3492,49.7294,0
9.6200,8193126,-0.656494,0.680054,-0.202881,0.255737,93.1617,49.4295,0
9.6300,8193136,-0.656677,0.679932,-0.203308,0.255371,92.9804,49.1304,0
9.6400,8193146,-0.656738,0.679810,-0.203613,0.255066,92.8075,48.8288,0
9.6500,8193156,-0.656860,0.679749,-0.203796,0.254822,92.6396,48.5245,0
9.6600,8193166,-0.656860,0.679687,-0.203979,0.254883,92.4833,48.2105,0
9.6700,8193176,-0.656799,0.679749,-0.203796,0.255066,92.3329,47.8904,0
9.6800,8193186,-0.656677,0.679810,-0.203552,0.255310,92.1920,47.5750,0
9.6900,8193196,-0.656616,0.679871,-0.203369,0.255493,92.0576,47.2910,0
9.7000,8193206,-0.656372,0.679993,-0.202881,0.256104,91.9379,46.9645,0
9.7100,8193216,-0.655945,0.680237,-0.202026,0.257324,91.8347,46.5870,0
9.7200,8193226,-0.655457,0.680481,-0.201294,0.258362,91.7371,46.2569,0
9.7300,8193236,-0.655090,0.680725,-0.200684,0.259277,91.6464,45.9685,0
9.7400,8193246,-0.654663,0.680908,-0.200012,0.260254,91.5736,45.6967,0
9.7500,8193256,-0.654297,0.681091,-0.199280,0.261414,91.5114,45.4313,0
9.7600,8193266,-0.653809,0.681274,-0.198486,0.262573,91.4641,45.1804,0
9.7700,8193276,-0.653381,0.681458,-0.197632,0.263855,91.4387,44.9425,0
9.7800,8193286,-0.652954,0.681641,-0.196716,0.265137,91.4262,44.7207,0
9.7900,8193296,-0.652527,0.681824,-0.195923,0.266418,91.4189,44.5360,0
9.8000,8193306,-0.652039,0.681946,-0.195251,0.267700,91.4148,44.3772,0
9.8100,8193316,-0.651428,0.682129,-0.194580,0.269226,91.4238,44.2295,0
9.8200,8193326,-0.650696,0.682373,-0.193726,0.270874,91.4412,44.0804,0
9.8300,8193336,-0.650024,0.682617,-0.192932,0.272583,91.4684,43.9502,0
9.8400,8193346,-0.649231,0.682861,-0.192078,0.274353,91.5013,43.8385,0
9.8500,8193356,-0.648499,0.683167,-0.191162,0.276001,91.5468,43.7438,0
9.8600,8193366,-0.647827,0.683411,-0.190247,0.277649,91.5964,43.6749,0
9.8700,8193376,-0.647095,0.683716,-0.189331,0.279297,91.6554,43.6201,0
9.8800,8193386,-0.646362,0.683960,-0.188416,0.280884,91.7227,43.5861,0
9.8900,8193396,-0.645630,0.684265,-0.187439,0.282471,91.7985,43.5722,0
9.9000,8193406,-0.644958,0.684570,-0.186523,0.283936,91.8781,43.5738,0
9.9100,8193416,-0.644226,0.684875,-0.185608,0.285400,91.9637,43.5951,0
9.9200,8193426,-0.642944,0.685486,-0.183777,0.288147,92.0569,43.6366,0
9.9300,8193436,-0.642273,0.685730,-0.182922,0.289429,92.1561,43.6916,0
9.9400,8193446,-0.641663,0.686035,-0.182007,0.290710,92.2596,43.7586,0
9.9500,8193456,-0.641052,0.686279,-0.181152,0.291992,92.3661,43.8323,0
9.9600,8193466,-0.640381,0.686584,-0.180237,0.293213,92.4779,43.9184,0
9.9700,8193476,-0.639771,0.686890,-0.179382,0.294434,92.5941,44.0101,0
9.9800,8193486,-0.639160,0.687134,-0.178467,0.295654,92.7126,44.1086,0
9.9900,8193496,-0.638550,0.687439,-0.177551,0.296875,92.8358,44.2109,0
10.0000,8193506,-0.637939,0.687744,-0.176697,0.298096,92.9622,44.3218,0
10.0100,8193516,-0.637329,0.687988,-0.175781,0.299255,93.0923,44.4383,0
10.0200,8193526,-0.636780,0.688293,-0.174805,0.300354,93.2252,44.5633,0
10.0300,8193536,-0.636169,0.688599,-0.173889,0.301453,93.3577,44.6943,0
10.0400,8193546,-0.635620,0.688843,-0.172974,0.302551,93.4936,44.8288,0
10.0500,8193556,-0.635010,0.689148,-0.172058,0.303650,93.6314,44.9630,0
10.0600,8193566,-0.634460,0.689453,-0.171082,0.304810,93.7724,45.1011,0
10.0700,8193576,-0.633850,0.689697,-0.170105,0.305908,93.9250,45.2535,0
10.0800,8193586,-0.633301,0.690002,-0.169189,0.306946,94.0800,45.4118,0
10.0900,8193596,-0.632690,0.690308,-0.168274,0.307983,94.2317,45.5745,0
10.1000,8193606,-0.632141,0.690552,-0.167419,0.309021,94.3857,45.7450,0
10.1100,8193616,-0.631653,0.690796,-0.166565,0.309998,94.5390,45.9181,0
10.1200,8193626,-0.631104,0.691040,-0.165710,0.310974,94.6951,46.0961,0
10.1300,8193636,-0.630554,0.691345,-0.164795,0.311951,94.8516,46.2776,0
10.1400,8193646,-0.630066,0.691589,-0.164001,0.312866,95.0065,46.4592,0
10.1500,8193656,-0.629517,0.691833,-0.163147,0.313782,95.1630,46.6423,0
10.1600,8193666,-0.629028,0.692078,-0.162354,0.314697,95.3174,46.8261,0
10.1700,8193676,-0.628479,0.692322,-0.161560,0.315613,95.4709,47.0077,0
10.1800,8193686,-0.627441,0.692810,-0.159973,0.317383,95.6261,47.1925,0
10.1900,8193696,-0.626953,0.693054,-0.159180,0.318237,95.7786,47.3810,0
10.2000,8193706,-0.626465,0.693237,-0.158447,0.319092,95.9310,47.5699,0
10.2100,8193716,-0.625977,0.693481,-0.157715,0.320007,96.0844,47.7575,0
10.2200,8193726,-0.625488,0.693665,-0.157043,0.320862,96.2353,47.9451,0
10.2300,8193736,-0.624939,0.693848,-0.156311,0.321777,96.3867,48.1278,0
10.2400,8193746,-0.624451,0.694092,-0.155579,0.322693,96.5393,48.3108,0
10.2500,8193756,-0.623901,0.694275,-0.154907,0.323608,96.6910,48.4981,0
10.2600,8193766,-0.623413,0.694458,-0.154236,0.324463,96.8409,48.6859,0
10.2700,8193776,-0.622925,0.694641,-0.153625,0.325317,96.9895,48.8778,0
10.2800,8193786,-0.622437,0.694824,-0.153015,0.326172,97.1358,49.0723,0
10.2900,8193796,-0.622009,0.694946,-0.152466,0.326965,97.2815,49.2701,0
10.3000,8193806,-0.621521,0.695129,-0.151917,0.327759,97.4257,49.4653,0
10.3100,8193816,-0.621033,0.695251,-0.151367,0.328613,97.5695,49.6614,0
10.3200,8193826,-0.620605,0.695435,-0.150818,0.329407,97.7123,49.8516,0
10.3300,8193836,-0.620117,0.695618,-0.150208,0.330200,97.8599,50.0466,0
10.3400,8193846,-0.619629,0.695740,-0.149658,0.330994,98.0082,50.2406,0
10.3500,8193856,-0.619202,0.695923,-0.149048,0.331726,98.1541,50.4353,0
10.3600,8193866,-0.618774,0.696106,-0.148560,0.332458,98.2964,50.6361,0
10.3700,8193876,-0.618347,0.696228,-0.148071,0.333130,98.4379,50.8361,0
10.3800,8193886,-0.617981,0.696350,-0.147583,0.333801,98.5803,51.0365,0
10.3900,8193896,-0.617554,0.696472,-0.147095,0.334473,98.7175,51.2296,0
10.4000,8193906,-0.617126,0.696655,-0.146606,0.335205,98.8524,51.4151,0
10.4100,8193916,-0.616699,0.696777,-0.146118,0.335938,98.9885,51.5964,0
10.4200,8193926,-0.616272,0.696899,-0.145569,0.336670,99.1241,51.7767,0
10.4300,8193936,-0.615845,0.697083,-0.145020,0.337402,99.2591,51.9589,0
10.4400,8193946,-0.615051,0.697327,-0.144043,0.338684,99.3911,52.1472,0
10.4500,8193956,-0.614685,0.697449,-0.143677,0.339233,99.5240,52.3425,0
10.4600,8193966,-0.614380,0.697571,-0.143311,0.339722,99.6533,52.5437,0
10.4700,8193976,-0.614136,0.697693,-0.142944,0.340088,99.7799,52.7445,0
10.4800,8193986,-0.613892,0.697754,-0.142578,0.340515,99.9056,52.9432,0
10.4900,8193996,-0.613647,0.697876,-0.142273,0.340820,100.0276,53.1386,0
10.5000,8194006,-0.613403,0.697998,-0.141907,0.341125,100.1473,53.3279,0
10.5100,8194016,-0.613159,0.698120,-0.141541,0.341492,100.2652,53.5109,0
10.5200,8194026,-0.612976,0.698242,-0.141174,0.341797,100.3798,53.6909,0
10.5300,8194036,-0.612793,0.698303,-0.140869,0.342102,100.4936,53.8673,0
10.5400,8194046,-0.612671,0.698364,-0.140503,0.342285,100.6054,54.0440,0
10.5500,8194056,-0.612549,0.698425,-0.140259,0.342529,100.7116,54.2202,0
10.5600,8194066,-0.612427,0.698486,-0.140076,0.342712,100.8156,54.4002,0
10.5700,8194076,-0.612366,0.698486,-0.139954,0.342773,100.9138,54.5848,0
10.5800,8194086,-0.612366,0.698486,-0.139893,0.342834,101.0077,54.7704,0
10.5900,8194096,-0.612366,0.698486,-0.139893,0.342834,101.0969,54.9537,0
10.6000,8194106,-0.612366,0.698486,-0.139954,0.342773,101.1817,55.1350,0
10.6100,8194116,-0.612366,0.698486,-0.140076,0.342712,101.2573,55.3126,0
10.6200,8194126,-0.612427,0.698547,-0.140198,0.342590,101.3273,55.4859,0
10.6300,8194136,-0.612427,0.698547,-0.140442,0.342407,101.3878,55.6599,0
10.6400,8194146,-0.612488,0.698608,-0.140686,0.342041,101.4403,55.8394,0
10.6500,8194156,-0.612610,0.698608,-0.140991,0.341736,101.4876,56.0158,0
10.6600,8194166,-0.612671,0.698608,-0.141357,0.341431,101.5283,56.2014,0
10.6700,8194176,-0.612854,0.698608,-0.141846,0.340881,101.5621,56.3875,0
10.6800,8194186,-0.613098,0.698669,-0.142334,0.340210,101.6008,56.5858,0
10.6900,8194196,-0.613525,0.698669,-0.142822,0.339111,101.6509,56.7643,0
10.7000,8194206,-0.614685,0.698547,-0.143433,0.337097,101.6960,56.9036,0
10.7100,8194216,-0.615173,0.698547,-0.143677,0.336182,101.7248,57.0225,0
10.7200,8194226,-0.615662,0.698486,-0.143982,0.335205,101.7478,57.1392,0
10.7300,8194236,-0.616211,0.698364,-0.144409,0.334229,101.7639,57.2497,0
10.7400,8194246,-0.616699,0.698303,-0.144897,0.333313,101.7683,57.3470,0
10.7500,8194256,-0.617187,0.698181,-0.145447,0.332397,101.7685,57.4324,0
10.7600,8194266,-0.617676,0.698059,-0.145996,0.331482,101.7625,57.5092,0
10.7700,8194276,-0.618164,0.697937,-0.146606,0.330566,101.7458,57.5762,0
10.7800,8194286,-0.618713,0.697754,-0.147217,0.329651,101.7278,57.6395,0
10.7900,8194296,-0.619263,0.697571,-0.147949,0.328674,101.7007,57.6997,0
10.8000,8194306,-0.619812,0.697388,-0.148682,0.327637,101.6664,57.7523,0
10.8100,8194316,-0.620422,0.697205,-0.149414,0.326538,101.6280,57.7970,0
10.8200,8194326,-0.621033,0.697021,-0.150208,0.325439,101.5816,57.8361,0
10.8300,8194336,-0.621582,0.696838,-0.151062,0.324341,101.5300,57.8648,0
10.8400,8194346,-0.622253,0.696655,-0.151855,0.323181,101.4728,57.8869,0
10.8500,8194356,-0.622864,0.696472,-0.152649,0.321960,101.3985,57.8890,0
10.8600,8194366,-0.623535,0.696289,-0.153503,0.320740,101.3198,57.8839,0
10.8700,8194376,-0.624207,0.696045,-0.154358,0.319458,101.2374,57.8682,0
10.8800,8194386,-0.624878,0.695862,-0.155212,0.318176,101.1479,57.8421,0
10.8900,8194396,-0.625488,0.695679,-0.156067,0.316895,101.0536,57.8066,0
10.9000,8194406,-0.626160,0.695435,-0.156921,0.315613,100.9534,57.7659,0
10.9100,8194416,-0.626831,0.695251,-0.157776,0.314270,100.8489,57.7193,0
10.9200,8194426,-0.627502,0.695068,-0.158630,0.312927,100.7420,57.6655,0
10.9300,8194436,-0.628235,0.694885,-0.159546,0.311523,100.6267,57.6077,0
10.9400,8194446,-0.628967,0.694641,-0.160461,0.310059,100.5102,57.5451,0
10.9500,8194456,-0.629700,0.694397,-0.161438,0.308594,100.3882,57.4767,0
10.9600,8194466,-0.631165,0.693848,-0.163452,0.305664,100.2606,57.4002,0
10.9700,8194476,-0.631958,0.693604,-0.164490,0.304199,100.1280,57.3175,0
10.9800,8194486,-0.632690,0.693298,-0.165588,0.302734,99.9915,57.2270,0
10.9900,8194496,-0.633423,0.692993,-0.166687,0.301270,99.8500,57.1265,0
11.0000,8194506,-0.634155,0.692688,-0.167786,0.299805,99.7024,57.0192,0
11.0100,8194516,-0.634888,0.692383,-0.168884,0.298279,99.5534,56.9059,0
11.0200,8194526,-0.635620,0.692078,-0.170044,0.296814,99.3981,56.7870,0
11.0300,8194536,-0.636353,0.691772,-0.171204,0.295349,99.2376,56.6596,0
11.0400,8194546,-0.637085,0.691406,-0.172302,0.293945,99.0780,56.5243,0
11.0500,8194556,-0.637756,0.691101,-0.173462,0.292480,98.9128,56.3844,0
11.0600,8194566,-0.638489,0.690735,-0.174622,0.291016,98.7470,56.2378,0
11.0700,8194576,-0.639221,0.690430,-0.175781,0.289551,98.5753,56.0818,0
11.0800,8194586,-0.639893,0.690063,-0.176819,0.288147,98.4020,55.9163,0
11.0900,8194596,-0.640564,0.689758,-0.177917,0.286743,98.2268,55.7418,0
11.1000,8194606,-0.641235,0.689453,-0.178955,0.285400,98.0492,55.5600,0
11.1100,8194616,-0.641846,0.689148,-0.180054,0.284058,97.8574,55.3619,0
11.1200,8194626,-0.642456,0.688843,-0.181091,0.282776,97.6659,55.1546,0
11.1300,8194636,-0.643066,0.688538,-0.182068,0.281494,97.4751,54.9428,0
11.1400,8194646,-0.643677,0.688232,-0.183105,0.280273,97.2778,54.7292,0
11.1500,8194656,-0.644226,0.687866,-0.184143,0.279053,97.0828,54.5127,0
11.1600,8194666,-0.644775,0.687622,-0.185120,0.277832,96.8887,54.2940,0
11.1700,8194676,-0.645386,0.687317,-0.186096,0.276550,96.6956,54.0756,0
11.1800,8194686,-0.645935,0.686951,-0.187073,0.275330,96.5010,53.8610,0
11.1900,8194696,-0.646545,0.686646,-0.188110,0.274048,96.3061,53.6453,0
11.2000,8194706,-0.647095,0.686340,-0.189087,0.272827,96.1122,53.4261,0
11.2100,8194716,-0.647644,0.686096,-0.190063,0.271545,95.9169,53.2079,0
11.2200,8194726,-0.648743,0.685486,-0.192017,0.269043,95.7237,52.9834,0
11.2300,8194736,-0.649292,0.685181,-0.192932,0.267822,95.5302,52.7565,0
11.2400,8194746,-0.649780,0.684875,-0.193848,0.266724,95.3376,52.5227,0
11.2500,8194756,-0.650269,0.684631,-0.194702,0.265625,95.1441,52.2834,0
11.2600,8194766,-0.650757,0.684326,-0.195557,0.264526,94.9514,52.0401,0
11.2700,8194776,-0.651184,0.684082,-0.196411,0.263489,94.7598,51.8009,0
11.2800,8194786,-0.651611,0.683838,-0.197266,0.262512,94.5677,51.5631,0
11.2900,8194796,-0.651978,0.683594,-0.198120,0.261475,94.3791,51.3255,0
11.3000,8194806,-0.652405,0.683289,-0.198914,0.260498,94.1911,51.0904,0
11.3100,8194816,-0.652832,0.683044,-0.199768,0.259460,94.0037,50.8553,0
11.3200,8194826,-0.653320,0.682800,-0.200562,0.258484,93.8200,50.6237,0
11.3300,8194836,-0.653748,0.682495,-0.201355,0.257446,93.6355,50.3932,0
11.3400,8194846,-0.654175,0.682251,-0.202148,0.256470,93.4534,50.1680,0
11.3500,8194856,-0.654541,0.682007,-0.202942,0.255432,93.2699,49.9446,0
11.3600,8194866,-0.654968,0.681763,-0.203735,0.254456,93.0910,49.7212,0
11.3700,8194876,-0.655334,0.681519,-0.204529,0.253418,92.9031,49.4879,0
11.3800,8194886,-0.655701,0.681335,-0.205261,0.252441,92.7196,49.2541,0
11.3900,8194896,-0.656067,0.681091,-0.205994,0.251526,92.5389,49.0172,0
11.4000,8194906,-0.656372,0.680908,-0.206665,0.250610,92.3611,48.7788,0
11.4100,8194916,-0.656677,0.680725,-0.207275,0.249756,92.1859,48.5396,0
11.4200,8194926,-0.656982,0.680542,-0.207947,0.248962,92.0108,48.2904,0
11.4300,8194936,-0.657288,0.680359,-0.208496,0.248169,91.8382,48.0422,0
11.4400,8194946,-0.657532,0.680237,-0.209045,0.247437,91.6686,47.7955,0
11.4500,8194956,-0.657776,0.680054,-0.209595,0.246765,91.5044,47.5471,0
11.4600,8194966,-0.658020,0.679932,-0.210083,0.246216,91.3452,47.2955,0
11.4700,8194976,-0.658203,0.679749,-0.210510,0.245667,91.1872,47.0449,0
11.4800,8194986,-0.658386,0.679687,-0.210876,0.245178,91.0327,46.7943,0
11.4900,8194996,-0.658691,0.679443,-0.211548,0.244385,90.8854,46.5418,0
11.5000,8195006,-0.658752,0.679382,-0.211792,0.244141,90.7423,46.2875,0
11.5100,8195016,-0.658813,0.679321,-0.211975,0.243958,90.6045,46.0317,0
11.5200,8195026,-0.658875,0.679321,-0.212036,0.243896,90.4717,45.7733,0
11.5300,8195036,-0.658875,0.679321,-0.212036,0.243896,90.3462,45.5153,0
11.5400,8195046,-0.658813,0.679321,-0.211975,0.243958,90.2246,45.2624,0
11.5500,8195056,-0.658813,0.679382,-0.211853,0.244080,90.1128,45.0151,0
11.5600,8195066,-0.658752,0.679382,-0.211792,0.244141,90.0065,44.7760,0
11.5700,8195076,-0.658691,0.679443,-0.211609,0.244324,89.9050,44.5490,0
11.5800,8195086,-0.658630,0.679504,-0.211487,0.244446,89.8129,44.3328,0
11.5900,8195096,-0.658569,0.679504,-0.211426,0.244568,89.7236,44.1315,0
11.6000,8195106,-0.658569,0.679565,-0.211304,0.244690,89.6393,43.9452,0
11.6100,8195116,-0.658386,0.679626,-0.210937,0.245117,89.5636,43.7215,0
11.6200,8195126,-0.658142,0.679749,-0.210632,0.245850,89.4973,43.4962,0
11.6300,8195136,-0.657898,0.679810,-0.210266,0.246460,89.4396,43.2939,0
11.6400,8195146,-0.657715,0.679993,-0.209717,0.247070,89.3934,43.0967,0
11.6500,8195156,-0.657410,0.680176,-0.209106,0.247803,89.3581,42.8974,0
11.6600,8195166,-0.657043,0.680481,-0.208374,0.248657,89.3061,42.6771,0
11.6700,8195176,-0.658020,0.679565,-0.209595,0.247559,89.2497,42.4395,0
11.6800,8195186,-0.658813,0.678772,-0.210693,0.246643,89.1975,42.1629,0
11.6900,8195196,-0.659546,0.678040,-0.211548,0.245972,89.1663,41.8896,0
11.7000,8195206,-0.659119,0.678345,-0.210327,0.247437,89.1437,41.6590,0
11.7100,8195216,-0.658630,0.678589,-0.209229,0.248840,89.1179,41.4689,0
11.7200,8195226,-0.658203,0.678833,-0.208313,0.250122,89.0964,41.2955,0
11.7300,8195236,-0.657593,0.679199,-0.207397,0.251465,89.0901,41.1195,0
11.7400,8195246,-0.657043,0.679565,-0.206299,0.252869,89.0973,40.9607,0
11.7500,8195256,-0.655762,0.680298,-0.204163,0.255859,89.1081,40.8230,0
11.7600,8195266,-0.655090,0.680664,-0.203064,0.257385,89.1302,40.7006,0
11.7700,8195276,-0.654419,0.681091,-0.201904,0.258911,89.1650,40.5950,0
11.7800,8195286,-0.653748,0.681458,-0.200806,0.260498,89.2056,40.5085,0
11.7900,8195296,-0.653076,0.681885,-0.199646,0.262085,89.2578,40.4347,0
11.8000,8195306,-0.652405,0.682312,-0.198425,0.263611,89.3205,40.3785,0
11.8100,8195316,-0.651672,0.682678,-0.197327,0.265137,89.3915,40.3428,0
11.8200,8195326,-0.651001,0.683044,-0.196228,0.266724,89.4694,40.3239,0
11.8300,8195336,-0.650330,0.683411,-0.195129,0.268250,89.5565,40.3251,0
11.8400,8195346,-0.649658,0.683716,-0.194092,0.269714,89.6512,40.3434,0
11.8500,8195356,-0.648987,0.684082,-0.193054,0.271301,89.7475,40.3724,0
11.8600,8195366,-0.648254,0.684448,-0.191956,0.272888,89.8522,40.4070,0
11.8700,8195376,-0.647522,0.684814,-0.190857,0.274536,89.9652,40.4490,0
11.8800,8195386,-0.646790,0.685181,-0.189697,0.276123,90.0858,40.4954,0
11.8900,8195396,-0.645996,0.685547,-0.188477,0.277771,90.2259,40.5690,0
11.9000,8195406,-0.645264,0.685913,-0.187256,0.279358,90.3697,40.6515,0
11.9100,8195416,-0.644470,0.686340,-0.186035,0.281006,90.5158,40.7436,0
11.9200,8195426,-0.643738,0.686707,-0.184814,0.282593,90.6683,40.8474,0
11.9300,8195436,-0.642944,0.687134,-0.183533,0.284180,90.8275,40.9590,0
11.9400,8195446,-0.642212,0.687500,-0.182312,0.285767,90.9894,41.0849,0
11.9500,8195456,-0.641418,0.687866,-0.181091,0.287354,91.1538,41.2229,0
11.9600,8195466,-0.640686,0.688293,-0.179871,0.288818,91.3219,41.3730,0
11.9700,8195476,-0.640015,0.688660,-0.178650,0.290222,91.4935,41.5299,0
11.9800,8195486,-0.639282,0.689026,-0.177490,0.291626,91.6659,41.6915,0
11.9900,8195496,-0.638550,0.689453,-0.176270,0.293030,91.8422,41.8557,0
12.0000,8195506,-0.637878,0.689819,-0.174988,0.294373,92.0227,42.0183,0
12.0100,8195516,-0.636414,0.690674,-0.172363,0.297180,92.2061,42.1811,0
12.0200,8195526,-0.635620,0.691101,-0.170959,0.298584,92.3929,42.3466,0
12.0300,8195536,-0.634888,0.691528,-0.169556,0.299988,92.5816,42.5133,0
12.0400,8195546,-0.634094,0.691956,-0.168152,0.301392,92.7734,42.6813,0
12.0500,8195556,-0.633301,0.692383,-0.166748,0.302795,92.9681,42.8551,0
12.0600,8195566,-0.632568,0.692810,-0.165283,0.304199,93.1662,43.0346,0
12.0700,8195576,-0.631775,0.693298,-0.163879,0.305542,93.3662,43.2187,0
12.0800,8195586,-0.631042,0.693726,-0.162415,0.306885,93.5688,43.4062,0
12.0900,8195596,-0.630249,0.694153,-0.160950,0.308228,93.7749,43.5979,0
12.1000,8195606,-0.629517,0.694580,-0.159546,0.309570,93.9783,43.7932,0
12.1100,8195616,-0.628723,0.695007,-0.158081,0.310852,94.1835,43.9918,0
12.1200,8195626,-0.627930,0.695496,-0.156616,0.312195,94.3915,44.1911,0
12.1300,8195636,-0.627197,0.695923,-0.155212,0.313538,94.6021,44.3931,0
12.1400,8195646,-0.626404,0.696350,-0.153748,0.314819,94.8142,44.5980,0
12.1500,8195656,-0.625610,0.696777,-0.152283,0.316162,95.0406,44.8170,0
12.1600,8195666,-0.624817,0.697205,-0.150879,0.317444,95.2682,45.0400,0
12.1700,8195676,-0.624084,0.697571,-0.149414,0.318787,95.4988,45.2673,0
12.1800,8195686,-0.623291,0.697998,-0.148010,0.320068,95.7291,45.4976,0
12.1900,8195696,-0.622498,0.698364,-0.146667,0.321289,95.9578,45.7329,0
12.2000,8195706,-0.621765,0.698792,-0.145264,0.322510,96.1871,45.9714,0
12.2100,8195716,-0.621033,0.699158,-0.143860,0.323792,96.4150,46.2063,0
12.2200,8195726,-0.620239,0.699524,-0.142517,0.325073,96.6464,46.4371,0
12.2300,8195736,-0.619446,0.699951,-0.141052,0.326294,96.8749,46.6670,0
12.2400,8195746,-0.618652,0.700317,-0.139648,0.327576,97.1046,46.8950,0
12.2500,8195756,-0.617859,0.700745,-0.138184,0.328796,97.3341,47.1234,0
12.2600,8195766,-0.617004,0.701172,-0.136719,0.330139,97.5658,47.3542,0
12.2700,8195776,-0.615417,0.701904,-0.133850,0.332642,97.7978,47.5876,0
12.2800,8195786,-0.614624,0.702332,-0.132385,0.333801,98.0319,47.8255,0
12.2900,8195796,-0.613892,0.702698,-0.130920,0.334961,98.2686,48.0638,0
12.3000,8195806,-0.613098,0.703125,-0.129456,0.336121,98.5016,48.3087,0
12.3100,8195816,-0.612366,0.703491,-0.128113,0.337219,98.7355,48.5554,0
12.3200,8195826,-0.611633,0.703857,-0.126709,0.338318,98.9671,48.8041,0
12.3300,8195836,-0.610901,0.704224,-0.125366,0.339417,99.2002,49.0503,0
12.3400,8195846,-0.610168,0.704590,-0.123962,0.340515,99.4322,49.2961,0
12.3500,8195856,-0.609436,0.704895,-0.122559,0.341553,99.6645,49.5407,0
12.3600,8195866,-0.608704,0.705261,-0.121277,0.342590,99.8945,49.7885,0
12.3700,8195876,-0.608032,0.705627,-0.119934,0.343567,100.1274,50.0429,0
12.3800,8195886,-0.607361,0.705933,-0.118713,0.344543,100.3573,50.3010,0
12.3900,8195896,-0.606689,0.706238,-0.117493,0.345520,100.5852,50.5628,0
12.4000,8195906,-0.606079,0.706482,-0.116333,0.346436,100.8116,50.8303,0
12.4100,8195916,-0.605469,0.706787,-0.115295,0.347290,101.0361,51.0997,0
12.4200,8195926,-0.604858,0.707031,-0.114319,0.348083,101.2644,51.3830,0
12.4300,8195936,-0.604370,0.707275,-0.113342,0.348816,101.4899,51.6709,0
12.4400,8195946,-0.603882,0.707458,-0.112488,0.349487,101.7116,51.9608,0
12.4500,8195956,-0.603455,0.707703,-0.111694,0.350037,101.9264,52.2567,0
12.4600,8195966,-0.603088,0.707825,-0.111023,0.350647,102.1380,52.5571,0
12.4700,8195976,-0.602722,0.708008,-0.110413,0.351074,102.3422,52.8699,0
12.4800,8195986,-0.602417,0.708130,-0.109924,0.351563,102.5429,53.1827,0
12.4900,8195996,-0.602112,0.708252,-0.109497,0.351929,102.7374,53.4960,0
12.5000,8196006,-0.601929,0.708313,-0.109131,0.352234,102.9227,53.8105,0
12.5100,8196016,-0.601746,0.708374,-0.108887,0.352478,103.1013,54.1206,0
12.5200,8196026,-0.601562,0.708496,-0.108643,0.352661,103.2721,54.4248,0
12.5300,8196036,-0.601440,0.708496,-0.108398,0.352905,103.4376,54.7226,0
12.5400,8196046,-0.601379,0.708496,-0.108276,0.352966,103.5947,55.0158,0
12.5500,8196056,-0.601379,0.708557,-0.108276,0.353027,103.7446,55.2997,0
12.5600,8196066,-0.601379,0.708557,-0.108276,0.353027,103.8888,55.5730,0
12.5700,8196076,-0.601379,0.708557,-0.108276,0.353027,104.0251,55.8368,0
12.5800,8196086,-0.601379,0.708557,-0.108276,0.353027,104.1547,56.0897,0
12.5900,8196096,-0.601379,0.708496,-0.108337,0.352966,104.2772,56.3336,0
12.6000,8196106,-0.601440,0.708496,-0.108337,0.352905,104.3924,56.5615,0
12.6100,8196116,-0.601440,0.708557,-0.108459,0.352844,104.5006,56.7840,0
12.6200,8196126,-0.601440,0.708557,-0.108643,0.352722,104.5979,57.0066,0
12.6300,8196136,-0.601501,0.708557,-0.108887,0.352539,104.6892,57.2253,0
12.6400,8196146,-0.601501,0.708618,-0.109131,0.352356,104.7727,57.4322,0
12.6500,8196156,-0.601746,0.708496,-0.109436,0.352173,104.8484,57.6340,0
12.6600,8196166,-0.601868,0.708496,-0.109802,0.351746,104.9166,57.8458,0
12.6700,8196176,-0.602051,0.708557,-0.110229,0.351135,104.9776,58.0586,0
12.6800,8196186,-0.602356,0.708618,-0.110657,0.350342,105.0249,58.2642,0
12.6900,8196196,-0.602783,0.708618,-0.111145,0.349487,105.0869,58.4658,0
12.7000,8196206,-0.603271,0.708496,-0.111511,0.348755,105.1497,58.6349,0
12.7100,8196216,-0.603577,0.708435,-0.111816,0.348206,105.1967,58.7734,0
12.7200,8196226,-0.603882,0.708435,-0.112183,0.347656,105.2352,58.8994,0
12.7300,8196236,-0.604248,0.708313,-0.112549,0.347107,105.2681,59.0182,0
12.7400,8196246,-0.604553,0.708252,-0.112976,0.346619,105.2913,59.1272,0
12.7500,8196256,-0.604858,0.708191,-0.113403,0.346069,105.3143,59.2312,0
12.7600,8196266,-0.605164,0.708130,-0.113892,0.345459,105.3282,59.3267,0
12.7700,8196276,-0.605530,0.708069,-0.114319,0.344849,105.3394,59.4124,0
12.7800,8196286,-0.605896,0.707947,-0.114746,0.344238,105.3468,59.4869,0
12.7900,8196296,-0.606689,0.707825,-0.115601,0.342896,105.3484,59.5562,0
12.8000,8196306,-0.607056,0.707764,-0.116089,0.342163,105.3448,59.6217,0
12.8100,8196316,-0.607544,0.707642,-0.116577,0.341431,105.3381,59.6841,0
12.8200,8196326,-0.608032,0.707520,-0.117188,0.340576,105.3243,59.7478,0
12.8300,8196336,-0.608521,0.707397,-0.117798,0.339722,105.3049,59.8102,0
12.8400,8196346,-0.609070,0.707275,-0.118530,0.338745,105.2777,59.8709,0
12.8500,8196356,-0.609680,0.707092,-0.119324,0.337769,105.2456,59.9280,0
12.8600,8196366,-0.610229,0.706909,-0.120178,0.336792,105.2058,59.9776,0
12.8700,8196376,-0.610840,0.706787,-0.120972,0.335754,105.1623,60.0195,0
12.8800,8196386,-0.611450,0.706604,-0.121887,0.334717,105.1086,60.0530,0
12.8900,8196396,-0.612000,0.706421,-0.122803,0.333679,105.0494,60.0759,0
12.9000,8196406,-0.612610,0.706238,-0.123657,0.332642,104.9850,60.0896,0
12.9100,8196416,-0.613220,0.706055,-0.124573,0.331604,104.9164,60.0894,0
12.9200,8196426,-0.613831,0.705872,-0.125427,0.330566,104.8424,60.0788,0
12.9300,8196436,-0.614380,0.705688,-0.126282,0.329468,104.7622,60.0610,0
12.9400,8196446,-0.614990,0.705505,-0.127197,0.328430,104.6703,60.0266,0
12.9500,8196456,-0.615601,0.705322,-0.128052,0.327332,104.5731,59.9820,0
12.9600,8196466,-0.616211,0.705139,-0.129028,0.326294,104.4696,59.9332,0
12.9700,8196476,-0.616760,0.704956,-0.130005,0.325195,104.3624,59.8804,0
12.9800,8196486,-0.617371,0.704712,-0.130981,0.324097,104.2524,59.8251,0
12.9900,8196496,-0.617981,0.704468,-0.131958,0.323059,104.1374,59.7618,0
13.0000,8196506,-0.618591,0.704285,-0.132996,0.321960,104.0200,59.6923,0
13.0100,8196516,-0.619202,0.704041,-0.134033,0.320862,103.8996,59.6145,0
13.0200,8196526,-0.619812,0.703796,-0.135010,0.319824,103.7770,59.5289,0
13.0300,8196536,-0.620422,0.703552,-0.136047,0.318787,103.6514,59.4364,0
13.0400,8196546,-0.620972,0.703308,-0.137024,0.317749,103.5221,59.3374,0
13.0500,8196556,-0.622131,0.702820,-0.138977,0.315674,103.3910,59.2333,0
13.0600,8196566,-0.622681,0.702576,-0.139954,0.314697,103.2578,59.1225,0
13.0700,8196576,-0.623291,0.702332,-0.140930,0.313599,103.1224,59.0091,0
13.0800,8196586,-0.623840,0.702087,-0.141968,0.312561,102.9832,58.8944,0
13.0900,8196596,-0.624451,0.701843,-0.142944,0.311523,102.8422,58.7778,0
13.1000,8196606,-0.625000,0.701599,-0.143921,0.310425,102.7014,58.6577,0
13.1100,8196616,-0.625610,0.701355,-0.144958,0.309387,102.5583,58.5342,0
13.1200,8196626,-0.626160,0.701111,-0.145996,0.308350,102.4141,58.4043,0
13.1300,8196636,-0.626709,0.700867,-0.146973,0.307312,102.2654,58.2710,0
13.1400,8196646,-0.627258,0.700562,-0.148010,0.306274,102.1160,58.1314,0
13.1500,8196656,-0.627869,0.700317,-0.148987,0.305237,101.9646,57.9906,0
13.1600,8196666,-0.628418,0.700073,-0.150024,0.304199,101.8108,57.8475,0
13.1700,8196676,-0.628967,0.699768,-0.151062,0.303223,101.6554,57.7028,0
13.1800,8196686,-0.629517,0.699524,-0.152100,0.302124,101.4972,57.5583,0
13.1900,8196696,-0.630066,0.699219,-0.153137,0.301086,101.3392,57.4140,0
13.2000,8196706,-0.630615,0.698975,-0.154175,0.300049,101.1724,57.2587,0
13.2100,8196716,-0.631165,0.698669,-0.155212,0.298950,101.0057,57.1000,0
13.2200,8196726,-0.631714,0.698364,-0.156250,0.297913,100.8374,56.9397,0
13.2300,8196736,-0.632324,0.698059,-0.157349,0.296814,100.6693,56.7776,0
13.2400,8196746,-0.632874,0.697754,-0.158447,0.295837,100.4991,56.6153,0
13.2500,8196756,-0.633362,0.697449,-0.159546,0.294800,100.3274,56.4500,0
13.2600,8196766,-0.633911,0.697144,-0.160645,0.293762,100.1567,56.2848,0
13.2700,8196776,-0.634460,0.696838,-0.161743,0.292786,99.9821,56.1167,0
13.2800,8196786,-0.635010,0.696533,-0.162842,0.291748,99.8088,55.9470,0
13.2900,8196796,-0.635498,0.696167,-0.163940,0.290771,99.6329,55.7782,0
13.3000,8196806,-0.636047,0.695862,-0.165039,0.289734,99.4564,55.6103,0
13.3100,8196816,-0.637085,0.695251,-0.167236,0.287720,99.2800,55.4384,0
13.3200,8196826,-0.637634,0.694946,-0.168335,0.286682,99.1036,55.2657,0
13.3300,8196836,-0.638123,0.694580,-0.169434,0.285706,98.9261,55.0870,0
13.3400,8196846,-0.638611,0.694275,-0.170471,0.284729,98.7475,54.9073,0
13.3500,8196856,-0.639099,0.693970,-0.171509,0.283813,98.5684,54.7273,0
13.3600,8196866,-0.639587,0.693665,-0.172546,0.282837,98.3921,54.5463,0
13.3700,8196876,-0.640076,0.693359,-0.173584,0.281860,98.2146,54.3656,0
13.3800,8196886,-0.640503,0.693054,-0.174622,0.280884,98.0371,54.1828,0
13.3900,8196896,-0.640991,0.692749,-0.175598,0.279968,97.8580,54.0010,0
13.4000,8196906,-0.641479,0.692444,-0.176575,0.279053,97.6834,53.8131,0
13.4100,8196916,-0.641907,0.692139,-0.177551,0.278137,97.5070,53.6192,0
13.4200,8196926,-0.642334,0.691895,-0.178467,0.277283,97.3325,53.4270,0
13.4300,8196936,-0.642761,0.691589,-0.179382,0.276428,97.1586,53.2314,0
13.4400,8196946,-0.643127,0.691284,-0.180298,0.275574,96.9871,53.0388,0
13.4500,8196956,-0.643555,0.691040,-0.181213,0.274719,96.8136,52.8471,0
13.4600,8196966,-0.643982,0.690735,-0.182129,0.273865,96.6320,52.6493,0
13.4700,8196976,-0.644409,0.690430,-0.183044,0.273071,96.4544,52.4546,0
13.4800,8196986,-0.644775,0.690186,-0.183960,0.272156,96.2751,52.2614,0
13.4900,8196996,-0.645203,0.689880,-0.184814,0.271362,96.1003,52.0692,0
13.5000,8197006,-0.645630,0.689636,-0.185669,0.270447,95.9274,51.8761,0
13.5100,8197016,-0.645996,0.689331,-0.186523,0.269592,95.7520,51.6804,0
13.5200,8197026,-0.646362,0.689148,-0.187378,0.268738,95.5809,51.4865,0
13.5300,8197036,-0.646729,0.688904,-0.188171,0.267883,95.4121,51.2906,0
13.5400,8197046,-0.647156,0.688599,-0.188904,0.267029,95.2455,51.0964,0
13.5500,8197056,-0.647522,0.688354,-0.189697,0.266235,95.0767,50.9002,0
13.5600,8197066,-0.647888,0.688171,-0.190430,0.265381,94.9088,50.7093,0
13.5700,8197076,-0.648621,0.687683,-0.191956,0.263672,94.7443,50.5223,0
13.5800,8197086,-0.648926,0.687500,-0.192749,0.262817,94.5806,50.3406,0
13.5900,8197096,-0.649353,0.687256,-0.193481,0.261902,94.4175,50.1575,0
13.6000,8197106,-0.649719,0.687012,-0.194214,0.261047,94.2569,49.9760,0
13.6100,8197116,-0.650085,0.686768,-0.194946,0.260193,94.0974,49.7938,0
13.6200,8197126,-0.650452,0.686584,-0.195679,0.259338,93.9379,49.6073,0
13.6300,8197136,-0.650757,0.686340,-0.196411,0.258545,93.7802,49.4214,0
13.6400,8197146,-0.651123,0.686157,-0.197083,0.257751,93.6258,49.2338,0
13.6500,8197156,-0.651428,0.685974,-0.197754,0.256958,93.4711,49.0468,0
13.6600,8197166,-0.651733,0.685730,-0.198486,0.256165,93.3174,48.8629,0
13.6700,8197176,-0.652039,0.685547,-0.199219,0.255371,93.1619,48.6825,0
13.6800,8197186,-0.652344,0.685364,-0.199890,0.254517,93.0091,48.5085,0
13.6900,8197196,-0.652649,0.685120,-0.200623,0.253723,92.8578,48.3338,0
13.7000,8197206,-0.653015,0.684875,-0.201355,0.252930,92.7083,48.1633,0
13.7100,8197216,-0.653320,0.684692,-0.202148,0.252136,92.5583,47.9975,0
13.7200,8197226,-0.653687,0.684387,-0.202881,0.251282,92.4057,47.8262,0
13.7300,8197236,-0.654053,0.684143,-0.203613,0.250427,92.2513,47.6560,0
13.7400,8197246,-0.654358,0.683899,-0.204346,0.249634,92.0978,47.4825,0
13.7500,8197256,-0.654663,0.683716,-0.205078,0.248779,91.9445,47.3103,0
13.7600,8197266,-0.654968,0.683472,-0.205811,0.247986,91.7933,47.1393,0
13.7700,8197276,-0.655334,0.683228,-0.206543,0.247192,91.6433,46.9664,0
13.7800,8197286,-0.655579,0.682983,-0.207275,0.246460,91.4958,46.7953,0
13.7900,8197296,-0.655884,0.682739,-0.208008,0.245789,91.3488,46.6259,0
13.8000,8197306,-0.656189,0.682434,-0.208740,0.245056,91.2006,46.4575,0
13.8100,8197316,-0.656494,0.682251,-0.209534,0.244324,91.0541,46.2889,0
13.8200,8197326,-0.656738,0.682007,-0.210266,0.243652,90.9087,46.1190,0
13.8300,8197336,-0.657227,0.681580,-0.211670,0.242310,90.7654,45.9483,0
13.8400,8197346,-0.657471,0.681335,-0.212280,0.241638,90.6208,45.7752,0
13.8500,8197356,-0.657715,0.681152,-0.212952,0.241028,90.4820,45.6034,0
13.8600,8197366,-0.657898,0.680969,-0.213562,0.240479,90.3421,45.4293,0
13.8700,8197376,-0.658142,0.680786,-0.214111,0.239868,90.2067,45.2528,0
13.8800,8197386,-0.658325,0.680603,-0.214661,0.239380,90.0706,45.0779,0
13.8900,8197396,-0.658508,0.680481,-0.215210,0.238831,89.9382,44.9025,0
13.9000,8197406,-0.658691,0.680298,-0.215698,0.238342,89.8056,44.7286,0
13.9100,8197416,-0.658875,0.680115,-0.216187,0.237915,89.6764,44.5561,0
13.9200,8197426,-0.658997,0.679993,-0.216614,0.237366,89.5507,44.3842,0
13.9300,8197436,-0.659180,0.679871,-0.217041,0.236938,89.4280,44.2124,0
13.9400,8197446,-0.659363,0.679749,-0.217407,0.236511,89.3047,44.0402,0
13.9500,8197456,-0.659485,0.679687,-0.217712,0.236084,89.1869,43.8639,0
13.9600,8197466,-0.659607,0.679565,-0.217957,0.235779,89.0719,43.6833,0
13.9700,8197476,-0.659668,0.679504,-0.218201,0.235535,88.9595,43.5020,0
13.9800,8197486,-0.659729,0.679443,-0.218384,0.235352,88.8503,43.3189,0
13.9900,8197496,-0.659790,0.679382,-0.218506,0.235229,88.7458,43.1373,0
14.0000,8197506,-0.659851,0.679382,-0.218628,0.235107,88.6455,42.9582,0
14.0100,8197516,-0.659851,0.679321,-0.218689,0.235046,88.5495,42.7815,0
14.0200,8197526,-0.659851,0.679321,-0.218689,0.235046,88.4583,42.6072,0
14.0300,8197536,-0.659851,0.679321,-0.218689,0.235046,88.3705,42.4291,0
14.0400,8197546,-0.659851,0.679382,-0.218689,0.235107,88.2883,42.2575,0
14.0500,8197556,-0.659851,0.679382,-0.218628,0.235107,88.2114,42.0927,0
14.0600,8197566,-0.659790,0.679382,-0.218567,0.235229,88.1371,41.9381,0
14.0700,8197576,-0.659790,0.679443,-0.218445,0.235291,88.0691,41.7912,0
14.0800,8197586,-0.659729,0.679443,-0.218384,0.235352,88.0045,41.6517,0
14.0900,8197596,-0.659729,0.679443,-0.218323,0.235413,87.9437,41.5197,0
14.1000,8197606,-0.659668,0.679504,-0.218201,0.235535,87.8842,41.3956,0
14.1100,8197616,-0.659668,0.679565,-0.218079,0.235657,87.8288,41.2766,0
14.1200,8197626,-0.659607,0.679565,-0.218018,0.235718,87.7794,41.1671,0
14.1300,8197636,-0.659607,0.679565,-0.217957,0.235779,87.7329,41.0637,0
14.1400,8197646,-0.659546,0.679626,-0.217773,0.235901,87.6889,40.9500,0
14.1500,8197656,-0.659424,0.679687,-0.217590,0.236267,87.6519,40.8214,0
14.1600,8197666,-0.659302,0.679749,-0.217407,0.236633,87.6187,40.7088,0
14.1700,8197676,-0.659180,0.679810,-0.217285,0.237000,87.5854,40.6110,0
14.1800,8197686,-0.659058,0.679871,-0.217102,0.237305,87.5598,40.5146,0
14.1900,8197696,-0.658936,0.679932,-0.216858,0.237671,87.5369,40.4250,0
14.2000,8197706,-0.658813,0.679993,-0.216675,0.237976,87.5133,40.3442,0
14.2100,8197716,-0.658752,0.680054,-0.216370,0.238220,87.4953,40.2729,0
14.2200,8197726,-0.658630,0.680176,-0.216125,0.238464,87.4812,40.2005,0
14.2300,8197736,-0.658508,0.680237,-0.215820,0.238770,87.4692,40.1300,0
14.2400,8197746,-0.658386,0.680359,-0.215454,0.239136,87.4664,40.0652,0
14.2500,8197756,-0.658264,0.680481,-0.215088,0.239502,87.4640,39.9996,0
14.2600,8197766,-0.658142,0.680603,-0.214722,0.239929,87.4659,39.9381,0
14.2700,8197776,-0.657959,0.680725,-0.214355,0.240417,87.4727,39.8782,0
14.2800,8197786,-0.657776,0.680847,-0.213989,0.240967,87.4836,39.8227,0
14.2900,8197796,-0.657532,0.680908,-0.213562,0.241516,87.5012,39.7703,0
14.3000,8197806,-0.657349,0.681030,-0.213196,0.242126,87.5211,39.7231,0
14.3100,8197816,-0.657104,0.681152,-0.212769,0.242737,87.5468,39.6839,0
14.3200,8197826,-0.656860,0.681274,-0.212402,0.243347,87.5779,39.6535,0
14.3300,8197836,-0.656677,0.681396,-0.212036,0.244019,87.6095,39.6296,0
14.3400,8197846,-0.656433,0.681519,-0.211670,0.244690,87.6456,39.6138,0
14.3500,8197856,-0.656189,0.681580,-0.211365,0.245361,87.6831,39.5990,0
14.3600,8197866,-0.655701,0.681763,-0.210693,0.246643,87.7244,39.6024,0
14.3700,8197876,-0.655518,0.681824,-0.210449,0.247192,87.7614,39.6238,0
14.3800,8197886,-0.655334,0.681885,-0.210205,0.247742,87.7967,39.6478,0
14.3900,8197896,-0.655151,0.681946,-0.209900,0.248230,87.8352,39.6733,0
14.4000,8197906,-0.654968,0.682068,-0.209656,0.248718,87.8748,39.7025,0
14.4100,8197916,-0.654785,0.682129,-0.209351,0.249207,87.9150,39.7309,0
14.4200,8197926,-0.654602,0.682251,-0.208984,0.249756,87.9557,39.7612,0
14.4300,8197936,-0.654419,0.682373,-0.208618,0.250244,87.9975,39.7913,0
14.4400,8197946,-0.654236,0.682434,-0.208252,0.250732,88.0404,39.8256,0
14.4500,8197956,-0.654053,0.682556,-0.207886,0.251282,88.0879,39.8607,0
14.4600,8197966,-0.653870,0.682678,-0.207520,0.251770,88.1350,39.8966,0
14.4700,8197976,-0.653687,0.682800,-0.207153,0.252258,88.1823,39.9399,0
14.4800,8197986,-0.653503,0.682861,-0.206787,0.252686,88.2315,39.9871,0
14.4900,8197996,-0.653320,0.682983,-0.206360,0.253113,88.2802,40.0357,0
14.5000,8198006,-0.653198,0.683105,-0.205994,0.253479,88.3339,40.0905,0
14.5100,8198016,-0.653076,0.683228,-0.205566,0.253845,88.3887,40.1456,0
14.5200,8198026,-0.652893,0.683350,-0.205200,0.254211,88.4426,40.2029,0
14.5300,8198036,-0.652771,0.683472,-0.204834,0.254578,88.4970,40.2623,0
14.5400,8198046,-0.652649,0.683594,-0.204468,0.254944,88.5524,40.3236,0
14.5500,8198056,-0.652466,0.683716,-0.204041,0.255310,88.6081,40.3843,0
14.5600,8198066,-0.652344,0.683777,-0.203674,0.255676,88.6642,40.4446,0
14.5700,8198076,-0.652222,0.683899,-0.203308,0.255981,88.7217,40.5067,0
14.5800,8198086,-0.652100,0.684021,-0.202942,0.256348,88.7778,40.5677,0
14.5900,8198096,-0.651917,0.684143,-0.202576,0.256714,88.8335,40.6300,0
14.6000,8198106,-0.651794,0.684265,-0.202209,0.257080,88.8902,40.6940,0
14.6100,8198116,-0.651672,0.684326,-0.201843,0.257385,88.9484,40.7550,0
14.6200,8198126,-0.651367,0.684570,-0.201111,0.258118,89.0068,40.8166,0
14.6300,8198136,-0.651245,0.684692,-0.200745,0.258423,89.0648,40.8771,0
14.6400,8198146,-0.651123,0.684814,-0.200378,0.258789,89.1219,40.9366,0
14.6500,8198156,-0.650940,0.684875,-0.200012,0.259155,89.1798,40.9979,0
14.6600,8198166,-0.650757,0.685059,-0.199646,0.259521,89.2367,41.0576,0
14.6700,8198176,-0.650574,0.685181,-0.199280,0.259888,89.2939,41.1179,0
14.6800,8198186,-0.650452,0.685303,-0.198853,0.260254,89.3526,41.1778,0
14.6900,8198196,-0.650269,0.685425,-0.198486,0.260620,89.4103,41.2366,0
14.7000,8198206,-0.650085,0.685608,-0.198120,0.260986,89.4708,41.2939,0
14.7100,8198216,-0.649902,0.685730,-0.197693,0.261353,89.5325,41.3515,0
14.7200,8198226,-0.649719,0.685852,-0.197266,0.261780,89.5955,41.4053,0
14.7300,8198236,-0.649597,0.685974,-0.196838,0.262207,89.6572,41.4600,0
14.7400,8198246,-0.649414,0.686096,-0.196411,0.262634,89.7196,41.5158,0
14.7500,8198256,-0.649231,0.686218,-0.195923,0.263000,89.7814,41.5725,0
14.7600,8198266,-0.649048,0.686401,-0.195496,0.263428,89.8483,41.6339,0
14.7700,8198276,-0.648865,0.686523,-0.195068,0.263855,89.9162,41.6966,0
14.7800,8198286,-0.648682,0.686646,-0.194702,0.264221,89.9826,41.7604,0
14.7900,8198296,-0.648499,0.686768,-0.194214,0.264648,90.0506,41.8230,0
14.8000,8198306,-0.648315,0.686951,-0.193848,0.265015,90.1165,41.8850,0
14.8100,8198316,-0.648071,0.687134,-0.193359,0.265442,90.1860,41.9465,0
14.8200,8198326,-0.647888,0.687256,-0.192932,0.265869,90.2558,42.0105,0
14.8300,8198336,-0.647766,0.687378,-0.192505,0.266296,90.3245,42.0750,0
14.8400,8198346,-0.647522,0.687500,-0.192078,0.266663,90.3930,42.1407,0
14.8500,8198356,-0.647339,0.687683,-0.191650,0.267090,90.4606,42.2067,0
14.8600,8198366,-0.647156,0.687866,-0.191162,0.267456,90.5297,42.2720,0
14.8700,8198376,-0.646973,0.687988,-0.190735,0.267822,90.6021,42.3354,0
14.8800,8198386,-0.646667,0.688293,-0.189758,0.268555,90.6741,42.4011,0
14.8900,8198396,-0.646484,0.688416,-0.189270,0.268921,90.7451,42.4678,0
14.9000,8198406,-0.646362,0.688538,-0.188843,0.269287,90.8150,42.5337,0
14.9100,8198416,-0.646179,0.688660,-0.188416,0.269653,90.8851,42.6013,0
14.9200,8198426,-0.645996,0.688782,-0.187988,0.270081,90.9554,42.6723,0
14.9300,8198436,-0.645874,0.688843,-0.187622,0.270447,91.0242,42.7434,0
14.9400,8198446,-0.645691,0.688965,-0.187195,0.270813,91.0932,42.8165,0
14.9500,8198456,-0.645508,0.689148,-0.186829,0.271179,91.1608,42.8891,0
14.9600,8198466,-0.645325,0.689209,-0.186401,0.271545,91.2318,42.9600,0
14.9700,8198476,-0.645142,0.689392,-0.186035,0.271912,91.3006,43.0317,0
14.9800,8198486,-0.644958,0.689514,-0.185669,0.272278,91.3696,43.1040,0
14.9900,8198496,-0.644775,0.689636,-0.185242,0.272644,91.4401,43.1771,0
15.0000,8198506,-0.644592,0.689758,-0.184875,0.273010,91.5085,43.2514,0
15.0100,8198516,-0.644470,0.689880,-0.184509,0.273315,91.5783,43.3276,0
15.0200,8198526,-0.644348,0.690002,-0.184143,0.273560,91.6478,43.4042,0
15.0300,8198536,-0.644226,0.690125,-0.183716,0.273865,91.7169,43.4813,0
15.0400,8198546,-0.644104,0.690186,-0.183350,0.274170,91.7863,43.5571,0
15.0500,8198556,-0.643921,0.690308,-0.182922,0.274475,91.8547,43.6304,0
15.0600,8198566,-0.643799,0.690430,-0.182556,0.274780,91.9229,43.7020,0
15.0700,8198576,-0.643677,0.690491,-0.182190,0.275146,91.9907,43.7720,0
15.0800,8198586,-0.643494,0.690613,-0.181824,0.275513,92.0583,43.8392,0
15.0900,8198596,-0.643372,0.690735,-0.181458,0.275879,92.1239,43.9056,0
15.1000,8198606,-0.643127,0.690857,-0.181030,0.276245,92.1898,43.9712,0
15.1100,8198616,-0.642944,0.690979,-0.180664,0.276550,92.2600,44.0354,0
15.1200,8198626,-0.642761,0.691101,-0.180237,0.276978,92.3291,44.1008,0
15.1300,8198636,-0.642639,0.691223,-0.179871,0.277344,92.3992,44.1703,0
15.1400,8198646,-0.642334,0.691406,-0.179077,0.278076,92.4688,44.2395,0
15.1500,8198656,-0.642151,0.691528,-0.178711,0.278381,92.5375,44.3089,0
15.1600,8198666,-0.642029,0.691589,-0.178345,0.278748,92.6065,44.3804,0
15.1700,8198676,-0.641846,0.691711,-0.177979,0.279114,92.6751,44.4526,0
15.1800,8198686,-0.641724,0.691772,-0.177612,0.279419,92.7423,44.5253,0
15.1900,8198696,-0.641602,0.691895,-0.177307,0.279724,92.8067,44.5970,0
15.2000,8198706,-0.641479,0.691956,-0.176941,0.280029,92.8704,44.6699,0
15.2100,8198716,-0.641296,0.692017,-0.176636,0.280334,92.9346,44.7418,0
15.2200,8198726,-0.641174,0.692139,-0.176270,0.280640,92.9987,44.8137,0
15.2300,8198736,-0.641052,0.692200,-0.175903,0.280884,93.0640,44.8870,0
15.2400,8198746,-0.640930,0.692322,-0.175598,0.281189,93.1291,44.9572,0
15.2500,8198756,-0.640808,0.692383,-0.175232,0.281433,93.1929,45.0265,0
15.2600,8198766,-0.640686,0.692505,-0.174866,0.281677,93.2547,45.0965,0
15.2700,8198776,-0.640564,0.692566,-0.174561,0.281982,93.3147,45.1645,0
15.2800,8198786,-0.640442,0.692688,-0.174255,0.282288,93.3761,45.2321,0
15.2900,8198796,-0.640320,0.692749,-0.173889,0.282532,93.4406,45.3031,0
15.3000,8198806,-0.640198,0.692871,-0.173584,0.282776,93.5020,45.3748,0
15.3100,8198816,-0.640137,0.692932,-0.173218,0.282959,93.5627,45.4459,0
15.3200,8198826,-0.640015,0.693054,-0.172913,0.283142,93.6236,45.5178,0
15.3300,8198836,-0.639893,0.693115,-0.172668,0.283386,93.6820,45.5890,0
15.3400,8198846,-0.639832,0.693176,-0.172363,0.283569,93.7418,45.6598,0
15.3500,8198856,-0.639771,0.693298,-0.172058,0.283752,93.8006,45.7302,0
15.3600,8198866,-0.639648,0.693359,-0.171814,0.283997,93.8601,45.7947,0
15.3700,8198876,-0.639526,0.693420,-0.171570,0.284241,93.9167,45.8603,0
15.3800,8198886,-0.639404,0.693481,-0.171265,0.284424,93.9747,45.9231,0
15.3900,8198896,-0.639343,0.693542,-0.170959,0.284607,94.0324,45.9860,0
15.4000,8198906,-0.639160,0.693665,-0.170471,0.285034,94.0848,46.0507,0
15.4100,8198916,-0.639038,0.693726,-0.170227,0.285278,94.1395,46.1162,0
15.4200,8198926,-0.638977,0.693787,-0.170044,0.285461,94.1914,46.1846,0
15.4300,8198936,-0.638855,0.693848,-0.169861,0.285645,94.2445,46.2501,0
15.4400,8198946,-0.638794,0.693909,-0.169678,0.285767,94.2950,46.3185,0
15.4500,8198956,-0.638733,0.693909,-0.169495,0.285950,94.3472,46.3835,0
15.4600,8198966,-0.638672,0.693970,-0.169312,0.286133,94.3950,46.4465,0
15.4700,8198976,-0.638611,0.694031,-0.169128,0.286255,94.4442,46.5076,0
15.4800,8198986,-0.638489,0.694031,-0.168945,0.286438,94.4903,46.5681,0
15.4900,8198996,-0.638428,0.694092,-0.168762,0.286621,94.5390,46.6263,0
15.5000,8199006,-0.638367,0.694153,-0.168579,0.286804,94.5846,46.6858,0
15.5100,8199016,-0.638306,0.694214,-0.168396,0.286865,94.6300,46.7471,0
15.5200,8199026,-0.638245,0.694214,-0.168274,0.286987,94.6736,46.8071,0
15.5300,8199036,-0.638245,0.694275,-0.168152,0.287109,94.7145,46.8720,0
15.5400,8199046,-0.638184,0.694275,-0.168030,0.287109,94.7539,46.9366,0
15.5500,8199056,-0.638184,0.694336,-0.167908,0.287170,94.7963,46.9986,0
15.5600,8199066,-0.638123,0.694336,-0.167786,0.287170,94.8354,47.0587,0
15.5700,8199076,-0.638123,0.694397,-0.167664,0.287170,94.8731,47.1169,0
15.5800,8199086,-0.638123,0.694397,-0.167603,0.287231,94.9077,47.1729,0
15.5900,8199096,-0.638062,0.694458,-0.167542,0.287292,94.9418,47.2260,0
15.6000,8199106,-0.638062,0.694458,-0.167480,0.287354,94.9729,47.2830,0
15.6100,8199116,-0.638062,0.694458,-0.167480,0.287354,95.0020,47.3419,0
15.6200,8199126,-0.638062,0.694458,-0.167480,0.287292,95.0272,47.4003,0
15.6300,8199136,-0.638062,0.694519,-0.167419,0.287231,95.0500,47.4575,0
15.6400,8199146,-0.638000,0.694580,-0.167419,0.287170,95.0698,47.5178,0
15.6500,8199156,-0.638000,0.694641,-0.167419,0.287048,95.0910,47.5784,0
15.6600,8199166,-0.638062,0.694702,-0.167603,0.286621,95.1106,47.6414,0
15.6700,8199176,-0.638123,0.694763,-0.167664,0.286377,95.1255,47.6999,0
15.6800,8199186,-0.638123,0.694824,-0.167786,0.286133,95.1402,47.7547,0
15.6900,8199196,-0.638184,0.694824,-0.167847,0.285889,95.1523,47.8044,0
15.7000,8199206,-0.638245,0.694885,-0.167969,0.285645,95.1619,47.8515,0
15.7100,8199216,-0.638367,0.694885,-0.168213,0.285278,95.1698,47.9103,0
15.7200,8199226,-0.638489,0.694824,-0.168396,0.284851,95.1812,47.9707,0
15.7300,8199236,-0.638672,0.694824,-0.168579,0.284363,95.1902,48.0251,0
15.7400,8199246,-0.638855,0.694824,-0.168762,0.283936,95.1944,48.0692,0
15.7500,8199256,-0.639038,0.694824,-0.168945,0.283447,95.1976,48.1110,0
15.7600,8199266,-0.639221,0.694824,-0.169067,0.282898,95.2012,48.1439,0
15.7700,8199276,-0.639404,0.694824,-0.169250,0.282471,95.1986,48.1636,0
15.7800,8199286,-0.639526,0.694824,-0.169312,0.282104,95.1948,48.1734,0
15.7900,8199296,-0.639648,0.694824,-0.169434,0.281738,95.1887,48.1747,0
15.8000,8199306,-0.639771,0.694824,-0.169495,0.281433,95.1805,48.1699,0
15.8100,8199316,-0.639893,0.694824,-0.169556,0.281128,95.1695,48.1610,0
15.8200,8199326,-0.639954,0.694824,-0.169678,0.280823,95.1585,48.1489,0
15.8300,8199336,-0.640076,0.694824,-0.169739,0.280579,95.1438,48.1330,0
15.8400,8199346,-0.640198,0.694824,-0.169800,0.280273,95.1321,48.1143,0
15.8500,8199356,-0.640259,0.694824,-0.169861,0.280029,95.1167,48.0964,0
15.8600,8199366,-0.640381,0.694824,-0.169983,0.279785,95.1027,48.0775,0
15.8700,8199376,-0.640442,0.694824,-0.170105,0.279541,95.0851,48.0565,0
15.8800,8199386,-0.640564,0.694763,-0.170227,0.279297,95.0695,48.0359,0
15.8900,8199396,-0.640625,0.694763,-0.170349,0.278992,95.0492,48.0132,0
15.9000,8199406,-0.640747,0.694763,-0.170410,0.278748,95.0317,47.9885,0
15.9100,8199416,-0.640808,0.694763,-0.170532,0.278503,95.0108,47.9613,0
15.9200,8199426,-0.641052,0.694763,-0.170654,0.277893,94.9921,47.9361,0
15.9300,8199436,-0.641174,0.694763,-0.170715,0.277588,94.9706,47.9102,0
15.9400,8199446,-0.641235,0.694763,-0.170776,0.277283,94.9508,47.8831,0
15.9500,8199456,-0.641357,0.694824,-0.170837,0.276978,94.9277,47.8559,0
15.9600,8199466,-0.641479,0.694824,-0.170898,0.276611,94.9075,47.8282,0
15.9700,8199476,-0.641602,0.694824,-0.171021,0.276245,94.8864,47.8000,0
15.9800,8199486,-0.641724,0.694824,-0.171082,0.275879,94.8614,47.7700,0
15.9900,8199496,-0.641846,0.694824,-0.171143,0.275574,94.8382,47.7384,0
16.0000,8199506,-0.641968,0.694824,-0.171265,0.275208,94.8126,47.7065,0
16.0100,8199516,-0.642090,0.694824,-0.171326,0.274841,94.7893,47.6730,0
16.0200,8199526,-0.642212,0.694824,-0.171448,0.274475,94.7642,47.6369,0
16.0300,8199536,-0.642334,0.694824,-0.171509,0.274170,94.7353,47.5982,0
16.0400,8199546,-0.642456,0.694824,-0.171570,0.273804,94.7085,47.5596,0
16.0500,8199556,-0.642578,0.694824,-0.171631,0.273438,94.6794,47.5198,0
16.0600,8199566,-0.642700,0.694824,-0.171753,0.273132,94.6522,47.4794,0
16.0700,8199576,-0.642822,0.694824,-0.171875,0.272766,94.6196,47.4366,0
16.0800,8199586,-0.642944,0.694824,-0.171997,0.272400,94.5898,47.3928,0
16.0900,8199596,-0.643066,0.694824,-0.172119,0.272095,94.5578,47.3494,0
16.1000,8199606,-0.643188,0.694824,-0.172241,0.271851,94.5274,47.3033,0
16.1100,8199616,-0.643311,0.694763,-0.172363,0.271545,94.4954,47.2552,0
16.1200,8199626,-0.643372,0.694763,-0.172485,0.271301,94.4649,47.2039,0
16.1300,8199636,-0.643494,0.694763,-0.172607,0.271057,94.4329,47.1541,0
16.1400,8199646,-0.643555,0.694763,-0.172729,0.270813,94.4031,47.1036,0
16.1500,8199656,-0.643677,0.694702,-0.172852,0.270569,94.3704,47.0543,0
16.1600,8199666,-0.643738,0.694702,-0.172974,0.270325,94.3400,47.0092,0
16.1700,8199676,-0.643860,0.694702,-0.173096,0.270020,94.3086,46.9609,0
16.1800,8199686,-0.644043,0.694641,-0.173279,0.269531,94.2793,46.9137,0
16.1900,8199696,-0.644165,0.694641,-0.173462,0.269226,94.2472,46.8663,0
16.2000,8199706,-0.644226,0.694641,-0.173523,0.268982,94.2167,46.8183,0
16.2100,8199716,-0.644287,0.694580,-0.173645,0.268799,94.1857,46.7672,0
16.2200,8199726,-0.644409,0.694580,-0.173767,0.268555,94.1534,46.7143,0
16.2300,8199736,-0.644470,0.694580,-0.173889,0.268372,94.1207,46.6635,0
16.2400,8199746,-0.644531,0.694519,-0.174011,0.268188,94.0897,46.6135,0
16.2500,8199756,-0.644592,0.694519,-0.174133,0.268066,94.0602,46.5586,0
16.2600,8199766,-0.644653,0.694519,-0.174194,0.267883,94.0285,46.5071,0
16.2700,8199776,-0.644653,0.694458,-0.174316,0.267822,93.9977,46.4533,0
16.2800,8199786,-0.644714,0.694458,-0.174438,0.267700,93.9691,46.4040,0
16.2900,8199796,-0.644775,0.694397,-0.174561,0.267578,93.9376,46.3571,0
16.3000,8199806,-0.644836,0.694397,-0.174683,0.267395,93.9101,46.3094,0
16.3100,8199816,-0.644897,0.694336,-0.174744,0.267273,93.8822,46.2653,0
16.3200,8199826,-0.644958,0.694336,-0.174866,0.267151,93.8531,46.2216,0
16.3300,8199836,-0.645020,0.694275,-0.174988,0.267029,93.8243,46.1776,0
16.3400,8199846,-0.645020,0.694275,-0.175110,0.266907,93.7956,46.1352,0
16.3500,8199856,-0.645081,0.694214,-0.175232,0.266785,93.7677,46.0918,0
16.3600,8199866,-0.645142,0.694214,-0.175354,0.266663,93.7406,46.0506,0
16.3700,8199876,-0.645203,0.694153,-0.175476,0.266602,93.7136,46.0102,0
16.3800,8199886,-0.645203,0.694153,-0.175598,0.266479,93.6867,45.9687,0
16.3900,8199896,-0.645264,0.694092,-0.175720,0.266357,93.6611,45.9281,0
16.4000,8199906,-0.645325,0.694092,-0.175842,0.266235,93.6331,45.8896,0
16.4100,8199916,-0.645325,0.694092,-0.175903,0.266174,93.6065,45.8516,0
16.4200,8199926,-0.645386,0.694031,-0.176025,0.266052,93.5824,45.8161,0
16.4300,8199936,-0.645447,0.694031,-0.176147,0.265930,93.5590,45.7824,0
16.4400,8199946,-0.645508,0.693970,-0.176392,0.265686,93.5324,45.7466,0
16.4500,8199956,-0.645569,0.693909,-0.176575,0.265564,93.5071,45.7156,0
16.4600,8199966,-0.645630,0.693848,-0.176697,0.265442,93.4823,45.6856,0
16.4700,8199976,-0.645691,0.693848,-0.176819,0.265320,93.4576,45.6522,0
16.4800,8199986,-0.645752,0.693787,-0.176941,0.265198,93.4342,45.6216,0
16.4900,8199996,-0.645813,0.693787,-0.177063,0.265137,93.4093,45.5920,0
16.5000,8200006,-0.645813,0.693726,-0.177185,0.265015,93.3845,45.5613,0
16.5100,8200016,-0.645874,0.693726,-0.177307,0.264893,93.3628,45.5321,0
16.5200,8200026,-0.645935,0.693665,-0.177429,0.264771,93.3378,45.5038,0
16.5300,8200036,-0.645996,0.693665,-0.177551,0.264648,93.3135,45.4744,0
16.5400,8200046,-0.646057,0.693604,-0.177734,0.264526,93.2921,45.4482,0
16.5500,8200056,-0.646057,0.693604,-0.177856,0.264343,93.2676,45.4228,0
16.5600,8200066,-0.646118,0.693542,-0.177979,0.264221,93.2442,45.3949,0
16.5700,8200076,-0.646179,0.693481,-0.178101,0.264099,93.2232,45.3696,0
16.5800,8200086,-0.646240,0.693481,-0.178284,0.263977,93.1996,45.3462,0
16.5900,8200096,-0.646301,0.693420,-0.178406,0.263855,93.1765,45.3214,0
16.6000,8200106,-0.646362,0.693420,-0.178589,0.263733,93.1532,45.2947,0
16.6100,8200116,-0.646423,0.693359,-0.178711,0.263550,93.1293,45.2681,0
16.6200,8200126,-0.646484,0.693298,-0.178833,0.263428,93.1023,45.2429,0
16.6300,8200136,-0.646545,0.693298,-0.179016,0.263306,93.0797,45.2164,0
16.6400,8200146,-0.646606,0.693237,-0.179138,0.263184,93.0563,45.1924,0
16.6500,8200156,-0.646667,0.693176,-0.179321,0.263000,93.0311,45.1671,0
16.6600,8200166,-0.646667,0.693176,-0.179443,0.262878,93.0070,45.1437,0
16.6700,8200176,-0.646729,0.693115,-0.179626,0.262756,92.9805,45.1220,0
16.6800,8200186,-0.646790,0.693054,-0.179749,0.262573,92.9559,45.0971,0
16.6900,8200196,-0.646851,0.693054,-0.179932,0.262451,92.9319,45.0734,0
16.7000,8200206,-0.646973,0.692932,-0.180237,0.262146,92.9066,45.0490,0
16.7100,8200216,-0.647034,0.692932,-0.180420,0.261963,92.8837,45.0246,0
16.7200,8200226,-0.647095,0.692871,-0.180542,0.261841,92.8589,44.9989,0
16.7300,8200236,-0.647156,0.692810,-0.180725,0.261719,92.8347,44.9727,0
16.7400,8200246,-0.647217,0.692810,-0.180847,0.261597,92.8080,44.9472,0
16.7500,8200256,-0.647278,0.692749,-0.180969,0.261414,92.7826,44.9205,0
16.7600,8200266,-0.647339,0.692749,-0.181152,0.261292,92.7579,44.8933,0
16.7700,8200276,-0.647400,0.692688,-0.181274,0.261169,92.7325,44.8657,0
16.7800,8200286,-0.647461,0.692627,-0.181396,0.261047,92.7078,44.8387,0
16.7900,8200296,-0.647461,0.692627,-0.181519,0.260925,92.6843,44.8125,0
16.8000,8200306,-0.647522,0.692566,-0.181702,0.260803,92.6595,44.7876,0
16.8100,8200316,-0.647583,0.692566,-0.181824,0.260681,92.6347,44.7614,0
16.8200,8200326,-0.647644,0.692505,-0.181946,0.260559,92.6117,44.7353,0
16.8300,8200336,-0.647705,0.692505,-0.182068,0.260437,92.5868,44.7092,0
16.8400,8200346,-0.647766,0.692444,-0.182251,0.260315,92.5631,44.6832,0
16.8500,8200356,-0.647766,0.692383,-0.182373,0.260132,92.5375,44.6554,0
16.8600,8200366,-0.647827,0.692383,-0.182495,0.260010,92.5137,44.6296,0
16.8700,8200376,-0.647888,0.692322,-0.182617,0.259888,92.4869,44.6039,0
16.8800,8200386,-0.647949,0.692322,-0.182739,0.259766,92.4619,44.5739,0
16.8900,8200396,-0.648010,0.692261,-0.182861,0.259705,92.4394,44.5467,0
16.9000,8200406,-0.648010,0.692261,-0.182983,0.259583,92.4137,44.5208,0
16.9100,8200416,-0.648071,0.692200,-0.183105,0.259460,92.3887,44.4936,0
16.9200,8200426,-0.648132,0.692139,-0.183228,0.259338,92.3662,44.4661,0
16.9300,8200436,-0.648193,0.692139,-0.183350,0.259216,92.3422,44.4399,0
16.9400,8200446,-0.648193,0.692078,-0.183472,0.259094,92.3182,44.4131,0
16.9500,8200456,-0.648254,0.692078,-0.183594,0.258972,92.2961,44.3852,0
16.9600,8200466,-0.648315,0.692017,-0.183716,0.258911,92.2768,44.3576,0
16.9700,8200476,-0.648376,0.692017,-0.183899,0.258667,92.2536,44.3308,0
16.9800,8200486,-0.648437,0.691956,-0.184021,0.258606,92.2321,44.3021,0
16.9900,8200496,-0.648437,0.691956,-0.184143,0.258545,92.2112,44.2737,0
17.0000,8200506,-0.648499,0.691895,-0.184204,0.258423,92.1888,44.2486,0
17.0100,8200516,-0.648499,0.691895,-0.184326,0.258301,92.1669,44.2234,0
17.0200,8200526,-0.648560,0.691833,-0.184448,0.258240,92.1472,44.1976,0
17.0300,8200536,-0.648621,0.691833,-0.184509,0.258118,92.1280,44.1731,0
17.0400,8200546,-0.648621,0.691772,-0.184631,0.258057,92.1059,44.1505,0
17.0500,8200556,-0.648682,0.691772,-0.184753,0.257935,92.0856,44.1264,0
17.0600,8200566,-0.648743,0.691772,-0.184875,0.257813,92.0657,44.1041,0
17.0700,8200576,-0.648743,0.691711,-0.184937,0.257751,92.0468,44.0811,0
17.0800,8200586,-0.648804,0.691711,-0.185059,0.257629,92.0269,44.0599,0
17.0900,8200596,-0.648865,0.691650,-0.185181,0.257507,92.0080,44.0372,0
17.1000,8200606,-0.648865,0.691650,-0.185242,0.257446,91.9894,44.0133,0
17.1100,8200616,-0.648926,0.691589,-0.185364,0.257324,91.9675,43.9892,0
17.1200,8200626,-0.648987,0.691589,-0.185486,0.257263,91.9478,43.9658,0
17.1300,8200636,-0.648987,0.691528,-0.185608,0.257141,91.9286,43.9435,0
17.1400,8200646,-0.649048,0.691528,-0.185669,0.257019,91.9072,43.9241,0
17.1500,8200656,-0.649109,0.691467,-0.185791,0.256897,91.8862,43.9025,0
17.1600,8200666,-0.649109,0.691467,-0.185913,0.256836,91.8669,43.8821,0
17.1700,8200676,-0.649170,0.691406,-0.186035,0.256714,91.8454,43.8638,0
17.1800,8200686,-0.649231,0.691406,-0.186157,0.256592,91.8244,43.8422,0
17.1900,8200696,-0.649231,0.691345,-0.186279,0.256470,91.8051,43.8216,0
17.2000,8200706,-0.649292,0.691345,-0.186401,0.256348,91.7854,43.8026,0
17.2100,8200716,-0.649353,0.691284,-0.186523,0.256287,91.7648,43.7803,0
17.2200,8200726,-0.649414,0.691284,-0.186646,0.256165,91.7465,43.7579,0
17.2300,8200736,-0.649475,0.691223,-0.186829,0.255981,91.7292,43.7343,0
17.2400,8200746,-0.649475,0.691162,-0.186890,0.255859,91.7083,43.7136,0
17.2500,8200756,-0.649536,0.691162,-0.187012,0.255798,91.6873,43.6914,0
17.2600,8200766,-0.649597,0.691101,-0.187134,0.255676,91.6680,43.6715,0
17.2700,8200776,-0.649597,0.691101,-0.187256,0.255554,91.6502,43.6526,0
17.2800,8200786,-0.649658,0.691040,-0.187378,0.255493,91.6302,43.6316,0
17.2900,8200796,-0.649719,0.691040,-0.187439,0.255371,91.6112,43.6116,0
17.3000,8200806,-0.649719,0.691040,-0.187561,0.255249,91.5931,43.5925,0
17.3100,8200816,-0.649780,0.690979,-0.187683,0.255188,91.5723,43.5745,0
17.3200,8200826,-0.649841,0.690979,-0.187805,0.255066,91.5518,43.5536,0
17.3300,8200836,-0.649841,0.690918,-0.187927,0.254944,91.5330,43.5338,0
17.3400,8200846,-0.649902,0.690918,-0.187988,0.254883,91.5181,43.5137,0
17.3500,8200856,-0.649902,0.690857,-0.188110,0.254761,91.4985,43.4929,0
17.3600,8200866,-0.649963,0.690857,-0.188171,0.254700,91.4804,43.4712,0
17.3700,8200876,-0.650024,0.690796,-0.188293,0.254578,91.4620,43.4512,0
17.3800,8200886,-0.650024,0.690796,-0.188416,0.254517,91.4403,43.4302,0
17.3900,8200896,-0.650085,0.690735,-0.188477,0.254395,91.4214,43.4085,0
17.4000,8200906,-0.650085,0.690735,-0.188599,0.254333,91.4034,43.3891,0
17.4100,8200916,-0.650146,0.690735,-0.188660,0.254272,91.3858,43.3671,0
17.4200,8200926,-0.650146,0.690674,-0.188782,0.254150,91.3653,43.3473,0
17.4300,8200936,-0.650208,0.690674,-0.188843,0.254089,91.3465,43.3231,0
17.4400,8200946,-0.650208,0.690674,-0.188904,0.254028,91.3280,43.2971,0
17.4500,8200956,-0.650269,0.690613,-0.188965,0.253967,91.3116,43.2718,0
17.4600,8200966,-0.650269,0.690613,-0.189026,0.253906,91.2960,43.2472,0
17.4700,8200976,-0.650269,0.690613,-0.189087,0.253845,91.2818,43.2250,0
17.4800,8200986,-0.650330,0.690613,-0.189148,0.253845,91.2640,43.2033,0
17.4900,8200996,-0.650330,0.690552,-0.189209,0.253723,91.2471,43.1815,0
17.5000,8201006,-0.650391,0.690552,-0.189270,0.253662,91.2328,43.1595,0
17.5100,8201016,-0.650391,0.690552,-0.189331,0.253601,91.2174,43.1391,0
17.5200,8201026,-0.650391,0.690491,-0.189392,0.253540,91.2028,43.1204,0
17.5300,8201036,-0.650452,0.690491,-0.189453,0.253479,91.1890,43.1032,0
17.5400,8201046,-0.650452,0.690491,-0.189514,0.253418,91.1727,43.0868,0
17.5500,8201056,-0.650452,0.690430,-0.189575,0.253357,91.1572,43.0725,0
17.5600,8201066,-0.650513,0.690430,-0.189697,0.253296,91.1425,43.0557,0
17.5700,8201076,-0.650513,0.690430,-0.189758,0.253235,91.1285,43.0374,0
17.5800,8201086,-0.650574,0.690430,-0.189758,0.253174,91.1147,43.0189,0
17.5900,8201096,-0.650574,0.690369,-0.189819,0.253174,91.1015,43.0013,0
17.6000,8201106,-0.650574,0.690369,-0.189880,0.253113,91.0890,42.9839,0
17.6100,8201116,-0.650574,0.690369,-0.189941,0.253052,91.0740,42.9662,0
17.6200,8201126,-0.650635,0.690369,-0.189941,0.252991,91.0603,42.9501,0
17.6300,8201136,-0.650635,0.690369,-0.190002,0.252991,91.0467,42.9316,0
17.6400,8201146,-0.650635,0.690308,-0.190063,0.252930,91.0344,42.9134,0
17.6500,8201156,-0.650635,0.690308,-0.190125,0.252869,91.0233,42.8973,0
17.6600,8201166,-0.650696,0.690308,-0.190186,0.252869,91.0116,42.8838,0
17.6700,8201176,-0.650696,0.690308,-0.190186,0.252808,91.0028,42.8698,0
17.6800,8201186,-0.650757,0.690247,-0.190247,0.252747,90.9896,42.8577,0
17.6900,8201196,-0.650757,0.690247,-0.190308,0.252686,90.9770,42.8419,0
17.7000,8201206,-0.650757,0.690247,-0.190369,0.252625,90.9645,42.8268,0
17.7100,8201216,-0.650757,0.690247,-0.190430,0.252563,90.9532,42.8120,0
17.7200,8201226,-0.650818,0.690247,-0.190491,0.252563,90.9418,42.7961,0
17.7300,8201236,-0.650818,0.690186,-0.190491,0.252502,90.9322,42.7792,0
17.7400,8201246,-0.650818,0.690186,-0.190491,0.252502,90.9219,42.7631,0
17.7500,8201256,-0.650818,0.690186,-0.190491,0.252502,90.9133,42.7485,0
17.7600,8201266,-0.650818,0.690186,-0.190491,0.252502,90.9046,42.7345,0
17.7700,8201276,-0.650818,0.690186,-0.190491,0.252502,90.8968,42.7219,0
17.7800,8201286,-0.650818,0.690186,-0.190552,0.252502,90.8895,42.7105,0
17.7900,8201296,-0.650818,0.690186,-0.190552,0.252502,90.8831,42.6991,0
17.8000,8201306,-0.650818,0.690186,-0.190552,0.252502,90.8771,42.6882,0
17.8100,8201316,-0.650818,0.690186,-0.190552,0.252441,90.8707,42.6785,0
17.8200,8201326,-0.650818,0.690186,-0.190552,0.252441,90.8647,42.6687,0
17.8300,8201336,-0.650818,0.690186,-0.190552,0.252441,90.8595,42.6587,0
17.8400,8201346,-0.650818,0.690186,-0.190552,0.252441,90.8540,42.6481,0
17.8500,8201356,-0.650818,0.690186,-0.190552,0.252441,90.8476,42.6350,0
17.8600,8201366,-0.650818,0.690186,-0.190552,0.252441,90.8428,42.6208,0
17.8700,8201376,-0.650818,0.690186,-0.190552,0.252441,90.8387,42.6056,0
17.8800,8201386,-0.650818,0.690186,-0.190552,0.252441,90.8337,42.5905,0
17.8900,8201396,-0.650818,0.690186,-0.190552,0.252441,90.8283,42.5750,0
17.9000,8201406,-0.650818,0.690186,-0.190552,0.252502,90.8244,42.5590,0
17.9100,8201416,-0.650818,0.690186,-0.190491,0.252502,90.8207,42.5421,0
17.9200,8201426,-0.650818,0.690247,-0.190430,0.252563,90.8172,42.5248,0
17.9300,8201436,-0.650757,0.690247,-0.190369,0.252625,90.8114,42.5122,0
17.9400,8201446,-0.650757,0.690247,-0.190308,0.252686,90.8115,42.4972,0
17.9500,8201456,-0.650696,0.690308,-0.190247,0.252747,90.8109,42.4823,0
17.9600,8201466,-0.650696,0.690308,-0.190186,0.252808,90.8098,42.4694,0
17.9700,8201476,-0.650696,0.690308,-0.190125,0.252869,90.8082,42.4553,0
17.9800,8201486,-0.650635,0.690308,-0.190063,0.252930,90.8060,42.4439,0
17.9900,8201496,-0.650635,0.690369,-0.189941,0.253052,90.8077,42.4360,0
18.0000,8201506,-0.650574,0.690369,-0.189880,0.253113,90.8075,42.4279,0
18.0100,8201516,-0.650513,0.690430,-0.189758,0.253235,90.8103,42.4185,0
18.0200,8201526,-0.650513,0.690430,-0.189636,0.253296,90.8129,42.4107,0
18.0300,8201536,-0.650452,0.690491,-0.189575,0.253357,90.8154,42.4052,0
18.0400,8201546,-0.650391,0.690491,-0.189514,0.253540,90.8203,42.3947,0
18.0500,8201556,-0.650330,0.690491,-0.189514,0.253723,90.8244,42.3872,0
18.0600,8201566,-0.650269,0.690491,-0.189453,0.253906,90.8289,42.3824,0
18.0700,8201576,-0.650208,0.690491,-0.189453,0.254150,90.8368,42.3787,0
18.0800,8201586,-0.650146,0.690491,-0.189392,0.254333,90.8450,42.3728,0
18.0900,8201596,-0.650085,0.690491,-0.189331,0.254517,90.8521,42.3726,0
18.1000,8201606,-0.650024,0.690491,-0.189270,0.254700,90.8621,42.3743,0
18.1100,8201616,-0.649963,0.690491,-0.189209,0.254822,90.8703,42.3778,0
18.1200,8201626,-0.649902,0.690491,-0.189148,0.255005,90.8799,42.3811,0
18.1300,8201636,-0.649841,0.690491,-0.189087,0.255188,90.8890,42.3862,0
18.1400,8201646,-0.649780,0.690552,-0.189026,0.255371,90.9008,42.3887,0
18.1500,8201656,-0.649719,0.690552,-0.188965,0.255615,90.9115,42.3924,0
18.1600,8201666,-0.649658,0.690552,-0.188904,0.255798,90.9241,42.3984,0
18.1700,8201676,-0.649536,0.690552,-0.188782,0.256042,90.9372,42.4055,0
18.1800,8201686,-0.649475,0.690552,-0.188721,0.256287,90.9517,42.4152,0
18.1900,8201696,-0.649414,0.690552,-0.188660,0.256531,90.9654,42.4275,0
18.2000,8201706,-0.649292,0.690613,-0.188599,0.256714,90.9804,42.4416,0
18.2100,8201716,-0.649231,0.690613,-0.188538,0.256897,90.9952,42.4552,0
18.2200,8201726,-0.649170,0.690613,-0.188477,0.257080,91.0087,42.4651,0
18.2300,8201736,-0.649109,0.690674,-0.188293,0.257263,91.0252,42.4764,0
18.2400,8201746,-0.649048,0.690674,-0.188171,0.257446,91.0397,42.4878,0
18.2500,8201756,-0.648987,0.690735,-0.187988,0.257629,91.0573,42.4993,0
18.2600,8201766,-0.648926,0.690796,-0.187805,0.257813,91.0757,42.5127,0
18.2700,8201776,-0.648804,0.690857,-0.187439,0.258118,91.0939,42.5273,0
18.2800,8201786,-0.648743,0.690918,-0.187256,0.258240,91.1124,42.5423,0
18.2900,8201796,-0.648682,0.690979,-0.187134,0.258423,91.1332,42.5610,0
18.3000,8201806,-0.648621,0.691040,-0.186951,0.258606,91.1523,42.5769,0
18.3100,8201816,-0.648560,0.691040,-0.186768,0.258728,91.1741,42.5946,0
18.3200,8201826,-0.648437,0.691101,-0.186584,0.258911,91.1949,42.6107,0
18.3300,8201836,-0.648376,0.691162,-0.186401,0.259094,91.2146,42.6280,0
18.3400,8201846,-0.648315,0.691223,-0.186218,0.259277,91.2353,42.6445,0
18.3500,8201856,-0.648254,0.691284,-0.186035,0.259460,91.2561,42.6620,0
18.3600,8201866,-0.648193,0.691345,-0.185852,0.259644,91.2802,42.6793,0
18.3700,8201876,-0.648132,0.691345,-0.185608,0.259827,91.3062,42.6977,0
18.3800,8201886,-0.648010,0.691406,-0.185425,0.260010,91.3315,42.7169,0
18.3900,8201896,-0.647949,0.691467,-0.185242,0.260193,91.3575,42.7382,0
18.4000,8201906,-0.647888,0.691528,-0.185059,0.260315,91.3834,42.7609,0
18.4100,8201916,-0.647827,0.691589,-0.184937,0.260498,91.4068,42.7843,0
18.4200,8201926,-0.647766,0.691589,-0.184753,0.260620,91.4315,42.8101,0
18.4300,8201936,-0.647705,0.691650,-0.184631,0.260803,91.4588,42.8384,0
18.4400,8201946,-0.647644,0.691711,-0.184448,0.260925,91.4858,42.8665,0
18.4500,8201956,-0.647583,0.691711,-0.184326,0.261108,91.5147,42.8927,0
18.4600,8201966,-0.647522,0.691772,-0.184143,0.261292,91.5421,42.9171,0
18.4700,8201976,-0.647461,0.691772,-0.184021,0.261475,91.5663,42.9427,0
18.4800,8201986,-0.647339,0.691833,-0.183899,0.261719,91.5942,42.9689,0
18.4900,8201996,-0.647278,0.691895,-0.183716,0.261841,91.6214,42.9968,0
18.5000,8202006,-0.647217,0.691895,-0.183533,0.262024,91.6491,43.0234,0
18.5100,8202016,-0.647156,0.691956,-0.183411,0.262146,91.6754,43.0512,0
18.5200,8202026,-0.647095,0.692017,-0.183228,0.262329,91.7041,43.0787,0
18.5300,8202036,-0.646973,0.692078,-0.182922,0.262634,91.7314,43.1055,0
18.5400,8202046,-0.646912,0.692139,-0.182739,0.262756,91.7574,43.1353,0
18.5500,8202056,-0.646851,0.692139,-0.182617,0.262878,91.7845,43.1647,0
18.5600,8202066,-0.646851,0.692200,-0.182495,0.263000,91.8121,43.1970,0
18.5700,8202076,-0.646790,0.692261,-0.182312,0.263123,91.8402,43.2283,0
18.5800,8202086,-0.646729,0.692261,-0.182190,0.263245,91.8664,43.2574,0
18.5900,8202096,-0.646667,0.692322,-0.182068,0.263367,91.8918,43.2894,0
18.6000,8202106,-0.646606,0.692322,-0.181946,0.263550,91.9179,43.3186,0
18.6100,8202116,-0.646545,0.692383,-0.181824,0.263611,91.9427,43.3475,0
18.6200,8202126,-0.646545,0.692383,-0.181702,0.263733,91.9657,43.3799,0
18.6300,8202136,-0.646484,0.692444,-0.181580,0.263855,91.9906,43.4136,0
18.6400,8202146,-0.646484,0.692444,-0.181519,0.263916,92.0167,43.4480,0
18.6500,8202156,-0.646423,0.692505,-0.181396,0.263977,92.0402,43.4801,0
18.6600,8202166,-0.646362,0.692505,-0.181335,0.264099,92.0626,43.5131,0
18.6700,8202176,-0.646362,0.692505,-0.181213,0.264160,92.0833,43.5463,0
18.6800,8202186,-0.646301,0.692566,-0.181152,0.264282,92.1049,43.5754,0
18.6900,8202196,-0.646301,0.692566,-0.181030,0.264343,92.1278,43.6062,0
18.7000,8202206,-0.646240,0.692566,-0.180969,0.264404,92.1520,43.6367,0
18.7100,8202216,-0.646240,0.692627,-0.180847,0.264526,92.1745,43.6632,0
18.7200,8202226,-0.646179,0.692627,-0.180786,0.264587,92.1964,43.6896,0
18.7300,8202236,-0.646118,0.692688,-0.180664,0.264709,92.2167,43.7172,0
18.7400,8202246,-0.646118,0.692688,-0.180542,0.264832,92.2390,43.7428,0
18.7500,8202256,-0.646057,0.692749,-0.180481,0.264893,92.2591,43.7666,0
18.7600,8202266,-0.645996,0.692749,-0.180359,0.265015,92.2805,43.7923,0
18.7700,8202276,-0.645996,0.692810,-0.180237,0.265076,92.3002,43.8161,0
18.7800,8202286,-0.645935,0.692810,-0.180115,0.265198,92.3215,43.8370,0
18.7900,8202296,-0.645874,0.692871,-0.179993,0.265320,92.3430,43.8574,0
18.8000,8202306,-0.645813,0.692932,-0.179749,0.265564,92.3609,43.8787,0
18.8100,8202316,-0.645752,0.692932,-0.179626,0.265625,92.3823,43.8995,0
18.8200,8202326,-0.645691,0.692993,-0.179504,0.265747,92.4015,43.9193,0
18.8300,8202336,-0.645630,0.692993,-0.179382,0.265869,92.4208,43.9413,0
18.8400,8202346,-0.645630,0.693054,-0.179260,0.265991,92.4429,43.9609,0
18.8500,8202356,-0.645569,0.693054,-0.179138,0.266113,92.4651,43.9802,0
18.8600,8202366,-0.645508,0.693115,-0.179016,0.266235,92.4856,44.0010,0
18.8700,8202376,-0.645447,0.693115,-0.178894,0.266357,92.5076,44.0202,0
18.8800,8202386,-0.645447,0.693176,-0.178711,0.266418,92.5291,44.0379,0
18.8900,8202396,-0.645386,0.693237,-0.178528,0.266479,92.5495,44.0602,0
18.9000,8202406,-0.645325,0.693298,-0.178345,0.266602,92.5715,44.0801,0
18.9100,8202416,-0.645325,0.693359,-0.178223,0.266663,92.5917,44.0991,0
18.9200,8202426,-0.645264,0.693359,-0.178040,0.266724,92.6109,44.1171,0
18.9300,8202436,-0.645203,0.693420,-0.177856,0.266846,92.6329,44.1342,0
18.9400,8202446,-0.645203,0.693481,-0.177673,0.266907,92.6544,44.1530,0
18.9500,8202456,-0.645142,0.693542,-0.177551,0.267029,92.6756,44.1714,0
18.9600,8202466,-0.645081,0.693542,-0.177429,0.267151,92.6956,44.1921,0
18.9700,8202476,-0.645020,0.693604,-0.177307,0.267273,92.7141,44.2111,0
18.9800,8202486,-0.644958,0.693604,-0.177185,0.267395,92.7354,44.2286,0
18.9900,8202496,-0.644958,0.693665,-0.177002,0.267517,92.7563,44.2477,0
19.0000,8202506,-0.644897,0.693665,-0.176880,0.267639,92.7780,44.2647,0
19.0100,8202516,-0.644836,0.693726,-0.176758,0.267822,92.7992,44.2852,0
19.0200,8202526,-0.644775,0.693787,-0.176575,0.267944,92.8200,44.3040,0
19.0300,8202536,-0.644714,0.693787,-0.176453,0.268066,92.8428,44.3219,0
19.0400,8202546,-0.644653,0.693848,-0.176331,0.268188,92.8639,44.3426,0
19.0500,8202556,-0.644592,0.693848,-0.176147,0.268311,92.8846,44.3629,0
19.0600,8202566,-0.644470,0.693970,-0.175903,0.268555,92.9067,44.3821,0
19.0700,8202576,-0.644409,0.693970,-0.175781,0.268738,92.9277,44.4024,0
19.0800,8202586,-0.644409,0.694031,-0.175598,0.268860,92.9497,44.4222,0
19.0900,8202596,-0.644348,0.694031,-0.175476,0.268982,92.9711,44.4436,0
19.1000,8202606,-0.644287,0.694092,-0.175354,0.269104,92.9920,44.4638,0
19.1100,8202616,-0.644226,0.694092,-0.175171,0.269226,93.0162,44.4837,0
19.1200,8202626,-0.644165,0.694153,-0.175049,0.269348,93.0386,44.5051,0
19.1300,8202636,-0.644104,0.694214,-0.174927,0.269531,93.0593,44.5267,0
19.1400,8202646,-0.644043,0.694214,-0.174805,0.269592,93.0833,44.5489,0
19.1500,8202656,-0.643982,0.694275,-0.174622,0.269714,93.1049,44.5725,0
19.1600,8202666,-0.643982,0.694275,-0.174500,0.269836,93.1260,44.5950,0
19.1700,8202676,-0.643921,0.694336,-0.174377,0.269958,93.1486,44.6175,0
19.1800,8202686,-0.643860,0.694336,-0.174255,0.270081,93.1700,44.6421,0
19.1900,8202696,-0.643799,0.694397,-0.174133,0.270203,93.1910,44.6642,0
19.2000,8202706,-0.643738,0.694397,-0.174011,0.270325,93.2134,44.6877,0
19.2100,8202716,-0.643738,0.694458,-0.173889,0.270447,93.2367,44.7101,0
19.2200,8202726,-0.643677,0.694458,-0.173767,0.270569,93.2588,44.7313,0
19.2300,8202736,-0.643616,0.694519,-0.173645,0.270691,93.2816,44.7546,0
19.2400,8202746,-0.643555,0.694519,-0.173462,0.270813,93.3057,44.7774,0
19.2500,8202756,-0.643494,0.694580,-0.173340,0.270935,93.3293,44.8002,0
19.2600,8202766,-0.643433,0.694580,-0.173218,0.271057,93.3540,44.8267,0
19.2700,8202776,-0.643433,0.694641,-0.173157,0.271179,93.3770,44.8513,0
19.2800,8202786,-0.643372,0.694641,-0.173035,0.271240,93.4019,44.8748,0
19.2900,8202796,-0.643311,0.694702,-0.172913,0.271362,93.4255,44.8989,0
19.3000,8202806,-0.643250,0.694702,-0.172791,0.271484,93.4492,44.9231,0
19.3100,8202816,-0.643250,0.694763,-0.172668,0.271606,93.4748,44.9448,0
19.3200,8202826,-0.643127,0.694824,-0.172424,0.271790,93.4985,44.9680,0
19.3300,8202836,-0.643066,0.694824,-0.172302,0.271912,93.5205,44.9912,0
19.3400,8202846,-0.643066,0.694885,-0.172180,0.272034,93.5450,45.0139,0
19.3500,8202856,-0.643005,0.694885,-0.172058,0.272156,93.5684,45.0391,0
19.3600,8202866,-0.642944,0.694946,-0.171936,0.272217,93.5906,45.0631,0
19.3700,8202876,-0.642944,0.694946,-0.171875,0.272339,93.6148,45.0859,0
19.3800,8202886,-0.642883,0.695007,-0.171753,0.272461,93.6401,45.1087,0
19.3900,8202896,-0.642822,0.695007,-0.171631,0.272522,93.6630,45.1341,0
19.4000,8202906,-0.642822,0.695007,-0.171570,0.272644,93.6848,45.1577,0
19.4100,8202916,-0.642761,0.695068,-0.171448,0.272705,93.7086,45.1794,0
19.4200,8202926,-0.642700,0.695068,-0.171326,0.272827,93.7306,45.2027,0
19.4300,8202936,-0.642639,0.695129,-0.171204,0.272888,93.7515,45.2259,0
19.4400,8202946,-0.642639,0.695129,-0.171143,0.273010,93.7708,45.2474,0
19.4500,8202956,-0.642578,0.695190,-0.171021,0.273132,93.7928,45.2672,0
19.4600,8202966,-0.642517,0.695190,-0.170898,0.273193,93.8131,45.2892,0
19.4700,8202976,-0.642517,0.695190,-0.170776,0.273315,93.8362,45.3112,0
19.4800,8202986,-0.642456,0.695251,-0.170654,0.273438,93.8580,45.3341,0
19.4900,8202996,-0.642395,0.695251,-0.170593,0.273499,93.8776,45.3576,0
19.5000,8203006,-0.642395,0.695312,-0.170471,0.273621,93.8975,45.3793,0
19.5100,8203016,-0.642334,0.695312,-0.170349,0.273682,93.9194,45.4000,0
19.5200,8203026,-0.642273,0.695374,-0.170288,0.273804,93.9385,45.4251,0
19.5300,8203036,-0.642273,0.695374,-0.170166,0.273865,93.9577,45.4484,0
19.5400,8203046,-0.642212,0.695374,-0.170105,0.273987,93.9767,45.4717,0
19.5500,8203056,-0.642212,0.695435,-0.169983,0.274048,93.9972,45.4944,0
19.5600,8203066,-0.642151,0.695435,-0.169922,0.274109,94.0173,45.5160,0
19.5700,8203076,-0.642151,0.695435,-0.169861,0.274170,94.0357,45.5408,0
19.5800,8203086,-0.642090,0.695496,-0.169678,0.274353,94.0533,45.5632,0
19.5900,8203096,-0.642029,0.695496,-0.169617,0.274414,94.0706,45.5857,0
19.6000,8203106,-0.642029,0.695496,-0.169556,0.274475,94.0883,45.6076,0
19.6100,8203116,-0.641968,0.695557,-0.169434,0.274536,94.1064,45.6273,0
19.6200,8203126,-0.641968,0.695557,-0.169373,0.274597,94.1229,45.6503,0
19.6300,8203136,-0.641907,0.695557,-0.169312,0.274658,94.1387,45.6703,0
19.6400,8203146,-0.641907,0.695618,-0.169250,0.274780,94.1536,45.6899,0
19.6500,8203156,-0.641846,0.695618,-0.169128,0.274841,94.1715,45.7092,0
19.6600,8203166,-0.641846,0.695618,-0.169067,0.274902,94.1885,45.7293,0
19.6700,8203176,-0.641785,0.695679,-0.169006,0.274963,94.2053,45.7497,0
19.6800,8203186,-0.641785,0.695679,-0.168945,0.275024,94.2200,45.7685,0
19.6900,8203196,-0.641724,0.695679,-0.168884,0.275085,94.2346,45.7869,0
19.7000,8203206,-0.641724,0.695679,-0.168762,0.275146,94.2516,45.8045,0
19.7100,8203216,-0.641663,0.695740,-0.168701,0.275208,94.2672,45.8205,0
19.7200,8203226,-0.641663,0.695740,-0.168640,0.275330,94.2831,45.8395,0
19.7300,8203236,-0.641602,0.695740,-0.168579,0.275391,94.2971,45.8575,0
19.7400,8203246,-0.641602,0.695801,-0.168518,0.275391,94.3115,45.8776,0
19.7500,8203256,-0.641602,0.695801,-0.168457,0.275452,94.3253,45.8979,0
19.7600,8203266,-0.641602,0.695801,-0.168457,0.275452,94.3383,45.9195,0
19.7700,8203276,-0.641602,0.695801,-0.168457,0.275452,94.3489,45.9413,0
19.7800,8203286,-0.641602,0.695801,-0.168457,0.275452,94.3590,45.9619,0
19.7900,8203296,-0.641602,0.695801,-0.168457,0.275452,94.3686,45.9815,0
19.8000,8203306,-0.641602,0.695801,-0.168457,0.275452,94.3783,46.0002,0
19.8100,8203316,-0.641602,0.695801,-0.168457,0.275452,94.3881,46.0179,0
19.8200,8203326,-0.641602,0.695801,-0.168457,0.275452,94.3974,46.0335,0
19.8300,8203336,-0.641602,0.695801,-0.168457,0.275452,94.4051,46.0496,0
19.8400,8203346,-0.641602,0.695801,-0.168457,0.275452,94.4141,46.0648,0
19.8500,8203356,-0.641602,0.695801,-0.168457,0.275452,94.4215,46.0805,0
19.8600,8203366,-0.641602,0.695801,-0.168457,0.275452,94.4292,46.0954,0
19.8700,8203376,-0.641602,0.695801,-0.168457,0.275452,94.4365,46.1113,0
19.8800,8203386,-0.641602,0.695801,-0.168457,0.275452,94.4428,46.1258,0
19.8900,8203396,-0.641602,0.695801,-0.168457,0.275452,94.4482,46.1390,0
19.9000,8203406,-0.641602,0.695801,-0.168457,0.275452,94.4545,46.1516,0
19.9100,8203416,-0.641602,0.695801,-0.168457,0.275452,94.4593,46.1635,0
19.9200,8203426,-0.641602,0.695801,-0.168457,0.275452,94.4621,46.1748,0
19.9300,8203436,-0.641602,0.695801,-0.168457,0.275452,94.4665,46.1862,0
19.9400,8203446,-0.641602,0.695801,-0.168457,0.275452,94.4713,46.1976,0
19.9500,8203456,-0.641602,0.695801,-0.168457,0.275452,94.4758,46.2084,0
19.9600,8203466,-0.641602,0.695801,-0.168457,0.275452,94.4796,46.2186,0
19.9700,8203476,-0.641602,0.695801,-0.168457,0.275452,94.4819,46.2290,0
19.9800,8203486,-0.641602,0.695801,-0.168457,0.275452,94.4836,46.2382,0
19.9900,8203496,-0.641602,0.695801,-0.168457,0.275452,94.4846,46.2476,0
20.0000,8203506,-0.641602,0.695801,-0.168457,0.275452,94.4867,46.2553,0
20.0100,8203516,-0.641602,0.695801,-0.168457,0.275452,94.4905,46.2614,0
20.0200,8203526,-0.641602,0.695801,-0.168457,0.275452,94.4959,46.2661,0
20.0300,8203536,-0.641602,0.695801,-0.168457,0.275452,94.5010,46.2693,0
20.0400,8203546,-0.641602,0.695801,-0.168396,0.275452,94.5084,46.2712,0
20.0500,8203556,-0.641602,0.695801,-0.168335,0.275391,94.5154,46.2748,0
20.0600,8203566,-0.641602,0.695801,-0.168335,0.275391,94.5232,46.2770,0
20.0700,8203576,-0.641602,0.695862,-0.168274,0.275391,94.5289,46.2802,0
20.0800,8203586,-0.641602,0.695862,-0.168213,0.275330,94.5349,46.2833,0
20.0900,8203596,-0.641602,0.695923,-0.168152,0.275269,94.5406,46.2869,0
20.1000,8203606,-0.641602,0.695923,-0.168091,0.275208,94.5460,46.2860,0
20.1100,8203616,-0.641663,0.695984,-0.168030,0.275146,94.5511,46.2851,0
20.1200,8203626,-0.641663,0.695984,-0.167908,0.275146,94.5560,46.2824,0
20.1300,8203636,-0.641663,0.696045,-0.167847,0.275085,94.5601,46.2805,0
20.1400,8203646,-0.641602,0.696045,-0.167725,0.275085,94.5651,46.2764,0
20.1500,8203656,-0.641602,0.696106,-0.167603,0.275085,94.5693,46.2748,0
20.1600,8203666,-0.641602,0.696106,-0.167542,0.275085,94.5733,46.2738,0
20.1700,8203676,-0.641602,0.696106,-0.167542,0.275085,94.5764,46.2724,0
20.1800,8203686,-0.641602,0.696106,-0.167542,0.275085,94.5789,46.2727,0
20.1900,8203696,-0.641602,0.696106,-0.167542,0.275085,94.5818,46.2743,0
20.2000,8203706,-0.641602,0.696106,-0.167542,0.275085,94.5827,46.2775,0
20.2100,8203716,-0.641602,0.696106,-0.167542,0.275085,94.5837,46.2824,0
20.2200,8203726,-0.641602,0.696106,-0.167542,0.275085,94.5851,46.2870,0
20.2300,8203736,-0.641602,0.696106,-0.167542,0.275085,94.5854,46.2903,0
20.2400,8203746,-0.641602,0.696106,-0.167542,0.275085,94.5867,46.2945,0
20.2500,8203756,-0.641602,0.696106,-0.167542,0.275085,94.5869,46.2985,0
20.2600,8203766,-0.641602,0.696106,-0.167542,0.275085,94.5858,46.3053,0
20.2700,8203776,-0.641602,0.696106,-0.167542,0.275085,94.5854,46.3135,0
20.2800,8203786,-0.641602,0.696106,-0.167542,0.275085,94.5856,46.3226,0
20.2900,8203796,-0.641663,0.696106,-0.167603,0.275024,94.5852,46.3323,0
20.3000,8203806,-0.641663,0.696106,-0.167664,0.274963,94.5836,46.3469,0
20.3100,8203816,-0.641724,0.696045,-0.167725,0.274902,94.5833,46.3571,0
20.3200,8203826,-0.641724,0.696045,-0.167786,0.274841,94.5793,46.3685,0
20.3300,8203836,-0.641785,0.696045,-0.167908,0.274780,94.5773,46.3758,0
20.3400,8203846,-0.641785,0.696045,-0.167969,0.274719,94.5747,46.3887,0
20.3500,8203856,-0.641846,0.695984,-0.168030,0.274597,94.5700,46.4031,0
20.3600,8203866,-0.641846,0.695984,-0.168213,0.274475,94.5671,46.4168,0
20.3700,8203876,-0.641968,0.695923,-0.168457,0.274170,94.5661,46.4328,0
20.3800,8203886,-0.642090,0.695923,-0.168518,0.273926,94.5614,46.4490,0
20.3900,8203896,-0.642212,0.695862,-0.168701,0.273682,94.5564,46.4697,0
20.4000,8203906,-0.642334,0.695862,-0.168884,0.273193,94.5486,46.4998,0
20.4100,8203916,-0.642517,0.695862,-0.169067,0.272705,94.5385,46.5251,0
20.4200,8203926,-0.642700,0.695801,-0.169250,0.272278,94.5289,46.5431,0
20.4300,8203936,-0.642822,0.695801,-0.169434,0.271851,94.5148,46.5576,0
20.4400,8203946,-0.643005,0.695801,-0.169617,0.271423,94.4970,46.5701,0
20.4500,8203956,-0.643127,0.695740,-0.169861,0.270996,94.4814,46.5776,0
20.4600,8203966,-0.643311,0.695679,-0.170105,0.270691,94.4640,46.5792,0
20.4700,8203976,-0.643433,0.695618,-0.170288,0.270386,94.4444,46.5706,0
20.4800,8203986,-0.643494,0.695618,-0.170471,0.270081,94.4232,46.5532,0
20.4900,8203996,-0.643616,0.695618,-0.170593,0.269836,94.4019,46.5301,0
20.5000,8204006,-0.643677,0.695557,-0.170776,0.269592,94.3779,46.5070,0
20.5100,8204016,-0.643799,0.695557,-0.170898,0.269409,94.3514,46.4769,0
20.5200,8204026,-0.643860,0.695496,-0.171021,0.269165,94.3251,46.4484,0
20.5300,8204036,-0.643921,0.695496,-0.171204,0.268921,94.2981,46.4193,0
20.5400,8204046,-0.644043,0.695435,-0.171387,0.268738,94.2743,46.3916,0
20.5500,8204056,-0.644165,0.695435,-0.171570,0.268433,94.2467,46.3688,0
20.5600,8204066,-0.644287,0.695374,-0.171753,0.268127,94.2192,46.3476,0
20.5700,8204076,-0.644409,0.695312,-0.171997,0.267822,94.1887,46.3320,0
20.5800,8204086,-0.644531,0.695251,-0.172241,0.267456,94.1610,46.3159,0
20.5900,8204096,-0.644653,0.695190,-0.172485,0.267151,94.1309,46.3010,0
20.6000,8204106,-0.644775,0.695129,-0.172791,0.266724,94.0992,46.2855,0
20.6100,8204116,-0.644958,0.695068,-0.173035,0.266357,94.0660,46.2645,0
20.6200,8204126,-0.645081,0.695007,-0.173340,0.265930,94.0319,46.2427,0
20.6300,8204136,-0.645386,0.694885,-0.173889,0.265137,93.9963,46.2188,0
20.6400,8204146,-0.645569,0.694824,-0.174194,0.264771,93.9595,46.1924,0
20.6500,8204156,-0.645691,0.694763,-0.174500,0.264404,93.9207,46.1654,0
20.6600,8204166,-0.645874,0.694702,-0.174805,0.263977,93.8814,46.1366,0
20.6700,8204176,-0.645996,0.694641,-0.175110,0.263611,93.8403,46.1067,0
20.6800,8204186,-0.646179,0.694580,-0.175415,0.263184,93.7987,46.0769,0
20.6900,8204196,-0.646301,0.694519,-0.175781,0.262817,93.7555,46.0456,0
20.7000,8204206,-0.646484,0.694397,-0.176086,0.262390,93.7119,46.0113,0
20.7100,8204216,-0.646667,0.694336,-0.176453,0.261963,93.6668,45.9774,0
20.7200,8204226,-0.646790,0.694214,-0.176880,0.261597,93.6202,45.9432,0
20.7300,8204236,-0.646973,0.694153,-0.177246,0.261169,93.5746,45.9094,0
20.7400,8204246,-0.647095,0.694031,-0.177612,0.260742,93.5275,45.8760,0
20.7500,8204256,-0.647278,0.693970,-0.177979,0.260315,93.4797,45.8392,0
20.7600,8204266,-0.647461,0.693848,-0.178406,0.259827,93.4306,45.8022,0
20.7700,8204276,-0.647644,0.693787,-0.178772,0.259399,93.3783,45.7640,0
20.7800,8204286,-0.647827,0.693665,-0.179199,0.258911,93.3217,45.7196,0
20.7900,8204296,-0.648010,0.693542,-0.179565,0.258484,93.2654,45.6754,0
20.8000,8204306,-0.648193,0.693481,-0.180054,0.258057,93.2088,45.6291,0
20.8100,8204316,-0.648315,0.693359,-0.180481,0.257629,93.1508,45.5808,0
20.8200,8204326,-0.648499,0.693237,-0.180847,0.257202,93.0905,45.5323,0
20.8300,8204336,-0.648682,0.693115,-0.181274,0.256714,93.0296,45.4777,0
20.8400,8204346,-0.648865,0.693054,-0.181641,0.256287,92.9698,45.4251,0
20.8500,8204356,-0.648987,0.692932,-0.182068,0.255859,92.9092,45.3726,0
20.8600,8204366,-0.649170,0.692810,-0.182495,0.255432,92.8492,45.3213,0
20.8700,8204376,-0.649353,0.692688,-0.182922,0.255005,92.7896,45.2664,0
20.8800,8204386,-0.649536,0.692566,-0.183411,0.254578,92.7261,45.2116,0
20.8900,8204396,-0.649841,0.692322,-0.184326,0.253723,92.6622,45.1565,0
20.9000,8204406,-0.650024,0.692261,-0.184753,0.253296,92.5994,45.1004,0
20.9100,8204416,-0.650208,0.692139,-0.185242,0.252869,92.5349,45.0446,0
20.9200,8204426,-0.650330,0.692017,-0.185669,0.252441,92.4699,44.9854,0
20.9300,8204436,-0.650513,0.691833,-0.186157,0.252014,92.4037,44.9277,0
20.9400,8204446,-0.650696,0.691711,-0.186584,0.251587,92.3371,44.8681,0
20.9500,8204456,-0.650879,0.691589,-0.187073,0.251160,92.2730,44.8083,0
20.9600,8204466,-0.651062,0.691467,-0.187500,0.250732,92.2085,44.7458,0
20.9700,8204476,-0.651245,0.691345,-0.187988,0.250244,92.1409,44.6851,0
20.9800,8204486,-0.651367,0.691223,-0.188416,0.249817,92.0724,44.6231,0
20.9900,8204496,-0.651550,0.691040,-0.188965,0.249451,92.0036,44.5605,0
21.0000,8204506,-0.651733,0.690918,-0.189392,0.249023,91.9369,44.4979,0
21.0100,8204516,-0.651855,0.690796,-0.189819,0.248596,91.8704,44.4310,0
21.0200,8204526,-0.652039,0.690674,-0.190308,0.248169,91.7986,44.3626,0
21.0300,8204536,-0.652161,0.690552,-0.190735,0.247803,91.7284,44.2938,0
21.0400,8204546,-0.652344,0.690430,-0.191223,0.247375,91.6561,44.2240,0
21.0500,8204556,-0.652527,0.690308,-0.191650,0.246948,91.5837,44.1534,0
21.0600,8204566,-0.652649,0.690186,-0.192078,0.246521,91.5075,44.0807,0
21.0700,8204576,-0.652832,0.690063,-0.192566,0.246094,91.4343,44.0103,0
21.0800,8204586,-0.653015,0.689880,-0.192993,0.245667,91.3623,43.9384,0
21.0900,8204596,-0.653198,0.689758,-0.193420,0.245239,91.2890,43.8689,0
21.1000,8204606,-0.653320,0.689636,-0.193909,0.244812,91.2168,43.8008,0
21.1100,8204616,-0.653503,0.689514,-0.194336,0.244385,91.1431,43.7311,0
21.1200,8204626,-0.653687,0.689331,-0.194824,0.243958,91.0694,43.6618,0
21.1300,8204636,-0.653870,0.689209,-0.195312,0.243530,90.9963,43.5934,0
21.1400,8204646,-0.653992,0.689026,-0.195862,0.243164,90.9237,43.5253,0
21.1500,8204656,-0.654358,0.688721,-0.196838,0.242371,90.8497,43.4563,0
21.1600,8204666,-0.654541,0.688538,-0.197388,0.241943,90.7738,43.3876,0
21.1700,8204676,-0.654663,0.688416,-0.197815,0.241516,90.6987,43.3161,0
21.1800,8204686,-0.654846,0.688293,-0.198364,0.241089,90.6253,43.2456,0
21.1900,8204696,-0.655029,0.688110,-0.198853,0.240662,90.5506,43.1773,0
21.2000,8204706,-0.655212,0.687866,-0.199341,0.240295,90.4759,43.1111,0
21.2100,8204716,-0.655396,0.687744,-0.199890,0.239807,90.4012,43.0469,0
21.2200,8204726,-0.655579,0.687561,-0.200439,0.239380,90.3240,42.9808,0
21.2300,8204736,-0.655762,0.687378,-0.200928,0.238892,90.2487,42.9149,0
21.2400,8204746,-0.656006,0.687195,-0.201416,0.238403,90.1734,42.8497,0
21.2500,8204756,-0.656189,0.687012,-0.201904,0.237976,90.0957,42.7804,0
21.2600,8204766,-0.656372,0.686890,-0.202454,0.237488,90.0169,42.7114,0
21.2700,8204776,-0.656555,0.686707,-0.203003,0.237000,89.9390,42.6439,0
21.2800,8204786,-0.656738,0.686523,-0.203491,0.236572,89.8611,42.5724,0
21.2900,8204796,-0.656921,0.686279,-0.204041,0.236145,89.7833,42.5013,0
21.3000,8204806,-0.657166,0.686096,-0.204529,0.235718,89.7007,42.4257,0
21.3100,8204816,-0.657349,0.685974,-0.205017,0.235229,89.6179,42.3483,0
21.3200,8204826,-0.657471,0.685791,-0.205505,0.234741,89.5361,42.2728,0
21.3300,8204836,-0.657654,0.685669,-0.205994,0.234253,89.4521,42.1961,0
21.3400,8204846,-0.657837,0.685547,-0.206482,0.233826,89.3686,42.1159,0
21.3500,8204856,-0.658020,0.685364,-0.206970,0.233337,89.2856,42.0354,0
21.3600,8204866,-0.658142,0.685242,-0.207458,0.232910,89.2010,41.9551,0
21.3700,8204876,-0.658325,0.685120,-0.207947,0.232422,89.1182,41.8752,0
21.3800,8204886,-0.658508,0.684937,-0.208435,0.231995,89.0364,41.7924,0
21.3900,8204896,-0.658630,0.684814,-0.208862,0.231506,88.9561,41.7112,0
21.4000,8204906,-0.658813,0.684631,-0.209351,0.231079,88.8736,41.6309,0
21.4100,8204916,-0.659241,0.684265,-0.210266,0.230225,88.7921,41.5528,0
21.4200,8204926,-0.659363,0.684143,-0.210754,0.229797,88.7104,41.4699,0
21.4300,8204936,-0.659546,0.683960,-0.211243,0.229370,88.6296,41.3868,0
21.4400,8204946,-0.659668,0.683838,-0.211731,0.228943,88.5486,41.3042,0
21.4500,8204956,-0.661377,0.682251,-0.214294,0.226379,88.4472,41.2001,0
21.4600,8204966,-0.661499,0.682068,-0.214722,0.225952,88.3483,41.0957,0
21.4700,8204976,-0.661621,0.681946,-0.215149,0.225525,88.2513,40.9940,0
21.4800,8204986,-0.661804,0.681824,-0.215576,0.225098,88.1534,40.8955,0
21.4900,8204996,-0.661926,0.681702,-0.216003,0.224670,88.0556,40.7958,0
21.5000,8205006,-0.662048,0.681580,-0.216431,0.224304,87.9613,40.6948,0
21.5100,8205016,-0.662231,0.681396,-0.216858,0.223877,87.8680,40.5958,0
21.5200,8205026,-0.662354,0.681274,-0.217285,0.223450,87.7768,40.4962,0
21.5300,8205036,-0.662476,0.681152,-0.217712,0.223083,87.6864,40.4008,0
21.5400,8205046,-0.662598,0.681030,-0.218140,0.222656,87.5969,40.3065,0
21.5500,8205056,-0.662781,0.680908,-0.218567,0.222229,87.5044,40.2137,0
21.5600,8205066,-0.662903,0.680725,-0.218933,0.221802,87.4109,40.1157,0
21.5700,8205076,-0.663025,0.680603,-0.219360,0.221436,87.3019,39.9989,0
21.5800,8205086,-0.664612,0.679077,-0.221863,0.218872,87.1765,39.8623,0
21.5900,8205096,-0.666199,0.677490,-0.224304,0.216431,87.0338,39.7113,0
21.6000,8205106,-0.667725,0.676025,-0.226685,0.213989,86.8950,39.5611,0
21.6100,8205116,-0.667847,0.675842,-0.227051,0.213623,86.7607,39.4141,0
21.6200,8205126,-0.667969,0.675720,-0.227478,0.213318,86.6305,39.2726,0
21.6300,8205136,-0.668030,0.675598,-0.227905,0.212952,86.5037,39.1320,0
21.6400,8205146,-0.668152,0.675476,-0.228271,0.212585,86.3784,38.9930,0
21.6500,8205156,-0.668274,0.675354,-0.228699,0.212280,86.2568,38.8578,0
21.6600,8205166,-0.668396,0.675232,-0.229004,0.211914,86.1399,38.7293,0
21.6700,8205176,-0.668457,0.675110,-0.229370,0.211609,86.0246,38.6054,0
21.6800,8205186,-0.668701,0.674805,-0.230103,0.210937,85.9119,38.4839,0
21.6900,8205196,-0.670166,0.673340,-0.232422,0.208557,85.7835,38.3484,0
21.7000,8205206,-0.670288,0.673218,-0.232788,0.208191,85.6591,38.2165,0
21.7100,8205216,-0.671692,0.671692,-0.235046,0.205872,85.5203,38.0694,0
21.7200,8205226,-0.673096,0.670227,-0.237244,0.203613,85.3660,37.9065,0
21.7300,8205236,-0.674438,0.668823,-0.239380,0.201416,85.1993,37.7319,0
21.7400,8205246,-0.675659,0.667419,-0.241516,0.199280,85.0222,37.5447,0
21.7500,8205256,-0.676941,0.666016,-0.243591,0.197205,84.8329,37.3452,0
21.7600,8205266,-0.678162,0.664612,-0.245544,0.195129,84.6354,37.1374,0
21.7700,8205276,-0.679321,0.663330,-0.247437,0.193176,84.4279,36.9213,0
21.7800,8205286,-0.680420,0.662048,-0.249268,0.191223,84.2163,36.6992,0
21.7900,8205296,-0.681519,0.660767,-0.251099,0.189270,83.9972,36.4695,0
21.8000,8205306,-0.682617,0.659546,-0.252869,0.187378,83.7684,36.2368,0
21.8100,8205316,-0.683594,0.658325,-0.254639,0.185547,83.5373,35.9946,0
21.8200,8205326,-0.684570,0.657166,-0.256348,0.183716,83.2865,35.7333,0
21.8300,8205336,-0.685547,0.656067,-0.257996,0.181946,83.0319,35.4706,0
21.8400,8205346,-0.686462,0.654907,-0.259583,0.180237,82.7745,35.2056,0
21.8500,8205356,-0.687317,0.653809,-0.261169,0.178589,82.5150,34.9394,0
21.8600,8205366,-0.688232,0.652771,-0.262695,0.176941,82.2571,34.6708,0
21.8700,8205376,-0.689026,0.651672,-0.264160,0.175293,81.9952,34.4002,0
21.8800,8205386,-0.689819,0.650696,-0.265625,0.173706,81.7328,34.1277,0
21.8900,8205396,-0.690613,0.649597,-0.267090,0.172241,81.4716,33.8479,0
21.9000,8205406,-0.691467,0.648621,-0.268494,0.170715,81.2073,33.5660,0
21.9100,8205416,-0.692200,0.647644,-0.269836,0.169250,80.9430,33.2815,0
21.9200,8205426,-0.692932,0.646667,-0.271118,0.167847,80.6832,32.9965,0
21.9300,8205436,-0.693604,0.645752,-0.272339,0.166565,80.4233,32.7115,0
21.9400,8205446,-0.694885,0.644043,-0.274597,0.164062,80.1676,32.4302,0
21.9500,8205456,-0.695557,0.643188,-0.275635,0.162903,79.9134,32.1486,0
21.9600,8205466,-0.696167,0.642395,-0.276672,0.161743,79.6601,31.8724,0
21.9700,8205476,-0.696716,0.641602,-0.277649,0.160645,79.4102,31.6018,0
21.9800,8205486,-0.697266,0.640869,-0.278625,0.159546,79.1633,31.3365,0
21.9900,8205496,-0.697815,0.640137,-0.279602,0.158508,78.9200,31.0745,0
22.0000,8205506,-0.698303,0.639404,-0.280518,0.157471,78.6789,30.8180,0
22.0100,8205516,-0.698853,0.638733,-0.281433,0.156494,78.4411,30.5656,0
22.0200,8205526,-0.699341,0.638000,-0.282288,0.155457,78.2064,30.3183,0
22.0300,8205536,-0.699829,0.637329,-0.283142,0.154541,77.9760,30.0717,0
22.0400,8205546,-0.700256,0.636658,-0.283997,0.153564,77.7495,29.8286,0
22.0500,8205556,-0.700684,0.636047,-0.284790,0.152710,77.5232,29.5914,0
22.0600,8205566,-0.701111,0.635498,-0.285583,0.151794,77.3019,29.3611,0
22.0700,8205576,-0.701477,0.634888,-0.286377,0.150940,77.0818,29.1346,0
22.0800,8205586,-0.701843,0.634399,-0.287048,0.150146,76.8625,28.9076,0
22.0900,8205596,-0.702209,0.633850,-0.287781,0.149353,76.6473,28.6874,0
22.1000,8205606,-0.702576,0.633362,-0.288452,0.148621,76.4367,28.4738,0
22.1100,8205616,-0.702881,0.632874,-0.289063,0.147888,76.2321,28.2646,0
22.1200,8205626,-0.703186,0.632385,-0.289734,0.147217,76.0303,28.0608,0
22.1300,8205636,-0.703491,0.631958,-0.290344,0.146545,75.8318,27.8603,0
22.1400,8205646,-0.703796,0.631470,-0.290955,0.145874,75.6381,27.6595,0
22.1500,8205656,-0.704041,0.631042,-0.291565,0.145203,75.4472,27.4656,0
22.1600,8205666,-0.704346,0.630615,-0.292175,0.144531,75.2622,27.2716,0
22.1700,8205676,-0.704651,0.630127,-0.292725,0.143921,75.0790,27.0798,0
22.1800,8205686,-0.704956,0.629700,-0.293274,0.143311,74.8993,26.8927,0
22.1900,8205696,-0.705200,0.629333,-0.293762,0.142700,74.7261,26.7076,0
22.2000,8205706,-0.705688,0.628601,-0.294739,0.141602,74.5546,26.5279,0
