# Sesion:20 Fecha:2026-04-21 20:38:15 Shots:0 Duracion:24,48s
tSeg,ms,qw,qx,qy,qz,filteredElev,filteredYaw,shot
0.0000,531996,0.511414,-0.466797,0.541138,-0.477234,73.8656,66.3380,0
0.0100,532006,0.511169,-0.468506,0.539185,-0.477966,74.1053,67.1160,0
0.0200,532016,0.510071,-0.469666,0.538452,-0.478882,74.3354,67.8688,0
0.0300,532026,0.506897,-0.471436,0.537476,-0.481628,74.6009,68.5678,0
0.0400,532036,0.504639,-0.472412,0.537048,-0.483521,74.8415,69.2051,0
0.0500,532046,0.503052,-0.473633,0.535645,-0.485474,75.1618,69.7973,0
0.0600,532056,0.503662,-0.473877,0.532776,-0.487793,75.7577,70.4453,0
0.0700,532066,0.503418,-0.474182,0.530151,-0.490601,76.3063,71.0197,0
0.0800,532076,0.502991,-0.474609,0.527466,-0.493530,76.8419,71.5539,0
0.0900,532086,0.501770,-0.475708,0.524597,-0.496765,77.3223,71.9794,0
0.1000,532096,0.500183,-0.476379,0.521729,-0.500671,77.8465,72.3758,0
0.1100,532106,0.502075,-0.474548,0.519958,-0.502380,78.4750,73.2772,0
0.1200,532116,0.503479,-0.473816,0.519287,-0.502319,78.8195,74.1954,0
0.1300,532126,0.504883,-0.473816,0.518738,-0.501465,79.0468,75.0599,0
0.1400,532136,0.506592,-0.473999,0.517883,-0.500488,79.2761,75.8674,0
0.1500,532146,0.508301,-0.474548,0.517029,-0.499146,79.4434,76.6135,0
0.1600,532156,0.510193,-0.475037,0.515991,-0.497803,79.6174,77.3119,0
0.1700,532166,0.513000,-0.475525,0.514832,-0.495605,79.7533,77.9756,0
0.1800,532176,0.519653,-0.473938,0.513672,-0.491394,80.0648,79.0130,0
0.1900,532186,0.525085,-0.472473,0.511841,-0.488953,80.4246,79.7690,0
0.2000,532196,0.526733,-0.473206,0.511353,-0.487000,80.3866,80.1857,0
0.2100,532206,0.527039,-0.473267,0.512207,-0.485718,80.2749,80.5670,0
0.2200,532216,0.527161,-0.472961,0.513245,-0.484741,80.1271,81.0290,0
0.2300,532226,0.527466,-0.472290,0.515015,-0.483154,79.9867,81.4632,0
0.2400,532236,0.527771,-0.471558,0.516846,-0.481628,79.9165,81.7188,0
0.2500,532246,0.527832,-0.471252,0.517639,-0.481018,79.8819,81.8964,0
0.2600,532256,0.527588,-0.471069,0.518005,-0.481079,79.8549,82.0545,0
0.2700,532266,0.527161,-0.470703,0.518555,-0.481262,79.8359,82.2002,0
0.2800,532276,0.526733,-0.470398,0.518982,-0.481628,79.8136,82.3377,0
0.2900,532286,0.525940,-0.469910,0.519775,-0.482117,79.7943,82.4726,0
0.3000,532296,0.525818,-0.469849,0.519775,-0.482239,79.7972,82.5871,0
0.3100,532306,0.525879,-0.469788,0.519836,-0.482178,79.7911,82.7167,0
0.3200,532316,0.525879,-0.469788,0.519836,-0.482178,79.7854,82.8338,0
0.3300,532326,0.525940,-0.469727,0.519897,-0.482117,79.7732,82.9564,0
0.3400,532336,0.526001,-0.469666,0.519897,-0.482056,79.7610,83.0716,0
0.3500,532346,0.526001,-0.469604,0.520081,-0.481995,79.7459,83.1839,0
0.3600,532356,0.526001,-0.469421,0.520447,-0.481750,79.7166,83.3131,0
0.3700,532366,0.525696,-0.468994,0.520874,-0.482056,79.7053,83.4087,0
0.3800,532376,0.525024,-0.468506,0.521423,-0.482666,79.6934,83.4880,0
0.3900,532386,0.524536,-0.468018,0.521973,-0.483093,79.6863,83.5773,0
0.4000,532396,0.524109,-0.467529,0.522400,-0.483582,79.6902,83.6708,0
0.4100,532406,0.523621,-0.466980,0.522888,-0.484131,79.6992,83.7658,0
0.4200,532416,0.523071,-0.466309,0.523437,-0.484741,79.7072,83.8593,0
0.4300,532426,0.522461,-0.465698,0.523926,-0.485413,79.7113,83.9668,0
0.4400,532436,0.521729,-0.465027,0.524658,-0.486084,79.7056,84.0777,0
0.4500,532446,0.520874,-0.464233,0.525513,-0.486816,79.7003,84.1871,0
0.4600,532456,0.519958,-0.463318,0.526428,-0.487732,79.7017,84.3035,0
0.4700,532466,0.518860,-0.462402,0.527405,-0.488708,79.6935,84.4145,0
0.4800,532476,0.517761,-0.461487,0.528320,-0.489685,79.7036,84.5365,0
0.4900,532486,0.517029,-0.460693,0.529053,-0.490479,79.7197,84.6635,0
0.5000,532496,0.516418,-0.459900,0.529602,-0.491211,79.7279,84.7848,0
0.5100,532506,0.516235,-0.459595,0.529785,-0.491516,79.7410,84.9145,0
0.5200,532516,0.516296,-0.459351,0.529846,-0.491638,79.7540,85.0299,0
0.5300,532526,0.516235,-0.459167,0.529846,-0.491882,79.7991,85.1381,0
0.5400,532536,0.515930,-0.458435,0.530090,-0.492615,79.8294,85.2431,0
0.5500,532546,0.514893,-0.457031,0.531006,-0.494080,79.8416,85.3628,0
0.5600,532556,0.514465,-0.456055,0.531372,-0.494934,79.8930,85.4857,0
0.5700,532566,0.514282,-0.454712,0.531494,-0.496277,80.0166,85.6030,0
0.5800,532576,0.514099,-0.453308,0.531555,-0.497681,80.1417,85.7273,0
0.5900,532586,0.513855,-0.451782,0.531677,-0.499084,80.2701,85.8560,0
0.6000,532596,0.513367,-0.450623,0.532227,-0.500122,80.3196,85.9858,0
0.6100,532606,0.512878,-0.449890,0.532593,-0.500854,80.3257,86.1106,0
0.6200,532616,0.512146,-0.449402,0.533264,-0.501404,80.2763,86.2361,0
0.6300,532626,0.511597,-0.448975,0.533752,-0.501770,80.2323,86.3627,0
0.6400,532636,0.511597,-0.448853,0.533813,-0.501892,80.2124,86.4889,0
0.6500,532646,0.511536,-0.448792,0.533813,-0.501953,80.1877,86.6106,0
0.6600,532656,0.511536,-0.448792,0.533813,-0.501953,80.1594,86.7226,0
0.6700,532666,0.511475,-0.448669,0.533875,-0.502014,80.1248,86.8338,0
0.6800,532676,0.511169,-0.448547,0.534241,-0.502075,80.0818,86.9378,0
0.6900,532686,0.511108,-0.448425,0.534302,-0.502197,80.0636,87.0385,0
0.7000,532696,0.511108,-0.448303,0.534302,-0.502319,80.0534,87.1419,0
0.7100,532706,0.511108,-0.448181,0.534302,-0.502441,80.0449,87.2348,0
0.7200,532716,0.511047,-0.448120,0.534363,-0.502502,80.0237,87.3225,0
0.7300,532726,0.510986,-0.448059,0.534363,-0.502502,79.9983,87.4081,0
0.7400,532736,0.510986,-0.448120,0.534424,-0.502502,79.9729,87.4883,0
0.7500,532746,0.510986,-0.448120,0.534424,-0.502502,79.9459,87.5639,0
0.7600,532756,0.510986,-0.448120,0.534424,-0.502441,79.9202,87.6351,0
0.7700,532766,0.510925,-0.448181,0.534485,-0.502441,79.8993,87.7010,0
0.7800,532776,0.510925,-0.448181,0.534485,-0.502441,79.8837,87.7624,0
0.7900,532786,0.510925,-0.448181,0.534485,-0.502441,79.8670,87.8284,0
0.8000,532796,0.510925,-0.448181,0.534485,-0.502441,79.8464,87.8858,0
0.8100,532806,0.510925,-0.448181,0.534485,-0.502441,79.8269,87.9439,0
0.8200,532816,0.510925,-0.448181,0.534485,-0.502380,79.8077,87.9973,0
0.8300,532826,0.510925,-0.448181,0.534485,-0.502380,79.7925,88.0450,0
0.8400,532836,0.510925,-0.448181,0.534485,-0.502380,79.7792,88.0910,0
0.8500,532846,0.510925,-0.448181,0.534485,-0.502380,79.7672,88.1376,0
0.8600,532856,0.510925,-0.448181,0.534485,-0.502380,79.7550,88.1831,0
0.8700,532866,0.510925,-0.448181,0.534485,-0.502380,79.7429,88.2240,0
0.8800,532876,0.510925,-0.448181,0.534546,-0.502380,79.7301,88.2646,0
0.8900,532886,0.510925,-0.448181,0.534546,-0.502380,79.7186,88.3037,0
0.9000,532896,0.510925,-0.448181,0.534546,-0.502380,79.7071,88.3397,0
0.9100,532906,0.510925,-0.448181,0.534546,-0.502380,79.6944,88.3721,0
0.9200,532916,0.510925,-0.448181,0.534546,-0.502380,79.6829,88.4023,0
0.9300,532926,0.510925,-0.448181,0.534546,-0.502380,79.6731,88.4316,0
0.9400,532936,0.510925,-0.448181,0.534546,-0.502380,79.6639,88.4571,0
0.9500,532946,0.510925,-0.448181,0.534546,-0.502380,79.6527,88.4830,0
0.9600,532956,0.510925,-0.448181,0.534546,-0.502380,79.6427,88.5077,0
0.9700,532966,0.510925,-0.448181,0.534546,-0.502380,79.6332,88.5311,0
0.9800,532976,0.510925,-0.448181,0.534546,-0.502380,79.6247,88.5510,0
0.9900,532986,0.510925,-0.448181,0.534546,-0.502380,79.6161,88.5687,0
1.0000,532996,0.510925,-0.448242,0.534485,-0.502319,79.6068,88.5849,0
1.0100,533006,0.510925,-0.448242,0.534485,-0.502319,79.5961,88.6021,0
1.0200,533016,0.510925,-0.448242,0.534546,-0.502319,79.5877,88.6196,0
1.0300,533026,0.510986,-0.448242,0.534485,-0.502319,79.5774,88.6345,0
1.0400,533036,0.510986,-0.448303,0.534485,-0.502258,79.5676,88.6486,0
1.0500,533046,0.510986,-0.448364,0.534485,-0.502197,79.5595,88.6632,0
1.0600,533056,0.510986,-0.448364,0.534485,-0.502197,79.5529,88.6777,0
1.0700,533066,0.510925,-0.448364,0.534485,-0.502197,79.5503,88.6920,0
1.0800,533076,0.510925,-0.448364,0.534485,-0.502197,79.5466,88.7056,0
1.0900,533086,0.510925,-0.448364,0.534546,-0.502197,79.5442,88.7203,0
1.1000,533096,0.510925,-0.448364,0.534546,-0.502197,79.5414,88.7331,0
1.1100,533106,0.510925,-0.448364,0.534546,-0.502197,79.5388,88.7447,0
1.1200,533116,0.510925,-0.448364,0.534546,-0.502197,79.5362,88.7545,0
1.1300,533126,0.510925,-0.448364,0.534546,-0.502197,79.5332,88.7626,0
1.1400,533136,0.510925,-0.448364,0.534546,-0.502197,79.5310,88.7703,0
1.1500,533146,0.510925,-0.448364,0.534546,-0.502197,79.5276,88.7788,0
1.1600,533156,0.510925,-0.448364,0.534546,-0.502197,79.5239,88.7852,0
1.1700,533166,0.510925,-0.448364,0.534546,-0.502197,79.5221,88.7947,0
1.1800,533176,0.510925,-0.448364,0.534546,-0.502197,79.5204,88.8044,0
1.1900,533186,0.510925,-0.448364,0.534546,-0.502197,79.5188,88.8136,0
1.2000,533196,0.510925,-0.448364,0.534546,-0.502197,79.5178,88.8223,0
1.2100,533206,0.510925,-0.448364,0.534546,-0.502197,79.5164,88.8300,0
1.2200,533216,0.510925,-0.448364,0.534546,-0.502197,79.5161,88.8385,0
1.2300,533226,0.510925,-0.448364,0.534546,-0.502197,79.5153,88.8472,0
1.2400,533236,0.510925,-0.448364,0.534546,-0.502197,79.5152,88.8566,0
1.2500,533246,0.510925,-0.448364,0.534546,-0.502197,79.5156,88.8667,0
1.2600,533256,0.510925,-0.448364,0.534546,-0.502197,79.5148,88.8758,0
1.2700,533266,0.510925,-0.448364,0.534546,-0.502197,79.5158,88.8826,0
1.2800,533276,0.510925,-0.448364,0.534546,-0.502197,79.5151,88.8920,0
1.2900,533286,0.510925,-0.448364,0.534546,-0.502136,79.5161,88.8986,0
1.3000,533296,0.510925,-0.448364,0.534546,-0.502136,79.5171,88.9060,0
1.3100,533306,0.510925,-0.448364,0.534546,-0.502136,79.5168,88.9119,0
1.3200,533316,0.510925,-0.448364,0.534546,-0.502136,79.5177,88.9193,0
1.3300,533326,0.510925,-0.448364,0.534546,-0.502136,79.5175,88.9251,0
1.3400,533336,0.510925,-0.448364,0.534546,-0.502136,79.5184,88.9313,0
1.3500,533346,0.510925,-0.448364,0.534546,-0.502136,79.5198,88.9359,0
1.3600,533356,0.510925,-0.448364,0.534546,-0.502136,79.5200,88.9397,0
1.3700,533366,0.510925,-0.448364,0.534546,-0.502136,79.5196,88.9439,0
1.3800,533376,0.510925,-0.448364,0.534546,-0.502136,79.5192,88.9473,0
1.3900,533386,0.510925,-0.448364,0.534546,-0.502136,79.5189,88.9505,0
1.4000,533396,0.510925,-0.448364,0.534546,-0.502136,79.5185,88.9524,0
1.4100,533406,0.510925,-0.448364,0.534546,-0.502136,79.5170,88.9560,0
1.4200,533416,0.510925,-0.448364,0.534546,-0.502136,79.5150,88.9588,0
1.4300,533426,0.510925,-0.448364,0.534546,-0.502136,79.5148,88.9614,0
1.4400,533436,0.510925,-0.448364,0.534546,-0.502136,79.5141,88.9645,0
1.4500,533446,0.510925,-0.448364,0.534546,-0.502136,79.5140,88.9663,0
1.4600,533456,0.510925,-0.448364,0.534546,-0.502136,79.5127,88.9686,0
1.4700,533466,0.510925,-0.448364,0.534546,-0.502136,79.5114,88.9696,0
1.4800,533476,0.510925,-0.448364,0.534546,-0.502136,79.5097,88.9711,0
1.4900,533486,0.510925,-0.448364,0.534607,-0.502136,79.5086,88.9719,0
1.5000,533496,0.510925,-0.448364,0.534607,-0.502136,79.5088,88.9722,0
1.5100,533506,0.510925,-0.448364,0.534607,-0.502136,79.5071,88.9724,0
1.5200,533516,0.510925,-0.448364,0.534607,-0.502136,79.5050,88.9731,0
1.5300,533526,0.510925,-0.448364,0.534607,-0.502136,79.5036,88.9727,0
1.5400,533536,0.510925,-0.448364,0.534607,-0.502136,79.5022,88.9729,0
1.5500,533546,0.510925,-0.448364,0.534607,-0.502136,79.5003,88.9736,0
1.5600,533556,0.510925,-0.448364,0.534607,-0.502136,79.5003,88.9738,0
1.5700,533566,0.510925,-0.448364,0.534607,-0.502136,79.4997,88.9739,0
1.5800,533576,0.510925,-0.448364,0.534607,-0.502136,79.4997,88.9746,0
1.5900,533586,0.510925,-0.448364,0.534607,-0.502136,79.4991,88.9747,0
1.6000,533596,0.510925,-0.448364,0.534607,-0.502136,79.4986,88.9748,0
1.6100,533606,0.510925,-0.448364,0.534607,-0.502136,79.4980,88.9742,0
1.6200,533616,0.510925,-0.448364,0.534607,-0.502136,79.4987,88.9737,0
1.6300,533626,0.510925,-0.448364,0.534607,-0.502136,79.5000,88.9745,0
1.6400,533636,0.510925,-0.448364,0.534607,-0.502136,79.5000,88.9751,0
1.6500,533646,0.510925,-0.448364,0.534607,-0.502136,79.5000,88.9758,0
1.6600,533656,0.510925,-0.448364,0.534607,-0.502136,79.4994,88.9752,0
1.6700,533666,0.510925,-0.448364,0.534607,-0.502136,79.4988,88.9753,0
1.6800,533676,0.510925,-0.448364,0.534607,-0.502136,79.4977,88.9777,0
1.6900,533686,0.510925,-0.448364,0.534607,-0.502136,79.4978,88.9764,0
1.7000,533696,0.510925,-0.448364,0.534607,-0.502136,79.4961,88.9752,0
1.7100,533706,0.510925,-0.448364,0.534607,-0.502136,79.4951,88.9741,0
1.7200,533716,0.510925,-0.448364,0.534607,-0.502136,79.4930,88.9742,0
1.7300,533726,0.510925,-0.448364,0.534607,-0.502136,79.4916,88.9731,0
1.7400,533736,0.510925,-0.448364,0.534607,-0.502136,79.4914,88.9715,0
1.7500,533746,0.510925,-0.448364,0.534607,-0.502136,79.4912,88.9705,0
1.7600,533756,0.510925,-0.448364,0.534607,-0.502136,79.4905,88.9714,0
1.7700,533766,0.510925,-0.448364,0.534607,-0.502136,79.4892,88.9711,0
1.7800,533776,0.510925,-0.448364,0.534607,-0.502136,79.4891,88.9695,0
1.7900,533786,0.510925,-0.448364,0.534607,-0.502136,79.4885,88.9681,0
1.8000,533796,0.510925,-0.448364,0.534607,-0.502136,79.4861,88.9667,0
1.8100,533806,0.510925,-0.448364,0.534607,-0.502136,79.4850,88.9648,0
1.8200,533816,0.510925,-0.448364,0.534607,-0.502136,79.4846,88.9624,0
1.8300,533826,0.510925,-0.448364,0.534607,-0.502136,79.4841,88.9590,0
1.8400,533836,0.510986,-0.448425,0.534546,-0.502075,79.4837,88.9525,0
1.8500,533846,0.510925,-0.448486,0.534485,-0.502136,79.4877,88.9460,0
1.8600,533856,0.510925,-0.448547,0.534424,-0.502136,79.4908,88.9351,0
1.8700,533866,0.510925,-0.448669,0.534302,-0.502136,79.4938,88.9246,0
1.8800,533876,0.510864,-0.448853,0.534180,-0.502258,79.4961,88.9011,0
1.8900,533886,0.510498,-0.449219,0.533875,-0.502563,79.5033,88.8373,0
1.9000,533896,0.510315,-0.449463,0.533691,-0.502808,79.5125,88.8018,0
1.9100,533906,0.510071,-0.449707,0.533447,-0.503052,79.5238,88.7683,0
1.9200,533916,0.509766,-0.450073,0.533142,-0.503357,79.5370,88.7205,0
1.9300,533926,0.509460,-0.450378,0.532837,-0.503662,79.5541,88.6801,0
1.9400,533936,0.509216,-0.450623,0.532654,-0.503906,79.5697,88.6620,0
1.9500,533946,0.508911,-0.450928,0.532410,-0.504211,79.5890,88.6372,0
1.9600,533956,0.508545,-0.451416,0.532043,-0.504517,79.6080,88.5925,0
1.9700,533966,0.508057,-0.451904,0.531738,-0.504883,79.6251,88.5533,0
1.9800,533976,0.507446,-0.452576,0.531372,-0.505310,79.6340,88.4967,0
1.9900,533986,0.506775,-0.453247,0.531006,-0.505676,79.6550,88.4531,0
2.0000,533996,0.506104,-0.454041,0.530518,-0.506165,79.6921,88.3984,0
2.0100,534006,0.505249,-0.455139,0.529846,-0.506775,79.7217,88.3075,0
2.0200,534016,0.504578,-0.455933,0.529358,-0.507202,79.7595,88.2742,0
2.0300,534026,0.504211,-0.456482,0.529053,-0.507446,79.8057,88.2979,0
2.0400,534036,0.503784,-0.456909,0.528870,-0.507629,79.8526,88.3520,0
2.0500,534046,0.503479,-0.457214,0.528748,-0.507812,79.9045,88.4107,0
2.0600,534056,0.503174,-0.457520,0.528625,-0.507935,79.9522,88.4548,0
2.0700,534066,0.502808,-0.457947,0.528442,-0.508118,79.9989,88.4867,0
2.0800,534076,0.502380,-0.458374,0.528259,-0.508362,80.0481,88.5183,0
2.0900,534086,0.502014,-0.458862,0.527954,-0.508606,80.0969,88.5404,0
2.1000,534096,0.500977,-0.460144,0.527344,-0.509155,80.1424,88.5527,0
2.1100,534106,0.500305,-0.460937,0.526917,-0.509460,80.1884,88.5497,0
2.1200,534116,0.499756,-0.461792,0.526428,-0.509827,80.2430,88.5556,0
2.1300,534126,0.499207,-0.462585,0.525940,-0.510132,80.3030,88.5631,0
2.1400,534136,0.498474,-0.463684,0.525330,-0.510437,80.3507,88.5444,0
2.1500,534146,0.497742,-0.464966,0.524658,-0.510742,80.3960,88.5187,0
2.1600,534156,0.496826,-0.466431,0.523804,-0.511108,80.4406,88.4702,0
2.1700,534166,0.495789,-0.468201,0.522827,-0.511536,80.4819,88.3961,0
2.1800,534176,0.494629,-0.469849,0.521973,-0.511963,80.5342,88.3362,0
2.1900,534186,0.493347,-0.471619,0.521057,-0.512451,80.5850,88.2745,0
2.2000,534196,0.491882,-0.473633,0.520142,-0.513000,80.6306,88.1975,0
2.2100,534206,0.490417,-0.475525,0.519287,-0.513550,80.6852,88.1452,0
2.2200,534216,0.489014,-0.477234,0.518433,-0.514099,80.7650,88.1268,0
2.2300,534226,0.487854,-0.478699,0.517700,-0.514587,80.8711,88.1537,0
2.2400,534236,0.486877,-0.479980,0.517090,-0.515015,80.9944,88.2154,0
2.2500,534246,0.485962,-0.481140,0.516479,-0.515381,81.1259,88.3014,0
2.2600,534256,0.485107,-0.482178,0.516052,-0.515625,81.2602,88.4227,0
2.2700,534266,0.484131,-0.483276,0.515625,-0.515930,81.3828,88.5330,0
2.2800,534276,0.483032,-0.484619,0.515076,-0.516296,81.4956,88.6144,0
2.2900,534286,0.481934,-0.485901,0.514526,-0.516663,81.6186,88.7012,0
2.3000,534296,0.480896,-0.487061,0.513916,-0.517090,81.7722,88.8000,0
2.3100,534306,0.479980,-0.488220,0.513306,-0.517517,81.9221,88.8838,0
2.3200,534316,0.478882,-0.489441,0.512573,-0.518066,82.0623,88.9099,0
2.3300,534326,0.477356,-0.491028,0.511719,-0.518799,82.2194,88.9496,0
2.3400,534336,0.475891,-0.492432,0.510864,-0.519653,82.4166,89.0283,0
2.3500,534346,0.474731,-0.493713,0.509949,-0.520447,82.6350,89.1059,0
2.3600,534356,0.472229,-0.496277,0.507996,-0.522156,82.8068,89.1832,0
2.3700,534366,0.470886,-0.497498,0.507263,-0.522949,82.9896,89.2900,0
2.3800,534376,0.469788,-0.498596,0.506531,-0.523621,83.1828,89.4276,0
2.3900,534386,0.468689,-0.499634,0.505798,-0.524292,83.3793,89.5719,0
2.4000,534396,0.467712,-0.500549,0.505066,-0.524963,83.5865,89.7380,0
2.4100,534406,0.466797,-0.501404,0.504395,-0.525574,83.7988,89.9170,0
2.4200,534416,0.466003,-0.502197,0.503784,-0.526123,84.0116,90.1083,0
2.4300,534426,0.465271,-0.502869,0.503235,-0.526672,84.2229,90.3189,0
2.4400,534436,0.464600,-0.503540,0.502686,-0.527161,84.4317,90.5228,0
2.4500,534446,0.463867,-0.504211,0.502136,-0.527710,84.6364,90.7239,0
2.4600,534456,0.463257,-0.504822,0.501587,-0.528198,84.8388,90.9331,0
2.4700,534466,0.462585,-0.505493,0.501038,-0.528687,85.0423,91.1335,0
2.4800,534476,0.461853,-0.506165,0.500366,-0.529297,85.2448,91.3141,0
2.4900,534486,0.461060,-0.506897,0.499695,-0.529907,85.4448,91.4880,0
2.5000,534496,0.460266,-0.507690,0.498962,-0.530518,85.6398,91.6493,0
2.5100,534506,0.459412,-0.508423,0.498291,-0.531128,85.8433,91.8254,0
2.5200,534516,0.458618,-0.509216,0.497620,-0.531799,86.0416,91.9954,0
2.5300,534526,0.457764,-0.510010,0.496948,-0.532410,86.2376,92.1675,0
2.5400,534536,0.456970,-0.510742,0.496277,-0.532959,86.4313,92.3510,0
2.5500,534546,0.456238,-0.511414,0.495544,-0.533569,86.6329,92.5239,0
2.5600,534556,0.455383,-0.512207,0.494751,-0.534302,86.8339,92.6785,0
2.5700,534566,0.454468,-0.513062,0.493958,-0.535034,87.0318,92.8461,0
2.5800,534576,0.453674,-0.513794,0.493225,-0.535645,87.2213,93.0306,0
2.5900,534586,0.452881,-0.514465,0.492554,-0.536255,87.4095,93.2199,0
2.6000,534596,0.452148,-0.515198,0.491943,-0.536743,87.5963,93.4215,0
2.6100,534606,0.451477,-0.515808,0.491394,-0.537231,87.7801,93.6346,0
2.6200,534616,0.450317,-0.516846,0.490479,-0.538025,87.9597,93.8493,0
2.6300,534626,0.449829,-0.517334,0.490112,-0.538391,88.1358,94.0676,0
2.6400,534636,0.449341,-0.517761,0.489685,-0.538757,88.3112,94.2861,0
2.6500,534646,0.448853,-0.518188,0.489197,-0.539185,88.4845,94.4880,0
2.6600,534656,0.448364,-0.518616,0.488770,-0.539551,88.6553,94.6906,0
2.6700,534666,0.447937,-0.519043,0.488342,-0.539856,88.8208,94.8982,0
2.6800,534676,0.447571,-0.519348,0.487976,-0.540222,88.9824,95.1064,0
2.6900,534686,0.447266,-0.519653,0.487732,-0.540405,89.1385,95.3268,0
2.7000,534696,0.447021,-0.519897,0.487488,-0.540588,89.2906,95.5512,0
2.7100,534706,0.446777,-0.520081,0.487305,-0.540771,89.4344,95.7709,0
2.7200,534716,0.446594,-0.520264,0.487122,-0.540955,89.5753,95.9828,0
2.7300,534726,0.446350,-0.520508,0.486877,-0.541138,89.7100,96.1812,0
2.7400,534736,0.446106,-0.520691,0.486694,-0.541321,89.8422,96.3729,0
2.7500,534746,0.445923,-0.520874,0.486511,-0.541443,89.9696,96.5668,0
2.7600,534756,0.445740,-0.520996,0.486389,-0.541565,90.0931,96.7584,0
2.7700,534766,0.445618,-0.521179,0.486267,-0.541626,90.2148,96.9482,0
2.7800,534776,0.445496,-0.521240,0.486145,-0.541748,90.3310,97.1333,0
2.7900,534786,0.445312,-0.521423,0.486023,-0.541870,90.4451,97.2974,0
2.8000,534796,0.445007,-0.521667,0.485779,-0.542053,90.5554,97.4410,0
2.8100,534806,0.444763,-0.521912,0.485474,-0.542297,90.6622,97.5758,0
2.8200,534816,0.444397,-0.522278,0.485168,-0.542542,90.7667,97.6893,0
2.8300,534826,0.444031,-0.522583,0.484802,-0.542847,90.8729,97.7932,0
2.8400,534836,0.443604,-0.522949,0.484436,-0.543152,90.9763,97.8902,0
2.8500,534846,0.443115,-0.523376,0.484009,-0.543518,91.0814,97.9946,0
2.8600,534856,0.442749,-0.523743,0.483643,-0.543884,91.1849,98.1010,0
2.8700,534866,0.442322,-0.524109,0.483276,-0.544189,91.2852,98.2040,0
2.8800,534876,0.441589,-0.524780,0.482605,-0.544739,91.3818,98.3218,0
2.8900,534886,0.441345,-0.524963,0.482361,-0.544922,91.4791,98.4569,0
2.9000,534896,0.441223,-0.525085,0.482300,-0.544983,91.5740,98.6085,0
2.9100,534906,0.441162,-0.525208,0.482117,-0.545044,91.6654,98.7543,0
2.9200,534916,0.441101,-0.525452,0.481934,-0.545044,91.7516,98.8887,0
2.9300,534926,0.441040,-0.525696,0.481750,-0.544983,91.8367,99.0193,0
2.9400,534936,0.441101,-0.525879,0.481567,-0.544983,91.9193,99.1458,0
2.9500,534946,0.441040,-0.526123,0.481384,-0.544922,91.9983,99.2678,0
2.9600,534956,0.441040,-0.526245,0.481262,-0.544922,92.0771,99.3860,0
2.9700,534966,0.440979,-0.526428,0.481140,-0.544922,92.1514,99.4971,0
2.9800,534976,0.440918,-0.526550,0.481018,-0.544922,92.2207,99.6020,0
2.9900,534986,0.440796,-0.526611,0.480957,-0.544983,92.2898,99.7066,0
3.0000,534996,0.440674,-0.526611,0.480957,-0.545105,92.3553,99.8126,0
3.0100,535006,0.440613,-0.526550,0.481079,-0.545166,92.4188,99.9251,0
3.0200,535016,0.440491,-0.526428,0.481201,-0.545288,92.4785,100.0374,0
3.0300,535026,0.440430,-0.526367,0.481262,-0.545288,92.5353,100.1448,0
3.0400,535036,0.440430,-0.526367,0.481262,-0.545349,92.5880,100.2491,0
3.0500,535046,0.440430,-0.526367,0.481323,-0.545288,92.6392,100.3441,0
3.0600,535056,0.440369,-0.526367,0.481323,-0.545288,92.6867,100.4338,0
3.0700,535066,0.440369,-0.526367,0.481323,-0.545288,92.7325,100.5189,0
3.0800,535076,0.440369,-0.526367,0.481323,-0.545288,92.7777,100.5992,0
3.0900,535086,0.440369,-0.526367,0.481323,-0.545227,92.8194,100.6803,0
3.1000,535096,0.440369,-0.526367,0.481384,-0.545227,92.8554,100.7596,0
3.1100,535106,0.440369,-0.526306,0.481445,-0.545227,92.8884,100.8386,0
3.1200,535116,0.440369,-0.526245,0.481567,-0.545227,92.9209,100.9189,0
3.1300,535126,0.440430,-0.526123,0.481628,-0.545166,92.9506,100.9933,0
3.1400,535136,0.440491,-0.525940,0.481873,-0.545105,92.9763,101.0628,0
3.1500,535146,0.440552,-0.525818,0.481995,-0.545044,93.0037,101.1265,0
3.1600,535156,0.440613,-0.525757,0.482117,-0.545044,93.0267,101.1881,0
3.1700,535166,0.440674,-0.525635,0.482239,-0.544983,93.0504,101.2514,0
3.1800,535176,0.440796,-0.525452,0.482422,-0.544861,93.0703,101.3185,0
3.1900,535186,0.440918,-0.525269,0.482666,-0.544739,93.0879,101.3876,0
3.2000,535196,0.441101,-0.525146,0.482788,-0.544617,93.1047,101.4496,0
3.2100,535206,0.441223,-0.525024,0.482971,-0.544495,93.1162,101.5019,0
3.2200,535216,0.441406,-0.524841,0.483154,-0.544312,93.1278,101.5579,0
3.2300,535226,0.441650,-0.524597,0.483398,-0.544067,93.1357,101.6264,0
3.2400,535236,0.441833,-0.524475,0.483582,-0.543945,93.1407,101.6743,0
3.2500,535246,0.441956,-0.524353,0.483704,-0.543823,93.1430,101.6977,0
3.2600,535256,0.442017,-0.524292,0.483765,-0.543762,93.1447,101.7128,0
3.2700,535266,0.442017,-0.524292,0.483826,-0.543762,93.1474,101.7218,0
3.2800,535276,0.442017,-0.524292,0.483826,-0.543762,93.1494,101.7268,0
3.2900,535286,0.442017,-0.524292,0.483826,-0.543762,93.1531,101.7309,0
3.3000,535296,0.442017,-0.524292,0.483826,-0.543701,93.1517,101.7354,0
3.3100,535306,0.442078,-0.524292,0.483887,-0.543701,93.1498,101.7421,0
3.3200,535316,0.442078,-0.524292,0.483887,-0.543701,93.1485,101.7466,0
3.3300,535326,0.442078,-0.524292,0.483887,-0.543701,93.1468,101.7516,0
3.3400,535336,0.442078,-0.524231,0.483948,-0.543640,93.1480,101.7727,0
3.3500,535346,0.442200,-0.524109,0.484070,-0.543518,93.1519,101.8662,0
3.3600,535356,0.442749,-0.523682,0.484436,-0.543213,93.1614,102.1247,0
3.3700,535366,0.444275,-0.522278,0.485657,-0.542175,93.1946,102.5589,0
3.3800,535376,0.447083,-0.519775,0.487549,-0.540588,93.2270,103.0826,0
3.3900,535386,0.450745,-0.516541,0.489990,-0.538513,93.2264,103.5612,0
3.4000,535396,0.457703,-0.509888,0.494873,-0.534424,93.1803,103.9383,0
3.4100,535406,0.460510,-0.507202,0.496948,-0.532654,93.0822,104.1871,0
3.4200,535416,0.462708,-0.505066,0.498718,-0.531128,92.9363,104.2984,0
3.4300,535426,0.464417,-0.503479,0.500122,-0.529846,92.7589,104.2975,0
3.4400,535436,0.465576,-0.502319,0.501160,-0.528870,92.5667,104.1885,0
3.4500,535446,0.466248,-0.501770,0.501770,-0.528320,92.3718,103.9666,0
3.4600,535456,0.466492,-0.501526,0.501953,-0.528076,92.1794,103.6748,0
3.4700,535466,0.466553,-0.501526,0.501953,-0.528015,91.9948,103.3543,0
3.4800,535476,0.466553,-0.501587,0.501892,-0.528015,91.8201,103.0314,0
3.4900,535486,0.466553,-0.501709,0.501770,-0.528015,91.6547,102.7181,0
3.5000,535496,0.466370,-0.502075,0.501587,-0.528137,91.4900,102.3872,0
3.5100,535506,0.465698,-0.502930,0.500977,-0.528381,91.3166,101.9907,0
3.5200,535516,0.464233,-0.504456,0.500122,-0.529053,91.1222,101.5053,0
3.5300,535526,0.462402,-0.506348,0.499023,-0.529846,90.9384,100.9987,0
3.5400,535536,0.460449,-0.508484,0.497742,-0.530701,90.7735,100.4992,0
3.5500,535546,0.458618,-0.510864,0.496216,-0.531494,90.6586,100.0381,0
3.5600,535556,0.456909,-0.513062,0.494751,-0.532227,90.5787,99.6358,0
3.5700,535566,0.455505,-0.514893,0.493469,-0.532837,90.5325,99.3151,0
3.5800,535576,0.454285,-0.516541,0.492310,-0.533386,90.5172,99.0526,0
3.5900,535586,0.453247,-0.517944,0.491211,-0.533875,90.5179,98.8410,0
3.6000,535596,0.452209,-0.519226,0.490295,-0.534363,90.5344,98.7494,0
3.6100,535606,0.451782,-0.520203,0.489624,-0.534363,90.5614,98.7107,0
3.6200,535616,0.451355,-0.520813,0.489258,-0.534424,90.5944,98.6865,0
3.6300,535626,0.450867,-0.521118,0.489136,-0.534729,90.6342,98.6856,0
3.6400,535636,0.450378,-0.521301,0.489075,-0.534973,90.6787,98.7028,0
3.6500,535646,0.450195,-0.521484,0.488953,-0.535095,90.7228,98.7305,0
3.6600,535656,0.449890,-0.521851,0.488770,-0.535156,90.7702,98.7670,0
3.6700,535666,0.449890,-0.521912,0.488708,-0.535156,90.8187,98.8134,0
3.6800,535676,0.449890,-0.521912,0.488708,-0.535156,90.8672,98.8665,0
3.6900,535686,0.449890,-0.521912,0.488770,-0.535156,90.9133,98.9199,0
3.7000,535696,0.449890,-0.521912,0.488770,-0.535095,90.9571,98.9695,0
3.7100,535706,0.449829,-0.521851,0.488831,-0.535156,90.9981,99.0201,0
3.7200,535716,0.449829,-0.521729,0.488892,-0.535156,91.0351,99.0711,0
3.7300,535726,0.449768,-0.521667,0.489014,-0.535217,91.0684,99.1179,0
3.7400,535736,0.449707,-0.521606,0.489075,-0.535217,91.1031,99.1569,0
3.7500,535746,0.449707,-0.521545,0.489136,-0.535278,91.1360,99.1964,0
3.7600,535756,0.449646,-0.521484,0.489197,-0.535278,91.1667,99.2303,0
3.7700,535766,0.449646,-0.521484,0.489197,-0.535278,91.1959,99.2619,0
3.7800,535776,0.449646,-0.521484,0.489197,-0.535278,91.2224,99.2896,0
3.7900,535786,0.449646,-0.521545,0.489197,-0.535278,91.2482,99.3161,0
3.8000,535796,0.449646,-0.521606,0.489136,-0.535278,91.2721,99.3363,0
3.8100,535806,0.449646,-0.521729,0.489075,-0.535217,91.2991,99.3543,0
3.8200,535816,0.449707,-0.521790,0.488953,-0.535156,91.3254,99.3727,0
3.8300,535826,0.449707,-0.521851,0.488953,-0.535095,91.3492,99.3924,0
3.8400,535836,0.449768,-0.521912,0.488892,-0.535034,91.3711,99.4118,0
3.8500,535846,0.449768,-0.521912,0.488953,-0.535034,91.3920,99.4350,0
3.8600,535856,0.449768,-0.521912,0.488953,-0.535034,91.4093,99.4540,0
3.8700,535866,0.449768,-0.521912,0.488953,-0.535034,91.4252,99.4697,0
3.8800,535876,0.449768,-0.521912,0.488953,-0.535034,91.4408,99.4852,0
3.8900,535886,0.449768,-0.521912,0.488953,-0.534973,91.4551,99.5000,0
3.9000,535896,0.449768,-0.521912,0.489014,-0.534973,91.4704,99.5140,0
3.9100,535906,0.449829,-0.521912,0.488953,-0.534973,91.4844,99.5247,0
3.9200,535916,0.449829,-0.521973,0.488953,-0.534912,91.4965,99.5368,0
3.9300,535926,0.449829,-0.521973,0.488953,-0.534912,91.5074,99.5511,0
3.9400,535936,0.449829,-0.521973,0.489014,-0.534912,91.5183,99.5636,0
3.9500,535946,0.449829,-0.521973,0.489014,-0.534851,91.5299,99.5760,0
3.9600,535956,0.449829,-0.521973,0.489014,-0.534851,91.5409,99.5831,0
3.9700,535966,0.449890,-0.522034,0.488953,-0.534851,91.5514,99.5863,0
3.9800,535976,0.449890,-0.522156,0.488831,-0.534790,91.5644,99.5857,0
3.9900,535986,0.449890,-0.522278,0.488708,-0.534790,91.5762,99.5846,0
4.0000,535996,0.449829,-0.522461,0.488586,-0.534790,91.5857,99.5752,0
4.0100,536006,0.449768,-0.522644,0.488403,-0.534790,91.5917,99.5592,0
4.0200,536016,0.449280,-0.522766,0.488403,-0.535095,91.5928,99.5235,0
4.0300,536026,0.448730,-0.522827,0.488403,-0.535522,91.5981,99.4910,0
4.0400,536036,0.448425,-0.522888,0.488342,-0.535706,91.6099,99.4883,0
4.0500,536046,0.448303,-0.523010,0.488281,-0.535767,91.6241,99.4964,0
4.0600,536056,0.448242,-0.523071,0.488220,-0.535828,91.6442,99.5130,0
4.0700,536066,0.448242,-0.523193,0.488098,-0.535828,91.6639,99.5341,0
4.0800,536076,0.448303,-0.523315,0.487976,-0.535767,91.6821,99.5517,0
4.0900,536086,0.448303,-0.523499,0.487854,-0.535706,91.6987,99.5650,0
4.1000,536096,0.448303,-0.523621,0.487732,-0.535706,91.7183,99.5775,0
4.1100,536106,0.448181,-0.523743,0.487610,-0.535767,91.7303,99.5648,0
4.1200,536116,0.447754,-0.523865,0.487549,-0.536072,91.7448,99.5589,0
4.1300,536126,0.447449,-0.523926,0.487488,-0.536316,91.7636,99.5603,0
4.1400,536136,0.447205,-0.524109,0.487427,-0.536499,91.7831,99.5708,0
4.1500,536146,0.447021,-0.524231,0.487244,-0.536621,91.8037,99.5837,0
4.1600,536156,0.446899,-0.524353,0.487183,-0.536682,91.8202,99.5973,0
4.1700,536166,0.446716,-0.524536,0.487061,-0.536743,91.8390,99.6062,0
4.1800,536176,0.446167,-0.524902,0.486877,-0.536987,91.8540,99.6028,0
4.1900,536186,0.445740,-0.525146,0.486755,-0.537231,91.8671,99.6011,0
4.2000,536196,0.445374,-0.525330,0.486633,-0.537415,91.8886,99.6014,0
4.2100,536206,0.445068,-0.525513,0.486511,-0.537659,91.9140,99.6107,0
4.2200,536216,0.444824,-0.525696,0.486328,-0.537842,91.9448,99.6304,0
4.2300,536226,0.444519,-0.525879,0.486145,-0.538025,91.9705,99.6414,0
4.2400,536236,0.444275,-0.526123,0.485962,-0.538147,91.9969,99.6520,0
4.2500,536246,0.443970,-0.526428,0.485840,-0.538330,92.0215,99.6664,0
4.2600,536256,0.443665,-0.526672,0.485657,-0.538452,92.0485,99.6833,0
4.2700,536266,0.443359,-0.526978,0.485474,-0.538574,92.0774,99.7011,0
4.2800,536276,0.442993,-0.527283,0.485229,-0.538757,92.1050,99.7118,0
4.2900,536286,0.442688,-0.527710,0.484985,-0.538879,92.1343,99.7232,0
4.3000,536296,0.442383,-0.528137,0.484680,-0.539001,92.1688,99.7281,0
4.3100,536306,0.441895,-0.528625,0.484314,-0.539246,92.2006,99.7135,0
4.3200,536316,0.441284,-0.529114,0.483887,-0.539551,92.2397,99.6997,0
4.3300,536326,0.440613,-0.529724,0.483459,-0.539917,92.2849,99.6809,0
4.3400,536336,0.439819,-0.530457,0.482910,-0.540405,92.3313,99.6458,0
4.3500,536346,0.438904,-0.531128,0.482361,-0.540955,92.3786,99.6164,0
4.3600,536356,0.437927,-0.531738,0.481873,-0.541504,92.4287,99.5947,0
4.3700,536366,0.437134,-0.532410,0.481384,-0.541931,92.4884,99.6024,0
4.3800,536376,0.436340,-0.532959,0.480957,-0.542419,92.5555,99.6200,0
4.3900,536386,0.435669,-0.533569,0.480469,-0.542786,92.6274,99.6437,0
4.4000,536396,0.435120,-0.534302,0.479858,-0.543091,92.6996,99.6373,0
4.4100,536406,0.434326,-0.535156,0.479126,-0.543518,92.7723,99.6151,0
4.4200,536416,0.433350,-0.536011,0.478394,-0.544067,92.8513,99.6100,0
4.4300,536426,0.432373,-0.536865,0.477661,-0.544678,92.9374,99.6311,0
4.4400,536436,0.430542,-0.538208,0.476562,-0.545837,93.0309,99.6730,0
4.4500,536446,0.429687,-0.538818,0.476013,-0.546326,93.1242,99.7251,0
4.4600,536456,0.428894,-0.539429,0.475464,-0.546814,93.2214,99.7927,0
4.4700,536466,0.428223,-0.540039,0.474976,-0.547180,93.3219,99.8734,0
4.4800,536476,0.427490,-0.540588,0.474487,-0.547607,93.4217,99.9568,0
4.4900,536486,0.426880,-0.541199,0.473999,-0.547974,93.5229,100.0482,0
4.5000,536496,0.426208,-0.541748,0.473511,-0.548340,93.6246,100.1413,0
4.5100,536506,0.425537,-0.542297,0.473083,-0.548645,93.7299,100.2390,0
4.5200,536516,0.424927,-0.542908,0.472534,-0.549011,93.8355,100.3268,0
4.5300,536526,0.424133,-0.543640,0.471863,-0.549438,93.9380,100.3945,0
4.5400,536536,0.423401,-0.544373,0.471252,-0.549805,94.0465,100.4757,0
4.5500,536546,0.422668,-0.545044,0.470703,-0.550171,94.1541,100.5674,0
4.5600,536556,0.421814,-0.545776,0.470154,-0.550659,94.2577,100.6419,0
4.5700,536566,0.420959,-0.546570,0.469482,-0.551086,94.3656,100.7130,0
4.5800,536576,0.420166,-0.547302,0.468750,-0.551575,94.4962,100.7927,0
4.5900,536586,0.419434,-0.547913,0.468079,-0.552063,94.6293,100.8918,0
4.6000,536596,0.418884,-0.548401,0.467529,-0.552490,94.7649,101.0205,0
4.6100,536606,0.418457,-0.548706,0.467102,-0.552795,94.8999,101.1739,0
4.6200,536616,0.418213,-0.548950,0.466858,-0.552979,95.0269,101.3583,0
4.6300,536626,0.418030,-0.549133,0.466614,-0.553101,95.1484,101.5295,0
4.6400,536636,0.417786,-0.549438,0.466309,-0.553284,95.2663,101.6905,0
4.6500,536646,0.417480,-0.549744,0.466064,-0.553467,95.3832,101.8405,0
4.6600,536656,0.417236,-0.550049,0.465698,-0.553650,95.4968,101.9880,0
4.6700,536666,0.416931,-0.550293,0.465393,-0.553833,95.6096,102.1400,0
4.6800,536676,0.416687,-0.550476,0.465149,-0.554077,95.7211,102.2935,0
4.6900,536686,0.416260,-0.550903,0.464722,-0.554321,95.8307,102.4479,0
4.7000,536696,0.416077,-0.551025,0.464539,-0.554443,95.9337,102.6040,0
4.7100,536706,0.416016,-0.551086,0.464478,-0.554504,96.0315,102.7647,0
4.7200,536716,0.415894,-0.551147,0.464417,-0.554626,96.1287,102.9248,0
4.7300,536726,0.415771,-0.551147,0.464355,-0.554749,96.2199,103.0708,0
4.7400,536736,0.415649,-0.551208,0.464233,-0.554871,96.3059,103.2115,0
4.7500,536746,0.415466,-0.551331,0.464111,-0.554993,96.3914,103.3310,0
4.7600,536756,0.415222,-0.551514,0.463867,-0.555176,96.4745,103.4363,0
4.7700,536766,0.414978,-0.551758,0.463623,-0.555359,96.5546,103.5376,0
4.7800,536776,0.414734,-0.551941,0.463440,-0.555542,96.6357,103.6424,0
4.7900,536786,0.414612,-0.552063,0.463257,-0.555664,96.7158,103.7550,0
4.8000,536796,0.414551,-0.552124,0.463135,-0.555664,96.7913,103.8756,0
4.8100,536806,0.414490,-0.552185,0.463135,-0.555664,96.8643,104.0009,0
4.8200,536816,0.414490,-0.552185,0.463135,-0.555664,96.9324,104.1235,0
4.8300,536826,0.414490,-0.552185,0.463135,-0.555664,96.9988,104.2399,0
4.8400,536836,0.414490,-0.552185,0.463135,-0.555664,97.0602,104.3500,0
4.8500,536846,0.414490,-0.552185,0.463135,-0.555664,97.1203,104.4563,0
4.8600,536856,0.414490,-0.552185,0.463135,-0.555664,97.1768,104.5591,0
4.8700,536866,0.414490,-0.552185,0.463135,-0.555664,97.2310,104.6610,0
4.8800,536876,0.414490,-0.552124,0.463135,-0.555725,97.2808,104.7571,0
4.8900,536886,0.414490,-0.552002,0.463257,-0.555725,97.3273,104.8698,0
4.9000,536896,0.414612,-0.551880,0.463440,-0.555664,97.3745,104.9893,0
4.9100,536906,0.414734,-0.551697,0.463623,-0.555603,97.4191,105.1152,0
4.9200,536916,0.415039,-0.551392,0.463928,-0.555481,97.4667,105.2518,0
4.9300,536926,0.415405,-0.550964,0.464233,-0.555298,97.5140,105.3873,0
4.9400,536936,0.415894,-0.550476,0.464539,-0.555115,97.5523,105.5023,0
4.9500,536946,0.416748,-0.549622,0.465149,-0.554871,97.5861,105.6071,0
4.9600,536956,0.417236,-0.549072,0.465515,-0.554687,97.6216,105.7207,0
4.9700,536966,0.417969,-0.548340,0.466003,-0.554443,97.6495,105.8586,0
4.9800,536976,0.419128,-0.547241,0.467041,-0.553833,97.6666,106.0764,0
4.9900,536986,0.420898,-0.545654,0.468506,-0.552856,97.6726,106.3673,0
5.0000,536996,0.422791,-0.543945,0.470032,-0.551758,97.6649,106.6577,0
5.0100,537006,0.424744,-0.542175,0.471558,-0.550659,97.6496,106.9178,0
5.0200,537016,0.426697,-0.540405,0.473145,-0.549622,97.6186,107.1521,0
5.0300,537026,0.428711,-0.538513,0.474670,-0.548523,97.5775,107.3601,0
5.0400,537036,0.431030,-0.536377,0.476318,-0.547363,97.5309,107.5805,0
5.0500,537046,0.433289,-0.534241,0.477966,-0.546265,97.4762,107.7680,0
5.0600,537056,0.435303,-0.532288,0.479431,-0.545227,97.3888,107.8841,0
5.0700,537066,0.437439,-0.530334,0.481079,-0.544067,97.2721,107.9999,0
5.0800,537076,0.439697,-0.528137,0.482971,-0.542603,97.1351,108.1391,0
5.0900,537086,0.442017,-0.526001,0.484985,-0.541077,96.9713,108.2584,0
5.1000,537096,0.444519,-0.523621,0.487122,-0.539368,96.7607,108.3614,0
5.1100,537106,0.447266,-0.521118,0.489380,-0.537476,96.5459,108.4735,0
5.1200,537116,0.449524,-0.518982,0.491394,-0.535828,96.3046,108.4816,0
5.1300,537126,0.451355,-0.517273,0.493225,-0.534241,96.0255,108.4092,0
5.1400,537136,0.453491,-0.515320,0.495300,-0.532471,95.7354,108.3677,0
5.1500,537146,0.455811,-0.513123,0.497375,-0.530640,95.4575,108.3176,0
5.1600,537156,0.458069,-0.510986,0.499329,-0.528870,95.1691,108.2403,0
5.1700,537166,0.460327,-0.508850,0.501282,-0.527100,94.8673,108.1243,0
5.1800,537176,0.462463,-0.506897,0.503174,-0.525391,94.5476,107.9187,0
5.1900,537186,0.464111,-0.505249,0.504822,-0.523926,94.2296,107.6520,0
5.2000,537196,0.465454,-0.503906,0.506104,-0.522705,93.9184,107.3617,0
5.2100,537206,0.468140,-0.501526,0.508423,-0.520447,93.6138,107.0603,0
5.2200,537216,0.469360,-0.500427,0.509399,-0.519409,93.3084,106.7400,0
5.2300,537226,0.470642,-0.499268,0.510498,-0.518311,93.0026,106.4345,0
5.2400,537236,0.472107,-0.497925,0.511719,-0.517029,92.7020,106.1708,0
5.2500,537246,0.473694,-0.496460,0.513062,-0.515625,92.3983,105.9276,0
5.2600,537256,0.475342,-0.494873,0.514526,-0.514160,92.0906,105.7029,0
5.2700,537266,0.476990,-0.493286,0.516113,-0.512634,91.7759,105.4771,0
5.2800,537276,0.478455,-0.491882,0.517456,-0.511292,91.4584,105.2042,0
5.2900,537286,0.479614,-0.490723,0.518494,-0.510254,91.1443,104.8636,0
5.3000,537296,0.480591,-0.489746,0.519470,-0.509338,90.8394,104.5016,0
5.3100,537306,0.481689,-0.488586,0.520508,-0.508240,90.5379,104.1731,0
5.3200,537316,0.482849,-0.487366,0.521667,-0.507141,90.2390,103.8709,0
5.3300,537326,0.484009,-0.486145,0.522766,-0.505981,89.9431,103.5577,0
5.3400,537336,0.485291,-0.484924,0.523987,-0.504822,89.6464,103.2666,0
5.3500,537346,0.486694,-0.483398,0.525269,-0.503479,89.3513,103.0137,0
5.3600,537356,0.488159,-0.481873,0.526672,-0.502136,89.0395,102.7503,0
5.3700,537366,0.489685,-0.480286,0.527954,-0.500793,88.7330,102.4807,0
5.3800,537376,0.491333,-0.478577,0.529358,-0.499390,88.4291,102.2231,0
5.3900,537386,0.493164,-0.476807,0.530701,-0.497742,88.1209,101.9904,0
5.4000,537396,0.494873,-0.475403,0.531860,-0.496216,87.8116,101.7117,0
5.4100,537406,0.496277,-0.474243,0.532715,-0.494995,87.5171,101.3370,0
5.4200,537416,0.497559,-0.473206,0.533447,-0.493958,87.2267,100.9188,0
5.4300,537426,0.498535,-0.472290,0.533997,-0.493225,86.9311,100.4067,0
5.4400,537436,0.498901,-0.471924,0.534241,-0.492920,86.6448,99.9063,0
5.4500,537446,0.499207,-0.471619,0.534424,-0.492676,86.3721,99.4344,0
5.4600,537456,0.499573,-0.471313,0.534668,-0.492371,86.1093,98.9734,0
5.4700,537466,0.500305,-0.470642,0.535034,-0.491882,85.8606,98.5477,0
5.4800,537476,0.500793,-0.470154,0.535278,-0.491516,85.6236,98.1508,0
5.4900,537486,0.501465,-0.469543,0.535645,-0.491089,85.4000,97.7971,0
5.5000,537496,0.502197,-0.468689,0.536133,-0.490601,85.1847,97.4810,0
5.5100,537506,0.502930,-0.467896,0.536621,-0.490051,84.9721,97.1739,0
5.5200,537516,0.503784,-0.467102,0.537048,-0.489502,84.7621,96.8834,0
5.5300,537526,0.504578,-0.466248,0.537598,-0.488831,84.5515,96.6034,0
5.5400,537536,0.505310,-0.465515,0.538025,-0.488281,84.3428,96.3140,0
5.5500,537546,0.505981,-0.464905,0.538452,-0.487793,84.1329,96.0149,0
5.5600,537556,0.506226,-0.464600,0.538635,-0.487549,83.9202,95.6570,0
5.5700,537566,0.506409,-0.464478,0.538696,-0.487488,83.7157,95.2927,0
5.5800,537576,0.506409,-0.464417,0.538757,-0.487427,83.5179,94.9227,0
5.5900,537586,0.506409,-0.464417,0.538757,-0.487427,83.3311,94.5694,0
5.6000,537596,0.506409,-0.464417,0.538757,-0.487427,83.1537,94.2332,0
5.6100,537606,0.506470,-0.464355,0.538696,-0.487488,82.9875,93.9144,0
5.6200,537616,0.506470,-0.464355,0.538696,-0.487488,82.8284,93.6097,0
5.6300,537626,0.506531,-0.464294,0.538635,-0.487549,82.6785,93.3246,0
5.6400,537636,0.506531,-0.464294,0.538635,-0.487549,82.5367,93.0512,0
5.6500,537646,0.506531,-0.464294,0.538635,-0.487549,82.3996,92.7903,0
5.6600,537656,0.506531,-0.464294,0.538635,-0.487549,82.2687,92.5413,0
5.6700,537666,0.506531,-0.464294,0.538635,-0.487549,82.1426,92.3041,0
5.6800,537676,0.506531,-0.464294,0.538635,-0.487549,82.0228,92.0776,0
5.6900,537686,0.506531,-0.464294,0.538635,-0.487549,81.9096,91.8618,0
5.7000,537696,0.506592,-0.464294,0.538635,-0.487549,81.8009,91.6568,0
5.7100,537706,0.506592,-0.464294,0.538635,-0.487549,81.6982,91.4614,0
5.7200,537716,0.506592,-0.464294,0.538635,-0.487549,81.6006,91.2765,0
5.7300,537726,0.506592,-0.464233,0.538635,-0.487610,81.5109,91.1031,0
5.7400,537736,0.506653,-0.464172,0.538574,-0.487610,81.4269,90.9384,0
5.7500,537746,0.506653,-0.464172,0.538574,-0.487671,81.3470,90.7820,0
5.7600,537756,0.506714,-0.464111,0.538513,-0.487671,81.2700,90.6316,0
5.7700,537766,0.506714,-0.464111,0.538513,-0.487732,81.1968,90.4899,0
5.7800,537776,0.506775,-0.464050,0.538452,-0.487732,81.1291,90.3547,0
5.7900,537786,0.506836,-0.463989,0.538452,-0.487793,81.0683,90.2262,0
5.8000,537796,0.506897,-0.463928,0.538330,-0.487854,81.0152,90.1018,0
5.8100,537806,0.506958,-0.463806,0.538269,-0.487976,80.9696,89.9842,0
5.8200,537816,0.507080,-0.463745,0.538147,-0.488098,80.9281,89.8756,0
5.8300,537826,0.507141,-0.463623,0.538086,-0.488159,80.8862,89.7707,0
5.8400,537836,0.507202,-0.463562,0.538025,-0.488220,80.8382,89.6716,0
5.8500,537846,0.507202,-0.463562,0.538025,-0.488220,80.7854,89.5763,0
5.8600,537856,0.507202,-0.463562,0.538025,-0.488220,80.7329,89.4851,0
5.8700,537866,0.507202,-0.463562,0.538025,-0.488220,80.6800,89.3991,0
5.8800,537876,0.507202,-0.463562,0.538025,-0.488220,80.6286,89.3186,0
5.8900,537886,0.507202,-0.463562,0.538025,-0.488220,80.5809,89.2384,0
5.9000,537896,0.507202,-0.463562,0.538025,-0.488220,80.5357,89.1622,0
5.9100,537906,0.507202,-0.463562,0.538025,-0.488220,80.4927,89.0904,0
5.9200,537916,0.507202,-0.463562,0.538025,-0.488220,80.4530,89.0221,0
5.9300,537926,0.507202,-0.463562,0.538025,-0.488220,80.4147,88.9574,0
5.9400,537936,0.507202,-0.463562,0.538025,-0.488220,80.3790,88.8958,0
5.9500,537946,0.507202,-0.463562,0.538025,-0.488220,80.3456,88.8367,0
5.9600,537956,0.507263,-0.463562,0.538025,-0.488220,80.3133,88.7800,0
5.9700,537966,0.507263,-0.463562,0.538025,-0.488220,80.2826,88.7273,0
5.9800,537976,0.507263,-0.463562,0.538025,-0.488220,80.2528,88.6785,0
5.9900,537986,0.507263,-0.463501,0.538086,-0.488220,80.2257,88.6314,0
6.0000,537996,0.507263,-0.463501,0.538086,-0.488220,80.2006,88.5874,0
6.0100,538006,0.507263,-0.463501,0.538086,-0.488220,80.1756,88.5449,0
6.0200,538016,0.507263,-0.463501,0.538086,-0.488220,80.1523,88.5046,0
6.0300,538026,0.507263,-0.463501,0.538086,-0.488220,80.1297,88.4668,0
6.0400,538036,0.507263,-0.463501,0.538086,-0.488220,80.1064,88.4298,0
6.0500,538046,0.507263,-0.463501,0.538086,-0.488159,80.0843,88.3952,0
6.0600,538056,0.507263,-0.463501,0.538086,-0.488159,80.0626,88.3618,0
6.0700,538066,0.507263,-0.463501,0.538086,-0.488159,80.0427,88.3300,0
6.0800,538076,0.507263,-0.463501,0.538086,-0.488159,80.0243,88.3016,0
6.0900,538086,0.507263,-0.463501,0.538086,-0.488159,80.0069,88.2734,0
6.1000,538096,0.507263,-0.463501,0.538086,-0.488159,79.9909,88.2460,0
6.1100,538106,0.507263,-0.463501,0.538086,-0.488159,79.9758,88.2212,0
6.1200,538116,0.507263,-0.463501,0.538086,-0.488159,79.9608,88.1971,0
6.1300,538126,0.507263,-0.463501,0.538086,-0.488159,79.9447,88.1718,0
6.1400,538136,0.507263,-0.463501,0.538086,-0.488159,79.9277,88.1471,0
6.1500,538146,0.507324,-0.463501,0.538025,-0.488159,79.9104,88.1225,0
6.1600,538156,0.507263,-0.463623,0.538025,-0.488098,79.8897,88.0979,0
6.1700,538166,0.507263,-0.463684,0.538025,-0.488037,79.8725,88.0764,0
6.1800,538176,0.507263,-0.463684,0.538086,-0.488037,79.8573,88.0565,0
6.1900,538186,0.507263,-0.463684,0.538086,-0.487976,79.8464,88.0394,0
6.2000,538196,0.507263,-0.463684,0.538086,-0.487976,79.8373,88.0243,0
6.2100,538206,0.507263,-0.463684,0.538086,-0.487976,79.8286,88.0118,0
6.2200,538216,0.507263,-0.463684,0.538086,-0.487976,79.8222,87.9975,0
6.2300,538226,0.507263,-0.463684,0.538086,-0.487976,79.8172,87.9852,0
6.2400,538236,0.507263,-0.463684,0.538086,-0.487976,79.8137,87.9734,0
6.2500,538246,0.507263,-0.463684,0.538086,-0.487976,79.8109,87.9622,0
6.2600,538256,0.507263,-0.463684,0.538086,-0.487976,79.8089,87.9534,0
6.2700,538266,0.507263,-0.463684,0.538086,-0.487976,79.8064,87.9450,0
6.2800,538276,0.507263,-0.463684,0.538086,-0.487976,79.8023,87.9359,0
6.2900,538286,0.507263,-0.463684,0.538086,-0.487976,79.7953,87.9248,0
6.3000,538296,0.507263,-0.463684,0.538086,-0.487976,79.7864,87.9119,0
6.3100,538306,0.507263,-0.463745,0.538147,-0.487915,79.7719,87.8985,0
6.3200,538316,0.506958,-0.464172,0.538452,-0.487427,79.6810,87.8898,0
6.3300,538326,0.505676,-0.466125,0.540039,-0.485168,79.2614,87.8849,0
6.3400,538336,0.505249,-0.466675,0.540466,-0.484558,79.1644,87.8676,0
6.3500,538346,0.505249,-0.466675,0.540527,-0.484558,79.1785,87.8577,0
6.3600,538356,0.505249,-0.466675,0.540588,-0.484436,79.1896,87.8536,0
6.3700,538366,0.505249,-0.466675,0.540649,-0.484436,79.2090,87.8379,0
6.3800,538376,0.505249,-0.466675,0.540649,-0.484436,79.2268,87.8235,0
6.3900,538386,0.505249,-0.466614,0.540649,-0.484436,79.2437,87.8111,0
6.4000,538396,0.505249,-0.466675,0.540649,-0.484375,79.2569,87.7992,0
6.4100,538406,0.505249,-0.466675,0.540649,-0.484375,79.2705,87.7874,0
6.4200,538416,0.505249,-0.466675,0.540649,-0.484375,79.2859,87.7732,0
6.4300,538426,0.505249,-0.466675,0.540649,-0.484375,79.3022,87.7603,0
6.4400,538436,0.505249,-0.466675,0.540649,-0.484375,79.3184,87.7504,0
6.4500,538446,0.505249,-0.466675,0.540649,-0.484375,79.3349,87.7422,0
6.4600,538456,0.505249,-0.466675,0.540649,-0.484375,79.3500,87.7350,0
6.4700,538466,0.505249,-0.466675,0.540649,-0.484375,79.3637,87.7275,0
6.4800,538476,0.505249,-0.466675,0.540649,-0.484375,79.3768,87.7187,0
6.4900,538486,0.505249,-0.466675,0.540649,-0.484375,79.3904,87.7085,0
6.5000,538496,0.505249,-0.466675,0.540649,-0.484375,79.4045,87.7006,0
6.5100,538506,0.505249,-0.466675,0.540649,-0.484375,79.4179,87.6919,0
6.5200,538516,0.505249,-0.466675,0.540649,-0.484375,79.4324,87.6854,0
6.5300,538526,0.505249,-0.466614,0.540649,-0.484375,79.4438,87.6846,0
6.5400,538536,0.505310,-0.466553,0.540710,-0.484314,79.4570,87.6934,0
6.5500,538546,0.505432,-0.466492,0.540771,-0.484253,79.4659,87.7003,0
6.5600,538556,0.505493,-0.466370,0.540894,-0.484131,79.4725,87.7105,0
6.5700,538566,0.505798,-0.466003,0.541199,-0.483826,79.4721,87.7729,0
6.5800,538576,0.506226,-0.465576,0.541626,-0.483398,79.4690,87.8472,0
6.5900,538586,0.506470,-0.465271,0.541809,-0.483154,79.4612,87.8684,0
6.6000,538596,0.506775,-0.464966,0.542114,-0.482788,79.4512,87.9038,0
6.6100,538606,0.507019,-0.464600,0.542419,-0.482544,79.4416,87.9272,0
6.6200,538616,0.507507,-0.464111,0.542725,-0.482178,79.4353,87.9749,0
6.6300,538626,0.507935,-0.463562,0.543091,-0.481812,79.4254,88.0168,0
6.6400,538636,0.508362,-0.463135,0.543396,-0.481445,79.4117,88.0452,0
6.6500,538646,0.508972,-0.462463,0.543640,-0.481201,79.4123,88.0771,0
6.6600,538656,0.509460,-0.461792,0.543945,-0.480957,79.4044,88.0975,0
6.6700,538666,0.510010,-0.461182,0.544067,-0.480774,79.4025,88.0931,0
6.6800,538676,0.511047,-0.459961,0.544128,-0.480774,79.4711,88.1354,0
6.6900,538686,0.512146,-0.458618,0.544067,-0.481079,79.5680,88.1701,0
6.7000,538696,0.513184,-0.457092,0.543945,-0.481506,79.7130,88.2350,0
6.7100,538706,0.514587,-0.455139,0.543823,-0.481995,79.7933,88.3503,0
6.7200,538716,0.515930,-0.453003,0.544250,-0.482056,79.8621,88.5624,0
6.7300,538726,0.517761,-0.450195,0.545227,-0.481689,79.8933,88.5763,0
6.7400,538736,0.518616,-0.448425,0.545532,-0.482056,80.5746,87.8794,0
6.7500,538746,0.517944,-0.446716,0.540833,-0.489563,80.8678,86.5893,0
6.7600,538756,0.512024,-0.451538,0.533997,-0.498718,80.8000,86.4947,0
6.7700,538766,0.512085,-0.451233,0.534180,-0.498779,80.7467,86.6185,0
6.7800,538776,0.512024,-0.450623,0.534546,-0.499023,80.7056,86.7488,0
6.7900,538786,0.511963,-0.450195,0.534851,-0.499146,80.6509,86.8643,0
6.8000,538796,0.511963,-0.450195,0.534851,-0.499146,80.5824,86.9443,0
6.8100,538806,0.511963,-0.450562,0.534668,-0.499023,80.5079,87.0019,0
6.8200,538816,0.511963,-0.451233,0.534302,-0.498901,80.4308,87.0251,0
6.8300,538826,0.511414,-0.451965,0.533752,-0.499329,80.3727,86.9733,0
6.8400,538836,0.511353,-0.452026,0.533691,-0.499390,80.3329,87.0428,0
6.8500,538846,0.511353,-0.452026,0.533691,-0.499390,80.2958,87.1237,0
6.8600,538856,0.511414,-0.451965,0.533752,-0.499329,80.2622,87.2083,0
6.8700,538866,0.511414,-0.451843,0.533813,-0.499268,80.2320,87.2879,0
6.8800,538876,0.511475,-0.451782,0.533875,-0.499268,80.2003,87.3623,0
6.8900,538886,0.511536,-0.451721,0.533936,-0.499207,80.1654,87.4282,0
6.9000,538896,0.511475,-0.451721,0.533936,-0.499207,80.1288,87.4826,0
6.9100,538906,0.511414,-0.451843,0.533936,-0.499207,80.0947,87.5266,0
6.9200,538916,0.511353,-0.451965,0.533875,-0.499268,80.0641,87.5620,0
6.9300,538926,0.511230,-0.452087,0.533752,-0.499329,80.0415,87.5945,0
6.9400,538936,0.511108,-0.452148,0.533630,-0.499573,80.0339,87.6159,0
6.9500,538946,0.510986,-0.452087,0.533630,-0.499817,80.0279,87.6572,0
6.9600,538956,0.510681,-0.452087,0.533447,-0.500244,80.0282,87.6646,0
6.9700,538966,0.510437,-0.452148,0.533264,-0.500610,79.9711,87.7085,0
6.9800,538976,0.510193,-0.452454,0.533386,-0.500488,79.9579,87.7496,0
6.9900,538986,0.510071,-0.452576,0.533325,-0.500549,79.9458,87.7881,0
7.0000,538996,0.510010,-0.452637,0.533264,-0.500610,79.9374,87.8337,0
7.0100,539006,0.509949,-0.452698,0.533203,-0.500671,79.9311,87.8871,0
7.0200,539016,0.509949,-0.452698,0.533203,-0.500671,79.9240,87.9354,0
7.0300,539026,0.509949,-0.452698,0.533203,-0.500671,79.9137,87.9802,0
7.0400,539036,0.509949,-0.452881,0.533203,-0.500610,79.8951,88.0203,0
7.0500,539046,0.509888,-0.453186,0.533386,-0.500122,79.8322,88.0773,0
7.0600,539056,0.509827,-0.453613,0.533569,-0.499573,79.7618,88.1331,0
7.0700,539066,0.509766,-0.454102,0.533813,-0.498962,79.6800,88.1871,0
7.0800,539076,0.509644,-0.454590,0.534058,-0.498352,79.6035,88.2246,0
7.0900,539086,0.509521,-0.455139,0.534241,-0.497864,79.5391,88.2499,0
7.1000,539096,0.509521,-0.455444,0.534241,-0.497559,79.5160,88.2693,0
7.1100,539106,0.509521,-0.455872,0.534363,-0.497070,79.4691,88.2899,0
7.1200,539116,0.509399,-0.456543,0.534485,-0.496338,79.3835,88.3016,0
7.1300,539126,0.509827,-0.457153,0.534180,-0.495728,79.3759,88.3118,0
7.1400,539136,0.509888,-0.457703,0.534180,-0.495178,79.3354,88.3118,0
7.1500,539146,0.509094,-0.458862,0.535034,-0.493958,79.1318,88.3117,0
7.1600,539156,0.508789,-0.459229,0.535400,-0.493591,79.0886,88.3074,0
7.1700,539166,0.508545,-0.459351,0.535461,-0.493652,79.1066,88.2899,0
7.1800,539176,0.508118,-0.459717,0.535339,-0.493896,79.1287,88.2309,0
7.1900,539186,0.507446,-0.460388,0.534973,-0.494324,79.1499,88.1197,0
7.2000,539196,0.507202,-0.460632,0.534851,-0.494446,79.1806,88.0918,0
7.2100,539206,0.507080,-0.460754,0.534912,-0.494385,79.2051,88.0843,0
7.2200,539216,0.506958,-0.460876,0.534973,-0.494324,79.2385,88.0974,0
7.2300,539226,0.506897,-0.460999,0.534973,-0.494324,79.2767,88.1151,0
7.2400,539236,0.506897,-0.460999,0.534973,-0.494324,79.3142,88.1320,0
7.2500,539246,0.506897,-0.460937,0.534973,-0.494324,79.3493,88.1444,0
7.2600,539256,0.506958,-0.460999,0.534912,-0.494324,79.3808,88.1551,0
7.2700,539266,0.506958,-0.461060,0.534851,-0.494324,79.4113,88.1628,0
7.2800,539276,0.507019,-0.461243,0.534668,-0.494263,79.4421,88.1720,0
7.2900,539286,0.506958,-0.461304,0.534668,-0.494324,79.4737,88.1818,0
7.3000,539296,0.506958,-0.461304,0.534607,-0.494324,79.5086,88.1877,0
7.3100,539306,0.506714,-0.461548,0.534363,-0.494629,79.5432,88.1482,0
7.3200,539316,0.506165,-0.462158,0.533875,-0.495178,79.5799,88.0511,0
7.3300,539326,0.505493,-0.462891,0.533203,-0.495850,79.6210,87.9314,0
7.3400,539336,0.504578,-0.463806,0.532410,-0.496765,79.6712,87.7914,0
7.3500,539346,0.503845,-0.464661,0.531677,-0.497559,79.7235,87.6910,0
7.3600,539356,0.503357,-0.465149,0.531311,-0.497925,79.7771,87.6784,0
7.3700,539366,0.503235,-0.465271,0.531189,-0.498108,79.8303,87.7305,0
7.3800,539376,0.503174,-0.465332,0.531189,-0.498108,79.8839,87.8039,0
7.3900,539386,0.503174,-0.465332,0.531128,-0.498169,79.9348,87.8765,0
7.4000,539396,0.503113,-0.465454,0.531067,-0.498230,79.9875,87.9373,0
7.4100,539406,0.502930,-0.465576,0.530945,-0.498352,80.0351,87.9785,0
7.4200,539416,0.502808,-0.465759,0.530823,-0.498535,80.0835,88.0237,0
7.4300,539426,0.502686,-0.465881,0.530640,-0.498657,80.1332,88.0654,0
7.4400,539436,0.502625,-0.465942,0.530579,-0.498718,80.1834,88.1217,0
7.4500,539446,0.502625,-0.465942,0.530579,-0.498718,80.2293,88.1877,0
7.4600,539456,0.502625,-0.465942,0.530579,-0.498718,80.2729,88.2521,0
7.4700,539466,0.502625,-0.465942,0.530640,-0.498718,80.3149,88.3127,0
7.4800,539476,0.502625,-0.465942,0.530640,-0.498718,80.3554,88.3715,0
7.4900,539486,0.502625,-0.465942,0.530640,-0.498718,80.3939,88.4273,0
7.5000,539496,0.502625,-0.465942,0.530640,-0.498718,80.4267,88.4792,0
7.5100,539506,0.502625,-0.465942,0.530640,-0.498718,80.4579,88.5278,0
7.5200,539516,0.502625,-0.465942,0.530640,-0.498718,80.4876,88.5723,0
7.5300,539526,0.502625,-0.465942,0.530640,-0.498718,80.5182,88.6032,0
7.5400,539536,0.502197,-0.466370,0.530273,-0.499084,80.5452,88.5700,0
7.5500,539546,0.501648,-0.466980,0.529663,-0.499695,80.5800,88.4877,0
7.5600,539556,0.500671,-0.468018,0.528870,-0.500610,80.6226,88.3476,0
7.5700,539566,0.499268,-0.469604,0.527405,-0.502014,80.6882,88.1110,0
7.5800,539576,0.497620,-0.471619,0.525452,-0.503784,80.7866,87.8242,0
7.5900,539586,0.495728,-0.474243,0.522888,-0.505920,80.9104,87.4739,0
7.6000,539596,0.493042,-0.477600,0.519531,-0.508789,81.0631,86.9965,0
7.6100,539606,0.489502,-0.481445,0.515869,-0.512329,81.2477,86.4596,0
7.6200,539616,0.486084,-0.484741,0.511963,-0.516418,81.5324,85.9784,0
7.6300,539626,0.482483,-0.488159,0.508118,-0.520325,81.8252,85.5710,0
7.6400,539636,0.479065,-0.491394,0.504272,-0.524170,82.1530,85.2442,0
7.6500,539646,0.475891,-0.494507,0.501160,-0.527161,82.4304,85.0708,0
7.6600,539656,0.472717,-0.497620,0.498352,-0.529663,82.6844,84.9867,0
7.6700,539666,0.469604,-0.500793,0.495667,-0.531982,82.9380,84.9625,0
7.6800,539676,0.466797,-0.503601,0.493469,-0.533875,83.2197,85.0702,0
7.6900,539686,0.464050,-0.506348,0.491394,-0.535522,83.4957,85.2333,0
7.7000,539696,0.461182,-0.509216,0.489380,-0.537048,83.7640,85.4038,0
7.7100,539706,0.458069,-0.512390,0.487366,-0.538635,84.0223,85.5608,0
7.7200,539716,0.454895,-0.515625,0.484924,-0.540466,84.3327,85.7000,0
7.7300,539726,0.451721,-0.518738,0.482727,-0.542053,84.6344,85.8901,0
7.7400,539736,0.448547,-0.521790,0.480530,-0.543762,84.9913,86.1237,0
7.7500,539746,0.445557,-0.524536,0.478333,-0.545471,85.3880,86.4265,0
7.7600,539756,0.442993,-0.526794,0.476257,-0.547241,85.8063,86.8002,0
7.7700,539766,0.440735,-0.528687,0.474365,-0.548767,86.2331,87.2079,0
7.7800,539776,0.438660,-0.530396,0.472656,-0.550293,86.6730,87.6033,0
7.7900,539786,0.436646,-0.532043,0.470764,-0.551941,87.1114,88.0316,0
7.8000,539796,0.433044,-0.534790,0.467712,-0.554749,87.5357,88.5154,0
7.8100,539806,0.431335,-0.535950,0.466492,-0.555969,87.9497,89.0091,0
7.8200,539816,0.429871,-0.537048,0.465271,-0.557068,88.3599,89.5151,0
7.8300,539826,0.428528,-0.538269,0.464050,-0.557922,88.7573,90.0262,0
7.8400,539836,0.426697,-0.540039,0.462402,-0.559021,89.1393,90.4258,0
7.8500,539846,0.424255,-0.542297,0.460083,-0.560608,89.5337,90.7022,0
7.8600,539856,0.421570,-0.544556,0.457336,-0.562683,89.9722,90.9358,0
7.8700,539866,0.418579,-0.547058,0.454346,-0.564880,90.4133,91.1236,0
7.8800,539876,0.415649,-0.549438,0.451111,-0.567322,90.8976,91.3184,0
7.8900,539886,0.413147,-0.551453,0.448303,-0.569458,91.3863,91.6218,0
7.9000,539896,0.411072,-0.552979,0.445740,-0.571472,91.9022,92.0014,0
7.9100,539906,0.409363,-0.554138,0.443237,-0.573486,92.4486,92.4362,0
7.9200,539916,0.407654,-0.555420,0.440735,-0.575378,92.9802,92.8608,0
7.9300,539926,0.405640,-0.557007,0.437744,-0.577576,93.5190,93.2126,0
7.9400,539936,0.403442,-0.558655,0.434509,-0.579956,94.0737,93.5302,0
7.9500,539946,0.401733,-0.560181,0.432129,-0.581482,94.5740,94.0004,0
7.9600,539956,0.400452,-0.561340,0.430298,-0.582581,95.0423,94.5558,0
7.9700,539966,0.399475,-0.562256,0.428833,-0.583435,95.4928,95.1537,0
7.9800,539976,0.398804,-0.562927,0.427856,-0.583984,95.9109,95.8035,0
7.9900,539986,0.398254,-0.563477,0.427246,-0.584290,96.3002,96.4755,0
8.0000,539996,0.397888,-0.563904,0.426697,-0.584473,96.6577,97.1667,0
8.0100,540006,0.397583,-0.564270,0.426392,-0.584534,96.9880,97.8254,0
8.0200,540016,0.397217,-0.564697,0.426147,-0.584534,97.2345,98.3138,0
8.0300,540026,0.395813,-0.566101,0.425476,-0.584656,97.4210,98.6451,0
8.0400,540036,0.393372,-0.568420,0.424316,-0.584900,97.6085,98.9424,0
8.0500,540046,0.390686,-0.570923,0.422974,-0.585266,97.8484,99.2454,0
8.0600,540056,0.386292,-0.574768,0.419983,-0.586487,98.1673,99.6131,0
8.0700,540066,0.385376,-0.575562,0.419128,-0.586975,98.5295,100.1266,0
8.0800,540076,0.385193,-0.575745,0.418884,-0.587097,98.8904,100.7524,0
8.0900,540086,0.385193,-0.575745,0.418884,-0.587097,99.2290,101.3861,0
8.1000,540096,0.385193,-0.575745,0.418884,-0.587097,99.5513,101.9880,0
8.1100,540106,0.385193,-0.575745,0.418945,-0.587097,99.8538,102.5569,0
8.1200,540116,0.385193,-0.575806,0.418884,-0.587036,100.1449,103.0927,0
8.1300,540126,0.385010,-0.576050,0.418701,-0.587036,100.4108,103.5761,0
8.1400,540136,0.384277,-0.576782,0.418335,-0.587097,100.6322,103.9626,0
8.1500,540146,0.383179,-0.577820,0.417786,-0.587158,100.8252,104.2873,0
8.1600,540156,0.382324,-0.578674,0.417358,-0.587158,101.0290,104.6365,0
8.1700,540166,0.381714,-0.579285,0.417114,-0.587158,101.2424,105.0143,0
8.1800,540176,0.381287,-0.579529,0.416992,-0.587219,101.4649,105.4155,0
8.1900,540186,0.381226,-0.579529,0.417114,-0.587219,101.6940,105.8399,0
8.2000,540196,0.381226,-0.579468,0.417236,-0.587219,101.9122,106.2586,0
8.2100,540206,0.381287,-0.579346,0.417419,-0.587158,102.1200,106.6640,0
8.2200,540216,0.381348,-0.579163,0.417664,-0.587097,102.3167,107.0555,0
8.2300,540226,0.381531,-0.578918,0.417908,-0.587036,102.5004,107.4369,0
8.2400,540236,0.381775,-0.578674,0.418274,-0.586914,102.6790,107.8085,0
8.2500,540246,0.382080,-0.578369,0.418579,-0.586792,102.8532,108.1673,0
8.2600,540256,0.382446,-0.578003,0.418884,-0.586670,103.0137,108.4946,0
8.2700,540266,0.382690,-0.577698,0.419128,-0.586609,103.1614,108.7958,0
8.2800,540276,0.382935,-0.577515,0.419373,-0.586487,103.3039,109.1026,0
8.2900,540286,0.383301,-0.577148,0.419678,-0.586365,103.4485,109.4560,0
8.3000,540296,0.384094,-0.576416,0.420288,-0.586121,103.5905,109.8757,0
8.3100,540306,0.385315,-0.575256,0.421326,-0.585693,103.7070,110.3182,0
8.3200,540316,0.388428,-0.572266,0.424500,-0.584351,103.7896,110.7735,0
8.3300,540326,0.390564,-0.570251,0.426636,-0.583313,103.8521,111.2692,0
8.3400,540336,0.392883,-0.568237,0.428894,-0.582092,103.8812,111.7551,0
8.3500,540346,0.395508,-0.565979,0.431396,-0.580627,103.8921,112.2427,0
8.3600,540356,0.398315,-0.563599,0.433960,-0.579102,103.8810,112.7047,0
8.3700,540366,0.400818,-0.561462,0.436462,-0.577576,103.8283,113.0883,0
8.3800,540376,0.402954,-0.559753,0.438599,-0.576172,103.7314,113.3548,0
8.3900,540386,0.404724,-0.558533,0.440491,-0.574707,103.5956,113.5295,0
8.4000,540396,0.406677,-0.557190,0.442810,-0.572815,103.4151,113.7401,0
8.4100,540406,0.409119,-0.555481,0.445740,-0.570374,103.1935,114.0254,0
8.4200,540416,0.412048,-0.553467,0.449158,-0.567566,102.9446,114.3529,0
8.4300,540426,0.414673,-0.551575,0.452515,-0.564819,102.6597,114.6078,0
8.4400,540436,0.417236,-0.549805,0.455139,-0.562561,102.4305,114.7435,0
8.4500,540446,0.420471,-0.547424,0.458496,-0.559753,102.1737,114.9746,0
8.4600,540456,0.424377,-0.544434,0.463196,-0.555786,101.8068,115.3672,0
8.4700,540466,0.428345,-0.541382,0.468506,-0.551331,101.3047,115.7152,0
8.4800,540476,0.432312,-0.538086,0.473083,-0.547485,100.8794,115.9330,0
8.4900,540486,0.435974,-0.535217,0.478333,-0.542847,100.2973,116.1317,0
8.5000,540496,0.439270,-0.532715,0.483398,-0.538147,99.6814,116.2348,0
8.5100,540506,0.442871,-0.529480,0.486572,-0.535461,99.3520,116.1479,0
8.5200,540516,0.445679,-0.526917,0.488953,-0.533447,99.0029,115.7224,0
8.5300,540526,0.447693,-0.525146,0.490662,-0.532043,98.6545,115.2385,0
8.5400,540536,0.449341,-0.523560,0.492065,-0.530823,98.3095,114.7730,0
8.5500,540546,0.451172,-0.522034,0.493469,-0.529602,97.9731,114.3648,0
8.5600,540556,0.453247,-0.520142,0.495056,-0.528137,97.6369,113.9830,0
8.5700,540566,0.455505,-0.518127,0.496765,-0.526550,97.3053,113.6131,0
8.5800,540576,0.460571,-0.513550,0.500488,-0.523132,96.9723,113.3008,0
8.5900,540586,0.463501,-0.510742,0.502747,-0.521118,96.6259,113.0383,0
8.6000,540596,0.466370,-0.507874,0.505310,-0.518860,96.2414,112.7857,0
8.6100,540606,0.469482,-0.504761,0.508179,-0.516357,95.8334,112.5678,0
8.6200,540616,0.472778,-0.501282,0.511230,-0.513672,95.4190,112.3768,0
8.6300,540626,0.476135,-0.497803,0.514221,-0.510925,94.9939,112.1645,0
8.6400,540636,0.479309,-0.494446,0.516907,-0.508484,94.5741,111.8853,0
8.6500,540646,0.482117,-0.491455,0.519287,-0.506348,94.1474,111.5134,0
8.6600,540656,0.484680,-0.488708,0.521484,-0.504333,93.7037,111.0864,0
8.6700,540666,0.486816,-0.486328,0.523560,-0.502380,93.2252,110.6005,0
8.6800,540676,0.488770,-0.484192,0.525452,-0.500549,92.7422,110.0731,0
8.6900,540686,0.490479,-0.482239,0.527222,-0.498962,92.2628,109.5135,0
8.7000,540696,0.492249,-0.480286,0.528809,-0.497437,91.7968,108.9495,0
8.7100,540706,0.494080,-0.478210,0.530334,-0.495911,91.3579,108.4057,0
8.7200,540716,0.496155,-0.476013,0.531982,-0.494263,90.9184,107.8986,0
8.7300,540726,0.497742,-0.474304,0.533386,-0.492737,90.4499,107.3159,0
8.7400,540736,0.498413,-0.473572,0.533936,-0.492187,89.9931,106.5449,0
8.7500,540746,0.498840,-0.473083,0.534241,-0.491821,89.5530,105.7626,0
8.7600,540756,0.499695,-0.472168,0.534912,-0.491150,89.1305,105.0854,0
8.7700,540766,0.500977,-0.470825,0.535828,-0.490173,88.7302,104.5047,0
8.7800,540776,0.502197,-0.469421,0.536743,-0.489197,88.3419,103.9123,0
8.7900,540786,0.503296,-0.468201,0.537476,-0.488403,87.9576,103.2618,0
8.8000,540796,0.504028,-0.467346,0.537964,-0.487976,87.5934,102.6175,0
8.8100,540806,0.504639,-0.466614,0.538391,-0.487610,87.2513,102.0205,0
8.8200,540816,0.505371,-0.465698,0.538757,-0.487244,86.8924,101.3364,0
8.8300,540826,0.505554,-0.465515,0.538818,-0.487244,86.5473,100.6692,0
8.8400,540836,0.505676,-0.465332,0.538818,-0.487244,86.2201,100.0323,0
8.8500,540846,0.505737,-0.465271,0.538757,-0.487305,85.9086,99.4255,0
8.8600,540856,0.505798,-0.465271,0.538757,-0.487366,85.6115,98.8478,0
8.8700,540866,0.505798,-0.465210,0.538696,-0.487366,85.3250,98.2984,0
8.8800,540876,0.505859,-0.465210,0.538696,-0.487366,85.0527,97.7777,0
8.8900,540886,0.505859,-0.465149,0.538635,-0.487427,84.7941,97.2848,0
8.9000,540896,0.505920,-0.465088,0.538635,-0.487488,84.5508,96.8165,0
8.9100,540906,0.505981,-0.465027,0.538574,-0.487488,84.3203,96.3711,0
8.9200,540916,0.505981,-0.465027,0.538574,-0.487549,84.0989,95.9473,0
8.9300,540926,0.506042,-0.464966,0.538513,-0.487549,83.8886,95.5441,0
8.9400,540936,0.506042,-0.464966,0.538513,-0.487610,83.6876,95.1617,0
8.9500,540946,0.506104,-0.464905,0.538513,-0.487610,83.4960,94.7972,0
8.9600,540956,0.506104,-0.464905,0.538513,-0.487610,83.3141,94.4486,0
8.9700,540966,0.506104,-0.464905,0.538513,-0.487610,83.1412,94.1179,0
8.9800,540976,0.506104,-0.464905,0.538513,-0.487610,82.9746,93.8015,0
8.9900,540986,0.506104,-0.464905,0.538513,-0.487610,82.8146,93.5008,0
9.0000,540996,0.506104,-0.464905,0.538513,-0.487549,82.6620,93.2152,0
9.0100,541006,0.506104,-0.464905,0.538513,-0.487549,82.5176,92.9433,0
9.0200,541016,0.506165,-0.464844,0.538513,-0.487549,82.3804,92.6832,0
9.0300,541026,0.506165,-0.464844,0.538513,-0.487549,82.2506,92.4355,0
9.0400,541036,0.506104,-0.464905,0.538452,-0.487610,82.1262,92.1956,0
9.0500,541046,0.506104,-0.464966,0.538452,-0.487671,82.0271,91.9606,0
9.0600,541056,0.506104,-0.464966,0.538269,-0.487793,81.9805,91.7332,0
9.0700,541066,0.506226,-0.464722,0.537964,-0.488281,81.8905,91.5256,0
9.0800,541076,0.506226,-0.464722,0.537781,-0.488403,81.8058,91.3046,0
9.0900,541086,0.506165,-0.464844,0.537537,-0.488647,81.7850,91.0079,0
9.1000,541096,0.505493,-0.465515,0.536194,-0.490173,81.7251,90.7707,0
9.1100,541106,0.505188,-0.465942,0.535828,-0.490540,81.6506,90.5682,0
9.1200,541116,0.504944,-0.466309,0.535522,-0.490784,81.5752,90.3865,0
9.1300,541126,0.504761,-0.466553,0.535339,-0.490906,81.5032,90.2432,0
9.1400,541136,0.504639,-0.466736,0.535217,-0.490967,81.4360,90.1213,0
9.1500,541146,0.504517,-0.466980,0.535034,-0.491028,81.3746,89.9914,0
9.1600,541156,0.503967,-0.467529,0.534546,-0.491577,81.3255,89.8000,0
9.1700,541166,0.503174,-0.468445,0.533813,-0.492371,81.2865,89.5634,0
9.1800,541176,0.502319,-0.469360,0.533020,-0.493225,81.2594,89.3392,0
9.1900,541186,0.501587,-0.470154,0.532349,-0.493958,81.2448,89.1603,0
9.2000,541196,0.501099,-0.470642,0.531921,-0.494385,81.2388,89.0565,0
9.2100,541206,0.500977,-0.470886,0.531677,-0.494568,81.2380,89.0229,0
9.2200,541216,0.500854,-0.471069,0.531555,-0.494690,81.2416,89.0075,0
9.2300,541226,0.500793,-0.471191,0.531372,-0.494751,81.2456,88.9899,0
9.2400,541236,0.500610,-0.471497,0.531189,-0.494934,81.2503,88.9647,0
9.2500,541246,0.500427,-0.471863,0.530884,-0.495056,81.2458,88.9240,0
9.2600,541256,0.500183,-0.472168,0.530701,-0.495239,81.2459,88.9016,0
9.2700,541266,0.500061,-0.472412,0.530518,-0.495300,81.2527,88.8900,0
9.2800,541276,0.499634,-0.472839,0.530212,-0.495667,81.2637,88.8382,0
9.2900,541286,0.499023,-0.473511,0.529663,-0.496216,81.2805,88.7136,0
9.3000,541296,0.498291,-0.474365,0.528931,-0.496887,81.3118,88.5576,0
9.3100,541306,0.497375,-0.475464,0.528015,-0.497742,81.3518,88.4024,0
9.3200,541316,0.496399,-0.476746,0.526917,-0.498657,81.3969,88.2346,0
9.3300,541326,0.495300,-0.478271,0.525635,-0.499573,81.4470,88.0640,0
9.3400,541336,0.494080,-0.479919,0.524353,-0.500671,81.5002,87.8867,0
9.3500,541346,0.492615,-0.481689,0.522949,-0.501770,81.5683,87.6924,0
9.3600,541356,0.489136,-0.485840,0.519592,-0.504700,81.6739,87.4784,0
9.3700,541366,0.486816,-0.488403,0.517212,-0.506897,81.8123,87.1870,0
9.3800,541376,0.484070,-0.491394,0.514404,-0.509460,81.9685,86.8473,0
9.3900,541386,0.481384,-0.494263,0.511719,-0.511902,82.1516,86.5773,0
9.4000,541396,0.479065,-0.496826,0.509399,-0.513977,82.3381,86.4247,0
9.4100,541406,0.476929,-0.499268,0.507324,-0.515625,82.5278,86.3581,0
9.4200,541416,0.475037,-0.501343,0.505371,-0.517273,82.7454,86.3570,0
9.4300,541426,0.473328,-0.503174,0.503723,-0.518677,82.9738,86.4257,0
9.4400,541436,0.472046,-0.504578,0.502380,-0.519775,83.2087,86.5932,0
9.4500,541446,0.470947,-0.505798,0.501282,-0.520630,83.4445,86.8057,0
9.4600,541456,0.469666,-0.507202,0.500061,-0.521667,83.6690,86.9887,0
9.4700,541466,0.468140,-0.508789,0.498718,-0.522766,83.8891,87.1377,0
9.4800,541476,0.466492,-0.510498,0.497253,-0.523987,84.1163,87.2730,0
9.4900,541486,0.464478,-0.512390,0.495667,-0.525391,84.3425,87.3675,0
9.5000,541496,0.462219,-0.514709,0.494080,-0.526611,84.5561,87.4767,0
9.5100,541506,0.459534,-0.517456,0.492676,-0.527527,84.7002,87.5700,0
9.5200,541516,0.456848,-0.520325,0.491394,-0.528320,84.8411,87.6853,0
9.5300,541526,0.454285,-0.523010,0.490234,-0.528992,84.9895,87.8431,0
9.5400,541536,0.451965,-0.525330,0.489075,-0.529663,85.1885,88.0427,0
9.5500,541546,0.450012,-0.527100,0.487549,-0.530945,85.5114,88.2114,0
9.5600,541556,0.447876,-0.529053,0.485779,-0.532471,85.8480,88.3706,0
9.5700,541566,0.445618,-0.531128,0.483765,-0.534119,86.2068,88.5620,0
9.5800,541576,0.443542,-0.533020,0.481812,-0.535767,86.5796,88.7735,0
9.5900,541586,0.441528,-0.534729,0.479858,-0.537415,86.9562,89.0217,0
9.6000,541596,0.439697,-0.536377,0.478027,-0.538940,87.3326,89.3035,0
9.6100,541606,0.436157,-0.539490,0.474548,-0.541809,87.7066,89.5864,0
9.6200,541616,0.434326,-0.541077,0.472717,-0.543274,88.0842,89.8568,0
9.6300,541626,0.432495,-0.542664,0.470886,-0.544739,88.4611,90.1376,0
9.6400,541636,0.430725,-0.544189,0.469116,-0.546143,88.8391,90.4398,0
9.6500,541646,0.429199,-0.545532,0.467590,-0.547302,89.2102,90.7907,0
9.6600,541656,0.427795,-0.546692,0.466187,-0.548401,89.5725,91.1716,0
9.6700,541666,0.426208,-0.548035,0.464600,-0.549683,89.9418,91.5035,0
9.6800,541676,0.424438,-0.549438,0.462524,-0.551392,90.3530,91.7770,0
9.6900,541686,0.422485,-0.551025,0.460022,-0.553467,90.7924,91.9941,0
9.7000,541696,0.420349,-0.552673,0.457397,-0.555542,91.2210,92.1992,0
9.7100,541706,0.418457,-0.554199,0.455322,-0.557190,91.6150,92.4941,0
9.7200,541716,0.416931,-0.555420,0.453735,-0.558411,91.9949,92.8809,0
9.7300,541726,0.415710,-0.556335,0.452637,-0.559326,92.3558,93.3404,0
9.7400,541736,0.414795,-0.557007,0.451843,-0.559937,92.6966,93.8479,0
9.7500,541746,0.414124,-0.557556,0.451233,-0.560364,93.0273,94.3792,0
9.7600,541756,0.413574,-0.557983,0.450806,-0.560730,93.3538,94.9236,0
9.7700,541766,0.413147,-0.558350,0.450378,-0.561035,93.6755,95.4534,0
9.7800,541776,0.412720,-0.558655,0.449951,-0.561340,93.9902,95.9669,0
9.7900,541786,0.412354,-0.558899,0.449524,-0.561707,94.2971,96.4670,0
9.8000,541796,0.411926,-0.559204,0.449036,-0.562073,94.5984,96.9311,0
9.8100,541806,0.411377,-0.559570,0.448364,-0.562683,94.8994,97.3260,0
9.8200,541816,0.410706,-0.560059,0.447632,-0.563293,95.1863,97.7319,0
9.8300,541826,0.410095,-0.560425,0.446960,-0.563843,95.4583,98.1402,0
9.8400,541836,0.409607,-0.560791,0.446472,-0.564331,95.7260,98.5296,0
9.8500,541846,0.409058,-0.561096,0.445862,-0.564819,95.9937,98.8962,0
9.8600,541856,0.408508,-0.561462,0.445190,-0.565369,96.2554,99.2467,0
9.8700,541866,0.407471,-0.562134,0.443970,-0.566406,96.5049,99.5995,0
9.8800,541876,0.407104,-0.562378,0.443542,-0.566772,96.7410,99.9669,0
9.8900,541886,0.406921,-0.562500,0.443298,-0.566956,96.9648,100.3594,0
9.9000,541896,0.406860,-0.562561,0.443237,-0.567017,97.1708,100.7561,0
9.9100,541906,0.406860,-0.562622,0.443237,-0.567017,97.3648,101.1436,0
9.9200,541916,0.406860,-0.562622,0.443237,-0.567017,97.5485,101.5206,0
9.9300,541926,0.406860,-0.562561,0.443298,-0.566956,97.7212,101.8836,0
9.9400,541936,0.406921,-0.562561,0.443298,-0.566956,97.8865,102.2254,0
9.9500,541946,0.406921,-0.562561,0.443298,-0.566956,98.0459,102.5442,0
9.9600,541956,0.406921,-0.562561,0.443298,-0.566956,98.1973,102.8447,0
9.9700,541966,0.406921,-0.562561,0.443359,-0.566956,98.3400,103.1295,0
9.9800,541976,0.406921,-0.562561,0.443359,-0.566895,98.4773,103.4013,0
9.9900,541986,0.406921,-0.562561,0.443359,-0.566895,98.6072,103.6607,0
10.0000,541996,0.406921,-0.562561,0.443359,-0.566895,98.7282,103.9101,0
10.0100,542006,0.406982,-0.562500,0.443420,-0.566895,98.8419,104.1518,0
10.0200,542016,0.407043,-0.562439,0.443481,-0.566833,98.9462,104.3830,0
10.0300,542026,0.407104,-0.562378,0.443542,-0.566772,99.0466,104.6080,0
10.0400,542036,0.407166,-0.562378,0.443604,-0.566711,99.1448,104.8176,0
10.0500,542046,0.407227,-0.562317,0.443665,-0.566650,99.2376,105.0114,0
10.0600,542056,0.407227,-0.562317,0.443665,-0.566650,99.3263,105.1890,0
10.0700,542066,0.407227,-0.562317,0.443665,-0.566650,99.4082,105.3630,0
10.0800,542076,0.407227,-0.562317,0.443726,-0.566650,99.4872,105.5319,0
10.0900,542086,0.407288,-0.562256,0.443787,-0.566589,99.5627,105.7052,0
10.1000,542096,0.407410,-0.562134,0.443909,-0.566528,99.6467,105.9155,0
10.1100,542106,0.407898,-0.561768,0.444214,-0.566345,99.7534,106.2150,0
10.1200,542116,0.409058,-0.560791,0.444885,-0.565918,99.8219,106.6076,0
10.1300,542126,0.412659,-0.557983,0.447998,-0.563538,99.8349,107.0246,0
10.1400,542136,0.414429,-0.556763,0.449768,-0.562195,99.8161,107.3813,0
10.1500,542146,0.416077,-0.555542,0.451233,-0.560913,99.7862,107.6723,0
10.1600,542156,0.417664,-0.554443,0.452515,-0.559753,99.7576,107.9016,0
10.1700,542166,0.419189,-0.553406,0.453735,-0.558716,99.7286,108.0920,0
10.1800,542176,0.420776,-0.552185,0.454895,-0.557739,99.6925,108.2662,0
10.1900,542186,0.422546,-0.550842,0.456299,-0.556641,99.6450,108.4504,0
10.2000,542196,0.424438,-0.549316,0.457825,-0.555420,99.5805,108.6311,0
10.2100,542206,0.426453,-0.547668,0.459534,-0.554138,99.4999,108.8207,0
10.2200,542216,0.428833,-0.545654,0.461609,-0.552490,99.3997,109.0525,0
10.2300,542226,0.431702,-0.543396,0.464233,-0.550354,99.2598,109.3479,0
10.2400,542236,0.434753,-0.540894,0.467468,-0.547607,99.0461,109.6855,0
10.2500,542246,0.437988,-0.538269,0.471130,-0.544434,98.7718,110.0312,0
10.2600,542256,0.441650,-0.535583,0.475830,-0.540039,98.3736,110.4660,0
10.2700,542266,0.445923,-0.532410,0.481323,-0.534790,97.9084,110.9796,0
10.2800,542276,0.450195,-0.528809,0.484680,-0.531799,97.6639,111.1850,0
10.2900,542286,0.452820,-0.526489,0.486755,-0.529968,97.4017,111.0504,0
10.3000,542296,0.454346,-0.525024,0.488220,-0.528748,97.0954,110.7341,0
10.3100,542306,0.455750,-0.523621,0.489624,-0.527588,96.7871,110.3992,0
10.3200,542316,0.457153,-0.522217,0.490967,-0.526550,96.4876,110.0630,0
10.3300,542326,0.458557,-0.520874,0.492249,-0.525452,96.1856,109.7155,0
10.3400,542336,0.459900,-0.519592,0.493530,-0.524414,95.8768,109.3486,0
10.3500,542346,0.461060,-0.518372,0.494751,-0.523376,95.5514,108.9325,0
10.3600,542356,0.461853,-0.517517,0.495789,-0.522522,95.2168,108.5384,0
10.3700,542366,0.462708,-0.516724,0.496948,-0.521545,94.8668,108.2098,0
10.3800,542376,0.463684,-0.515747,0.498413,-0.520203,94.5340,107.9709,0
10.3900,542386,0.467224,-0.512146,0.502258,-0.516785,94.2398,107.8039,0
10.4000,542396,0.469604,-0.509766,0.504578,-0.514771,93.9388,107.6892,0
10.4100,542406,0.472351,-0.506958,0.507141,-0.512573,93.6324,107.6161,0
10.4200,542416,0.475159,-0.504028,0.509827,-0.510193,93.3113,107.5447,0
10.4300,542426,0.477783,-0.501221,0.512329,-0.507935,92.9738,107.4201,0
10.4400,542436,0.480103,-0.498718,0.514587,-0.505920,92.6258,107.2096,0
10.4500,542446,0.482117,-0.496582,0.516479,-0.504211,92.2692,106.9095,0
10.4600,542456,0.483826,-0.494690,0.518127,-0.502686,91.9153,106.5521,0
10.4700,542466,0.485596,-0.492859,0.519714,-0.501160,91.5587,106.1909,0
10.4800,542476,0.487061,-0.491211,0.521179,-0.499878,91.1969,105.7863,0
10.4900,542486,0.488464,-0.489746,0.522400,-0.498657,90.8412,105.3490,0
10.5000,542496,0.489807,-0.488281,0.523621,-0.497498,90.4920,104.9227,0
10.5100,542506,0.491333,-0.486511,0.525085,-0.496094,90.1420,104.5460,0
10.5200,542516,0.493103,-0.484558,0.526794,-0.494507,89.7867,104.2138,0
10.5300,542526,0.495056,-0.482300,0.528687,-0.492676,89.4046,103.9163,0
10.5400,542536,0.497192,-0.480164,0.530518,-0.490723,89.0258,103.6155,0
10.5500,542546,0.498901,-0.478394,0.531860,-0.489197,88.6590,103.2241,0
10.5600,542556,0.499695,-0.477539,0.532532,-0.488525,88.3026,102.6621,0
10.5700,542566,0.500183,-0.476990,0.532837,-0.488220,87.9590,102.0448,0
10.5800,542576,0.500732,-0.476440,0.533142,-0.487915,87.6378,101.4587,0
10.5900,542586,0.501160,-0.475952,0.533325,-0.487671,87.3194,100.8520,0
10.6000,542596,0.501465,-0.475647,0.533447,-0.487549,87.0120,100.2666,0
10.6100,542606,0.501709,-0.475403,0.533569,-0.487427,86.7224,99.7174,0
10.6200,542616,0.502014,-0.475037,0.533752,-0.487305,86.4446,99.2128,0
10.6300,542626,0.502441,-0.474609,0.533936,-0.487061,86.1763,98.7568,0
10.6400,542636,0.502930,-0.474060,0.534302,-0.486694,85.8978,98.3815,0
10.6500,542646,0.504211,-0.472595,0.535522,-0.485352,85.6205,97.9831,0
10.6600,542656,0.504578,-0.472290,0.535828,-0.485046,85.3521,97.5413,0
10.6700,542666,0.504883,-0.471863,0.536194,-0.484619,85.0874,97.1280,0
10.6800,542676,0.505310,-0.471436,0.536682,-0.484131,84.8268,96.7481,0
10.6900,542686,0.505615,-0.471130,0.537109,-0.483582,84.5670,96.3711,0
10.7000,542696,0.505859,-0.470886,0.537476,-0.483215,84.3189,95.9807,0
10.7100,542706,0.505920,-0.470764,0.537598,-0.483032,84.0921,95.5787,0
10.7200,542716,0.506042,-0.470642,0.537720,-0.482971,83.8795,95.1892,0
10.7300,542726,0.506104,-0.470581,0.537781,-0.482910,83.6811,94.8017,0
10.7400,542736,0.506104,-0.470581,0.537781,-0.482910,83.4925,94.4253,0
10.7500,542746,0.506104,-0.470581,0.537781,-0.482910,83.3129,94.0689,0
10.7600,542756,0.506165,-0.470581,0.537781,-0.482910,83.1427,93.7303,0
10.7700,542766,0.506165,-0.470520,0.537781,-0.482910,82.9799,93.4093,0
10.7800,542776,0.506165,-0.470520,0.537781,-0.482910,82.8241,93.1037,0
10.7900,542786,0.506165,-0.470520,0.537781,-0.482910,82.6778,92.8140,0
10.8000,542796,0.506165,-0.470520,0.537781,-0.482910,82.5377,92.5388,0
10.8100,542806,0.506226,-0.470520,0.537781,-0.482910,82.4058,92.2761,0
10.8200,542816,0.506226,-0.470520,0.537781,-0.482910,82.2792,92.0260,0
10.8300,542826,0.506226,-0.470459,0.537781,-0.482910,82.1584,91.7902,0
10.8400,542836,0.506226,-0.470459,0.537781,-0.482910,82.0442,91.5643,0
10.8500,542846,0.506226,-0.470459,0.537781,-0.482910,81.9376,91.3486,0
10.8600,542856,0.506287,-0.470459,0.537781,-0.482910,81.8362,91.1437,0
10.8700,542866,0.506287,-0.470398,0.537781,-0.482910,81.7393,90.9484,0
10.8800,542876,0.506287,-0.470398,0.537781,-0.482849,81.6467,90.7629,0
10.8900,542886,0.506287,-0.470398,0.537781,-0.482849,81.5581,90.5867,0
10.9000,542896,0.506287,-0.470398,0.537781,-0.482849,81.4740,90.4192,0
10.9100,542906,0.506348,-0.470398,0.537781,-0.482849,81.3946,90.2566,0
10.9200,542916,0.506348,-0.470337,0.537781,-0.482849,81.3180,90.1027,0
10.9300,542926,0.506348,-0.470337,0.537781,-0.482849,81.2447,89.9559,0
10.9400,542936,0.506348,-0.470337,0.537781,-0.482849,81.1713,89.8153,0
10.9500,542946,0.506348,-0.470337,0.537781,-0.482910,81.1053,89.6805,0
10.9600,542956,0.506348,-0.470398,0.537720,-0.482910,81.0420,89.5501,0
10.9700,542966,0.506348,-0.470520,0.537598,-0.482910,80.9837,89.4184,0
10.9800,542976,0.506042,-0.471008,0.536987,-0.483459,80.9570,89.2064,0
10.9900,542986,0.505188,-0.471985,0.535522,-0.485046,80.9965,88.8530,0
11.0000,542996,0.504395,-0.472839,0.534302,-0.486389,81.0239,88.5666,0
11.0100,543006,0.503296,-0.474060,0.532898,-0.487854,81.0484,88.2544,0
11.0200,543016,0.501770,-0.475708,0.531128,-0.489746,81.0916,87.8773,0
11.0300,543026,0.500610,-0.476990,0.529663,-0.491272,81.1512,87.6196,0
11.0400,543036,0.500000,-0.477722,0.528870,-0.492004,81.1863,87.5208,0
11.0500,543046,0.499146,-0.478760,0.527832,-0.492981,81.2438,87.3944,0
11.0600,543056,0.497559,-0.480835,0.525940,-0.494568,81.3295,87.1315,0
11.0700,543066,0.495178,-0.483887,0.523132,-0.496948,81.4427,86.7166,0
11.0800,543076,0.492126,-0.487610,0.519714,-0.500000,81.5890,86.2199,0
11.0900,543086,0.488831,-0.491638,0.515991,-0.503113,81.7565,85.7338,0
11.1000,543096,0.485596,-0.495483,0.512207,-0.506287,81.9854,85.2721,0
11.1100,543106,0.482239,-0.499512,0.508179,-0.509583,82.1950,84.8579,0
11.1200,543116,0.478760,-0.504028,0.504089,-0.512512,82.4461,84.4923,0
11.1300,543126,0.475342,-0.508606,0.499756,-0.515381,82.7081,84.1860,0
11.1400,543136,0.471802,-0.513123,0.495605,-0.518127,82.9686,84.0144,0
11.1500,543146,0.468445,-0.517273,0.492004,-0.520508,83.2269,84.0691,0
11.1600,543156,0.463562,-0.523743,0.486938,-0.523193,83.5045,84.1970,0
11.1700,543166,0.461121,-0.526550,0.484558,-0.524719,83.8188,84.3369,0
11.1800,543176,0.458618,-0.529236,0.481750,-0.526794,84.2020,84.4492,0
11.1900,543186,0.456116,-0.532166,0.478699,-0.528809,84.5906,84.5566,0
11.2000,543196,0.454041,-0.534729,0.475525,-0.530823,85.0401,84.7174,0
11.2100,543206,0.452209,-0.537048,0.472046,-0.533142,85.5566,84.8892,0
11.2200,543216,0.450500,-0.539429,0.468872,-0.534973,86.0379,85.1198,0
11.2300,543226,0.449219,-0.541687,0.465881,-0.536377,86.5128,85.4187,0
11.2400,543236,0.447754,-0.544128,0.462646,-0.537964,86.9919,85.6774,0
11.2500,543246,0.446106,-0.546570,0.459106,-0.539856,87.4953,85.8944,0
11.2600,543256,0.444214,-0.549133,0.455505,-0.541870,87.9976,86.0952,0
11.2700,543266,0.442017,-0.551636,0.451904,-0.544189,88.5090,86.2796,0
11.2800,543276,0.439880,-0.553894,0.448364,-0.546448,89.0205,86.5017,0
11.2900,543286,0.437988,-0.556030,0.445435,-0.548218,89.4947,86.8219,0
11.3000,543296,0.435852,-0.557983,0.442627,-0.550293,89.9786,87.1302,0
11.3100,543306,0.432800,-0.560181,0.439087,-0.553223,90.5176,87.3360,0
11.3200,543316,0.429871,-0.562622,0.435608,-0.555847,91.0449,87.5783,0
11.3300,543326,0.427246,-0.564697,0.432373,-0.558228,91.5662,87.8803,0
11.3400,543336,0.425659,-0.566284,0.430847,-0.559021,91.9838,88.4682,0
11.3500,543346,0.423706,-0.567444,0.429382,-0.560486,92.4257,89.0191,0
11.3600,543356,0.421265,-0.568665,0.427002,-0.562927,92.9347,89.4246,0
11.3700,543366,0.418701,-0.569946,0.424561,-0.565308,93.4152,89.8829,0
11.3800,543376,0.416260,-0.571167,0.422546,-0.567444,93.8740,90.3441,0
11.3900,543386,0.413635,-0.572327,0.420654,-0.569580,94.3162,90.8664,0
11.4000,543396,0.411316,-0.573425,0.419067,-0.571289,94.7229,91.4466,0
11.4100,543406,0.409363,-0.574585,0.417786,-0.572449,95.1154,91.9758,0
11.4200,543416,0.404846,-0.577576,0.414185,-0.575317,95.5637,92.4309,0
11.4300,543426,0.403137,-0.578796,0.412476,-0.576477,96.0099,92.9800,0
11.4400,543436,0.402039,-0.579773,0.411194,-0.577209,96.4416,93.6024,0
11.4500,543446,0.400879,-0.580811,0.409973,-0.577881,96.8564,94.2122,0
11.4600,543456,0.399841,-0.581909,0.408752,-0.578308,97.2577,94.8143,0
11.4700,543466,0.398987,-0.582886,0.407776,-0.578613,97.6398,95.4391,0
11.4800,543476,0.398621,-0.583435,0.407288,-0.578613,98.0156,96.1289,0
11.4900,543486,0.398499,-0.583618,0.407227,-0.578613,98.3821,96.8472,0
11.5000,543496,0.398499,-0.583618,0.407227,-0.578552,98.7333,97.5516,0
11.5100,543506,0.398560,-0.583496,0.407349,-0.578552,99.0674,98.2267,0
11.5200,543516,0.398560,-0.583496,0.407349,-0.578552,99.3867,98.8591,0
11.5300,543526,0.398560,-0.583740,0.407104,-0.578491,99.6941,99.4324,0
11.5400,543536,0.398560,-0.584290,0.406616,-0.578308,99.9846,99.9533,0
11.5500,543546,0.398376,-0.584900,0.406189,-0.578125,100.2482,100.4304,0
11.5600,543556,0.398132,-0.585266,0.405884,-0.578064,100.5053,100.9057,0
11.5700,543566,0.398010,-0.585510,0.405762,-0.578003,100.7496,101.3751,0
11.5800,543576,0.397888,-0.585632,0.405823,-0.578003,100.9858,101.8435,0
11.5900,543586,0.397827,-0.585449,0.406006,-0.578003,101.2126,102.3082,0
11.6000,543596,0.397827,-0.585144,0.406311,-0.578125,101.4284,102.7640,0
11.6100,543606,0.397827,-0.584839,0.406616,-0.578247,101.6329,103.2023,0
11.6200,543616,0.397827,-0.584473,0.406921,-0.578369,101.8264,103.6152,0
11.6300,543626,0.397827,-0.584229,0.407227,-0.578430,102.0103,103.9920,0
11.6400,543636,0.397827,-0.584106,0.407349,-0.578491,102.1873,104.3399,0
11.6500,543646,0.397827,-0.584106,0.407349,-0.578491,102.3542,104.6674,0
11.6600,543656,0.397888,-0.584106,0.407349,-0.578430,102.5141,104.9833,0
11.6700,543666,0.397827,-0.584106,0.407349,-0.578430,102.6641,105.2952,0
11.6800,543676,0.397827,-0.583618,0.407837,-0.578613,102.8012,105.6035,0
11.6900,543686,0.397888,-0.583191,0.408264,-0.578674,102.9324,105.9218,0
11.7000,543696,0.398987,-0.582825,0.408752,-0.577881,103.0757,106.3170,0
11.7100,543706,0.400024,-0.582214,0.409729,-0.577209,103.1865,106.7156,0
11.7200,543716,0.401062,-0.581177,0.411316,-0.576355,103.2454,107.1626,0
11.7300,543726,0.402893,-0.579773,0.413940,-0.574646,103.2378,107.7323,0
11.7400,543736,0.405090,-0.577942,0.417786,-0.572144,103.1323,108.4004,0
11.7500,543746,0.407532,-0.575439,0.422729,-0.569275,102.9519,109.1470,0
11.7600,543756,0.410217,-0.572327,0.428040,-0.566528,102.7642,109.8839,0
11.7700,543766,0.412964,-0.569031,0.433411,-0.563782,102.5476,110.5722,0
11.7800,543776,0.416016,-0.565552,0.438843,-0.560791,102.3124,111.2332,0
11.7900,543786,0.418884,-0.562561,0.443848,-0.557739,102.0467,111.7669,0
11.8000,543796,0.420837,-0.560242,0.447266,-0.555786,101.8291,112.0086,0
11.8100,543806,0.422668,-0.558594,0.449829,-0.554077,101.6236,112.1120,0
11.8200,543816,0.424683,-0.557129,0.452515,-0.551819,101.3755,112.2214,0
11.8300,543826,0.426514,-0.555176,0.455139,-0.550232,101.1424,112.2750,0
11.8400,543836,0.428223,-0.552673,0.457275,-0.549683,101.0024,112.2413,0
11.8500,543846,0.430054,-0.549805,0.459595,-0.549133,100.8519,112.2242,0
11.8600,543856,0.432739,-0.546936,0.462402,-0.547546,100.6424,112.3142,0
11.8700,543866,0.436096,-0.543884,0.465942,-0.544922,100.3646,112.5069,0
11.8800,543876,0.439087,-0.541016,0.469238,-0.542542,100.0843,112.5234,0
11.8900,543886,0.441833,-0.538452,0.471985,-0.540466,99.7766,112.5880,0
11.9000,543896,0.444946,-0.535645,0.475037,-0.537964,99.4249,112.6766,0
11.9100,543906,0.448242,-0.532715,0.478516,-0.535034,99.0896,112.6795,0
11.9200,543916,0.451477,-0.529724,0.481689,-0.532532,98.7609,112.5029,0
11.9300,543926,0.453979,-0.527283,0.484009,-0.530701,98.4216,112.1608,0
11.9400,543936,0.457642,-0.523804,0.487183,-0.528076,98.0960,111.8336,0
11.9500,543946,0.459839,-0.521667,0.489258,-0.526367,97.7469,111.5782,0
11.9600,543956,0.462219,-0.519348,0.491699,-0.524292,97.3724,111.3799,0
11.9700,543966,0.464905,-0.516663,0.494385,-0.522034,96.9943,111.2227,0
11.9800,543976,0.467834,-0.513733,0.497375,-0.519470,96.5902,111.0973,0
11.9900,543986,0.471069,-0.510498,0.500854,-0.516357,96.1503,111.0428,0
12.0000,543996,0.474854,-0.506714,0.505066,-0.512573,95.6643,111.0774,0
12.0100,544006,0.478821,-0.502625,0.510010,-0.507935,95.0903,111.1832,0
12.0200,544016,0.482788,-0.498474,0.514709,-0.503540,94.5270,111.2065,0
12.0300,544026,0.486206,-0.494690,0.518311,-0.500244,94.0304,111.0212,0
12.0400,544036,0.488953,-0.491699,0.520874,-0.497864,93.5541,110.6204,0
12.0500,544046,0.490845,-0.489624,0.522644,-0.496155,93.0751,110.0397,0
12.0600,544056,0.492249,-0.488037,0.523987,-0.494995,92.5966,109.3639,0
12.0700,544066,0.493591,-0.486450,0.525269,-0.493835,92.1319,108.6955,0
12.0800,544076,0.495056,-0.484619,0.526733,-0.492493,91.6542,108.0719,0
12.0900,544086,0.496826,-0.482605,0.528442,-0.490967,91.1729,107.5051,0
12.1000,544096,0.498779,-0.480469,0.530212,-0.489136,90.6944,106.9845,0
12.1100,544106,0.500916,-0.478271,0.532043,-0.487122,90.2162,106.4929,0
12.1200,544116,0.502930,-0.476257,0.533630,-0.485291,89.7505,105.9670,0
12.1300,544126,0.504028,-0.475098,0.534607,-0.484253,89.2962,105.2896,0
12.1400,544136,0.504395,-0.474609,0.535034,-0.483826,88.8531,104.4577,0
12.1500,544146,0.504639,-0.474365,0.535278,-0.483521,88.4290,103.6467,0
12.1600,544156,0.504822,-0.474182,0.535400,-0.483398,88.0244,102.8517,0
12.1700,544166,0.504883,-0.474121,0.535461,-0.483276,87.6394,102.0958,0
12.1800,544176,0.504944,-0.473999,0.535522,-0.483215,87.2705,101.3837,0
12.1900,544186,0.505066,-0.473877,0.535645,-0.483154,86.9207,100.7218,0
12.2000,544196,0.505676,-0.473206,0.536133,-0.482605,86.5874,100.1440,0
12.2100,544206,0.506409,-0.472412,0.536682,-0.481995,86.2699,99.6385,0
12.2200,544216,0.506653,-0.472168,0.536926,-0.481750,85.9586,99.0608,0
12.2300,544226,0.506653,-0.472107,0.536926,-0.481750,85.6588,98.4668,0
12.2400,544236,0.506714,-0.472046,0.536987,-0.481689,85.3708,97.9055,0
12.2500,544246,0.506775,-0.472046,0.536987,-0.481689,85.0978,97.3681,0
12.2600,544256,0.506775,-0.472046,0.536987,-0.481689,84.8384,96.8558,0
12.2700,544266,0.506775,-0.471985,0.536987,-0.481689,84.5914,96.3691,0
12.2800,544276,0.506836,-0.471985,0.536987,-0.481689,84.3556,95.9055,0
12.2900,544286,0.506836,-0.471985,0.536987,-0.481689,84.1334,95.4634,0
12.3000,544296,0.506836,-0.471924,0.536987,-0.481689,83.9204,95.0421,0
12.3100,544306,0.506836,-0.471924,0.536987,-0.481689,83.7182,94.6402,0
12.3200,544316,0.506897,-0.471924,0.536987,-0.481689,83.5248,94.2595,0
12.3300,544326,0.506897,-0.471924,0.536987,-0.481689,83.3418,93.8967,0
12.3400,544336,0.506897,-0.471924,0.536987,-0.481689,83.1678,93.5544,0
12.3500,544346,0.506897,-0.471863,0.536987,-0.481689,83.0032,93.2286,0
12.3600,544356,0.506958,-0.471863,0.536987,-0.481689,82.8462,92.9185,0
12.3700,544366,0.506958,-0.471863,0.536987,-0.481689,82.6964,92.6251,0
12.3800,544376,0.506958,-0.471863,0.536987,-0.481689,82.5548,92.3446,0
12.3900,544386,0.506958,-0.471802,0.536987,-0.481689,82.4190,92.0769,0
12.4000,544396,0.507019,-0.471802,0.536987,-0.481689,82.2888,91.8189,0
12.4100,544406,0.507019,-0.471802,0.536987,-0.481689,82.1675,91.5738,0
12.4200,544416,0.507019,-0.471802,0.536987,-0.481689,82.0505,91.3398,0
12.4300,544426,0.507080,-0.471741,0.536987,-0.481689,81.9394,91.1163,0
12.4400,544436,0.507080,-0.471802,0.536926,-0.481689,81.8344,90.9016,0
12.4500,544446,0.507080,-0.471863,0.536865,-0.481689,81.7340,90.6940,0
12.4600,544456,0.506958,-0.472229,0.536499,-0.481873,81.6454,90.4602,0
12.4700,544466,0.506042,-0.473206,0.535461,-0.483032,81.5903,90.0683,0
12.4800,544476,0.505310,-0.473999,0.534485,-0.484070,81.5598,89.7356,0
12.4900,544486,0.504822,-0.474548,0.533813,-0.484802,81.5270,89.4941,0
12.5000,544496,0.504089,-0.475220,0.532776,-0.485962,81.5325,89.2095,0
12.5100,544506,0.502808,-0.476562,0.531128,-0.487854,81.5654,88.8100,0
12.5200,544516,0.500732,-0.478760,0.528809,-0.490356,81.6015,88.2988,0
12.5300,544526,0.498047,-0.481995,0.526001,-0.492920,81.6185,87.7179,0
12.5400,544536,0.494934,-0.485962,0.523010,-0.495361,81.6001,87.1272,0
12.5500,544546,0.491089,-0.490356,0.519592,-0.498352,81.6241,86.4778,0
12.5600,544556,0.487122,-0.494812,0.515747,-0.501831,81.7345,85.8572,0
12.5700,544566,0.483704,-0.498535,0.511719,-0.505615,81.9738,85.3450,0
12.5800,544576,0.480774,-0.501648,0.508362,-0.508728,82.2213,85.0342,0
12.5900,544586,0.478333,-0.504150,0.505920,-0.510864,82.4365,84.9356,0
12.6000,544596,0.476135,-0.506592,0.503662,-0.512817,82.6892,84.9287,0
12.6100,544606,0.473694,-0.509094,0.501221,-0.515015,82.9695,84.9125,0
12.6200,544616,0.470825,-0.512085,0.498230,-0.517517,83.2654,84.8274,0
12.6300,544626,0.467957,-0.515503,0.494934,-0.519958,83.5797,84.7367,0
12.6400,544636,0.465210,-0.518921,0.491455,-0.522278,83.9188,84.6842,0
12.6500,544646,0.462463,-0.522461,0.487793,-0.524597,84.2788,84.6190,0
12.6600,544656,0.459595,-0.526184,0.483948,-0.526978,84.6447,84.5925,0
12.6700,544666,0.456665,-0.529907,0.480164,-0.529175,85.0385,84.6440,0
12.6800,544676,0.454285,-0.533630,0.476379,-0.531006,85.4492,84.7641,0
12.6900,544686,0.452148,-0.537048,0.472717,-0.532654,85.8580,84.9320,0
12.7000,544696,0.450195,-0.540466,0.469177,-0.533936,86.2851,85.1703,0
12.7100,544706,0.448303,-0.547974,0.461548,-0.534485,86.7158,85.4201,0
12.7200,544716,0.447205,-0.551758,0.457825,-0.534790,87.1268,85.6485,0
12.7300,544726,0.445740,-0.555237,0.454102,-0.535522,87.5602,85.8547,0
12.7400,544736,0.443848,-0.558594,0.450317,-0.536865,88.0161,86.0172,0
12.7500,544746,0.441406,-0.561707,0.446228,-0.539001,88.5251,86.1092,0
12.7600,544756,0.439026,-0.564697,0.442383,-0.541016,89.0263,86.2616,0
12.7700,544766,0.436707,-0.567261,0.439148,-0.542847,89.5074,86.5013,0
12.7800,544776,0.433105,-0.569702,0.435425,-0.546082,90.0227,86.5939,0
12.7900,544786,0.428345,-0.572510,0.430603,-0.550781,90.6139,86.5083,0
12.8000,544796,0.423584,-0.575500,0.426025,-0.554871,91.1607,86.5167,0
12.8100,544806,0.419189,-0.578125,0.422607,-0.558105,91.6584,86.7223,0
12.8200,544816,0.413635,-0.580505,0.419250,-0.562256,92.1526,86.8760,0
12.8300,544826,0.407898,-0.582581,0.415344,-0.567200,92.7431,87.0114,0
12.8400,544836,0.402344,-0.584412,0.411743,-0.571899,93.3410,87.2551,0
12.8500,544846,0.397339,-0.585510,0.408936,-0.576233,93.9428,87.6778,0
12.8600,544856,0.392639,-0.585999,0.406433,-0.580688,94.6179,88.2352,0
12.8700,544866,0.389099,-0.585937,0.404968,-0.584229,95.2601,89.0032,0
12.8800,544876,0.386353,-0.585815,0.404297,-0.586609,95.8365,89.9174,0
12.8900,544886,0.384155,-0.585815,0.403870,-0.588379,96.3784,90.8618,0
12.9000,544896,0.383057,-0.586182,0.403381,-0.588989,96.9052,91.8689,0
12.9100,544906,0.382629,-0.586487,0.403198,-0.589111,97.4231,92.9529,0
12.9200,544916,0.382507,-0.586670,0.403076,-0.589111,97.9198,94.0011,0
12.9300,544926,0.382507,-0.586670,0.403137,-0.589050,98.3952,95.0058,0
12.9400,544936,0.382507,-0.586670,0.403137,-0.589050,98.8463,95.9561,0
12.9500,544946,0.382507,-0.586670,0.403137,-0.589050,99.2784,96.8498,0
12.9600,544956,0.382568,-0.586731,0.403137,-0.588989,99.6901,97.6959,0
12.9700,544966,0.382568,-0.586792,0.403076,-0.588928,100.0806,98.5038,0
12.9800,544976,0.382568,-0.586792,0.403076,-0.588928,100.4504,99.2785,0
12.9900,544986,0.382568,-0.586731,0.403137,-0.588928,100.7979,100.0215,0
13.0000,544996,0.382629,-0.586609,0.403320,-0.588928,101.1258,100.7351,0
13.0100,545006,0.382690,-0.586487,0.403442,-0.588867,101.4366,101.4119,0
13.0200,545016,0.382813,-0.586426,0.403564,-0.588806,101.7317,102.0643,0
13.0300,545026,0.383789,-0.586060,0.404053,-0.588196,102.0154,102.7923,0
13.0400,545036,0.385376,-0.585632,0.404968,-0.586914,102.2711,103.5619,0
13.0500,545046,0.387390,-0.585205,0.406311,-0.585144,102.4783,104.3471,0
13.0600,545056,0.390198,-0.584778,0.408325,-0.582336,102.6038,105.2043,0
13.0700,545066,0.393494,-0.584167,0.410583,-0.579102,102.7063,106.0560,0
13.0800,545076,0.397156,-0.583435,0.412720,-0.575806,102.8063,106.8536,0
13.0900,545086,0.400879,-0.582642,0.415344,-0.572144,102.8285,107.6188,0
13.1000,545096,0.403381,-0.581848,0.418762,-0.568726,102.7015,108.2751,0
13.1100,545106,0.405579,-0.580383,0.422058,-0.566101,102.6079,108.8457,0
13.1200,545116,0.408081,-0.578491,0.425659,-0.563599,102.4901,109.3809,0
13.1300,545126,0.410278,-0.576599,0.428833,-0.561523,102.3719,109.8006,0
13.1400,545136,0.412537,-0.575134,0.432434,-0.558594,102.1489,110.2211,0
13.1500,545146,0.414917,-0.573059,0.435791,-0.556396,101.9990,110.5889,0
13.1600,545156,0.417114,-0.570435,0.437744,-0.555908,102.0301,110.7660,0
13.1700,545166,0.419067,-0.567871,0.439697,-0.555542,101.9504,111.0016,0
13.1800,545176,0.421021,-0.564941,0.442627,-0.554687,101.7477,111.3834,0
13.1900,545186,0.423218,-0.561401,0.447083,-0.552979,101.5695,111.6765,0
13.2000,545196,0.424866,-0.557251,0.451538,-0.552307,101.3236,112.0428,0
13.2100,545206,0.427429,-0.553589,0.456116,-0.550293,100.9986,112.5618,0
13.2200,545216,0.431519,-0.549927,0.461365,-0.546387,100.6416,112.9979,0
13.2300,545226,0.439209,-0.542725,0.470459,-0.539673,100.3610,113.2238,0
13.2400,545236,0.442810,-0.539429,0.474243,-0.536682,100.0409,113.3814,0
13.2500,545246,0.446411,-0.536072,0.478210,-0.533508,99.6843,113.5136,0
13.2600,545256,0.450012,-0.532715,0.482178,-0.530334,99.3013,113.5986,0
13.2700,545266,0.453552,-0.529358,0.486267,-0.526917,98.8773,113.6529,0
13.2800,545276,0.457520,-0.525574,0.490295,-0.523499,98.4782,113.7144,0
13.2900,545286,0.461731,-0.521484,0.494324,-0.520142,98.0866,113.7486,0
13.3000,545296,0.465271,-0.517883,0.497742,-0.517273,97.6682,113.6200,0
13.3100,545306,0.468872,-0.514343,0.501160,-0.514282,97.2380,113.4621,0
13.3200,545316,0.472473,-0.510620,0.504578,-0.511292,96.7851,113.2883,0
13.3300,545326,0.475342,-0.507568,0.507507,-0.508789,96.3165,112.9559,0
13.3400,545336,0.478088,-0.504578,0.510193,-0.506470,95.8448,112.5780,0
13.3500,545346,0.481018,-0.501465,0.513000,-0.503967,95.3670,112.2198,0
13.3600,545356,0.484009,-0.498230,0.515869,-0.501404,94.8790,111.8643,0
13.3700,545366,0.486816,-0.495178,0.518555,-0.498962,94.3890,111.4603,0
13.3800,545376,0.489319,-0.492371,0.520935,-0.496765,93.8630,110.9593,0
13.3900,545386,0.491577,-0.489807,0.523132,-0.494751,93.3362,110.4115,0
13.4000,545396,0.493591,-0.487488,0.525146,-0.492920,92.8089,109.8230,0
13.4100,545406,0.495728,-0.485168,0.527100,-0.490967,92.2872,109.2484,0
13.4200,545416,0.497986,-0.482788,0.529053,-0.488892,91.7739,108.7002,0
13.4300,545426,0.500000,-0.480774,0.530579,-0.487183,91.2994,107.9229,0
13.4400,545436,0.501282,-0.479370,0.531433,-0.486328,90.8680,107.1904,0
13.4500,545446,0.502747,-0.477722,0.532166,-0.485596,90.4639,106.5222,0
13.4600,545456,0.504517,-0.475769,0.533020,-0.484741,90.0451,105.7676,0
13.4700,545466,0.505676,-0.474426,0.533569,-0.484253,89.6125,104.9632,0
13.4800,545476,0.506409,-0.473633,0.533813,-0.484009,89.1597,104.1892,0
13.4900,545486,0.507385,-0.472534,0.534485,-0.483276,88.7204,103.4269,0
13.5000,545496,0.507812,-0.472107,0.534729,-0.483032,88.3077,102.6813,0
13.5100,545506,0.508118,-0.471741,0.534851,-0.482910,87.9137,101.9574,0
13.5200,545516,0.508240,-0.471619,0.534851,-0.482849,87.5275,101.2275,0
13.5300,545526,0.508240,-0.471619,0.534851,-0.482849,87.1504,100.5210,0
13.5400,545536,0.508301,-0.471558,0.534851,-0.482849,86.7933,99.8493,0
13.5500,545546,0.508301,-0.471558,0.534851,-0.482849,86.4558,99.2098,0
13.5600,545556,0.508362,-0.471497,0.534851,-0.482910,86.1358,98.6023,0
13.5700,545566,0.508423,-0.471436,0.534790,-0.482971,85.8354,98.0251,0
13.5800,545576,0.508484,-0.471375,0.534790,-0.482971,85.5512,97.4774,0
13.5900,545586,0.508545,-0.471252,0.534729,-0.483032,85.2830,96.9601,0
13.6000,545596,0.508667,-0.471191,0.534729,-0.483032,85.0294,96.4680,0
13.6100,545606,0.508728,-0.471069,0.534668,-0.483154,84.7890,95.9994,0
13.6200,545616,0.508789,-0.470947,0.534607,-0.483215,84.5595,95.5536,0
13.6300,545626,0.508911,-0.470886,0.534546,-0.483276,84.3421,95.1294,0
13.6400,545636,0.508972,-0.470703,0.534485,-0.483459,84.1533,94.7225,0
13.6500,545646,0.509216,-0.470215,0.534241,-0.483948,84.0197,94.3348,0
13.6600,545656,0.509338,-0.470032,0.534180,-0.484131,83.8459,93.9670,0
13.6700,545666,0.509399,-0.469849,0.534058,-0.484253,83.6730,93.6164,0
13.6800,545676,0.509460,-0.469788,0.533997,-0.484314,83.4999,93.2840,0
13.6900,545686,0.509521,-0.469727,0.533997,-0.484314,83.3242,92.9699,0
13.7000,545696,0.509521,-0.469727,0.533997,-0.484314,83.1560,92.6734,0
13.7100,545706,0.509583,-0.469727,0.533997,-0.484314,82.9945,92.3917,0
13.7200,545716,0.509583,-0.469666,0.533997,-0.484314,82.8399,92.1252,0
13.7300,545726,0.509583,-0.469666,0.533997,-0.484314,82.6893,91.8709,0
13.7400,545736,0.509644,-0.469666,0.533997,-0.484314,82.7522,91.6455,0
13.7500,545746,0.512024,-0.464600,0.531494,-0.489380,83.2627,91.4278,0
13.7600,545756,0.512634,-0.463074,0.530701,-0.491089,83.3612,91.2136,0
13.7700,545766,0.512573,-0.463135,0.530579,-0.491211,83.1965,91.0095,0
13.7800,545776,0.512573,-0.463257,0.530457,-0.491211,83.0300,90.8247,0
13.7900,545786,0.512573,-0.463318,0.530396,-0.491211,82.8730,90.6538,0
13.8000,545796,0.512573,-0.463196,0.530396,-0.491333,82.7435,90.4987,0
13.8100,545806,0.513184,-0.461914,0.529724,-0.492615,82.8175,90.3544,0
13.8200,545816,0.513245,-0.461792,0.529602,-0.492798,82.7008,90.2185,0
13.8300,545826,0.513245,-0.461792,0.529602,-0.492798,82.5585,90.0835,0
13.8400,545836,0.513245,-0.461792,0.529602,-0.492798,82.4221,89.9564,0
13.8500,545846,0.513245,-0.461853,0.529602,-0.492737,82.2908,89.8351,0
13.8600,545856,0.513245,-0.461914,0.529602,-0.492615,82.1654,89.7193,0
13.8700,545866,0.513245,-0.461975,0.529602,-0.492554,82.0463,89.6092,0
13.8800,545876,0.513245,-0.462097,0.529602,-0.492554,81.9331,89.5041,0
13.8900,545886,0.513245,-0.462158,0.529541,-0.492493,81.8293,89.4030,0
13.9000,545896,0.513245,-0.462280,0.529480,-0.492493,81.7313,89.3009,0
13.9100,545906,0.513245,-0.462402,0.529419,-0.492432,81.6358,89.2038,0
13.9200,545916,0.513245,-0.462585,0.529419,-0.492310,81.5333,89.1069,0
13.9300,545926,0.513000,-0.463013,0.529358,-0.492126,81.4087,88.9978,0
13.9400,545936,0.512817,-0.463440,0.529297,-0.492004,81.3087,88.8959,0
13.9500,545946,0.512695,-0.463867,0.529175,-0.491882,81.1896,88.7534,0
13.9600,545956,0.512268,-0.464600,0.528992,-0.491821,81.0483,88.5287,0
13.9700,545966,0.511353,-0.465942,0.528503,-0.492004,80.9066,88.1804,0
13.9800,545976,0.509705,-0.468262,0.527466,-0.492676,80.7744,87.7337,0
13.9900,545986,0.507385,-0.471313,0.525879,-0.493835,80.6336,87.4707,0
14.0000,545996,0.505615,-0.473816,0.525085,-0.494141,80.5230,87.2706,0
14.0100,546006,0.502014,-0.478699,0.523132,-0.495117,80.4624,86.9746,0
14.0200,546016,0.499756,-0.481812,0.521301,-0.496399,80.4433,86.6254,0
14.0300,546026,0.497620,-0.484680,0.519531,-0.497559,80.4656,86.3475,0
14.0400,546036,0.495544,-0.487061,0.518188,-0.498657,80.5079,86.1521,0
14.0500,546046,0.492981,-0.489746,0.516541,-0.500305,80.5815,85.9054,0
14.0600,546056,0.489868,-0.492920,0.514404,-0.502441,80.6748,85.5870,0
14.0700,546066,0.486328,-0.496521,0.512085,-0.504700,80.7661,85.2478,0
14.0800,546076,0.482239,-0.500732,0.509521,-0.507019,80.8472,84.8773,0
14.0900,546086,0.477478,-0.505737,0.506409,-0.509705,80.9358,84.4402,0
14.1000,546096,0.472229,-0.511169,0.502563,-0.513000,81.0950,83.9503,0
14.1100,546106,0.467041,-0.516174,0.498291,-0.516846,81.3848,83.5036,0
14.1200,546116,0.462280,-0.520691,0.494385,-0.520325,81.7154,83.2272,0
14.1300,546126,0.458008,-0.524719,0.490479,-0.523804,82.1303,83.0630,0
14.1400,546136,0.453979,-0.528442,0.486572,-0.527100,82.5817,82.9923,0
14.1500,546146,0.450134,-0.531921,0.482788,-0.530457,83.1181,83.0375,0
14.1600,546156,0.446167,-0.535522,0.478821,-0.533752,83.6668,83.1088,0
14.1700,546166,0.441833,-0.539368,0.474487,-0.537354,84.2325,83.1420,0
14.1800,546176,0.437378,-0.543213,0.470520,-0.540527,84.7661,83.2576,0
14.1900,546186,0.432983,-0.547119,0.467041,-0.543213,85.2552,83.4591,0
14.2000,546196,0.428772,-0.550781,0.463684,-0.545715,85.7498,83.7800,0
14.2100,546206,0.424744,-0.554260,0.460571,-0.547913,86.2710,84.2324,0
14.2200,546216,0.421448,-0.557251,0.457886,-0.549683,86.8436,84.7348,0
14.2300,546226,0.418518,-0.559814,0.455261,-0.551514,87.4378,85.1917,0
14.2400,546236,0.415405,-0.562439,0.452271,-0.553650,88.0525,85.6843,0
14.2500,546246,0.412476,-0.564880,0.449341,-0.555725,88.6437,86.2813,0
14.2600,546256,0.407776,-0.568909,0.444763,-0.558777,89.2290,86.9070,0
14.2700,546266,0.405945,-0.570740,0.442383,-0.560120,89.8461,87.5493,0
14.2800,546276,0.403931,-0.572510,0.440491,-0.561279,90.4006,88.2073,0
14.2900,546286,0.401672,-0.574463,0.438538,-0.562439,90.9326,88.8239,0
14.3000,546296,0.399353,-0.576538,0.436646,-0.563416,91.4362,89.4291,0
14.3100,546306,0.396973,-0.578613,0.434753,-0.564453,91.9305,90.0266,0
14.3200,546316,0.394958,-0.580383,0.432983,-0.565369,92.4479,90.6539,0
14.3300,546326,0.393555,-0.581787,0.431519,-0.566101,92.9769,91.3561,0
14.3400,546336,0.392639,-0.582642,0.430542,-0.566589,93.5055,92.1322,0
14.3500,546346,0.392029,-0.582947,0.429993,-0.567078,94.0204,92.9460,0
14.3600,546356,0.391602,-0.583069,0.429810,-0.567444,94.5169,93.7744,0
14.3700,546366,0.391479,-0.583069,0.429687,-0.567566,94.9944,94.6030,0
14.3800,546376,0.391541,-0.583069,0.429687,-0.567566,95.4422,95.4110,0
14.3900,546386,0.391541,-0.583069,0.429749,-0.567505,95.8652,96.1856,0
14.4000,546396,0.391602,-0.583008,0.429749,-0.567505,96.2670,96.9192,0
14.4100,546406,0.391602,-0.583008,0.429749,-0.567505,96.6493,97.6119,0
14.4200,546416,0.391602,-0.583008,0.429749,-0.567505,97.0131,98.2659,0
14.4300,546426,0.391663,-0.583008,0.429749,-0.567505,97.3588,98.8865,0
14.4400,546436,0.391663,-0.582947,0.429749,-0.567505,97.6865,99.4791,0
14.4500,546446,0.391663,-0.582947,0.429749,-0.567505,97.9973,100.0480,0
14.4600,546456,0.391724,-0.582825,0.429871,-0.567505,98.2930,100.6132,0
14.4700,546466,0.391907,-0.582642,0.430115,-0.567444,98.5814,101.1779,0
14.4800,546476,0.392273,-0.582275,0.430420,-0.567322,98.8634,101.7451,0
14.4900,546486,0.392822,-0.581726,0.430847,-0.567139,99.1376,102.3050,0
14.5000,546496,0.393555,-0.580933,0.431396,-0.567017,99.3906,102.8663,0
14.5100,546506,0.394531,-0.580017,0.432190,-0.566711,99.6275,103.3836,0
14.5200,546516,0.396179,-0.578491,0.433228,-0.566284,99.8439,103.8213,0
14.5300,546526,0.396790,-0.578003,0.433533,-0.566162,100.0387,104.2168,0
14.5400,546536,0.397583,-0.577332,0.433960,-0.565979,100.2234,104.6112,0
14.5500,546546,0.398682,-0.576294,0.434814,-0.565552,100.3960,105.0518,0
14.5600,546556,0.400330,-0.574951,0.436462,-0.564514,100.5100,105.5889,0
14.5700,546566,0.402649,-0.573181,0.439148,-0.562622,100.5426,106.2417,0
14.5800,546576,0.405212,-0.571167,0.442505,-0.560181,100.5063,106.9280,0
14.5900,546586,0.408142,-0.568726,0.445618,-0.557983,100.5088,107.5697,0
14.6000,546596,0.412048,-0.565613,0.449524,-0.555176,100.4831,108.3120,0
14.6100,546606,0.416199,-0.562134,0.454041,-0.551880,100.3858,109.0685,0
14.6200,546616,0.420044,-0.559021,0.458008,-0.548950,100.2693,109.6550,0
14.6300,546626,0.423706,-0.555847,0.461548,-0.546326,100.1503,110.1261,0
14.6400,546636,0.427307,-0.552795,0.464844,-0.543823,100.0201,110.5100,0
14.6500,546646,0.430481,-0.550110,0.467773,-0.541504,99.8538,110.7567,0
14.6600,546656,0.433411,-0.547729,0.470215,-0.539429,99.6761,110.8989,0
14.6700,546666,0.436584,-0.545166,0.472778,-0.537292,99.4577,110.9980,0
14.6800,546676,0.439819,-0.542480,0.475403,-0.535034,99.2276,111.0878,0
14.6900,546686,0.442627,-0.539917,0.477844,-0.533081,98.9750,111.0864,0
14.7000,546696,0.445251,-0.537659,0.480042,-0.531311,98.7016,111.0093,0
14.7100,546706,0.447876,-0.535217,0.482300,-0.529419,98.4179,110.9265,0
14.7200,546716,0.450806,-0.532654,0.484741,-0.527344,98.1232,110.8824,0
14.7300,546726,0.453796,-0.529968,0.487244,-0.525146,97.8186,110.8402,0
14.7400,546736,0.457031,-0.527100,0.489807,-0.522827,97.5237,110.8290,0
14.7500,546746,0.460693,-0.523926,0.492493,-0.520325,97.2080,110.8129,0
14.7600,546756,0.464539,-0.520508,0.495361,-0.517639,96.8357,110.7192,0
14.7700,546766,0.467834,-0.517334,0.498230,-0.515015,96.4330,110.5344,0
14.7800,546776,0.473145,-0.511963,0.503296,-0.510620,96.0128,110.2481,0
14.7900,546786,0.475220,-0.509827,0.505310,-0.508850,95.5905,109.8748,0
14.8000,546796,0.477051,-0.507874,0.507080,-0.507324,95.1633,109.4598,0
14.8100,546806,0.478821,-0.505920,0.508911,-0.505676,94.7376,109.0455,0
14.8200,546816,0.480713,-0.503967,0.510742,-0.504089,94.3154,108.6379,0
14.8300,546826,0.482605,-0.501892,0.512573,-0.502441,93.8936,108.2377,0
14.8400,546836,0.484802,-0.499573,0.514648,-0.500488,93.4697,107.8967,0
14.8500,546846,0.487427,-0.496765,0.517151,-0.498230,93.0456,107.6356,0
14.8600,546856,0.490173,-0.493652,0.519897,-0.495667,92.6114,107.4156,0
14.8700,546866,0.493225,-0.490234,0.522949,-0.492859,92.1669,107.2340,0
14.8800,546876,0.496643,-0.486389,0.526184,-0.489807,91.7147,107.0941,0
14.8900,546886,0.500122,-0.482727,0.529236,-0.486572,91.2482,106.9152,0
14.9000,546896,0.502136,-0.480530,0.531067,-0.484680,90.7672,106.4128,0
14.9100,546906,0.503296,-0.479309,0.532043,-0.483643,90.2832,105.7259,0
14.9200,546916,0.504211,-0.478271,0.532898,-0.482727,89.8067,105.0126,0
14.9300,546926,0.504761,-0.477661,0.533447,-0.482178,89.3467,104.2523,0
14.9400,546936,0.504944,-0.477478,0.533630,-0.481995,88.9062,103.4437,0
14.9500,546946,0.505127,-0.477234,0.533813,-0.481812,88.4820,102.6778,0
14.9600,546956,0.505493,-0.476807,0.534180,-0.481384,88.0765,101.9873,0
14.9700,546966,0.505920,-0.476379,0.534607,-0.480957,87.6820,101.3317,0
14.9800,546976,0.506287,-0.475952,0.534973,-0.480591,87.3054,100.6968,0
14.9900,546986,0.506714,-0.475525,0.535339,-0.480164,86.9431,100.1017,0
15.0000,546996,0.507141,-0.475037,0.535767,-0.479736,86.5971,99.4573,0
15.0100,547006,0.507263,-0.474854,0.535828,-0.479614,86.2661,98.8273,0
15.0200,547016,0.507324,-0.474854,0.535828,-0.479614,85.9528,98.2276,0
15.0300,547026,0.507324,-0.474854,0.535828,-0.479614,85.6526,97.6561,0
15.0400,547036,0.507385,-0.474792,0.535828,-0.479614,85.3668,97.1096,0
15.0500,547046,0.507385,-0.474792,0.535828,-0.479614,85.0966,96.5922,0
15.0600,547056,0.507385,-0.474731,0.535889,-0.479614,84.8392,96.0989,0
15.0700,547066,0.507446,-0.474731,0.535889,-0.479614,84.5923,95.6302,0
15.0800,547076,0.507446,-0.474731,0.535889,-0.479614,84.3614,95.1868,0
15.0900,547086,0.507446,-0.474670,0.535889,-0.479553,84.1402,94.7626,0
15.1000,547096,0.507446,-0.474670,0.535889,-0.479553,83.9306,94.3602,0
15.1100,547106,0.507507,-0.474670,0.535889,-0.479553,83.7310,93.9797,0
15.1200,547116,0.507507,-0.474670,0.535889,-0.479553,83.5419,93.6182,0
15.1300,547126,0.507507,-0.474609,0.535889,-0.479553,83.3617,93.2730,0
15.1400,547136,0.507568,-0.474609,0.535889,-0.479553,83.1899,92.9439,0
15.1500,547146,0.507568,-0.474609,0.535889,-0.479553,83.0267,92.6330,0
15.1600,547156,0.507568,-0.474548,0.535889,-0.479553,82.8722,92.3339,0
15.1700,547166,0.507568,-0.474548,0.535889,-0.479553,82.7249,92.0487,0
15.1800,547176,0.507629,-0.474548,0.535889,-0.479553,82.5837,91.7782,0
15.1900,547186,0.507629,-0.474548,0.535889,-0.479553,82.4508,91.5207,0
15.2000,547196,0.507629,-0.474487,0.535889,-0.479553,82.3246,91.2785,0
15.2100,547206,0.507690,-0.474487,0.535889,-0.479553,82.2058,91.0483,0
15.2200,547216,0.507690,-0.474487,0.535889,-0.479553,82.0906,90.8297,0
15.2300,547226,0.507690,-0.474487,0.535889,-0.479553,81.9824,90.6220,0
15.2400,547236,0.507690,-0.474426,0.535889,-0.479553,81.8783,90.4247,0
15.2500,547246,0.507751,-0.474426,0.535889,-0.479553,81.7801,90.2360,0
15.2600,547256,0.507751,-0.474426,0.535889,-0.479553,81.6874,90.0586,0
15.2700,547266,0.507751,-0.474426,0.535889,-0.479553,81.5999,89.8900,0
15.2800,547276,0.507751,-0.474365,0.535889,-0.479553,81.5144,89.7293,0
15.2900,547286,0.507812,-0.474365,0.535889,-0.479553,81.4344,89.5760,0
15.3000,547296,0.507812,-0.474365,0.535889,-0.479553,81.3564,89.4304,0
15.3100,547306,0.507812,-0.474304,0.535889,-0.479492,81.2811,89.2933,0
15.3200,547316,0.507874,-0.474304,0.535889,-0.479492,81.2108,89.1612,0
15.3300,547326,0.507874,-0.474304,0.535889,-0.479492,81.1423,89.0357,0
15.3400,547336,0.507874,-0.474304,0.535889,-0.479492,81.0771,88.9159,0
15.3500,547346,0.507874,-0.474243,0.535889,-0.479492,81.0158,88.8027,0
15.3600,547356,0.507935,-0.474243,0.535889,-0.479492,80.9570,88.6952,0
15.3700,547366,0.507935,-0.474243,0.535889,-0.479492,80.9023,88.5924,0
15.3800,547376,0.507935,-0.474243,0.535889,-0.479492,80.8497,88.4948,0
15.3900,547386,0.507935,-0.474182,0.535889,-0.479492,80.8004,88.3991,0
15.4000,547396,0.507935,-0.474243,0.535828,-0.479553,80.7547,88.3064,0
15.4100,547406,0.507935,-0.474304,0.535706,-0.479614,80.7169,88.1987,0
15.4200,547416,0.507324,-0.475037,0.534851,-0.480469,80.7067,87.9491,0
15.4300,547426,0.506165,-0.476318,0.533447,-0.482056,80.7216,87.5963,0
15.4400,547436,0.504883,-0.477722,0.531982,-0.483521,80.7548,87.2813,0
15.4500,547446,0.503235,-0.479553,0.530396,-0.485229,80.7866,86.9502,0
15.4600,547456,0.501831,-0.481079,0.528992,-0.486694,80.8316,86.6968,0
15.4700,547466,0.500854,-0.482178,0.528015,-0.487610,80.8774,86.5725,0
15.4800,547476,0.499817,-0.483521,0.526978,-0.488647,80.9379,86.4421,0
15.4900,547486,0.498230,-0.485413,0.525330,-0.490051,81.0000,86.1347,0
15.5000,547496,0.496277,-0.487793,0.523315,-0.491760,81.0902,85.7283,0
15.5100,547506,0.493713,-0.490906,0.520691,-0.494141,81.2384,85.2122,0
15.5200,547516,0.490479,-0.494568,0.517212,-0.497375,81.4562,84.6163,0
15.5300,547526,0.486633,-0.498779,0.512878,-0.501343,81.8174,83.9103,0
15.5400,547536,0.482361,-0.503418,0.507202,-0.506592,82.1998,83.2259,0
15.5500,547546,0.472656,-0.513428,0.495911,-0.516785,82.5487,82.6867,0
15.5600,547556,0.468140,-0.517761,0.491394,-0.520935,82.8956,82.3698,0
15.5700,547566,0.464417,-0.521240,0.487732,-0.524170,83.2593,82.3018,0
15.5800,547576,0.460815,-0.524597,0.485535,-0.526062,83.4924,82.4407,0
15.5900,547586,0.457092,-0.528198,0.483521,-0.527588,83.6905,82.6087,0
15.6000,547596,0.453491,-0.531433,0.480957,-0.529663,84.0039,82.7717,0
15.6100,547606,0.449951,-0.534668,0.477661,-0.532471,84.4222,82.8851,0
15.6200,547616,0.446411,-0.537842,0.473999,-0.535522,84.9034,82.9977,0
15.6300,547626,0.443176,-0.540466,0.469849,-0.539185,85.5040,83.1375,0
15.6400,547636,0.440186,-0.542847,0.465210,-0.543213,86.1851,83.2896,0
15.6500,547646,0.437317,-0.545349,0.461975,-0.545837,86.7133,83.6179,0
15.6600,547656,0.434692,-0.547668,0.459351,-0.547791,87.1933,84.0542,0
15.6700,547666,0.432129,-0.549927,0.456909,-0.549683,87.6672,84.5144,0
15.6800,547676,0.429443,-0.552246,0.454346,-0.551514,88.1407,84.9678,0
15.6900,547686,0.426697,-0.554565,0.451782,-0.553406,88.6145,85.4117,0
15.7000,547696,0.423767,-0.556946,0.449097,-0.555481,89.1276,85.8714,0
15.7100,547706,0.420776,-0.559448,0.446106,-0.557617,89.6592,86.2978,0
15.7200,547716,0.417786,-0.561890,0.443176,-0.559753,90.1878,86.7405,0
15.7300,547726,0.414734,-0.564514,0.440308,-0.561646,90.6938,87.1947,0
15.7400,547736,0.411499,-0.567261,0.437317,-0.563599,91.2056,87.6317,0
15.7500,547746,0.408752,-0.569763,0.434448,-0.565247,91.7402,88.1236,0
15.7600,547756,0.406006,-0.572266,0.431519,-0.566956,92.2999,88.6533,0
15.7700,547766,0.403503,-0.574524,0.428650,-0.568604,92.8707,89.2636,0
15.7800,547776,0.401550,-0.576355,0.426147,-0.570007,93.4343,89.8884,0
15.7900,547786,0.399841,-0.578186,0.423706,-0.571228,93.9443,90.5663,0
15.8000,547796,0.398376,-0.580078,0.421692,-0.571838,94.4250,91.2233,0
15.8100,547806,0.395081,-0.583984,0.417786,-0.572998,94.9035,91.8376,0
15.8200,547816,0.393433,-0.585571,0.416016,-0.573792,95.3860,92.4689,0
15.8300,547826,0.392029,-0.586792,0.414734,-0.574463,95.8582,93.1553,0
15.8400,547836,0.390869,-0.587708,0.414001,-0.574829,96.2917,93.8875,0
15.8500,547846,0.389832,-0.588257,0.413574,-0.575256,96.7195,94.6441,0
15.8600,547856,0.389099,-0.588562,0.413391,-0.575562,97.1368,95.4165,0
15.8700,547866,0.388611,-0.588806,0.413391,-0.575684,97.5387,96.1915,0
15.8800,547876,0.388184,-0.588989,0.413452,-0.575745,97.9187,96.9523,0
15.8900,547886,0.387817,-0.589111,0.413574,-0.575745,98.2828,97.6816,0
15.9000,547896,0.387390,-0.589355,0.413635,-0.575806,98.6240,98.3658,0
15.9100,547906,0.386902,-0.589661,0.413574,-0.575806,98.9524,99.0088,0
15.9200,547916,0.386475,-0.589966,0.413513,-0.575867,99.2693,99.6162,0
15.9300,547926,0.386047,-0.590271,0.413391,-0.575867,99.5782,100.2018,0
15.9400,547936,0.385742,-0.590332,0.413513,-0.575989,99.8806,100.7879,0
15.9500,547946,0.385498,-0.590210,0.413757,-0.576050,100.1739,101.3692,0
15.9600,547956,0.385254,-0.590088,0.414001,-0.576172,100.4495,101.9251,0
15.9700,547966,0.385010,-0.589966,0.414246,-0.576294,100.7095,102.4556,0
15.9800,547976,0.384766,-0.589905,0.414490,-0.576355,100.9571,102.9628,0
15.9900,547986,0.384583,-0.589722,0.414734,-0.576477,101.1995,103.4534,0
16.0000,547996,0.384521,-0.589417,0.415100,-0.576538,101.4373,103.9362,0
16.0100,548006,0.384521,-0.589111,0.415344,-0.576660,101.6638,104.3978,0
16.0200,548016,0.384583,-0.588806,0.415649,-0.576782,101.8747,104.8357,0
16.0300,548026,0.384583,-0.588562,0.415955,-0.576782,102.0689,105.2690,0
16.0400,548036,0.384766,-0.588379,0.416260,-0.576599,102.2513,105.7638,0
16.0500,548046,0.385681,-0.588074,0.416809,-0.575928,102.4220,106.2251,0
16.0600,548056,0.386475,-0.587708,0.417480,-0.575317,102.5784,106.6482,0
16.0700,548066,0.387878,-0.586853,0.418701,-0.574280,102.7213,107.0307,0
16.0800,548076,0.388184,-0.586609,0.419067,-0.574097,102.8540,107.3327,0
16.0900,548086,0.388306,-0.586487,0.419250,-0.574036,102.9752,107.5888,0
16.1000,548096,0.388367,-0.586365,0.419373,-0.574036,103.0920,107.8124,0
16.1100,548106,0.388367,-0.586243,0.419434,-0.574036,103.2025,108.0207,0
16.1200,548116,0.388428,-0.586182,0.419556,-0.574036,103.3036,108.2216,0
16.1300,548126,0.388611,-0.585999,0.419800,-0.573914,103.4010,108.4384,0
16.1400,548136,0.389404,-0.585388,0.420532,-0.573486,103.4935,108.7474,0
16.1500,548146,0.390991,-0.584229,0.421875,-0.572571,103.5844,109.1642,0
16.1600,548156,0.393372,-0.582520,0.424255,-0.570862,103.6191,109.7103,0
16.1700,548166,0.396362,-0.580566,0.428223,-0.567871,103.5059,110.4127,0
16.1800,548176,0.399780,-0.578064,0.432617,-0.564636,103.3721,111.1339,0
16.1900,548186,0.404053,-0.574951,0.437561,-0.561035,103.2244,111.9033,0
16.2000,548196,0.409363,-0.570923,0.443604,-0.556519,103.0258,112.8078,0
16.2100,548206,0.415222,-0.566223,0.448792,-0.552795,102.8797,113.5205,0
16.2200,548216,0.421265,-0.561462,0.453796,-0.548950,102.7035,114.1356,0
16.2300,548226,0.427917,-0.556213,0.458984,-0.544800,102.4994,114.7486,0
16.2400,548236,0.434753,-0.550415,0.464844,-0.540283,102.2164,115.3660,0
16.2500,548246,0.441650,-0.544128,0.471497,-0.535278,101.8177,115.9719,0
16.2600,548256,0.449219,-0.537048,0.478943,-0.529541,101.3603,116.8374,0
16.2700,548266,0.457764,-0.528870,0.487244,-0.522888,100.8400,117.7414,0
16.2800,548276,0.467102,-0.519653,0.496155,-0.515381,100.2649,118.5795,0
16.2900,548286,0.476868,-0.509949,0.505066,-0.507385,99.6360,119.1359,0
16.3000,548296,0.485901,-0.500671,0.513184,-0.499939,98.9563,119.2965,0
16.3100,548306,0.493530,-0.492615,0.519775,-0.493530,98.2255,119.0095,0
16.3200,548316,0.503601,-0.481384,0.528687,-0.484924,97.4598,118.3961,0
16.3300,548326,0.506470,-0.478027,0.531250,-0.482483,96.6721,117.4674,0
16.3400,548336,0.507202,-0.476990,0.532104,-0.481750,95.8729,116.1335,0
16.3500,548346,0.507690,-0.476318,0.532715,-0.481262,95.0978,114.7995,0
16.3600,548356,0.508972,-0.474854,0.533813,-0.480042,94.3619,113.6782,0
16.3700,548366,0.509521,-0.474243,0.534302,-0.479553,93.6477,112.4380,0
16.3800,548376,0.509583,-0.474243,0.534302,-0.479492,92.9626,111.1500,0
16.3900,548386,0.509583,-0.474182,0.534363,-0.479553,92.3100,109.9241,0
16.4000,548396,0.509521,-0.474121,0.534424,-0.479553,91.6906,108.7546,0
16.4100,548406,0.509521,-0.474121,0.534424,-0.479553,91.1016,107.6425,0
16.4200,548416,0.509521,-0.474121,0.534424,-0.479553,90.5427,106.5860,0
16.4300,548426,0.509521,-0.474121,0.534424,-0.479553,90.0105,105.5817,0
16.4400,548436,0.509583,-0.474060,0.534424,-0.479553,89.5055,104.6276,0
16.4500,548446,0.509583,-0.474060,0.534424,-0.479553,89.0240,103.7194,0
16.4600,548456,0.509583,-0.474060,0.534424,-0.479553,88.5653,102.8579,0
16.4700,548466,0.509583,-0.473999,0.534424,-0.479553,88.1302,102.0382,0
16.4800,548476,0.509644,-0.473999,0.534424,-0.479553,87.7169,101.2613,0
16.4900,548486,0.509644,-0.473999,0.534424,-0.479553,87.3242,100.5232,0
16.5000,548496,0.509644,-0.473999,0.534424,-0.479553,86.9511,99.8220,0
16.5100,548506,0.509705,-0.473938,0.534424,-0.479553,86.5955,99.1553,0
16.5200,548516,0.509705,-0.473938,0.534424,-0.479553,86.2583,98.5214,0
16.5300,548526,0.509705,-0.473938,0.534424,-0.479553,85.9403,97.9185,0
16.5400,548536,0.509705,-0.473938,0.534424,-0.479553,85.6371,97.3458,0
16.5500,548546,0.509766,-0.473877,0.534424,-0.479553,85.3472,96.8024,0
16.5600,548556,0.509766,-0.473877,0.534424,-0.479553,85.0724,96.2866,0
16.5700,548566,0.509766,-0.473877,0.534424,-0.479553,84.8100,95.7930,0
16.5800,548576,0.509766,-0.473816,0.534424,-0.479553,84.5595,95.3252,0
16.5900,548586,0.509827,-0.473816,0.534424,-0.479553,84.3228,94.8808,0
16.6000,548596,0.509827,-0.473816,0.534424,-0.479553,84.0967,94.4587,0
16.6100,548606,0.509827,-0.473816,0.534424,-0.479553,83.8825,94.0564,0
16.6200,548616,0.509827,-0.473816,0.534424,-0.479553,83.6784,93.6761,0
16.6300,548626,0.509888,-0.473755,0.534424,-0.479553,83.4833,93.3141,0
16.6400,548636,0.509888,-0.473755,0.534424,-0.479553,83.2991,92.9697,0
16.6500,548646,0.509888,-0.473755,0.534424,-0.479553,83.1242,92.6437,0
16.6600,548656,0.509888,-0.473755,0.534424,-0.479553,82.9580,92.3316,0
16.6700,548666,0.509949,-0.473694,0.534424,-0.479553,82.8002,92.0351,0
16.6800,548676,0.509949,-0.473694,0.534424,-0.479492,82.6502,91.7540,0
16.6900,548686,0.509949,-0.473694,0.534424,-0.479492,82.5071,91.4882,0
16.7000,548696,0.509949,-0.473633,0.534424,-0.479492,82.3700,91.2339,0
16.7100,548706,0.510010,-0.473633,0.534424,-0.479492,82.2415,90.9917,0
16.7200,548716,0.510010,-0.473633,0.534424,-0.479553,82.1189,90.7622,0
16.7300,548726,0.510010,-0.473633,0.534424,-0.479553,82.0018,90.5454,0
16.7400,548736,0.510010,-0.473633,0.534424,-0.479492,81.8905,90.3388,0
16.7500,548746,0.510071,-0.473572,0.534424,-0.479492,81.7860,90.1420,0
16.7600,548756,0.510071,-0.473572,0.534424,-0.479492,81.6856,89.9561,0
16.7700,548766,0.510071,-0.473572,0.534424,-0.479492,81.5919,89.7790,0
16.7800,548776,0.510071,-0.473572,0.534424,-0.479492,81.5030,89.6125,0
16.7900,548786,0.510071,-0.473572,0.534424,-0.479492,81.4172,89.4538,0
16.8000,548796,0.510132,-0.473511,0.534424,-0.479492,81.3370,89.3012,0
16.8100,548806,0.510132,-0.473511,0.534424,-0.479492,81.2602,89.1556,0
16.8200,548816,0.510132,-0.473511,0.534424,-0.479492,81.1872,89.0179,0
16.8300,548826,0.510132,-0.473511,0.534424,-0.479492,81.1173,88.8871,0
16.8400,548836,0.510193,-0.473450,0.534424,-0.479492,81.0520,88.7623,0
16.8500,548846,0.510193,-0.473450,0.534424,-0.479492,80.9895,88.6448,0
16.8600,548856,0.510193,-0.473450,0.534424,-0.479492,80.9306,88.5333,0
16.8700,548866,0.510193,-0.473450,0.534424,-0.479492,80.8735,88.4273,0
16.8800,548876,0.510193,-0.473450,0.534424,-0.479492,80.8193,88.3260,0
16.8900,548886,0.510193,-0.473389,0.534424,-0.479492,80.7672,88.2292,0
16.9000,548896,0.510254,-0.473389,0.534424,-0.479492,80.7171,88.1396,0
16.9100,548906,0.510254,-0.473389,0.534424,-0.479492,80.6701,88.0539,0
16.9200,548916,0.510254,-0.473389,0.534424,-0.479492,80.6266,87.9707,0
16.9300,548926,0.510254,-0.473389,0.534424,-0.479492,80.5841,87.8886,0
16.9400,548936,0.510315,-0.473328,0.534424,-0.479492,80.5449,87.8111,0
16.9500,548946,0.510315,-0.473328,0.534424,-0.479492,80.5052,87.7375,0
16.9600,548956,0.510315,-0.473328,0.534424,-0.479492,80.4680,87.6670,0
16.9700,548966,0.510315,-0.473328,0.534424,-0.479492,80.4297,87.6006,0
16.9800,548976,0.510315,-0.473328,0.534424,-0.479492,80.3934,87.5376,0
16.9900,548986,0.510376,-0.473267,0.534424,-0.479492,80.3582,87.4759,0
17.0000,548996,0.510376,-0.473267,0.534424,-0.479492,80.3303,87.4155,0
17.0100,549006,0.510376,-0.473328,0.534363,-0.479492,80.3056,87.3516,0
17.0200,549016,0.510376,-0.473511,0.534180,-0.479553,80.2910,87.2927,0
17.0300,549026,0.509583,-0.474487,0.533325,-0.480408,80.2975,87.0642,0
17.0400,549036,0.508057,-0.476257,0.531860,-0.481873,80.2997,86.7954,0
17.0500,549046,0.506958,-0.477600,0.530701,-0.482971,80.3129,86.4070,0
17.0600,549056,0.505005,-0.479736,0.528992,-0.484802,80.3200,85.8130,0
17.0700,549066,0.501770,-0.483337,0.526245,-0.487549,80.3557,85.1483,0
17.0800,549076,0.498169,-0.487854,0.522705,-0.490540,80.4357,84.5194,0
17.0900,549086,0.494629,-0.492737,0.518738,-0.493469,80.5567,83.9439,0
17.1000,549096,0.487854,-0.503723,0.509399,-0.498779,80.7130,83.3532,0
17.1100,549106,0.484253,-0.510071,0.503723,-0.501587,80.9164,82.7447,0
17.1200,549116,0.480713,-0.516907,0.497559,-0.504150,81.1634,82.1595,0
17.1300,549126,0.477600,-0.523804,0.490662,-0.506714,81.5138,81.6182,0
17.1400,549136,0.474731,-0.530457,0.483032,-0.509827,82.0038,81.0939,0
17.1500,549146,0.471436,-0.536438,0.475464,-0.513733,82.5733,80.6050,0
17.1600,549156,0.466736,-0.541992,0.468079,-0.518921,83.1805,80.0898,0
17.1700,549166,0.461121,-0.547241,0.461121,-0.524719,83.7904,79.6217,0
17.1800,549176,0.455017,-0.552063,0.454895,-0.530334,84.3850,79.2901,0
17.1900,549186,0.449097,-0.556274,0.449829,-0.535278,84.9313,79.1868,0
17.2000,549196,0.442993,-0.560120,0.444946,-0.540405,85.5192,79.1667,0
17.2100,549206,0.437012,-0.563904,0.439270,-0.545898,86.2178,79.1581,0
17.2200,549216,0.431885,-0.567749,0.434387,-0.549927,86.8656,79.3746,0
17.2300,549226,0.428528,-0.571045,0.430847,-0.551941,87.4668,79.9274,0
17.2400,549236,0.425720,-0.574097,0.428650,-0.552673,87.9953,80.6893,0
17.2500,549246,0.422974,-0.576843,0.426392,-0.553711,88.5561,81.4385,0
17.2600,549256,0.420532,-0.579407,0.424133,-0.554565,89.1280,82.2064,0
17.2700,549266,0.418274,-0.582031,0.421875,-0.555237,89.6992,82.9676,0
17.2800,549276,0.416199,-0.584778,0.419312,-0.555908,90.2873,83.6913,0
17.2900,549286,0.414856,-0.587158,0.416626,-0.556396,90.9222,84.5360,0
17.3000,549296,0.414001,-0.589172,0.414429,-0.556519,91.5403,85.4104,0
17.3100,549306,0.413513,-0.590942,0.412598,-0.556335,92.1438,86.3127,0
17.3200,549316,0.413391,-0.592407,0.411072,-0.555969,92.7178,87.2309,0
17.3300,549326,0.413452,-0.593506,0.410034,-0.555542,93.2669,88.1442,0
17.3400,549336,0.413574,-0.594238,0.409363,-0.555176,93.7909,89.0539,0
17.3500,549346,0.413757,-0.594604,0.409058,-0.554932,94.2869,89.9262,0
17.3600,549356,0.413879,-0.594971,0.408752,-0.554626,94.7583,90.7406,0
17.3700,549366,0.413940,-0.595215,0.408508,-0.554565,95.2079,91.5043,0
17.3800,549376,0.413879,-0.595581,0.408081,-0.554443,95.6351,92.2143,0
17.3900,549386,0.413574,-0.596191,0.407593,-0.554382,96.0264,92.8525,0
17.4000,549396,0.413086,-0.596924,0.407104,-0.554321,96.3821,93.4425,0
17.4100,549406,0.412598,-0.597595,0.406677,-0.554260,96.7281,94.0131,0
17.4200,549416,0.412170,-0.598206,0.406372,-0.554260,97.0600,94.5679,0
17.4300,549426,0.411804,-0.598511,0.406250,-0.554260,97.3879,95.1336,0
17.4400,549436,0.411621,-0.598572,0.406250,-0.554260,97.7106,95.7008,0
17.4500,549446,0.411499,-0.598511,0.406372,-0.554321,98.0238,96.2605,0
17.4600,549456,0.411438,-0.598328,0.406677,-0.554382,98.3260,96.8095,0
17.4700,549466,0.411438,-0.597961,0.406982,-0.554504,98.6142,97.3405,0
17.4800,549476,0.411438,-0.597473,0.407471,-0.554687,98.8842,97.8634,0
17.4900,549486,0.411499,-0.596802,0.408203,-0.554932,99.1400,98.3811,0
17.5000,549496,0.411438,-0.595947,0.408997,-0.555237,99.3774,98.8837,0
17.5100,549506,0.411377,-0.595032,0.409912,-0.555603,99.5997,99.3709,0
17.5200,549516,0.411255,-0.594116,0.410706,-0.556030,99.8066,99.8267,0
17.5300,549526,0.411194,-0.593445,0.411377,-0.556335,99.9983,100.2425,0
17.5400,549536,0.411072,-0.592773,0.411987,-0.556641,100.1810,100.6359,0
17.5500,549546,0.410950,-0.592163,0.412659,-0.556946,100.3288,100.9923,0
17.5600,549556,0.410278,-0.591309,0.413574,-0.557739,100.4804,101.3809,0
17.5700,549566,0.410034,-0.590332,0.414551,-0.558167,100.6134,101.7966,0
17.5800,549576,0.409790,-0.588989,0.415955,-0.558777,100.7499,102.3412,0
17.5900,549586,0.410034,-0.586548,0.418274,-0.559326,100.8344,103.0995,0
17.6000,549596,0.410706,-0.582397,0.422729,-0.559875,100.6598,104.0866,0
17.6100,549606,0.412720,-0.572388,0.437195,-0.557556,100.4787,105.1044,0
17.6200,549616,0.414856,-0.568054,0.441833,-0.556824,100.4877,105.8589,0
17.6300,549626,0.417480,-0.565613,0.445068,-0.554687,100.4302,106.4605,0
17.6400,549636,0.419556,-0.563843,0.447571,-0.552979,100.3423,106.8727,0
17.6500,549646,0.421265,-0.562317,0.449951,-0.551270,100.2202,107.2047,0
17.6600,549656,0.423340,-0.560486,0.452698,-0.549316,100.0800,107.5671,0
17.6700,549666,0.426086,-0.557983,0.456177,-0.546814,99.9130,108.0285,0
17.6800,549676,0.429749,-0.554687,0.460327,-0.543823,99.7411,108.5966,0
17.6900,549686,0.434753,-0.550232,0.465332,-0.540100,99.5781,109.3126,0
17.7000,549696,0.441040,-0.544556,0.471436,-0.535461,99.3845,110.1783,0
17.7100,549706,0.447998,-0.538147,0.478027,-0.530273,99.1465,111.0648,0
17.7200,549716,0.455200,-0.531433,0.484680,-0.524902,98.8620,111.8837,0
17.7300,549726,0.462158,-0.524841,0.490906,-0.519531,98.5204,112.5365,0
17.7400,549736,0.468262,-0.519043,0.496338,-0.514771,98.1220,112.9241,0
17.7500,549746,0.473511,-0.514038,0.500854,-0.510620,97.6875,113.0611,0
17.7600,549756,0.478088,-0.509583,0.504761,-0.506958,97.1793,112.9674,0
17.7700,549766,0.482300,-0.505371,0.508301,-0.503601,96.6558,112.7577,0
17.7800,549776,0.486145,-0.501404,0.511597,-0.500488,96.1206,112.4670,0
17.7900,549786,0.489563,-0.497803,0.514587,-0.497742,95.5719,112.0782,0
17.8000,549796,0.492615,-0.494507,0.517273,-0.495239,95.0116,111.6088,0
17.8100,549806,0.495483,-0.491272,0.519958,-0.492798,94.4432,111.1713,0
17.8200,549816,0.498596,-0.487671,0.522888,-0.490112,93.8726,110.8107,0
17.8300,549826,0.502136,-0.483521,0.526123,-0.487061,93.2912,110.4496,0
17.8400,549836,0.505859,-0.479431,0.529297,-0.483765,92.6761,109.8377,0
17.8500,549846,0.508484,-0.476624,0.531616,-0.481384,92.0543,108.9548,0
17.8600,549856,0.509705,-0.475220,0.532715,-0.480164,91.4583,108.0364,0
17.8700,549866,0.510742,-0.474060,0.533691,-0.479187,90.8807,106.9663,0
17.8800,549876,0.510742,-0.474060,0.533691,-0.479187,90.3291,105.9377,0
17.8900,549886,0.510742,-0.474060,0.533691,-0.479187,89.8050,104.9600,0
17.9000,549896,0.510742,-0.474060,0.533691,-0.479187,89.3060,104.0288,0
17.9100,549906,0.510742,-0.474060,0.533691,-0.479187,88.8343,103.1460,0
17.9200,549916,0.510742,-0.473999,0.533630,-0.479248,88.3892,102.3073,0
17.9300,549926,0.510803,-0.473938,0.533630,-0.479248,87.9680,101.5117,0
17.9400,549936,0.510803,-0.473938,0.533630,-0.479248,87.5656,100.7565,0
17.9500,549946,0.510864,-0.473938,0.533630,-0.479248,87.1827,100.0373,0
17.9600,549956,0.510864,-0.473938,0.533630,-0.479248,86.8183,99.3546,0
17.9700,549966,0.510864,-0.473877,0.533630,-0.479248,86.4722,98.7049,0
17.9800,549976,0.510864,-0.473877,0.533630,-0.479248,86.1398,98.0852,0
17.9900,549986,0.510925,-0.473877,0.533630,-0.479248,85.8246,97.4954,0
18.0000,549996,0.510925,-0.473816,0.533630,-0.479248,85.5252,96.9351,0
18.0100,550006,0.510925,-0.473816,0.533630,-0.479248,85.2396,96.4016,0
18.0200,550016,0.510986,-0.473816,0.533630,-0.479248,84.9688,95.8947,0
18.0300,550026,0.510986,-0.473816,0.533630,-0.479248,84.7110,95.4138,0
18.0400,550036,0.510986,-0.473755,0.533630,-0.479248,84.4655,94.9564,0
18.0500,550046,0.511047,-0.473755,0.533630,-0.479248,84.2322,94.5201,0
18.0600,550056,0.511047,-0.473755,0.533630,-0.479248,84.0130,94.1067,0
18.0700,550066,0.511108,-0.473694,0.533569,-0.479248,83.8279,93.7164,0
18.0800,550076,0.511230,-0.473572,0.533447,-0.479370,83.6640,93.3456,0
18.0900,550086,0.511414,-0.473328,0.533325,-0.479553,83.5023,92.9922,0
18.1000,550096,0.511536,-0.473206,0.533203,-0.479736,83.3362,92.6570,0
18.1100,550106,0.511658,-0.473083,0.533081,-0.479797,83.1658,92.3374,0
18.1200,550116,0.511658,-0.473083,0.533081,-0.479858,82.9986,92.0326,0
18.1300,550126,0.511719,-0.473022,0.533081,-0.479858,82.8379,91.7436,0
18.1400,550136,0.511719,-0.473022,0.533081,-0.479858,82.6841,91.4709,0
18.1500,550146,0.511719,-0.473022,0.533081,-0.479858,82.5380,91.2112,0
18.1600,550156,0.511780,-0.472961,0.533081,-0.479858,82.3974,90.9639,0
18.1700,550166,0.511780,-0.472961,0.533081,-0.479858,82.2639,90.7270,0
18.1800,550176,0.511780,-0.472961,0.533020,-0.479858,82.1382,90.5013,0
18.1900,550186,0.511780,-0.472961,0.533020,-0.479858,82.0188,90.2888,0
18.2000,550196,0.511841,-0.472900,0.533020,-0.479858,81.9053,90.0856,0
18.2100,550206,0.511841,-0.472900,0.533020,-0.479858,81.7982,89.8927,0
18.2200,550216,0.511841,-0.472900,0.533020,-0.479858,81.6952,89.7111,0
18.2300,550226,0.511841,-0.472900,0.533020,-0.479858,81.5985,89.5381,0
18.2400,550236,0.511841,-0.472839,0.533020,-0.479858,81.5061,89.3725,0
18.2500,550246,0.511902,-0.472839,0.533020,-0.479858,81.4183,89.2158,0
18.2600,550256,0.511902,-0.472839,0.533020,-0.479858,81.3349,89.0663,0
18.2700,550266,0.511902,-0.472839,0.533020,-0.479858,81.2550,88.9243,0
18.2800,550276,0.511963,-0.472778,0.533020,-0.479858,81.1804,88.7882,0
18.2900,550286,0.511963,-0.472778,0.533020,-0.479858,81.1088,88.6595,0
18.3000,550296,0.511963,-0.472778,0.533020,-0.479858,81.0403,88.5384,0
18.3100,550306,0.511963,-0.472778,0.533020,-0.479858,80.9758,88.4234,0
18.3200,550316,0.512024,-0.472717,0.533020,-0.479858,80.9151,88.3130,0
18.3300,550326,0.512024,-0.472717,0.533020,-0.479858,80.8580,88.2098,0
18.3400,550336,0.512024,-0.472717,0.533020,-0.479858,80.8032,88.1094,0
18.3500,550346,0.512024,-0.472717,0.533020,-0.479858,80.7494,88.0153,0
18.3600,550356,0.512024,-0.472717,0.533020,-0.479858,80.6994,87.9270,0
18.3700,550366,0.512085,-0.472656,0.533020,-0.479858,80.6531,87.8414,0
18.3800,550376,0.512085,-0.472656,0.533020,-0.479858,80.6080,87.7606,0
18.3900,550386,0.512085,-0.472656,0.533020,-0.479858,80.5651,87.6839,0
18.4000,550396,0.512146,-0.472595,0.533020,-0.479858,80.5243,87.6116,0
18.4100,550406,0.512146,-0.472595,0.533020,-0.479858,80.4838,87.5435,0
18.4200,550416,0.512146,-0.472595,0.533020,-0.479858,80.4471,87.4789,0
18.4300,550426,0.512146,-0.472595,0.533020,-0.479858,80.4117,87.4156,0
18.4400,550436,0.512207,-0.472534,0.533020,-0.479858,80.3780,87.3562,0
18.4500,550446,0.512207,-0.472534,0.533020,-0.479858,80.3472,87.2991,0
18.4600,550456,0.512207,-0.472534,0.533020,-0.479858,80.3179,87.2454,0
18.4700,550466,0.512207,-0.472534,0.533020,-0.479858,80.2864,87.1939,0
18.4800,550476,0.512207,-0.472534,0.533020,-0.479858,80.2564,87.1449,0
18.4900,550486,0.512268,-0.472473,0.533020,-0.479858,80.2256,87.1007,0
18.5000,550496,0.512268,-0.472473,0.533020,-0.479797,80.1969,87.0582,0
18.5100,550506,0.512268,-0.472473,0.533020,-0.479797,80.1715,87.0166,0
18.5200,550516,0.512268,-0.472473,0.533020,-0.479797,80.1455,86.9783,0
18.5300,550526,0.512329,-0.472412,0.533020,-0.479797,80.1214,86.9370,0
18.5400,550536,0.512329,-0.472412,0.533020,-0.479797,80.1003,86.8983,0
18.5500,550546,0.512329,-0.472412,0.533020,-0.479797,80.0791,86.8628,0
18.5600,550556,0.512329,-0.472412,0.533020,-0.479797,80.0589,86.8272,0
18.5700,550566,0.512329,-0.472412,0.533020,-0.479797,80.0391,86.7946,0
18.5800,550576,0.512390,-0.472351,0.533020,-0.479797,80.0216,86.7625,0
18.5900,550586,0.512390,-0.472351,0.533020,-0.479797,80.0043,86.7326,0
18.6000,550596,0.512390,-0.472351,0.533020,-0.479797,79.9872,86.7053,0
18.6100,550606,0.512390,-0.472351,0.533020,-0.479797,79.9716,86.6782,0
18.6200,550616,0.512390,-0.472351,0.533020,-0.479797,79.9574,86.6537,0
18.6300,550626,0.512451,-0.472351,0.533020,-0.479797,79.9439,86.6292,0
18.6400,550636,0.512451,-0.472290,0.533020,-0.479797,79.9311,86.6059,0
18.6500,550646,0.512451,-0.472290,0.533020,-0.479797,79.9189,86.5844,0
18.6600,550656,0.512451,-0.472290,0.533020,-0.479797,79.9062,86.5640,0
18.6700,550666,0.512451,-0.472290,0.533020,-0.479797,79.8946,86.5445,0
18.6800,550676,0.512451,-0.472290,0.533020,-0.479797,79.8843,86.5261,0
18.6900,550686,0.512451,-0.472290,0.533020,-0.479797,79.8738,86.5074,0
18.7000,550696,0.512451,-0.472290,0.533020,-0.479797,79.8633,86.4908,0
18.7100,550706,0.512451,-0.472290,0.533020,-0.479797,79.8534,86.4739,0
18.7200,550716,0.512451,-0.472290,0.533020,-0.479797,79.8445,86.4578,0
18.7300,550726,0.512451,-0.472290,0.533020,-0.479797,79.8348,86.4413,0
18.7400,550736,0.512451,-0.472290,0.533020,-0.479797,79.8269,86.4262,0
18.7500,550746,0.512451,-0.472290,0.533020,-0.479797,79.8193,86.4143,0
18.7600,550756,0.512451,-0.472290,0.533020,-0.479797,79.8127,86.4011,0
18.7700,550766,0.512451,-0.472290,0.533020,-0.479797,79.8065,86.3911,0
18.7800,550776,0.512451,-0.472290,0.533020,-0.479797,79.7999,86.3785,0
18.7900,550786,0.512451,-0.472290,0.533020,-0.479797,79.7919,86.3684,0
18.8000,550796,0.512451,-0.472290,0.533020,-0.479797,79.7849,86.3581,0
18.8100,550806,0.512451,-0.472290,0.533020,-0.479797,79.7789,86.3490,0
18.8200,550816,0.512451,-0.472290,0.533020,-0.479797,79.7725,86.3409,0
18.8300,550826,0.512451,-0.472290,0.533020,-0.479797,79.7683,86.3327,0
18.8400,550836,0.512451,-0.472290,0.533020,-0.479797,79.7630,86.3254,0
18.8500,550846,0.512451,-0.472290,0.533020,-0.479797,79.7599,86.3203,0
18.8600,550856,0.512451,-0.472290,0.533020,-0.479797,79.7568,86.3137,0
18.8700,550866,0.512451,-0.472290,0.533020,-0.479797,79.7534,86.3079,0
18.8800,550876,0.512451,-0.472290,0.533020,-0.479797,79.7495,86.3019,0
18.8900,550886,0.512451,-0.472290,0.533020,-0.479797,79.7476,86.2962,0
18.9000,550896,0.512451,-0.472290,0.533020,-0.479797,79.7452,86.2902,0
18.9100,550906,0.512451,-0.472290,0.533020,-0.479797,79.7423,86.2862,0
18.9200,550916,0.512451,-0.472290,0.533020,-0.479797,79.7395,86.2813,0
18.9300,550926,0.512451,-0.472290,0.533020,-0.479797,79.7375,86.2754,0
18.9400,550936,0.512451,-0.472290,0.533020,-0.479797,79.7356,86.2710,0
18.9500,550946,0.512451,-0.472290,0.533020,-0.479797,79.7332,86.2651,0
18.9600,550956,0.512451,-0.472290,0.533020,-0.479797,79.7309,86.2618,0
18.9700,550966,0.512451,-0.472290,0.533020,-0.479797,79.7294,86.2581,0
18.9800,550976,0.512451,-0.472290,0.533020,-0.479797,79.7261,86.2539,0
18.9900,550986,0.512451,-0.472290,0.533020,-0.479797,79.7235,86.2506,0
19.0000,550996,0.512451,-0.472290,0.533020,-0.479797,79.7217,86.2469,0
19.0100,551006,0.512451,-0.472290,0.533020,-0.479797,79.7200,86.2439,0
19.0200,551016,0.512451,-0.472290,0.533020,-0.479797,79.7196,86.2417,0
19.0300,551026,0.512451,-0.472290,0.533020,-0.479797,79.7186,86.2390,0
19.0400,551036,0.512451,-0.472290,0.533020,-0.479797,79.7164,86.2364,0
19.0500,551046,0.512451,-0.472290,0.533020,-0.479797,79.7150,86.2351,0
19.0600,551056,0.512451,-0.472290,0.533020,-0.479797,79.7136,86.2328,0
19.0700,551066,0.512451,-0.472290,0.533020,-0.479797,79.7129,86.2305,0
19.0800,551076,0.512451,-0.472290,0.533020,-0.479797,79.7140,86.2277,0
19.0900,551086,0.512451,-0.472290,0.533020,-0.479797,79.7127,86.2263,0
19.1000,551096,0.512451,-0.472290,0.533020,-0.479797,79.7108,86.2244,0
19.1100,551106,0.512451,-0.472290,0.533020,-0.479797,79.7091,86.2231,0
19.1200,551116,0.512451,-0.472290,0.533020,-0.479797,79.7086,86.2219,0
19.1300,551126,0.512451,-0.472290,0.533020,-0.479797,79.7069,86.2202,0
19.1400,551136,0.512451,-0.472290,0.533020,-0.479797,79.7048,86.2174,0
19.1500,551146,0.512451,-0.472290,0.533020,-0.479797,79.7021,86.2153,0
19.1600,551156,0.512451,-0.472290,0.533020,-0.479797,79.7002,86.2157,0
19.1700,551166,0.512451,-0.472290,0.533020,-0.479797,79.6990,86.2149,0
19.1800,551176,0.512451,-0.472290,0.533020,-0.479797,79.6978,86.2135,0
19.1900,551186,0.512451,-0.472290,0.533020,-0.479797,79.6979,86.2134,0
19.2000,551196,0.512451,-0.472290,0.533020,-0.479797,79.6980,86.2121,0
19.2100,551206,0.512451,-0.472290,0.533020,-0.479797,79.6974,86.2103,0
19.2200,551216,0.512451,-0.472290,0.533020,-0.479797,79.6981,86.2085,0
19.2300,551226,0.512451,-0.472290,0.533020,-0.479797,79.6988,86.2075,0
19.2400,551236,0.512451,-0.472290,0.533020,-0.479797,79.6982,86.2071,0
19.2500,551246,0.512451,-0.472290,0.533020,-0.479797,79.6983,86.2055,0
19.2600,551256,0.512451,-0.472290,0.533020,-0.479797,79.6995,86.2046,0
19.2700,551266,0.512451,-0.472290,0.533020,-0.479797,79.6983,86.2044,0
19.2800,551276,0.512451,-0.472290,0.533020,-0.479797,79.6972,86.2041,0
19.2900,551286,0.512451,-0.472290,0.533020,-0.479797,79.6961,86.2027,0
19.3000,551296,0.512451,-0.472290,0.533020,-0.479797,79.6957,86.2019,0
19.3100,551306,0.512451,-0.472290,0.533020,-0.479797,79.6947,86.2012,0
19.3200,551316,0.512451,-0.472290,0.533020,-0.479797,79.6943,86.1993,0
19.3300,551326,0.512451,-0.472290,0.533020,-0.479797,79.6928,86.1987,0
19.3400,551336,0.512451,-0.472290,0.533020,-0.479797,79.6925,86.1988,0
19.3500,551346,0.512451,-0.472290,0.533020,-0.479797,79.6929,86.1964,0
19.3600,551356,0.512451,-0.472290,0.533020,-0.479797,79.6914,86.1948,0
19.3700,551366,0.512451,-0.472290,0.533020,-0.479797,79.6918,86.1944,0
19.3800,551376,0.512451,-0.472290,0.533020,-0.479797,79.6910,86.1947,0
19.3900,551386,0.512451,-0.472290,0.533020,-0.479797,79.6902,86.1949,0
19.4000,551396,0.512451,-0.472290,0.533020,-0.479797,79.6901,86.1951,0
19.4100,551406,0.512451,-0.472290,0.533020,-0.479797,79.6876,86.1959,0
19.4200,551416,0.512451,-0.472290,0.533020,-0.479797,79.6864,86.1967,0
19.4300,551426,0.512451,-0.472290,0.533020,-0.479797,79.6870,86.1956,0
19.4400,551436,0.512451,-0.472290,0.533020,-0.479797,79.6865,86.1964,0
19.4500,551446,0.512451,-0.472290,0.533020,-0.479797,79.6859,86.1948,0
19.4600,551456,0.512451,-0.472290,0.533020,-0.479797,79.6848,86.1938,0
19.4700,551466,0.512451,-0.472290,0.533020,-0.479797,79.6844,86.1923,0
19.4800,551476,0.512451,-0.472290,0.533020,-0.479797,79.6857,86.1921,0
19.4900,551486,0.512451,-0.472290,0.533020,-0.479797,79.6870,86.1907,0
19.5000,551496,0.512451,-0.472290,0.533020,-0.479797,79.6876,86.1899,0
19.5100,551506,0.512451,-0.472290,0.533020,-0.479797,79.6858,86.1898,0
19.5200,551516,0.512451,-0.472290,0.533020,-0.479797,79.6859,86.1909,0
19.5300,551526,0.512451,-0.472290,0.533020,-0.479797,79.6854,86.1919,0
19.5400,551536,0.512451,-0.472290,0.533020,-0.479797,79.6849,86.1923,0
19.5500,551546,0.512451,-0.472290,0.533020,-0.479797,79.6844,86.1914,0
19.5600,551556,0.512451,-0.472290,0.533020,-0.479797,79.6828,86.1906,0
19.5700,551566,0.512451,-0.472290,0.533020,-0.479797,79.6836,86.1899,0
19.5800,551576,0.512451,-0.472290,0.533020,-0.479797,79.6838,86.1892,0
19.5900,551586,0.512451,-0.472290,0.533020,-0.479797,79.6852,86.1873,0
19.6000,551596,0.512451,-0.472290,0.533020,-0.479797,79.6859,86.1867,0
19.6100,551606,0.512451,-0.472290,0.533020,-0.479797,79.6860,86.1868,0
19.6200,551616,0.512451,-0.472290,0.533020,-0.479797,79.6867,86.1880,0
19.6300,551626,0.512451,-0.472290,0.533020,-0.479797,79.6861,86.1874,0
19.6400,551636,0.512451,-0.472290,0.533020,-0.479797,79.6874,86.1880,0
19.6500,551646,0.512451,-0.472290,0.533020,-0.479797,79.6868,86.1897,0
19.6600,551656,0.512451,-0.472290,0.533020,-0.479797,79.6868,86.1884,0
19.6700,551666,0.512451,-0.472290,0.533020,-0.479797,79.6869,86.1890,0
19.6800,551676,0.512451,-0.472290,0.533020,-0.479797,79.6881,86.1895,0
19.6900,551686,0.512451,-0.472290,0.533020,-0.479797,79.6869,86.1894,0
19.7000,551696,0.512451,-0.472290,0.533020,-0.479797,79.6875,86.1887,0
19.7100,551706,0.512451,-0.472290,0.533020,-0.479797,79.6869,86.1892,0
19.7200,551716,0.512451,-0.472290,0.533020,-0.479797,79.6881,86.1886,0
19.7300,551726,0.512451,-0.472290,0.533020,-0.479797,79.6893,86.1897,0
19.7400,551736,0.512451,-0.472290,0.533020,-0.479797,79.6904,86.1896,0
19.7500,551746,0.512451,-0.472290,0.533020,-0.479797,79.6908,86.1889,0
19.7600,551756,0.512451,-0.472290,0.533020,-0.479797,79.6900,86.1888,0
19.7700,551766,0.512451,-0.472290,0.533020,-0.479797,79.6899,86.1894,0
19.7800,551776,0.512451,-0.472290,0.533020,-0.479797,79.6904,86.1893,0
19.7900,551786,0.512451,-0.472290,0.533020,-0.479797,79.6891,86.1892,0
19.8000,551796,0.512451,-0.472290,0.533020,-0.479797,79.6884,86.1891,0
19.8100,551806,0.512451,-0.472290,0.533020,-0.479797,79.6871,86.1884,0
19.8200,551816,0.512451,-0.472290,0.533020,-0.479797,79.6872,86.1902,0
19.8300,551826,0.512451,-0.472290,0.533020,-0.479797,79.6878,86.1906,0
19.8400,551836,0.512451,-0.472290,0.533020,-0.479797,79.6878,86.1910,0
19.8500,551846,0.512451,-0.472290,0.533020,-0.479797,79.6883,86.1915,0
19.8600,551856,0.512451,-0.472290,0.533020,-0.479797,79.6883,86.1919,0
19.8700,551866,0.512451,-0.472290,0.533020,-0.479797,79.6889,86.1910,0
19.8800,551876,0.512451,-0.472290,0.533020,-0.479797,79.6888,86.1921,0
19.8900,551886,0.512451,-0.472290,0.533020,-0.479797,79.6875,86.1930,0
19.9000,551896,0.512451,-0.472290,0.533020,-0.479797,79.6881,86.1916,0
19.9100,551906,0.512451,-0.472290,0.533020,-0.479797,79.6881,86.1919,0
19.9200,551916,0.512451,-0.472290,0.533020,-0.479797,79.6893,86.1917,0
19.9300,551926,0.512451,-0.472290,0.533020,-0.479797,79.6886,86.1909,0
19.9400,551936,0.512451,-0.472290,0.533020,-0.479797,79.6891,86.1913,0
19.9500,551946,0.512451,-0.472290,0.533020,-0.479797,79.6879,86.1900,0
19.9600,551956,0.512451,-0.472290,0.533020,-0.479797,79.6867,86.1910,0
19.9700,551966,0.512451,-0.472290,0.533020,-0.479797,79.6867,86.1908,0
19.9800,551976,0.512451,-0.472290,0.533020,-0.479797,79.6873,86.1907,0
19.9900,551986,0.512451,-0.472290,0.533020,-0.479797,79.6867,86.1893,0
20.0000,551996,0.512451,-0.472290,0.533020,-0.479797,79.6868,86.1880,0
20.0100,552006,0.512451,-0.472290,0.533020,-0.479797,79.6874,86.1880,0
20.0200,552016,0.512451,-0.472290,0.533020,-0.479797,79.6862,86.1874,0
20.0300,552026,0.512451,-0.472290,0.533020,-0.479797,79.6857,86.1862,0
20.0400,552036,0.512451,-0.472290,0.533020,-0.479797,79.6852,86.1857,0
20.0500,552046,0.512451,-0.472290,0.533020,-0.479797,79.6865,86.1852,0
20.0600,552056,0.512451,-0.472290,0.533020,-0.479797,79.6871,86.1841,0
20.0700,552066,0.512451,-0.472290,0.533020,-0.479797,79.6866,86.1831,0
20.0800,552076,0.512451,-0.472290,0.533020,-0.479797,79.6866,86.1827,0
20.0900,552086,0.512451,-0.472290,0.533020,-0.479797,79.6867,86.1835,0
20.1000,552096,0.512451,-0.472290,0.533020,-0.479797,79.6867,86.1826,0
20.1100,552106,0.512451,-0.472290,0.533020,-0.479797,79.6867,86.1828,0
20.1200,552116,0.512451,-0.472290,0.533020,-0.479797,79.6874,86.1830,0
20.1300,552126,0.512451,-0.472290,0.533020,-0.479797,79.6868,86.1809,0
20.1400,552136,0.512451,-0.472290,0.533020,-0.479797,79.6874,86.1794,0
20.1500,552146,0.512451,-0.472290,0.533020,-0.479797,79.6862,86.1745,0
20.1600,552156,0.512451,-0.472290,0.533020,-0.479797,79.6863,86.1656,0
20.1700,552166,0.512451,-0.472351,0.532959,-0.479858,79.6858,86.1525,0
20.1800,552176,0.512451,-0.472473,0.532837,-0.479858,79.6872,86.1370,0
20.1900,552186,0.512390,-0.472595,0.532715,-0.479858,79.6838,86.1194,0
20.2000,552196,0.512329,-0.473083,0.532349,-0.479919,79.6807,86.0754,0
20.2100,552206,0.511230,-0.474304,0.531494,-0.480835,79.6670,85.8578,0
20.2200,552216,0.509888,-0.475891,0.530457,-0.481812,79.6488,85.6234,0
20.2300,552226,0.508850,-0.477417,0.529480,-0.482544,79.6446,85.4421,0
20.2400,552236,0.507629,-0.479309,0.528137,-0.483398,79.6563,85.2271,0
20.2500,552246,0.506104,-0.482117,0.526123,-0.484436,79.6671,84.9214,0
20.2600,552256,0.504761,-0.485229,0.523682,-0.485229,79.7000,84.6233,0
20.2700,552266,0.503540,-0.488770,0.520691,-0.486206,79.7806,84.2950,0
20.2800,552276,0.501831,-0.492981,0.517029,-0.487610,79.8817,83.8790,0
20.2900,552286,0.499512,-0.497620,0.513062,-0.489502,80.0052,83.4007,0
20.3000,552296,0.496765,-0.502075,0.509338,-0.491699,80.1475,82.9584,0
20.3100,552306,0.494080,-0.506042,0.506042,-0.493713,80.3183,82.6347,0
20.3200,552316,0.491882,-0.509338,0.503235,-0.495422,80.5174,82.4558,0
20.3300,552326,0.490173,-0.512024,0.500916,-0.496643,80.7452,82.4240,0
20.3400,552336,0.488953,-0.514099,0.499084,-0.497498,81.0034,82.5224,0
20.3500,552346,0.488098,-0.515808,0.497559,-0.498169,81.2768,82.6918,0
20.3600,552356,0.487305,-0.517456,0.495972,-0.498779,81.5538,82.8696,0
20.3700,552366,0.486572,-0.519165,0.494385,-0.499329,81.8312,83.0461,0
20.3800,552376,0.485718,-0.520996,0.492554,-0.500000,82.1152,83.1972,0
20.3900,552386,0.484558,-0.523132,0.490417,-0.500977,82.4177,83.2252,0
20.4000,552396,0.483276,-0.525513,0.487915,-0.502197,82.7328,83.2572,0
20.4100,552406,0.481689,-0.527771,0.485535,-0.503662,83.0515,83.3682,0
20.4200,552416,0.480164,-0.529541,0.483643,-0.505066,83.3669,83.5784,0
20.4300,552426,0.478821,-0.530701,0.482422,-0.506348,83.6771,83.8623,0
20.4400,552436,0.477722,-0.531372,0.481567,-0.507385,83.9854,84.1906,0
20.4500,552446,0.477051,-0.531982,0.480835,-0.508179,84.2833,84.5461,0
20.4600,552456,0.476379,-0.532898,0.479797,-0.508850,84.5664,84.9416,0
20.4700,552466,0.476135,-0.533203,0.479431,-0.509033,84.8362,85.3257,0
20.4800,552476,0.475769,-0.533508,0.479126,-0.509338,85.0944,85.6796,0
20.4900,552486,0.475403,-0.533752,0.478821,-0.509705,85.3398,86.0159,0
20.5000,552496,0.474792,-0.534241,0.478333,-0.510193,85.5745,86.3048,0
20.5100,552506,0.473755,-0.534790,0.477783,-0.511108,85.8038,86.5270,0
20.5200,552516,0.472595,-0.535400,0.477173,-0.512146,86.0310,86.7370,0
20.5300,552526,0.471436,-0.536011,0.476562,-0.513184,86.2551,86.9455,0
20.5400,552536,0.470154,-0.536682,0.475830,-0.514343,86.4787,87.1336,0
20.5500,552546,0.468872,-0.537354,0.475098,-0.515442,86.7029,87.3313,0
20.5600,552556,0.467712,-0.537781,0.474609,-0.516479,86.9299,87.5685,0
20.5700,552566,0.466858,-0.537903,0.474426,-0.517395,87.1537,87.8733,0
20.5800,552576,0.466492,-0.537659,0.474548,-0.517700,87.3716,88.2611,0
20.5900,552586,0.466431,-0.537109,0.475159,-0.517883,87.5743,88.6972,0
20.6000,552596,0.466370,-0.536377,0.475891,-0.518005,87.7661,89.1336,0
20.6100,552606,0.466309,-0.536072,0.476196,-0.518127,87.9509,89.5042,0
20.6200,552616,0.466187,-0.536377,0.475830,-0.518188,88.1338,89.7860,0
20.6300,552626,0.465698,-0.537231,0.474976,-0.518616,88.3219,89.9701,0
20.6400,552636,0.464478,-0.537903,0.473694,-0.520142,88.5590,90.0486,0
20.6500,552646,0.462830,-0.538452,0.472717,-0.521912,88.7569,90.1676,0
20.6600,552656,0.461060,-0.538635,0.472290,-0.523682,88.9537,90.3546,0
20.6700,552666,0.459534,-0.538635,0.472046,-0.525269,89.1426,90.6575,0
20.6800,552676,0.458679,-0.538330,0.472168,-0.526123,89.3166,91.0568,0
20.6900,552686,0.458618,-0.537842,0.472656,-0.526306,89.4817,91.4860,0
20.7000,552696,0.458679,-0.537048,0.473450,-0.526367,89.6370,91.9413,0
20.7100,552706,0.459961,-0.534973,0.475342,-0.525635,89.7804,92.4236,0
20.7200,552716,0.461304,-0.534424,0.475891,-0.524536,89.9085,92.8664,0
20.7300,552726,0.461609,-0.534241,0.476135,-0.524292,90.0121,93.1372,0
20.7400,552736,0.461609,-0.534241,0.476135,-0.524292,90.1077,93.3393,0
20.7500,552746,0.461548,-0.534241,0.476074,-0.524292,90.1990,93.5259,0
20.7600,552756,0.461487,-0.534180,0.476135,-0.524353,90.2840,93.7068,0
20.7700,552766,0.461426,-0.533997,0.476318,-0.524475,90.3635,93.9025,0
20.7800,552776,0.461365,-0.533569,0.476746,-0.524536,90.4385,94.1098,0
20.7900,552786,0.461304,-0.533020,0.477234,-0.524658,90.5060,94.3192,0
20.8000,552796,0.461426,-0.532349,0.477905,-0.524658,90.5712,94.5479,0
20.8100,552806,0.461975,-0.531616,0.478638,-0.524292,90.6309,94.8176,0
20.8200,552816,0.463806,-0.530884,0.479309,-0.522827,90.6911,95.1804,0
20.8300,552826,0.465393,-0.530090,0.480042,-0.521545,90.7340,95.4898,0
20.8400,552836,0.466492,-0.529480,0.480652,-0.520630,90.7589,95.7113,0
20.8500,552846,0.467346,-0.528809,0.481262,-0.519958,90.7713,95.8868,0
20.8600,552856,0.467896,-0.527954,0.481934,-0.519653,90.7683,96.0229,0
20.8700,552866,0.468201,-0.526978,0.482849,-0.519531,90.7531,96.1436,0
20.8800,552876,0.468933,-0.525757,0.484009,-0.519104,90.7307,96.3152,0
20.8900,552886,0.470215,-0.523926,0.485657,-0.518250,90.6951,96.5723,0
20.9000,552896,0.472046,-0.521362,0.487976,-0.516968,90.6414,96.9286,0
20.9100,552906,0.474731,-0.518005,0.491028,-0.514954,90.5556,97.6002,0
20.9200,552916,0.478088,-0.513550,0.495117,-0.512329,90.4034,98.3745,0
20.9300,552926,0.481934,-0.508240,0.500305,-0.509033,90.1976,99.2314,0
20.9400,552936,0.486877,-0.502380,0.505981,-0.504517,89.9774,100.1186,0
20.9500,552946,0.493164,-0.496277,0.511414,-0.498962,89.7000,100.9825,0
20.9600,552956,0.500305,-0.489990,0.516785,-0.492493,89.3401,101.7435,0
20.9700,552966,0.512390,-0.478455,0.526611,-0.480835,88.9437,102.0805,0
20.9800,552976,0.513611,-0.475830,0.528687,-0.479858,88.5465,101.6649,0
20.9900,552986,0.513855,-0.474426,0.529724,-0.479858,88.1571,101.0356,0
21.0000,552996,0.514038,-0.472900,0.530762,-0.480103,87.7919,100.4306,0
21.0100,553006,0.513916,-0.471497,0.531616,-0.480591,87.4455,99.8062,0
21.0200,553016,0.513733,-0.471008,0.531921,-0.480957,87.0843,99.1419,0
21.0300,553026,0.513672,-0.470764,0.532043,-0.481140,86.7246,98.5038,0
21.0400,553036,0.513611,-0.470642,0.532043,-0.481262,86.3798,97.8953,0
21.0500,553046,0.513550,-0.470581,0.532104,-0.481323,86.0512,97.3166,0
21.0600,553056,0.513550,-0.470520,0.532166,-0.481384,85.7365,96.7674,0
21.0700,553066,0.513489,-0.470459,0.532166,-0.481384,85.4365,96.2457,0
21.0800,553076,0.513550,-0.470459,0.532166,-0.481384,85.1508,95.7495,0
21.0900,553086,0.513550,-0.470459,0.532166,-0.481384,84.8794,95.2775,0
21.1000,553096,0.513550,-0.470459,0.532166,-0.481384,84.6222,94.8291,0
21.1100,553106,0.513550,-0.470459,0.532166,-0.481384,84.3778,94.4031,0
21.1200,553116,0.513550,-0.470398,0.532166,-0.481384,84.1469,93.9972,0
21.1300,553126,0.513550,-0.470398,0.532166,-0.481445,83.9261,93.6128,0
21.1400,553136,0.513550,-0.470337,0.532166,-0.481445,83.7158,93.2514,0
21.1500,553146,0.513550,-0.470337,0.532227,-0.481506,83.5154,92.9074,0
21.1600,553156,0.513550,-0.470337,0.532227,-0.481506,83.3263,92.5775,0
21.1700,553166,0.513550,-0.470276,0.532227,-0.481506,83.1454,92.2647,0
21.1800,553176,0.513550,-0.470276,0.532227,-0.481506,82.9729,91.9663,0
21.1900,553186,0.513550,-0.470276,0.532227,-0.481506,82.8085,91.6823,0
21.2000,553196,0.513550,-0.470276,0.532227,-0.481506,82.6505,91.4113,0
21.2100,553206,0.513611,-0.470276,0.532227,-0.481506,82.4992,91.1544,0
21.2200,553216,0.513611,-0.470215,0.532166,-0.481506,82.3561,90.9104,0
21.2300,553226,0.513611,-0.470215,0.532166,-0.481506,82.2201,90.6780,0
21.2400,553236,0.513672,-0.470215,0.532166,-0.481506,82.0904,90.4578,0
21.2500,553246,0.513672,-0.470215,0.532166,-0.481506,81.9677,90.2474,0
21.2600,553256,0.513672,-0.470154,0.532166,-0.481506,81.8506,90.0493,0
21.2700,553266,0.513672,-0.470154,0.532166,-0.481506,81.7405,89.8605,0
21.2800,553276,0.513672,-0.470154,0.532166,-0.481506,81.6365,89.6824,0
21.2900,553286,0.513672,-0.470154,0.532166,-0.481506,81.5377,89.5119,0
21.3000,553296,0.513733,-0.470154,0.532166,-0.481567,81.4433,89.3506,0
21.3100,553306,0.513733,-0.470093,0.532166,-0.481567,81.3547,89.1962,0
21.3200,553316,0.513733,-0.470093,0.532166,-0.481567,81.2700,89.0477,0
21.3300,553326,0.513733,-0.470093,0.532166,-0.481567,81.1878,88.9090,0
21.3400,553336,0.513794,-0.470093,0.532166,-0.481567,81.1102,88.7772,0
21.3500,553346,0.513794,-0.470093,0.532166,-0.481567,81.0366,88.6509,0
21.3600,553356,0.513794,-0.470032,0.532166,-0.481567,80.9666,88.5302,0
21.3700,553366,0.513794,-0.470032,0.532104,-0.481567,80.8989,88.4150,0
21.3800,553376,0.513794,-0.470032,0.532104,-0.481567,80.8358,88.3074,0
21.3900,553386,0.513855,-0.470032,0.532104,-0.481567,80.7764,88.2045,0
21.4000,553396,0.513855,-0.470032,0.532104,-0.481567,80.7177,88.1074,0
21.4100,553406,0.513855,-0.469971,0.532104,-0.481567,80.6636,88.0139,0
21.4200,553416,0.513855,-0.469971,0.532104,-0.481567,80.6123,87.9251,0
21.4300,553426,0.513855,-0.469971,0.532104,-0.481567,80.5635,87.8426,0
21.4400,553436,0.513855,-0.469971,0.532104,-0.481567,80.5160,87.7641,0
21.4500,553446,0.513916,-0.469971,0.532104,-0.481567,80.4726,87.6890,0
21.4600,553456,0.513916,-0.469971,0.532104,-0.481567,80.4321,87.6171,0
21.4700,553466,0.513916,-0.469910,0.532104,-0.481567,80.3923,87.5481,0
21.4800,553476,0.513916,-0.469910,0.532104,-0.481567,80.3539,87.4838,0
21.4900,553486,0.513977,-0.469910,0.532104,-0.481567,80.3169,87.4227,0
21.5000,553496,0.513977,-0.469910,0.532104,-0.481567,80.2823,87.3653,0
21.5100,553506,0.513977,-0.469910,0.532104,-0.481567,80.2488,87.3101,0
21.5200,553516,0.513977,-0.469849,0.532104,-0.481567,80.2176,87.2553,0
21.5300,553526,0.513977,-0.469849,0.532104,-0.481567,80.1880,87.2033,0
21.5400,553536,0.513977,-0.469849,0.532104,-0.481628,80.1610,87.1556,0
21.5500,553546,0.514038,-0.469849,0.532043,-0.481628,80.1342,87.1109,0
21.5600,553556,0.514038,-0.469849,0.532043,-0.481628,80.1088,87.0685,0
21.5700,553566,0.514038,-0.469849,0.532043,-0.481628,80.0846,87.0275,0
21.5800,553576,0.514038,-0.469788,0.532043,-0.481628,80.0622,86.9875,0
21.5900,553586,0.514038,-0.469788,0.532043,-0.481628,80.0415,86.9518,0
21.6000,553596,0.514099,-0.469788,0.532043,-0.481628,80.0195,86.9155,0
21.6100,553606,0.514099,-0.469788,0.532043,-0.481628,79.9992,86.8822,0
21.6200,553616,0.514099,-0.469788,0.532043,-0.481628,79.9799,86.8512,0
21.6300,553626,0.514099,-0.469727,0.532043,-0.481628,79.9616,86.8206,0
21.6400,553636,0.514099,-0.469727,0.532043,-0.481628,79.9453,86.7926,0
21.6500,553646,0.514099,-0.469727,0.532043,-0.481628,79.9287,86.7667,0
21.6600,553656,0.514099,-0.469727,0.532043,-0.481628,79.9141,86.7409,0
21.6700,553666,0.514160,-0.469727,0.532043,-0.481628,79.9009,86.7151,0
21.6800,553676,0.514160,-0.469727,0.532043,-0.481628,79.8883,86.6919,0
21.6900,553686,0.514160,-0.469727,0.532043,-0.481628,79.8733,86.6710,0
21.7000,553696,0.514160,-0.469666,0.532043,-0.481628,79.8597,86.6499,0
21.7100,553706,0.514160,-0.469666,0.532043,-0.481628,79.8462,86.6311,0
21.7200,553716,0.514160,-0.469666,0.532043,-0.481628,79.8345,86.6126,0
21.7300,553726,0.514221,-0.469666,0.532043,-0.481628,79.8235,86.5945,0
21.7400,553736,0.514221,-0.469666,0.532043,-0.481628,79.8129,86.5779,0
21.7500,553746,0.514221,-0.469666,0.532043,-0.481628,79.7998,86.5615,0
21.7600,553756,0.514221,-0.469604,0.532043,-0.481628,79.7874,86.5453,0
21.7700,553766,0.514221,-0.469604,0.532043,-0.481628,79.7767,86.5274,0
21.7800,553776,0.514221,-0.469604,0.531982,-0.481628,79.7672,86.5104,0
21.7900,553786,0.514282,-0.469604,0.531982,-0.481628,79.7564,86.4943,0
21.8000,553796,0.514282,-0.469604,0.531982,-0.481628,79.7455,86.4795,0
21.8100,553806,0.514282,-0.469604,0.531982,-0.481628,79.7363,86.4649,0
21.8200,553816,0.514282,-0.469604,0.531982,-0.481628,79.7277,86.4517,0
21.8300,553826,0.514282,-0.469543,0.531982,-0.481628,79.7206,86.4379,0
21.8400,553836,0.514282,-0.469543,0.531982,-0.481628,79.7121,86.4241,0
21.8500,553846,0.514282,-0.469543,0.531982,-0.481628,79.7040,86.4123,0
21.8600,553856,0.514343,-0.469543,0.531982,-0.481628,79.6969,86.4023,0
21.8700,553866,0.514343,-0.469543,0.531982,-0.481628,79.6902,86.3915,0
21.8800,553876,0.514343,-0.469543,0.531982,-0.481628,79.6844,86.3807,0
21.8900,553886,0.514343,-0.469543,0.531982,-0.481628,79.6783,86.3699,0
21.9000,553896,0.514343,-0.469543,0.531982,-0.481628,79.6719,86.3608,0
21.9100,553906,0.514343,-0.469543,0.531982,-0.481628,79.6671,86.3521,0
21.9200,553916,0.514343,-0.469543,0.531982,-0.481628,79.6618,86.3451,0
21.9300,553926,0.514343,-0.469543,0.531982,-0.481628,79.6575,86.3378,0
21.9400,553936,0.514343,-0.469543,0.531982,-0.481628,79.6533,86.3303,0
21.9500,553946,0.514343,-0.469543,0.531982,-0.481628,79.6488,86.3237,0
21.9600,553956,0.514343,-0.469543,0.531982,-0.481628,79.6445,86.3175,0
21.9700,553966,0.514343,-0.469543,0.531982,-0.481628,79.6410,86.3104,0
21.9800,553976,0.514343,-0.469543,0.531982,-0.481628,79.6353,86.3037,0
21.9900,553986,0.514343,-0.469543,0.531982,-0.481628,79.6304,86.2967,0
22.0000,553996,0.514343,-0.469543,0.531982,-0.481628,79.6270,86.2918,0
22.0100,554006,0.514343,-0.469543,0.531982,-0.481628,79.6250,86.2872,0
22.0200,554016,0.514343,-0.469543,0.531982,-0.481628,79.6201,86.2798,0
22.0300,554026,0.514343,-0.469543,0.531982,-0.481628,79.6154,86.2758,0
22.0400,554036,0.514343,-0.469543,0.531982,-0.481628,79.6152,86.2720,0
22.0500,554046,0.514343,-0.469543,0.531982,-0.481628,79.6137,86.2677,0
22.0600,554056,0.514343,-0.469543,0.531982,-0.481628,79.6112,86.2643,0
22.0700,554066,0.514343,-0.469543,0.531982,-0.481628,79.6069,86.2605,0
22.0800,554076,0.514343,-0.469543,0.531982,-0.481628,79.6053,86.2562,0
22.0900,554086,0.514343,-0.469543,0.531982,-0.481628,79.6014,86.2522,0
22.1000,554096,0.514343,-0.469543,0.531982,-0.481628,79.5983,86.2502,0
22.1100,554106,0.514343,-0.469543,0.531982,-0.481628,79.5965,86.2470,0
22.1200,554116,0.514343,-0.469543,0.531982,-0.481628,79.5948,86.2452,0
22.1300,554126,0.514343,-0.469543,0.531982,-0.481628,79.5920,86.2418,0
22.1400,554136,0.514343,-0.469543,0.531982,-0.481628,79.5899,86.2385,0
22.1500,554146,0.514343,-0.469543,0.531982,-0.481628,79.5885,86.2353,0
22.1600,554156,0.514343,-0.469543,0.531982,-0.481628,79.5878,86.2323,0
22.1700,554166,0.514343,-0.469543,0.531982,-0.481628,79.5860,86.2289,0
22.1800,554176,0.514343,-0.469543,0.531982,-0.481628,79.5854,86.2250,0
22.1900,554186,0.514343,-0.469543,0.531982,-0.481628,79.5836,86.2226,0
22.2000,554196,0.514343,-0.469543,0.531982,-0.481628,79.5826,86.2202,0
22.2100,554206,0.514343,-0.469543,0.531982,-0.481628,79.5816,86.2186,0
22.2200,554216,0.514343,-0.469543,0.531982,-0.481628,79.5806,86.2170,0
22.2300,554226,0.514343,-0.469543,0.531982,-0.481628,79.5791,86.2161,0
22.2400,554236,0.514343,-0.469543,0.531982,-0.481628,79.5783,86.2165,0
22.2500,554246,0.514343,-0.469543,0.531982,-0.481628,79.5769,86.2150,0
22.2600,554256,0.514343,-0.469543,0.531982,-0.481628,79.5768,86.2160,0
22.2700,554266,0.514343,-0.469543,0.531982,-0.481628,79.5755,86.2164,0
22.2800,554276,0.514343,-0.469543,0.531982,-0.481628,79.5754,86.2150,0
22.2900,554286,0.514343,-0.469543,0.531982,-0.481628,79.5748,86.2142,0
22.3000,554296,0.514343,-0.469543,0.531982,-0.481628,79.5730,86.2129,0
22.3100,554306,0.514343,-0.469543,0.531982,-0.481628,79.5736,86.2122,0
22.3200,554316,0.514343,-0.469543,0.531982,-0.481628,79.5737,86.2109,0
22.3300,554326,0.514343,-0.469543,0.531982,-0.481628,79.5737,86.2086,0
22.3400,554336,0.514343,-0.469543,0.531982,-0.481628,79.5732,86.2069,0
22.3500,554346,0.514343,-0.469543,0.531982,-0.481628,79.5720,86.2066,0
22.3600,554356,0.514343,-0.469543,0.531982,-0.481628,79.5721,86.2050,0
22.3700,554366,0.514343,-0.469543,0.531982,-0.481628,79.5723,86.2041,0
22.3800,554376,0.514343,-0.469543,0.531982,-0.481628,79.5724,86.2027,0
22.3900,554386,0.514343,-0.469543,0.531982,-0.481628,79.5725,86.2013,0
22.4000,554396,0.514343,-0.469543,0.531982,-0.481628,79.5726,86.2012,0
22.4100,554406,0.514343,-0.469543,0.531982,-0.481628,79.5744,86.2012,0
22.4200,554416,0.514343,-0.469543,0.531982,-0.481628,79.5727,86.1999,0
22.4300,554426,0.514343,-0.469543,0.531982,-0.481628,79.5727,86.1993,0
22.4400,554436,0.514343,-0.469543,0.531982,-0.481628,79.5728,86.1981,0
22.4500,554446,0.514343,-0.469543,0.531982,-0.481628,79.5729,86.1964,0
22.4600,554456,0.514343,-0.469543,0.531982,-0.481628,79.5724,86.1965,0
22.4700,554466,0.514343,-0.469543,0.531982,-0.481628,79.5707,86.1973,0
22.4800,554476,0.514343,-0.469543,0.531982,-0.481628,79.5691,86.1992,0
22.4900,554486,0.514343,-0.469543,0.531982,-0.481628,79.5694,86.1998,0
22.5000,554496,0.514343,-0.469543,0.531982,-0.481628,79.5690,86.2003,0
22.5100,554506,0.514343,-0.469543,0.531982,-0.481628,79.5699,86.1997,0
22.5200,554516,0.514343,-0.469543,0.531982,-0.481628,79.5695,86.1991,0
22.5300,554526,0.514343,-0.469543,0.531982,-0.481628,79.5698,86.1985,0
22.5400,554536,0.514343,-0.469543,0.531982,-0.481628,79.5688,86.1985,0
22.5500,554546,0.514343,-0.469543,0.531982,-0.481628,79.5691,86.1980,0
22.5600,554556,0.514343,-0.469543,0.531982,-0.481628,79.5694,86.1975,0
22.5700,554566,0.514343,-0.469543,0.531982,-0.481628,79.5702,86.1982,0
22.5800,554576,0.514343,-0.469543,0.531982,-0.481628,79.5704,86.1994,0
22.5900,554586,0.514343,-0.469543,0.531982,-0.481628,79.5712,86.1994,0
22.6000,554596,0.514343,-0.469543,0.531982,-0.481628,79.5708,86.1994,0
22.6100,554606,0.514343,-0.469543,0.531982,-0.481628,79.5686,86.1988,0
22.6200,554616,0.514343,-0.469543,0.531982,-0.481628,79.5677,86.1971,0
22.6300,554626,0.514343,-0.469543,0.531982,-0.481628,79.5674,86.1966,0
22.6400,554636,0.514343,-0.469543,0.531982,-0.481628,79.5684,86.1949,0
22.6500,554646,0.514343,-0.469543,0.531982,-0.481628,79.5669,86.1940,0
22.6600,554656,0.514343,-0.469543,0.531982,-0.481628,79.5673,86.1936,0
22.6700,554666,0.514343,-0.469543,0.531982,-0.481628,79.5682,86.1951,0
22.6800,554676,0.514343,-0.469543,0.531982,-0.481628,79.5685,86.1947,0
22.6900,554686,0.514343,-0.469543,0.531982,-0.481628,79.5682,86.1944,0
22.7000,554696,0.514343,-0.469543,0.531982,-0.481628,79.5679,86.1940,0
22.7100,554706,0.514343,-0.469543,0.531982,-0.481628,79.5695,86.1937,0
22.7200,554716,0.514343,-0.469543,0.531982,-0.481628,79.5685,86.1934,0
22.7300,554726,0.514343,-0.469543,0.531982,-0.481628,79.5682,86.1931,0
22.7400,554736,0.514343,-0.469543,0.531982,-0.481628,79.5685,86.1916,0
22.7500,554746,0.514343,-0.469543,0.531982,-0.481628,79.5688,86.1902,0
22.7600,554756,0.514343,-0.469543,0.531982,-0.481628,79.5679,86.1889,0
22.7700,554766,0.514343,-0.469543,0.531982,-0.481628,79.5688,86.1888,0
22.7800,554776,0.514343,-0.469543,0.531982,-0.481628,79.5691,86.1882,0
22.7900,554786,0.514343,-0.469543,0.531982,-0.481628,79.5694,86.1881,0
22.8000,554796,0.514343,-0.469543,0.531982,-0.481628,79.5702,86.1881,0
22.8100,554806,0.514343,-0.469543,0.531982,-0.481628,79.5704,86.1869,0
22.8200,554816,0.514343,-0.469543,0.531982,-0.481628,79.5706,86.1863,0
22.8300,554826,0.514343,-0.469543,0.531982,-0.481628,79.5726,86.1870,0
22.8400,554836,0.514343,-0.469543,0.531982,-0.481628,79.5721,86.1870,0
22.8500,554846,0.514343,-0.469543,0.531982,-0.481628,79.5728,86.1870,0
22.8600,554856,0.514343,-0.469543,0.531982,-0.481628,79.5741,86.1870,0
22.8700,554866,0.514343,-0.469543,0.531982,-0.481628,79.5729,86.1877,0
22.8800,554876,0.514343,-0.469543,0.531982,-0.481628,79.5712,86.1883,0
22.8900,554886,0.514343,-0.469543,0.531982,-0.481628,79.5707,86.1888,0
22.9000,554896,0.514343,-0.469543,0.531982,-0.481628,79.5691,86.1893,0
22.9100,554906,0.514343,-0.469543,0.531982,-0.481628,79.5712,86.1898,0
22.9200,554916,0.514343,-0.469543,0.531982,-0.481628,79.5707,86.1903,0
22.9300,554926,0.514343,-0.469543,0.531982,-0.481628,79.5715,86.1914,0
22.9400,554936,0.514343,-0.469543,0.531982,-0.481628,79.5723,86.1912,0
22.9500,554946,0.514343,-0.469543,0.531982,-0.481628,79.5724,86.1892,0
22.9600,554956,0.514343,-0.469543,0.531982,-0.481628,79.5737,86.1897,0
22.9700,554966,0.514343,-0.469543,0.531982,-0.481628,79.5737,86.1890,0
22.9800,554976,0.514343,-0.469543,0.531982,-0.481628,79.5731,86.1883,0
22.9900,554986,0.514343,-0.469543,0.531982,-0.481628,79.5744,86.1889,0
23.0000,554996,0.514343,-0.469543,0.531982,-0.481628,79.5744,86.1882,0
23.0100,555006,0.514343,-0.469543,0.531982,-0.481628,79.5744,86.1888,0
23.0200,555016,0.514343,-0.469543,0.531982,-0.481628,79.5750,86.1893,0
23.0300,555026,0.514343,-0.469543,0.531982,-0.481628,79.5738,86.1898,0
23.0400,555036,0.514343,-0.469543,0.531982,-0.481628,79.5732,86.1873,0
23.0500,555046,0.514343,-0.469543,0.531982,-0.481628,79.5739,86.1879,0
23.0600,555056,0.514343,-0.469543,0.531982,-0.481628,79.5739,86.1873,0
23.0700,555066,0.514343,-0.469543,0.531982,-0.481628,79.5739,86.1867,0
23.0800,555076,0.514343,-0.469543,0.531982,-0.481628,79.5745,86.1880,0
23.0900,555086,0.514343,-0.469543,0.531982,-0.481628,79.5739,86.1891,0
23.1000,555096,0.514343,-0.469543,0.531982,-0.481628,79.5733,86.1896,0
23.1100,555106,0.514343,-0.469543,0.531982,-0.481628,79.5716,86.1919,0
23.1200,555116,0.514343,-0.469543,0.531982,-0.481628,79.5712,86.1923,0
23.1300,555126,0.514343,-0.469543,0.531982,-0.481628,79.5695,86.1914,0
23.1400,555136,0.514343,-0.469543,0.531982,-0.481628,79.5692,86.1907,0
23.1500,555146,0.514343,-0.469543,0.531982,-0.481628,79.5694,86.1905,0
23.1600,555156,0.514343,-0.469543,0.531982,-0.481628,79.5697,86.1897,0
23.1700,555166,0.514343,-0.469543,0.531982,-0.481628,79.5705,86.1902,0
23.1800,555176,0.514343,-0.469543,0.531982,-0.481628,79.5713,86.1901,0
23.1900,555186,0.514343,-0.469543,0.531982,-0.481628,79.5715,86.1894,0
23.2000,555196,0.514343,-0.469543,0.531982,-0.481628,79.5716,86.1910,0
23.2100,555206,0.514343,-0.469543,0.531982,-0.481628,79.5711,86.1915,0
23.2200,555216,0.514343,-0.469543,0.531982,-0.481628,79.5695,86.1913,0
23.2300,555226,0.514343,-0.469543,0.531982,-0.481628,79.5668,86.1917,0
23.2400,555236,0.514343,-0.469543,0.531982,-0.481628,79.5642,86.1909,0
23.2500,555246,0.514343,-0.469543,0.531982,-0.481628,79.5611,86.1877,0
23.2600,555256,0.514343,-0.469543,0.531982,-0.481628,79.5590,86.1770,0
23.2700,555266,0.514343,-0.469666,0.531860,-0.481628,79.5593,86.1661,0
23.2800,555276,0.514648,-0.469849,0.531555,-0.481445,79.5535,86.1606,0
23.2900,555286,0.515625,-0.470703,0.530701,-0.480530,79.5249,86.1471,0
23.3000,555296,0.517456,-0.473083,0.529114,-0.477966,79.4484,86.1270,0
23.3100,555306,0.518677,-0.474854,0.528137,-0.476013,79.3520,86.0946,0
23.3200,555316,0.521362,-0.477783,0.525574,-0.472961,79.2846,86.0193,0
23.3300,555326,0.526611,-0.481384,0.520752,-0.468872,79.3777,85.9291,0
23.3400,555336,0.530579,-0.485291,0.516846,-0.464661,79.3243,85.7698,0
23.3500,555346,0.533752,-0.489136,0.513672,-0.460388,79.1910,85.5824,0
23.3600,555356,0.538940,-0.491577,0.511475,-0.454163,79.0788,85.6927,0
23.3700,555366,0.545227,-0.492920,0.510559,-0.446167,78.8896,86.0148,0
23.3800,555376,0.550720,-0.494568,0.509949,-0.438293,78.6140,86.1964,0
23.3900,555386,0.557190,-0.495667,0.510132,-0.428528,78.2423,86.5109,0
23.4000,555396,0.563354,-0.497009,0.510681,-0.418091,77.7581,86.7459,0
23.4100,555406,0.569702,-0.498962,0.510010,-0.407898,77.2918,86.7624,0
23.4200,555416,0.576477,-0.501282,0.508545,-0.397217,76.8237,86.6613,0
23.4300,555426,0.583679,-0.503540,0.506836,-0.385803,76.3346,86.5062,0
23.4400,555436,0.591797,-0.505737,0.504395,-0.373596,75.8190,86.1653,0
23.4500,555446,0.601868,-0.507568,0.499756,-0.361084,75.4916,85.7115,0
23.4600,555456,0.614258,-0.508423,0.491821,-0.349792,75.5500,85.0219,0
23.4700,555466,0.627136,-0.509277,0.482605,-0.338257,75.6442,84.2038,0
23.4800,555476,0.639893,-0.510132,0.472473,-0.327209,75.7551,83.2198,0
23.4900,555486,0.652039,-0.511536,0.461853,-0.315979,75.9778,81.9760,0
23.5000,555496,0.665527,-0.512817,0.448486,-0.304932,76.4105,80.5592,0
23.5100,555506,0.679993,-0.513306,0.432800,-0.294556,76.8359,78.9849,0
