# Sesion:22 Fecha:2026-04-21 20:45:04 Shots:1 Duracion:14,81s
tSeg,ms,qw,qx,qy,qz,filteredElev,filteredYaw,shot
0.0000,925126,-0.325073,0.821533,-0.174500,0.434692,141.7786,196.7385,0
0.0100,925136,-0.333252,0.819580,-0.174316,0.432251,141.3202,192.6635,0
0.0200,925146,-0.340088,0.817383,-0.175964,0.430481,140.7390,188.5592,0
0.0300,925156,-0.348938,0.812012,-0.179687,0.432007,140.1109,184.6579,0
0.0400,925166,-0.353943,0.807373,-0.184875,0.434387,139.5292,181.2247,0
0.0500,925176,-0.359863,0.801392,-0.193481,0.436890,138.9120,178.3047,0
0.0600,925186,-0.366333,0.794128,-0.205566,0.439148,138.2016,175.8788,0
0.0700,925196,-0.374023,0.785217,-0.220337,0.441589,137.5212,173.8606,0
0.0800,925206,-0.381897,0.776855,-0.233459,0.442871,136.8492,171.7947,0
0.0900,925216,-0.387390,0.771729,-0.242615,0.442139,135.9636,169.3197,0
0.1000,925226,-0.393188,0.766418,-0.252380,0.440857,135.0512,167.0158,0
0.1100,925236,-0.400024,0.759766,-0.264099,0.439331,134.1685,165.0367,0
0.1200,925246,-0.407104,0.753418,-0.274841,0.437195,133.2944,163.0395,0
0.1300,925256,-0.412415,0.748840,-0.283691,0.434387,132.2456,160.8169,0
0.1400,925266,-0.416504,0.745239,-0.292847,0.430603,130.9958,158.6268,0
0.1500,925276,-0.419434,0.742065,-0.302612,0.426453,129.5936,156.5040,0
0.1600,925286,-0.420532,0.738647,-0.311340,0.424988,128.2256,154.1700,0
0.1700,925296,-0.420227,0.734375,-0.319153,0.426941,126.9599,151.7218,0
0.1800,925306,-0.418884,0.729858,-0.328735,0.428711,125.5287,149.4664,0
0.1900,925316,-0.422119,0.724487,-0.339722,0.426086,124.2899,147.8468,0
0.2000,925326,-0.427246,0.717407,-0.350952,0.423889,123.2898,146.4250,0
0.2100,925336,-0.433167,0.708374,-0.361694,0.423950,122.5236,144.9689,0
0.2200,925346,-0.443848,0.696533,-0.372803,0.422913,122.1464,143.9023,0
0.2300,925356,-0.457153,0.682678,-0.385437,0.419983,121.8156,143.0110,0
0.2400,925366,-0.469849,0.669800,-0.396118,0.416748,121.1224,141.2857,0
0.2500,925376,-0.477722,0.661133,-0.402710,0.415344,120.1941,138.9372,0
0.2600,925386,-0.481689,0.656067,-0.405945,0.415649,119.2306,136.3840,0
0.2700,925396,-0.484131,0.652344,-0.407532,0.417114,118.2380,133.7890,0
0.2800,925406,-0.485413,0.649597,-0.408386,0.419006,117.1963,131.2518,0
0.2900,925416,-0.486389,0.645691,-0.410461,0.421936,116.1262,128.9367,0
0.3000,925426,-0.488892,0.643066,-0.414185,0.419434,114.9899,127.1960,0
0.3100,925436,-0.500061,0.638367,-0.419739,0.407715,114.0320,126.5439,0
0.3200,925446,-0.508301,0.634155,-0.425049,0.398438,112.9382,125.5085,0
0.3300,925456,-0.512268,0.629456,-0.428223,0.397583,112.0832,123.6895,0
0.3400,925466,-0.512573,0.627441,-0.427063,0.401489,111.2930,121.1200,0
0.3500,925476,-0.513794,0.625122,-0.425903,0.404846,110.6043,118.7731,0
0.3600,925486,-0.516357,0.622864,-0.424194,0.406860,110.0055,116.6439,0
0.3700,925496,-0.518677,0.622192,-0.420349,0.408813,109.4317,114.3919,0
0.3800,925506,-0.520203,0.622864,-0.414490,0.411804,108.9237,111.9586,0
0.3900,925516,-0.519714,0.623047,-0.410461,0.416199,108.3379,109.6569,0
0.4000,925526,-0.517700,0.623169,-0.410706,0.418335,107.3843,107.8600,0
0.4100,925536,-0.514771,0.623291,-0.413330,0.419189,106.2463,106.3749,0
0.4200,925546,-0.511108,0.622925,-0.417480,0.419983,105.0671,105.0847,0
0.4300,925556,-0.508057,0.621643,-0.422424,0.420654,103.9680,104.0232,0
0.4400,925566,-0.505554,0.619019,-0.429504,0.420410,102.8648,103.3227,0
0.4500,925576,-0.504333,0.615051,-0.436951,0.420105,101.9429,102.8177,0
0.4600,925586,-0.503296,0.611084,-0.442200,0.421509,101.2584,102.1156,0
0.4700,925596,-0.501953,0.607910,-0.446594,0.423096,100.5771,101.3320,0
0.4800,925606,-0.500916,0.605408,-0.450745,0.423523,99.8644,100.6368,0
0.4900,925616,-0.499390,0.604858,-0.453003,0.423767,99.1289,99.5218,0
0.5000,925626,-0.497437,0.605591,-0.453552,0.424377,98.5304,98.4613,0
0.5100,925636,-0.496155,0.606201,-0.453491,0.425110,98.2060,97.4843,0
0.5200,925646,-0.496643,0.606079,-0.452087,0.426147,97.8847,96.5291,0
0.5300,925656,-0.497070,0.606262,-0.450562,0.427063,97.2025,95.6489,0
0.5400,925666,-0.495728,0.608154,-0.450378,0.426086,96.5783,95.0878,0
0.5500,925676,-0.497437,0.607849,-0.454102,0.420532,96.0518,94.8509,0
0.5600,925686,-0.502014,0.605286,-0.457092,0.415527,95.6824,94.8954,0
0.5700,925696,-0.507996,0.601624,-0.460144,0.410217,95.4149,95.0198,0
0.5800,925706,-0.511963,0.597839,-0.462219,0.408447,95.2340,94.7467,0
0.5900,925716,-0.513306,0.594543,-0.462524,0.411133,95.1659,93.9731,0
0.6000,925726,-0.513855,0.591553,-0.461609,0.415894,95.2076,93.0158,0
0.6100,925736,-0.513123,0.589233,-0.460144,0.421570,95.2107,91.9670,0
0.6200,925746,-0.509583,0.588745,-0.458191,0.428650,95.0605,90.6927,0
0.6300,925756,-0.503784,0.589966,-0.454529,0.437622,94.9107,89.1577,0
0.6400,925766,-0.495544,0.593628,-0.448914,0.447815,94.7024,87.3613,0
0.6500,925776,-0.486816,0.599670,-0.440369,0.457703,94.5712,85.4513,0
0.6600,925786,-0.482056,0.604553,-0.428894,0.467041,94.9937,83.8132,0
0.6700,925796,-0.480164,0.605896,-0.419556,0.475647,95.6939,82.8262,0
0.6800,925806,-0.479370,0.604553,-0.413452,0.483582,96.4176,82.3869,0
0.6900,925816,-0.480469,0.601135,-0.409363,0.490112,97.1924,82.4130,0
0.7000,925826,-0.483643,0.595520,-0.408203,0.494751,97.9095,82.9493,0
0.7100,925836,-0.488525,0.587524,-0.410400,0.497681,98.5164,83.9540,0
0.7200,925846,-0.494324,0.577332,-0.415466,0.499695,99.0140,85.2895,0
0.7300,925856,-0.500061,0.565491,-0.421692,0.502380,99.4940,86.6717,0
0.7400,925866,-0.504028,0.553589,-0.427002,0.507141,99.9599,87.7448,0
0.7500,925876,-0.504944,0.543213,-0.431763,0.513428,100.0864,88.1963,0
0.7600,925886,-0.504883,0.535156,-0.434998,0.519165,100.1462,88.5524,0
0.7700,925896,-0.506714,0.530640,-0.435120,0.521851,100.3387,88.6000,0
0.7800,925906,-0.507263,0.526184,-0.433655,0.526978,100.3090,88.5233,0
0.7900,925916,-0.504944,0.522217,-0.433594,0.533203,100.2673,88.6593,0
0.8000,925926,-0.503845,0.518188,-0.433838,0.537964,100.2251,89.2132,0
0.8100,925936,-0.509033,0.507629,-0.438171,0.539612,100.0793,90.1087,0
0.8200,925946,-0.512878,0.502808,-0.441772,0.537537,99.7493,91.0357,0
0.8300,925956,-0.515930,0.499268,-0.445496,0.534851,99.2421,91.8112,0
0.8400,925966,-0.517822,0.497009,-0.448181,0.532959,98.6991,92.2882,0
0.8500,925976,-0.516663,0.496033,-0.449219,0.534058,98.1886,92.2438,0
0.8600,925986,-0.513245,0.495850,-0.449402,0.537292,97.7038,91.8827,0
0.8700,925996,-0.509216,0.495911,-0.448853,0.541565,97.3205,91.4381,0
0.8800,926006,-0.504456,0.496094,-0.447388,0.547058,97.0523,90.9087,0
0.8900,926016,-0.500061,0.495972,-0.445374,0.552795,96.9180,90.4375,0
0.9000,926026,-0.496826,0.495300,-0.443298,0.557983,96.8874,90.1775,0
0.9100,926036,-0.495300,0.494202,-0.442383,0.561035,96.8060,90.2587,0
0.9200,926046,-0.495789,0.492249,-0.441589,0.562927,96.8319,90.5857,0
0.9300,926056,-0.497437,0.490295,-0.440796,0.563782,96.8636,91.0219,0
0.9400,926066,-0.498779,0.488525,-0.440613,0.564270,96.7963,91.4562,0
0.9500,926076,-0.499084,0.487305,-0.440674,0.565063,96.6483,91.7888,0
0.9600,926086,-0.498413,0.486877,-0.440002,0.566528,96.5081,91.9518,0
0.9700,926096,-0.495972,0.487122,-0.438782,0.569397,96.3727,91.8979,0
0.9800,926106,-0.492187,0.487732,-0.437317,0.573242,96.2498,91.7330,0
0.9900,926116,-0.484192,0.488892,-0.439270,0.577576,95.7111,91.5241,0
1.0000,926126,-0.475342,0.489441,-0.439941,0.583923,95.3872,91.1772,201
1.0100,926136,-0.468933,0.488586,-0.442627,0.587830,94.4428,91.7397,0
1.0200,926146,-0.461548,0.488220,-0.450256,0.588074,94.9375,92.3218,0
1.0300,926156,-0.464355,0.486938,-0.446960,0.589478,95.0953,93.0591,0
1.0400,926166,-0.468079,0.487549,-0.444946,0.587524,95.2942,93.9789,0
1.0500,926176,-0.473145,0.486389,-0.444031,0.585144,95.3346,94.6160,0
1.0600,926186,-0.476440,0.486511,-0.443054,0.583130,95.1853,95.0619,0
1.0700,926196,-0.479187,0.489197,-0.442505,0.579041,94.9714,95.4561,0
1.0800,926206,-0.482483,0.489441,-0.449158,0.570862,94.1606,96.6667,0
1.0900,926216,-0.485291,0.491089,-0.457458,0.560425,93.0100,97.8649,0
1.1000,926226,-0.487244,0.492798,-0.461914,0.553528,92.2627,98.4914,0
1.1100,926236,-0.489807,0.492615,-0.465454,0.548401,91.8047,99.0377,0
1.1200,926246,-0.492432,0.491516,-0.468994,0.544067,91.4338,99.5239,0
1.1300,926256,-0.494812,0.489868,-0.472412,0.540405,91.1084,99.9223,0
1.1400,926266,-0.496887,0.488159,-0.476807,0.536072,90.6539,100.3395,0
1.1500,926276,-0.499756,0.486328,-0.481506,0.530884,90.1678,100.8126,0
1.1600,926286,-0.505127,0.481506,-0.485474,0.526611,90.0536,101.4310,0
1.1700,926296,-0.508118,0.478333,-0.487488,0.524719,89.9383,101.5188,0
1.1800,926306,-0.508911,0.477112,-0.488403,0.524231,89.7297,101.2143,0
1.1900,926316,-0.508911,0.476624,-0.489136,0.523987,89.4643,100.8174,0
1.2000,926326,-0.508606,0.476379,-0.489502,0.524109,89.2288,100.3692,0
1.2100,926336,-0.508423,0.476135,-0.489868,0.524231,89.0060,99.9471,0
1.2200,926346,-0.508301,0.476013,-0.490051,0.524292,88.7986,99.5450,0
1.2300,926356,-0.508179,0.475891,-0.490173,0.524475,88.6033,99.1668,0
1.2400,926366,-0.507568,0.475281,-0.490784,0.524963,88.4220,98.8136,0
1.2500,926376,-0.506531,0.474060,-0.491882,0.526062,88.2580,98.4881,0
1.2600,926386,-0.505310,0.472839,-0.493042,0.527222,88.0951,98.1931,0
1.2700,926396,-0.504395,0.471863,-0.494019,0.528137,87.9445,97.9110,0
1.2800,926406,-0.503357,0.470825,-0.494934,0.529114,87.8258,97.6248,0
1.2900,926416,-0.502075,0.469666,-0.495789,0.530579,87.8132,97.2362,0
1.3000,926426,-0.500122,0.468323,-0.495972,0.533447,87.7225,96.9890,0
1.3100,926436,-0.498413,0.466980,-0.496887,0.535339,87.5764,96.7435,0
1.3200,926446,-0.496155,0.466003,-0.498047,0.537231,87.3908,96.4427,0
1.3300,926456,-0.490234,0.467285,-0.498413,0.541260,87.2255,95.9791,0
1.3400,926466,-0.486572,0.469727,-0.497620,0.543152,87.0145,95.4891,0
1.3500,926476,-0.482056,0.472412,-0.495789,0.546448,86.9353,94.8643,0
1.3600,926486,-0.478760,0.473816,-0.494019,0.549744,87.0115,94.4668,0
1.3700,926496,-0.476990,0.474365,-0.494202,0.550659,86.9751,94.4730,0
1.3800,926506,-0.475525,0.477051,-0.498962,0.545288,86.1810,94.9404,0
1.3900,926516,-0.468689,0.483521,-0.507324,0.537720,84.5998,95.1552,0
1.4000,926526,-0.467407,0.483154,-0.508789,0.537781,84.6083,95.3176,0
1.4100,926536,-0.466736,0.482666,-0.509888,0.537781,84.6743,95.4988,0
1.4200,926546,-0.466187,0.482239,-0.510620,0.537903,84.7692,95.6545,0
1.4300,926556,-0.465820,0.481995,-0.511169,0.537964,84.8609,95.8025,0
1.4400,926566,-0.465271,0.481567,-0.511780,0.538208,84.9563,95.9374,0
1.4500,926576,-0.464844,0.481262,-0.512329,0.538330,85.0511,96.0717,0
1.4600,926586,-0.464600,0.481079,-0.512634,0.538391,85.1465,96.1999,0
1.4700,926596,-0.466431,0.479004,-0.517273,0.534241,85.1696,96.2616,0
1.4800,926606,-0.467773,0.477356,-0.521667,0.530273,85.1480,96.3136,0
1.4900,926616,-0.468872,0.475891,-0.525513,0.526855,85.0830,96.3685,0
1.5000,926626,-0.470032,0.474426,-0.528870,0.523804,85.0135,96.4188,0
1.5100,926636,-0.470947,0.473267,-0.530029,0.522766,84.9377,96.5928,0
1.5200,926646,-0.474548,0.469421,-0.533691,0.519226,84.7834,97.5522,0
1.5300,926656,-0.479187,0.464294,-0.538574,0.514587,84.6496,97.7006,0
1.5400,926666,-0.480408,0.462524,-0.540283,0.513245,84.5445,97.5012,0
1.5500,926676,-0.480408,0.462524,-0.540283,0.513245,84.4458,97.3167,0
1.5600,926686,-0.480347,0.462463,-0.540283,0.513245,84.3491,97.1468,0
1.5700,926696,-0.480286,0.462402,-0.540405,0.513367,84.2567,96.9891,0
1.5800,926706,-0.479858,0.461914,-0.540771,0.513672,84.1665,96.8358,0
1.5900,926716,-0.479797,0.461914,-0.540833,0.513733,84.0790,96.6907,0
1.6000,926726,-0.479797,0.461914,-0.540833,0.513733,83.9947,96.5511,0
1.6100,926736,-0.479797,0.461914,-0.540833,0.513733,83.9170,96.4185,0
1.6200,926746,-0.479797,0.461914,-0.540833,0.513733,83.8432,96.2937,0
1.6300,926756,-0.480469,0.461182,-0.542480,0.512024,83.7611,96.1585,0
1.6400,926766,-0.480957,0.460632,-0.543823,0.510620,83.6713,96.0187,0
1.6500,926776,-0.481384,0.460144,-0.544983,0.509399,83.5772,95.8790,0
1.6600,926786,-0.481750,0.459717,-0.546021,0.508362,83.4815,95.7435,0
1.6700,926796,-0.482056,0.459351,-0.546875,0.507446,83.3806,95.6109,0
1.6800,926806,-0.482361,0.458984,-0.547668,0.506592,83.2798,95.4702,0
1.6900,926816,-0.482666,0.458740,-0.548340,0.505920,83.1808,95.3281,0
1.7000,926826,-0.482971,0.458496,-0.548950,0.505127,83.0811,95.1875,0
1.7100,926836,-0.483398,0.458313,-0.549500,0.504272,82.9790,95.0409,0
1.7200,926846,-0.483154,0.458069,-0.549744,0.504517,82.8838,94.9155,0
1.7300,926856,-0.481628,0.457458,-0.551514,0.504639,82.6562,94.8364,0
1.7400,926866,-0.481384,0.458679,-0.551697,0.503540,82.4197,94.7024,0
1.7500,926876,-0.481323,0.459106,-0.551575,0.503296,82.3205,94.5638,0
1.7600,926886,-0.481384,0.459351,-0.551331,0.503296,82.2614,94.4386,0
1.7700,926896,-0.481567,0.459412,-0.551208,0.503235,82.2206,94.3338,0
1.7800,926906,-0.481873,0.459351,-0.550842,0.503357,82.2976,94.2252,0
1.7900,926916,-0.482788,0.459229,-0.549866,0.503662,82.5608,94.0906,0
1.8000,926926,-0.485046,0.459045,-0.547302,0.504456,82.8727,93.9475,0
1.8100,926936,-0.487732,0.458801,-0.544250,0.505371,82.9357,93.8363,0
1.8200,926946,-0.488770,0.458618,-0.543152,0.505737,82.8493,93.7388,0
1.8300,926956,-0.488892,0.458557,-0.543640,0.505188,82.7594,93.6412,0
1.8400,926966,-0.489136,0.458252,-0.544556,0.504211,82.6685,93.5453,0
1.8500,926976,-0.489197,0.458130,-0.544922,0.503845,82.5783,93.4516,0
1.8600,926986,-0.489319,0.458069,-0.545288,0.503418,82.4920,93.3609,0
1.8700,926996,-0.489380,0.457947,-0.545654,0.503052,82.4086,93.2698,0
1.8800,927006,-0.489441,0.457947,-0.545898,0.502747,82.3341,93.1766,0
1.8900,927016,-0.489563,0.457886,-0.546082,0.502441,82.2674,93.0825,0
1.9000,927026,-0.489746,0.457642,-0.545837,0.502747,82.2456,92.9949,0
1.9100,927036,-0.490967,0.455994,-0.544189,0.504883,82.5533,92.8948,0
1.9200,927046,-0.491882,0.454651,-0.542969,0.506531,82.7537,92.8081,0
1.9300,927056,-0.492371,0.453979,-0.542419,0.507263,82.7961,92.7485,0
1.9400,927066,-0.492737,0.453491,-0.541992,0.507812,82.8026,92.6937,0
1.9500,927076,-0.493042,0.453125,-0.541626,0.508179,82.7874,92.6386,0
1.9600,927086,-0.493347,0.452820,-0.541321,0.508484,82.7528,92.5887,0
1.9700,927096,-0.493469,0.452637,-0.541138,0.508667,82.6891,92.5419,0
1.9800,927106,-0.493591,0.452515,-0.541382,0.508423,82.6052,92.4979,0
1.9900,927116,-0.493652,0.452393,-0.541626,0.508179,82.5099,92.4494,0
2.0000,927126,-0.493713,0.452332,-0.541870,0.507935,82.4200,92.4062,0
2.0100,927136,-0.493774,0.452271,-0.542114,0.507690,82.3345,92.3658,0
2.0200,927146,-0.493774,0.452271,-0.542175,0.507629,82.2485,92.3263,0
2.0300,927156,-0.493774,0.452209,-0.542236,0.507568,82.1649,92.2869,0
2.0400,927166,-0.493835,0.452209,-0.542297,0.507507,82.0861,92.2477,0
2.0500,927176,-0.493835,0.452209,-0.542297,0.507507,82.0119,92.2085,0
2.0600,927186,-0.493835,0.452209,-0.542358,0.507446,81.9425,92.1737,0
2.0700,927196,-0.493835,0.452209,-0.542419,0.507385,81.8773,92.1424,0
2.0800,927206,-0.493835,0.452148,-0.542480,0.507324,81.8146,92.1120,0
2.0900,927216,-0.493835,0.452148,-0.542542,0.507263,81.7546,92.0803,0
2.1000,927226,-0.493835,0.452148,-0.542603,0.507202,81.6999,92.0512,0
2.1100,927236,-0.493835,0.452148,-0.542664,0.507141,81.6442,92.0237,0
2.1200,927246,-0.493835,0.452148,-0.542725,0.507080,81.5901,91.9999,0
2.1300,927256,-0.493835,0.452148,-0.542786,0.507019,81.5399,91.9773,0
2.1400,927266,-0.493896,0.452087,-0.542847,0.506958,81.4928,91.9515,0
2.1500,927276,-0.493896,0.452087,-0.542908,0.506897,81.4463,91.9264,0
2.1600,927286,-0.493896,0.452087,-0.542969,0.506836,81.4033,91.9013,0
2.1700,927296,-0.493896,0.452087,-0.543030,0.506775,81.3613,91.8781,0
2.1800,927306,-0.493896,0.452087,-0.543030,0.506775,81.3237,91.8567,0
2.1900,927316,-0.493896,0.452087,-0.543091,0.506714,81.2862,91.8351,0
2.2000,927326,-0.493896,0.452087,-0.543152,0.506653,81.2524,91.8164,0
2.2100,927336,-0.493896,0.452087,-0.543152,0.506592,81.2160,91.7975,0
2.2200,927346,-0.493896,0.452026,-0.543213,0.506592,81.1784,91.7777,0
2.2300,927356,-0.493896,0.452148,-0.543152,0.506592,81.1446,91.7470,0
2.2400,927366,-0.493896,0.452148,-0.543213,0.506531,81.1136,91.7334,0
2.2500,927376,-0.493896,0.452148,-0.543213,0.506531,81.0841,91.7192,0
2.2600,927386,-0.493896,0.452148,-0.543274,0.506470,81.0549,91.7025,0
2.2700,927396,-0.493896,0.452087,-0.543274,0.506470,81.0284,91.6862,0
2.2800,927406,-0.493896,0.452087,-0.543335,0.506409,81.0031,91.6688,0
2.2900,927416,-0.493896,0.452087,-0.543335,0.506348,80.9786,91.6553,0
2.3000,927426,-0.493958,0.452087,-0.543396,0.506348,80.9564,91.6395,0
2.3100,927436,-0.493958,0.452087,-0.543457,0.506287,80.9348,91.6257,0
2.3200,927446,-0.493958,0.452026,-0.543457,0.506287,80.9136,91.6132,0
2.3300,927456,-0.493958,0.452026,-0.543518,0.506226,80.8941,91.5983,0
2.3400,927466,-0.493958,0.452026,-0.543518,0.506165,80.8762,91.5841,0
2.3500,927476,-0.493958,0.452026,-0.543579,0.506165,80.8598,91.5731,0
2.3600,927486,-0.493958,0.452026,-0.543701,0.506042,80.8393,91.5644,0
2.3700,927496,-0.493958,0.452026,-0.543701,0.505981,80.8210,91.5555,0
2.3800,927506,-0.493958,0.452026,-0.543762,0.505981,80.8018,91.5434,0
2.3900,927516,-0.493958,0.451965,-0.543823,0.505920,80.7836,91.5312,0
2.4000,927526,-0.493958,0.451965,-0.543823,0.505859,80.7657,91.5191,0
2.4100,927536,-0.493958,0.451965,-0.543884,0.505859,80.7487,91.5052,0
2.4200,927546,-0.493958,0.451965,-0.543945,0.505798,80.7355,91.4926,0
2.4300,927556,-0.494019,0.451965,-0.543945,0.505737,80.7218,91.4806,0
2.4400,927566,-0.494019,0.451965,-0.544006,0.505737,80.7088,91.4716,0
2.4500,927576,-0.494019,0.451965,-0.544006,0.505737,80.6958,91.4631,0
2.4600,927586,-0.494019,0.451965,-0.544006,0.505676,80.6847,91.4573,0
2.4700,927596,-0.494019,0.451965,-0.544067,0.505676,80.6729,91.4536,0
2.4800,927606,-0.494019,0.451904,-0.544067,0.505676,80.6617,91.4490,0
2.4900,927616,-0.494019,0.451904,-0.544067,0.505615,80.6499,91.4392,0
2.5000,927626,-0.494019,0.451904,-0.544128,0.505615,80.6344,91.4305,0
2.5100,927636,-0.494019,0.451904,-0.544128,0.505615,80.6208,91.4210,0
2.5200,927646,-0.494019,0.451904,-0.544128,0.505554,80.6079,91.4138,0
2.5300,927656,-0.494019,0.451904,-0.544189,0.505554,80.5969,91.4062,0
2.5400,927666,-0.494080,0.451904,-0.544250,0.505493,80.5888,91.3966,0
2.5500,927676,-0.494141,0.451904,-0.544128,0.505432,80.5876,91.3804,0
2.5600,927686,-0.494141,0.451904,-0.544189,0.505432,80.5793,91.3744,0
2.5700,927696,-0.494141,0.451904,-0.544250,0.505371,80.5721,91.3688,0
2.5800,927706,-0.494202,0.451904,-0.544250,0.505371,80.5652,91.3635,0
2.5900,927716,-0.494202,0.451843,-0.544312,0.505310,80.5598,91.3524,0
2.6000,927726,-0.494202,0.451843,-0.544312,0.505310,80.5547,91.3420,0
2.6100,927736,-0.494202,0.451843,-0.544312,0.505249,80.5487,91.3279,0
2.6200,927746,-0.494202,0.451904,-0.544373,0.505249,80.5442,91.3192,0
2.6300,927756,-0.494202,0.451904,-0.544373,0.505249,80.5399,91.3176,0
2.6400,927766,-0.494202,0.451843,-0.544434,0.505188,80.5334,91.3142,0
2.6500,927776,-0.494202,0.451843,-0.544434,0.505188,80.5267,91.3110,0
2.6600,927786,-0.494202,0.451843,-0.544434,0.505127,80.5203,91.3067,0
2.6700,927796,-0.494202,0.451843,-0.544495,0.505127,80.5136,91.3009,0
2.6800,927806,-0.494202,0.451843,-0.544556,0.505066,80.5048,91.2935,0
2.6900,927816,-0.494202,0.451965,-0.544495,0.505066,80.4947,91.2763,0
2.7000,927826,-0.494202,0.451965,-0.544495,0.505005,80.4911,91.2707,0
2.7100,927836,-0.494141,0.451965,-0.544556,0.505005,80.4895,91.2683,0
2.7200,927846,-0.494141,0.451965,-0.544556,0.504944,80.4836,91.2648,0
2.7300,927856,-0.494141,0.451965,-0.544556,0.504944,80.4786,91.2604,0
2.7400,927866,-0.494202,0.451965,-0.544617,0.504944,80.4744,91.2573,0
2.7500,927876,-0.494202,0.451904,-0.544617,0.504883,80.4699,91.2538,0
2.7600,927886,-0.494202,0.452026,-0.544556,0.504944,80.4609,91.2398,0
2.7700,927896,-0.494202,0.451965,-0.544617,0.504883,80.4528,91.2337,0
2.7800,927906,-0.494202,0.451965,-0.544617,0.504883,80.4476,91.2319,0
2.7900,927916,-0.494202,0.451965,-0.544617,0.504822,80.4444,91.2333,0
2.8000,927926,-0.494202,0.451965,-0.544678,0.504822,80.4390,91.2340,0
2.8100,927936,-0.494202,0.452026,-0.544556,0.504822,80.4340,91.2192,0
2.8200,927946,-0.494202,0.452148,-0.544434,0.504883,80.4406,91.2069,0
2.8300,927956,-0.494263,0.452148,-0.544312,0.504944,80.4420,91.2101,0
2.8400,927966,-0.494263,0.452148,-0.544373,0.504883,80.4405,91.2125,0
2.8500,927976,-0.494263,0.452148,-0.544373,0.504883,80.4402,91.2059,0
2.8600,927986,-0.494263,0.452148,-0.544373,0.504883,80.4393,91.1913,0
2.8700,927996,-0.494263,0.452209,-0.544312,0.504883,80.4385,91.1888,0
2.8800,928006,-0.494263,0.452209,-0.544373,0.504822,80.4400,91.1917,0
2.8900,928016,-0.494263,0.452209,-0.544373,0.504822,80.4397,91.1956,0
2.9000,928026,-0.494263,0.452209,-0.544373,0.504822,80.4371,91.1970,0
2.9100,928036,-0.494263,0.452209,-0.544434,0.504822,80.4352,91.1983,0
2.9200,928046,-0.494263,0.452209,-0.544434,0.504761,80.4334,91.2001,0
2.9300,928056,-0.494263,0.452209,-0.544434,0.504761,80.4316,91.1924,0
2.9400,928066,-0.494202,0.452271,-0.544373,0.504822,80.4318,91.1803,0
2.9500,928076,-0.494202,0.452271,-0.544434,0.504822,80.4337,91.1759,0
2.9600,928086,-0.494263,0.452271,-0.544434,0.504761,80.4361,91.1824,0
2.9700,928096,-0.494263,0.452271,-0.544495,0.504700,80.4348,91.1868,0
2.9800,928106,-0.494141,0.452393,-0.544128,0.505005,80.4544,91.1393,0
2.9900,928116,-0.494568,0.452454,-0.543396,0.505371,80.5301,91.1055,0
3.0000,928126,-0.495728,0.452271,-0.542358,0.505554,80.6733,91.1200,0
3.0100,928136,-0.496033,0.451904,-0.542114,0.505798,80.7184,91.1314,0
3.0200,928146,-0.496216,0.451599,-0.542053,0.505981,80.7428,91.1398,0
3.0300,928156,-0.496277,0.451599,-0.541992,0.505981,80.7321,91.1348,0
3.0400,928166,-0.496277,0.451599,-0.541992,0.505981,80.7160,91.1288,0
3.0500,928176,-0.496277,0.451599,-0.541992,0.505981,80.7026,91.1255,0
3.0600,928186,-0.496277,0.451599,-0.541992,0.505981,80.6903,91.1205,0
3.0700,928196,-0.496277,0.451538,-0.541992,0.506042,80.6805,91.1158,0
3.0800,928206,-0.496338,0.451538,-0.541931,0.506042,80.6730,91.1138,0
3.0900,928216,-0.496338,0.451477,-0.541931,0.506104,80.6664,91.1165,0
3.1000,928226,-0.496338,0.451416,-0.541870,0.506165,80.6548,91.1180,0
3.1100,928236,-0.496338,0.451416,-0.541931,0.506165,80.6432,91.1200,0
3.1200,928246,-0.496338,0.451416,-0.541931,0.506104,80.6298,91.1141,0
3.1300,928256,-0.496399,0.451416,-0.541931,0.506104,80.6152,91.0967,0
3.1400,928266,-0.496399,0.451538,-0.541870,0.506104,80.6032,91.0902,0
3.1500,928276,-0.496399,0.451477,-0.541931,0.506104,80.5918,91.0948,0
3.1600,928286,-0.496338,0.451416,-0.541992,0.506042,80.5816,91.0991,0
3.1700,928296,-0.496399,0.451355,-0.541992,0.506042,80.5724,91.0967,0
3.1800,928306,-0.496338,0.451538,-0.541931,0.506042,80.5626,91.0766,0
3.1900,928316,-0.496338,0.451538,-0.541931,0.506042,80.5538,91.0735,0
3.2000,928326,-0.496399,0.451477,-0.541931,0.506042,80.5490,91.0771,0
3.2100,928336,-0.496338,0.451477,-0.541992,0.506042,80.5409,91.0811,0
3.2200,928346,-0.496338,0.451477,-0.541992,0.506042,80.5326,91.0826,0
3.2300,928356,-0.496338,0.451416,-0.542053,0.506042,80.5241,91.0845,0
3.2400,928366,-0.496338,0.451416,-0.542053,0.506042,80.5161,91.0828,0
3.2500,928376,-0.496277,0.451538,-0.541931,0.506042,80.5090,91.0616,0
3.2600,928386,-0.496277,0.451660,-0.541809,0.506104,80.5114,91.0427,0
3.2700,928396,-0.496277,0.451721,-0.541809,0.506104,80.5124,91.0397,0
3.2800,928406,-0.496277,0.451660,-0.541809,0.506104,80.5111,91.0378,0
3.2900,928416,-0.496277,0.451721,-0.541809,0.506104,80.5092,91.0351,0
3.3000,928426,-0.496216,0.451721,-0.541748,0.506165,80.5097,91.0301,0
3.3100,928436,-0.496216,0.451721,-0.541748,0.506165,80.5097,91.0348,0
3.3200,928446,-0.496216,0.451721,-0.541748,0.506104,80.5085,91.0399,0
3.3300,928456,-0.496216,0.451721,-0.541809,0.506165,80.5079,91.0448,0
3.3400,928466,-0.496216,0.451782,-0.541687,0.506165,80.5121,91.0381,0
3.3500,928476,-0.496216,0.451782,-0.541626,0.506287,80.5232,91.0329,0
3.3600,928486,-0.496216,0.451721,-0.541565,0.506409,80.5272,91.0328,0
3.3700,928496,-0.496216,0.451660,-0.541565,0.506409,80.5366,91.0101,0
3.3800,928506,-0.496216,0.451782,-0.541321,0.506531,80.5496,90.9946,0
3.3900,928516,-0.496155,0.451843,-0.541199,0.506714,80.5655,90.9858,0
3.4000,928526,-0.496155,0.451843,-0.540955,0.506958,80.5735,90.9846,0
3.4100,928536,-0.496155,0.451843,-0.540833,0.507080,80.5799,90.9841,0
3.4200,928546,-0.496155,0.451904,-0.540710,0.507202,80.5981,90.9742,0
3.4300,928556,-0.496094,0.451904,-0.540405,0.507568,80.6283,90.9494,0
3.4400,928566,-0.496094,0.452026,-0.539978,0.507935,80.6709,90.9171,0
3.4500,928576,-0.496094,0.452148,-0.539429,0.508423,80.7270,90.8735,0
3.4600,928586,-0.496094,0.452393,-0.538635,0.509033,80.8019,90.8097,0
3.4700,928596,-0.495972,0.452820,-0.537537,0.509888,80.8960,90.7036,0
3.4800,928606,-0.495667,0.453369,-0.536316,0.510986,80.9989,90.5753,0
3.4900,928616,-0.495361,0.453918,-0.535217,0.511963,81.0833,90.4788,0
3.5000,928626,-0.495056,0.454407,-0.534424,0.512634,81.1453,90.4288,0
3.5100,928636,-0.495056,0.454529,-0.534180,0.512817,81.1754,90.4753,0
3.5200,928646,-0.494995,0.454529,-0.534180,0.512878,81.1932,90.5397,0
3.5300,928656,-0.494934,0.454590,-0.534119,0.512939,81.2072,90.5979,0
3.5400,928666,-0.494812,0.454712,-0.533997,0.513000,81.2237,90.6473,0
3.5500,928676,-0.494690,0.454895,-0.533813,0.513184,81.2497,90.6808,0
3.5600,928686,-0.494385,0.455322,-0.533447,0.513489,81.2771,90.6774,0
3.5700,928696,-0.493774,0.456055,-0.532959,0.513977,81.2927,90.6312,0
3.5800,928706,-0.492920,0.456970,-0.532410,0.514465,81.2999,90.5670,0
3.5900,928716,-0.491821,0.458313,-0.531738,0.515076,81.3032,90.4655,0
3.6000,928726,-0.490601,0.459900,-0.530884,0.515747,81.2949,90.4088,0
3.6100,928736,-0.489624,0.461243,-0.530334,0.516052,81.3313,90.4174,0
3.6200,928746,-0.489014,0.462097,-0.529846,0.516296,81.3857,90.4187,0
3.6300,928756,-0.488464,0.462952,-0.529236,0.516663,81.4534,90.4049,0
3.6400,928766,-0.487915,0.463928,-0.528503,0.517090,81.5123,90.2853,0
3.6500,928776,-0.486877,0.465698,-0.527161,0.517883,81.5855,90.0401,0
3.6600,928786,-0.483337,0.471130,-0.522827,0.520691,81.6936,89.7661,0
3.6700,928796,-0.481140,0.473877,-0.520569,0.522461,81.8118,89.5022,0
3.6800,928806,-0.478882,0.476562,-0.518494,0.524170,81.9359,89.2940,0
3.6900,928816,-0.476440,0.479248,-0.516541,0.525879,82.0640,89.1118,0
3.7000,928826,-0.473633,0.482239,-0.514160,0.528015,82.2246,88.8831,0
3.7100,928836,-0.470520,0.485413,-0.511169,0.530762,82.4597,88.6077,0
3.7200,928846,-0.468323,0.487671,-0.508789,0.532837,82.7287,88.5400,0
3.7300,928856,-0.466980,0.489136,-0.507385,0.534058,82.9792,88.6932,0
3.7400,928866,-0.465698,0.490540,-0.506042,0.535156,83.2346,88.8639,0
3.7500,928876,-0.463806,0.492432,-0.503906,0.537048,83.5335,88.8969,0
3.7600,928886,-0.461243,0.494812,-0.500854,0.539917,83.8902,88.7910,0
3.7700,928896,-0.458862,0.497192,-0.498108,0.542297,84.2234,88.7701,0
3.7800,928906,-0.456543,0.499512,-0.495972,0.544128,84.5098,88.8506,0
3.7900,928916,-0.453857,0.502258,-0.493774,0.545898,84.7575,88.8999,0
3.8000,928926,-0.450562,0.505676,-0.491394,0.547607,85.0010,88.9297,0
3.8100,928936,-0.446716,0.509583,-0.488831,0.549377,85.2274,88.9136,0
3.8200,928946,-0.443481,0.512878,-0.486328,0.551147,85.5225,88.9826,0
3.8300,928956,-0.441406,0.515076,-0.484192,0.552673,85.9127,89.2492,0
3.8400,928966,-0.439453,0.516968,-0.482056,0.554321,86.3374,89.5072,0
3.8500,928976,-0.437256,0.519043,-0.479736,0.556152,86.7700,89.7429,0
3.8600,928986,-0.434937,0.521118,-0.477234,0.558105,87.1937,89.9479,0
3.8700,928996,-0.432312,0.523437,-0.474670,0.560181,87.6083,90.1353,0
3.8800,929006,-0.429382,0.525879,-0.472046,0.562378,88.0352,90.3378,0
3.8900,929016,-0.426453,0.528381,-0.469360,0.564514,88.4849,90.5532,0
3.9000,929026,-0.423523,0.530823,-0.466553,0.566772,88.9892,90.7285,0
3.9100,929036,-0.420471,0.533325,-0.463196,0.569397,89.6001,90.8974,0
3.9200,929046,-0.414673,0.537781,-0.455444,0.575745,90.1875,91.0898,0
3.9300,929056,-0.411194,0.540588,-0.451904,0.578308,90.6803,91.2898,0
3.9400,929066,-0.407959,0.543335,-0.448669,0.580566,91.1590,91.5626,0
3.9500,929076,-0.404846,0.545898,-0.445679,0.582642,91.6408,91.8875,0
3.9600,929086,-0.401245,0.548828,-0.442261,0.585022,92.1283,92.1516,0
3.9700,929096,-0.397156,0.552063,-0.438354,0.587646,92.6354,92.3451,0
3.9800,929106,-0.394165,0.554321,-0.435364,0.589783,93.1716,92.7595,0
3.9900,929116,-0.391174,0.556458,-0.432739,0.591675,93.6848,93.2241,0
4.0000,929126,-0.387756,0.558777,-0.429810,0.593872,94.1964,93.6256,0
4.0100,929136,-0.383972,0.561401,-0.426575,0.596191,94.7085,93.9809,0
4.0200,929146,-0.380859,0.563660,-0.423706,0.598083,95.2423,94.4452,0
4.0300,929156,-0.378174,0.565674,-0.421082,0.599731,95.7821,94.9891,0
4.0400,929166,-0.375183,0.567932,-0.418091,0.601562,96.3233,95.4686,0
4.0500,929176,-0.372498,0.569946,-0.415588,0.603027,96.8498,96.0269,0
4.0600,929186,-0.370483,0.571716,-0.413452,0.604126,97.3748,96.6675,0
4.0700,929196,-0.368713,0.573364,-0.411438,0.605042,97.9229,97.3513,0
4.0800,929206,-0.366943,0.575012,-0.409180,0.606018,98.4816,97.9984,0
4.0900,929216,-0.364746,0.576965,-0.406738,0.607178,99.0194,98.5750,0
4.1000,929226,-0.362366,0.578979,-0.404114,0.608459,99.5524,99.1119,0
4.1100,929236,-0.360107,0.580872,-0.401733,0.609497,100.0686,99.6787,0
4.1200,929246,-0.358276,0.582397,-0.399597,0.610535,100.6157,100.2921,0
4.1300,929256,-0.356506,0.583923,-0.397400,0.611572,101.1623,100.9226,0
4.1400,929266,-0.354858,0.585144,-0.395386,0.612671,101.6931,101.6237,0
4.1500,929276,-0.353638,0.585937,-0.393860,0.613586,102.1899,102.3846,0
4.1600,929286,-0.352722,0.586365,-0.392944,0.614258,102.6557,103.1820,0
4.1700,929296,-0.352112,0.586548,-0.392456,0.614746,103.0774,104.0210,0
4.1800,929306,-0.351563,0.586426,-0.392761,0.615051,103.4680,104.8442,0
4.1900,929316,-0.351501,0.586243,-0.393127,0.614990,103.8479,105.6559,0
4.2000,929326,-0.351868,0.585571,-0.394165,0.614807,104.1925,106.5207,0
4.2100,929336,-0.354187,0.583191,-0.397095,0.613770,104.5221,107.6941,0
4.2200,929346,-0.356079,0.581543,-0.399353,0.612793,104.7992,108.6807,0
4.2300,929356,-0.357788,0.580139,-0.401367,0.611816,105.0479,109.5715,0
4.2400,929366,-0.359619,0.578613,-0.403564,0.610718,105.2594,110.4247,0
4.2500,929376,-0.361267,0.577332,-0.405396,0.609741,105.4429,111.1680,0
4.2600,929386,-0.362793,0.576111,-0.407227,0.608826,105.6022,111.8454,0
4.2700,929396,-0.364685,0.574707,-0.409180,0.607727,105.7437,112.5226,0
4.2800,929406,-0.366638,0.573364,-0.411072,0.606506,105.8582,113.1472,0
4.2900,929416,-0.368591,0.572021,-0.413025,0.605225,105.9493,113.7271,0
4.3000,929426,-0.370667,0.570618,-0.415039,0.603943,106.0165,114.2812,0
4.3100,929436,-0.373169,0.568970,-0.417358,0.602356,106.0726,114.8658,0
4.3200,929446,-0.376404,0.566833,-0.420105,0.600464,106.0817,115.4784,0
4.3300,929456,-0.380188,0.564148,-0.423279,0.598328,106.0693,116.1076,0
4.3400,929466,-0.383484,0.561768,-0.426270,0.596436,106.0081,116.6005,0
4.3500,929476,-0.386353,0.559631,-0.428894,0.594666,105.9176,116.9839,0
4.3600,929486,-0.389160,0.557617,-0.431458,0.592896,105.8043,117.2999,0
4.3700,929496,-0.391785,0.555603,-0.433899,0.591248,105.6699,117.5532,0
4.3800,929506,-0.394287,0.553650,-0.436279,0.589600,105.5124,117.7711,0
4.3900,929516,-0.396790,0.551575,-0.438843,0.588013,105.3390,117.9787,0
4.4000,929526,-0.399414,0.549377,-0.441528,0.586304,105.1485,118.1735,0
4.4100,929536,-0.402161,0.546997,-0.444275,0.584534,104.9347,118.3352,0
4.4200,929546,-0.404907,0.544678,-0.447021,0.582703,104.6993,118.4531,0
4.4300,929556,-0.407593,0.542358,-0.449768,0.580872,104.4534,118.5151,0
4.4400,929566,-0.412903,0.537720,-0.455078,0.577332,104.1983,118.5863,0
4.4500,929576,-0.416138,0.534851,-0.458191,0.575195,103.9324,118.7053,0
4.4600,929586,-0.419678,0.531677,-0.461487,0.572876,103.6519,118.8445,0
4.4700,929596,-0.423401,0.528320,-0.464966,0.570435,103.3515,118.9779,0
4.4800,929606,-0.427185,0.525024,-0.468506,0.567810,103.0184,119.0838,0
4.4900,929616,-0.430786,0.521790,-0.471863,0.565247,102.6635,119.1210,0
4.5000,929626,-0.433838,0.518982,-0.474731,0.563049,102.2859,119.0223,0
4.5100,929636,-0.436523,0.516541,-0.477295,0.561096,101.9016,118.8221,0
4.5200,929646,-0.438782,0.514465,-0.479431,0.559448,101.5110,118.5280,0
4.5300,929656,-0.440613,0.512695,-0.481201,0.558105,101.1164,118.1510,0
4.5400,929666,-0.442383,0.510986,-0.482971,0.556702,100.7174,117.7657,0
4.5500,929676,-0.444214,0.509155,-0.484924,0.555237,100.3135,117.4112,0
4.5600,929686,-0.446167,0.507446,-0.486694,0.553650,99.9076,117.0445,0
4.5700,929696,-0.447815,0.505920,-0.488403,0.552246,99.4995,116.6446,0
4.5800,929706,-0.449341,0.504517,-0.489929,0.550964,99.0782,116.1967,0
4.5900,929716,-0.450928,0.503052,-0.491516,0.549622,98.6609,115.7661,0
4.6000,929726,-0.452759,0.501404,-0.493164,0.548096,98.2461,115.3713,0
4.6100,929736,-0.454712,0.499573,-0.495117,0.546387,97.8194,115.0242,0
4.6200,929746,-0.456909,0.497437,-0.497375,0.544373,97.3825,114.7274,0
4.6300,929756,-0.459534,0.495056,-0.499756,0.542175,96.9623,114.5367,0
4.6400,929766,-0.462402,0.492310,-0.502441,0.539734,96.5430,114.3526,0
4.6500,929776,-0.465515,0.489319,-0.505127,0.537292,96.1284,114.0884,0
4.6600,929786,-0.468323,0.486511,-0.507568,0.535156,95.7085,113.6632,0
4.6700,929796,-0.470337,0.484375,-0.509338,0.533630,95.2893,113.1432,0
4.6800,929806,-0.471924,0.482727,-0.510620,0.532471,94.8748,112.6241,0
4.6900,929816,-0.473389,0.481140,-0.511902,0.531372,94.4636,112.0864,0
4.7000,929826,-0.476135,0.478210,-0.514221,0.529297,94.0604,111.5677,0
4.7100,929836,-0.477417,0.476868,-0.515320,0.528320,93.6618,111.0446,0
4.7200,929846,-0.478638,0.475525,-0.516357,0.527405,93.2671,110.5238,0
4.7300,929856,-0.480225,0.473816,-0.517761,0.526123,92.8770,110.0943,0
4.7400,929866,-0.482605,0.471130,-0.519958,0.524170,92.4898,109.8369,0
4.7500,929876,-0.485718,0.467651,-0.522827,0.521606,92.0947,109.7310,0
4.7600,929886,-0.488953,0.463867,-0.525879,0.518860,91.6794,109.6322,0
4.7700,929896,-0.491455,0.460876,-0.528320,0.516602,91.2450,109.3660,0
4.7800,929906,-0.492676,0.459534,-0.529419,0.515564,90.8084,108.7960,0
4.7900,929916,-0.492981,0.459167,-0.529724,0.515320,90.3817,108.0453,0
4.8000,929926,-0.493042,0.459106,-0.529785,0.515198,89.9708,107.2841,0
4.8100,929936,-0.493042,0.458923,-0.529968,0.515198,89.5816,106.5645,0
4.8200,929946,-0.493042,0.458618,-0.530212,0.515137,89.2100,105.8993,0
4.8300,929956,-0.493103,0.458557,-0.530273,0.515137,88.8575,105.2374,0
4.8400,929966,-0.493164,0.458496,-0.530396,0.515076,88.5166,104.6117,0
4.8500,929976,-0.493225,0.458252,-0.530518,0.514954,88.1884,104.0307,0
4.8600,929986,-0.493591,0.457886,-0.530884,0.514648,87.8776,103.5230,0
4.8700,929996,-0.493958,0.457458,-0.531250,0.514282,87.5822,103.0407,0
4.8800,930006,-0.494202,0.457275,-0.531433,0.514099,87.2987,102.5408,0
4.8900,930016,-0.494324,0.457153,-0.531555,0.513977,87.0255,102.0398,0
4.9000,930026,-0.494385,0.457031,-0.531616,0.513916,86.7673,101.5561,0
4.9100,930036,-0.494446,0.456970,-0.531677,0.513855,86.5201,101.0930,0
4.9200,930046,-0.494446,0.456970,-0.531677,0.513855,86.2841,100.6531,0
4.9300,930056,-0.494446,0.456970,-0.531677,0.513855,86.0594,100.2369,0
4.9400,930066,-0.494507,0.456909,-0.531677,0.513794,85.8446,99.8420,0
4.9500,930076,-0.494507,0.456909,-0.531738,0.513733,85.6399,99.4876,0
4.9600,930086,-0.494995,0.456421,-0.532166,0.513306,85.4453,99.1876,0
4.9700,930096,-0.495239,0.456177,-0.532410,0.513062,85.2566,98.8793,0
4.9800,930106,-0.495361,0.455994,-0.532532,0.512939,85.0750,98.5625,0
4.9900,930116,-0.495422,0.455933,-0.532593,0.512878,84.9000,98.2437,0
5.0000,930126,-0.495483,0.455933,-0.532593,0.512878,84.7331,97.9302,0
5.0100,930136,-0.495483,0.455933,-0.532593,0.512817,84.5752,97.6276,0
5.0200,930146,-0.495483,0.455933,-0.532593,0.512817,84.4269,97.3377,0
5.0300,930156,-0.495483,0.455994,-0.532532,0.512817,84.2867,97.0600,0
5.0400,930166,-0.495483,0.456055,-0.532471,0.512817,84.1578,96.7926,0
5.0500,930176,-0.495422,0.456238,-0.532288,0.512878,84.0365,96.5308,0
5.0600,930186,-0.495422,0.456421,-0.532104,0.512939,83.9206,96.2739,0
5.0700,930196,-0.495300,0.456726,-0.531860,0.513062,83.8114,96.0138,0
5.0800,930206,-0.495056,0.457153,-0.531494,0.513306,83.7077,95.7432,0
5.0900,930216,-0.494629,0.457581,-0.531189,0.513550,83.6048,95.4816,0
5.1000,930226,-0.494202,0.458069,-0.530884,0.513855,83.5128,95.2370,0
5.1100,930236,-0.493713,0.458679,-0.530518,0.514221,83.4311,94.9932,0
5.1200,930246,-0.492981,0.459473,-0.530029,0.514709,83.3550,94.7279,0
5.1300,930256,-0.492432,0.460205,-0.529480,0.515137,83.2931,94.4959,0
5.1400,930266,-0.491760,0.461060,-0.528870,0.515625,83.2462,94.2704,0
5.1500,930276,-0.490967,0.462219,-0.528015,0.516235,83.2069,94.0121,0
5.1600,930286,-0.490051,0.463623,-0.526978,0.516907,83.1829,93.6488,0
5.1700,930296,-0.488770,0.465576,-0.525452,0.517944,83.1772,93.2013,0
5.1800,930306,-0.486877,0.468140,-0.523437,0.519470,83.1915,92.7368,0
5.1900,930316,-0.484619,0.470947,-0.521179,0.521240,83.2291,92.2909,0
5.2000,930326,-0.482117,0.473816,-0.518921,0.523193,83.3016,91.9220,0
5.2100,930336,-0.479797,0.476440,-0.516785,0.525146,83.4043,91.6629,0
5.2200,930346,-0.475647,0.481018,-0.512939,0.528503,83.5112,91.4243,0
5.2300,930356,-0.473083,0.483765,-0.510742,0.530457,83.6273,91.1455,0
5.2400,930366,-0.470093,0.486816,-0.508362,0.532532,83.7510,90.8482,0
5.2500,930376,-0.467712,0.489380,-0.506104,0.534363,83.9250,90.6715,0
5.2600,930386,-0.466553,0.490784,-0.504944,0.535217,84.1141,90.7756,0
5.2700,930396,-0.465942,0.491638,-0.504272,0.535645,84.3072,90.9829,0
5.2800,930406,-0.465027,0.492737,-0.503418,0.536255,84.4935,91.1488,0
5.2900,930416,-0.463867,0.494019,-0.502380,0.536987,84.6765,91.2689,0
5.3000,930426,-0.462463,0.495544,-0.501160,0.537964,84.8599,91.3464,0
5.3100,930436,-0.460693,0.497314,-0.499756,0.539185,85.0463,91.3792,0
5.3200,930446,-0.458618,0.499329,-0.498169,0.540527,85.2358,91.3768,0
5.3300,930456,-0.456177,0.501648,-0.496399,0.542114,85.4186,91.3373,0
5.3400,930466,-0.453979,0.503723,-0.494507,0.543762,85.6588,91.3430,0
5.3500,930476,-0.452393,0.505188,-0.492798,0.545166,85.9442,91.4520,0
5.3600,930486,-0.450989,0.506531,-0.491272,0.546509,86.2498,91.6183,0
5.3700,930496,-0.449280,0.508118,-0.489624,0.547913,86.5388,91.7667,0
5.3800,930506,-0.447083,0.510254,-0.487793,0.549377,86.8063,91.8598,0
5.3900,930516,-0.444275,0.512878,-0.485657,0.551147,87.0630,91.8783,0
5.4000,930526,-0.441528,0.515320,-0.483276,0.553101,87.3674,91.8985,0
5.4100,930536,-0.439697,0.517090,-0.481323,0.554626,87.6726,92.2152,0
5.4200,930546,-0.438477,0.518372,-0.480164,0.555359,87.9781,92.4914,0
5.4300,930556,-0.437012,0.519836,-0.478821,0.556335,88.3044,92.6597,0
5.4400,930566,-0.435059,0.521667,-0.476868,0.557861,88.6739,92.7507,0
5.4500,930576,-0.432739,0.523743,-0.474365,0.559875,89.0553,92.8729,0
5.4600,930586,-0.430481,0.525696,-0.471863,0.561890,89.4187,93.0613,0
5.4700,930596,-0.428345,0.527588,-0.469666,0.563538,89.7731,93.3586,0
5.4800,930606,-0.425476,0.530396,-0.466492,0.565735,90.1247,93.7118,0
5.4900,930616,-0.424011,0.531677,-0.464905,0.566895,90.4786,94.0315,0
5.5000,930626,-0.422302,0.533203,-0.463196,0.568176,90.8258,94.3171,0
5.5100,930636,-0.420471,0.534790,-0.461426,0.569458,91.1708,94.5880,0
5.5200,930646,-0.418701,0.536255,-0.459534,0.570862,91.5328,94.8630,0
5.5300,930656,-0.417053,0.537720,-0.457703,0.572205,91.9013,95.1536,0
5.5400,930666,-0.415100,0.539246,-0.455811,0.573730,92.2577,95.4140,0
5.5500,930676,-0.412903,0.541016,-0.453735,0.575317,92.6128,95.6429,0
5.5600,930686,-0.410828,0.542725,-0.451538,0.576843,92.9863,95.8929,0
5.5700,930696,-0.408997,0.544250,-0.449463,0.578369,93.3706,96.1753,0
5.5800,930706,-0.407227,0.545715,-0.447510,0.579773,93.7557,96.4736,0
5.5900,930716,-0.405273,0.547363,-0.445557,0.581055,94.1160,96.7716,0
5.6000,930726,-0.402954,0.549255,-0.443237,0.582642,94.4748,97.0077,0
5.6100,930736,-0.401062,0.550842,-0.441162,0.584045,94.8571,97.3101,0
5.6200,930746,-0.399353,0.552246,-0.439636,0.585022,95.2183,97.7087,0
5.6300,930756,-0.397522,0.553894,-0.438171,0.585815,95.5431,98.0869,0
5.6400,930766,-0.396423,0.554932,-0.436890,0.586548,95.9055,98.5469,0
5.6500,930776,-0.395569,0.555725,-0.435852,0.587158,96.2813,99.0419,0
5.6600,930786,-0.394714,0.556458,-0.434631,0.587952,96.6663,99.5074,0
5.6700,930796,-0.393677,0.557251,-0.433044,0.589050,97.0695,99.9147,0
5.6800,930806,-0.392639,0.557983,-0.431458,0.590210,97.4770,100.2856,0
5.6900,930816,-0.391479,0.558838,-0.429687,0.591431,97.8631,100.6232,0
5.7000,930826,-0.390076,0.559875,-0.427917,0.592651,98.2057,100.9894,0
5.7100,930836,-0.388672,0.560913,-0.426514,0.593628,98.5293,101.4012,0
5.7200,930846,-0.387512,0.561829,-0.425415,0.594360,98.8430,101.8487,0
5.7300,930856,-0.386597,0.562500,-0.424561,0.594849,99.1556,102.3394,0
5.7400,930866,-0.385681,0.563171,-0.423706,0.595398,99.4551,102.8693,0
5.7500,930876,-0.385498,0.563293,-0.423645,0.595520,99.7398,103.4001,0
5.7600,930886,-0.385437,0.563293,-0.423645,0.595581,100.0085,103.9238,0
5.7700,930896,-0.385437,0.563293,-0.423645,0.595520,100.2613,104.4369,0
5.7800,930906,-0.385498,0.563293,-0.423706,0.595459,100.4998,104.9302,0
5.7900,930916,-0.385498,0.563232,-0.423828,0.595398,100.7220,105.4024,0
5.8000,930926,-0.385498,0.563171,-0.424011,0.595337,100.9331,105.8534,0
5.8100,930936,-0.385559,0.563049,-0.424133,0.595337,101.1348,106.2818,0
5.8200,930946,-0.385620,0.562988,-0.424255,0.595276,101.3282,106.6870,0
5.8300,930956,-0.385681,0.562866,-0.424377,0.595276,101.5094,107.0730,0
5.8400,930966,-0.385742,0.562744,-0.424561,0.595215,101.6786,107.4474,0
5.8500,930976,-0.385803,0.562561,-0.424866,0.595154,101.8332,107.8120,0
5.8600,930986,-0.385864,0.562317,-0.425232,0.595032,101.9789,108.1655,0
5.8700,930996,-0.386108,0.562073,-0.425659,0.594849,102.1113,108.5184,0
5.8800,931006,-0.386902,0.561279,-0.426697,0.594360,102.2162,108.9511,0
5.8900,931016,-0.388489,0.559998,-0.428162,0.593445,102.3172,109.4683,0
5.9000,931026,-0.390198,0.558594,-0.429810,0.592407,102.4004,109.9727,0
5.9100,931036,-0.392395,0.556885,-0.431702,0.591187,102.4659,110.5021,0
5.9200,931046,-0.394531,0.555237,-0.433594,0.590027,102.5088,110.9629,0
5.9300,931056,-0.396729,0.553406,-0.435608,0.588745,102.5227,111.4133,0
5.9400,931066,-0.399109,0.551453,-0.437744,0.587341,102.5154,111.8117,0
5.9500,931076,-0.401245,0.549622,-0.439697,0.586121,102.4842,112.1589,0
5.9600,931086,-0.403320,0.547913,-0.441650,0.584900,102.4305,112.4535,0
5.9700,931096,-0.405273,0.546204,-0.443481,0.583679,102.3567,112.6618,0
5.9800,931106,-0.406921,0.544739,-0.445129,0.582642,102.2633,112.8015,0
5.9900,931116,-0.408264,0.543518,-0.446594,0.581787,102.1573,112.8778,0
6.0000,931126,-0.410583,0.541382,-0.449097,0.580261,102.0500,112.9516,0
6.0100,931136,-0.411987,0.540100,-0.450500,0.579285,101.9390,113.0518,0
6.0200,931146,-0.413391,0.538696,-0.452087,0.578369,101.8134,113.1434,0
6.0300,931156,-0.414917,0.537354,-0.453613,0.577332,101.6778,113.2184,0
6.0400,931166,-0.416504,0.535950,-0.455261,0.576172,101.5326,113.2971,0
6.0500,931176,-0.418213,0.534485,-0.456970,0.574951,101.3784,113.3759,0
6.0600,931186,-0.419922,0.533020,-0.458618,0.573792,101.2132,113.4248,0
6.0700,931196,-0.421448,0.531677,-0.460144,0.572693,101.0383,113.4326,0
6.0800,931206,-0.422974,0.530334,-0.461670,0.571594,100.8588,113.4173,0
6.0900,931216,-0.424438,0.528992,-0.463135,0.570557,100.6781,113.3807,0
6.1000,931226,-0.425781,0.527771,-0.464417,0.569641,100.4907,113.3072,0
6.1100,931236,-0.426819,0.526794,-0.465515,0.568848,100.3016,113.1709,0
6.1200,931246,-0.427673,0.525940,-0.466431,0.568237,100.1114,112.9966,0
6.1300,931256,-0.428528,0.525146,-0.467346,0.567627,99.9201,112.8169,0
6.1400,931266,-0.429382,0.524292,-0.468262,0.566956,99.7153,112.6351,0
6.1500,931276,-0.430420,0.523315,-0.469360,0.566223,99.5094,112.4802,0
6.1600,931286,-0.431641,0.522156,-0.470581,0.565308,99.3031,112.3650,0
6.1700,931296,-0.432983,0.520935,-0.471985,0.564270,99.0880,112.2614,0
6.1800,931306,-0.434387,0.519653,-0.473328,0.563232,98.8727,112.1576,0
6.1900,931316,-0.435669,0.518372,-0.474670,0.562256,98.6563,112.0358,0
6.2000,931326,-0.436951,0.517212,-0.475952,0.561279,98.4376,111.8921,0
6.2100,931336,-0.438232,0.516052,-0.477234,0.560303,98.2173,111.7390,0
6.2200,931346,-0.439453,0.514893,-0.478455,0.559326,97.9938,111.5650,0
6.2300,931356,-0.440613,0.513794,-0.479614,0.558472,97.7684,111.3925,0
6.2400,931366,-0.441772,0.512695,-0.480774,0.557495,97.5417,111.2150,0
6.2500,931376,-0.442932,0.511597,-0.481934,0.556580,97.3114,111.0403,0
6.2600,931386,-0.445312,0.509277,-0.484314,0.554687,97.0770,110.8620,0
6.2700,931396,-0.446533,0.508179,-0.485535,0.553772,96.8408,110.6800,0
6.2800,931406,-0.447815,0.506897,-0.486816,0.552734,96.6062,110.5148,0
6.2900,931416,-0.449097,0.505676,-0.488098,0.551697,96.3700,110.3489,0
6.3000,931426,-0.450500,0.504333,-0.489441,0.550537,96.1326,110.1929,0
6.3100,931436,-0.452026,0.502930,-0.490906,0.549316,95.8907,110.0517,0
6.3200,931446,-0.453674,0.501343,-0.492432,0.548035,95.6500,109.9292,0
6.3300,931456,-0.455322,0.499756,-0.493896,0.546814,95.4074,109.7882,0
6.3400,931466,-0.456787,0.498352,-0.495239,0.545715,95.1577,109.6013,0
6.3500,931476,-0.457947,0.497192,-0.496338,0.544800,94.9038,109.3584,0
6.3600,931486,-0.458923,0.496216,-0.497192,0.544067,94.6520,109.0767,0
6.3700,931496,-0.459778,0.495300,-0.498047,0.543335,94.4047,108.7873,0
6.3800,931506,-0.460754,0.494324,-0.498901,0.542603,94.1597,108.5089,0
6.3900,931516,-0.461731,0.493347,-0.499878,0.541809,93.9127,108.2462,0
6.4000,931526,-0.462708,0.492371,-0.500854,0.540894,93.6562,107.9818,0
6.4100,931536,-0.463806,0.491272,-0.501892,0.539978,93.3988,107.7360,0
6.4200,931546,-0.465027,0.490112,-0.503113,0.538940,93.1387,107.5150,0
6.4300,931556,-0.466309,0.488831,-0.504333,0.537842,92.8809,107.3120,0
6.4400,931566,-0.467590,0.487549,-0.505493,0.536743,92.6240,107.0960,0
6.4500,931576,-0.468689,0.486450,-0.506470,0.535889,92.3755,106.8346,0
6.4600,931586,-0.469482,0.485718,-0.507141,0.535278,92.1285,106.4608,0
6.4700,931596,-0.469971,0.485229,-0.507568,0.534851,91.8883,106.0485,0
6.4800,931606,-0.470154,0.485046,-0.507751,0.534668,91.6607,105.6241,0
6.4900,931616,-0.470215,0.484985,-0.507812,0.534607,91.4427,105.2092,0
6.5000,931626,-0.470215,0.484985,-0.507812,0.534607,91.2362,104.8131,0
6.5100,931636,-0.470215,0.484985,-0.507812,0.534607,91.0424,104.4369,0
6.5200,931646,-0.470276,0.484985,-0.507812,0.534607,90.8570,104.0801,0
6.5300,931656,-0.470276,0.484985,-0.507812,0.534546,90.6804,103.7423,0
6.5400,931666,-0.470276,0.484985,-0.507812,0.534546,90.5102,103.4226,0
6.5500,931676,-0.470276,0.484985,-0.507812,0.534546,90.3468,103.1218,0
6.5600,931686,-0.470276,0.484985,-0.507874,0.534485,90.1891,102.8385,0
6.5700,931696,-0.470276,0.484924,-0.507996,0.534424,90.0382,102.5715,0
6.5800,931706,-0.470520,0.484680,-0.508301,0.534180,89.8922,102.3617,0
6.5900,931716,-0.471680,0.483582,-0.509277,0.533203,89.7547,102.3293,0
6.6000,931726,-0.472900,0.482300,-0.510437,0.532166,89.6122,102.3104,0
6.6100,931736,-0.474121,0.480957,-0.511658,0.531128,89.4565,102.2905,0
6.6200,931746,-0.475342,0.479370,-0.513184,0.530029,89.2917,102.2935,0
6.6300,931756,-0.476807,0.477783,-0.514648,0.528748,89.1231,102.2974,0
6.6400,931766,-0.478394,0.476135,-0.516052,0.527344,88.9507,102.2991,0
6.6500,931776,-0.480103,0.474487,-0.517456,0.525940,88.7718,102.2890,0
6.6600,931786,-0.481567,0.473022,-0.518677,0.524658,88.5721,102.2158,0
6.6700,931796,-0.482910,0.471802,-0.519714,0.523560,88.3686,102.0831,0
6.6800,931806,-0.484070,0.470703,-0.520691,0.522522,88.1659,101.9323,0
6.6900,931816,-0.484924,0.469849,-0.521362,0.521790,87.9679,101.7092,0
6.7000,931826,-0.485352,0.469482,-0.521729,0.521423,87.7720,101.4130,0
6.7100,931836,-0.485474,0.469299,-0.521851,0.521301,87.5810,101.0769,0
6.7200,931846,-0.485535,0.469238,-0.521912,0.521240,87.4008,100.7344,0
6.7300,931856,-0.485596,0.469177,-0.521973,0.521179,87.2302,100.4089,0
6.7400,931866,-0.485657,0.469116,-0.521973,0.521118,87.0686,100.0962,0
6.7500,931876,-0.485657,0.469116,-0.522034,0.521118,86.9146,99.7938,0
6.7600,931886,-0.485718,0.469116,-0.522034,0.521057,86.7695,99.5029,0
6.7700,931896,-0.485718,0.469116,-0.522034,0.521057,86.6316,99.2230,0
6.7800,931906,-0.485657,0.469116,-0.522034,0.521118,86.5024,98.9553,0
6.7900,931916,-0.485657,0.469177,-0.521973,0.521118,86.3791,98.6963,0
6.8000,931926,-0.485657,0.469360,-0.521790,0.521179,86.2625,98.4401,0
6.8100,931936,-0.485352,0.469910,-0.521423,0.521301,86.1396,98.1470,0
6.8200,931946,-0.484253,0.471436,-0.520569,0.521790,85.9853,97.7247,0
6.8300,931956,-0.482422,0.473389,-0.519287,0.523010,85.8634,97.2062,0
6.8400,931966,-0.480103,0.475708,-0.517517,0.524780,85.7825,96.6389,0
6.8500,931976,-0.477600,0.478210,-0.515625,0.526672,85.7301,96.0881,0
6.8600,931986,-0.474915,0.480713,-0.513733,0.528625,85.6964,95.5817,0
6.8700,931996,-0.472595,0.483154,-0.511963,0.530151,85.6835,95.1706,0
6.8800,932006,-0.470276,0.485718,-0.510254,0.531616,85.6770,94.8096,0
6.8900,932016,-0.467834,0.488403,-0.508362,0.533081,85.6906,94.4606,0
6.9000,932026,-0.465698,0.490723,-0.506653,0.534424,85.7449,94.1859,0
6.9100,932036,-0.463989,0.492554,-0.504944,0.535828,85.8693,94.0012,0
6.9200,932046,-0.462708,0.493896,-0.503418,0.537109,86.0490,93.9277,0
6.9300,932056,-0.461487,0.495117,-0.501770,0.538574,86.2657,93.8628,0
6.9400,932066,-0.460083,0.496582,-0.499756,0.540344,86.5070,93.7753,0
6.9500,932076,-0.458679,0.498413,-0.497620,0.541809,86.7289,93.6887,0
6.9600,932086,-0.457397,0.500366,-0.495728,0.542847,86.9197,93.6515,0
6.9700,932096,-0.456360,0.502197,-0.494019,0.543579,87.1003,93.6787,0
6.9800,932106,-0.455566,0.503845,-0.492493,0.544067,87.2714,93.7555,0
6.9900,932116,-0.454773,0.505615,-0.490967,0.544434,87.4553,93.8548,0
7.0000,932126,-0.454163,0.507263,-0.489563,0.544739,87.6436,93.9596,0
7.0100,932136,-0.453430,0.508667,-0.488342,0.545166,87.8379,94.0461,0
7.0200,932146,-0.452332,0.509888,-0.487183,0.545959,88.0334,94.1087,0
7.0300,932156,-0.450806,0.510925,-0.486084,0.547180,88.2281,94.1887,0
7.0400,932166,-0.448120,0.513367,-0.483765,0.549194,88.4290,94.2985,0
7.0500,932176,-0.446838,0.514954,-0.482239,0.550110,88.6374,94.3785,0
7.0600,932186,-0.445435,0.516602,-0.480591,0.551147,88.8473,94.4409,0
7.0700,932196,-0.444275,0.518188,-0.478943,0.552002,89.0690,94.5370,0
7.0800,932206,-0.443298,0.519958,-0.477234,0.552612,89.2957,94.6460,0
7.0900,932216,-0.442322,0.521851,-0.475403,0.553223,89.5232,94.7488,0
7.1000,932226,-0.441528,0.523682,-0.473572,0.553650,89.7554,94.8753,0
7.1100,932236,-0.440796,0.525452,-0.471802,0.554077,89.9999,95.0154,0
7.1200,932246,-0.439880,0.527161,-0.470032,0.554626,90.2489,95.1359,0
7.1300,932256,-0.438782,0.528809,-0.468445,0.555359,90.4974,95.2438,0
7.1400,932266,-0.436951,0.530334,-0.466919,0.556580,90.7333,95.3092,0
7.1500,932276,-0.434448,0.531860,-0.465454,0.558289,90.9571,95.3315,0
7.1600,932286,-0.431702,0.533508,-0.463806,0.560303,91.1888,95.3518,0
7.1700,932296,-0.429138,0.535034,-0.462158,0.562134,91.4356,95.4156,0
7.1800,932306,-0.426819,0.536682,-0.460510,0.563660,91.7148,95.5444,0
7.1900,932316,-0.424744,0.538391,-0.458801,0.565002,92.0054,95.7076,0
7.2000,932326,-0.422363,0.540222,-0.456909,0.566589,92.3023,95.8419,0
7.2100,932336,-0.419739,0.542053,-0.454895,0.568420,92.6061,95.9510,0
7.2200,932346,-0.417480,0.544006,-0.452820,0.569885,92.9273,96.1126,0
7.2300,932356,-0.415710,0.545837,-0.450745,0.570984,93.2648,96.3676,0
7.2400,932366,-0.414185,0.547546,-0.448853,0.571960,93.6021,96.6683,0
7.2500,932376,-0.412842,0.549011,-0.447144,0.572876,93.9424,97.0001,0
7.2600,932386,-0.411682,0.550354,-0.445679,0.573608,94.2799,97.3503,0
7.2700,932396,-0.410767,0.551575,-0.444275,0.574219,94.6082,97.7172,0
7.2800,932406,-0.409790,0.552612,-0.443054,0.574768,94.9264,98.1166,0
7.2900,932416,-0.409180,0.553589,-0.442017,0.575134,95.2314,98.5447,0
7.3000,932426,-0.408813,0.555481,-0.440186,0.574951,95.5255,98.9781,0
7.3100,932436,-0.408752,0.556396,-0.439392,0.574707,95.8141,99.3941,0
7.3200,932446,-0.408691,0.557312,-0.438538,0.574524,96.0951,99.7838,0
7.3300,932456,-0.408569,0.558167,-0.437683,0.574402,96.3658,100.1517,0
7.3400,932466,-0.408264,0.559021,-0.436951,0.574402,96.6298,100.4925,0
7.3500,932476,-0.407593,0.559692,-0.436218,0.574768,96.8880,100.7922,0
7.3600,932486,-0.406555,0.560181,-0.435547,0.575439,97.1410,101.0625,0
7.3700,932496,-0.405579,0.560547,-0.434998,0.576294,97.3875,101.3400,0
7.3800,932506,-0.404907,0.560791,-0.434570,0.576782,97.6279,101.6543,0
7.3900,932516,-0.404480,0.560974,-0.434204,0.577148,97.8636,101.9984,0
7.4000,932526,-0.404175,0.561096,-0.433960,0.577454,98.0900,102.3397,0
7.4100,932536,-0.403564,0.561218,-0.433533,0.578125,98.3197,102.6292,0
7.4200,932546,-0.402588,0.561279,-0.433044,0.579102,98.5501,102.8728,0
7.4300,932556,-0.401672,0.561340,-0.432495,0.580139,98.7801,103.1107,0
7.4400,932566,-0.400818,0.561401,-0.431885,0.581055,99.0159,103.3632,0
7.4500,932576,-0.399841,0.561584,-0.431213,0.582092,99.2499,103.5965,0
7.4600,932586,-0.398926,0.561768,-0.430542,0.583008,99.4773,103.8354,0
7.4700,932596,-0.397766,0.562012,-0.429810,0.584167,99.7016,104.0459,0
7.4800,932606,-0.396423,0.562134,-0.429077,0.585449,99.9205,104.2488,0
7.4900,932616,-0.395264,0.562195,-0.428589,0.586548,100.1139,104.5317,0
7.5000,932626,-0.394348,0.562134,-0.428345,0.587341,100.2961,104.8574,0
7.5100,932636,-0.393738,0.562134,-0.428284,0.587891,100.4674,105.1818,0
7.5200,932646,-0.393127,0.562012,-0.428284,0.588318,100.6285,105.5116,0
7.5300,932656,-0.392578,0.561829,-0.428406,0.588806,100.7809,105.8651,0
7.5400,932666,-0.392212,0.561462,-0.428772,0.589111,100.9262,106.2283,0
7.5500,932676,-0.391968,0.561035,-0.429260,0.589417,101.0600,106.5942,0
7.5600,932686,-0.391724,0.560059,-0.430298,0.589722,101.1863,106.9479,0
7.5700,932696,-0.391724,0.559753,-0.430664,0.589722,101.3082,107.2761,0
7.5800,932706,-0.391785,0.559448,-0.431030,0.589722,101.4207,107.5920,0
7.5900,932716,-0.391846,0.559082,-0.431519,0.589661,101.5222,107.9182,0
7.6000,932726,-0.392822,0.558105,-0.432739,0.589050,101.6146,108.3701,0
7.6100,932736,-0.394592,0.556580,-0.434448,0.588013,101.7031,108.9043,0
7.6200,932746,-0.396362,0.554993,-0.436218,0.586975,101.7703,109.4080,0
7.6300,932756,-0.398132,0.553406,-0.437988,0.585937,101.8179,109.8679,0
7.6400,932766,-0.400024,0.551819,-0.439819,0.584839,101.8456,110.3021,0
7.6500,932776,-0.402100,0.549988,-0.441833,0.583557,101.8500,110.7367,0
7.6600,932786,-0.404602,0.547913,-0.444214,0.582031,101.8310,111.2020,0
7.6700,932796,-0.407471,0.545532,-0.446899,0.580261,101.7872,111.6865,0
7.6800,932806,-0.410278,0.543030,-0.449646,0.578430,101.7138,112.1239,0
7.6900,932816,-0.412903,0.540833,-0.452087,0.576782,101.6210,112.4629,0
7.7000,932826,-0.415039,0.538940,-0.454102,0.575378,101.4922,112.6638,0
7.7100,932836,-0.416565,0.537537,-0.455627,0.574402,101.3510,112.7326,0
7.7200,932846,-0.417603,0.536499,-0.456787,0.573730,101.2018,112.7024,0
7.7300,932856,-0.418701,0.535400,-0.457886,0.573059,101.0538,112.6624,0
7.7400,932866,-0.419922,0.534302,-0.459045,0.572327,100.9042,112.6303,0
7.7500,932876,-0.421082,0.533142,-0.460144,0.571594,100.7472,112.5780,0
7.7600,932886,-0.422241,0.532104,-0.461243,0.570862,100.5885,112.5371,0
7.7700,932896,-0.423462,0.530945,-0.462463,0.570007,100.4216,112.5409,0
7.7800,932906,-0.425049,0.529602,-0.463867,0.568970,100.2454,112.5839,0
7.7900,932916,-0.426880,0.527954,-0.465576,0.567688,100.0502,112.6310,0
7.8000,932926,-0.428772,0.526123,-0.467468,0.566345,99.8401,112.6535,0
7.8100,932936,-0.430542,0.524292,-0.469482,0.565125,99.6146,112.6379,0
7.8200,932946,-0.433289,0.520935,-0.473083,0.563110,99.3812,112.5423,0
7.8300,932956,-0.434448,0.519897,-0.474121,0.562256,99.1656,112.3761,0
7.8400,932966,-0.435730,0.518860,-0.475159,0.561401,98.9518,112.2098,0
7.8500,932976,-0.436951,0.517822,-0.476196,0.560486,98.7362,112.0411,0
7.8600,932986,-0.438293,0.516663,-0.477356,0.559509,98.5175,111.8957,0
7.8700,932996,-0.439819,0.515259,-0.478760,0.558411,98.2966,111.7799,0
7.8800,933006,-0.441528,0.513794,-0.480286,0.557190,98.0669,111.6870,0
7.8900,933016,-0.443298,0.512207,-0.481812,0.555786,97.8269,111.5953,0
7.9000,933026,-0.445190,0.510620,-0.483459,0.554443,97.5844,111.5032,0
7.9100,933036,-0.447021,0.509094,-0.484985,0.553040,97.3383,111.3862,0
7.9200,933046,-0.448669,0.507751,-0.486328,0.551697,97.0828,111.2233,0
7.9300,933056,-0.450256,0.506531,-0.487549,0.550476,96.8282,111.0308,0
7.9400,933066,-0.451721,0.505249,-0.488708,0.549377,96.5725,110.8182,0
7.9500,933076,-0.453308,0.503967,-0.489990,0.548096,96.3145,110.6260,0
7.9600,933086,-0.455139,0.502441,-0.491516,0.546631,96.0278,110.4522,0
7.9700,933096,-0.457031,0.500793,-0.493103,0.545105,95.7378,110.2837,0
7.9800,933106,-0.458801,0.499207,-0.494629,0.543762,95.4508,110.0853,0
7.9900,933116,-0.460693,0.497498,-0.496155,0.542358,95.1628,109.8941,0
8.0000,933126,-0.462646,0.495667,-0.497803,0.540833,94.8680,109.7143,0
8.0100,933136,-0.464722,0.493774,-0.499512,0.539246,94.5627,109.5230,0
8.0200,933146,-0.466614,0.492004,-0.501160,0.537659,94.2473,109.2993,0
8.0300,933156,-0.468384,0.490295,-0.502747,0.536194,93.9249,109.0487,0
8.0400,933166,-0.469971,0.488708,-0.504272,0.534790,93.6003,108.7948,0
8.0500,933176,-0.471680,0.487122,-0.505798,0.533325,93.2782,108.5497,0
8.0600,933186,-0.473389,0.485474,-0.507385,0.531799,92.9546,108.2897,0
8.0700,933196,-0.475098,0.483887,-0.508850,0.530273,92.6286,107.9850,0
8.0800,933206,-0.478027,0.481262,-0.511292,0.527649,92.3056,107.6514,0
8.0900,933216,-0.479126,0.480164,-0.512329,0.526672,91.9875,107.2751,0
8.1000,933226,-0.479919,0.479309,-0.513062,0.526062,91.6777,106.8425,0
8.1100,933236,-0.480469,0.478638,-0.513611,0.525574,91.3724,106.3825,0
8.1200,933246,-0.480896,0.478088,-0.514160,0.525146,91.0731,105.9274,0
8.1300,933256,-0.481384,0.477478,-0.514709,0.524719,90.7886,105.4893,0
8.1400,933266,-0.481934,0.476807,-0.515320,0.524231,90.5102,105.0826,0
8.1500,933276,-0.482483,0.476074,-0.516052,0.523682,90.2394,104.7059,0
8.1600,933286,-0.483093,0.475281,-0.516724,0.523132,89.9791,104.3441,0
8.1700,933296,-0.483643,0.474548,-0.517456,0.522644,89.7194,103.9911,0
8.1800,933306,-0.484253,0.473694,-0.518188,0.522095,89.4647,103.6536,0
8.1900,933316,-0.484802,0.472961,-0.518921,0.521545,89.2139,103.3233,0
8.2000,933326,-0.485413,0.472168,-0.519592,0.521057,88.9695,102.9966,0
8.2100,933336,-0.485962,0.471497,-0.520203,0.520508,88.7309,102.6783,0
8.2200,933346,-0.486511,0.470764,-0.520813,0.520020,88.4919,102.3606,0
8.2300,933356,-0.487000,0.470154,-0.521362,0.519592,88.2585,102.0364,0
8.2400,933366,-0.487427,0.469604,-0.521912,0.519104,88.0343,101.7201,0
8.2500,933376,-0.487793,0.469177,-0.522278,0.518799,87.8150,101.3913,0
8.2600,933386,-0.488342,0.468567,-0.522766,0.518311,87.6003,101.1018,0
8.2700,933396,-0.489014,0.467896,-0.523437,0.517639,87.3906,100.8346,0
8.2800,933406,-0.489624,0.467285,-0.523987,0.517090,87.1852,100.5474,0
8.2900,933416,-0.490112,0.466736,-0.524414,0.516663,86.9840,100.2381,0
8.3000,933426,-0.490417,0.466370,-0.524719,0.516357,86.7885,99.9192,0
8.3100,933436,-0.490662,0.466187,-0.524963,0.516113,86.6034,99.6001,0
8.3200,933446,-0.490845,0.466003,-0.525085,0.515930,86.4244,99.3099,0
8.3300,933456,-0.491516,0.465332,-0.525696,0.515320,86.2481,99.0684,0
8.3400,933466,-0.491882,0.464905,-0.526001,0.514954,86.0764,98.8288,0
8.3500,933476,-0.492187,0.464661,-0.526306,0.514709,85.9100,98.5772,0
8.3600,933486,-0.492371,0.464417,-0.526428,0.514526,85.7483,98.3143,0
8.3700,933496,-0.492432,0.464355,-0.526489,0.514465,85.5953,98.0396,0
8.3800,933506,-0.492432,0.464355,-0.526489,0.514465,85.4493,97.7638,0
8.3900,933516,-0.492432,0.464355,-0.526489,0.514465,85.3124,97.4983,0
8.4000,933526,-0.492493,0.464355,-0.526489,0.514465,85.1812,97.2436,0
8.4100,933536,-0.492493,0.464355,-0.526428,0.514465,85.0577,97.0005,0
8.4200,933546,-0.492432,0.464478,-0.526367,0.514465,84.9397,96.7648,0
8.4300,933556,-0.492432,0.464600,-0.526245,0.514526,84.8308,96.5278,0
8.4400,933566,-0.492004,0.465149,-0.525635,0.515076,84.7420,96.2090,0
8.4500,933576,-0.490784,0.466431,-0.524536,0.516174,84.6540,95.7691,0
8.4600,933586,-0.489197,0.468201,-0.523010,0.517578,84.5844,95.2803,0
8.4700,933596,-0.487610,0.470154,-0.521362,0.518982,84.5353,94.8233,0
8.4800,933606,-0.486084,0.472229,-0.519592,0.520325,84.5328,94.4146,0
8.4900,933616,-0.484436,0.474548,-0.517578,0.521851,84.5486,94.0024,0
8.5000,933626,-0.482666,0.476807,-0.515625,0.523315,84.5778,93.6372,0
8.5100,933636,-0.480530,0.479248,-0.513733,0.524902,84.6049,93.2696,0
8.5200,933646,-0.478027,0.481995,-0.511902,0.526428,84.6105,92.9130,0
8.5300,933656,-0.475830,0.484375,-0.510376,0.527710,84.6717,92.7804,0
8.5400,933666,-0.474365,0.486023,-0.509216,0.528687,84.7596,92.7280,0
8.5500,933676,-0.473267,0.487305,-0.508240,0.529419,84.8579,92.6912,0
8.5600,933686,-0.472168,0.488525,-0.507263,0.530151,84.9655,92.6573,0
8.5700,933696,-0.471008,0.489807,-0.506226,0.531006,85.0760,92.6377,0
8.5800,933706,-0.469849,0.491028,-0.505249,0.531799,85.1930,92.6397,0
8.5900,933716,-0.467590,0.493408,-0.503418,0.533386,85.3158,92.6589,0
8.6000,933726,-0.466431,0.494507,-0.502502,0.534241,85.4474,92.6837,0
8.6100,933736,-0.465271,0.495605,-0.501587,0.535095,85.5873,92.7190,0
8.6200,933746,-0.464111,0.496643,-0.500732,0.535889,85.7308,92.7763,0
8.6300,933756,-0.463074,0.497620,-0.499939,0.536682,85.8801,92.8525,0
8.6400,933766,-0.462036,0.498596,-0.499084,0.537415,86.0350,92.9362,0
8.6500,933776,-0.460999,0.499573,-0.498230,0.538208,86.1897,93.0204,0
8.6600,933786,-0.459839,0.500610,-0.497314,0.539062,86.3515,93.0981,0
8.6700,933796,-0.458679,0.501770,-0.496216,0.540039,86.5213,93.1604,0
8.6800,933806,-0.457520,0.502930,-0.495056,0.541016,86.6999,93.2239,0
8.6900,933816,-0.456238,0.504150,-0.493835,0.542053,86.8869,93.2837,0
8.7000,933826,-0.454834,0.505432,-0.492554,0.543152,87.0729,93.3311,0
8.7100,933836,-0.453369,0.506897,-0.491150,0.544312,87.2629,93.3710,0
8.7200,933846,-0.451843,0.508301,-0.489746,0.545532,87.4614,93.4204,0
8.7300,933856,-0.450256,0.509705,-0.488281,0.546814,87.6740,93.4825,0
8.7400,933866,-0.448730,0.511169,-0.486816,0.548096,87.9103,93.5709,0
8.7500,933876,-0.447144,0.512573,-0.485291,0.549377,88.1493,93.6664,0
8.7600,933886,-0.445618,0.514038,-0.483765,0.550598,88.3920,93.7745,0
8.7700,933896,-0.444031,0.515503,-0.482300,0.551819,88.6352,93.8970,0
8.7800,933906,-0.442505,0.516968,-0.480835,0.552917,88.8759,94.0312,0
8.7900,933916,-0.441223,0.518494,-0.479248,0.553894,89.1403,94.2091,0
8.8000,933926,-0.440491,0.520142,-0.477478,0.554504,89.4110,94.3989,0
8.8100,933936,-0.439941,0.521851,-0.475647,0.554871,89.6904,94.5636,0
8.8200,933946,-0.439392,0.523682,-0.473633,0.555298,89.9792,94.7128,0
8.8300,933956,-0.438660,0.525513,-0.471558,0.555969,90.2709,94.8473,0
8.8400,933966,-0.437744,0.527222,-0.469482,0.556824,90.5560,94.9743,0
8.8500,933976,-0.435608,0.530762,-0.465332,0.558533,90.8382,95.0951,0
8.8600,933986,-0.434265,0.532593,-0.463257,0.559631,91.1299,95.1897,0
8.8700,933996,-0.432312,0.534241,-0.461365,0.561096,91.4140,95.2575,0
8.8800,934006,-0.429810,0.535767,-0.459778,0.562866,91.6725,95.3248,0
8.8900,934016,-0.426636,0.537292,-0.458130,0.565186,91.9180,95.3625,0
8.9000,934026,-0.423401,0.538879,-0.456482,0.567444,92.1709,95.4284,0
8.9100,934036,-0.420776,0.540466,-0.454834,0.569214,92.4480,95.5676,0
8.9200,934046,-0.418457,0.541992,-0.453125,0.570740,92.7377,95.7628,0
8.9300,934056,-0.416321,0.543457,-0.451538,0.572205,93.0353,95.9926,0
8.9400,934066,-0.414490,0.544861,-0.450012,0.573425,93.3480,96.2670,0
8.9500,934076,-0.412903,0.546265,-0.448303,0.574524,93.6725,96.5511,0
8.9600,934086,-0.411499,0.547729,-0.446594,0.575500,94.0066,96.8494,0
8.9700,934096,-0.410278,0.549133,-0.444824,0.576416,94.3515,97.1591,0
8.9800,934106,-0.409241,0.550476,-0.443054,0.577209,94.7024,97.4895,0
8.9900,934116,-0.408508,0.551636,-0.441589,0.577759,95.0399,97.8642,0
9.0000,934126,-0.408020,0.552551,-0.440491,0.578064,95.3695,98.2937,0
9.0100,934136,-0.407532,0.553284,-0.439636,0.578369,95.6824,98.7280,0
9.0200,934146,-0.407104,0.554016,-0.438904,0.578552,95.9812,99.1580,0
9.0300,934156,-0.406738,0.554626,-0.438110,0.578735,96.2724,99.5832,0
9.0400,934166,-0.406433,0.555298,-0.437378,0.578918,96.5607,99.9892,0
9.0500,934176,-0.406128,0.555969,-0.436523,0.579163,96.8533,100.3579,0
9.0600,934186,-0.405701,0.556519,-0.435608,0.579590,97.1381,100.7038,0
9.0700,934196,-0.405090,0.557068,-0.434753,0.580139,97.4133,101.0269,0
9.0800,934206,-0.404297,0.557556,-0.433960,0.580811,97.6799,101.3248,0
9.0900,934216,-0.403259,0.557983,-0.433167,0.581726,97.9313,101.5878,0
9.1000,934226,-0.401855,0.558472,-0.432373,0.582825,98.1797,101.8574,0
9.1100,934236,-0.399170,0.558899,-0.431213,0.585083,98.4219,102.1682,0
9.1200,934246,-0.398315,0.558960,-0.430908,0.585815,98.6529,102.5269,0
9.1300,934256,-0.397827,0.558960,-0.430786,0.586304,98.8743,102.9213,0
9.1400,934266,-0.397644,0.558960,-0.430725,0.586487,99.0870,103.3335,0
9.1500,934276,-0.397522,0.558899,-0.430725,0.586548,99.2928,103.7440,0
9.1600,934286,-0.397461,0.558777,-0.430847,0.586670,99.4883,104.1485,0
9.1700,934296,-0.397461,0.558594,-0.431030,0.586731,99.6702,104.5464,0
9.1800,934306,-0.397339,0.558228,-0.431396,0.586853,99.8402,104.9339,0
9.1900,934316,-0.397278,0.557739,-0.431885,0.586975,99.9955,105.3193,0
9.2000,934326,-0.397156,0.557190,-0.432495,0.587158,100.1388,105.6998,0
9.2100,934336,-0.397034,0.556335,-0.433350,0.587402,100.2664,106.0846,0
9.2200,934346,-0.397034,0.555359,-0.434448,0.587524,100.3731,106.4833,0
9.2300,934356,-0.398010,0.554260,-0.436035,0.586792,100.4578,106.9923,0
9.2400,934366,-0.399536,0.552856,-0.437683,0.585815,100.5505,107.5291,0
9.2500,934376,-0.401306,0.551331,-0.439453,0.584717,100.6329,108.0698,0
9.2600,934386,-0.403442,0.549377,-0.441650,0.583374,100.6643,108.6132,0
9.2700,934396,-0.405762,0.547180,-0.444275,0.581909,100.6597,109.1617,0
9.2800,934406,-0.408020,0.544800,-0.447021,0.580383,100.6154,109.6759,0
9.2900,934416,-0.410095,0.542358,-0.449951,0.578979,100.5383,110.1322,0
9.3000,934426,-0.412415,0.540222,-0.452393,0.577393,100.4566,110.5282,0
9.3100,934436,-0.415039,0.538208,-0.454651,0.575684,100.3724,110.8517,0
9.3200,934446,-0.417358,0.536255,-0.456848,0.574097,100.2690,111.0780,0
9.3300,934456,-0.419312,0.534546,-0.458679,0.572754,100.1527,111.2125,0
9.3400,934466,-0.421021,0.533142,-0.460205,0.571594,100.0284,111.2992,0
9.3500,934476,-0.422546,0.531921,-0.461609,0.570496,99.8940,111.3458,0
9.3600,934486,-0.424011,0.530701,-0.462891,0.569458,99.7527,111.3442,0
9.3700,934496,-0.426636,0.528503,-0.465210,0.567627,99.6066,111.3451,0
9.3800,934506,-0.428223,0.527283,-0.466553,0.566467,99.4551,111.3683,0
9.3900,934516,-0.430054,0.525940,-0.468018,0.565186,99.2980,111.4114,0
9.4000,934526,-0.432190,0.524353,-0.469666,0.563660,99.1297,111.4869,0
9.4100,934536,-0.434814,0.522400,-0.471619,0.561829,98.9574,111.6208,0
9.4200,934546,-0.437866,0.519958,-0.473999,0.559692,98.7775,111.7952,0
9.4300,934556,-0.440735,0.517578,-0.476196,0.557800,98.5821,111.9068,0
9.4400,934566,-0.443054,0.515442,-0.478210,0.556152,98.3626,111.9130,0
9.4500,934576,-0.445190,0.513489,-0.480042,0.554687,98.1239,111.8550,0
9.4600,934586,-0.447144,0.511719,-0.481750,0.553284,97.8765,111.7501,0
9.4700,934596,-0.449097,0.509949,-0.483398,0.551880,97.6216,111.6306,0
9.4800,934606,-0.451172,0.508118,-0.485168,0.550354,97.3558,111.5232,0
9.4900,934616,-0.453308,0.506226,-0.487000,0.548706,97.0803,111.4169,0
9.5000,934626,-0.455688,0.504211,-0.488892,0.546936,96.8019,111.3161,0
9.5100,934636,-0.458069,0.502136,-0.490784,0.545105,96.5143,111.2083,0
9.5200,934646,-0.460144,0.500122,-0.492737,0.543457,96.1880,111.0303,0
9.5300,934656,-0.461975,0.498291,-0.494568,0.541931,95.8460,110.8110,0
9.5400,934666,-0.463806,0.496338,-0.496521,0.540405,95.4927,110.5928,0
9.5500,934676,-0.465698,0.494141,-0.498657,0.538757,95.1421,110.3974,0
9.5600,934686,-0.467773,0.491821,-0.500793,0.537109,94.7979,110.2084,0
9.5700,934696,-0.469788,0.489563,-0.502808,0.535522,94.4504,109.9384,0
9.5800,934706,-0.471497,0.487610,-0.504578,0.534180,94.1005,109.5837,0
9.5900,934716,-0.472839,0.486084,-0.505981,0.533081,93.7532,109.1751,0
9.6000,934726,-0.473877,0.484802,-0.507080,0.532227,93.4109,108.7377,0
9.6100,934736,-0.474731,0.483826,-0.507996,0.531494,93.0764,108.2950,0
9.6200,934746,-0.475464,0.482910,-0.508911,0.530823,92.7504,107.8829,0
9.6300,934756,-0.477356,0.480713,-0.510803,0.529236,92.4282,107.5111,0
9.6400,934766,-0.478516,0.479431,-0.511963,0.528259,92.1102,107.1721,0
9.6500,934776,-0.479614,0.478088,-0.513184,0.527222,91.7912,106.8458,0
9.6600,934786,-0.480713,0.476807,-0.514404,0.526245,91.4722,106.5187,0
9.6700,934796,-0.481750,0.475586,-0.515564,0.525330,91.1554,106.1771,0
9.6800,934806,-0.482605,0.474487,-0.516541,0.524536,90.8506,105.8171,0
9.6900,934816,-0.483398,0.473511,-0.517395,0.523804,90.5511,105.4391,0
9.7000,934826,-0.484009,0.472656,-0.518188,0.523254,90.2572,105.0493,0
9.7100,934836,-0.484619,0.471985,-0.518860,0.522705,89.9723,104.6508,0
9.7200,934846,-0.485107,0.471313,-0.519409,0.522278,89.6948,104.2470,0
9.7300,934856,-0.485535,0.470764,-0.519897,0.521851,89.4232,103.8495,0
9.7400,934866,-0.485962,0.470215,-0.520386,0.521423,89.1606,103.4615,0
9.7500,934876,-0.486450,0.469666,-0.520874,0.521057,88.9075,103.0891,0
9.7600,934886,-0.486938,0.469116,-0.521362,0.520569,88.6632,102.7357,0
9.7700,934896,-0.487488,0.468567,-0.521851,0.520081,88.4260,102.4032,0
9.7800,934906,-0.488037,0.468018,-0.522400,0.519531,88.1870,102.0749,0
9.7900,934916,-0.488525,0.467529,-0.522827,0.519104,87.9524,101.7401,0
9.8000,934926,-0.489014,0.467041,-0.523254,0.518677,87.7254,101.4189,0
9.8100,934936,-0.489563,0.466553,-0.523621,0.518127,87.5034,101.1097,0
9.8200,934946,-0.490173,0.466064,-0.524048,0.517578,87.2856,100.8181,0
9.8300,934956,-0.490784,0.465637,-0.524475,0.517029,87.0720,100.5134,0
9.8400,934966,-0.491272,0.465210,-0.524780,0.516541,86.8646,100.2208,0
9.8500,934976,-0.491760,0.464844,-0.525146,0.516052,86.6620,99.9485,0
9.8600,934986,-0.492310,0.464355,-0.525513,0.515564,86.4657,99.6912,0
9.8700,934996,-0.492859,0.463867,-0.526001,0.515015,86.2747,99.4590,0
9.8800,935006,-0.493530,0.463257,-0.526489,0.514465,86.0844,99.2504,0
9.8900,935016,-0.495056,0.461670,-0.527832,0.513062,85.9004,99.0589,0
9.9000,935026,-0.495850,0.460815,-0.528503,0.512329,85.7174,98.8682,0
9.9100,935036,-0.496643,0.460022,-0.529053,0.511719,85.5336,98.6671,0
9.9200,935046,-0.497253,0.459412,-0.529602,0.511108,85.3498,98.4431,0
9.9300,935056,-0.497681,0.458923,-0.530029,0.510681,85.1677,98.1949,0
9.9400,935066,-0.498047,0.458496,-0.530334,0.510315,84.9904,97.9341,0
9.9500,935076,-0.498291,0.458252,-0.530579,0.510071,84.8183,97.6570,0
9.9600,935086,-0.498474,0.458069,-0.530701,0.509888,84.6547,97.3753,0
9.9700,935096,-0.498718,0.457886,-0.530884,0.509705,84.4963,97.1112,0
9.9800,935106,-0.498962,0.457642,-0.531128,0.509460,84.3414,96.8666,0
9.9900,935116,-0.499207,0.457336,-0.531311,0.509216,84.1881,96.6365,0
10.0000,935126,-0.499512,0.457031,-0.531616,0.508972,84.0401,96.4214,0
10.0100,935136,-0.499878,0.456665,-0.531921,0.508606,83.8933,96.2250,0
10.0200,935146,-0.500183,0.456299,-0.532227,0.508240,83.7471,96.0358,0
10.0300,935156,-0.500427,0.456055,-0.532532,0.507935,83.6064,95.8352,0
10.0400,935166,-0.500610,0.455811,-0.532715,0.507751,83.4694,95.6249,0
10.0500,935176,-0.500793,0.455688,-0.532837,0.507629,83.3416,95.4079,0
10.0600,935186,-0.500793,0.455627,-0.532837,0.507568,83.2214,95.1839,0
10.0700,935196,-0.500793,0.455627,-0.532837,0.507568,83.1078,94.9610,0
10.0800,935206,-0.500854,0.455688,-0.532776,0.507568,82.9987,94.7451,0
10.0900,935216,-0.500854,0.455750,-0.532715,0.507568,82.8993,94.5323,0
10.1000,935226,-0.500854,0.455811,-0.532654,0.507629,82.8032,94.3242,0
10.1100,935236,-0.500793,0.455933,-0.532532,0.507629,82.7083,94.1211,0
10.1200,935246,-0.500793,0.456116,-0.532349,0.507690,82.6218,93.9288,0
10.1300,935256,-0.500732,0.456299,-0.532227,0.507812,82.5403,93.7552,0
10.1400,935266,-0.500671,0.456421,-0.532104,0.507812,82.4634,93.6021,0
10.1500,935276,-0.500671,0.456421,-0.532104,0.507874,82.3910,93.4609,0
10.1600,935286,-0.500671,0.456421,-0.532043,0.507874,82.3222,93.3279,0
10.1700,935296,-0.500671,0.456421,-0.532043,0.507874,82.2568,93.1979,0
10.1800,935306,-0.500732,0.456543,-0.531921,0.507874,82.1936,93.0619,0
10.1900,935316,-0.500671,0.456787,-0.531677,0.507935,82.1360,92.9156,0
10.2000,935326,-0.500549,0.457275,-0.531250,0.508057,82.0862,92.7457,0
10.2100,935336,-0.500427,0.457947,-0.530579,0.508240,82.0426,92.5560,0
10.2200,935346,-0.500305,0.458923,-0.529663,0.508484,82.0080,92.3443,0
10.2300,935356,-0.499817,0.460022,-0.528687,0.508972,81.9804,92.1061,0
10.2400,935366,-0.498962,0.461243,-0.527588,0.509827,81.9667,91.8333,0
10.2500,935376,-0.497803,0.462585,-0.526489,0.510925,81.9614,91.5463,0
10.2600,935386,-0.496582,0.464111,-0.525208,0.512024,81.9725,91.2614,0
10.2700,935396,-0.495117,0.465881,-0.523682,0.513367,82.0025,90.9571,0
10.2800,935406,-0.493164,0.467957,-0.521912,0.515137,82.0534,90.6084,0
10.2900,935416,-0.490845,0.470215,-0.519897,0.517395,82.1310,90.2268,0
10.3000,935426,-0.487793,0.472839,-0.517639,0.520081,82.2571,89.8320,0
10.3100,935436,-0.484619,0.475830,-0.515320,0.522644,82.3625,89.4581,0
10.3200,935446,-0.482239,0.478760,-0.513123,0.524414,82.4853,89.2208,0
10.3300,935456,-0.480042,0.481567,-0.510864,0.526001,82.6378,89.0497,0
10.3400,935466,-0.477356,0.484314,-0.508606,0.528076,82.8217,88.8521,0
10.3500,935476,-0.473938,0.487061,-0.506226,0.530945,83.0345,88.5601,0
10.3600,935486,-0.470154,0.490173,-0.503540,0.533936,83.2966,88.3384,0
10.3700,935496,-0.466980,0.493530,-0.500427,0.536621,83.6056,88.1745,0
10.3800,935506,-0.463989,0.496643,-0.497253,0.539307,83.9327,88.0661,0
10.3900,935516,-0.461060,0.499756,-0.494019,0.541870,84.2701,88.0192,0
10.4000,935526,-0.458252,0.502686,-0.491028,0.544250,84.6178,88.0135,0
10.4100,935536,-0.453064,0.508118,-0.485535,0.548401,84.9629,88.1383,0
10.4200,935546,-0.451294,0.510193,-0.483582,0.549744,85.3098,88.3929,0
10.4300,935556,-0.449951,0.512207,-0.481628,0.550598,85.6544,88.6960,0
10.4400,935566,-0.448547,0.514160,-0.479919,0.551514,85.9898,89.0103,0
10.4500,935576,-0.446655,0.515991,-0.478394,0.552673,86.3039,89.2977,0
10.4600,935586,-0.444214,0.517883,-0.476746,0.554260,86.6207,89.5299,0
10.4700,935596,-0.441528,0.519836,-0.474976,0.556091,86.9544,89.7404,0
10.4800,935606,-0.439026,0.521667,-0.473206,0.557861,87.3033,89.9856,0
10.4900,935616,-0.436768,0.523437,-0.471375,0.559448,87.6674,90.2672,0
10.5000,935626,-0.434875,0.525330,-0.469482,0.560852,88.0403,90.5712,0
10.5100,935636,-0.432983,0.527222,-0.467407,0.562256,88.4235,90.8698,0
10.5200,935646,-0.430847,0.529175,-0.465210,0.563843,88.8137,91.1440,0
10.5300,935656,-0.428467,0.531067,-0.463135,0.565613,89.2034,91.4068,0
10.5400,935666,-0.426208,0.532898,-0.461060,0.567261,89.5966,91.7081,0
10.5500,935676,-0.424255,0.534546,-0.459167,0.568665,90.0131,92.0673,0
10.5600,935686,-0.422791,0.536194,-0.457275,0.569824,90.4392,92.4721,0
10.5700,935696,-0.421570,0.537842,-0.455322,0.570740,90.8645,92.8876,0
10.5800,935706,-0.420227,0.539673,-0.453247,0.571594,91.2802,93.2746,0
10.5900,935716,-0.418823,0.541443,-0.451294,0.572510,91.6878,93.6656,0
10.6000,935726,-0.417419,0.543091,-0.449463,0.573364,92.0931,94.0645,0
10.6100,935736,-0.415771,0.544739,-0.447510,0.574585,92.4832,94.3904,0
10.6200,935746,-0.413818,0.546570,-0.445496,0.575867,92.8621,94.6963,0
10.6300,935756,-0.411682,0.548462,-0.443420,0.577148,93.2343,95.0779,0
10.6400,935766,-0.410095,0.550354,-0.441589,0.577881,93.6033,95.5588,0
10.6500,935776,-0.409180,0.551941,-0.440186,0.578064,93.9679,96.0314,0
10.6600,935786,-0.408386,0.553467,-0.438782,0.578247,94.3322,96.4807,0
10.6700,935796,-0.406555,0.556519,-0.435791,0.578857,94.6896,96.8902,0
10.6800,935806,-0.405090,0.558105,-0.434204,0.579590,95.0382,97.2490,0
10.6900,935816,-0.403503,0.559570,-0.432739,0.580383,95.3720,97.6001,0
10.7000,935826,-0.401794,0.561096,-0.431335,0.581177,95.6981,97.9420,0
10.7100,935836,-0.399963,0.562622,-0.429871,0.581970,96.0188,98.2772,0
10.7200,935846,-0.398315,0.563965,-0.428406,0.582886,96.3564,98.6159,0
10.7300,935856,-0.396851,0.565186,-0.426941,0.583801,96.7253,98.9705,0
10.7400,935866,-0.395569,0.566223,-0.425415,0.584778,97.1063,99.3330,0
10.7500,935876,-0.394775,0.566956,-0.424438,0.585266,97.4637,99.7934,0
10.7600,935886,-0.394165,0.567566,-0.423706,0.585632,97.8056,100.2709,0
10.7700,935896,-0.393433,0.568115,-0.423035,0.586121,98.1300,100.7362,0
10.7800,935906,-0.392639,0.568481,-0.422546,0.586609,98.4439,101.1887,0
10.7900,935916,-0.391846,0.568787,-0.422119,0.587219,98.7496,101.6434,0
10.8000,935926,-0.391357,0.568848,-0.421875,0.587585,99.0490,102.1260,0
10.8100,935936,-0.391174,0.568787,-0.421875,0.587769,99.3353,102.6321,0
10.8200,935946,-0.391052,0.568665,-0.421997,0.587891,99.6066,103.1416,0
10.8300,935956,-0.390991,0.568359,-0.422302,0.588013,99.8583,103.6469,0
10.8400,935966,-0.390930,0.567749,-0.422852,0.588257,100.0930,104.1539,0
10.8500,935976,-0.390747,0.566833,-0.423706,0.588623,100.3069,104.6654,0
10.8600,935986,-0.390625,0.565735,-0.424744,0.588989,100.5057,105.1698,0
10.8700,935996,-0.390503,0.564636,-0.425781,0.589355,100.6887,105.7130,0
10.8800,936006,-0.390869,0.563477,-0.426941,0.589417,100.8602,106.3040,0
10.8900,936016,-0.391968,0.562256,-0.428345,0.588928,101.0196,106.8951,0
10.9000,936026,-0.393311,0.560913,-0.429810,0.588135,101.1488,107.4276,0
10.9100,936036,-0.394470,0.559509,-0.431335,0.587585,101.2436,107.9099,0
10.9200,936046,-0.395386,0.558044,-0.432983,0.587219,101.3299,108.4178,0
10.9300,936056,-0.399170,0.555237,-0.436401,0.584778,101.4098,108.9651,0
10.9400,936066,-0.401855,0.553406,-0.438477,0.583069,101.4678,109.5325,0
10.9500,936076,-0.404663,0.551392,-0.440796,0.581299,101.4967,110.0744,0
10.9600,936086,-0.407349,0.549500,-0.442932,0.579529,101.4956,110.5415,0
10.9700,936096,-0.410339,0.547913,-0.444824,0.577576,101.4803,110.9547,0
10.9800,936106,-0.413330,0.546387,-0.446533,0.575500,101.4478,111.3073,0
10.9900,936116,-0.415955,0.545044,-0.448059,0.573730,101.3923,111.5583,0
11.0000,936126,-0.417603,0.543884,-0.449402,0.572510,101.2943,111.6731,0
11.0100,936136,-0.418762,0.543030,-0.450439,0.571716,101.1928,111.6853,0
11.0200,936146,-0.419617,0.542114,-0.451355,0.571228,101.0893,111.6479,0
11.0300,936156,-0.419922,0.541077,-0.452393,0.571228,100.9694,111.5695,0
11.0400,936166,-0.419922,0.539856,-0.453674,0.571289,100.8314,111.4950,0
11.0500,936176,-0.420410,0.538940,-0.454773,0.570923,100.6951,111.4454,0
11.0600,936186,-0.421326,0.537964,-0.455933,0.570251,100.5615,111.4365,0
11.0700,936196,-0.422363,0.536987,-0.457153,0.569458,100.4257,111.4344,0
11.0800,936206,-0.423279,0.536011,-0.458496,0.568604,100.2547,111.4116,0
11.0900,936216,-0.423462,0.535828,-0.459961,0.567444,99.9844,111.3278,0
11.1000,936226,-0.423218,0.536133,-0.461670,0.565979,99.6248,111.2095,0
11.1100,936236,-0.424255,0.535339,-0.463257,0.564575,99.4198,111.2106,0
11.1200,936246,-0.425415,0.534241,-0.464417,0.563843,99.3018,111.1727,0
11.1300,936256,-0.426270,0.533203,-0.465149,0.563538,99.1964,111.0218,0
11.1400,936266,-0.426941,0.532410,-0.465759,0.563354,99.0757,110.9220,0
11.1500,936276,-0.427795,0.531433,-0.466614,0.562866,98.9451,110.8541,0
11.1600,936286,-0.428772,0.530396,-0.467651,0.562256,98.8068,110.7814,0
11.1700,936296,-0.429810,0.529358,-0.468689,0.561523,98.6652,110.7378,0
11.1800,936306,-0.431030,0.528198,-0.469910,0.560730,98.5192,110.7164,0
11.1900,936316,-0.433838,0.525513,-0.472534,0.558838,98.3669,110.6723,0
11.2000,936326,-0.435059,0.524353,-0.473755,0.558044,98.2055,110.5888,0
11.2100,936336,-0.436157,0.523254,-0.474915,0.557190,98.0350,110.4906,0
11.2200,936346,-0.437256,0.522156,-0.476074,0.556335,97.8587,110.3872,0
11.2300,936356,-0.438354,0.521118,-0.477234,0.555481,97.6745,110.2737,0
11.2400,936366,-0.439453,0.520081,-0.478333,0.554626,97.4902,110.1468,0
11.2500,936376,-0.440491,0.519043,-0.479431,0.553833,97.3073,110.0168,0
11.2600,936386,-0.441711,0.517883,-0.480591,0.552917,97.1241,109.9035,0
11.2700,936396,-0.443176,0.516541,-0.481934,0.551819,96.9380,109.8229,0
11.2800,936406,-0.444702,0.515137,-0.483337,0.550659,96.7437,109.7551,0
11.2900,936416,-0.446106,0.513794,-0.484741,0.549561,96.5400,109.6536,0
11.3000,936426,-0.447144,0.512695,-0.485901,0.548706,96.3322,109.4820,0
11.3100,936436,-0.447876,0.511902,-0.486694,0.548157,96.1267,109.2472,0
11.3200,936446,-0.448486,0.511230,-0.487366,0.547668,95.9198,108.9818,0
11.3300,936456,-0.448914,0.510742,-0.487915,0.547363,95.7195,108.6991,0
11.3400,936466,-0.449341,0.510254,-0.488403,0.546997,95.5175,108.4129,0
11.3500,936476,-0.449707,0.509766,-0.488953,0.546692,95.3169,108.1396,0
11.3600,936486,-0.450134,0.509277,-0.489502,0.546265,95.1166,107.8809,0
11.3700,936496,-0.450684,0.508667,-0.490112,0.545837,94.9216,107.6507,0
11.3800,936506,-0.451538,0.507812,-0.491028,0.545105,94.7292,107.4754,0
11.3900,936516,-0.452454,0.506836,-0.492004,0.544373,94.5348,107.3197,0
11.4000,936526,-0.453369,0.505859,-0.492981,0.543579,94.3424,107.1648,0
11.4100,936536,-0.454346,0.504944,-0.493896,0.542847,94.1485,106.9958,0
11.4200,936546,-0.455200,0.504028,-0.494812,0.542114,93.9531,106.8188,0
11.4300,936556,-0.456055,0.503113,-0.495728,0.541382,93.7538,106.6436,0
11.4400,936566,-0.456909,0.502258,-0.496643,0.540710,93.5569,106.4672,0
11.4500,936576,-0.458557,0.500488,-0.498413,0.539307,93.3623,106.2916,0
11.4600,936586,-0.459351,0.499634,-0.499207,0.538635,93.1705,106.1017,0
11.4700,936596,-0.460022,0.498901,-0.499939,0.538086,92.9801,105.9015,0
11.4800,936606,-0.460693,0.498169,-0.500610,0.537537,92.7948,105.6876,0
11.4900,936616,-0.461365,0.497498,-0.501282,0.537048,92.6141,105.4776,0
11.5000,936626,-0.461975,0.496826,-0.501831,0.536560,92.4368,105.2587,0
11.5100,936636,-0.462524,0.496216,-0.502380,0.536133,92.2627,105.0374,0
11.5200,936646,-0.463135,0.495544,-0.502991,0.535645,92.0905,104.8263,0
11.5300,936656,-0.463806,0.494873,-0.503601,0.535095,91.9194,104.6308,0
11.5400,936666,-0.464417,0.494202,-0.504333,0.534546,91.7452,104.4471,0
11.5500,936676,-0.465210,0.493347,-0.505127,0.533875,91.5728,104.2858,0
11.5600,936686,-0.465942,0.492554,-0.505920,0.533264,91.3955,104.1262,0
11.5700,936696,-0.466797,0.491699,-0.506714,0.532532,91.2195,103.9766,0
11.5800,936706,-0.467773,0.490601,-0.507751,0.531616,91.0439,103.8641,0
11.5900,936716,-0.468994,0.489319,-0.508972,0.530579,90.8640,103.7857,0
11.6000,936726,-0.470337,0.487915,-0.510254,0.529480,90.6649,103.7104,0
11.6100,936736,-0.471863,0.486328,-0.511597,0.528320,90.4755,103.6453,0
11.6200,936746,-0.473267,0.484802,-0.513062,0.527039,90.2501,103.5705,0
11.6300,936756,-0.474792,0.483276,-0.514709,0.525452,89.9982,103.5123,0
11.6400,936766,-0.476440,0.481567,-0.516541,0.523743,89.7342,103.4696,0
11.6500,936776,-0.478088,0.479797,-0.518250,0.522156,89.5011,103.3357,0
11.6600,936786,-0.479431,0.478394,-0.519592,0.520874,89.2913,103.2178,0
11.6700,936796,-0.481018,0.476685,-0.520935,0.519653,89.0765,103.0476,0
11.6800,936806,-0.482483,0.475220,-0.521973,0.518555,88.8571,102.7809,0
11.6900,936816,-0.483459,0.474243,-0.522644,0.517883,88.6376,102.4748,0
11.7000,936826,-0.484192,0.473450,-0.523193,0.517334,88.4292,102.1950,0
11.7100,936836,-0.486023,0.471619,-0.524292,0.516235,88.2308,101.9293,0
11.7200,936846,-0.486938,0.470642,-0.524841,0.515686,88.0348,101.6640,0
11.7300,936856,-0.487976,0.469543,-0.525452,0.515076,87.8452,101.4263,0
11.7400,936866,-0.489136,0.468506,-0.526123,0.514282,87.6424,101.2004,0
11.7500,936876,-0.490356,0.467346,-0.526855,0.513367,87.4416,101.0020,0
11.7600,936886,-0.492065,0.465820,-0.527832,0.512085,87.2388,100.8744,0
11.7700,936896,-0.493774,0.464111,-0.528931,0.510864,87.0327,100.7535,0
11.7800,936906,-0.495178,0.462646,-0.529907,0.509766,86.8173,100.5744,0
11.7900,936916,-0.496582,0.461243,-0.530945,0.508728,86.5928,100.3923,0
11.8000,936926,-0.497864,0.459839,-0.531860,0.507690,86.3600,100.1900,0
11.8100,936936,-0.499023,0.458679,-0.532715,0.506775,86.1192,99.9564,0
11.8200,936946,-0.499878,0.457764,-0.533447,0.505981,85.8757,99.6770,0
11.8300,936956,-0.500793,0.456848,-0.534119,0.505188,85.6338,99.4028,0
11.8400,936966,-0.501587,0.455994,-0.534729,0.504517,85.3959,99.1217,0
11.8500,936976,-0.502380,0.455322,-0.535156,0.503906,85.1616,98.8154,0
11.8600,936986,-0.502625,0.455017,-0.535339,0.503723,84.9306,98.4293,0
11.8700,936996,-0.502991,0.454712,-0.535522,0.503479,84.7086,98.0646,0
11.8800,937006,-0.503357,0.454407,-0.535706,0.503174,84.4940,97.7157,0
11.8900,937016,-0.503784,0.453979,-0.535889,0.502869,84.2898,97.3976,0
11.9000,937026,-0.504395,0.453552,-0.536133,0.502502,84.0986,97.1059,0
11.9100,937036,-0.504822,0.453125,-0.536316,0.502197,83.9138,96.8007,0
11.9200,937046,-0.505249,0.452759,-0.536499,0.501953,83.7294,96.4738,0
11.9300,937056,-0.505432,0.452515,-0.536560,0.501831,83.5434,96.1372,0
11.9400,937066,-0.505493,0.452454,-0.536621,0.501831,83.3643,95.8120,0
11.9500,937076,-0.505493,0.452454,-0.536621,0.501831,83.1947,95.5019,0
11.9600,937086,-0.505493,0.452454,-0.536621,0.501831,83.0325,95.2067,0
11.9700,937096,-0.505493,0.452454,-0.536560,0.501831,82.8777,94.9257,0
11.9800,937106,-0.505493,0.452454,-0.536560,0.501831,82.7307,94.6587,0
11.9900,937116,-0.505493,0.452454,-0.536560,0.501831,82.5916,94.4051,0
12.0000,937126,-0.505493,0.452454,-0.536560,0.501831,82.4589,94.1618,0
12.0100,937136,-0.505493,0.452454,-0.536560,0.501831,82.3340,93.9324,0
12.0200,937146,-0.505493,0.452454,-0.536560,0.501831,82.2154,93.7139,0
12.0300,937156,-0.505493,0.452454,-0.536560,0.501831,82.1033,93.5064,0
12.0400,937166,-0.505493,0.452454,-0.536560,0.501831,81.9956,93.3103,0
12.0500,937176,-0.505493,0.452454,-0.536560,0.501831,81.8933,93.1230,0
12.0600,937186,-0.505554,0.452454,-0.536560,0.501831,81.7967,92.9455,0
12.0700,937196,-0.505554,0.452454,-0.536560,0.501831,81.7043,92.7764,0
12.0800,937206,-0.505554,0.452454,-0.536560,0.501831,81.6172,92.6169,0
12.0900,937216,-0.505554,0.452454,-0.536560,0.501831,81.5320,92.4659,0
12.1000,937226,-0.505554,0.452454,-0.536499,0.501831,81.4511,92.3214,0
12.1100,937236,-0.505554,0.452454,-0.536499,0.501831,81.3760,92.1846,0
12.1200,937246,-0.505554,0.452454,-0.536499,0.501831,81.3064,92.0535,0
12.1300,937256,-0.505676,0.452332,-0.536438,0.501953,81.2582,91.9248,0
12.1400,937266,-0.505859,0.452332,-0.536255,0.502014,81.2159,91.7988,0
12.1500,937276,-0.505920,0.452332,-0.536133,0.501953,81.1591,91.6851,0
12.1600,937286,-0.506104,0.452393,-0.536011,0.501892,81.1046,91.5757,0
12.1700,937296,-0.506409,0.452637,-0.535767,0.501648,81.0415,91.4708,0
12.1800,937306,-0.506836,0.452942,-0.535400,0.501221,80.9649,91.3685,0
12.1900,937316,-0.507324,0.453491,-0.535034,0.500671,80.8975,91.2664,0
12.2000,937326,-0.507690,0.453857,-0.534790,0.500244,80.8364,91.1629,0
12.2100,937336,-0.507751,0.454041,-0.534729,0.500122,80.7808,91.0621,0
12.2200,937346,-0.507751,0.454102,-0.534729,0.500000,80.7274,90.9668,0
12.2300,937356,-0.507935,0.454407,-0.534668,0.499695,80.6742,90.8775,0
12.2400,937366,-0.507996,0.454590,-0.534546,0.499573,80.6291,90.7884,0
12.2500,937376,-0.508057,0.454590,-0.534485,0.499512,80.5915,90.7014,0
12.2600,937386,-0.508118,0.454651,-0.534485,0.499512,80.5570,90.6181,0
12.2700,937396,-0.508118,0.454651,-0.534424,0.499451,80.5255,90.5378,0
12.2800,937406,-0.508179,0.454712,-0.534363,0.499451,80.4943,90.4633,0
12.2900,937416,-0.508240,0.454834,-0.534302,0.499329,80.4593,90.3894,0
12.3000,937426,-0.508362,0.455017,-0.534180,0.499146,80.4243,90.3197,0
12.3100,937436,-0.508545,0.455261,-0.534058,0.498901,80.3893,90.2529,0
12.3200,937446,-0.508728,0.455444,-0.533936,0.498718,80.3596,90.1856,0
12.3300,937456,-0.508789,0.455566,-0.533813,0.498596,80.3325,90.1193,0
12.3400,937466,-0.508850,0.455627,-0.533752,0.498535,80.3092,90.0557,0
12.3500,937476,-0.508911,0.455688,-0.533691,0.498535,80.2865,89.9948,0
12.3600,937486,-0.508972,0.455688,-0.533691,0.498474,80.2649,89.9349,0
12.3700,937496,-0.509033,0.455750,-0.533630,0.498413,80.2449,89.8774,0
12.3800,937506,-0.509033,0.455750,-0.533569,0.498413,80.2290,89.8223,0
12.3900,937516,-0.509033,0.455750,-0.533569,0.498413,80.2150,89.7687,0
12.4000,937526,-0.509033,0.455750,-0.533569,0.498413,80.2035,89.7183,0
12.4100,937536,-0.509033,0.455750,-0.533569,0.498413,80.1932,89.6711,0
12.4200,937546,-0.509033,0.455750,-0.533569,0.498413,80.1845,89.6268,0
12.4300,937556,-0.509033,0.455750,-0.533569,0.498413,80.1752,89.5848,0
12.4400,937566,-0.509033,0.455750,-0.533569,0.498413,80.1668,89.5436,0
12.4500,937576,-0.509033,0.455750,-0.533569,0.498413,80.1560,89.5063,0
12.4600,937586,-0.509033,0.455750,-0.533569,0.498413,80.1444,89.4715,0
12.4700,937596,-0.509033,0.455750,-0.533569,0.498413,80.1329,89.4384,0
12.4800,937606,-0.509033,0.455750,-0.533569,0.498413,80.1220,89.4063,0
12.4900,937616,-0.509094,0.455750,-0.533569,0.498413,80.1127,89.3735,0
12.5000,937626,-0.509094,0.455750,-0.533569,0.498413,80.1028,89.3411,0
12.5100,937636,-0.509094,0.455750,-0.533569,0.498413,80.0933,89.3116,0
12.5200,937646,-0.509094,0.455750,-0.533569,0.498413,80.0849,89.2835,0
12.5300,937656,-0.509094,0.455750,-0.533569,0.498474,80.0770,89.2568,0
12.5400,937666,-0.509094,0.455750,-0.533569,0.498474,80.0694,89.2315,0
12.5500,937676,-0.509094,0.455750,-0.533569,0.498474,80.0616,89.2074,0
12.5600,937686,-0.509094,0.455750,-0.533569,0.498474,80.0536,89.1869,0
12.5700,937696,-0.509094,0.455750,-0.533569,0.498474,80.0466,89.1663,0
12.5800,937706,-0.509094,0.455750,-0.533569,0.498474,80.0388,89.1466,0
12.5900,937716,-0.509094,0.455750,-0.533569,0.498474,80.0320,89.1262,0
12.6000,937726,-0.509094,0.455750,-0.533569,0.498474,80.0266,89.1068,0
12.6100,937736,-0.509094,0.455750,-0.533569,0.498474,80.0228,89.0890,0
12.6200,937746,-0.509094,0.455750,-0.533569,0.498474,80.0197,89.0720,0
12.6300,937756,-0.509094,0.455750,-0.533569,0.498474,80.0156,89.0559,0
12.6400,937766,-0.509094,0.455750,-0.533569,0.498474,80.0141,89.0388,0
12.6500,937776,-0.509094,0.455750,-0.533569,0.498474,80.0126,89.0232,0
12.6600,937786,-0.509094,0.455750,-0.533569,0.498474,80.0101,89.0084,0
12.6700,937796,-0.509094,0.455688,-0.533569,0.498474,80.0070,88.9949,0
12.6800,937806,-0.509094,0.455688,-0.533508,0.498474,80.0047,88.9838,0
12.6900,937816,-0.509094,0.455688,-0.533508,0.498474,80.0002,88.9733,0
12.7000,937826,-0.509094,0.455688,-0.533508,0.498474,79.9959,88.9633,0
12.7100,937836,-0.509094,0.455688,-0.533508,0.498474,79.9923,88.9538,0
12.7200,937846,-0.509094,0.455688,-0.533508,0.498474,79.9884,88.9454,0
12.7300,937856,-0.509094,0.455688,-0.533508,0.498474,79.9859,88.9363,0
12.7400,937866,-0.509094,0.455688,-0.533508,0.498474,79.9840,88.9275,0
12.7500,937876,-0.509155,0.455688,-0.533508,0.498474,79.9817,88.9193,0
12.7600,937886,-0.509155,0.455688,-0.533508,0.498474,79.9789,88.9114,0
12.7700,937896,-0.509155,0.455688,-0.533508,0.498474,79.9762,88.9033,0
12.7800,937906,-0.509155,0.455688,-0.533508,0.498474,79.9755,88.8962,0
12.7900,937916,-0.509155,0.455688,-0.533508,0.498474,79.9748,88.8895,0
12.8000,937926,-0.509155,0.455688,-0.533508,0.498474,79.9729,88.8820,0
12.8100,937936,-0.509155,0.455688,-0.533508,0.498474,79.9724,88.8748,0
12.8200,937946,-0.509155,0.455688,-0.533508,0.498474,79.9730,88.8685,0
12.8300,937956,-0.509155,0.455688,-0.533508,0.498474,79.9718,88.8620,0
12.8400,937966,-0.509155,0.455688,-0.533508,0.498474,79.9701,88.8564,0
12.8500,937976,-0.509155,0.455688,-0.533508,0.498474,79.9679,88.8511,0
12.8600,937986,-0.509155,0.455688,-0.533508,0.498474,79.9687,88.8454,0
12.8700,937996,-0.509155,0.455688,-0.533508,0.498474,79.9678,88.8401,0
12.8800,938006,-0.509155,0.455688,-0.533508,0.498474,79.9668,88.8338,0
12.8900,938016,-0.509155,0.455688,-0.533508,0.498474,79.9666,88.8290,0
12.9000,938026,-0.509155,0.455688,-0.533508,0.498474,79.9645,88.8244,0
12.9100,938036,-0.509155,0.455688,-0.533508,0.498474,79.9632,88.8219,0
12.9200,938046,-0.509155,0.455688,-0.533508,0.498474,79.9625,88.8183,0
12.9300,938056,-0.509155,0.455688,-0.533508,0.498474,79.9630,88.8119,0
12.9400,938066,-0.509155,0.455688,-0.533508,0.498474,79.9647,88.8065,0
12.9500,938076,-0.509155,0.455688,-0.533508,0.498474,79.9645,88.8084,0
12.9600,938086,-0.509155,0.455688,-0.533508,0.498474,79.9632,88.8084,0
12.9700,938096,-0.509155,0.455688,-0.533508,0.498474,79.9589,88.8037,0
12.9800,938106,-0.509155,0.455688,-0.533508,0.498474,79.9555,88.8010,0
12.9900,938116,-0.509155,0.455688,-0.533508,0.498474,79.9558,88.8003,0
13.0000,938126,-0.509155,0.455688,-0.533508,0.498474,79.9555,88.7983,0
13.0100,938136,-0.509155,0.455688,-0.533508,0.498474,79.9551,88.7965,0
13.0200,938146,-0.509155,0.455688,-0.533508,0.498474,79.9519,88.7942,0
13.0300,938156,-0.509155,0.455688,-0.533508,0.498474,79.9494,88.7902,0
13.0400,938166,-0.509155,0.455688,-0.533508,0.498474,79.9476,88.7870,0
13.0500,938176,-0.509155,0.455688,-0.533508,0.498474,79.9489,88.7834,0
13.0600,938186,-0.509155,0.455688,-0.533508,0.498474,79.9513,88.7805,0
13.0700,938196,-0.509155,0.455688,-0.533508,0.498474,79.9506,88.7772,0
13.0800,938206,-0.509155,0.455688,-0.533508,0.498474,79.9488,88.7758,0
13.0900,938216,-0.509155,0.455688,-0.533508,0.498474,79.9458,88.7740,0
13.1000,938226,-0.509155,0.455688,-0.533508,0.498474,79.9418,88.7722,0
13.1100,938236,-0.509155,0.455688,-0.533508,0.498474,79.9398,88.7699,0
13.1200,938246,-0.509155,0.455688,-0.533508,0.498474,79.9391,88.7689,0
13.1300,938256,-0.509155,0.455688,-0.533508,0.498474,79.9373,88.7685,0
13.1400,938266,-0.509155,0.455688,-0.533508,0.498474,79.9361,88.7682,0
13.1500,938276,-0.509155,0.455688,-0.533508,0.498474,79.9326,88.7667,0
13.1600,938286,-0.509216,0.455750,-0.533447,0.498413,79.9287,88.7653,0
13.1700,938296,-0.509338,0.455872,-0.533325,0.498352,79.9250,88.7602,0
13.1800,938306,-0.509399,0.455933,-0.533264,0.498291,79.9203,88.7560,0
13.1900,938316,-0.509460,0.456055,-0.533203,0.498169,79.9134,88.7537,0
13.2000,938326,-0.509521,0.456116,-0.533142,0.498108,79.9110,88.7516,0
13.2100,938336,-0.509583,0.456116,-0.533142,0.498047,79.9118,88.7441,0
13.2200,938346,-0.509583,0.456177,-0.533081,0.498047,79.9125,88.7369,0
13.2300,938356,-0.509583,0.456177,-0.533081,0.498047,79.9143,88.7313,0
13.2400,938366,-0.509583,0.456177,-0.533081,0.498047,79.9167,88.7254,0
13.2500,938376,-0.509583,0.456177,-0.533081,0.498047,79.9195,88.7210,0
13.2600,938386,-0.509583,0.456177,-0.533081,0.498047,79.9228,88.7150,0
13.2700,938396,-0.509583,0.456177,-0.533081,0.498047,79.9235,88.7099,0
13.2800,938406,-0.509583,0.456177,-0.533081,0.498047,79.9218,88.7039,0
13.2900,938416,-0.509583,0.456177,-0.533081,0.498047,79.9220,88.6988,0
13.3000,938426,-0.509644,0.456177,-0.533020,0.497986,79.9222,88.6945,0
13.3100,938436,-0.509705,0.456238,-0.533020,0.497986,79.9224,88.6910,0
13.3200,938446,-0.509766,0.456299,-0.532959,0.497925,79.9219,88.6877,0
13.3300,938456,-0.509949,0.456482,-0.532776,0.497742,79.9192,88.6826,0
13.3400,938466,-0.510254,0.456787,-0.532471,0.497498,79.9165,88.6782,0
13.3500,938476,-0.510498,0.456970,-0.532227,0.497253,79.9152,88.6698,0
13.3600,938486,-0.510742,0.457214,-0.531982,0.497070,79.9139,88.6617,0
13.3700,938496,-0.510986,0.457458,-0.531738,0.496826,79.9163,88.6486,0
13.3800,938506,-0.511108,0.457581,-0.531616,0.496765,79.9191,88.6318,0
13.3900,938516,-0.511230,0.457703,-0.531555,0.496643,79.9212,88.6140,0
13.4000,938526,-0.511353,0.457825,-0.531372,0.496521,79.9226,88.5940,0
13.4100,938536,-0.511597,0.458008,-0.531189,0.496338,79.9264,88.5731,0
13.4200,938546,-0.511841,0.458313,-0.530884,0.496094,79.9275,88.5494,0
13.4300,938556,-0.512268,0.458679,-0.530518,0.495728,79.9286,88.5229,0
13.4400,938566,-0.513123,0.459412,-0.529785,0.494995,79.9207,88.4846,0
13.4500,938576,-0.514404,0.460571,-0.528625,0.493713,79.9067,88.4389,0
13.4600,938586,-0.516113,0.462036,-0.527161,0.492249,79.8968,88.3765,0
13.4700,938596,-0.518311,0.463806,-0.525146,0.490356,79.8922,88.2944,0
13.4800,938606,-0.521118,0.466187,-0.522583,0.487854,79.8747,88.1921,0
13.4900,938616,-0.524414,0.469055,-0.519592,0.484741,79.7950,88.0627,0
13.5000,938626,-0.527283,0.472046,-0.517029,0.481445,79.8428,87.8807,0
13.5100,938636,-0.530396,0.474426,-0.513977,0.478943,79.7611,87.6991,0
13.5200,938646,-0.532959,0.477173,-0.511597,0.475891,80.0237,87.4438,0
13.5300,938656,-0.538086,0.479309,-0.505859,0.474121,80.1107,87.1871,0
13.5400,938666,-0.540344,0.481323,-0.503479,0.472107,80.1108,86.9403,0
13.5500,938676,-0.544128,0.484680,-0.499573,0.468384,80.1008,86.6871,0
13.5600,938686,-0.548279,0.489441,-0.494324,0.464233,80.0720,86.3000,0
13.5700,938696,-0.553589,0.495178,-0.487915,0.458618,80.0331,85.9024,0
13.5800,938706,-0.559448,0.501465,-0.479980,0.452881,80.0748,85.3764,0
13.5900,938716,-0.566528,0.508362,-0.471375,0.445374,80.0934,84.8971,0
13.6000,938726,-0.574829,0.514709,-0.461304,0.437988,80.2911,84.3590,0
13.6100,938736,-0.584900,0.520325,-0.449890,0.429810,80.6637,83.8363,0
13.6200,938746,-0.595581,0.525757,-0.437805,0.420959,81.0563,83.2870,0
13.6300,938756,-0.607117,0.530579,-0.424683,0.411743,81.5522,82.6860,0
13.6400,938766,-0.618835,0.535278,-0.411438,0.401550,82.0090,82.0688,0
13.6500,938776,-0.631409,0.539062,-0.397461,0.390869,82.5580,81.4397,0
13.6600,938786,-0.643799,0.543152,-0.383179,0.379028,83.0040,80.7506,0
13.6700,938796,-0.655823,0.546631,-0.367615,0.368774,83.6022,79.6913,0
13.6800,938806,-0.666199,0.551453,-0.351807,0.358154,83.9857,78.4750,0
13.6900,938816,-0.677063,0.554871,-0.334778,0.348816,84.6086,77.1342,0
13.7000,938826,-0.686096,0.558655,-0.318298,0.340393,85.1049,75.6675,0
13.7100,938836,-0.692322,0.563110,-0.304443,0.333008,85.3200,74.1969,0
13.7200,938846,-0.695435,0.567749,-0.292664,0.329285,85.3956,72.5064,0
13.7300,938856,-0.693848,0.574951,-0.285156,0.326599,84.8714,70.4999,0
13.7400,938866,-0.689758,0.581726,-0.278931,0.328613,83.8485,68.6174,0
13.7500,938876,-0.681702,0.590942,-0.276428,0.331177,82.5963,66.9478,0
13.7600,938886,-0.671387,0.601074,-0.276672,0.333740,81.2062,65.5104,0
13.7700,938896,-0.659119,0.611389,-0.279907,0.336853,79.6644,64.3443,0
13.7800,938906,-0.645020,0.621887,-0.286011,0.339783,78.1798,63.3829,0
13.7900,938916,-0.616272,0.640991,-0.300049,0.345459,76.9103,62.5931,0
13.8000,938926,-0.605042,0.648804,-0.304382,0.346863,76.0761,61.9578,0
13.8100,938936,-0.596741,0.655334,-0.305542,0.348022,75.7290,61.3444,0
13.8200,938946,-0.585999,0.663757,-0.307983,0.348083,75.0277,60.8092,0
13.8300,938956,-0.574463,0.670837,-0.313843,0.348450,74.2900,60.6062,0
13.8400,938966,-0.565063,0.673950,-0.319519,0.352661,74.1655,60.4485,0
13.8500,938976,-0.554565,0.676697,-0.325806,0.358398,74.0474,60.3096,0
13.8600,938986,-0.541748,0.681335,-0.331421,0.364014,73.6978,60.0736,0
13.8700,938996,-0.528687,0.686584,-0.336731,0.368347,73.3165,59.9647,0
13.8800,939006,-0.516479,0.692078,-0.342102,0.370544,72.9468,60.1011,0
13.8900,939016,-0.504761,0.697815,-0.347290,0.371033,72.5908,60.3960,0
13.9000,939026,-0.492310,0.704773,-0.351135,0.371033,72.1864,60.5863,0
13.9100,939036,-0.481262,0.711792,-0.354004,0.369324,71.9066,60.8914,0
13.9200,939046,-0.478699,0.713074,-0.357361,0.367004,72.5767,61.8282,0
13.9300,939056,-0.478455,0.714050,-0.358521,0.364258,73.4799,62.6479,0
13.9400,939066,-0.474915,0.718201,-0.358765,0.360413,73.9009,63.1581,0
13.9500,939076,-0.470093,0.722839,-0.357971,0.358276,74.3325,63.4547,0
13.9600,939086,-0.463989,0.726868,-0.355042,0.361023,75.0109,63.3611,0
13.9700,939096,-0.459717,0.729370,-0.347229,0.368896,76.3598,62.7976,0
13.9800,939106,-0.469543,0.721619,-0.333618,0.384033,79.0208,62.2337,0
13.9900,939116,-0.472839,0.718384,-0.321045,0.396606,80.7523,61.5574,0
14.0000,939126,-0.470215,0.719971,-0.309143,0.406189,82.6860,60.5913,0
14.0100,939136,-0.468994,0.723816,-0.291382,0.413818,85.0624,58.2385,0
14.0200,939146,-0.463928,0.729553,-0.262085,0.428711,89.0826,53.8555,0
14.0300,939156,-0.458496,0.733215,-0.211243,0.455566,91.6210,52.5005,0
14.0400,939166,-0.452698,0.734436,-0.184937,0.470581,91.5197,54.0411,0
14.0500,939176,-0.436462,0.754395,-0.190247,0.451843,91.0877,56.5184,0
14.0600,939186,-0.429932,0.763062,-0.199951,0.439209,90.5344,59.1769,0
14.0700,939196,-0.422363,0.772034,-0.211670,0.425171,89.7026,61.8453,0
14.0800,939206,-0.415344,0.781189,-0.224548,0.408447,88.7501,64.5633,0
14.0900,939216,-0.408569,0.789612,-0.238403,0.390869,87.7415,67.2187,0
14.1000,939226,-0.401306,0.797485,-0.252686,0.373047,86.6450,69.7052,0
14.1100,939236,-0.391541,0.805908,-0.266174,0.355530,85.3105,71.7974,0
14.1200,939246,-0.375793,0.818359,-0.272278,0.338928,83.6004,72.6903,0
14.1300,939256,-0.355774,0.832947,-0.276367,0.321289,81.4968,73.1765,0
14.1400,939266,-0.335754,0.846924,-0.281616,0.301208,79.3585,73.8418,0
14.1500,939276,-0.317871,0.859741,-0.286194,0.279175,77.4662,74.5295,0
14.1600,939286,-0.303040,0.870117,-0.292236,0.256226,75.8892,75.4268,0
14.1700,939296,-0.288940,0.877380,-0.299744,0.238464,74.6221,83.2393,0
14.1800,939306,-0.275208,0.882019,-0.307678,0.227295,73.7174,90.6173,0
14.1900,939316,-0.263367,0.885681,-0.314880,0.216797,73.0520,97.6687,0
14.2000,939326,-0.252747,0.888977,-0.319031,0.209839,72.7499,104.0094,0
14.2100,939336,-0.241638,0.892273,-0.321472,0.205200,72.5437,109.8097,0
14.2200,939346,-0.230591,0.894104,-0.326477,0.202087,72.3706,115.6566,0
