# Sesion:7 Fecha:2026-03-19 09:49:20 Shots:1 Duracion:26,57s
tSeg,yaw,roll,gx,gy,gz,gmag,lax,lay,laz,lamag,ax,ay,az,temp,mx,my,mz,cs,cg,ca,cm,pitchLat
0.0010,-0.077820,-0.037292,-0.669067,0.738159
0.0120,-0.076721,-0.036133,-0.668579,0.738770
0.0210,-0.075684,-0.035095,-0.668152,0.739319
0.0290,-0.074646,-0.034058,-0.667786,0.739807
0.0410,-0.073730,-0.033142,-0.667480,0.740234
0.0490,-0.072876,-0.032227,-0.667114,0.740662
0.0610,-0.072021,-0.031372,-0.666870,0.741028
0.0700,-0.071167,-0.030518,-0.666626,0.741333
0.0820,-0.070374,-0.029724,-0.666443,0.741638
0.0900,-0.069519,-0.028992,-0.666260,0.741882
0.1020,-0.068665,-0.028259,-0.666077,0.742187
0.1100,-0.067810,-0.027527,-0.665832,0.742493
0.1190,-0.066956,-0.026855,-0.665588,0.742859
0.1310,-0.066040,-0.026184,-0.665283,0.743225
0.1400,-0.065063,-0.025513,-0.664978,0.743591
0.1520,-0.064148,-0.024780,-0.664673,0.743957
0.1600,-0.063171,-0.024048,-0.664429,0.744324
0.1720,-0.062195,-0.023315,-0.664124,0.744629
0.1800,-0.061279,-0.022583,-0.663879,0.744934
0.1920,-0.060425,-0.021790,-0.663696,0.745239
0.2010,-0.059509,-0.020996,-0.663574,0.745483
0.2130,-0.058594,-0.020203,-0.663452,0.745666
0.2210,-0.057678,-0.019409,-0.663391,0.745789
0.2290,-0.056763,-0.018616,-0.663330,0.745972
0.2420,-0.055847,-0.017761,-0.663147,0.746155
0.2500,-0.054932,-0.017029,-0.662903,0.746460
0.2620,-0.054077,-0.016235,-0.662598,0.746826
0.2700,-0.053223,-0.015564,-0.662292,0.747192
0.2780,-0.052368,-0.014832,-0.661987,0.747498
0.2910,-0.051636,-0.014160,-0.661865,0.747742
0.2990,-0.050903,-0.013550,-0.661804,0.747803
0.3110,-0.050232,-0.012939,-0.661804,0.747864
0.3190,-0.049500,-0.012390,-0.661926,0.747803
0.3320,-0.048828,-0.011841,-0.662170,0.747681
0.3400,-0.048096,-0.011353,-0.662353,0.747559
0.3520,-0.047424,-0.010864,-0.662476,0.747498
0.3600,-0.046692,-0.010376,-0.662476,0.747559
0.3690,-0.045959,-0.009827,-0.662415,0.747681
0.3810,-0.045166,-0.009338,-0.662231,0.747864
0.3890,-0.044434,-0.008789,-0.661987,0.748169
0.4010,-0.043701,-0.008240,-0.661682,0.748413
0.4100,-0.042908,-0.007690,-0.661438,0.748718
0.4220,-0.042236,-0.007080,-0.661194,0.749023
0.4300,-0.041565,-0.006531,-0.660828,0.749390
0.4420,-0.040955,-0.005981,-0.660400,0.749756
0.4510,-0.040405,-0.005554,-0.659912,0.750244
0.4630,-0.039856,-0.005127,-0.659485,0.750671
0.4710,-0.039429,-0.004761,-0.659058,0.751038
0.4790,-0.039063,-0.004456,-0.658752,0.751343
0.4920,-0.038757,-0.004211,-0.658508,0.751587
0.5030,-0.038513,-0.004089,-0.658325,0.751770
0.5120,-0.038330,-0.004028,-0.658081,0.751953
0.5200,-0.038147,-0.003967,-0.657898,0.752136
0.5280,-0.038025,-0.004028,-0.657715,0.752319
0.5410,-0.037964,-0.004150,-0.657471,0.752502
0.5530,-0.037842,-0.004211,-0.657288,0.752686
0.5610,-0.037781,-0.004333,-0.657166,0.752808
0.5690,-0.037720,-0.004395,-0.657104,0.752869
0.5820,-0.037659,-0.004456,-0.657043,0.752869
0.5930,-0.037598,-0.004517,-0.657043,0.752930
0.6020,-0.037598,-0.004517,-0.656982,0.752991
0.6100,-0.037598,-0.004517,-0.656860,0.753052
0.6180,-0.037598,-0.004517,-0.656799,0.753113
0.6310,-0.037598,-0.004517,-0.656799,0.753113
0.6430,-0.037598,-0.004517,-0.656921,0.752991
0.6510,-0.037598,-0.004517,-0.657043,0.752869
0.6630,-0.037598,-0.004517,-0.657166,0.752747
0.6720,-0.037598,-0.004517,-0.657227,0.752686
0.6840,-0.037598,-0.004517,-0.657227,0.752686
0.6920,-0.037598,-0.004456,-0.657166,0.752808
0.7000,-0.037537,-0.004456,-0.657104,0.752869
0.7120,-0.037476,-0.004395,-0.657043,0.752869
0.7210,-0.037476,-0.004395,-0.657043,0.752869
0.7290,-0.037476,-0.004456,-0.657104,0.752869
0.7410,-0.037415,-0.004517,-0.657166,0.752808
0.7540,-0.037292,-0.004578,-0.657166,0.752808
0.7620,-0.037231,-0.004700,-0.657166,0.752808
0.7700,-0.037170,-0.004761,-0.657104,0.752869
0.7820,-0.037048,-0.004822,-0.657104,0.752869
0.7910,-0.036926,-0.004822,-0.657104,0.752869
0.8030,-0.036804,-0.004822,-0.657104,0.752869
0.8110,-0.036621,-0.004761,-0.657043,0.752991
0.8190,-0.036499,-0.004761,-0.656860,0.753113
0.8310,-0.036377,-0.004639,-0.656677,0.753235
0.8430,-0.036255,-0.004578,-0.656494,0.753418
0.8520,-0.036194,-0.004517,-0.656311,0.753601
0.8600,-0.036133,-0.004517,-0.656128,0.753723
0.8720,-0.036133,-0.004517,-0.656006,0.753845
0.8800,-0.036133,-0.004517,-0.655945,0.753906
0.8930,-0.036133,-0.004517,-0.655884,0.753967
0.9010,-0.036133,-0.004578,-0.655823,0.754028
0.9130,-0.036072,-0.004639,-0.655823,0.754089
0.9220,-0.036011,-0.004700,-0.655701,0.754150
0.9300,-0.035950,-0.004761,-0.655579,0.754211
0.9420,-0.035889,-0.004822,-0.655457,0.754395
0.9500,-0.035828,-0.004883,-0.655273,0.754517
0.9620,-0.035767,-0.004944,-0.655212,0.754578
0.9710,-0.035706,-0.005005,-0.655090,0.754700
0.9830,-0.035706,-0.005005,-0.655029,0.754700
0.9910,-0.035706,-0.005005,-0.655029,0.754761
1.0030,-0.035706,-0.005005,-0.654968,0.754822
1.0120,-0.035767,-0.005005,-0.654846,0.754883
1.0200,-0.035828,-0.004944,-0.654724,0.755005
1.0310,-0.035828,-0.004883,-0.654602,0.755127
1.0410,-0.035828,-0.004883,-0.654541,0.755188
1.0520,-0.035706,-0.004822,-0.654541,0.755188
1.0610,-0.035645,-0.004700,-0.654541,0.755188
1.0690,-0.035461,-0.004639,-0.654541,0.755188
1.0810,-0.035278,-0.004578,-0.654541,0.755188
1.0930,-0.035034,-0.004456,-0.654541,0.755188
1.1020,-0.034790,-0.004272,-0.654541,0.755188
1.1100,-0.034485,-0.004028,-0.654541,0.755249
1.1220,-0.034180,-0.003784,-0.654480,0.755249
1.1310,-0.033875,-0.003540,-0.654419,0.755371
1.1430,-0.033508,-0.003235,-0.654358,0.755432
1.1510,-0.033142,-0.002869,-0.654297,0.755493
1.1630,-0.032715,-0.002502,-0.654297,0.755554
1.1710,-0.032288,-0.002075,-0.654297,0.755554
1.1800,-0.031799,-0.001587,-0.654297,0.755554
1.1920,-0.031250,-0.001099,-0.654297,0.755615
1.2000,-0.030640,-0.000610,-0.654236,0.755676
1.2120,-0.030029,-0.000061,-0.654053,0.755859
1.2210,-0.029358,0.000488,-0.653748,0.756103
1.2320,-0.028687,0.001099,-0.653381,0.756531
1.2410,-0.028076,0.001587,-0.652893,0.756897
1.2530,-0.027405,0.002136,-0.652466,0.757324
1.2620,-0.026794,0.002686,-0.652100,0.757629
1.2700,-0.026184,0.003235,-0.651855,0.757874
1.2820,-0.025513,0.003723,-0.651672,0.758057
1.2900,-0.024902,0.004272,-0.651611,0.758118
1.3020,-0.024292,0.004822,-0.651489,0.758240
1.3100,-0.023682,0.005371,-0.651306,0.758423
1.3220,-0.023010,0.005859,-0.651062,0.758667
1.3310,-0.022400,0.006409,-0.650757,0.758972
1.3390,-0.021729,0.006958,-0.650452,0.759216
1.3520,-0.021118,0.007507,-0.650207,0.759460
1.3640,-0.020447,0.008057,-0.650024,0.759644
1.3720,-0.019775,0.008606,-0.649841,0.759766
1.3800,-0.019043,0.009033,-0.649841,0.759766
1.3920,-0.018372,0.009460,-0.649902,0.759705
1.4010,-0.017639,0.009766,-0.649902,0.759766
1.4090,-0.017029,0.010132,-0.649780,0.759827
1.4210,-0.016357,0.010437,-0.649658,0.760010
1.4300,-0.015747,0.010681,-0.649414,0.760193
1.4420,-0.015198,0.010986,-0.649231,0.760376
1.4540,-0.014709,0.011169,-0.648987,0.760559
1.4620,-0.014221,0.011414,-0.648865,0.760681
1.4710,-0.013794,0.011597,-0.648743,0.760803
1.4820,-0.013428,0.011719,-0.648560,0.760925
1.4910,-0.013123,0.011841,-0.648499,0.761047
1.5030,-0.012817,0.011963,-0.648376,0.761108
1.5110,-0.012634,0.012024,-0.648315,0.761169
1.5190,-0.012451,0.012085,-0.648193,0.761230
1.5320,-0.012329,0.012207,-0.648132,0.761291
1.5400,-0.012268,0.012207,-0.648071,0.761353
1.5520,-0.012268,0.012207,-0.648010,0.761414
1.5610,-0.012268,0.012207,-0.648010,0.761414
1.5720,-0.012390,0.012146,-0.648010,0.761414
1.5810,-0.012451,0.012085,-0.648132,0.761353
1.5890,-0.012573,0.011963,-0.648315,0.761169
1.6020,-0.012695,0.011841,-0.648560,0.760986
1.6130,-0.012878,0.011841,-0.648804,0.760742
1.6220,-0.013000,0.011780,-0.649048,0.760559
1.6300,-0.013062,0.011841,-0.649231,0.760376
1.6420,-0.013123,0.011902,-0.649353,0.760315
1.6510,-0.013123,0.011963,-0.649353,0.760315
1.6630,-0.013123,0.012146,-0.649292,0.760315
1.6710,-0.013062,0.012268,-0.649170,0.760437
1.6800,-0.013000,0.012451,-0.649048,0.760498
1.6920,-0.012878,0.012695,-0.648926,0.760620
1.7030,-0.012817,0.012878,-0.648804,0.760742
1.7120,-0.012695,0.013123,-0.648743,0.760803
1.7200,-0.012512,0.013367,-0.648743,0.760803
1.7320,-0.012329,0.013550,-0.648743,0.760803
1.7410,-0.012085,0.013794,-0.648743,0.760803
1.7490,-0.011780,0.014038,-0.648743,0.760803
1.7610,-0.011475,0.014282,-0.648682,0.760864
1.7700,-0.011169,0.014526,-0.648560,0.760925
1.7820,-0.010864,0.014832,-0.648437,0.761047
1.7900,-0.010498,0.015137,-0.648315,0.761169
1.8020,-0.010071,0.015442,-0.648132,0.761291
1.8110,-0.009705,0.015808,-0.648010,0.761414
1.8220,-0.009338,0.016113,-0.647827,0.761536
1.8310,-0.008911,0.016418,-0.647644,0.761719
1.8390,-0.008484,0.016785,-0.647461,0.761841
1.8510,-0.008057,0.017090,-0.647278,0.762024
1.8590,-0.007690,0.017456,-0.647034,0.762207
1.8720,-0.007324,0.017761,-0.646790,0.762390
1.8800,-0.006958,0.018127,-0.646606,0.762573
1.8920,-0.006531,0.018433,-0.646545,0.762634
1.9000,-0.006104,0.018799,-0.646423,0.762695
1.9120,-0.005676,0.019165,-0.646362,0.762756
1.9210,-0.005188,0.019592,-0.646240,0.762878
1.9290,-0.004639,0.020020,-0.645996,0.763062
1.9420,-0.004089,0.020508,-0.645752,0.763245
1.9500,-0.003479,0.021057,-0.645508,0.763489
1.9620,-0.002808,0.021606,-0.645264,0.763672
1.9700,-0.002075,0.022217,-0.645081,0.763794
1.9820,-0.001282,0.022888,-0.645020,0.763855
1.9910,-0.000488,0.023560,-0.644958,0.763855
2.0030,0.000366,0.024292,-0.644775,0.763977
2.0110,0.001282,0.025024,-0.644653,0.764038
2.0190,0.002197,0.025818,-0.644592,0.764099
2.0320,0.003174,0.026672,-0.644592,0.764099
2.0400,0.004150,0.027527,-0.644531,0.764099
2.0520,0.005249,0.028442,-0.644409,0.764160
2.0610,0.006470,0.029419,-0.644104,0.764343
2.0730,0.007629,0.030518,-0.643677,0.764648
2.0810,0.008911,0.031677,-0.643127,0.765076
2.0930,0.010193,0.032898,-0.642395,0.765625
2.1010,0.011475,0.034180,-0.641541,0.766235
2.1090,0.012817,0.035461,-0.640686,0.766846
2.1220,0.014221,0.036804,-0.639954,0.767395
2.1300,0.015686,0.038208,-0.639343,0.767822
2.1420,0.017273,0.039612,-0.638794,0.768127
2.1510,0.018921,0.041138,-0.638306,0.768433
2.1620,0.020691,0.042786,-0.637817,0.768738
2.1710,0.022522,0.044434,-0.637207,0.769043
2.1790,0.024475,0.046204,-0.636475,0.769470
2.1910,0.026428,0.048096,-0.635681,0.769958
2.2000,0.028503,0.050049,-0.634827,0.770508
2.2120,0.030640,0.052124,-0.633972,0.770996
2.2200,0.032898,0.054260,-0.633118,0.771423
2.2320,0.035278,0.056519,-0.632324,0.771851
2.2410,0.037842,0.058899,-0.631470,0.772217
2.2520,0.040466,0.061340,-0.630676,0.772583
2.2610,0.043213,0.063843,-0.629761,0.772949
2.2700,0.045959,0.066467,-0.628723,0.773437
2.2810,0.048462,0.069275,-0.627563,0.773987
2.2890,0.051270,0.071899,-0.626282,0.774597
2.3020,0.054016,0.074646,-0.624939,0.775269
2.3100,0.056763,0.077454,-0.623474,0.775940
2.3220,0.059631,0.080383,-0.621948,0.776611
2.3310,0.062561,0.083374,-0.620422,0.777283
2.3430,0.065430,0.086365,-0.618835,0.778015
2.3510,0.068298,0.089416,-0.617249,0.778687
2.3590,0.071167,0.092346,-0.615662,0.779297
2.3720,0.073914,0.095276,-0.614075,0.779968
2.3830,0.076477,0.098145,-0.612427,0.780640
2.3920,0.079163,0.100891,-0.610901,0.781250
2.4000,0.081787,0.103516,-0.609436,0.781799
2.4120,0.084412,0.106079,-0.608093,0.782227
2.4210,0.087036,0.108582,-0.606812,0.782532
2.4330,0.089722,0.111084,-0.605652,0.782837
2.4400,0.092346,0.113525,-0.604492,0.783081
2.4530,0.094849,0.115906,-0.603332,0.783264
2.4620,0.097229,0.118286,-0.602112,0.783569
2.4730,0.099426,0.120667,-0.600830,0.783936
2.4820,0.101563,0.122986,-0.599609,0.784241
2.4900,0.103577,0.125305,-0.598389,0.784546
2.5020,0.105591,0.127563,-0.597351,0.784668
2.5110,0.107605,0.129822,-0.596497,0.784729
2.5230,0.109680,0.132080,-0.595703,0.784668
2.5310,0.111816,0.134277,-0.594971,0.784546
2.5430,0.114014,0.136536,-0.594238,0.784363
2.5520,0.116211,0.138672,-0.593445,0.784241
2.5640,0.118347,0.140808,-0.592651,0.784180
2.5720,0.120422,0.142883,-0.591736,0.784180
2.5810,0.122375,0.145020,-0.590698,0.784302
2.5920,0.124329,0.147156,-0.589539,0.784424
2.6010,0.126221,0.149292,-0.588318,0.784607
2.6130,0.128113,0.151428,-0.587097,0.784851
2.6210,0.130005,0.153564,-0.585754,0.785095
2.6330,0.131958,0.155579,-0.584473,0.785339
2.6420,0.133789,0.157654,-0.583252,0.785522
2.6500,0.135620,0.159668,-0.582031,0.785706
2.6620,0.137451,0.161621,-0.580933,0.785828
2.6700,0.139343,0.163574,-0.579895,0.785828
2.6830,0.141724,0.165100,-0.578979,0.785767
2.6910,0.143616,0.166992,-0.577881,0.785828
2.7030,0.145447,0.168884,-0.576660,0.786011
2.7110,0.147156,0.170776,-0.575195,0.786377
2.7240,0.148804,0.172607,-0.573669,0.786743
2.7320,0.150391,0.174438,-0.572144,0.787170
2.7400,0.152100,0.176208,-0.570679,0.787476
2.7520,0.153809,0.177917,-0.569397,0.787720
2.7610,0.155457,0.179565,-0.568176,0.787903
2.7730,0.157043,0.181213,-0.567078,0.787964
2.7810,0.158691,0.182739,-0.566040,0.788086
2.7930,0.160217,0.184326,-0.564941,0.788147
2.8020,0.161743,0.185913,-0.563782,0.788269
2.8140,0.163208,0.187500,-0.562683,0.788391
2.8220,0.164734,0.188965,-0.561645,0.788513
2.8310,0.166504,0.190308,-0.560669,0.788452
2.8420,0.168091,0.191650,-0.559753,0.788452
2.8510,0.169678,0.192993,-0.558777,0.788513
2.8630,0.171143,0.194336,-0.557617,0.788696
2.8710,0.172485,0.195618,-0.556335,0.788940
2.8830,0.173889,0.196777,-0.555054,0.789307
2.8920,0.175049,0.197937,-0.553711,0.789673
2.9040,0.176086,0.199097,-0.552551,0.789978
2.9120,0.177124,0.200256,-0.551575,0.790100
2.9200,0.178162,0.201233,-0.550842,0.790100
2.9320,0.179443,0.202087,-0.550354,0.789978
2.9410,0.180603,0.202942,-0.549927,0.789795
2.9530,0.181763,0.203796,-0.549438,0.789612
2.9610,0.182861,0.204712,-0.548889,0.789551
2.9730,0.183899,0.205566,-0.548279,0.789551
2.9820,0.184814,0.206421,-0.547485,0.789612
2.9900,0.185608,0.207336,-0.546631,0.789734
3.0020,0.186401,0.208313,-0.545837,0.789917
3.0110,0.187134,0.209167,-0.545105,0.789978
3.0220,0.187927,0.209961,-0.544556,0.789978
3.0310,0.188965,0.210632,-0.544128,0.789856
3.0430,0.189880,0.211365,-0.543762,0.789673
3.0510,0.190796,0.212158,-0.543457,0.789429
3.0630,0.191711,0.212891,-0.543213,0.789246
3.0720,0.192627,0.213623,-0.542908,0.789001
3.0800,0.193481,0.214417,-0.542541,0.788818
3.0920,0.194336,0.215210,-0.542114,0.788696
3.1010,0.195129,0.216064,-0.541748,0.788513
3.1130,0.195923,0.217041,-0.541260,0.788391
3.1210,0.196655,0.217957,-0.540832,0.788208
3.1330,0.197449,0.218994,-0.540344,0.788086
3.1410,0.198303,0.220032,-0.539856,0.787903
3.1540,0.199158,0.221069,-0.539368,0.787781
3.1620,0.199951,0.222107,-0.538818,0.787659
3.1700,0.200745,0.223145,-0.538269,0.787537
3.1820,0.201538,0.224243,-0.537720,0.787353
3.1910,0.202332,0.225220,-0.537292,0.787170
3.2030,0.203247,0.226135,-0.536926,0.786926
3.2110,0.204285,0.226929,-0.536743,0.786560
3.2230,0.205383,0.227661,-0.536682,0.786133
3.2320,0.206543,0.228271,-0.536682,0.785645
3.2440,0.207703,0.228943,-0.536621,0.785156
3.2520,0.208801,0.229614,-0.536438,0.784790
3.2600,0.209717,0.230469,-0.536011,0.784607
3.2730,0.210571,0.231445,-0.535400,0.784546
3.2810,0.211365,0.232483,-0.534546,0.784546
3.2930,0.212097,0.233521,-0.533752,0.784607
3.3010,0.212891,0.234619,-0.533020,0.784546
3.3130,0.213806,0.235718,-0.532349,0.784424
3.3220,0.214722,0.236755,-0.531738,0.784302
3.3300,0.215637,0.237793,-0.531128,0.784119
3.3420,0.216614,0.238831,-0.530457,0.783997
3.3500,0.217468,0.239807,-0.529602,0.783997
3.3630,0.218201,0.240906,-0.528687,0.784119
3.3710,0.218811,0.241943,-0.527649,0.784302
3.3830,0.219299,0.243103,-0.526611,0.784546
3.3910,0.219849,0.243958,-0.525757,0.784668
3.4030,0.220520,0.244751,-0.525085,0.784668
3.4120,0.221191,0.245361,-0.524658,0.784607
3.4200,0.221985,0.245972,-0.524414,0.784363
3.4320,0.222839,0.246460,-0.524231,0.784058
3.4410,0.223633,0.247009,-0.523987,0.783813
3.4520,0.224426,0.247620,-0.523560,0.783691
3.4610,0.225159,0.248352,-0.522949,0.783691
3.4730,0.225769,0.249146,-0.522095,0.783813
3.4820,0.226318,0.250061,-0.521118,0.784058
3.4930,0.226807,0.250977,-0.520142,0.784241
3.5020,0.227417,0.251770,-0.519287,0.784363
3.5100,0.227966,0.252502,-0.518555,0.784485
3.5220,0.228638,0.253052,-0.518005,0.784424
3.5310,0.229797,0.253235,-0.517700,0.784241
3.5430,0.230469,0.253784,-0.517334,0.784119
3.5510,0.231079,0.254333,-0.516968,0.784058
3.5630,0.231567,0.254944,-0.516541,0.783936
3.5720,0.231995,0.255615,-0.516052,0.783936
3.5830,0.232361,0.256409,-0.515442,0.783936
3.5920,0.232666,0.257263,-0.514770,0.784058
3.6000,0.232971,0.258118,-0.514099,0.784119
3.6130,0.233215,0.258972,-0.513489,0.784119
3.6210,0.233521,0.259827,-0.513000,0.784119
3.6330,0.233826,0.260620,-0.512512,0.784058
3.6410,0.234131,0.261353,-0.512207,0.783936
3.6530,0.234558,0.262085,-0.511902,0.783752
3.6620,0.234924,0.262756,-0.511719,0.783508
3.6730,0.235352,0.263489,-0.511475,0.783325
3.6820,0.235718,0.264282,-0.511169,0.783142
3.6900,0.236084,0.265076,-0.510803,0.782959
3.7030,0.236450,0.265869,-0.510376,0.782898
3.7110,0.236755,0.266724,-0.509949,0.782776
3.7230,0.237061,0.267456,-0.509582,0.782654
3.7310,0.237366,0.268188,-0.509338,0.782532
3.7440,0.237671,0.268738,-0.509094,0.782349
3.7520,0.237915,0.269287,-0.508972,0.782227
3.7640,0.237915,0.269287,-0.508972,0.782227
3.7720,0.238037,0.270081,-0.508728,0.782043
3.7800,0.237549,0.270691,-0.508545,0.782104
3.7920,0.237305,0.270935,-0.508545,0.782104
3.8010,0.237305,0.270935,-0.508545,0.782104
3.8130,0.236511,0.270935,-0.509033,0.782043
3.8220,0.236023,0.270752,-0.509338,0.781982
3.8330,0.234558,0.270996,-0.509460,0.782288
3.8420,0.233826,0.270508,-0.509949,0.782349
3.8540,0.233826,0.270508,-0.509949,0.782349
3.8630,0.232117,0.269226,-0.511291,0.782471
3.8740,0.231140,0.268372,-0.512085,0.782532
3.8830,0.230164,0.267334,-0.512939,0.782593
3.8910,0.230164,0.267334,-0.512939,0.782593
3.9030,0.227661,0.265320,-0.514770,0.782837
3.9110,0.226318,0.264160,-0.515747,0.782959
3.9230,0.224854,0.262939,-0.516724,0.783142
3.9320,0.224854,0.262939,-0.516724,0.783142
3.9440,0.223267,0.261719,-0.517761,0.783325
3.9520,0.219971,0.259094,-0.519836,0.783752
3.9640,0.218201,0.257690,-0.520935,0.783997
3.9730,0.218201,0.257690,-0.520935,0.783997
3.9810,0.216370,0.256226,-0.522034,0.784241
3.9930,0.214478,0.254761,-0.523193,0.784485
4.0020,0.210754,0.251648,-0.525635,0.784790
4.0140,0.208862,0.250122,-0.526916,0.784973
4.0220,0.208862,0.250122,-0.526916,0.784973
4.0340,0.206909,0.248535,-0.528198,0.785095
4.0430,0.203308,0.245239,-0.530762,0.785400
4.0550,0.201355,0.243652,-0.532043,0.785522
4.0630,0.201355,0.243652,-0.532043,0.785522
4.0720,0.199341,0.242065,-0.533264,0.785706
4.0830,0.197327,0.240479,-0.534485,0.785828
4.0920,0.194397,0.236633,-0.537537,0.785645
4.1030,0.194397,0.236633,-0.537537,0.785645
4.1120,0.192383,0.235046,-0.538940,0.785645
4.1240,0.190430,0.233459,-0.540344,0.785645
4.1330,0.187561,0.229431,-0.543457,0.785400
4.1410,0.187561,0.229431,-0.543457,0.785400
4.1530,0.185547,0.227844,-0.544800,0.785400
4.1610,0.183533,0.226257,-0.546204,0.785339
4.1740,0.181641,0.224609,-0.547546,0.785339
4.1820,0.179688,0.223022,-0.548828,0.785339
4.1940,0.178284,0.221008,-0.550171,0.785278
4.2020,0.176392,0.219299,-0.551331,0.785400
4.2150,0.174500,0.217651,-0.552490,0.785461
4.2230,0.172607,0.215881,-0.553650,0.785522
4.2310,0.170776,0.214172,-0.554932,0.785522
4.2430,0.168945,0.212402,-0.556213,0.785522
4.2520,0.167114,0.210632,-0.557434,0.785461
4.2640,0.165283,0.208923,-0.558716,0.785400
4.2720,0.163452,0.207275,-0.559875,0.785400
4.2840,0.161560,0.205566,-0.561157,0.785339
4.2920,0.159851,0.203796,-0.562439,0.785217
4.3050,0.158081,0.202026,-0.563843,0.785034
4.3130,0.156311,0.200256,-0.565247,0.784851
4.3250,0.154602,0.198486,-0.566650,0.784607
4.3330,0.152832,0.196777,-0.567993,0.784424
4.3420,0.151062,0.195129,-0.569214,0.784241
4.3540,0.149231,0.193542,-0.570435,0.784119
4.3620,0.147400,0.191956,-0.571533,0.784058
4.3740,0.145569,0.190369,-0.572632,0.783997
4.3830,0.143738,0.188843,-0.573669,0.783936
4.3950,0.141785,0.187378,-0.574707,0.783874
4.4030,0.140015,0.185852,-0.575806,0.783813
4.4150,0.138306,0.184387,-0.576904,0.783630
4.4240,0.136597,0.182861,-0.578064,0.783447
4.4320,0.135010,0.181335,-0.579224,0.783203
4.4430,0.133362,0.179932,-0.580383,0.782959
4.4520,0.131775,0.178467,-0.581482,0.782715
4.4640,0.130249,0.177124,-0.582520,0.782532
4.4730,0.128662,0.175781,-0.583496,0.782349
4.4840,0.127197,0.174438,-0.584473,0.782166
4.4930,0.125732,0.173157,-0.585449,0.781982
4.5050,0.124329,0.171875,-0.586487,0.781738
4.5140,0.122925,0.170593,-0.587463,0.781433
4.5250,0.121460,0.169434,-0.588440,0.781189
4.5340,0.120056,0.168213,-0.589416,0.780945
4.5420,0.118652,0.167114,-0.590332,0.780701
4.5540,0.117310,0.165955,-0.591309,0.780395
4.5630,0.116028,0.164856,-0.592346,0.780090
4.5740,0.114807,0.163696,-0.593323,0.779724
4.5830,0.113647,0.162598,-0.594360,0.779358
4.5910,0.112488,0.161438,-0.595398,0.778992
4.6040,0.111389,0.160339,-0.596436,0.778503
4.6120,0.110291,0.159241,-0.597534,0.778076
4.6240,0.109253,0.158203,-0.598572,0.777649
4.6320,0.108215,0.157166,-0.599609,0.777222
4.6440,0.107178,0.156189,-0.600525,0.776855
4.6530,0.106201,0.155212,-0.601379,0.776489
4.6650,0.105225,0.154297,-0.602234,0.776184
4.6730,0.104248,0.153381,-0.602966,0.775940
4.6820,0.103271,0.152588,-0.603638,0.775696
4.6940,0.102295,0.151794,-0.604248,0.775452
4.7020,0.101440,0.151001,-0.604919,0.775207
4.7140,0.100586,0.150208,-0.605591,0.774963
4.7230,0.099731,0.149414,-0.606323,0.774658
4.7340,0.098938,0.148621,-0.607056,0.774353
4.7430,0.098145,0.147888,-0.607727,0.774048
4.7550,0.097351,0.147095,-0.608398,0.773804
4.7630,0.096558,0.146423,-0.609009,0.773560
4.7750,0.095703,0.145752,-0.609558,0.773315
4.7840,0.094910,0.145081,-0.610046,0.773132
4.7920,0.094116,0.144409,-0.610596,0.772949
4.8040,0.093262,0.143799,-0.611084,0.772827
4.8120,0.092407,0.143127,-0.611450,0.772705
4.8250,0.091614,0.142456,-0.611816,0.772644
4.8330,0.090820,0.141724,-0.612183,0.772583
4.8410,0.089966,0.141052,-0.612549,0.772522
4.8540,0.089172,0.140259,-0.612976,0.772400
4.8660,0.088379,0.139465,-0.613525,0.772217
4.8740,0.087585,0.138550,-0.614136,0.771973
4.8820,0.086792,0.137695,-0.614807,0.771728
4.8940,0.085999,0.136841,-0.615417,0.771423
4.9030,0.085205,0.135986,-0.616028,0.771179
4.9140,0.084351,0.135132,-0.616516,0.771057
4.9230,0.083496,0.134338,-0.616943,0.770996
4.9310,0.082642,0.133545,-0.617249,0.770935
4.9430,0.081726,0.132813,-0.617615,0.770874
4.9550,0.080811,0.132019,-0.618042,0.770752
4.9640,0.079895,0.131226,-0.618591,0.770508
4.9760,0.079102,0.130371,-0.619263,0.770264
4.9840,0.078247,0.129578,-0.619934,0.769897
4.9930,0.077393,0.128723,-0.620728,0.769531
5.0050,0.076599,0.127930,-0.621460,0.769165
5.0130,0.075745,0.127136,-0.622192,0.768738
5.0250,0.074951,0.126404,-0.622925,0.768372
5.0330,0.074219,0.125671,-0.623657,0.767944
5.0420,0.073425,0.124939,-0.624329,0.767578
5.0540,0.072632,0.124329,-0.624939,0.767273
5.0660,0.071777,0.123657,-0.625488,0.767029
5.0750,0.070984,0.123047,-0.625977,0.766785
5.0830,0.070190,0.122437,-0.626343,0.766663
5.0910,0.069458,0.121826,-0.626709,0.766541
5.1030,0.068726,0.121155,-0.627136,0.766357
5.1160,0.067993,0.120544,-0.627563,0.766174
5.1240,0.067261,0.119873,-0.628052,0.765930
5.1320,0.066589,0.119202,-0.628601,0.765625
5.1440,0.065857,0.118530,-0.629150,0.765320
5.1560,0.065125,0.117859,-0.629700,0.765076
5.1650,0.064453,0.117188,-0.630249,0.764770
5.1730,0.063660,0.116455,-0.630798,0.764526
5.1810,0.062988,0.115723,-0.631287,0.764282
5.1930,0.062317,0.115051,-0.631836,0.763977
5.2060,0.061646,0.114319,-0.632324,0.763733
5.2140,0.060974,0.113586,-0.632751,0.763550
5.2260,0.060303,0.112793,-0.633179,0.763367
5.2340,0.059631,0.112061,-0.633545,0.763184
5.2430,0.058960,0.111328,-0.633850,0.763123
5.2550,0.058228,0.110596,-0.634216,0.763000
5.2630,0.057556,0.109802,-0.634521,0.762878
5.2750,0.056946,0.109009,-0.634888,0.762756
5.2840,0.056274,0.108215,-0.635315,0.762573
5.2920,0.055664,0.107361,-0.635742,0.762390
5.3040,0.055054,0.106567,-0.636169,0.762207
5.3160,0.054382,0.105835,-0.636536,0.762024
5.3240,0.053772,0.105103,-0.636902,0.761841
5.3330,0.053162,0.104370,-0.637329,0.761658
5.3410,0.052490,0.103699,-0.637756,0.761475
5.3530,0.051880,0.102966,-0.638184,0.761169
5.3650,0.051208,0.102356,-0.638733,0.760864
5.3740,0.050598,0.101746,-0.639221,0.760559
5.3810,0.049988,0.101135,-0.639770,0.760254
5.3940,0.049316,0.100586,-0.640259,0.759949
5.4060,0.048645,0.100037,-0.640686,0.759705
5.4150,0.047974,0.099548,-0.641113,0.759460
5.4230,0.047302,0.099060,-0.641479,0.759277
5.4310,0.046692,0.098572,-0.641846,0.759033
5.4440,0.046082,0.098083,-0.642212,0.758850
5.4550,0.045471,0.097656,-0.642517,0.758667
5.4640,0.044922,0.097229,-0.642822,0.758484
5.4750,0.044373,0.096802,-0.643188,0.758240
5.4840,0.043884,0.096436,-0.643555,0.757996
5.4920,0.043396,0.096008,-0.643982,0.757751
5.5050,0.042908,0.095642,-0.644409,0.757507
5.5130,0.042358,0.095276,-0.644775,0.757202
5.5250,0.041870,0.094849,-0.645203,0.756958
5.5330,0.041382,0.094482,-0.645630,0.756653
5.5450,0.040894,0.094055,-0.646057,0.756348
5.5540,0.040466,0.093628,-0.646484,0.756103
5.5660,0.040039,0.093201,-0.646851,0.755859
5.5740,0.039612,0.092773,-0.647095,0.755676
5.5830,0.039124,0.092346,-0.647278,0.755615
5.5940,0.038635,0.091919,-0.647461,0.755554
5.6030,0.038147,0.091492,-0.647583,0.755493
5.6150,0.037598,0.091064,-0.647766,0.755432
5.6240,0.037109,0.090576,-0.648010,0.755310
5.6350,0.036560,0.090088,-0.648315,0.755127
5.6440,0.036011,0.089600,-0.648682,0.754883
5.6560,0.035522,0.089050,-0.649170,0.754578
5.6650,0.034973,0.088562,-0.649597,0.754272
5.6760,0.034424,0.088013,-0.650024,0.753967
5.6850,0.033875,0.087463,-0.650391,0.753784
5.6930,0.033264,0.086975,-0.650757,0.753601
5.7050,0.032776,0.086365,-0.651062,0.753418
5.7140,0.032227,0.085815,-0.651367,0.753174
5.7260,0.031738,0.085266,-0.651733,0.752991
5.7340,0.031250,0.084778,-0.652039,0.752808
5.7420,0.030762,0.084290,-0.652344,0.752624
5.7550,0.030273,0.083740,-0.652649,0.752380
5.7670,0.029846,0.083252,-0.653015,0.752136
5.7750,0.029419,0.082764,-0.653381,0.751892
5.7830,0.029053,0.082275,-0.653748,0.751648
5.7950,0.028625,0.081848,-0.654114,0.751404
5.8040,0.028320,0.081360,-0.654480,0.751160
5.8160,0.027954,0.080994,-0.654785,0.750977
5.8240,0.027649,0.080566,-0.655090,0.750732
5.8320,0.027405,0.080200,-0.655334,0.750549
5.8450,0.027100,0.079956,-0.655518,0.750427
5.8530,0.026794,0.079651,-0.655701,0.750305
5.8650,0.026489,0.079407,-0.655823,0.750244
5.8740,0.026184,0.079102,-0.656006,0.750122
5.8850,0.025879,0.078857,-0.656189,0.750000
5.8940,0.025635,0.078552,-0.656372,0.749878
5.9060,0.025330,0.078308,-0.656677,0.749695
5.9140,0.025024,0.078003,-0.656921,0.749512
5.9260,0.024780,0.077759,-0.657166,0.749268
5.9350,0.024536,0.077515,-0.657471,0.749084
5.9430,0.024231,0.077209,-0.657715,0.748901
5.9550,0.023987,0.076965,-0.657959,0.748718
5.9640,0.023682,0.076721,-0.658264,0.748535
5.9760,0.023376,0.076416,-0.658508,0.748291
5.9840,0.023071,0.076172,-0.658813,0.748108
5.9920,0.022827,0.075867,-0.659119,0.747864
6.0040,0.022522,0.075623,-0.659424,0.747620
6.0160,0.022278,0.075378,-0.659729,0.747375
6.0250,0.022034,0.075073,-0.659973,0.747192
6.0330,0.021790,0.074829,-0.660278,0.747009
6.0450,0.021484,0.074585,-0.660522,0.746826
6.0540,0.021179,0.074280,-0.660706,0.746643
6.0660,0.020874,0.073975,-0.660950,0.746521
6.0740,0.020569,0.073730,-0.661133,0.746338
6.0820,0.020264,0.073425,-0.661377,0.746216
6.0940,0.019958,0.073120,-0.661621,0.746033
6.1070,0.019653,0.072815,-0.661865,0.745850
6.1150,0.019287,0.072449,-0.662170,0.745605
6.1230,0.018921,0.072144,-0.662476,0.745361
6.1350,0.018616,0.071777,-0.662781,0.745117
6.1440,0.018250,0.071411,-0.663147,0.744873
6.1560,0.017883,0.071106,-0.663452,0.744629
6.1640,0.017578,0.070801,-0.663757,0.744385
6.1760,0.017212,0.070435,-0.664001,0.744202
6.1840,0.016907,0.070129,-0.664246,0.744019
6.1930,0.016541,0.069763,-0.664490,0.743835
6.2050,0.016174,0.069397,-0.664734,0.743652
6.2130,0.015808,0.069092,-0.665039,0.743469
6.2260,0.015503,0.068787,-0.665344,0.743225
6.2330,0.015137,0.068420,-0.665649,0.742981
6.2420,0.014893,0.068176,-0.665894,0.742798
6.2540,0.014587,0.067871,-0.666199,0.742554
6.2660,0.014282,0.067688,-0.666443,0.742371
6.2750,0.013977,0.067505,-0.666626,0.742187
6.2830,0.013733,0.067322,-0.666870,0.742004
6.2950,0.013428,0.067139,-0.667053,0.741882
6.3040,0.013184,0.066895,-0.667175,0.741760
6.3160,0.012939,0.066650,-0.667358,0.741638
6.3240,0.012695,0.066406,-0.667480,0.741516
6.3320,0.012390,0.066162,-0.667603,0.741516
6.3440,0.012146,0.065918,-0.667664,0.741455
6.3560,0.011841,0.065613,-0.667725,0.741394
6.3650,0.011536,0.065308,-0.667847,0.741333
6.3730,0.011230,0.065063,-0.667908,0.741272
6.3850,0.010925,0.064758,-0.668030,0.741211
6.3930,0.010559,0.064453,-0.668152,0.741150
6.4060,0.010254,0.064209,-0.668213,0.741089
6.4140,0.009949,0.063904,-0.668335,0.741028
6.4260,0.009644,0.063599,-0.668396,0.740967
6.4340,0.009338,0.063354,-0.668518,0.740906
6.4430,0.009094,0.063049,-0.668640,0.740845
6.4550,0.008789,0.062805,-0.668762,0.740784
6.4630,0.008484,0.062500,-0.668884,0.740723
6.4750,0.008179,0.062195,-0.669006,0.740601
6.4840,0.007813,0.061951,-0.669128,0.740478
6.4920,0.007507,0.061646,-0.669312,0.740417
6.5040,0.007141,0.061340,-0.669495,0.740234
6.5160,0.006775,0.061096,-0.669678,0.740112
6.5240,0.006409,0.060852,-0.669861,0.739990
6.5330,0.006042,0.060608,-0.670044,0.739807
6.5450,0.005676,0.060425,-0.670227,0.739685
6.5530,0.005310,0.060242,-0.670349,0.739563
6.5650,0.004944,0.060059,-0.670471,0.739502
6.5780,0.004578,0.059937,-0.670532,0.739441
6.5820,0.004211,0.059753,-0.670654,0.739380
6.5940,0.003845,0.059570,-0.670776,0.739258
6.6060,0.003540,0.059387,-0.670898,0.739136
6.6150,0.003174,0.059204,-0.671082,0.739014
6.6230,0.002869,0.059021,-0.671204,0.738953
6.6350,0.002502,0.058838,-0.671326,0.738831
6.6430,0.002197,0.058594,-0.671387,0.738770
6.6560,0.001831,0.058411,-0.671448,0.738708
6.6640,0.001465,0.058167,-0.671570,0.738647
6.6760,0.001099,0.057922,-0.671692,0.738586
6.6840,0.000793,0.057617,-0.671814,0.738464
6.6930,0.000488,0.057312,-0.671997,0.738342
6.7050,0.000244,0.057068,-0.672180,0.738220
6.7170,-0.000061,0.056824,-0.672302,0.738098
6.7250,-0.000305,0.056580,-0.672363,0.738037
6.7330,-0.000610,0.056396,-0.672424,0.737976
6.7460,-0.000916,0.056213,-0.672485,0.737976
6.7540,-0.001160,0.056030,-0.672485,0.737976
6.7660,-0.001404,0.055908,-0.672424,0.738037
6.7750,-0.001648,0.055725,-0.672424,0.738098
6.7830,-0.001831,0.055542,-0.672363,0.738098
6.7950,-0.002014,0.055359,-0.672302,0.738159
6.8030,-0.002258,0.055176,-0.672241,0.738220
6.8150,-0.002502,0.054932,-0.672241,0.738281
6.8280,-0.002747,0.054749,-0.672241,0.738281
6.8320,-0.002991,0.054504,-0.672302,0.738220
6.8440,-0.003235,0.054260,-0.672363,0.738220
6.8560,-0.003479,0.054016,-0.672424,0.738159
6.8640,-0.003723,0.053772,-0.672485,0.738098
6.8720,-0.004028,0.053528,-0.672546,0.738098
6.8850,-0.004272,0.053345,-0.672607,0.738098
6.8930,-0.004517,0.053101,-0.672668,0.738037
6.9050,-0.004761,0.052856,-0.672729,0.737976
6.9180,-0.004944,0.052673,-0.672791,0.737976
6.9250,-0.005249,0.052490,-0.672791,0.737976
6.9340,-0.005432,0.052307,-0.672791,0.737976
6.9420,-0.005615,0.052124,-0.672852,0.737915
6.9540,-0.005859,0.051941,-0.672913,0.737854
6.9630,-0.006042,0.051758,-0.673035,0.737793
6.9750,-0.006226,0.051575,-0.673096,0.737732
6.9830,-0.006409,0.051392,-0.673157,0.737671
6.9960,-0.006653,0.051208,-0.673157,0.737671
7.0040,-0.006836,0.051025,-0.673157,0.737671
7.0160,-0.007080,0.050842,-0.673218,0.737671
7.0240,-0.007263,0.050659,-0.673218,0.737671
7.0360,-0.007446,0.050476,-0.673279,0.737610
7.0440,-0.007690,0.050293,-0.673279,0.737610
7.0530,-0.007874,0.050110,-0.673279,0.737610
7.0650,-0.008057,0.049927,-0.673279,0.737610
7.0770,-0.008240,0.049744,-0.673279,0.737671
7.0850,-0.008423,0.049561,-0.673279,0.737671
7.0940,-0.008606,0.049438,-0.673279,0.737671
7.1060,-0.008789,0.049255,-0.673218,0.737732
7.1150,-0.008972,0.049072,-0.673218,0.737732
7.1260,-0.009155,0.048950,-0.673218,0.737793
7.1350,-0.009338,0.048767,-0.673218,0.737793
7.1430,-0.009521,0.048584,-0.673218,0.737793
7.1550,-0.009705,0.048401,-0.673279,0.737793
7.1670,-0.009949,0.048218,-0.673279,0.737793
7.1760,-0.010132,0.048035,-0.673279,0.737732
7.1840,-0.010315,0.047852,-0.673279,0.737732
7.1960,-0.010498,0.047729,-0.673340,0.737732
7.2050,-0.010681,0.047546,-0.673401,0.737671
7.2160,-0.010864,0.047363,-0.673462,0.737610
7.2250,-0.011047,0.047180,-0.673584,0.737549
7.2330,-0.011230,0.046997,-0.673645,0.737427
7.2450,-0.011414,0.046814,-0.673767,0.737366
7.2540,-0.011658,0.046631,-0.673828,0.737366
7.2650,-0.011841,0.046448,-0.673889,0.737305
7.2740,-0.012024,0.046265,-0.673950,0.737244
7.2860,-0.012146,0.046143,-0.674011,0.737183
7.2940,-0.012329,0.046021,-0.674011,0.737183
7.3030,-0.012451,0.045898,-0.674011,0.737183
7.3150,-0.012573,0.045776,-0.674011,0.737183
7.3230,-0.012695,0.045654,-0.673950,0.737244
7.3350,-0.012817,0.045593,-0.673950,0.737244
7.3430,-0.012939,0.045471,-0.673950,0.737244
7.3560,-0.013000,0.045349,-0.673950,0.737244
7.3630,-0.013184,0.045227,-0.673950,0.737244
7.3760,-0.013306,0.045105,-0.673950,0.737244
7.3850,-0.013428,0.044983,-0.673950,0.737244
7.3930,-0.013489,0.044861,-0.674011,0.737244
7.4050,-0.013611,0.044678,-0.674011,0.737244
7.4130,-0.013733,0.044556,-0.674011,0.737244
7.4250,-0.013916,0.044434,-0.674011,0.737244
7.4330,-0.014038,0.044312,-0.674011,0.737244
7.4460,-0.014221,0.044128,-0.674011,0.737244
7.4540,-0.014343,0.044006,-0.674011,0.737244
7.4670,-0.014526,0.043823,-0.674072,0.737244
7.4750,-0.014648,0.043701,-0.674072,0.737244
7.4830,-0.014832,0.043579,-0.674072,0.737244
7.4950,-0.015015,0.043396,-0.674072,0.737244
7.5040,-0.015137,0.043274,-0.674072,0.737244
7.5150,-0.015320,0.043091,-0.674072,0.737244
7.5240,-0.015503,0.042908,-0.674194,0.737122
7.5360,-0.015686,0.042786,-0.674316,0.737061
7.5440,-0.015869,0.042603,-0.674438,0.736938
7.5570,-0.016052,0.042480,-0.674561,0.736816
7.5650,-0.016174,0.042358,-0.674622,0.736755
7.5730,-0.016296,0.042236,-0.674622,0.736755
7.5850,-0.016418,0.042114,-0.674561,0.736816
7.5940,-0.016541,0.041992,-0.674438,0.736938
7.6060,-0.016663,0.041870,-0.674377,0.736999
7.6140,-0.016785,0.041809,-0.674377,0.736999
7.6260,-0.016907,0.041687,-0.674377,0.736999
7.6350,-0.016968,0.041565,-0.674438,0.736938
7.6430,-0.017090,0.041504,-0.674499,0.736938
7.6550,-0.017212,0.041382,-0.674499,0.736877
7.6630,-0.017334,0.041260,-0.674499,0.736877
7.6750,-0.017456,0.041138,-0.674499,0.736877
7.6840,-0.017639,0.041016,-0.674561,0.736877
7.6960,-0.017761,0.040894,-0.674561,0.736816
7.7040,-0.017944,0.040710,-0.674683,0.736755
7.7160,-0.018066,0.040588,-0.674805,0.736694
7.7250,-0.018250,0.040405,-0.674866,0.736633
7.7330,-0.018433,0.040283,-0.674866,0.736633
7.7450,-0.018555,0.040100,-0.674866,0.736633
7.7530,-0.018738,0.039978,-0.674805,0.736633
7.7650,-0.018860,0.039856,-0.674744,0.736755
7.7740,-0.018921,0.039795,-0.674683,0.736816
7.7860,-0.019043,0.039734,-0.674561,0.736877
7.7940,-0.019104,0.039612,-0.674499,0.736938
7.8060,-0.019226,0.039551,-0.674438,0.736999
7.8150,-0.019287,0.039490,-0.674438,0.736999
7.8230,-0.019409,0.039368,-0.674438,0.736999
7.8350,-0.019470,0.039307,-0.674438,0.736999
7.8440,-0.019592,0.039185,-0.674438,0.736999
7.8560,-0.019714,0.039063,-0.674499,0.736999
7.8640,-0.019836,0.039001,-0.674499,0.736999
7.8760,-0.019958,0.038879,-0.674499,0.736999
7.8840,-0.020081,0.038757,-0.674499,0.736999
7.8960,-0.020203,0.038574,-0.674499,0.736999
7.9050,-0.020264,0.038391,-0.674499,0.736999
7.9130,-0.020386,0.038330,-0.674499,0.736999
7.9250,-0.020508,0.038208,-0.674561,0.736938
7.9340,-0.020630,0.038086,-0.674622,0.736877
7.9460,-0.020691,0.038025,-0.674683,0.736816
7.9540,-0.020813,0.037903,-0.674683,0.736816
7.9660,-0.020874,0.037842,-0.674683,0.736816
7.9750,-0.020935,0.037781,-0.674683,0.736816
7.9830,-0.020996,0.037720,-0.674683,0.736816
7.9950,-0.021057,0.037659,-0.674683,0.736816
8.0030,-0.021118,0.037659,-0.674683,0.736816
8.0150,-0.021179,0.037598,-0.674683,0.736816
8.0240,-0.021240,0.037537,-0.674683,0.736816
8.0350,-0.021240,0.037537,-0.674683,0.736816
8.0440,-0.021240,0.037537,-0.674683,0.736816
8.0560,-0.021240,0.037537,-0.674622,0.736877
8.0650,-0.021301,0.037476,-0.674622,0.736877
8.0730,-0.021362,0.037415,-0.674683,0.736877
8.0850,-0.021423,0.037354,-0.674683,0.736877
8.0940,-0.021484,0.037292,-0.674683,0.736816
8.1060,-0.021545,0.037231,-0.674744,0.736816
8.1140,-0.021606,0.037170,-0.674744,0.736816
8.1260,-0.021729,0.037109,-0.674744,0.736755
8.1340,-0.021851,0.036987,-0.674744,0.736755
8.1460,-0.021973,0.036865,-0.674744,0.736755
8.1540,-0.022034,0.036804,-0.674805,0.736755
8.1630,-0.022156,0.036682,-0.674805,0.736755
8.1750,-0.022217,0.036621,-0.674927,0.736633
8.1830,-0.022339,0.036560,-0.674988,0.736572
8.1950,-0.022461,0.036438,-0.675049,0.736511
8.2040,-0.022522,0.036377,-0.675110,0.736450
8.2160,-0.022644,0.036255,-0.675110,0.736450
8.2240,-0.022705,0.036194,-0.675110,0.736450
8.2360,-0.022766,0.036133,-0.675110,0.736450
8.2450,-0.022827,0.036072,-0.675110,0.736450
8.2530,-0.022888,0.036011,-0.675110,0.736450
8.2650,-0.022949,0.035950,-0.675110,0.736450
8.2740,-0.023010,0.035889,-0.675171,0.736450
8.2850,-0.023132,0.035828,-0.675232,0.736389
8.2940,-0.023193,0.035767,-0.675293,0.736328
8.3060,-0.023254,0.035706,-0.675415,0.736206
8.3150,-0.023254,0.035645,-0.675476,0.736145
8.3260,-0.023254,0.035645,-0.675537,0.736084
8.3350,-0.023254,0.035645,-0.675659,0.736023
8.3430,-0.023315,0.035706,-0.675598,0.736023
8.3550,-0.023315,0.035706,-0.675598,0.736023
8.3640,-0.023315,0.035706,-0.675598,0.736023
8.3760,-0.023315,0.035706,-0.675598,0.736023
8.3840,-0.023315,0.035706,-0.675598,0.736023
8.3960,-0.023315,0.035706,-0.675598,0.736023
8.4050,-0.023376,0.035645,-0.675537,0.736084
8.4130,-0.023376,0.035645,-0.675476,0.736145
8.4250,-0.023437,0.035583,-0.675415,0.736206
8.4340,-0.023499,0.035522,-0.675354,0.736267
8.4450,-0.023560,0.035461,-0.675293,0.736328
8.4540,-0.023621,0.035400,-0.675293,0.736328
8.4660,-0.023682,0.035339,-0.675293,0.736328
8.4740,-0.023743,0.035278,-0.675354,0.736267
8.4860,-0.023865,0.035217,-0.675415,0.736206
8.4940,-0.023926,0.035156,-0.675415,0.736206
8.5030,-0.024048,0.035034,-0.675415,0.736206
8.5150,-0.024109,0.034973,-0.675415,0.736206
8.5240,-0.024170,0.034912,-0.675415,0.736206
8.5350,-0.024231,0.034851,-0.675476,0.736206
8.5440,-0.024353,0.034790,-0.675537,0.736145
8.5560,-0.024414,0.034729,-0.675598,0.736023
8.5640,-0.024475,0.034607,-0.675720,0.735962
8.5760,-0.024536,0.034546,-0.675781,0.735901
8.5850,-0.024597,0.034485,-0.675781,0.735840
8.5970,-0.024658,0.034424,-0.675842,0.735840
8.6050,-0.024780,0.034363,-0.675842,0.735840
8.6170,-0.024841,0.034302,-0.675842,0.735840
8.6260,-0.024902,0.034241,-0.675842,0.735840
8.6340,-0.024963,0.034180,-0.675842,0.735840
8.6460,-0.025024,0.034058,-0.675842,0.735779
8.6540,-0.025024,0.033936,-0.675903,0.735779
8.6660,-0.025024,0.033813,-0.675903,0.735779
8.6750,-0.025085,0.033752,-0.675903,0.735779
8.6870,-0.025146,0.033691,-0.675903,0.735779
8.6950,-0.025208,0.033630,-0.675903,0.735779
8.7070,-0.025330,0.033569,-0.675903,0.735779
8.7150,-0.025391,0.033447,-0.675903,0.735779
8.7240,-0.025452,0.033447,-0.675903,0.735779
8.7360,-0.025452,0.033447,-0.675903,0.735779
8.7450,-0.025452,0.033447,-0.675903,0.735779
8.7560,-0.025452,0.033447,-0.675903,0.735779
8.7650,-0.025452,0.033447,-0.675903,0.735779
8.7770,-0.025452,0.033447,-0.675903,0.735779
8.7850,-0.025452,0.033447,-0.675842,0.735840
8.7940,-0.025452,0.033447,-0.675781,0.735901
8.8060,-0.025452,0.033447,-0.675781,0.735901
8.8140,-0.025452,0.033447,-0.675781,0.735901
8.8260,-0.025452,0.033386,-0.675720,0.735962
8.8340,-0.025513,0.033325,-0.675659,0.736023
8.8470,-0.025635,0.033264,-0.675598,0.736084
8.8550,-0.025696,0.033203,-0.675537,0.736145
8.8670,-0.025757,0.033142,-0.675476,0.736206
8.8750,-0.025818,0.033020,-0.675476,0.736206
8.8840,-0.025940,0.032959,-0.675476,0.736206
8.8960,-0.026001,0.032898,-0.675476,0.736206
8.9040,-0.026062,0.032837,-0.675476,0.736206
8.9160,-0.026123,0.032837,-0.675476,0.736206
8.9250,-0.026184,0.032776,-0.675476,0.736206
8.9370,-0.026306,0.032715,-0.675415,0.736206
8.9450,-0.026428,0.032715,-0.675354,0.736267
8.9570,-0.026489,0.032654,-0.675293,0.736328
8.9660,-0.026550,0.032593,-0.675232,0.736450
8.9740,-0.026611,0.032593,-0.675171,0.736450
8.9860,-0.026733,0.032471,-0.675110,0.736511
8.9940,-0.026794,0.032410,-0.675110,0.736511
9.0060,-0.026917,0.032349,-0.675110,0.736511
9.0150,-0.026978,0.032288,-0.675171,0.736450
9.0270,-0.027039,0.032166,-0.675232,0.736389
9.0350,-0.027161,0.032104,-0.675232,0.736389
9.0470,-0.027222,0.032043,-0.675232,0.736389
9.0550,-0.027344,0.031921,-0.675171,0.736450
9.0640,-0.027405,0.031860,-0.675110,0.736511
9.0760,-0.027466,0.031799,-0.675049,0.736572
9.0850,-0.027527,0.031738,-0.675049,0.736572
9.0960,-0.027588,0.031677,-0.675049,0.736572
9.1050,-0.027649,0.031616,-0.675049,0.736572
9.1170,-0.027710,0.031555,-0.675049,0.736572
9.1250,-0.027832,0.031494,-0.675049,0.736572
9.1370,-0.027893,0.031433,-0.675049,0.736572
9.1460,-0.027893,0.031372,-0.675049,0.736572
9.1540,-0.028015,0.031311,-0.675049,0.736572
9.1660,-0.028076,0.031250,-0.675049,0.736572
9.1750,-0.028076,0.031250,-0.675049,0.736572
9.1860,-0.028076,0.031250,-0.675049,0.736572
9.1950,-0.028259,0.031128,-0.675049,0.736572
9.2070,-0.028320,0.031006,-0.675110,0.736511
9.2150,-0.028381,0.030945,-0.675171,0.736450
9.2240,-0.028381,0.030945,-0.675171,0.736450
9.2360,-0.028564,0.030823,-0.675232,0.736450
9.2440,-0.028625,0.030762,-0.675232,0.736450
9.2560,-0.028687,0.030640,-0.675171,0.736450
9.2650,-0.028687,0.030640,-0.675171,0.736450
9.2770,-0.028809,0.030579,-0.675049,0.736572
9.2850,-0.028870,0.030334,-0.674927,0.736694
9.2970,-0.028870,0.030212,-0.674927,0.736694
9.3060,-0.028870,0.030029,-0.674988,0.736633
9.3140,-0.028870,0.030029,-0.674988,0.736633
9.3260,-0.028931,0.029785,-0.675171,0.736511
9.3340,-0.028992,0.029724,-0.675171,0.736511
9.3470,-0.029053,0.029724,-0.675171,0.736511
9.3550,-0.029053,0.029724,-0.675171,0.736511
9.3670,-0.029053,0.029724,-0.675110,0.736572
9.3760,-0.029053,0.029724,-0.675110,0.736572
9.3870,-0.029053,0.029724,-0.675110,0.736572
9.3960,-0.029053,0.029724,-0.675110,0.736572
9.4080,-0.029053,0.029724,-0.675171,0.736511
9.4160,-0.029053,0.029724,-0.675171,0.736511
9.4240,-0.029114,0.029663,-0.675049,0.736572
9.4360,-0.029114,0.029663,-0.675049,0.736572
9.4450,-0.029175,0.029602,-0.674988,0.736633
9.4570,-0.029175,0.029541,-0.674988,0.736633
9.4650,-0.029297,0.029480,-0.675049,0.736572
9.4780,-0.029358,0.029419,-0.675049,0.736572
9.4860,-0.029358,0.029419,-0.675049,0.736572
9.4980,-0.029419,0.029358,-0.675049,0.736572
9.5060,-0.029419,0.029358,-0.675049,0.736572
9.5150,-0.029480,0.029297,-0.675049,0.736572
9.5270,-0.029480,0.029297,-0.675049,0.736572
9.5350,-0.029541,0.029358,-0.675049,0.736572
9.5470,-0.029602,0.029358,-0.675049,0.736572
9.5560,-0.029602,0.029419,-0.675049,0.736572
9.5680,-0.029602,0.029419,-0.674988,0.736633
9.5760,-0.029602,0.029419,-0.674927,0.736694
9.5880,-0.029663,0.029358,-0.674805,0.736816
9.5960,-0.029724,0.029358,-0.674744,0.736877
9.6040,-0.029846,0.029236,-0.674622,0.736938
9.6170,-0.029846,0.029236,-0.674622,0.736938
9.6250,-0.029846,0.029175,-0.674622,0.736999
9.6370,-0.029907,0.029114,-0.674499,0.737061
9.6460,-0.029968,0.029053,-0.674438,0.737183
9.6570,-0.030029,0.028992,-0.674377,0.737183
9.6660,-0.030151,0.028931,-0.674316,0.737244
9.6780,-0.030212,0.028870,-0.674255,0.737305
9.6870,-0.030273,0.028809,-0.674194,0.737366
9.6950,-0.030396,0.028687,-0.674133,0.737427
9.7070,-0.030518,0.028625,-0.674133,0.737427
9.7150,-0.030640,0.028503,-0.674133,0.737427
9.7280,-0.030701,0.028381,-0.674133,0.737427
9.7360,-0.030823,0.028259,-0.674194,0.737366
9.7440,-0.030945,0.028137,-0.674133,0.737427
9.7560,-0.031006,0.028015,-0.674072,0.737488
9.7680,-0.031006,0.027893,-0.674011,0.737549
9.7770,-0.031067,0.027710,-0.674011,0.737549
9.7850,-0.031067,0.027588,-0.674011,0.737549
9.7970,-0.031067,0.027466,-0.674011,0.737549
9.8050,-0.031067,0.027344,-0.674011,0.737549
9.8170,-0.031067,0.027283,-0.674011,0.737549
9.8260,-0.031067,0.027161,-0.674011,0.737549
9.8380,-0.031128,0.027100,-0.673950,0.737610
9.8460,-0.031189,0.027039,-0.673889,0.737671
9.8580,-0.031250,0.026978,-0.673767,0.737793
9.8660,-0.031311,0.026978,-0.673706,0.737854
9.8750,-0.031372,0.026917,-0.673645,0.737915
9.8870,-0.031372,0.026855,-0.673584,0.737976
9.8960,-0.031433,0.026794,-0.673584,0.737976
9.9070,-0.031494,0.026733,-0.673584,0.737976
9.9160,-0.031555,0.026672,-0.673584,0.737976
9.9280,-0.031616,0.026611,-0.673584,0.737915
9.9360,-0.031677,0.026489,-0.673584,0.737915
9.9480,-0.031738,0.026367,-0.673584,0.737915
9.9570,-0.031799,0.026245,-0.673584,0.737915
9.9650,-0.031799,0.026184,-0.673645,0.737915
9.9770,-0.031860,0.026062,-0.673645,0.737915
9.9850,-0.031921,0.026001,-0.673645,0.737915
9.9940,-0.031982,0.025940,-0.673523,0.737976
10.0060,-0.031982,0.025940,-0.673462,0.738098
10.0180,-0.031982,0.025940,-0.673401,0.738159
10.0260,-0.031982,0.025940,-0.673279,0.738220
10.0390,-0.031982,0.025940,-0.673218,0.738281
10.0470,-0.031982,0.025940,-0.673157,0.738403
10.0550,-0.031982,0.025879,-0.673035,0.738464
10.0670,-0.031982,0.025879,-0.672913,0.738586
10.0760,-0.031982,0.025879,-0.672852,0.738647
10.0880,-0.031982,0.025879,-0.672729,0.738770
10.0970,-0.031982,0.025818,-0.672668,0.738831
10.1080,-0.031921,0.025818,-0.672607,0.738892
10.1170,-0.031921,0.025818,-0.672546,0.738892
10.1280,-0.031921,0.025818,-0.672546,0.738892
10.1370,-0.031921,0.025818,-0.672546,0.738892
10.1490,-0.031921,0.025818,-0.672546,0.738892
10.1570,-0.031921,0.025818,-0.672546,0.738892
10.1660,-0.031921,0.025818,-0.672546,0.738892
10.1780,-0.031921,0.025818,-0.672546,0.738892
10.1860,-0.031921,0.025818,-0.672546,0.738892
10.1980,-0.031921,0.025818,-0.672546,0.738892
10.2060,-0.031921,0.025818,-0.672546,0.738892
10.2190,-0.031921,0.025818,-0.672546,0.738892
10.2270,-0.031921,0.025818,-0.672546,0.738892
10.2390,-0.031921,0.025818,-0.672546,0.738892
10.2480,-0.031921,0.025818,-0.672485,0.738953
10.2560,-0.031921,0.025818,-0.672485,0.739014
10.2680,-0.031921,0.025818,-0.672424,0.739014
10.2760,-0.031921,0.025818,-0.672424,0.739014
10.2880,-0.031921,0.025818,-0.672424,0.739014
10.2970,-0.031921,0.025818,-0.672424,0.739014
10.3090,-0.031921,0.025818,-0.672424,0.739014
10.3170,-0.031921,0.025818,-0.672424,0.739014
10.3290,-0.031982,0.025757,-0.672424,0.739014
10.3380,-0.032043,0.025696,-0.672424,0.739014
10.3460,-0.032043,0.025696,-0.672424,0.739014
10.3580,-0.032043,0.025696,-0.672424,0.739014
10.3660,-0.032043,0.025696,-0.672424,0.739014
10.3780,-0.032043,0.025696,-0.672424,0.739014
10.3870,-0.032043,0.025696,-0.672424,0.739014
10.3990,-0.032043,0.025696,-0.672424,0.739014
10.4070,-0.032043,0.025696,-0.672424,0.739014
10.4190,-0.032043,0.025696,-0.672424,0.739014
10.4280,-0.032043,0.025696,-0.672424,0.739014
10.4360,-0.032043,0.025696,-0.672363,0.739075
10.4480,-0.031982,0.025696,-0.672363,0.739136
10.4570,-0.031982,0.025696,-0.672302,0.739136
10.4680,-0.031982,0.025696,-0.672241,0.739197
10.4770,-0.031982,0.025696,-0.672180,0.739258
10.4890,-0.031982,0.025635,-0.672119,0.739258
10.4980,-0.031982,0.025635,-0.672119,0.739319
10.5060,-0.031982,0.025635,-0.672058,0.739380
10.5180,-0.031982,0.025635,-0.672058,0.739380
10.5260,-0.031982,0.025635,-0.672058,0.739380
10.5380,-0.031982,0.025635,-0.672058,0.739380
10.5470,-0.031982,0.025635,-0.672058,0.739380
10.5590,-0.032043,0.025635,-0.672058,0.739380
10.5670,-0.032104,0.025574,-0.672058,0.739380
10.5790,-0.032227,0.025513,-0.672119,0.739319
10.5880,-0.032288,0.025452,-0.672180,0.739258
10.5960,-0.032349,0.025391,-0.672180,0.739258
10.6080,-0.032410,0.025330,-0.672180,0.739258
10.6170,-0.032410,0.025208,-0.672180,0.739258
10.6280,-0.032532,0.025146,-0.672119,0.739319
10.6370,-0.032593,0.025085,-0.672058,0.739319
10.6490,-0.032654,0.024963,-0.672058,0.739380
10.6570,-0.032776,0.024902,-0.671997,0.739441
10.6690,-0.032837,0.024841,-0.671997,0.739380
10.6780,-0.032959,0.024719,-0.671997,0.739380
10.6860,-0.033020,0.024658,-0.672058,0.739380
10.6980,-0.033142,0.024536,-0.672119,0.739319
10.7060,-0.033264,0.024475,-0.672180,0.739258
10.7180,-0.033325,0.024353,-0.672180,0.739197
10.7270,-0.033447,0.024292,-0.672302,0.739136
10.7390,-0.033508,0.024231,-0.672363,0.739075
10.7470,-0.033569,0.024170,-0.672424,0.739014
10.7560,-0.033691,0.024048,-0.672485,0.738953
10.7670,-0.033752,0.023987,-0.672485,0.738953
10.7760,-0.033875,0.023926,-0.672485,0.738953
10.7880,-0.033936,0.023804,-0.672546,0.738892
10.7960,-0.034058,0.023743,-0.672546,0.738892
10.8050,-0.034180,0.023621,-0.672546,0.738892
10.8170,-0.034241,0.023560,-0.672668,0.738770
10.8290,-0.034363,0.023437,-0.672791,0.738647
10.8370,-0.034485,0.023376,-0.672913,0.738586
10.8460,-0.034607,0.023193,-0.672974,0.738525
10.8580,-0.034790,0.023071,-0.672974,0.738525
10.8660,-0.034973,0.022888,-0.672974,0.738464
10.8780,-0.035156,0.022705,-0.673035,0.738403
10.8860,-0.035278,0.022522,-0.673157,0.738342
10.8950,-0.035461,0.022339,-0.673279,0.738220
10.9070,-0.035583,0.022217,-0.673401,0.738098
10.9190,-0.035706,0.022156,-0.673523,0.737976
10.9280,-0.035828,0.022034,-0.673584,0.737915
10.9360,-0.035950,0.021912,-0.673584,0.737915
10.9480,-0.036072,0.021851,-0.673584,0.737915
10.9560,-0.036133,0.021729,-0.673584,0.737915
10.9680,-0.036255,0.021667,-0.673584,0.737915
10.9770,-0.036377,0.021545,-0.673584,0.737915
10.9890,-0.036438,0.021484,-0.673584,0.737915
10.9970,-0.036560,0.021362,-0.673584,0.737915
11.0060,-0.036682,0.021301,-0.673645,0.737854
11.0170,-0.036804,0.021179,-0.673767,0.737732
11.0260,-0.036926,0.021057,-0.673889,0.737610
11.0380,-0.037109,0.020935,-0.673950,0.737549
11.0460,-0.037231,0.020752,-0.674072,0.737427
11.0580,-0.037415,0.020630,-0.674133,0.737366
11.0670,-0.037598,0.020447,-0.674133,0.737366
11.0780,-0.037781,0.020264,-0.674133,0.737366
11.0870,-0.037964,0.020142,-0.674194,0.737305
11.0950,-0.038147,0.019958,-0.674255,0.737244
11.1070,-0.038330,0.019775,-0.674377,0.737122
11.1160,-0.038513,0.019653,-0.674499,0.736999
11.1280,-0.038696,0.019470,-0.674622,0.736877
11.1360,-0.038940,0.019226,-0.674744,0.736816
11.1450,-0.039124,0.019043,-0.674805,0.736694
11.1570,-0.039429,0.018799,-0.674927,0.736633
11.1690,-0.039673,0.018555,-0.674988,0.736511
11.1770,-0.039917,0.018311,-0.675049,0.736450
11.1860,-0.040222,0.018066,-0.675171,0.736328
11.1980,-0.040466,0.017822,-0.675293,0.736206
11.2060,-0.040710,0.017639,-0.675476,0.736084
11.2190,-0.040894,0.017395,-0.675598,0.735901
11.2300,-0.041138,0.017151,-0.675781,0.735779
11.2380,-0.041260,0.016968,-0.675903,0.735657
11.2470,-0.041443,0.016724,-0.676025,0.735535
11.2550,-0.041626,0.016541,-0.676086,0.735474
11.2680,-0.041748,0.016357,-0.676086,0.735474
11.2790,-0.041870,0.016235,-0.676086,0.735474
11.2880,-0.042053,0.016113,-0.676086,0.735474
11.2960,-0.042175,0.015991,-0.676147,0.735413
11.3080,-0.042236,0.015930,-0.676208,0.735352
11.3160,-0.042297,0.015869,-0.676331,0.735229
11.3290,-0.042358,0.015808,-0.676392,0.735168
11.3370,-0.042419,0.015747,-0.676514,0.735046
11.3490,-0.042480,0.015686,-0.676575,0.734985
11.3580,-0.042542,0.015686,-0.676575,0.734985
11.3690,-0.042603,0.015625,-0.676575,0.734985
11.3780,-0.042603,0.015564,-0.676575,0.734985
11.3900,-0.042664,0.015503,-0.676575,0.734985
11.3990,-0.042786,0.015442,-0.676575,0.734985
11.4070,-0.042847,0.015381,-0.676636,0.734924
11.4190,-0.042969,0.015259,-0.676697,0.734863
11.4270,-0.043030,0.015198,-0.676697,0.734802
11.4400,-0.043152,0.015015,-0.676758,0.734802
11.4470,-0.043274,0.014832,-0.676758,0.734802
11.4560,-0.043396,0.014648,-0.676758,0.734802
11.4680,-0.043518,0.014404,-0.676758,0.734802
11.4800,-0.043640,0.014221,-0.676819,0.734741
11.4880,-0.043762,0.013977,-0.676941,0.734619
11.4970,-0.043945,0.013733,-0.677124,0.734436
11.5050,-0.044128,0.013489,-0.677307,0.734253
11.5180,-0.044373,0.013306,-0.677490,0.734070
11.5290,-0.044556,0.013123,-0.677612,0.733948
11.5380,-0.044800,0.012939,-0.677795,0.733765
11.5460,-0.044983,0.012756,-0.677978,0.733582
11.5580,-0.045227,0.012512,-0.678162,0.733398
11.5700,-0.045410,0.012329,-0.678345,0.733215
11.5780,-0.045654,0.012146,-0.678589,0.733032
11.5870,-0.045837,0.011963,-0.678711,0.732849
11.5950,-0.046021,0.011841,-0.678894,0.732727
11.6070,-0.046204,0.011658,-0.679016,0.732605
11.6190,-0.046326,0.011536,-0.679138,0.732483
11.6280,-0.046509,0.011414,-0.679260,0.732300
11.6400,-0.046631,0.011292,-0.679382,0.732178
11.6480,-0.046692,0.011230,-0.679504,0.732117
11.6570,-0.046814,0.011108,-0.679504,0.732056
11.6690,-0.046875,0.011047,-0.679504,0.732056
11.6770,-0.046936,0.011047,-0.679504,0.732056
11.6890,-0.046997,0.010986,-0.679504,0.732056
11.6980,-0.046997,0.010925,-0.679504,0.732056
11.7090,-0.047058,0.010864,-0.679504,0.732056
11.7180,-0.047180,0.010803,-0.679504,0.732056
11.7300,-0.047241,0.010742,-0.679504,0.732056
11.7390,-0.047302,0.010681,-0.679504,0.732117
11.7460,-0.047424,0.010559,-0.679443,0.732117
11.7590,-0.047485,0.010498,-0.679382,0.732178
11.7670,-0.047607,0.010376,-0.679321,0.732239
11.7790,-0.047607,0.010254,-0.679321,0.732239
11.7880,-0.047729,0.010193,-0.679321,0.732239
11.7960,-0.047791,0.010132,-0.679321,0.732239
11.8080,-0.047852,0.010071,-0.679321,0.732239
11.8200,-0.047852,0.010010,-0.679321,0.732239
11.8280,-0.047852,0.010010,-0.679321,0.732239
11.8370,-0.047852,0.010010,-0.679321,0.732239
11.8490,-0.047852,0.010010,-0.679321,0.732239
11.8580,-0.047852,0.010071,-0.679321,0.732239
11.8690,-0.047791,0.010132,-0.679321,0.732239
11.8780,-0.047729,0.010132,-0.679321,0.732239
11.8900,-0.047729,0.010132,-0.679321,0.732239
11.8980,-0.047729,0.010132,-0.679321,0.732239
11.9100,-0.047729,0.010132,-0.679321,0.732239
11.9190,-0.047791,0.010071,-0.679321,0.732239
11.9270,-0.047852,0.010010,-0.679321,0.732239
11.9390,-0.047974,0.009949,-0.679321,0.732178
11.9480,-0.048035,0.009888,-0.679382,0.732178
11.9550,-0.048157,0.009766,-0.679443,0.732117
11.9680,-0.048279,0.009644,-0.679504,0.732056
11.9800,-0.048401,0.009521,-0.679565,0.731995
11.9880,-0.048584,0.009399,-0.679626,0.731873
11.9970,-0.048767,0.009216,-0.679687,0.731812
12.0080,-0.048889,0.009094,-0.679810,0.731689
12.0170,-0.049072,0.008972,-0.679932,0.731567
12.0290,-0.049194,0.008850,-0.679993,0.731506
12.0380,-0.049377,0.008667,-0.680115,0.731384
12.0460,-0.049500,0.008545,-0.680176,0.731323
12.0580,-0.049683,0.008423,-0.680237,0.731262
12.0700,-0.049866,0.008240,-0.680298,0.731201
12.0790,-0.049988,0.008118,-0.680420,0.731079
12.0870,-0.050171,0.007935,-0.680542,0.730957
12.0990,-0.050354,0.007813,-0.680725,0.730774
12.1070,-0.050537,0.007629,-0.680969,0.730530
12.1190,-0.050720,0.007507,-0.681213,0.730286
12.1280,-0.050842,0.007385,-0.681457,0.730041
12.1390,-0.050964,0.007263,-0.681580,0.729919
12.1480,-0.051086,0.007202,-0.681702,0.729797
12.1560,-0.051208,0.007080,-0.681702,0.729797
12.1680,-0.051270,0.007019,-0.681702,0.729797
12.1770,-0.051331,0.006958,-0.681702,0.729797
12.1890,-0.051331,0.006958,-0.681702,0.729797
12.1970,-0.051331,0.006958,-0.681702,0.729797
12.2090,-0.051331,0.006958,-0.681702,0.729797
12.2180,-0.051331,0.006958,-0.681702,0.729797
12.2300,-0.051331,0.006897,-0.681641,0.729858
12.2380,-0.051331,0.006897,-0.681580,0.729919
12.2460,-0.051331,0.006897,-0.681519,0.729919
12.2580,-0.051331,0.006897,-0.681519,0.729980
12.2670,-0.051331,0.006897,-0.681457,0.730041
12.2790,-0.051331,0.006897,-0.681396,0.730103
12.2870,-0.051270,0.006836,-0.681335,0.730164
12.2950,-0.051270,0.006836,-0.681274,0.730225
12.3080,-0.051270,0.006836,-0.681152,0.730286
12.3200,-0.051270,0.006836,-0.681152,0.730347
12.3280,-0.051331,0.006775,-0.681152,0.730347
12.3400,-0.051331,0.006714,-0.681152,0.730347
12.3490,-0.051392,0.006653,-0.681152,0.730347
12.3570,-0.051453,0.006592,-0.681152,0.730347
12.3690,-0.051575,0.006531,-0.681213,0.730286
12.3770,-0.051636,0.006470,-0.681274,0.730164
12.3890,-0.051697,0.006470,-0.681396,0.730103
12.3980,-0.051758,0.006409,-0.681457,0.729980
12.4060,-0.051758,0.006348,-0.681580,0.729858
12.4180,-0.051819,0.006348,-0.681702,0.729736
12.4270,-0.051819,0.006348,-0.681824,0.729675
12.4390,-0.051819,0.006348,-0.681885,0.729614
12.4470,-0.051819,0.006348,-0.681946,0.729553
12.4590,-0.051819,0.006348,-0.681946,0.729553
12.4670,-0.051819,0.006348,-0.681946,0.729553
12.4800,-0.051880,0.006348,-0.682007,0.729492
12.4880,-0.051880,0.006348,-0.682068,0.729431
12.4970,-0.051880,0.006287,-0.682129,0.729370
12.5090,-0.051941,0.006226,-0.682190,0.729309
12.5170,-0.052002,0.006165,-0.682190,0.729309
12.5290,-0.052063,0.006165,-0.682190,0.729309
12.5410,-0.052124,0.006042,-0.682190,0.729309
12.5490,-0.052246,0.005981,-0.682190,0.729309
12.5580,-0.052307,0.005920,-0.682190,0.729309
12.5690,-0.052429,0.005798,-0.682251,0.729248
12.5780,-0.052551,0.005676,-0.682312,0.729126
12.5900,-0.052673,0.005554,-0.682373,0.729065
12.5980,-0.052734,0.005432,-0.682434,0.729004
12.6070,-0.052795,0.005371,-0.682495,0.728943
12.6190,-0.052917,0.005310,-0.682495,0.728943
12.6270,-0.052979,0.005249,-0.682495,0.728943
12.6350,-0.053040,0.005188,-0.682495,0.728943
12.6480,-0.053101,0.005127,-0.682495,0.728943
12.6560,-0.053101,0.005127,-0.682495,0.728943
12.6680,-0.053101,0.005127,-0.682495,0.728943
12.6800,-0.053101,0.005127,-0.682495,0.728943
12.6880,-0.053101,0.005127,-0.682495,0.728943
12.6970,-0.053101,0.005127,-0.682495,0.728943
12.7090,-0.053101,0.005127,-0.682495,0.728943
12.7170,-0.053101,0.005127,-0.682495,0.728943
12.7260,-0.053101,0.005127,-0.682495,0.728943
12.7380,-0.053101,0.005127,-0.682495,0.728943
12.7460,-0.053101,0.005127,-0.682495,0.728943
12.7580,-0.053162,0.005066,-0.682495,0.728943
12.7670,-0.053223,0.005005,-0.682495,0.728943
12.7790,-0.053223,0.005005,-0.682495,0.728943
12.7870,-0.053223,0.005005,-0.682495,0.728943
12.7990,-0.053223,0.005005,-0.682495,0.728943
12.8070,-0.053223,0.005005,-0.682495,0.728943
12.8160,-0.053223,0.005005,-0.682495,0.728943
12.8280,-0.053223,0.005005,-0.682495,0.728943
12.8400,-0.053223,0.005005,-0.682495,0.728943
12.8480,-0.053223,0.005005,-0.682495,0.728943
12.8570,-0.053284,0.004944,-0.682495,0.728943
12.8680,-0.053345,0.004883,-0.682495,0.728943
12.8770,-0.053345,0.004883,-0.682495,0.728943
12.8890,-0.053406,0.004822,-0.682495,0.728943
12.8970,-0.053467,0.004761,-0.682495,0.728943
12.9060,-0.053528,0.004700,-0.682434,0.729004
12.9180,-0.053650,0.004639,-0.682373,0.729004
12.9300,-0.053711,0.004517,-0.682373,0.729004
12.9380,-0.053772,0.004456,-0.682373,0.729004
12.9460,-0.053833,0.004395,-0.682434,0.728943
12.9590,-0.053894,0.004395,-0.682495,0.728882
12.9670,-0.053955,0.004333,-0.682495,0.728882
12.9790,-0.054016,0.004272,-0.682495,0.728882
12.9880,-0.054077,0.004211,-0.682495,0.728882
12.9960,-0.054138,0.004150,-0.682495,0.728882
13.0080,-0.054260,0.004028,-0.682495,0.728882
13.0200,-0.054321,0.003967,-0.682495,0.728882
13.0280,-0.054382,0.003906,-0.682495,0.728882
13.0370,-0.054504,0.003906,-0.682434,0.728882
13.0490,-0.054504,0.003845,-0.682373,0.728943
13.0580,-0.054504,0.003845,-0.682312,0.729004
13.0650,-0.054504,0.003845,-0.682251,0.729065
13.0780,-0.054504,0.003845,-0.682190,0.729126
13.0870,-0.054504,0.003845,-0.682129,0.729187
13.0980,-0.054504,0.003845,-0.682068,0.729248
13.1060,-0.054504,0.003784,-0.682007,0.729309
13.1190,-0.054504,0.003784,-0.682007,0.729309
13.1270,-0.054504,0.003784,-0.682007,0.729309
13.1390,-0.054504,0.003784,-0.682007,0.729309
13.1480,-0.054504,0.003784,-0.682007,0.729309
13.1560,-0.054504,0.003784,-0.682007,0.729309
13.1680,-0.054565,0.003845,-0.682007,0.729309
13.1800,-0.054565,0.003845,-0.682007,0.729309
13.1880,-0.054565,0.003845,-0.682007,0.729309
13.1960,-0.054565,0.003845,-0.682068,0.729248
13.2090,-0.054565,0.003845,-0.682129,0.729187
13.2170,-0.054565,0.003845,-0.682129,0.729187
13.2290,-0.054565,0.003845,-0.682129,0.729187
13.2370,-0.054565,0.003845,-0.682129,0.729187
13.2500,-0.054565,0.003845,-0.682129,0.729187
13.2580,-0.054565,0.003845,-0.682129,0.729187
13.2700,-0.054565,0.003845,-0.682129,0.729187
13.2780,-0.054565,0.003845,-0.682129,0.729187
13.2870,-0.054565,0.003845,-0.682129,0.729187
13.2980,-0.054565,0.003845,-0.682129,0.729187
13.3070,-0.054626,0.003906,-0.682129,0.729187
13.3190,-0.054626,0.003967,-0.682129,0.729187
13.3270,-0.054749,0.003967,-0.682129,0.729187
13.3400,-0.054749,0.003967,-0.682129,0.729187
13.3480,-0.054810,0.003906,-0.682129,0.729126
13.3600,-0.054871,0.003845,-0.682129,0.729126
13.3680,-0.054932,0.003784,-0.682129,0.729126
13.3770,-0.054993,0.003784,-0.682129,0.729126
13.3890,-0.054993,0.003784,-0.682129,0.729126
13.3970,-0.054993,0.003784,-0.682129,0.729126
13.4090,-0.054993,0.003784,-0.682129,0.729126
13.4180,-0.054993,0.003784,-0.682068,0.729187
13.4300,-0.054993,0.003723,-0.682068,0.729248
13.4380,-0.054993,0.003723,-0.682007,0.729248
13.4500,-0.054993,0.003723,-0.682007,0.729248
13.4580,-0.054993,0.003723,-0.682007,0.729248
13.4670,-0.054993,0.003723,-0.682007,0.729248
13.4790,-0.054993,0.003723,-0.682068,0.729248
13.4870,-0.054993,0.003784,-0.682129,0.729187
13.4990,-0.054993,0.003784,-0.682190,0.729126
13.5080,-0.054993,0.003784,-0.682190,0.729065
13.5200,-0.054993,0.003784,-0.682190,0.729065
13.5290,-0.054993,0.003784,-0.682190,0.729065
13.5370,-0.054993,0.003784,-0.682190,0.729065
13.5490,-0.054993,0.003784,-0.682129,0.729126
13.5570,-0.054993,0.003784,-0.682068,0.729187
13.5690,-0.054993,0.003723,-0.682007,0.729248
13.5770,-0.054993,0.003723,-0.681946,0.729370
13.5900,-0.054993,0.003723,-0.681946,0.729370
13.5980,-0.054993,0.003723,-0.681946,0.729370
13.6100,-0.054993,0.003723,-0.681946,0.729370
13.6180,-0.054993,0.003723,-0.681946,0.729370
13.6270,-0.054993,0.003723,-0.681946,0.729370
13.6390,-0.054993,0.003723,-0.681946,0.729370
13.6470,-0.054993,0.003723,-0.681946,0.729370
13.6590,-0.054993,0.003723,-0.681946,0.729370
13.6680,-0.054993,0.003723,-0.681885,0.729370
13.6800,-0.054993,0.003723,-0.681824,0.729431
13.6880,-0.055054,0.003662,-0.681702,0.729553
13.7000,-0.055115,0.003601,-0.681641,0.729553
13.7080,-0.055176,0.003540,-0.681641,0.729553
13.7170,-0.055176,0.003479,-0.681641,0.729553
13.7290,-0.055237,0.003479,-0.681641,0.729553
13.7370,-0.055237,0.003479,-0.681641,0.729553
13.7490,-0.055298,0.003418,-0.681641,0.729553
13.7580,-0.055298,0.003418,-0.681580,0.729614
13.7700,-0.055298,0.003418,-0.681580,0.729675
13.7780,-0.055298,0.003418,-0.681519,0.729736
13.7900,-0.055298,0.003418,-0.681457,0.729736
13.7990,-0.055298,0.003418,-0.681457,0.729736
13.8070,-0.055298,0.003418,-0.681457,0.729736
13.8190,-0.055298,0.003418,-0.681457,0.729797
13.8270,-0.055298,0.003418,-0.681396,0.729858
13.8400,-0.055359,0.003357,-0.681335,0.729858
13.8480,-0.055359,0.003296,-0.681335,0.729858
13.8600,-0.055420,0.003296,-0.681335,0.729858
13.8680,-0.055481,0.003235,-0.681335,0.729858
13.8770,-0.055481,0.003174,-0.681335,0.729858
13.8890,-0.055481,0.003174,-0.681335,0.729858
13.8970,-0.055481,0.003174,-0.681335,0.729858
13.9090,-0.055481,0.003174,-0.681335,0.729858
13.9170,-0.055481,0.003174,-0.681335,0.729858
13.9290,-0.055481,0.003174,-0.681274,0.729858
13.9380,-0.055481,0.003235,-0.681213,0.729980
13.9500,-0.055420,0.003235,-0.681152,0.730041
13.9580,-0.055420,0.003235,-0.681152,0.730041
13.9670,-0.055420,0.003235,-0.681152,0.730041
13.9790,-0.055420,0.003235,-0.681152,0.730041
13.9870,-0.055420,0.003235,-0.681213,0.729980
13.9990,-0.055420,0.003296,-0.681274,0.729919
14.0080,-0.055420,0.003296,-0.681274,0.729919
14.0190,-0.055420,0.003296,-0.681274,0.729919
14.0280,-0.055420,0.003235,-0.681213,0.729980
14.0400,-0.055420,0.003235,-0.681091,0.730103
14.0480,-0.055359,0.003296,-0.680969,0.730225
14.0570,-0.055359,0.003296,-0.680786,0.730347
14.0690,-0.055359,0.003296,-0.680664,0.730469
14.0770,-0.055359,0.003296,-0.680542,0.730591
14.0890,-0.055359,0.003296,-0.680481,0.730652
14.0980,-0.055359,0.003296,-0.680359,0.730774
14.1100,-0.055359,0.003296,-0.680298,0.730835
14.1180,-0.055359,0.003235,-0.680176,0.730896
14.1300,-0.055359,0.003235,-0.680115,0.731018
14.1380,-0.055359,0.003235,-0.680054,0.731079
14.1470,-0.055359,0.003235,-0.679932,0.731140
14.1590,-0.055359,0.003235,-0.679871,0.731201
14.1670,-0.055359,0.003235,-0.679871,0.731262
14.1790,-0.055298,0.003296,-0.679749,0.731323
14.1880,-0.055298,0.003357,-0.679626,0.731445
14.2000,-0.055298,0.003418,-0.679504,0.731567
14.2080,-0.055298,0.003540,-0.679382,0.731689
14.2160,-0.055359,0.003601,-0.679260,0.731750
14.2290,-0.055420,0.003601,-0.679199,0.731812
14.2370,-0.055420,0.003601,-0.679138,0.731873
14.2490,-0.055420,0.003601,-0.679077,0.731995
14.2580,-0.055420,0.003601,-0.678955,0.732117
14.2690,-0.055481,0.003540,-0.678833,0.732239
14.2780,-0.055481,0.003418,-0.678711,0.732300
14.2900,-0.055542,0.003296,-0.678711,0.732300
14.2980,-0.055542,0.003113,-0.678772,0.732239
14.3070,-0.055481,0.002930,-0.678894,0.732178
14.3180,-0.055542,0.002808,-0.678955,0.732117
14.3270,-0.055542,0.002625,-0.678955,0.732117
14.3390,-0.055542,0.002502,-0.678833,0.732178
14.3470,-0.055603,0.002319,-0.678772,0.732239
14.3590,-0.055603,0.002197,-0.678650,0.732361
14.3680,-0.055664,0.002197,-0.678528,0.732422
14.3800,-0.055664,0.002197,-0.678467,0.732483
14.3880,-0.055664,0.002136,-0.678467,0.732544
14.3970,-0.055664,0.002136,-0.678406,0.732605
14.4090,-0.055664,0.002136,-0.678345,0.732666
14.4170,-0.055664,0.002136,-0.678284,0.732727
14.4280,-0.055664,0.002136,-0.678223,0.732788
14.4370,-0.055664,0.002136,-0.678223,0.732788
14.4500,-0.055664,0.002136,-0.678223,0.732788
14.4580,-0.055664,0.002136,-0.678223,0.732788
14.4700,-0.055725,0.002075,-0.678223,0.732727
14.4790,-0.055847,0.002014,-0.678223,0.732727
14.4870,-0.055908,0.001892,-0.678223,0.732727
14.4990,-0.055969,0.001831,-0.678223,0.732727
14.5080,-0.056091,0.001770,-0.678223,0.732727
14.5200,-0.056152,0.001648,-0.678223,0.732727
14.5280,-0.056274,0.001587,-0.678162,0.732788
14.5400,-0.056274,0.001526,-0.678101,0.732788
14.5480,-0.056335,0.001465,-0.678040,0.732910
14.5600,-0.056335,0.001465,-0.678040,0.732910
14.5690,-0.056519,0.001343,-0.677856,0.733032
14.5770,-0.056580,0.001282,-0.677795,0.733093
14.5890,-0.056641,0.001221,-0.677795,0.733093
14.5970,-0.056702,0.001099,-0.677795,0.733093
14.6090,-0.056763,0.001038,-0.677795,0.733093
14.6180,-0.056824,0.001038,-0.677734,0.733154
14.6300,-0.056824,0.001038,-0.677612,0.733215
14.6390,-0.056824,0.000977,-0.677490,0.733337
14.6500,-0.056885,0.001038,-0.677429,0.733398
14.6590,-0.056885,0.001099,-0.677307,0.733459
14.6670,-0.056885,0.001099,-0.677307,0.733459
14.6790,-0.056885,0.001099,-0.677307,0.733459
14.6880,-0.056885,0.001099,-0.677307,0.733459
14.7000,-0.056885,0.001099,-0.677307,0.733459
14.7080,-0.056885,0.001038,-0.677307,0.733520
14.7200,-0.056885,0.001038,-0.677246,0.733582
14.7280,-0.056885,0.001038,-0.677124,0.733643
14.7400,-0.056885,0.001038,-0.677063,0.733704
14.7490,-0.056885,0.001038,-0.676941,0.733826
14.7610,-0.056885,0.001038,-0.676819,0.733948
14.7690,-0.056885,0.001038,-0.676636,0.734131
14.7770,-0.056885,0.001038,-0.676514,0.734192
14.7900,-0.056885,0.000977,-0.676453,0.734253
14.7980,-0.056885,0.000977,-0.676453,0.734253
14.8100,-0.056885,0.000977,-0.676453,0.734253
14.8190,-0.056885,0.000977,-0.676453,0.734253
14.8310,-0.056885,0.001038,-0.676575,0.734192
14.8390,-0.056885,0.001038,-0.676636,0.734131
14.8510,-0.056946,0.000977,-0.676636,0.734131
14.8600,-0.056946,0.000977,-0.676636,0.734131
14.8680,-0.057007,0.000916,-0.676636,0.734131
14.8800,-0.057068,0.000793,-0.676636,0.734131
14.8880,-0.057068,0.000732,-0.676636,0.734070
14.9000,-0.057068,0.000732,-0.676636,0.734070
14.9090,-0.057068,0.000732,-0.676636,0.734070
14.9200,-0.057068,0.000732,-0.676636,0.734070
14.9290,-0.057068,0.000732,-0.676636,0.734070
14.9410,-0.057129,0.000732,-0.676636,0.734070
14.9490,-0.057129,0.000732,-0.676636,0.734070
14.9580,-0.057190,0.000671,-0.676636,0.734070
14.9700,-0.057312,0.000549,-0.676697,0.734009
14.9780,-0.057434,0.000488,-0.676758,0.733948
14.9900,-0.057434,0.000488,-0.676758,0.733948
14.9990,-0.057495,0.000366,-0.676880,0.733887
15.0100,-0.057617,0.000305,-0.676941,0.733765
15.0190,-0.057800,0.000183,-0.676941,0.733765
15.0270,-0.057800,0.000183,-0.676941,0.733765
15.0390,-0.057861,0.000061,-0.676941,0.733765
15.0480,-0.057922,0.000000,-0.676941,0.733704
15.0600,-0.058044,-0.000183,-0.677002,0.733643
15.0680,-0.058105,-0.000244,-0.677063,0.733582
15.0800,-0.058105,-0.000244,-0.677063,0.733582
15.0890,-0.058167,-0.000244,-0.677124,0.733520
15.1010,-0.058167,-0.000427,-0.677185,0.733459
15.1090,-0.058167,-0.000549,-0.677185,0.733459
15.1180,-0.058167,-0.000549,-0.677185,0.733459
15.1290,-0.058105,-0.000610,-0.677246,0.733459
15.1380,-0.058105,-0.000610,-0.677185,0.733520
15.1500,-0.058105,-0.000610,-0.677063,0.733643
15.1590,-0.058105,-0.000610,-0.677063,0.733643
15.1700,-0.058105,-0.000671,-0.677002,0.733704
15.1790,-0.058105,-0.000671,-0.676941,0.733765
15.1910,-0.058105,-0.000671,-0.676758,0.733887
15.1990,-0.058105,-0.000671,-0.676758,0.733887
15.2070,-0.058105,-0.000671,-0.676697,0.733948
15.2200,-0.058105,-0.000671,-0.676636,0.734009
15.2280,-0.058105,-0.000671,-0.676575,0.734070
15.2400,-0.058044,-0.000732,-0.676575,0.734070
15.2480,-0.058044,-0.000732,-0.676575,0.734070
15.2610,-0.057983,-0.000793,-0.676575,0.734070
15.2690,-0.058044,-0.000854,-0.676575,0.734070
15.2810,-0.058044,-0.000977,-0.676575,0.734131
15.2900,-0.058044,-0.001099,-0.676514,0.734131
15.3020,-0.058044,-0.001221,-0.676453,0.734192
15.3100,-0.058044,-0.001343,-0.676392,0.734253
15.3180,-0.058044,-0.001404,-0.676392,0.734253
15.3300,-0.058044,-0.001465,-0.676392,0.734253
15.3390,-0.057983,-0.001465,-0.676392,0.734253
15.3510,-0.057983,-0.001587,-0.676392,0.734253
15.3590,-0.057983,-0.001587,-0.676392,0.734253
15.3710,-0.057983,-0.001587,-0.676392,0.734253
15.3800,-0.057983,-0.001587,-0.676392,0.734253
15.3910,-0.057983,-0.001587,-0.676453,0.734192
15.4000,-0.057983,-0.001587,-0.676514,0.734131
15.4120,-0.057983,-0.001587,-0.676575,0.734070
15.4200,-0.058044,-0.001587,-0.676636,0.734009
15.4290,-0.058105,-0.001648,-0.676697,0.734009
15.4410,-0.058167,-0.001709,-0.676758,0.733948
15.4490,-0.058289,-0.001831,-0.676819,0.733826
15.4580,-0.058411,-0.001953,-0.676880,0.733765
15.4700,-0.058533,-0.002075,-0.676941,0.733704
15.4820,-0.058655,-0.002319,-0.676880,0.733765
15.4900,-0.058838,-0.002563,-0.676758,0.733826
15.4990,-0.059021,-0.002808,-0.676697,0.733887
15.5100,-0.059204,-0.003113,-0.676758,0.733826
15.5190,-0.059326,-0.003418,-0.676819,0.733704
15.5310,-0.059509,-0.003723,-0.677002,0.733582
15.5390,-0.059692,-0.003967,-0.677185,0.733337
15.5510,-0.059937,-0.004150,-0.677368,0.733154
15.5600,-0.060120,-0.004333,-0.677551,0.733032
15.5680,-0.060242,-0.004456,-0.677612,0.732910
15.5800,-0.060425,-0.004578,-0.677673,0.732849
15.5890,-0.060486,-0.004700,-0.677734,0.732788
15.6010,-0.060608,-0.004761,-0.677795,0.732727
15.6090,-0.060669,-0.004822,-0.677856,0.732666
15.6210,-0.060669,-0.004883,-0.677978,0.732544
15.6290,-0.060730,-0.004883,-0.678040,0.732483
15.6420,-0.060730,-0.004883,-0.678040,0.732483
15.6500,-0.060669,-0.004944,-0.678040,0.732483
15.6580,-0.060669,-0.005005,-0.677978,0.732544
15.6700,-0.060669,-0.005066,-0.677917,0.732605
15.6790,-0.060608,-0.005188,-0.677856,0.732666
15.6910,-0.060608,-0.005249,-0.677917,0.732605
15.6990,-0.060547,-0.005310,-0.677917,0.732605
15.7110,-0.060547,-0.005371,-0.677917,0.732605
15.7200,-0.060547,-0.005371,-0.677917,0.732605
15.7320,-0.060547,-0.005432,-0.677856,0.732666
15.7400,-0.060547,-0.005432,-0.677734,0.732788
15.7520,-0.060547,-0.005432,-0.677673,0.732849
15.7600,-0.060608,-0.005493,-0.677551,0.732971
15.7690,-0.060608,-0.005493,-0.677490,0.733032
15.7810,-0.060608,-0.005493,-0.677490,0.733032
15.7890,-0.060669,-0.005554,-0.677490,0.732971
15.8010,-0.060730,-0.005615,-0.677551,0.732910
15.8100,-0.060791,-0.005676,-0.677612,0.732849
15.8220,-0.060852,-0.005737,-0.677673,0.732849
15.8300,-0.060913,-0.005798,-0.677673,0.732849
15.8420,-0.060913,-0.005798,-0.677673,0.732788
15.8510,-0.060974,-0.005859,-0.677673,0.732788
15.8590,-0.060974,-0.005859,-0.677673,0.732788
15.8710,-0.060974,-0.005859,-0.677673,0.732788
15.8790,-0.061035,-0.005798,-0.677673,0.732788
15.8920,-0.061035,-0.005798,-0.677673,0.732788
15.9000,-0.061035,-0.005798,-0.677673,0.732788
15.9120,-0.061035,-0.005859,-0.677734,0.732788
15.9200,-0.061035,-0.005859,-0.677795,0.732727
15.9320,-0.061035,-0.005859,-0.677856,0.732605
15.9410,-0.061096,-0.005859,-0.677917,0.732544
15.9530,-0.061096,-0.005859,-0.678040,0.732483
15.9610,-0.061157,-0.005920,-0.678101,0.732361
15.9700,-0.061218,-0.005981,-0.678223,0.732300
15.9820,-0.061340,-0.006042,-0.678284,0.732178
15.9900,-0.061462,-0.006042,-0.678406,0.732117
16.0020,-0.061523,-0.006104,-0.678528,0.731995
16.0100,-0.061584,-0.006104,-0.678589,0.731873
16.0220,-0.061584,-0.006165,-0.678650,0.731873
16.0310,-0.061646,-0.006165,-0.678650,0.731873
16.0430,-0.061646,-0.006226,-0.678589,0.731934
16.0510,-0.061646,-0.006226,-0.678528,0.731995
16.0600,-0.061646,-0.006226,-0.678467,0.732056
16.0720,-0.061646,-0.006226,-0.678406,0.732056
16.0800,-0.061707,-0.006287,-0.678406,0.732056
16.0920,-0.061646,-0.006287,-0.678406,0.732056
16.1010,-0.061646,-0.006348,-0.678406,0.732056
16.1090,-0.061646,-0.006287,-0.678406,0.732056
16.1210,-0.061584,-0.006226,-0.678345,0.732117
16.1330,-0.061523,-0.006165,-0.678284,0.732178
16.1410,-0.061462,-0.006104,-0.678223,0.732300
16.1500,-0.061401,-0.005920,-0.678162,0.732300
16.1580,-0.061401,-0.005737,-0.678162,0.732300
16.1700,-0.061340,-0.005493,-0.678162,0.732300
16.1820,-0.061218,-0.005249,-0.678162,0.732300
16.1910,-0.061096,-0.005005,-0.678223,0.732300
16.2020,-0.060974,-0.004700,-0.678162,0.732361
16.2110,-0.060791,-0.004395,-0.678040,0.732483
16.2190,-0.060608,-0.004150,-0.677917,0.732605
16.2310,-0.060425,-0.003906,-0.677795,0.732788
16.2400,-0.060181,-0.003723,-0.677612,0.732971
16.2520,-0.059998,-0.003540,-0.677429,0.733154
16.2600,-0.059814,-0.003418,-0.677246,0.733337
16.2680,-0.059631,-0.003296,-0.677063,0.733520
16.2810,-0.059509,-0.003174,-0.676941,0.733643
16.2920,-0.059387,-0.003052,-0.676819,0.733765
16.3010,-0.059265,-0.002991,-0.676758,0.733826
16.3090,-0.059143,-0.002869,-0.676697,0.733887
16.3210,-0.059021,-0.002808,-0.676575,0.734009
16.3300,-0.058960,-0.002747,-0.676392,0.734131
16.3420,-0.058838,-0.002686,-0.676270,0.734314
16.3510,-0.058777,-0.002563,-0.676147,0.734375
16.3590,-0.058716,-0.002441,-0.676086,0.734497
16.3710,-0.058594,-0.002258,-0.676025,0.734558
16.3830,-0.058533,-0.002075,-0.676025,0.734558
16.3910,-0.058411,-0.001892,-0.676025,0.734558
16.4000,-0.058350,-0.001648,-0.676025,0.734558
16.4120,-0.058228,-0.001343,-0.675964,0.734619
16.4200,-0.058044,-0.001099,-0.675903,0.734680
16.4320,-0.057922,-0.000854,-0.675842,0.734802
16.4400,-0.057678,-0.000610,-0.675781,0.734863
16.4520,-0.057434,-0.000366,-0.675659,0.734985
16.4610,-0.057129,-0.000122,-0.675537,0.735107
16.4690,-0.056824,0.000183,-0.675354,0.735291
16.4810,-0.056458,0.000488,-0.675171,0.735474
16.4900,-0.056152,0.000793,-0.674988,0.735657
16.5020,-0.055725,0.001099,-0.674744,0.735901
16.5100,-0.055359,0.001404,-0.674561,0.736145
16.5220,-0.054993,0.001770,-0.674255,0.736389
16.5300,-0.054626,0.002075,-0.674011,0.736694
16.5430,-0.054321,0.002380,-0.673767,0.736938
16.5510,-0.053955,0.002625,-0.673584,0.737122
16.5590,-0.053650,0.002930,-0.673401,0.737305
16.5710,-0.053284,0.003235,-0.673279,0.737488
16.5800,-0.052979,0.003540,-0.673157,0.737610
16.5920,-0.052612,0.003845,-0.672974,0.737793
16.6000,-0.052246,0.004150,-0.672729,0.738037
16.6090,-0.051880,0.004517,-0.672546,0.738220
16.6200,-0.051514,0.004822,-0.672363,0.738403
16.6330,-0.051147,0.005127,-0.672180,0.738586
16.6410,-0.050842,0.005432,-0.671997,0.738831
16.6530,-0.050476,0.005676,-0.671753,0.739014
16.6610,-0.050171,0.005981,-0.671570,0.739197
16.6700,-0.049866,0.006226,-0.671387,0.739441
16.6820,-0.049500,0.006531,-0.671204,0.739624
16.6910,-0.049255,0.006775,-0.671020,0.739807
16.7030,-0.048950,0.007080,-0.670837,0.739929
16.7110,-0.048645,0.007324,-0.670654,0.740112
16.7190,-0.048340,0.007568,-0.670532,0.740295
16.7310,-0.048096,0.007751,-0.670410,0.740417
16.7390,-0.047852,0.007996,-0.670288,0.740540
16.7520,-0.047668,0.008240,-0.670166,0.740601
16.7600,-0.047485,0.008484,-0.670105,0.740662
16.7720,-0.047302,0.008667,-0.670105,0.740662
16.7800,-0.047119,0.008850,-0.670105,0.740723
16.7920,-0.046936,0.009094,-0.670105,0.740723
16.8010,-0.046753,0.009338,-0.670105,0.740723
16.8090,-0.046570,0.009644,-0.670044,0.740784
16.8210,-0.046326,0.009888,-0.669983,0.740906
16.8300,-0.046143,0.010193,-0.669800,0.741028
16.8420,-0.045959,0.010437,-0.669556,0.741272
16.8500,-0.045776,0.010620,-0.669373,0.741394
16.8620,-0.045593,0.010803,-0.669250,0.741577
16.8700,-0.045410,0.010925,-0.669189,0.741577
16.8820,-0.045288,0.011047,-0.669189,0.741638
16.8910,-0.045166,0.011169,-0.669189,0.741638
16.9030,-0.045105,0.011230,-0.669189,0.741638
16.9110,-0.044983,0.011353,-0.669189,0.741638
16.9200,-0.044922,0.011475,-0.669189,0.741638
16.9320,-0.044861,0.011536,-0.669189,0.741638
16.9400,-0.044739,0.011597,-0.669189,0.741638
16.9520,-0.044678,0.011719,-0.669189,0.741638
16.9600,-0.044617,0.011780,-0.669189,0.741638
16.9730,-0.044556,0.011841,-0.669128,0.741699
16.9810,-0.044556,0.011841,-0.669128,0.741760
16.9930,-0.044556,0.011841,-0.669128,0.741760
17.0020,-0.044556,0.011841,-0.669128,0.741760
17.0100,-0.044556,0.011780,-0.669128,0.741760
17.0220,-0.044617,0.011719,-0.669128,0.741699
17.0300,-0.044678,0.011719,-0.669189,0.741638
17.0420,-0.044678,0.011719,-0.669250,0.741638
17.0510,-0.044678,0.011719,-0.669250,0.741638
17.0590,-0.044678,0.011719,-0.669250,0.741638
17.0720,-0.044678,0.011719,-0.669250,0.741638
17.0800,-0.044678,0.011719,-0.669250,0.741638
17.0910,-0.044678,0.011719,-0.669250,0.741638
17.1000,-0.044678,0.011719,-0.669250,0.741638
17.1120,-0.044678,0.011719,-0.669250,0.741638
17.1200,-0.044678,0.011719,-0.669250,0.741638
17.1320,-0.044678,0.011719,-0.669250,0.741577
17.1410,-0.044739,0.011658,-0.669373,0.741516
17.1530,-0.044800,0.011597,-0.669495,0.741394
17.1610,-0.044861,0.011536,-0.669617,0.741272
17.1690,-0.044922,0.011475,-0.669678,0.741211
17.1820,-0.045044,0.011414,-0.669739,0.741150
17.1900,-0.045166,0.011292,-0.669739,0.741150
17.2020,-0.045227,0.011230,-0.669739,0.741150
17.2100,-0.045349,0.011108,-0.669739,0.741150
17.2190,-0.045410,0.011047,-0.669739,0.741150
17.2310,-0.045532,0.010986,-0.669800,0.741089
17.2420,-0.045593,0.010864,-0.669861,0.741028
17.2510,-0.045715,0.010803,-0.669922,0.740967
17.2590,-0.045837,0.010681,-0.669983,0.740906
17.2710,-0.045898,0.010620,-0.669983,0.740906
17.2840,-0.046021,0.010498,-0.669983,0.740906
17.2920,-0.046143,0.010437,-0.669983,0.740906
17.3010,-0.046204,0.010315,-0.670044,0.740845
17.3090,-0.046326,0.010254,-0.670105,0.740784
17.3210,-0.046387,0.010193,-0.670105,0.740723
17.3330,-0.046509,0.010071,-0.670105,0.740723
17.3410,-0.046570,0.010010,-0.670105,0.740723
17.3530,-0.046631,0.009949,-0.670105,0.740723
17.3620,-0.046692,0.009888,-0.670105,0.740723
17.3740,-0.046753,0.009827,-0.670105,0.740723
17.3820,-0.046814,0.009766,-0.670105,0.740723
17.3910,-0.046875,0.009766,-0.670105,0.740723
17.4020,-0.046936,0.009644,-0.670105,0.740723
17.4110,-0.046997,0.009583,-0.670044,0.740784
17.4230,-0.047058,0.009583,-0.670044,0.740784
17.4320,-0.047119,0.009521,-0.670044,0.740784
17.4440,-0.047119,0.009521,-0.670044,0.740784
17.4520,-0.047119,0.009521,-0.669983,0.740845
17.4600,-0.047119,0.009521,-0.669922,0.740906
17.4720,-0.047180,0.009521,-0.669800,0.740967
17.4810,-0.047180,0.009521,-0.669800,0.740967
17.4930,-0.047180,0.009644,-0.669800,0.740967
17.5010,-0.047119,0.009644,-0.669800,0.740967
17.5090,-0.047119,0.009766,-0.669800,0.740967
17.5210,-0.047119,0.009888,-0.669678,0.741089
17.5340,-0.047180,0.009949,-0.669556,0.741211
17.5420,-0.047241,0.009949,-0.669495,0.741272
17.5510,-0.047241,0.009949,-0.669495,0.741272
17.5590,-0.047241,0.009949,-0.669495,0.741211
17.5710,-0.047241,0.009949,-0.669617,0.741150
17.5830,-0.047302,0.009888,-0.669678,0.741089
17.5910,-0.047363,0.009827,-0.669739,0.741028
17.6030,-0.047424,0.009766,-0.669739,0.741028
17.6110,-0.047485,0.009705,-0.669739,0.741028
17.6240,-0.047607,0.009644,-0.669739,0.741028
17.6320,-0.047668,0.009583,-0.669739,0.740967
17.6400,-0.047729,0.009521,-0.669800,0.740967
17.6530,-0.047791,0.009460,-0.669800,0.740967
17.6610,-0.047852,0.009399,-0.669800,0.740967
17.6730,-0.047913,0.009399,-0.669739,0.740967
17.6810,-0.047913,0.009399,-0.669678,0.741028
17.6930,-0.047913,0.009338,-0.669617,0.741089
17.7020,-0.047974,0.009277,-0.669556,0.741150
17.7100,-0.048035,0.009216,-0.669556,0.741150
17.7220,-0.048096,0.009155,-0.669556,0.741150
17.7310,-0.048157,0.009094,-0.669678,0.741089
17.7430,-0.048218,0.009033,-0.669739,0.740967
17.7510,-0.048279,0.009033,-0.669861,0.740906
17.7590,-0.048340,0.008972,-0.669922,0.740784
17.7710,-0.048401,0.008911,-0.669983,0.740723
17.7840,-0.048462,0.008850,-0.669983,0.740723
17.7920,-0.048523,0.008850,-0.669983,0.740723
17.8040,-0.048584,0.008789,-0.669983,0.740723
17.8120,-0.048584,0.008728,-0.669922,0.740784
17.8210,-0.048645,0.008728,-0.669922,0.740784
17.8330,-0.048706,0.008667,-0.669922,0.740784
17.8410,-0.048706,0.008606,-0.669922,0.740784
17.8530,-0.048767,0.008606,-0.669922,0.740784
17.8610,-0.048828,0.008545,-0.669922,0.740784
17.8740,-0.048889,0.008484,-0.669922,0.740784
17.8820,-0.048950,0.008423,-0.669800,0.740845
17.8900,-0.048950,0.008423,-0.669861,0.740845
17.9020,-0.049011,0.008362,-0.669861,0.740845
17.9110,-0.049011,0.008362,-0.669861,0.740784
17.9230,-0.049011,0.008362,-0.669922,0.740723
17.9310,-0.049011,0.008362,-0.670044,0.740662
17.9430,-0.049011,0.008362,-0.670105,0.740601
17.9520,-0.049011,0.008362,-0.670166,0.740540
17.9600,-0.049011,0.008362,-0.670166,0.740540
17.9730,-0.049011,0.008362,-0.670166,0.740540
17.9810,-0.049011,0.008362,-0.670166,0.740540
17.9930,-0.049011,0.008423,-0.670166,0.740540
18.0010,-0.049011,0.008423,-0.670227,0.740478
18.0130,-0.049011,0.008362,-0.670288,0.740417
18.0210,-0.049072,0.008301,-0.670288,0.740417
18.0340,-0.049072,0.008301,-0.670288,0.740417
18.0420,-0.049072,0.008301,-0.670288,0.740417
18.0540,-0.049072,0.008301,-0.670288,0.740417
18.0620,-0.049072,0.008301,-0.670288,0.740417
18.0710,-0.049072,0.008301,-0.670288,0.740417
18.0820,-0.049072,0.008301,-0.670288,0.740417
18.0910,-0.049072,0.008301,-0.670288,0.740417
18.1030,-0.049072,0.008301,-0.670288,0.740417
18.1110,-0.049072,0.008301,-0.670288,0.740417
18.1240,-0.049072,0.008301,-0.670288,0.740417
18.1320,-0.049072,0.008301,-0.670288,0.740417
18.1440,-0.049072,0.008301,-0.670288,0.740417
18.1520,-0.049072,0.008301,-0.670288,0.740417
18.1610,-0.049072,0.008301,-0.670288,0.740417
18.1720,-0.049072,0.008301,-0.670288,0.740417
18.1810,-0.049072,0.008301,-0.670288,0.740417
18.1890,-0.049072,0.008301,-0.670288,0.740417
18.2020,-0.049011,0.008362,-0.670227,0.740478
18.2100,-0.049011,0.008423,-0.670227,0.740478
18.2220,-0.048950,0.008484,-0.670227,0.740478
18.2300,-0.048889,0.008545,-0.670227,0.740540
18.2420,-0.048828,0.008545,-0.670166,0.740540
18.2510,-0.048706,0.008667,-0.670166,0.740601
18.2630,-0.048645,0.008728,-0.670166,0.740601
18.2710,-0.048523,0.008789,-0.670166,0.740601
18.2800,-0.048462,0.008850,-0.670166,0.740540
18.2920,-0.048340,0.008972,-0.670166,0.740540
18.3040,-0.048279,0.009033,-0.670166,0.740540
18.3120,-0.048218,0.009094,-0.670166,0.740540
18.3200,-0.048096,0.009155,-0.670166,0.740601
18.3330,-0.048035,0.009277,-0.670166,0.740601
18.3410,-0.047974,0.009338,-0.670166,0.740601
18.3530,-0.047913,0.009399,-0.670166,0.740601
18.3610,-0.047791,0.009460,-0.670166,0.740601
18.3700,-0.047729,0.009521,-0.670166,0.740601
18.3820,-0.047607,0.009644,-0.670166,0.740601
18.3940,-0.047546,0.009705,-0.670166,0.740601
18.4020,-0.047424,0.009827,-0.670166,0.740601
18.4100,-0.047302,0.009888,-0.670166,0.740601
18.4220,-0.047241,0.010010,-0.670166,0.740601
18.4310,-0.047119,0.010071,-0.670166,0.740662
18.4430,-0.047058,0.010193,-0.670166,0.740662
18.4510,-0.046936,0.010254,-0.670166,0.740662
18.4600,-0.046875,0.010315,-0.670166,0.740662
18.4720,-0.046814,0.010376,-0.670166,0.740662
18.4840,-0.046753,0.010437,-0.670166,0.740662
18.4920,-0.046631,0.010559,-0.670166,0.740662
18.5010,-0.046509,0.010620,-0.670166,0.740662
18.5130,-0.046387,0.010742,-0.670166,0.740662
18.5210,-0.046265,0.010864,-0.670166,0.740662
18.5290,-0.046143,0.010986,-0.670105,0.740784
18.5420,-0.045959,0.011169,-0.669983,0.740845
18.5540,-0.045776,0.011292,-0.669922,0.740967
18.5620,-0.045593,0.011475,-0.669800,0.741028
18.5710,-0.045410,0.011597,-0.669739,0.741089
18.5820,-0.045227,0.011780,-0.669739,0.741150
18.5910,-0.045044,0.011963,-0.669739,0.741150
18.6030,-0.044861,0.012085,-0.669739,0.741150
18.6110,-0.044739,0.012268,-0.669678,0.741211
18.6200,-0.044556,0.012390,-0.669617,0.741272
18.6310,-0.044434,0.012512,-0.669556,0.741333
18.6440,-0.044312,0.012634,-0.669495,0.741394
18.6520,-0.044189,0.012695,-0.669434,0.741455
18.6600,-0.044067,0.012817,-0.669434,0.741455
18.6730,-0.043945,0.012939,-0.669434,0.741455
18.6810,-0.043823,0.013062,-0.669434,0.741455
18.6930,-0.043701,0.013184,-0.669434,0.741455
18.7010,-0.043518,0.013306,-0.669434,0.741455
18.7100,-0.043335,0.013489,-0.669373,0.741516
18.7220,-0.043152,0.013672,-0.669312,0.741577
18.7300,-0.042847,0.013794,-0.669250,0.741699
18.7420,-0.042542,0.014038,-0.669189,0.741760
18.7510,-0.042236,0.014221,-0.669067,0.741882
18.7620,-0.041992,0.014465,-0.668945,0.742004
18.7710,-0.041748,0.014648,-0.668823,0.742126
18.7830,-0.041504,0.014893,-0.668701,0.742187
18.7910,-0.041321,0.015076,-0.668640,0.742310
18.8000,-0.041138,0.015259,-0.668579,0.742371
18.8120,-0.040955,0.015381,-0.668579,0.742371
18.8200,-0.040771,0.015564,-0.668579,0.742371
18.8320,-0.040588,0.015686,-0.668579,0.742371
18.8400,-0.040466,0.015808,-0.668518,0.742432
18.8530,-0.040344,0.015930,-0.668457,0.742432
18.8610,-0.040222,0.016052,-0.668457,0.742493
18.8690,-0.040100,0.016113,-0.668518,0.742432
18.8820,-0.039978,0.016235,-0.668579,0.742432
18.8900,-0.039917,0.016357,-0.668579,0.742432
18.9020,-0.039795,0.016418,-0.668579,0.742432
18.9100,-0.039673,0.016479,-0.668579,0.742432
18.9220,-0.039551,0.016541,-0.668579,0.742432
18.9310,-0.039429,0.016663,-0.668518,0.742432
18.9430,-0.039307,0.016785,-0.668518,0.742432
18.9510,-0.039185,0.016907,-0.668518,0.742432
18.9590,-0.039001,0.017029,-0.668518,0.742432
18.9720,-0.038879,0.017273,-0.668518,0.742493
18.9800,-0.038696,0.017395,-0.668457,0.742554
18.9920,-0.038513,0.017578,-0.668396,0.742615
19.0000,-0.038269,0.017761,-0.668335,0.742676
19.0130,-0.038086,0.017944,-0.668274,0.742737
19.0210,-0.037903,0.018127,-0.668274,0.742737
19.0330,-0.037659,0.018311,-0.668274,0.742737
19.0410,-0.037476,0.018494,-0.668213,0.742798
19.0490,-0.037292,0.018677,-0.668091,0.742920
19.0620,-0.037170,0.018799,-0.667969,0.743042
19.0700,-0.036987,0.018921,-0.667786,0.743164
19.0820,-0.036926,0.018982,-0.667664,0.743286
19.0910,-0.036804,0.019043,-0.667541,0.743408
19.1020,-0.036743,0.019104,-0.667480,0.743469
19.1110,-0.036743,0.019104,-0.667419,0.743530
19.1230,-0.036743,0.019104,-0.667419,0.743530
19.1310,-0.036743,0.019104,-0.667419,0.743530
19.1400,-0.036743,0.019104,-0.667419,0.743530
19.1510,-0.036743,0.019104,-0.667419,0.743530
19.1600,-0.036743,0.019104,-0.667419,0.743530
19.1720,-0.036743,0.019104,-0.667419,0.743530
19.1800,-0.036743,0.019104,-0.667419,0.743530
19.1920,-0.036743,0.019104,-0.667419,0.743530
19.2010,-0.036743,0.019104,-0.667419,0.743530
19.2130,-0.036743,0.019165,-0.667419,0.743530
19.2210,-0.036682,0.019226,-0.667419,0.743530
19.2300,-0.036682,0.019226,-0.667419,0.743530
19.2420,-0.036682,0.019226,-0.667419,0.743530
19.2510,-0.036682,0.019226,-0.667419,0.743530
19.2620,-0.036682,0.019226,-0.667419,0.743530
19.2700,-0.036743,0.019165,-0.667419,0.743530
19.2830,-0.036804,0.019104,-0.667419,0.743530
19.2910,-0.036865,0.019043,-0.667480,0.743469
19.3030,-0.036987,0.018921,-0.667541,0.743408
19.3120,-0.037048,0.018860,-0.667603,0.743347
19.3230,-0.037170,0.018738,-0.667603,0.743347
19.3320,-0.037292,0.018677,-0.667603,0.743347
19.3400,-0.037354,0.018616,-0.667603,0.743347
19.3530,-0.037415,0.018555,-0.667603,0.743347
19.3610,-0.037476,0.018494,-0.667664,0.743286
19.3730,-0.037476,0.018494,-0.667664,0.743286
19.3810,-0.037476,0.018494,-0.667725,0.743225
19.3930,-0.037476,0.018494,-0.667725,0.743225
19.4020,-0.037476,0.018494,-0.667725,0.743225
19.4140,-0.037476,0.018494,-0.667725,0.743225
19.4220,-0.037476,0.018494,-0.667725,0.743225
19.4310,-0.037537,0.018433,-0.667725,0.743225
19.4420,-0.037598,0.018372,-0.667725,0.743225
19.4510,-0.037659,0.018311,-0.667786,0.743164
19.4630,-0.037720,0.018250,-0.667908,0.743103
19.4710,-0.037781,0.018188,-0.667969,0.742981
19.4830,-0.037842,0.018188,-0.668091,0.742859
19.4910,-0.037842,0.018188,-0.668213,0.742798
19.5040,-0.037903,0.018250,-0.668274,0.742737
19.5120,-0.037842,0.018311,-0.668274,0.742737
19.5200,-0.037842,0.018433,-0.668274,0.742737
19.5320,-0.037781,0.018494,-0.668213,0.742798
19.5410,-0.037720,0.018555,-0.668152,0.742859
19.5530,-0.037720,0.018555,-0.668091,0.742859
19.5610,-0.037720,0.018555,-0.668091,0.742859
19.5730,-0.037720,0.018555,-0.668091,0.742859
19.5820,-0.037781,0.018494,-0.668091,0.742859
19.5940,-0.037842,0.018433,-0.668091,0.742859
19.6020,-0.037903,0.018372,-0.668152,0.742859
19.6110,-0.038025,0.018250,-0.668152,0.742859
19.6220,-0.038086,0.018188,-0.668152,0.742859
19.6310,-0.038208,0.018127,-0.668213,0.742798
19.6430,-0.038269,0.018005,-0.668274,0.742737
19.6510,-0.038330,0.017944,-0.668335,0.742676
19.6640,-0.038452,0.017883,-0.668335,0.742676
19.6720,-0.038513,0.017822,-0.668335,0.742676
19.6800,-0.038574,0.017761,-0.668335,0.742676
19.6920,-0.038635,0.017700,-0.668335,0.742676
19.7010,-0.038757,0.017639,-0.668335,0.742676
19.7130,-0.038818,0.017517,-0.668335,0.742615
19.7210,-0.038879,0.017456,-0.668396,0.742615
19.7330,-0.039001,0.017395,-0.668457,0.742554
19.7410,-0.039063,0.017334,-0.668518,0.742493
19.7530,-0.039124,0.017273,-0.668579,0.742432
19.7620,-0.039185,0.017212,-0.668579,0.742371
19.7700,-0.039307,0.017212,-0.668640,0.742310
19.7830,-0.039307,0.017212,-0.668701,0.742310
19.7910,-0.039368,0.017212,-0.668701,0.742310
19.8030,-0.039368,0.017212,-0.668701,0.742310
19.8110,-0.039368,0.017212,-0.668701,0.742310
19.8230,-0.039368,0.017212,-0.668701,0.742310
19.8320,-0.039429,0.017212,-0.668701,0.742310
19.8440,-0.039429,0.017151,-0.668701,0.742310
19.8520,-0.039490,0.017090,-0.668701,0.742310
19.8600,-0.039551,0.017029,-0.668701,0.742310
19.8720,-0.039612,0.016968,-0.668701,0.742310
19.8810,-0.039673,0.016907,-0.668701,0.742249
19.8930,-0.039734,0.016846,-0.668701,0.742249
19.9010,-0.039795,0.016785,-0.668701,0.742249
19.9130,-0.039856,0.016724,-0.668701,0.742249
19.9220,-0.039917,0.016663,-0.668701,0.742249
19.9340,-0.039917,0.016663,-0.668701,0.742249
19.9420,-0.039917,0.016663,-0.668701,0.742249
19.9500,-0.039917,0.016663,-0.668762,0.742249
19.9620,-0.039917,0.016663,-0.668762,0.742249
19.9710,-0.039917,0.016663,-0.668762,0.742249
19.9830,-0.039917,0.016663,-0.668762,0.742249
19.9910,-0.039917,0.016663,-0.668762,0.742249
20.0040,-0.039917,0.016663,-0.668701,0.742249
20.0120,-0.039917,0.016663,-0.668701,0.742249
20.0240,-0.039917,0.016663,-0.668701,0.742249
20.0320,-0.039917,0.016663,-0.668762,0.742249
20.0410,-0.039917,0.016663,-0.668823,0.742187
20.0530,-0.039917,0.016663,-0.668823,0.742187
20.0610,-0.039917,0.016663,-0.668762,0.742249
20.0730,-0.039917,0.016663,-0.668701,0.742310
20.0820,-0.039917,0.016663,-0.668579,0.742371
20.0940,-0.039856,0.016663,-0.668579,0.742432
20.1020,-0.039795,0.016724,-0.668518,0.742432
20.1100,-0.039795,0.016785,-0.668518,0.742432
20.1220,-0.039734,0.016785,-0.668518,0.742432
20.1310,-0.039734,0.016785,-0.668518,0.742432
20.1430,-0.039734,0.016785,-0.668457,0.742493
20.1510,-0.039734,0.016785,-0.668396,0.742554
20.1630,-0.039734,0.016785,-0.668335,0.742615
20.1720,-0.039734,0.016785,-0.668335,0.742615
20.1840,-0.039734,0.016785,-0.668335,0.742615
20.1920,-0.039734,0.016785,-0.668335,0.742615
20.2010,-0.039734,0.016785,-0.668335,0.742615
20.2120,-0.039673,0.016846,-0.668335,0.742615
20.2210,-0.039612,0.016907,-0.668335,0.742615
20.2330,-0.039673,0.016907,-0.668274,0.742676
20.2410,-0.039734,0.016968,-0.668152,0.742737
20.2530,-0.039734,0.016968,-0.668152,0.742798
20.2620,-0.039734,0.016968,-0.668152,0.742798
20.2740,-0.039734,0.016968,-0.668152,0.742737
20.2820,-0.039734,0.016968,-0.668213,0.742676
20.2910,-0.039673,0.017029,-0.668274,0.742676
20.3030,-0.039612,0.017090,-0.668274,0.742676
20.3110,-0.039490,0.017212,-0.668274,0.742676
20.3230,-0.039368,0.017273,-0.668213,0.742737
20.3310,-0.039246,0.017395,-0.668213,0.742737
20.3430,-0.039124,0.017517,-0.668213,0.742737
20.3520,-0.039001,0.017639,-0.668152,0.742798
20.3640,-0.038940,0.017761,-0.668152,0.742798
20.3720,-0.038818,0.017822,-0.668091,0.742859
20.3810,-0.038757,0.017944,-0.668091,0.742859
20.3930,-0.038757,0.018005,-0.668091,0.742859
20.4010,-0.038696,0.018066,-0.668091,0.742859
20.4130,-0.038696,0.018066,-0.668030,0.742920
20.4210,-0.038696,0.018066,-0.667969,0.742981
20.4330,-0.038696,0.018005,-0.667908,0.743042
20.4420,-0.038696,0.018005,-0.667786,0.743103
20.4540,-0.038696,0.017944,-0.667786,0.743164
20.4620,-0.038635,0.017822,-0.667725,0.743164
20.4710,-0.038635,0.017761,-0.667725,0.743164
20.4830,-0.038574,0.017700,-0.667786,0.743164
20.4910,-0.038635,0.017700,-0.667786,0.743164
20.5030,-0.038635,0.017700,-0.667786,0.743164
20.5120,-0.038635,0.017700,-0.667786,0.743164
20.5240,-0.038574,0.017761,-0.667725,0.743164
20.5330,-0.038513,0.017822,-0.667664,0.743225
20.5440,-0.038513,0.017944,-0.667725,0.743225
20.5530,-0.038513,0.018066,-0.667725,0.743225
20.5640,-0.038452,0.018188,-0.667725,0.743164
20.5730,-0.038452,0.018311,-0.667786,0.743103
20.5810,-0.038452,0.018311,-0.667786,0.743103
20.5930,-0.038452,0.018555,-0.667847,0.743042
20.6020,-0.038452,0.018616,-0.667908,0.743042
20.6140,-0.038391,0.018738,-0.667908,0.742981
20.6220,-0.038391,0.018738,-0.667908,0.742981
20.6340,-0.038330,0.018799,-0.667969,0.742981
20.6420,-0.038208,0.018921,-0.668030,0.742920
20.6510,-0.038147,0.018982,-0.668030,0.742920
20.6630,-0.038086,0.018982,-0.668091,0.742859
20.6720,-0.038086,0.018982,-0.668091,0.742859
20.6830,-0.038086,0.019043,-0.668030,0.742920
20.6920,-0.038086,0.018982,-0.667969,0.742981
20.7040,-0.038147,0.018982,-0.667969,0.742981
20.7120,-0.038147,0.018982,-0.667969,0.742981
20.7240,-0.038147,0.018921,-0.667908,0.743042
20.7330,-0.038208,0.018860,-0.667786,0.743164
20.7450,-0.038208,0.018860,-0.667664,0.743225
20.7530,-0.038208,0.018860,-0.667664,0.743225
20.7620,-0.038208,0.018860,-0.667603,0.743286
20.7740,-0.038269,0.018799,-0.667541,0.743347
20.7820,-0.038269,0.018799,-0.667541,0.743347
20.7930,-0.038269,0.018799,-0.667541,0.743347
20.8020,-0.038269,0.018799,-0.667541,0.743347
20.8140,-0.038208,0.018860,-0.667541,0.743347
20.8230,-0.038086,0.018921,-0.667603,0.743347
20.8350,-0.038025,0.018982,-0.667541,0.743347
20.8430,-0.038025,0.018982,-0.667541,0.743347
20.8520,-0.037964,0.019043,-0.667541,0.743347
20.8640,-0.037842,0.019165,-0.667541,0.743347
20.8720,-0.037842,0.019165,-0.667541,0.743347
20.8840,-0.037781,0.019226,-0.667603,0.743347
20.8930,-0.037659,0.019287,-0.667541,0.743347
20.9040,-0.037598,0.019348,-0.667541,0.743347
20.9130,-0.037537,0.019409,-0.667480,0.743408
20.9210,-0.037537,0.019409,-0.667480,0.743408
20.9330,-0.037476,0.019470,-0.667480,0.743408
20.9420,-0.037415,0.019531,-0.667541,0.743408
20.9540,-0.037292,0.019592,-0.667419,0.743469
20.9620,-0.037292,0.019592,-0.667419,0.743469
20.9740,-0.037231,0.019653,-0.667358,0.743530
20.9830,-0.037170,0.019714,-0.667297,0.743591
20.9940,-0.037109,0.019775,-0.667236,0.743652
21.0040,-0.037048,0.019836,-0.667236,0.743652
21.0150,-0.037048,0.019836,-0.667236,0.743652
21.0240,-0.036987,0.019836,-0.667297,0.743652
21.0320,-0.036987,0.019836,-0.667297,0.743591
21.0440,-0.036987,0.019897,-0.667297,0.743591
21.0520,-0.036987,0.020020,-0.667297,0.743591
21.0640,-0.036926,0.020081,-0.667358,0.743591
21.0730,-0.036865,0.020142,-0.667358,0.743591
21.0850,-0.036743,0.020203,-0.667358,0.743530
21.0930,-0.036682,0.020264,-0.667297,0.743591
21.1010,-0.036560,0.020386,-0.667175,0.743713
21.1130,-0.036438,0.020447,-0.667053,0.743835
21.1220,-0.036377,0.020508,-0.666870,0.743957
21.1340,-0.036255,0.020508,-0.666809,0.744080
21.1420,-0.036133,0.020508,-0.666687,0.744141
21.1540,-0.036133,0.020447,-0.666626,0.744202
21.1630,-0.036133,0.020386,-0.666626,0.744202
21.1750,-0.036072,0.020325,-0.666626,0.744202
21.1830,-0.036072,0.020264,-0.666626,0.744263
21.1920,-0.036072,0.020264,-0.666504,0.744324
21.2040,-0.036072,0.020203,-0.666443,0.744446
21.2160,-0.036072,0.020203,-0.666321,0.744507
21.2240,-0.036072,0.020203,-0.666199,0.744629
21.2320,-0.036133,0.020203,-0.666138,0.744690
21.2450,-0.036133,0.020142,-0.666077,0.744690
21.2530,-0.036133,0.020142,-0.666138,0.744690
21.2650,-0.036133,0.020142,-0.666138,0.744690
21.2730,-0.036194,0.020081,-0.666138,0.744690
21.2850,-0.036194,0.020081,-0.666138,0.744690
21.2940,-0.036194,0.020081,-0.666077,0.744751
21.3020,-0.036194,0.020020,-0.665955,0.744812
21.3140,-0.036255,0.020020,-0.665894,0.744873
21.3230,-0.036255,0.020020,-0.665894,0.744934
21.3350,-0.036255,0.020020,-0.665832,0.744934
21.3430,-0.036255,0.019958,-0.665771,0.744995
21.3550,-0.036255,0.019958,-0.665710,0.745056
21.3630,-0.036255,0.019958,-0.665649,0.745117
21.3760,-0.036316,0.019958,-0.665588,0.745178
21.3840,-0.036316,0.019958,-0.665527,0.745178
21.3920,-0.036316,0.019958,-0.665588,0.745178
21.4050,-0.036316,0.019897,-0.665588,0.745178
21.4130,-0.036377,0.019897,-0.665649,0.745117
21.4250,-0.036438,0.019836,-0.665710,0.745056
21.4330,-0.036499,0.019775,-0.665771,0.744995
21.4450,-0.036499,0.019714,-0.665771,0.744995
21.4540,-0.036621,0.019653,-0.665771,0.744995
21.4660,-0.036621,0.019653,-0.665771,0.744995
21.4740,-0.036743,0.019592,-0.665771,0.744995
21.4820,-0.036804,0.019470,-0.665771,0.744995
21.4940,-0.036865,0.019409,-0.665771,0.744995
21.5020,-0.036987,0.019348,-0.665832,0.744934
21.5150,-0.037048,0.019287,-0.665894,0.744873
21.5230,-0.037170,0.019165,-0.665955,0.744812
21.5310,-0.037292,0.019104,-0.665955,0.744812
21.5430,-0.037354,0.018982,-0.665955,0.744812
21.5560,-0.037476,0.018921,-0.665955,0.744812
21.5640,-0.037537,0.018860,-0.666016,0.744751
21.5730,-0.037598,0.018799,-0.666077,0.744690
21.5840,-0.037598,0.018799,-0.666199,0.744629
21.5930,-0.037537,0.018799,-0.666260,0.744507
21.6050,-0.037537,0.018799,-0.666382,0.744446
21.6130,-0.037598,0.018860,-0.666382,0.744385
21.6250,-0.037659,0.018921,-0.666382,0.744385
21.6340,-0.037659,0.018860,-0.666382,0.744385
21.6460,-0.037720,0.018799,-0.666382,0.744385
21.6540,-0.037781,0.018799,-0.666443,0.744324
21.6620,-0.037903,0.018677,-0.666504,0.744324
21.6750,-0.037964,0.018616,-0.666504,0.744324
21.6830,-0.038086,0.018555,-0.666504,0.744263
21.6950,-0.038147,0.018433,-0.666504,0.744263
21.7040,-0.038269,0.018372,-0.666504,0.744263
21.7150,-0.038391,0.018250,-0.666504,0.744263
21.7240,-0.038452,0.018188,-0.666504,0.744263
21.7320,-0.038574,0.018127,-0.666504,0.744324
21.7440,-0.038635,0.018005,-0.666504,0.744324
21.7530,-0.038696,0.017944,-0.666504,0.744324
21.7650,-0.038757,0.017883,-0.666504,0.744263
21.7730,-0.038818,0.017822,-0.666504,0.744263
21.7850,-0.038879,0.017822,-0.666504,0.744263
21.7930,-0.038940,0.017761,-0.666504,0.744263
21.8060,-0.039001,0.017700,-0.666504,0.744263
21.8140,-0.039063,0.017639,-0.666443,0.744324
21.8220,-0.039063,0.017639,-0.666443,0.744324
21.8350,-0.039124,0.017578,-0.666443,0.744324
21.8430,-0.039185,0.017517,-0.666443,0.744324
21.8550,-0.039246,0.017456,-0.666443,0.744324
21.8620,-0.039307,0.017395,-0.666443,0.744324
21.8710,-0.039368,0.017334,-0.666504,0.744263
21.8840,-0.039429,0.017334,-0.666626,0.744141
21.8960,-0.039490,0.017273,-0.666748,0.744080
21.9040,-0.039551,0.017212,-0.666809,0.743957
21.9130,-0.039673,0.017090,-0.666870,0.743957
21.9250,-0.039734,0.017029,-0.666870,0.743957
21.9370,-0.039795,0.016968,-0.666870,0.743896
21.9450,-0.039856,0.016907,-0.666931,0.743896
21.9530,-0.039917,0.016846,-0.666992,0.743774
21.9650,-0.040039,0.016785,-0.667114,0.743713
21.9720,-0.040100,0.016724,-0.667175,0.743591
21.9810,-0.040222,0.016602,-0.667297,0.743530
21.9940,-0.040344,0.016541,-0.667297,0.743530
22.0060,-0.040405,0.016418,-0.667297,0.743530
22.0150,-0.040527,0.016357,-0.667297,0.743530
22.0230,-0.040588,0.016296,-0.667297,0.743530
22.0350,-0.040649,0.016235,-0.667297,0.743530
22.0420,-0.040710,0.016174,-0.667297,0.743530
22.0550,-0.040710,0.016174,-0.667297,0.743530
22.0640,-0.040710,0.016174,-0.667297,0.743530
22.0720,-0.040710,0.016174,-0.667236,0.743591
22.0840,-0.040710,0.016174,-0.667114,0.743652
22.0960,-0.040710,0.016174,-0.666992,0.743774
22.1050,-0.040710,0.016174,-0.666931,0.743835
22.1170,-0.040649,0.016235,-0.666809,0.743957
22.1250,-0.040588,0.016296,-0.666748,0.744019
22.1340,-0.040527,0.016357,-0.666687,0.744080
22.1460,-0.040405,0.016418,-0.666565,0.744202
22.1540,-0.040344,0.016479,-0.666443,0.744263
22.1660,-0.040283,0.016541,-0.666260,0.744446
22.1750,-0.040161,0.016602,-0.666138,0.744568
22.1830,-0.040100,0.016663,-0.666016,0.744690
22.1950,-0.039978,0.016785,-0.665894,0.744751
22.2030,-0.039917,0.016846,-0.665832,0.744873
22.2150,-0.039795,0.016968,-0.665710,0.744995
22.2220,-0.039673,0.017090,-0.665527,0.745117
22.2320,-0.039490,0.017212,-0.665283,0.745300
22.2440,-0.039368,0.017334,-0.665100,0.745544
22.2560,-0.039185,0.017456,-0.664856,0.745728
22.2640,-0.039063,0.017578,-0.664673,0.745911
22.2730,-0.038940,0.017700,-0.664429,0.746094
22.2850,-0.038818,0.017761,-0.664246,0.746338
22.2930,-0.038757,0.017822,-0.663940,0.746521
22.3050,-0.038635,0.017883,-0.663757,0.746765
22.3140,-0.038574,0.017944,-0.663513,0.746948
22.3210,-0.038513,0.018066,-0.663391,0.747070
22.3350,-0.038391,0.018127,-0.663330,0.747131
22.3460,-0.038208,0.018311,-0.663269,0.747192
22.3550,-0.037964,0.018494,-0.663208,0.747253
22.3670,-0.037720,0.018677,-0.662964,0.747437
22.3750,-0.037476,0.018921,-0.662720,0.747681
22.3830,-0.037231,0.019165,-0.662415,0.747986
22.3960,-0.036926,0.019348,-0.662109,0.748291
22.4040,-0.036682,0.019592,-0.661865,0.748474
22.4160,-0.036438,0.019775,-0.661621,0.748657
22.4240,-0.036255,0.019958,-0.661499,0.748779
22.4330,-0.036011,0.020142,-0.661377,0.748901
22.4450,-0.035828,0.020325,-0.661255,0.749023
22.4570,-0.035706,0.020508,-0.661133,0.749145
22.4650,-0.035583,0.020691,-0.661011,0.749268
22.4730,-0.035522,0.020813,-0.660889,0.749390
22.4850,-0.035461,0.020935,-0.660828,0.749390
22.4940,-0.035400,0.020996,-0.660889,0.749390
22.5060,-0.035339,0.021057,-0.661011,0.749268
22.5140,-0.035339,0.021057,-0.661194,0.749084
22.5230,-0.035339,0.021057,-0.661377,0.748901
22.5350,-0.035339,0.021057,-0.661560,0.748779
22.5430,-0.035339,0.021118,-0.661621,0.748718
22.5550,-0.035339,0.021118,-0.661621,0.748718
22.5640,-0.035400,0.021118,-0.661621,0.748718
22.5750,-0.035400,0.021179,-0.661621,0.748718
22.5840,-0.035400,0.021179,-0.661621,0.748718
22.5960,-0.035400,0.021240,-0.661682,0.748657
22.6050,-0.035339,0.021301,-0.661804,0.748535
22.6170,-0.035339,0.021362,-0.661926,0.748413
22.6250,-0.035278,0.021362,-0.662109,0.748291
22.6330,-0.035278,0.021423,-0.662231,0.748169
22.6450,-0.035278,0.021423,-0.662415,0.747986
22.6540,-0.035217,0.021362,-0.662598,0.747864
22.6660,-0.035217,0.021179,-0.662781,0.747681
22.6740,-0.035278,0.020996,-0.662964,0.747559
22.6830,-0.035278,0.020630,-0.663147,0.747375
22.6940,-0.035278,0.020264,-0.663391,0.747192
22.7070,-0.035278,0.019836,-0.663696,0.746887
22.7150,-0.035339,0.019409,-0.664062,0.746582
22.7230,-0.035278,0.018982,-0.664612,0.746094
22.7350,-0.035278,0.018494,-0.665344,0.745483
22.7440,-0.035217,0.018005,-0.666077,0.744873
22.7560,-0.035156,0.017517,-0.666748,0.744263
22.7640,-0.035095,0.017029,-0.667236,0.743835
22.7730,-0.035095,0.016479,-0.667603,0.743469
22.7840,-0.034973,0.016052,-0.667969,0.743225
22.7970,-0.034851,0.015625,-0.668274,0.742920
22.8050,-0.034668,0.015198,-0.668579,0.742676
22.8140,-0.034424,0.014893,-0.669006,0.742310
22.8250,-0.034180,0.014709,-0.669495,0.741882
22.8340,-0.033997,0.014526,-0.670166,0.741272
22.8460,-0.033813,0.014404,-0.671082,0.740478
22.8550,-0.033630,0.014282,-0.672302,0.739380
22.8670,-0.033508,0.014160,-0.673828,0.737976
22.8750,-0.033203,0.014221,-0.675476,0.736450
22.8830,-0.032776,0.014343,-0.677063,0.735046
22.8950,-0.032349,0.014526,-0.678284,0.733948
22.9040,-0.031921,0.014893,-0.678955,0.733337
22.9160,-0.031555,0.015320,-0.678955,0.733337
22.9240,-0.031250,0.015869,-0.678284,0.733948
22.9320,-0.031006,0.016602,-0.677124,0.735046
22.9440,-0.030884,0.017334,-0.675537,0.736450
22.9570,-0.030884,0.018250,-0.673767,0.738098
22.9650,-0.031067,0.019226,-0.671936,0.739746
22.9730,-0.031372,0.020203,-0.670288,0.741150
22.9850,-0.031677,0.021240,-0.669006,0.742249
22.9940,-0.031921,0.022217,-0.668091,0.743103
23.0060,-0.032104,0.023254,-0.667297,0.743713
23.0140,-0.032227,0.024353,-0.666687,0.744263
23.0220,-0.032288,0.025391,-0.666199,0.744629
23.0350,-0.032227,0.026428,-0.665894,0.744873
23.0470,-0.032104,0.027344,-0.665894,0.744873
23.0550,-0.031860,0.028137,-0.666077,0.744690
23.0640,-0.031494,0.028748,-0.666382,0.744385
23.0750,-0.031128,0.029297,-0.666931,0.743896
23.0840,-0.030701,0.029663,-0.667603,0.743286
23.0960,-0.030212,0.029968,-0.668457,0.742554
23.1040,-0.029785,0.030090,-0.669617,0.741516
23.1160,-0.029236,0.030212,-0.670532,0.740723
23.1240,-0.028748,0.030273,-0.671448,0.739868
23.1330,-0.028259,0.030334,-0.672302,0.739075
23.1450,-0.027649,0.030334,-0.673157,0.738342
23.1530,-0.027222,0.030090,-0.674194,0.737427
23.1660,-0.026611,0.029907,-0.674988,0.736755
23.1740,-0.025879,0.029541,-0.675842,0.736023
23.1820,-0.025208,0.029114,-0.676758,0.735229
23.1940,-0.024475,0.028503,-0.677612,0.734436
23.2070,-0.023804,0.027771,-0.678467,0.733704
23.2150,-0.023315,0.026855,-0.679260,0.733032
23.2220,-0.022766,0.026123,-0.679932,0.732483
23.2350,-0.022339,0.025513,-0.680481,0.731995
23.2440,-0.022034,0.025024,-0.680847,0.731689
23.2560,-0.021851,0.024658,-0.680969,0.731567
23.2640,-0.021790,0.024475,-0.680969,0.731628
23.2720,-0.021790,0.024475,-0.680725,0.731812
23.2840,-0.021790,0.024597,-0.680298,0.732178
23.2960,-0.021667,0.024780,-0.679871,0.732605
23.3050,-0.021484,0.025085,-0.679443,0.733032
23.3130,-0.021179,0.025391,-0.679077,0.733337
23.3250,-0.020813,0.025635,-0.678955,0.733459
23.3340,-0.020386,0.025818,-0.678955,0.733398
23.3460,-0.020020,0.025940,-0.679077,0.733337
23.3540,-0.019653,0.026001,-0.679199,0.733215
23.3660,-0.019287,0.025879,-0.679199,0.733276
23.3750,-0.018982,0.025696,-0.679077,0.733337
23.3830,-0.018738,0.025391,-0.678894,0.733520
23.3950,-0.018433,0.025085,-0.678650,0.733826
23.4030,-0.018127,0.024719,-0.678406,0.734070
23.4150,-0.017761,0.024292,-0.678284,0.734192
23.4240,-0.017334,0.023926,-0.678345,0.734192
23.4360,-0.016846,0.023437,-0.678406,0.734070
23.4440,-0.016174,0.022949,-0.678650,0.733948
23.4560,-0.015503,0.022339,-0.678894,0.733765
23.4650,-0.014648,0.021667,-0.679138,0.733582
23.4730,-0.013794,0.020996,-0.679443,0.733337
23.4850,-0.012817,0.020325,-0.679810,0.732971
23.4940,-0.011780,0.019592,-0.680298,0.732544
23.5060,-0.010620,0.018982,-0.680908,0.732056
23.5180,-0.009521,0.018433,-0.681702,0.731323
23.5220,-0.008484,0.017822,-0.682617,0.730530
23.5340,-0.007507,0.017273,-0.683655,0.729553
23.5460,-0.006653,0.016785,-0.684692,0.728638
23.5550,-0.005920,0.016357,-0.685669,0.727661
23.5670,-0.005371,0.015869,-0.686584,0.726868
23.5750,-0.004944,0.015442,-0.687378,0.726135
23.5840,-0.004578,0.015015,-0.688171,0.725403
23.5950,-0.004272,0.014587,-0.688843,0.724731
23.6080,-0.004150,0.014221,-0.689270,0.724365
23.6160,-0.004456,0.013916,-0.689209,0.724426
23.6240,-0.005371,0.013550,-0.688416,0.725220
23.6330,-0.006775,0.013123,-0.687134,0.726379
23.6450,-0.008423,0.012695,-0.685791,0.727661
23.6570,-0.010193,0.012268,-0.684570,0.728760
23.6650,-0.011841,0.011902,-0.683533,0.729675
23.6740,-0.013245,0.011719,-0.682800,0.730408
23.6860,-0.014282,0.011597,-0.682190,0.730957
23.6980,-0.015137,0.011597,-0.681641,0.731445
23.7060,-0.015930,0.011536,-0.681152,0.731873
23.7150,-0.016663,0.011475,-0.680603,0.732361
23.7260,-0.017273,0.011353,-0.679932,0.732971
23.7350,-0.017822,0.011047,-0.679077,0.733765
23.7470,-0.018188,0.010620,-0.678101,0.734680
23.7550,-0.018433,0.010010,-0.676880,0.735779
23.7670,-0.018494,0.009216,-0.675598,0.736938
23.7760,-0.018555,0.008240,-0.674316,0.738159
23.7840,-0.018494,0.007080,-0.673096,0.739258
23.7960,-0.018372,0.005737,-0.672119,0.740173
23.8050,-0.018066,0.004395,-0.671448,0.740845
23.8170,-0.017700,0.003052,-0.671143,0.741089
23.8250,-0.017212,0.001709,-0.671204,0.741089
23.8340,-0.016663,0.000427,-0.671570,0.740784
23.8450,-0.016174,-0.000732,-0.671997,0.740356
23.8580,-0.015686,-0.001648,-0.672424,0.739990
23.8660,-0.015137,-0.002380,-0.672913,0.739563
23.8740,-0.014648,-0.002808,-0.673462,0.739075
23.8860,-0.014160,-0.002930,-0.674133,0.738464
23.8950,-0.013733,-0.002747,-0.674866,0.737793
23.9070,-0.013428,-0.002197,-0.675659,0.737061
23.9150,-0.013184,-0.001343,-0.676453,0.736328
23.9230,-0.013123,-0.000305,-0.677185,0.735718
23.9350,-0.013306,0.000793,-0.677612,0.735291
23.9480,-0.013672,0.002014,-0.677795,0.735107
23.9560,-0.014099,0.003174,-0.677551,0.735352
23.9640,-0.014526,0.004272,-0.677063,0.735779
23.9760,-0.014709,0.005249,-0.676575,0.736206
23.9840,-0.014587,0.005920,-0.676331,0.736389
23.9930,-0.014282,0.006348,-0.676697,0.736084
24.0050,-0.013855,0.006531,-0.677490,0.735352
24.0170,-0.013428,0.006592,-0.678467,0.734497
24.0260,-0.013123,0.006470,-0.679382,0.733643
24.0340,-0.012878,0.006226,-0.680054,0.733032
24.0460,-0.012817,0.005920,-0.680420,0.732666
24.0550,-0.013000,0.005554,-0.680542,0.732544
24.0660,-0.013245,0.005188,-0.680481,0.732605
24.0750,-0.013672,0.004822,-0.680359,0.732727
24.0830,-0.014099,0.004517,-0.680298,0.732788
24.0950,-0.014587,0.004272,-0.680420,0.732666
24.1040,-0.015137,0.004211,-0.680542,0.732544
24.1160,-0.015808,0.004211,-0.680725,0.732361
24.1240,-0.016479,0.004333,-0.680908,0.732178
24.1360,-0.017151,0.004578,-0.681030,0.732056
24.1450,-0.017822,0.004822,-0.681213,0.731873
24.1570,-0.018494,0.005066,-0.681396,0.731628
24.1650,-0.018982,0.005249,-0.681641,0.731445
24.1730,-0.019409,0.005371,-0.681824,0.731201
24.1850,-0.019714,0.005371,-0.682068,0.731018
24.1980,-0.019958,0.005371,-0.682312,0.730774
24.2060,-0.020203,0.005310,-0.682617,0.730469
24.2140,-0.020447,0.005371,-0.682983,0.730103
24.2260,-0.020752,0.005432,-0.683411,0.729736
24.2350,-0.021118,0.005554,-0.683838,0.729309
24.2470,-0.021423,0.005798,-0.684265,0.728882
24.2550,-0.021729,0.006042,-0.684753,0.728455
24.2630,-0.022095,0.006348,-0.685242,0.727966
24.2760,-0.022400,0.006714,-0.685730,0.727478
24.2840,-0.022766,0.007080,-0.686096,0.727173
24.2960,-0.023071,0.007446,-0.686340,0.726868
24.3040,-0.023315,0.007690,-0.686523,0.726685
24.3160,-0.023560,0.007935,-0.686707,0.726501
24.3250,-0.023621,0.008057,-0.686890,0.726318
24.3370,-0.023682,0.008118,-0.687134,0.726074
24.3450,-0.023743,0.008179,-0.687378,0.725830
24.3540,-0.023743,0.008179,-0.687805,0.725464
24.3660,-0.023743,0.008179,-0.688110,0.725159
24.3740,-0.023743,0.008240,-0.688477,0.724792
24.3860,-0.023743,0.008362,-0.688843,0.724487
24.3950,-0.023743,0.008484,-0.689087,0.724243
24.4060,-0.023743,0.008606,-0.689331,0.723999
24.4150,-0.023743,0.008728,-0.689453,0.723877
24.4230,-0.023682,0.008789,-0.689514,0.723816
24.4350,-0.023682,0.008789,-0.689575,0.723755
24.4470,-0.023682,0.008789,-0.689575,0.723755
24.4550,-0.023743,0.008789,-0.689575,0.723755
24.4640,-0.023865,0.008789,-0.689575,0.723755
24.4760,-0.024048,0.008789,-0.689575,0.723755
24.4850,-0.024231,0.008850,-0.689575,0.723755
24.4960,-0.024414,0.008850,-0.689697,0.723633
24.5050,-0.024658,0.008850,-0.689941,0.723389
24.5130,-0.024902,0.008850,-0.690124,0.723206
24.5250,-0.025146,0.008789,-0.690247,0.723083
24.5340,-0.025330,0.008728,-0.690308,0.723022
24.5460,-0.025513,0.008667,-0.690308,0.723022
24.5550,-0.025696,0.008484,-0.690247,0.723083
24.5660,-0.025818,0.008362,-0.690247,0.723083
24.5750,-0.026001,0.008179,-0.690247,0.723083
24.5870,-0.026062,0.007996,-0.690247,0.723022
24.5950,-0.026245,0.007874,-0.690308,0.722961
24.6030,-0.026367,0.007751,-0.690369,0.722900
24.6160,-0.026489,0.007629,-0.690430,0.722839
24.6240,-0.026672,0.007507,-0.690491,0.722839
24.6360,-0.026794,0.007324,-0.690552,0.722717
24.6450,-0.026917,0.007202,-0.690674,0.722656
24.6560,-0.027100,0.007141,-0.690796,0.722534
24.6650,-0.027283,0.007080,-0.690918,0.722351
24.6770,-0.027527,0.007019,-0.691040,0.722229
24.6850,-0.027710,0.006897,-0.691101,0.722168
24.6940,-0.027832,0.006775,-0.691162,0.722107
24.7050,-0.027954,0.006653,-0.691223,0.722107
24.7140,-0.028076,0.006531,-0.691284,0.722046
24.7260,-0.028076,0.006348,-0.691406,0.721924
24.7350,-0.028137,0.006226,-0.691467,0.721802
24.7460,-0.028137,0.006042,-0.691589,0.721741
24.7550,-0.028137,0.005859,-0.691589,0.721741
24.7630,-0.028137,0.005798,-0.691589,0.721741
24.7750,-0.028076,0.005737,-0.691528,0.721802
24.7840,-0.028137,0.005737,-0.691467,0.721802
24.7950,-0.028137,0.005676,-0.691467,0.721802
24.8040,-0.028198,0.005615,-0.691467,0.721802
24.8160,-0.028259,0.005615,-0.691528,0.721741
24.8240,-0.028320,0.005554,-0.691589,0.721741
24.8360,-0.028381,0.005493,-0.691589,0.721741
24.8450,-0.028442,0.005432,-0.691589,0.721680
24.8530,-0.028564,0.005310,-0.691589,0.721680
24.8650,-0.028625,0.005249,-0.691650,0.721680
24.8740,-0.028687,0.005188,-0.691650,0.721619
24.8860,-0.028809,0.005066,-0.691711,0.721619
24.8940,-0.028870,0.005005,-0.691711,0.721619
24.8980,SHOT
24.9060,-0.028931,0.004944,-0.691711,0.721558
24.9140,-0.028931,0.004761,-0.691650,0.721680
24.9270,-0.028992,0.004639,-0.691528,0.721741
24.9350,-0.029114,0.004517,-0.691406,0.721863
24.9430,-0.029236,0.004395,-0.691284,0.721985
24.9550,-0.029358,0.004272,-0.691162,0.722107
24.9640,-0.029480,0.004150,-0.691040,0.722168
24.9760,-0.029541,0.004089,-0.691040,0.722229
24.9840,-0.029663,0.003967,-0.690979,0.722290
24.9960,-0.029724,0.003906,-0.690918,0.722290
25.0050,-0.029846,0.003784,-0.690857,0.722351
25.0160,-0.029907,0.003723,-0.690857,0.722351
25.0250,-0.030029,0.003662,-0.690918,0.722351
25.0340,-0.030151,0.003662,-0.690918,0.722290
25.0450,-0.030212,0.003601,-0.690918,0.722290
25.0530,-0.030273,0.003540,-0.690979,0.722229
25.0660,-0.030334,0.003479,-0.690979,0.722229
25.0740,-0.030396,0.003418,-0.691040,0.722168
25.0870,-0.030457,0.003357,-0.691040,0.722168
25.0950,-0.030518,0.003296,-0.691040,0.722168
25.1030,-0.030640,0.003235,-0.690979,0.722229
25.1150,-0.030701,0.003113,-0.690918,0.722290
25.1240,-0.030823,0.002991,-0.690857,0.722351
25.1360,-0.031006,0.002930,-0.690735,0.722412
25.1440,-0.031067,0.002808,-0.690735,0.722473
25.1560,-0.031189,0.002747,-0.690735,0.722473
25.1640,-0.031311,0.002686,-0.690735,0.722412
25.1770,-0.031433,0.002686,-0.690735,0.722412
25.1850,-0.031494,0.002686,-0.690735,0.722412
25.1930,-0.031555,0.002625,-0.690796,0.722412
25.2050,-0.031616,0.002563,-0.690796,0.722351
25.2140,-0.031616,0.002563,-0.690857,0.722290
25.2250,-0.031555,0.002502,-0.690857,0.722290
25.2340,-0.031555,0.002441,-0.690857,0.722290
25.2460,-0.031494,0.002380,-0.690735,0.722412
25.2540,-0.031433,0.002319,-0.690613,0.722534
25.2660,-0.031494,0.002258,-0.690491,0.722656
25.2750,-0.031494,0.002258,-0.690430,0.722717
25.2830,-0.031494,0.002258,-0.690369,0.722717
25.2950,-0.031494,0.002258,-0.690369,0.722717
25.3070,-0.031494,0.002197,-0.690491,0.722656
25.3160,-0.031555,0.002197,-0.690613,0.722534
25.3240,-0.031555,0.002197,-0.690735,0.722412
25.3360,-0.031555,0.002197,-0.690796,0.722351
25.3430,-0.031555,0.002197,-0.690918,0.722229
25.3570,-0.031555,0.002197,-0.690979,0.722168
25.3650,-0.031494,0.002136,-0.690979,0.722168
25.3730,-0.031433,0.002136,-0.691040,0.722168
25.3850,-0.031433,0.002075,-0.691040,0.722168
25.3940,-0.031372,0.002014,-0.691040,0.722107
25.4060,-0.031311,0.001953,-0.691040,0.722107
25.4140,-0.031311,0.001892,-0.691040,0.722107
25.4260,-0.031250,0.001831,-0.691040,0.722107
25.4350,-0.031189,0.001770,-0.691040,0.722168
25.4470,-0.031189,0.001770,-0.690918,0.722229
25.4550,-0.031250,0.001709,-0.690857,0.722351
25.4670,-0.031189,0.001709,-0.690796,0.722412
25.4750,-0.031189,0.001709,-0.690735,0.722412
25.4880,-0.031189,0.001709,-0.690735,0.722412
25.4960,-0.031189,0.001709,-0.690796,0.722412
25.5040,-0.031189,0.001709,-0.690857,0.722351
25.5170,-0.031189,0.001709,-0.690918,0.722290
25.5250,-0.031189,0.001709,-0.690979,0.722229
25.5370,-0.031189,0.001709,-0.690979,0.722229
25.5450,-0.031189,0.001709,-0.690918,0.722290
25.5570,-0.031189,0.001709,-0.690735,0.722412
25.5660,-0.031189,0.001709,-0.690552,0.722595
25.5740,-0.031189,0.001648,-0.690308,0.722839
25.5860,-0.031189,0.001648,-0.690124,0.723022
25.5950,-0.031128,0.001587,-0.689880,0.723267
25.6070,-0.031067,0.001587,-0.689697,0.723450
25.6150,-0.030884,0.001526,-0.689514,0.723633
25.6270,-0.030701,0.001526,-0.689331,0.723816
25.6360,-0.030518,0.001465,-0.689087,0.724060
25.6470,-0.030396,0.001465,-0.688782,0.724365
25.6560,-0.030273,0.001465,-0.688416,0.724670
25.6640,-0.030151,0.001465,-0.687988,0.725098
25.6760,-0.029968,0.001526,-0.687561,0.725525
25.6850,-0.029846,0.001587,-0.687073,0.725952
25.6960,-0.029663,0.001709,-0.686645,0.726379
25.7050,-0.029480,0.001770,-0.686218,0.726746
25.7170,-0.029236,0.001831,-0.685852,0.727173
25.7260,-0.028992,0.001831,-0.685364,0.727600
25.7370,-0.028748,0.001831,-0.684875,0.728088
25.7460,-0.028503,0.001770,-0.684387,0.728577
25.7540,-0.028320,0.001648,-0.683838,0.729065
25.7660,-0.028076,0.001526,-0.683228,0.729675
25.7750,-0.027832,0.001343,-0.682556,0.730286
25.7870,-0.027649,0.001160,-0.681763,0.731018
25.7950,-0.027405,0.000977,-0.680969,0.731812
25.8070,-0.027161,0.000854,-0.680115,0.732605
25.8160,-0.026917,0.000793,-0.679321,0.733337
25.8280,-0.026672,0.000732,-0.678711,0.733948
25.8360,-0.026489,0.000671,-0.678223,0.734375
25.8440,-0.026245,0.000671,-0.677917,0.734680
25.8560,-0.026062,0.000671,-0.677673,0.734924
25.8650,-0.025879,0.000671,-0.677490,0.735046
25.8770,-0.025696,0.000732,-0.677429,0.735168
25.8850,-0.025574,0.000854,-0.677307,0.735291
25.8970,-0.025513,0.000916,-0.677185,0.735352
25.9060,-0.025452,0.000977,-0.677063,0.735474
25.9140,-0.025330,0.000977,-0.677002,0.735535
25.9260,-0.025208,0.000977,-0.677063,0.735535
25.9350,-0.025146,0.000977,-0.677063,0.735474
25.9470,-0.025024,0.000916,-0.677185,0.735413
25.9550,-0.025024,0.000854,-0.677185,0.735413
25.9670,-0.024963,0.000793,-0.677185,0.735413
25.9750,-0.024902,0.000732,-0.677124,0.735474
25.9870,-0.024902,0.000732,-0.677002,0.735535
25.9960,-0.024841,0.000732,-0.676880,0.735657
26.0040,-0.024780,0.000671,-0.676758,0.735840
26.0160,-0.024719,0.000610,-0.676575,0.735962
26.0250,-0.024658,0.000488,-0.676392,0.736145
26.0370,-0.024597,0.000366,-0.676208,0.736328
26.0450,-0.024597,0.000244,-0.675964,0.736511
26.0570,-0.024597,0.000122,-0.675720,0.736755
26.0660,-0.024658,-0.000061,-0.675415,0.736999
26.0770,-0.024658,-0.000244,-0.675110,0.737305
26.0860,-0.024780,-0.000427,-0.674683,0.737732
26.0940,-0.024841,-0.000610,-0.674133,0.738159
26.1060,-0.024902,-0.000793,-0.673462,0.738770
26.1150,-0.025024,-0.000977,-0.672729,0.739441
26.1270,-0.025085,-0.001160,-0.671936,0.740173
26.1350,-0.025146,-0.001465,-0.671204,0.740845
26.1470,-0.025146,-0.001770,-0.670410,0.741577
26.1560,-0.025146,-0.002136,-0.669556,0.742310
26.1680,-0.025085,-0.002625,-0.668701,0.743103
26.1760,-0.025024,-0.003113,-0.667664,0.744019
26.1840,-0.025024,-0.003662,-0.666565,0.744995
26.1960,-0.024963,-0.004333,-0.665283,0.746155
26.2050,-0.024902,-0.005005,-0.663879,0.747437
26.2170,-0.024780,-0.005615,-0.662170,0.748901
26.2250,-0.024536,-0.006165,-0.660339,0.750549
26.2370,-0.024170,-0.006653,-0.658203,0.752441
26.2460,-0.023743,-0.007141,-0.655884,0.754456
26.2580,-0.023254,-0.007629,-0.653442,0.756592
26.2660,-0.022827,-0.007996,-0.650879,0.758789
26.2750,-0.022339,-0.008362,-0.648010,0.761230
26.2870,-0.020935,-0.009460,-0.644775,0.764038
26.2950,-0.020630,-0.009644,-0.641174,0.767029
26.3070,-0.020508,-0.009644,-0.637085,0.770447
26.3150,-0.020447,-0.009583,-0.632507,0.774231
26.3280,-0.020508,-0.009399,-0.627319,0.778442
26.3360,-0.020020,-0.009644,-0.621521,0.783081
26.3440,-0.020020,-0.009644,-0.621521,0.783081
26.3560,-0.020630,-0.008545,-0.607971,0.793640
26.3650,-0.020996,-0.007813,-0.600220,0.799499
26.3770,-0.021240,-0.006958,-0.591797,0.805786
26.3850,-0.021240,-0.006958,-0.591797,0.805786
26.3970,-0.021240,-0.006042,-0.582825,0.812256
26.4060,-0.020996,-0.003906,-0.562988,0.826172
26.4180,-0.020691,-0.002686,-0.552246,0.833435
26.4260,-0.020142,-0.001587,-0.541077,0.840698
26.4340,-0.020142,-0.001587,-0.541077,0.840698
26.4460,-0.018372,0.000183,-0.518311,0.854980
26.4540,-0.017334,0.000916,-0.506714,0.861938
26.4670,-0.016174,0.001526,-0.494934,0.868774
26.4750,-0.016174,0.001526,-0.494934,0.868774
26.4870,-0.015015,0.002136,-0.482910,0.875549
26.4960,-0.011841,0.002686,-0.458496,0.888611
26.5070,-0.010437,0.002930,-0.446594,0.894653
26.5160,-0.010437,0.002930,-0.446594,0.894653
26.5280,-0.009033,0.002930,-0.435242,0.900269
26.5360,-0.005188,0.002075,-0.414246,0.910156
26.5450,-0.003540,0.001648,-0.404480,0.914551
26.5570,-0.003540,0.001648,-0.404480,0.914551
