# Sesion:9 Fecha:2026-03-19 10:54:05 Shots:1 Duracion:29,29s
tSeg,yaw,roll,gx,gy,gz,gmag,lax,lay,laz,lamag,ax,ay,az,temp,mx,my,mz,cs,cg,ca,cm,pitchLat
0.0290,0.741394,-0.660400,0.111389,-0.041992
0.0310,0.740295,-0.662292,0.106384,-0.045288
0.0330,0.738831,-0.664368,0.101624,-0.048523
0.0370,0.737244,-0.666626,0.096985,-0.051636
0.0460,0.735596,-0.668823,0.092529,-0.054688
0.0550,0.734070,-0.670898,0.088257,-0.057617
0.0650,0.732788,-0.672485,0.084229,-0.060547
0.0750,0.732056,-0.673523,0.080322,-0.063354
0.0870,0.731995,-0.673767,0.076599,-0.066040
0.0960,0.732422,-0.673462,0.072998,-0.068665
0.1040,0.732971,-0.672974,0.069580,-0.071106
0.1150,0.733215,-0.672791,0.066345,-0.073425
0.1280,0.732849,-0.673218,0.063354,-0.075562
0.1360,0.731750,-0.674438,0.060547,-0.077454
0.1450,0.730225,-0.676147,0.057983,-0.079163
0.1560,0.728332,-0.678162,0.055542,-0.080627
0.1640,0.726501,-0.680176,0.053223,-0.081909
0.1760,0.724915,-0.681885,0.050964,-0.083008
0.1860,0.723572,-0.683350,0.048645,-0.083923
0.1970,0.722412,-0.684631,0.046265,-0.084778
0.2060,0.721313,-0.685974,0.043823,-0.085449
0.2140,0.720032,-0.687317,0.041260,-0.086060
0.2260,0.718872,-0.688660,0.038574,-0.086487
0.2380,0.717773,-0.689941,0.035889,-0.086731
0.2470,0.716858,-0.690979,0.033203,-0.086853
0.2550,0.716125,-0.691833,0.030579,-0.086853
0.2630,0.715515,-0.692627,0.028076,-0.086914
0.2750,0.714966,-0.693237,0.025696,-0.086975
0.2880,0.714416,-0.693909,0.023437,-0.087158
0.2960,0.713745,-0.694580,0.021240,-0.087402
0.3040,0.712952,-0.695496,0.019104,-0.087646
0.3150,0.711975,-0.696472,0.016907,-0.087952
0.3280,0.710999,-0.697449,0.014771,-0.088257
0.3370,0.710083,-0.698425,0.012512,-0.088623
0.3450,0.709106,-0.699402,0.010132,-0.088928
0.3540,0.708069,-0.700378,0.007751,-0.089355
0.3660,0.706909,-0.701538,0.005310,-0.089783
0.3770,0.705749,-0.702698,0.002869,-0.090271
0.3860,0.704590,-0.703796,0.000427,-0.090759
0.3980,0.703735,-0.704590,-0.001953,-0.091309
0.4070,0.703186,-0.705017,-0.004395,-0.091797
0.4150,0.703003,-0.705139,-0.006775,-0.092407
0.4270,0.703064,-0.704956,-0.009155,-0.093018
0.4350,0.703125,-0.704773,-0.011597,-0.093750
0.4470,0.702942,-0.704773,-0.014099,-0.094604
0.4550,0.701660,-0.706177,-0.014771,-0.093628
0.4640,0.700256,-0.707642,-0.015747,-0.092896
0.4750,0.700012,-0.707703,-0.018494,-0.094116
0.4880,0.699829,-0.707581,-0.021240,-0.095398
0.4970,0.699768,-0.707397,-0.023926,-0.096741
0.5050,0.699829,-0.707031,-0.026489,-0.098083
0.5130,0.700134,-0.706482,-0.028809,-0.099304
0.5250,0.700562,-0.705811,-0.031067,-0.100464
0.5370,0.701111,-0.704956,-0.033203,-0.101501
0.5460,0.701660,-0.704224,-0.035217,-0.102478
0.5540,0.701965,-0.703674,-0.037231,-0.103394
0.5650,0.702026,-0.703369,-0.039124,-0.104309
0.5780,0.700562,-0.704834,-0.040161,-0.104065
0.5870,0.700439,-0.704712,-0.042114,-0.104919
0.5990,0.700378,-0.704529,-0.044006,-0.105774
0.6060,0.700439,-0.704224,-0.045898,-0.106567
0.6150,0.700562,-0.703857,-0.047607,-0.107239
0.6280,0.700806,-0.703430,-0.049255,-0.107849
0.6360,0.700989,-0.703003,-0.050781,-0.108398
0.6480,0.701172,-0.702698,-0.052185,-0.109070
0.6560,0.701172,-0.702454,-0.053589,-0.109802
0.6640,0.701050,-0.702332,-0.054932,-0.110535
0.6760,0.700867,-0.702270,-0.056274,-0.111450
0.6850,0.700562,-0.702332,-0.057678,-0.112427
0.6970,0.700256,-0.702332,-0.059143,-0.113525
0.7050,0.700073,-0.702148,-0.060791,-0.114685
0.7170,0.700012,-0.701904,-0.062622,-0.115845
0.7260,0.700195,-0.701355,-0.064575,-0.117004
0.7380,0.700562,-0.700562,-0.066650,-0.118164
0.7460,0.701294,-0.699463,-0.068726,-0.119324
0.7540,0.702332,-0.697998,-0.070801,-0.120483
0.7660,0.703613,-0.696289,-0.072876,-0.121704
0.7750,0.705139,-0.694275,-0.074951,-0.122986
0.7880,0.706787,-0.692139,-0.077026,-0.124329
0.7950,0.708374,-0.690002,-0.079041,-0.125854
0.8070,0.709656,-0.688171,-0.080994,-0.127502
0.8160,0.710388,-0.686890,-0.082703,-0.129272
0.8270,0.710388,-0.686340,-0.084229,-0.131226
0.8370,0.709717,-0.686401,-0.085632,-0.133423
0.8490,0.708801,-0.686768,-0.086975,-0.135559
0.8560,0.708069,-0.686890,-0.088440,-0.137573
0.8650,0.707947,-0.686523,-0.090210,-0.139282
0.8770,0.708435,-0.685425,-0.092224,-0.140625
0.8850,0.709534,-0.683838,-0.094482,-0.141602
0.8970,0.710815,-0.681946,-0.096741,-0.142334
0.9060,0.712158,-0.680176,-0.098755,-0.143005
0.9140,0.713257,-0.678650,-0.100403,-0.143677
0.9270,0.713989,-0.677490,-0.101501,-0.144531
0.9390,0.714416,-0.676758,-0.102112,-0.145569
0.9470,0.714416,-0.676453,-0.102234,-0.146790
0.9560,0.713928,-0.676697,-0.102051,-0.148315
0.9680,0.712891,-0.677368,-0.101868,-0.150330
0.9750,0.711487,-0.678284,-0.101746,-0.152954
0.9870,0.710083,-0.679016,-0.101868,-0.155884
0.9970,0.709473,-0.678894,-0.102356,-0.158752
1.0040,0.710144,-0.677551,-0.103271,-0.161194
1.0170,0.712036,-0.674927,-0.104675,-0.163025
1.0240,0.714783,-0.671387,-0.106323,-0.164368
1.0370,0.717773,-0.667603,-0.108032,-0.165527
1.0460,0.720398,-0.664185,-0.109619,-0.166870
1.0570,0.722412,-0.661377,-0.111023,-0.168518
1.0660,0.723633,-0.659302,-0.112183,-0.170471
1.0770,0.724304,-0.657837,-0.113281,-0.172729
1.0860,0.724487,-0.656799,-0.114380,-0.175049
1.0990,0.724243,-0.656250,-0.115601,-0.177490
1.1060,0.723633,-0.656006,-0.116882,-0.179871
1.1150,0.722839,-0.656006,-0.118408,-0.182251
1.1270,0.721863,-0.656067,-0.120056,-0.184570
1.1350,0.720825,-0.656250,-0.121826,-0.186829
1.1470,0.719910,-0.656250,-0.123718,-0.189026
1.1550,0.719116,-0.656128,-0.125549,-0.191223
1.1640,0.718384,-0.655945,-0.127380,-0.193420
1.1770,0.717773,-0.655579,-0.129089,-0.195679
1.1880,0.717407,-0.655029,-0.130676,-0.197937
1.1960,0.717163,-0.654358,-0.132080,-0.200256
1.2050,0.717041,-0.653564,-0.133179,-0.202454
1.2170,0.717041,-0.652710,-0.134094,-0.204468
1.2260,0.717224,-0.651733,-0.134827,-0.206421
1.2380,0.717468,-0.650757,-0.135559,-0.208252
1.2470,0.717834,-0.649658,-0.136292,-0.209961
1.2550,0.718262,-0.648437,-0.137146,-0.211670
1.2670,0.718811,-0.647156,-0.138123,-0.213257
1.2780,0.719299,-0.645874,-0.139038,-0.214844
1.2870,0.719604,-0.644775,-0.140015,-0.216370
1.2950,0.719788,-0.643860,-0.140869,-0.217896
1.3070,0.719849,-0.643127,-0.141541,-0.219360
1.3150,0.719849,-0.642517,-0.142090,-0.220764
1.3270,0.719849,-0.642090,-0.142456,-0.222046
1.3360,0.719788,-0.641663,-0.142761,-0.223206
1.3490,0.719666,-0.641357,-0.142944,-0.224304
1.3560,0.719604,-0.640991,-0.143188,-0.225403
1.3650,0.719482,-0.640625,-0.143555,-0.226624
1.3770,0.719299,-0.640259,-0.144104,-0.227844
1.3850,0.719177,-0.639832,-0.144775,-0.229126
1.3980,0.718994,-0.639343,-0.145630,-0.230469
1.4060,0.718689,-0.638916,-0.146484,-0.231873
1.4140,0.718262,-0.638672,-0.147461,-0.233337
1.4260,0.717651,-0.638611,-0.148376,-0.234985
1.4380,0.716858,-0.638550,-0.149292,-0.236694
1.4460,0.716187,-0.638489,-0.150269,-0.238464
1.4550,0.715637,-0.638855,-0.150208,-0.239014
1.4670,0.715454,-0.638245,-0.151489,-0.240601
1.4750,0.715515,-0.637268,-0.152954,-0.241943
1.4870,0.715698,-0.636169,-0.154419,-0.243225
1.4950,0.715942,-0.635132,-0.155945,-0.244385
1.5050,0.716003,-0.634216,-0.157288,-0.245667
1.5160,0.715820,-0.633606,-0.158508,-0.247070
1.5290,0.715393,-0.633179,-0.159546,-0.248657
1.5370,0.714661,-0.633118,-0.160400,-0.250366
1.5450,0.713623,-0.633362,-0.161194,-0.252197
1.5570,0.712524,-0.633728,-0.161804,-0.254089
1.5650,0.711365,-0.634033,-0.162537,-0.255981
1.5770,0.710388,-0.634155,-0.163391,-0.257751
1.5850,0.709839,-0.633850,-0.164429,-0.259460
1.5980,0.709656,-0.633057,-0.165710,-0.261047
1.6060,0.709839,-0.631836,-0.167236,-0.262634
1.6150,0.710266,-0.630249,-0.168823,-0.264221
1.6270,0.710815,-0.628479,-0.170410,-0.265808
1.6350,0.711426,-0.626770,-0.171875,-0.267395
1.6470,0.711975,-0.625183,-0.173157,-0.268921
1.6550,0.712402,-0.623779,-0.174316,-0.270203
1.6640,0.712769,-0.622620,-0.175232,-0.271301
1.6760,0.713074,-0.621643,-0.176025,-0.272278
1.6880,0.713257,-0.620728,-0.176819,-0.273254
1.6960,0.713379,-0.619873,-0.177673,-0.274353
1.7050,0.713501,-0.618896,-0.178650,-0.275574
1.7170,0.713623,-0.617859,-0.179688,-0.276917
1.7260,0.713684,-0.616821,-0.180786,-0.278442
1.7380,0.713623,-0.615784,-0.181885,-0.280029
1.7460,0.713562,-0.614868,-0.182983,-0.281738
1.7540,0.713440,-0.613892,-0.184021,-0.283447
1.7670,0.713318,-0.612854,-0.185059,-0.285156
1.7790,0.713318,-0.611694,-0.186218,-0.286926
1.7860,0.713379,-0.610413,-0.187378,-0.288635
1.7950,0.713440,-0.609192,-0.188538,-0.290466
1.8070,0.713318,-0.607971,-0.189758,-0.292419
1.8150,0.713074,-0.606934,-0.190857,-0.294434
1.8280,0.712707,-0.606079,-0.191895,-0.296448
1.8360,0.712219,-0.605408,-0.192932,-0.298401
1.8440,0.711792,-0.604736,-0.193909,-0.300110
1.8560,0.711426,-0.604126,-0.194885,-0.301575
1.8650,0.711121,-0.603455,-0.195801,-0.302917
1.8770,0.710937,-0.602722,-0.196777,-0.304199
1.8850,0.710815,-0.601929,-0.197815,-0.305420
1.8970,0.710693,-0.601074,-0.198914,-0.306702
1.9060,0.710693,-0.600098,-0.199951,-0.307922
1.9180,0.710327,-0.600159,-0.200500,-0.308228
1.9250,0.710327,-0.599304,-0.201538,-0.309326
1.9350,0.710144,-0.598572,-0.202454,-0.310486
1.9460,0.709839,-0.598083,-0.203247,-0.311646
1.9590,0.709351,-0.597778,-0.203979,-0.312866
1.9660,0.708740,-0.598328,-0.203918,-0.313232
1.9750,0.708252,-0.598022,-0.204651,-0.314331
1.9880,0.707947,-0.597656,-0.205505,-0.315369
1.9960,0.707703,-0.597046,-0.206543,-0.316284
2.0070,0.707581,-0.596374,-0.207642,-0.317078
2.0160,0.707520,-0.595703,-0.208862,-0.317749
2.0280,0.707336,-0.595093,-0.210083,-0.318420
2.0360,0.707031,-0.594727,-0.211243,-0.319092
2.0490,0.706604,-0.594421,-0.212402,-0.319763
2.0560,0.706177,-0.594177,-0.213623,-0.320435
2.0660,0.705566,-0.594849,-0.214233,-0.320129
2.0770,0.704895,-0.595520,-0.214966,-0.319824
2.0860,0.704407,-0.595276,-0.216248,-0.320374
2.0980,0.703979,-0.595032,-0.217529,-0.321045
2.1060,0.703430,-0.594788,-0.218811,-0.321777
2.1180,0.702820,-0.594604,-0.220032,-0.322571
2.1270,0.702148,-0.595276,-0.220520,-0.322449
2.1350,0.701538,-0.595947,-0.221008,-0.322266
2.1470,0.700928,-0.596497,-0.221619,-0.322144
2.1560,0.700317,-0.596985,-0.222473,-0.321960
2.1670,0.699646,-0.597412,-0.223572,-0.321899
2.1760,0.698975,-0.597046,-0.225342,-0.322754
2.1870,0.698242,-0.596741,-0.227112,-0.323730
2.1960,0.697449,-0.596497,-0.228821,-0.324707
2.2080,0.696655,-0.596252,-0.230408,-0.325623
2.2160,0.695923,-0.596008,-0.231995,-0.326538
2.2250,0.695374,-0.595642,-0.233582,-0.327271
2.2370,0.694946,-0.595154,-0.235107,-0.327942
2.2460,0.694641,-0.594543,-0.236633,-0.328552
2.2580,0.694458,-0.593872,-0.238159,-0.329163
2.2650,0.694336,-0.593018,-0.239807,-0.329773
2.2770,0.694214,-0.592041,-0.241455,-0.330505
2.2870,0.694092,-0.591003,-0.243164,-0.331360
2.2990,0.693909,-0.589966,-0.244934,-0.332336
2.3060,0.693542,-0.588989,-0.246704,-0.333435
2.3160,0.692993,-0.588196,-0.248474,-0.334717
2.3280,0.692261,-0.587524,-0.250183,-0.336121
2.3350,0.691528,-0.586914,-0.251892,-0.337524
2.3480,0.690796,-0.586243,-0.253601,-0.338806
2.3550,0.690247,-0.585571,-0.255249,-0.339905
2.3670,0.689819,-0.584778,-0.256897,-0.340820
2.3770,0.689575,-0.583923,-0.258423,-0.341614
2.3890,0.689331,-0.583191,-0.259888,-0.342346
2.3960,0.689148,-0.582397,-0.261230,-0.343018
2.4050,0.688965,-0.581726,-0.262451,-0.343628
2.4170,0.688049,-0.581970,-0.263855,-0.343933
2.4260,0.687134,-0.582214,-0.265198,-0.344238
2.4370,0.686279,-0.582581,-0.266357,-0.344482
2.4460,0.685486,-0.582825,-0.267395,-0.344849
2.4580,0.684875,-0.582825,-0.268433,-0.345276
2.4660,0.684387,-0.582764,-0.269409,-0.345581
2.4740,0.683960,-0.582581,-0.270508,-0.345886
2.4870,0.683533,-0.582397,-0.271606,-0.346130
2.4960,0.683472,-0.581848,-0.272461,-0.346558
2.5080,0.683350,-0.581360,-0.273254,-0.346924
2.5150,0.683289,-0.580933,-0.273865,-0.347351
2.5270,0.683228,-0.580566,-0.274353,-0.347717
2.5360,0.682922,-0.580505,-0.274963,-0.347839
2.5480,0.682739,-0.580444,-0.275513,-0.347961
2.5570,0.682556,-0.580444,-0.275940,-0.347961
2.5650,0.682373,-0.580566,-0.276306,-0.347839
2.5770,0.682190,-0.580749,-0.276611,-0.347595
2.5860,0.682190,-0.580505,-0.277039,-0.347656
2.5980,0.682190,-0.580322,-0.277466,-0.347717
2.6060,0.682129,-0.580139,-0.277832,-0.347778
2.6180,0.681763,-0.580444,-0.278259,-0.347595
2.6270,0.681396,-0.580749,-0.278687,-0.347534
2.6390,0.681213,-0.580749,-0.278931,-0.347656
2.6470,0.681030,-0.580872,-0.278992,-0.347778
2.6550,0.680847,-0.581055,-0.278931,-0.347778
2.6670,0.680847,-0.581116,-0.278931,-0.347839
2.6760,0.680969,-0.581055,-0.278931,-0.347717
2.6880,0.681213,-0.580811,-0.278992,-0.347534
2.6960,0.681519,-0.580505,-0.279114,-0.347351
2.7080,0.681763,-0.580200,-0.279236,-0.347290
2.7170,0.681580,-0.580994,-0.279053,-0.346497
2.7290,0.681335,-0.581787,-0.278870,-0.345825
2.7370,0.681091,-0.582397,-0.278687,-0.345215
2.7460,0.680908,-0.582947,-0.278687,-0.344788
2.7570,0.680725,-0.583313,-0.278625,-0.344604
2.7650,0.680542,-0.583618,-0.278503,-0.344482
2.7780,0.680420,-0.583923,-0.278259,-0.344360
2.7860,0.680603,-0.583679,-0.278198,-0.344543
2.7980,0.680847,-0.583374,-0.278137,-0.344666
2.8070,0.681152,-0.582886,-0.278259,-0.344666
2.8150,0.681519,-0.582336,-0.278442,-0.344727
2.8270,0.681885,-0.581848,-0.278625,-0.344788
2.8350,0.682007,-0.581421,-0.278870,-0.344971
2.8480,0.682068,-0.581116,-0.279175,-0.345215
2.8560,0.682007,-0.580811,-0.279541,-0.345520
2.8670,0.681946,-0.580444,-0.280090,-0.345825
2.8770,0.681946,-0.580078,-0.280579,-0.346008
2.8880,0.681885,-0.579651,-0.281311,-0.346252
2.8960,0.681824,-0.579224,-0.282043,-0.346436
2.9050,0.681763,-0.578857,-0.282837,-0.346558
2.9170,0.681641,-0.578552,-0.283569,-0.346680
2.9250,0.681580,-0.578308,-0.284302,-0.346680
2.9370,0.681457,-0.578125,-0.284912,-0.346741
2.9450,0.681274,-0.578003,-0.285461,-0.346802
2.9580,0.681091,-0.578003,-0.285950,-0.346802
2.9660,0.680847,-0.578125,-0.286316,-0.346863
2.9780,0.680603,-0.578247,-0.286560,-0.346863
2.9860,0.680359,-0.578369,-0.286804,-0.346924
2.9940,0.680115,-0.578552,-0.286987,-0.346924
3.0070,0.680054,-0.578552,-0.287231,-0.346863
3.0150,0.680054,-0.578491,-0.287415,-0.346741
3.0280,0.680115,-0.578369,-0.287659,-0.346680
3.0360,0.680176,-0.578247,-0.287842,-0.346619
3.0480,0.680237,-0.578064,-0.287964,-0.346619
3.0570,0.679871,-0.578857,-0.287964,-0.346008
3.0690,0.679565,-0.579529,-0.287964,-0.345520
3.0770,0.679321,-0.579956,-0.287964,-0.345276
3.0850,0.679077,-0.580322,-0.287964,-0.345215
3.0970,0.678894,-0.580566,-0.287964,-0.345215
3.1050,0.678772,-0.580627,-0.287964,-0.345276
3.1170,0.678833,-0.580444,-0.287842,-0.345520
3.1260,0.678955,-0.580322,-0.287598,-0.345703
3.1370,0.679016,-0.580261,-0.287292,-0.346008
3.1470,0.679077,-0.580200,-0.286926,-0.346252
3.1580,0.679138,-0.580139,-0.286560,-0.346497
3.1660,0.679199,-0.580078,-0.286255,-0.346802
3.1750,0.679199,-0.580017,-0.286011,-0.347107
3.1870,0.679077,-0.580017,-0.285828,-0.347412
3.1960,0.678955,-0.580017,-0.285706,-0.347778
3.2080,0.678772,-0.580078,-0.285706,-0.348083
3.2170,0.678528,-0.580200,-0.285767,-0.348328
3.2280,0.678223,-0.580383,-0.285828,-0.348511
3.2370,0.677734,-0.580811,-0.285889,-0.348694
3.2480,0.677246,-0.581299,-0.285950,-0.348877
3.2570,0.676697,-0.581787,-0.286011,-0.348999
3.2650,0.676147,-0.582336,-0.286133,-0.349121
3.2770,0.675537,-0.582886,-0.286194,-0.349182
3.2860,0.675537,-0.582886,-0.286194,-0.349182
3.2980,0.674316,-0.584228,-0.286194,-0.349426
3.3060,0.673645,-0.584961,-0.286072,-0.349548
3.3180,0.673096,-0.585693,-0.285889,-0.349548
3.3260,0.672485,-0.586426,-0.285767,-0.349548
3.3390,0.672485,-0.586426,-0.285767,-0.349548
3.3470,0.671875,-0.587524,-0.285461,-0.349121
3.3590,0.671875,-0.587830,-0.285400,-0.348755
3.3670,0.671875,-0.588074,-0.285278,-0.348389
3.3750,0.671875,-0.588074,-0.285278,-0.348389
3.3880,0.671692,-0.588684,-0.285034,-0.347900
3.3950,0.671265,-0.589600,-0.284729,-0.347412
3.4080,0.670776,-0.590576,-0.284363,-0.346924
3.4160,0.670776,-0.590576,-0.284363,-0.346924
3.4290,0.670410,-0.591187,-0.284119,-0.346924
3.4380,0.669495,-0.592346,-0.283691,-0.347046
3.4490,0.669006,-0.592895,-0.283447,-0.347168
3.4570,0.669006,-0.592895,-0.283447,-0.347168
3.4660,0.668518,-0.593384,-0.283264,-0.347473
3.4790,0.668152,-0.593689,-0.283203,-0.347778
3.4860,0.667236,-0.594788,-0.282959,-0.347778
3.4990,0.667175,-0.594727,-0.282898,-0.348145
3.5070,0.667175,-0.594727,-0.282898,-0.348145
3.5180,0.667114,-0.594604,-0.282776,-0.348450
3.5280,0.667236,-0.594238,-0.282532,-0.349121
3.5390,0.667236,-0.594055,-0.282410,-0.349365
3.5470,0.667236,-0.594055,-0.282410,-0.349365
3.5560,0.667297,-0.593933,-0.282288,-0.349670
3.5680,0.667236,-0.593872,-0.282166,-0.349976
3.5770,0.666931,-0.594055,-0.281860,-0.350403
3.5890,0.666931,-0.594055,-0.281860,-0.350403
3.5970,0.666748,-0.594238,-0.281738,-0.350586
3.6090,0.666565,-0.594482,-0.281616,-0.350708
3.6170,0.666443,-0.594666,-0.281494,-0.350708
3.6300,0.666260,-0.594910,-0.281372,-0.350708
3.6370,0.666077,-0.595154,-0.281311,-0.350708
3.6460,0.665832,-0.595459,-0.281311,-0.350708
3.6580,0.665588,-0.595764,-0.281250,-0.350708
3.6670,0.665283,-0.596069,-0.281250,-0.350708
3.6790,0.665039,-0.596436,-0.281250,-0.350586
3.6870,0.664795,-0.596741,-0.281311,-0.350403
3.6990,0.664612,-0.597107,-0.281372,-0.350159
3.7070,0.664490,-0.597351,-0.281433,-0.349854
3.7160,0.664307,-0.597656,-0.281494,-0.349609
3.7280,0.664185,-0.597900,-0.281616,-0.349426
3.7370,0.664062,-0.598083,-0.281616,-0.349182
3.7480,0.664062,-0.598206,-0.281738,-0.348938
3.7570,0.664062,-0.598328,-0.281738,-0.348755
3.7680,0.663879,-0.598755,-0.281921,-0.348328
3.7770,0.663696,-0.599060,-0.282043,-0.347900
3.7890,0.663635,-0.599365,-0.282043,-0.347595
3.7980,0.663513,-0.599670,-0.282043,-0.347168
3.8090,0.663513,-0.599976,-0.281982,-0.346802
3.8170,0.663574,-0.600220,-0.281860,-0.346436
3.8260,0.663574,-0.600403,-0.281860,-0.346069
3.8390,0.663574,-0.600586,-0.281738,-0.345764
3.8470,0.663635,-0.600830,-0.281616,-0.345459
3.8590,0.663635,-0.601013,-0.281494,-0.345154
3.8680,0.663696,-0.601196,-0.281311,-0.344849
3.8800,0.663818,-0.601318,-0.281189,-0.344543
3.8880,0.663879,-0.601379,-0.281128,-0.344299
3.9000,0.663940,-0.601440,-0.281128,-0.344177
3.9080,0.663879,-0.601501,-0.281128,-0.344116
3.9170,0.663818,-0.601501,-0.281189,-0.344177
3.9280,0.663696,-0.601562,-0.281311,-0.344238
3.9370,0.663513,-0.601624,-0.281433,-0.344299
3.9480,0.663330,-0.601746,-0.281616,-0.344421
3.9570,0.663086,-0.601807,-0.281799,-0.344543
3.9700,0.662903,-0.601868,-0.281982,-0.344727
3.9770,0.662720,-0.601807,-0.282166,-0.344910
3.9900,0.662598,-0.601807,-0.282349,-0.345032
3.9980,0.662537,-0.601746,-0.282471,-0.345215
4.0110,0.662537,-0.601685,-0.282471,-0.345337
4.0190,0.662537,-0.601562,-0.282532,-0.345459
4.0270,0.662598,-0.601501,-0.282532,-0.345459
4.0390,0.662598,-0.601440,-0.282654,-0.345459
4.0470,0.662598,-0.601440,-0.282593,-0.345459
4.0600,0.662659,-0.601440,-0.282532,-0.345398
4.0680,0.662659,-0.601501,-0.282471,-0.345398
4.0800,0.662720,-0.601501,-0.282349,-0.345337
4.0890,0.662720,-0.601562,-0.282227,-0.345337
4.0960,0.662781,-0.601562,-0.282166,-0.345276
4.1090,0.662781,-0.601562,-0.282104,-0.345276
4.1170,0.662842,-0.601624,-0.281982,-0.345276
4.1300,0.662842,-0.601624,-0.281982,-0.345215
4.1380,0.662903,-0.601624,-0.281921,-0.345154
4.1490,0.662903,-0.601685,-0.281860,-0.345093
4.1590,0.662964,-0.601685,-0.281799,-0.345032
4.1660,0.663025,-0.601746,-0.281799,-0.344849
4.1780,0.663086,-0.601746,-0.281738,-0.344727
4.1870,0.663086,-0.601807,-0.281616,-0.344666
4.1990,0.663086,-0.601929,-0.281616,-0.344604
4.2080,0.663025,-0.601990,-0.281616,-0.344543
4.2190,0.663025,-0.602051,-0.281616,-0.344482
4.2270,0.662964,-0.602051,-0.281616,-0.344482
4.2390,0.662964,-0.602112,-0.281616,-0.344482
4.2490,0.662903,-0.602051,-0.281677,-0.344543
4.2610,0.662903,-0.602051,-0.281738,-0.344604
4.2690,0.662842,-0.602051,-0.281799,-0.344666
4.2770,0.662781,-0.601990,-0.281921,-0.344727
4.2890,0.662781,-0.601929,-0.281982,-0.344849
4.2970,0.662720,-0.601868,-0.282104,-0.344910
4.3100,0.662659,-0.601868,-0.282166,-0.344971
4.3170,0.662659,-0.601807,-0.282166,-0.345032
4.3290,0.662659,-0.601868,-0.282227,-0.345032
4.3380,0.662659,-0.601868,-0.282227,-0.345032
4.3500,0.662598,-0.601929,-0.282227,-0.345032
4.3580,0.662476,-0.601990,-0.282166,-0.345093
4.3670,0.662415,-0.602112,-0.282104,-0.345154
4.3790,0.662353,-0.602173,-0.282104,-0.345154
4.3870,0.662353,-0.602173,-0.282104,-0.345093
4.4000,0.662353,-0.602234,-0.282166,-0.345032
4.4080,0.662353,-0.602234,-0.282104,-0.345032
4.4190,0.662292,-0.602295,-0.282166,-0.344971
4.4290,0.662292,-0.602295,-0.282227,-0.344910
4.4410,0.662231,-0.602356,-0.282288,-0.344849
4.4480,0.662231,-0.602356,-0.282349,-0.344788
4.4570,0.662231,-0.602417,-0.282410,-0.344788
4.4690,0.662170,-0.602478,-0.282410,-0.344727
4.4780,0.662048,-0.602539,-0.282471,-0.344666
4.4890,0.661987,-0.602661,-0.282532,-0.344666
4.4980,0.661865,-0.602783,-0.282471,-0.344604
4.5100,0.661804,-0.602905,-0.282471,-0.344482
4.5190,0.661865,-0.602966,-0.282349,-0.344360
4.5270,0.661926,-0.603088,-0.282288,-0.344238
4.5380,0.661987,-0.603088,-0.282227,-0.344116
4.5480,0.662109,-0.603088,-0.282166,-0.343933
4.5600,0.662109,-0.603149,-0.282043,-0.343811
4.5680,0.662170,-0.603210,-0.281982,-0.343689
4.5800,0.662170,-0.603332,-0.281860,-0.343628
4.5880,0.662231,-0.603394,-0.281799,-0.343506
4.6010,0.662231,-0.603455,-0.281799,-0.343384
4.6090,0.662170,-0.603516,-0.281799,-0.343262
4.6170,0.662170,-0.603638,-0.281799,-0.343201
4.6290,0.662170,-0.603699,-0.281738,-0.343079
4.6410,0.662170,-0.603760,-0.281738,-0.343018
4.6500,0.662170,-0.603760,-0.281738,-0.342896
4.6580,0.662292,-0.603760,-0.281738,-0.342712
4.6670,0.662353,-0.603760,-0.281738,-0.342529
4.6780,0.662476,-0.603821,-0.281677,-0.342346
4.6910,0.662476,-0.603943,-0.281555,-0.342163
4.6990,0.662537,-0.604004,-0.281433,-0.342041
4.7110,0.662537,-0.604065,-0.281372,-0.341980
4.7190,0.662598,-0.604126,-0.281311,-0.341919
4.7310,0.662598,-0.604126,-0.281250,-0.341858
4.7390,0.662659,-0.604065,-0.281250,-0.341797
4.7470,0.662720,-0.604004,-0.281311,-0.341797
4.7600,0.662781,-0.604004,-0.281311,-0.341736
4.7690,0.662781,-0.603943,-0.281372,-0.341736
4.7810,0.662842,-0.603943,-0.281372,-0.341675
4.7890,0.662842,-0.603943,-0.281372,-0.341675
4.8010,0.662842,-0.603943,-0.281372,-0.341675
4.8090,0.662842,-0.604004,-0.281311,-0.341675
4.8210,0.662842,-0.604004,-0.281311,-0.341614
4.8290,0.662842,-0.604004,-0.281311,-0.341614
4.8390,0.662842,-0.604065,-0.281250,-0.341553
4.8490,0.662842,-0.604065,-0.281250,-0.341492
4.8580,0.662842,-0.604126,-0.281250,-0.341431
4.8660,0.662842,-0.604187,-0.281250,-0.341370
4.8790,0.662842,-0.604187,-0.281311,-0.341309
4.8900,0.662781,-0.604248,-0.281311,-0.341248
4.8990,0.662781,-0.604309,-0.281311,-0.341187
4.9110,0.662720,-0.604370,-0.281372,-0.341125
4.9150,0.662720,-0.604370,-0.281372,-0.341125
4.9290,0.662720,-0.604370,-0.281372,-0.341064
4.9400,0.662720,-0.604431,-0.281372,-0.341064
4.9480,0.662720,-0.604431,-0.281311,-0.341003
4.9600,0.662781,-0.604431,-0.281250,-0.340942
4.9690,0.662781,-0.604492,-0.281189,-0.340881
4.9810,0.662842,-0.604492,-0.281128,-0.340820
4.9900,0.662903,-0.604553,-0.281067,-0.340759
4.9970,0.662903,-0.604553,-0.281006,-0.340698
5.0100,0.662964,-0.604614,-0.280945,-0.340637
5.0180,0.662964,-0.604614,-0.280884,-0.340576
5.0300,0.663025,-0.604675,-0.280823,-0.340454
5.0390,0.663025,-0.604736,-0.280762,-0.340393
5.0510,0.663086,-0.604736,-0.280701,-0.340332
5.0600,0.663147,-0.604736,-0.280701,-0.340271
5.0670,0.663147,-0.604736,-0.280640,-0.340210
5.0800,0.663147,-0.604797,-0.280579,-0.340149
5.0870,0.663208,-0.604797,-0.280518,-0.340149
5.1000,0.663208,-0.604797,-0.280518,-0.340088
5.1090,0.663208,-0.604858,-0.280518,-0.340088
5.1200,0.663208,-0.604858,-0.280518,-0.340088
5.1290,0.663208,-0.604858,-0.280518,-0.340088
5.1400,0.663147,-0.604919,-0.280518,-0.340088
5.1490,0.663086,-0.604980,-0.280457,-0.340149
5.1610,0.663086,-0.605041,-0.280396,-0.340088
5.1700,0.663086,-0.605041,-0.280334,-0.340027
5.1780,0.663086,-0.605103,-0.280334,-0.339966
5.1900,0.663086,-0.605164,-0.280396,-0.339844
5.1990,0.663025,-0.605225,-0.280334,-0.339844
5.2100,0.662964,-0.605347,-0.280334,-0.339783
5.2180,0.662903,-0.605408,-0.280396,-0.339783
5.2310,0.662903,-0.605469,-0.280396,-0.339722
5.2380,0.662842,-0.605469,-0.280396,-0.339722
5.2510,0.662842,-0.605469,-0.280396,-0.339722
5.2600,0.662842,-0.605469,-0.280396,-0.339722
5.2680,0.662842,-0.605530,-0.280334,-0.339661
5.2810,0.662903,-0.605530,-0.280334,-0.339600
5.2890,0.662964,-0.605530,-0.280273,-0.339539
5.3000,0.662964,-0.605591,-0.280151,-0.339417
5.3090,0.663025,-0.605652,-0.280090,-0.339355
5.3170,0.663086,-0.605652,-0.280029,-0.339294
5.3300,0.663086,-0.605652,-0.280029,-0.339294
5.3380,0.663086,-0.605652,-0.280029,-0.339294
5.3500,0.663086,-0.605713,-0.280029,-0.339233
5.3580,0.662964,-0.605774,-0.280029,-0.339233
5.3700,0.662903,-0.605835,-0.280090,-0.339172
5.3790,0.662903,-0.605896,-0.280090,-0.339111
5.3900,0.662903,-0.605957,-0.280090,-0.338989
5.3990,0.662903,-0.606018,-0.280090,-0.338867
5.4110,0.662903,-0.606079,-0.280090,-0.338806
5.4200,0.662903,-0.606140,-0.280090,-0.338684
5.4280,0.662903,-0.606201,-0.280090,-0.338562
5.4400,0.662903,-0.606262,-0.280090,-0.338501
5.4480,0.662842,-0.606384,-0.280090,-0.338440
5.4610,0.662781,-0.606445,-0.280090,-0.338379
5.4690,0.662720,-0.606506,-0.280090,-0.338379
5.4810,0.662720,-0.606567,-0.280151,-0.338318
5.4900,0.662659,-0.606628,-0.280212,-0.338257
5.5020,0.662659,-0.606628,-0.280273,-0.338196
5.5100,0.662598,-0.606689,-0.280334,-0.338135
5.5170,0.662598,-0.606689,-0.280396,-0.338013
5.5300,0.662537,-0.606750,-0.280457,-0.338013
5.5380,0.662537,-0.606750,-0.280457,-0.337952
5.5510,0.662537,-0.606812,-0.280518,-0.337891
5.5590,0.662476,-0.606873,-0.280579,-0.337830
5.5670,0.662476,-0.606873,-0.280579,-0.337830
5.5790,0.662476,-0.606934,-0.280640,-0.337708
5.5910,0.662476,-0.606934,-0.280579,-0.337646
5.6000,0.662476,-0.606995,-0.280579,-0.337585
5.6080,0.662476,-0.607056,-0.280518,-0.337585
5.6200,0.662476,-0.607056,-0.280457,-0.337524
5.6290,0.662598,-0.607056,-0.280457,-0.337402
5.6410,0.662659,-0.606995,-0.280396,-0.337341
5.6490,0.662659,-0.607056,-0.280396,-0.337280
5.6600,0.662598,-0.607117,-0.280334,-0.337341
5.6700,0.662598,-0.607178,-0.280334,-0.337341
5.6770,0.662537,-0.607239,-0.280273,-0.337341
5.6890,0.662476,-0.607300,-0.280273,-0.337280
5.6980,0.662476,-0.607300,-0.280273,-0.337280
5.7110,0.662415,-0.607361,-0.280273,-0.337219
5.7190,0.662415,-0.607361,-0.280334,-0.337219
5.7270,0.662415,-0.607361,-0.280334,-0.337219
5.7390,0.662415,-0.607422,-0.280334,-0.337158
5.7510,0.662415,-0.607422,-0.280334,-0.337158
5.7590,0.662415,-0.607422,-0.280334,-0.337097
5.7680,0.662415,-0.607483,-0.280334,-0.337036
5.7790,0.662415,-0.607483,-0.280334,-0.336975
5.7880,0.662415,-0.607544,-0.280396,-0.336914
5.8010,0.662353,-0.607605,-0.280396,-0.336914
5.8080,0.662292,-0.607666,-0.280396,-0.336853
5.8170,0.662292,-0.607666,-0.280457,-0.336853
5.8290,0.662231,-0.607727,-0.280518,-0.336792
5.8420,0.662231,-0.607727,-0.280518,-0.336792
5.8500,0.662292,-0.607727,-0.280457,-0.336731
5.8580,0.662292,-0.607788,-0.280396,-0.336670
5.8690,0.662292,-0.607910,-0.280273,-0.336609
5.8790,0.662292,-0.607971,-0.280151,-0.336548
5.8900,0.662353,-0.608032,-0.280029,-0.336426
5.8990,0.662476,-0.608032,-0.279968,-0.336304
5.9100,0.662598,-0.607971,-0.279907,-0.336121
5.9200,0.662659,-0.608032,-0.279785,-0.336060
5.9270,0.662659,-0.608032,-0.279724,-0.335938
5.9400,0.662720,-0.608093,-0.279663,-0.335876
5.9480,0.662720,-0.608154,-0.279663,-0.335815
5.9600,0.662720,-0.608154,-0.279663,-0.335693
5.9680,0.662720,-0.608215,-0.279663,-0.335632
5.9800,0.662781,-0.608276,-0.279602,-0.335571
5.9890,0.662781,-0.608276,-0.279541,-0.335510
6.0010,0.662842,-0.608276,-0.279480,-0.335449
6.0090,0.662842,-0.608337,-0.279419,-0.335327
6.0170,0.662903,-0.608337,-0.279358,-0.335266
6.0290,0.662964,-0.608398,-0.279297,-0.335205
6.0380,0.662964,-0.608459,-0.279175,-0.335083
6.0500,0.663025,-0.608459,-0.279114,-0.335022
6.0580,0.663086,-0.608520,-0.279053,-0.334961
6.0670,0.663147,-0.608520,-0.278992,-0.334839
6.0790,0.663147,-0.608582,-0.278870,-0.334778
6.0910,0.663208,-0.608582,-0.278809,-0.334656
6.1000,0.663269,-0.608643,-0.278748,-0.334595
6.1070,0.663269,-0.608704,-0.278687,-0.334534
6.1200,0.663330,-0.608704,-0.278564,-0.334473
6.1280,0.663391,-0.608765,-0.278503,-0.334351
6.1400,0.663391,-0.608765,-0.278442,-0.334290
6.1480,0.663452,-0.608826,-0.278381,-0.334167
6.1600,0.663513,-0.608887,-0.278320,-0.334045
6.1680,0.663513,-0.608948,-0.278259,-0.333923
6.1770,0.663513,-0.609009,-0.278259,-0.333801
6.1900,0.663574,-0.609070,-0.278198,-0.333679
6.1970,0.663635,-0.609131,-0.278137,-0.333496
6.2100,0.663635,-0.609192,-0.278076,-0.333374
6.2180,0.663696,-0.609253,-0.278015,-0.333252
6.2300,0.663696,-0.609314,-0.278015,-0.333069
6.2380,0.663757,-0.609375,-0.277893,-0.333008
6.2500,0.663757,-0.609375,-0.277832,-0.332947
6.2600,0.663818,-0.609436,-0.277771,-0.332825
6.2670,0.663879,-0.609436,-0.277710,-0.332764
6.2800,0.663940,-0.609436,-0.277649,-0.332642
6.2880,0.664001,-0.609436,-0.277588,-0.332581
6.3000,0.664062,-0.609497,-0.277466,-0.332458
6.3090,0.664124,-0.609497,-0.277405,-0.332397
6.3160,0.664185,-0.609558,-0.277344,-0.332275
6.3280,0.664307,-0.609558,-0.277222,-0.332092
6.3410,0.664368,-0.609619,-0.277100,-0.331970
6.3490,0.664429,-0.609680,-0.276978,-0.331848
6.3610,0.664490,-0.609680,-0.276855,-0.331726
6.3690,0.664612,-0.609741,-0.276794,-0.331604
6.3780,0.664673,-0.609741,-0.276672,-0.331482
6.3910,0.664734,-0.609802,-0.276550,-0.331360
6.4020,0.664795,-0.609863,-0.276428,-0.331238
6.4060,0.664856,-0.609924,-0.276306,-0.331116
6.4190,0.664917,-0.609985,-0.276245,-0.330994
6.4310,0.664978,-0.609985,-0.276123,-0.330811
6.4390,0.665100,-0.610046,-0.276123,-0.330566
6.4480,0.665222,-0.610046,-0.276062,-0.330322
6.4600,0.665344,-0.610046,-0.276001,-0.330078
6.4690,0.665466,-0.610107,-0.275879,-0.329773
6.4800,0.665588,-0.610229,-0.275757,-0.329529
6.4880,0.665588,-0.610413,-0.275513,-0.329285
6.4970,0.665588,-0.610657,-0.275330,-0.329041
6.5080,0.665588,-0.610901,-0.275085,-0.328796
6.5210,0.665649,-0.611145,-0.274841,-0.328491
6.5300,0.665771,-0.611267,-0.274597,-0.328186
6.5370,0.665832,-0.611450,-0.274414,-0.327881
6.5490,0.665894,-0.611633,-0.274170,-0.327576
6.5580,0.665955,-0.611877,-0.273865,-0.327393
6.5700,0.665955,-0.612061,-0.273560,-0.327209
6.5790,0.665955,-0.612305,-0.273315,-0.326965
6.5910,0.665955,-0.612549,-0.273071,-0.326660
6.6000,0.666016,-0.612732,-0.272827,-0.326416
6.6110,0.666016,-0.612976,-0.272644,-0.326172
6.6190,0.666077,-0.613098,-0.272461,-0.325928
6.6280,0.666016,-0.613342,-0.272278,-0.325745
6.6400,0.666016,-0.613525,-0.272095,-0.325562
6.6480,0.665955,-0.613708,-0.271851,-0.325439
6.6600,0.665894,-0.613953,-0.271606,-0.325317
6.6680,0.665832,-0.614197,-0.271362,-0.325195
6.6800,0.665894,-0.614319,-0.271118,-0.325073
6.6900,0.665894,-0.614441,-0.270874,-0.325012
6.7010,0.666016,-0.614502,-0.270691,-0.324768
6.7090,0.666138,-0.614624,-0.270508,-0.324585
6.7170,0.666260,-0.614685,-0.270325,-0.324341
6.7300,0.666443,-0.614685,-0.270142,-0.324097
6.7380,0.666687,-0.614685,-0.269958,-0.323792
6.7500,0.666870,-0.614685,-0.269775,-0.323547
6.7590,0.666931,-0.614807,-0.269592,-0.323303
6.7710,0.666992,-0.614990,-0.269348,-0.323120
6.7800,0.666931,-0.615234,-0.269104,-0.322876
6.7870,0.666931,-0.615478,-0.268921,-0.322632
6.8000,0.666870,-0.615723,-0.268738,-0.322449
6.8080,0.666870,-0.615967,-0.268494,-0.322205
6.8200,0.666870,-0.616150,-0.268311,-0.321899
6.8290,0.666992,-0.616333,-0.268127,-0.321594
6.8400,0.667114,-0.616455,-0.267944,-0.321228
6.8490,0.667236,-0.616577,-0.267761,-0.320862
6.8610,0.667358,-0.616699,-0.267517,-0.320496
6.8690,0.667480,-0.616882,-0.267273,-0.320190
6.8770,0.667603,-0.617004,-0.267090,-0.319824
6.8890,0.667725,-0.617187,-0.266846,-0.319458
6.8980,0.667847,-0.617310,-0.266663,-0.319031
6.9110,0.667969,-0.617493,-0.266418,-0.318665
6.9190,0.668091,-0.617676,-0.266174,-0.318237
6.9310,0.668213,-0.617859,-0.265991,-0.317871
6.9390,0.668335,-0.617981,-0.265747,-0.317444
6.9510,0.668457,-0.618164,-0.265503,-0.317017
6.9600,0.668579,-0.618347,-0.265320,-0.316589
6.9670,0.668701,-0.618530,-0.265137,-0.316162
6.9800,0.668762,-0.618713,-0.264954,-0.315796
6.9890,0.668884,-0.618896,-0.264832,-0.315369
7.0000,0.668945,-0.619080,-0.264709,-0.314941
7.0090,0.669067,-0.619263,-0.264526,-0.314514
7.0210,0.669128,-0.619507,-0.264343,-0.314087
7.0290,0.669128,-0.619751,-0.264160,-0.313660
7.0410,0.669189,-0.619995,-0.263916,-0.313232
7.0500,0.669128,-0.620300,-0.263733,-0.312866
7.0580,0.669128,-0.620605,-0.263550,-0.312500
7.0700,0.669128,-0.620911,-0.263306,-0.312134
7.0780,0.669128,-0.621155,-0.263184,-0.311768
7.0900,0.669128,-0.621399,-0.262939,-0.311401
7.0990,0.669128,-0.621643,-0.262756,-0.311096
7.1100,0.669128,-0.621887,-0.262573,-0.310730
7.1200,0.669128,-0.622131,-0.262390,-0.310425
7.1280,0.669128,-0.622375,-0.262207,-0.310120
7.1400,0.669128,-0.622559,-0.262085,-0.309814
7.1470,0.669128,-0.622742,-0.262024,-0.309570
7.1600,0.669128,-0.622864,-0.261963,-0.309265
7.1690,0.669128,-0.623047,-0.261902,-0.309021
7.1800,0.669189,-0.623169,-0.261841,-0.308777
7.1890,0.669189,-0.623291,-0.261780,-0.308472
7.2000,0.669250,-0.623413,-0.261719,-0.308167
7.2090,0.669250,-0.623596,-0.261597,-0.307922
7.2170,0.669189,-0.623840,-0.261414,-0.307678
7.2300,0.669128,-0.624084,-0.261230,-0.307434
7.2390,0.669067,-0.624329,-0.261047,-0.307251
7.2500,0.669067,-0.624573,-0.260864,-0.307007
7.2580,0.669067,-0.624756,-0.260681,-0.306702
7.2710,0.669189,-0.624878,-0.260437,-0.306458
7.2790,0.669312,-0.625000,-0.260254,-0.306091
7.2910,0.669434,-0.625061,-0.260010,-0.305725
7.3000,0.669678,-0.625122,-0.259827,-0.305359
7.3080,0.669922,-0.625183,-0.259583,-0.304932
7.3190,0.670227,-0.625183,-0.259399,-0.304443
7.3280,0.670471,-0.625183,-0.259155,-0.303955
7.3410,0.670715,-0.625305,-0.258911,-0.303528
7.3490,0.670959,-0.625366,-0.258667,-0.303040
7.3610,0.671143,-0.625488,-0.258362,-0.302612
7.3690,0.671265,-0.625671,-0.258057,-0.302185
7.3810,0.671448,-0.625854,-0.257751,-0.301697
7.3890,0.671570,-0.626099,-0.257385,-0.301270
7.3980,0.671631,-0.626404,-0.257019,-0.300903
7.4100,0.671692,-0.626648,-0.256653,-0.300476
7.4190,0.671814,-0.626892,-0.256226,-0.300110
7.4300,0.671936,-0.627075,-0.255859,-0.299622
7.4380,0.672119,-0.627258,-0.255493,-0.299133
7.4510,0.672363,-0.627380,-0.255127,-0.298584
7.4590,0.672668,-0.627502,-0.254822,-0.298035
7.4700,0.672913,-0.627624,-0.254517,-0.297485
7.4790,0.673157,-0.627808,-0.254211,-0.296875
7.4870,0.673279,-0.627991,-0.253906,-0.296326
7.5000,0.673462,-0.628235,-0.253601,-0.295776
7.5080,0.673584,-0.628418,-0.253296,-0.295227
7.5210,0.673767,-0.628662,-0.252991,-0.294678
7.5290,0.674011,-0.628784,-0.252686,-0.294067
7.5410,0.674255,-0.628906,-0.252380,-0.293457
7.5490,0.674622,-0.628967,-0.252014,-0.292847
7.5580,0.674927,-0.629028,-0.251587,-0.292297
7.5690,0.675232,-0.629150,-0.251160,-0.291748
7.5780,0.675415,-0.629333,-0.250732,-0.291321
7.5910,0.675598,-0.629517,-0.250305,-0.290833
7.5980,0.675842,-0.629639,-0.249939,-0.290405
7.6100,0.675964,-0.629822,-0.249573,-0.289978
7.6180,0.676086,-0.630066,-0.249207,-0.289551
7.6300,0.676086,-0.630371,-0.248840,-0.289124
7.6390,0.676086,-0.630676,-0.248474,-0.288696
7.6470,0.676147,-0.630981,-0.248108,-0.288269
7.6600,0.676270,-0.631226,-0.247681,-0.287781
7.6690,0.676453,-0.631470,-0.247314,-0.287231
7.6810,0.676697,-0.631653,-0.246826,-0.286682
7.6890,0.676941,-0.631836,-0.246399,-0.286011
7.7000,0.677246,-0.632019,-0.245911,-0.285339
7.7090,0.677490,-0.632324,-0.245422,-0.284607
7.7210,0.677734,-0.632568,-0.244873,-0.283813
7.7300,0.677978,-0.632935,-0.244263,-0.283020
7.7380,0.678162,-0.633362,-0.243652,-0.282166
7.7500,0.678406,-0.633728,-0.242981,-0.281311
7.7580,0.678650,-0.634094,-0.242371,-0.280396
7.7700,0.679016,-0.634399,-0.241638,-0.279419
7.7790,0.679382,-0.634705,-0.240967,-0.278442
7.7910,0.679810,-0.635010,-0.240173,-0.277344
7.8000,0.680298,-0.635254,-0.239380,-0.276245
7.8110,0.680908,-0.635437,-0.238525,-0.275085
7.8200,0.681519,-0.635681,-0.237671,-0.273865
7.8270,0.682068,-0.635925,-0.236816,-0.272583
7.8400,0.682617,-0.636169,-0.235901,-0.271362
7.8480,0.683228,-0.636475,-0.234985,-0.270081
7.8610,0.683716,-0.636780,-0.234009,-0.268799
7.8690,0.684143,-0.637268,-0.233032,-0.267517
7.8810,0.684509,-0.637756,-0.232056,-0.266296
7.8900,0.684753,-0.638306,-0.231018,-0.265137
7.8980,0.685059,-0.638855,-0.230042,-0.263977
7.9100,0.685242,-0.639404,-0.229065,-0.262878
7.9180,0.685425,-0.639954,-0.228149,-0.261841
7.9300,0.685547,-0.640564,-0.227234,-0.260864
7.9380,0.685608,-0.641174,-0.226379,-0.259949
7.9500,0.685730,-0.641724,-0.225586,-0.259033
7.9600,0.685913,-0.642151,-0.224731,-0.258118
7.9710,0.686157,-0.642517,-0.224060,-0.257141
7.9800,0.686462,-0.642883,-0.223328,-0.256165
7.9910,0.686768,-0.643188,-0.222656,-0.255188
8.0000,0.687073,-0.643433,-0.221924,-0.254211
8.0120,0.687500,-0.643677,-0.221191,-0.253235
8.0200,0.687866,-0.643921,-0.220459,-0.252319
8.0290,0.688171,-0.644165,-0.219666,-0.251465
8.0400,0.688354,-0.644531,-0.218811,-0.250610
8.0490,0.688538,-0.645020,-0.217896,-0.249756
8.0610,0.688660,-0.645569,-0.216980,-0.248962
8.0700,0.688660,-0.645569,-0.216980,-0.248962
8.0810,0.688782,-0.646728,-0.214966,-0.247192
8.0900,0.689026,-0.647217,-0.213928,-0.246216
8.1020,0.689392,-0.647522,-0.212952,-0.245117
8.1110,0.689880,-0.647766,-0.211914,-0.244019
8.1180,0.690430,-0.647949,-0.210938,-0.242859
8.1310,0.691040,-0.648071,-0.209961,-0.241638
8.1390,0.691650,-0.648132,-0.208984,-0.240417
8.1510,0.692261,-0.648315,-0.207947,-0.239319
8.1590,0.692261,-0.648315,-0.207947,-0.239319
8.1710,0.692993,-0.648987,-0.205811,-0.237183
8.1800,0.693176,-0.649475,-0.204712,-0.236206
8.1920,0.693298,-0.650024,-0.203613,-0.235229
8.2000,0.693298,-0.650024,-0.203613,-0.235229
8.2080,0.693420,-0.650574,-0.202515,-0.234314
8.2210,0.693542,-0.651733,-0.200562,-0.232422
8.2300,0.693603,-0.652283,-0.199707,-0.231384
8.2410,0.693603,-0.652283,-0.199707,-0.231384
8.2490,0.693603,-0.652893,-0.198853,-0.230347
8.2620,0.693481,-0.654297,-0.197083,-0.228333
8.2700,0.693237,-0.655151,-0.196167,-0.227356
8.2820,0.692871,-0.656128,-0.195251,-0.226501
8.2910,0.692871,-0.656128,-0.195251,-0.226501
8.2980,0.692444,-0.657104,-0.194397,-0.225708
8.3110,0.691833,-0.658813,-0.192749,-0.224060
8.3190,0.691589,-0.659485,-0.192017,-0.223267
8.3310,0.691589,-0.659485,-0.192017,-0.223267
8.3390,0.691467,-0.660156,-0.191284,-0.222473
8.3520,0.691284,-0.661255,-0.189819,-0.220886
8.3600,0.691223,-0.661804,-0.189087,-0.220154
8.3680,0.691223,-0.661804,-0.189087,-0.220154
8.3810,0.691223,-0.662292,-0.188354,-0.219360
8.3890,0.691284,-0.662720,-0.187683,-0.218506
8.4020,0.691528,-0.663452,-0.186218,-0.216797
8.4090,0.691528,-0.663452,-0.186218,-0.216797
8.4220,0.691711,-0.663757,-0.185486,-0.215881
8.4300,0.691956,-0.664001,-0.184692,-0.214966
8.4410,0.692200,-0.664307,-0.183777,-0.214050
8.4500,0.692566,-0.665100,-0.181824,-0.212036
8.4580,0.692566,-0.665100,-0.181824,-0.212036
8.4700,0.692871,-0.665405,-0.180725,-0.210999
8.4790,0.693237,-0.665710,-0.179565,-0.209900
8.4920,0.693665,-0.665894,-0.178406,-0.208801
8.5000,0.694214,-0.666016,-0.177307,-0.207581
8.5110,0.694763,-0.666077,-0.176147,-0.206421
8.5200,0.695251,-0.666199,-0.175110,-0.205200
8.5320,0.695740,-0.666321,-0.174011,-0.204041
8.5400,0.696106,-0.666626,-0.172913,-0.202881
8.5530,0.696350,-0.666931,-0.171875,-0.201782
8.5600,0.696533,-0.667358,-0.170776,-0.200806
8.5730,0.696594,-0.667847,-0.169678,-0.199829
8.5820,0.696594,-0.668396,-0.168640,-0.198853
8.5890,0.696594,-0.668945,-0.167603,-0.197937
8.6020,0.696655,-0.669434,-0.166626,-0.196899
8.6110,0.696777,-0.669800,-0.165710,-0.195862
8.6220,0.697021,-0.670105,-0.164856,-0.194702
8.6310,0.697266,-0.670410,-0.164063,-0.193542
8.6390,0.697510,-0.670715,-0.163208,-0.192383
8.6510,0.697693,-0.671020,-0.162292,-0.191223
8.6590,0.697754,-0.671509,-0.161377,-0.190186
8.6710,0.697571,-0.672180,-0.160339,-0.189331
8.6790,0.697266,-0.673035,-0.159241,-0.188538
8.6910,0.696899,-0.673828,-0.158142,-0.187805
8.7000,0.696655,-0.674561,-0.157104,-0.187073
8.7120,0.696716,-0.674927,-0.156189,-0.186218
8.7200,0.697144,-0.674927,-0.155334,-0.185242
8.7280,0.697876,-0.674622,-0.154541,-0.184204
8.7410,0.698669,-0.674316,-0.153748,-0.183166
8.7540,0.699402,-0.674011,-0.152893,-0.182251
8.7620,0.699890,-0.673889,-0.151917,-0.181396
8.7700,0.700256,-0.673950,-0.150879,-0.180725
8.7820,0.700439,-0.674194,-0.149841,-0.180054
8.7910,0.700378,-0.674622,-0.148743,-0.179382
8.8030,0.700256,-0.675171,-0.147705,-0.178772
8.8110,0.700012,-0.675842,-0.146729,-0.178040
8.8230,0.699768,-0.676514,-0.145752,-0.177307
8.8310,0.699829,-0.676880,-0.144775,-0.176392
8.8400,0.699951,-0.677246,-0.143860,-0.175476
8.8520,0.700073,-0.677490,-0.143066,-0.174500
8.8600,0.700195,-0.677734,-0.142273,-0.173523
8.8720,0.700317,-0.678040,-0.141479,-0.172607
8.8810,0.700256,-0.678467,-0.140686,-0.171814
8.8890,0.700073,-0.679016,-0.139893,-0.171021
8.9010,0.699768,-0.679687,-0.139099,-0.170349
8.9120,0.699341,-0.680420,-0.138306,-0.169739
8.9210,0.698853,-0.681213,-0.137512,-0.169067
8.9300,0.698486,-0.681946,-0.136719,-0.168396
8.9420,0.698242,-0.682556,-0.135986,-0.167603
8.9500,0.698181,-0.682983,-0.135315,-0.166748
8.9620,0.698242,-0.683228,-0.134644,-0.165833
8.9710,0.698425,-0.683411,-0.133972,-0.164978
8.9790,0.698669,-0.683472,-0.133240,-0.164185
8.9910,0.698975,-0.683472,-0.132507,-0.163391
9.0030,0.699341,-0.683472,-0.131653,-0.162659
9.0110,0.699707,-0.683411,-0.130798,-0.161987
9.0230,0.699951,-0.683472,-0.129944,-0.161377
9.0310,0.700134,-0.683594,-0.128967,-0.160767
9.0400,0.700256,-0.683838,-0.127930,-0.160217
9.0520,0.700256,-0.684143,-0.126892,-0.159729
9.0600,0.700073,-0.684570,-0.125854,-0.159241
9.0720,0.699890,-0.685181,-0.124756,-0.158691
9.0810,0.699707,-0.685608,-0.123779,-0.158081
9.0920,0.699768,-0.685913,-0.122925,-0.157288
9.1020,0.699951,-0.686035,-0.122070,-0.156433
9.1100,0.700256,-0.686096,-0.121277,-0.155579
9.1220,0.700439,-0.686218,-0.120483,-0.154785
9.1300,0.700623,-0.686340,-0.119751,-0.153992
9.1390,0.700745,-0.686523,-0.119019,-0.153259
9.1510,0.700806,-0.686768,-0.118225,-0.152649
9.1630,0.700745,-0.687073,-0.117432,-0.152100
9.1710,0.700623,-0.687439,-0.116638,-0.151672
9.1790,0.700439,-0.687805,-0.115845,-0.151245
9.1910,0.700378,-0.688110,-0.114990,-0.150818
9.2030,0.700378,-0.688354,-0.114197,-0.150330
9.2130,0.700500,-0.688538,-0.113403,-0.149658
9.2210,0.700806,-0.688477,-0.112610,-0.148987
9.2280,0.701294,-0.688232,-0.111938,-0.148193
9.2410,0.701843,-0.687988,-0.111267,-0.147339
9.2530,0.702332,-0.687805,-0.110596,-0.146545
9.2610,0.702576,-0.687744,-0.109863,-0.145874
9.2740,0.702637,-0.687927,-0.109131,-0.145325
9.2820,0.702515,-0.688293,-0.108398,-0.144836
9.2900,0.702332,-0.688721,-0.107666,-0.144409
9.3020,0.701965,-0.689270,-0.106934,-0.144043
9.3100,0.701660,-0.689758,-0.106201,-0.143616
9.3220,0.701538,-0.690063,-0.105530,-0.143066
9.3310,0.701599,-0.690247,-0.104919,-0.142456
9.3390,0.701843,-0.690247,-0.104370,-0.141724
9.3520,0.702148,-0.690124,-0.103821,-0.140930
9.3640,0.702515,-0.690063,-0.103333,-0.140198
9.3720,0.702759,-0.690002,-0.102783,-0.139526
9.3810,0.702881,-0.690124,-0.102234,-0.138916
9.3930,0.702759,-0.690369,-0.101624,-0.138428
9.4000,0.702454,-0.690918,-0.101074,-0.138000
9.4120,0.702026,-0.691467,-0.100525,-0.137573
9.4210,0.701721,-0.691956,-0.099915,-0.137207
9.4290,0.701599,-0.692261,-0.099426,-0.136719
9.4410,0.701599,-0.692444,-0.098938,-0.136292
9.4540,0.701660,-0.692505,-0.098450,-0.135803
9.4620,0.701843,-0.692444,-0.098022,-0.135376
9.4740,0.702148,-0.692261,-0.097595,-0.134888
9.4790,0.702515,-0.692078,-0.097229,-0.134399
9.4900,0.702881,-0.691895,-0.096802,-0.133850
9.5030,0.703125,-0.691772,-0.096313,-0.133423
9.5120,0.703308,-0.691772,-0.095825,-0.132996
9.5230,0.703308,-0.691895,-0.095276,-0.132568
9.5310,0.703308,-0.692078,-0.094788,-0.132141
9.5400,0.703247,-0.692261,-0.094238,-0.131653
9.5530,0.703125,-0.692505,-0.093750,-0.131226
9.5650,0.702942,-0.692871,-0.093201,-0.130798
9.5720,0.702698,-0.693298,-0.092712,-0.130432
9.5810,0.702393,-0.693726,-0.092163,-0.130005
9.5920,0.702332,-0.693970,-0.091736,-0.129578
9.6020,0.702454,-0.693970,-0.091309,-0.128967
9.6140,0.702698,-0.693909,-0.090942,-0.128357
9.6210,0.703003,-0.693726,-0.090576,-0.127747
9.6310,0.703369,-0.693542,-0.090149,-0.127197
9.6430,0.703552,-0.693481,-0.089722,-0.126648
9.6500,0.703552,-0.693665,-0.089111,-0.126221
9.6620,0.703430,-0.693848,-0.088501,-0.125854
9.6710,0.703308,-0.694214,-0.087891,-0.125549
9.6830,0.703064,-0.694519,-0.087219,-0.125183
9.6920,0.702942,-0.694824,-0.086548,-0.124817
9.7030,0.702881,-0.695068,-0.085937,-0.124390
9.7120,0.702942,-0.695129,-0.085388,-0.123901
9.7240,0.703247,-0.695007,-0.084900,-0.123291
9.7330,0.703552,-0.694885,-0.084351,-0.122742
9.7400,0.703796,-0.694763,-0.083862,-0.122192
9.7530,0.703857,-0.694824,-0.083313,-0.121643
9.7620,0.703857,-0.695007,-0.082764,-0.121216
9.7730,0.703735,-0.695312,-0.082153,-0.120789
9.7810,0.703491,-0.695618,-0.081543,-0.120483
9.7890,0.703247,-0.696045,-0.080933,-0.120178
9.8020,0.703003,-0.696411,-0.080383,-0.119812
9.8130,0.702698,-0.696777,-0.079895,-0.119446
9.8220,0.702454,-0.697144,-0.079468,-0.119080
9.8310,0.702332,-0.697388,-0.079041,-0.118713
9.8430,0.702454,-0.697449,-0.078674,-0.118225
9.8510,0.702637,-0.697388,-0.078369,-0.117737
9.8630,0.702759,-0.697327,-0.078003,-0.117371
9.8710,0.702820,-0.697327,-0.077637,-0.117004
9.8800,0.702698,-0.697571,-0.077332,-0.116699
9.8920,0.702454,-0.697876,-0.076904,-0.116516
9.9040,0.702270,-0.698181,-0.076538,-0.116333
9.9130,0.702087,-0.698364,-0.076172,-0.116089
9.9210,0.702087,-0.698547,-0.075806,-0.115906
9.9330,0.702026,-0.698608,-0.075439,-0.115662
9.9420,0.702026,-0.698669,-0.075134,-0.115417
9.9540,0.702026,-0.698730,-0.074768,-0.115234
9.9620,0.702087,-0.698791,-0.074463,-0.115051
9.9730,0.702148,-0.698791,-0.074158,-0.114807
9.9820,0.702209,-0.698791,-0.073853,-0.114624
9.9910,0.702332,-0.698791,-0.073547,-0.114441
10.0030,0.702393,-0.698730,-0.073242,-0.114197
10.0110,0.702454,-0.698730,-0.072876,-0.114014
10.0230,0.702454,-0.698791,-0.072510,-0.113831
10.0320,0.702393,-0.698975,-0.072144,-0.113647
10.0400,0.702270,-0.699097,-0.071777,-0.113464
10.0520,0.702209,-0.699280,-0.071350,-0.113281
10.0640,0.702148,-0.699402,-0.070923,-0.113098
10.0720,0.702087,-0.699524,-0.070435,-0.112854
10.0800,0.702026,-0.699707,-0.070007,-0.112549
10.0930,0.701904,-0.699951,-0.069519,-0.112183
10.1010,0.701782,-0.700134,-0.069092,-0.111877
10.1140,0.701782,-0.700256,-0.068726,-0.111389
10.1210,0.701904,-0.700256,-0.068420,-0.110840
10.1290,0.702026,-0.700256,-0.068176,-0.110291
10.1420,0.702087,-0.700317,-0.067932,-0.109741
10.1540,0.702026,-0.700500,-0.067627,-0.109253
10.1620,0.701782,-0.700806,-0.067261,-0.108765
10.1710,0.701477,-0.701233,-0.066895,-0.108276
10.1820,0.701050,-0.701782,-0.066467,-0.107849
10.1910,0.700562,-0.702393,-0.066040,-0.107422
10.2030,0.700134,-0.702881,-0.065613,-0.106995
10.2110,0.699890,-0.703247,-0.065247,-0.106506
10.2230,0.699707,-0.703552,-0.064819,-0.106018
10.2320,0.699524,-0.703857,-0.064453,-0.105530
10.2410,0.699463,-0.704041,-0.064026,-0.105042
10.2520,0.699524,-0.704041,-0.063660,-0.104492
10.2600,0.699585,-0.704102,-0.063354,-0.104004
10.2730,0.699707,-0.704102,-0.062927,-0.103577
10.2820,0.699768,-0.704163,-0.062500,-0.103149
10.2900,0.699768,-0.704224,-0.062073,-0.102722
10.3010,0.699768,-0.704285,-0.061646,-0.102417
10.3130,0.699707,-0.704407,-0.061218,-0.102173
10.3220,0.699585,-0.704590,-0.060791,-0.101990
10.3310,0.699524,-0.704773,-0.060364,-0.101807
10.3430,0.699402,-0.704895,-0.059937,-0.101624
10.3500,0.699402,-0.705017,-0.059570,-0.101379
10.3630,0.699463,-0.705017,-0.059143,-0.101135
10.3710,0.699585,-0.704956,-0.058777,-0.100830
10.3800,0.699707,-0.704895,-0.058472,-0.100586
10.3920,0.699768,-0.704895,-0.058167,-0.100342
10.4040,0.699768,-0.704956,-0.057861,-0.100159
10.4130,0.699768,-0.705017,-0.057495,-0.100037
10.4210,0.699707,-0.705078,-0.057129,-0.099915
10.4320,0.699646,-0.705200,-0.056763,-0.099854
10.4400,0.699585,-0.705322,-0.056396,-0.099792
10.4530,0.699585,-0.705383,-0.056030,-0.099670
10.4610,0.699646,-0.705322,-0.055664,-0.099548
10.4730,0.699768,-0.705261,-0.055359,-0.099426
10.4820,0.699951,-0.705139,-0.055054,-0.099182
10.4900,0.700073,-0.705078,-0.054810,-0.098999
10.5020,0.700012,-0.705139,-0.054565,-0.098755
10.5100,0.699890,-0.705322,-0.054321,-0.098511
10.5220,0.699707,-0.705566,-0.054077,-0.098328
10.5310,0.699524,-0.705811,-0.053833,-0.098145
10.5420,0.699402,-0.705994,-0.053589,-0.097961
10.5520,0.699280,-0.706116,-0.053345,-0.097717
10.5640,0.699280,-0.706177,-0.053162,-0.097534
10.5720,0.699280,-0.706238,-0.052917,-0.097351
10.5800,0.699280,-0.706299,-0.052673,-0.097107
10.5920,0.699219,-0.706360,-0.052429,-0.096924
10.6010,0.699219,-0.706421,-0.052246,-0.096619
10.6130,0.699219,-0.706482,-0.051941,-0.096375
10.6210,0.699097,-0.706665,-0.051636,-0.096069
10.6300,0.698975,-0.706848,-0.051331,-0.095825
10.6410,0.698853,-0.707031,-0.051025,-0.095520
10.6500,0.698730,-0.707214,-0.050720,-0.095276
10.6620,0.698608,-0.707336,-0.050415,-0.095032
10.6740,0.698608,-0.707458,-0.050110,-0.094727
10.6830,0.698608,-0.707458,-0.049805,-0.094421
10.6910,0.698669,-0.707458,-0.049561,-0.094116
10.7030,0.698730,-0.707520,-0.049255,-0.093811
10.7110,0.698730,-0.707520,-0.048950,-0.093567
10.7200,0.698853,-0.707458,-0.048645,-0.093262
10.7310,0.698975,-0.707397,-0.048401,-0.092957
10.7400,0.699097,-0.707336,-0.048096,-0.092651
10.7520,0.699097,-0.707458,-0.047729,-0.092407
10.7600,0.698975,-0.707581,-0.047424,-0.092224
10.7730,0.698791,-0.707825,-0.047058,-0.091919
10.7810,0.698669,-0.708069,-0.046692,-0.091614
10.7930,0.698547,-0.708191,-0.046326,-0.091309
10.8020,0.698486,-0.708313,-0.046021,-0.090942
10.8100,0.698364,-0.708496,-0.045776,-0.090576
10.8210,0.698242,-0.708740,-0.045471,-0.090210
10.8300,0.698120,-0.708923,-0.045166,-0.089844
10.8430,0.698120,-0.708984,-0.044922,-0.089539
10.8500,0.698181,-0.708923,-0.044739,-0.089294
10.8620,0.698303,-0.708862,-0.044556,-0.089050
10.8720,0.698303,-0.708923,-0.044373,-0.088867
10.8830,0.698181,-0.709045,-0.044067,-0.088745
10.8910,0.697998,-0.709228,-0.043762,-0.088745
10.8990,0.697876,-0.709412,-0.043396,-0.088684
10.9120,0.697754,-0.709534,-0.043030,-0.088623
10.9240,0.697815,-0.709534,-0.042725,-0.088562
10.9320,0.697876,-0.709473,-0.042358,-0.088440
10.9400,0.697876,-0.709473,-0.042053,-0.088257
10.9520,0.697998,-0.709473,-0.041687,-0.088074
10.9610,0.698120,-0.709412,-0.041504,-0.087830
10.9690,0.698242,-0.709290,-0.041260,-0.087646
10.9810,0.698364,-0.709167,-0.041077,-0.087402
10.9900,0.698364,-0.709228,-0.040894,-0.087280
11.0020,0.698364,-0.709290,-0.040710,-0.087097
11.0140,0.698242,-0.709412,-0.040527,-0.086914
11.0220,0.698059,-0.709595,-0.040283,-0.086792
11.0300,0.697998,-0.709717,-0.039978,-0.086609
11.0430,0.697937,-0.709839,-0.039734,-0.086487
11.0510,0.697876,-0.709961,-0.039429,-0.086243
11.0600,0.697754,-0.710022,-0.039124,-0.086060
11.0710,0.697754,-0.710144,-0.038818,-0.085937
11.0800,0.697693,-0.710205,-0.038513,-0.085754
11.0920,0.697693,-0.710205,-0.038269,-0.085571
11.1000,0.697754,-0.710205,-0.038025,-0.085327
11.1130,0.697815,-0.710205,-0.037842,-0.085144
11.1200,0.697937,-0.710083,-0.037598,-0.084900
11.1330,0.698059,-0.710083,-0.037415,-0.084717
11.1410,0.698059,-0.710083,-0.037231,-0.084534
11.1490,0.697998,-0.710144,-0.036987,-0.084290
11.1620,0.697876,-0.710266,-0.036804,-0.084167
11.1730,0.697754,-0.710449,-0.036621,-0.083984
11.1820,0.697693,-0.710571,-0.036377,-0.083801
11.1910,0.697632,-0.710632,-0.036194,-0.083618
11.2020,0.697571,-0.710754,-0.036011,-0.083435
11.2110,0.697571,-0.710815,-0.035767,-0.083191
11.2230,0.697510,-0.710876,-0.035522,-0.083008
11.2310,0.697449,-0.710937,-0.035339,-0.082764
11.2400,0.697510,-0.710937,-0.035095,-0.082581
11.2520,0.697510,-0.710937,-0.034912,-0.082397
11.2640,0.697449,-0.711060,-0.034729,-0.082214
11.2720,0.697327,-0.711182,-0.034546,-0.082031
11.2800,0.697205,-0.711365,-0.034363,-0.081909
11.2920,0.697082,-0.711487,-0.034241,-0.081787
11.3010,0.696960,-0.711609,-0.034058,-0.081665
11.3130,0.696899,-0.711731,-0.033936,-0.081543
11.3220,0.696838,-0.711792,-0.033813,-0.081421
11.3340,0.696838,-0.711853,-0.033630,-0.081238
11.3420,0.696838,-0.711853,-0.033447,-0.081116
11.3540,0.696899,-0.711853,-0.033203,-0.080933
11.3630,0.696899,-0.711853,-0.033020,-0.080811
11.3710,0.696899,-0.711853,-0.032837,-0.080688
11.3830,0.696899,-0.711914,-0.032654,-0.080505
11.3910,0.696899,-0.711914,-0.032410,-0.080322
11.4030,0.696899,-0.711914,-0.032227,-0.080139
11.4110,0.696899,-0.711975,-0.032043,-0.079956
11.4230,0.696899,-0.712036,-0.031799,-0.079773
11.4320,0.696838,-0.712097,-0.031555,-0.079590
11.4400,0.696838,-0.712158,-0.031311,-0.079468
11.4520,0.696838,-0.712158,-0.031006,-0.079346
11.4610,0.696960,-0.712097,-0.030640,-0.079285
11.4720,0.697021,-0.712036,-0.030273,-0.079163
11.4810,0.697082,-0.712036,-0.029846,-0.079102
11.4930,0.697082,-0.712036,-0.029480,-0.078979
11.5020,0.697082,-0.712036,-0.029114,-0.078857
11.5140,0.697021,-0.712097,-0.028748,-0.078735
11.5230,0.696960,-0.712219,-0.028442,-0.078491
11.5310,0.696899,-0.712341,-0.028137,-0.078247
11.5430,0.696777,-0.712524,-0.027893,-0.078003
11.5520,0.696655,-0.712646,-0.027588,-0.077759
11.5630,0.696533,-0.712769,-0.027283,-0.077454
11.5720,0.696350,-0.713013,-0.027039,-0.077209
11.5830,0.696045,-0.713318,-0.026733,-0.077026
11.5920,0.695862,-0.713562,-0.026489,-0.076782
11.6040,0.695740,-0.713684,-0.026245,-0.076599
11.6120,0.695740,-0.713745,-0.026062,-0.076416
11.6210,0.695679,-0.713806,-0.025879,-0.076233
11.6330,0.695618,-0.713928,-0.025696,-0.076050
11.6410,0.695557,-0.713989,-0.025452,-0.075867
11.6530,0.695557,-0.713989,-0.025269,-0.075684
11.6610,0.695618,-0.713989,-0.025085,-0.075500
11.6740,0.695618,-0.713989,-0.024902,-0.075317
11.6820,0.695557,-0.714111,-0.024719,-0.075134
11.6930,0.695435,-0.714233,-0.024597,-0.075012
11.7020,0.695312,-0.714355,-0.024475,-0.074890
11.7100,0.695190,-0.714539,-0.024292,-0.074890
11.7220,0.695129,-0.714600,-0.024170,-0.074890
11.7320,0.695129,-0.714600,-0.024048,-0.074890
11.7430,0.695129,-0.714600,-0.023926,-0.074890
11.7510,0.695129,-0.714539,-0.023804,-0.074890
11.7630,0.695129,-0.714539,-0.023621,-0.074890
11.7720,0.695129,-0.714539,-0.023499,-0.074890
11.7800,0.695190,-0.714539,-0.023376,-0.074890
11.7920,0.695251,-0.714539,-0.023254,-0.074829
11.8010,0.695312,-0.714478,-0.023071,-0.074829
11.8130,0.695374,-0.714355,-0.022888,-0.074768
11.8210,0.695496,-0.714233,-0.022766,-0.074768
11.8330,0.695618,-0.714172,-0.022522,-0.074707
11.8420,0.695679,-0.714111,-0.022278,-0.074707
11.8540,0.695740,-0.714050,-0.022034,-0.074707
11.8620,0.695801,-0.714050,-0.021729,-0.074768
11.8700,0.695801,-0.713989,-0.021423,-0.074768
11.8820,0.695801,-0.713989,-0.021118,-0.074768
11.8910,0.695862,-0.713928,-0.020813,-0.074768
11.9030,0.695984,-0.713867,-0.020508,-0.074768
11.9120,0.695984,-0.713867,-0.020142,-0.074829
11.9230,0.695984,-0.713867,-0.019836,-0.074829
11.9320,0.696045,-0.713806,-0.019470,-0.074890
11.9440,0.696045,-0.713867,-0.019104,-0.074951
11.9520,0.696045,-0.713867,-0.018738,-0.074951
11.9600,0.696106,-0.713745,-0.018372,-0.075012
11.9730,0.696228,-0.713623,-0.018005,-0.075134
11.9810,0.696411,-0.713501,-0.017761,-0.075195
11.9930,0.696472,-0.713379,-0.017517,-0.075317
12.0010,0.696594,-0.713257,-0.017395,-0.075439
12.0130,0.696594,-0.713257,-0.017212,-0.075500
12.0220,0.696594,-0.713257,-0.017090,-0.075562
12.0340,0.696533,-0.713318,-0.017029,-0.075623
12.0420,0.696533,-0.713318,-0.016968,-0.075562
12.0510,0.696472,-0.713379,-0.017029,-0.075562
12.0630,0.696472,-0.713379,-0.017029,-0.075378
12.0710,0.696533,-0.713379,-0.017090,-0.075256
12.0830,0.696533,-0.713379,-0.017090,-0.075134
12.0920,0.696533,-0.713379,-0.017151,-0.075012
12.1030,0.696472,-0.713440,-0.017151,-0.074890
12.1120,0.696350,-0.713562,-0.017029,-0.074829
12.1240,0.696228,-0.713745,-0.016907,-0.074768
12.1330,0.696106,-0.713867,-0.016724,-0.074707
12.1410,0.696045,-0.713928,-0.016541,-0.074646
12.1530,0.696167,-0.713806,-0.016357,-0.074585
12.1620,0.696289,-0.713684,-0.016174,-0.074463
12.1730,0.696472,-0.713501,-0.015991,-0.074402
12.1820,0.696655,-0.713379,-0.015869,-0.074219
12.1940,0.696777,-0.713257,-0.015747,-0.074097
12.2020,0.696838,-0.713196,-0.015564,-0.073914
12.2110,0.696899,-0.713196,-0.015381,-0.073792
12.2230,0.696838,-0.713318,-0.015198,-0.073547
12.2310,0.696777,-0.713379,-0.014954,-0.073364
12.2420,0.696716,-0.713501,-0.014709,-0.073181
12.2510,0.696655,-0.713501,-0.014343,-0.073059
12.2630,0.696655,-0.713562,-0.013977,-0.072937
12.2710,0.696655,-0.713562,-0.013550,-0.072937
12.2830,0.696716,-0.713501,-0.013062,-0.072998
12.2920,0.696899,-0.713379,-0.012634,-0.073059
12.3010,0.697082,-0.713135,-0.012146,-0.073120
12.3120,0.697327,-0.712952,-0.011719,-0.073181
12.3210,0.697510,-0.712707,-0.011353,-0.073181
12.3330,0.697754,-0.712524,-0.010925,-0.073181
12.3410,0.697876,-0.712341,-0.010620,-0.073120
12.3530,0.697998,-0.712280,-0.010315,-0.072998
12.3610,0.697998,-0.712280,-0.010010,-0.072876
12.3740,0.698120,-0.712219,-0.009705,-0.072693
12.3830,0.698181,-0.712158,-0.009583,-0.072571
12.3910,0.698242,-0.712097,-0.009460,-0.072449
12.4020,0.698303,-0.712097,-0.009338,-0.072388
12.4120,0.698303,-0.712097,-0.009277,-0.072327
12.4220,0.698303,-0.712097,-0.009216,-0.072205
12.4310,0.698303,-0.712097,-0.009094,-0.072144
12.4430,0.698303,-0.712097,-0.008972,-0.072083
12.4520,0.698303,-0.712097,-0.008789,-0.071960
12.4640,0.698425,-0.712036,-0.008545,-0.071838
12.4730,0.698547,-0.711914,-0.008301,-0.071716
12.4800,0.698730,-0.711792,-0.008057,-0.071594
12.4930,0.698914,-0.711548,-0.007813,-0.071472
12.5020,0.699158,-0.711365,-0.007507,-0.071350
12.5130,0.699341,-0.711182,-0.007202,-0.071289
12.5220,0.699524,-0.710999,-0.006897,-0.071289
12.5340,0.699768,-0.710815,-0.006592,-0.071289
12.5430,0.699890,-0.710632,-0.006287,-0.071289
12.5510,0.699890,-0.710632,-0.006287,-0.071289
12.5630,0.700195,-0.710388,-0.005493,-0.071411
12.5700,0.700378,-0.710205,-0.005127,-0.071411
12.5830,0.700562,-0.709961,-0.004700,-0.071472
12.5910,0.700806,-0.709717,-0.004272,-0.071411
12.6030,0.700806,-0.709717,-0.004272,-0.071411
12.6120,0.701538,-0.709045,-0.003418,-0.071350
12.6230,0.702026,-0.708557,-0.002930,-0.071289
12.6330,0.702515,-0.708130,-0.002502,-0.071350
12.6400,0.702515,-0.708130,-0.002502,-0.071350
12.6530,0.703247,-0.707336,-0.001648,-0.071411
12.6600,0.703491,-0.707092,-0.001282,-0.071533
12.6730,0.703552,-0.706970,-0.001038,-0.071716
12.6820,0.703613,-0.706970,-0.000916,-0.071838
12.6930,0.703613,-0.706970,-0.000916,-0.071838
12.7010,0.703613,-0.706909,-0.000793,-0.071960
12.7130,0.703613,-0.706970,-0.000854,-0.071899
12.7230,0.703613,-0.706970,-0.000977,-0.071838
12.7350,0.703613,-0.706970,-0.001099,-0.071716
12.7420,0.703674,-0.706909,-0.001221,-0.071594
12.7510,0.703735,-0.706848,-0.001343,-0.071472
12.7630,0.703735,-0.706848,-0.001465,-0.071350
12.7720,0.703735,-0.706848,-0.001648,-0.071289
12.7840,0.703735,-0.706848,-0.001770,-0.071228
12.7920,0.703735,-0.706848,-0.001831,-0.071045
12.8040,0.703735,-0.706909,-0.001831,-0.070862
12.8130,0.703735,-0.706909,-0.001892,-0.070679
12.8240,0.703735,-0.706970,-0.001892,-0.070435
12.8330,0.703674,-0.707031,-0.001831,-0.070190
12.8410,0.703613,-0.707092,-0.001770,-0.069946
12.8530,0.703613,-0.707092,-0.001770,-0.069946
12.8620,0.703552,-0.707275,-0.001587,-0.069458
12.8740,0.703552,-0.707275,-0.001465,-0.069336
12.8820,0.703552,-0.707275,-0.001343,-0.069092
12.8940,0.703552,-0.707275,-0.001343,-0.069092
12.9020,0.703613,-0.707275,-0.001221,-0.068909
12.9140,0.703613,-0.707214,-0.000854,-0.068542
12.9230,0.703674,-0.707214,-0.000732,-0.068420
12.9350,0.703674,-0.707214,-0.000610,-0.068298
12.9430,0.703674,-0.707214,-0.000610,-0.068298
12.9510,0.703674,-0.707275,-0.000366,-0.068054
12.9640,0.703674,-0.707275,-0.000305,-0.067932
12.9720,0.703674,-0.707275,-0.000122,-0.067932
12.9850,0.703674,-0.707275,-0.000122,-0.067932
12.9930,0.703613,-0.707336,0.000000,-0.067871
13.0050,0.703613,-0.707336,0.000305,-0.067871
13.0120,0.703613,-0.707275,0.000427,-0.067932
13.0210,0.703613,-0.707275,0.000427,-0.067932
13.0330,0.703674,-0.707275,0.000549,-0.067932
13.0420,0.703674,-0.707275,0.000610,-0.067993
13.0540,0.703735,-0.707214,0.000732,-0.067932
13.0620,0.703735,-0.707214,0.000732,-0.067932
13.0730,0.703735,-0.707214,0.000793,-0.067932
13.0830,0.703674,-0.707275,0.000793,-0.067932
13.0950,0.703613,-0.707336,0.000793,-0.067871
13.1040,0.703552,-0.707397,0.000854,-0.067871
13.1110,0.703430,-0.707520,0.000916,-0.067932
13.1230,0.703369,-0.707581,0.000916,-0.067871
13.1320,0.703247,-0.707703,0.001038,-0.067810
13.1440,0.703247,-0.707703,0.001038,-0.067810
13.1520,0.703247,-0.707703,0.001038,-0.067810
13.1640,0.703247,-0.707703,0.001099,-0.067749
13.1720,0.703247,-0.707703,0.001221,-0.067688
13.1840,0.703308,-0.707642,0.001404,-0.067627
13.1940,0.703308,-0.707642,0.001587,-0.067566
13.2020,0.703369,-0.707642,0.001770,-0.067444
13.2140,0.703430,-0.707581,0.002014,-0.067383
13.2220,0.703491,-0.707520,0.002136,-0.067200
13.2340,0.703613,-0.707458,0.002441,-0.066956
13.2420,0.703613,-0.707458,0.002441,-0.066956
13.2540,0.703552,-0.707458,0.002563,-0.066833
13.2630,0.703491,-0.707520,0.002625,-0.066650
13.2740,0.703430,-0.707581,0.002747,-0.066589
13.2830,0.703369,-0.707642,0.002808,-0.066528
13.2920,0.703369,-0.707703,0.002808,-0.066467
13.3040,0.703369,-0.707703,0.002869,-0.066406
13.3130,0.703369,-0.707703,0.002930,-0.066406
13.3230,0.703369,-0.707703,0.002991,-0.066345
13.3320,0.703369,-0.707703,0.003052,-0.066284
13.3450,0.703430,-0.707703,0.003052,-0.066284
13.3530,0.703430,-0.707642,0.002991,-0.066284
13.3650,0.703369,-0.707703,0.002930,-0.066223
13.3730,0.703308,-0.707764,0.002930,-0.066223
13.3850,0.703186,-0.707947,0.002869,-0.066284
13.3940,0.703003,-0.708069,0.002869,-0.066284
13.4020,0.702881,-0.708191,0.002930,-0.066284
13.4140,0.702820,-0.708252,0.002930,-0.066284
13.4220,0.702759,-0.708313,0.002930,-0.066223
13.4350,0.702698,-0.708374,0.002991,-0.066223
13.4440,0.702637,-0.708435,0.002991,-0.066223
13.4550,0.702576,-0.708496,0.002991,-0.066223
13.4640,0.702515,-0.708557,0.002991,-0.066223
13.4760,0.702515,-0.708618,0.002991,-0.066223
13.4840,0.702515,-0.708618,0.002991,-0.066223
13.4920,0.702454,-0.708618,0.002991,-0.066223
13.5040,0.702454,-0.708618,0.003052,-0.066223
13.5120,0.702454,-0.708618,0.003052,-0.066162
13.5250,0.702454,-0.708618,0.003113,-0.066101
13.5330,0.702454,-0.708618,0.003174,-0.066101
13.5450,0.702454,-0.708618,0.003174,-0.066040
13.5540,0.702454,-0.708618,0.003235,-0.066040
13.5650,0.702454,-0.708679,0.003235,-0.065979
13.5740,0.702393,-0.708740,0.003296,-0.065979
13.5820,0.702332,-0.708801,0.003296,-0.065918
13.5940,0.702270,-0.708862,0.003296,-0.065918
13.6030,0.702209,-0.708862,0.003357,-0.065857
13.6150,0.702209,-0.708862,0.003418,-0.065857
13.6240,0.702270,-0.708862,0.003479,-0.065796
13.6360,0.702270,-0.708862,0.003540,-0.065735
13.6430,0.702270,-0.708862,0.003601,-0.065674
13.6550,0.702270,-0.708862,0.003662,-0.065613
13.6640,0.702332,-0.708862,0.003723,-0.065552
13.6720,0.702332,-0.708862,0.003723,-0.065491
13.6840,0.702332,-0.708862,0.003845,-0.065430
13.6940,0.702332,-0.708862,0.003906,-0.065369
13.7050,0.702270,-0.708862,0.003967,-0.065247
13.7140,0.702270,-0.708923,0.004089,-0.065186
13.7260,0.702270,-0.708923,0.004150,-0.065063
13.7340,0.702270,-0.708923,0.004272,-0.065002
13.7420,0.702393,-0.708862,0.004395,-0.064880
13.7540,0.702454,-0.708801,0.004517,-0.064758
13.7630,0.702454,-0.708740,0.004578,-0.064636
13.7740,0.702454,-0.708740,0.004761,-0.064575
13.7840,0.702454,-0.708740,0.004944,-0.064514
13.7950,0.702515,-0.708740,0.005127,-0.064392
13.8040,0.702515,-0.708740,0.005249,-0.064331
13.8150,0.702515,-0.708740,0.005371,-0.064209
13.8250,0.702515,-0.708801,0.005493,-0.064087
13.8320,0.702454,-0.708801,0.005615,-0.064026
13.8440,0.702515,-0.708801,0.005676,-0.063904
13.8530,0.702515,-0.708801,0.005737,-0.063843
13.8650,0.702454,-0.708801,0.005798,-0.063843
13.8740,0.702454,-0.708862,0.005859,-0.063782
13.8850,0.702393,-0.708862,0.005859,-0.063721
13.8940,0.702393,-0.708923,0.005920,-0.063721
13.9050,0.702393,-0.708923,0.005920,-0.063660
13.9140,0.702393,-0.708923,0.005920,-0.063660
13.9230,0.702393,-0.708923,0.005981,-0.063660
13.9340,0.702393,-0.708923,0.005981,-0.063660
13.9470,0.702332,-0.708984,0.006042,-0.063660
13.9550,0.702332,-0.708984,0.006104,-0.063660
13.9640,0.702332,-0.708984,0.006165,-0.063721
13.9760,0.702332,-0.708984,0.006226,-0.063599
13.9840,0.702332,-0.708984,0.006348,-0.063538
13.9960,0.702393,-0.708923,0.006409,-0.063477
14.0040,0.702393,-0.708923,0.006470,-0.063416
14.0170,0.702393,-0.708923,0.006531,-0.063354
14.0240,0.702332,-0.708984,0.006592,-0.063293
14.0370,0.702332,-0.709045,0.006592,-0.063293
14.0450,0.702270,-0.709106,0.006653,-0.063232
14.0540,0.702209,-0.709106,0.006653,-0.063232
14.0650,0.702148,-0.709167,0.006714,-0.063232
14.0740,0.702148,-0.709167,0.006714,-0.063171
14.0860,0.702148,-0.709167,0.006775,-0.063171
14.0950,0.702148,-0.709228,0.006775,-0.063110
14.1060,0.702148,-0.709228,0.006836,-0.063049
14.1150,0.702148,-0.709167,0.006897,-0.063049
14.1270,0.702148,-0.709167,0.006897,-0.062988
14.1360,0.702209,-0.709167,0.006897,-0.062988
14.1430,0.702270,-0.709106,0.006897,-0.062866
14.1550,0.702270,-0.709106,0.006897,-0.062744
14.1650,0.702270,-0.709106,0.006958,-0.062622
14.1760,0.702270,-0.709106,0.007019,-0.062561
14.1840,0.702270,-0.709106,0.007080,-0.062500
14.1920,0.702332,-0.709106,0.007141,-0.062439
14.2040,0.702332,-0.709106,0.007141,-0.062378
14.2170,0.702332,-0.709106,0.007202,-0.062378
14.2260,0.702270,-0.709167,0.007202,-0.062378
14.2340,0.702209,-0.709228,0.007263,-0.062317
14.2450,0.702209,-0.709228,0.007324,-0.062256
14.2550,0.702209,-0.709228,0.007385,-0.062195
14.2660,0.702209,-0.709228,0.007446,-0.062134
14.2750,0.702209,-0.709228,0.007507,-0.062012
14.2860,0.702209,-0.709228,0.007629,-0.061951
14.2950,0.702209,-0.709228,0.007751,-0.061829
14.3030,0.702270,-0.709228,0.007874,-0.061707
14.3150,0.702270,-0.709167,0.007996,-0.061584
14.3230,0.702332,-0.709167,0.008118,-0.061462
14.3360,0.702332,-0.709167,0.008240,-0.061340
14.3440,0.702332,-0.709167,0.008301,-0.061279
14.3560,0.702393,-0.709106,0.008423,-0.061157
14.3650,0.702393,-0.709106,0.008484,-0.061096
14.3770,0.702393,-0.709106,0.008545,-0.061035
14.3850,0.702393,-0.709106,0.008667,-0.060913
14.3940,0.702393,-0.709106,0.008728,-0.060852
14.4060,0.702393,-0.709106,0.008850,-0.060730
14.4140,0.702393,-0.709167,0.008911,-0.060669
14.4260,0.702393,-0.709167,0.009033,-0.060547
14.4350,0.702393,-0.709167,0.009033,-0.060547
14.4430,0.702393,-0.709167,0.009094,-0.060608
14.4550,0.702393,-0.709167,0.009094,-0.060547
14.4660,0.702393,-0.709167,0.009155,-0.060608
14.4750,0.702393,-0.709167,0.009216,-0.060608
14.4830,0.702393,-0.709167,0.009216,-0.060608
14.4950,0.702393,-0.709106,0.009338,-0.060547
14.5040,0.702454,-0.709106,0.009399,-0.060425
14.5160,0.702454,-0.709106,0.009521,-0.060364
14.5240,0.702515,-0.709045,0.009583,-0.060242
14.5360,0.702515,-0.709045,0.009644,-0.060181
14.5440,0.702515,-0.709045,0.009705,-0.060181
14.5570,0.702515,-0.709045,0.009705,-0.060120
14.5650,0.702515,-0.709045,0.009766,-0.060059
14.5740,0.702515,-0.709106,0.009827,-0.059998
14.5850,0.702515,-0.709106,0.009888,-0.059937
14.5940,0.702515,-0.709106,0.009949,-0.059875
14.6060,0.702515,-0.709106,0.010071,-0.059753
14.6150,0.702515,-0.709106,0.010132,-0.059692
14.6270,0.702515,-0.709045,0.010254,-0.059570
14.6350,0.702576,-0.709045,0.010376,-0.059509
14.6430,0.702576,-0.709045,0.010437,-0.059448
14.6560,0.702515,-0.709106,0.010498,-0.059387
14.6640,0.702515,-0.709106,0.010498,-0.059326
14.6760,0.702454,-0.709167,0.010498,-0.059326
14.6840,0.702454,-0.709167,0.010559,-0.059326
14.6930,0.702454,-0.709167,0.010559,-0.059265
14.7050,0.702454,-0.709228,0.010620,-0.059265
14.7160,0.702454,-0.709167,0.010620,-0.059204
14.7260,0.702515,-0.709106,0.010681,-0.059204
14.7340,0.702515,-0.709106,0.010681,-0.059143
14.7460,0.702576,-0.709045,0.010742,-0.059082
14.7540,0.702576,-0.709106,0.010742,-0.059082
14.7650,0.702515,-0.709167,0.010742,-0.059021
14.7740,0.702393,-0.709228,0.010681,-0.059021
14.7860,0.702332,-0.709351,0.010620,-0.058960
14.7940,0.702270,-0.709412,0.010620,-0.058899
14.8070,0.702148,-0.709473,0.010620,-0.058838
14.8150,0.702087,-0.709595,0.010681,-0.058838
14.8230,0.702026,-0.709595,0.010681,-0.058777
14.8350,0.702026,-0.709656,0.010742,-0.058777
14.8430,0.702026,-0.709656,0.010742,-0.058777
14.8560,0.702026,-0.709656,0.010742,-0.058777
14.8640,0.702026,-0.709656,0.010742,-0.058777
14.8770,0.702026,-0.709656,0.010803,-0.058716
14.8850,0.702087,-0.709595,0.010864,-0.058655
14.8930,0.702148,-0.709534,0.010925,-0.058533
14.9050,0.702270,-0.709473,0.011047,-0.058411
14.9130,0.702270,-0.709412,0.011169,-0.058350
14.9250,0.702270,-0.709412,0.011230,-0.058228
14.9350,0.702332,-0.709412,0.011292,-0.058167
14.9430,0.702270,-0.709473,0.011353,-0.058167
14.9540,0.702209,-0.709534,0.011353,-0.058167
14.9660,0.702148,-0.709534,0.011353,-0.058167
14.9740,0.702148,-0.709534,0.011353,-0.058167
14.9830,0.702148,-0.709534,0.011353,-0.058167
14.9950,0.702148,-0.709534,0.011475,-0.058105
15.0040,0.702148,-0.709534,0.011536,-0.058044
15.0160,0.702148,-0.709534,0.011658,-0.057983
15.0240,0.702209,-0.709534,0.011841,-0.057922
15.0360,0.702148,-0.709595,0.011963,-0.057861
15.0440,0.702148,-0.709595,0.012146,-0.057861
15.0530,0.702148,-0.709534,0.012329,-0.057800
15.0650,0.702148,-0.709534,0.012634,-0.057739
15.0740,0.702148,-0.709534,0.012939,-0.057739
15.0860,0.702148,-0.709534,0.013245,-0.057678
15.0940,0.702148,-0.709534,0.013489,-0.057678
15.1060,0.702209,-0.709534,0.013794,-0.057678
15.1150,0.702209,-0.709534,0.014038,-0.057739
15.1260,0.702209,-0.709473,0.014282,-0.057739
15.1350,0.702209,-0.709473,0.014526,-0.057739
15.1430,0.702209,-0.709473,0.014709,-0.057800
15.1550,0.702209,-0.709473,0.014893,-0.057800
15.1630,0.702209,-0.709412,0.015076,-0.057861
15.1750,0.702270,-0.709412,0.015198,-0.057983
15.1840,0.702270,-0.709351,0.015320,-0.058044
15.1960,0.702332,-0.709351,0.015442,-0.058105
15.2040,0.702332,-0.709290,0.015564,-0.058167
15.2170,0.702393,-0.709228,0.015747,-0.058289
15.2250,0.702454,-0.709167,0.015869,-0.058350
15.2360,0.702515,-0.709106,0.015991,-0.058411
15.2440,0.702576,-0.709045,0.016052,-0.058472
15.2540,0.702576,-0.708984,0.016113,-0.058472
15.2650,0.702637,-0.708984,0.016113,-0.058472
15.2740,0.702637,-0.708923,0.016113,-0.058472
15.2860,0.702698,-0.708923,0.016113,-0.058472
15.2940,0.702698,-0.708862,0.016052,-0.058411
15.3070,0.702820,-0.708801,0.015991,-0.058350
15.3150,0.702881,-0.708740,0.015930,-0.058289
15.3270,0.702881,-0.708740,0.015869,-0.058228
15.3350,0.702942,-0.708740,0.015808,-0.058105
15.3440,0.702942,-0.708740,0.015747,-0.058044
15.3550,0.702942,-0.708740,0.015625,-0.057983
15.3640,0.702942,-0.708740,0.015625,-0.057861
15.3760,0.702942,-0.708740,0.015625,-0.057800
15.3850,0.702881,-0.708801,0.015686,-0.057678
15.3930,0.702881,-0.708801,0.015808,-0.057556
15.4040,0.702881,-0.708862,0.015930,-0.057373
15.4140,0.702820,-0.708862,0.016113,-0.057251
15.4260,0.702759,-0.708923,0.016296,-0.057007
15.4330,0.702759,-0.708984,0.016602,-0.056885
15.4450,0.702759,-0.708923,0.016968,-0.056702
15.4550,0.702881,-0.708862,0.017334,-0.056519
15.4620,0.703003,-0.708740,0.017761,-0.056274
15.4750,0.703125,-0.708618,0.018188,-0.056091
15.4870,0.703308,-0.708435,0.018616,-0.055908
15.4950,0.703491,-0.708252,0.019043,-0.055725
15.5040,0.703613,-0.708130,0.019470,-0.055603
15.5160,0.703796,-0.707947,0.019897,-0.055542
15.5240,0.703857,-0.707886,0.020264,-0.055481
15.5360,0.703918,-0.707825,0.020691,-0.055420
15.5450,0.703857,-0.707886,0.021118,-0.055420
15.5520,0.703857,-0.707886,0.021484,-0.055420
15.5650,0.703857,-0.707825,0.021851,-0.055420
15.5770,0.703979,-0.707703,0.022095,-0.055420
15.5850,0.704041,-0.707642,0.022278,-0.055420
15.5940,0.704041,-0.707642,0.022400,-0.055420
15.6050,0.703979,-0.707703,0.022461,-0.055481
15.6140,0.703857,-0.707825,0.022522,-0.055542
15.6220,0.703735,-0.707947,0.022522,-0.055664
15.6350,0.703552,-0.708130,0.022461,-0.055786
15.6420,0.703369,-0.708252,0.022461,-0.056030
15.6550,0.703186,-0.708435,0.022400,-0.056213
15.6630,0.703003,-0.708557,0.022339,-0.056458
15.6750,0.702881,-0.708679,0.022339,-0.056763
15.6830,0.702759,-0.708801,0.022339,-0.056946
15.6950,0.702698,-0.708801,0.022339,-0.057190
15.7050,0.702637,-0.708862,0.022339,-0.057373
15.7130,0.702576,-0.708923,0.022278,-0.057556
15.7240,0.702454,-0.709045,0.022217,-0.057617
15.7370,0.702270,-0.709167,0.022095,-0.057739
15.7450,0.702148,-0.709290,0.022034,-0.057861
15.7530,0.702148,-0.709351,0.021973,-0.057922
15.7640,0.702148,-0.709351,0.021973,-0.057922
15.7730,0.702087,-0.709351,0.021973,-0.057922
15.7860,0.702087,-0.709351,0.021973,-0.057922
15.7950,0.702087,-0.709412,0.022095,-0.057983
15.8030,0.702026,-0.709412,0.022156,-0.058044
15.8140,0.702026,-0.709473,0.022217,-0.058105
15.8260,0.701965,-0.709473,0.022278,-0.058105
15.8350,0.701904,-0.709534,0.022278,-0.058105
15.8440,0.701843,-0.709656,0.022217,-0.058167
15.8550,0.701721,-0.709717,0.022217,-0.058228
15.8640,0.701660,-0.709778,0.022217,-0.058228
15.8750,0.701599,-0.709839,0.022156,-0.058228
15.8840,0.701660,-0.709778,0.022156,-0.058228
15.8920,0.701660,-0.709778,0.022095,-0.058228
15.9050,0.701538,-0.709900,0.021973,-0.058289
15.9140,0.701416,-0.710022,0.021912,-0.058350
15.9240,0.701294,-0.710144,0.021851,-0.058472
15.9340,0.701172,-0.710266,0.021729,-0.058472
15.9460,0.701111,-0.710327,0.021606,-0.058594
15.9540,0.701111,-0.710327,0.021545,-0.058655
15.9660,0.701111,-0.710327,0.021484,-0.058777
15.9750,0.701172,-0.710266,0.021362,-0.058838
15.9860,0.701294,-0.710144,0.021179,-0.058899
15.9940,0.701355,-0.710022,0.021057,-0.059021
16.0070,0.701477,-0.709961,0.020874,-0.059021
16.0150,0.701538,-0.709900,0.020691,-0.059082
16.0240,0.701538,-0.709900,0.020508,-0.059082
16.0350,0.701538,-0.709900,0.020325,-0.059082
16.0440,0.701538,-0.709900,0.020142,-0.059082
16.0560,0.701538,-0.709900,0.020020,-0.059082
16.0650,0.701477,-0.709961,0.019897,-0.059021
16.0770,0.701355,-0.710083,0.019836,-0.059021
16.0850,0.701233,-0.710205,0.019836,-0.058960
16.0930,0.701111,-0.710327,0.019836,-0.058899
16.1050,0.700989,-0.710449,0.019897,-0.058838
16.1140,0.700928,-0.710510,0.019958,-0.058777
16.1250,0.700867,-0.710571,0.020081,-0.058777
16.1340,0.700806,-0.710693,0.020203,-0.058777
16.1460,0.700684,-0.710754,0.020386,-0.058838
16.1550,0.700623,-0.710754,0.020569,-0.058838
16.1670,0.700562,-0.710815,0.020752,-0.058899
16.1750,0.700500,-0.710876,0.020996,-0.058960
16.1830,0.700439,-0.710937,0.021240,-0.059021
16.1960,0.700378,-0.710999,0.021423,-0.059082
16.2040,0.700317,-0.711060,0.021667,-0.059143
16.2150,0.700317,-0.711060,0.021851,-0.059265
16.2240,0.700317,-0.710999,0.022095,-0.059326
16.2360,0.700378,-0.710937,0.022339,-0.059387
16.2440,0.700378,-0.710937,0.022522,-0.059570
16.2560,0.700378,-0.710876,0.022705,-0.059753
16.2640,0.700378,-0.710876,0.022888,-0.059937
16.2730,0.700439,-0.710815,0.023071,-0.060120
16.2850,0.700439,-0.710754,0.023193,-0.060242
16.2940,0.700439,-0.710754,0.023376,-0.060364
16.3060,0.700439,-0.710754,0.023437,-0.060486
16.3140,0.700562,-0.710632,0.023560,-0.060608
16.3260,0.700562,-0.710571,0.023621,-0.060669
16.3350,0.700684,-0.710510,0.023621,-0.060669
16.3460,0.700745,-0.710449,0.023560,-0.060730
16.3560,0.700806,-0.710388,0.023499,-0.060791
16.3640,0.700806,-0.710327,0.023437,-0.060913
16.3750,0.700867,-0.710327,0.023315,-0.060974
16.3840,0.700867,-0.710327,0.023254,-0.060974
16.3960,0.700867,-0.710327,0.023132,-0.061035
16.4050,0.700867,-0.710327,0.023010,-0.061035
16.4160,0.700806,-0.710327,0.022888,-0.061096
16.4250,0.700806,-0.710388,0.022766,-0.061096
16.4370,0.700806,-0.710388,0.022583,-0.061096
16.4450,0.700806,-0.710388,0.022461,-0.061035
16.4530,0.700745,-0.710449,0.022278,-0.060974
16.4650,0.700745,-0.710449,0.022156,-0.060913
16.4750,0.700745,-0.710449,0.022095,-0.060852
16.4850,0.700745,-0.710510,0.022034,-0.060730
16.4950,0.700745,-0.710510,0.021973,-0.060669
16.5070,0.700745,-0.710510,0.021912,-0.060608
16.5150,0.700745,-0.710510,0.021973,-0.060608
16.5240,0.700745,-0.710510,0.021973,-0.060547
16.5360,0.700745,-0.710510,0.021912,-0.060608
16.5440,0.700745,-0.710510,0.021851,-0.060608
16.5560,0.700684,-0.710571,0.021729,-0.060608
16.5640,0.700684,-0.710571,0.021606,-0.060608
16.5760,0.700623,-0.710571,0.021545,-0.060669
16.5850,0.700623,-0.710632,0.021545,-0.060730
16.5970,0.700684,-0.710571,0.021423,-0.060791
16.6050,0.700684,-0.710571,0.021362,-0.060852
16.6130,0.700684,-0.710510,0.021362,-0.060913
16.6250,0.700684,-0.710571,0.021362,-0.060974
16.6340,0.700684,-0.710571,0.021362,-0.061096
16.6460,0.700684,-0.710571,0.021362,-0.061157
16.6540,0.700684,-0.710571,0.021362,-0.061279
16.6660,0.700623,-0.710510,0.021362,-0.061401
16.6740,0.700623,-0.710510,0.021362,-0.061462
16.6860,0.700684,-0.710510,0.021362,-0.061523
16.6950,0.700684,-0.710510,0.021362,-0.061646
16.7030,0.700684,-0.710510,0.021362,-0.061646
16.7150,0.700684,-0.710510,0.021301,-0.061707
16.7240,0.700684,-0.710510,0.021301,-0.061768
16.7350,0.700684,-0.710510,0.021240,-0.061829
16.7450,0.700684,-0.710510,0.021240,-0.061951
16.7560,0.700684,-0.710449,0.021240,-0.062012
16.7640,0.700684,-0.710449,0.021240,-0.062012
16.7760,0.700684,-0.710449,0.021240,-0.062012
16.7850,0.700684,-0.710449,0.021240,-0.062012
16.7930,0.700684,-0.710449,0.021240,-0.062012
16.8050,0.700684,-0.710449,0.021240,-0.062012
16.8140,0.700684,-0.710449,0.021240,-0.062012
16.8250,0.700684,-0.710449,0.021240,-0.062012
16.8350,0.700623,-0.710510,0.021240,-0.062012
16.8470,0.700562,-0.710571,0.021240,-0.062012
16.8550,0.700562,-0.710571,0.021240,-0.062012
16.8630,0.700623,-0.710571,0.021240,-0.062012
16.8760,0.700623,-0.710510,0.021240,-0.062012
16.8840,0.700623,-0.710510,0.021301,-0.061951
16.8950,0.700684,-0.710449,0.021362,-0.061890
16.9050,0.700684,-0.710449,0.021423,-0.061890
16.9160,0.700684,-0.710449,0.021423,-0.061890
16.9240,0.700684,-0.710510,0.021423,-0.061829
16.9360,0.700684,-0.710510,0.021423,-0.061829
16.9450,0.700684,-0.710510,0.021423,-0.061829
16.9530,0.700684,-0.710510,0.021423,-0.061829
16.9660,0.700684,-0.710510,0.021423,-0.061829
16.9740,0.700684,-0.710510,0.021423,-0.061829
16.9860,0.700684,-0.710510,0.021423,-0.061829
16.9940,0.700684,-0.710449,0.021423,-0.061829
17.0070,0.700684,-0.710449,0.021484,-0.061890
17.0150,0.700684,-0.710449,0.021484,-0.061890
17.0260,0.700745,-0.710449,0.021484,-0.061890
17.0350,0.700745,-0.710388,0.021484,-0.061890
17.0440,0.700745,-0.710388,0.021484,-0.061890
17.0560,0.700684,-0.710449,0.021484,-0.061890
17.0640,0.700623,-0.710510,0.021484,-0.061829
17.0760,0.700562,-0.710571,0.021484,-0.061829
17.0840,0.700562,-0.710571,0.021484,-0.061829
17.0960,0.700562,-0.710571,0.021484,-0.061829
17.1050,0.700562,-0.710571,0.021484,-0.061829
17.1160,0.700562,-0.710571,0.021484,-0.061829
17.1260,0.700562,-0.710571,0.021545,-0.061829
17.1330,0.700562,-0.710571,0.021545,-0.061768
17.1450,0.700562,-0.710571,0.021606,-0.061768
17.1530,0.700623,-0.710571,0.021606,-0.061768
17.1660,0.700623,-0.710510,0.021606,-0.061768
17.1740,0.700623,-0.710510,0.021606,-0.061768
17.1860,0.700684,-0.710510,0.021606,-0.061707
17.1940,0.700684,-0.710510,0.021606,-0.061707
17.2030,0.700623,-0.710510,0.021545,-0.061646
17.2150,0.700562,-0.710571,0.021484,-0.061584
17.2230,0.700500,-0.710693,0.021484,-0.061523
17.2350,0.700439,-0.710754,0.021423,-0.061462
17.2440,0.700378,-0.710815,0.021362,-0.061401
17.2550,0.700317,-0.710815,0.021362,-0.061340
17.2640,0.700317,-0.710876,0.021301,-0.061279
17.2760,0.700317,-0.710876,0.021301,-0.061279
17.2850,0.700256,-0.710937,0.021301,-0.061279
17.2970,0.700256,-0.710937,0.021301,-0.061279
17.3060,0.700256,-0.710937,0.021301,-0.061279
17.3140,0.700256,-0.710937,0.021362,-0.061218
17.3260,0.700256,-0.710937,0.021423,-0.061157
17.3340,0.700256,-0.710937,0.021484,-0.061096
17.3470,0.700256,-0.710937,0.021484,-0.061096
17.3540,0.700256,-0.710937,0.021484,-0.061096
17.3660,0.700256,-0.710937,0.021484,-0.061096
17.3750,0.700256,-0.710937,0.021484,-0.061096
17.3870,0.700256,-0.710999,0.021545,-0.061096
17.3950,0.700134,-0.711060,0.021545,-0.061096
17.4040,0.700073,-0.711121,0.021606,-0.061218
17.4160,0.699951,-0.711182,0.021667,-0.061462
17.4240,0.699951,-0.711182,0.021729,-0.061707
17.4360,0.700073,-0.711060,0.021790,-0.061951
17.4450,0.700195,-0.710937,0.021851,-0.062134
17.4560,0.700195,-0.710876,0.021851,-0.062317
17.4660,0.700195,-0.710876,0.021851,-0.062317
17.4770,0.699402,-0.711670,0.021912,-0.062622
17.4860,0.699036,-0.712036,0.021973,-0.062561
17.4980,0.698914,-0.712097,0.021912,-0.062500
17.5060,0.698914,-0.712097,0.021912,-0.062500
17.5140,0.699219,-0.711853,0.021729,-0.062378
17.5260,0.699219,-0.711853,0.021667,-0.062439
17.5350,0.698975,-0.712097,0.021667,-0.062622
17.5470,0.698975,-0.712097,0.021667,-0.062622
17.5560,0.698547,-0.712463,0.021667,-0.062866
17.5680,0.697632,-0.713318,0.021729,-0.063477
17.5750,0.697327,-0.713562,0.021667,-0.063782
17.5880,0.697327,-0.713562,0.021606,-0.064087
17.5960,0.697327,-0.713562,0.021606,-0.064087
17.6050,0.697449,-0.713379,0.021545,-0.064270
17.6160,0.698059,-0.712830,0.021301,-0.064392
17.6250,0.698303,-0.712585,0.021179,-0.064331
17.6370,0.698303,-0.712585,0.021179,-0.064331
17.6450,0.698547,-0.712341,0.021057,-0.064087
17.6580,0.698730,-0.712219,0.020935,-0.063721
17.6660,0.698791,-0.712280,0.020752,-0.062805
17.6740,0.698791,-0.712280,0.020752,-0.062805
17.6860,0.698608,-0.712463,0.020691,-0.062439
17.6950,0.698425,-0.712646,0.020630,-0.062195
17.7070,0.698303,-0.712830,0.020508,-0.062012
17.7150,0.698120,-0.713013,0.020508,-0.061951
17.7270,0.698120,-0.713013,0.020508,-0.061951
17.7350,0.698059,-0.713074,0.020508,-0.061951
17.7470,0.698059,-0.713074,0.020508,-0.061890
17.7560,0.698059,-0.713074,0.020630,-0.061829
17.7650,0.698120,-0.713013,0.020691,-0.061646
17.7760,0.698181,-0.712952,0.020691,-0.061462
17.7840,0.698364,-0.712830,0.020752,-0.061218
17.7970,0.698608,-0.712646,0.020691,-0.060913
17.8050,0.698791,-0.712463,0.020691,-0.060608
17.8170,0.698730,-0.712524,0.020691,-0.060364
17.8260,0.698730,-0.712585,0.020691,-0.060181
17.8380,0.698547,-0.712707,0.020691,-0.059998
17.8460,0.698425,-0.712830,0.020691,-0.059875
17.8540,0.698364,-0.712891,0.020630,-0.059753
17.8660,0.698364,-0.712952,0.020569,-0.059692
17.8740,0.698425,-0.712952,0.020569,-0.059631
17.8870,0.698303,-0.713013,0.020508,-0.059570
17.8950,0.698181,-0.713135,0.020447,-0.059509
17.9080,0.698059,-0.713257,0.020508,-0.059509
17.9160,0.698059,-0.713257,0.020508,-0.059509
17.9280,0.698059,-0.713257,0.020508,-0.059509
17.9360,0.698120,-0.713196,0.020508,-0.059509
17.9480,0.698181,-0.713135,0.020447,-0.059509
17.9560,0.698242,-0.713074,0.020447,-0.059509
17.9640,0.698242,-0.713074,0.020447,-0.059570
17.9770,0.698242,-0.713074,0.020386,-0.059631
17.9850,0.698181,-0.713135,0.020325,-0.059692
17.9970,0.698120,-0.713196,0.020264,-0.059753
18.0060,0.698120,-0.713196,0.020203,-0.059814
18.0180,0.698120,-0.713196,0.020142,-0.059753
18.0260,0.698120,-0.713196,0.020142,-0.059692
18.0380,0.698120,-0.713196,0.020142,-0.059692
18.0470,0.698120,-0.713196,0.020081,-0.059692
18.0590,0.698120,-0.713196,0.020081,-0.059692
18.0670,0.698120,-0.713196,0.020081,-0.059692
18.0750,0.698120,-0.713196,0.020020,-0.059692
18.0880,0.698120,-0.713196,0.020020,-0.059753
18.0970,0.698120,-0.713196,0.019958,-0.059814
18.1070,0.698120,-0.713196,0.019958,-0.059814
18.1170,0.698120,-0.713196,0.019958,-0.059814
18.1290,0.698120,-0.713196,0.019958,-0.059814
18.1370,0.698181,-0.713196,0.019958,-0.059814
18.1450,0.698181,-0.713135,0.019958,-0.059814
18.1570,0.698242,-0.713074,0.019958,-0.059814
18.1650,0.698303,-0.713013,0.019958,-0.059814
18.1770,0.698303,-0.713013,0.019958,-0.059814
18.1860,0.698303,-0.713013,0.019958,-0.059814
18.1970,0.698303,-0.713013,0.019958,-0.059814
18.2070,0.698303,-0.713013,0.019958,-0.059753
18.2180,0.698303,-0.713013,0.019958,-0.059753
18.2270,0.698303,-0.713013,0.019958,-0.059753
18.2360,0.698303,-0.713013,0.019958,-0.059753
18.2480,0.698364,-0.712952,0.019958,-0.059753
18.2560,0.698425,-0.712891,0.019958,-0.059753
18.2680,0.698425,-0.712891,0.019958,-0.059753
18.2750,0.698425,-0.712891,0.019958,-0.059753
18.2880,0.698425,-0.712891,0.019958,-0.059753
18.2960,0.698425,-0.712891,0.019958,-0.059753
18.3090,0.698425,-0.712891,0.019958,-0.059753
18.3170,0.698425,-0.712891,0.019958,-0.059753
18.3250,0.698425,-0.712891,0.019958,-0.059753
18.3370,0.698425,-0.712891,0.019958,-0.059753
18.3450,0.698425,-0.712891,0.019958,-0.059753
18.3580,0.698425,-0.712891,0.019958,-0.059753
18.3670,0.698425,-0.712891,0.019897,-0.059814
18.3790,0.698425,-0.712891,0.019897,-0.059814
18.3860,0.698425,-0.712891,0.019897,-0.059814
18.3990,0.698425,-0.712891,0.019897,-0.059814
18.4070,0.698425,-0.712891,0.019897,-0.059814
18.4150,0.698425,-0.712891,0.019897,-0.059814
18.4270,0.698425,-0.712891,0.019897,-0.059814
18.4360,0.698425,-0.712891,0.019897,-0.059814
18.4470,0.698425,-0.712891,0.019897,-0.059814
18.4560,0.698425,-0.712891,0.019897,-0.059814
18.4680,0.698425,-0.712891,0.019897,-0.059814
18.4770,0.698425,-0.712891,0.019897,-0.059814
18.4850,0.698425,-0.712891,0.019897,-0.059814
18.4970,0.698425,-0.712891,0.019897,-0.059814
18.5090,0.698425,-0.712891,0.019897,-0.059814
18.5180,0.698425,-0.712891,0.019897,-0.059814
18.5270,0.698425,-0.712891,0.019897,-0.059814
18.5380,0.698425,-0.712891,0.019897,-0.059814
18.5470,0.698425,-0.712891,0.019897,-0.059814
18.5590,0.698425,-0.712891,0.019897,-0.059814
18.5670,0.698425,-0.712891,0.019897,-0.059814
18.5760,0.698425,-0.712891,0.019897,-0.059814
18.5880,0.698425,-0.712891,0.019897,-0.059814
18.6000,0.698425,-0.712891,0.019958,-0.059814
18.6070,0.698425,-0.712891,0.020020,-0.059875
18.6160,0.698425,-0.712891,0.020020,-0.059875
18.6290,0.698425,-0.712891,0.020020,-0.059937
18.6370,0.698425,-0.712891,0.020020,-0.059937
18.6490,0.698364,-0.712952,0.020081,-0.059937
18.6570,0.698303,-0.713013,0.020020,-0.059875
18.6690,0.698242,-0.713074,0.019958,-0.059814
18.6780,0.698181,-0.713135,0.019958,-0.059814
18.6890,0.698120,-0.713196,0.019958,-0.059814
18.6980,0.698120,-0.713196,0.019958,-0.059814
18.7060,0.698120,-0.713196,0.019958,-0.059814
18.7190,0.698120,-0.713196,0.020020,-0.059875
18.7260,0.698120,-0.713196,0.020020,-0.059875
18.7390,0.698120,-0.713196,0.020081,-0.059937
18.7470,0.698120,-0.713196,0.020081,-0.059937
18.7590,0.698120,-0.713196,0.020081,-0.059937
18.7680,0.698059,-0.713257,0.020081,-0.059937
18.7790,0.697998,-0.713318,0.020081,-0.059875
18.7880,0.697937,-0.713379,0.020020,-0.059814
18.7960,0.697937,-0.713379,0.019958,-0.059753
18.8090,0.697937,-0.713379,0.019897,-0.059692
18.8160,0.697876,-0.713440,0.019836,-0.059692
18.8290,0.697815,-0.713501,0.019836,-0.059692
18.8370,0.697815,-0.713501,0.019836,-0.059692
18.8500,0.697815,-0.713501,0.019836,-0.059692
18.8570,0.697815,-0.713501,0.019897,-0.059692
18.8690,0.697815,-0.713501,0.019958,-0.059753
18.8780,0.697815,-0.713501,0.019958,-0.059814
18.8860,0.697815,-0.713501,0.019958,-0.059814
18.8980,0.697815,-0.713501,0.019958,-0.059814
18.9070,0.697815,-0.713501,0.019958,-0.059814
18.9180,0.697876,-0.713440,0.019958,-0.059814
18.9280,0.697937,-0.713379,0.019958,-0.059814
18.9390,0.698059,-0.713257,0.020020,-0.059875
18.9480,0.698059,-0.713257,0.020081,-0.059937
18.9560,0.698059,-0.713196,0.020142,-0.060059
18.9640,0.697998,-0.713257,0.020203,-0.060242
18.9760,0.697937,-0.713318,0.020325,-0.060425
18.9890,0.697815,-0.713379,0.020447,-0.060669
18.9980,0.697693,-0.713501,0.020752,-0.060974
19.0050,0.697510,-0.713623,0.021057,-0.061279
19.0170,0.697327,-0.713745,0.021545,-0.061768
19.0300,0.697266,-0.713806,0.022095,-0.062134
19.0380,0.697327,-0.713684,0.022705,-0.062561
19.0470,0.697449,-0.713501,0.023254,-0.062988
19.0580,0.697571,-0.713257,0.023804,-0.063354
19.0670,0.697632,-0.713196,0.024170,-0.063660
19.0780,0.697571,-0.713257,0.024414,-0.063843
19.0870,0.697388,-0.713440,0.024414,-0.064026
19.0990,0.697082,-0.713684,0.024231,-0.064026
19.1070,0.696777,-0.713989,0.023804,-0.063904
19.1160,0.696533,-0.714294,0.023254,-0.063721
19.1280,0.696228,-0.714661,0.022705,-0.063477
19.1370,0.695801,-0.715088,0.022278,-0.063293
19.1480,0.695312,-0.715576,0.022034,-0.063293
19.1570,0.694763,-0.716064,0.022034,-0.063477
19.1680,0.694336,-0.716492,0.022278,-0.063843
19.1770,0.694092,-0.716675,0.022827,-0.064392
19.1890,0.694031,-0.716614,0.023499,-0.065063
19.1980,0.694153,-0.716370,0.024353,-0.065857
19.2060,0.694458,-0.716003,0.025269,-0.066650
19.2170,0.694763,-0.715576,0.026245,-0.067383
19.2270,0.695190,-0.715088,0.027161,-0.067932
19.2390,0.695740,-0.714478,0.027832,-0.068237
19.2480,0.696228,-0.713989,0.028259,-0.068237
19.2550,0.696594,-0.713684,0.028381,-0.067993
19.2670,0.696716,-0.713623,0.028320,-0.067505
19.2790,0.696533,-0.713867,0.028076,-0.067017
19.2880,0.696167,-0.714294,0.027649,-0.066406
19.2960,0.695740,-0.714783,0.027222,-0.065918
19.3070,0.695312,-0.715210,0.026794,-0.065430
19.3170,0.695007,-0.715576,0.026489,-0.065063
19.3290,0.694824,-0.715759,0.026306,-0.064819
19.3370,0.694824,-0.715759,0.026184,-0.064758
19.3480,0.694946,-0.715637,0.026184,-0.064758
19.3580,0.695129,-0.715454,0.026245,-0.064819
19.3660,0.695435,-0.715210,0.026306,-0.064941
19.3780,0.695618,-0.714966,0.026428,-0.065063
19.3870,0.695862,-0.714722,0.026489,-0.065186
19.3980,0.696106,-0.714539,0.026428,-0.065186
19.4060,0.696289,-0.714355,0.026367,-0.065125
19.4180,0.696411,-0.714172,0.026123,-0.065002
19.4270,0.696533,-0.714111,0.025818,-0.064819
19.4390,0.696655,-0.714050,0.025452,-0.064636
19.4470,0.696777,-0.713928,0.025085,-0.064392
19.4550,0.696777,-0.713989,0.024658,-0.064209
19.4680,0.696716,-0.714111,0.024170,-0.064026
19.4760,0.696594,-0.714233,0.023621,-0.063904
19.4880,0.696472,-0.714355,0.023132,-0.063843
19.4960,0.696350,-0.714478,0.022644,-0.063782
19.5080,0.696350,-0.714539,0.022339,-0.063721
19.5170,0.696350,-0.714539,0.022034,-0.063660
19.5290,0.696289,-0.714600,0.021790,-0.063599
19.5380,0.696289,-0.714600,0.021729,-0.063477
19.5490,0.696350,-0.714539,0.021606,-0.063416
19.5570,0.696472,-0.714478,0.021484,-0.063293
19.5660,0.696594,-0.714416,0.021362,-0.063171
19.5790,0.696655,-0.714355,0.021240,-0.062988
19.5860,0.696655,-0.714355,0.021118,-0.062927
19.5980,0.696594,-0.714355,0.020996,-0.062866
19.6070,0.696594,-0.714416,0.020813,-0.062805
19.6160,0.696594,-0.714416,0.020691,-0.062744
19.6280,0.696594,-0.714478,0.020630,-0.062683
19.6390,0.696594,-0.714478,0.020569,-0.062622
19.6490,0.696655,-0.714416,0.020569,-0.062500
19.6570,0.696716,-0.714355,0.020569,-0.062378
19.6680,0.696716,-0.714355,0.020447,-0.062256
19.6770,0.696716,-0.714355,0.020386,-0.062195
19.6890,0.696716,-0.714355,0.020325,-0.062134
19.6980,0.696716,-0.714355,0.020264,-0.062012
19.7050,0.696777,-0.714294,0.020264,-0.061890
19.7180,0.696838,-0.714233,0.020203,-0.061768
19.7260,0.696899,-0.714233,0.020142,-0.061646
19.7380,0.696899,-0.714233,0.020081,-0.061584
19.7460,0.696899,-0.714233,0.020020,-0.061462
19.7590,0.696899,-0.714294,0.019897,-0.061401
19.7670,0.696838,-0.714294,0.019836,-0.061401
19.7790,0.696838,-0.714355,0.019714,-0.061401
19.7880,0.696838,-0.714355,0.019531,-0.061401
19.8000,0.696899,-0.714294,0.019409,-0.061462
19.8070,0.696960,-0.714233,0.019348,-0.061462
19.8160,0.696960,-0.714172,0.019348,-0.061462
19.8280,0.696960,-0.714172,0.019287,-0.061401
19.8370,0.697021,-0.714172,0.019226,-0.061340
19.8490,0.697021,-0.714172,0.019165,-0.061218
19.8570,0.697021,-0.714233,0.019104,-0.061157
19.8690,0.696960,-0.714233,0.018982,-0.061157
19.8770,0.696899,-0.714294,0.018921,-0.061157
19.8890,0.696899,-0.714294,0.018860,-0.061218
19.8980,0.696899,-0.714294,0.018799,-0.061279
19.9070,0.696960,-0.714233,0.018738,-0.061340
19.9180,0.697144,-0.714050,0.018677,-0.061401
19.9260,0.697388,-0.713806,0.018555,-0.061401
19.9380,0.697754,-0.713440,0.018372,-0.061401
19.9470,0.698120,-0.713074,0.018066,-0.061462
19.9550,0.698425,-0.712830,0.017761,-0.061523
19.9670,0.698669,-0.712585,0.017334,-0.061584
19.9800,0.698853,-0.712402,0.016846,-0.061707
19.9880,0.699158,-0.712097,0.016235,-0.061768
19.9970,0.699707,-0.711548,0.015503,-0.061829
20.0090,0.700684,-0.710693,0.014526,-0.061768
20.0170,0.701843,-0.709534,0.013367,-0.061646
20.0280,0.703003,-0.708435,0.012085,-0.061401
20.0370,0.703979,-0.707520,0.010681,-0.061096
20.0500,0.704590,-0.706970,0.009277,-0.060791
20.0570,0.704895,-0.706665,0.007813,-0.060364
20.0660,0.705200,-0.706421,0.006470,-0.059875
20.0780,0.705627,-0.706116,0.005188,-0.059265
20.0870,0.706055,-0.705688,0.004028,-0.058655
20.0990,0.706543,-0.705261,0.002930,-0.057983
20.1060,0.706909,-0.704956,0.002075,-0.057373
20.1160,0.707031,-0.704895,0.001343,-0.056946
20.1270,0.706848,-0.705078,0.000732,-0.056702
20.1400,0.706421,-0.705505,0.000244,-0.056702
20.1480,0.705994,-0.705933,-0.000122,-0.056824
20.1560,0.705627,-0.706299,-0.000488,-0.057068
20.1680,0.705566,-0.706299,-0.000732,-0.057373
20.1810,0.705749,-0.706116,-0.001038,-0.057617
20.1880,0.705994,-0.705811,-0.001282,-0.057861
20.1960,0.706299,-0.705566,-0.001587,-0.058044
20.2060,0.706604,-0.705200,-0.001892,-0.058167
20.2180,0.707031,-0.704773,-0.002136,-0.058167
20.2290,0.707642,-0.704163,-0.002502,-0.058289
20.2380,0.708557,-0.703247,-0.002991,-0.058350
20.2460,0.709656,-0.702148,-0.003601,-0.058411
20.2580,0.710754,-0.700989,-0.004272,-0.058472
20.2660,0.711792,-0.699951,-0.005005,-0.058533
20.2780,0.712463,-0.699219,-0.005737,-0.058533
20.2870,0.712891,-0.698791,-0.006531,-0.058411
20.2990,0.713074,-0.698608,-0.007324,-0.058228
20.3070,0.713074,-0.698608,-0.008179,-0.057922
20.3160,0.713135,-0.698608,-0.008972,-0.057434
20.3270,0.713135,-0.698608,-0.009766,-0.056885
20.3360,0.713196,-0.698669,-0.010437,-0.056396
20.3480,0.713135,-0.698669,-0.011047,-0.055908
20.3560,0.713135,-0.698730,-0.011536,-0.055603
20.3650,0.713135,-0.698730,-0.011963,-0.055481
20.3770,0.713196,-0.698608,-0.012329,-0.055542
20.3890,0.713623,-0.698181,-0.012817,-0.055786
20.3980,0.714416,-0.697327,-0.013367,-0.056091
20.4060,0.715759,-0.695923,-0.013977,-0.056396
20.4180,0.717712,-0.693909,-0.014709,-0.056458
20.4260,0.720276,-0.691223,-0.015442,-0.056213
20.4380,0.723511,-0.687927,-0.016174,-0.055481
20.4500,0.727112,-0.684143,-0.016846,-0.054382
20.4550,0.730591,-0.680542,-0.017395,-0.052979
20.4670,0.733643,-0.677368,-0.017761,-0.051453
20.4790,0.736084,-0.674805,-0.018005,-0.049927
20.4880,0.738159,-0.672668,-0.018188,-0.048462
20.4970,0.739929,-0.670776,-0.018494,-0.047058
20.5090,0.741455,-0.669128,-0.018921,-0.045776
20.5160,0.742798,-0.667725,-0.019470,-0.044617
20.5280,0.743896,-0.666565,-0.020203,-0.043701
20.5370,0.744629,-0.665832,-0.020935,-0.042908
20.5480,0.745117,-0.665222,-0.021729,-0.042236
20.5570,0.745605,-0.664673,-0.022339,-0.041443
20.5650,0.746399,-0.663879,-0.022888,-0.040527
20.5780,0.747437,-0.662720,-0.023315,-0.039368
20.5870,0.748657,-0.661438,-0.023560,-0.038147
20.5990,0.749878,-0.660156,-0.023743,-0.036926
20.6060,0.750854,-0.659058,-0.023926,-0.035889
20.6190,0.751465,-0.658386,-0.024170,-0.035217
20.6260,0.751587,-0.658264,-0.024414,-0.034912
20.6390,0.751038,-0.658874,-0.024719,-0.034973
20.6480,0.749878,-0.660156,-0.024963,-0.035400
20.6590,0.748352,-0.661804,-0.025330,-0.035950
20.6670,0.746887,-0.663452,-0.025696,-0.036499
20.6760,0.745911,-0.664490,-0.026123,-0.037048
20.6880,0.745789,-0.664612,-0.026672,-0.037476
20.6970,0.746399,-0.663818,-0.027405,-0.038025
20.7080,0.747498,-0.662537,-0.028320,-0.038635
20.7180,0.748657,-0.661133,-0.029236,-0.039490
20.7290,0.749634,-0.659912,-0.030151,-0.040527
20.7370,0.750366,-0.658997,-0.031006,-0.041809
20.7460,0.750854,-0.658325,-0.031677,-0.043152
20.7580,0.751282,-0.657715,-0.032166,-0.044434
20.7670,0.751892,-0.656921,-0.032593,-0.045532
20.7790,0.752930,-0.655640,-0.032837,-0.046387
20.7870,0.754456,-0.653870,-0.033020,-0.046997
20.7980,0.756592,-0.651306,-0.033142,-0.047302
20.8080,0.759338,-0.648132,-0.033325,-0.047363
20.8190,0.762085,-0.644897,-0.033447,-0.047363
20.8270,0.764160,-0.642456,-0.033508,-0.047607
20.8360,0.765198,-0.641113,-0.033447,-0.048279
20.8490,0.765320,-0.640930,-0.033386,-0.049255
20.8570,0.764954,-0.641235,-0.033203,-0.050476
20.8680,0.764404,-0.641907,-0.032715,-0.051453
20.8770,0.763916,-0.642395,-0.032043,-0.052246
20.8890,0.763733,-0.642639,-0.030945,-0.052673
20.8970,0.763611,-0.642822,-0.029663,-0.052856
20.9100,0.763550,-0.642944,-0.028198,-0.052917
20.9180,0.763611,-0.643005,-0.026794,-0.052917
20.9260,0.763550,-0.643066,-0.025391,-0.052917
20.9380,0.763367,-0.643372,-0.024170,-0.052917
20.9470,0.762939,-0.643860,-0.023071,-0.052979
20.9580,0.762329,-0.644653,-0.022095,-0.053101
20.9670,0.761475,-0.645691,-0.021179,-0.053223
20.9790,0.760498,-0.646851,-0.020264,-0.053284
20.9870,0.759644,-0.647827,-0.019409,-0.053345
20.9990,0.759033,-0.648621,-0.018555,-0.053406
21.0080,0.758606,-0.649170,-0.017700,-0.053345
21.0170,0.758362,-0.649475,-0.016785,-0.053162
21.0280,0.758179,-0.649658,-0.015930,-0.052979
21.0360,0.757996,-0.649902,-0.015076,-0.052673
21.0480,0.757690,-0.650330,-0.014404,-0.052368
21.0570,0.757141,-0.651001,-0.013794,-0.052063
21.0690,0.756531,-0.651794,-0.013367,-0.051758
21.0780,0.755981,-0.652405,-0.013062,-0.051514
21.0890,0.755737,-0.652771,-0.012939,-0.051270
21.0980,0.755676,-0.652832,-0.012878,-0.051086
21.1060,0.755554,-0.652954,-0.012817,-0.051025
21.1190,0.755310,-0.653259,-0.012634,-0.051147
21.1260,0.755005,-0.653625,-0.012268,-0.051270
21.1390,0.754761,-0.653870,-0.011963,-0.051453
21.1470,0.754578,-0.654053,-0.011658,-0.051575
21.1590,0.754517,-0.654114,-0.011414,-0.051636
21.1680,0.754578,-0.654053,-0.011353,-0.051636
21.1760,0.754639,-0.653992,-0.011292,-0.051636
21.1880,0.754639,-0.653992,-0.011353,-0.051514
21.1970,0.754578,-0.654114,-0.011414,-0.051453
21.2080,0.754333,-0.654358,-0.011536,-0.051392
21.2170,0.754089,-0.654602,-0.011658,-0.051514
21.2280,0.753845,-0.654907,-0.011841,-0.051697
21.2380,0.753479,-0.655273,-0.012024,-0.051941
21.2500,0.752991,-0.655823,-0.012146,-0.052185
21.2570,0.752502,-0.656372,-0.012329,-0.052429
21.2660,0.752258,-0.656677,-0.012451,-0.052429
21.2780,0.752075,-0.656860,-0.012695,-0.052429
21.2860,0.751892,-0.657043,-0.013000,-0.052490
21.2980,0.751709,-0.657227,-0.013306,-0.052612
21.3070,0.751648,-0.657288,-0.013611,-0.052795
21.3190,0.751709,-0.657227,-0.013916,-0.052917
21.3270,0.751892,-0.656982,-0.014221,-0.052979
21.3400,0.752136,-0.656738,-0.014465,-0.053040
21.3470,0.752197,-0.656616,-0.014648,-0.053101
21.3560,0.752136,-0.656677,-0.014832,-0.053162
21.3680,0.751953,-0.656921,-0.014954,-0.053162
21.3760,0.751587,-0.657288,-0.015015,-0.053223
21.3890,0.751221,-0.657715,-0.015137,-0.053223
21.3970,0.750854,-0.658142,-0.015259,-0.053223
21.4100,0.750427,-0.658569,-0.015442,-0.053223
21.4170,0.750061,-0.659058,-0.015564,-0.053223
21.4300,0.749756,-0.659424,-0.015686,-0.053284
21.4380,0.749512,-0.659668,-0.015808,-0.053284
21.4460,0.749268,-0.659973,-0.015869,-0.053284
21.4580,0.749084,-0.660156,-0.015930,-0.053223
21.4660,0.748901,-0.660339,-0.015991,-0.053162
21.4790,0.748779,-0.660461,-0.015991,-0.053101
21.4880,0.748779,-0.660522,-0.015991,-0.052917
21.5000,0.748779,-0.660522,-0.015930,-0.052673
21.5080,0.748901,-0.660400,-0.015930,-0.052307
21.5160,0.749084,-0.660217,-0.015930,-0.051941
21.5280,0.749207,-0.660156,-0.015991,-0.051575
21.5360,0.749084,-0.660278,-0.016052,-0.051331
21.5480,0.748840,-0.660583,-0.016113,-0.051147
21.5570,0.748535,-0.660950,-0.016235,-0.051086
21.5680,0.748169,-0.661316,-0.016296,-0.051025
21.5770,0.747803,-0.661743,-0.016296,-0.050964
21.5890,0.747559,-0.662048,-0.016357,-0.050903
21.5980,0.747437,-0.662170,-0.016357,-0.050720
21.6060,0.747375,-0.662292,-0.016418,-0.050476
21.6190,0.747192,-0.662476,-0.016418,-0.050232
21.6260,0.746948,-0.662781,-0.016418,-0.049988
21.6380,0.746704,-0.663086,-0.016418,-0.049744
21.6470,0.746521,-0.663330,-0.016541,-0.049500
21.6580,0.746399,-0.663452,-0.016663,-0.049255
21.6670,0.746399,-0.663513,-0.016785,-0.049072
21.6790,0.746338,-0.663574,-0.016968,-0.048950
21.6870,0.746277,-0.663574,-0.017090,-0.048828
21.6960,0.746399,-0.663513,-0.017151,-0.048767
21.7080,0.746582,-0.663269,-0.017151,-0.048706
21.7170,0.746765,-0.663025,-0.017151,-0.048767
21.7290,0.746765,-0.663086,-0.017090,-0.048950
21.7370,0.746765,-0.663025,-0.016968,-0.049194
21.7490,0.746887,-0.662903,-0.016846,-0.049438
21.7570,0.747070,-0.662720,-0.016663,-0.049683
21.7700,0.747253,-0.662476,-0.016418,-0.049988
21.7770,0.747498,-0.662170,-0.016235,-0.050293
21.7870,0.747742,-0.661865,-0.015991,-0.050659
21.7990,0.747925,-0.661621,-0.015747,-0.050964
21.8070,0.748108,-0.661377,-0.015503,-0.051331
21.8190,0.748352,-0.661133,-0.015198,-0.051575
21.8280,0.748657,-0.660767,-0.014832,-0.051880
21.8420,0.748901,-0.660461,-0.014526,-0.052185
21.8480,0.749268,-0.660034,-0.014160,-0.052429
21.8600,0.749573,-0.659668,-0.013733,-0.052734
21.8670,0.749878,-0.659302,-0.013367,-0.052917
21.8760,0.750244,-0.658874,-0.012939,-0.053101
21.8880,0.750671,-0.658386,-0.012512,-0.053223
21.8970,0.751099,-0.657959,-0.012146,-0.053284
21.9090,0.751465,-0.657532,-0.011719,-0.053223
21.9180,0.751770,-0.657227,-0.011353,-0.053162
21.9290,0.752014,-0.656921,-0.010986,-0.053101
21.9380,0.752197,-0.656677,-0.010742,-0.052979
21.9490,0.752441,-0.656433,-0.010498,-0.052856
21.9580,0.752563,-0.656311,-0.010254,-0.052795
21.9660,0.752624,-0.656250,-0.010132,-0.052795
21.9780,0.752624,-0.656189,-0.010010,-0.052856
21.9860,0.752624,-0.656189,-0.010010,-0.052856
21.9990,0.752747,-0.656128,-0.009888,-0.052979
22.0070,0.752808,-0.656006,-0.009827,-0.052917
22.0190,0.752930,-0.655945,-0.009827,-0.052917
22.0280,0.752930,-0.655945,-0.009827,-0.052917
22.0400,0.752991,-0.655884,-0.009827,-0.052917
22.0490,0.752991,-0.655823,-0.010010,-0.052795
22.0600,0.752930,-0.655884,-0.010071,-0.052734
22.0690,0.752808,-0.656006,-0.010132,-0.052673
22.0780,0.752808,-0.656006,-0.010132,-0.052673
22.0900,0.752502,-0.656372,-0.010498,-0.052612
22.0980,0.752380,-0.656555,-0.010742,-0.052551
22.1090,0.752197,-0.656738,-0.010986,-0.052612
22.1180,0.752197,-0.656738,-0.010986,-0.052612
22.1290,0.752075,-0.656860,-0.011230,-0.052612
22.1390,0.752014,-0.656982,-0.011658,-0.052734
22.1500,0.751953,-0.656982,-0.011841,-0.052856
22.1590,0.751953,-0.656982,-0.011841,-0.052856
22.1680,0.751953,-0.656982,-0.012024,-0.052979
22.1790,0.751953,-0.656982,-0.012146,-0.053101
22.1880,0.751892,-0.656982,-0.012390,-0.053223
22.1990,0.751831,-0.657104,-0.012512,-0.053345
22.2080,0.751831,-0.657104,-0.012512,-0.053345
22.2200,0.751709,-0.657166,-0.012512,-0.053406
22.2280,0.751709,-0.657166,-0.012573,-0.053345
22.2410,0.751770,-0.657166,-0.012573,-0.053345
22.2490,0.751770,-0.657166,-0.012573,-0.053345
22.2580,0.751770,-0.657104,-0.012451,-0.053284
22.2700,0.751831,-0.657043,-0.012329,-0.053345
22.2770,0.752014,-0.656860,-0.011963,-0.053284
22.2890,0.752014,-0.656860,-0.011963,-0.053284
22.2990,0.752014,-0.656860,-0.011719,-0.053284
22.3100,0.751953,-0.656921,-0.011475,-0.053284
22.3190,0.751709,-0.657227,-0.011169,-0.053284
22.3270,0.751343,-0.657654,-0.010803,-0.053345
22.3390,0.750977,-0.658081,-0.010437,-0.053406
22.3470,0.750732,-0.658386,-0.010254,-0.053528
22.3590,0.750488,-0.658630,-0.010071,-0.053711
22.3670,0.750305,-0.658813,-0.009827,-0.053894
22.3800,0.750000,-0.659119,-0.009460,-0.054138
22.3880,0.749695,-0.659485,-0.009033,-0.054443
22.4000,0.749451,-0.659790,-0.008484,-0.054749
22.4080,0.749207,-0.660034,-0.007874,-0.055054
22.4170,0.748901,-0.660339,-0.007263,-0.055603
22.4300,0.748596,-0.660583,-0.006653,-0.056274
22.4370,0.748169,-0.661011,-0.006104,-0.057129
22.4500,0.747559,-0.661621,-0.005493,-0.058167
22.4580,0.746826,-0.662353,-0.005066,-0.059265
22.4690,0.746155,-0.663025,-0.004761,-0.060303
22.4780,0.745605,-0.663513,-0.004639,-0.061218
22.4900,0.745239,-0.663879,-0.004761,-0.061951
22.4990,0.744690,-0.664429,-0.004944,-0.062439
22.5100,0.743774,-0.665466,-0.005188,-0.062744
22.5190,0.742554,-0.666870,-0.005432,-0.062805
22.5270,0.741333,-0.668213,-0.005676,-0.062622
22.5400,0.740356,-0.669250,-0.005920,-0.062256
22.5480,0.739746,-0.669983,-0.006165,-0.061707
22.5600,0.739319,-0.670532,-0.006348,-0.061218
22.5680,0.738892,-0.671082,-0.006470,-0.060791
22.5810,0.738281,-0.671753,-0.006531,-0.060486
22.5880,0.737549,-0.672546,-0.006409,-0.060364
22.6010,0.736633,-0.673584,-0.006226,-0.060364
22.6090,0.735657,-0.674683,-0.005920,-0.060486
22.6180,0.734741,-0.675598,-0.005676,-0.060608
22.6290,0.734131,-0.676270,-0.005493,-0.060791
22.6380,0.733887,-0.676514,-0.005371,-0.060852
22.6510,0.734070,-0.676392,-0.005371,-0.060791
22.6590,0.734314,-0.676086,-0.005371,-0.060547
22.6670,0.734497,-0.675903,-0.005371,-0.060364
22.6790,0.734436,-0.676025,-0.005371,-0.060120
22.6910,0.734192,-0.676270,-0.005310,-0.059937
22.6990,0.733826,-0.676636,-0.005249,-0.059753
22.7110,0.733520,-0.677002,-0.005066,-0.059509
22.7200,0.733887,-0.676636,-0.005615,-0.059814
22.7290,0.734314,-0.676147,-0.006042,-0.059998
22.7400,0.734741,-0.675659,-0.006287,-0.059998
22.7490,0.735168,-0.675232,-0.006409,-0.059814
22.7600,0.735107,-0.675293,-0.006165,-0.059326
22.7690,0.735046,-0.675415,-0.005920,-0.058777
22.7770,0.734985,-0.675598,-0.005737,-0.058228
22.7900,0.734924,-0.675659,-0.005554,-0.057617
22.7980,0.734924,-0.675781,-0.005493,-0.056885
22.8100,0.734863,-0.675903,-0.005432,-0.056030
22.8180,0.734680,-0.676147,-0.005493,-0.055115
22.8310,0.734497,-0.676453,-0.005493,-0.054077
22.8380,0.734253,-0.676819,-0.005615,-0.053040
22.8500,0.734009,-0.677124,-0.005737,-0.051880
22.8590,0.733826,-0.677368,-0.005981,-0.050720
22.8670,0.733765,-0.677612,-0.006287,-0.049561
22.8790,0.733643,-0.677795,-0.006653,-0.048462
22.8880,0.733459,-0.678040,-0.007080,-0.047363
22.9010,0.733215,-0.678345,-0.007568,-0.046265
22.9080,0.732971,-0.678711,-0.007996,-0.045105
22.9210,0.732666,-0.679077,-0.008423,-0.044006
22.9290,0.732361,-0.679504,-0.008728,-0.042847
22.9410,0.732178,-0.679749,-0.009033,-0.041748
22.9490,0.732605,-0.679382,-0.009277,-0.040649
22.9610,0.733887,-0.678040,-0.009644,-0.039551
22.9700,0.735718,-0.676086,-0.010010,-0.038635
22.9770,0.737366,-0.674316,-0.010254,-0.038147
22.9910,0.738342,-0.673218,-0.010315,-0.038147
22.9980,0.738525,-0.673035,-0.010071,-0.038513
23.0110,0.737976,-0.673584,-0.009521,-0.039246
23.0180,0.737122,-0.674499,-0.008728,-0.040161
23.0270,0.736023,-0.675659,-0.007690,-0.041016
23.0400,0.734802,-0.676941,-0.006531,-0.041870
23.0520,0.733765,-0.678040,-0.005188,-0.042542
23.0600,0.733154,-0.678711,-0.003723,-0.043030
23.0680,0.732971,-0.678894,-0.002136,-0.043213
23.0800,0.733215,-0.678589,-0.000610,-0.043152
23.0890,0.733643,-0.678162,0.000854,-0.042847
23.1010,0.734070,-0.677734,0.002075,-0.042358
23.1100,0.734314,-0.677490,0.003052,-0.041626
23.1180,0.734436,-0.677429,0.003723,-0.040710
23.1300,0.734558,-0.677368,0.003967,-0.039551
23.1380,0.734863,-0.677124,0.003845,-0.038147
23.1500,0.735107,-0.676941,0.003479,-0.036682
23.1590,0.735107,-0.677002,0.003052,-0.035156
23.1710,0.734924,-0.677307,0.002563,-0.033630
23.1780,0.734680,-0.677612,0.002136,-0.032166
23.1910,0.734497,-0.677917,0.001770,-0.030823
23.1990,0.734314,-0.678162,0.001526,-0.029541
23.2120,0.734192,-0.678345,0.001404,-0.028442
23.2200,0.734070,-0.678528,0.001404,-0.027344
23.2280,0.733826,-0.678772,0.001587,-0.026489
23.2400,0.733459,-0.679260,0.001892,-0.025635
23.2530,0.732971,-0.679810,0.002258,-0.024841
23.2600,0.732544,-0.680298,0.002747,-0.023926
23.2690,0.732117,-0.680786,0.003174,-0.022888
23.2770,0.731750,-0.681213,0.003662,-0.021667
23.2890,0.731445,-0.681580,0.004150,-0.020264
23.3020,0.731140,-0.681946,0.004395,-0.018738
23.3090,0.730713,-0.682434,0.004517,-0.017151
23.3180,0.730164,-0.683105,0.004517,-0.015625
23.3300,0.729492,-0.683838,0.004333,-0.014038
23.3420,0.730347,-0.682922,0.003174,-0.012329
23.3500,0.733643,-0.679443,0.000427,-0.010437
23.3590,0.736023,-0.676880,-0.002502,-0.009033
23.3680,0.736206,-0.676697,-0.004883,-0.008240
23.3790,0.735718,-0.677185,-0.006775,-0.007446
23.3920,0.736023,-0.676880,-0.008179,-0.006470
23.4000,0.737183,-0.675598,-0.009094,-0.005371
23.4110,0.738464,-0.674194,-0.009705,-0.004639
23.4200,0.739319,-0.673218,-0.010071,-0.004517
23.4290,0.739685,-0.672852,-0.010498,-0.004883
23.4400,0.739990,-0.672546,-0.010803,-0.005676
23.4490,0.740417,-0.671997,-0.011047,-0.006714
23.4620,0.741089,-0.671265,-0.011169,-0.007935
23.4700,0.741638,-0.670654,-0.010986,-0.009277
23.4780,0.741882,-0.670349,-0.010559,-0.010925
23.4900,0.742126,-0.670105,-0.009888,-0.012695
23.5020,0.742310,-0.669861,-0.009033,-0.014587
23.5110,0.742310,-0.669800,-0.007996,-0.016479
23.5180,0.742676,-0.669373,-0.007202,-0.018372
23.5270,0.744507,-0.667236,-0.007446,-0.020020
23.5400,0.745789,-0.665771,-0.007751,-0.021790
23.5510,0.746216,-0.665222,-0.007935,-0.023499
23.5600,0.746582,-0.664795,-0.008118,-0.024963
23.5680,0.746948,-0.664307,-0.008301,-0.026123
23.5790,0.747009,-0.664246,-0.008179,-0.027161
23.5920,0.746338,-0.664917,-0.007874,-0.028137
23.6010,0.745056,-0.666321,-0.007324,-0.029053
23.6090,0.743652,-0.667847,-0.006714,-0.029907
23.6170,0.742310,-0.669312,-0.006165,-0.030762
23.6290,0.741394,-0.670349,-0.005737,-0.031433
23.6410,0.741028,-0.670715,-0.005615,-0.032043
23.6500,0.742065,-0.669556,-0.006470,-0.032532
23.6610,0.742981,-0.668457,-0.007324,-0.033081
23.6700,0.743774,-0.667541,-0.007935,-0.033447
23.6790,0.744934,-0.666260,-0.008545,-0.033691
23.6910,0.746216,-0.664795,-0.009094,-0.033813
23.7000,0.747314,-0.663513,-0.009399,-0.033936
23.7110,0.748169,-0.662537,-0.009583,-0.034058
23.7190,0.748779,-0.661865,-0.009583,-0.034241
23.7320,0.749268,-0.661316,-0.009521,-0.034424
23.7400,0.749634,-0.660828,-0.009338,-0.034607
23.7510,0.749939,-0.660522,-0.009155,-0.034790
23.7610,0.750183,-0.660278,-0.008850,-0.034973
23.7690,0.750366,-0.660034,-0.008423,-0.035217
23.7800,0.750671,-0.659729,-0.007935,-0.035400
23.7890,0.750977,-0.659363,-0.007385,-0.035583
23.8020,0.751282,-0.658936,-0.006836,-0.035767
23.8100,0.751587,-0.658630,-0.006348,-0.035828
23.8210,0.751770,-0.658447,-0.005920,-0.035767
23.8300,0.751953,-0.658264,-0.005554,-0.035522
23.8420,0.752136,-0.658081,-0.005249,-0.035217
23.8500,0.752136,-0.658081,-0.004944,-0.034790
23.8620,0.751892,-0.658386,-0.004639,-0.034363
23.8700,0.751343,-0.659058,-0.004395,-0.033936
23.8790,0.750488,-0.660034,-0.004211,-0.033447
23.8920,0.749512,-0.661133,-0.004272,-0.032959
23.8990,0.748779,-0.661987,-0.004883,-0.032410
23.9120,0.748596,-0.662231,-0.006287,-0.031860
23.9200,0.748779,-0.662048,-0.008240,-0.031372
23.9290,0.748169,-0.662720,-0.009888,-0.031006
23.9400,0.747314,-0.663696,-0.011108,-0.030579
23.9490,0.746094,-0.665100,-0.011597,-0.030151
23.9610,0.743347,-0.668152,-0.010559,-0.029907
23.9690,0.740356,-0.671509,-0.008789,-0.029663
23.9810,0.738464,-0.673645,-0.006958,-0.029236
23.9900,0.737732,-0.674438,-0.005493,-0.028687
24.0010,0.737610,-0.674622,-0.004517,-0.028076
24.0100,0.737549,-0.674744,-0.004028,-0.027527
24.0190,0.737183,-0.675110,-0.003906,-0.027039
24.0310,0.736755,-0.675598,-0.004089,-0.026550
24.0390,0.736389,-0.676086,-0.004456,-0.025879
24.0510,0.736023,-0.676453,-0.004822,-0.025208
24.0590,0.735840,-0.676697,-0.005188,-0.024475
24.0710,0.735901,-0.676636,-0.005493,-0.023804
24.0800,0.736328,-0.676208,-0.005737,-0.023254
24.0910,0.737244,-0.675171,-0.006042,-0.022888
24.1010,0.738525,-0.673767,-0.006226,-0.022705
24.1130,0.739929,-0.672241,-0.006348,-0.022949
24.1210,0.741272,-0.670776,-0.006470,-0.023621
24.1290,0.742371,-0.669495,-0.006592,-0.024597
24.1410,0.743225,-0.668457,-0.006592,-0.025879
24.1490,0.743652,-0.667969,-0.006592,-0.027405
24.1620,0.743652,-0.667908,-0.006409,-0.029236
24.1690,0.743286,-0.668213,-0.006042,-0.031128
24.1780,0.742737,-0.668762,-0.005615,-0.033142
24.1900,0.742187,-0.669250,-0.005066,-0.035217
24.2030,0.741638,-0.669739,-0.004456,-0.037354
24.2110,0.741272,-0.670044,-0.003906,-0.039551
24.2190,0.740967,-0.670227,-0.003418,-0.041626
24.2310,0.740967,-0.670166,-0.002930,-0.043640
24.2400,0.741028,-0.669922,-0.002563,-0.045532
24.2520,0.741272,-0.669556,-0.002197,-0.047180
24.2600,0.741394,-0.669312,-0.001831,-0.048706
24.2680,0.741333,-0.669250,-0.001343,-0.050049
24.2800,0.741211,-0.669312,-0.000977,-0.051392
24.2920,0.741089,-0.669312,-0.000732,-0.052734
24.3000,0.741272,-0.669067,-0.000610,-0.054016
24.3090,0.741760,-0.668396,-0.000793,-0.055237
24.3210,0.742615,-0.667358,-0.001099,-0.056335
24.3300,0.743469,-0.666260,-0.001587,-0.057434
24.3420,0.744263,-0.665283,-0.002136,-0.058533
24.3500,0.744812,-0.664612,-0.002625,-0.059631
24.3620,0.745056,-0.664185,-0.002930,-0.060791
24.3700,0.744995,-0.664185,-0.002991,-0.061829
24.3780,0.744629,-0.664490,-0.002869,-0.062805
24.3910,0.744385,-0.664734,-0.002625,-0.063477
24.3990,0.744385,-0.664673,-0.002258,-0.063843
24.4120,0.744568,-0.664490,-0.001953,-0.063965
24.4190,0.744751,-0.664307,-0.001526,-0.064026
24.4280,0.744751,-0.664307,-0.001221,-0.063965
24.4400,0.744690,-0.664307,-0.001038,-0.063965
24.4530,0.744690,-0.664307,-0.000977,-0.064026
24.4610,0.744751,-0.664246,-0.001038,-0.064087
24.4690,0.744934,-0.664062,-0.001160,-0.064209
24.4810,0.745056,-0.663879,-0.001343,-0.064392
24.4890,0.745239,-0.663696,-0.001587,-0.064575
24.5010,0.745483,-0.663391,-0.002014,-0.064697
24.5100,0.745666,-0.663147,-0.002502,-0.064819
24.5180,0.745972,-0.662842,-0.002625,-0.064636
24.5300,0.745911,-0.662903,-0.002869,-0.064514
24.5390,0.745605,-0.663269,-0.003235,-0.064331
24.5500,0.745300,-0.663635,-0.003662,-0.064148
24.5600,0.744995,-0.663940,-0.004333,-0.063965
24.5710,0.744690,-0.664307,-0.005310,-0.063965
24.5800,0.744324,-0.664734,-0.006226,-0.064026
24.5910,0.743774,-0.665344,-0.007080,-0.064148
24.6010,0.742981,-0.666138,-0.007813,-0.064514
24.6120,0.742187,-0.666992,-0.008484,-0.064880
24.6210,0.741516,-0.667664,-0.009094,-0.065308
24.6290,0.741150,-0.668030,-0.009644,-0.065735
24.6410,0.740967,-0.668213,-0.010193,-0.066162
24.6490,0.741150,-0.667969,-0.010559,-0.066589
24.6610,0.741394,-0.667603,-0.010864,-0.066895
24.6700,0.741699,-0.667236,-0.011047,-0.067139
24.6780,0.742004,-0.666931,-0.011047,-0.067444
24.6900,0.742187,-0.666687,-0.010925,-0.067627
24.7020,0.742187,-0.666687,-0.010742,-0.067810
24.7100,0.741882,-0.666992,-0.010315,-0.067932
24.7190,0.741394,-0.667541,-0.009766,-0.067993
24.7300,0.740784,-0.668213,-0.009033,-0.067993
24.7400,0.739990,-0.669067,-0.008301,-0.067993
24.7520,0.739197,-0.669983,-0.007446,-0.068054
24.7600,0.738403,-0.670898,-0.006470,-0.068054
24.7680,0.737732,-0.671631,-0.005371,-0.067993
24.7800,0.737366,-0.672058,-0.004272,-0.067810
24.7930,0.737366,-0.672119,-0.003235,-0.067505
24.8010,0.737610,-0.671875,-0.002258,-0.067139
24.8090,0.737976,-0.671509,-0.001282,-0.066650
24.8210,0.738159,-0.671387,-0.000366,-0.066223
24.8300,0.738037,-0.671570,0.000610,-0.065796
24.8420,0.737488,-0.672180,0.001587,-0.065430
24.8490,0.736511,-0.673279,0.002686,-0.065063
24.8620,0.735291,-0.674683,0.003845,-0.064758
24.8710,0.733887,-0.676208,0.005066,-0.064575
24.8790,0.732544,-0.677612,0.006409,-0.064331
24.8900,0.731567,-0.678711,0.007690,-0.064209
24.8990,0.731018,-0.679321,0.008911,-0.064026
24.9110,0.730896,-0.679382,0.010071,-0.063904
24.9190,0.731140,-0.679138,0.011108,-0.063843
24.9310,0.731506,-0.678711,0.012085,-0.063904
24.9390,0.731750,-0.678406,0.013123,-0.064209
24.9490,0.731873,-0.678223,0.014099,-0.064575
24.9610,0.731995,-0.678040,0.015015,-0.065125
24.9680,0.732117,-0.677795,0.015869,-0.065674
24.9800,0.732239,-0.677612,0.016602,-0.066223
24.9890,0.732117,-0.677673,0.017212,-0.066895
25.0010,0.731628,-0.678101,0.017700,-0.067566
25.0090,0.730652,-0.679077,0.018066,-0.068420
25.0180,0.728943,-0.680786,0.018372,-0.069397
25.0300,0.726562,-0.683228,0.018555,-0.070496
25.0420,0.723633,-0.686218,0.018860,-0.071655
25.0500,0.720703,-0.689148,0.019226,-0.072693
25.0580,0.718384,-0.691467,0.019653,-0.073486
25.0710,0.717224,-0.692627,0.020081,-0.073975
25.0790,0.717285,-0.692505,0.020447,-0.074219
25.0920,0.718384,-0.691345,0.020752,-0.074463
25.1000,0.719971,-0.689636,0.020935,-0.074890
25.1080,0.721497,-0.687988,0.021118,-0.075378
25.1210,0.722534,-0.686768,0.021423,-0.076050
25.1320,0.723145,-0.686096,0.021729,-0.076782
25.1410,0.723206,-0.685913,0.022034,-0.077454
25.1490,0.722900,-0.686218,0.022278,-0.077942
25.1610,0.722290,-0.686768,0.022583,-0.078247
25.1700,0.721497,-0.687561,0.022888,-0.078430
25.1810,0.720703,-0.688416,0.023193,-0.078430
25.1900,0.719910,-0.689270,0.023682,-0.078247
25.2020,0.719299,-0.689880,0.024231,-0.077942
25.2110,0.718933,-0.690308,0.024902,-0.077637
25.2220,0.718689,-0.690491,0.025635,-0.077393
25.2310,0.718628,-0.690552,0.026489,-0.077271
25.2400,0.718750,-0.690430,0.027405,-0.077332
25.2510,0.718933,-0.690186,0.028381,-0.077454
25.2590,0.719238,-0.689758,0.029358,-0.077576
25.2710,0.719604,-0.689331,0.030212,-0.077698
25.2800,0.719910,-0.688965,0.031067,-0.077698
25.2910,0.720154,-0.688782,0.031799,-0.077637
25.3000,0.720154,-0.688721,0.032532,-0.077393
25.3120,0.720093,-0.688782,0.033081,-0.076965
25.3210,0.719910,-0.689026,0.033630,-0.076538
25.3290,0.719666,-0.689331,0.034119,-0.076050
25.3410,0.719421,-0.689575,0.034485,-0.075562
25.3490,0.719238,-0.689819,0.034790,-0.075012
25.3610,0.719116,-0.690002,0.035034,-0.074524
25.3700,0.718994,-0.690186,0.035217,-0.073975
25.3820,0.718872,-0.690369,0.035400,-0.073486
25.3900,0.718750,-0.690491,0.035522,-0.072937
25.4020,0.718628,-0.690674,0.035583,-0.072449
25.4100,0.718567,-0.690857,0.035583,-0.071960
25.4190,0.718506,-0.690918,0.035583,-0.071594
25.4310,0.718506,-0.690918,0.035461,-0.071228
25.4390,0.718567,-0.690918,0.035339,-0.070923
25.4510,0.718689,-0.690796,0.035156,-0.070618
25.4600,0.718872,-0.690674,0.034912,-0.070313
25.4720,0.718994,-0.690613,0.034668,-0.070129
25.4810,0.719055,-0.690552,0.034424,-0.069885
25.4880,0.719055,-0.690613,0.034180,-0.069641
25.5010,0.718872,-0.690796,0.033997,-0.069458
25.5090,0.718689,-0.691101,0.033813,-0.069214
25.5220,0.718384,-0.691406,0.033691,-0.069031
25.5290,0.718018,-0.691772,0.033569,-0.068848
25.5410,0.717773,-0.692078,0.033447,-0.068665
25.5510,0.717651,-0.692200,0.033386,-0.068420
25.5620,0.717651,-0.692261,0.033325,-0.068237
25.5700,0.717651,-0.692261,0.033325,-0.067993
25.5780,0.717651,-0.692261,0.033264,-0.067810
25.5910,0.717651,-0.692322,0.033203,-0.067627
25.6000,0.717468,-0.692505,0.033142,-0.067505
25.6120,0.717285,-0.692688,0.033081,-0.067383
25.6190,0.717041,-0.692932,0.033081,-0.067200
25.6310,0.716858,-0.693176,0.033142,-0.067017
25.6410,0.716736,-0.693359,0.033142,-0.066833
25.6530,0.716675,-0.693420,0.033264,-0.066589
25.6600,0.716675,-0.693420,0.033325,-0.066406
25.6700,0.716736,-0.693359,0.033447,-0.066162
25.6810,0.716797,-0.693359,0.033508,-0.065918
25.6900,0.716797,-0.693359,0.033630,-0.065735
25.7020,0.716797,-0.693420,0.033691,-0.065613
25.7100,0.716858,-0.693298,0.033752,-0.065491
25.7210,0.716980,-0.693176,0.033813,-0.065430
25.7300,0.717224,-0.692932,0.033875,-0.065308
25.7420,0.717529,-0.692627,0.033997,-0.065247
25.7510,0.717712,-0.692444,0.034119,-0.065125
25.7600,0.717895,-0.692261,0.034241,-0.064941
25.7710,0.717895,-0.692261,0.034363,-0.064819
25.7790,0.717957,-0.692200,0.034485,-0.064697
25.7920,0.717957,-0.692200,0.034607,-0.064514
25.8010,0.717957,-0.692261,0.034729,-0.064453
25.8120,0.717895,-0.692261,0.034851,-0.064331
25.8210,0.717895,-0.692322,0.034851,-0.064331
25.8290,0.717834,-0.692383,0.034912,-0.064270
25.8410,0.717773,-0.692444,0.034912,-0.064270
25.8500,0.717773,-0.692444,0.034912,-0.064270
25.8610,0.717773,-0.692444,0.034912,-0.064270
25.8700,0.717834,-0.692383,0.034912,-0.064270
25.8820,0.717834,-0.692383,0.034912,-0.064270
25.8910,0.717834,-0.692383,0.034912,-0.064270
25.9020,0.717773,-0.692444,0.034912,-0.064270
25.9100,0.717590,-0.692566,0.034973,-0.064209
25.9190,0.717468,-0.692749,0.034973,-0.064209
25.9310,0.717346,-0.692871,0.035034,-0.064209
25.9400,0.717285,-0.692932,0.035034,-0.064148
25.9510,0.717224,-0.692993,0.035034,-0.064087
25.9600,0.717163,-0.693054,0.035034,-0.064087
25.9710,0.717041,-0.693176,0.035034,-0.064087
25.9800,0.716980,-0.693298,0.035034,-0.064026
25.9930,0.716858,-0.693420,0.035034,-0.064026
26.0010,0.716736,-0.693542,0.035095,-0.063965
26.0090,0.716614,-0.693603,0.035095,-0.063965
26.0210,0.716492,-0.693726,0.035156,-0.063965
26.0290,0.716309,-0.693909,0.035156,-0.063965
26.0420,0.716125,-0.694153,0.035156,-0.063904
26.0500,0.715942,-0.694336,0.035217,-0.063904
26.0620,0.715820,-0.694458,0.035217,-0.063904
26.0710,0.715820,-0.694458,0.035217,-0.063904
26.0830,0.715820,-0.694458,0.035217,-0.063904
26.0900,0.715820,-0.694458,0.035217,-0.063904
26.1000,0.715759,-0.694519,0.035217,-0.063843
26.1110,0.715698,-0.694580,0.035278,-0.063843
26.1200,0.715637,-0.694702,0.035278,-0.063843
26.1310,0.715515,-0.694763,0.035278,-0.063843
26.1400,0.715515,-0.694824,0.035278,-0.063843
26.1520,0.715515,-0.694824,0.035339,-0.063782
26.1600,0.715515,-0.694763,0.035339,-0.063782
26.1690,0.715515,-0.694763,0.035339,-0.063782
26.1810,0.715515,-0.694763,0.035400,-0.063782
26.1890,0.715515,-0.694763,0.035400,-0.063721
26.2020,0.715515,-0.694763,0.035400,-0.063721
26.2100,0.715515,-0.694763,0.035400,-0.063721
26.2210,0.715515,-0.694824,0.035400,-0.063721
26.2300,0.715454,-0.694885,0.035400,-0.063721
26.2420,0.715454,-0.694885,0.035400,-0.063721
26.2510,0.715454,-0.694824,0.035461,-0.063660
26.2590,0.715454,-0.694824,0.035461,-0.063660
26.2710,0.715454,-0.694824,0.035522,-0.063599
26.2790,0.715454,-0.694824,0.035522,-0.063599
26.2910,0.715454,-0.694824,0.035522,-0.063599
26.2990,0.715393,-0.694885,0.035522,-0.063599
26.3110,0.715332,-0.695007,0.035522,-0.063599
26.3200,0.715271,-0.695068,0.035522,-0.063599
26.3320,0.715271,-0.695068,0.035522,-0.063599
26.3410,0.715271,-0.695007,0.035522,-0.063599
26.3490,0.715332,-0.694946,0.035583,-0.063599
26.3610,0.715454,-0.694824,0.035522,-0.063599
26.3690,0.715576,-0.694702,0.035522,-0.063599
26.3810,0.715637,-0.694641,0.035522,-0.063599
26.3890,0.715637,-0.694641,0.035522,-0.063599
26.4020,0.715576,-0.694702,0.035522,-0.063660
26.4110,0.715515,-0.694824,0.035522,-0.063599
26.4220,0.715454,-0.694824,0.035522,-0.063599
26.4310,0.715454,-0.694824,0.035522,-0.063599
26.4390,0.715454,-0.694824,0.035583,-0.063599
26.4520,0.715454,-0.694824,0.035583,-0.063599
26.4590,0.715454,-0.694824,0.035583,-0.063599
26.4720,0.715454,-0.694824,0.035522,-0.063538
26.4800,0.715454,-0.694824,0.035461,-0.063477
26.4920,0.715454,-0.694824,0.035461,-0.063477
26.5000,0.715454,-0.694824,0.035461,-0.063477
26.5130,0.715454,-0.694824,0.035461,-0.063477
26.5210,0.715454,-0.694885,0.035461,-0.063477
26.5290,0.715393,-0.694946,0.035461,-0.063477
26.5410,0.715332,-0.695007,0.035522,-0.063477
26.5500,0.715271,-0.695068,0.035583,-0.063538
26.5610,0.715271,-0.695068,0.035645,-0.063599
26.5710,0.715271,-0.695068,0.035706,-0.063660
26.5830,0.715271,-0.695007,0.035706,-0.063660
26.5900,0.715271,-0.695007,0.035767,-0.063721
26.6020,0.715271,-0.695007,0.035767,-0.063721
26.6110,0.715271,-0.695007,0.035767,-0.063721
26.6230,0.715271,-0.695007,0.035767,-0.063721
26.6320,0.715271,-0.695007,0.035767,-0.063721
26.6390,0.715271,-0.695007,0.035767,-0.063721
26.6510,0.715393,-0.694885,0.035889,-0.063843
26.6610,0.715393,-0.694885,0.035950,-0.063904
26.6720,0.715393,-0.694885,0.036072,-0.064026
26.6800,0.715393,-0.694824,0.036194,-0.064148
26.6920,0.715393,-0.694824,0.036194,-0.064148
26.7010,0.715454,-0.694702,0.036377,-0.064331
26.7130,0.715454,-0.694702,0.036377,-0.064392
26.7210,0.715393,-0.694824,0.036316,-0.064453
26.7300,0.715393,-0.694824,0.036316,-0.064453
26.7420,0.715271,-0.694885,0.036316,-0.064514
26.7500,0.715088,-0.695068,0.036194,-0.064514
26.7620,0.715088,-0.695129,0.036194,-0.064453
26.7700,0.715088,-0.695129,0.036194,-0.064453
26.7820,0.715088,-0.695129,0.036194,-0.064453
26.7910,0.714905,-0.695251,0.036194,-0.064453
26.8040,0.714783,-0.695435,0.036194,-0.064453
26.8120,0.714783,-0.695435,0.036194,-0.064453
26.8190,0.714600,-0.695618,0.036194,-0.064453
26.8320,0.714416,-0.695801,0.036255,-0.064453
26.8410,0.714111,-0.696106,0.036255,-0.064453
26.8530,0.713989,-0.696228,0.036255,-0.064453
26.8610,0.713989,-0.696228,0.036255,-0.064453
26.8730,0.713928,-0.696289,0.036255,-0.064392
26.8810,0.713989,-0.696289,0.036377,-0.064270
26.8930,0.713989,-0.696289,0.036499,-0.064209
26.9020,0.713989,-0.696289,0.036499,-0.064209
26.9100,0.713989,-0.696289,0.036499,-0.064148
26.9220,0.713928,-0.696289,0.036560,-0.064148
26.9300,0.713928,-0.696289,0.036560,-0.064148
26.9430,0.713928,-0.696289,0.036560,-0.064148
26.9510,0.713928,-0.696289,0.036560,-0.064148
26.9630,0.713928,-0.696289,0.036560,-0.064148
26.9720,0.713928,-0.696289,0.036560,-0.064148
26.9840,0.713928,-0.696289,0.036560,-0.064148
26.9910,0.713989,-0.696228,0.036621,-0.064087
27.0010,0.714050,-0.696167,0.036682,-0.064026
27.0120,0.714111,-0.696106,0.036743,-0.063965
27.0200,0.714233,-0.696045,0.036743,-0.063904
27.0320,0.714355,-0.695862,0.036743,-0.063904
27.0410,0.714722,-0.695557,0.036743,-0.063965
27.0540,0.715210,-0.695007,0.036621,-0.064026
27.0620,0.715759,-0.694458,0.036438,-0.064087
27.0730,0.716309,-0.693909,0.036194,-0.064087
27.0820,0.716736,-0.693481,0.035889,-0.064148
27.0910,0.716919,-0.693298,0.035706,-0.064087
27.1020,0.716919,-0.693298,0.035583,-0.063965
27.1110,0.716736,-0.693481,0.035522,-0.063782
27.1230,0.716309,-0.693970,0.035583,-0.063599
27.1310,0.715881,-0.694458,0.035645,-0.063416
27.1440,0.715515,-0.694763,0.035706,-0.063293
27.1520,0.715454,-0.694885,0.035706,-0.063232
27.1630,0.715576,-0.694763,0.035645,-0.063110
27.1720,0.715820,-0.694580,0.035461,-0.063049
27.1800,0.716125,-0.694275,0.035339,-0.062927
27.1930,0.716370,-0.694031,0.035156,-0.062805
27.2010,0.716553,-0.693848,0.035034,-0.062622
27.2130,0.716614,-0.693848,0.035034,-0.062317
27.2220,0.716492,-0.693970,0.035095,-0.062012
27.2330,0.716309,-0.694214,0.035339,-0.061584
27.2420,0.716064,-0.694458,0.035522,-0.061218
27.2540,0.715759,-0.694763,0.035706,-0.061035
27.2630,0.715576,-0.694946,0.035706,-0.061035
27.2740,0.715393,-0.695129,0.035583,-0.061157
27.2820,0.715149,-0.695312,0.035400,-0.061462
27.2900,0.714905,-0.695618,0.035156,-0.061768
27.3030,0.714600,-0.695923,0.034973,-0.062012
27.3120,0.714416,-0.696045,0.034790,-0.062073
27.3230,0.714416,-0.696106,0.034607,-0.061890
27.3310,0.714539,-0.696045,0.034485,-0.061584
27.3430,0.714722,-0.695862,0.034363,-0.061279
27.3520,0.714905,-0.695679,0.034119,-0.061035
27.3650,0.715088,-0.695496,0.033813,-0.061096
27.3720,0.715271,-0.695312,0.033508,-0.061340
27.3820,0.715515,-0.695129,0.033081,-0.061768
27.3930,0.715698,-0.694885,0.032654,-0.062256
27.4020,0.715881,-0.694641,0.032288,-0.062805
27.4140,0.716003,-0.694519,0.031982,-0.063232
27.4220,0.715942,-0.694519,0.031738,-0.063599
27.4300,0.715820,-0.694641,0.031555,-0.063904
27.4430,0.715637,-0.694824,0.031311,-0.064148
27.4510,0.715515,-0.694946,0.031189,-0.064270
27.4630,0.715332,-0.695129,0.031006,-0.064331
27.4720,0.715271,-0.695190,0.030945,-0.064331
27.4830,0.715210,-0.695251,0.030823,-0.064209
27.4920,0.715088,-0.695435,0.030701,-0.064209
27.5030,0.714844,-0.695618,0.030640,-0.064209
27.5110,0.714600,-0.695862,0.030518,-0.064270
27.5240,0.714416,-0.696045,0.030518,-0.064453
27.5330,0.714294,-0.696167,0.030579,-0.064636
27.5400,0.714294,-0.696167,0.030640,-0.064758
27.5530,0.714294,-0.696167,0.030823,-0.064758
27.5610,0.714416,-0.696045,0.031067,-0.064697
27.5730,0.714539,-0.695923,0.031372,-0.064575
27.5810,0.714600,-0.695801,0.031616,-0.064331
27.5890,0.714600,-0.695862,0.031799,-0.064026
27.6030,0.714539,-0.695984,0.032043,-0.063721
27.6140,0.714294,-0.696228,0.032166,-0.063416
27.6220,0.714050,-0.696472,0.032227,-0.063171
27.6310,0.713806,-0.696777,0.032288,-0.062927
27.6430,0.713562,-0.697021,0.032288,-0.062805
27.6510,0.713440,-0.697144,0.032410,-0.062744
27.6640,0.713440,-0.697205,0.032471,-0.062683
27.6720,0.713501,-0.697082,0.032532,-0.062622
27.6800,0.713684,-0.696960,0.032593,-0.062500
27.6930,0.713806,-0.696777,0.032654,-0.062378
27.7040,0.713928,-0.696655,0.032715,-0.062195
27.7120,0.713928,-0.696655,0.032715,-0.061951
27.7210,0.713806,-0.696838,0.032776,-0.061829
27.7330,0.713501,-0.697205,0.032715,-0.061707
27.7410,0.713135,-0.697571,0.032715,-0.061707
27.7530,0.712769,-0.697876,0.032654,-0.061768
27.7610,0.712646,-0.698059,0.032593,-0.061829
27.7740,0.712585,-0.698059,0.032532,-0.061890
27.7820,0.712707,-0.697998,0.032593,-0.061951
27.7900,0.712830,-0.697815,0.032593,-0.062012
27.8020,0.713013,-0.697632,0.032715,-0.062012
27.8120,0.713196,-0.697388,0.032837,-0.062073
27.8230,0.713440,-0.697205,0.032959,-0.062073
27.8310,0.713623,-0.696960,0.033020,-0.062134
27.8400,0.713806,-0.696777,0.033081,-0.062073
27.8530,0.713867,-0.696716,0.033081,-0.062073
27.8640,0.713867,-0.696716,0.033081,-0.062073
27.8730,0.713806,-0.696777,0.033081,-0.062073
27.8810,0.713745,-0.696899,0.033142,-0.062012
27.8930,0.713623,-0.696960,0.033142,-0.062012
27.9050,0.713623,-0.697021,0.033203,-0.061951
27.9130,0.713623,-0.697021,0.033325,-0.061890
27.9210,0.713623,-0.697021,0.033447,-0.061829
27.9300,0.713562,-0.697021,0.033691,-0.061768
27.9340,SHOT
27.9420,0.713501,-0.697082,0.033875,-0.061768
27.9550,0.713501,-0.697144,0.034058,-0.061707
27.9630,0.713379,-0.697205,0.034180,-0.061646
27.9740,0.713318,-0.697266,0.033875,-0.061584
27.9830,0.713379,-0.697266,0.033997,-0.061462
27.9910,0.713440,-0.697205,0.034119,-0.061279
28.0040,0.713501,-0.697144,0.034302,-0.061035
28.0120,0.713562,-0.697082,0.034485,-0.060791
28.0230,0.713623,-0.697021,0.034668,-0.060486
28.0320,0.713684,-0.697021,0.034851,-0.060181
28.0410,0.713623,-0.697082,0.035034,-0.059875
28.0520,0.713501,-0.697205,0.035278,-0.059570
28.0640,0.713440,-0.697327,0.035461,-0.059204
28.0730,0.713379,-0.697388,0.035583,-0.058960
28.0810,0.713318,-0.697449,0.035706,-0.058716
28.0900,0.713257,-0.697571,0.035828,-0.058594
28.1020,0.713135,-0.697632,0.035889,-0.058594
28.1140,0.713074,-0.697754,0.035889,-0.058594
28.1230,0.713074,-0.697754,0.035828,-0.058594
28.1300,0.713196,-0.697632,0.035767,-0.058594
28.1430,0.713318,-0.697449,0.035645,-0.058594
28.1540,0.713501,-0.697266,0.035461,-0.058594
28.1630,0.713623,-0.697144,0.035339,-0.058594
28.1750,0.713745,-0.697082,0.035156,-0.058716
28.1800,0.713806,-0.696960,0.034973,-0.058777
28.1920,0.713928,-0.696899,0.034790,-0.058838
28.2050,0.714050,-0.696716,0.034607,-0.058899
28.2120,0.714233,-0.696594,0.034424,-0.058960
28.2240,0.714355,-0.696472,0.034180,-0.059143
28.2320,0.714294,-0.696472,0.033997,-0.059326
28.2410,0.714172,-0.696594,0.033813,-0.059631
28.2540,0.714050,-0.696716,0.033630,-0.059998
28.2610,0.714050,-0.696716,0.033508,-0.060303
28.2740,0.714172,-0.696533,0.033447,-0.060608
28.2820,0.714355,-0.696350,0.033325,-0.060791
28.2940,0.714478,-0.696167,0.033264,-0.060974
28.3020,0.714478,-0.696167,0.033264,-0.061035
28.3150,0.714355,-0.696350,0.033264,-0.061157
28.3230,0.714050,-0.696594,0.033325,-0.061279
28.3310,0.713806,-0.696838,0.033386,-0.061462
28.3440,0.713623,-0.697021,0.033447,-0.061584
28.3510,0.713623,-0.697021,0.033569,-0.061646
28.3640,0.713745,-0.696899,0.033630,-0.061707
28.3730,0.713928,-0.696655,0.033691,-0.061768
28.3850,0.714050,-0.696533,0.033752,-0.061829
28.3930,0.714050,-0.696533,0.033875,-0.061951
28.4040,0.713989,-0.696533,0.034058,-0.062073
28.4130,0.713989,-0.696533,0.034180,-0.062134
28.4250,0.714050,-0.696472,0.034363,-0.062134
28.4330,0.714172,-0.696350,0.034485,-0.062073
28.4410,0.714233,-0.696289,0.034607,-0.061951
28.4540,0.714233,-0.696289,0.034668,-0.061890
28.4630,0.714233,-0.696289,0.034729,-0.061890
28.4740,0.714172,-0.696350,0.034729,-0.061829
28.4830,0.714233,-0.696289,0.034790,-0.061768
28.4950,0.714294,-0.696289,0.034912,-0.061707
28.5030,0.714294,-0.696228,0.034973,-0.061584
28.5150,0.714294,-0.696289,0.035034,-0.061462
28.5230,0.714233,-0.696350,0.035095,-0.061279
28.5320,0.714172,-0.696411,0.035156,-0.061157
28.5440,0.714111,-0.696472,0.035156,-0.060974
28.5520,0.714050,-0.696594,0.035156,-0.060791
28.5640,0.713989,-0.696655,0.035095,-0.060730
28.5720,0.713989,-0.696655,0.035034,-0.060608
28.5820,0.714050,-0.696594,0.034973,-0.060547
28.5930,0.714111,-0.696533,0.034912,-0.060486
28.6060,0.714172,-0.696472,0.034851,-0.060425
28.6140,0.714172,-0.696472,0.034790,-0.060364
28.6220,0.714233,-0.696472,0.034729,-0.060242
28.6330,0.714172,-0.696533,0.034668,-0.060181
28.6420,0.714050,-0.696655,0.034546,-0.060181
28.6540,0.713989,-0.696777,0.034424,-0.060120
28.6630,0.713867,-0.696838,0.034302,-0.060120
28.6750,0.713806,-0.696899,0.034180,-0.060120
28.6830,0.713806,-0.696960,0.033997,-0.060120
28.6920,0.713867,-0.696899,0.033875,-0.060120
28.7040,0.713928,-0.696777,0.033813,-0.060242
28.7120,0.713989,-0.696716,0.033691,-0.060364
28.7250,0.714050,-0.696655,0.033630,-0.060425
28.7320,0.714111,-0.696594,0.033569,-0.060486
28.7410,0.714233,-0.696472,0.033569,-0.060486
28.7530,0.714294,-0.696411,0.033508,-0.060486
28.7650,0.714478,-0.696289,0.033508,-0.060486
28.7740,0.714600,-0.696106,0.033508,-0.060547
28.7820,0.714722,-0.695984,0.033569,-0.060608
28.7940,0.714844,-0.695862,0.033569,-0.060608
28.8020,0.714905,-0.695740,0.033569,-0.060547
28.8140,0.715027,-0.695679,0.033691,-0.060425
28.8230,0.715149,-0.695557,0.033875,-0.060242
28.8320,0.715393,-0.695312,0.034058,-0.059937
28.8430,0.715698,-0.695007,0.034241,-0.059631
28.8560,0.716125,-0.694580,0.034363,-0.059265
28.8640,0.716614,-0.694092,0.034485,-0.058960
28.8710,0.717285,-0.693481,0.034546,-0.058655
28.8840,0.718018,-0.692688,0.034668,-0.058411
28.8920,0.719177,-0.691528,0.034668,-0.058167
28.9040,0.720337,-0.690369,0.034607,-0.057922
28.9130,0.721558,-0.689087,0.034485,-0.057800
28.9250,0.722839,-0.687744,0.034180,-0.057861
28.9330,0.724243,-0.686279,0.033752,-0.058105
28.9410,0.726685,-0.683655,0.033020,-0.058472
28.9530,0.729187,-0.681030,0.032288,-0.058838
28.9620,0.732544,-0.677429,0.031372,-0.059143
28.9740,0.736816,-0.672791,0.030090,-0.059387
28.9820,0.741821,-0.667297,0.028625,-0.059509
28.9900,0.747925,-0.660583,0.026672,-0.059570
29.0040,0.753967,-0.653748,0.024719,-0.059631
29.0150,0.760193,-0.646545,0.022583,-0.059631
29.0240,0.766541,-0.639160,0.020325,-0.059509
29.0310,0.772766,-0.631653,0.018005,-0.059265
29.0440,0.778503,-0.624695,0.015625,-0.058655
29.0520,0.784119,-0.617737,0.013306,-0.058105
29.0650,0.789246,-0.611328,0.011047,-0.057312
29.0730,0.793823,-0.605469,0.008911,-0.056396
29.0810,0.798035,-0.600037,0.006897,-0.055420
29.0930,0.802124,-0.594666,0.004822,-0.054260
29.1040,0.806213,-0.589233,0.002747,-0.053162
29.1130,0.811096,-0.582581,0.000549,-0.052002
29.1210,0.816650,-0.574890,-0.001709,-0.050842
29.1340,0.822754,-0.566223,-0.004028,-0.049561
29.1430,0.829407,-0.556519,-0.006409,-0.048279
29.1540,0.835937,-0.546753,-0.008789,-0.046997
29.1620,0.843140,-0.535583,-0.011353,-0.045715
29.1750,0.850464,-0.523987,-0.013977,-0.044434
29.1830,0.857666,-0.512146,-0.016663,-0.043274
29.1910,0.864502,-0.500488,-0.019348,-0.042053
29.2040,0.871216,-0.488709,-0.021973,-0.040894
29.2120,0.877258,-0.477783,-0.024414,-0.039612
29.2230,0.882874,-0.467346,-0.026611,-0.038330
29.2320,0.888123,-0.457275,-0.028625,-0.036987
29.2440,0.893066,-0.447510,-0.030396,-0.035583
29.2520,0.897827,-0.437866,-0.032043,-0.034241
29.2650,0.902344,-0.428467,-0.033447,-0.032959
29.2740,0.906738,-0.419128,-0.034668,-0.031738
29.2810,0.910889,-0.409912,-0.035767,-0.030518
