# Sesion:13 Fecha:2026-03-19 11:26:44 Shots:1 Duracion:25,14s
tSeg,yaw,roll,gx,gy,gz,gmag,lax,lay,laz,lamag,ax,ay,az,temp,mx,my,mz,cs,cg,ca,cm,pitchLat
0.0050,-0.648743,0.673767,0.201965,-0.290527
0.0130,-0.649414,0.673645,0.204590,-0.287354
0.0240,-0.650207,0.673462,0.206848,-0.284485
0.0330,-0.651489,0.673279,0.210266,-0.279419
0.0440,-0.651489,0.673279,0.210266,-0.279419
0.0540,-0.651916,0.673340,0.211548,-0.277283
0.0660,-0.652527,0.673645,0.213196,-0.273743
0.0740,-0.652527,0.673645,0.213196,-0.273743
0.0820,-0.652893,0.673767,0.213623,-0.272339
0.0950,-0.653259,0.673767,0.213867,-0.271240
0.1030,-0.653625,0.673706,0.213989,-0.270325
0.1150,-0.654236,0.673645,0.214233,-0.268799
0.1230,-0.654236,0.673645,0.214233,-0.268799
0.1320,-0.654480,0.673584,0.214417,-0.268188
0.1440,-0.654602,0.673645,0.214722,-0.267578
0.1520,-0.654724,0.673645,0.215027,-0.267090
0.1640,-0.654785,0.673584,0.215454,-0.266663
0.1730,-0.654846,0.673523,0.215942,-0.266296
0.1850,-0.654907,0.673401,0.216492,-0.266113
0.1930,-0.655457,0.672729,0.217407,-0.265747
0.2050,-0.655884,0.672119,0.218201,-0.265503
0.2130,-0.656250,0.671570,0.218933,-0.265442
0.2220,-0.656250,0.671326,0.219360,-0.265686
0.2340,-0.656189,0.671082,0.219666,-0.265991
0.2430,-0.656250,0.670837,0.219910,-0.266357
0.2540,-0.656311,0.670593,0.220093,-0.266785
0.2620,-0.656372,0.670288,0.220215,-0.267151
0.2750,-0.656494,0.670044,0.220215,-0.267395
0.2830,-0.656555,0.669922,0.220154,-0.267639
0.2950,-0.656616,0.669861,0.220093,-0.267822
0.3040,-0.656616,0.669861,0.219910,-0.268005
0.3160,-0.656555,0.669861,0.219666,-0.268250
0.3240,-0.656616,0.669800,0.219299,-0.268555
0.3320,-0.656677,0.669739,0.218994,-0.268860
0.3440,-0.656860,0.669556,0.218628,-0.269226
0.3530,-0.657166,0.669189,0.218262,-0.269531
0.3650,-0.657593,0.668762,0.217957,-0.269836
0.3740,-0.658020,0.668335,0.217834,-0.270020
0.3810,-0.658325,0.667969,0.217773,-0.270081
0.3940,-0.658630,0.667725,0.217712,-0.270081
0.4050,-0.658936,0.667419,0.217773,-0.270020
0.4140,-0.659241,0.667114,0.217896,-0.269897
0.4220,-0.659668,0.666748,0.218079,-0.269775
0.4350,-0.660034,0.666321,0.218445,-0.269531
0.4430,-0.660522,0.665832,0.218933,-0.269165
0.4540,-0.660950,0.665405,0.219543,-0.268738
0.4640,-0.661377,0.664917,0.220276,-0.268188
0.4720,-0.661865,0.664429,0.221069,-0.267578
0.4840,-0.662353,0.663940,0.221863,-0.266907
0.4950,-0.662842,0.663391,0.222656,-0.266235
0.5040,-0.663452,0.662842,0.223450,-0.265625
0.5160,-0.664001,0.662353,0.224121,-0.264893
0.5240,-0.664429,0.661987,0.224854,-0.264160
0.5330,-0.664856,0.661621,0.225586,-0.263367
0.5450,-0.665283,0.661255,0.226257,-0.262512
0.5540,-0.665771,0.660889,0.226929,-0.261719
0.5660,-0.666260,0.660522,0.227478,-0.260803
0.5740,-0.666748,0.660217,0.228027,-0.259888
0.5860,-0.667175,0.660034,0.228516,-0.258972
0.5940,-0.667541,0.659851,0.228882,-0.258057
0.6020,-0.667969,0.659668,0.229065,-0.257263
0.6150,-0.668518,0.659363,0.229187,-0.256531
0.6230,-0.668945,0.659180,0.229187,-0.255920
0.6310,-0.669312,0.658997,0.229187,-0.255371
0.6440,-0.669495,0.658997,0.229004,-0.255066
0.6560,-0.669739,0.658936,0.228760,-0.254944
0.6640,-0.669922,0.658813,0.228394,-0.255005
0.6720,-0.670410,0.658386,0.228027,-0.255249
0.6840,-0.670776,0.657959,0.227661,-0.255615
0.6970,-0.670837,0.657837,0.227295,-0.256042
0.7050,-0.670837,0.657715,0.227051,-0.256592
0.7130,-0.670776,0.657593,0.226929,-0.257080
0.7210,-0.670715,0.657471,0.226929,-0.257568
0.7340,-0.670715,0.657288,0.227051,-0.257996
0.7460,-0.670593,0.657166,0.227295,-0.258362
0.7540,-0.670471,0.657104,0.227600,-0.258667
0.7660,-0.670288,0.656982,0.228027,-0.258911
0.7740,-0.670227,0.656860,0.228455,-0.259155
0.7830,-0.670227,0.656616,0.228760,-0.259399
0.7950,-0.670288,0.656433,0.229004,-0.259705
0.8030,-0.670349,0.656189,0.229065,-0.259949
0.8160,-0.670349,0.656128,0.229065,-0.260193
0.8230,-0.670349,0.656128,0.228882,-0.260315
0.8320,-0.670288,0.656128,0.228760,-0.260437
0.8440,-0.670349,0.656128,0.228516,-0.260498
0.8560,-0.670471,0.656067,0.228271,-0.260559
0.8650,-0.670715,0.655945,0.227966,-0.260559
0.8730,-0.671020,0.655762,0.227600,-0.260559
0.8850,-0.671265,0.655640,0.227295,-0.260559
0.8940,-0.671448,0.655579,0.226990,-0.260498
0.9060,-0.671509,0.655579,0.226624,-0.260498
0.9130,-0.671570,0.655640,0.226257,-0.260620
0.9260,-0.671570,0.655762,0.225830,-0.260742
0.9340,-0.671509,0.655884,0.225403,-0.260986
0.9460,-0.671631,0.655762,0.224915,-0.261353
0.9550,-0.671692,0.655701,0.224426,-0.261841
0.9670,-0.671692,0.655640,0.223938,-0.262329
0.9750,-0.671753,0.655518,0.223450,-0.262878
0.9830,-0.671814,0.655334,0.223022,-0.263489
0.9960,-0.671875,0.655212,0.222534,-0.264099
1.0040,-0.671753,0.655212,0.222107,-0.264771
1.0160,-0.671387,0.655457,0.221680,-0.265381
1.0250,-0.670898,0.655884,0.221375,-0.266052
1.0330,-0.670410,0.656189,0.221008,-0.266663
1.0450,-0.669922,0.656494,0.220764,-0.267395
1.0570,-0.669617,0.656616,0.220459,-0.268066
1.0650,-0.669373,0.656677,0.220276,-0.268677
1.0740,-0.669067,0.656799,0.220154,-0.269226
1.0860,-0.668701,0.656982,0.220154,-0.269592
1.0940,-0.668335,0.657227,0.220215,-0.269836
1.1060,-0.668030,0.657471,0.220398,-0.270020
1.1150,-0.667847,0.657593,0.220581,-0.270081
1.1220,-0.667664,0.657654,0.220825,-0.270081
1.1350,-0.667603,0.657654,0.221069,-0.269958
1.1430,-0.667541,0.657776,0.221375,-0.269836
1.1550,-0.667419,0.657898,0.221619,-0.269531
1.1640,-0.667297,0.657959,0.221924,-0.269226
1.1760,-0.667297,0.658081,0.222229,-0.268799
1.1830,-0.667419,0.658081,0.222534,-0.268311
1.1960,-0.667541,0.658081,0.222839,-0.267700
1.2040,-0.667786,0.657959,0.223145,-0.267090
1.2160,-0.668030,0.657898,0.223328,-0.266418
1.2250,-0.668213,0.657959,0.223511,-0.265747
1.2330,-0.668274,0.658081,0.223633,-0.265076
1.2460,-0.668274,0.658386,0.223633,-0.264526
1.2530,-0.668152,0.658691,0.223389,-0.264221
1.2650,-0.667969,0.659058,0.223083,-0.263977
1.2740,-0.667786,0.659424,0.222595,-0.263977
1.2830,-0.667541,0.659729,0.222046,-0.264160
1.2950,-0.667419,0.659973,0.221497,-0.264465
1.3070,-0.667236,0.660217,0.220947,-0.264771
1.3150,-0.667053,0.660461,0.220520,-0.265076
1.3240,-0.666870,0.660645,0.220154,-0.265320
1.3360,-0.666687,0.660828,0.219910,-0.265503
1.3440,-0.666504,0.661011,0.219727,-0.265625
1.3560,-0.666382,0.661133,0.219666,-0.265686
1.3640,-0.666260,0.661194,0.219666,-0.265747
1.3730,-0.666199,0.661316,0.219727,-0.265686
1.3850,-0.666138,0.661377,0.219788,-0.265625
1.3970,-0.666016,0.661499,0.219849,-0.265625
1.4050,-0.665894,0.661560,0.219910,-0.265625
1.4140,-0.665832,0.661560,0.219971,-0.265625
1.4260,-0.665894,0.661499,0.219971,-0.265686
1.4340,-0.666016,0.661377,0.220032,-0.265747
1.4460,-0.666138,0.661255,0.220093,-0.265686
1.4550,-0.666260,0.661133,0.220154,-0.265625
1.4670,-0.666443,0.660950,0.220154,-0.265564
1.4750,-0.666687,0.660767,0.220154,-0.265442
1.4830,-0.666931,0.660522,0.220154,-0.265320
1.4950,-0.667175,0.660339,0.220154,-0.265198
1.5040,-0.667358,0.660217,0.220154,-0.265015
1.5160,-0.667603,0.660095,0.220215,-0.264893
1.5240,-0.667786,0.659912,0.220215,-0.264709
1.5320,-0.668091,0.659668,0.220276,-0.264587
1.5450,-0.668396,0.659363,0.220337,-0.264526
1.5570,-0.668640,0.659119,0.220398,-0.264343
1.5650,-0.668945,0.658874,0.220459,-0.264221
1.5740,-0.669189,0.658691,0.220581,-0.263977
1.5850,-0.669434,0.658508,0.220703,-0.263794
1.5940,-0.669617,0.658325,0.220764,-0.263611
1.6060,-0.669861,0.658081,0.220886,-0.263489
1.6140,-0.669983,0.657959,0.220947,-0.263428
1.6220,-0.670105,0.657837,0.220947,-0.263367
1.6350,-0.670227,0.657715,0.220947,-0.263428
1.6460,-0.670288,0.657654,0.220825,-0.263550
1.6550,-0.670349,0.657532,0.220764,-0.263672
1.6630,-0.670410,0.657410,0.220642,-0.263977
1.6750,-0.670471,0.657288,0.220520,-0.264282
1.6840,-0.670532,0.657104,0.220337,-0.264648
1.6960,-0.670532,0.656982,0.220276,-0.265015
1.7040,-0.670532,0.656860,0.220154,-0.265381
1.7160,-0.670532,0.656799,0.220154,-0.265625
1.7250,-0.670471,0.656738,0.220215,-0.265869
1.7330,-0.670471,0.656555,0.220337,-0.266113
1.7450,-0.670532,0.656433,0.220459,-0.266235
1.7540,-0.670532,0.656311,0.220642,-0.266357
1.7660,-0.670532,0.656250,0.220825,-0.266418
1.7740,-0.670532,0.656189,0.221008,-0.266479
1.7820,-0.670532,0.656067,0.221130,-0.266479
1.7940,-0.670532,0.656067,0.221252,-0.266479
1.8070,-0.670532,0.656067,0.221313,-0.266418
1.8150,-0.670471,0.656128,0.221375,-0.266357
1.8230,-0.670471,0.656189,0.221375,-0.266296
1.8350,-0.670471,0.656250,0.221375,-0.266174
1.8440,-0.670471,0.656311,0.221313,-0.265991
1.8560,-0.670532,0.656372,0.221191,-0.265930
1.8640,-0.670471,0.656433,0.221069,-0.265869
1.8720,-0.670471,0.656494,0.220886,-0.265808
1.8840,-0.670410,0.656616,0.220703,-0.265808
1.8970,-0.670410,0.656738,0.220459,-0.265808
1.9050,-0.670410,0.656799,0.220154,-0.265869
1.9140,-0.670349,0.656921,0.219849,-0.265991
1.9250,-0.670349,0.656982,0.219543,-0.266113
1.9340,-0.670288,0.657043,0.219299,-0.266235
1.9450,-0.670227,0.657166,0.219116,-0.266357
1.9540,-0.670166,0.657166,0.218994,-0.266479
1.9660,-0.670166,0.657227,0.218933,-0.266541
1.9740,-0.670166,0.657166,0.218933,-0.266541
1.9860,-0.670166,0.657166,0.218933,-0.266541
1.9950,-0.670227,0.657104,0.218872,-0.266602
2.0030,-0.670349,0.656982,0.218872,-0.266602
2.0160,-0.670471,0.656860,0.218811,-0.266663
2.0240,-0.670593,0.656738,0.218811,-0.266724
2.0360,-0.670593,0.656677,0.218689,-0.266785
2.0440,-0.670654,0.656616,0.218628,-0.266907
2.0570,-0.670715,0.656555,0.218506,-0.266968
2.0650,-0.670776,0.656494,0.218445,-0.267029
2.0730,-0.670898,0.656372,0.218445,-0.267090
2.0850,-0.670959,0.656311,0.218445,-0.267090
2.0960,-0.671020,0.656250,0.218384,-0.267090
2.1060,-0.671082,0.656250,0.218384,-0.267029
2.1180,-0.671143,0.656189,0.218384,-0.266968
2.1260,-0.671265,0.656128,0.218323,-0.266907
2.1350,-0.671326,0.656128,0.218262,-0.266907
2.1460,-0.671387,0.656067,0.218201,-0.266846
2.1540,-0.671387,0.656128,0.218079,-0.266785
2.1670,-0.671326,0.656250,0.218018,-0.266663
2.1750,-0.671326,0.656311,0.218018,-0.266602
2.1830,-0.671265,0.656433,0.217957,-0.266479
2.1960,-0.671265,0.656433,0.217957,-0.266418
2.2080,-0.671326,0.656433,0.217896,-0.266418
2.2160,-0.671326,0.656372,0.217834,-0.266418
2.2250,-0.671387,0.656372,0.217834,-0.266418
2.2360,-0.671387,0.656311,0.217834,-0.266418
2.2440,-0.671387,0.656372,0.217834,-0.266479
2.2540,-0.671265,0.656433,0.217773,-0.266541
2.2650,-0.671204,0.656494,0.217773,-0.266602
2.2740,-0.671143,0.656494,0.217834,-0.266663
2.2860,-0.671020,0.656555,0.217834,-0.266724
2.2980,-0.670959,0.656616,0.217896,-0.266785
2.3060,-0.670959,0.656616,0.217896,-0.266785
2.3150,-0.671020,0.656555,0.217957,-0.266724
2.3270,-0.671020,0.656616,0.218018,-0.266663
2.3350,-0.670959,0.656616,0.218140,-0.266602
2.3470,-0.670959,0.656616,0.218201,-0.266479
2.3560,-0.670898,0.656677,0.218201,-0.266479
2.3670,-0.670837,0.656738,0.218262,-0.266479
2.3760,-0.670837,0.656799,0.218262,-0.266479
2.3840,-0.670776,0.656860,0.218262,-0.266479
2.3960,-0.670715,0.656860,0.218201,-0.266541
2.4050,-0.670715,0.656860,0.218140,-0.266541
2.4170,-0.670837,0.656799,0.218018,-0.266602
2.4250,-0.670898,0.656738,0.217896,-0.266602
2.4320,-0.671020,0.656677,0.217773,-0.266602
2.4450,-0.671204,0.656555,0.217590,-0.266663
2.4570,-0.671265,0.656494,0.217468,-0.266724
2.4660,-0.671326,0.656433,0.217346,-0.266785
2.4740,-0.671326,0.656433,0.217285,-0.266907
2.4860,-0.671387,0.656372,0.217163,-0.266968
2.4950,-0.671448,0.656250,0.217102,-0.267090
2.5070,-0.671570,0.656128,0.217102,-0.267151
2.5150,-0.671631,0.656006,0.217163,-0.267212
2.5240,-0.671692,0.655884,0.217224,-0.267334
2.5350,-0.671692,0.655823,0.217346,-0.267395
2.5440,-0.671692,0.655762,0.217468,-0.267395
2.5560,-0.671692,0.655701,0.217590,-0.267456
2.5650,-0.671692,0.655640,0.217712,-0.267517
2.5770,-0.671753,0.655518,0.217773,-0.267639
2.5850,-0.671875,0.655334,0.217773,-0.267761
2.5960,-0.671875,0.655212,0.217773,-0.267944
2.6050,-0.671875,0.655212,0.217712,-0.268127
2.6170,-0.671875,0.655151,0.217651,-0.268311
2.6260,-0.671814,0.655151,0.217651,-0.268494
2.6340,-0.671692,0.655151,0.217651,-0.268677
2.6460,-0.671570,0.655212,0.217651,-0.268799
2.6550,-0.671448,0.655334,0.217712,-0.268860
2.6670,-0.671326,0.655457,0.217773,-0.268799
2.6750,-0.671143,0.655701,0.217896,-0.268677
2.6830,-0.671020,0.655823,0.218018,-0.268555
2.6950,-0.670898,0.655884,0.218140,-0.268433
2.7070,-0.670898,0.655945,0.218201,-0.268250
2.7160,-0.670959,0.656006,0.218201,-0.268127
2.7240,-0.671020,0.655945,0.218140,-0.268066
2.7360,-0.671020,0.656006,0.217957,-0.268066
2.7450,-0.671020,0.656067,0.217773,-0.268005
2.7570,-0.671020,0.656128,0.217590,-0.268005
2.7660,-0.671082,0.656189,0.217407,-0.268005
2.7730,-0.671143,0.656128,0.217224,-0.268066
2.7860,-0.671204,0.656128,0.217041,-0.268066
2.7940,-0.671265,0.656128,0.216858,-0.268005
2.8060,-0.671326,0.656128,0.216736,-0.268005
2.8140,-0.671448,0.656067,0.216675,-0.267944
2.8250,-0.671570,0.655945,0.216614,-0.268005
2.8350,-0.671570,0.655945,0.216614,-0.268005
2.8470,-0.671631,0.655884,0.216553,-0.268005
2.8550,-0.671631,0.655884,0.216553,-0.268005
2.8670,-0.671631,0.655884,0.216614,-0.268066
2.8760,-0.671570,0.655823,0.216675,-0.268127
2.8860,-0.671631,0.655762,0.216675,-0.268250
2.8960,-0.671631,0.655701,0.216675,-0.268372
2.9040,-0.671753,0.655518,0.216675,-0.268555
2.9160,-0.671814,0.655334,0.216614,-0.268799
2.9250,-0.671814,0.655273,0.216614,-0.268982
2.9370,-0.671753,0.655273,0.216553,-0.269165
2.9450,-0.671692,0.655273,0.216553,-0.269348
2.9570,-0.671631,0.655334,0.216492,-0.269470
2.9660,-0.671509,0.655395,0.216492,-0.269592
2.9740,-0.671387,0.655457,0.216492,-0.269714
2.9860,-0.671326,0.655518,0.216553,-0.269775
2.9950,-0.671204,0.655518,0.216614,-0.269836
3.0070,-0.671204,0.655518,0.216675,-0.269897
3.0150,-0.671204,0.655457,0.216736,-0.269958
3.0230,-0.671204,0.655457,0.216797,-0.269958
3.0350,-0.671143,0.655457,0.216858,-0.270020
3.0440,-0.671082,0.655518,0.216858,-0.270020
3.0560,-0.671020,0.655579,0.216919,-0.269958
3.0640,-0.670959,0.655640,0.216919,-0.269958
3.0760,-0.670959,0.655579,0.216919,-0.270020
3.0850,-0.671020,0.655518,0.216980,-0.270081
3.0970,-0.671082,0.655457,0.217041,-0.270081
3.1050,-0.671143,0.655334,0.217163,-0.270142
3.1140,-0.671265,0.655151,0.217285,-0.270142
3.1250,-0.671387,0.654968,0.217468,-0.270142
3.1340,-0.671448,0.654846,0.217590,-0.270142
3.1460,-0.671448,0.654785,0.217712,-0.270142
3.1550,-0.671448,0.654785,0.217896,-0.270081
3.1650,-0.671448,0.654724,0.217957,-0.270142
3.1750,-0.671387,0.654724,0.218079,-0.270264
3.1870,-0.671326,0.654724,0.218201,-0.270325
3.1950,-0.671265,0.654724,0.218323,-0.270325
3.2070,-0.671143,0.654785,0.218445,-0.270386
3.2160,-0.671020,0.654907,0.218506,-0.270325
3.2240,-0.670898,0.655029,0.218567,-0.270264
3.2360,-0.670776,0.655212,0.218628,-0.270081
3.2440,-0.670776,0.655334,0.218628,-0.269836
3.2560,-0.670776,0.655395,0.218567,-0.269592
3.2650,-0.670898,0.655457,0.218567,-0.269348
3.2770,-0.670959,0.655518,0.218445,-0.269104
3.2850,-0.671082,0.655579,0.218323,-0.268799
3.2940,-0.671143,0.655640,0.218262,-0.268494
3.3060,-0.671204,0.655762,0.218201,-0.268188
3.3140,-0.671265,0.655823,0.218079,-0.267883
3.3260,-0.671265,0.655945,0.218018,-0.267578
3.3340,-0.671265,0.656067,0.217896,-0.267334
3.3460,-0.671265,0.656250,0.217773,-0.267151
3.3550,-0.671143,0.656433,0.217712,-0.266907
3.3630,-0.671082,0.656616,0.217651,-0.266785
3.3750,-0.671020,0.656738,0.217529,-0.266663
3.3840,-0.671020,0.656799,0.217468,-0.266602
3.3950,-0.670959,0.656860,0.217529,-0.266479
3.4040,-0.670898,0.656921,0.217529,-0.266479
3.4160,-0.670837,0.656982,0.217529,-0.266479
3.4250,-0.670776,0.657043,0.217529,-0.266479
3.4370,-0.670715,0.657043,0.217529,-0.266663
3.4450,-0.670654,0.657043,0.217529,-0.266846
3.4530,-0.670593,0.656982,0.217468,-0.267090
3.4660,-0.670532,0.656982,0.217529,-0.267395
3.4740,-0.670349,0.656982,0.217529,-0.267639
3.4860,-0.670166,0.657043,0.217651,-0.267883
3.4930,-0.670044,0.657043,0.217773,-0.268127
3.5060,-0.669922,0.657043,0.217957,-0.268433
3.5150,-0.669800,0.656921,0.218079,-0.268677
3.5270,-0.669739,0.656860,0.218323,-0.268921
3.5350,-0.669617,0.656799,0.218567,-0.269104
3.5430,-0.669495,0.656799,0.218872,-0.269226
3.5550,-0.669312,0.656860,0.219177,-0.269226
3.5640,-0.669250,0.656860,0.219421,-0.269226
3.5760,-0.669128,0.656921,0.219727,-0.269165
3.5840,-0.669128,0.656860,0.219910,-0.269043
3.5960,-0.669189,0.656799,0.220093,-0.268921
3.6050,-0.669250,0.656799,0.220154,-0.268738
3.6160,-0.669312,0.656860,0.220154,-0.268494
3.6250,-0.669373,0.656921,0.220093,-0.268250
3.6340,-0.669434,0.656982,0.220032,-0.268005
3.6460,-0.669495,0.657043,0.219910,-0.267822
3.6530,-0.669678,0.656982,0.219727,-0.267639
3.6660,-0.669861,0.656982,0.219543,-0.267395
3.6740,-0.670044,0.656921,0.219421,-0.267212
3.6860,-0.670227,0.656799,0.219360,-0.266968
3.6950,-0.670471,0.656738,0.219299,-0.266724
3.7030,-0.670654,0.656616,0.219299,-0.266418
3.7150,-0.670898,0.656494,0.219421,-0.266113
3.7240,-0.671082,0.656311,0.219482,-0.265869
3.7360,-0.671204,0.656311,0.219666,-0.265564
3.7480,-0.671265,0.656250,0.219788,-0.265381
3.7560,-0.671326,0.656189,0.219910,-0.265259
3.7650,-0.671204,0.656311,0.220032,-0.265137
3.7760,-0.671082,0.656433,0.220154,-0.265137
3.7850,-0.671020,0.656372,0.220215,-0.265198
3.7930,-0.671082,0.656311,0.220337,-0.265320
3.8050,-0.671020,0.656250,0.220398,-0.265442
3.8130,-0.671020,0.656189,0.220520,-0.265564
3.8250,-0.671020,0.656128,0.220642,-0.265625
3.8340,-0.670959,0.656128,0.220825,-0.265625
3.8460,-0.670959,0.656067,0.221008,-0.265564
3.8550,-0.671020,0.656006,0.221130,-0.265503
3.8670,-0.671143,0.655884,0.221252,-0.265381
3.8750,-0.671204,0.655884,0.221375,-0.265259
3.8830,-0.671204,0.655884,0.221497,-0.265015
3.8960,-0.671143,0.656006,0.221558,-0.264709
3.9080,-0.671143,0.656189,0.221558,-0.264404
3.9160,-0.671143,0.656311,0.221558,-0.264038
3.9250,-0.671082,0.656494,0.221558,-0.263672
3.9360,-0.671143,0.656677,0.221497,-0.263184
3.9450,-0.671204,0.656799,0.221436,-0.262756
3.9570,-0.671387,0.656860,0.221313,-0.262268
3.9650,-0.671631,0.656799,0.221252,-0.261841
3.9770,-0.671875,0.656738,0.221130,-0.261414
3.9860,-0.672180,0.656677,0.221008,-0.260986
3.9980,-0.672485,0.656555,0.220886,-0.260620
4.0060,-0.672791,0.656372,0.220764,-0.260315
4.0140,-0.673157,0.656189,0.220581,-0.260071
4.0260,-0.673462,0.656006,0.220459,-0.259766
4.0350,-0.673767,0.655823,0.220398,-0.259583
4.0470,-0.674133,0.655579,0.220337,-0.259338
4.0540,-0.674377,0.655395,0.220398,-0.259033
4.0670,-0.674622,0.655212,0.220520,-0.258728
4.0750,-0.674744,0.655151,0.220642,-0.258362
4.0860,-0.674866,0.655151,0.220886,-0.258057
4.0960,-0.674927,0.655090,0.221069,-0.257751
4.1050,-0.675049,0.655029,0.221252,-0.257507
4.1170,-0.675171,0.654907,0.221436,-0.257263
4.1250,-0.675293,0.654846,0.221619,-0.256958
4.1370,-0.675354,0.654846,0.221802,-0.256653
4.1450,-0.675476,0.654785,0.221924,-0.256348
4.1570,-0.675659,0.654724,0.222107,-0.255981
4.1660,-0.675720,0.654724,0.222290,-0.255554
4.1740,-0.675781,0.654785,0.222473,-0.255127
4.1860,-0.675903,0.654724,0.222656,-0.254700
4.1940,-0.676086,0.654663,0.222900,-0.254211
4.2070,-0.676331,0.654541,0.223022,-0.253784
4.2150,-0.676575,0.654358,0.223206,-0.253357
4.2270,-0.676880,0.654236,0.223389,-0.252869
4.2340,-0.677124,0.654053,0.223572,-0.252380
4.2470,-0.677368,0.653931,0.223755,-0.251892
4.2560,-0.677612,0.653870,0.223938,-0.251404
4.2650,-0.677795,0.653809,0.224121,-0.250916
4.2760,-0.677978,0.653687,0.224304,-0.250366
4.2850,-0.678284,0.653564,0.224426,-0.249817
4.2970,-0.678589,0.653381,0.224609,-0.249207
4.3050,-0.678894,0.653259,0.224854,-0.248535
4.3170,-0.679199,0.653198,0.225098,-0.247742
4.3260,-0.679443,0.653137,0.225403,-0.246887
4.3360,-0.679687,0.653137,0.225769,-0.245972
4.3460,-0.679932,0.653137,0.226135,-0.244995
4.3540,-0.680176,0.653076,0.226501,-0.244019
4.3670,-0.680481,0.653015,0.226868,-0.243042
4.3750,-0.680847,0.652832,0.227234,-0.242126
4.3870,-0.681213,0.652649,0.227539,-0.241333
4.3950,-0.681580,0.652466,0.227905,-0.240540
4.4070,-0.681885,0.652283,0.228149,-0.239807
4.4160,-0.682129,0.652161,0.228394,-0.239197
4.4280,-0.682312,0.652161,0.228638,-0.238586
4.4360,-0.682434,0.652100,0.228821,-0.238037
4.4440,-0.682617,0.652039,0.228943,-0.237610
4.4570,-0.682800,0.651978,0.229126,-0.237183
4.4650,-0.682983,0.651855,0.229248,-0.236755
4.4770,-0.683166,0.651794,0.229370,-0.236389
4.4850,-0.683289,0.651672,0.229553,-0.236023
4.4970,-0.683472,0.651550,0.229736,-0.235657
4.5060,-0.683716,0.651306,0.229980,-0.235413
4.5180,-0.684021,0.651001,0.230225,-0.235168
4.5260,-0.684326,0.650696,0.230408,-0.234924
4.5350,-0.684570,0.650391,0.230713,-0.234741
4.5470,-0.684814,0.650146,0.230896,-0.234619
4.5550,-0.684937,0.649902,0.231201,-0.234497
4.5670,-0.685120,0.649719,0.231445,-0.234375
4.5750,-0.685303,0.649414,0.231689,-0.234314
4.5870,-0.685547,0.649109,0.231995,-0.234253
4.5960,-0.685730,0.648804,0.232300,-0.234131
4.6040,-0.685913,0.648560,0.232666,-0.234009
4.6160,-0.686096,0.648315,0.233032,-0.233765
4.6250,-0.686340,0.648010,0.233398,-0.233521
4.6360,-0.686645,0.647644,0.233826,-0.233215
4.6450,-0.686645,0.647644,0.233826,-0.233215
4.6560,-0.687256,0.647034,0.234619,-0.232422
4.6660,-0.687500,0.646790,0.234985,-0.231934
4.6770,-0.687744,0.646606,0.235291,-0.231445
4.6860,-0.688049,0.646362,0.235596,-0.230896
4.6940,-0.688354,0.646179,0.235779,-0.230286
4.7060,-0.688599,0.646057,0.236023,-0.229675
4.7140,-0.688904,0.645874,0.236206,-0.229065
4.7270,-0.689148,0.645752,0.236389,-0.228455
4.7350,-0.689453,0.645630,0.236633,-0.227783
4.7470,-0.689697,0.645447,0.236816,-0.227173
4.7550,-0.689880,0.645386,0.237061,-0.226563
4.7670,-0.690063,0.645386,0.237244,-0.225891
4.7760,-0.690186,0.645386,0.237488,-0.225220
4.7850,-0.690308,0.645386,0.237793,-0.224609
4.7960,-0.690369,0.645447,0.238037,-0.223938
4.8050,-0.690430,0.645508,0.238281,-0.223206
4.8170,-0.690491,0.645569,0.238647,-0.222534
4.8250,-0.690491,0.645691,0.238953,-0.221863
4.8370,-0.690491,0.645752,0.239319,-0.221130
4.8460,-0.690491,0.645874,0.239746,-0.220459
4.8570,-0.690491,0.645935,0.240173,-0.219788
4.8660,-0.690430,0.645996,0.240662,-0.219116
4.8750,-0.690308,0.646240,0.241211,-0.218384
4.8860,-0.690124,0.646423,0.241760,-0.217712
4.8950,-0.689941,0.646606,0.242371,-0.217041
4.9070,-0.689941,0.646606,0.242371,-0.217041
4.9150,-0.689880,0.646667,0.243469,-0.215881
4.9270,-0.689941,0.646545,0.243958,-0.215393
4.9360,-0.690063,0.646484,0.244385,-0.214966
4.9440,-0.690063,0.646484,0.244385,-0.214966
4.9560,-0.690063,0.646423,0.245300,-0.213989
4.9640,-0.690124,0.646362,0.245789,-0.213440
4.9770,-0.690247,0.646240,0.246216,-0.212952
4.9850,-0.690247,0.646240,0.246216,-0.212952
4.9970,-0.690369,0.646118,0.246643,-0.212402
5.0060,-0.690735,0.645752,0.247375,-0.211365
5.0170,-0.690979,0.645569,0.247681,-0.210876
5.0260,-0.691223,0.645386,0.247986,-0.210327
5.0340,-0.691223,0.645386,0.247986,-0.210327
5.0460,-0.691467,0.645142,0.248230,-0.209839
5.0540,-0.692078,0.644653,0.248474,-0.209045
5.0670,-0.692383,0.644409,0.248474,-0.208862
5.0740,-0.692383,0.644409,0.248474,-0.208862
5.0870,-0.692688,0.644043,0.248596,-0.208801
5.0960,-0.692993,0.643677,0.249023,-0.208374
5.1070,-0.693115,0.643494,0.249451,-0.208069
5.1160,-0.693115,0.643494,0.249451,-0.208069
5.1280,-0.693298,0.643188,0.249939,-0.207642
5.1370,-0.693603,0.642883,0.250488,-0.207214
5.1480,-0.694092,0.642212,0.251648,-0.206177
5.1560,-0.694214,0.641968,0.252258,-0.205627
5.1660,-0.694214,0.641968,0.252258,-0.205627
5.1770,-0.694336,0.641724,0.252869,-0.205139
5.1860,-0.694580,0.641479,0.253296,-0.204773
5.1970,-0.695007,0.640869,0.254028,-0.204285
5.2060,-0.695007,0.640869,0.254028,-0.204285
5.2180,-0.695129,0.640686,0.254333,-0.204163
5.2270,-0.695190,0.640503,0.254578,-0.203979
5.2380,-0.695251,0.640442,0.254822,-0.203796
5.2470,-0.695374,0.640320,0.255005,-0.203552
5.2560,-0.695435,0.640259,0.255310,-0.203247
5.2670,-0.695496,0.640137,0.255615,-0.202942
5.2760,-0.695679,0.639893,0.255920,-0.202515
5.2840,-0.695862,0.639648,0.256348,-0.202148
5.2960,-0.696106,0.639343,0.256897,-0.201721
5.3080,-0.696350,0.638977,0.257385,-0.201294
5.3160,-0.696533,0.638733,0.257996,-0.200806
5.3280,-0.696716,0.638489,0.258545,-0.200195
5.3370,-0.696960,0.638184,0.259155,-0.199646
5.3450,-0.697205,0.637878,0.259705,-0.199036
5.3580,-0.697388,0.637573,0.260315,-0.198425
5.3660,-0.697632,0.637329,0.260864,-0.197754
5.3780,-0.697815,0.637085,0.261353,-0.197021
5.3860,-0.698059,0.636902,0.261841,-0.196289
5.3980,-0.698364,0.636597,0.262268,-0.195557
5.4070,-0.698669,0.636291,0.262634,-0.194885
5.4150,-0.699036,0.635986,0.262939,-0.194214
5.4270,-0.699341,0.635742,0.263184,-0.193604
5.4360,-0.699646,0.635559,0.263367,-0.193054
5.4480,-0.699951,0.635254,0.263550,-0.192505
5.4560,-0.700317,0.634949,0.263733,-0.192078
5.4680,-0.700745,0.634460,0.263855,-0.191711
5.4770,-0.701233,0.633972,0.263977,-0.191345
5.4880,-0.701660,0.633545,0.264160,-0.190979
5.4970,-0.702087,0.633179,0.264404,-0.190613
5.5050,-0.702393,0.632812,0.264648,-0.190186
5.5170,-0.702698,0.632507,0.264954,-0.189697
5.5260,-0.703003,0.632141,0.265259,-0.189270
5.5380,-0.703308,0.631775,0.265686,-0.188782
5.5460,-0.703552,0.631409,0.266113,-0.188354
5.5580,-0.703796,0.631103,0.266541,-0.187927
5.5670,-0.704041,0.630737,0.267029,-0.187561
5.5790,-0.704346,0.630310,0.267456,-0.187256
5.5870,-0.704590,0.629944,0.267883,-0.186951
5.5960,-0.704834,0.629578,0.268250,-0.186768
5.6070,-0.705078,0.629211,0.268494,-0.186584
5.6160,-0.705383,0.628845,0.268738,-0.186462
5.6280,-0.705688,0.628479,0.268860,-0.186401
5.6360,-0.705933,0.628174,0.268921,-0.186340
5.6480,-0.706238,0.627808,0.268921,-0.186340
5.6570,-0.706543,0.627502,0.268921,-0.186401
5.6690,-0.706848,0.627197,0.268921,-0.186401
5.6770,-0.707031,0.626953,0.268982,-0.186340
5.6860,-0.707092,0.626831,0.269104,-0.186218
5.6970,-0.707153,0.626770,0.269348,-0.185974
5.7060,-0.707336,0.626526,0.269531,-0.185791
5.7180,-0.707581,0.626160,0.269836,-0.185608
5.7270,-0.707764,0.625854,0.270203,-0.185425
5.7380,-0.708008,0.625488,0.270569,-0.185242
5.7470,-0.708130,0.625183,0.270996,-0.184998
5.7590,-0.708252,0.624939,0.271423,-0.184814
5.7670,-0.708313,0.624756,0.271851,-0.184570
5.7790,-0.708374,0.624634,0.272217,-0.184326
5.7880,-0.708374,0.624451,0.272644,-0.184082
5.7960,-0.708374,0.624390,0.273071,-0.183777
5.8070,-0.708313,0.624390,0.273560,-0.183411
5.8160,-0.708191,0.624451,0.273987,-0.182922
5.8290,-0.708130,0.624512,0.274475,-0.182373
5.8370,-0.708008,0.624512,0.275024,-0.181702
5.8450,-0.708008,0.624573,0.275574,-0.180969
5.8570,-0.708008,0.624512,0.276062,-0.180176
5.8700,-0.708069,0.624512,0.276611,-0.179199
5.8780,-0.708191,0.624451,0.277039,-0.178162
5.8860,-0.708313,0.624451,0.277466,-0.177124
5.8980,-0.708496,0.624390,0.277893,-0.176025
5.9070,-0.708679,0.624329,0.278137,-0.174988
5.9190,-0.708862,0.624268,0.278381,-0.174072
5.9260,-0.709167,0.624145,0.278442,-0.173279
5.9350,-0.709351,0.624023,0.278503,-0.172546
5.9470,-0.709595,0.623962,0.278503,-0.171936
5.9600,-0.709839,0.623840,0.278442,-0.171448
5.9670,-0.710083,0.623779,0.278320,-0.171082
5.9760,-0.710266,0.623657,0.278137,-0.170837
5.9880,-0.710449,0.623535,0.277954,-0.170654
5.9970,-0.710571,0.623474,0.277893,-0.170532
6.0090,-0.710632,0.623474,0.277893,-0.170349
6.0170,-0.710754,0.623413,0.277893,-0.170349
6.0290,-0.710876,0.623230,0.277893,-0.170410
6.0380,-0.710876,0.623108,0.278015,-0.170654
6.0460,-0.710815,0.622986,0.278198,-0.170959
6.0580,-0.710693,0.622925,0.278442,-0.171387
6.0660,-0.710510,0.622864,0.278687,-0.171814
6.0790,-0.710327,0.622803,0.279053,-0.172302
6.0870,-0.710144,0.622681,0.279541,-0.172852
6.0950,-0.709900,0.622559,0.280029,-0.173279
6.1070,-0.709656,0.622437,0.280640,-0.173706
6.1190,-0.709473,0.622253,0.281372,-0.174011
6.1280,-0.709351,0.622009,0.282043,-0.174255
6.1360,-0.709228,0.621765,0.282837,-0.174316
6.1480,-0.709167,0.621521,0.283569,-0.174255
6.1570,-0.709290,0.621094,0.284241,-0.174255
6.1690,-0.709473,0.620605,0.284851,-0.174255
6.1770,-0.709717,0.620117,0.285339,-0.174255
6.1850,-0.709839,0.619812,0.285767,-0.174133
6.1970,-0.709900,0.619629,0.286011,-0.174072
6.2090,-0.710022,0.619446,0.286194,-0.173889
6.2170,-0.710144,0.619324,0.286194,-0.173767
6.2260,-0.710205,0.619385,0.286133,-0.173523
6.2380,-0.710266,0.619446,0.285889,-0.173340
6.2470,-0.710327,0.619629,0.285645,-0.173035
6.2590,-0.710388,0.619751,0.285339,-0.172791
6.2670,-0.710388,0.619995,0.284973,-0.172546
6.2790,-0.710388,0.620178,0.284607,-0.172302
6.2880,-0.710388,0.620422,0.284363,-0.171997
6.2950,-0.710449,0.620544,0.284119,-0.171753
6.3080,-0.710571,0.620544,0.283936,-0.171448
6.3160,-0.710632,0.620544,0.283875,-0.171143
6.3280,-0.710693,0.620605,0.283813,-0.170776
6.3370,-0.710693,0.620728,0.283813,-0.170410
6.3490,-0.710632,0.620911,0.283752,-0.170105
6.3570,-0.710510,0.621155,0.283691,-0.169922
6.3690,-0.710327,0.621399,0.283508,-0.169861
6.3780,-0.710266,0.621582,0.283264,-0.169983
6.3860,-0.710144,0.621826,0.282959,-0.170227
6.3980,-0.709961,0.622009,0.282593,-0.170654
6.4060,-0.709717,0.622375,0.282227,-0.171082
6.4180,-0.709412,0.622864,0.281799,-0.171509
6.4270,-0.709045,0.623291,0.281311,-0.172058
6.4390,-0.708801,0.623657,0.280762,-0.172607
6.4470,-0.708618,0.623962,0.280212,-0.173279
6.4590,-0.708557,0.624145,0.279602,-0.174011
6.4680,-0.708435,0.624268,0.278992,-0.174805
6.4790,-0.708313,0.624451,0.278320,-0.175720
6.4880,-0.708130,0.624695,0.277649,-0.176697
6.4960,-0.707947,0.624878,0.276917,-0.177856
6.5090,-0.707825,0.625000,0.276123,-0.179077
6.5170,-0.707764,0.625061,0.275269,-0.180481
6.5290,-0.707642,0.625122,0.274414,-0.181946
6.5370,-0.707520,0.625244,0.273499,-0.183411
6.5460,-0.707336,0.625488,0.272522,-0.184875
6.5580,-0.707092,0.625732,0.271606,-0.186279
6.5660,-0.706787,0.626099,0.270691,-0.187622
6.5780,-0.706482,0.626465,0.269836,-0.188782
6.5870,-0.706177,0.626831,0.268982,-0.189880
6.5990,-0.705933,0.627197,0.268127,-0.190857
6.6070,-0.705688,0.627502,0.267334,-0.191711
6.6190,-0.705444,0.627808,0.266602,-0.192566
6.6280,-0.705261,0.628113,0.265869,-0.193359
6.6360,-0.705078,0.628357,0.265198,-0.194092
6.6480,-0.704895,0.628662,0.264526,-0.194763
6.6600,-0.704651,0.629028,0.263916,-0.195435
6.6680,-0.704346,0.629333,0.263428,-0.195984
6.6800,-0.704102,0.629700,0.262939,-0.196533
6.6880,-0.703918,0.629944,0.262451,-0.197021
6.6960,-0.703735,0.630127,0.262085,-0.197571
6.7090,-0.703613,0.630249,0.261719,-0.198059
6.7170,-0.703430,0.630371,0.261353,-0.198608
6.7300,-0.703186,0.630676,0.261047,-0.199158
6.7370,-0.702820,0.630981,0.260803,-0.199707
6.7460,-0.702515,0.631287,0.260437,-0.200317
6.7580,-0.702270,0.631470,0.260071,-0.200989
6.7710,-0.702026,0.631653,0.259705,-0.201721
6.7790,-0.701843,0.631836,0.259338,-0.202393
6.7870,-0.701660,0.631897,0.258972,-0.203125
6.7950,-0.701538,0.631958,0.258545,-0.203857
6.8080,-0.701416,0.632019,0.258179,-0.204590
6.8200,-0.701355,0.632080,0.257751,-0.205383
6.8280,-0.701233,0.632080,0.257385,-0.206177
6.8360,-0.701172,0.632080,0.256958,-0.207031
6.8490,-0.700989,0.632202,0.256470,-0.207825
6.8610,-0.700745,0.632324,0.256042,-0.208740
6.8690,-0.700439,0.632568,0.255554,-0.209595
6.8770,-0.700073,0.632874,0.255005,-0.210449
6.8860,-0.699768,0.633179,0.254456,-0.211365
6.8980,-0.699463,0.633423,0.253906,-0.212280
6.9060,-0.699219,0.633606,0.253296,-0.213196
6.9180,-0.699036,0.633789,0.252625,-0.214111
6.9300,-0.698730,0.634033,0.251953,-0.215027
6.9390,-0.698486,0.634338,0.251282,-0.215881
6.9470,-0.698242,0.634582,0.250549,-0.216797
6.9590,-0.697937,0.634888,0.249817,-0.217712
6.9680,-0.697693,0.635193,0.249023,-0.218567
6.9800,-0.697388,0.635498,0.248169,-0.219482
6.9880,-0.697082,0.635864,0.247253,-0.220459
6.9960,-0.696655,0.636353,0.246399,-0.221375
7.0080,-0.696228,0.636841,0.245544,-0.222290
7.0200,-0.695740,0.637329,0.244812,-0.223145
7.0290,-0.695374,0.637695,0.244141,-0.224060
7.0370,-0.695007,0.638000,0.243591,-0.224854
7.0490,-0.694641,0.638306,0.243164,-0.225586
7.0580,-0.694275,0.638611,0.242798,-0.226257
7.0700,-0.693909,0.638916,0.242615,-0.226807
7.0770,-0.693542,0.639160,0.242371,-0.227356
7.0860,-0.693176,0.639465,0.242188,-0.227905
7.0990,-0.692749,0.639832,0.242126,-0.228394
7.1110,-0.692322,0.640137,0.242065,-0.228821
7.1190,-0.691833,0.640442,0.242004,-0.229309
7.1270,-0.691406,0.640869,0.241882,-0.229736
7.1390,-0.690857,0.641357,0.241760,-0.230164
7.1480,-0.690247,0.641907,0.241577,-0.230530
7.1600,-0.689697,0.642456,0.241272,-0.230835
7.1680,-0.689148,0.643127,0.240967,-0.231201
7.1800,-0.688599,0.643738,0.240479,-0.231567
7.1890,-0.688049,0.644348,0.239868,-0.231995
7.1970,-0.687622,0.644897,0.239136,-0.232544
7.2090,-0.687256,0.645386,0.238342,-0.233093
7.2170,-0.686951,0.645813,0.237488,-0.233704
7.2290,-0.686645,0.646240,0.236633,-0.234253
7.2370,-0.686401,0.646606,0.235901,-0.234741
7.2500,-0.686096,0.647034,0.235168,-0.235229
7.2580,-0.685791,0.647400,0.234558,-0.235596
7.2700,-0.685547,0.647705,0.234009,-0.235962
7.2790,-0.685364,0.647949,0.233582,-0.236328
7.2870,-0.685242,0.648071,0.233215,-0.236755
7.2990,-0.685059,0.648254,0.232910,-0.237122
7.3070,-0.684937,0.648315,0.232666,-0.237610
7.3200,-0.684814,0.648315,0.232422,-0.238098
7.3280,-0.684570,0.648376,0.232300,-0.238647
7.3360,-0.684326,0.648499,0.232178,-0.239197
7.3480,-0.684082,0.648560,0.232056,-0.239868
7.3600,-0.683777,0.648621,0.231873,-0.240662
7.3690,-0.683533,0.648682,0.231750,-0.241455
7.3770,-0.683289,0.648621,0.231567,-0.242371
7.3890,-0.683105,0.648560,0.231323,-0.243286
7.3980,-0.682922,0.648499,0.231140,-0.244141
7.4100,-0.682617,0.648560,0.231018,-0.244995
7.4180,-0.682373,0.648621,0.230896,-0.245728
7.4300,-0.682007,0.648743,0.230835,-0.246460
7.4380,-0.681641,0.648865,0.230713,-0.247192
7.4470,-0.681274,0.649048,0.230591,-0.247925
7.4590,-0.680908,0.649170,0.230408,-0.248657
7.4670,-0.680664,0.649170,0.230225,-0.249451
7.4790,-0.680359,0.649231,0.230042,-0.250244
7.4880,-0.680115,0.649292,0.229797,-0.251038
7.5000,-0.679932,0.649353,0.229553,-0.251770
7.5080,-0.679687,0.649353,0.229309,-0.252502
7.5200,-0.679443,0.649475,0.229004,-0.253235
7.5290,-0.679077,0.649719,0.228699,-0.253906
7.5370,-0.678528,0.650085,0.228333,-0.254639
7.5490,-0.678040,0.650513,0.227905,-0.255310
7.5570,-0.677490,0.650940,0.227417,-0.256042
7.5690,-0.677002,0.651306,0.226929,-0.256836
7.5780,-0.676636,0.651550,0.226440,-0.257629
7.5900,-0.676270,0.651855,0.225891,-0.258362
7.5980,-0.675842,0.652100,0.225464,-0.259155
7.6060,-0.675476,0.652344,0.225037,-0.259827
7.6190,-0.675110,0.652527,0.224670,-0.260559
7.6310,-0.674805,0.652710,0.224365,-0.261353
7.6390,-0.674499,0.652832,0.223999,-0.262146
7.6470,-0.674133,0.652954,0.223755,-0.262878
7.6590,-0.673767,0.653137,0.223511,-0.263672
7.6680,-0.673401,0.653259,0.223328,-0.264404
7.6760,-0.673035,0.653442,0.223145,-0.265137
7.6880,-0.672607,0.653564,0.223022,-0.265930
7.6970,-0.672241,0.653687,0.222900,-0.266602
7.7090,-0.671814,0.653870,0.222839,-0.267273
7.7210,-0.671448,0.654053,0.222839,-0.267883
7.7290,-0.670959,0.654297,0.222839,-0.268433
7.7360,-0.670532,0.654480,0.222839,-0.268982
7.7490,-0.670166,0.654724,0.222839,-0.269470
7.7580,-0.669800,0.654846,0.222900,-0.269897
7.7700,-0.669556,0.654968,0.222900,-0.270203
7.7790,-0.669373,0.655090,0.222961,-0.270386
7.7860,-0.669250,0.655151,0.222961,-0.270386
7.7990,-0.669250,0.655273,0.222961,-0.270264
7.8070,-0.669250,0.655334,0.222961,-0.269958
7.8180,-0.669250,0.655579,0.222961,-0.269470
7.8280,-0.669250,0.655884,0.222900,-0.268860
7.8390,-0.669312,0.656128,0.222778,-0.268127
7.8480,-0.669373,0.656433,0.222534,-0.267334
7.8560,-0.669434,0.656860,0.222290,-0.266418
7.8680,-0.669556,0.657288,0.221924,-0.265381
7.8800,-0.669678,0.657715,0.221497,-0.264282
7.8890,-0.669861,0.658142,0.221008,-0.263123
7.8970,-0.670105,0.658569,0.220459,-0.261963
7.9090,-0.670349,0.658997,0.219788,-0.260803
7.9180,-0.670593,0.659424,0.219116,-0.259705
7.9300,-0.670837,0.659851,0.218384,-0.258667
7.9380,-0.671082,0.660278,0.217651,-0.257629
7.9460,-0.671265,0.660645,0.216919,-0.256653
7.9590,-0.671509,0.660950,0.216248,-0.255798
7.9710,-0.671814,0.661194,0.215576,-0.254944
7.9790,-0.672119,0.661438,0.214905,-0.254150
7.9870,-0.672424,0.661621,0.214294,-0.253357
7.9990,-0.672668,0.661865,0.213745,-0.252502
8.0080,-0.672913,0.662109,0.213196,-0.251648
8.0160,-0.673157,0.662353,0.212646,-0.250732
8.0280,-0.673401,0.662659,0.212097,-0.249878
8.0360,-0.673584,0.662964,0.211548,-0.248962
8.0490,-0.673828,0.663269,0.210938,-0.248047
8.0610,-0.674011,0.663635,0.210205,-0.247192
8.0690,-0.674194,0.664001,0.209412,-0.246399
8.0770,-0.674499,0.664307,0.208557,-0.245544
8.0900,-0.674744,0.664612,0.207642,-0.244690
8.0980,-0.674988,0.664978,0.206665,-0.243896
8.1060,-0.675232,0.665283,0.205688,-0.243103
8.1180,-0.675537,0.665588,0.204712,-0.242310
8.1310,-0.675720,0.665955,0.203796,-0.241577
8.1390,-0.675964,0.666260,0.202881,-0.240906
8.1470,-0.676086,0.666626,0.202026,-0.240234
8.1590,-0.676331,0.666931,0.201172,-0.239502
8.1680,-0.676514,0.667175,0.200378,-0.238831
8.1800,-0.676697,0.667480,0.199707,-0.238098
8.1880,-0.676819,0.667786,0.198975,-0.237366
8.1960,-0.676941,0.668152,0.198303,-0.236633
8.2080,-0.677002,0.668518,0.197632,-0.235901
8.2170,-0.677063,0.668945,0.197021,-0.235107
8.2290,-0.677063,0.669434,0.196472,-0.234314
8.2370,-0.677002,0.669983,0.195862,-0.233398
8.2490,-0.677002,0.670471,0.195190,-0.232483
8.2580,-0.677063,0.670959,0.194336,-0.231567
8.2700,-0.677246,0.671387,0.193420,-0.230591
8.2780,-0.677429,0.671875,0.192383,-0.229431
8.2860,-0.677673,0.672424,0.191040,-0.228210
8.2990,-0.677978,0.673096,0.189514,-0.226807
8.3110,-0.678345,0.673706,0.187805,-0.225220
8.3190,-0.678894,0.674255,0.185791,-0.223572
8.3260,-0.679382,0.674927,0.183716,-0.221680
8.3390,-0.680054,0.675476,0.181458,-0.219849
8.3480,-0.680664,0.676086,0.179199,-0.217957
8.3600,-0.681274,0.676697,0.177002,-0.216064
8.3680,-0.681824,0.677185,0.174927,-0.214233
8.3800,-0.682373,0.677734,0.173035,-0.212524
8.3890,-0.682739,0.678223,0.171448,-0.210876
8.3970,-0.683166,0.678650,0.170044,-0.209412
8.4090,-0.683411,0.679016,0.168945,-0.208069
8.4170,-0.683655,0.679382,0.168213,-0.206909
8.4300,-0.683777,0.679565,0.167786,-0.205994
8.4380,-0.683960,0.679687,0.167603,-0.205383
8.4460,-0.684082,0.679626,0.167725,-0.205017
8.4580,-0.684021,0.679626,0.168152,-0.204895
8.4670,-0.683838,0.679565,0.168762,-0.205078
8.4790,-0.683594,0.679504,0.169617,-0.205444
8.4870,-0.683289,0.679321,0.170593,-0.206116
8.4990,-0.682983,0.679138,0.171631,-0.206970
8.5080,-0.682617,0.678894,0.172729,-0.208008
8.5200,-0.682251,0.678589,0.173828,-0.209290
8.5270,-0.681885,0.678284,0.174927,-0.210693
8.5360,-0.681457,0.677917,0.175903,-0.212219
8.5480,-0.681091,0.677612,0.176819,-0.213867
8.5600,-0.680725,0.677185,0.177612,-0.215576
8.5690,-0.680359,0.676758,0.178345,-0.217346
8.5770,-0.679993,0.676453,0.178955,-0.219116
8.5890,-0.679626,0.676147,0.179504,-0.220764
8.5980,-0.679321,0.675842,0.179993,-0.222351
8.6090,-0.679016,0.675476,0.180420,-0.223877
8.6180,-0.678772,0.675110,0.180908,-0.225342
8.6300,-0.678467,0.674805,0.181458,-0.226746
8.6390,-0.678040,0.674561,0.182068,-0.228149
8.6500,-0.677612,0.674316,0.182800,-0.229614
8.6590,-0.677246,0.673950,0.183594,-0.231140
8.6670,-0.676941,0.673462,0.184509,-0.232666
8.6790,-0.676636,0.672913,0.185486,-0.234314
8.6880,-0.676331,0.672363,0.186523,-0.235901
8.7000,-0.676086,0.671814,0.187622,-0.237549
8.7080,-0.675720,0.671265,0.188782,-0.239136
8.7200,-0.675232,0.670776,0.190063,-0.240784
8.7290,-0.674744,0.670349,0.191406,-0.242371
8.7400,-0.674255,0.669800,0.192932,-0.243896
8.7490,-0.673767,0.669250,0.194458,-0.245544
8.7570,-0.673340,0.668701,0.196106,-0.247070
8.7690,-0.672852,0.668091,0.197754,-0.248535
8.7780,-0.672485,0.667480,0.199402,-0.250000
8.7900,-0.672119,0.666809,0.200928,-0.251404
8.7980,-0.671814,0.666138,0.202393,-0.252808
8.8100,-0.671631,0.665466,0.203735,-0.254150
8.8190,-0.671387,0.664795,0.205017,-0.255493
8.8270,-0.671020,0.664307,0.206238,-0.256714
8.8390,-0.670593,0.663879,0.207520,-0.257935
8.8470,-0.670044,0.663513,0.208801,-0.259094
8.8600,-0.669556,0.663208,0.210144,-0.260315
8.8680,-0.669006,0.662781,0.211426,-0.261536
8.8800,-0.668518,0.662353,0.212769,-0.262817
8.8880,-0.668030,0.661987,0.214111,-0.264038
8.9000,-0.667603,0.661438,0.215576,-0.265259
8.9090,-0.667175,0.660828,0.217041,-0.266602
8.9170,-0.666687,0.660278,0.218628,-0.268005
8.9290,-0.666077,0.659729,0.220276,-0.269409
8.9380,-0.665405,0.659241,0.221924,-0.270874
8.9500,-0.664856,0.658630,0.223450,-0.272400
8.9580,-0.664429,0.657959,0.224854,-0.273926
8.9700,-0.664124,0.657288,0.225952,-0.275391
8.9790,-0.663757,0.656738,0.226929,-0.276855
8.9910,-0.663269,0.656372,0.227722,-0.278198
8.9990,-0.662720,0.656128,0.228394,-0.279480
9.0070,-0.662292,0.655884,0.228943,-0.280762
9.0190,-0.661865,0.655579,0.229370,-0.282043
9.0270,-0.661560,0.655273,0.229675,-0.283142
9.0400,-0.661377,0.654968,0.229919,-0.284119
9.0480,-0.661316,0.654663,0.230042,-0.284912
9.0600,-0.661255,0.654480,0.230042,-0.285461
9.0680,-0.661316,0.654358,0.229980,-0.285767
9.0810,-0.661377,0.654297,0.229736,-0.285889
9.0880,-0.661377,0.654419,0.229492,-0.285767
9.0970,-0.661499,0.654541,0.229004,-0.285583
9.1090,-0.661682,0.654663,0.228455,-0.285278
9.1180,-0.661804,0.654968,0.227844,-0.284912
9.1300,-0.661926,0.655334,0.227112,-0.284363
9.1380,-0.662048,0.655701,0.226379,-0.283752
9.1500,-0.662170,0.656189,0.225586,-0.283020
9.1590,-0.662292,0.656677,0.224731,-0.282227
9.1710,-0.662415,0.657288,0.223877,-0.281250
9.1790,-0.662537,0.657837,0.223022,-0.280273
9.1880,-0.662781,0.658386,0.222046,-0.279236
9.2000,-0.663025,0.658936,0.221130,-0.278015
9.2080,-0.663269,0.659546,0.220093,-0.276672
9.2200,-0.663574,0.660278,0.219055,-0.275146
9.2280,-0.663940,0.661011,0.217834,-0.273376
9.2400,-0.664368,0.661865,0.216492,-0.271484
9.2490,-0.664734,0.662842,0.214966,-0.269348
9.2570,-0.665161,0.663940,0.213257,-0.266968
9.2690,-0.665527,0.665222,0.211304,-0.264343
9.2770,-0.665894,0.666687,0.209229,-0.261536
9.2900,-0.666321,0.668091,0.206909,-0.258545
9.2980,-0.666809,0.669495,0.204590,-0.255554
9.3100,-0.667480,0.670715,0.202148,-0.252502
9.3180,-0.668152,0.671875,0.199829,-0.249451
9.3310,-0.668884,0.672974,0.197571,-0.246399
9.3390,-0.669495,0.674011,0.195557,-0.243408
9.3470,-0.670105,0.674988,0.193726,-0.240540
9.3590,-0.670532,0.675964,0.192200,-0.237793
9.3670,-0.670837,0.676880,0.190979,-0.235229
9.3800,-0.671082,0.677734,0.190063,-0.232788
9.3880,-0.671265,0.678528,0.189392,-0.230530
9.3990,-0.672058,0.678528,0.188477,-0.228943
9.4090,-0.672791,0.678467,0.187866,-0.227417
9.4210,-0.672974,0.678894,0.187744,-0.225708
9.4290,-0.673157,0.679199,0.187683,-0.224243
9.4370,-0.673340,0.679443,0.187683,-0.222961
9.4500,-0.673462,0.679687,0.187805,-0.221802
9.4580,-0.673584,0.679871,0.187866,-0.220886
9.4700,-0.673584,0.680054,0.187866,-0.220154
9.4780,-0.673584,0.680237,0.187866,-0.219666
9.4900,-0.673523,0.680420,0.187805,-0.219299
9.4990,-0.673401,0.680603,0.187805,-0.219177
9.5110,-0.673279,0.680786,0.187744,-0.219116
9.5190,-0.673096,0.680908,0.187622,-0.219238
9.5270,-0.673035,0.680969,0.187439,-0.219543
9.5390,-0.672913,0.680969,0.187317,-0.219971
9.5480,-0.672729,0.680969,0.187256,-0.220459
9.5600,-0.672668,0.680908,0.187195,-0.221008
9.5680,-0.672729,0.680603,0.187195,-0.221741
9.5800,-0.672668,0.680359,0.187195,-0.222717
9.5890,-0.672546,0.680054,0.187378,-0.223816
9.5970,-0.672302,0.679810,0.187683,-0.225037
9.6090,-0.671936,0.679626,0.188049,-0.226440
9.6180,-0.671753,0.679077,0.188538,-0.227966
9.6300,-0.671570,0.678589,0.189148,-0.229614
9.6380,-0.671326,0.678040,0.189880,-0.231323
9.6500,-0.671020,0.677551,0.190613,-0.233093
9.6580,-0.670532,0.677185,0.191467,-0.234802
9.6700,-0.670044,0.676758,0.192383,-0.236572
9.6790,-0.669617,0.676331,0.193298,-0.238403
9.6870,-0.669189,0.675781,0.194214,-0.240295
9.6990,-0.668823,0.675171,0.195190,-0.242249
9.7070,-0.668457,0.674561,0.196106,-0.244324
9.7200,-0.668030,0.673889,0.197083,-0.246399
9.7280,-0.667664,0.673279,0.197998,-0.248535
9.7400,-0.667236,0.672607,0.198914,-0.250549
9.7480,-0.667236,0.672607,0.198914,-0.250549
9.7610,-0.666443,0.671387,0.200745,-0.254517
9.7690,-0.666016,0.670898,0.201660,-0.256348
9.7770,-0.665527,0.670410,0.202576,-0.258118
9.7890,-0.665039,0.669983,0.203491,-0.259766
9.7980,-0.664551,0.669556,0.204468,-0.261230
9.8100,-0.664124,0.669128,0.205383,-0.262756
9.8180,-0.663818,0.668579,0.206299,-0.264160
9.8300,-0.663513,0.667969,0.207214,-0.265625
9.8390,-0.663208,0.667480,0.208252,-0.267029
9.8510,-0.662903,0.666870,0.209290,-0.268433
9.8590,-0.662537,0.666321,0.210449,-0.269897
9.8700,-0.662170,0.665649,0.211609,-0.271423
9.8790,-0.661804,0.664978,0.212891,-0.272949
9.8880,-0.661438,0.664307,0.214111,-0.274475
9.9000,-0.661438,0.664307,0.214111,-0.274475
9.9070,-0.660828,0.662964,0.216553,-0.277405
9.9200,-0.660461,0.662353,0.217651,-0.278687
9.9290,-0.660156,0.661804,0.218628,-0.279907
9.9410,-0.660156,0.661804,0.218628,-0.279907
9.9490,-0.659851,0.661377,0.219482,-0.281006
9.9610,-0.659546,0.661011,0.220215,-0.282043
9.9690,-0.659058,0.660339,0.221313,-0.283997
9.9780,-0.658813,0.659973,0.221741,-0.285034
9.9900,-0.658813,0.659973,0.221741,-0.285034
9.9980,-0.658569,0.659607,0.222168,-0.286194
10.0100,-0.658142,0.658691,0.222839,-0.288696
10.0190,-0.657898,0.658264,0.223083,-0.290039
10.0310,-0.657898,0.658264,0.223083,-0.290039
10.0390,-0.657593,0.657898,0.223389,-0.291260
10.0510,-0.656799,0.657410,0.223999,-0.293640
10.0600,-0.656433,0.657227,0.224304,-0.294739
10.0680,-0.656433,0.657227,0.224304,-0.294739
10.0800,-0.656006,0.657043,0.224609,-0.295776
10.0890,-0.655701,0.656860,0.224915,-0.296692
10.1000,-0.655090,0.656555,0.225586,-0.298157
10.1090,-0.655090,0.656555,0.225586,-0.298157
10.1210,-0.654846,0.656372,0.225891,-0.298767
10.1300,-0.654846,0.656189,0.226074,-0.299194
10.1410,-0.654846,0.655945,0.226013,-0.299622
10.1500,-0.654846,0.655945,0.226013,-0.299622
10.1580,-0.654846,0.656067,0.225891,-0.299622
10.1700,-0.654663,0.656433,0.225586,-0.299377
10.1780,-0.654480,0.657288,0.224609,-0.298706
10.1910,-0.654541,0.657654,0.223999,-0.298157
10.1990,-0.654541,0.657654,0.223999,-0.298157
10.2110,-0.654724,0.658020,0.223267,-0.297546
10.2200,-0.654907,0.658386,0.222534,-0.296753
10.2320,-0.655151,0.658874,0.221741,-0.295837
10.2400,-0.655395,0.659363,0.221008,-0.294800
10.2480,-0.655640,0.659851,0.220215,-0.293640
10.2600,-0.656006,0.660278,0.219421,-0.292480
10.2690,-0.656372,0.660706,0.218628,-0.291199
10.2810,-0.657288,0.661499,0.216919,-0.288635
10.2890,-0.657288,0.661499,0.216919,-0.288635
10.3010,-0.657776,0.661926,0.216064,-0.287292
10.3100,-0.658142,0.662415,0.215271,-0.285828
10.3210,-0.658508,0.662964,0.214417,-0.284363
10.3300,-0.658813,0.663635,0.213623,-0.282776
10.3380,-0.659119,0.664246,0.212830,-0.281128
10.3500,-0.659546,0.664795,0.211975,-0.279358
10.3570,-0.660034,0.665405,0.211121,-0.277527
10.3710,-0.660583,0.665894,0.210205,-0.275635
10.3790,-0.661133,0.666504,0.209229,-0.273682
10.3910,-0.661682,0.667114,0.208252,-0.271667
10.4000,-0.662170,0.667725,0.207275,-0.269714
10.4080,-0.662659,0.668396,0.206238,-0.267700
10.4200,-0.663086,0.669006,0.205200,-0.265808
10.4290,-0.663574,0.669617,0.204102,-0.263855
10.4410,-0.664001,0.670227,0.203064,-0.261963
10.4490,-0.664490,0.670776,0.201965,-0.260132
10.4610,-0.665039,0.671265,0.200867,-0.258362
10.4690,-0.665588,0.671692,0.199768,-0.256714
10.4810,-0.666138,0.672058,0.198730,-0.255127
10.4900,-0.666809,0.672302,0.197632,-0.253662
10.4970,-0.667480,0.672424,0.196533,-0.252319
10.5100,-0.668152,0.672546,0.195435,-0.251038
10.5180,-0.668823,0.672668,0.194397,-0.249756
10.5310,-0.669373,0.672852,0.193359,-0.248535
10.5390,-0.669861,0.673157,0.192383,-0.247253
10.5510,-0.670349,0.673462,0.191345,-0.245911
10.5600,-0.670776,0.673828,0.190247,-0.244568
10.5720,-0.671326,0.674133,0.189026,-0.243164
10.5790,-0.671936,0.674499,0.187744,-0.241577
10.5920,-0.672424,0.674927,0.186279,-0.239929
10.6010,-0.672852,0.675598,0.184753,-0.238098
10.6090,-0.673279,0.676331,0.183166,-0.236206
10.6210,-0.673584,0.677124,0.181458,-0.234131
10.6290,-0.673950,0.677978,0.179688,-0.232056
10.6410,-0.674316,0.678772,0.177917,-0.229980
10.6490,-0.674683,0.679504,0.176270,-0.227966
10.6620,-0.675049,0.680237,0.174683,-0.226013
10.6700,-0.675232,0.680969,0.173340,-0.224243
10.6820,-0.675293,0.681702,0.172302,-0.222656
10.6910,-0.675293,0.682312,0.171448,-0.221436
10.6990,-0.675232,0.682800,0.170959,-0.220459
10.7110,-0.675110,0.683166,0.170776,-0.219910
10.7200,-0.674927,0.683350,0.170898,-0.219727
10.7310,-0.674744,0.683411,0.171326,-0.219849
10.7400,-0.675415,0.682373,0.171631,-0.220825
10.7480,-0.675049,0.682190,0.172607,-0.221558
10.7590,-0.674622,0.681946,0.173767,-0.222656
10.7720,-0.674194,0.681641,0.175049,-0.224060
10.7810,-0.673706,0.681213,0.176453,-0.225647
10.7930,-0.673279,0.680725,0.177856,-0.227417
10.8000,-0.672729,0.680176,0.179321,-0.229431
10.8090,-0.672119,0.679687,0.180725,-0.231506
10.8210,-0.671509,0.679199,0.182129,-0.233704
10.8300,-0.670898,0.678589,0.183411,-0.236023
10.8420,-0.670349,0.677978,0.184692,-0.238403
10.8500,-0.669861,0.677246,0.185913,-0.240906
10.8590,-0.669373,0.676514,0.187012,-0.243530
10.8710,-0.668884,0.675720,0.188110,-0.246155
10.8790,-0.668335,0.674988,0.189270,-0.248779
10.8910,-0.667847,0.674194,0.190308,-0.251465
10.9000,-0.667358,0.673401,0.191406,-0.254089
10.9120,-0.666870,0.672607,0.192505,-0.256653
10.9200,-0.666321,0.671814,0.193665,-0.259155
10.9320,-0.665771,0.671082,0.194824,-0.261597
10.9400,-0.665283,0.670288,0.196045,-0.263916
10.9490,-0.664734,0.669556,0.197266,-0.266296
10.9610,-0.664185,0.668762,0.198547,-0.268677
10.9690,-0.663696,0.667908,0.199768,-0.271057
10.9810,-0.663269,0.667053,0.200928,-0.273376
10.9890,-0.662903,0.666138,0.202026,-0.275757
11.0020,-0.662537,0.665283,0.203003,-0.278015
11.0090,-0.662048,0.664551,0.203979,-0.280151
11.0220,-0.661499,0.663940,0.204834,-0.282166
11.0310,-0.660889,0.663452,0.205688,-0.284180
11.0430,-0.660339,0.662903,0.206482,-0.286072
11.0500,-0.659851,0.662353,0.207275,-0.288025
11.0590,-0.659363,0.661804,0.208008,-0.289917
11.0720,-0.658874,0.661194,0.208679,-0.291809
11.0800,-0.658386,0.660706,0.209412,-0.293579
11.0920,-0.657898,0.660217,0.210083,-0.295227
11.1000,-0.657410,0.659790,0.210754,-0.296753
11.1080,-0.656982,0.659363,0.211426,-0.298218
11.1210,-0.656494,0.659058,0.212036,-0.299500
11.1320,-0.656067,0.658752,0.212646,-0.300659
11.1410,-0.655701,0.658508,0.213196,-0.301697
11.1490,-0.655334,0.658203,0.213745,-0.302612
11.1600,-0.655090,0.657898,0.214294,-0.303467
11.1700,-0.654785,0.657654,0.214905,-0.304260
11.1820,-0.654480,0.657288,0.215576,-0.305115
11.1890,-0.654297,0.656860,0.216187,-0.306091
11.1980,-0.654053,0.656433,0.216858,-0.307129
11.2100,-0.653748,0.656006,0.217468,-0.308167
11.2230,-0.653442,0.655640,0.218079,-0.309143
11.2310,-0.653137,0.655273,0.218689,-0.310120
11.2400,-0.652832,0.654968,0.219177,-0.311035
11.2510,-0.652588,0.654785,0.219666,-0.311829
11.2600,-0.652344,0.654541,0.220032,-0.312439
11.2710,-0.652161,0.654419,0.220276,-0.312927
11.2810,-0.651978,0.654419,0.220459,-0.313232
11.2920,-0.651794,0.654480,0.220520,-0.313354
11.3010,-0.651672,0.654602,0.220398,-0.313293
11.3090,-0.651672,0.654846,0.220276,-0.313049
11.3210,-0.651550,0.655273,0.220032,-0.312561
11.3330,-0.651489,0.655762,0.219727,-0.311890
11.3420,-0.651611,0.656189,0.219238,-0.311096
11.3500,-0.651733,0.656677,0.218689,-0.310059
11.3580,-0.651916,0.657349,0.218079,-0.308777
11.3700,-0.652161,0.658020,0.217346,-0.307312
11.3820,-0.652527,0.658813,0.216431,-0.305603
11.3910,-0.652954,0.659607,0.215393,-0.303589
11.3990,-0.653503,0.660461,0.214111,-0.301453
11.4110,-0.654175,0.661377,0.212646,-0.299072
11.4230,-0.654907,0.662353,0.210938,-0.296509
11.4320,-0.655640,0.663391,0.209167,-0.293823
11.4400,-0.656372,0.664490,0.207275,-0.290955
11.4480,-0.657043,0.665649,0.205383,-0.288025
11.4610,-0.657776,0.666870,0.203491,-0.285034
11.4720,-0.658508,0.667969,0.201599,-0.282104
11.4810,-0.659241,0.668945,0.199829,-0.279236
11.4930,-0.660034,0.669861,0.198120,-0.276428
11.5010,-0.660767,0.670654,0.196655,-0.273804
11.5100,-0.661438,0.671387,0.195435,-0.271301
11.5220,-0.661987,0.672058,0.194397,-0.268921
11.5300,-0.662476,0.672668,0.193542,-0.266785
11.5420,-0.663696,0.672363,0.192383,-0.265381
11.5500,-0.664795,0.672119,0.191406,-0.264038
11.5580,-0.665100,0.672485,0.190979,-0.262451
11.5700,-0.665405,0.672852,0.190674,-0.261047
11.5820,-0.665649,0.673218,0.190369,-0.259827
11.5920,-0.665771,0.673523,0.190186,-0.258728
11.6000,-0.665894,0.673828,0.190002,-0.257813
11.6080,-0.666138,0.673950,0.189697,-0.257080
11.6200,-0.666382,0.674011,0.189392,-0.256409
11.6320,-0.666626,0.674133,0.189026,-0.255798
11.6410,-0.666870,0.674255,0.188599,-0.255188
11.6490,-0.667114,0.674377,0.188049,-0.254578
11.6610,-0.667297,0.674622,0.187439,-0.253967
11.6730,-0.667419,0.674866,0.186707,-0.253357
11.6820,-0.667541,0.675232,0.185913,-0.252625
11.6900,-0.667725,0.675659,0.184998,-0.251831
11.7020,-0.667969,0.676086,0.183899,-0.250916
11.7100,-0.668274,0.676453,0.182678,-0.249878
11.7220,-0.668579,0.676880,0.181396,-0.248718
11.7310,-0.669006,0.677368,0.179993,-0.247437
11.7430,-0.669434,0.677856,0.178528,-0.245972
11.7510,-0.669800,0.678406,0.177124,-0.244446
11.7600,-0.670227,0.679016,0.175720,-0.242737
11.7720,-0.670532,0.679626,0.174377,-0.241028
11.7800,-0.670776,0.680298,0.173157,-0.239319
11.7920,-0.671082,0.680847,0.172058,-0.237732
11.8000,-0.671387,0.681274,0.171143,-0.236267
11.8120,-0.671753,0.681519,0.170349,-0.235046
11.8210,-0.671936,0.681824,0.169861,-0.234070
11.8330,-0.671997,0.682068,0.169617,-0.233337
11.8410,-0.671936,0.682251,0.169617,-0.232910
11.8490,-0.671753,0.682434,0.169861,-0.232788
11.8620,-0.671509,0.682495,0.170288,-0.233032
11.8700,-0.671082,0.682556,0.171021,-0.233582
11.8820,-0.671631,0.681396,0.171509,-0.234924
11.8900,-0.671082,0.681274,0.172607,-0.236084
11.9020,-0.670532,0.681030,0.173828,-0.237488
11.9110,-0.669922,0.680725,0.175171,-0.239136
11.9230,-0.669373,0.680237,0.176575,-0.240906
11.9310,-0.668823,0.679749,0.177917,-0.242859
11.9430,-0.668335,0.679138,0.179321,-0.244934
11.9520,-0.667725,0.678528,0.180603,-0.247070
11.9600,-0.667114,0.678040,0.181946,-0.249329
11.9730,-0.666382,0.677551,0.183228,-0.251587
11.9810,-0.665588,0.677124,0.184448,-0.253967
11.9920,-0.664856,0.676636,0.185608,-0.256348
12.0010,-0.664185,0.676025,0.186646,-0.258789
12.0090,-0.663635,0.675354,0.187683,-0.261292
12.0220,-0.663086,0.674683,0.188660,-0.263733
12.0300,-0.662537,0.674011,0.189575,-0.266113
12.0420,-0.662048,0.673340,0.190430,-0.268372
12.0500,-0.661560,0.672729,0.191284,-0.270630
12.0620,-0.661072,0.672058,0.192139,-0.272766
12.0710,-0.660583,0.671448,0.192993,-0.274841
12.0830,-0.660095,0.670776,0.193970,-0.276978
12.0910,-0.659668,0.669983,0.194946,-0.279114
12.1000,-0.659241,0.669250,0.195984,-0.281250
12.1110,-0.658813,0.668518,0.197083,-0.283325
12.1200,-0.658325,0.667786,0.198120,-0.285339
12.1320,-0.657898,0.667053,0.199219,-0.287231
12.1400,-0.657410,0.666443,0.200256,-0.289001
12.1520,-0.656860,0.665955,0.201233,-0.290649
12.1610,-0.656372,0.665527,0.202209,-0.292236
12.1730,-0.655884,0.665100,0.203064,-0.293640
12.1820,-0.655395,0.664673,0.203979,-0.295044
12.1930,-0.654907,0.664307,0.204834,-0.296387
12.2020,-0.654297,0.664001,0.205811,-0.297729
12.2100,-0.653687,0.663696,0.206909,-0.299011
12.2220,-0.653076,0.663330,0.207947,-0.300476
12.2310,-0.652588,0.662781,0.209045,-0.301941
12.2430,-0.652283,0.662048,0.210022,-0.303589
12.2510,-0.651916,0.661316,0.211060,-0.305176
12.2590,-0.651550,0.660706,0.211975,-0.306641
12.2720,-0.651062,0.660156,0.212891,-0.308105
12.2840,-0.650574,0.659729,0.213684,-0.309509
12.2920,-0.650024,0.659424,0.214417,-0.310913
12.3000,-0.649475,0.658997,0.215149,-0.312378
12.3130,-0.648804,0.658752,0.215881,-0.313843
12.3210,-0.648193,0.658386,0.216553,-0.315369
12.3330,-0.647583,0.658020,0.217224,-0.316956
12.3410,-0.646973,0.657593,0.217896,-0.318542
12.3490,-0.646423,0.657227,0.218567,-0.320068
12.3610,-0.645874,0.656860,0.219177,-0.321411
12.3730,-0.645325,0.656616,0.219788,-0.322632
12.3820,-0.644897,0.656372,0.220337,-0.323608
12.3910,-0.644531,0.656189,0.220764,-0.324463
12.4020,-0.644165,0.656128,0.221069,-0.325073
12.4110,-0.643860,0.656128,0.221313,-0.325439
12.4230,-0.643677,0.656250,0.221375,-0.325623
12.4310,-0.643372,0.656616,0.221436,-0.325500
12.4430,-0.643127,0.656982,0.221313,-0.325256
12.4510,-0.643005,0.657349,0.221069,-0.324829
12.4600,-0.643005,0.657715,0.220703,-0.324402
12.4720,-0.643188,0.658020,0.220276,-0.323730
12.4800,-0.643372,0.658386,0.219727,-0.322998
12.4930,-0.643616,0.658752,0.219177,-0.322083
12.5000,-0.643860,0.659241,0.218628,-0.321045
12.5090,-0.644165,0.659668,0.218079,-0.319885
12.5210,-0.644470,0.660156,0.217468,-0.318665
12.5330,-0.644897,0.660583,0.216858,-0.317322
12.5420,-0.645325,0.661011,0.216309,-0.315979
12.5500,-0.645813,0.661438,0.215759,-0.314514
12.5620,-0.646301,0.661804,0.215271,-0.312988
12.5710,-0.646851,0.662170,0.214905,-0.311340
12.5830,-0.647461,0.662476,0.214539,-0.309631
12.5910,-0.648132,0.662781,0.214172,-0.307861
12.5990,-0.648804,0.663086,0.213867,-0.305969
12.6120,-0.649475,0.663391,0.213501,-0.304016
12.6240,-0.650146,0.663818,0.213074,-0.302063
12.6320,-0.650757,0.664246,0.212646,-0.300049
12.6400,-0.651367,0.664734,0.212097,-0.298096
12.6520,-0.651916,0.665222,0.211487,-0.296143
12.6610,-0.652466,0.665771,0.210876,-0.294250
12.6690,-0.653015,0.666199,0.210144,-0.292541
12.6810,-0.653564,0.666626,0.209412,-0.290833
12.6930,-0.654053,0.667053,0.208679,-0.289185
12.7010,-0.654602,0.667480,0.207947,-0.287659
12.7100,-0.655151,0.667725,0.207214,-0.286194
12.7220,-0.655823,0.667908,0.206543,-0.284851
12.7310,-0.656372,0.668091,0.205811,-0.283630
12.7420,-0.656860,0.668274,0.205200,-0.282471
12.7510,-0.657349,0.668457,0.204712,-0.281433
12.7590,-0.657776,0.668579,0.204224,-0.280518
12.7710,-0.658142,0.668579,0.203857,-0.279724
12.7830,-0.658569,0.668579,0.203491,-0.279053
12.7920,-0.658936,0.668518,0.203186,-0.278564
12.7990,-0.659241,0.668457,0.202942,-0.278198
12.8120,-0.659424,0.668457,0.202759,-0.277893
12.8200,-0.659424,0.668579,0.202759,-0.277588
12.8330,-0.659302,0.668823,0.202759,-0.277283
12.8440,-0.659241,0.669006,0.202881,-0.276917
12.8490,-0.659241,0.669128,0.203003,-0.276550
12.8610,-0.659241,0.669250,0.203064,-0.276062
12.8730,-0.659241,0.669495,0.203186,-0.275452
12.8820,-0.659302,0.669739,0.203308,-0.274780
12.8900,-0.659302,0.669983,0.203308,-0.274109
12.9020,-0.659424,0.670166,0.203308,-0.273376
12.9110,-0.659485,0.670349,0.203247,-0.272705
12.9230,-0.659485,0.670654,0.203186,-0.272095
12.9310,-0.659424,0.670959,0.203125,-0.271545
12.9390,-0.659424,0.671265,0.202942,-0.270996
12.9510,-0.659424,0.671448,0.202759,-0.270447
12.9600,-0.659607,0.671570,0.202576,-0.269958
12.9720,-0.659851,0.671631,0.202332,-0.269409
12.9810,-0.660156,0.671570,0.202087,-0.268921
12.9910,-0.660461,0.671509,0.201904,-0.268494
13.0010,-0.660645,0.671509,0.201782,-0.268066
13.0130,-0.660767,0.671570,0.201660,-0.267761
13.0210,-0.660828,0.671631,0.201599,-0.267639
13.0330,-0.660767,0.671631,0.201538,-0.267700
13.0420,-0.660706,0.671631,0.201477,-0.268005
13.0490,-0.660522,0.671631,0.201416,-0.268494
13.0620,-0.660278,0.671570,0.201477,-0.269165
13.0700,-0.660339,0.671143,0.201416,-0.270142
13.0820,-0.660034,0.671020,0.201538,-0.271057
13.0940,-0.659790,0.670776,0.201782,-0.272156
13.0990,-0.659485,0.670471,0.202087,-0.273254
13.1110,-0.659241,0.670166,0.202454,-0.274353
13.1230,-0.658997,0.669800,0.202881,-0.275513
13.1320,-0.658691,0.669495,0.203430,-0.276611
13.1400,-0.658325,0.669250,0.203979,-0.277649
13.1520,-0.658020,0.669006,0.204468,-0.278687
13.1600,-0.657776,0.668640,0.205017,-0.279663
13.1720,-0.657593,0.668335,0.205505,-0.280579
13.1810,-0.657471,0.667969,0.205872,-0.281372
13.1930,-0.657410,0.667664,0.206177,-0.282104
13.2010,-0.657349,0.667358,0.206421,-0.282776
13.2130,-0.657288,0.667114,0.206604,-0.283386
13.2220,-0.657227,0.666870,0.206665,-0.283875
13.2300,-0.657166,0.666748,0.206604,-0.284363
13.2410,-0.657104,0.666748,0.206482,-0.284790
13.2500,-0.657043,0.666687,0.206238,-0.285095
13.2620,-0.657043,0.666626,0.205872,-0.285400
13.2710,-0.657104,0.666626,0.205444,-0.285706
13.2830,-0.657104,0.666687,0.204956,-0.285889
13.2910,-0.657043,0.666809,0.204468,-0.286072
13.3030,-0.656982,0.666931,0.203857,-0.286316
13.3120,-0.656860,0.667114,0.203308,-0.286560
13.3200,-0.656738,0.667297,0.202759,-0.286865
13.3320,-0.656616,0.667419,0.202332,-0.287170
13.3430,-0.656433,0.667541,0.201965,-0.287537
13.3530,-0.656311,0.667603,0.201782,-0.287903
13.3610,-0.656128,0.667603,0.201721,-0.288269
13.3730,-0.656006,0.667541,0.201843,-0.288574
13.3820,-0.655945,0.667419,0.202148,-0.288818
13.3930,-0.655884,0.667297,0.202576,-0.289062
13.4020,-0.655823,0.667053,0.203064,-0.289368
13.4100,-0.655701,0.666870,0.203613,-0.289612
13.4220,-0.655518,0.666748,0.204285,-0.289795
13.4310,-0.655395,0.666626,0.204956,-0.289917
13.4430,-0.655273,0.666443,0.205627,-0.290161
13.4510,-0.655212,0.666260,0.206116,-0.290344
13.4630,-0.655151,0.666077,0.206543,-0.290527
13.4720,-0.655090,0.666016,0.206848,-0.290710
13.4840,-0.655029,0.665955,0.207092,-0.290771
13.4920,-0.655029,0.665955,0.207275,-0.290771
13.5000,-0.654968,0.665955,0.207336,-0.290710
13.5120,-0.654968,0.666077,0.207336,-0.290588
13.5210,-0.654907,0.666138,0.207214,-0.290405
13.5320,-0.654968,0.666260,0.207031,-0.290222
13.5410,-0.655090,0.666321,0.206787,-0.290039
13.5520,-0.655151,0.666443,0.206543,-0.289795
13.5620,-0.655212,0.666565,0.206360,-0.289551
13.5700,-0.655334,0.666565,0.206116,-0.289368
13.5820,-0.655395,0.666687,0.205872,-0.289124
13.5910,-0.655395,0.666809,0.205750,-0.288940
13.6030,-0.655518,0.666809,0.205627,-0.288818
13.6110,-0.655640,0.666687,0.205505,-0.288818
13.6230,-0.655762,0.666565,0.205444,-0.288879
13.6310,-0.655945,0.666321,0.205322,-0.289124
13.6430,-0.656067,0.666077,0.205322,-0.289429
13.6520,-0.656128,0.665894,0.205383,-0.289795
13.6600,-0.656067,0.665710,0.205505,-0.290161
13.6720,-0.655945,0.665588,0.205750,-0.290588
13.6800,-0.655762,0.665466,0.205994,-0.291077
13.6930,-0.655640,0.665344,0.206299,-0.291504
13.7010,-0.655457,0.665161,0.206604,-0.291931
13.7130,-0.655334,0.665039,0.206909,-0.292297
13.7210,-0.655273,0.664856,0.207214,-0.292603
13.7330,-0.655273,0.664612,0.207520,-0.292969
13.7420,-0.655334,0.664368,0.207703,-0.293274
13.7500,-0.655395,0.664124,0.207825,-0.293640
13.7610,-0.655395,0.663879,0.207886,-0.294067
13.7710,-0.655395,0.663757,0.207886,-0.294434
13.7830,-0.655334,0.663635,0.207825,-0.294861
13.7910,-0.655273,0.663574,0.207703,-0.295288
13.8030,-0.655212,0.663452,0.207520,-0.295654
13.8110,-0.655273,0.663391,0.207275,-0.295959
13.8230,-0.655334,0.663330,0.206970,-0.296204
13.8320,-0.655334,0.663330,0.206787,-0.296265
13.8400,-0.655334,0.663330,0.206604,-0.296265
13.8520,-0.655395,0.663391,0.206482,-0.296204
13.8610,-0.655457,0.663391,0.206421,-0.296082
13.8730,-0.655518,0.663391,0.206421,-0.295959
13.8810,-0.655579,0.663391,0.206421,-0.295776
13.8930,-0.655640,0.663391,0.206482,-0.295654
13.9020,-0.655762,0.663269,0.206421,-0.295654
13.9100,-0.655823,0.663269,0.206482,-0.295654
13.9220,-0.655823,0.663208,0.206482,-0.295654
13.9300,-0.655762,0.663269,0.206604,-0.295654
13.9430,-0.655701,0.663269,0.206787,-0.295593
13.9510,-0.655579,0.663330,0.206970,-0.295532
13.9630,-0.655457,0.663452,0.207153,-0.295471
13.9710,-0.655395,0.663574,0.207336,-0.295288
13.9820,-0.655273,0.663696,0.207581,-0.295105
13.9910,-0.655212,0.663757,0.207703,-0.294922
14.0000,-0.655151,0.663818,0.207886,-0.294800
14.0120,-0.655151,0.663818,0.207947,-0.294739
14.0210,-0.655151,0.663818,0.207947,-0.294739
14.0320,-0.655151,0.663818,0.208008,-0.294739
14.0410,-0.655029,0.663879,0.207947,-0.294800
14.0530,-0.654907,0.664001,0.207886,-0.294861
14.0610,-0.654785,0.664124,0.207764,-0.294983
14.0730,-0.654602,0.664307,0.207642,-0.295105
14.0820,-0.654419,0.664490,0.207520,-0.295166
14.0900,-0.654175,0.664734,0.207397,-0.295227
14.1020,-0.654053,0.664856,0.207275,-0.295288
14.1110,-0.653992,0.664917,0.207153,-0.295410
14.1230,-0.653992,0.664917,0.207031,-0.295532
14.1310,-0.653931,0.664917,0.206970,-0.295654
14.1430,-0.653931,0.664917,0.206848,-0.295715
14.1510,-0.653870,0.664978,0.206848,-0.295776
14.1630,-0.653809,0.665039,0.206848,-0.295776
14.1720,-0.653625,0.665161,0.206909,-0.295776
14.1800,-0.653442,0.665405,0.207031,-0.295715
14.1920,-0.653137,0.665649,0.207214,-0.295593
14.2000,-0.652893,0.665955,0.207397,-0.295471
14.2130,-0.652588,0.666199,0.207581,-0.295288
14.2210,-0.652344,0.666443,0.207703,-0.295166
14.2330,-0.652222,0.666626,0.207825,-0.295105
14.2410,-0.652100,0.666748,0.207947,-0.294983
14.2500,-0.651978,0.666809,0.208069,-0.294922
14.2620,-0.651855,0.666931,0.208191,-0.294861
14.2700,-0.651672,0.667114,0.208374,-0.294800
14.2820,-0.651428,0.667297,0.208557,-0.294739
14.2910,-0.651245,0.667419,0.208740,-0.294739
14.3030,-0.651062,0.667480,0.209045,-0.294800
14.3110,-0.650940,0.667419,0.209351,-0.294983
14.3230,-0.650818,0.667297,0.209717,-0.295166
14.3320,-0.650635,0.667297,0.210144,-0.295410
14.3400,-0.650391,0.667236,0.210693,-0.295593
14.3510,-0.650146,0.667175,0.211304,-0.295776
14.3600,-0.649963,0.667114,0.212036,-0.295898
14.3720,-0.649780,0.667053,0.212769,-0.295898
14.3810,-0.649719,0.666931,0.213501,-0.295898
14.3930,-0.649658,0.666809,0.214233,-0.295715
14.4020,-0.649597,0.666748,0.215027,-0.295410
14.4130,-0.649475,0.666748,0.215759,-0.295044
14.4220,-0.649353,0.666870,0.216431,-0.294617
14.4300,-0.649170,0.666992,0.217041,-0.294189
14.4420,-0.649109,0.667175,0.217529,-0.293701
14.4510,-0.648987,0.667358,0.217896,-0.293335
14.4630,-0.648804,0.667603,0.218140,-0.292908
14.4700,-0.648499,0.667969,0.218262,-0.292603
14.4830,-0.648132,0.668518,0.218262,-0.292236
14.4920,-0.647766,0.668945,0.218140,-0.292053
14.5040,-0.647522,0.669250,0.217957,-0.291992
14.5120,-0.647400,0.669495,0.217651,-0.291992
14.5200,-0.647278,0.669739,0.217285,-0.292114
14.5320,-0.647034,0.669983,0.216980,-0.292175
14.5410,-0.646851,0.670227,0.216675,-0.292236
14.5520,-0.646790,0.670349,0.216370,-0.292419
14.5610,-0.646728,0.670410,0.216187,-0.292541
14.5720,-0.646728,0.670410,0.216003,-0.292725
14.5820,-0.646728,0.670288,0.215942,-0.292908
14.5900,-0.646728,0.670227,0.216003,-0.293091
14.6020,-0.646667,0.670105,0.216248,-0.293274
14.6110,-0.646484,0.670105,0.216614,-0.293396
14.6230,-0.646179,0.670227,0.217041,-0.293518
14.6310,-0.645752,0.670410,0.217468,-0.293701
14.6430,-0.645325,0.670654,0.217834,-0.293823
14.6510,-0.644958,0.670837,0.218201,-0.293945
14.6630,-0.644653,0.670959,0.218445,-0.294189
14.6720,-0.644348,0.671082,0.218628,-0.294373
14.6800,-0.643982,0.671326,0.218811,-0.294434
14.6920,-0.643372,0.671875,0.218933,-0.294495
14.7000,-0.642517,0.672668,0.219055,-0.294434
14.7120,-0.641541,0.673584,0.219116,-0.294434
14.7200,-0.640503,0.674622,0.219177,-0.294434
14.7330,-0.639465,0.675598,0.219238,-0.294312
14.7410,-0.638489,0.676453,0.219421,-0.294250
14.7530,-0.637756,0.677124,0.219543,-0.294250
14.7620,-0.637329,0.677490,0.219666,-0.294250
14.7730,-0.637146,0.677612,0.219727,-0.294373
14.7820,-0.637085,0.677551,0.219727,-0.294495
14.7940,-0.636963,0.677673,0.219727,-0.294495
14.8030,-0.636658,0.678040,0.219666,-0.294373
14.8100,-0.636108,0.678711,0.219666,-0.294067
14.8230,-0.635315,0.679626,0.219666,-0.293579
14.8310,-0.634582,0.680603,0.219543,-0.293030
14.8440,-0.633911,0.681580,0.219299,-0.292541
14.8520,-0.633423,0.682312,0.218933,-0.292053
14.8640,-0.633118,0.682922,0.218506,-0.291626
14.8720,-0.632812,0.683533,0.218018,-0.291321
14.8840,-0.632568,0.683960,0.217468,-0.291138
14.8930,-0.632446,0.684326,0.216797,-0.291077
14.9010,-0.632385,0.684570,0.216125,-0.291199
14.9130,-0.632385,0.684570,0.216125,-0.291199
14.9220,-0.631958,0.685059,0.214844,-0.291809
14.9330,-0.631409,0.685547,0.214417,-0.292297
14.9420,-0.630615,0.686035,0.214111,-0.292847
14.9540,-0.629761,0.686584,0.214050,-0.293518
14.9620,-0.629761,0.686584,0.214050,-0.293518
14.9730,-0.628113,0.687256,0.214355,-0.295349
14.9830,-0.628113,0.687256,0.214355,-0.295349
14.9910,-0.626038,0.688110,0.215454,-0.296875
15.0030,-0.624878,0.688904,0.216064,-0.296997
15.0110,-0.624878,0.688904,0.216064,-0.296997
15.0240,-0.624451,0.689148,0.216492,-0.297119
15.0320,-0.624878,0.688660,0.216309,-0.297424
15.0440,-0.625488,0.688232,0.215698,-0.297668
15.0530,-0.626099,0.687927,0.214844,-0.297791
15.0600,-0.626099,0.687927,0.214844,-0.297791
15.0730,-0.626343,0.688049,0.213806,-0.297668
15.0810,-0.626282,0.689148,0.211853,-0.296631
15.0930,-0.626465,0.689392,0.211243,-0.295959
15.1020,-0.626770,0.689514,0.211121,-0.295227
15.1140,-0.626770,0.689514,0.211121,-0.295227
15.1220,-0.627014,0.689575,0.211426,-0.294312
15.1340,-0.627380,0.689697,0.213501,-0.291870
15.1420,-0.627686,0.689636,0.214722,-0.290405
15.1540,-0.627686,0.689636,0.214722,-0.290405
15.1630,-0.628113,0.689514,0.215759,-0.288879
15.1720,-0.628662,0.689514,0.216492,-0.287231
15.1830,-0.628967,0.690613,0.217163,-0.283386
15.1920,-0.628967,0.690613,0.217163,-0.283386
15.2040,-0.628845,0.691467,0.217285,-0.281433
15.2120,-0.628784,0.692261,0.217346,-0.279602
15.2240,-0.628174,0.694031,0.218079,-0.275818
15.2330,-0.628174,0.694031,0.218079,-0.275818
15.2410,-0.627686,0.694885,0.219116,-0.274109
15.2530,-0.627136,0.695435,0.220459,-0.272949
15.2610,-0.626892,0.695312,0.221741,-0.272644
15.2730,-0.626526,0.694275,0.223755,-0.274658
15.2820,-0.626526,0.694275,0.223755,-0.274658
15.2940,-0.625671,0.694214,0.224304,-0.276306
15.3020,-0.624512,0.694397,0.224548,-0.278137
15.3140,-0.623657,0.694336,0.224670,-0.280212
15.3230,-0.623169,0.693909,0.224670,-0.282288
15.3310,-0.622803,0.693481,0.224731,-0.284119
15.3430,-0.622314,0.693298,0.224976,-0.285461
15.3520,-0.621338,0.693726,0.225403,-0.286133
15.3630,-0.619873,0.694763,0.225891,-0.286316
15.3720,-0.618713,0.695740,0.226196,-0.286377
15.3840,-0.617981,0.696289,0.226257,-0.286499
15.3930,-0.617554,0.696716,0.226074,-0.286560
15.4030,-0.617065,0.697266,0.225891,-0.286438
15.4130,-0.616333,0.698120,0.225708,-0.286072
15.4210,-0.615356,0.699280,0.225647,-0.285400
15.4330,-0.614319,0.700500,0.225647,-0.284668
15.4410,-0.613525,0.701538,0.225586,-0.283813
15.4540,-0.613037,0.702332,0.225525,-0.282898
15.4620,-0.612854,0.702942,0.225525,-0.281921
15.4740,-0.612732,0.703430,0.225586,-0.280823
15.4830,-0.612610,0.703979,0.225769,-0.279541
15.4950,-0.612366,0.704651,0.226135,-0.278137
15.5030,-0.612183,0.705261,0.226624,-0.276611
15.5110,-0.611999,0.705749,0.227112,-0.275146
15.5230,-0.611999,0.706177,0.227722,-0.273743
15.5320,-0.611999,0.706482,0.228333,-0.272339
15.5430,-0.612244,0.706604,0.228882,-0.271057
15.5520,-0.612671,0.706482,0.229370,-0.270020
15.5640,-0.613281,0.706177,0.229736,-0.269104
15.5730,-0.613831,0.705872,0.229980,-0.268311
15.5840,-0.614319,0.705627,0.230225,-0.267639
15.5930,-0.614685,0.705505,0.230408,-0.267090
15.6050,-0.614868,0.705444,0.230591,-0.266541
15.6130,-0.615051,0.705383,0.230835,-0.266113
15.6220,-0.615051,0.705383,0.231140,-0.265869
15.6340,-0.614868,0.705566,0.231567,-0.265503
15.6420,-0.614502,0.705811,0.232178,-0.265198
15.6540,-0.613953,0.706177,0.232910,-0.264893
15.6630,-0.613281,0.706604,0.233643,-0.264587
15.6700,-0.612854,0.706787,0.234436,-0.264404
15.6830,-0.612671,0.706665,0.235291,-0.264282
15.6950,-0.612549,0.706543,0.236328,-0.264221
15.7040,-0.612427,0.706238,0.237488,-0.264099
15.7120,-0.612366,0.705872,0.238708,-0.264160
15.7240,-0.612183,0.705566,0.239807,-0.264404
15.7330,-0.611938,0.705322,0.240479,-0.265076
15.7450,-0.611572,0.705078,0.240601,-0.266235
15.7530,-0.611023,0.705078,0.240173,-0.267944
15.7610,-0.610352,0.705139,0.239380,-0.270142
15.7740,-0.609497,0.705139,0.238403,-0.272827
15.7850,-0.608582,0.705078,0.237427,-0.275818
15.7940,-0.607666,0.704895,0.236755,-0.278992
15.8020,-0.606750,0.704590,0.236572,-0.281799
15.8140,-0.605835,0.704285,0.237061,-0.284241
15.8230,-0.604736,0.703979,0.238098,-0.286255
15.8350,-0.603332,0.704102,0.239746,-0.287720
15.8430,-0.601746,0.704346,0.241516,-0.288818
15.8540,-0.601074,0.704163,0.242493,-0.290039
15.8630,-0.601379,0.703308,0.242249,-0.291565
15.8720,-0.601990,0.702576,0.241272,-0.292847
15.8840,-0.602112,0.702576,0.240601,-0.293091
15.8920,-0.601501,0.703552,0.240967,-0.291870
15.9050,-0.600586,0.704895,0.242371,-0.289246
15.9130,-0.600769,0.705383,0.244324,-0.286133
15.9210,-0.603149,0.703735,0.246216,-0.283325
15.9330,-0.608276,0.699585,0.247864,-0.281372
15.9450,-0.615417,0.693237,0.249390,-0.280212
15.9540,-0.623108,0.686035,0.251221,-0.279114
15.9620,-0.629944,0.679565,0.253723,-0.277466
15.9740,-0.634949,0.674744,0.256775,-0.274841
15.9860,-0.638489,0.671570,0.260132,-0.271484
15.9940,-0.641357,0.668945,0.263184,-0.268005
16.0030,-0.644470,0.666321,0.265625,-0.264954
16.0110,-0.647583,0.663574,0.267395,-0.262329
16.0230,-0.650391,0.661316,0.268677,-0.259827
16.0350,-0.652283,0.660095,0.269531,-0.257202
16.0440,-0.653015,0.660217,0.270081,-0.254272
16.0550,-0.653015,0.661316,0.270264,-0.251343
16.0640,-0.652771,0.662720,0.269958,-0.248718
16.0720,-0.652588,0.664001,0.269043,-0.246765
16.0850,-0.652588,0.664978,0.267639,-0.245422
16.0930,-0.652832,0.665710,0.266113,-0.244629
16.1040,-0.652832,0.666443,0.264526,-0.244202
16.1130,-0.652405,0.667603,0.263184,-0.243713
16.1220,-0.651245,0.669434,0.262268,-0.242981
16.1340,-0.649414,0.671814,0.261719,-0.241882
16.1460,-0.647278,0.674316,0.261536,-0.240601
16.1530,-0.645386,0.676514,0.261658,-0.239380
16.1630,-0.643982,0.678162,0.262024,-0.238159
16.1710,-0.643127,0.679138,0.262573,-0.237061
16.1830,-0.642944,0.679382,0.263306,-0.235962
16.1950,-0.643555,0.678894,0.264160,-0.234924
16.2040,-0.644836,0.677673,0.265076,-0.233887
16.2120,-0.646667,0.675903,0.265991,-0.232849
16.2240,-0.648865,0.673828,0.266907,-0.231750
16.2360,-0.651123,0.671753,0.267822,-0.230408
16.2440,-0.653198,0.669922,0.268738,-0.228760
16.2560,-0.655029,0.668396,0.269653,-0.226807
16.2610,-0.656616,0.667236,0.270569,-0.224670
16.2730,-0.658081,0.666199,0.271362,-0.222473
16.2850,-0.659424,0.665344,0.272156,-0.220154
16.2940,-0.660828,0.664368,0.272827,-0.217957
16.3060,-0.661255,0.663940,0.274170,-0.216187
16.3140,-0.661377,0.663330,0.276001,-0.215576
16.3220,-0.661560,0.662353,0.277649,-0.215637
16.3350,-0.661255,0.661865,0.279358,-0.215881
16.3430,-0.661316,0.660706,0.280945,-0.217285
16.3540,-0.660889,0.659668,0.282837,-0.219116
16.3630,-0.659668,0.659424,0.284851,-0.220947
16.3750,-0.658264,0.659363,0.286682,-0.222961
16.3830,-0.656799,0.659546,0.288086,-0.225037
16.3960,-0.655029,0.660278,0.289124,-0.226807
16.4040,-0.652954,0.661560,0.289734,-0.228088
16.4120,-0.650879,0.663208,0.289917,-0.228943
16.4240,-0.649231,0.664734,0.289734,-0.229492
16.4330,-0.648376,0.665588,0.289246,-0.230042
16.4450,-0.648193,0.665894,0.288574,-0.230530
16.4530,-0.648560,0.665588,0.288025,-0.231018
16.4650,-0.649292,0.664978,0.287659,-0.231262
16.4740,-0.650269,0.664001,0.287598,-0.231445
16.4860,-0.651245,0.662903,0.287842,-0.231445
16.4940,-0.651978,0.661926,0.288513,-0.231323
16.5060,-0.652527,0.661072,0.289429,-0.231140
16.5140,-0.652771,0.660339,0.290588,-0.231140
16.5220,-0.652893,0.659668,0.291748,-0.231201
16.5350,-0.652893,0.659119,0.292847,-0.231384
16.5430,-0.652893,0.658508,0.293884,-0.231812
16.5550,-0.652954,0.657898,0.294800,-0.232178
16.5640,-0.653015,0.657410,0.295532,-0.232483
16.5720,-0.653198,0.656799,0.296265,-0.232666
16.5840,-0.653687,0.656067,0.296875,-0.232727
16.5960,-0.654602,0.654907,0.297424,-0.232788
16.6040,-0.655884,0.653320,0.298035,-0.232788
16.6130,-0.657410,0.651489,0.298645,-0.232727
16.6250,-0.658936,0.649780,0.299316,-0.232483
16.6340,-0.660278,0.648132,0.300171,-0.231934
16.6450,-0.661621,0.646667,0.300964,-0.231323
16.6540,-0.662964,0.645203,0.301697,-0.230591
16.6620,-0.664490,0.643616,0.302246,-0.229919
16.6740,-0.666016,0.642151,0.302612,-0.229065
16.6860,-0.667480,0.640930,0.302856,-0.228027
16.6940,-0.668762,0.639954,0.302979,-0.226807
16.7030,-0.669922,0.639221,0.302979,-0.225342
16.7150,-0.670776,0.638855,0.303040,-0.223755
16.7230,-0.671448,0.638794,0.302917,-0.222046
16.7360,-0.671997,0.638916,0.302734,-0.220337
16.7440,-0.672241,0.639404,0.302490,-0.218445
16.7560,-0.672546,0.639954,0.302185,-0.216370
16.7640,-0.672729,0.640686,0.301575,-0.214478
16.7730,-0.673035,0.641357,0.300842,-0.212708
16.7850,-0.673523,0.641785,0.299988,-0.211060
16.7930,-0.674133,0.642029,0.299133,-0.209534
16.8050,-0.674744,0.642212,0.298340,-0.208069
16.8130,-0.675232,0.642395,0.297729,-0.206665
16.8220,-0.675781,0.642517,0.297119,-0.205444
16.8350,-0.676331,0.642517,0.296570,-0.204407
16.8450,-0.676697,0.642639,0.296082,-0.203491
16.8550,-0.676697,0.643127,0.295654,-0.202576
16.8630,-0.676453,0.643860,0.295227,-0.201660
16.8750,-0.676453,0.644226,0.294739,-0.201294
16.8840,-0.676453,0.644531,0.294250,-0.200989
16.8960,-0.676270,0.644958,0.293884,-0.200806
16.9040,-0.675720,0.645691,0.293762,-0.200500
16.9120,-0.675110,0.646362,0.293884,-0.200317
16.9240,-0.674683,0.646545,0.294434,-0.200195
16.9360,-0.674316,0.646728,0.295044,-0.200073
16.9450,-0.674072,0.646667,0.295776,-0.199951
16.9530,-0.674133,0.646240,0.296631,-0.199829
16.9650,-0.674561,0.645447,0.297485,-0.199707
16.9740,-0.675354,0.644348,0.298218,-0.199463
16.9850,-0.676208,0.643188,0.298950,-0.199219
16.9940,-0.677124,0.642029,0.299561,-0.198914
17.0060,-0.678162,0.640869,0.300049,-0.198486
17.0140,-0.679077,0.639770,0.300476,-0.198059
17.0230,-0.679749,0.639099,0.300903,-0.197388
17.0350,-0.680420,0.638367,0.301331,-0.196777
17.0430,-0.680969,0.637756,0.301758,-0.196045
17.0560,-0.681457,0.637268,0.302246,-0.195312
17.0640,-0.681885,0.636841,0.302734,-0.194580
17.0720,-0.682129,0.636536,0.303345,-0.193787
17.0840,-0.682373,0.636230,0.303894,-0.192932
17.0960,-0.682739,0.635742,0.304504,-0.192261
17.1040,-0.683411,0.634949,0.304993,-0.191772
17.1130,-0.683960,0.634216,0.305420,-0.191528
17.1250,-0.684448,0.633545,0.305786,-0.191406
17.1330,-0.684937,0.632874,0.306152,-0.191223
17.1450,-0.685059,0.632690,0.306335,-0.191284
17.1530,-0.684875,0.632751,0.306458,-0.191467
17.1620,-0.684448,0.633118,0.306519,-0.191650
17.1740,-0.683716,0.633789,0.306458,-0.192017
17.1860,-0.683044,0.634460,0.306458,-0.192322
17.1940,-0.681946,0.635681,0.306213,-0.192627
17.2030,-0.681030,0.636780,0.305847,-0.192993
17.2140,-0.680481,0.637451,0.305237,-0.193604
17.2230,-0.680298,0.637817,0.304382,-0.194336
17.2350,-0.680054,0.638184,0.303589,-0.195068
17.2440,-0.679932,0.638794,0.302368,-0.195496
17.2560,-0.679504,0.639832,0.300964,-0.195740
17.2640,-0.678833,0.641235,0.299316,-0.195862
17.2730,-0.677795,0.643249,0.297363,-0.195862
17.2850,-0.676392,0.645813,0.295105,-0.195740
17.2930,-0.675171,0.648254,0.292480,-0.195984
17.3050,-0.674072,0.650513,0.289612,-0.196411
17.3130,-0.672913,0.652832,0.286804,-0.196960
17.3250,-0.671753,0.654968,0.284119,-0.197449
17.3340,-0.670837,0.656799,0.281616,-0.198120
17.3460,-0.670410,0.657959,0.279297,-0.198975
17.3540,-0.670410,0.658569,0.277222,-0.199951
17.3620,-0.670959,0.658508,0.275269,-0.201050
17.3740,-0.671997,0.657776,0.273438,-0.202332
17.3830,-0.674255,0.655640,0.271729,-0.204224
17.3950,-0.677063,0.652588,0.270447,-0.206299
17.4070,-0.680115,0.648987,0.269714,-0.208557
17.4120,-0.682678,0.645630,0.269714,-0.210571
17.4240,-0.684204,0.643127,0.270508,-0.212219
17.4360,-0.684692,0.641602,0.271973,-0.213562
17.4440,-0.684143,0.641052,0.273682,-0.214783
17.4560,-0.682678,0.641418,0.275208,-0.216248
17.4650,-0.680481,0.642700,0.276306,-0.218079
17.4730,-0.677490,0.644775,0.276917,-0.220337
17.4850,-0.673828,0.647705,0.277039,-0.223022
17.4970,-0.669434,0.651306,0.276794,-0.225830
17.5050,-0.664612,0.655518,0.276245,-0.228577
17.5140,-0.659729,0.659973,0.275452,-0.231018
17.5220,-0.655457,0.663940,0.274231,-0.233154
17.5350,-0.652527,0.666931,0.272583,-0.234802
17.5460,-0.651428,0.668396,0.270630,-0.236023
17.5550,-0.652222,0.668213,0.268433,-0.236633
17.5630,-0.654663,0.666748,0.266357,-0.236389
17.5750,-0.658264,0.664246,0.264648,-0.235352
17.5840,-0.663025,0.660645,0.263184,-0.233826
17.5960,-0.667786,0.656982,0.262146,-0.231750
17.6040,-0.671936,0.653809,0.261475,-0.229309
17.6120,-0.675171,0.651611,0.260925,-0.226868
17.6240,-0.676880,0.650818,0.260315,-0.224670
17.6370,-0.677246,0.651306,0.259644,-0.223022
17.6450,-0.676331,0.652771,0.258972,-0.222290
17.6560,-0.674194,0.655151,0.258484,-0.222351
17.6650,-0.671082,0.658081,0.258179,-0.223450
17.6740,-0.667358,0.661316,0.257935,-0.225342
17.6860,-0.664307,0.663208,0.258301,-0.228333
17.6940,-0.662292,0.663574,0.259521,-0.231750
17.7060,-0.659241,0.664917,0.261780,-0.234070
17.7150,-0.655579,0.666931,0.264343,-0.235535
17.7230,-0.652466,0.668823,0.266357,-0.236694
17.7340,-0.649902,0.670593,0.267456,-0.237427
17.7470,-0.647522,0.672729,0.267578,-0.237732
17.7550,-0.645447,0.675110,0.266846,-0.237610
17.7640,-0.644165,0.676819,0.265808,-0.237305
17.7720,-0.643982,0.677490,0.264954,-0.236816
17.7850,-0.644043,0.677917,0.264709,-0.235840
17.7970,-0.644287,0.678040,0.264832,-0.234497
17.8050,-0.645020,0.677795,0.265076,-0.233093
17.8130,-0.645874,0.677429,0.265320,-0.231384
17.8250,-0.646851,0.677124,0.265503,-0.229370
17.8370,-0.648254,0.676575,0.265381,-0.227234
17.8460,-0.649841,0.675903,0.264954,-0.224854
17.8540,-0.651978,0.674927,0.264465,-0.222412
17.8660,-0.654053,0.674011,0.264099,-0.219543
17.8740,-0.655334,0.674072,0.264099,-0.215576
17.8860,-0.657043,0.673706,0.263672,-0.211792
17.8950,-0.659668,0.672546,0.262695,-0.208618
17.9070,-0.662415,0.671326,0.261169,-0.205688
17.9150,-0.664917,0.670471,0.259216,-0.202942
17.9240,-0.666992,0.670044,0.256897,-0.200439
17.9360,-0.668945,0.669739,0.254272,-0.198364
17.9440,-0.670715,0.669434,0.251648,-0.196716
17.9560,-0.672119,0.669250,0.249329,-0.195435
17.9650,-0.672974,0.669373,0.247498,-0.194519
17.9730,-0.673340,0.669617,0.246155,-0.193909
17.9850,-0.673401,0.669983,0.245300,-0.193542
17.9970,-0.673218,0.670349,0.244873,-0.193481
18.0060,-0.672668,0.670959,0.244873,-0.193237
18.0140,-0.672058,0.671509,0.245300,-0.192932
18.0260,-0.671753,0.671753,0.246033,-0.192444
18.0340,-0.671753,0.671570,0.246887,-0.191711
18.0460,-0.672241,0.671020,0.247925,-0.190674
18.0540,-0.673279,0.669861,0.249023,-0.189575
18.0630,-0.674683,0.668335,0.250244,-0.188293
18.0750,-0.676331,0.666565,0.251648,-0.186890
18.0870,-0.678040,0.664673,0.253296,-0.185425
18.0950,-0.679626,0.662720,0.255066,-0.183960
18.1040,-0.681091,0.660889,0.256836,-0.182861
18.1160,-0.682251,0.659180,0.258484,-0.182068
18.1240,-0.682800,0.658203,0.260010,-0.181580
18.1360,-0.682495,0.657959,0.261536,-0.181335
18.1450,-0.681702,0.658203,0.262817,-0.181580
18.1570,-0.681091,0.658142,0.263611,-0.182861
18.1650,-0.679626,0.658997,0.264343,-0.184326
18.1740,-0.674744,0.663269,0.266357,-0.183960
18.1860,-0.669800,0.667419,0.268860,-0.183655
18.1940,-0.666809,0.669250,0.271057,-0.184265
18.2060,-0.665649,0.669373,0.272827,-0.185547
18.2140,-0.665588,0.668335,0.274353,-0.187073
18.2230,-0.666260,0.666687,0.275818,-0.188538
18.2350,-0.667114,0.664795,0.277405,-0.189880
18.2470,-0.667786,0.663025,0.279297,-0.190979
18.2550,-0.668213,0.661438,0.281372,-0.191895
18.2640,-0.668640,0.659668,0.283752,-0.192871
18.2750,-0.669312,0.657532,0.286255,-0.194214
18.2840,-0.670410,0.654785,0.288696,-0.196167
18.2950,-0.671631,0.651794,0.290894,-0.198608
18.3040,-0.672241,0.649536,0.292786,-0.201111
18.3130,-0.671387,0.649170,0.294434,-0.202942
18.3250,-0.669617,0.649963,0.295532,-0.204590
18.3370,-0.667603,0.651245,0.296082,-0.206238
18.3450,-0.665832,0.652527,0.295959,-0.208069
18.3540,-0.664612,0.653381,0.295288,-0.210266
18.3660,-0.664062,0.653625,0.294189,-0.212769
18.3740,-0.664185,0.653320,0.292786,-0.215332
18.3860,-0.665161,0.652039,0.291260,-0.218140
18.3940,-0.667236,0.649536,0.289734,-0.221252
18.4030,-0.669983,0.646118,0.288391,-0.224609
18.4150,-0.672791,0.642517,0.287415,-0.227905
18.4230,-0.674683,0.639709,0.286987,-0.230774
18.4350,-0.675476,0.637939,0.286926,-0.233398
18.4440,-0.675964,0.636291,0.286987,-0.236450
18.4560,-0.676453,0.634155,0.287109,-0.240417
18.4640,-0.676819,0.631470,0.287842,-0.245544
18.4760,-0.677002,0.628113,0.289429,-0.251892
18.4850,-0.676880,0.623779,0.292175,-0.259644
18.4930,-0.676147,0.618835,0.296265,-0.268494
18.5050,-0.674133,0.614136,0.301880,-0.278015
18.5130,-0.670288,0.610352,0.308960,-0.287659
18.5260,-0.664734,0.607666,0.317322,-0.296997
18.5340,-0.657593,0.605774,0.326965,-0.306030
18.5450,-0.649658,0.603882,0.337463,-0.315308
18.5550,-0.641479,0.601257,0.348328,-0.325073
18.5620,-0.633484,0.597351,0.359375,-0.335754
18.5750,-0.625244,0.592651,0.370605,-0.347046
18.5830,-0.616028,0.588074,0.382446,-0.358337
18.5950,-0.605225,0.584228,0.395203,-0.368958
18.6070,-0.593079,0.580872,0.409058,-0.378845
18.6150,-0.579956,0.577393,0.423645,-0.388367
18.6240,-0.566528,0.572998,0.438599,-0.397949
18.6360,-0.553406,0.567200,0.453430,-0.407959
18.6450,-0.541016,0.559631,0.467651,-0.418823
18.6520,-0.529602,0.550293,0.480957,-0.430664
18.6640,-0.518738,0.539734,0.493286,-0.443054
18.6730,-0.508057,0.528625,0.505066,-0.455383
18.6850,-0.497253,0.517456,0.516418,-0.467224
18.6940,-0.486511,0.506287,0.526978,-0.478760
18.7060,-0.476257,0.494934,0.536438,-0.490356
18.7130,-0.466675,0.483154,0.544434,-0.502380
18.7260,-0.457703,0.471069,0.550842,-0.514954
18.7340,-0.449158,0.458984,0.556030,-0.527649
18.7430,-0.440552,0.447632,0.560547,-0.539734
18.7550,-0.431519,0.437561,0.565002,-0.550537
18.7640,-0.422180,0.429138,0.569580,-0.559692
18.7760,-0.418457,0.427979,0.569580,-0.563354
18.7840,-0.409912,0.422180,0.572693,-0.570740
18.7960,-0.402588,0.417114,0.574219,-0.578125
18.8040,-0.396667,0.412659,0.573853,-0.585693
18.8160,-0.392151,0.408875,0.571838,-0.593323
18.8250,-0.395813,0.412598,0.563782,-0.596008
18.8330,-0.393494,0.410461,0.559692,-0.602844
18.8440,-0.391846,0.409241,0.555176,-0.608948
18.8530,-0.390869,0.408691,0.550415,-0.614197
18.8650,-0.390564,0.408447,0.545349,-0.619080
18.8740,-0.397278,0.413757,0.535889,-0.619568
18.8860,-0.398254,0.413513,0.530518,-0.623657
18.8950,-0.399597,0.413208,0.525330,-0.627380
18.9030,-0.401245,0.412720,0.520386,-0.630737
18.9150,-0.403137,0.411987,0.515808,-0.633789
18.9230,-0.410339,0.414978,0.508240,-0.633362
18.9340,-0.412598,0.413635,0.504333,-0.635864
18.9440,-0.414978,0.412109,0.500916,-0.638000
18.9550,-0.417480,0.410339,0.497864,-0.639893
18.9640,-0.420166,0.408264,0.495056,-0.641602
18.9760,-0.429199,0.411377,0.488709,-0.638550
18.9840,-0.430603,0.409302,0.487610,-0.639770
18.9930,-0.431824,0.406555,0.486328,-0.641663
19.0050,-0.432617,0.403564,0.485230,-0.643860
19.0130,-0.432983,0.400574,0.484314,-0.646179
19.0250,-0.438477,0.401733,0.480042,-0.644897
19.0340,-0.438110,0.399231,0.479431,-0.647095
19.0460,-0.437561,0.397278,0.479004,-0.649048
19.0540,-0.436829,0.395874,0.478516,-0.650757
19.0660,-0.436218,0.394958,0.477905,-0.652161
19.0740,-0.441467,0.398621,0.473450,-0.649597
19.0830,-0.441345,0.398437,0.472168,-0.650818
19.0950,-0.441467,0.398376,0.470520,-0.651978
19.1040,-0.441834,0.398376,0.468567,-0.653076
19.1160,-0.442505,0.398376,0.466370,-0.654236
19.1240,-0.449219,0.402466,0.460388,-0.651367
19.1360,-0.450562,0.402344,0.457642,-0.652466
19.1440,-0.452393,0.402100,0.454651,-0.653442
19.1560,-0.454468,0.401855,0.451477,-0.654297
19.1650,-0.456787,0.401489,0.448364,-0.655029
19.1730,-0.464661,0.404907,0.442017,-0.651733
19.1850,-0.467041,0.404480,0.439331,-0.652100
19.1930,-0.469360,0.404114,0.436951,-0.652283
19.2050,-0.471619,0.403809,0.434692,-0.652344
19.2140,-0.473755,0.403564,0.432739,-0.652222
19.2260,-0.480896,0.407166,0.427979,-0.647949
19.2350,-0.482666,0.407532,0.426819,-0.647156
19.2460,-0.484314,0.408081,0.425842,-0.646179
19.2550,-0.485840,0.408814,0.425049,-0.645142
19.2630,-0.487122,0.409790,0.424439,-0.643921
19.2750,-0.492859,0.413757,0.420898,-0.639282
19.2830,-0.493958,0.414795,0.420288,-0.638184
19.2950,-0.494873,0.415955,0.419678,-0.637085
19.3040,-0.495728,0.417175,0.419189,-0.635986
19.3160,-0.496521,0.418396,0.418640,-0.634949
19.3240,-0.501526,0.422424,0.415344,-0.630493
19.3330,-0.502075,0.423340,0.414917,-0.629700
19.3440,-0.502380,0.424133,0.414551,-0.629150
19.3530,-0.502502,0.424866,0.414368,-0.628723
19.3650,-0.502380,0.425598,0.414246,-0.628418
19.3740,-0.506653,0.429199,0.410950,-0.624634
19.3850,-0.506348,0.429565,0.410706,-0.624817
19.3940,-0.506165,0.429626,0.410400,-0.625122
19.4050,-0.506103,0.429443,0.410034,-0.625549
19.4140,-0.506226,0.429077,0.409607,-0.625977
19.4260,-0.510986,0.431397,0.406189,-0.622681
19.4340,-0.511414,0.430481,0.405823,-0.623230
19.4470,-0.511841,0.429443,0.405457,-0.623840
19.4550,-0.512207,0.428406,0.405151,-0.624451
19.4640,-0.512512,0.427307,0.404907,-0.625122
19.4760,-0.516235,0.428528,0.402344,-0.622864
19.4840,-0.516418,0.427673,0.402222,-0.623413
19.4960,-0.516602,0.427002,0.402100,-0.623779
19.5040,-0.516907,0.426514,0.402100,-0.623840
19.5170,-0.517334,0.426270,0.402222,-0.623657
19.5240,-0.521362,0.428406,0.399963,-0.620239
19.5370,-0.521973,0.428467,0.400208,-0.619507
19.5450,-0.522522,0.428711,0.400574,-0.618652
19.5540,-0.522888,0.429077,0.401123,-0.617737
19.5660,-0.523132,0.429443,0.401672,-0.616882
19.5740,-0.526184,0.431580,0.400147,-0.613831
19.5860,-0.526489,0.431824,0.400391,-0.613220
19.5950,-0.526916,0.432129,0.400574,-0.612549
19.6070,-0.527405,0.432495,0.400635,-0.611755
19.6150,-0.528015,0.433044,0.400696,-0.610840
19.6270,-0.531616,0.435669,0.398743,-0.607178
19.6350,-0.532471,0.436340,0.398743,-0.605896
19.6440,-0.533630,0.436890,0.398682,-0.604553
19.6560,-0.535034,0.437256,0.398621,-0.603027
19.6650,-0.536438,0.437561,0.398743,-0.601501
19.6760,-0.541199,0.440308,0.396362,-0.596741
19.6850,-0.541992,0.440491,0.396851,-0.595581
19.6970,-0.542419,0.440613,0.397461,-0.594666
19.7050,-0.542541,0.440552,0.398071,-0.594177
19.7140,-0.542603,0.440247,0.398682,-0.593994
19.7260,-0.544861,0.441345,0.397644,-0.591797
19.7330,-0.544739,0.441040,0.398315,-0.591675
19.7460,-0.544617,0.440674,0.398987,-0.591614
19.7540,-0.544495,0.440369,0.399414,-0.591675
19.7670,-0.544373,0.440002,0.399719,-0.591858
19.7750,-0.546814,0.441284,0.397949,-0.589844
19.7870,-0.546753,0.440918,0.398010,-0.590149
19.7950,-0.546814,0.440552,0.398071,-0.590271
19.8040,-0.546997,0.440369,0.398193,-0.590210
19.8160,-0.547241,0.440308,0.398315,-0.589966
19.8240,-0.549561,0.441956,0.396973,-0.587463
19.8360,-0.549927,0.442322,0.396973,-0.586853
19.8450,-0.550354,0.442749,0.396912,-0.586121
19.8570,-0.550903,0.443176,0.396667,-0.585449
19.8650,-0.551392,0.443787,0.396301,-0.584778
19.8760,-0.554993,0.446655,0.393433,-0.581116
19.8850,-0.555298,0.447388,0.393005,-0.580566
19.8940,-0.555481,0.448120,0.392639,-0.580078
19.9060,-0.555664,0.448792,0.392273,-0.579651
19.9140,-0.555725,0.449341,0.392029,-0.579285
19.9260,-0.557739,0.451172,0.390320,-0.577087
19.9350,-0.557739,0.451599,0.390137,-0.576843
19.9470,-0.557983,0.451538,0.389709,-0.576904
19.9540,-0.558166,0.451538,0.389282,-0.577026
19.9670,-0.558350,0.451538,0.388916,-0.577148
19.9760,-0.558350,0.451538,0.388916,-0.577148
19.9830,-0.559509,0.452271,0.387634,-0.576294
19.9960,-0.559387,0.452576,0.387573,-0.576172
20.0040,-0.559326,0.452698,0.387695,-0.576111
20.0160,-0.559387,0.452576,0.387695,-0.576172
20.0250,-0.559387,0.452576,0.387695,-0.576172
20.0360,-0.562500,0.454285,0.385620,-0.573181
20.0450,-0.562622,0.454102,0.385803,-0.573059
20.0570,-0.562927,0.453735,0.385864,-0.572998
20.0660,-0.562988,0.453674,0.386353,-0.572693
20.0740,-0.562988,0.453674,0.386353,-0.572693
20.0860,-0.564209,0.454834,0.386658,-0.570374
20.0950,-0.563965,0.454895,0.387634,-0.569885
20.1060,-0.563599,0.455078,0.388733,-0.569336
20.1150,-0.563660,0.454651,0.389709,-0.568970
20.1260,-0.565186,0.456421,0.389465,-0.566223
20.1350,-0.564575,0.457092,0.390808,-0.565308
20.1440,-0.564575,0.457092,0.390808,-0.565308
20.1560,-0.563416,0.458618,0.393188,-0.563538
20.1640,-0.562988,0.459412,0.394165,-0.562744
20.1750,-0.564392,0.461426,0.393372,-0.560181
20.1850,-0.564392,0.461426,0.393372,-0.560181
20.1960,-0.563904,0.463013,0.394470,-0.558594
20.2050,-0.563782,0.463684,0.394836,-0.557861
20.2170,-0.563599,0.464233,0.395264,-0.557312
20.2240,-0.565124,0.465759,0.394287,-0.555176
20.2330,-0.565124,0.465759,0.394287,-0.555176
20.2460,-0.564880,0.466003,0.395081,-0.554687
20.2540,-0.564697,0.465942,0.395508,-0.554565
20.2660,-0.564697,0.465576,0.395813,-0.554687
20.2740,-0.564697,0.465576,0.395813,-0.554687
20.2870,-0.566895,0.466797,0.394226,-0.552551
20.2950,-0.566772,0.465881,0.394958,-0.552917
20.3070,-0.566711,0.465393,0.395386,-0.553162
20.3160,-0.566711,0.465393,0.395386,-0.553162
20.3240,-0.566589,0.464905,0.395813,-0.553345
20.3360,-0.567810,0.465271,0.395142,-0.552246
20.3440,-0.567566,0.464050,0.395752,-0.553101
20.3560,-0.567566,0.464050,0.395752,-0.553101
20.3650,-0.567566,0.463379,0.395813,-0.553650
20.3770,-0.567688,0.462647,0.395691,-0.554199
20.3850,-0.569336,0.463135,0.394287,-0.553101
20.3970,-0.569214,0.463257,0.394287,-0.553101
20.4060,-0.569214,0.463257,0.394287,-0.553101
20.4170,-0.568909,0.463745,0.394409,-0.552917
20.4260,-0.570679,0.467041,0.392883,-0.549377
20.4340,-0.570251,0.467712,0.393188,-0.549011
20.4460,-0.570251,0.467712,0.393188,-0.549011
20.4540,-0.569885,0.468262,0.393311,-0.548828
20.4670,-0.569580,0.468750,0.393372,-0.548706
20.4750,-0.569336,0.469238,0.393250,-0.548645
20.4840,-0.570129,0.470886,0.392212,-0.547180
20.4960,-0.569580,0.471985,0.392273,-0.546753
20.5080,-0.568970,0.473267,0.392517,-0.546082
20.5160,-0.568298,0.474548,0.392822,-0.545410
20.5240,-0.568848,0.477356,0.391785,-0.543152
20.5360,-0.568848,0.477356,0.391785,-0.543152
20.5450,-0.568726,0.477722,0.391663,-0.543091
20.5570,-0.568665,0.477905,0.391418,-0.543152
20.5660,-0.568665,0.478210,0.390869,-0.543274
20.5740,-0.568665,0.478210,0.390869,-0.543274
20.5860,-0.570007,0.479187,0.389404,-0.542114
20.5980,-0.570129,0.479126,0.389099,-0.542236
20.6060,-0.570312,0.478943,0.388733,-0.542419
20.6150,-0.570557,0.478638,0.388428,-0.542664
20.6260,-0.570923,0.478210,0.388123,-0.542908
20.6350,-0.571960,0.478088,0.387207,-0.542541
20.6470,-0.572388,0.477234,0.386963,-0.543030
20.6560,-0.572693,0.476440,0.386902,-0.543457
20.6670,-0.572998,0.475586,0.386963,-0.543762
20.6760,-0.573242,0.474854,0.387207,-0.544067
20.6870,-0.574890,0.475281,0.386169,-0.542725
20.6960,-0.575012,0.474731,0.386414,-0.542847
20.7050,-0.575134,0.474304,0.386597,-0.542969
20.7170,-0.575256,0.473877,0.386780,-0.543152
20.7250,-0.575500,0.473206,0.386902,-0.543335
20.7370,-0.575928,0.472717,0.386841,-0.543396
20.7460,-0.576172,0.472229,0.386902,-0.543457
20.7580,-0.576538,0.471863,0.386963,-0.543396
20.7660,-0.576843,0.471558,0.387024,-0.543274
20.7780,-0.577148,0.471314,0.387146,-0.543030
20.7860,-0.578430,0.471680,0.386414,-0.541870
20.7950,-0.578613,0.471741,0.386353,-0.541687
20.8070,-0.578674,0.471863,0.386353,-0.541443
20.8150,-0.578735,0.472046,0.386414,-0.541260
20.8230,-0.578735,0.472168,0.386475,-0.541077
20.8360,-0.579590,0.472656,0.385803,-0.540161
20.8470,-0.579773,0.472595,0.385803,-0.540100
20.8560,-0.579895,0.472412,0.385864,-0.540039
20.8680,-0.580139,0.472229,0.385864,-0.539978
20.8760,-0.580444,0.471924,0.385864,-0.539917
20.8840,-0.581787,0.472351,0.384949,-0.538696
20.8970,-0.582092,0.471863,0.385010,-0.538757
20.9060,-0.582458,0.471314,0.385071,-0.538818
20.9170,-0.582886,0.470764,0.385071,-0.538879
20.9260,-0.583252,0.470154,0.385193,-0.538879
20.9370,-0.583740,0.469788,0.385193,-0.538635
20.9460,-0.584045,0.469360,0.385376,-0.538574
20.9580,-0.584412,0.468872,0.385437,-0.538574
20.9670,-0.584595,0.468506,0.385559,-0.538574
20.9750,-0.584717,0.468384,0.385742,-0.538452
20.9870,-0.585632,0.469116,0.385071,-0.537292
20.9960,-0.585510,0.469299,0.385254,-0.537048
21.0070,-0.585388,0.469605,0.385437,-0.536865
21.0160,-0.585327,0.469788,0.385620,-0.536682
21.0270,-0.585205,0.470093,0.385742,-0.536438
21.0360,-0.585083,0.470276,0.385803,-0.536316
21.0480,-0.585083,0.470398,0.385803,-0.536255
21.0570,-0.585083,0.470642,0.385803,-0.536072
21.0690,-0.585144,0.470764,0.385803,-0.535828
21.0770,-0.585266,0.470947,0.385803,-0.535583
21.0860,-0.585388,0.471191,0.385681,-0.535278
21.0970,-0.585510,0.471436,0.385681,-0.534912
21.1060,-0.585632,0.471741,0.385742,-0.534485
21.1180,-0.585754,0.472229,0.385803,-0.533874
21.1260,-0.585815,0.472839,0.386047,-0.533081
21.1350,-0.586975,0.474426,0.385315,-0.530945
21.1470,-0.587097,0.475464,0.385193,-0.530029
21.1590,-0.587280,0.476624,0.384888,-0.528931
21.1670,-0.587646,0.478088,0.384521,-0.527527
21.1760,-0.588074,0.479858,0.383850,-0.525940
21.1880,-0.589722,0.482666,0.381836,-0.522888
21.1960,-0.590454,0.485107,0.380432,-0.520874
21.2080,-0.591431,0.487732,0.378418,-0.518799
21.2170,-0.592651,0.490540,0.375793,-0.516602
21.2250,-0.593933,0.493835,0.372864,-0.514160
21.2370,-0.595764,0.497437,0.369202,-0.511230
21.2490,-0.597595,0.500854,0.365417,-0.508423
21.2570,-0.599670,0.504395,0.361389,-0.505371
21.2660,-0.601990,0.507996,0.357117,-0.501953
21.2760,-0.604614,0.511658,0.352844,-0.498169
21.2860,-0.608215,0.516052,0.347778,-0.492798
21.2980,-0.610962,0.520386,0.343872,-0.487488
21.3070,-0.613525,0.525696,0.340149,-0.481140
21.3190,-0.615906,0.531921,0.336609,-0.473755
21.3270,-0.618225,0.538635,0.332764,-0.465698
21.3350,-0.621582,0.546082,0.327637,-0.456177
21.3470,-0.624268,0.552734,0.323120,-0.447693
21.3560,-0.627075,0.558960,0.318359,-0.439270
21.3680,-0.629944,0.564941,0.313416,-0.431030
21.3760,-0.632751,0.570679,0.308594,-0.422791
21.3850,-0.636047,0.576477,0.303223,-0.413696
21.3970,-0.639404,0.581543,0.298279,-0.404968
21.4080,-0.642639,0.587097,0.293701,-0.395020
21.4170,-0.645081,0.594116,0.289612,-0.383423
21.4250,-0.646301,0.602722,0.286133,-0.370422
21.4370,-0.646545,0.612305,0.282837,-0.356445
21.4460,-0.646667,0.621826,0.279236,-0.342285
21.4580,-0.647339,0.630371,0.274963,-0.328552
21.4670,-0.649231,0.637329,0.269897,-0.315369
21.4750,-0.652283,0.642822,0.264221,-0.302429
21.4870,-0.656250,0.647827,0.257507,-0.288757
21.4980,-0.660156,0.652100,0.251038,-0.275513
21.5060,-0.664429,0.655945,0.244263,-0.261902
21.5160,-0.669128,0.659119,0.237183,-0.248108
21.5280,-0.673950,0.661865,0.230103,-0.234070
21.5360,-0.678406,0.664673,0.223145,-0.219482
21.5480,-0.681457,0.668152,0.217163,-0.204834
21.5570,-0.682312,0.673157,0.212219,-0.190552
21.5690,-0.681580,0.678711,0.208069,-0.177429
21.5770,-0.680481,0.684021,0.204102,-0.165405
21.5860,-0.679871,0.689026,0.198853,-0.153076
21.5970,-0.679687,0.692688,0.194580,-0.142700
21.6050,-0.680237,0.695251,0.190125,-0.133118
21.6180,-0.681519,0.696899,0.185608,-0.124207
21.6260,-0.683105,0.697876,0.181213,-0.116089
21.6340,-0.684753,0.698791,0.176575,-0.108032
21.6470,-0.686340,0.699036,0.173096,-0.101685
21.6590,-0.688232,0.698669,0.170105,-0.096436
21.6670,-0.690186,0.697876,0.167664,-0.092224
21.6760,-0.691895,0.697082,0.165833,-0.088745
21.6870,-0.693237,0.696533,0.164185,-0.085449
21.6950,-0.693665,0.696594,0.163513,-0.082825
21.7080,-0.693054,0.697510,0.163452,-0.080200
21.7170,-0.691589,0.699219,0.163696,-0.077454
21.7250,-0.689880,0.701111,0.164063,-0.074707
21.7370,-0.688904,0.702698,0.163086,-0.070862
21.7490,-0.688904,0.702820,0.163330,-0.068726
21.7570,-0.690124,0.701782,0.163513,-0.067139
21.7650,-0.692078,0.699890,0.163757,-0.066101
21.7770,-0.694275,0.697754,0.164124,-0.065186
21.7850,-0.696289,0.696289,0.162598,-0.062500
21.7980,-0.697693,0.694946,0.162781,-0.061401
21.8070,-0.698608,0.694153,0.162781,-0.059998
21.8180,-0.699219,0.693726,0.162476,-0.058472
21.8270,-0.699890,0.693359,0.161865,-0.056885
21.8350,-0.700867,0.692932,0.160095,-0.054749
21.8470,-0.701660,0.692444,0.158875,-0.053711
21.8550,-0.702087,0.692444,0.157349,-0.052917
21.8680,-0.702209,0.692810,0.155396,-0.052368
21.8760,-0.702148,0.693420,0.153076,-0.052063
21.8880,-0.702209,0.694214,0.149536,-0.051208
21.8970,-0.702454,0.694641,0.146362,-0.051270
21.9090,-0.703003,0.694763,0.142944,-0.051697
21.9170,-0.703796,0.694580,0.139465,-0.052185
21.9250,-0.704651,0.694397,0.136108,-0.052612
21.9370,-0.705322,0.694275,0.133057,-0.052979
21.9460,-0.705872,0.694214,0.130188,-0.053467
21.9580,-0.706665,0.693848,0.127502,-0.054260
21.9660,-0.707764,0.693115,0.124756,-0.055298
21.9770,-0.709045,0.692261,0.122009,-0.056519
21.9870,-0.710266,0.691406,0.119019,-0.057617
21.9990,-0.711121,0.690857,0.116333,-0.059082
22.0070,-0.711609,0.690674,0.113770,-0.060547
22.0190,-0.711609,0.690918,0.111328,-0.062073
22.0270,-0.711304,0.691467,0.109131,-0.063477
22.0360,-0.710754,0.692444,0.106079,-0.063721
22.0480,-0.709961,0.693481,0.104370,-0.064758
22.0600,-0.709351,0.694214,0.102905,-0.065674
22.0680,-0.709106,0.694580,0.101807,-0.066406
22.0770,-0.709167,0.694580,0.101013,-0.066895
22.0850,-0.709656,0.694458,0.099182,-0.065796
22.0970,-0.710327,0.693787,0.098938,-0.065918
22.1090,-0.711182,0.692871,0.098938,-0.065857
22.1180,-0.711975,0.692078,0.099060,-0.065674
22.1260,-0.712402,0.691650,0.099304,-0.065430
22.1370,-0.712707,0.691650,0.098206,-0.063843
22.1500,-0.712830,0.691467,0.098633,-0.063782
22.1580,-0.712891,0.691284,0.099121,-0.063843
22.1660,-0.713135,0.690979,0.099854,-0.063965
22.1740,-0.713623,0.690308,0.100586,-0.064148
22.1870,-0.714416,0.689453,0.100891,-0.063843
22.1990,-0.715271,0.688416,0.101685,-0.063965
22.2080,-0.716187,0.687378,0.102295,-0.063965
22.2200,-0.717041,0.686462,0.102722,-0.063721
22.2260,-0.717957,0.685547,0.102783,-0.063354
22.2360,-0.718994,0.684875,0.101318,-0.061523
22.2480,-0.719727,0.684143,0.100830,-0.061279
22.2570,-0.720398,0.683594,0.100159,-0.061218
22.2690,-0.720825,0.683166,0.099243,-0.061462
22.2770,-0.720947,0.683228,0.098145,-0.061951
22.2860,-0.720520,0.683777,0.096741,-0.062317
22.2970,-0.719666,0.684814,0.095520,-0.062988
22.3100,-0.718567,0.686096,0.094360,-0.063538
22.3180,-0.717407,0.687378,0.093323,-0.064087
22.3270,-0.716614,0.688293,0.092346,-0.064697
22.3350,-0.716370,0.688599,0.091553,-0.065430
22.3460,-0.716431,0.688538,0.090820,-0.066284
22.3590,-0.716553,0.688416,0.090210,-0.067200
22.3670,-0.716614,0.688354,0.089783,-0.068054
22.3750,-0.716431,0.688416,0.089416,-0.068970
22.3880,-0.716309,0.688843,0.087769,-0.068420
22.4000,-0.716003,0.689148,0.087463,-0.069214
22.4090,-0.715637,0.689453,0.087097,-0.069946
22.4170,-0.715271,0.689819,0.086731,-0.070557
22.4250,-0.714844,0.690308,0.086365,-0.070984
22.4370,-0.714416,0.690796,0.085571,-0.071045
22.4490,-0.714050,0.691223,0.085083,-0.071411
22.4570,-0.713684,0.691589,0.084595,-0.071777
22.4690,-0.713379,0.691956,0.084106,-0.072021
22.4780,-0.713196,0.692200,0.083679,-0.072266
22.4860,-0.713379,0.692078,0.082886,-0.072266
22.4980,-0.713806,0.691711,0.082397,-0.072571
22.5070,-0.714355,0.691101,0.081848,-0.072937
22.5190,-0.714966,0.690552,0.081238,-0.073303
22.5270,-0.715393,0.690124,0.080688,-0.073792
22.5360,-0.715637,0.690002,0.079529,-0.073608
22.5480,-0.715576,0.690063,0.078918,-0.074097
22.5600,-0.715271,0.690430,0.078308,-0.074585
22.5680,-0.714905,0.690857,0.077759,-0.074951
22.5760,-0.714416,0.691345,0.077271,-0.075317
22.5880,-0.714172,0.691650,0.076843,-0.075684
22.5970,-0.714111,0.691650,0.076477,-0.075989
22.6090,-0.714294,0.691528,0.076233,-0.076294
22.6180,-0.714539,0.691223,0.075928,-0.076599
22.6260,-0.714905,0.690857,0.075745,-0.076843
22.6380,-0.715332,0.690430,0.075317,-0.076843
22.6500,-0.715698,0.690063,0.075134,-0.077026
22.6580,-0.716003,0.689758,0.074951,-0.077209
22.6670,-0.716187,0.689575,0.074768,-0.077271
22.6790,-0.716187,0.689636,0.074585,-0.077332
22.6870,-0.716064,0.689758,0.074341,-0.077332
22.6990,-0.715820,0.690063,0.074097,-0.077271
22.7070,-0.715515,0.690430,0.073792,-0.077148
22.7190,-0.715210,0.690796,0.073486,-0.076965
22.7280,-0.715027,0.691040,0.073181,-0.076782
22.7360,-0.715027,0.691101,0.072571,-0.076294
22.7480,-0.715210,0.690979,0.072327,-0.076172
22.7570,-0.715515,0.690674,0.072083,-0.076172
22.7690,-0.715759,0.690430,0.071838,-0.076172
22.7770,-0.715881,0.690308,0.071655,-0.076233
22.7890,-0.715820,0.690430,0.071289,-0.076111
22.7970,-0.715576,0.690735,0.071106,-0.076172
22.8100,-0.715149,0.691223,0.070862,-0.076172
22.8180,-0.714600,0.691772,0.070618,-0.076172
22.8270,-0.714111,0.692322,0.070313,-0.076172
22.8380,-0.713562,0.692932,0.069946,-0.075989
22.8470,-0.713135,0.693420,0.069763,-0.075989
22.8590,-0.712830,0.693726,0.069702,-0.076050
22.8670,-0.712585,0.693970,0.069702,-0.076050
22.8760,-0.712341,0.694214,0.069702,-0.076050
22.8880,-0.712097,0.694519,0.069641,-0.075928
22.9000,-0.711731,0.694824,0.069702,-0.075806
22.9080,-0.711487,0.695129,0.069763,-0.075684
22.9170,-0.711304,0.695312,0.069763,-0.075562
22.9290,-0.711121,0.695557,0.069702,-0.075378
22.9370,-0.711060,0.695862,0.068420,-0.074097
22.9490,-0.710815,0.696106,0.068298,-0.073914
22.9570,-0.710571,0.696411,0.068298,-0.073730
22.9690,-0.710327,0.696716,0.068298,-0.073547
22.9760,-0.710022,0.697021,0.068298,-0.073364
22.9860,-0.709717,0.697327,0.068176,-0.073120
22.9980,-0.709473,0.697632,0.068176,-0.072937
23.0070,-0.709228,0.697876,0.068176,-0.072693
23.0190,-0.709106,0.698059,0.068115,-0.072449
23.0270,-0.708984,0.698181,0.068054,-0.072205
23.0390,-0.709045,0.698242,0.067749,-0.071716
23.0470,-0.709167,0.698120,0.067688,-0.071533
23.0590,-0.709351,0.697937,0.067688,-0.071411
23.0680,-0.709595,0.697693,0.067688,-0.071289
23.0760,-0.709900,0.697449,0.067627,-0.071228
23.0880,-0.710266,0.697266,0.066528,-0.070068
23.0970,-0.710510,0.697021,0.066589,-0.070007
23.1090,-0.710754,0.696777,0.066650,-0.069946
23.1170,-0.710876,0.696655,0.066711,-0.069885
23.1280,-0.710876,0.696594,0.066833,-0.069763
23.1360,-0.710937,0.696655,0.066711,-0.069458
23.1460,-0.710937,0.696655,0.066833,-0.069458
23.1580,-0.710876,0.696655,0.066956,-0.069519
23.1700,-0.710999,0.696533,0.067017,-0.069641
23.1780,-0.711121,0.696411,0.067078,-0.069763
23.1870,-0.711304,0.696167,0.067139,-0.069824
23.1990,-0.711609,0.695862,0.067200,-0.069946
23.2070,-0.711792,0.695618,0.067139,-0.070068
23.2160,-0.711975,0.695496,0.067139,-0.070190
23.2280,-0.711975,0.695435,0.067139,-0.070251
23.2400,-0.712036,0.695435,0.066772,-0.070007
23.2480,-0.712036,0.695496,0.066711,-0.070007
23.2600,-0.712036,0.695496,0.066711,-0.070007
23.2680,-0.711975,0.695496,0.066711,-0.070007
23.2770,-0.711853,0.695618,0.066711,-0.070007
23.2890,-0.711731,0.695801,0.066589,-0.069824
23.2970,-0.711670,0.695862,0.066589,-0.069763
23.3090,-0.711548,0.695984,0.066589,-0.069763
23.3180,-0.711487,0.696045,0.066650,-0.069763
23.3250,-0.711548,0.695984,0.066650,-0.069763
23.3380,-0.711670,0.695984,0.066223,-0.069214
23.3470,-0.711670,0.695923,0.066223,-0.069214
23.3580,-0.711731,0.695862,0.066284,-0.069153
23.3670,-0.711731,0.695862,0.066406,-0.069153
23.3790,-0.711609,0.695984,0.066528,-0.069153
23.3870,-0.711426,0.696167,0.066589,-0.069031
23.3960,-0.711304,0.696350,0.066589,-0.069031
23.4080,-0.711121,0.696472,0.066589,-0.068970
23.4200,-0.710999,0.696655,0.066589,-0.068970
23.4280,-0.710876,0.696777,0.066589,-0.068970
23.4370,-0.710693,0.696960,0.066345,-0.068665
23.4490,-0.710510,0.697144,0.066345,-0.068665
23.4570,-0.710327,0.697388,0.066345,-0.068665
23.4690,-0.710144,0.697571,0.066406,-0.068604
23.4760,-0.710022,0.697693,0.066406,-0.068420
23.4860,-0.710205,0.697754,0.065308,-0.067139
23.4980,-0.710205,0.697754,0.065369,-0.066956
23.5100,-0.710327,0.697632,0.065491,-0.066833
23.5160,-0.710388,0.697571,0.065552,-0.066711
23.5270,-0.710327,0.697632,0.065674,-0.066589
23.5390,-0.710205,0.697693,0.065918,-0.066650
23.5470,-0.710083,0.697876,0.066040,-0.066528
23.5550,-0.709961,0.697998,0.066101,-0.066467
23.5680,-0.709778,0.698181,0.066162,-0.066284
23.5760,-0.709656,0.698303,0.066223,-0.066162
23.5880,-0.709595,0.698364,0.066284,-0.065918
23.5970,-0.709595,0.698364,0.066406,-0.065735
23.6080,-0.709656,0.698303,0.066589,-0.065613
23.6170,-0.709778,0.698181,0.066711,-0.065552
23.6200,SHOT
23.6290,-0.709717,0.698242,0.066895,-0.065552
23.6370,-0.709595,0.698364,0.067017,-0.065674
23.6450,-0.709228,0.698669,0.067200,-0.065613
23.6580,-0.708923,0.699036,0.067261,-0.065613
23.6700,-0.708679,0.699219,0.067444,-0.065857
23.6780,-0.708435,0.699402,0.067566,-0.066040
23.6870,-0.708435,0.699707,0.065857,-0.064514
23.6990,-0.708435,0.699707,0.065918,-0.064636
23.7070,-0.708496,0.699646,0.065918,-0.064758
23.7190,-0.708557,0.699585,0.065857,-0.064819
23.7280,-0.708557,0.699585,0.065857,-0.064758
23.7360,-0.708496,0.699646,0.065857,-0.064697
23.7480,-0.708435,0.699768,0.065857,-0.064514
23.7570,-0.708313,0.699829,0.065979,-0.064270
23.7680,-0.708252,0.699951,0.066101,-0.064026
23.7760,-0.708130,0.700073,0.066223,-0.063782
23.7890,-0.708008,0.700195,0.066345,-0.063538
23.7970,-0.707825,0.700439,0.066345,-0.063293
23.8090,-0.707581,0.700684,0.066284,-0.063110
23.8170,-0.707336,0.700928,0.066223,-0.062988
23.8250,-0.707153,0.701111,0.066162,-0.062866
23.8380,-0.706909,0.701416,0.066162,-0.062805
23.8460,-0.706360,0.701904,0.066223,-0.062744
23.8580,-0.705872,0.702393,0.066345,-0.062805
23.8670,-0.705505,0.702759,0.066589,-0.062988
23.8790,-0.705261,0.702942,0.066833,-0.063293
23.8860,-0.705017,0.703186,0.066956,-0.063538
23.8990,-0.704773,0.703369,0.067078,-0.063843
23.9080,-0.704529,0.703552,0.067078,-0.064026
23.9190,-0.704346,0.703735,0.067017,-0.064209
23.9270,-0.704224,0.703857,0.066956,-0.064331
23.9360,-0.704163,0.703979,0.066833,-0.064392
23.9490,-0.704163,0.703979,0.066772,-0.064453
23.9570,-0.704224,0.703857,0.066650,-0.064575
23.9680,-0.704407,0.703674,0.066589,-0.064636
23.9770,-0.704590,0.703552,0.066528,-0.064758
23.9890,-0.704651,0.703430,0.066406,-0.064819
23.9980,-0.704712,0.703430,0.066345,-0.064941
24.0100,-0.704712,0.703430,0.066284,-0.065002
24.0180,-0.704712,0.703430,0.066223,-0.065063
24.0260,-0.704712,0.703369,0.066223,-0.065063
24.0380,-0.704712,0.703369,0.066284,-0.065125
24.0470,-0.704834,0.703247,0.066284,-0.065125
24.0590,-0.704895,0.703186,0.066284,-0.065125
24.0670,-0.704956,0.703125,0.066284,-0.065125
24.0790,-0.704956,0.703125,0.066345,-0.065063
24.0870,-0.704956,0.703186,0.066345,-0.064941
24.1000,-0.704834,0.703247,0.066406,-0.064880
24.1080,-0.704773,0.703308,0.066467,-0.064819
24.1160,-0.704834,0.703308,0.066589,-0.064697
24.1290,-0.704895,0.703247,0.066650,-0.064514
24.1370,-0.705017,0.703247,0.066162,-0.063843
24.1490,-0.705017,0.703186,0.066223,-0.063721
24.1570,-0.705017,0.703186,0.066284,-0.063660
24.1690,-0.705017,0.703186,0.066345,-0.063599
24.1770,-0.704956,0.703247,0.066345,-0.063599
24.1900,-0.704895,0.703369,0.066284,-0.063538
24.1980,-0.704834,0.703369,0.066284,-0.063538
24.2070,-0.704834,0.703430,0.066284,-0.063538
24.2190,-0.704712,0.703552,0.066284,-0.063538
24.2270,-0.704529,0.703735,0.066284,-0.063538
24.2390,-0.704346,0.703918,0.066345,-0.063538
24.2470,-0.704224,0.704041,0.066345,-0.063538
24.2590,-0.704224,0.704041,0.066345,-0.063538
24.2680,-0.704285,0.703918,0.066345,-0.063538
24.2800,-0.704468,0.703796,0.066284,-0.063538
24.2880,-0.704529,0.703735,0.066223,-0.063416
24.2970,-0.704529,0.703735,0.066284,-0.063354
24.3090,-0.704468,0.703796,0.066284,-0.063354
24.3170,-0.704346,0.703918,0.066284,-0.063354
24.3290,-0.704224,0.704041,0.066284,-0.063354
24.3370,-0.704102,0.704102,0.066345,-0.063354
24.3500,-0.704041,0.704224,0.066345,-0.063354
24.3580,-0.704041,0.704224,0.066345,-0.063354
24.3700,-0.704041,0.704224,0.066345,-0.063354
24.3780,-0.704102,0.704163,0.066345,-0.063354
24.3870,-0.704224,0.704041,0.066284,-0.063354
24.3990,-0.704285,0.703979,0.066284,-0.063354
24.4070,-0.704346,0.703918,0.066284,-0.063354
24.4190,-0.704346,0.703918,0.066284,-0.063354
24.4280,-0.704346,0.703918,0.066284,-0.063354
24.4400,-0.704346,0.703918,0.066284,-0.063354
24.4480,-0.704346,0.703918,0.066284,-0.063354
24.4570,-0.704346,0.703918,0.066284,-0.063354
24.4690,-0.704346,0.703918,0.066284,-0.063354
24.4770,-0.704285,0.703918,0.066284,-0.063354
24.4880,-0.704285,0.703979,0.066284,-0.063354
24.4970,-0.704285,0.703979,0.066284,-0.063354
24.5090,-0.704346,0.703918,0.066284,-0.063354
24.5180,-0.704468,0.703796,0.066284,-0.063416
24.5300,-0.704651,0.703552,0.066284,-0.063354
24.5380,-0.704834,0.703369,0.066345,-0.063293
24.5470,-0.705017,0.703247,0.066406,-0.063232
24.5580,-0.705139,0.703125,0.066528,-0.063171
24.5670,-0.705200,0.703003,0.066589,-0.063049
24.5790,-0.705261,0.702942,0.066650,-0.062988
24.5870,-0.705261,0.702942,0.066772,-0.062927
24.5990,-0.705261,0.703003,0.066833,-0.062866
24.6080,-0.705139,0.703125,0.066895,-0.062805
24.6200,-0.705017,0.703247,0.066895,-0.062805
24.6280,-0.704956,0.703308,0.066895,-0.062744
24.6370,-0.704895,0.703369,0.066895,-0.062744
24.6490,-0.704895,0.703369,0.066895,-0.062744
24.6560,-0.704895,0.703369,0.066956,-0.062683
24.6690,-0.705017,0.703247,0.067078,-0.062683
24.6780,-0.705139,0.703125,0.067200,-0.062683
24.6890,-0.705200,0.703003,0.067322,-0.062744
24.6970,-0.705261,0.702942,0.067322,-0.062805
24.7100,-0.705322,0.702820,0.067383,-0.062866
24.7170,-0.705322,0.702820,0.067322,-0.062866
24.7270,-0.705261,0.702881,0.067261,-0.062927
24.7390,-0.705200,0.703003,0.067139,-0.062988
24.7470,-0.705139,0.703125,0.066956,-0.063049
24.7590,-0.704895,0.703308,0.066711,-0.063171
24.7670,-0.704529,0.703735,0.066345,-0.063416
24.7800,-0.703979,0.704285,0.065918,-0.063660
24.7880,-0.703430,0.704834,0.065369,-0.064087
24.7960,-0.702881,0.705383,0.064819,-0.064636
24.8080,-0.702515,0.705749,0.064270,-0.065308
24.8170,-0.702209,0.706055,0.063660,-0.066162
24.8290,-0.701965,0.706238,0.062988,-0.067017
24.8370,-0.701721,0.706482,0.062317,-0.068054
24.8490,-0.701416,0.706665,0.061584,-0.069153
24.8580,-0.700989,0.707092,0.060730,-0.070374
24.8700,-0.700439,0.707581,0.059753,-0.071716
24.8790,-0.699829,0.708130,0.058716,-0.073181
24.8870,-0.699097,0.708801,0.057434,-0.074829
24.8990,-0.698303,0.709473,0.055969,-0.076721
24.9070,-0.697510,0.710144,0.054138,-0.078918
24.9190,-0.696777,0.710754,0.052002,-0.081360
24.9270,-0.696045,0.711304,0.049561,-0.084045
24.9390,-0.695496,0.711670,0.046875,-0.087097
24.9480,-0.695190,0.711731,0.043884,-0.090515
24.9600,-0.695190,0.711487,0.040588,-0.094177
24.9680,-0.695190,0.711121,0.037170,-0.098083
24.9760,-0.695374,0.710571,0.033447,-0.102295
24.9890,-0.695496,0.709961,0.029602,-0.106812
24.9970,-0.695496,0.709412,0.025452,-0.111450
25.0090,-0.695312,0.708923,0.021057,-0.116211
25.0170,-0.695007,0.708557,0.016357,-0.121216
25.0290,-0.694519,0.708191,0.011414,-0.126343
25.0380,-0.693665,0.708069,0.006775,-0.131958
25.0500,-0.692505,0.708252,0.001526,-0.137146
25.0580,-0.691040,0.708679,-0.003723,-0.142395
25.0670,-0.689209,0.709290,-0.009033,-0.147583
25.0790,-0.687317,0.709961,-0.014465,-0.152832
25.0870,-0.685242,0.710632,-0.019714,-0.158264
25.0990,-0.683166,0.711243,-0.025269,-0.163513
25.1080,-0.681213,0.711670,-0.030823,-0.168823
25.1200,-0.679382,0.711914,-0.036499,-0.174133
25.1280,-0.677551,0.711975,-0.042175,-0.179504
25.1370,-0.675720,0.711975,-0.047729,-0.184875
