# Sesion:9 Fecha:2026-04-09 17:59:40 Shots:1 Duracion:17,78s
tSeg,ms,qw,qx,qy,qz,filteredElev,shot,shotLevel
0.0000,1879256,-0.688354,0.718994,-0.095337,0.012146,64.2836,0,0
0.0100,1879266,-0.688293,0.719421,-0.091248,0.017151,65.0835,0,0
0.0200,1879276,-0.688293,0.719849,-0.087280,0.021973,65.8873,0,0
0.0300,1879286,-0.688171,0.720215,-0.083496,0.026672,66.6764,0,0
0.0400,1879296,-0.687927,0.720703,-0.079834,0.031311,67.4366,0,0
0.0500,1879306,-0.687439,0.721375,-0.076355,0.035828,68.1575,0,0
0.0600,1879316,-0.686707,0.722168,-0.073059,0.040222,68.8426,0,0
0.0700,1879326,-0.685852,0.723022,-0.069885,0.044495,69.5038,0,0
0.0800,1879336,-0.684998,0.723877,-0.066772,0.048645,70.1733,0,0
0.0900,1879346,-0.684143,0.724609,-0.063721,0.052612,70.8535,0,0
0.1000,1879356,-0.683472,0.725281,-0.060730,0.056519,71.5358,0,0
0.1100,1879366,-0.682800,0.725769,-0.057739,0.060303,72.2269,0,0
0.1200,1879376,-0.682312,0.726196,-0.054932,0.063904,72.9234,0,0
0.1300,1879386,-0.681458,0.726746,-0.049805,0.070862,73.6153,0,0
0.1400,1879396,-0.680969,0.726990,-0.047546,0.074219,74.2886,0,0
0.1500,1879406,-0.680420,0.727295,-0.045471,0.077393,74.9270,0,0
0.1600,1879416,-0.679626,0.727844,-0.043518,0.080505,75.5256,0,0
0.1700,1879426,-0.678711,0.728455,-0.041809,0.083496,76.0911,0,0
0.1800,1879436,-0.677673,0.729187,-0.040161,0.086243,76.6292,0,0
0.1900,1879446,-0.676636,0.729919,-0.038696,0.088867,77.1556,0,0
0.2000,1879456,-0.675720,0.730530,-0.037231,0.091309,77.6915,0,0
0.2100,1879466,-0.675049,0.730896,-0.035889,0.093628,78.2477,0,0
0.2200,1879476,-0.674622,0.731079,-0.034546,0.095764,78.8254,0,0
0.2300,1879486,-0.674438,0.731079,-0.033264,0.097717,79.4200,0,0
0.2400,1879496,-0.674438,0.730896,-0.032104,0.099487,80.0175,0,0
0.2500,1879506,-0.674438,0.730713,-0.031006,0.101196,80.6024,0,0
0.2600,1879516,-0.674438,0.730530,-0.030090,0.102722,81.1639,0,0
0.2700,1879526,-0.674377,0.730408,-0.029236,0.104126,81.6996,0,0
0.2800,1879536,-0.674377,0.730286,-0.028442,0.105469,82.2160,0,0
0.2900,1879546,-0.674316,0.730164,-0.027771,0.106689,82.7132,0,0
0.3000,1879556,-0.674133,0.730164,-0.027161,0.107727,83.1799,0,0
0.3100,1879566,-0.673950,0.730286,-0.026733,0.108582,83.6100,0,0
0.3200,1879576,-0.673584,0.730469,-0.026489,0.109314,84.0026,0,0
0.3300,1879586,-0.673218,0.730713,-0.026245,0.109985,84.3687,0,0
0.3400,1879596,-0.672913,0.730957,-0.026001,0.110596,84.7267,0,0
0.3500,1879606,-0.672668,0.731079,-0.025635,0.111206,85.1122,0,0
0.3600,1879616,-0.672607,0.731140,-0.025024,0.111755,85.4905,0,0
0.3700,1879626,-0.672546,0.731079,-0.024414,0.112305,85.8496,0,0
0.3800,1879636,-0.672424,0.731079,-0.023682,0.112915,86.1792,0,0
0.3900,1879646,-0.672241,0.731201,-0.023132,0.113647,86.4753,0,0
0.4000,1879656,-0.671875,0.731445,-0.022644,0.114380,86.7455,0,0
0.4100,1879666,-0.671448,0.731689,-0.022278,0.115173,86.9996,0,0
0.4200,1879676,-0.670471,0.732361,-0.021729,0.116882,87.2513,0,0
0.4300,1879686,-0.670105,0.732544,-0.021362,0.117798,87.5179,0,0
0.4400,1879696,-0.669983,0.732483,-0.020935,0.118652,87.8102,0,0
0.4500,1879706,-0.670105,0.732300,-0.020447,0.119507,88.1189,0,0
0.4600,1879716,-0.670227,0.732117,-0.019958,0.120239,88.4279,0,0
0.4700,1879726,-0.670288,0.731934,-0.019531,0.120850,88.7144,0,0
0.4800,1879736,-0.670288,0.731873,-0.019226,0.121277,88.9738,0,0
0.4900,1879746,-0.670288,0.731873,-0.018921,0.121521,89.2108,0,0
0.5000,1879756,-0.670227,0.731873,-0.018738,0.121582,89.4419,0,0
0.5100,1879766,-0.670410,0.731750,-0.018494,0.121643,89.6896,0,0
0.5200,1879776,-0.670776,0.731384,-0.018127,0.121582,89.9557,0,0
0.5300,1879786,-0.671326,0.730957,-0.017822,0.121460,90.2310,0,0
0.5400,1879796,-0.671936,0.730408,-0.017395,0.121277,90.5063,0,0
0.5500,1879806,-0.672546,0.729858,-0.017090,0.121033,90.7678,0,0
0.5600,1879816,-0.673157,0.729370,-0.016846,0.120850,91.0103,0,0
0.5700,1879826,-0.673645,0.728943,-0.016663,0.120667,91.2353,0,0
0.5800,1879836,-0.674011,0.728638,-0.016602,0.120483,91.4378,0,0
0.5900,1879846,-0.674316,0.728394,-0.016418,0.120483,91.6129,0,0
0.6000,1879856,-0.674438,0.728271,-0.016235,0.120605,91.7611,0,0
0.6100,1879866,-0.674438,0.728210,-0.015991,0.120850,91.8828,0,0
0.6200,1879876,-0.674316,0.728271,-0.015625,0.121155,91.9879,0,0
0.6300,1879886,-0.674255,0.728271,-0.015320,0.121521,92.0855,0,0
0.6400,1879896,-0.674194,0.728271,-0.015137,0.121826,92.1790,0,0
0.6500,1879906,-0.674194,0.728271,-0.015015,0.122070,92.2685,0,0
0.6600,1879916,-0.674133,0.728271,-0.014954,0.122253,92.3540,0,0
0.6700,1879926,-0.674133,0.728210,-0.014954,0.122375,92.4365,0,0
0.6800,1879936,-0.674133,0.728210,-0.015076,0.122375,92.5160,0,0
0.6900,1879946,-0.674133,0.728271,-0.015076,0.122437,92.5951,0,0
0.7000,1879956,-0.674133,0.728271,-0.015137,0.122437,92.6786,0,0
0.7100,1879966,-0.674316,0.728027,-0.015076,0.122498,92.7697,0,0
0.7200,1879976,-0.674500,0.727844,-0.014954,0.122559,92.8664,0,0
0.7300,1879986,-0.674744,0.727661,-0.014893,0.122620,92.9595,0,0
0.7400,1879996,-0.674866,0.727539,-0.014771,0.122620,93.0360,0,0
0.7500,1880006,-0.674866,0.727539,-0.014709,0.122559,93.0861,0,0
0.7600,1880016,-0.674744,0.727722,-0.014771,0.122437,93.1124,0,0
0.7700,1880026,-0.674500,0.727905,-0.014893,0.122192,93.1225,0,0
0.7800,1880036,-0.674316,0.728149,-0.015076,0.121887,93.1307,0,0
0.7900,1880046,-0.674255,0.728271,-0.015259,0.121521,93.1558,0,0
0.8000,1880056,-0.674377,0.728210,-0.015381,0.121094,93.2068,0,0
0.8100,1880066,-0.674683,0.728027,-0.015442,0.120605,93.2823,0,0
0.8200,1880076,-0.675110,0.727722,-0.015503,0.120117,93.3646,0,0
0.8300,1880086,-0.675537,0.727417,-0.015564,0.119690,93.4391,0,0
0.8400,1880096,-0.675720,0.727295,-0.015686,0.119263,93.4885,0,0
0.8500,1880106,-0.675720,0.727356,-0.015808,0.118958,93.5074,0,0
0.8600,1880116,-0.675598,0.727478,-0.016052,0.118652,93.5032,0,0
0.8700,1880126,-0.675415,0.727722,-0.016296,0.118469,93.4836,0,0
0.8800,1880136,-0.675171,0.727905,-0.016479,0.118286,93.4596,0,0
0.8900,1880146,-0.675049,0.728088,-0.016663,0.118103,93.4398,0,0
0.9000,1880156,-0.674927,0.728210,-0.016907,0.117981,93.4280,0,0
0.9100,1880166,-0.674866,0.728271,-0.017151,0.117798,93.4207,0,0
0.9200,1880176,-0.674805,0.728394,-0.017456,0.117615,93.4127,0,0
0.9300,1880186,-0.674683,0.728516,-0.017822,0.117371,93.3870,0,0
0.9400,1880196,-0.674561,0.728638,-0.018250,0.117126,93.3560,0,0
0.9500,1880206,-0.674438,0.728821,-0.018677,0.116821,93.3228,0,0
0.9600,1880216,-0.674316,0.728943,-0.019104,0.116516,93.2923,0,0
0.9700,1880226,-0.674194,0.729065,-0.019470,0.116150,93.2655,0,0
0.9800,1880236,-0.674133,0.729187,-0.019836,0.115784,93.2453,0,0
0.9900,1880246,-0.674133,0.729248,-0.020081,0.115417,93.2391,0,0
1.0000,1880256,-0.674377,0.729187,-0.020386,0.114624,93.2467,0,0
1.0100,1880266,-0.674622,0.729004,-0.020447,0.114197,93.2621,0,0
1.0200,1880276,-0.674866,0.728821,-0.020447,0.113892,93.2821,0,0
1.0300,1880286,-0.675049,0.728699,-0.020447,0.113525,93.2891,0,0
1.0400,1880296,-0.675110,0.728699,-0.020569,0.113159,93.2749,0,0
1.0500,1880306,-0.674988,0.728821,-0.020752,0.112854,93.2310,0,0
1.0600,1880316,-0.674805,0.729065,-0.021057,0.112610,93.1642,0,0
1.0700,1880326,-0.674500,0.729370,-0.021423,0.112305,93.0907,0,0
1.0800,1880336,-0.674255,0.729675,-0.021790,0.112000,93.0254,0,0
1.0900,1880346,-0.674072,0.729797,-0.021973,0.111694,92.9769,0,0
1.1000,1880356,-0.674133,0.729858,-0.022095,0.111389,92.9539,0,0
1.1100,1880366,-0.674255,0.729797,-0.022095,0.111145,92.9486,0,0
1.1200,1880376,-0.674377,0.729675,-0.021973,0.110901,92.9507,0,0
1.1300,1880386,-0.674500,0.729614,-0.021912,0.110596,92.9467,0,0
1.1400,1880396,-0.674561,0.729614,-0.021851,0.110352,92.9273,0,0
1.1500,1880406,-0.674438,0.729736,-0.021790,0.110046,92.8911,0,0
1.1600,1880416,-0.674316,0.729919,-0.021851,0.109741,92.8388,0,0
1.1700,1880426,-0.674072,0.730164,-0.021851,0.109436,92.7807,0,0
1.1800,1880436,-0.673828,0.730469,-0.021912,0.109131,92.7171,0,0
1.1900,1880446,-0.673584,0.730713,-0.021973,0.108765,92.6590,0,0
1.2000,1880456,-0.673401,0.730957,-0.021973,0.108398,92.6126,0,0
1.2100,1880466,-0.673401,0.731018,-0.022034,0.107971,92.6077,0,0
1.2200,1880476,-0.673462,0.731018,-0.022034,0.107544,92.6064,0,0
1.2300,1880486,-0.673584,0.730957,-0.022095,0.107117,92.5944,0,0
1.2400,1880496,-0.673645,0.730957,-0.022217,0.106689,92.5645,0,0
1.2500,1880506,-0.673584,0.731079,-0.022400,0.106323,92.5146,0,0
1.2600,1880516,-0.673401,0.731262,-0.022644,0.106018,92.4558,0,0
1.2700,1880526,-0.673157,0.731506,-0.022827,0.105713,92.4047,0,0
1.2800,1880536,-0.672913,0.731873,-0.023132,0.105225,92.3643,0,0
1.2900,1880546,-0.672913,0.731873,-0.023254,0.104919,92.3419,0,0
1.3000,1880556,-0.673035,0.731812,-0.023376,0.104614,92.3318,0,0
1.3100,1880566,-0.673157,0.731750,-0.023437,0.104309,92.3299,0,0
1.3200,1880576,-0.673340,0.731628,-0.023560,0.103943,92.3285,0,0
1.3300,1880586,-0.673462,0.731567,-0.023743,0.103577,92.3217,0,0
1.3400,1880596,-0.673584,0.731506,-0.023926,0.103149,92.3099,0,0
1.3500,1880606,-0.673584,0.731506,-0.024170,0.102722,92.2837,0,0
1.3600,1880616,-0.673523,0.731628,-0.024414,0.102295,92.2420,0,0
1.3700,1880626,-0.673401,0.731812,-0.024719,0.101929,92.1844,0,0
1.3800,1880636,-0.673218,0.731995,-0.025024,0.101501,92.1177,0,0
1.3900,1880646,-0.673035,0.732178,-0.025269,0.101196,92.0554,0,0
1.4000,1880656,-0.672974,0.732300,-0.025391,0.100952,92.0086,0,0
1.4100,1880666,-0.672974,0.732300,-0.025452,0.100708,91.9844,0,0
1.4200,1880676,-0.673157,0.732239,-0.025452,0.100464,91.9772,0,0
1.4300,1880686,-0.673340,0.732056,-0.025391,0.100281,91.9805,0,0
1.4400,1880696,-0.673584,0.731873,-0.025391,0.100037,91.9817,0,0
1.4500,1880706,-0.673706,0.731812,-0.025391,0.099792,91.9692,0,0
1.4600,1880716,-0.673706,0.731812,-0.025513,0.099548,91.9346,0,0
1.4700,1880726,-0.673584,0.731934,-0.025635,0.099365,91.8833,0,0
1.4800,1880736,-0.673401,0.732117,-0.025818,0.099121,91.8178,0,0
1.4900,1880746,-0.673096,0.732422,-0.026062,0.098877,91.7431,0,0
1.5000,1880756,-0.672791,0.732727,-0.026245,0.098633,91.6731,0,0
1.5100,1880766,-0.672546,0.733032,-0.026428,0.098389,91.6287,0,0
1.5200,1880776,-0.672424,0.733154,-0.026489,0.098206,91.6114,0,0
1.5300,1880786,-0.672424,0.733154,-0.026550,0.098022,91.6163,0,0
1.5400,1880796,-0.672546,0.733032,-0.026550,0.097900,91.6250,0,0
1.5500,1880806,-0.672791,0.732910,-0.026550,0.097778,91.6261,0,0
1.5600,1880816,-0.672974,0.732727,-0.026611,0.097595,91.6117,0,0
1.5700,1880826,-0.673035,0.732666,-0.026917,0.097351,91.5789,0,0
1.5800,1880836,-0.672974,0.732788,-0.027161,0.097229,91.5341,0,0
1.5900,1880846,-0.672791,0.732910,-0.027405,0.097107,91.4801,0,0
1.6000,1880856,-0.672607,0.733093,-0.027710,0.097046,91.4240,0,0
1.6100,1880866,-0.672424,0.733276,-0.027954,0.096924,91.3719,0,0
1.6200,1880876,-0.672241,0.733459,-0.028076,0.096802,91.3229,0,0
1.6300,1880886,-0.672180,0.733521,-0.028259,0.096680,91.2947,0,0
1.6400,1880896,-0.672302,0.733398,-0.028320,0.096497,91.2892,0,0
1.6500,1880906,-0.672546,0.733215,-0.028381,0.096252,91.3017,0,0
1.6600,1880916,-0.672791,0.733032,-0.028442,0.096008,91.3148,0,0
1.6700,1880926,-0.672913,0.732910,-0.028564,0.095764,91.3046,0,0
1.6800,1880936,-0.672852,0.733032,-0.028748,0.095459,91.2651,0,0
1.6900,1880946,-0.672668,0.733276,-0.028931,0.095154,91.2014,0,0
1.7000,1880956,-0.672424,0.733521,-0.029236,0.094788,91.1317,0,0
1.7100,1880966,-0.672180,0.733704,-0.029480,0.094421,91.0720,0,0
1.7200,1880976,-0.672180,0.733765,-0.029724,0.094055,91.0401,0,0
1.7300,1880986,-0.672363,0.733643,-0.029907,0.093689,91.0339,0,0
1.7400,1880996,-0.672668,0.733398,-0.030029,0.093384,91.0523,0,0
1.7500,1881006,-0.673096,0.733093,-0.030151,0.093140,91.0738,0,0
1.7600,1881016,-0.673340,0.732849,-0.030212,0.092896,91.0818,0,0
1.7700,1881026,-0.673462,0.732788,-0.030396,0.092651,91.0637,0,0
1.7800,1881036,-0.673401,0.732849,-0.030640,0.092407,91.0178,0,0
1.7900,1881046,-0.673218,0.733032,-0.030884,0.092163,90.9499,0,0
1.8000,1881056,-0.673035,0.733215,-0.031250,0.091919,90.8864,0,0
1.8100,1881066,-0.672852,0.733398,-0.031555,0.091614,90.8396,0,0
1.8200,1881076,-0.672852,0.733459,-0.031799,0.091309,90.8117,0,0
1.8300,1881086,-0.672852,0.733459,-0.031982,0.091003,90.7970,0,0
1.8400,1881096,-0.673035,0.733337,-0.032104,0.090759,90.7901,0,0
1.8500,1881106,-0.673218,0.733154,-0.032227,0.090515,90.7804,0,0
1.8600,1881116,-0.673462,0.733032,-0.032349,0.090088,90.7588,0,0
1.8700,1881126,-0.673462,0.733032,-0.032471,0.089966,90.7161,0,0
1.8800,1881136,-0.673340,0.733154,-0.032654,0.089844,90.6577,0,0
1.8900,1881146,-0.673157,0.733276,-0.032837,0.089600,90.5945,0,0
1.9000,1881156,-0.672974,0.733459,-0.033142,0.089417,90.5314,0,0
1.9100,1881166,-0.672852,0.733643,-0.033386,0.089172,90.4784,0,0
1.9200,1881176,-0.672852,0.733643,-0.033630,0.088928,90.4441,0,0
1.9300,1881186,-0.672974,0.733521,-0.033875,0.088745,90.4262,0,0
1.9400,1881196,-0.673157,0.733398,-0.034058,0.088440,90.4234,0,0
1.9500,1881206,-0.673401,0.733154,-0.034180,0.088196,90.4241,0,0
1.9600,1881216,-0.673645,0.732971,-0.034363,0.088074,90.4225,0,0
1.9700,1881226,-0.673767,0.732910,-0.034485,0.087891,90.4065,0,0
1.9800,1881236,-0.673767,0.732910,-0.034668,0.087708,90.3688,0,0
1.9900,1881246,-0.673584,0.733093,-0.034851,0.087585,90.3043,0,0
2.0000,1881256,-0.673279,0.733337,-0.035034,0.087402,90.2282,0,0
2.0100,1881266,-0.673035,0.733582,-0.035217,0.087280,90.1559,0,0
2.0200,1881276,-0.672852,0.733765,-0.035400,0.087097,90.1024,0,0
2.0300,1881286,-0.672913,0.733765,-0.035522,0.086975,90.0753,0,0
2.0400,1881296,-0.673096,0.733582,-0.035645,0.086731,90.0697,0,0
2.0500,1881306,-0.673279,0.733459,-0.035767,0.086487,90.0672,0,0
2.0600,1881316,-0.673462,0.733337,-0.035950,0.086182,90.0510,0,0
2.0700,1881326,-0.673462,0.733337,-0.036133,0.085876,89.9982,0,0
2.0800,1881336,-0.673340,0.733459,-0.036377,0.085571,89.9342,0,0
2.0900,1881346,-0.673157,0.733643,-0.036621,0.085205,89.8721,0,0
2.1000,1881356,-0.673035,0.733826,-0.036865,0.084961,89.8267,0,0
2.1100,1881366,-0.672974,0.733887,-0.037109,0.084717,89.7954,0,0
2.1200,1881376,-0.672974,0.733887,-0.037292,0.084534,89.7739,0,0
2.1300,1881386,-0.673035,0.733826,-0.037537,0.084412,89.7492,0,0
2.1400,1881396,-0.673096,0.733765,-0.038086,0.084106,89.7179,0,0
2.1500,1881406,-0.673035,0.733826,-0.038391,0.083984,89.6751,0,0
2.1600,1881416,-0.672913,0.733948,-0.038696,0.083862,89.6255,0,0
2.1700,1881426,-0.672791,0.734009,-0.039001,0.083679,89.5740,0,0
2.1800,1881436,-0.672729,0.734131,-0.039246,0.083496,89.5251,0,0
2.1900,1881446,-0.672668,0.734192,-0.039429,0.083313,89.4815,0,0
2.2000,1881456,-0.672668,0.734192,-0.039490,0.083069,89.4513,0,0
2.2100,1881466,-0.672729,0.734192,-0.039551,0.082825,89.4266,0,0
2.2200,1881476,-0.672729,0.734192,-0.039673,0.082520,89.4044,0,0
2.2300,1881486,-0.672791,0.734192,-0.039795,0.082275,89.3730,0,0
2.2400,1881496,-0.672668,0.734314,-0.039917,0.081970,89.3296,0,0
2.2500,1881506,-0.672546,0.734436,-0.040100,0.081665,89.2709,0,0
2.2600,1881516,-0.672302,0.734680,-0.040283,0.081360,89.2067,0,0
2.2700,1881526,-0.672180,0.734863,-0.040466,0.081055,89.1516,0,0
2.2800,1881536,-0.672119,0.734924,-0.040588,0.080750,89.1134,0,0
2.2900,1881546,-0.672180,0.734863,-0.040710,0.080505,89.1009,0,0
2.3000,1881556,-0.672363,0.734741,-0.040771,0.080322,89.0995,0,0
2.3100,1881566,-0.672485,0.734619,-0.040894,0.080200,89.1000,0,0
2.3200,1881576,-0.672607,0.734497,-0.041077,0.080139,89.0921,0,0
2.3300,1881586,-0.672607,0.734497,-0.041260,0.080078,89.0684,0,0
2.3400,1881596,-0.672607,0.734497,-0.041443,0.080078,89.0382,0,0
2.3500,1881606,-0.672546,0.734497,-0.041687,0.080139,89.0042,0,0
2.3600,1881616,-0.672485,0.734558,-0.041931,0.080139,88.9628,0,0
2.3700,1881626,-0.672424,0.734619,-0.042114,0.080078,88.9223,0,0
2.3800,1881636,-0.672363,0.734680,-0.042297,0.079956,88.8856,0,0
2.3900,1881646,-0.672302,0.734741,-0.042419,0.079773,88.8535,0,0
2.4000,1881656,-0.672241,0.734802,-0.042542,0.079590,88.8343,0,0
2.4100,1881666,-0.672241,0.734802,-0.042542,0.079346,88.8262,0,0
2.4200,1881676,-0.672363,0.734741,-0.042542,0.079102,88.8213,0,0
2.4300,1881686,-0.672668,0.734497,-0.042419,0.078613,88.8143,0,0
2.4400,1881696,-0.672791,0.734497,-0.042480,0.078308,88.7969,0,0
2.4500,1881706,-0.672791,0.734497,-0.042542,0.078003,88.7666,0,0
2.4600,1881716,-0.672729,0.734558,-0.042725,0.077759,88.7241,0,0
2.4700,1881726,-0.672607,0.734680,-0.042908,0.077454,88.6771,0,0
2.4800,1881736,-0.672546,0.734741,-0.043091,0.077148,88.6364,0,0
2.4900,1881746,-0.672546,0.734741,-0.043213,0.076904,88.6079,0,0
2.5000,1881756,-0.672607,0.734741,-0.043274,0.076660,88.5866,0,0
2.5100,1881766,-0.672729,0.734680,-0.043335,0.076477,88.5699,0,0
2.5200,1881776,-0.672729,0.734680,-0.043457,0.076355,88.5492,0,0
2.5300,1881786,-0.672729,0.734619,-0.043579,0.076233,88.5188,0,0
2.5400,1881796,-0.672668,0.734741,-0.043701,0.076111,88.4798,0,0
2.5500,1881806,-0.672546,0.734802,-0.043823,0.075989,88.4368,0,0
2.5600,1881816,-0.672424,0.734985,-0.043884,0.075928,88.3930,0,0
2.5700,1881826,-0.672302,0.735046,-0.043945,0.075867,88.3549,0,0
2.5800,1881836,-0.672241,0.735107,-0.044006,0.075806,88.3228,0,0
2.5900,1881846,-0.672180,0.735168,-0.044067,0.075867,88.2976,0,0
2.6000,1881856,-0.672180,0.735168,-0.044189,0.075867,88.2790,0,0
2.6100,1881866,-0.672180,0.735168,-0.044312,0.075867,88.2631,0,0
2.6200,1881876,-0.672180,0.735107,-0.044434,0.075806,88.2433,0,0
2.6300,1881886,-0.672180,0.735168,-0.044617,0.075684,88.2154,0,0
2.6400,1881896,-0.672058,0.735291,-0.044800,0.075562,88.1805,0,0
2.6500,1881906,-0.671936,0.735413,-0.045044,0.075378,88.1348,0,0
2.6600,1881916,-0.671753,0.735535,-0.045227,0.075195,88.0926,0,0
2.6700,1881926,-0.671631,0.735718,-0.045410,0.074951,88.0570,0,0
2.6800,1881936,-0.671509,0.735840,-0.045532,0.074646,88.0375,0,0
2.6900,1881946,-0.671509,0.735840,-0.045593,0.074402,88.0260,0,0
2.7000,1881956,-0.671570,0.735779,-0.045654,0.074158,88.0132,0,0
2.7100,1881966,-0.671631,0.735779,-0.045715,0.073975,87.9922,0,0
2.7200,1881976,-0.671570,0.735840,-0.045959,0.073669,87.9619,0,0
2.7300,1881986,-0.671509,0.735901,-0.046143,0.073547,87.9296,0,0
2.7400,1881996,-0.671387,0.735962,-0.046265,0.073364,87.9014,0,0
2.7500,1882006,-0.671387,0.736023,-0.046448,0.073242,87.8749,0,0
2.7600,1882016,-0.671326,0.736084,-0.046570,0.073120,87.8528,0,0
2.7700,1882026,-0.671326,0.736084,-0.046753,0.072998,87.8280,0,0
2.7800,1882036,-0.671265,0.736145,-0.046875,0.072815,87.8039,0,0
2.7900,1882046,-0.671204,0.736206,-0.047058,0.072693,87.7804,0,0
2.8000,1882056,-0.671204,0.736206,-0.047180,0.072571,87.7555,0,0
2.8100,1882066,-0.671143,0.736267,-0.047302,0.072510,87.7295,0,0
2.8200,1882076,-0.671021,0.736328,-0.047363,0.072388,87.7013,0,0
2.8300,1882086,-0.670959,0.736450,-0.047485,0.072327,87.6738,0,0
2.8400,1882096,-0.670898,0.736511,-0.047546,0.072266,87.6472,0,0
2.8500,1882106,-0.670776,0.736572,-0.047668,0.072144,87.6223,0,0
2.8600,1882116,-0.670837,0.736572,-0.047791,0.072083,87.6063,0,0
2.8700,1882126,-0.670837,0.736572,-0.047852,0.071899,87.5966,0,0
2.8800,1882136,-0.670898,0.736511,-0.047852,0.071777,87.5889,0,0
2.8900,1882146,-0.670898,0.736511,-0.047913,0.071655,87.5786,0,0
2.9000,1882156,-0.670898,0.736511,-0.047974,0.071533,87.5659,0,0
2.9100,1882166,-0.670898,0.736511,-0.048035,0.071411,87.5495,0,0
2.9200,1882176,-0.670959,0.736511,-0.048157,0.071228,87.5381,0,0
2.9300,1882186,-0.671021,0.736450,-0.048279,0.071106,87.5350,0,0
2.9400,1882196,-0.671082,0.736389,-0.048401,0.070984,87.5261,0,0
2.9500,1882206,-0.671082,0.736389,-0.048462,0.070923,87.5080,0,0
2.9600,1882216,-0.671082,0.736389,-0.048523,0.070862,87.4818,0,0
2.9700,1882226,-0.671021,0.736450,-0.048584,0.070801,87.4529,0,0
2.9800,1882236,-0.670959,0.736511,-0.048584,0.070801,87.4254,0,0
2.9900,1882246,-0.670837,0.736572,-0.048584,0.070801,87.4052,0,0
3.0000,1882256,-0.670837,0.736633,-0.048584,0.070801,87.4002,0,0
3.0100,1882266,-0.670959,0.736511,-0.048584,0.070801,87.4062,0,0
3.0200,1882276,-0.671082,0.736389,-0.048584,0.070801,87.4172,0,0
3.0300,1882286,-0.671204,0.736267,-0.048645,0.070862,87.4194,0,0
3.0400,1882296,-0.671204,0.736267,-0.048706,0.070923,87.4060,0,0
3.0500,1882306,-0.671082,0.736389,-0.048889,0.070984,87.3773,0,0
3.0600,1882316,-0.670898,0.736511,-0.049072,0.070984,87.3423,0,0
3.0700,1882326,-0.670776,0.736633,-0.049255,0.070923,87.3125,0,0
3.0800,1882336,-0.670715,0.736694,-0.049438,0.070862,87.2937,0,0
3.0900,1882346,-0.670715,0.736694,-0.049561,0.070801,87.2888,0,0
3.1000,1882356,-0.670837,0.736572,-0.049622,0.070740,87.2949,0,0
3.1100,1882366,-0.670959,0.736450,-0.049683,0.070679,87.3060,0,0
3.1200,1882376,-0.671021,0.736389,-0.049622,0.070679,87.3123,0,0
3.1300,1882386,-0.671082,0.736328,-0.049683,0.070740,87.3119,0,0
3.1400,1882396,-0.671082,0.736328,-0.049744,0.070801,87.3002,0,0
3.1500,1882406,-0.671021,0.736389,-0.049805,0.070862,87.2789,0,0
3.1600,1882416,-0.670898,0.736450,-0.049927,0.070984,87.2546,0,0
3.1700,1882426,-0.670776,0.736572,-0.049988,0.071045,87.2333,0,0
3.1800,1882436,-0.670776,0.736572,-0.050049,0.071106,87.2219,0,0
3.1900,1882446,-0.670715,0.736572,-0.050110,0.071167,87.2201,0,0
3.2000,1882456,-0.670776,0.736511,-0.050110,0.071289,87.2236,0,0
3.2100,1882466,-0.670837,0.736450,-0.050049,0.071350,87.2264,0,0
3.2200,1882476,-0.670837,0.736450,-0.049988,0.071350,87.2213,0,0
3.2300,1882486,-0.670837,0.736450,-0.049988,0.071350,87.2118,0,0
3.2400,1882496,-0.670837,0.736450,-0.049988,0.071289,87.2045,0,0
3.2500,1882506,-0.670837,0.736511,-0.049988,0.071106,87.1969,0,0
3.2600,1882516,-0.670898,0.736511,-0.049988,0.070862,87.1890,0,0
3.2700,1882526,-0.670898,0.736511,-0.049988,0.070618,87.1809,0,0
3.2800,1882536,-0.670898,0.736511,-0.049988,0.070312,87.1750,0,0
3.2900,1882546,-0.670959,0.736511,-0.049988,0.069824,87.1674,0,0
3.3000,1882556,-0.671021,0.736450,-0.049927,0.069641,87.1674,0,0
3.3100,1882566,-0.671143,0.736389,-0.049866,0.069458,87.1715,0,0
3.3200,1882576,-0.671204,0.736328,-0.049866,0.069336,87.1765,0,0
3.3300,1882586,-0.671265,0.736267,-0.049927,0.069275,87.1754,0,0
3.3400,1882596,-0.671265,0.736267,-0.049927,0.069275,87.1649,0,0
3.3500,1882606,-0.671265,0.736328,-0.049927,0.069275,87.1501,0,0
3.3600,1882616,-0.671265,0.736267,-0.049988,0.069336,87.1390,0,0
3.3700,1882626,-0.671265,0.736267,-0.050049,0.069397,87.1368,0,0
3.3800,1882636,-0.671326,0.736206,-0.050110,0.069458,87.1466,0,0
3.3900,1882646,-0.671448,0.736084,-0.050171,0.069519,87.1589,0,0
3.4000,1882656,-0.671570,0.735962,-0.050232,0.069580,87.1682,0,0
3.4100,1882666,-0.671631,0.735901,-0.050232,0.069641,87.1687,0,0
3.4200,1882676,-0.671631,0.735901,-0.050293,0.069641,87.1644,0,0
3.4300,1882686,-0.671631,0.735901,-0.050354,0.069580,87.1542,0,0
3.4400,1882696,-0.671631,0.735901,-0.050415,0.069458,87.1458,0,0
3.4500,1882706,-0.671692,0.735901,-0.050476,0.069336,87.1371,0,0
3.4600,1882716,-0.671692,0.735901,-0.050537,0.069153,87.1216,0,0
3.4700,1882726,-0.671692,0.735901,-0.050537,0.068970,87.1057,0,0
3.4800,1882736,-0.671692,0.735901,-0.050537,0.068787,87.0906,0,0
3.4900,1882746,-0.671692,0.735901,-0.050537,0.068665,87.0810,0,0
3.5000,1882756,-0.671814,0.735840,-0.050537,0.068481,87.0785,0,0
3.5100,1882766,-0.671875,0.735779,-0.050537,0.068359,87.0693,0,0
3.5200,1882776,-0.671875,0.735779,-0.050598,0.068298,87.0589,0,0
3.5300,1882786,-0.671875,0.735779,-0.050720,0.068237,87.0477,0,0
3.5400,1882796,-0.671875,0.735779,-0.050842,0.068176,87.0413,0,0
3.5500,1882806,-0.671875,0.735779,-0.050964,0.068176,87.0400,0,0
3.5600,1882816,-0.671936,0.735657,-0.051086,0.068176,87.0397,0,0
3.5700,1882826,-0.672058,0.735596,-0.051086,0.068176,87.0353,0,0
3.5800,1882836,-0.672119,0.735535,-0.051086,0.068176,87.0234,0,0
3.5900,1882846,-0.672119,0.735535,-0.051025,0.068115,87.0044,0,0
3.6000,1882856,-0.672058,0.735596,-0.051086,0.068115,86.9858,0,0
3.6100,1882866,-0.672058,0.735596,-0.051025,0.068176,86.9789,0,0
3.6200,1882876,-0.672119,0.735535,-0.050964,0.068237,86.9818,0,0
3.6300,1882886,-0.672241,0.735413,-0.050903,0.068298,86.9864,0,0
3.6400,1882896,-0.672302,0.735352,-0.050903,0.068420,86.9890,0,0
3.6500,1882906,-0.672302,0.735352,-0.050964,0.068481,86.9814,0,0
3.6600,1882916,-0.672180,0.735413,-0.051025,0.068542,86.9605,0,0
3.6700,1882926,-0.672058,0.735535,-0.051086,0.068604,86.9311,0,0
3.6800,1882936,-0.671875,0.735657,-0.051147,0.068665,86.9038,0,0
3.6900,1882946,-0.671875,0.735718,-0.051147,0.068665,86.8927,0,0
3.7000,1882956,-0.671875,0.735657,-0.051147,0.068665,86.8964,0,0
3.7100,1882966,-0.671997,0.735596,-0.051208,0.068604,86.9100,0,0
3.7200,1882976,-0.672119,0.735474,-0.051208,0.068604,86.9236,0,0
3.7300,1882986,-0.672241,0.735352,-0.051270,0.068542,86.9317,0,0
3.7400,1882996,-0.672302,0.735352,-0.051331,0.068481,86.9291,0,0
3.7500,1883006,-0.672302,0.735291,-0.051392,0.068420,86.9208,0,0
3.7600,1883016,-0.672302,0.735291,-0.051453,0.068359,86.9081,0,0
3.7700,1883026,-0.672241,0.735352,-0.051514,0.068359,86.8942,0,0
3.7800,1883036,-0.672241,0.735413,-0.051453,0.068298,86.8805,0,0
3.7900,1883046,-0.672241,0.735413,-0.051392,0.068237,86.8722,0,0
3.8000,1883056,-0.672241,0.735413,-0.051331,0.068237,86.8643,0,0
3.8100,1883066,-0.672241,0.735413,-0.051270,0.068298,86.8564,0,0
3.8200,1883076,-0.672241,0.735413,-0.051208,0.068359,86.8470,0,0
3.8300,1883086,-0.672180,0.735474,-0.051208,0.068359,86.8333,0,0
3.8400,1883096,-0.672119,0.735474,-0.051270,0.068298,86.8220,0,0
3.8500,1883106,-0.672058,0.735535,-0.051331,0.068237,86.8154,0,0
3.8600,1883116,-0.672119,0.735535,-0.051514,0.068054,86.8169,0,0
3.8700,1883126,-0.672180,0.735474,-0.051575,0.068054,86.8248,0,0
3.8800,1883136,-0.672302,0.735352,-0.051697,0.068054,86.8365,0,0
3.8900,1883146,-0.672424,0.735229,-0.051819,0.068115,86.8469,0,0
3.9000,1883156,-0.672485,0.735107,-0.052002,0.068115,86.8550,0,0
3.9100,1883166,-0.672546,0.735046,-0.052124,0.068115,86.8531,0,0
3.9200,1883176,-0.672546,0.735046,-0.052185,0.068176,86.8395,0,0
3.9300,1883186,-0.672424,0.735168,-0.052246,0.068237,86.8170,0,0
3.9400,1883196,-0.672302,0.735229,-0.052246,0.068176,86.7922,0,0
3.9500,1883206,-0.672241,0.735352,-0.052307,0.068176,86.7721,0,0
3.9600,1883216,-0.672180,0.735413,-0.052307,0.068176,86.7589,0,0
3.9700,1883226,-0.672180,0.735413,-0.052307,0.068176,86.7566,0,0
3.9800,1883236,-0.672241,0.735352,-0.052307,0.068176,86.7608,0,0
3.9900,1883246,-0.672302,0.735291,-0.052307,0.068176,86.7702,0,0
4.0000,1883256,-0.672424,0.735168,-0.052368,0.068115,86.7809,0,0
4.0100,1883266,-0.672485,0.735107,-0.052429,0.068054,86.7911,0,0
4.0200,1883276,-0.672607,0.735046,-0.052490,0.067993,86.7923,0,0
4.0300,1883286,-0.672607,0.734985,-0.052612,0.067932,86.7887,0,0
4.0400,1883296,-0.672607,0.734985,-0.052673,0.067810,86.7817,0,0
4.0500,1883306,-0.672607,0.734985,-0.052795,0.067749,86.7725,0,0
4.0600,1883316,-0.672668,0.734924,-0.052856,0.067627,86.7715,0,0
4.0700,1883326,-0.672791,0.734802,-0.052917,0.067627,86.7777,0,0
4.0800,1883336,-0.672913,0.734741,-0.052917,0.067627,86.7806,0,0
4.0900,1883346,-0.672974,0.734680,-0.052856,0.067566,86.7780,0,0
4.1000,1883356,-0.673035,0.734619,-0.052734,0.067566,86.7751,0,0
4.1100,1883366,-0.673035,0.734619,-0.052612,0.067505,86.7682,0,0
4.1200,1883376,-0.673035,0.734619,-0.052551,0.067444,86.7622,0,0
4.1300,1883386,-0.673035,0.734619,-0.052551,0.067444,86.7553,0,0
4.1400,1883396,-0.673035,0.734619,-0.052551,0.067444,86.7476,0,0
4.1500,1883406,-0.673035,0.734619,-0.052612,0.067566,86.7403,0,0
4.1600,1883416,-0.673035,0.734619,-0.052673,0.067505,86.7261,0,0
4.1700,1883426,-0.673035,0.734680,-0.052734,0.067444,86.7108,0,0
4.1800,1883436,-0.673035,0.734680,-0.052795,0.067383,86.6980,0,0
4.1900,1883446,-0.673035,0.734680,-0.052734,0.067322,86.6889,0,0
4.2000,1883456,-0.673035,0.734680,-0.052612,0.067200,86.6831,0,0
4.2100,1883466,-0.673035,0.734680,-0.052490,0.067078,86.6807,0,0
4.2200,1883476,-0.673035,0.734680,-0.052429,0.066956,86.6795,0,0
4.2300,1883486,-0.673035,0.734680,-0.052307,0.066895,86.6719,0,0
4.2400,1883496,-0.673035,0.734741,-0.052246,0.066772,86.6587,0,0
4.2500,1883506,-0.672974,0.734802,-0.052185,0.066711,86.6456,0,0
4.2600,1883516,-0.672913,0.734863,-0.052185,0.066711,86.6343,0,0
4.2700,1883526,-0.672913,0.734863,-0.052185,0.066711,86.6260,0,0
4.2800,1883536,-0.672913,0.734863,-0.052185,0.066711,86.6180,0,0
4.2900,1883546,-0.672913,0.734863,-0.052185,0.066711,86.6117,0,0
4.3000,1883556,-0.672913,0.734863,-0.052185,0.066711,86.6075,0,0
4.3100,1883566,-0.672913,0.734863,-0.052185,0.066711,86.6058,0,0
4.3200,1883576,-0.672974,0.734802,-0.052185,0.066711,86.6114,0,0
4.3300,1883586,-0.673035,0.734741,-0.052185,0.066711,86.6172,0,0
4.3400,1883596,-0.673096,0.734741,-0.052185,0.066711,86.6210,0,0
4.3500,1883606,-0.673096,0.734741,-0.052246,0.066711,86.6187,0,0
4.3600,1883616,-0.673096,0.734680,-0.052307,0.066650,86.6129,0,0
4.3700,1883626,-0.673096,0.734680,-0.052368,0.066589,86.6096,0,0
4.3800,1883636,-0.673096,0.734680,-0.052490,0.066467,86.6142,0,0
4.3900,1883646,-0.673157,0.734619,-0.052551,0.066406,86.6180,0,0
4.4000,1883656,-0.673218,0.734558,-0.052612,0.066345,86.6175,0,0
4.4100,1883666,-0.673218,0.734558,-0.052673,0.066284,86.6104,0,0
4.4200,1883676,-0.673218,0.734558,-0.052673,0.066284,86.5978,0,0
4.4300,1883686,-0.673218,0.734619,-0.052673,0.066284,86.5822,0,0
4.4400,1883696,-0.673035,0.734741,-0.052795,0.066162,86.5638,0,0
4.4500,1883706,-0.672913,0.734802,-0.052856,0.066223,86.5464,0,0
4.4600,1883716,-0.672852,0.734924,-0.052856,0.066223,86.5286,0,0
4.4700,1883726,-0.672729,0.734985,-0.052856,0.066223,86.5130,0,0
4.4800,1883736,-0.672668,0.735046,-0.052856,0.066223,86.5010,0,0
4.4900,1883746,-0.672607,0.735107,-0.052917,0.066223,86.4950,0,0
4.5000,1883756,-0.672668,0.735046,-0.052917,0.066223,86.5024,0,0
4.5100,1883766,-0.672791,0.734924,-0.052917,0.066223,86.5170,0,0
4.5200,1883776,-0.672913,0.734863,-0.052979,0.066162,86.5320,0,0
4.5300,1883786,-0.672974,0.734802,-0.053040,0.066101,86.5344,0,0
4.5400,1883796,-0.672913,0.734863,-0.053101,0.065979,86.5177,0,0
4.5500,1883806,-0.672729,0.734985,-0.053162,0.065857,86.4876,0,0
4.5600,1883816,-0.672607,0.735168,-0.053162,0.065735,86.4607,0,0
4.5700,1883826,-0.672485,0.735229,-0.053223,0.065613,86.4422,0,0
4.5800,1883836,-0.672546,0.735229,-0.053223,0.065552,86.4394,0,0
4.5900,1883846,-0.672607,0.735168,-0.053223,0.065491,86.4475,0,0
4.6000,1883856,-0.672668,0.735107,-0.053284,0.065491,86.4551,0,0
4.6100,1883866,-0.672668,0.735107,-0.053284,0.065430,86.4553,0,0
4.6200,1883876,-0.672668,0.735107,-0.053345,0.065430,86.4501,0,0
4.6300,1883886,-0.672668,0.735107,-0.053406,0.065369,86.4433,0,0
4.6400,1883896,-0.672668,0.735107,-0.053467,0.065308,86.4405,0,0
4.6500,1883906,-0.672729,0.735046,-0.053467,0.065308,86.4509,0,0
4.6600,1883916,-0.672852,0.734985,-0.053467,0.065308,86.4572,0,0
4.6700,1883926,-0.672913,0.734924,-0.053467,0.065308,86.4525,0,0
4.6800,1883936,-0.672913,0.734924,-0.053467,0.065308,86.4348,0,0
4.6900,1883946,-0.672852,0.734985,-0.053528,0.065247,86.4174,0,0
4.7000,1883956,-0.672791,0.735046,-0.053589,0.065186,86.4068,0,0
4.7100,1883966,-0.672791,0.735046,-0.053589,0.065125,86.4021,0,0
4.7200,1883976,-0.672791,0.735046,-0.053589,0.064880,86.4024,0,0
4.7300,1883986,-0.672791,0.735046,-0.053711,0.064758,86.4020,0,0
4.7400,1883996,-0.672852,0.734985,-0.053833,0.064636,86.3926,0,0
4.7500,1884006,-0.672852,0.734985,-0.054016,0.064453,86.3814,0,0
4.7600,1884016,-0.672852,0.734985,-0.054138,0.064331,86.3699,0,0
4.7700,1884026,-0.672913,0.734924,-0.054260,0.064270,86.3667,0,0
4.7800,1884036,-0.672974,0.734863,-0.054199,0.064270,86.3714,0,0
4.7900,1884046,-0.673096,0.734741,-0.054199,0.064270,86.3794,0,0
4.8000,1884056,-0.673157,0.734680,-0.054138,0.064331,86.3805,0,0
4.8100,1884066,-0.673157,0.734680,-0.054138,0.064392,86.3738,0,0
4.8200,1884076,-0.673157,0.734680,-0.054138,0.064453,86.3629,0,0
4.8300,1884086,-0.673096,0.734741,-0.054199,0.064514,86.3472,0,0
4.8400,1884096,-0.672974,0.734802,-0.054321,0.064514,86.3267,0,0
4.8500,1884106,-0.672913,0.734863,-0.054382,0.064575,86.3108,0,0
4.8600,1884116,-0.672913,0.734863,-0.054504,0.064575,86.2999,0,0
4.8700,1884126,-0.672974,0.734863,-0.054565,0.064514,86.2961,0,0
4.8800,1884136,-0.672974,0.734863,-0.054565,0.064514,86.2948,0,0
4.8900,1884146,-0.672974,0.734863,-0.054565,0.064514,86.2906,0,0
4.9000,1884156,-0.672913,0.734863,-0.054626,0.064453,86.2795,0,0
4.9100,1884166,-0.672852,0.734924,-0.054626,0.064453,86.2637,0,0
4.9200,1884176,-0.672791,0.734985,-0.054626,0.064453,86.2504,0,0
4.9300,1884186,-0.672791,0.734985,-0.054626,0.064453,86.2419,0,0
4.9400,1884196,-0.672791,0.734985,-0.054626,0.064453,86.2398,0,0
4.9500,1884206,-0.672791,0.734985,-0.054626,0.064453,86.2383,0,0
4.9600,1884216,-0.672791,0.734985,-0.054565,0.064453,86.2393,0,0
4.9700,1884226,-0.672791,0.734985,-0.054565,0.064331,86.2397,0,0
4.9800,1884236,-0.672791,0.734985,-0.054565,0.064270,86.2365,0,0
4.9900,1884246,-0.672791,0.734985,-0.054626,0.064209,86.2256,0,0
5.0000,1884256,-0.672791,0.734985,-0.054687,0.064148,86.2087,0,0
5.0100,1884266,-0.672668,0.735168,-0.054932,0.063965,86.1891,0,0
5.0200,1884276,-0.672546,0.735229,-0.055054,0.063843,86.1716,0,0
5.0300,1884286,-0.672546,0.735229,-0.055176,0.063721,86.1620,0,0
5.0400,1884296,-0.672607,0.735168,-0.055298,0.063599,86.1642,0,0
5.0500,1884306,-0.672729,0.735046,-0.055359,0.063538,86.1757,0,0
5.0600,1884316,-0.672913,0.734924,-0.055420,0.063477,86.1908,0,0
5.0700,1884326,-0.672974,0.734863,-0.055481,0.063416,86.1987,0,0
5.0800,1884336,-0.672974,0.734863,-0.055481,0.063416,86.1917,0,0
5.0900,1884346,-0.672974,0.734863,-0.055481,0.063416,86.1780,0,0
5.1000,1884356,-0.672913,0.734863,-0.055542,0.063416,86.1614,0,0
5.1100,1884366,-0.672913,0.734863,-0.055542,0.063416,86.1479,0,0
5.1200,1884376,-0.672913,0.734863,-0.055542,0.063416,86.1388,0,0
5.1300,1884386,-0.672913,0.734863,-0.055542,0.063416,86.1354,0,0
5.1400,1884396,-0.672913,0.734863,-0.055542,0.063416,86.1340,0,0
5.1500,1884406,-0.672913,0.734863,-0.055542,0.063416,86.1314,0,0
5.1600,1884416,-0.672913,0.734863,-0.055542,0.063354,86.1260,0,0
5.1700,1884426,-0.672974,0.734863,-0.055603,0.063293,86.1174,0,0
5.1800,1884436,-0.672913,0.734924,-0.055664,0.063232,86.1014,0,0
5.1900,1884446,-0.672791,0.734985,-0.055786,0.063171,86.0821,0,0
5.2000,1884456,-0.672668,0.735107,-0.055847,0.063110,86.0619,0,0
5.2100,1884466,-0.672607,0.735168,-0.055908,0.063049,86.0476,0,0
5.2200,1884476,-0.672607,0.735229,-0.055908,0.063049,86.0387,0,0
5.2300,1884486,-0.672607,0.735229,-0.055908,0.063049,86.0397,0,0
5.2400,1884496,-0.672607,0.735229,-0.055908,0.063049,86.0413,0,0
5.2500,1884506,-0.672607,0.735229,-0.055847,0.063110,86.0440,0,0
5.2600,1884516,-0.672546,0.735229,-0.055786,0.063171,86.0477,0,0
5.2700,1884526,-0.672607,0.735168,-0.055786,0.063293,86.0542,0,0
5.2800,1884536,-0.672668,0.735107,-0.055786,0.063477,86.0580,0,0
5.2900,1884546,-0.672668,0.735107,-0.055847,0.063599,86.0618,0,0
5.3000,1884556,-0.672668,0.735046,-0.055908,0.063965,86.0619,0,0
5.3100,1884566,-0.672607,0.735046,-0.055908,0.064148,86.0589,0,0
5.3200,1884576,-0.672607,0.735046,-0.055847,0.064270,86.0585,0,0
5.3300,1884586,-0.672607,0.735046,-0.055847,0.064392,86.0617,0,0
5.3400,1884596,-0.672668,0.735046,-0.055725,0.064453,86.0714,0,0
5.3500,1884606,-0.672668,0.734985,-0.055664,0.064514,86.0800,0,0
5.3600,1884616,-0.672729,0.734985,-0.055603,0.064514,86.0894,0,0
5.3700,1884626,-0.672791,0.734924,-0.055481,0.064514,86.0995,0,0
5.3800,1884636,-0.672852,0.734863,-0.055359,0.064392,86.1120,0,0
5.3900,1884646,-0.672974,0.734802,-0.055298,0.064331,86.1239,0,0
5.4000,1884656,-0.672974,0.734802,-0.055237,0.064270,86.1305,0,0
5.4100,1884666,-0.672974,0.734802,-0.055237,0.064270,86.1291,0,0
5.4200,1884676,-0.672913,0.734863,-0.055237,0.064270,86.1188,0,0
5.4300,1884686,-0.672791,0.734924,-0.055298,0.064331,86.1019,0,0
5.4400,1884696,-0.672668,0.735046,-0.055359,0.064331,86.0846,0,0
5.4500,1884706,-0.672607,0.735107,-0.055420,0.064392,86.0736,0,0
5.4600,1884716,-0.672607,0.735107,-0.055359,0.064453,86.0738,0,0
5.4700,1884726,-0.672607,0.735107,-0.055298,0.064514,86.0823,0,0
5.4800,1884736,-0.672729,0.735046,-0.055237,0.064514,86.0969,0,0
5.4900,1884746,-0.672791,0.734924,-0.055237,0.064514,86.1101,0,0
5.5000,1884756,-0.672852,0.734924,-0.055237,0.064514,86.1174,0,0
5.5100,1884766,-0.672852,0.734924,-0.055298,0.064514,86.1095,0,0
5.5200,1884776,-0.672791,0.734924,-0.055420,0.064453,86.1031,0,0
5.5300,1884786,-0.672729,0.734985,-0.055542,0.064453,86.1030,0,0
5.5400,1884796,-0.672729,0.734985,-0.055603,0.064392,86.1089,0,0
5.5500,1884806,-0.672729,0.734985,-0.055603,0.064392,86.1210,0,0
5.5600,1884816,-0.672791,0.734924,-0.055542,0.064331,86.1330,0,0
5.5700,1884826,-0.672913,0.734863,-0.055481,0.064270,86.1481,0,0
5.5800,1884836,-0.673096,0.734680,-0.055359,0.064209,86.1642,0,0
5.5900,1884846,-0.673218,0.734619,-0.055359,0.064209,86.1735,0,0
5.6000,1884856,-0.673218,0.734619,-0.055359,0.064209,86.1705,0,0
5.6100,1884866,-0.673096,0.734680,-0.055420,0.064270,86.1516,0,0
5.6200,1884876,-0.672913,0.734863,-0.055481,0.064331,86.1241,0,0
5.6300,1884886,-0.672791,0.734924,-0.055542,0.064392,86.1069,0,0
5.6400,1884896,-0.672791,0.734924,-0.055603,0.064453,86.1090,0,0
5.6500,1884906,-0.672913,0.734802,-0.055664,0.064514,86.1306,0,0
5.6600,1884916,-0.673096,0.734619,-0.055542,0.064575,86.1588,0,0
5.6700,1884926,-0.673218,0.734497,-0.055481,0.064636,86.1767,0,0
5.6800,1884936,-0.673218,0.734558,-0.055359,0.064758,86.1747,0,0
5.6900,1884946,-0.673096,0.734619,-0.055359,0.064819,86.1532,0,0
5.7000,1884956,-0.672852,0.734863,-0.055420,0.064819,86.1192,0,0
5.7100,1884966,-0.672668,0.735046,-0.055542,0.064819,86.0868,0,0
5.7200,1884976,-0.672546,0.735107,-0.055603,0.064758,86.0733,0,0
5.7300,1884986,-0.672607,0.735046,-0.055725,0.064636,86.0842,0,0
5.7400,1884996,-0.672852,0.734863,-0.055725,0.064575,86.1177,0,0
5.7500,1885006,-0.673157,0.734619,-0.055603,0.064514,86.1632,0,0
5.7600,1885016,-0.673462,0.734314,-0.055481,0.064453,86.2070,0,0
5.7700,1885026,-0.673645,0.734131,-0.055420,0.064392,86.2355,0,0
5.7800,1885036,-0.673767,0.734070,-0.055420,0.064392,86.2425,0,0
5.7900,1885046,-0.673706,0.734131,-0.055420,0.064392,86.2283,0,0
5.8000,1885056,-0.673523,0.734253,-0.055481,0.064453,86.1976,0,0
5.8100,1885066,-0.673401,0.734375,-0.055542,0.064453,86.1744,0,0
5.8200,1885076,-0.673218,0.734497,-0.055603,0.064514,86.1654,0,0
5.8300,1885086,-0.673218,0.734558,-0.055603,0.064514,86.1746,0,0
5.8400,1885096,-0.673279,0.734497,-0.055603,0.064514,86.1989,0,0
5.8500,1885106,-0.673462,0.734314,-0.055542,0.064575,86.2266,0,0
5.8600,1885116,-0.673645,0.734131,-0.055481,0.064636,86.2453,0,0
5.8700,1885126,-0.673889,0.733948,-0.055481,0.064636,86.2476,0,0
5.8800,1885136,-0.673828,0.733948,-0.055542,0.064575,86.2326,0,0
5.8900,1885146,-0.673645,0.734131,-0.055603,0.064514,86.2058,0,0
5.9000,1885156,-0.673523,0.734253,-0.055664,0.064453,86.1702,0,0
5.9100,1885166,-0.673340,0.734436,-0.055786,0.064392,86.1410,0,0
5.9200,1885176,-0.673279,0.734497,-0.055786,0.064392,86.1258,0,0
5.9300,1885186,-0.673340,0.734436,-0.055725,0.064331,86.1286,0,0
5.9400,1885196,-0.673462,0.734314,-0.055664,0.064270,86.1443,0,0
5.9500,1885206,-0.673645,0.734131,-0.055603,0.064270,86.1711,0,0
5.9600,1885216,-0.673889,0.733948,-0.055542,0.064148,86.2001,0,0
5.9700,1885226,-0.674072,0.733765,-0.055603,0.064148,86.2181,0,0
5.9800,1885236,-0.674133,0.733765,-0.055725,0.064026,86.2175,0,0
5.9900,1885246,-0.674011,0.733826,-0.055847,0.063904,86.1961,0,0
6.0000,1885256,-0.673889,0.733948,-0.055969,0.063782,86.1607,0,0
6.0100,1885266,-0.673706,0.734070,-0.056030,0.063721,86.1289,0,0
6.0200,1885276,-0.673706,0.734131,-0.056030,0.063599,86.1160,0,0
6.0300,1885286,-0.673767,0.734070,-0.055969,0.063477,86.1203,0,0
6.0400,1885296,-0.673889,0.733948,-0.055847,0.063416,86.1344,0,0
6.0500,1885306,-0.674011,0.733887,-0.055725,0.063293,86.1437,0,0
6.0600,1885316,-0.674072,0.733826,-0.055725,0.063293,86.1431,0,0
6.0700,1885326,-0.674011,0.733887,-0.055725,0.063232,86.1282,0,0
6.0800,1885336,-0.673889,0.734009,-0.055786,0.063171,86.0967,0,0
6.0900,1885346,-0.673767,0.734131,-0.055908,0.063049,86.0709,0,0
6.1000,1885356,-0.673645,0.734253,-0.056091,0.062988,86.0631,0,0
6.1100,1885366,-0.673645,0.734192,-0.056213,0.062927,86.0681,0,0
6.1200,1885376,-0.673767,0.734131,-0.056213,0.062805,86.0788,0,0
6.1300,1885386,-0.673828,0.734070,-0.056152,0.062683,86.0860,0,0
6.1400,1885396,-0.673950,0.733948,-0.056030,0.062622,86.0874,0,0
6.1500,1885406,-0.674011,0.733948,-0.055725,0.062622,86.0811,0,0
6.1600,1885416,-0.674011,0.733948,-0.055664,0.062622,86.0692,0,0
6.1700,1885426,-0.673950,0.734009,-0.055664,0.062622,86.0567,0,0
6.1800,1885436,-0.673950,0.734009,-0.055664,0.062622,86.0436,0,0
6.1900,1885446,-0.673950,0.734009,-0.055664,0.062622,86.0341,0,0
6.2000,1885456,-0.673950,0.734009,-0.055664,0.062622,86.0346,0,0
6.2100,1885466,-0.674011,0.733948,-0.055664,0.062622,86.0464,0,0
6.2200,1885476,-0.674194,0.733826,-0.055664,0.062622,86.0612,0,0
6.2300,1885486,-0.674255,0.733704,-0.055603,0.062622,86.0710,0,0
6.2400,1885496,-0.674255,0.733704,-0.055603,0.062683,86.0691,0,0
6.2500,1885506,-0.674194,0.733765,-0.055664,0.062744,86.0560,0,0
6.2600,1885516,-0.674133,0.733826,-0.055786,0.062866,86.0376,0,0
6.2700,1885526,-0.674011,0.733887,-0.055847,0.062927,86.0160,0,0
6.2800,1885536,-0.673889,0.734009,-0.055969,0.062927,85.9954,0,0
6.2900,1885546,-0.673889,0.734009,-0.056030,0.062866,85.9777,0,0
6.3000,1885556,-0.673828,0.734070,-0.056091,0.062805,85.9644,0,0
6.3100,1885566,-0.673889,0.734070,-0.056030,0.062744,85.9577,0,0
6.3200,1885576,-0.673889,0.734070,-0.055908,0.062622,85.9614,0,0
6.3300,1885586,-0.673950,0.734009,-0.055847,0.062561,85.9727,0,0
6.3400,1885596,-0.674072,0.733948,-0.055786,0.062439,85.9828,0,0
6.3500,1885606,-0.674011,0.733948,-0.055725,0.062378,85.9798,0,0
6.3600,1885616,-0.673950,0.734070,-0.055847,0.062256,85.9633,0,0
6.3700,1885626,-0.673767,0.734192,-0.055969,0.062195,85.9369,0,0
6.3800,1885636,-0.673645,0.734314,-0.056091,0.062073,85.9243,0,0
6.3900,1885646,-0.673584,0.734375,-0.056152,0.061951,85.9276,0,0
6.4000,1885656,-0.673645,0.734314,-0.056274,0.061890,85.9426,0,0
6.4100,1885666,-0.673767,0.734192,-0.056335,0.061829,85.9569,0,0
6.4200,1885676,-0.673950,0.734070,-0.056274,0.061768,85.9622,0,0
6.4300,1885686,-0.674011,0.734009,-0.056213,0.061707,85.9565,0,0
6.4400,1885696,-0.673950,0.734009,-0.056152,0.061646,85.9433,0,0
6.4500,1885706,-0.673889,0.734131,-0.056152,0.061646,85.9231,0,0
6.4600,1885716,-0.673767,0.734253,-0.056213,0.061646,85.8986,0,0
6.4700,1885726,-0.673584,0.734375,-0.056274,0.061523,85.8700,0,0
6.4800,1885736,-0.673462,0.734558,-0.056335,0.061462,85.8427,0,0
6.4900,1885746,-0.673340,0.734619,-0.056396,0.061401,85.8234,0,0
6.5000,1885756,-0.673279,0.734680,-0.056396,0.061401,85.8163,0,0
6.5100,1885766,-0.673340,0.734619,-0.056396,0.061401,85.8221,0,0
6.5200,1885776,-0.673401,0.734558,-0.056396,0.061340,85.8341,0,0
6.5300,1885786,-0.673401,0.734558,-0.056396,0.061340,85.8383,0,0
6.5400,1885796,-0.673340,0.734619,-0.056458,0.061279,85.8274,0,0
6.5500,1885806,-0.673279,0.734680,-0.056580,0.061218,85.8069,0,0
6.5600,1885816,-0.673157,0.734802,-0.056641,0.061096,85.7868,0,0
6.5700,1885826,-0.673096,0.734863,-0.056763,0.061035,85.7749,0,0
6.5800,1885836,-0.673096,0.734863,-0.056763,0.060913,85.7701,0,0
6.5900,1885846,-0.673096,0.734863,-0.056824,0.060852,85.7701,0,0
6.6000,1885856,-0.673096,0.734863,-0.056885,0.060791,85.7683,0,0
6.6100,1885866,-0.673096,0.734863,-0.056885,0.060791,85.7601,0,0
6.6200,1885876,-0.672974,0.734924,-0.056946,0.060852,85.7458,0,0
6.6300,1885886,-0.672913,0.735046,-0.057007,0.060852,85.7299,0,0
6.6400,1885896,-0.672852,0.735107,-0.057068,0.060913,85.7170,0,0
6.6500,1885906,-0.672791,0.735107,-0.057129,0.060974,85.7090,0,0
6.6600,1885916,-0.672791,0.735107,-0.057190,0.060913,85.7026,0,0
6.6700,1885926,-0.672791,0.735107,-0.057312,0.060791,85.6904,0,0
6.6800,1885936,-0.672791,0.735107,-0.057434,0.060669,85.6830,0,0
6.6900,1885946,-0.672791,0.735107,-0.057556,0.060547,85.6789,0,0
6.7000,1885956,-0.672791,0.735107,-0.057678,0.060486,85.6774,0,0
6.7100,1885966,-0.672791,0.735107,-0.057678,0.060364,85.6754,0,0
6.7200,1885976,-0.672791,0.735107,-0.057739,0.060303,85.6644,0,0
6.7300,1885986,-0.672791,0.735107,-0.057800,0.060242,85.6534,0,0
6.7400,1885996,-0.672791,0.735107,-0.057861,0.060181,85.6447,0,0
6.7500,1886006,-0.672791,0.735107,-0.057983,0.060120,85.6459,0,0
6.7600,1886016,-0.672913,0.734985,-0.058044,0.060059,85.6583,0,0
6.7700,1886026,-0.673035,0.734863,-0.058044,0.059998,85.6755,0,0
6.7800,1886036,-0.673157,0.734802,-0.058167,0.059937,85.6810,0,0
6.7900,1886046,-0.673157,0.734741,-0.058228,0.059875,85.6743,0,0
6.8000,1886056,-0.673157,0.734741,-0.058289,0.059814,85.6614,0,0
6.8100,1886066,-0.673157,0.734802,-0.058350,0.059692,85.6474,0,0
6.8200,1886076,-0.673157,0.734741,-0.058411,0.059692,85.6407,0,0
6.8300,1886086,-0.673218,0.734741,-0.058411,0.059692,85.6396,0,0
6.8400,1886096,-0.673279,0.734680,-0.058411,0.059631,85.6421,0,0
6.8500,1886106,-0.673340,0.734619,-0.058350,0.059570,85.6433,0,0
6.8600,1886116,-0.673340,0.734619,-0.058289,0.059509,85.6379,0,0
6.8700,1886126,-0.673279,0.734680,-0.058350,0.059509,85.6215,0,0
6.8800,1886136,-0.673157,0.734802,-0.058411,0.059448,85.5963,0,0
6.8900,1886146,-0.673035,0.734863,-0.058472,0.059326,85.5735,0,0
6.9000,1886156,-0.673035,0.734863,-0.058594,0.059265,85.5626,0,0
6.9100,1886166,-0.673157,0.734802,-0.058594,0.059204,85.5711,0,0
6.9200,1886176,-0.673340,0.734619,-0.058594,0.059265,85.5918,0,0
6.9300,1886186,-0.673523,0.734436,-0.058594,0.059265,85.6114,0,0
6.9400,1886196,-0.673584,0.734375,-0.058594,0.059326,85.5973,0,0
6.9500,1886206,-0.673584,0.734375,-0.058594,0.059448,85.5674,0,0
6.9600,1886216,-0.673401,0.734497,-0.058716,0.059570,85.5342,0,0
6.9700,1886226,-0.673218,0.734680,-0.058777,0.059631,85.5097,0,0
6.9800,1886236,-0.673157,0.734741,-0.058838,0.059631,85.4984,0,0
6.9900,1886246,-0.673096,0.734802,-0.058899,0.059570,85.4989,0,0
7.0000,1886256,-0.673096,0.734802,-0.058899,0.059570,85.5012,0,0
7.0100,1886266,-0.673096,0.734802,-0.058716,0.059570,85.4962,0,0
7.0200,1886276,-0.672974,0.734924,-0.058655,0.059631,85.4796,0,0
7.0300,1886286,-0.672852,0.734985,-0.058594,0.059631,85.4617,0,0
7.0400,1886296,-0.672729,0.735107,-0.058655,0.059692,85.4452,0,0
7.0500,1886306,-0.672668,0.735168,-0.058838,0.059692,85.4335,0,0
7.0600,1886316,-0.672668,0.735168,-0.059021,0.059631,85.4319,0,0
7.0700,1886326,-0.672668,0.735107,-0.059265,0.059570,85.4358,0,0
7.0800,1886336,-0.672729,0.735107,-0.059509,0.059448,85.4381,0,0
7.0900,1886346,-0.672729,0.735107,-0.059631,0.059326,85.4397,0,0
7.1000,1886356,-0.672729,0.735107,-0.059692,0.059265,85.4400,0,0
7.1100,1886366,-0.672729,0.735107,-0.059631,0.059204,85.4379,0,0
7.1200,1886376,-0.672729,0.735107,-0.059509,0.059143,85.4342,0,0
7.1300,1886386,-0.672729,0.735107,-0.059326,0.059143,85.4271,0,0
7.1400,1886396,-0.672668,0.735229,-0.059143,0.059204,85.4132,0,0
7.1500,1886406,-0.672546,0.735352,-0.059082,0.059265,85.3966,0,0
7.1600,1886416,-0.672363,0.735474,-0.059082,0.059265,85.3767,0,0
7.1700,1886426,-0.672241,0.735596,-0.059143,0.059265,85.3540,0,0
7.1800,1886436,-0.672180,0.735657,-0.059326,0.059265,85.3432,0,0
7.1900,1886446,-0.672180,0.735657,-0.059448,0.059204,85.3496,0,0
7.2000,1886456,-0.672302,0.735474,-0.059570,0.059082,85.3685,0,0
7.2100,1886466,-0.672546,0.735291,-0.059692,0.058960,85.3954,0,0
7.2200,1886476,-0.672729,0.735107,-0.059753,0.058838,85.4185,0,0
7.2300,1886486,-0.672852,0.734985,-0.059753,0.058655,85.4091,0,0
7.2400,1886496,-0.672852,0.734985,-0.059692,0.058594,85.3870,0,0
7.2500,1886506,-0.672791,0.735107,-0.059631,0.058472,85.3637,0,0
7.2600,1886516,-0.672668,0.735229,-0.059570,0.058411,85.3487,0,0
7.2700,1886526,-0.672546,0.735352,-0.059509,0.058350,85.3409,0,0
7.2800,1886536,-0.672485,0.735413,-0.059448,0.058289,85.3354,0,0
7.2900,1886546,-0.672485,0.735413,-0.059448,0.058289,85.3283,0,0
7.3000,1886556,-0.672363,0.735535,-0.059631,0.058167,85.3161,0,0
7.3100,1886566,-0.672363,0.735535,-0.059692,0.058105,85.3092,0,0
7.3200,1886576,-0.672363,0.735535,-0.059692,0.058105,85.3092,0,0
7.3300,1886586,-0.672424,0.735474,-0.059753,0.058105,85.3122,0,0
7.3400,1886596,-0.672424,0.735474,-0.059814,0.058105,85.3091,0,0
7.3500,1886606,-0.672363,0.735535,-0.059937,0.058105,85.2960,0,0
7.3600,1886616,-0.672241,0.735596,-0.059937,0.058044,85.2765,0,0
7.3700,1886626,-0.672119,0.735718,-0.059998,0.058044,85.2556,0,0
7.3800,1886636,-0.672058,0.735779,-0.059998,0.058044,85.2470,0,0
7.3900,1886646,-0.672119,0.735718,-0.059937,0.058105,85.2531,0,0
7.4000,1886656,-0.672180,0.735657,-0.059875,0.058167,85.2696,0,0
7.4100,1886666,-0.672302,0.735596,-0.059814,0.058167,85.2840,0,0
7.4200,1886676,-0.672302,0.735535,-0.059875,0.058228,85.2865,0,0
7.4300,1886686,-0.672241,0.735596,-0.059998,0.058289,85.2739,0,0
7.4400,1886696,-0.672058,0.735718,-0.060120,0.058228,85.2508,0,0
7.4500,1886706,-0.671936,0.735840,-0.060242,0.058228,85.2276,0,0
7.4600,1886716,-0.671875,0.735901,-0.060303,0.058167,85.2133,0,0
7.4700,1886726,-0.671936,0.735840,-0.060364,0.058105,85.2108,0,0
7.4800,1886736,-0.671997,0.735779,-0.060303,0.057983,85.2179,0,0
7.4900,1886746,-0.672058,0.735779,-0.060242,0.057861,85.2200,0,0
7.5000,1886756,-0.672058,0.735779,-0.060181,0.057678,85.2166,0,0
7.5100,1886766,-0.672058,0.735779,-0.060181,0.057556,85.2116,0,0
7.5200,1886776,-0.672058,0.735840,-0.060059,0.057434,85.2050,0,0
7.5300,1886786,-0.672058,0.735840,-0.059998,0.057373,85.1982,0,0
7.5400,1886796,-0.671997,0.735840,-0.059937,0.057312,85.1893,0,0
7.5500,1886806,-0.671997,0.735901,-0.059937,0.057251,85.1833,0,0
7.5600,1886816,-0.671936,0.735962,-0.059937,0.057251,85.1794,0,0
7.5700,1886826,-0.671936,0.735962,-0.059937,0.057251,85.1792,0,0
7.5800,1886836,-0.671875,0.735962,-0.060059,0.057373,85.1725,0,0
7.5900,1886846,-0.671753,0.736084,-0.060120,0.057495,85.1584,0,0
7.6000,1886856,-0.671631,0.736206,-0.060242,0.057556,85.1367,0,0
7.6100,1886866,-0.671448,0.736328,-0.060303,0.057617,85.1190,0,0
7.6200,1886876,-0.671387,0.736450,-0.060364,0.057617,85.1058,0,0
7.6300,1886886,-0.671265,0.736511,-0.060364,0.057617,85.0963,0,0
7.6400,1886896,-0.671204,0.736511,-0.060364,0.057617,85.0949,0,0
7.6500,1886906,-0.671204,0.736572,-0.060364,0.057617,85.0930,0,0
7.6600,1886916,-0.671143,0.736633,-0.060364,0.057617,85.0894,0,0
7.6700,1886926,-0.671021,0.736694,-0.060425,0.057556,85.0777,0,0
7.6800,1886936,-0.670898,0.736816,-0.060486,0.057434,85.0618,0,0
7.6900,1886946,-0.670776,0.736938,-0.060547,0.057434,85.0515,0,0
7.7000,1886956,-0.670715,0.737000,-0.060547,0.057373,85.0494,0,0
7.7100,1886966,-0.670654,0.737061,-0.060547,0.057373,85.0474,0,0
7.7200,1886976,-0.670654,0.737061,-0.060608,0.057434,85.0597,0,0
7.7300,1886986,-0.670654,0.737061,-0.060669,0.057495,85.0714,0,0
7.7400,1886996,-0.670776,0.736938,-0.060730,0.057556,85.0915,0,0
7.7500,1887006,-0.670837,0.736877,-0.060791,0.057678,85.1070,0,0
7.7600,1887016,-0.670898,0.736816,-0.060913,0.057800,85.1217,0,0
7.7700,1887026,-0.670837,0.736816,-0.060974,0.057861,85.1190,0,0
7.7800,1887036,-0.670715,0.736938,-0.061035,0.057922,85.1070,0,0
7.7900,1887046,-0.670593,0.737061,-0.061096,0.057922,85.0915,0,0
7.8000,1887056,-0.670471,0.737122,-0.061096,0.057922,85.0820,0,0
7.8100,1887066,-0.670349,0.737244,-0.061035,0.057983,85.0802,0,0
7.8200,1887076,-0.670349,0.737305,-0.060974,0.057983,85.0885,0,0
7.8300,1887086,-0.670288,0.737305,-0.060913,0.058044,85.1095,0,0
7.8400,1887096,-0.670410,0.737183,-0.060791,0.058105,85.1360,0,0
7.8500,1887106,-0.670532,0.737061,-0.060730,0.058228,85.1595,0,0
7.8600,1887116,-0.670654,0.737000,-0.060669,0.058289,85.1711,0,0
7.8700,1887126,-0.670654,0.736938,-0.060730,0.058350,85.1679,0,0
7.8800,1887136,-0.670593,0.737061,-0.060913,0.058350,85.1541,0,0
7.8900,1887146,-0.670471,0.737122,-0.061096,0.058228,85.1427,0,0
7.9000,1887156,-0.670471,0.737122,-0.061218,0.058167,85.1461,0,0
7.9100,1887166,-0.670654,0.737000,-0.061279,0.058105,85.1672,0,0
7.9200,1887176,-0.670837,0.736816,-0.061218,0.058044,85.1973,0,0
7.9300,1887186,-0.671021,0.736633,-0.061157,0.057983,85.2247,0,0
7.9400,1887196,-0.671143,0.736572,-0.061035,0.057922,85.2389,0,0
7.9500,1887206,-0.671143,0.736572,-0.060974,0.057861,85.2393,0,0
7.9600,1887216,-0.671082,0.736572,-0.060974,0.057861,85.2302,0,0
7.9700,1887226,-0.671021,0.736633,-0.060974,0.057861,85.2215,0,0
7.9800,1887236,-0.671021,0.736633,-0.060913,0.057861,85.2222,0,0
7.9900,1887246,-0.671143,0.736572,-0.060852,0.057922,85.2329,0,0
8.0000,1887256,-0.671265,0.736450,-0.060791,0.057983,85.2485,0,0
8.0100,1887266,-0.671326,0.736389,-0.060730,0.058044,85.2626,0,0
8.0200,1887276,-0.671387,0.736328,-0.060730,0.058105,85.2690,0,0
8.0300,1887286,-0.671387,0.736328,-0.060730,0.058105,85.2679,0,0
8.0400,1887296,-0.671387,0.736328,-0.060730,0.058044,85.2633,0,0
8.0500,1887306,-0.671448,0.736328,-0.060791,0.057983,85.2583,0,0
8.0600,1887316,-0.671448,0.736267,-0.060852,0.057922,85.2547,0,0
8.0700,1887326,-0.671448,0.736267,-0.060974,0.057861,85.2494,0,0
8.0800,1887336,-0.671448,0.736267,-0.060974,0.057739,85.2432,0,0
8.0900,1887346,-0.671448,0.736267,-0.060974,0.057617,85.2343,0,0
8.1000,1887356,-0.671448,0.736267,-0.060913,0.057556,85.2265,0,0
8.1100,1887366,-0.671448,0.736267,-0.060913,0.057556,85.2238,0,0
8.1200,1887376,-0.671448,0.736328,-0.060791,0.057556,85.2206,0,0
8.1300,1887386,-0.671448,0.736328,-0.060730,0.057617,85.2159,0,0
8.1400,1887396,-0.671448,0.736328,-0.060791,0.057617,85.2072,0,0
8.1500,1887406,-0.671448,0.736267,-0.060852,0.057678,85.1947,0,0
8.1600,1887416,-0.671326,0.736389,-0.061096,0.057678,85.1853,0,0
8.1700,1887426,-0.671326,0.736328,-0.061218,0.057678,85.1811,0,0
8.1800,1887436,-0.671387,0.736328,-0.061340,0.057556,85.1807,0,0
8.1900,1887446,-0.671387,0.736328,-0.061401,0.057495,85.1777,0,0
8.2000,1887456,-0.671387,0.736328,-0.061523,0.057434,85.1767,0,0
8.2100,1887466,-0.671387,0.736328,-0.061523,0.057312,85.1758,0,0
8.2200,1887476,-0.671387,0.736328,-0.061462,0.057251,85.1725,0,0
8.2300,1887486,-0.671387,0.736328,-0.061401,0.057190,85.1658,0,0
8.2400,1887496,-0.671326,0.736389,-0.061340,0.057129,85.1541,0,0
8.2500,1887506,-0.671265,0.736450,-0.061340,0.057129,85.1388,0,0
8.2600,1887516,-0.671265,0.736450,-0.061340,0.057129,85.1291,0,0
8.2700,1887526,-0.671265,0.736450,-0.061340,0.057129,85.1281,0,0
8.2800,1887536,-0.671326,0.736389,-0.061340,0.057129,85.1379,0,0
8.2900,1887546,-0.671448,0.736328,-0.061340,0.057129,85.1484,0,0
8.3000,1887556,-0.671448,0.736328,-0.061462,0.057129,85.1494,0,0
8.3100,1887566,-0.671448,0.736267,-0.061584,0.057068,85.1403,0,0
8.3200,1887576,-0.671326,0.736389,-0.061707,0.057007,85.1173,0,0
8.3300,1887586,-0.671204,0.736511,-0.061768,0.056946,85.0912,0,0
8.3400,1887596,-0.671082,0.736633,-0.061768,0.056946,85.0695,0,0
8.3500,1887606,-0.671021,0.736633,-0.061768,0.056946,85.0626,0,0
8.3600,1887616,-0.671143,0.736572,-0.061646,0.056946,85.0739,0,0
8.3700,1887626,-0.671265,0.736450,-0.061523,0.056946,85.1006,0,0
8.3800,1887636,-0.671448,0.736267,-0.061462,0.056946,85.1123,0,0
8.3900,1887646,-0.671570,0.736206,-0.061401,0.056946,85.1033,0,0
8.4000,1887656,-0.671509,0.736267,-0.061401,0.056946,85.0763,0,0
8.4100,1887666,-0.671326,0.736389,-0.061523,0.056946,85.0363,0,0
8.4200,1887676,-0.671082,0.736572,-0.061768,0.056885,85.0042,0,0
8.4300,1887686,-0.670898,0.736755,-0.061951,0.056885,84.9903,0,0
8.4400,1887696,-0.670837,0.736755,-0.062256,0.056824,84.9968,0,0
8.4500,1887706,-0.671021,0.736633,-0.062317,0.056824,85.0195,0,0
8.4600,1887716,-0.671204,0.736450,-0.062317,0.056824,85.0494,0,0
8.4700,1887726,-0.671387,0.736328,-0.062195,0.056824,85.0730,0,0
8.4800,1887736,-0.671448,0.736267,-0.062012,0.056824,85.0819,0,0
8.4900,1887746,-0.671448,0.736267,-0.061890,0.056885,85.0748,0,0
8.5000,1887756,-0.671326,0.736389,-0.061768,0.056946,85.0532,0,0
8.5100,1887766,-0.671204,0.736511,-0.061768,0.056946,85.0286,0,0
8.5200,1887776,-0.671082,0.736633,-0.061768,0.056946,85.0070,0,0
8.5300,1887786,-0.671021,0.736633,-0.061829,0.056885,84.9989,0,0
8.5400,1887796,-0.671082,0.736633,-0.061829,0.056824,85.0073,0,0
8.5500,1887806,-0.671265,0.736450,-0.061768,0.056702,85.0301,0,0
8.5600,1887816,-0.671448,0.736328,-0.061707,0.056641,85.0565,0,0
8.5700,1887826,-0.671570,0.736206,-0.061707,0.056580,85.0744,0,0
8.5800,1887836,-0.671570,0.736206,-0.061707,0.056580,85.0760,0,0
8.5900,1887846,-0.671509,0.736206,-0.061707,0.056580,85.0657,0,0
8.6000,1887856,-0.671509,0.736267,-0.061707,0.056580,85.0553,0,0
8.6100,1887866,-0.671509,0.736267,-0.061707,0.056580,85.0525,0,0
8.6200,1887876,-0.671509,0.736267,-0.061707,0.056580,85.0523,0,0
8.6300,1887886,-0.671509,0.736267,-0.061707,0.056580,85.0527,0,0
8.6400,1887896,-0.671509,0.736267,-0.061707,0.056580,85.0494,0,0
8.6500,1887906,-0.671509,0.736267,-0.061584,0.056641,85.0446,0,0
8.6600,1887916,-0.671448,0.736267,-0.061523,0.056702,85.0490,0,0
8.6700,1887926,-0.671448,0.736267,-0.061401,0.056763,85.0521,0,0
8.6800,1887936,-0.671448,0.736328,-0.061340,0.056824,85.0538,0,0
8.6900,1887946,-0.671448,0.736328,-0.061340,0.056824,85.0501,0,0
8.7000,1887956,-0.671448,0.736328,-0.061340,0.056824,85.0448,0,0
8.7100,1887966,-0.671448,0.736328,-0.061340,0.056824,85.0415,0,0
8.7200,1887976,-0.671448,0.736328,-0.061340,0.056763,85.0443,0,0
8.7300,1887986,-0.671448,0.736267,-0.061462,0.056702,85.0480,0,0
8.7400,1887996,-0.671509,0.736267,-0.061462,0.056702,85.0534,0,0
8.7500,1888006,-0.671509,0.736267,-0.061462,0.056702,85.0501,0,0
8.7600,1888016,-0.671448,0.736328,-0.061462,0.056702,85.0381,0,0
8.7700,1888026,-0.671387,0.736389,-0.061523,0.056702,85.0225,0,0
8.7800,1888036,-0.671326,0.736450,-0.061523,0.056641,85.0107,0,0
8.7900,1888046,-0.671326,0.736450,-0.061523,0.056641,85.0060,0,0
8.8000,1888056,-0.671326,0.736389,-0.061523,0.056641,85.0117,0,0
8.8100,1888066,-0.671387,0.736328,-0.061462,0.056702,85.0200,0,0
8.8200,1888076,-0.671448,0.736328,-0.061462,0.056702,85.0273,0,0
8.8300,1888086,-0.671448,0.736328,-0.061523,0.056641,85.0271,0,0
8.8400,1888096,-0.671448,0.736328,-0.061584,0.056580,85.0210,0,0
8.8500,1888106,-0.671387,0.736389,-0.061646,0.056519,85.0093,0,0
8.8600,1888116,-0.671326,0.736450,-0.061707,0.056519,84.9952,0,0
8.8700,1888126,-0.671265,0.736511,-0.061707,0.056458,84.9835,0,0
8.8800,1888136,-0.671265,0.736511,-0.061707,0.056396,84.9808,0,0
8.8900,1888146,-0.671265,0.736450,-0.061707,0.056396,84.9883,0,0
8.9000,1888156,-0.671387,0.736389,-0.061707,0.056396,85.0001,0,0
8.9100,1888166,-0.671448,0.736328,-0.061707,0.056396,85.0114,0,0
8.9200,1888176,-0.671448,0.736328,-0.061707,0.056458,85.0150,0,0
8.9300,1888186,-0.671448,0.736328,-0.061768,0.056519,85.0107,0,0
8.9400,1888196,-0.671326,0.736389,-0.061890,0.056580,84.9983,0,0
8.9500,1888206,-0.671265,0.736450,-0.061951,0.056641,84.9883,0,0
8.9600,1888216,-0.671204,0.736511,-0.062012,0.056702,84.9829,0,0
8.9700,1888226,-0.671143,0.736572,-0.062012,0.056702,84.9808,0,0
8.9800,1888236,-0.671143,0.736572,-0.062012,0.056702,84.9800,0,0
8.9900,1888246,-0.671143,0.736572,-0.062012,0.056702,84.9792,0,0
9.0000,1888256,-0.671143,0.736572,-0.062012,0.056702,84.9808,0,0
9.0100,1888266,-0.671143,0.736572,-0.062012,0.056702,84.9871,0,0
9.0200,1888276,-0.671143,0.736572,-0.061951,0.056763,84.9931,0,0
9.0300,1888286,-0.671143,0.736572,-0.061951,0.056763,84.9923,0,0
9.0400,1888296,-0.671082,0.736633,-0.062012,0.056763,84.9826,0,0
9.0500,1888306,-0.670959,0.736694,-0.062012,0.056824,84.9680,0,0
9.0600,1888316,-0.670837,0.736816,-0.062073,0.056763,84.9547,0,0
9.0700,1888326,-0.670837,0.736816,-0.062134,0.056702,84.9511,0,0
9.0800,1888336,-0.670898,0.736816,-0.062134,0.056702,84.9595,0,0
9.0900,1888346,-0.670959,0.736694,-0.062134,0.056702,84.9757,0,0
9.1000,1888356,-0.671082,0.736633,-0.062134,0.056763,84.9918,0,0
9.1100,1888366,-0.671143,0.736572,-0.062134,0.056763,85.0029,0,0
9.1200,1888376,-0.671143,0.736572,-0.062134,0.056763,85.0004,0,0
9.1300,1888386,-0.671021,0.736633,-0.062134,0.056763,84.9867,0,0
9.1400,1888396,-0.670959,0.736694,-0.062195,0.056763,84.9719,0,0
9.1500,1888406,-0.670898,0.736755,-0.062195,0.056763,84.9656,0,0
9.1600,1888416,-0.670898,0.736755,-0.062134,0.056824,84.9721,0,0
9.1700,1888426,-0.670959,0.736694,-0.062012,0.056946,84.9836,0,0
9.1800,1888436,-0.670959,0.736755,-0.061890,0.057007,84.9923,0,0
9.1900,1888446,-0.670898,0.736755,-0.061829,0.057068,84.9916,0,0
9.2000,1888456,-0.670837,0.736816,-0.061829,0.057068,84.9851,0,0
9.2100,1888466,-0.670776,0.736877,-0.061829,0.057068,84.9769,0,0
9.2200,1888476,-0.670776,0.736816,-0.061890,0.057007,84.9739,0,0
9.2300,1888486,-0.670837,0.736816,-0.062012,0.056946,84.9883,0,0
9.2400,1888496,-0.670898,0.736755,-0.062073,0.056885,85.0090,0,0
9.2500,1888506,-0.671021,0.736633,-0.062073,0.056763,85.0300,0,0
9.2600,1888516,-0.671204,0.736511,-0.062073,0.056702,85.0421,0,0
9.2700,1888526,-0.671265,0.736389,-0.062012,0.056702,85.0418,0,0
9.2800,1888536,-0.671265,0.736389,-0.062012,0.056702,85.0338,0,0
9.2900,1888546,-0.671265,0.736450,-0.062012,0.056702,85.0238,0,0
9.3000,1888556,-0.671143,0.736572,-0.062073,0.056641,85.0155,0,0
9.3100,1888566,-0.671143,0.736572,-0.062073,0.056641,85.0141,0,0
9.3200,1888576,-0.671143,0.736572,-0.062073,0.056641,85.0164,0,0
9.3300,1888586,-0.671143,0.736572,-0.062012,0.056641,85.0173,0,0
9.3400,1888596,-0.671143,0.736572,-0.061890,0.056580,85.0141,0,0
9.3500,1888606,-0.671082,0.736572,-0.061890,0.056580,85.0068,0,0
9.3600,1888616,-0.671082,0.736572,-0.061890,0.056580,85.0035,0,0
9.3700,1888626,-0.671082,0.736572,-0.061890,0.056580,85.0081,0,0
9.3800,1888636,-0.671143,0.736572,-0.061890,0.056580,85.0166,0,0
9.3900,1888646,-0.671265,0.736511,-0.061890,0.056519,85.0259,0,0
9.4000,1888656,-0.671265,0.736450,-0.062012,0.056519,85.0305,0,0
9.4100,1888666,-0.671265,0.736450,-0.062073,0.056519,85.0284,0,0
9.4200,1888676,-0.671265,0.736450,-0.062134,0.056580,85.0222,0,0
9.4300,1888686,-0.671265,0.736450,-0.062195,0.056641,85.0187,0,0
9.4400,1888696,-0.671265,0.736450,-0.062195,0.056641,85.0172,0,0
9.4500,1888706,-0.671326,0.736389,-0.062195,0.056641,85.0223,0,0
9.4600,1888716,-0.671387,0.736328,-0.062195,0.056641,85.0289,0,0
9.4700,1888726,-0.671448,0.736267,-0.062195,0.056641,85.0387,0,0
9.4800,1888736,-0.671509,0.736206,-0.062134,0.056641,85.0445,0,0
9.4900,1888746,-0.671509,0.736206,-0.062134,0.056641,85.0441,0,0
9.5000,1888756,-0.671509,0.736206,-0.062195,0.056702,85.0365,0,0
9.5100,1888766,-0.671387,0.736267,-0.062195,0.056702,85.0228,0,0
9.5200,1888776,-0.671326,0.736389,-0.062195,0.056702,85.0116,0,0
9.5300,1888786,-0.671265,0.736450,-0.062256,0.056641,85.0104,0,0
9.5400,1888796,-0.671265,0.736450,-0.062256,0.056641,85.0152,0,0
9.5500,1888806,-0.671265,0.736450,-0.062256,0.056641,85.0198,0,0
9.5600,1888816,-0.671265,0.736450,-0.062256,0.056641,85.0164,0,0
9.5700,1888826,-0.671265,0.736450,-0.062256,0.056641,85.0037,0,0
9.5800,1888836,-0.671204,0.736511,-0.062256,0.056641,84.9923,0,0
9.5900,1888846,-0.671082,0.736572,-0.062256,0.056641,84.9891,0,0
9.6000,1888856,-0.671143,0.736511,-0.062317,0.056580,84.9980,0,0
9.6100,1888866,-0.671265,0.736450,-0.062317,0.056580,85.0123,0,0
9.6200,1888876,-0.671326,0.736328,-0.062317,0.056580,85.0253,0,0
9.6300,1888886,-0.671326,0.736328,-0.062317,0.056580,85.0265,0,0
9.6400,1888896,-0.671265,0.736389,-0.062317,0.056580,85.0144,0,0
9.6500,1888906,-0.671143,0.736511,-0.062317,0.056580,84.9947,0,0
9.6600,1888916,-0.671021,0.736633,-0.062378,0.056641,84.9801,0,0
9.6700,1888926,-0.671021,0.736633,-0.062378,0.056641,84.9788,0,0
9.6800,1888936,-0.671143,0.736511,-0.062439,0.056702,84.9964,0,0
9.6900,1888946,-0.671326,0.736328,-0.062439,0.056763,85.0257,0,0
9.7000,1888956,-0.671570,0.736145,-0.062378,0.056763,85.0547,0,0
9.7100,1888966,-0.671631,0.736084,-0.062317,0.056824,85.0680,0,0
9.7200,1888976,-0.671631,0.736084,-0.062317,0.056824,85.0611,0,0
9.7300,1888986,-0.671509,0.736206,-0.062195,0.056824,85.0372,0,0
9.7400,1888996,-0.671326,0.736328,-0.062134,0.056763,85.0098,0,0
9.7500,1889006,-0.671265,0.736450,-0.062134,0.056702,84.9939,0,0
9.7600,1889016,-0.671265,0.736450,-0.062073,0.056580,84.9989,0,0
9.7700,1889026,-0.671387,0.736328,-0.062134,0.056519,85.0192,0,0
9.7800,1889036,-0.671570,0.736145,-0.062195,0.056458,85.0473,0,0
9.7900,1889046,-0.671753,0.736023,-0.062195,0.056519,85.0687,0,0
9.8000,1889056,-0.671814,0.735962,-0.062195,0.056519,85.0486,0,0
9.8100,1889066,-0.671692,0.736084,-0.062256,0.056519,85.0106,0,0
9.8200,1889076,-0.671448,0.736267,-0.062317,0.056580,84.9738,0,0
9.8300,1889086,-0.671204,0.736511,-0.062317,0.056519,84.9544,0,0
9.8400,1889096,-0.671082,0.736633,-0.062317,0.056580,84.9578,0,0
9.8500,1889106,-0.671082,0.736633,-0.062256,0.056580,84.9766,0,0
9.8600,1889116,-0.671143,0.736511,-0.062195,0.056641,84.9944,0,0
9.8700,1889126,-0.671326,0.736389,-0.062134,0.056763,85.0012,0,0
9.8800,1889136,-0.671265,0.736450,-0.062134,0.056763,84.9934,0,0
9.8900,1889146,-0.671143,0.736511,-0.062134,0.056763,84.9783,0,0
9.9000,1889156,-0.671082,0.736633,-0.062134,0.056702,84.9639,0,0
9.9100,1889166,-0.671021,0.736694,-0.062134,0.056702,84.9580,0,0
9.9200,1889176,-0.671021,0.736694,-0.062134,0.056702,84.9643,0,0
9.9300,1889186,-0.671082,0.736572,-0.062134,0.056702,84.9809,0,0
9.9400,1889196,-0.671265,0.736450,-0.062134,0.056763,85.0032,0,0
9.9500,1889206,-0.671387,0.736328,-0.062073,0.056763,85.0280,0,0
9.9600,1889216,-0.671509,0.736206,-0.062073,0.056763,85.0421,0,0
9.9700,1889226,-0.671509,0.736206,-0.062073,0.056763,85.0423,0,0
9.9800,1889236,-0.671448,0.736267,-0.062073,0.056763,85.0307,0,0
9.9900,1889246,-0.671326,0.736328,-0.062073,0.056763,85.0155,0,0
10.0000,1889256,-0.671326,0.736389,-0.062012,0.056824,85.0076,0,0
10.0100,1889266,-0.671326,0.736389,-0.061951,0.056885,85.0120,0,0
10.0200,1889276,-0.671387,0.736328,-0.061890,0.056946,85.0256,0,0
10.0300,1889286,-0.671509,0.736206,-0.061829,0.057068,85.0447,0,0
10.0400,1889296,-0.671631,0.736084,-0.061829,0.057190,85.0640,0,0
10.0500,1889306,-0.671692,0.736023,-0.061890,0.057312,85.0776,0,0
10.0600,1889316,-0.671692,0.736023,-0.061951,0.057373,85.0816,0,0
10.0700,1889326,-0.671692,0.736023,-0.062012,0.057434,85.0771,0,0
10.0800,1889336,-0.671631,0.736023,-0.062012,0.057434,85.0698,0,0
10.0900,1889346,-0.671570,0.736084,-0.062012,0.057434,85.0635,0,0
10.1000,1889356,-0.671509,0.736145,-0.061951,0.057373,85.0623,0,0
10.1100,1889366,-0.671570,0.736145,-0.061890,0.057312,85.0635,0,0
10.1200,1889376,-0.671570,0.736145,-0.061890,0.057312,85.0688,0,0
10.1300,1889386,-0.671570,0.736145,-0.061890,0.057312,85.0774,0,0
10.1400,1889396,-0.671631,0.736084,-0.061890,0.057251,85.0842,0,0
10.1500,1889406,-0.671692,0.736023,-0.061951,0.057190,85.0865,0,0
10.1600,1889416,-0.671753,0.735962,-0.062012,0.057007,85.0810,0,0
10.1700,1889426,-0.671692,0.736023,-0.062012,0.056885,85.0692,0,0
10.1800,1889436,-0.671631,0.736084,-0.062012,0.056763,85.0563,0,0
10.1900,1889446,-0.671631,0.736084,-0.061951,0.056702,85.0493,0,0
10.2000,1889456,-0.671692,0.736084,-0.061890,0.056641,85.0492,0,0
10.2100,1889466,-0.671692,0.736023,-0.061829,0.056580,85.0551,0,0
10.2200,1889476,-0.671814,0.735962,-0.061829,0.056580,85.0624,0,0
10.2300,1889486,-0.671814,0.735962,-0.061829,0.056580,85.0664,0,0
10.2400,1889496,-0.671814,0.735962,-0.061890,0.056641,85.0631,0,0
10.2500,1889506,-0.671814,0.735962,-0.061951,0.056702,85.0540,0,0
10.2600,1889516,-0.671753,0.736023,-0.062012,0.056763,85.0442,0,0
10.2700,1889526,-0.671753,0.736023,-0.062073,0.056824,85.0366,0,0
10.2800,1889536,-0.671753,0.736023,-0.062073,0.056824,85.0378,0,0
10.2900,1889546,-0.671814,0.735962,-0.062073,0.056824,85.0460,0,0
10.3000,1889556,-0.671875,0.735840,-0.062012,0.056885,85.0573,0,0
10.3100,1889566,-0.671997,0.735779,-0.062012,0.056885,85.0675,0,0
10.3200,1889576,-0.671997,0.735718,-0.062012,0.056885,85.0719,0,0
10.3300,1889586,-0.671997,0.735718,-0.062012,0.056885,85.0653,0,0
10.3400,1889596,-0.671997,0.735779,-0.062134,0.056824,85.0531,0,0
10.3500,1889606,-0.671936,0.735840,-0.062195,0.056763,85.0416,0,0
10.3600,1889616,-0.671936,0.735840,-0.062256,0.056702,85.0383,0,0
10.3700,1889626,-0.671936,0.735840,-0.062256,0.056641,85.0488,0,0
10.3800,1889636,-0.671997,0.735718,-0.062256,0.056641,85.0583,0,0
10.3900,1889646,-0.672058,0.735657,-0.062256,0.056641,85.0601,0,0
10.4000,1889656,-0.672058,0.735657,-0.062195,0.056702,85.0488,0,0
10.4100,1889666,-0.671997,0.735718,-0.062073,0.056824,85.0262,0,0
10.4200,1889676,-0.671875,0.735901,-0.061951,0.056946,85.0035,0,0
10.4300,1889686,-0.671692,0.736023,-0.061768,0.057068,84.9946,0,0
10.4400,1889696,-0.671631,0.736084,-0.061707,0.057190,84.9974,0,0
10.4500,1889706,-0.671692,0.736023,-0.061768,0.057129,85.0064,0,0
10.4600,1889716,-0.671814,0.735962,-0.061890,0.057007,85.0185,0,0
10.4700,1889726,-0.671875,0.735901,-0.062073,0.056824,85.0283,0,0
10.4800,1889736,-0.671936,0.735840,-0.062256,0.056641,85.0340,0,0
10.4900,1889746,-0.671997,0.735779,-0.062378,0.056580,85.0394,0,0
10.5000,1889756,-0.672058,0.735718,-0.062378,0.056580,85.0464,0,0
10.5100,1889766,-0.672058,0.735718,-0.062317,0.056580,85.0482,0,0
10.5200,1889776,-0.672058,0.735718,-0.062256,0.056702,85.0405,0,0
10.5300,1889786,-0.671936,0.735840,-0.062134,0.056824,85.0230,0,0
10.5400,1889796,-0.671814,0.735962,-0.062012,0.056885,85.0028,0,0
10.5500,1889806,-0.671692,0.736023,-0.061890,0.057007,84.9891,0,0
10.5600,1889816,-0.671692,0.736023,-0.061829,0.057007,84.9896,0,0
10.5700,1889826,-0.671753,0.735962,-0.061829,0.057068,85.0002,0,0
10.5800,1889836,-0.671814,0.735901,-0.061890,0.057007,85.0109,0,0
10.5900,1889846,-0.671814,0.735901,-0.062012,0.056885,85.0121,0,0
10.6000,1889856,-0.671814,0.735901,-0.062073,0.056824,85.0062,0,0
10.6100,1889866,-0.671875,0.735901,-0.062134,0.056763,85.0017,0,0
10.6200,1889876,-0.671875,0.735901,-0.062134,0.056702,85.0058,0,0
10.6300,1889886,-0.671936,0.735779,-0.062073,0.056702,85.0209,0,0
10.6400,1889896,-0.672119,0.735657,-0.062012,0.056641,85.0430,0,0
10.6500,1889906,-0.672241,0.735535,-0.062012,0.056702,85.0617,0,0
10.6600,1889916,-0.672302,0.735474,-0.062012,0.056702,85.0556,0,0
10.6700,1889926,-0.672302,0.735474,-0.062012,0.056702,85.0410,0,0
10.6800,1889936,-0.672241,0.735535,-0.062073,0.056702,85.0259,0,0
10.6900,1889946,-0.672119,0.735657,-0.062073,0.056702,85.0151,0,0
10.7000,1889956,-0.672058,0.735718,-0.062073,0.056702,85.0119,0,0
10.7100,1889966,-0.672058,0.735718,-0.062073,0.056702,85.0155,0,0
10.7200,1889976,-0.672058,0.735718,-0.062073,0.056702,85.0236,0,0
10.7300,1889986,-0.672180,0.735596,-0.062012,0.056641,85.0313,0,0
10.7400,1889996,-0.672180,0.735596,-0.061951,0.056641,85.0333,0,0
10.7500,1890006,-0.672180,0.735596,-0.061951,0.056580,85.0287,0,0
10.7600,1890016,-0.672180,0.735657,-0.061890,0.056519,85.0201,0,0
10.7700,1890026,-0.672058,0.735718,-0.061951,0.056458,85.0073,0,0
10.7800,1890036,-0.671997,0.735779,-0.062012,0.056458,84.9909,0,0
10.7900,1890046,-0.671875,0.735901,-0.062012,0.056396,84.9789,0,0
10.8000,1890056,-0.671875,0.735901,-0.062012,0.056396,84.9799,0,0
10.8100,1890066,-0.671997,0.735779,-0.061951,0.056396,84.9934,0,0
10.8200,1890076,-0.672119,0.735718,-0.061951,0.056335,85.0133,0,0
10.8300,1890086,-0.672241,0.735596,-0.061890,0.056335,85.0299,0,0
10.8400,1890096,-0.672302,0.735535,-0.061890,0.056396,85.0349,1,0
10.8500,1890106,-0.672302,0.735535,-0.061951,0.056335,85.0302,0,0
10.8600,1890116,-0.672241,0.735596,-0.062073,0.056335,85.0210,0,0
10.8700,1890126,-0.672180,0.735596,-0.062256,0.056335,85.0116,0,0
10.8800,1890136,-0.672119,0.735657,-0.062317,0.056458,85.0045,0,0
10.8900,1890146,-0.672119,0.735657,-0.062378,0.056519,85.0025,0,0
10.9000,1890156,-0.672119,0.735657,-0.062378,0.056580,85.0053,0,0
10.9100,1890166,-0.672119,0.735657,-0.062317,0.056641,85.0068,0,0
10.9200,1890176,-0.672119,0.735657,-0.062195,0.056702,85.0071,0,0
10.9300,1890186,-0.672119,0.735657,-0.062134,0.056763,85.0056,0,0
10.9400,1890196,-0.672119,0.735657,-0.062134,0.056763,85.0005,0,0
10.9500,1890206,-0.672058,0.735718,-0.062134,0.056763,84.9940,0,0
10.9600,1890216,-0.671997,0.735718,-0.062256,0.056702,84.9883,0,0
10.9700,1890226,-0.671997,0.735779,-0.062317,0.056641,84.9859,0,0
10.9800,1890236,-0.671997,0.735779,-0.062378,0.056580,84.9902,0,0
10.9900,1890246,-0.671997,0.735779,-0.062439,0.056519,84.9984,0,0
11.0000,1890256,-0.672058,0.735718,-0.062439,0.056519,85.0110,0,0
11.0100,1890266,-0.672119,0.735657,-0.062439,0.056519,85.0223,0,0
11.0200,1890276,-0.672180,0.735596,-0.062439,0.056519,85.0265,0,0
11.0300,1890286,-0.672180,0.735596,-0.062439,0.056519,85.0228,0,0
11.0400,1890296,-0.672119,0.735657,-0.062439,0.056519,85.0110,0,0
11.0500,1890306,-0.672058,0.735718,-0.062439,0.056519,84.9980,0,0
11.0600,1890316,-0.671936,0.735779,-0.062439,0.056519,84.9862,0,0
11.0700,1890326,-0.671875,0.735840,-0.062378,0.056458,84.9756,0,0
11.0800,1890336,-0.671875,0.735901,-0.062317,0.056396,84.9703,0,0
11.0900,1890346,-0.671875,0.735901,-0.062256,0.056335,84.9712,0,0
11.1000,1890356,-0.671936,0.735901,-0.062195,0.056213,84.9786,0,0
11.1100,1890366,-0.671997,0.735840,-0.062195,0.056091,84.9879,0,0
11.1200,1890376,-0.671997,0.735779,-0.062256,0.056030,84.9914,0,0
11.1300,1890386,-0.672058,0.735779,-0.062378,0.055908,84.9881,0,0
11.1400,1890396,-0.671997,0.735779,-0.062439,0.055847,84.9790,0,0
11.1500,1890406,-0.671936,0.735840,-0.062500,0.055786,84.9692,0,0
11.1600,1890416,-0.671936,0.735840,-0.062500,0.055786,84.9623,0,0
11.1700,1890426,-0.671936,0.735840,-0.062439,0.055847,84.9599,0,0
11.1800,1890436,-0.671936,0.735840,-0.062378,0.055908,84.9599,0,0
11.1900,1890446,-0.671936,0.735840,-0.062256,0.055969,84.9637,0,0
11.2000,1890456,-0.671936,0.735901,-0.062134,0.056030,84.9649,0,0
11.2100,1890466,-0.671936,0.735901,-0.062012,0.056030,84.9673,0,0
11.2200,1890476,-0.671936,0.735901,-0.062012,0.055969,84.9707,0,0
11.2300,1890486,-0.671936,0.735901,-0.062012,0.055969,84.9696,0,0
11.2400,1890496,-0.671936,0.735901,-0.062134,0.055847,84.9668,0,0
11.2500,1890506,-0.671936,0.735901,-0.062195,0.055786,84.9618,0,0
11.2600,1890516,-0.671936,0.735840,-0.062256,0.055725,84.9535,0,0
11.2700,1890526,-0.671936,0.735901,-0.062317,0.055603,84.9467,0,0
11.2800,1890536,-0.671875,0.735962,-0.062256,0.055542,84.9445,0,0
11.2900,1890546,-0.671875,0.735962,-0.062195,0.055481,84.9489,0,0
11.3000,1890556,-0.671936,0.735901,-0.062012,0.055481,84.9566,0,0
11.3100,1890566,-0.671997,0.735840,-0.061890,0.055603,84.9664,0,0
11.3200,1890576,-0.672058,0.735840,-0.061829,0.055603,84.9715,0,0
11.3300,1890586,-0.672058,0.735840,-0.061890,0.055664,84.9698,0,0
11.3400,1890596,-0.671997,0.735840,-0.061951,0.055786,84.9610,0,0
11.3500,1890606,-0.671936,0.735901,-0.062134,0.055786,84.9498,0,0
11.3600,1890616,-0.671875,0.735962,-0.062256,0.055725,84.9420,0,0
11.3700,1890626,-0.671875,0.735901,-0.062378,0.055603,84.9412,0,0
11.3800,1890636,-0.671936,0.735901,-0.062500,0.055542,84.9450,0,0
11.3900,1890646,-0.671997,0.735779,-0.062500,0.055481,84.9534,0,0
11.4000,1890656,-0.672058,0.735779,-0.062439,0.055420,84.9584,0,0
11.4100,1890666,-0.672119,0.735779,-0.062378,0.055359,84.9572,0,0
11.4200,1890676,-0.672119,0.735779,-0.062378,0.055237,84.9519,0,0
11.4300,1890686,-0.672119,0.735779,-0.062439,0.055176,84.9463,0,0
11.4400,1890696,-0.672119,0.735779,-0.062500,0.055115,84.9421,0,0
11.4500,1890706,-0.672119,0.735718,-0.062500,0.055115,84.9405,0,0
11.4600,1890716,-0.672119,0.735718,-0.062500,0.055115,84.9426,0,0
11.4700,1890726,-0.672180,0.735718,-0.062500,0.055115,84.9481,0,0
11.4800,1890736,-0.672241,0.735596,-0.062439,0.055176,84.9569,0,0
11.4900,1890746,-0.672302,0.735596,-0.062378,0.055237,84.9635,0,0
11.5000,1890756,-0.672302,0.735596,-0.062317,0.055298,84.9644,0,0
11.5100,1890766,-0.672302,0.735596,-0.062378,0.055359,84.9582,0,0
11.5200,1890776,-0.672241,0.735596,-0.062439,0.055420,84.9398,0,0
11.5300,1890786,-0.672119,0.735718,-0.062500,0.055542,84.9264,0,0
11.5400,1890796,-0.672058,0.735779,-0.062622,0.055603,84.9221,0,0
11.5500,1890806,-0.672058,0.735779,-0.062683,0.055664,84.9263,0,0
11.5600,1890816,-0.672058,0.735718,-0.062683,0.055725,84.9338,0,0
11.5700,1890826,-0.672180,0.735657,-0.062683,0.055725,84.9435,0,0
11.5800,1890836,-0.672241,0.735596,-0.062683,0.055786,84.9527,0,0
11.5900,1890846,-0.672363,0.735474,-0.062561,0.055847,84.9644,0,0
11.6000,1890856,-0.672424,0.735413,-0.062439,0.055847,84.9755,0,0
11.6100,1890866,-0.672485,0.735352,-0.062439,0.055908,84.9831,0,0
11.6200,1890876,-0.672485,0.735352,-0.062439,0.055908,84.9808,0,0
11.6300,1890886,-0.672424,0.735413,-0.062500,0.055847,84.9680,0,0
11.6400,1890896,-0.672302,0.735535,-0.062500,0.055847,84.9492,0,0
11.6500,1890906,-0.672241,0.735596,-0.062500,0.055847,84.9368,0,0
11.6600,1890916,-0.672241,0.735596,-0.062500,0.055847,84.9392,0,0
11.6700,1890926,-0.672363,0.735474,-0.062439,0.055908,84.9557,0,0
11.6800,1890936,-0.672485,0.735352,-0.062317,0.055969,84.9803,0,0
11.6900,1890946,-0.672607,0.735229,-0.062317,0.056091,85.0002,0,0
11.7000,1890956,-0.672668,0.735168,-0.062317,0.056213,85.0030,0,0
11.7100,1890966,-0.672607,0.735229,-0.062317,0.056335,84.9945,0,0
11.7200,1890976,-0.672485,0.735352,-0.062317,0.056396,84.9782,0,0
11.7300,1890986,-0.672363,0.735413,-0.062256,0.056458,84.9638,0,0
11.7400,1890996,-0.672302,0.735474,-0.062256,0.056396,84.9555,0,0
11.7500,1891006,-0.672302,0.735474,-0.062256,0.056396,84.9548,0,0
11.7600,1891016,-0.672302,0.735474,-0.062256,0.056396,84.9576,0,0
11.7700,1891026,-0.672302,0.735474,-0.062317,0.056396,84.9633,0,0
11.7800,1891036,-0.672363,0.735413,-0.062378,0.056335,84.9741,0,0
11.7900,1891046,-0.672485,0.735352,-0.062378,0.056335,84.9890,0,0
11.8000,1891056,-0.672546,0.735229,-0.062378,0.056335,84.9997,0,0
11.8100,1891066,-0.672607,0.735168,-0.062378,0.056396,85.0003,0,0
11.8200,1891076,-0.672607,0.735168,-0.062378,0.056396,84.9902,0,0
11.8300,1891086,-0.672546,0.735229,-0.062378,0.056335,84.9734,0,0
11.8400,1891096,-0.672424,0.735352,-0.062317,0.056396,84.9611,0,0
11.8500,1891106,-0.672363,0.735474,-0.062256,0.056458,84.9607,0,0
11.8600,1891116,-0.672363,0.735474,-0.062134,0.056580,84.9757,0,0
11.8700,1891126,-0.672546,0.735229,-0.062012,0.056641,84.9983,0,0
11.8800,1891136,-0.672729,0.735107,-0.062012,0.056702,85.0233,0,0
11.8900,1891146,-0.672852,0.734985,-0.062073,0.056641,85.0417,0,0
11.9000,1891156,-0.672913,0.734924,-0.062134,0.056580,85.0486,0,0
11.9100,1891166,-0.672913,0.734924,-0.062195,0.056519,85.0455,0,0
11.9200,1891176,-0.672913,0.734924,-0.062317,0.056396,85.0361,0,0
11.9300,1891186,-0.672852,0.734985,-0.062317,0.056335,85.0284,0,0
11.9400,1891196,-0.672852,0.734985,-0.062256,0.056274,85.0288,0,0
11.9500,1891206,-0.672974,0.734924,-0.062195,0.056213,85.0373,0,0
11.9600,1891216,-0.673096,0.734802,-0.062134,0.056213,85.0532,0,0
11.9700,1891226,-0.673157,0.734741,-0.062073,0.056274,85.0642,0,0
11.9800,1891236,-0.673157,0.734741,-0.062073,0.056274,85.0592,0,0
11.9900,1891246,-0.673096,0.734802,-0.062134,0.056335,85.0450,0,0
12.0000,1891256,-0.672974,0.734863,-0.062195,0.056396,85.0285,0,0
12.0100,1891266,-0.672974,0.734863,-0.062256,0.056458,85.0241,0,0
12.0200,1891276,-0.673096,0.734741,-0.062256,0.056458,85.0419,0,0
12.0300,1891286,-0.673340,0.734558,-0.062256,0.056458,85.0766,0,0
12.0400,1891296,-0.673584,0.734314,-0.062195,0.056519,85.1126,0,0
12.0500,1891306,-0.673767,0.734131,-0.062195,0.056519,85.1313,0,0
12.0600,1891316,-0.673767,0.734131,-0.062195,0.056519,85.1277,0,0
12.0700,1891326,-0.673706,0.734192,-0.062195,0.056519,85.1094,0,0
12.0800,1891336,-0.673584,0.734314,-0.062256,0.056458,85.0861,0,0
12.0900,1891346,-0.673462,0.734375,-0.062317,0.056458,85.0777,0,0
12.1000,1891356,-0.673523,0.734436,-0.062256,0.056396,85.0774,0,0
12.1100,1891366,-0.673523,0.734436,-0.062195,0.056335,85.0812,0,0
12.1200,1891376,-0.673523,0.734375,-0.062195,0.056274,85.0896,0,0
12.1300,1891386,-0.673645,0.734314,-0.062134,0.056274,85.0994,0,0
12.1400,1891396,-0.673706,0.734192,-0.062134,0.056274,85.1067,0,0
12.1500,1891406,-0.673828,0.734131,-0.062134,0.056213,85.1119,0,0
12.1600,1891416,-0.673950,0.733948,-0.062317,0.056152,85.1103,0,0
12.1700,1891426,-0.673950,0.733948,-0.062378,0.056213,85.1029,0,0
12.1800,1891436,-0.673950,0.733948,-0.062439,0.056274,85.0893,0,0
12.1900,1891446,-0.673950,0.733948,-0.062500,0.056335,85.0769,0,0
12.2000,1891456,-0.673950,0.733948,-0.062500,0.056335,85.0682,0,0
12.2100,1891466,-0.673950,0.733948,-0.062500,0.056335,85.0646,0,0
12.2200,1891476,-0.674011,0.733887,-0.062439,0.056274,85.0678,0,0
12.2300,1891486,-0.674133,0.733826,-0.062378,0.056213,85.0743,0,0
12.2400,1891496,-0.674194,0.733765,-0.062256,0.056152,85.0811,0,0
12.2500,1891506,-0.674316,0.733704,-0.062195,0.056091,85.0864,0,0
12.2600,1891516,-0.674377,0.733582,-0.062134,0.056030,85.0920,0,0
12.2700,1891526,-0.674500,0.733521,-0.062073,0.055969,85.0962,0,0
12.2800,1891536,-0.674561,0.733459,-0.062073,0.055969,85.0971,0,0
12.2900,1891546,-0.674561,0.733459,-0.062134,0.055908,85.0915,0,0
12.3000,1891556,-0.674561,0.733459,-0.062195,0.055908,85.0832,0,0
12.3100,1891566,-0.674561,0.733459,-0.062256,0.055847,85.0783,0,0
12.3200,1891576,-0.674561,0.733459,-0.062256,0.055847,85.0766,0,0
12.3300,1891586,-0.674622,0.733398,-0.062256,0.055847,85.0774,0,0
12.3400,1891596,-0.674622,0.733459,-0.062134,0.055908,85.0751,0,0
12.3500,1891606,-0.674622,0.733459,-0.062073,0.055969,85.0671,0,0
12.3600,1891616,-0.674561,0.733459,-0.061951,0.056091,85.0547,0,0
12.3700,1891626,-0.674500,0.733521,-0.061890,0.056152,85.0423,0,0
12.3800,1891636,-0.674438,0.733582,-0.061890,0.056152,85.0364,0,0
12.3900,1891646,-0.674438,0.733582,-0.061890,0.056152,85.0368,0,0
12.4000,1891656,-0.674438,0.733582,-0.062012,0.056030,85.0431,0,0
12.4100,1891666,-0.674561,0.733459,-0.062134,0.055908,85.0466,0,0
12.4200,1891676,-0.674622,0.733398,-0.062256,0.055725,85.0452,0,0
12.4300,1891686,-0.674683,0.733337,-0.062378,0.055603,85.0349,0,0
12.4400,1891696,-0.674683,0.733398,-0.062317,0.055298,85.0174,0,0
12.4500,1891706,-0.674622,0.733459,-0.062256,0.055237,84.9996,0,0
12.4600,1891716,-0.674622,0.733459,-0.062195,0.055176,84.9898,0,0
12.4700,1891726,-0.674622,0.733459,-0.062134,0.055176,84.9906,0,0
12.4800,1891736,-0.674744,0.733337,-0.062073,0.055176,84.9996,0,0
12.4900,1891746,-0.674805,0.733276,-0.062073,0.055237,85.0082,0,0
12.5000,1891756,-0.674866,0.733215,-0.062134,0.055298,85.0075,0,0
12.5100,1891766,-0.674805,0.733276,-0.062195,0.055359,84.9914,0,0
12.5200,1891776,-0.674622,0.733398,-0.062317,0.055420,84.9642,0,0
12.5300,1891786,-0.674500,0.733521,-0.062378,0.055542,84.9378,0,0
12.5400,1891796,-0.674438,0.733582,-0.062439,0.055603,84.9257,0,0
12.5500,1891806,-0.674500,0.733521,-0.062378,0.055664,84.9333,0,0
12.5600,1891816,-0.674683,0.733398,-0.062317,0.055725,84.9565,0,0
12.5700,1891826,-0.674866,0.733215,-0.062256,0.055786,84.9833,0,0
12.5800,1891836,-0.674988,0.733093,-0.062317,0.055725,84.9969,0,0
12.5900,1891846,-0.674988,0.733093,-0.062439,0.055603,84.9914,0,0
12.6000,1891856,-0.674927,0.733154,-0.062561,0.055481,84.9682,0,0
12.6100,1891866,-0.674805,0.733215,-0.062683,0.055359,84.9420,0,0
12.6200,1891876,-0.674744,0.733276,-0.062744,0.055237,84.9272,0,0
12.6300,1891886,-0.674805,0.733215,-0.062683,0.055237,84.9304,0,0
12.6400,1891896,-0.674988,0.733093,-0.062622,0.055176,84.9470,0,0
12.6500,1891906,-0.675171,0.732971,-0.062561,0.055176,84.9676,0,0
12.6600,1891916,-0.675293,0.732788,-0.062561,0.055176,84.9711,0,0
12.6700,1891926,-0.675354,0.732727,-0.062622,0.055176,84.9620,0,0
12.6800,1891936,-0.675354,0.732727,-0.062683,0.055115,84.9397,0,0
12.6900,1891946,-0.675293,0.732849,-0.062744,0.055054,84.9078,0,0
12.7000,1891956,-0.675110,0.732971,-0.062805,0.054993,84.8757,0,0
12.7100,1891966,-0.674927,0.733154,-0.062805,0.054932,84.8518,0,0
12.7200,1891976,-0.674805,0.733276,-0.062866,0.054932,84.8445,0,0
12.7300,1891986,-0.674866,0.733215,-0.062805,0.054932,84.8500,0,0
12.7400,1891996,-0.674927,0.733154,-0.062805,0.054932,84.8624,0,0
12.7500,1892006,-0.674988,0.733093,-0.062805,0.054932,84.8676,0,0
12.7600,1892016,-0.674988,0.733093,-0.062927,0.054932,84.8601,0,0
12.7700,1892026,-0.674866,0.733154,-0.062988,0.054932,84.8386,0,0
12.7800,1892036,-0.674744,0.733276,-0.063110,0.054932,84.8157,0,0
12.7900,1892046,-0.674683,0.733337,-0.063110,0.054932,84.7994,0,0
12.8000,1892056,-0.674683,0.733337,-0.063049,0.054993,84.7945,0,0
12.8100,1892066,-0.674744,0.733337,-0.062988,0.055054,84.8032,0,0
12.8200,1892076,-0.674805,0.733276,-0.062927,0.055115,84.8143,0,0
12.8300,1892086,-0.674866,0.733215,-0.062866,0.055176,84.8219,0,0
12.8400,1892096,-0.674805,0.733215,-0.062805,0.055237,84.8215,0,0
12.8500,1892106,-0.674744,0.733276,-0.062805,0.055237,84.8121,0,0
12.8600,1892116,-0.674683,0.733337,-0.062805,0.055237,84.7967,0,0
12.8700,1892126,-0.674561,0.733459,-0.062805,0.055176,84.7785,0,0
12.8800,1892136,-0.674438,0.733582,-0.062805,0.055176,84.7642,0,0
12.8900,1892146,-0.674377,0.733643,-0.062805,0.055176,84.7600,0,0
12.9000,1892156,-0.674438,0.733582,-0.062805,0.055176,84.7698,0,0
12.9100,1892166,-0.674561,0.733459,-0.062805,0.055176,84.7933,0,0
12.9200,1892176,-0.674805,0.733276,-0.062805,0.055237,84.8257,0,0
12.9300,1892186,-0.674988,0.733093,-0.062805,0.055298,84.8553,0,0
12.9400,1892196,-0.675110,0.732971,-0.062866,0.055359,84.8538,0,0
12.9500,1892206,-0.675110,0.732910,-0.062988,0.055481,84.8410,0,0
12.9600,1892216,-0.674988,0.732971,-0.062988,0.055603,84.8206,0,0
12.9700,1892226,-0.674866,0.733093,-0.063049,0.055725,84.8032,0,0
12.9800,1892236,-0.674744,0.733215,-0.063049,0.055847,84.7860,0,0
12.9900,1892246,-0.674561,0.733337,-0.063049,0.055969,84.7762,0,0
13.0000,1892256,-0.674500,0.733459,-0.062988,0.056030,84.7722,0,0
13.0100,1892266,-0.674438,0.733521,-0.062988,0.056030,84.7762,0,0
13.0200,1892276,-0.674500,0.733459,-0.063049,0.055969,84.7876,0,0
13.0300,1892286,-0.674561,0.733398,-0.063110,0.055908,84.8056,0,0
13.0400,1892296,-0.674683,0.733276,-0.063232,0.055786,84.8220,0,0
13.0500,1892306,-0.674805,0.733215,-0.063354,0.055725,84.8334,0,0
13.0600,1892316,-0.674805,0.733154,-0.063416,0.055603,84.8347,0,0
13.0700,1892326,-0.674805,0.733154,-0.063477,0.055542,84.8295,0,0
13.0800,1892336,-0.674744,0.733215,-0.063538,0.055542,84.8174,0,0
13.0900,1892346,-0.674622,0.733337,-0.063538,0.055542,84.7999,0,0
13.1000,1892356,-0.674500,0.733459,-0.063538,0.055542,84.7809,0,0
13.1100,1892366,-0.674377,0.733582,-0.063477,0.055542,84.7653,0,0
13.1200,1892376,-0.674316,0.733643,-0.063416,0.055603,84.7593,0,0
13.1300,1892386,-0.674316,0.733643,-0.063232,0.055664,84.7632,0,0
13.1400,1892396,-0.674316,0.733643,-0.063049,0.055664,84.7662,0,0
13.1500,1892406,-0.674316,0.733704,-0.062866,0.055664,84.7705,0,0
13.1600,1892416,-0.674316,0.733704,-0.062744,0.055664,84.7733,0,0
13.1700,1892426,-0.674316,0.733704,-0.062744,0.055664,84.7832,0,0
13.1800,1892436,-0.674377,0.733582,-0.062744,0.055664,84.8020,0,0
13.1900,1892446,-0.674561,0.733459,-0.062805,0.055603,84.8287,0,0
13.2000,1892456,-0.674805,0.733215,-0.062866,0.055603,84.8611,0,0
13.2100,1892466,-0.674988,0.733032,-0.062866,0.055603,84.8890,0,0
13.2200,1892476,-0.675110,0.732910,-0.062866,0.055603,84.9090,0,0
13.2300,1892486,-0.675171,0.732849,-0.062805,0.055664,84.8984,0,0
13.2400,1892496,-0.675110,0.732910,-0.062744,0.055725,84.8800,0,0
13.2500,1892506,-0.674988,0.733032,-0.062683,0.055786,84.8608,0,0
13.2600,1892516,-0.674866,0.733154,-0.062622,0.055786,84.8461,0,0
13.2700,1892526,-0.674744,0.733276,-0.062561,0.055847,84.8404,0,0
13.2800,1892536,-0.674683,0.733337,-0.062500,0.055847,84.8445,0,0
13.2900,1892546,-0.674683,0.733337,-0.062378,0.055847,84.8537,0,0
13.3000,1892556,-0.674805,0.733215,-0.062378,0.055908,84.8631,0,0
13.3100,1892566,-0.674805,0.733215,-0.062439,0.055847,84.8685,0,0
13.3200,1892576,-0.674805,0.733215,-0.062561,0.055847,84.8741,0,0
13.3300,1892586,-0.674866,0.733154,-0.062683,0.055786,84.8854,0,0
13.3400,1892596,-0.674988,0.733032,-0.062866,0.055847,84.9004,0,0
13.3500,1892606,-0.675049,0.732910,-0.062927,0.055908,84.9122,0,0
13.3600,1892616,-0.675049,0.732910,-0.063049,0.056091,84.9121,0,0
13.3700,1892626,-0.674988,0.732971,-0.063110,0.056213,84.9019,0,0
13.3800,1892636,-0.674866,0.733032,-0.063171,0.056396,84.8875,0,0
13.3900,1892646,-0.674805,0.733093,-0.063171,0.056519,84.8750,0,0
13.4000,1892656,-0.674866,0.733093,-0.063232,0.056519,84.8720,0,0
13.4100,1892666,-0.674927,0.732971,-0.063293,0.056519,84.8805,0,0
13.4200,1892676,-0.675110,0.732849,-0.063293,0.056335,84.8915,0,0
13.4300,1892686,-0.675171,0.732788,-0.063293,0.056152,84.9002,0,0
13.4400,1892696,-0.675232,0.732727,-0.063354,0.055908,84.8976,0,0
13.4500,1892706,-0.675293,0.732727,-0.063416,0.055664,84.8909,0,0
13.4600,1892716,-0.675293,0.732727,-0.063477,0.055420,84.8785,0,0
13.4700,1892726,-0.675232,0.732788,-0.063416,0.055298,84.8614,0,0
13.4800,1892736,-0.675171,0.732849,-0.063354,0.055176,84.8428,0,0
13.4900,1892746,-0.675110,0.732910,-0.063354,0.055176,84.8287,0,0
13.5000,1892756,-0.675110,0.732971,-0.063232,0.055237,84.8272,0,0
13.5100,1892766,-0.675110,0.732910,-0.063171,0.055298,84.8348,0,0
13.5200,1892776,-0.675171,0.732849,-0.063171,0.055298,84.8349,0,0
13.5300,1892786,-0.675171,0.732910,-0.063171,0.055298,84.8237,0,0
13.5400,1892796,-0.675110,0.732910,-0.063293,0.055298,84.8069,0,0
13.5500,1892806,-0.674988,0.733032,-0.063354,0.055298,84.7976,0,0
13.5600,1892816,-0.674988,0.733032,-0.063354,0.055298,84.7993,0,0
13.5700,1892826,-0.674988,0.733032,-0.063354,0.055298,84.8130,0,0
13.5800,1892836,-0.675171,0.732849,-0.063232,0.055420,84.8291,0,0
13.5900,1892846,-0.675171,0.732849,-0.063232,0.055420,84.8336,0,0
13.6000,1892856,-0.675171,0.732849,-0.063232,0.055359,84.8260,0,0
13.6100,1892866,-0.675049,0.732971,-0.063293,0.055359,84.8117,0,0
13.6200,1892876,-0.674988,0.733032,-0.063232,0.055298,84.7986,0,0
13.6300,1892886,-0.674988,0.733032,-0.063232,0.055237,84.7873,0,0
13.6400,1892896,-0.674988,0.733093,-0.063171,0.055176,84.7819,0,0
13.6500,1892906,-0.674988,0.733093,-0.063110,0.055115,84.7809,0,0
13.6600,1892916,-0.674988,0.733093,-0.063110,0.055054,84.7811,0,0
13.6700,1892926,-0.674988,0.733093,-0.063110,0.055054,84.7802,0,0
13.6800,1892936,-0.674927,0.733093,-0.063110,0.055054,84.7798,0,0
13.6900,1892946,-0.674927,0.733093,-0.063110,0.055054,84.7777,0,0
13.7000,1892956,-0.674927,0.733093,-0.063171,0.055054,84.7758,0,0
13.7100,1892966,-0.674927,0.733093,-0.063171,0.055115,84.7733,0,0
13.7200,1892976,-0.674927,0.733093,-0.063232,0.055176,84.7674,0,0
13.7300,1892986,-0.674805,0.733215,-0.063171,0.055176,84.7546,0,0
13.7400,1892996,-0.674683,0.733276,-0.063171,0.055237,84.7397,0,0
13.7500,1893006,-0.674561,0.733459,-0.063110,0.055237,84.7208,0,0
13.7600,1893016,-0.674438,0.733582,-0.063171,0.055237,84.7058,0,0
13.7700,1893026,-0.674316,0.733643,-0.063171,0.055237,84.6975,0,0
13.7800,1893036,-0.674255,0.733704,-0.063232,0.055298,84.6955,0,0
13.7900,1893046,-0.674255,0.733704,-0.063293,0.055298,84.6984,0,0
13.8000,1893056,-0.674255,0.733704,-0.063416,0.055359,84.6946,0,0
13.8100,1893066,-0.674194,0.733765,-0.063477,0.055420,84.6892,0,0
13.8200,1893076,-0.674072,0.733826,-0.063538,0.055481,84.6888,0,0
13.8300,1893086,-0.674072,0.733826,-0.063538,0.055603,84.6986,0,0
13.8400,1893096,-0.674072,0.733826,-0.063538,0.055664,84.7161,0,0
13.8500,1893106,-0.674133,0.733765,-0.063538,0.055725,84.7311,0,0
13.8600,1893116,-0.674255,0.733643,-0.063538,0.055725,84.7393,0,0
13.8700,1893126,-0.674255,0.733643,-0.063538,0.055664,84.7418,0,0
13.8800,1893136,-0.674255,0.733643,-0.063538,0.055664,84.7417,0,0
13.8900,1893146,-0.674316,0.733643,-0.063538,0.055603,84.7465,0,0
13.9000,1893156,-0.674316,0.733582,-0.063477,0.055603,84.7575,0,0
13.9100,1893166,-0.674438,0.733459,-0.063477,0.055603,84.7781,0,0
13.9200,1893176,-0.674622,0.733337,-0.063477,0.055542,84.8011,0,0
13.9300,1893186,-0.674744,0.733215,-0.063477,0.055603,84.8231,0,0
13.9400,1893196,-0.674805,0.733154,-0.063477,0.055603,84.8356,0,0
13.9500,1893206,-0.674866,0.733093,-0.063538,0.055603,84.8410,0,0
13.9600,1893216,-0.674866,0.733093,-0.063538,0.055664,84.8366,0,0
13.9700,1893226,-0.674805,0.733154,-0.063599,0.055664,84.8259,0,0
13.9800,1893236,-0.674744,0.733215,-0.063599,0.055603,84.8128,0,0
13.9900,1893246,-0.674683,0.733215,-0.063599,0.055603,84.8009,0,0
14.0000,1893256,-0.674683,0.733276,-0.063538,0.055542,84.7908,0,0
14.0100,1893266,-0.674683,0.733276,-0.063477,0.055420,84.7840,0,0
14.0200,1893276,-0.674683,0.733276,-0.063416,0.055359,84.7847,0,0
14.0300,1893286,-0.674744,0.733215,-0.063293,0.055237,84.7906,0,0
14.0400,1893296,-0.674805,0.733215,-0.063232,0.055176,84.7945,0,0
14.0500,1893306,-0.674805,0.733215,-0.063232,0.055115,84.7917,0,0
14.0600,1893316,-0.674744,0.733276,-0.063232,0.055115,84.7813,0,0
14.0700,1893326,-0.674622,0.733337,-0.063232,0.055115,84.7661,0,0
14.0800,1893336,-0.674561,0.733398,-0.063232,0.055115,84.7570,0,0
14.0900,1893346,-0.674561,0.733398,-0.063232,0.055115,84.7697,0,0
14.1000,1893356,-0.674683,0.733337,-0.063232,0.055115,84.7824,0,0
14.1100,1893366,-0.674744,0.733276,-0.063293,0.055115,84.7897,0,0
14.1200,1893376,-0.674805,0.733154,-0.063416,0.055115,84.7883,0,0
14.1300,1893386,-0.674866,0.733154,-0.063477,0.055054,84.7786,0,0
14.1400,1893396,-0.674805,0.733154,-0.063538,0.054993,84.7665,0,0
14.1500,1893406,-0.674744,0.733215,-0.063538,0.054993,84.7514,0,0
14.1600,1893416,-0.674561,0.733398,-0.063416,0.054932,84.7377,0,0
14.1700,1893426,-0.674561,0.733459,-0.063354,0.054993,84.7318,0,0
14.1800,1893436,-0.674500,0.733459,-0.063416,0.054932,84.7363,0,0
14.1900,1893446,-0.674622,0.733398,-0.063477,0.054932,84.7465,0,0
14.2000,1893456,-0.674622,0.733337,-0.063538,0.054810,84.7538,0,0
14.2100,1893466,-0.674683,0.733337,-0.063721,0.054687,84.7522,0,0
14.2200,1893476,-0.674622,0.733337,-0.063782,0.054565,84.7425,0,0
14.2300,1893486,-0.674561,0.733398,-0.063782,0.054565,84.7296,0,0
14.2400,1893496,-0.674500,0.733459,-0.063782,0.054626,84.7180,0,0
14.2500,1893506,-0.674438,0.733521,-0.063660,0.054687,84.7094,0,0
14.2600,1893516,-0.674438,0.733521,-0.063599,0.054810,84.7078,0,0
14.2700,1893526,-0.674438,0.733582,-0.063477,0.054871,84.7147,0,0
14.2800,1893536,-0.674500,0.733521,-0.063477,0.054871,84.7242,0,0
14.2900,1893546,-0.674438,0.733521,-0.063538,0.054932,84.7290,0,0
14.3000,1893556,-0.674438,0.733521,-0.063599,0.054993,84.7277,0,0
14.3100,1893566,-0.674377,0.733521,-0.063660,0.055054,84.7229,0,0
14.3200,1893576,-0.674316,0.733582,-0.063721,0.055115,84.7141,0,0
14.3300,1893586,-0.674255,0.733643,-0.063660,0.055237,84.7047,0,0
14.3400,1893596,-0.674194,0.733765,-0.063660,0.055237,84.6921,0,0
14.3500,1893606,-0.674072,0.733826,-0.063660,0.055237,84.6766,0,0
14.3600,1893616,-0.673950,0.733948,-0.063660,0.055176,84.6642,0,0
14.3700,1893626,-0.673889,0.734009,-0.063721,0.055176,84.6655,0,0
14.3800,1893636,-0.673889,0.734009,-0.063721,0.055176,84.6745,0,0
14.3900,1893646,-0.673889,0.734009,-0.063721,0.055176,84.6896,0,0
14.4000,1893656,-0.673950,0.733948,-0.063721,0.055176,84.7038,0,0
14.4100,1893666,-0.674072,0.733887,-0.063721,0.055176,84.7127,0,0
14.4200,1893676,-0.674133,0.733826,-0.063721,0.055176,84.7140,0,0
14.4300,1893686,-0.674133,0.733826,-0.063721,0.055176,84.7051,0,0
14.4400,1893696,-0.673889,0.734009,-0.063721,0.055176,84.6889,0,0
14.4500,1893706,-0.673767,0.734070,-0.063721,0.055176,84.6741,0,0
14.4600,1893716,-0.673706,0.734131,-0.063660,0.055237,84.6696,0,0
14.4700,1893726,-0.673706,0.734131,-0.063538,0.055298,84.6778,0,0
14.4800,1893736,-0.673828,0.734070,-0.063477,0.055359,84.6970,0,0
14.4900,1893746,-0.673889,0.734009,-0.063416,0.055481,84.7164,0,0
14.5000,1893756,-0.673950,0.733948,-0.063354,0.055542,84.7307,0,0
14.5100,1893766,-0.673950,0.733948,-0.063293,0.055603,84.7360,0,0
14.5200,1893776,-0.673950,0.733948,-0.063232,0.055603,84.7357,0,0
14.5300,1893786,-0.673889,0.734009,-0.063232,0.055603,84.7324,0,0
14.5400,1893796,-0.673889,0.734009,-0.063232,0.055603,84.7311,0,0
14.5500,1893806,-0.673889,0.734009,-0.063171,0.055603,84.7357,0,0
14.5600,1893816,-0.673950,0.733948,-0.063171,0.055481,84.7485,0,0
14.5700,1893826,-0.674072,0.733887,-0.063171,0.055359,84.7642,0,0
14.5800,1893836,-0.674133,0.733826,-0.063171,0.055237,84.7755,0,0
14.5900,1893846,-0.674133,0.733826,-0.063232,0.055176,84.7767,0,0
14.6000,1893856,-0.674072,0.733887,-0.063293,0.055115,84.7683,0,0
14.6100,1893866,-0.674011,0.733948,-0.063293,0.055115,84.7590,0,0
14.6200,1893876,-0.674011,0.733948,-0.063293,0.055115,84.7574,0,0
14.6300,1893886,-0.674072,0.733887,-0.063293,0.055115,84.7648,0,0
14.6400,1893896,-0.674194,0.733765,-0.063232,0.055115,84.7832,0,0
14.6500,1893906,-0.674316,0.733704,-0.063232,0.055176,84.8013,0,0
14.6600,1893916,-0.674316,0.733643,-0.063232,0.055237,84.7900,0,0
14.6700,1893926,-0.674255,0.733704,-0.063293,0.055359,84.7650,0,0
14.6800,1893936,-0.674072,0.733887,-0.063354,0.055420,84.7394,0,0
14.6900,1893946,-0.673889,0.734009,-0.063416,0.055420,84.7247,0,0
14.7000,1893956,-0.673767,0.734131,-0.063538,0.055420,84.7253,0,0
14.7100,1893966,-0.673767,0.734131,-0.063599,0.055359,84.7438,0,0
14.7200,1893976,-0.673889,0.734009,-0.063660,0.055359,84.7679,0,0
14.7300,1893986,-0.674194,0.733765,-0.063721,0.055237,84.7872,0,0
14.7400,1893996,-0.674255,0.733643,-0.063782,0.055176,84.7966,0,0
14.7500,1894006,-0.674255,0.733643,-0.063843,0.055115,84.7960,0,0
14.7600,1894016,-0.674194,0.733704,-0.063904,0.055054,84.7860,0,0
14.7700,1894026,-0.674133,0.733765,-0.063904,0.055054,84.7688,0,0
14.7800,1894036,-0.673950,0.733948,-0.063965,0.055054,84.7453,0,0
14.7900,1894046,-0.673828,0.734070,-0.063965,0.055054,84.7241,0,0
14.8000,1894056,-0.673706,0.734131,-0.063965,0.055054,84.7106,0,0
14.8100,1894066,-0.673706,0.734131,-0.063965,0.055054,84.7108,0,0
14.8200,1894076,-0.673767,0.734070,-0.063965,0.055054,84.7222,0,0
14.8300,1894086,-0.673889,0.734009,-0.063904,0.054993,84.7373,0,0
14.8400,1894096,-0.673950,0.733948,-0.063843,0.054993,84.7480,0,0
14.8500,1894106,-0.673950,0.733948,-0.063843,0.054871,84.7456,0,0
14.8600,1894116,-0.673950,0.733948,-0.063843,0.054871,84.7379,0,0
14.8700,1894126,-0.673950,0.733948,-0.063843,0.054871,84.7313,0,0
14.8800,1894136,-0.673950,0.733948,-0.063843,0.054871,84.7279,0,0
14.8900,1894146,-0.673950,0.733948,-0.063843,0.054871,84.7302,0,0
14.9000,1894156,-0.673950,0.733948,-0.063843,0.054932,84.7312,0,0
14.9100,1894166,-0.673950,0.733948,-0.063843,0.055054,84.7291,0,0
14.9200,1894176,-0.673889,0.734009,-0.063782,0.055054,84.7207,0,0
14.9300,1894186,-0.673828,0.734070,-0.063721,0.055115,84.7121,0,0
14.9400,1894196,-0.673767,0.734131,-0.063721,0.055115,84.7080,0,0
14.9500,1894206,-0.673767,0.734131,-0.063599,0.055115,84.7113,0,0
14.9600,1894216,-0.673767,0.734131,-0.063538,0.055054,84.7186,0,0
14.9700,1894226,-0.673767,0.734131,-0.063538,0.055054,84.7237,0,0
14.9800,1894236,-0.673767,0.734131,-0.063538,0.054993,84.7215,0,0
14.9900,1894246,-0.673767,0.734131,-0.063599,0.054932,84.7122,0,0
15.0000,1894256,-0.673706,0.734192,-0.063660,0.054871,84.6933,0,0
15.0100,1894266,-0.673401,0.734436,-0.063782,0.054993,84.6742,0,0
15.0200,1894276,-0.673340,0.734497,-0.063843,0.055054,84.6655,0,0
15.0300,1894286,-0.673340,0.734497,-0.063904,0.055115,84.6721,0,0
15.0400,1894296,-0.673401,0.734436,-0.063965,0.055176,84.6879,0,0
15.0500,1894306,-0.673523,0.734314,-0.063965,0.055176,84.7070,0,0
15.0600,1894316,-0.673584,0.734253,-0.063965,0.055176,84.7187,0,0
15.0700,1894326,-0.673584,0.734253,-0.063965,0.055176,84.7208,0,0
15.0800,1894336,-0.673523,0.734314,-0.063965,0.055176,84.7152,0,0
15.0900,1894346,-0.673523,0.734375,-0.063965,0.055176,84.7110,0,0
15.1000,1894356,-0.673523,0.734375,-0.063965,0.055176,84.7082,0,0
15.1100,1894366,-0.673523,0.734375,-0.063965,0.055176,84.7055,0,0
15.1200,1894376,-0.673523,0.734375,-0.063904,0.055115,84.7030,0,0
15.1300,1894386,-0.673523,0.734375,-0.063721,0.055115,84.7012,0,0
15.1400,1894396,-0.673523,0.734375,-0.063538,0.055115,84.7030,0,0
15.1500,1894406,-0.673523,0.734375,-0.063354,0.055176,84.7168,0,0
15.1600,1894416,-0.673584,0.734314,-0.063171,0.055237,84.7311,0,0
15.1700,1894426,-0.673584,0.734314,-0.063110,0.055298,84.7393,0,0
15.1800,1894436,-0.673584,0.734314,-0.063110,0.055298,84.7400,0,0
15.1900,1894446,-0.673523,0.734375,-0.063232,0.055420,84.7371,0,0
15.2000,1894456,-0.673523,0.734314,-0.063354,0.055481,84.7367,0,0
15.2100,1894466,-0.673523,0.734314,-0.063538,0.055481,84.7417,0,0
15.2200,1894476,-0.673584,0.734253,-0.063660,0.055481,84.7518,0,0
15.2300,1894486,-0.673645,0.734192,-0.063721,0.055542,84.7607,0,0
15.2400,1894496,-0.673645,0.734192,-0.063721,0.055542,84.7669,0,0
15.2500,1894506,-0.673645,0.734192,-0.063660,0.055542,84.7698,0,0
15.2600,1894516,-0.673706,0.734192,-0.063599,0.055481,84.7683,0,0
15.2700,1894526,-0.673706,0.734192,-0.063538,0.055359,84.7622,0,0
15.2800,1894536,-0.673645,0.734253,-0.063477,0.055298,84.7547,0,0
15.2900,1894546,-0.673584,0.734314,-0.063416,0.055237,84.7372,0,0
15.3000,1894556,-0.673462,0.734436,-0.063416,0.055176,84.7451,0,0
15.3100,1894566,-0.673584,0.734314,-0.063416,0.055237,84.7633,0,0
15.3200,1894576,-0.673706,0.734192,-0.063477,0.055298,84.7878,0,0
15.3300,1894586,-0.673767,0.734070,-0.063599,0.055359,84.8007,0,0
15.3400,1894596,-0.673767,0.734070,-0.063721,0.055359,84.8023,0,0
15.3500,1894606,-0.673706,0.734131,-0.063904,0.055359,84.7896,0,0
15.3600,1894616,-0.673584,0.734253,-0.064087,0.055359,84.7669,0,0
15.3700,1894626,-0.673401,0.734375,-0.064148,0.055359,84.7411,0,0
15.3800,1894636,-0.673279,0.734497,-0.064209,0.055359,84.7214,0,0
15.3900,1894646,-0.673218,0.734558,-0.064209,0.055359,84.7145,0,0
15.4000,1894656,-0.673279,0.734497,-0.064087,0.055298,84.7240,0,0
15.4100,1894666,-0.673401,0.734436,-0.063904,0.055298,84.7449,0,0
15.4200,1894676,-0.673584,0.734314,-0.063782,0.055298,84.7665,0,0
15.4300,1894686,-0.673645,0.734253,-0.063721,0.055237,84.7764,0,0
15.4400,1894696,-0.673645,0.734253,-0.063721,0.055237,84.7703,0,0
15.4500,1894706,-0.673523,0.734375,-0.063782,0.055176,84.7473,0,0
15.4600,1894716,-0.673279,0.734558,-0.063843,0.055054,84.7154,0,0
15.4700,1894726,-0.673096,0.734741,-0.063965,0.054993,84.6825,0,0
15.4800,1894736,-0.672974,0.734863,-0.064026,0.054932,84.6638,0,0
15.4900,1894746,-0.672974,0.734863,-0.064087,0.054871,84.6685,0,0
15.5000,1894756,-0.673157,0.734680,-0.064087,0.054871,84.6944,0,0
15.5100,1894766,-0.673340,0.734497,-0.064026,0.054932,84.7310,0,0
15.5200,1894776,-0.673523,0.734314,-0.063965,0.054993,84.7344,0,0
15.5300,1894786,-0.673523,0.734314,-0.063904,0.055054,84.7179,0,0
15.5400,1894796,-0.673401,0.734436,-0.063965,0.055115,84.6928,0,0
15.5500,1894806,-0.673218,0.734619,-0.064026,0.055115,84.6731,0,0
15.5600,1894816,-0.673096,0.734741,-0.064087,0.055054,84.6673,0,0
15.5700,1894826,-0.673035,0.734741,-0.064209,0.054993,84.6820,0,0
15.5800,1894836,-0.673157,0.734680,-0.064148,0.055054,84.7042,0,0
15.5900,1894846,-0.673401,0.734375,-0.064148,0.055054,84.7265,0,0
15.6000,1894856,-0.673523,0.734314,-0.064087,0.055115,84.7443,0,0
15.6100,1894866,-0.673584,0.734253,-0.064087,0.055115,84.7511,0,0
15.6200,1894876,-0.673584,0.734253,-0.064148,0.055176,84.7481,0,0
15.6300,1894886,-0.673523,0.734314,-0.064209,0.055237,84.7399,0,0
15.6400,1894896,-0.673401,0.734375,-0.064270,0.055298,84.7273,0,0
15.6500,1894906,-0.673340,0.734497,-0.064331,0.055298,84.7142,0,0
15.6600,1894916,-0.673218,0.734558,-0.064331,0.055298,84.7018,0,0
15.6700,1894926,-0.673157,0.734619,-0.064331,0.055237,84.6899,0,0
15.6800,1894936,-0.673096,0.734680,-0.064331,0.055237,84.6822,0,0
15.6900,1894946,-0.673096,0.734680,-0.064331,0.055237,84.6833,0,0
15.7000,1894956,-0.673096,0.734680,-0.064331,0.055237,84.6896,0,0
15.7100,1894966,-0.673096,0.734680,-0.064331,0.055237,84.6920,0,0
15.7200,1894976,-0.672974,0.734802,-0.064331,0.055237,84.6818,0,0
15.7300,1894986,-0.672852,0.734924,-0.064392,0.055176,84.6578,0,0
15.7400,1894996,-0.672668,0.735046,-0.064514,0.055176,84.6325,0,0
15.7500,1895006,-0.672546,0.735168,-0.064636,0.055176,84.6187,0,0
15.7600,1895016,-0.672546,0.735168,-0.064819,0.055176,84.6185,0,0
15.7700,1895026,-0.672546,0.735168,-0.064880,0.055298,84.6244,0,0
15.7800,1895036,-0.672546,0.735168,-0.064941,0.055359,84.6281,0,0
15.7900,1895046,-0.672424,0.735229,-0.064941,0.055481,84.6204,0,0
15.8000,1895056,-0.672302,0.735352,-0.064880,0.055481,84.6061,0,0
15.8100,1895066,-0.672180,0.735474,-0.064819,0.055542,84.6002,0,0
15.8200,1895076,-0.672058,0.735535,-0.064758,0.055603,84.6030,0,0
15.8300,1895086,-0.672058,0.735535,-0.064636,0.055664,84.6073,0,0
15.8400,1895096,-0.672058,0.735596,-0.064575,0.055664,84.6097,0,0
15.8500,1895106,-0.672058,0.735596,-0.064514,0.055603,84.6067,0,0
15.8600,1895116,-0.671997,0.735657,-0.064453,0.055542,84.6002,0,0
15.8700,1895126,-0.671814,0.735779,-0.064453,0.055359,84.5940,0,0
15.8800,1895136,-0.671814,0.735840,-0.064453,0.055237,84.5917,0,0
15.8900,1895146,-0.671814,0.735840,-0.064453,0.055176,84.5929,0,0
15.9000,1895156,-0.671814,0.735840,-0.064453,0.055115,84.5977,0,0
15.9100,1895166,-0.671814,0.735840,-0.064392,0.055054,84.6027,0,0
15.9200,1895176,-0.671814,0.735840,-0.064392,0.055054,84.6064,0,0
15.9300,1895186,-0.671814,0.735840,-0.064392,0.055054,84.6075,0,0
15.9400,1895196,-0.671814,0.735840,-0.064392,0.055054,84.6091,0,0
15.9500,1895206,-0.671814,0.735901,-0.064331,0.055115,84.6156,0,0
15.9600,1895216,-0.671814,0.735901,-0.064331,0.055176,84.6193,0,0
15.9700,1895226,-0.671753,0.735901,-0.064270,0.055298,84.6199,0,0
15.9800,1895236,-0.671631,0.735962,-0.064270,0.055420,84.6157,0,0
15.9900,1895246,-0.671570,0.736084,-0.064209,0.055542,84.6064,0,0
16.0000,1895256,-0.671387,0.736206,-0.064148,0.055603,84.5959,0,0
16.0100,1895266,-0.671265,0.736328,-0.064087,0.055664,84.5872,0,0
16.0200,1895276,-0.671143,0.736450,-0.064026,0.055725,84.5806,0,0
16.0300,1895286,-0.671021,0.736572,-0.063904,0.055847,84.5768,0,0
16.0400,1895296,-0.670898,0.736694,-0.063721,0.055969,84.5751,0,0
16.0500,1895306,-0.670654,0.736877,-0.063477,0.056213,84.5623,0,0
16.0600,1895316,-0.670166,0.737366,-0.063171,0.056580,84.5123,0,0
16.0700,1895326,-0.669434,0.738037,-0.062805,0.057068,84.4252,0,0
16.0800,1895336,-0.668701,0.738708,-0.062256,0.057617,84.3375,0,0
16.0900,1895346,-0.668091,0.739258,-0.061523,0.058228,84.3126,0,0
16.1000,1895356,-0.667786,0.739563,-0.060669,0.058899,84.3350,0,0
16.1100,1895366,-0.667786,0.739563,-0.059631,0.059631,84.4013,0,0
16.1200,1895376,-0.668030,0.739380,-0.058228,0.060486,84.5207,0,0
16.1300,1895386,-0.668640,0.738892,-0.056519,0.061462,84.6817,0,0
16.1400,1895396,-0.669067,0.738586,-0.054260,0.062622,84.8639,0,0
16.1500,1895406,-0.669556,0.738220,-0.051575,0.063904,85.0389,0,0
16.1600,1895416,-0.669983,0.737976,-0.045044,0.066833,85.1873,0,0
16.1700,1895426,-0.669739,0.738281,-0.041443,0.068420,85.2948,0,0
16.1800,1895436,-0.669067,0.738953,-0.037720,0.070068,85.3600,0,0
16.1900,1895446,-0.668030,0.739929,-0.033936,0.071777,85.3916,0,0
16.2000,1895456,-0.666687,0.741089,-0.030090,0.073486,85.4056,0,0
16.2100,1895466,-0.665100,0.742432,-0.026245,0.075378,85.4135,0,0
16.2200,1895476,-0.663513,0.743835,-0.022339,0.077271,85.4412,0,0
16.2300,1895486,-0.661926,0.745117,-0.018311,0.079224,85.4955,0,0
16.2400,1895496,-0.660522,0.746399,-0.015930,0.079285,85.5565,0,0
16.2500,1895506,-0.658997,0.747681,-0.011719,0.081299,85.6513,0,0
16.2600,1895516,-0.657593,0.748718,-0.007324,0.083374,85.7895,0,0
16.2700,1895526,-0.656311,0.749634,-0.002808,0.085449,85.9762,0,0
16.2800,1895536,-0.655151,0.750366,0.001953,0.087585,86.2091,0,0
16.2900,1895546,-0.654175,0.750977,0.006836,0.089661,86.4816,0,0
16.3000,1895556,-0.653198,0.751526,0.011902,0.091736,86.7751,0,0
16.3100,1895566,-0.652100,0.752136,0.017029,0.093750,87.0708,0,0
16.3200,1895576,-0.650879,0.752808,0.022095,0.095764,87.3842,0,0
16.3300,1895586,-0.649353,0.753723,0.027039,0.097778,87.6689,0,0
16.3400,1895596,-0.647522,0.754822,0.031799,0.099731,87.9230,0,0
16.3500,1895606,-0.645386,0.756226,0.036194,0.101624,88.1387,0,0
16.3600,1895616,-0.643066,0.757690,0.040344,0.103394,88.3406,0,0
16.3700,1895626,-0.640808,0.759216,0.044250,0.104980,88.5531,0,0
16.3800,1895636,-0.638733,0.760498,0.047974,0.106323,88.8628,0,0
16.3900,1895646,-0.637085,0.761536,0.051636,0.107544,89.2530,0,0
16.4000,1895656,-0.635925,0.762085,0.055298,0.108398,89.7182,0,0
16.4100,1895666,-0.635376,0.762207,0.059021,0.109009,90.2215,0,0
16.4200,1895676,-0.635071,0.762085,0.062683,0.109375,90.7199,0,0
16.4300,1895686,-0.634888,0.761963,0.066162,0.109497,91.1678,0,0
16.4400,1895696,-0.634460,0.761963,0.069275,0.109619,91.5321,0,0
16.4500,1895706,-0.632385,0.763306,0.074097,0.109680,91.8210,0,0
16.4600,1895716,-0.630920,0.764343,0.075745,0.109619,92.0673,0,0
16.4700,1895726,-0.629578,0.765320,0.077087,0.109375,92.3133,0,0
16.4800,1895736,-0.628662,0.766052,0.078125,0.108765,92.6011,0,0
16.4900,1895746,-0.628418,0.766296,0.078979,0.107910,92.9641,0,0
16.5000,1895756,-0.628906,0.765991,0.079651,0.106689,93.4133,0,0
16.5100,1895766,-0.630127,0.765137,0.080078,0.105164,93.9323,0,0
16.5200,1895776,-0.631897,0.763916,0.080261,0.103455,94.4892,0,0
16.5300,1895786,-0.633850,0.762573,0.080139,0.101379,95.0333,0,0
16.5400,1895796,-0.635620,0.761414,0.079712,0.099121,95.5121,0,0
16.5500,1895806,-0.636963,0.760742,0.078918,0.096680,95.8826,0,0
16.5600,1895816,-0.637695,0.760559,0.077759,0.093933,96.1222,0,0
16.5700,1895826,-0.637817,0.760925,0.076172,0.091064,96.2402,0,0
16.5800,1895836,-0.637634,0.761658,0.074341,0.088074,96.2788,0,0
16.5900,1895846,-0.637390,0.762451,0.072144,0.085022,96.2746,0,0
16.6000,1895856,-0.637268,0.763123,0.069763,0.081970,96.2707,0,0
16.6100,1895866,-0.637512,0.763428,0.067078,0.078796,96.2723,0,0
16.6200,1895876,-0.638245,0.763428,0.064270,0.075439,96.3140,0,0
16.6300,1895886,-0.639404,0.763062,0.061218,0.071960,96.3825,0,0
16.6400,1895896,-0.640686,0.762573,0.057922,0.068359,96.4450,0,0
16.6500,1895906,-0.641907,0.762146,0.054443,0.064514,96.4589,0,0
16.6600,1895916,-0.642761,0.761963,0.050781,0.060608,96.3196,0,0
16.6700,1895926,-0.643188,0.762207,0.046936,0.056396,96.0768,0,0
16.6800,1895936,-0.643005,0.762878,0.043091,0.051941,95.7542,0,0
16.6900,1895946,-0.642456,0.763855,0.039307,0.047241,95.3783,0,0
16.7000,1895956,-0.641602,0.765015,0.035706,0.042358,94.9917,0,0
16.7100,1895966,-0.640747,0.766113,0.032349,0.037292,94.6042,0,0
16.7200,1895976,-0.640015,0.767151,0.029297,0.032104,94.2284,0,0
16.7300,1895986,-0.638489,0.768982,0.023682,0.021729,93.8087,0,0
16.7400,1895996,-0.637573,0.769958,0.020935,0.016541,93.3756,0,0
16.7500,1896006,-0.636169,0.771240,0.018188,0.011536,92.8611,0,0
16.7600,1896016,-0.634155,0.773010,0.015503,0.006653,92.2579,0,0
16.7700,1896026,-0.631653,0.775146,0.012756,0.001953,91.5877,0,0
16.7800,1896036,-0.629089,0.777283,0.010254,-0.002625,90.9140,0,0
16.7900,1896046,-0.626892,0.779053,0.007813,-0.007324,90.3041,0,0
16.8000,1896056,-0.625244,0.780334,0.005554,-0.012146,89.7753,0,0
16.8100,1896066,-0.624207,0.781067,0.003357,-0.017029,89.3404,0,0
16.8200,1896076,-0.623840,0.781250,0.001221,-0.021851,88.9889,0,0
16.8300,1896086,-0.623962,0.781006,-0.000977,-0.026611,88.7044,0,0
16.8400,1896096,-0.624451,0.780396,-0.003174,-0.031189,88.4618,0,0
16.8500,1896106,-0.625000,0.779785,-0.005554,-0.035522,88.2103,0,0
16.8600,1896116,-0.625305,0.779358,-0.007935,-0.039551,87.9060,0,0
16.8700,1896126,-0.625549,0.778931,-0.010376,-0.043579,87.5889,0,0
16.8800,1896136,-0.625000,0.779053,-0.012756,-0.047180,87.1539,0,0
16.8900,1896146,-0.624390,0.779297,-0.015015,-0.050720,86.6807,0,0
16.9000,1896156,-0.624023,0.779358,-0.017090,-0.054138,86.2396,0,0
16.9100,1896166,-0.624084,0.778992,-0.019165,-0.057617,85.8682,0,0
16.9200,1896176,-0.624756,0.778137,-0.021118,-0.060974,85.5819,0,0
16.9300,1896186,-0.626099,0.776733,-0.023254,-0.064270,85.3801,0,0
16.9400,1896196,-0.627625,0.775146,-0.025513,-0.067383,85.2062,0,0
16.9500,1896206,-0.629028,0.773682,-0.028015,-0.070251,84.9302,0,0
16.9600,1896216,-0.629944,0.772583,-0.030762,-0.072876,84.5807,0,0
16.9700,1896226,-0.630371,0.771912,-0.033630,-0.075317,84.1938,0,0
16.9800,1896236,-0.630554,0.771362,-0.036560,-0.077698,83.8067,0,0
16.9900,1896246,-0.630737,0.770813,-0.039429,-0.080200,83.4539,0,0
17.0000,1896256,-0.631165,0.770081,-0.042175,-0.082703,83.1533,0,0
17.0100,1896266,-0.632019,0.768921,-0.044739,-0.085327,82.9071,0,0
17.0200,1896276,-0.634705,0.765808,-0.049805,-0.090820,82.6882,0,0
17.0300,1896286,-0.636169,0.764099,-0.052368,-0.093567,82.4554,0,0
17.0400,1896296,-0.637207,0.762634,-0.055054,-0.096252,82.1660,0,0
17.0500,1896306,-0.637817,0.761597,-0.057739,-0.098816,81.8010,0,0
17.0600,1896316,-0.638123,0.760864,-0.060364,-0.101379,81.3861,0,0
17.0700,1896326,-0.638245,0.760193,-0.062805,-0.103821,80.9476,0,0
17.0800,1896336,-0.638367,0.759583,-0.065125,-0.106323,80.5063,0,0
17.0900,1896346,-0.638550,0.758911,-0.067322,-0.108765,80.0785,0,0
17.1000,1896356,-0.638794,0.758118,-0.069397,-0.111267,79.6698,0,0
17.1100,1896366,-0.639160,0.757202,-0.071472,-0.113831,79.2736,0,0
17.1200,1896376,-0.639465,0.756409,-0.073547,-0.116394,78.8671,0,0
