# Sesion:32 Fecha:2026-04-09 18:33:06 Shots:0 Duracion:16,35s
tSeg,ms,qw,qx,qy,qz,filteredElev,shot,shotLevel
0.0000,3812146,-0.667419,0.709717,0.103943,-0.200073,71.0882,0,0
0.0100,3812156,-0.668640,0.709167,0.105713,-0.196960,71.4512,0,0
0.0200,3812166,-0.669556,0.708984,0.107544,-0.193665,71.7625,0,0
0.0300,3812176,-0.670166,0.708984,0.109436,-0.190369,72.0357,0,0
0.0400,3812186,-0.670654,0.709167,0.111389,-0.187012,72.2962,0,0
0.0500,3812196,-0.671143,0.709229,0.113281,-0.183716,72.5805,0,0
0.0600,3812206,-0.671997,0.708923,0.114990,-0.180481,72.9209,0,0
0.0700,3812216,-0.673218,0.708313,0.116333,-0.177673,73.3314,0,0
0.0800,3812226,-0.674683,0.707336,0.117554,-0.175049,73.7959,0,0
0.0900,3812236,-0.676331,0.706238,0.118774,-0.172424,74.2730,0,0
0.1000,3812246,-0.677856,0.705200,0.120239,-0.169678,74.7454,0,0
0.1100,3812256,-0.679016,0.704468,0.121826,-0.166870,75.1590,0,0
0.1200,3812266,-0.679749,0.704102,0.123596,-0.164062,75.5041,0,0
0.1300,3812276,-0.680115,0.704041,0.125488,-0.161316,75.7997,0,0
0.1400,3812286,-0.680298,0.704163,0.127380,-0.158569,76.0700,0,0
0.1500,3812296,-0.680481,0.704163,0.128967,-0.156311,76.3440,0,0
0.1600,3812306,-0.680725,0.704102,0.130615,-0.154236,76.6242,0,0
0.1700,3812316,-0.680969,0.703979,0.132263,-0.152405,76.9010,0,0
0.1800,3812326,-0.681152,0.703857,0.134094,-0.150696,77.2041,0,0
0.1900,3812336,-0.681274,0.703674,0.136230,-0.148804,77.5463,0,0
0.2000,3812346,-0.681702,0.703247,0.138428,-0.147095,77.9368,0,0
0.2100,3812356,-0.682373,0.702454,0.140625,-0.145569,78.3662,0,0
0.2200,3812366,-0.684265,0.700317,0.144897,-0.142639,78.7999,0,0
0.2300,3812376,-0.685181,0.699341,0.146851,-0.141113,79.2060,0,0
0.2400,3812386,-0.685852,0.698608,0.148743,-0.139465,79.5735,0,0
0.2500,3812396,-0.686340,0.698059,0.150635,-0.137634,79.9092,0,0
0.2600,3812406,-0.686890,0.697510,0.152405,-0.135559,80.2414,0,0
0.2700,3812416,-0.687683,0.696838,0.154175,-0.133423,80.5999,0,0
0.2800,3812426,-0.688782,0.695801,0.155823,-0.131104,81.0108,0,0
0.2900,3812436,-0.690247,0.694397,0.157410,-0.128845,81.4818,0,0
0.3000,3812446,-0.692017,0.692749,0.158875,-0.126587,81.9869,0,0
0.3100,3812456,-0.693787,0.691040,0.160278,-0.124329,82.4879,0,0
0.3200,3812466,-0.695251,0.689636,0.161682,-0.122009,82.9415,0,0
0.3300,3812476,-0.696411,0.688538,0.163086,-0.119629,83.3336,0,0
0.3400,3812486,-0.697205,0.687805,0.164551,-0.117188,83.6618,0,0
0.3500,3812496,-0.697693,0.687378,0.166016,-0.114807,83.9458,0,0
0.3600,3812506,-0.697998,0.687012,0.167603,-0.112549,84.2158,0,0
0.3700,3812516,-0.698486,0.686523,0.169250,-0.110474,84.5104,0,0
0.3800,3812526,-0.699158,0.685669,0.171021,-0.108643,84.8571,0,0
0.3900,3812536,-0.700195,0.684387,0.172791,-0.107117,85.2734,0,0
0.4000,3812546,-0.701416,0.682922,0.174561,-0.105835,85.7278,0,0
0.4100,3812556,-0.702759,0.681274,0.176331,-0.104675,86.1947,0,0
0.4200,3812566,-0.703979,0.679687,0.178162,-0.103577,86.6394,0,0
0.4300,3812576,-0.705017,0.678284,0.180054,-0.102417,87.0401,0,0
0.4400,3812586,-0.705750,0.677185,0.182007,-0.101074,87.3626,0,0
0.4500,3812596,-0.706360,0.676270,0.183960,-0.099670,87.6597,0,0
0.4600,3812606,-0.706787,0.675476,0.185974,-0.098206,87.9309,0,0
0.4700,3812616,-0.707092,0.674805,0.187927,-0.096619,88.1958,0,0
0.4800,3812626,-0.707336,0.674255,0.189819,-0.094910,88.4866,0,0
0.4900,3812636,-0.707275,0.674072,0.191589,-0.093323,88.8265,0,0
0.5000,3812646,-0.707581,0.673462,0.193176,-0.091736,89.2143,0,0
0.5100,3812656,-0.709106,0.671387,0.196228,-0.088928,89.6166,0,0
0.5200,3812666,-0.710144,0.670044,0.197754,-0.087463,89.9922,0,0
0.5300,3812676,-0.710876,0.669006,0.199280,-0.085876,90.3137,0,0
0.5400,3812686,-0.711243,0.668335,0.200806,-0.084229,90.5722,0,0
0.5500,3812696,-0.711426,0.667908,0.202271,-0.082458,90.7952,0,0
0.5600,3812706,-0.711548,0.667603,0.203674,-0.080750,91.0125,0,0
0.5700,3812716,-0.711792,0.667175,0.204956,-0.079102,91.2451,0,0
0.5800,3812726,-0.712158,0.666626,0.206055,-0.077576,91.5076,0,0
0.5900,3812736,-0.712524,0.666016,0.207153,-0.076050,91.7996,0,0
0.6000,3812746,-0.713074,0.665222,0.208252,-0.074585,92.1216,0,0
0.6100,3812756,-0.713806,0.664307,0.209351,-0.073120,92.4578,0,0
0.6200,3812766,-0.714539,0.663330,0.210449,-0.071655,92.7895,0,0
0.6300,3812776,-0.715393,0.662231,0.211365,-0.070251,93.1118,0,0
0.6400,3812786,-0.716248,0.661255,0.212341,-0.068726,93.4191,0,0
0.6500,3812796,-0.716980,0.660278,0.213257,-0.067261,93.7110,0,0
0.6600,3812806,-0.717590,0.659424,0.214111,-0.065857,93.9846,0,0
0.6700,3812816,-0.718140,0.658752,0.214905,-0.064575,94.2497,0,0
0.6800,3812826,-0.718628,0.658081,0.215515,-0.063477,94.5072,0,0
0.6900,3812836,-0.719177,0.657410,0.216003,-0.062683,94.7667,0,0
0.7000,3812846,-0.719788,0.656738,0.216370,-0.062134,95.0267,0,0
0.7100,3812856,-0.720276,0.656067,0.216797,-0.061707,95.2822,0,0
0.7200,3812866,-0.720764,0.655396,0.217224,-0.061340,95.5238,0,0
0.7300,3812876,-0.721130,0.654907,0.217712,-0.060913,95.7180,0,0
0.7400,3812886,-0.721375,0.654480,0.218201,-0.060425,95.8671,0,0
0.7500,3812896,-0.721313,0.654358,0.218811,-0.059875,95.9752,0,0
0.7600,3812906,-0.721130,0.654480,0.219360,-0.059204,96.0620,0,0
0.7700,3812916,-0.720764,0.654724,0.219910,-0.058472,96.1608,0,0
0.7800,3812926,-0.720581,0.654907,0.220337,-0.057739,96.2904,0,0
0.7900,3812936,-0.720520,0.654846,0.220764,-0.057068,96.4547,0,0
0.8000,3812946,-0.721069,0.654114,0.221375,-0.056030,96.6401,0,0
0.8100,3812956,-0.721497,0.653748,0.221252,-0.056030,96.8304,0,0
0.8200,3812966,-0.721924,0.653320,0.220947,-0.056152,97.0201,0,0
0.8300,3812976,-0.722412,0.652954,0.220581,-0.056519,97.2019,0,0
0.8400,3812986,-0.722839,0.652466,0.220398,-0.056641,97.3717,0,0
0.8500,3812996,-0.723267,0.652039,0.220154,-0.056946,97.5276,0,0
0.8600,3813006,-0.723572,0.651794,0.219849,-0.057434,97.6578,0,0
0.8700,3813016,-0.723694,0.651794,0.219238,-0.058044,97.7533,0,0
0.8800,3813026,-0.723694,0.651917,0.218628,-0.058594,97.8159,0,0
0.8900,3813036,-0.723633,0.652161,0.217957,-0.059143,97.8555,0,0
0.9000,3813046,-0.723572,0.652405,0.217346,-0.059692,97.8850,0,0
0.9100,3813056,-0.723511,0.652649,0.216736,-0.060364,97.9207,0,0
0.9200,3813066,-0.723633,0.652649,0.216187,-0.061096,97.9756,0,0
0.9300,3813076,-0.723877,0.652466,0.215576,-0.062073,98.0548,0,0
0.9400,3813086,-0.724243,0.652100,0.214966,-0.063232,98.1493,0,0
0.9500,3813096,-0.724670,0.651733,0.214294,-0.064453,98.2400,0,0
0.9600,3813106,-0.725037,0.651489,0.213562,-0.065735,98.2986,0,0
0.9700,3813116,-0.725220,0.651428,0.212708,-0.067017,98.3158,0,0
0.9800,3813126,-0.725220,0.651611,0.211731,-0.068176,98.2854,0,0
0.9900,3813136,-0.725037,0.652039,0.210693,-0.069214,98.2194,0,0
1.0000,3813146,-0.724792,0.652527,0.209656,-0.070190,98.1337,0,0
1.0100,3813156,-0.724548,0.653015,0.208618,-0.071106,98.0482,0,0
1.0200,3813166,-0.724487,0.653320,0.207642,-0.072021,98.0147,0,0
1.0300,3813176,-0.724609,0.653381,0.206665,-0.073059,97.9932,0,0
1.0400,3813186,-0.724792,0.653320,0.205750,-0.074097,97.9748,0,0
1.0500,3813196,-0.725037,0.653259,0.204834,-0.075256,97.9461,0,0
1.0600,3813206,-0.725159,0.653259,0.203857,-0.076416,97.8905,0,0
1.0700,3813216,-0.725159,0.653381,0.202820,-0.077576,97.8071,0,0
1.0800,3813226,-0.725159,0.653625,0.201782,-0.078674,97.7043,0,0
1.0900,3813236,-0.724976,0.654236,0.199585,-0.080627,97.5924,0,0
1.1000,3813246,-0.724915,0.654541,0.198547,-0.081482,97.4817,0,0
1.1100,3813256,-0.724854,0.654846,0.197571,-0.082275,97.3707,0,0
1.1200,3813266,-0.724792,0.655090,0.196594,-0.083130,97.2531,0,0
1.1300,3813276,-0.724426,0.655640,0.195618,-0.083862,97.1106,0,0
1.1400,3813286,-0.723999,0.656311,0.194580,-0.084656,96.9488,0,0
1.1500,3813296,-0.723572,0.657043,0.193481,-0.085449,96.7815,0,0
1.1600,3813306,-0.723206,0.657654,0.192383,-0.086243,96.6198,0,0
1.1700,3813316,-0.722961,0.658081,0.191284,-0.087158,96.4795,0,0
1.1800,3813326,-0.722900,0.658386,0.190247,-0.088074,96.3576,0,0
1.1900,3813336,-0.722839,0.658569,0.189392,-0.089050,96.2516,0,0
1.2000,3813346,-0.722839,0.658691,0.188599,-0.089966,96.1463,0,0
1.2100,3813356,-0.722717,0.658875,0.187866,-0.090759,96.0346,0,0
1.2200,3813366,-0.722595,0.659119,0.187195,-0.091614,95.9140,0,0
1.2300,3813376,-0.722351,0.659424,0.186646,-0.092346,95.7968,0,0
1.2400,3813386,-0.722290,0.659607,0.185974,-0.093018,95.6906,0,0
1.2500,3813396,-0.722290,0.659668,0.185364,-0.093689,95.5951,0,0
1.2600,3813406,-0.722290,0.659790,0.184692,-0.094299,95.5012,0,0
1.2700,3813416,-0.722351,0.659851,0.184021,-0.094788,95.3908,0,0
1.2800,3813426,-0.722229,0.660095,0.183289,-0.095215,95.2543,0,0
1.2900,3813436,-0.721985,0.660522,0.182556,-0.095581,95.0929,0,0
1.3000,3813446,-0.721619,0.661072,0.181763,-0.096008,94.9261,0,0
1.3100,3813456,-0.721313,0.661560,0.181030,-0.096436,94.7907,0,0
1.3200,3813466,-0.721191,0.661804,0.180420,-0.096802,94.6863,0,0
1.3300,3813476,-0.721191,0.661865,0.179932,-0.097168,94.6000,0,0
1.3400,3813486,-0.721313,0.661804,0.179504,-0.097534,94.5077,0,0
1.3500,3813496,-0.721436,0.661743,0.179138,-0.097839,94.3914,0,0
1.3600,3813506,-0.721375,0.661865,0.178833,-0.098022,94.2524,0,0
1.3700,3813516,-0.720764,0.662659,0.178101,-0.098389,94.0941,0,0
1.3800,3813526,-0.720337,0.663208,0.177673,-0.098572,93.9347,0,0
1.3900,3813536,-0.719971,0.663696,0.177124,-0.098816,93.7853,0,0
1.4000,3813546,-0.719666,0.664124,0.176575,-0.099121,93.6527,0,0
1.4100,3813556,-0.719482,0.664490,0.175964,-0.099426,93.5354,0,0
1.4200,3813566,-0.719299,0.664734,0.175415,-0.099670,93.4322,0,0
1.4300,3813576,-0.719177,0.664978,0.174927,-0.099976,93.3346,0,0
1.4400,3813586,-0.719116,0.665161,0.174500,-0.100159,93.2399,0,0
1.4500,3813596,-0.718994,0.665283,0.174072,-0.100342,93.1534,0,0
1.4600,3813606,-0.718994,0.665405,0.173645,-0.100525,93.0782,0,0
1.4700,3813616,-0.718994,0.665466,0.173279,-0.100708,93.0042,0,0
1.4800,3813626,-0.718933,0.665588,0.172913,-0.100891,92.9244,0,0
1.4900,3813636,-0.718811,0.665833,0.172607,-0.101074,92.8306,0,0
1.5000,3813646,-0.718567,0.666138,0.172241,-0.101318,92.7289,0,0
1.5100,3813656,-0.718384,0.666382,0.171936,-0.101501,92.6279,0,0
1.5200,3813666,-0.718140,0.666626,0.171692,-0.101746,92.5349,0,0
1.5300,3813676,-0.718018,0.666809,0.171509,-0.102051,92.4504,0,0
1.5400,3813686,-0.717834,0.666992,0.171326,-0.102417,92.3718,0,0
1.5500,3813696,-0.717712,0.667114,0.171143,-0.102783,92.2982,0,0
1.5600,3813706,-0.717651,0.667175,0.170959,-0.103210,92.2376,0,0
1.5700,3813716,-0.717590,0.667175,0.170715,-0.103760,92.1846,0,0
1.5800,3813726,-0.717529,0.667236,0.170471,-0.104309,92.1288,0,0
1.5900,3813736,-0.717407,0.667358,0.170227,-0.104797,92.0513,0,0
1.6000,3813746,-0.717224,0.667542,0.170044,-0.105225,91.9669,0,0
1.6100,3813756,-0.716980,0.667786,0.169800,-0.105530,91.8783,0,0
1.6200,3813766,-0.716736,0.668091,0.169617,-0.105774,91.7958,0,0
1.6300,3813776,-0.716553,0.668274,0.169434,-0.105957,91.7281,0,0
1.6400,3813786,-0.716431,0.668457,0.169250,-0.106140,91.6701,0,0
1.6500,3813796,-0.716370,0.668518,0.169067,-0.106323,91.6180,0,0
1.6600,3813806,-0.716248,0.668640,0.168701,-0.106812,91.5636,0,0
1.6700,3813816,-0.716125,0.668762,0.168640,-0.107056,91.5054,0,0
1.6800,3813826,-0.716003,0.668884,0.168579,-0.107239,91.4458,0,0
1.6900,3813836,-0.715881,0.668945,0.168579,-0.107422,91.3927,0,0
1.7000,3813846,-0.715820,0.669067,0.168518,-0.107605,91.3441,0,0
1.7100,3813856,-0.715759,0.669128,0.168457,-0.107788,91.2989,0,0
1.7200,3813866,-0.715698,0.669189,0.168335,-0.107910,91.2572,0,0
1.7300,3813876,-0.715576,0.669312,0.168274,-0.108032,91.2086,0,0
1.7400,3813886,-0.715393,0.669495,0.168152,-0.107971,91.1471,0,0
1.7500,3813896,-0.715149,0.669800,0.168091,-0.107849,91.0726,0,0
1.7600,3813906,-0.714905,0.670166,0.168030,-0.107727,90.9953,0,0
1.7700,3813916,-0.714722,0.670410,0.167908,-0.107544,90.9294,0,0
1.7800,3813926,-0.714600,0.670532,0.167847,-0.107544,90.8870,0,0
1.7900,3813936,-0.714600,0.670532,0.167725,-0.107605,90.8663,0,0
1.8000,3813946,-0.714661,0.670471,0.167603,-0.107849,90.8632,0,0
1.8100,3813956,-0.714783,0.670349,0.167603,-0.108154,90.8596,0,0
1.8200,3813966,-0.714783,0.670227,0.167603,-0.108459,90.8490,0,0
1.8300,3813976,-0.714722,0.670227,0.167664,-0.108765,90.8275,0,0
1.8400,3813986,-0.714661,0.670227,0.167725,-0.109070,90.7994,0,0
1.8500,3813996,-0.714478,0.670349,0.167847,-0.109375,90.7662,0,0
1.8600,3814006,-0.714355,0.670471,0.167969,-0.109680,90.7322,0,0
1.8700,3814016,-0.714111,0.670593,0.168091,-0.109924,90.6897,0,0
1.8800,3814026,-0.713867,0.670837,0.168152,-0.110168,90.6439,0,0
1.8900,3814036,-0.713562,0.671082,0.168152,-0.110352,90.5963,0,0
1.9000,3814046,-0.713318,0.671326,0.168213,-0.110535,90.5432,0,0
1.9100,3814056,-0.713013,0.671570,0.168274,-0.110657,90.4964,0,0
1.9200,3814066,-0.712769,0.671814,0.168396,-0.110718,90.4589,0,0
1.9300,3814076,-0.712524,0.671997,0.168457,-0.110779,90.4394,0,0
1.9400,3814086,-0.712463,0.672119,0.168518,-0.110901,90.4411,0,0
1.9500,3814096,-0.712524,0.671936,0.168640,-0.111023,90.4516,0,0
1.9600,3814106,-0.712585,0.671875,0.168640,-0.111084,90.4568,0,0
1.9700,3814116,-0.712524,0.671936,0.168701,-0.111145,90.4451,0,0
1.9800,3814126,-0.712402,0.672058,0.168640,-0.111145,90.4192,0,0
1.9900,3814136,-0.712280,0.672241,0.168640,-0.111206,90.3886,0,0
2.0000,3814146,-0.712158,0.672363,0.168518,-0.111267,90.3617,0,0
2.0100,3814156,-0.712097,0.672424,0.168396,-0.111389,90.3505,0,0
2.0200,3814166,-0.712158,0.672363,0.168274,-0.111572,90.3553,0,0
2.0300,3814176,-0.712219,0.672302,0.168152,-0.111694,90.3626,0,0
2.0400,3814186,-0.712219,0.672302,0.168152,-0.111694,90.3482,0,0
2.0500,3814196,-0.712097,0.672424,0.168213,-0.111694,90.3202,0,0
2.0600,3814206,-0.711975,0.672546,0.168213,-0.111694,90.2901,0,0
2.0700,3814216,-0.711914,0.672607,0.168274,-0.111755,90.2730,0,0
2.0800,3814226,-0.711792,0.672668,0.168396,-0.111755,90.2535,0,0
2.0900,3814236,-0.711853,0.672546,0.168396,-0.111877,90.2606,0,0
2.1000,3814246,-0.711914,0.672485,0.168457,-0.111938,90.2691,0,0
2.1100,3814256,-0.712036,0.672363,0.168518,-0.112061,90.2766,0,0
2.1200,3814266,-0.712097,0.672302,0.168518,-0.112061,90.2813,0,0
2.1300,3814276,-0.712097,0.672241,0.168518,-0.112061,90.2836,0,0
2.1400,3814286,-0.712158,0.672180,0.168518,-0.112061,90.2852,0,0
2.1500,3814296,-0.712219,0.672119,0.168579,-0.112000,90.2879,0,0
2.1600,3814306,-0.712341,0.672058,0.168579,-0.112000,90.2839,0,0
2.1700,3814316,-0.712280,0.672058,0.168701,-0.111938,90.2729,0,0
2.1800,3814326,-0.712280,0.671997,0.168701,-0.112000,90.2590,0,0
2.1900,3814336,-0.712280,0.672058,0.168762,-0.112000,90.2470,0,0
2.2000,3814346,-0.712280,0.672058,0.168701,-0.112000,90.2391,0,0
2.2100,3814356,-0.712280,0.672058,0.168701,-0.112000,90.2316,0,0
2.2200,3814366,-0.712280,0.672058,0.168701,-0.112000,90.2126,0,0
2.2300,3814376,-0.712036,0.672302,0.168701,-0.112000,90.1863,0,0
2.2400,3814386,-0.711914,0.672424,0.168701,-0.112000,90.1666,0,0
2.2500,3814396,-0.711914,0.672424,0.168640,-0.112061,90.1675,0,0
2.2600,3814406,-0.712036,0.672302,0.168640,-0.112183,90.1854,0,0
2.2700,3814416,-0.712219,0.672119,0.168640,-0.112305,90.2113,0,0
2.2800,3814426,-0.712341,0.671936,0.168640,-0.112549,90.2306,0,0
2.2900,3814436,-0.712341,0.671814,0.168701,-0.112671,90.2335,0,0
2.3000,3814446,-0.712280,0.671875,0.168762,-0.112854,90.2166,0,0
2.3100,3814456,-0.712097,0.671997,0.168884,-0.112976,90.1863,0,0
2.3200,3814466,-0.711914,0.672180,0.168945,-0.113098,90.1558,0,0
2.3300,3814476,-0.711792,0.672241,0.169006,-0.113281,90.1393,0,0
2.3400,3814486,-0.711792,0.672241,0.169006,-0.113464,90.1406,0,0
2.3500,3814496,-0.711914,0.672119,0.169006,-0.113708,90.1561,0,0
2.3600,3814506,-0.711975,0.671997,0.169006,-0.113953,90.1727,0,0
2.3700,3814516,-0.712036,0.671936,0.169006,-0.114136,90.1813,0,0
2.3800,3814526,-0.711975,0.671936,0.168945,-0.114258,90.1780,0,0
2.3900,3814536,-0.711914,0.671997,0.168823,-0.114380,90.1642,0,0
2.4000,3814546,-0.711731,0.672180,0.168762,-0.114441,90.1380,0,0
2.4100,3814556,-0.711548,0.672424,0.168701,-0.114502,90.0975,0,0
2.4200,3814566,-0.711365,0.672607,0.168701,-0.114502,90.0555,0,0
2.4300,3814576,-0.711182,0.672791,0.168701,-0.114441,90.0245,0,0
2.4400,3814586,-0.711182,0.672791,0.168762,-0.114502,90.0123,0,0
2.4500,3814596,-0.711243,0.672668,0.168823,-0.114563,90.0245,0,0
2.4600,3814606,-0.711365,0.672546,0.168884,-0.114685,90.0384,0,0
2.4700,3814616,-0.711426,0.672424,0.168945,-0.114807,90.0415,0,0
2.4800,3814626,-0.711426,0.672363,0.169006,-0.114929,90.0314,0,0
2.4900,3814636,-0.711426,0.672363,0.169006,-0.115051,90.0111,0,0
2.5000,3814646,-0.711243,0.672546,0.168945,-0.115112,89.9811,0,0
2.5100,3814656,-0.711060,0.672729,0.168884,-0.115234,89.9436,0,0
2.5200,3814666,-0.710632,0.673279,0.168701,-0.115356,89.9038,0,0
2.5300,3814676,-0.710327,0.673523,0.168640,-0.115417,89.8618,0,0
2.5400,3814686,-0.710144,0.673767,0.168579,-0.115479,89.8236,0,0
2.5500,3814696,-0.709961,0.673950,0.168518,-0.115540,89.7997,0,0
2.5600,3814706,-0.709900,0.674011,0.168457,-0.115601,89.7895,0,0
2.5700,3814716,-0.709900,0.674011,0.168396,-0.115662,89.7917,0,0
2.5800,3814726,-0.709900,0.674011,0.168335,-0.115723,89.7955,0,0
2.5900,3814736,-0.709900,0.674072,0.168274,-0.115784,89.7968,0,0
2.6000,3814746,-0.709839,0.674072,0.168274,-0.115845,89.7914,0,0
2.6100,3814756,-0.709778,0.674194,0.168152,-0.115845,89.7767,0,0
2.6200,3814766,-0.709656,0.674316,0.168091,-0.115784,89.7562,0,0
2.6300,3814776,-0.709473,0.674500,0.168030,-0.115784,89.7302,0,0
2.6400,3814786,-0.709351,0.674683,0.168030,-0.115784,89.7079,0,0
2.6500,3814796,-0.709351,0.674683,0.167969,-0.115845,89.7021,0,0
2.6600,3814806,-0.709412,0.674622,0.168030,-0.115906,89.7103,0,0
2.6700,3814816,-0.709473,0.674500,0.168030,-0.115967,89.7228,0,0
2.6800,3814826,-0.709473,0.674500,0.168091,-0.116028,89.7287,0,0
2.6900,3814836,-0.709351,0.674622,0.168091,-0.116028,89.7184,0,0
2.7000,3814846,-0.709167,0.674866,0.168030,-0.115967,89.6882,0,0
2.7100,3814856,-0.708923,0.675171,0.167847,-0.115906,89.6482,0,0
2.7200,3814866,-0.708679,0.675476,0.167664,-0.115845,89.6114,0,0
2.7300,3814876,-0.708496,0.675659,0.167419,-0.115845,89.5894,0,0
2.7400,3814886,-0.708496,0.675720,0.167175,-0.115906,89.5981,0,0
2.7500,3814896,-0.708618,0.675720,0.166992,-0.115906,89.6100,0,0
2.7600,3814906,-0.708679,0.675598,0.166931,-0.115906,89.6195,0,0
2.7700,3814916,-0.708740,0.675537,0.166870,-0.115845,89.6244,0,0
2.7800,3814926,-0.708801,0.675476,0.166931,-0.115845,89.6207,0,0
2.7900,3814936,-0.708801,0.675476,0.166931,-0.115784,89.6065,0,0
2.8000,3814946,-0.708740,0.675537,0.166931,-0.115784,89.5817,0,0
2.8100,3814956,-0.708435,0.675964,0.166870,-0.115845,89.5499,0,0
2.8200,3814966,-0.708191,0.676147,0.166809,-0.115906,89.5171,0,0
2.8300,3814976,-0.708008,0.676331,0.166687,-0.116028,89.4901,0,0
2.8400,3814986,-0.707886,0.676514,0.166626,-0.116150,89.4728,0,0
2.8500,3814996,-0.707825,0.676575,0.166565,-0.116211,89.4665,0,0
2.8600,3815006,-0.707825,0.676575,0.166504,-0.116272,89.4674,0,0
2.8700,3815016,-0.707825,0.676575,0.166443,-0.116394,89.4760,0,0
2.8800,3815026,-0.707886,0.676514,0.166260,-0.116455,89.4853,0,0
2.8900,3815036,-0.707886,0.676575,0.166138,-0.116455,89.4871,0,0
2.9000,3815046,-0.707886,0.676636,0.165894,-0.116516,89.4797,0,0
2.9100,3815056,-0.707825,0.676697,0.165649,-0.116577,89.4709,0,0
2.9200,3815066,-0.707825,0.676758,0.165405,-0.116699,89.4636,0,0
2.9300,3815076,-0.707886,0.676758,0.165161,-0.116821,89.4643,0,0
2.9400,3815086,-0.707947,0.676697,0.164978,-0.117004,89.4740,0,0
2.9500,3815096,-0.708069,0.676575,0.164795,-0.117188,89.4842,0,0
2.9600,3815106,-0.708130,0.676453,0.164734,-0.117371,89.4944,0,0
2.9700,3815116,-0.708191,0.676392,0.164673,-0.117554,89.4903,0,0
2.9800,3815126,-0.708191,0.676392,0.164673,-0.117737,89.4752,0,0
2.9900,3815136,-0.708069,0.676453,0.164734,-0.117798,89.4507,0,0
3.0000,3815146,-0.708008,0.676575,0.164734,-0.117920,89.4251,0,0
3.0100,3815156,-0.707947,0.676575,0.164673,-0.117981,89.4091,0,0
3.0200,3815166,-0.708069,0.676514,0.164612,-0.118042,89.4265,0,0
3.0300,3815176,-0.708252,0.676331,0.164551,-0.118103,89.4371,0,0
3.0400,3815186,-0.708374,0.676147,0.164551,-0.118103,89.4270,0,0
3.0500,3815196,-0.708374,0.676147,0.164551,-0.118103,89.4043,0,0
3.0600,3815206,-0.708313,0.676208,0.164551,-0.118103,89.3828,0,0
3.0700,3815216,-0.708252,0.676331,0.164551,-0.118103,89.3712,0,0
3.0800,3815226,-0.708252,0.676331,0.164551,-0.118103,89.3680,0,0
3.0900,3815236,-0.708313,0.676270,0.164429,-0.118042,89.3667,0,0
3.1000,3815246,-0.708313,0.676270,0.164246,-0.118042,89.3613,0,0
3.1100,3815256,-0.708313,0.676270,0.164124,-0.118042,89.3453,0,0
3.1200,3815266,-0.708252,0.676392,0.164001,-0.118103,89.3242,0,0
3.1300,3815276,-0.708191,0.676514,0.163879,-0.118042,89.3030,0,0
3.1400,3815286,-0.708191,0.676575,0.163757,-0.118103,89.2876,0,0
3.1500,3815296,-0.708191,0.676575,0.163757,-0.118164,89.2794,0,0
3.1600,3815306,-0.708130,0.676575,0.163696,-0.118164,89.2692,0,0
3.1700,3815316,-0.708130,0.676575,0.163696,-0.118164,89.2606,0,0
3.1800,3815326,-0.708130,0.676575,0.163696,-0.118164,89.2495,0,0
3.1900,3815336,-0.708191,0.676575,0.163757,-0.118164,89.2386,0,0
3.2000,3815346,-0.708130,0.676636,0.163818,-0.118042,89.2222,0,0
3.2100,3815356,-0.708069,0.676697,0.163879,-0.117920,89.2037,0,0
3.2200,3815366,-0.708008,0.676758,0.164001,-0.117859,89.1896,0,0
3.2300,3815376,-0.708008,0.676697,0.164062,-0.117798,89.1840,0,0
3.2400,3815386,-0.708008,0.676697,0.164124,-0.117737,89.1835,0,0
3.2500,3815396,-0.708008,0.676697,0.164124,-0.117737,89.1847,0,0
3.2600,3815406,-0.708008,0.676697,0.164124,-0.117737,89.1787,0,0
3.2700,3815416,-0.707947,0.676758,0.164124,-0.117737,89.1648,0,0
3.2800,3815426,-0.707886,0.676819,0.164124,-0.117737,89.1545,0,0
3.2900,3815436,-0.707886,0.676819,0.164124,-0.117737,89.1554,0,0
3.3000,3815446,-0.707947,0.676758,0.164124,-0.117737,89.1671,0,0
3.3100,3815456,-0.708069,0.676697,0.164124,-0.117737,89.1788,0,0
3.3200,3815466,-0.708130,0.676575,0.164124,-0.117615,89.1816,0,0
3.3300,3815476,-0.708130,0.676575,0.164124,-0.117554,89.1736,0,0
3.3400,3815486,-0.708130,0.676636,0.164062,-0.117432,89.1577,0,0
3.3500,3815496,-0.708008,0.676758,0.164062,-0.117371,89.1402,0,0
3.3600,3815506,-0.707886,0.676880,0.164001,-0.117371,89.1253,0,0
3.3700,3815516,-0.707764,0.677002,0.164001,-0.117432,89.1164,0,0
3.3800,3815526,-0.707642,0.677063,0.164062,-0.117737,89.1162,0,0
3.3900,3815536,-0.707642,0.677063,0.164185,-0.117859,89.1167,0,0
3.4000,3815546,-0.707581,0.677063,0.164307,-0.117981,89.1123,0,0
3.4100,3815556,-0.707520,0.677063,0.164429,-0.118103,89.1023,0,0
3.4200,3815566,-0.707397,0.677185,0.164490,-0.118103,89.0868,0,0
3.4300,3815576,-0.707336,0.677246,0.164490,-0.118103,89.0780,0,0
3.4400,3815586,-0.707336,0.677246,0.164490,-0.118103,89.0833,0,0
3.4500,3815596,-0.707458,0.677185,0.164429,-0.118103,89.1020,0,0
3.4600,3815606,-0.707581,0.677002,0.164368,-0.118042,89.1263,0,0
3.4700,3815616,-0.707703,0.676941,0.164246,-0.117981,89.1399,0,0
3.4800,3815626,-0.707703,0.676941,0.164124,-0.117920,89.1344,0,0
3.4900,3815636,-0.707581,0.677124,0.164062,-0.117798,89.1096,0,0
3.5000,3815646,-0.707397,0.677368,0.164062,-0.117676,89.0748,0,0
3.5100,3815656,-0.707214,0.677551,0.164062,-0.117676,89.0464,0,0
3.5200,3815666,-0.707092,0.677673,0.164001,-0.117737,89.0379,0,0
3.5300,3815676,-0.707153,0.677612,0.164001,-0.117981,89.0541,0,0
3.5400,3815686,-0.707275,0.677429,0.164001,-0.118164,89.0795,0,0
3.5500,3815696,-0.707336,0.677307,0.164001,-0.118347,89.0970,0,0
3.5600,3815706,-0.707336,0.677307,0.164001,-0.118469,89.0941,0,0
3.5700,3815716,-0.707153,0.677429,0.164001,-0.118591,89.0747,0,0
3.5800,3815726,-0.707031,0.677612,0.164001,-0.118652,89.0509,0,0
3.5900,3815736,-0.706909,0.677734,0.164001,-0.118774,89.0341,0,0
3.6000,3815746,-0.706909,0.677734,0.164001,-0.118835,89.0402,0,0
3.6100,3815756,-0.706909,0.677673,0.164062,-0.118958,89.0512,0,0
3.6200,3815766,-0.706970,0.677551,0.164124,-0.119019,89.0659,0,0
3.6300,3815776,-0.707092,0.677429,0.164185,-0.119141,89.0768,0,0
3.6400,3815786,-0.707153,0.677307,0.164185,-0.119202,89.0837,0,0
3.6500,3815796,-0.707214,0.677246,0.164246,-0.119263,89.0854,0,0
3.6600,3815806,-0.707214,0.677246,0.164246,-0.119263,89.0835,0,0
3.6700,3815816,-0.707214,0.677246,0.164246,-0.119263,89.0716,0,0
3.6800,3815826,-0.707092,0.677368,0.164246,-0.119202,89.0562,0,0
3.6900,3815836,-0.707031,0.677429,0.164246,-0.119202,89.0433,0,0
3.7000,3815846,-0.707031,0.677429,0.164246,-0.119202,89.0423,0,0
3.7100,3815856,-0.707092,0.677368,0.164246,-0.119202,89.0509,0,0
3.7200,3815866,-0.707214,0.677246,0.164307,-0.119202,89.0639,0,0
3.7300,3815876,-0.707214,0.677246,0.164429,-0.119202,89.0656,0,0
3.7400,3815886,-0.707153,0.677246,0.164551,-0.119202,89.0572,0,0
3.7500,3815896,-0.707092,0.677307,0.164551,-0.119202,89.0467,0,0
3.7600,3815906,-0.707092,0.677307,0.164551,-0.119202,89.0481,0,0
3.7700,3815916,-0.707153,0.677246,0.164551,-0.119202,89.0643,0,0
3.7800,3815926,-0.707275,0.677063,0.164490,-0.119263,89.0862,0,0
3.7900,3815936,-0.707397,0.676941,0.164490,-0.119263,89.1058,0,0
3.8000,3815946,-0.707520,0.676880,0.164490,-0.119263,89.1161,0,0
3.8100,3815956,-0.707520,0.676880,0.164490,-0.119263,89.1170,0,0
3.8200,3815966,-0.707520,0.676880,0.164490,-0.119263,89.1142,0,0
3.8300,3815976,-0.707520,0.676880,0.164490,-0.119263,89.1128,0,0
3.8400,3815986,-0.707520,0.676880,0.164490,-0.119263,89.1151,0,0
3.8500,3815996,-0.707520,0.676819,0.164429,-0.119385,89.1196,0,0
3.8600,3816006,-0.707581,0.676819,0.164368,-0.119446,89.1213,0,0
3.8700,3816016,-0.707581,0.676819,0.164307,-0.119446,89.1200,0,0
3.8800,3816026,-0.707581,0.676758,0.164307,-0.119446,89.1217,0,0
3.8900,3816036,-0.707642,0.676758,0.164307,-0.119507,89.1251,0,0
3.9000,3816046,-0.707703,0.676697,0.164307,-0.119507,89.1260,0,0
3.9100,3816056,-0.707764,0.676636,0.164307,-0.119507,89.1161,0,0
3.9200,3816066,-0.707764,0.676636,0.164246,-0.119446,89.0913,0,0
3.9300,3816076,-0.707642,0.676758,0.164185,-0.119385,89.0600,0,0
3.9400,3816086,-0.707520,0.676941,0.164124,-0.119263,89.0339,0,0
3.9500,3816096,-0.707336,0.677185,0.163879,-0.119141,89.0227,0,0
3.9600,3816106,-0.707458,0.677124,0.163757,-0.119141,89.0352,0,0
3.9700,3816116,-0.707581,0.677002,0.163574,-0.119202,89.0608,0,0
3.9800,3816126,-0.707764,0.676880,0.163452,-0.119263,89.0833,0,0
3.9900,3816136,-0.707825,0.676819,0.163269,-0.119263,89.0902,0,0
4.0000,3816146,-0.707825,0.676819,0.163208,-0.119324,89.0826,0,0
4.0100,3816156,-0.707764,0.676941,0.163086,-0.119263,89.0634,0,0
4.0200,3816166,-0.707703,0.677063,0.162964,-0.119263,89.0417,0,0
4.0300,3816176,-0.707581,0.677124,0.162964,-0.119324,89.0234,0,0
4.0400,3816186,-0.707581,0.677185,0.162964,-0.119263,89.0132,0,0
4.0500,3816196,-0.707581,0.677124,0.162964,-0.119324,89.0154,0,0
4.0600,3816206,-0.707703,0.677002,0.162903,-0.119324,89.0322,0,0
4.0700,3816216,-0.707886,0.676880,0.162903,-0.119385,89.0518,0,0
4.0800,3816226,-0.708008,0.676758,0.162842,-0.119324,89.0651,0,0
4.0900,3816236,-0.708008,0.676758,0.162781,-0.119263,89.0641,0,0
4.1000,3816246,-0.708008,0.676819,0.162720,-0.119202,89.0483,0,0
4.1100,3816256,-0.707886,0.676941,0.162598,-0.119141,89.0279,0,0
4.1200,3816266,-0.707825,0.677002,0.162476,-0.119141,89.0119,0,0
4.1300,3816276,-0.707825,0.677002,0.162415,-0.119202,89.0086,0,0
4.1400,3816286,-0.707947,0.676941,0.162354,-0.119263,89.0168,0,0
4.1500,3816296,-0.708069,0.676819,0.162292,-0.119385,89.0329,0,0
4.1600,3816306,-0.708130,0.676697,0.162292,-0.119568,89.0463,0,0
4.1700,3816316,-0.708191,0.676575,0.162292,-0.119690,89.0455,0,0
4.1800,3816326,-0.708252,0.676514,0.162354,-0.119812,89.0417,0,0
4.1900,3816336,-0.708191,0.676514,0.162415,-0.119873,89.0352,0,0
4.2000,3816346,-0.708191,0.676514,0.162476,-0.119873,89.0307,0,0
4.2100,3816356,-0.708191,0.676514,0.162476,-0.119934,89.0307,0,0
4.2200,3816366,-0.708252,0.676453,0.162537,-0.119873,89.0288,0,0
4.2300,3816376,-0.708313,0.676392,0.162598,-0.119873,89.0235,0,0
4.2400,3816386,-0.708374,0.676392,0.162659,-0.119568,89.0113,0,0
4.2500,3816396,-0.708313,0.676453,0.162659,-0.119446,88.9987,0,0
4.2600,3816406,-0.708313,0.676453,0.162598,-0.119446,88.9897,0,0
4.2700,3816416,-0.708313,0.676453,0.162598,-0.119446,88.9877,0,0
4.2800,3816426,-0.708313,0.676453,0.162537,-0.119507,88.9916,0,0
4.2900,3816436,-0.708374,0.676392,0.162415,-0.119629,88.9935,0,0
4.3000,3816446,-0.708374,0.676392,0.162415,-0.119690,88.9882,0,0
4.3100,3816456,-0.708313,0.676453,0.162415,-0.119629,88.9766,0,0
4.3200,3816466,-0.708252,0.676514,0.162415,-0.119629,88.9614,0,0
4.3300,3816476,-0.708191,0.676575,0.162354,-0.119568,88.9482,0,0
4.3400,3816486,-0.708191,0.676636,0.162354,-0.119568,88.9374,0,0
4.3500,3816496,-0.708191,0.676636,0.162292,-0.119507,88.9348,0,0
4.3600,3816506,-0.708252,0.676575,0.162231,-0.119446,88.9419,0,0
4.3700,3816516,-0.708374,0.676453,0.162109,-0.119507,88.9588,0,0
4.3800,3816526,-0.708557,0.676331,0.162048,-0.119507,88.9766,0,0
4.3900,3816536,-0.708618,0.676270,0.161987,-0.119629,88.9881,0,0
4.4000,3816546,-0.708618,0.676270,0.161926,-0.119690,88.9787,0,0
4.4100,3816556,-0.708557,0.676331,0.161865,-0.119690,88.9585,0,0
4.4200,3816566,-0.708374,0.676453,0.161926,-0.119751,88.9340,0,0
4.4300,3816576,-0.708313,0.676575,0.161926,-0.119873,88.9125,0,0
4.4400,3816586,-0.708191,0.676636,0.161987,-0.119995,88.8974,0,0
4.4500,3816596,-0.708191,0.676636,0.161987,-0.120117,88.8902,0,0
4.4600,3816606,-0.708130,0.676636,0.161987,-0.120239,88.8952,0,0
4.4700,3816616,-0.708191,0.676575,0.161926,-0.120300,88.8981,0,0
4.4800,3816626,-0.708252,0.676514,0.161865,-0.120361,88.8984,0,0
4.4900,3816636,-0.708313,0.676514,0.161743,-0.120361,88.8975,0,0
4.5000,3816646,-0.708374,0.676453,0.161682,-0.120300,88.8949,0,0
4.5100,3816656,-0.708374,0.676514,0.161621,-0.120239,88.8900,0,0
4.5200,3816666,-0.708374,0.676514,0.161560,-0.120178,88.8782,0,0
4.5300,3816676,-0.708313,0.676575,0.161560,-0.120117,88.8588,0,0
4.5400,3816686,-0.708191,0.676697,0.161560,-0.120117,88.8349,0,0
4.5500,3816696,-0.708130,0.676819,0.161560,-0.120056,88.8152,0,0
4.5600,3816706,-0.708069,0.676819,0.161621,-0.120117,88.8102,0,0
4.5700,3816716,-0.708130,0.676697,0.161682,-0.120239,88.8179,0,0
4.5800,3816726,-0.708191,0.676636,0.161743,-0.120300,88.8281,0,0
4.5900,3816736,-0.708252,0.676575,0.161804,-0.120361,88.8320,0,0
4.6000,3816746,-0.708252,0.676575,0.161865,-0.120422,88.8314,0,0
4.6100,3816756,-0.708252,0.676575,0.161865,-0.120422,88.8273,0,0
4.6200,3816766,-0.708252,0.676575,0.161865,-0.120422,88.8211,0,0
4.6300,3816776,-0.708252,0.676575,0.161865,-0.120422,88.8134,0,0
4.6400,3816786,-0.708252,0.676575,0.161865,-0.120422,88.8049,0,0
4.6500,3816796,-0.708252,0.676575,0.161804,-0.120361,88.7986,0,0
4.6600,3816806,-0.708252,0.676575,0.161865,-0.120361,88.7985,0,0
4.6700,3816816,-0.708313,0.676453,0.161865,-0.120300,88.8087,0,0
4.6800,3816826,-0.708374,0.676392,0.161926,-0.120300,88.8190,0,0
4.6900,3816836,-0.708435,0.676331,0.161987,-0.120300,88.8282,0,0
4.7000,3816846,-0.708435,0.676270,0.162048,-0.120422,88.8345,0,0
4.7100,3816856,-0.708435,0.676270,0.162170,-0.120483,88.8364,0,0
4.7200,3816866,-0.708374,0.676208,0.162292,-0.120667,88.8328,0,0
4.7300,3816876,-0.708313,0.676270,0.162476,-0.120789,88.8247,0,0
4.7400,3816886,-0.708252,0.676270,0.162598,-0.120911,88.8205,0,0
4.7500,3816896,-0.708191,0.676208,0.162781,-0.121033,88.8249,0,0
4.7600,3816906,-0.708191,0.676208,0.162903,-0.121155,88.8314,0,0
4.7700,3816916,-0.708191,0.676147,0.162964,-0.121216,88.8322,0,0
4.7800,3816926,-0.708191,0.676147,0.162964,-0.121338,88.8241,0,0
4.7900,3816936,-0.708130,0.676208,0.162903,-0.121399,88.8079,0,0
4.8000,3816946,-0.708069,0.676331,0.162903,-0.121399,88.7961,0,0
4.8100,3816956,-0.708008,0.676392,0.162842,-0.121338,88.7914,0,0
4.8200,3816966,-0.708069,0.676331,0.162781,-0.121277,88.7953,0,0
4.8300,3816976,-0.708130,0.676270,0.162720,-0.121277,88.8031,0,0
4.8400,3816986,-0.708191,0.676270,0.162659,-0.121216,88.8088,0,0
4.8500,3816996,-0.708191,0.676270,0.162598,-0.121155,88.8017,0,0
4.8600,3817006,-0.708130,0.676392,0.162598,-0.121155,88.7813,0,0
4.8700,3817016,-0.707947,0.676514,0.162659,-0.121094,88.7566,0,0
4.8800,3817026,-0.707825,0.676636,0.162598,-0.121155,88.7396,0,0
4.8900,3817036,-0.707825,0.676636,0.162537,-0.121216,88.7407,0,0
4.9000,3817046,-0.707947,0.676514,0.162537,-0.121338,88.7608,0,0
4.9100,3817056,-0.708130,0.676331,0.162476,-0.121521,88.7923,0,0
4.9200,3817066,-0.708252,0.676208,0.162415,-0.121643,88.8157,0,0
4.9300,3817076,-0.708313,0.676086,0.162292,-0.121704,88.8224,0,0
4.9400,3817086,-0.708313,0.676147,0.162292,-0.121765,88.8121,0,0
4.9500,3817096,-0.708191,0.676270,0.162231,-0.121704,88.7886,0,0
4.9600,3817106,-0.708130,0.676392,0.162170,-0.121582,88.7634,0,0
4.9700,3817116,-0.708069,0.676453,0.162170,-0.121460,88.7556,0,0
4.9800,3817126,-0.708191,0.676331,0.162109,-0.121338,88.7684,0,0
4.9900,3817136,-0.708435,0.676147,0.162109,-0.121216,88.7983,0,0
5.0000,3817146,-0.708618,0.675964,0.162048,-0.121094,88.8268,0,0
5.0100,3817156,-0.708801,0.675842,0.161987,-0.120911,88.8396,0,0
5.0200,3817166,-0.708801,0.675842,0.161865,-0.120789,88.8303,0,0
5.0300,3817176,-0.708740,0.676025,0.161804,-0.120728,88.8085,0,0
5.0400,3817186,-0.708618,0.676147,0.161743,-0.120667,88.8026,0,0
5.0500,3817196,-0.708618,0.676147,0.161682,-0.120728,88.8190,0,0
5.0600,3817206,-0.708740,0.676025,0.161682,-0.120789,88.8446,0,0
5.0700,3817216,-0.708862,0.675842,0.161743,-0.120850,88.8642,0,0
5.0800,3817226,-0.708984,0.675659,0.161804,-0.121033,88.8716,0,0
5.0900,3817236,-0.709045,0.675537,0.161865,-0.121094,88.8643,0,0
5.1000,3817246,-0.708984,0.675598,0.161926,-0.121155,88.8473,0,0
5.1100,3817256,-0.708923,0.675720,0.161926,-0.121094,88.8300,0,0
5.1200,3817266,-0.708923,0.675720,0.161926,-0.121094,88.8212,0,0
5.1300,3817276,-0.708984,0.675659,0.161926,-0.121155,88.8266,0,0
5.1400,3817286,-0.709106,0.675476,0.161926,-0.121155,88.8453,0,0
5.1500,3817296,-0.709229,0.675293,0.161926,-0.121216,88.8685,0,0
5.1600,3817306,-0.709412,0.675171,0.161987,-0.121277,88.8839,0,0
5.1700,3817316,-0.709412,0.675110,0.162048,-0.121155,88.8826,0,0
5.1800,3817326,-0.709290,0.675232,0.162170,-0.121033,88.8595,0,0
5.1900,3817336,-0.709106,0.675415,0.162292,-0.120911,88.8262,0,0
5.2000,3817346,-0.708984,0.675537,0.162415,-0.120789,88.8000,0,0
5.2100,3817356,-0.708984,0.675598,0.162415,-0.120728,88.7947,0,0
5.2200,3817366,-0.709045,0.675476,0.162415,-0.120728,88.8098,0,0
5.2300,3817376,-0.709167,0.675354,0.162415,-0.120789,88.8349,0,0
5.2400,3817386,-0.709351,0.675171,0.162354,-0.120850,88.8558,0,0
5.2500,3817396,-0.709412,0.675110,0.162354,-0.120911,88.8637,0,0
5.2600,3817406,-0.709412,0.675171,0.162231,-0.120911,88.8600,0,0
5.2700,3817416,-0.709351,0.675232,0.162109,-0.120850,88.8511,0,0
5.2800,3817426,-0.709351,0.675232,0.162109,-0.120850,88.8444,0,0
5.2900,3817436,-0.709351,0.675232,0.162109,-0.120850,88.8440,0,0
5.3000,3817446,-0.709412,0.675171,0.162109,-0.120850,88.8483,0,0
5.3100,3817456,-0.709473,0.675110,0.162109,-0.120789,88.8543,0,0
5.3200,3817466,-0.709473,0.675110,0.162170,-0.120789,88.8528,0,0
5.3300,3817476,-0.709473,0.675110,0.162231,-0.120789,88.8549,0,0
5.3400,3817486,-0.709473,0.675110,0.162231,-0.120789,88.8641,0,0
5.3500,3817496,-0.709534,0.675049,0.162231,-0.120789,88.8745,0,0
5.3600,3817506,-0.709595,0.674988,0.162170,-0.120728,88.8792,0,0
5.3700,3817516,-0.709656,0.674927,0.162048,-0.120728,88.8770,0,0
5.3800,3817526,-0.709656,0.674927,0.161926,-0.120728,88.8720,0,0
5.3900,3817536,-0.709717,0.674988,0.161682,-0.120667,88.8726,0,0
5.4000,3817546,-0.709778,0.674927,0.161621,-0.120667,88.8809,0,0
5.4100,3817556,-0.709839,0.674866,0.161560,-0.120667,88.8911,0,0
5.4200,3817566,-0.709900,0.674805,0.161560,-0.120667,88.8955,0,0
5.4300,3817576,-0.709900,0.674805,0.161560,-0.120667,88.8902,0,0
5.4400,3817586,-0.709900,0.674805,0.161560,-0.120667,88.8827,0,0
5.4500,3817596,-0.709900,0.674805,0.161621,-0.120728,88.8828,0,0
5.4600,3817606,-0.709961,0.674683,0.161682,-0.120789,88.8935,0,0
5.4700,3817616,-0.710083,0.674561,0.161621,-0.120911,88.9065,0,0
5.4800,3817626,-0.710144,0.674500,0.161560,-0.121033,88.9165,0,0
5.4900,3817636,-0.710205,0.674438,0.161438,-0.121155,88.9183,0,0
5.5000,3817646,-0.710205,0.674438,0.161316,-0.121155,88.9081,0,0
5.5100,3817656,-0.710144,0.674561,0.161194,-0.121155,88.8918,0,0
5.5200,3817666,-0.710083,0.674622,0.161072,-0.121155,88.8704,0,0
5.5300,3817676,-0.710022,0.674744,0.161011,-0.121094,88.8505,0,0
5.5400,3817686,-0.710022,0.674805,0.160889,-0.120972,88.8329,0,0
5.5500,3817696,-0.709961,0.674866,0.160828,-0.120911,88.8179,0,0
5.5600,3817706,-0.709961,0.674866,0.160767,-0.120850,88.8096,0,0
5.5700,3817716,-0.710083,0.674805,0.160767,-0.120850,88.8130,0,0
5.5800,3817726,-0.710144,0.674744,0.160706,-0.120850,88.8209,0,0
5.5900,3817736,-0.710266,0.674622,0.160767,-0.120850,88.8370,0,0
5.6000,3817746,-0.710388,0.674438,0.160767,-0.120850,88.8511,0,0
5.6100,3817756,-0.710449,0.674377,0.160828,-0.120789,88.8418,0,0
5.6200,3817766,-0.710449,0.674377,0.160828,-0.120789,88.8236,0,0
5.6300,3817776,-0.710388,0.674500,0.160828,-0.120789,88.8063,0,0
5.6400,3817786,-0.710266,0.674561,0.160889,-0.120911,88.7962,0,0
5.6500,3817796,-0.710205,0.674561,0.160889,-0.121033,88.8014,0,0
5.6600,3817806,-0.710266,0.674500,0.160889,-0.121216,88.8100,0,0
5.6700,3817816,-0.710388,0.674316,0.161011,-0.121460,88.8151,0,0
5.6800,3817826,-0.710327,0.674316,0.161072,-0.121521,88.8076,0,0
5.6900,3817836,-0.710266,0.674377,0.161072,-0.121460,88.7909,0,0
5.7000,3817846,-0.710266,0.674438,0.161072,-0.121460,88.7774,0,0
5.7100,3817856,-0.710266,0.674438,0.161072,-0.121399,88.7747,0,0
5.7200,3817866,-0.710327,0.674377,0.161011,-0.121277,88.7810,0,0
5.7300,3817876,-0.710449,0.674255,0.161011,-0.121155,88.7906,0,0
5.7400,3817886,-0.710571,0.674194,0.161011,-0.121094,88.7987,0,0
5.7500,3817896,-0.710571,0.674194,0.161072,-0.120972,88.7980,0,0
5.7600,3817906,-0.710571,0.674194,0.161133,-0.120972,88.7915,0,0
5.7700,3817916,-0.710571,0.674133,0.161194,-0.120972,88.7852,0,0
5.7800,3817926,-0.710571,0.674133,0.161255,-0.121033,88.7835,0,0
5.7900,3817936,-0.710571,0.674072,0.161377,-0.121094,88.7877,0,0
5.8000,3817946,-0.710571,0.674011,0.161438,-0.121216,88.7942,0,0
5.8100,3817956,-0.710571,0.674011,0.161499,-0.121277,88.7908,0,0
5.8200,3817966,-0.710449,0.674072,0.161621,-0.121338,88.7757,0,0
5.8300,3817976,-0.710388,0.674194,0.161682,-0.121399,88.7583,0,0
5.8400,3817986,-0.710266,0.674255,0.161804,-0.121460,88.7449,0,0
5.8500,3817996,-0.710266,0.674255,0.161804,-0.121460,88.7421,0,0
5.8600,3818006,-0.710266,0.674194,0.161865,-0.121521,88.7479,0,0
5.8700,3818016,-0.710266,0.674133,0.161926,-0.121582,88.7581,0,0
5.8800,3818026,-0.710327,0.674072,0.161926,-0.121582,88.7654,0,0
5.8900,3818036,-0.710327,0.674072,0.161926,-0.121582,88.7599,0,0
5.9000,3818046,-0.710327,0.674072,0.161987,-0.121521,88.7529,0,0
5.9100,3818056,-0.710327,0.674133,0.161987,-0.121521,88.7486,0,0
5.9200,3818066,-0.710327,0.674133,0.161987,-0.121521,88.7480,0,0
5.9300,3818076,-0.710327,0.674133,0.161987,-0.121521,88.7464,0,0
5.9400,3818086,-0.710327,0.674133,0.161987,-0.121521,88.7382,0,0
5.9500,3818096,-0.710266,0.674194,0.161987,-0.121521,88.7281,0,0
5.9600,3818106,-0.710205,0.674255,0.161987,-0.121582,88.7292,0,0
5.9700,3818116,-0.710266,0.674133,0.162048,-0.121704,88.7457,0,0
5.9800,3818126,-0.710388,0.674011,0.162048,-0.121765,88.7667,0,0
5.9900,3818136,-0.710449,0.673950,0.162048,-0.121765,88.7795,0,0
6.0000,3818146,-0.710449,0.673950,0.162048,-0.121765,88.7768,0,0
6.0100,3818156,-0.710388,0.674011,0.162048,-0.121765,88.7612,0,0
6.0200,3818166,-0.710266,0.674072,0.161987,-0.121765,88.7500,0,0
6.0300,3818176,-0.710266,0.674072,0.161987,-0.121765,88.7524,0,0
6.0400,3818186,-0.710388,0.674011,0.162048,-0.121826,88.7677,0,0
6.0500,3818196,-0.710449,0.673889,0.162048,-0.121887,88.7822,0,0
6.0600,3818206,-0.710510,0.673828,0.162109,-0.121948,88.7878,0,0
6.0700,3818216,-0.710510,0.673828,0.162170,-0.121948,88.7847,0,0
6.0800,3818226,-0.710449,0.673828,0.162231,-0.121948,88.7770,0,0
6.0900,3818236,-0.710388,0.673889,0.162231,-0.121887,88.7679,0,0
6.1000,3818246,-0.710327,0.673950,0.162292,-0.121887,88.7570,0,0
6.1100,3818256,-0.710266,0.674072,0.162292,-0.121887,88.7400,0,0
6.1200,3818266,-0.710144,0.674194,0.162292,-0.121826,88.7227,0,0
6.1300,3818276,-0.710083,0.674255,0.162292,-0.121765,88.7098,0,0
6.1400,3818286,-0.710083,0.674255,0.162231,-0.121765,88.7082,0,0
6.1500,3818296,-0.710144,0.674194,0.162231,-0.121765,88.7180,0,0
6.1600,3818306,-0.710266,0.674072,0.162231,-0.121826,88.7404,0,0
6.1700,3818316,-0.710388,0.673950,0.162170,-0.121826,88.7617,0,0
6.1800,3818326,-0.710449,0.673889,0.162170,-0.121826,88.7557,0,0
6.1900,3818336,-0.710449,0.673889,0.162170,-0.121826,88.7376,0,0
6.2000,3818346,-0.710327,0.674011,0.162170,-0.121765,88.7145,0,0
6.2100,3818356,-0.710205,0.674194,0.162109,-0.121704,88.6996,0,0
6.2200,3818366,-0.710144,0.674255,0.162109,-0.121582,88.6956,0,0
6.2300,3818376,-0.710144,0.674316,0.162170,-0.121460,88.7039,0,0
6.2400,3818386,-0.710144,0.674316,0.162170,-0.121338,88.7152,0,0
6.2500,3818396,-0.710266,0.674194,0.162231,-0.121216,88.7266,0,0
6.2600,3818406,-0.710327,0.674133,0.162292,-0.121155,88.7398,0,0
6.2700,3818416,-0.710388,0.674072,0.162292,-0.121155,88.7547,0,0
6.2800,3818426,-0.710449,0.673950,0.162354,-0.121094,88.7689,0,0
6.2900,3818436,-0.710449,0.673950,0.162415,-0.121094,88.7752,0,0
6.3000,3818446,-0.710449,0.673950,0.162415,-0.121094,88.7723,0,0
6.3100,3818456,-0.710388,0.674011,0.162415,-0.121094,88.7666,0,0
6.3200,3818466,-0.710388,0.674011,0.162354,-0.121094,88.7648,0,0
6.3300,3818476,-0.710388,0.674011,0.162292,-0.121155,88.7707,0,0
6.3400,3818486,-0.710449,0.673950,0.162292,-0.121277,88.7805,0,0
6.3500,3818496,-0.710449,0.673950,0.162292,-0.121338,88.7881,0,0
6.3600,3818506,-0.710449,0.673889,0.162292,-0.121460,88.7952,0,0
6.3700,3818516,-0.710510,0.673828,0.162354,-0.121521,88.8068,0,0
6.3800,3818526,-0.710632,0.673706,0.162354,-0.121582,88.8249,0,0
6.3900,3818536,-0.710754,0.673523,0.162415,-0.121643,88.8468,0,0
6.4000,3818546,-0.710876,0.673462,0.162415,-0.121582,88.8611,0,0
6.4100,3818556,-0.710876,0.673462,0.162415,-0.121582,88.8605,0,0
6.4200,3818566,-0.710815,0.673523,0.162415,-0.121582,88.8486,0,0
6.4300,3818576,-0.710754,0.673584,0.162292,-0.121521,88.8367,0,0
6.4400,3818586,-0.710754,0.673645,0.162170,-0.121582,88.8313,0,0
6.4500,3818596,-0.710754,0.673584,0.162109,-0.121643,88.8363,0,0
6.4600,3818606,-0.710815,0.673523,0.162109,-0.121643,88.8446,0,0
6.4700,3818616,-0.710815,0.673523,0.162170,-0.121704,88.8412,0,0
6.4800,3818626,-0.710815,0.673523,0.162231,-0.121704,88.8362,0,0
6.4900,3818636,-0.710815,0.673523,0.162292,-0.121826,88.8345,0,0
6.5000,3818646,-0.710754,0.673462,0.162415,-0.121887,88.8334,0,0
6.5100,3818656,-0.710754,0.673462,0.162476,-0.121948,88.8299,0,0
6.5200,3818666,-0.710754,0.673462,0.162476,-0.122070,88.8212,0,0
6.5300,3818676,-0.710693,0.673462,0.162476,-0.122192,88.8111,0,0
6.5400,3818686,-0.710632,0.673523,0.162476,-0.122437,88.8086,0,0
6.5500,3818696,-0.710693,0.673462,0.162415,-0.122498,88.8176,0,0
6.5600,3818706,-0.710754,0.673401,0.162354,-0.122559,88.8285,0,0
6.5700,3818716,-0.710815,0.673340,0.162354,-0.122620,88.8340,0,0
6.5800,3818726,-0.710815,0.673340,0.162354,-0.122620,88.8257,0,0
6.5900,3818736,-0.710693,0.673462,0.162354,-0.122559,88.8029,0,0
6.6000,3818746,-0.710571,0.673584,0.162415,-0.122559,88.7765,0,0
6.6100,3818756,-0.710449,0.673706,0.162415,-0.122559,88.7579,0,0
6.6200,3818766,-0.710449,0.673706,0.162354,-0.122620,88.7534,0,0
6.6300,3818776,-0.710449,0.673706,0.162292,-0.122681,88.7590,0,0
6.6400,3818786,-0.710571,0.673584,0.162231,-0.122681,88.7750,0,0
6.6500,3818796,-0.710693,0.673401,0.162231,-0.122742,88.7920,0,0
6.6600,3818806,-0.710876,0.673279,0.162292,-0.122681,88.8131,0,0
6.6700,3818816,-0.710999,0.673096,0.162354,-0.122620,88.8313,0,0
6.6800,3818826,-0.711060,0.673035,0.162415,-0.122559,88.8367,0,0
6.6900,3818836,-0.711060,0.672974,0.162476,-0.122559,88.8271,0,0
6.7000,3818846,-0.710999,0.673096,0.162476,-0.122559,88.8078,0,0
6.7100,3818856,-0.710876,0.673218,0.162537,-0.122498,88.7859,0,0
6.7200,3818866,-0.710754,0.673340,0.162476,-0.122559,88.7686,0,0
6.7300,3818876,-0.710693,0.673401,0.162415,-0.122620,88.7582,0,0
6.7400,3818886,-0.710693,0.673462,0.162354,-0.122681,88.7505,0,0
6.7500,3818896,-0.710693,0.673462,0.162292,-0.122742,88.7527,0,0
6.7600,3818906,-0.710693,0.673462,0.162231,-0.122803,88.7589,0,0
6.7700,3818916,-0.710754,0.673401,0.162231,-0.122803,88.7637,0,0
6.7800,3818926,-0.710815,0.673340,0.162292,-0.122803,88.7636,0,0
6.7900,3818936,-0.710815,0.673340,0.162354,-0.122681,88.7593,0,0
6.8000,3818946,-0.710815,0.673279,0.162415,-0.122620,88.7553,0,0
6.8100,3818956,-0.710815,0.673279,0.162415,-0.122620,88.7533,0,0
6.8200,3818966,-0.710815,0.673279,0.162415,-0.122620,88.7519,0,0
6.8300,3818976,-0.710815,0.673279,0.162354,-0.122620,88.7471,0,0
6.8400,3818986,-0.710815,0.673340,0.162292,-0.122681,88.7436,0,0
6.8500,3818996,-0.710815,0.673340,0.162231,-0.122742,88.7432,0,0
6.8600,3819006,-0.710815,0.673279,0.162170,-0.122803,88.7487,0,0
6.8700,3819016,-0.710876,0.673279,0.162109,-0.122925,88.7558,0,0
6.8800,3819026,-0.710876,0.673279,0.162109,-0.122986,88.7577,0,0
6.8900,3819036,-0.710815,0.673279,0.162109,-0.123108,88.7495,0,0
6.9000,3819046,-0.710693,0.673340,0.162170,-0.123230,88.7280,0,0
6.9100,3819056,-0.710510,0.673523,0.162231,-0.123291,88.7016,0,0
6.9200,3819066,-0.710388,0.673645,0.162292,-0.123474,88.6776,0,0
6.9300,3819076,-0.710327,0.673645,0.162292,-0.123657,88.6743,0,0
6.9400,3819086,-0.710449,0.673462,0.162292,-0.123901,88.6974,0,0
6.9500,3819096,-0.710632,0.673218,0.162292,-0.124084,88.7324,0,0
6.9600,3819106,-0.710754,0.673096,0.162354,-0.124146,88.7549,0,0
6.9700,3819116,-0.710693,0.673157,0.162354,-0.124146,88.7490,0,0
6.9800,3819126,-0.710510,0.673401,0.162354,-0.124084,88.7179,0,0
6.9900,3819136,-0.710266,0.673645,0.162292,-0.123962,88.6794,0,0
7.0000,3819146,-0.710144,0.673828,0.162231,-0.123840,88.6523,0,0
7.0100,3819156,-0.710144,0.673889,0.162170,-0.123779,88.6456,0,0
7.0200,3819166,-0.710205,0.673828,0.162109,-0.123718,88.6517,0,0
7.0300,3819176,-0.710266,0.673767,0.162048,-0.123718,88.6593,0,0
7.0400,3819186,-0.710266,0.673767,0.162048,-0.123718,88.6534,0,0
7.0500,3819196,-0.710266,0.673828,0.162048,-0.123718,88.6401,0,0
7.0600,3819206,-0.710144,0.673889,0.162048,-0.123718,88.6251,0,0
7.0700,3819216,-0.710083,0.673950,0.162048,-0.123718,88.6150,0,0
7.0800,3819226,-0.709961,0.674072,0.162048,-0.123779,88.6094,0,0
7.0900,3819236,-0.709961,0.674072,0.162048,-0.123901,88.6065,0,0
7.1000,3819246,-0.709961,0.674072,0.162109,-0.123962,88.6025,0,0
7.1100,3819256,-0.709900,0.674072,0.162231,-0.124084,88.5981,0,0
7.1200,3819266,-0.709839,0.674072,0.162292,-0.124146,88.5963,0,0
7.1300,3819276,-0.709839,0.674072,0.162354,-0.124146,88.5940,0,0
7.1400,3819286,-0.709839,0.674072,0.162354,-0.124146,88.5883,0,0
7.1500,3819296,-0.709778,0.674133,0.162354,-0.124146,88.5829,0,0
7.1600,3819306,-0.709778,0.674133,0.162292,-0.124146,88.5818,0,0
7.1700,3819316,-0.709778,0.674194,0.162292,-0.124146,88.5850,0,0
7.1800,3819326,-0.709717,0.674194,0.162231,-0.124084,88.5869,0,0
7.1900,3819336,-0.709717,0.674255,0.162170,-0.124023,88.5833,0,0
7.2000,3819346,-0.709717,0.674316,0.162048,-0.123901,88.5757,0,0
7.2100,3819356,-0.709656,0.674377,0.161926,-0.123840,88.5691,0,0
7.2200,3819366,-0.709717,0.674377,0.161865,-0.123779,88.5700,0,0
7.2300,3819376,-0.709717,0.674377,0.161865,-0.123779,88.5785,0,0
7.2400,3819386,-0.709778,0.674316,0.161865,-0.123779,88.5848,0,0
7.2500,3819396,-0.709839,0.674255,0.161865,-0.123779,88.5897,0,0
7.2600,3819406,-0.709839,0.674255,0.161926,-0.123718,88.5895,0,0
7.2700,3819416,-0.709839,0.674255,0.162048,-0.123718,88.5883,0,0
7.2800,3819426,-0.709778,0.674255,0.162109,-0.123718,88.5824,0,0
7.2900,3819436,-0.709656,0.674377,0.162109,-0.123718,88.5727,0,0
7.3000,3819446,-0.709595,0.674500,0.162170,-0.123657,88.5573,0,0
7.3100,3819456,-0.709473,0.674561,0.162109,-0.123718,88.5433,0,0
7.3200,3819466,-0.709412,0.674683,0.162048,-0.123718,88.5360,0,0
7.3300,3819476,-0.709412,0.674683,0.161987,-0.123779,88.5450,0,0
7.3400,3819486,-0.709412,0.674622,0.161987,-0.123840,88.5554,0,0
7.3500,3819496,-0.709473,0.674561,0.161987,-0.123840,88.5676,0,0
7.3600,3819506,-0.709534,0.674500,0.161987,-0.123840,88.5787,0,0
7.3700,3819516,-0.709656,0.674438,0.162048,-0.123779,88.5851,0,0
7.3800,3819526,-0.709656,0.674377,0.162170,-0.123657,88.5889,0,0
7.3900,3819536,-0.709656,0.674438,0.162170,-0.123657,88.5913,0,0
7.4000,3819546,-0.709595,0.674438,0.162170,-0.123657,88.5918,0,0
7.4100,3819556,-0.709595,0.674438,0.162109,-0.123718,88.5881,0,0
7.4200,3819566,-0.709595,0.674500,0.162109,-0.123779,88.5815,0,0
7.4300,3819576,-0.709534,0.674561,0.162048,-0.123779,88.5722,0,0
7.4400,3819586,-0.709412,0.674683,0.161987,-0.123840,88.5575,0,0
7.4500,3819596,-0.709290,0.674744,0.161926,-0.123962,88.5471,0,0
7.4600,3819606,-0.709290,0.674744,0.161926,-0.124084,88.5526,0,0
7.4700,3819616,-0.709412,0.674622,0.161987,-0.124207,88.5750,0,0
7.4800,3819626,-0.709534,0.674438,0.162109,-0.124390,88.5999,0,0
7.4900,3819636,-0.709595,0.674316,0.162170,-0.124512,88.6177,0,0
7.5000,3819646,-0.709534,0.674255,0.162354,-0.124573,88.6191,0,0
7.5100,3819656,-0.709473,0.674316,0.162415,-0.124573,88.6085,0,0
7.5200,3819666,-0.709351,0.674438,0.162476,-0.124512,88.5943,0,0
7.5300,3819676,-0.709290,0.674561,0.162476,-0.124512,88.5856,0,0
7.5400,3819686,-0.709290,0.674561,0.162476,-0.124512,88.5851,0,0
7.5500,3819696,-0.709229,0.674622,0.162476,-0.124512,88.5839,0,0
7.5600,3819706,-0.709167,0.674683,0.162415,-0.124573,88.5756,0,0
7.5700,3819716,-0.709167,0.674683,0.162354,-0.124634,88.5682,0,0
7.5800,3819726,-0.709106,0.674744,0.162292,-0.124695,88.5666,0,0
7.5900,3819736,-0.709167,0.674683,0.162292,-0.124695,88.5740,0,0
7.6000,3819746,-0.709229,0.674622,0.162292,-0.124756,88.5857,0,0
7.6100,3819756,-0.709290,0.674500,0.162292,-0.124695,88.5875,0,0
7.6200,3819766,-0.709290,0.674500,0.162354,-0.124634,88.5815,0,0
7.6300,3819776,-0.709290,0.674500,0.162415,-0.124573,88.5723,0,0
7.6400,3819786,-0.709290,0.674561,0.162476,-0.124512,88.5646,0,0
7.6500,3819796,-0.709229,0.674622,0.162537,-0.124451,88.5645,0,0
7.6600,3819806,-0.709229,0.674622,0.162598,-0.124390,88.5745,0,0
7.6700,3819816,-0.709290,0.674561,0.162598,-0.124390,88.5876,0,0
7.6800,3819826,-0.709351,0.674500,0.162537,-0.124329,88.5929,0,0
7.6900,3819836,-0.709412,0.674500,0.162476,-0.124268,88.5973,0,0
7.7000,3819846,-0.709412,0.674500,0.162354,-0.124207,88.5997,0,0
7.7100,3819856,-0.709473,0.674500,0.162231,-0.124146,88.6038,0,0
7.7200,3819866,-0.709534,0.674438,0.162170,-0.124023,88.6148,0,0
7.7300,3819876,-0.709656,0.674316,0.162170,-0.123962,88.6282,0,0
7.7400,3819886,-0.709778,0.674194,0.162231,-0.123840,88.6452,0,0
7.7500,3819896,-0.709961,0.674072,0.162231,-0.123779,88.6686,0,0
7.7600,3819906,-0.710144,0.673889,0.162170,-0.123718,88.6919,0,0
7.7700,3819916,-0.710205,0.673828,0.162170,-0.123718,88.6999,0,0
7.7800,3819926,-0.710205,0.673828,0.162170,-0.123718,88.6908,0,0
7.7900,3819936,-0.710083,0.673950,0.162170,-0.123718,88.6685,0,0
7.8000,3819946,-0.709961,0.674072,0.162231,-0.123718,88.6467,0,0
7.8100,3819956,-0.709900,0.674072,0.162354,-0.123779,88.6385,0,0
7.8200,3819966,-0.709839,0.674072,0.162354,-0.123901,88.6414,0,0
7.8300,3819976,-0.709900,0.674011,0.162415,-0.124023,88.6501,0,0
7.8400,3819986,-0.709961,0.673889,0.162537,-0.124146,88.6613,0,0
7.8500,3819996,-0.709961,0.673828,0.162659,-0.124207,88.6725,0,0
7.8600,3820006,-0.710022,0.673767,0.162842,-0.124146,88.6767,0,0
7.8700,3820016,-0.709961,0.673828,0.162964,-0.124084,88.6778,0,0
7.8800,3820026,-0.709900,0.673889,0.162964,-0.123962,88.6724,0,0
7.8900,3820036,-0.709778,0.674011,0.162903,-0.123840,88.6619,0,0
7.9000,3820046,-0.709717,0.674133,0.162842,-0.123718,88.6505,0,0
7.9100,3820056,-0.709656,0.674255,0.162659,-0.123596,88.6427,0,0
7.9200,3820066,-0.709595,0.674377,0.162476,-0.123535,88.6394,0,0
7.9300,3820076,-0.709656,0.674438,0.162292,-0.123413,88.6369,0,0
7.9400,3820086,-0.709656,0.674438,0.162170,-0.123291,88.6316,0,0
7.9500,3820096,-0.709717,0.674438,0.161987,-0.123230,88.6271,0,0
7.9600,3820106,-0.709717,0.674500,0.161926,-0.123169,88.6317,0,0
7.9700,3820116,-0.709778,0.674377,0.161804,-0.123352,88.6433,0,0
7.9800,3820126,-0.709839,0.674316,0.161804,-0.123535,88.6553,0,0
7.9900,3820136,-0.709839,0.674255,0.161804,-0.123779,88.6625,0,0
8.0000,3820146,-0.709839,0.674255,0.161804,-0.123962,88.6581,0,0
8.0100,3820156,-0.709717,0.674316,0.161804,-0.124084,88.6391,0,0
8.0200,3820166,-0.709534,0.674438,0.161865,-0.124268,88.6143,0,0
8.0300,3820176,-0.709412,0.674561,0.161926,-0.124329,88.5961,0,0
8.0400,3820186,-0.709412,0.674561,0.161987,-0.124451,88.5901,0,0
8.0500,3820196,-0.709412,0.674500,0.162048,-0.124512,88.5951,0,0
8.0600,3820206,-0.709473,0.674438,0.162048,-0.124512,88.6052,0,0
8.0700,3820216,-0.709534,0.674377,0.161987,-0.124512,88.6160,0,0
8.0800,3820226,-0.709595,0.674377,0.161926,-0.124512,88.6191,0,0
8.0900,3820236,-0.709595,0.674377,0.161926,-0.124390,88.6125,0,0
8.1000,3820246,-0.709534,0.674500,0.161865,-0.124268,88.5962,0,0
8.1100,3820256,-0.709473,0.674561,0.161804,-0.124146,88.5766,0,0
8.1200,3820266,-0.709412,0.674683,0.161743,-0.124023,88.5573,0,0
8.1300,3820276,-0.709351,0.674744,0.161682,-0.123962,88.5461,0,0
8.1400,3820286,-0.709351,0.674805,0.161621,-0.123901,88.5474,0,0
8.1500,3820296,-0.709473,0.674683,0.161560,-0.123962,88.5587,0,0
8.1600,3820306,-0.709595,0.674561,0.161560,-0.123962,88.5747,0,0
8.1700,3820316,-0.709656,0.674438,0.161621,-0.124084,88.5900,0,0
8.1800,3820326,-0.709717,0.674377,0.161621,-0.124146,88.5944,0,0
8.1900,3820336,-0.709717,0.674377,0.161682,-0.124207,88.5814,0,0
8.2000,3820346,-0.709595,0.674438,0.161743,-0.124268,88.5702,0,0
8.2100,3820356,-0.709534,0.674438,0.161804,-0.124329,88.5667,0,0
8.2200,3820366,-0.709534,0.674438,0.161865,-0.124390,88.5716,0,0
8.2300,3820376,-0.709595,0.674377,0.161926,-0.124451,88.5788,0,0
8.2400,3820386,-0.709595,0.674316,0.161926,-0.124512,88.5814,0,0
8.2500,3820396,-0.709656,0.674255,0.161987,-0.124573,88.5803,0,0
8.2600,3820406,-0.709656,0.674255,0.162048,-0.124512,88.5756,0,0
8.2700,3820416,-0.709656,0.674255,0.162048,-0.124573,88.5742,0,0
8.2800,3820426,-0.709656,0.674316,0.162048,-0.124573,88.5741,0,0
8.2900,3820436,-0.709595,0.674316,0.161987,-0.124573,88.5751,0,0
8.3000,3820446,-0.709595,0.674316,0.161926,-0.124634,88.5750,0,0
8.3100,3820456,-0.709656,0.674255,0.161926,-0.124634,88.5771,0,0
8.3200,3820466,-0.709717,0.674194,0.161926,-0.124695,88.5834,0,0
8.3300,3820476,-0.709778,0.674133,0.161987,-0.124756,88.5929,0,0
8.3400,3820486,-0.709839,0.674011,0.162048,-0.124878,88.6054,0,0
8.3500,3820496,-0.709961,0.673889,0.162048,-0.124939,88.6180,0,0
8.3600,3820506,-0.709961,0.673828,0.162048,-0.125000,88.6240,0,0
8.3700,3820516,-0.709961,0.673828,0.161987,-0.125061,88.6178,0,0
8.3800,3820526,-0.709900,0.673950,0.161987,-0.125122,88.6000,0,0
8.3900,3820536,-0.709778,0.674011,0.161987,-0.125061,88.5843,0,0
8.4000,3820546,-0.709778,0.674011,0.161987,-0.125061,88.5813,0,0
8.4100,3820556,-0.709900,0.673950,0.161987,-0.125122,88.5915,0,0
8.4200,3820566,-0.710022,0.673828,0.161926,-0.125122,88.6065,0,0
8.4300,3820576,-0.710022,0.673767,0.161926,-0.125183,88.6142,0,0
8.4400,3820586,-0.710022,0.673767,0.161926,-0.125183,88.6044,0,0
8.4500,3820596,-0.709900,0.673889,0.161987,-0.125122,88.5914,0,0
8.4600,3820606,-0.709839,0.674011,0.161926,-0.125061,88.5809,0,0
8.4700,3820616,-0.709839,0.674072,0.161804,-0.124878,88.5763,0,0
8.4800,3820626,-0.709839,0.674072,0.161682,-0.124695,88.5713,0,0
8.4900,3820636,-0.709900,0.674133,0.161560,-0.124512,88.5594,0,0
8.5000,3820646,-0.709900,0.674194,0.161499,-0.124268,88.5440,0,0
8.5100,3820656,-0.709839,0.674255,0.161438,-0.124146,88.5317,0,0
8.5200,3820666,-0.709778,0.674316,0.161438,-0.123962,88.5271,0,0
8.5300,3820676,-0.709839,0.674316,0.161438,-0.123840,88.5384,0,0
8.5400,3820686,-0.710022,0.674133,0.161438,-0.123901,88.5574,0,0
8.5500,3820696,-0.710083,0.674072,0.161377,-0.123901,88.5701,0,0
8.5600,3820706,-0.710083,0.674072,0.161377,-0.123901,88.5733,0,0
8.5700,3820716,-0.710022,0.674133,0.161377,-0.123901,88.5615,0,0
8.5800,3820726,-0.709839,0.674316,0.161438,-0.123901,88.5341,0,0
8.5900,3820736,-0.709717,0.674438,0.161499,-0.123901,88.5092,0,0
8.6000,3820746,-0.709656,0.674500,0.161560,-0.123901,88.5004,0,0
8.6100,3820756,-0.709717,0.674438,0.161499,-0.123962,88.5099,0,0
8.6200,3820766,-0.709839,0.674316,0.161438,-0.123962,88.5320,0,0
8.6300,3820776,-0.709900,0.674194,0.161438,-0.124023,88.5488,0,0
8.6400,3820786,-0.709900,0.674194,0.161438,-0.124023,88.5511,0,0
8.6500,3820796,-0.709900,0.674255,0.161499,-0.123962,88.5414,0,0
8.6600,3820806,-0.709839,0.674316,0.161560,-0.123901,88.5318,0,0
8.6700,3820816,-0.709839,0.674316,0.161560,-0.123901,88.5297,0,0
8.6800,3820826,-0.709839,0.674255,0.161499,-0.123901,88.5397,0,0
8.6900,3820836,-0.709961,0.674194,0.161499,-0.123962,88.5587,0,0
8.7000,3820846,-0.710083,0.674072,0.161499,-0.123962,88.5796,0,0
8.7100,3820856,-0.710083,0.674011,0.161499,-0.123962,88.5889,0,0
8.7200,3820866,-0.710144,0.674011,0.161438,-0.123901,88.5815,0,0
8.7300,3820876,-0.710022,0.674133,0.161316,-0.123901,88.5661,0,0
8.7400,3820886,-0.709961,0.674255,0.161255,-0.123840,88.5485,0,0
8.7500,3820896,-0.709900,0.674316,0.161194,-0.123901,88.5360,0,0
8.7600,3820906,-0.709900,0.674316,0.161133,-0.123962,88.5532,0,0
8.7700,3820916,-0.710022,0.674194,0.161072,-0.124023,88.5749,0,0
8.7800,3820926,-0.710144,0.674072,0.161072,-0.124146,88.5896,0,0
8.7900,3820936,-0.710205,0.673950,0.161133,-0.124207,88.5869,0,0
8.8000,3820946,-0.710205,0.673950,0.161133,-0.124268,88.5671,0,0
8.8100,3820956,-0.710144,0.674011,0.161194,-0.124207,88.5424,0,0
8.8200,3820966,-0.709961,0.674194,0.161133,-0.124268,88.5171,0,0
8.8300,3820976,-0.709717,0.674500,0.161072,-0.124329,88.4953,0,0
8.8400,3820986,-0.709656,0.674500,0.161011,-0.124390,88.4871,0,0
8.8500,3820996,-0.709717,0.674500,0.160950,-0.124451,88.4917,0,0
8.8600,3821006,-0.709839,0.674377,0.160950,-0.124451,88.5056,0,0
8.8700,3821016,-0.709900,0.674255,0.160950,-0.124512,88.5212,0,0
8.8800,3821026,-0.710022,0.674133,0.160950,-0.124573,88.5319,0,0
8.8900,3821036,-0.710022,0.674194,0.160950,-0.124573,88.5307,0,0
8.9000,3821046,-0.709961,0.674194,0.160950,-0.124573,88.5213,0,0
8.9100,3821056,-0.709961,0.674194,0.160950,-0.124573,88.5112,0,0
8.9200,3821066,-0.709961,0.674194,0.160950,-0.124573,88.5057,0,0
8.9300,3821076,-0.709961,0.674255,0.160828,-0.124573,88.5047,0,0
8.9400,3821086,-0.709900,0.674255,0.160767,-0.124634,88.5049,0,0
8.9500,3821096,-0.709961,0.674255,0.160706,-0.124695,88.5086,0,0
8.9600,3821106,-0.710022,0.674194,0.160645,-0.124756,88.5115,0,0
8.9700,3821116,-0.710083,0.674133,0.160645,-0.124756,88.5141,0,0
8.9800,3821126,-0.710144,0.674072,0.160645,-0.124817,88.5191,0,0
8.9900,3821136,-0.710144,0.674072,0.160645,-0.124756,88.5203,0,0
9.0000,3821146,-0.710083,0.674072,0.160706,-0.124695,88.5091,0,0
9.0100,3821156,-0.710022,0.674133,0.160767,-0.124634,88.4924,0,0
9.0200,3821166,-0.709961,0.674194,0.160767,-0.124634,88.4796,0,0
9.0300,3821176,-0.709900,0.674255,0.160828,-0.124695,88.4715,0,0
9.0400,3821186,-0.709900,0.674255,0.160889,-0.124756,88.4651,0,0
9.0500,3821196,-0.709900,0.674194,0.160950,-0.124817,88.4637,0,0
9.0600,3821206,-0.709839,0.674194,0.161011,-0.125000,88.4660,0,0
9.0700,3821216,-0.709839,0.674194,0.161133,-0.125061,88.4729,0,0
9.0800,3821226,-0.709839,0.674133,0.161133,-0.125122,88.4824,0,0
9.0900,3821236,-0.709900,0.674133,0.161133,-0.125183,88.4861,0,0
9.1000,3821246,-0.709900,0.674072,0.161133,-0.125183,88.4801,0,0
9.1100,3821256,-0.709900,0.674133,0.161133,-0.125183,88.4684,0,0
9.1200,3821266,-0.709778,0.674255,0.161194,-0.125000,88.4592,0,0
9.1300,3821276,-0.709778,0.674255,0.161255,-0.124939,88.4616,0,0
9.1400,3821286,-0.709900,0.674133,0.161316,-0.124878,88.4735,0,0
9.1500,3821296,-0.709961,0.674072,0.161255,-0.124878,88.4848,0,0
9.1600,3821306,-0.710022,0.674011,0.161255,-0.124878,88.4943,0,0
9.1700,3821316,-0.710083,0.673950,0.161194,-0.124939,88.4992,0,0
9.1800,3821326,-0.710083,0.673950,0.161194,-0.124939,88.5002,0,0
9.1900,3821336,-0.710083,0.673950,0.161194,-0.124939,88.4947,0,0
9.2000,3821346,-0.710083,0.673950,0.161194,-0.124939,88.4865,0,0
9.2100,3821356,-0.710022,0.673950,0.161194,-0.124939,88.4793,0,0
9.2200,3821366,-0.710022,0.673950,0.161194,-0.124939,88.4766,0,0
9.2300,3821376,-0.710083,0.673950,0.161194,-0.124939,88.4818,0,0
9.2400,3821386,-0.710144,0.673828,0.161194,-0.124939,88.4938,0,0
9.2500,3821396,-0.710266,0.673767,0.161194,-0.125000,88.5035,0,0
9.2600,3821406,-0.710205,0.673767,0.161194,-0.125000,88.5008,0,0
9.2700,3821416,-0.710144,0.673889,0.161194,-0.124939,88.4863,0,0
9.2800,3821426,-0.710144,0.673889,0.161133,-0.124878,88.4768,0,0
9.2900,3821436,-0.710144,0.673950,0.161072,-0.124878,88.4801,0,0
9.3000,3821446,-0.710205,0.673828,0.161072,-0.124878,88.4970,0,0
9.3100,3821456,-0.710327,0.673706,0.161072,-0.124939,88.5118,0,0
9.3200,3821466,-0.710388,0.673645,0.161072,-0.124939,88.5164,0,0
9.3300,3821476,-0.710388,0.673645,0.161011,-0.124939,88.4970,0,0
9.3400,3821486,-0.710266,0.673767,0.161072,-0.124939,88.4780,0,0
9.3500,3821496,-0.710205,0.673828,0.161072,-0.124878,88.4671,0,0
9.3600,3821506,-0.710144,0.673889,0.161133,-0.124939,88.4650,0,0
9.3700,3821516,-0.710144,0.673889,0.161194,-0.125000,88.4720,0,0
9.3800,3821526,-0.710144,0.673828,0.161316,-0.125122,88.4845,0,0
9.3900,3821536,-0.710205,0.673706,0.161438,-0.125183,88.4928,0,0
9.4000,3821546,-0.710266,0.673645,0.161499,-0.125183,88.4936,0,0
9.4100,3821556,-0.710266,0.673645,0.161499,-0.125183,88.4879,0,0
9.4200,3821566,-0.710144,0.673706,0.161499,-0.125183,88.4746,0,0
9.4300,3821576,-0.710083,0.673828,0.161499,-0.125183,88.4621,0,0
9.4400,3821586,-0.710083,0.673828,0.161499,-0.125183,88.4543,0,0
9.4500,3821596,-0.710022,0.673828,0.161438,-0.125244,88.4523,0,0
9.4600,3821606,-0.710022,0.673889,0.161438,-0.125305,88.4569,0,0
9.4700,3821616,-0.710083,0.673828,0.161438,-0.125427,88.4642,0,0
9.4800,3821626,-0.710083,0.673767,0.161499,-0.125488,88.4688,0,0
9.4900,3821636,-0.710144,0.673645,0.161560,-0.125549,88.4786,0,0
9.5000,3821646,-0.710266,0.673523,0.161621,-0.125671,88.4997,0,0
9.5100,3821656,-0.710510,0.673279,0.161560,-0.125732,88.5328,0,0
9.5200,3821666,-0.710632,0.673096,0.161560,-0.125732,88.5547,0,0
9.5300,3821676,-0.710632,0.673096,0.161499,-0.125671,88.5489,0,0
9.5400,3821686,-0.710510,0.673279,0.161438,-0.125549,88.5195,0,0
9.5500,3821696,-0.710388,0.673462,0.161377,-0.125427,88.4869,0,0
9.5600,3821706,-0.710327,0.673584,0.161316,-0.125366,88.4744,0,0
9.5700,3821716,-0.710449,0.673462,0.161255,-0.125366,88.4850,0,0
9.5800,3821726,-0.710571,0.673340,0.161194,-0.125366,88.5058,0,0
9.5900,3821736,-0.710693,0.673218,0.161133,-0.125366,88.5214,0,0
9.6000,3821746,-0.710693,0.673218,0.161133,-0.125305,88.5225,0,0
9.6100,3821756,-0.710693,0.673279,0.161072,-0.125244,88.5117,0,0
9.6200,3821766,-0.710571,0.673401,0.161011,-0.125183,88.4884,0,0
9.6300,3821776,-0.710510,0.673523,0.161011,-0.125122,88.4669,0,0
9.6400,3821786,-0.710388,0.673645,0.161072,-0.125122,88.4470,0,0
9.6500,3821796,-0.710266,0.673767,0.161072,-0.125061,88.4329,0,0
9.6600,3821806,-0.710205,0.673828,0.161072,-0.125061,88.4266,0,0
9.6700,3821816,-0.710144,0.673889,0.161072,-0.125061,88.4253,0,0
9.6800,3821826,-0.710144,0.673889,0.161072,-0.125061,88.4289,0,0
9.6900,3821836,-0.710144,0.673828,0.161133,-0.125061,88.4353,0,0
9.7000,3821846,-0.710205,0.673828,0.161194,-0.125000,88.4354,0,0
9.7100,3821856,-0.710144,0.673889,0.161133,-0.124939,88.4284,0,0
9.7200,3821866,-0.710144,0.673950,0.161072,-0.124878,88.4223,0,0
9.7300,3821876,-0.710144,0.673950,0.160950,-0.124756,88.4254,0,0
9.7400,3821886,-0.710266,0.673889,0.160828,-0.124695,88.4409,0,0
9.7500,3821896,-0.710388,0.673767,0.160767,-0.124573,88.4615,0,0
9.7600,3821906,-0.710510,0.673645,0.160767,-0.124451,88.4757,0,0
9.7700,3821916,-0.710571,0.673645,0.160828,-0.124329,88.4769,0,0
9.7800,3821926,-0.710510,0.673706,0.160889,-0.124146,88.4638,0,0
9.7900,3821936,-0.710449,0.673767,0.161011,-0.124023,88.4514,0,0
9.8000,3821946,-0.710388,0.673828,0.161011,-0.124023,88.4461,0,0
9.8100,3821956,-0.710388,0.673828,0.161011,-0.124023,88.4512,0,0
9.8200,3821966,-0.710449,0.673767,0.161011,-0.124084,88.4625,0,0
9.8300,3821976,-0.710449,0.673706,0.161011,-0.124084,88.4703,0,0
9.8400,3821986,-0.710449,0.673706,0.161011,-0.124084,88.4712,0,0
9.8500,3821996,-0.710449,0.673767,0.161072,-0.124023,88.4667,0,0
9.8600,3822006,-0.710449,0.673706,0.161133,-0.123962,88.4702,0,0
9.8700,3822016,-0.710571,0.673645,0.161133,-0.123962,88.4883,0,0
9.8800,3822026,-0.710693,0.673523,0.161133,-0.123962,88.5079,0,0
9.8900,3822036,-0.710693,0.673523,0.161133,-0.123962,88.5128,0,0
9.9000,3822046,-0.710571,0.673584,0.161133,-0.123962,88.4979,0,0
9.9100,3822056,-0.710449,0.673767,0.161194,-0.123901,88.4802,0,0
9.9200,3822066,-0.710327,0.673889,0.161133,-0.123962,88.4812,0,0
9.9300,3822076,-0.710327,0.673889,0.161133,-0.124084,88.4952,0,0
9.9400,3822086,-0.710388,0.673828,0.161072,-0.124207,88.5168,0,0
9.9500,3822096,-0.710449,0.673645,0.161072,-0.124329,88.5302,0,0
9.9600,3822106,-0.710571,0.673584,0.161072,-0.124329,88.5246,0,0
9.9700,3822116,-0.710571,0.673584,0.161072,-0.124329,88.5067,0,0
9.9800,3822126,-0.710327,0.673828,0.161072,-0.124268,88.4880,0,0
9.9900,3822136,-0.710266,0.673889,0.161011,-0.124268,88.4755,0,0
10.0000,3822146,-0.710266,0.673889,0.160950,-0.124268,88.4744,0,0
10.0100,3822156,-0.710327,0.673828,0.160889,-0.124329,88.4844,0,0
10.0200,3822166,-0.710449,0.673706,0.160889,-0.124390,88.5005,0,0
10.0300,3822176,-0.710571,0.673584,0.160828,-0.124390,88.5169,0,0
10.0400,3822186,-0.710632,0.673523,0.160828,-0.124451,88.5242,0,0
10.0500,3822196,-0.710571,0.673584,0.160828,-0.124390,88.5122,0,0
10.0600,3822206,-0.710449,0.673706,0.160889,-0.124390,88.4882,0,0
10.0700,3822216,-0.710327,0.673889,0.160889,-0.124329,88.4608,0,0
10.0800,3822226,-0.710205,0.674011,0.160889,-0.124390,88.4400,0,0
10.0900,3822236,-0.710083,0.674072,0.160828,-0.124451,88.4310,0,0
10.1000,3822246,-0.710083,0.674072,0.160828,-0.124634,88.4325,0,0
10.1100,3822256,-0.710083,0.674072,0.160767,-0.124756,88.4411,0,0
10.1200,3822266,-0.710144,0.674011,0.160767,-0.124878,88.4474,0,0
10.1300,3822276,-0.710144,0.674011,0.160767,-0.124878,88.4451,0,0
10.1400,3822286,-0.710022,0.674072,0.160828,-0.124939,88.4329,0,0
10.1500,3822296,-0.709900,0.674194,0.160889,-0.124878,88.4153,0,0
10.1600,3822306,-0.709900,0.674194,0.160950,-0.124878,88.4087,0,0
10.1700,3822316,-0.709961,0.674133,0.161011,-0.124878,88.4250,0,0
10.1800,3822326,-0.710144,0.673950,0.161072,-0.124878,88.4523,0,0
10.1900,3822336,-0.710266,0.673767,0.161072,-0.124939,88.4516,0,0
10.2000,3822346,-0.710266,0.673767,0.161072,-0.124939,88.4313,0,0
10.2100,3822356,-0.710144,0.673950,0.161072,-0.124939,88.4019,0,0
10.2200,3822366,-0.709961,0.674133,0.161133,-0.124878,88.3811,0,0
10.2300,3822376,-0.709839,0.674255,0.161133,-0.124817,88.3810,0,0
10.2400,3822386,-0.709839,0.674255,0.161133,-0.124817,88.4028,0,0
10.2500,3822396,-0.709961,0.674133,0.161194,-0.124817,88.4306,0,0
10.2600,3822406,-0.710205,0.673828,0.161316,-0.124695,88.4501,0,0
10.2700,3822416,-0.710266,0.673767,0.161438,-0.124573,88.4514,0,0
10.2800,3822426,-0.710205,0.673828,0.161499,-0.124451,88.4432,0,0
10.2900,3822436,-0.710205,0.673828,0.161621,-0.124390,88.4407,0,0
10.3000,3822446,-0.710205,0.673828,0.161621,-0.124329,88.4472,0,0
10.3100,3822456,-0.710266,0.673767,0.161682,-0.124329,88.4595,0,0
10.3200,3822466,-0.710266,0.673767,0.161682,-0.124329,88.4700,0,0
10.3300,3822476,-0.710266,0.673767,0.161682,-0.124329,88.4734,0,0
10.3400,3822486,-0.710205,0.673828,0.161682,-0.124268,88.4702,0,0
10.3500,3822496,-0.710144,0.673828,0.161682,-0.124268,88.4665,0,0
10.3600,3822506,-0.710144,0.673828,0.161621,-0.124268,88.4695,0,0
10.3700,3822516,-0.710266,0.673767,0.161621,-0.124329,88.4847,0,0
10.3800,3822526,-0.710388,0.673645,0.161560,-0.124329,88.5110,0,0
10.3900,3822536,-0.710571,0.673462,0.161560,-0.124390,88.5383,0,0
10.4000,3822546,-0.710693,0.673279,0.161499,-0.124390,88.5590,0,0
10.4100,3822556,-0.710815,0.673218,0.161499,-0.124451,88.5703,0,0
10.4200,3822566,-0.710876,0.673096,0.161499,-0.124451,88.5804,0,0
10.4300,3822576,-0.710937,0.673035,0.161438,-0.124451,88.5894,0,0
10.4400,3822586,-0.710937,0.673035,0.161438,-0.124451,88.5891,0,0
10.4500,3822596,-0.710937,0.673096,0.161438,-0.124512,88.5781,0,0
10.4600,3822606,-0.710815,0.673218,0.161438,-0.124512,88.5570,0,0
10.4700,3822616,-0.710693,0.673340,0.161438,-0.124512,88.5328,0,0
10.4800,3822626,-0.710510,0.673462,0.161377,-0.124512,88.5240,0,0
10.4900,3822636,-0.710510,0.673523,0.161377,-0.124573,88.5299,0,0
10.5000,3822646,-0.710510,0.673523,0.161316,-0.124634,88.5415,0,0
10.5100,3822656,-0.710571,0.673462,0.161194,-0.124756,88.5464,0,0
10.5200,3822666,-0.710632,0.673401,0.161072,-0.124878,88.5427,0,0
10.5300,3822676,-0.710632,0.673462,0.160950,-0.125000,88.5369,0,0
10.5400,3822686,-0.710571,0.673462,0.160828,-0.125122,88.5324,0,0
10.5500,3822696,-0.710571,0.673462,0.160706,-0.125366,88.5310,0,0
10.5600,3822706,-0.710571,0.673401,0.160645,-0.125488,88.5297,0,0
10.5700,3822716,-0.710632,0.673340,0.160645,-0.125610,88.5321,0,0
10.5800,3822726,-0.710693,0.673279,0.160645,-0.125610,88.5391,0,0
10.5900,3822736,-0.710815,0.673157,0.160645,-0.125671,88.5463,0,0
10.6000,3822746,-0.710876,0.673096,0.160645,-0.125671,88.5508,0,0
10.6100,3822756,-0.710876,0.673096,0.160583,-0.125610,88.5450,0,0
10.6200,3822766,-0.710876,0.673157,0.160522,-0.125549,88.5240,0,0
10.6300,3822776,-0.710754,0.673340,0.160461,-0.125427,88.4934,0,0
10.6400,3822786,-0.710632,0.673523,0.160400,-0.125305,88.4649,0,0
10.6500,3822796,-0.710571,0.673584,0.160339,-0.125305,88.4503,0,0
10.6600,3822806,-0.710571,0.673584,0.160278,-0.125366,88.4519,0,0
10.6700,3822816,-0.710571,0.673584,0.160217,-0.125427,88.4533,0,0
10.6800,3822826,-0.710571,0.673584,0.160156,-0.125427,88.4516,0,0
10.6900,3822836,-0.710571,0.673584,0.160156,-0.125427,88.4422,0,0
10.7000,3822846,-0.710510,0.673584,0.160217,-0.125488,88.4280,0,0
10.7100,3822856,-0.710510,0.673584,0.160278,-0.125488,88.4218,0,0
10.7200,3822866,-0.710510,0.673584,0.160461,-0.125549,88.4224,0,0
10.7300,3822876,-0.710571,0.673462,0.160583,-0.125549,88.4308,0,0
10.7400,3822886,-0.710632,0.673340,0.160706,-0.125610,88.4458,0,0
10.7500,3822896,-0.710754,0.673218,0.160706,-0.125610,88.4553,0,0
10.7600,3822906,-0.710754,0.673218,0.160767,-0.125549,88.4566,0,0
10.7700,3822916,-0.710754,0.673218,0.160767,-0.125488,88.4490,0,0
10.7800,3822926,-0.710754,0.673218,0.160828,-0.125366,88.4383,0,0
10.7900,3822936,-0.710754,0.673279,0.160889,-0.125244,88.4234,0,0
10.8000,3822946,-0.710693,0.673340,0.160889,-0.125122,88.4093,0,0
10.8100,3822956,-0.710632,0.673462,0.160889,-0.125000,88.4119,0,0
10.8200,3822966,-0.710632,0.673462,0.160889,-0.125000,88.4411,0,0
10.8300,3822976,-0.710754,0.673279,0.160767,-0.125122,88.4657,0,0
10.8400,3822986,-0.710999,0.673035,0.160706,-0.125305,88.4712,0,0
10.8500,3822996,-0.710999,0.672974,0.160767,-0.125366,88.4765,0,0
10.8600,3823006,-0.710876,0.673035,0.160950,-0.125366,88.4556,0,0
10.8700,3823016,-0.710754,0.673096,0.161194,-0.125366,88.4375,0,0
10.8800,3823026,-0.710693,0.673157,0.161377,-0.125427,88.4291,0,0
10.8900,3823036,-0.710754,0.673096,0.161438,-0.125488,88.4379,0,0
10.9000,3823046,-0.710815,0.672974,0.161499,-0.125610,88.4539,0,0
10.9100,3823056,-0.710876,0.672913,0.161560,-0.125671,88.4632,0,0
10.9200,3823066,-0.710876,0.672913,0.161560,-0.125671,88.4577,0,0
10.9300,3823076,-0.710815,0.672974,0.161499,-0.125610,88.4431,0,0
10.9400,3823086,-0.710754,0.673035,0.161438,-0.125488,88.4333,0,0
10.9500,3823096,-0.710754,0.673096,0.161316,-0.125427,88.4311,0,0
10.9600,3823106,-0.710815,0.673096,0.161255,-0.125305,88.4326,0,0
10.9700,3823116,-0.710815,0.673157,0.161133,-0.125183,88.4263,0,0
10.9800,3823126,-0.710754,0.673279,0.161072,-0.125122,88.4132,0,0
10.9900,3823136,-0.710693,0.673340,0.161072,-0.125061,88.4032,0,0
11.0000,3823146,-0.710693,0.673340,0.161072,-0.125061,88.4043,0,0
11.0100,3823156,-0.710693,0.673279,0.161072,-0.125122,88.4166,0,0
11.0200,3823166,-0.710815,0.673157,0.161133,-0.125183,88.4355,0,0
11.0300,3823176,-0.710876,0.673035,0.161133,-0.125366,88.4546,0,0
11.0400,3823186,-0.710999,0.672913,0.161133,-0.125488,88.4692,0,0
11.0500,3823196,-0.710999,0.672852,0.161133,-0.125610,88.4724,0,0
11.0600,3823206,-0.710999,0.672852,0.161133,-0.125732,88.4633,0,0
11.0700,3823216,-0.710999,0.672852,0.161133,-0.125793,88.4464,0,0
11.0800,3823226,-0.710876,0.672913,0.161072,-0.125854,88.4227,0,0
11.0900,3823236,-0.710754,0.673096,0.161011,-0.125854,88.3983,0,0
11.1000,3823246,-0.710632,0.673279,0.160889,-0.125793,88.3752,0,0
11.1100,3823256,-0.710510,0.673401,0.160828,-0.125671,88.3604,0,0
11.1200,3823266,-0.710449,0.673523,0.160706,-0.125549,88.3581,0,0
11.1300,3823276,-0.710510,0.673523,0.160767,-0.125488,88.3643,0,0
11.1400,3823286,-0.710571,0.673462,0.160889,-0.125366,88.3732,0,0
11.1500,3823296,-0.710632,0.673340,0.161011,-0.125244,88.3823,0,0
11.1600,3823306,-0.710632,0.673340,0.161072,-0.125122,88.3851,0,0
11.1700,3823316,-0.710632,0.673340,0.161194,-0.125061,88.3841,0,0
11.1800,3823326,-0.710693,0.673279,0.161255,-0.124939,88.3909,0,0
11.1900,3823336,-0.710754,0.673218,0.161316,-0.124939,88.4083,0,0
11.2000,3823346,-0.710876,0.673096,0.161316,-0.124939,88.4307,0,0
11.2100,3823356,-0.710937,0.672974,0.161255,-0.124939,88.4502,0,0
11.2200,3823366,-0.710999,0.672974,0.161194,-0.125000,88.4584,0,0
11.2300,3823376,-0.710999,0.672974,0.161072,-0.124939,88.4621,0,0
11.2400,3823386,-0.710999,0.672974,0.161011,-0.124878,88.4663,0,0
11.2500,3823396,-0.711121,0.672913,0.160950,-0.124878,88.4779,0,0
11.2600,3823406,-0.711243,0.672791,0.160889,-0.124939,88.4990,0,0
11.2700,3823416,-0.711426,0.672607,0.160889,-0.124939,88.5232,0,0
11.2800,3823426,-0.711548,0.672424,0.160889,-0.125000,88.5451,0,0
11.2900,3823436,-0.711670,0.672302,0.160889,-0.125122,88.5569,0,0
11.3000,3823446,-0.711731,0.672241,0.161011,-0.125122,88.5618,0,0
11.3100,3823456,-0.711731,0.672180,0.161194,-0.125122,88.5581,0,0
11.3200,3823466,-0.711670,0.672180,0.161377,-0.125122,88.5493,0,0
11.3300,3823476,-0.711670,0.672180,0.161560,-0.125122,88.5421,0,0
11.3400,3823486,-0.711670,0.672119,0.161743,-0.125122,88.5425,0,0
11.3500,3823496,-0.711609,0.672119,0.161865,-0.125183,88.5465,0,0
11.3600,3823506,-0.711609,0.672058,0.161987,-0.125244,88.5520,0,0
11.3700,3823516,-0.711609,0.672058,0.162109,-0.125366,88.5561,0,0
11.3800,3823526,-0.711548,0.672058,0.162109,-0.125427,88.5594,0,0
11.3900,3823536,-0.711548,0.672058,0.162109,-0.125427,88.5649,0,0
11.4000,3823546,-0.711548,0.672058,0.162109,-0.125427,88.5713,0,0
11.4100,3823556,-0.711609,0.671997,0.162170,-0.125366,88.5762,0,0
11.4200,3823566,-0.711670,0.671936,0.162231,-0.125305,88.5814,0,0
11.4300,3823576,-0.711731,0.671875,0.162354,-0.125183,88.5894,0,0
11.4400,3823586,-0.711853,0.671753,0.162415,-0.125122,88.6029,0,0
11.4500,3823596,-0.711975,0.671570,0.162415,-0.125122,88.6240,0,0
11.4600,3823606,-0.712219,0.671387,0.162354,-0.125183,88.6530,0,0
11.4700,3823616,-0.712341,0.671204,0.162354,-0.125183,88.6782,0,0
11.4800,3823626,-0.712402,0.671143,0.162354,-0.125244,88.6819,0,0
11.4900,3823636,-0.712402,0.671143,0.162354,-0.125244,88.6706,0,0
11.5000,3823646,-0.712341,0.671204,0.162292,-0.125244,88.6521,0,0
11.5100,3823656,-0.712219,0.671326,0.162292,-0.125305,88.6340,0,0
11.5200,3823666,-0.712158,0.671387,0.162231,-0.125305,88.6209,0,0
11.5300,3823676,-0.712158,0.671387,0.162231,-0.125427,88.6204,0,0
11.5400,3823686,-0.712219,0.671326,0.162292,-0.125488,88.6299,0,0
11.5500,3823696,-0.712280,0.671204,0.162354,-0.125610,88.6414,0,0
11.5600,3823706,-0.712341,0.671082,0.162415,-0.125671,88.6493,0,0
11.5700,3823716,-0.712341,0.671082,0.162476,-0.125671,88.6462,0,0
11.5800,3823726,-0.712219,0.671204,0.162537,-0.125671,88.6260,0,0
11.5900,3823736,-0.712097,0.671326,0.162537,-0.125610,88.6014,0,0
11.6000,3823746,-0.712036,0.671448,0.162537,-0.125610,88.5834,0,0
11.6100,3823756,-0.712036,0.671448,0.162537,-0.125610,88.5788,0,0
11.6200,3823766,-0.712097,0.671326,0.162476,-0.125610,88.5994,0,0
11.6300,3823776,-0.712280,0.671265,0.162354,-0.125610,88.6142,0,0
11.6400,3823786,-0.712341,0.671143,0.162231,-0.125610,88.6146,0,0
11.6500,3823796,-0.712402,0.671204,0.162048,-0.125549,88.5964,0,0
11.6600,3823806,-0.712341,0.671326,0.161865,-0.125488,88.5714,0,0
11.6700,3823816,-0.712219,0.671509,0.161682,-0.125427,88.5589,0,0
11.6800,3823826,-0.712158,0.671570,0.161499,-0.125488,88.5649,0,0
11.6900,3823836,-0.712280,0.671387,0.161377,-0.125671,88.5806,0,0
11.7000,3823846,-0.712402,0.671265,0.161438,-0.125793,88.5950,0,0
11.7100,3823856,-0.712402,0.671265,0.161560,-0.125854,88.5962,0,0
11.7200,3823866,-0.712280,0.671326,0.161621,-0.125916,88.5777,0,0
11.7300,3823876,-0.712097,0.671509,0.161743,-0.125916,88.5441,0,0
11.7400,3823886,-0.711914,0.671692,0.161865,-0.125854,88.5105,0,0
11.7500,3823896,-0.711853,0.671753,0.161865,-0.125793,88.4933,0,0
11.7600,3823906,-0.711853,0.671753,0.161865,-0.125793,88.4978,0,0
11.7700,3823916,-0.711975,0.671631,0.161804,-0.125793,88.5193,0,0
11.7800,3823926,-0.712158,0.671509,0.161743,-0.125793,88.5450,0,0
11.7900,3823936,-0.712280,0.671387,0.161621,-0.125732,88.5612,0,0
11.8000,3823946,-0.712280,0.671387,0.161499,-0.125671,88.5605,0,0
11.8100,3823956,-0.712280,0.671448,0.161438,-0.125549,88.5486,0,0
11.8200,3823966,-0.712219,0.671570,0.161377,-0.125427,88.5343,0,0
11.8300,3823976,-0.712158,0.671631,0.161316,-0.125366,88.5237,0,0
11.8400,3823986,-0.712158,0.671631,0.161316,-0.125366,88.5189,0,0
11.8500,3823996,-0.712158,0.671631,0.161316,-0.125366,88.5233,0,0
11.8600,3824006,-0.712219,0.671570,0.161377,-0.125427,88.5340,0,0
11.8700,3824016,-0.712280,0.671448,0.161499,-0.125610,88.5436,0,0
11.8800,3824026,-0.712280,0.671387,0.161621,-0.125732,88.5479,0,0
11.8900,3824036,-0.712219,0.671326,0.161804,-0.125916,88.5503,0,0
11.9000,3824046,-0.712158,0.671326,0.161987,-0.126038,88.5525,0,0
11.9100,3824056,-0.712158,0.671265,0.162048,-0.126221,88.5588,0,0
11.9200,3824066,-0.712219,0.671204,0.162048,-0.126404,88.5611,0,0
11.9300,3824076,-0.712219,0.671143,0.162048,-0.126526,88.5584,0,0
11.9400,3824086,-0.712219,0.671143,0.161987,-0.126587,88.5512,0,0
11.9500,3824096,-0.712219,0.671143,0.161987,-0.126587,88.5432,0,0
11.9600,3824106,-0.712219,0.671204,0.161987,-0.126526,88.5391,0,0
11.9700,3824116,-0.712280,0.671143,0.161926,-0.126404,88.5430,0,0
11.9800,3824126,-0.712402,0.671021,0.161987,-0.126160,88.5516,0,0
11.9900,3824136,-0.712463,0.670959,0.162109,-0.126038,88.5567,0,0
12.0000,3824146,-0.712524,0.670959,0.162170,-0.125916,88.5509,0,0
12.0100,3824156,-0.712402,0.671021,0.162292,-0.125854,88.5355,0,0
12.0200,3824166,-0.712280,0.671143,0.162354,-0.125732,88.5125,0,0
12.0300,3824176,-0.712158,0.671265,0.162415,-0.125671,88.4948,0,0
12.0400,3824186,-0.712097,0.671326,0.162537,-0.125671,88.4869,0,0
12.0500,3824196,-0.712097,0.671326,0.162537,-0.125732,88.4907,0,0
12.0600,3824206,-0.712097,0.671326,0.162537,-0.125854,88.5014,0,0
12.0700,3824216,-0.712158,0.671265,0.162476,-0.126038,88.5151,0,0
12.0800,3824226,-0.712158,0.671204,0.162415,-0.126099,88.5227,0,0
12.0900,3824236,-0.712158,0.671204,0.162415,-0.126099,88.5210,0,0
12.1000,3824246,-0.712158,0.671265,0.162415,-0.126038,88.5110,0,0
12.1100,3824256,-0.712036,0.671387,0.162415,-0.126038,88.4962,0,0
12.1200,3824266,-0.711975,0.671448,0.162415,-0.126038,88.4839,0,0
12.1300,3824276,-0.711914,0.671509,0.162476,-0.126038,88.4782,0,0
12.1400,3824286,-0.711914,0.671509,0.162415,-0.125977,88.4757,0,0
12.1500,3824296,-0.711975,0.671509,0.162354,-0.125916,88.4757,0,0
12.1600,3824306,-0.711975,0.671509,0.162292,-0.125854,88.4764,0,0
12.1700,3824316,-0.711975,0.671509,0.162231,-0.125854,88.4764,0,0
12.1800,3824326,-0.711975,0.671509,0.162231,-0.125854,88.4758,0,0
12.1900,3824336,-0.711975,0.671509,0.162231,-0.125854,88.4805,0,0
12.2000,3824346,-0.711975,0.671509,0.162231,-0.125854,88.4916,0,0
12.2100,3824356,-0.712036,0.671448,0.162292,-0.125916,88.5110,0,0
12.2200,3824366,-0.712097,0.671326,0.162354,-0.126038,88.5384,0,0
12.2300,3824376,-0.712280,0.671143,0.162415,-0.126221,88.5744,0,0
12.2400,3824386,-0.712463,0.670837,0.162415,-0.126404,88.6141,0,0
12.2500,3824396,-0.712646,0.670593,0.162476,-0.126648,88.6333,0,0
12.2600,3824406,-0.712769,0.670410,0.162415,-0.127014,88.6260,0,0
12.2700,3824416,-0.712646,0.670532,0.162476,-0.127075,88.6025,0,0
12.2800,3824426,-0.712524,0.670654,0.162537,-0.127075,88.5826,0,0
12.2900,3824436,-0.712524,0.670593,0.162598,-0.127136,88.5784,0,0
12.3000,3824446,-0.712585,0.670532,0.162720,-0.127136,88.5852,0,0
12.3100,3824456,-0.712585,0.670532,0.162720,-0.127075,88.5845,0,0
12.3200,3824466,-0.712463,0.670593,0.162781,-0.127075,88.5625,0,0
12.3300,3824476,-0.712280,0.670837,0.162781,-0.126953,88.5231,0,0
12.3400,3824486,-0.712036,0.671143,0.162720,-0.126831,88.4786,0,0
12.3500,3824496,-0.711853,0.671326,0.162720,-0.126770,88.4506,0,0
12.3600,3824506,-0.711853,0.671326,0.162720,-0.126770,88.4495,0,0
12.3700,3824516,-0.711975,0.671204,0.162720,-0.126709,88.4692,0,0
12.3800,3824526,-0.712158,0.671082,0.162659,-0.126709,88.4945,0,0
12.3900,3824536,-0.712219,0.671021,0.162598,-0.126709,88.5097,0,0
12.4000,3824546,-0.712280,0.671021,0.162476,-0.126587,88.5062,0,0
12.4100,3824556,-0.712158,0.671143,0.162354,-0.126465,88.4857,0,0
12.4200,3824566,-0.712036,0.671326,0.162292,-0.126343,88.4656,0,0
12.4300,3824576,-0.712036,0.671387,0.162231,-0.126221,88.4602,0,0
12.4400,3824586,-0.712097,0.671326,0.162231,-0.126282,88.4711,0,0
12.4500,3824596,-0.712219,0.671204,0.162170,-0.126343,88.4922,0,0
12.4600,3824606,-0.712280,0.671082,0.162048,-0.126465,88.5096,0,0
12.4700,3824616,-0.712341,0.671082,0.161987,-0.126587,88.5149,0,0
12.4800,3824626,-0.712341,0.671082,0.161926,-0.126709,88.4968,0,0
12.4900,3824636,-0.712219,0.671204,0.161865,-0.126831,88.4747,0,0
12.5000,3824646,-0.712097,0.671326,0.161804,-0.126953,88.4560,0,0
12.5100,3824656,-0.711975,0.671448,0.161743,-0.127136,88.4443,0,0
12.5200,3824666,-0.711853,0.671448,0.161743,-0.127258,88.4325,0,0
12.5300,3824676,-0.711792,0.671509,0.161743,-0.127380,88.4201,0,0
12.5400,3824686,-0.711731,0.671570,0.161804,-0.127380,88.4072,0,0
12.5500,3824696,-0.711609,0.671692,0.161926,-0.127258,88.3966,0,0
12.5600,3824706,-0.711670,0.671631,0.162048,-0.127136,88.3902,0,0
12.5700,3824716,-0.711670,0.671631,0.162170,-0.127014,88.3908,0,0
12.5800,3824726,-0.711731,0.671631,0.162231,-0.126892,88.3931,0,0
12.5900,3824736,-0.711731,0.671570,0.162292,-0.126709,88.3948,0,0
12.6000,3824746,-0.711792,0.671570,0.162292,-0.126587,88.3957,0,0
12.6100,3824756,-0.711792,0.671570,0.162231,-0.126526,88.4002,0,0
12.6200,3824766,-0.711853,0.671509,0.162170,-0.126465,88.4145,0,0
12.6300,3824776,-0.711975,0.671387,0.162109,-0.126465,88.4358,0,0
12.6400,3824786,-0.712097,0.671326,0.162048,-0.126465,88.4525,0,0
12.6500,3824796,-0.712097,0.671326,0.161987,-0.126404,88.4548,0,0
12.6600,3824806,-0.712097,0.671387,0.161987,-0.126343,88.4487,0,0
12.6700,3824816,-0.712036,0.671387,0.162048,-0.126282,88.4418,0,0
12.6800,3824826,-0.712036,0.671387,0.162109,-0.126221,88.4483,0,0
12.6900,3824836,-0.712158,0.671265,0.162170,-0.126160,88.4681,0,0
12.7000,3824846,-0.712280,0.671143,0.162170,-0.126160,88.4916,0,0
12.7100,3824856,-0.712341,0.671082,0.162170,-0.126221,88.5021,0,0
12.7200,3824866,-0.712341,0.671082,0.162170,-0.126221,88.4991,0,0
12.7300,3824876,-0.712280,0.671143,0.162170,-0.126160,88.4902,0,0
12.7400,3824886,-0.712280,0.671143,0.162170,-0.126160,88.4871,0,0
12.7500,3824896,-0.712280,0.671143,0.162109,-0.126221,88.4896,0,0
12.7600,3824906,-0.712280,0.671143,0.162109,-0.126343,88.4942,0,0
12.7700,3824916,-0.712219,0.671143,0.162231,-0.126465,88.4886,0,0
12.7800,3824926,-0.712158,0.671143,0.162354,-0.126587,88.4844,0,0
12.7900,3824936,-0.712158,0.671082,0.162537,-0.126770,88.4911,0,0
12.8000,3824946,-0.712158,0.671021,0.162659,-0.126831,88.5028,0,0
12.8100,3824956,-0.712219,0.670959,0.162781,-0.126953,88.5075,0,0
12.8200,3824966,-0.712158,0.670959,0.162842,-0.127014,88.5017,0,0
12.8300,3824976,-0.712158,0.670898,0.162903,-0.127075,88.4868,0,0
12.8400,3824986,-0.711975,0.671143,0.162842,-0.127075,88.4726,0,0
12.8500,3824996,-0.711975,0.671143,0.162842,-0.127075,88.4716,0,0
12.8600,3825006,-0.712036,0.671082,0.162842,-0.127136,88.4849,0,0
12.8700,3825016,-0.712158,0.670898,0.162842,-0.127075,88.5053,0,0
12.8800,3825026,-0.712280,0.670776,0.162964,-0.127014,88.5192,0,0
12.8900,3825036,-0.712280,0.670776,0.162964,-0.126953,88.5189,0,0
12.9000,3825046,-0.712219,0.670837,0.163025,-0.126953,88.5084,0,0
12.9100,3825056,-0.712158,0.670959,0.162964,-0.126953,88.4979,0,0
12.9200,3825066,-0.712158,0.670959,0.162842,-0.127075,88.4998,0,0
12.9300,3825076,-0.712219,0.670898,0.162720,-0.127197,88.5158,0,0
12.9400,3825086,-0.712341,0.670776,0.162598,-0.127380,88.5333,0,0
12.9500,3825096,-0.712402,0.670654,0.162476,-0.127502,88.5481,0,0
12.9600,3825106,-0.712524,0.670593,0.162476,-0.127502,88.5533,0,0
12.9700,3825116,-0.712463,0.670654,0.162415,-0.127441,88.5403,0,0
12.9800,3825126,-0.712341,0.670776,0.162415,-0.127258,88.5126,0,0
12.9900,3825136,-0.712219,0.671021,0.162354,-0.127136,88.4798,0,0
13.0000,3825146,-0.712097,0.671143,0.162292,-0.127014,88.4599,0,0
13.0100,3825156,-0.712158,0.671143,0.162231,-0.126953,88.4605,0,0
13.0200,3825166,-0.712280,0.671021,0.162170,-0.126953,88.4790,0,0
13.0300,3825176,-0.712402,0.670837,0.162170,-0.126953,88.5006,0,0
13.0400,3825186,-0.712463,0.670776,0.162170,-0.126892,88.5076,0,0
13.0500,3825196,-0.712463,0.670837,0.162109,-0.126770,88.4851,0,0
13.0600,3825206,-0.712341,0.670959,0.162109,-0.126709,88.4625,0,0
13.0700,3825216,-0.712280,0.671143,0.162048,-0.126587,88.4470,0,0
13.0800,3825226,-0.712158,0.671265,0.161987,-0.126587,88.4442,0,0
13.0900,3825236,-0.712158,0.671265,0.161926,-0.126648,88.4539,0,0
13.1000,3825246,-0.712219,0.671204,0.161865,-0.126709,88.4691,0,0
13.1100,3825256,-0.712280,0.671082,0.161804,-0.126709,88.4818,0,0
13.1200,3825266,-0.712402,0.671021,0.161804,-0.126770,88.4808,0,0
13.1300,3825276,-0.712341,0.671082,0.161865,-0.126648,88.4655,0,0
13.1400,3825286,-0.712219,0.671204,0.161926,-0.126587,88.4428,0,0
13.1500,3825296,-0.712097,0.671326,0.161926,-0.126526,88.4259,0,0
13.1600,3825306,-0.712097,0.671326,0.161865,-0.126465,88.4282,0,0
13.1700,3825316,-0.712280,0.671204,0.161804,-0.126526,88.4525,0,0
13.1800,3825326,-0.712463,0.670959,0.161804,-0.126465,88.4826,0,0
13.1900,3825336,-0.712585,0.670837,0.161804,-0.126404,88.4970,0,0
13.2000,3825346,-0.712646,0.670837,0.161804,-0.126282,88.4936,0,0
13.2100,3825356,-0.712524,0.670959,0.161804,-0.126160,88.4749,0,0
13.2200,3825366,-0.712402,0.671082,0.161804,-0.126099,88.4571,0,0
13.2300,3825376,-0.712402,0.671143,0.161743,-0.126038,88.4522,0,0
13.2400,3825386,-0.712463,0.671082,0.161743,-0.126038,88.4623,0,0
13.2500,3825396,-0.712524,0.671021,0.161743,-0.126038,88.4766,0,0
13.2600,3825406,-0.712524,0.670959,0.161743,-0.126038,88.4837,0,0
13.2700,3825416,-0.712524,0.670959,0.161743,-0.126038,88.4798,0,0
13.2800,3825426,-0.712524,0.671021,0.161743,-0.126038,88.4731,0,0
13.2900,3825436,-0.712524,0.671021,0.161743,-0.126038,88.4738,0,0
13.3000,3825446,-0.712585,0.670959,0.161804,-0.126038,88.4864,0,0
13.3100,3825456,-0.712708,0.670776,0.161865,-0.125977,88.5061,0,0
13.3200,3825466,-0.712769,0.670715,0.161987,-0.125916,88.5196,0,0
13.3300,3825476,-0.712830,0.670715,0.162109,-0.125793,88.5200,0,0
13.3400,3825486,-0.712769,0.670715,0.162170,-0.125671,88.5191,0,0
13.3500,3825496,-0.712769,0.670715,0.162170,-0.125610,88.5320,0,0
13.3600,3825506,-0.712830,0.670654,0.162170,-0.125549,88.5555,0,0
13.3700,3825516,-0.713013,0.670532,0.162170,-0.125549,88.5819,0,0
13.3800,3825526,-0.713135,0.670349,0.162109,-0.125610,88.6006,0,0
13.3900,3825536,-0.713257,0.670227,0.162109,-0.125610,88.6088,0,0
13.4000,3825546,-0.713318,0.670166,0.162048,-0.125671,88.6100,0,0
13.4100,3825556,-0.713318,0.670166,0.162048,-0.125671,88.6053,0,0
13.4200,3825566,-0.713318,0.670166,0.162048,-0.125671,88.6013,0,0
13.4300,3825576,-0.713318,0.670166,0.162048,-0.125732,88.5958,0,0
13.4400,3825586,-0.713257,0.670166,0.162048,-0.125854,88.5900,0,0
13.4500,3825596,-0.713257,0.670166,0.162109,-0.125977,88.5868,0,0
13.4600,3825606,-0.713257,0.670105,0.162170,-0.126038,88.5928,0,0
13.4700,3825616,-0.713379,0.669983,0.162231,-0.126160,88.6091,0,0
13.4800,3825626,-0.713501,0.669800,0.162292,-0.126282,88.6275,0,0
13.4900,3825636,-0.713501,0.669739,0.162415,-0.126404,88.6361,0,0
13.5000,3825646,-0.713501,0.669739,0.162415,-0.126404,88.6283,0,0
13.5100,3825656,-0.713440,0.669800,0.162415,-0.126404,88.6155,0,0
13.5200,3825666,-0.713440,0.669800,0.162415,-0.126404,88.6111,0,0
13.5300,3825676,-0.713501,0.669739,0.162415,-0.126404,88.6181,0,0
13.5400,3825686,-0.713623,0.669617,0.162415,-0.126465,88.6338,0,0
13.5500,3825696,-0.713684,0.669495,0.162415,-0.126526,88.6456,0,0
13.5600,3825706,-0.713684,0.669495,0.162476,-0.126587,88.6451,0,0
13.5700,3825716,-0.713623,0.669556,0.162476,-0.126526,88.6296,0,0
13.5800,3825726,-0.713562,0.669678,0.162537,-0.126526,88.6103,0,0
13.5900,3825736,-0.713440,0.669800,0.162476,-0.126587,88.5899,0,0
13.6000,3825746,-0.713379,0.669861,0.162415,-0.126648,88.5777,0,0
13.6100,3825756,-0.713318,0.669861,0.162354,-0.126770,88.5780,0,0
13.6200,3825766,-0.713440,0.669739,0.162292,-0.126953,88.5913,0,0
13.6300,3825776,-0.713501,0.669617,0.162292,-0.127136,88.5980,0,0
13.6400,3825786,-0.713562,0.669556,0.162354,-0.127258,88.5961,0,0
13.6500,3825796,-0.713562,0.669556,0.162415,-0.127319,88.5877,0,0
13.6600,3825806,-0.713501,0.669495,0.162476,-0.127319,88.5768,0,0
13.6700,3825816,-0.713501,0.669556,0.162476,-0.127319,88.5640,0,0
13.6800,3825826,-0.713440,0.669617,0.162415,-0.127258,88.5501,0,0
13.6900,3825836,-0.713379,0.669739,0.162415,-0.127197,88.5346,0,0
13.7000,3825846,-0.713257,0.669922,0.162292,-0.127014,88.5180,0,0
13.7100,3825856,-0.713196,0.669983,0.162231,-0.126953,88.5046,0,0
13.7200,3825866,-0.713196,0.669983,0.162231,-0.126953,88.5020,0,0
13.7300,3825876,-0.713257,0.669922,0.162292,-0.126892,88.5090,0,0
13.7400,3825886,-0.713318,0.669861,0.162354,-0.126831,88.5175,0,0
13.7500,3825896,-0.713318,0.669861,0.162415,-0.126709,88.5172,0,0
13.7600,3825906,-0.713318,0.669861,0.162537,-0.126587,88.5135,0,0
13.7700,3825916,-0.713257,0.669922,0.162598,-0.126526,88.5065,0,0
13.7800,3825926,-0.713257,0.669922,0.162598,-0.126526,88.5051,0,0
13.7900,3825936,-0.713257,0.669922,0.162537,-0.126587,88.5116,0,0
13.8000,3825946,-0.713257,0.669922,0.162415,-0.126709,88.5146,0,0
13.8100,3825956,-0.713257,0.669983,0.162231,-0.126831,88.5109,0,0
13.8200,3825966,-0.713135,0.670044,0.162170,-0.126953,88.5020,0,0
13.8300,3825976,-0.713074,0.670166,0.162048,-0.127014,88.4905,0,0
13.8400,3825986,-0.713074,0.670166,0.161987,-0.127136,88.4843,0,0
13.8500,3825996,-0.713074,0.670166,0.161987,-0.127136,88.4795,0,0
13.8600,3826006,-0.713013,0.670227,0.161987,-0.127075,88.4703,0,0
13.8700,3826016,-0.712952,0.670288,0.162048,-0.127014,88.4538,0,0
13.8800,3826026,-0.712891,0.670410,0.162170,-0.126953,88.4395,0,0
13.8900,3826036,-0.712830,0.670410,0.162231,-0.126892,88.4324,0,0
13.9000,3826046,-0.712830,0.670410,0.162231,-0.126892,88.4400,0,0
13.9100,3826056,-0.712952,0.670349,0.162170,-0.126892,88.4636,0,0
13.9200,3826066,-0.713074,0.670166,0.162109,-0.126953,88.4831,0,0
13.9300,3826076,-0.713196,0.670044,0.161987,-0.127075,88.4897,0,0
13.9400,3826086,-0.713196,0.670044,0.161926,-0.127197,88.4776,0,0
13.9500,3826096,-0.713135,0.670105,0.161865,-0.127258,88.4572,0,0
13.9600,3826106,-0.713013,0.670227,0.161743,-0.127319,88.4370,0,0
13.9700,3826116,-0.712891,0.670349,0.161743,-0.127441,88.4238,0,0
13.9800,3826126,-0.712769,0.670410,0.161804,-0.127686,88.4178,0,0
13.9900,3826136,-0.712769,0.670410,0.161926,-0.127747,88.4175,0,0
14.0000,3826146,-0.712769,0.670349,0.161987,-0.127808,88.4254,0,0
14.0100,3826156,-0.712891,0.670227,0.162109,-0.127869,88.4384,0,0
14.0200,3826166,-0.712952,0.670105,0.162170,-0.127869,88.4494,0,0
14.0300,3826176,-0.713013,0.670044,0.162231,-0.127869,88.4572,0,0
14.0400,3826186,-0.713074,0.669983,0.162231,-0.127869,88.4627,0,0
14.0500,3826196,-0.713135,0.669861,0.162109,-0.127930,88.4767,0,0
14.0600,3826206,-0.713257,0.669739,0.161987,-0.128113,88.4960,0,0
14.0700,3826216,-0.713318,0.669739,0.161804,-0.128296,88.5024,0,0
14.0800,3826226,-0.713318,0.669739,0.161743,-0.128479,88.4923,0,0
14.0900,3826236,-0.713257,0.669739,0.161682,-0.128662,88.4780,0,0
14.1000,3826246,-0.713196,0.669739,0.161743,-0.128845,88.4685,0,0
14.1100,3826256,-0.713196,0.669739,0.161804,-0.128906,88.4643,0,0
14.1200,3826266,-0.713196,0.669678,0.161987,-0.128967,88.4603,0,0
14.1300,3826276,-0.713196,0.669678,0.162170,-0.128906,88.4505,0,0
14.1400,3826286,-0.713135,0.669739,0.162231,-0.128845,88.4331,0,0
14.1500,3826296,-0.713013,0.669800,0.162292,-0.128723,88.4141,0,0
14.1600,3826306,-0.713013,0.669861,0.162231,-0.128662,88.4056,0,0
14.1700,3826316,-0.713074,0.669861,0.162109,-0.128540,88.4130,0,0
14.1800,3826326,-0.713196,0.669739,0.161987,-0.128479,88.4283,0,0
14.1900,3826336,-0.713318,0.669678,0.161865,-0.128418,88.4387,0,0
14.2000,3826346,-0.713318,0.669678,0.161865,-0.128357,88.4278,0,0
14.2100,3826356,-0.713257,0.669739,0.161865,-0.128357,88.4163,0,0
14.2200,3826366,-0.713196,0.669800,0.161926,-0.128418,88.4172,0,0
14.2300,3826376,-0.713196,0.669800,0.161987,-0.128479,88.4341,0,0
14.2400,3826386,-0.713318,0.669617,0.162048,-0.128601,88.4519,0,0
14.2500,3826396,-0.713379,0.669495,0.162170,-0.128723,88.4564,0,0
14.2600,3826406,-0.713440,0.669434,0.162292,-0.128845,88.4392,0,0
14.2700,3826416,-0.713135,0.669617,0.162476,-0.128967,88.4087,0,0
14.2800,3826426,-0.712952,0.669800,0.162476,-0.128967,88.3833,0,0
14.2900,3826436,-0.712891,0.669861,0.162415,-0.129028,88.3702,0,0
14.3000,3826446,-0.712952,0.669800,0.162354,-0.129089,88.3757,0,0
14.3100,3826456,-0.713074,0.669678,0.162354,-0.129089,88.3957,0,0
14.3200,3826466,-0.713257,0.669495,0.162292,-0.129150,88.4188,0,0
14.3300,3826476,-0.713379,0.669373,0.162292,-0.129089,88.4301,0,0
14.3400,3826486,-0.713379,0.669373,0.162292,-0.128906,88.4292,0,0
14.3500,3826496,-0.713379,0.669434,0.162354,-0.128723,88.4181,0,0
14.3600,3826506,-0.713318,0.669495,0.162354,-0.128540,88.4023,0,0
14.3700,3826516,-0.713257,0.669617,0.162292,-0.128418,88.3843,0,0
14.3800,3826526,-0.713196,0.669800,0.162231,-0.128296,88.3643,0,0
14.3900,3826536,-0.713074,0.669922,0.162231,-0.128235,88.3428,0,0
14.4000,3826546,-0.712891,0.670105,0.162231,-0.128113,88.3201,0,0
14.4100,3826556,-0.712830,0.670166,0.162231,-0.128113,88.3062,0,0
14.4200,3826566,-0.712830,0.670227,0.162170,-0.128174,88.3114,0,0
14.4300,3826576,-0.712952,0.670105,0.162109,-0.128235,88.3354,0,0
14.4400,3826586,-0.713074,0.669922,0.162048,-0.128357,88.3647,0,0
14.4500,3826596,-0.713196,0.669800,0.161987,-0.128418,88.3805,0,0
14.4600,3826606,-0.713196,0.669800,0.161926,-0.128479,88.3783,0,0
14.4700,3826616,-0.713074,0.669922,0.161865,-0.128479,88.3631,0,0
14.4800,3826626,-0.713013,0.669983,0.161926,-0.128479,88.3446,0,0
14.4900,3826636,-0.712952,0.670044,0.161926,-0.128479,88.3418,0,0
14.5000,3826646,-0.712952,0.670044,0.161926,-0.128479,88.3391,0,0
14.5100,3826656,-0.712952,0.670044,0.161926,-0.128479,88.3283,0,0
14.5200,3826666,-0.712891,0.670105,0.161926,-0.128418,88.3014,0,0
14.5300,3826676,-0.712708,0.670288,0.161987,-0.128418,88.2734,0,0
14.5400,3826686,-0.712585,0.670471,0.161987,-0.128357,88.2611,0,0
14.5500,3826696,-0.712463,0.670593,0.161987,-0.128357,88.2716,0,0
14.5600,3826706,-0.712585,0.670410,0.162109,-0.128235,88.2952,0,0
14.5700,3826716,-0.712769,0.670288,0.162048,-0.128174,88.3176,0,0
14.5800,3826726,-0.712830,0.670227,0.162048,-0.128113,88.3311,0,0
14.5900,3826736,-0.712830,0.670227,0.161926,-0.127991,88.3315,0,0
14.6000,3826746,-0.712830,0.670349,0.161865,-0.127930,88.3236,0,0
14.6100,3826756,-0.712830,0.670349,0.161804,-0.127869,88.3232,0,0
14.6200,3826766,-0.712891,0.670288,0.161804,-0.127869,88.3365,0,0
14.6300,3826776,-0.712952,0.670166,0.161743,-0.127930,88.3544,0,0
14.6400,3826786,-0.713013,0.670105,0.161682,-0.128052,88.3691,0,0
14.6500,3826796,-0.713013,0.670105,0.161621,-0.128113,88.3705,0,0
14.6600,3826806,-0.712952,0.670166,0.161560,-0.128174,88.3616,0,0
14.6700,3826816,-0.712891,0.670288,0.161560,-0.128113,88.3455,0,0
14.6800,3826826,-0.712830,0.670349,0.161621,-0.128174,88.3326,0,0
14.6900,3826836,-0.712830,0.670288,0.161682,-0.128235,88.3298,0,0
14.7000,3826846,-0.712830,0.670288,0.161743,-0.128296,88.3349,0,0
14.7100,3826856,-0.712830,0.670227,0.161804,-0.128357,88.3361,0,0
14.7200,3826866,-0.712769,0.670288,0.161865,-0.128357,88.3272,0,0
14.7300,3826876,-0.712646,0.670410,0.161865,-0.128357,88.3093,0,0
14.7400,3826886,-0.712585,0.670471,0.161926,-0.128296,88.2971,0,0
14.7500,3826896,-0.712585,0.670471,0.161987,-0.128235,88.2998,0,0
14.7600,3826906,-0.712708,0.670410,0.161987,-0.128174,88.3178,0,0
14.7700,3826916,-0.712830,0.670227,0.161926,-0.128052,88.3420,0,0
14.7800,3826926,-0.713013,0.670105,0.161865,-0.127991,88.3550,0,0
14.7900,3826936,-0.713074,0.670044,0.161865,-0.127869,88.3584,0,0
14.8000,3826946,-0.713135,0.670044,0.161804,-0.127808,88.3628,0,0
14.8100,3826956,-0.713135,0.670044,0.161804,-0.127808,88.3687,0,0
14.8200,3826966,-0.713135,0.670044,0.161804,-0.127808,88.3744,0,0
14.8300,3826976,-0.713074,0.670044,0.161804,-0.127930,88.3780,0,0
14.8400,3826986,-0.713074,0.670044,0.161987,-0.128052,88.3790,0,0
14.8500,3826996,-0.713013,0.669983,0.162048,-0.128113,88.3835,0,0
14.8600,3827006,-0.713013,0.669983,0.162109,-0.128174,88.3885,0,0
14.8700,3827016,-0.713013,0.669983,0.162109,-0.128174,88.3919,0,0
14.8800,3827026,-0.713013,0.669983,0.162109,-0.128174,88.3929,0,0
14.8900,3827036,-0.713013,0.669983,0.162109,-0.128174,88.3932,0,0
14.9000,3827046,-0.713074,0.669922,0.162109,-0.128235,88.4006,0,0
14.9100,3827056,-0.713196,0.669800,0.162170,-0.128174,88.4207,0,0
14.9200,3827066,-0.713440,0.669556,0.162170,-0.128113,88.4487,0,0
14.9300,3827076,-0.713623,0.669373,0.162231,-0.128052,88.4754,0,0
14.9400,3827086,-0.713745,0.669250,0.162292,-0.127930,88.4884,0,0
14.9500,3827096,-0.713806,0.669189,0.162354,-0.127747,88.4941,0,0
14.9600,3827106,-0.713867,0.669128,0.162415,-0.127686,88.4996,0,0
14.9700,3827116,-0.713928,0.669067,0.162476,-0.127686,88.5097,0,0
14.9800,3827126,-0.713989,0.668945,0.162476,-0.127686,88.5235,0,0
14.9900,3827136,-0.714111,0.668823,0.162415,-0.127686,88.5384,0,0
15.0000,3827146,-0.714233,0.668762,0.162415,-0.127747,88.5531,0,0
15.0100,3827156,-0.714294,0.668640,0.162415,-0.127747,88.5635,0,0
15.0200,3827166,-0.714355,0.668518,0.162415,-0.127808,88.5775,0,0
15.0300,3827176,-0.714539,0.668335,0.162415,-0.127930,88.6033,0,0
15.0400,3827186,-0.714844,0.668030,0.162476,-0.128052,88.6451,0,0
15.0500,3827196,-0.715149,0.667664,0.162476,-0.128174,88.6930,0,0
15.0600,3827206,-0.715454,0.667297,0.162476,-0.128357,88.7374,0,0
15.0700,3827216,-0.715759,0.666931,0.162537,-0.128540,88.7802,0,0
15.0800,3827226,-0.716064,0.666565,0.162598,-0.128723,88.8148,0,0
15.0900,3827236,-0.716309,0.666199,0.162659,-0.129028,88.8346,0,0
15.1000,3827246,-0.716431,0.665955,0.162659,-0.129333,88.8420,0,0
15.1100,3827256,-0.716553,0.665833,0.162598,-0.129639,88.8288,0,0
15.1200,3827266,-0.716553,0.665771,0.162598,-0.130066,88.8037,0,0
15.1300,3827276,-0.716431,0.665771,0.162415,-0.130798,88.7857,0,0
15.1400,3827286,-0.716492,0.665588,0.162354,-0.131165,88.7899,0,0
15.1500,3827296,-0.716736,0.665344,0.162354,-0.131592,88.8081,0,0
15.1600,3827306,-0.716980,0.664917,0.162415,-0.132019,88.8372,0,0
15.1700,3827316,-0.717285,0.664490,0.162659,-0.132507,88.8719,0,0
15.1800,3827326,-0.717529,0.664001,0.163025,-0.133057,88.9020,0,0
15.1900,3827336,-0.717651,0.663574,0.163513,-0.133789,88.9193,0,0
15.2000,3827346,-0.717651,0.663269,0.164001,-0.134644,88.9167,0,0
15.2100,3827356,-0.717529,0.663086,0.164307,-0.135620,88.9004,0,0
15.2200,3827366,-0.717407,0.663025,0.164307,-0.136841,88.8799,0,0
15.2300,3827376,-0.717407,0.662781,0.164062,-0.138184,88.8767,0,0
15.2400,3827386,-0.717590,0.662415,0.163574,-0.139771,88.9030,0,0
15.2500,3827396,-0.717834,0.661926,0.162903,-0.141418,88.9377,0,0
15.2600,3827406,-0.718140,0.661438,0.162354,-0.143127,88.9685,0,0
15.2700,3827416,-0.718384,0.660889,0.161926,-0.144714,88.9801,0,0
15.2800,3827426,-0.718567,0.660400,0.161621,-0.146484,88.9772,0,0
15.2900,3827436,-0.718689,0.659912,0.161438,-0.148376,88.9582,0,0
15.3000,3827446,-0.718689,0.659363,0.161316,-0.150452,88.9295,0,0
15.3100,3827456,-0.718689,0.658936,0.161194,-0.152771,88.8882,0,0
15.3200,3827466,-0.718567,0.658508,0.160950,-0.155273,88.8348,0,0
15.3300,3827476,-0.718384,0.658203,0.160522,-0.157776,88.7604,0,0
15.3400,3827486,-0.718201,0.657898,0.159912,-0.160400,88.6777,0,0
15.3500,3827496,-0.718140,0.657593,0.159241,-0.162964,88.6122,0,0
15.3600,3827506,-0.718079,0.657166,0.158508,-0.165527,88.5321,0,0
15.3700,3827516,-0.718018,0.656738,0.157776,-0.168030,88.4311,0,0
15.3800,3827526,-0.717896,0.656433,0.157104,-0.170532,88.3328,0,0
15.3900,3827536,-0.717712,0.656067,0.156433,-0.173096,88.2412,0,0
15.4000,3827546,-0.717590,0.655640,0.155762,-0.175842,88.1601,0,0
15.4100,3827556,-0.717468,0.655151,0.155090,-0.178711,88.0718,0,0
15.4200,3827566,-0.717224,0.654175,0.153564,-0.184692,87.9449,0,0
15.4300,3827576,-0.716797,0.653992,0.152649,-0.187683,87.7737,0,0
15.4400,3827586,-0.716248,0.653931,0.151611,-0.190674,87.5872,0,0
15.4500,3827596,-0.716003,0.653625,0.150330,-0.193726,87.4365,0,0
15.4600,3827606,-0.716125,0.652832,0.148865,-0.196838,87.3434,0,0
15.4700,3827616,-0.716675,0.651672,0.147278,-0.200073,87.3113,0,0
15.4800,3827626,-0.717468,0.650085,0.145691,-0.203430,87.3185,0,0
15.4900,3827636,-0.718384,0.648315,0.144165,-0.206848,87.3262,0,0
15.5000,3827646,-0.719177,0.646667,0.142578,-0.210327,87.3025,0,0
15.5100,3827656,-0.719727,0.645325,0.140930,-0.213867,87.2215,0,0
15.5200,3827666,-0.719849,0.644409,0.139099,-0.217407,87.0634,0,0
15.5300,3827676,-0.719482,0.643982,0.137024,-0.221008,86.8230,0,0
15.5400,3827686,-0.718750,0.644043,0.134705,-0.224548,86.5176,0,0
15.5500,3827696,-0.717896,0.644287,0.132263,-0.228149,86.1786,0,0
15.5600,3827706,-0.716980,0.644592,0.129639,-0.231689,85.8257,0,0
15.5700,3827716,-0.716003,0.644836,0.127014,-0.235229,85.4655,0,0
15.5800,3827726,-0.714966,0.645264,0.124329,-0.238892,85.0565,0,0
15.5900,3827736,-0.713623,0.645874,0.121521,-0.242554,84.6065,0,0
15.6000,3827746,-0.711975,0.646790,0.118591,-0.246338,84.1039,0,0
15.6100,3827756,-0.709961,0.648132,0.115540,-0.250000,83.5393,0,0
15.6200,3827766,-0.707703,0.649841,0.112244,-0.253479,82.9321,0,0
15.6300,3827776,-0.705444,0.651550,0.108826,-0.256775,82.3560,0,0
15.6400,3827786,-0.703430,0.653137,0.105225,-0.259888,81.8191,0,0
15.6500,3827796,-0.701660,0.654358,0.101563,-0.262878,81.3332,0,0
15.6600,3827806,-0.700256,0.655273,0.097839,-0.265869,80.8796,0,0
15.6700,3827816,-0.699036,0.655945,0.094238,-0.268738,80.4403,0,0
15.6800,3827826,-0.697937,0.656433,0.090637,-0.271606,79.9896,0,0
15.6900,3827836,-0.696777,0.656982,0.087036,-0.274353,79.5065,0,0
15.7000,3827846,-0.693970,0.658691,0.079773,-0.279602,78.9846,0,0
15.7100,3827856,-0.692322,0.659851,0.076233,-0.281982,78.4381,0,0
15.7200,3827866,-0.690796,0.660828,0.072815,-0.284241,77.9105,0,0
15.7300,3827876,-0.689575,0.661499,0.069580,-0.286438,77.4152,0,0
15.7400,3827886,-0.688538,0.661926,0.066650,-0.288635,76.9578,0,0
