# Sesion:30 Fecha:2026-06-03 21:41:57 Shots:1 Duracion:15,00s
tSeg,ms,qw,qx,qy,qz,filteredElev,filteredYaw,shot
0.0000,2101307,0.734192,-0.670959,-0.002625,0.103516,-7.7618,9.0305,0
0.0100,2101317,0.734436,-0.671082,-0.004883,0.101196,-7.3916,9.0037,0
0.0200,2101327,0.734741,-0.671082,-0.007141,0.098877,-7.0200,8.9778,0
0.0300,2101337,0.735229,-0.670837,-0.009460,0.096619,-6.6451,8.9640,0
0.0400,2101347,0.735718,-0.670532,-0.011841,0.094421,-6.2693,8.9601,0
0.0500,2101357,0.736267,-0.670166,-0.014221,0.092285,-5.8976,8.9620,0
0.0600,2101367,0.736877,-0.669800,-0.016541,0.090271,-5.5406,8.9704,0
0.0700,2101377,0.737427,-0.669373,-0.018860,0.088257,-5.1830,8.9778,0
0.0800,2101387,0.737915,-0.669006,-0.021118,0.086304,-4.8363,8.9854,0
0.0900,2101397,0.738281,-0.668762,-0.023315,0.084290,-4.4916,8.9820,0
0.1000,2101407,0.738525,-0.668701,-0.025391,0.082275,-4.1594,8.9686,0
0.1100,2101417,0.738647,-0.668762,-0.027466,0.080261,-3.8288,8.9547,0
0.1200,2101427,0.738647,-0.668884,-0.029541,0.078247,-3.4993,8.9402,0
0.1300,2101437,0.738342,-0.669312,-0.030884,0.076904,-3.2872,8.9261,0
0.1400,2101447,0.738037,-0.669739,-0.032288,0.075562,-3.0699,8.9171,0
0.1500,2101457,0.738159,-0.669739,-0.034424,0.073608,-2.7384,8.9143,0
0.1600,2101467,0.738403,-0.669556,-0.036499,0.071594,-2.4054,8.9019,0
0.1700,2101477,0.738892,-0.669128,-0.038513,0.069702,-2.0840,8.8963,0
0.1800,2101487,0.739502,-0.668457,-0.040466,0.067871,-1.7700,8.8910,0
0.1900,2101497,0.740234,-0.667786,-0.042236,0.066040,-1.4710,8.8722,0
0.2000,2101507,0.740845,-0.667114,-0.043945,0.064270,-1.1825,8.8527,0
0.2100,2101517,0.741272,-0.666748,-0.045471,0.062439,-0.9081,8.8138,0
0.2200,2101527,0.741394,-0.666687,-0.046814,0.060486,-0.6437,8.7497,0
0.2300,2101537,0.741272,-0.666931,-0.048157,0.058533,-0.3827,8.6858,0
0.2400,2101547,0.740845,-0.667480,-0.049072,0.056946,-0.1897,8.6203,0
0.2500,2101557,0.740479,-0.667969,-0.051758,0.053223,0.3179,8.5092,0
0.2600,2101567,0.740601,-0.667847,-0.053162,0.051514,0.5693,8.4715,0
0.2700,2101577,0.740906,-0.667542,-0.054626,0.049866,0.8234,8.4437,0
0.2800,2101587,0.741150,-0.667297,-0.055664,0.048645,1.0079,8.4194,0
0.2900,2101597,0.741394,-0.666992,-0.056763,0.047424,1.1978,8.3994,0
0.3000,2101607,0.741577,-0.666748,-0.057861,0.046204,1.3870,8.3794,0
0.3100,2101617,0.741760,-0.666565,-0.058838,0.045044,1.5608,8.3556,0
0.3200,2101627,0.741760,-0.666565,-0.059814,0.043762,1.7418,8.3216,0
0.3300,2101637,0.741638,-0.666687,-0.060669,0.042542,1.9063,8.2837,0
0.3400,2101647,0.741455,-0.666931,-0.061462,0.041260,2.0693,8.2365,0
0.3500,2101657,0.741150,-0.667236,-0.062134,0.039917,2.2255,8.1747,0
0.3600,2101667,0.740906,-0.667542,-0.062805,0.038696,2.3729,8.1238,0
0.3700,2101677,0.740723,-0.667786,-0.063477,0.037415,2.5257,8.0676,0
0.3800,2101687,0.740723,-0.667725,-0.064148,0.036255,2.6718,8.0205,0
0.3900,2101697,0.741028,-0.667419,-0.064819,0.035095,2.8212,7.9729,0
0.4000,2101707,0.741455,-0.666931,-0.065491,0.034058,2.9629,7.9347,0
0.4100,2101717,0.742065,-0.666260,-0.065979,0.033142,3.0816,7.8919,0
0.4200,2101727,0.742432,-0.665833,-0.066772,0.032104,3.2329,7.8631,0
0.4300,2101737,0.742554,-0.665649,-0.067505,0.031067,3.3763,7.8305,0
0.4400,2101747,0.742493,-0.665710,-0.068237,0.030090,3.5126,7.8044,0
0.4500,2101757,0.742187,-0.665955,-0.069031,0.029236,3.6423,7.7941,0
0.4600,2101767,0.741760,-0.666443,-0.069763,0.028320,3.7698,7.7756,0
0.4700,2101777,0.741333,-0.666870,-0.070312,0.027649,3.8631,7.7632,0
0.4800,2101787,0.740967,-0.667236,-0.070862,0.027039,3.9525,7.7559,0
0.4900,2101797,0.740601,-0.667603,-0.071411,0.026367,4.0466,7.7436,0
0.5000,2101807,0.740417,-0.667786,-0.071960,0.025818,4.1335,7.7407,0
0.5100,2101817,0.740540,-0.667542,-0.073181,0.024902,4.3093,7.7567,0
0.5200,2101827,0.740723,-0.667297,-0.073853,0.024597,4.3921,7.7818,0
0.5300,2101837,0.740784,-0.667175,-0.074524,0.024292,4.4735,7.8075,0
0.5400,2101847,0.740662,-0.667236,-0.075073,0.023987,4.5425,7.8247,0
0.5500,2101857,0.740356,-0.667542,-0.075623,0.023743,4.6045,7.8488,0
0.5600,2101867,0.739929,-0.667969,-0.076111,0.023499,4.6599,7.8689,0
0.5700,2101877,0.739380,-0.668518,-0.076599,0.023254,4.7139,7.8898,0
0.5800,2101887,0.738831,-0.669067,-0.077087,0.022949,4.7725,7.9056,0
0.5900,2101897,0.738403,-0.669495,-0.077576,0.022705,4.8279,7.9260,0
0.6000,2101907,0.738098,-0.669800,-0.078064,0.022461,4.8846,7.9456,0
0.6100,2101917,0.737976,-0.669861,-0.078552,0.022339,4.9342,7.9740,0
0.6200,2101927,0.738098,-0.669678,-0.079041,0.022217,4.9866,8.0008,0
0.6300,2101937,0.738342,-0.669373,-0.079468,0.022156,5.0306,8.0271,0
0.6400,2101947,0.738586,-0.669067,-0.079773,0.022217,5.0548,8.0542,0
0.6500,2101957,0.738770,-0.668823,-0.080017,0.022217,5.0779,8.0717,0
0.6600,2101967,0.738770,-0.668762,-0.080322,0.022217,5.1040,8.0952,0
0.6700,2101977,0.738586,-0.668945,-0.080566,0.022095,5.1320,8.1053,0
0.6800,2101987,0.738220,-0.669312,-0.080872,0.021973,5.1630,8.1214,0
0.6900,2101997,0.737793,-0.669800,-0.081177,0.021851,5.1931,8.1386,0
0.7000,2102007,0.737366,-0.670227,-0.081482,0.021729,5.2233,8.1552,0
0.7100,2102017,0.737061,-0.670532,-0.081787,0.021545,5.2597,8.1659,0
0.7200,2102027,0.736816,-0.670715,-0.082153,0.021484,5.2927,8.1908,0
0.7300,2102037,0.736633,-0.670898,-0.082520,0.021423,5.3263,8.2159,0
0.7400,2102047,0.736389,-0.671143,-0.082886,0.021301,5.3638,8.2363,0
0.7500,2102057,0.736084,-0.671387,-0.083191,0.021240,5.3909,8.2569,0
0.7600,2102067,0.735535,-0.671936,-0.083618,0.021179,5.4252,8.2895,0
0.7700,2102077,0.735352,-0.672180,-0.083740,0.021179,5.4332,8.3010,0
0.7800,2102087,0.735107,-0.672424,-0.083801,0.021179,5.4354,8.3076,0
0.7900,2102097,0.734863,-0.672668,-0.083801,0.021240,5.4277,8.3145,0
0.8000,2102107,0.734558,-0.673035,-0.083740,0.021301,5.4140,8.3176,0
0.8100,2102117,0.734253,-0.673401,-0.083557,0.021423,5.3852,8.3161,0
0.8200,2102127,0.733948,-0.673767,-0.083313,0.021545,5.3513,8.3097,0
0.8300,2102137,0.733704,-0.674011,-0.083008,0.021790,5.3036,8.3077,0
0.8400,2102147,0.733704,-0.674072,-0.082703,0.022034,5.2588,8.3046,0
0.8500,2102157,0.733765,-0.674011,-0.082397,0.022278,5.2148,8.3005,0
0.8600,2102167,0.733765,-0.674072,-0.082031,0.022583,5.1600,8.2977,0
0.8700,2102177,0.733582,-0.674255,-0.081665,0.022827,5.1080,8.2904,0
0.8800,2102187,0.733276,-0.674683,-0.081238,0.023071,5.0490,8.2802,0
0.8900,2102197,0.732910,-0.675110,-0.080872,0.023376,4.9899,8.2797,0
0.9000,2102207,0.732666,-0.675415,-0.080505,0.023682,4.9322,8.2784,0
0.9100,2102217,0.732544,-0.675537,-0.080200,0.024048,4.8766,8.2858,0
0.9200,2102227,0.732544,-0.675598,-0.079895,0.024414,4.8223,8.2929,0
0.9300,2102237,0.732544,-0.675598,-0.079590,0.024780,4.7681,8.2994,0
0.9400,2102247,0.732483,-0.675659,-0.079163,0.025146,4.7029,8.2967,0
0.9500,2102257,0.732422,-0.675842,-0.078735,0.025391,4.6469,8.2847,0
0.9600,2102267,0.732361,-0.675964,-0.078186,0.025574,4.5855,8.2574,0
0.9700,2102277,0.732300,-0.676086,-0.077576,0.025696,4.5237,8.2200,0
0.9800,2102287,0.732239,-0.676208,-0.076904,0.025818,4.4568,8.1779,0
0.9900,2102297,0.732239,-0.676270,-0.076172,0.025818,4.3950,8.1202,0
1.0000,2102307,0.732239,-0.676392,-0.075439,0.025818,4.3330,8.0631,0
1.0100,2102317,0.732361,-0.676331,-0.074036,0.025818,4.2161,7.9515,0
1.0200,2102327,0.732544,-0.676270,-0.073364,0.025757,4.1661,7.8932,0
1.0300,2102337,0.732727,-0.676147,-0.072693,0.025757,4.1115,7.8395,0
1.0400,2102347,0.732910,-0.676025,-0.072021,0.025696,4.0616,7.7807,0
1.0500,2102357,0.733032,-0.675964,-0.071289,0.025574,4.0106,7.7123,0
1.0600,2102367,0.733032,-0.676025,-0.070557,0.025574,3.9487,7.6548,0
1.0700,2102377,0.733032,-0.676147,-0.069824,0.025574,3.8867,7.5979,0
1.0800,2102387,0.733093,-0.676147,-0.069092,0.025635,3.8208,7.5453,0
1.0900,2102397,0.733154,-0.676086,-0.068481,0.025879,3.7511,7.5173,0
1.1000,2102407,0.733459,-0.675781,-0.067993,0.026184,3.6896,7.5030,0
1.1100,2102417,0.733887,-0.675415,-0.067627,0.026550,3.6348,7.5034,0
1.1200,2102427,0.734253,-0.674988,-0.067261,0.026978,3.5749,7.5084,0
1.1300,2102437,0.734558,-0.674683,-0.066956,0.027405,3.5194,7.5190,0
1.1400,2102447,0.734680,-0.674561,-0.066711,0.027832,3.4670,7.5353,0
1.1500,2102457,0.734558,-0.674683,-0.066406,0.028198,3.4116,7.5427,0
1.1600,2102467,0.734375,-0.674927,-0.066162,0.028625,3.3557,7.5608,0
1.1700,2102477,0.734192,-0.675110,-0.065918,0.028992,3.3048,7.5733,0
1.1800,2102487,0.734009,-0.675293,-0.065613,0.029480,3.2393,7.5912,0
1.1900,2102497,0.733887,-0.675476,-0.065186,0.029907,3.1686,7.5945,0
1.2000,2102507,0.733765,-0.675598,-0.064758,0.030334,3.0982,7.5974,0
1.2100,2102517,0.733704,-0.675720,-0.064392,0.030701,3.0381,7.6001,0
1.2200,2102527,0.733643,-0.675781,-0.064087,0.031067,2.9833,7.6072,0
1.2300,2102537,0.733643,-0.675842,-0.063721,0.031311,2.9333,7.5994,0
1.2400,2102547,0.733582,-0.675903,-0.063354,0.031494,2.8876,7.5862,0
1.2500,2102557,0.733643,-0.675842,-0.062988,0.031677,2.8433,7.5726,0
1.2600,2102567,0.733765,-0.675720,-0.062683,0.031860,2.8047,7.5636,0
1.2700,2102577,0.734070,-0.675476,-0.062073,0.032104,2.7375,7.5355,0
1.2800,2102587,0.734009,-0.675537,-0.061829,0.032288,2.7021,7.5320,0
1.2900,2102597,0.733765,-0.675781,-0.061523,0.032410,2.6643,7.5191,0
1.3000,2102607,0.733398,-0.676208,-0.061279,0.032593,2.6254,7.5170,0
1.3100,2102617,0.733093,-0.676636,-0.061035,0.032776,2.5869,7.5150,0
1.3200,2102627,0.732849,-0.676819,-0.060791,0.033020,2.5450,7.5167,0
1.3300,2102637,0.732849,-0.676880,-0.060608,0.033325,2.5057,7.5285,0
1.3400,2102647,0.732910,-0.676819,-0.060486,0.033630,2.4724,7.5444,0
1.3500,2102657,0.732910,-0.676758,-0.060425,0.033936,2.4438,7.5649,0
1.3600,2102667,0.732910,-0.676819,-0.060303,0.034180,2.4144,7.5763,0
1.3700,2102677,0.732910,-0.676819,-0.060120,0.034302,2.3895,7.5722,0
1.3800,2102687,0.732849,-0.676880,-0.059937,0.034485,2.3592,7.5734,0
1.3900,2102697,0.732788,-0.676880,-0.059753,0.034729,2.3245,7.5793,0
1.4000,2102707,0.732788,-0.676941,-0.059570,0.034912,2.2946,7.5807,0
1.4100,2102717,0.732788,-0.677002,-0.059387,0.035095,2.2648,7.5822,0
1.4200,2102727,0.732666,-0.677063,-0.059204,0.035278,2.2341,7.5831,0
1.4300,2102737,0.732666,-0.677063,-0.059082,0.035400,2.2144,7.5838,0
1.4400,2102747,0.732666,-0.677063,-0.058960,0.035522,2.1946,7.5845,0
1.4500,2102757,0.732666,-0.677063,-0.058838,0.035645,2.1749,7.5852,0
1.4600,2102767,0.732666,-0.677063,-0.058716,0.035767,2.1552,7.5859,0
1.4700,2102777,0.732727,-0.677063,-0.058655,0.035828,2.1457,7.5865,0
1.4800,2102787,0.732727,-0.677063,-0.058594,0.035889,2.1358,7.5868,0
1.4900,2102797,0.732605,-0.677124,-0.058594,0.035889,2.1348,7.5867,0
1.5000,2102807,0.732483,-0.677368,-0.058533,0.035950,2.1231,7.5882,0
1.5100,2102817,0.732239,-0.677612,-0.058533,0.035950,2.1204,7.5888,0
1.5200,2102827,0.731873,-0.677979,-0.058289,0.036133,2.0817,7.5859,0
1.5300,2102837,0.731812,-0.678040,-0.058167,0.036316,2.0566,7.5919,0
1.5400,2102847,0.731812,-0.678040,-0.057983,0.036499,2.0270,7.5929,0
1.5500,2102857,0.731812,-0.678101,-0.057800,0.036621,2.0019,7.5892,0
1.5600,2102867,0.731812,-0.678101,-0.057556,0.036743,1.9719,7.5802,0
1.5700,2102877,0.731812,-0.678101,-0.057373,0.036804,1.9518,7.5709,0
1.5800,2102887,0.731873,-0.678040,-0.057129,0.036865,1.9272,7.5567,0
1.5900,2102897,0.731812,-0.678101,-0.056946,0.036804,1.9159,7.5373,0
1.6000,2102907,0.731750,-0.678223,-0.056702,0.036804,1.8945,7.5186,0
1.6100,2102917,0.731689,-0.678284,-0.056519,0.036743,1.8833,7.4991,0
1.6200,2102927,0.731750,-0.678284,-0.056396,0.036743,1.8734,7.4898,0
1.6300,2102937,0.731812,-0.678162,-0.056274,0.036743,1.8641,7.4796,0
1.6400,2102947,0.731873,-0.678101,-0.056274,0.036743,1.8647,7.4795,0
1.6500,2102957,0.731934,-0.678040,-0.056213,0.036804,1.8555,7.4797,0
1.6600,2102967,0.732056,-0.677979,-0.056152,0.036804,1.8515,7.4750,0
1.6700,2102977,0.732056,-0.677917,-0.056091,0.036865,1.8418,7.4749,0
1.6800,2102987,0.732056,-0.677917,-0.056030,0.037048,1.8225,7.4856,0
1.6900,2102997,0.732117,-0.677856,-0.055969,0.037354,1.7943,7.5064,0
1.7000,2103007,0.732117,-0.677856,-0.055908,0.037659,1.7655,7.5273,0
1.7100,2103017,0.732056,-0.677917,-0.055786,0.038025,1.7261,7.5487,0
1.7200,2103027,0.732056,-0.677856,-0.055664,0.038452,1.6829,7.5748,0
1.7300,2103037,0.732056,-0.677856,-0.055542,0.038879,1.6395,7.6012,0
1.7400,2103047,0.732056,-0.677856,-0.055542,0.039246,1.6110,7.6321,0
1.7500,2103057,0.732117,-0.677795,-0.055603,0.039490,1.5978,7.6574,0
1.7600,2103067,0.732178,-0.677673,-0.055664,0.039795,1.5802,7.6874,0
1.7700,2103077,0.732117,-0.677734,-0.055786,0.040222,1.5566,7.7332,0
1.7800,2103087,0.731995,-0.677856,-0.055786,0.040344,1.5457,7.7437,0
1.7900,2103097,0.731812,-0.678040,-0.055786,0.040527,1.5295,7.7595,0
1.8000,2103107,0.731628,-0.678162,-0.055725,0.040710,1.5084,7.7701,0
1.8100,2103117,0.731567,-0.678284,-0.055664,0.040955,1.4833,7.7863,0
1.8200,2103127,0.731506,-0.678345,-0.055603,0.041260,1.4538,7.8074,0
1.8300,2103137,0.731506,-0.678345,-0.055481,0.041504,1.4246,7.8184,0
1.8400,2103147,0.731506,-0.678284,-0.055359,0.041748,1.3957,7.8290,0
1.8500,2103157,0.731567,-0.678284,-0.055237,0.041870,1.3763,7.8299,0
1.8600,2103167,0.731567,-0.678223,-0.055176,0.041992,1.3620,7.8351,0
1.8700,2103177,0.731567,-0.678223,-0.055115,0.041992,1.3569,7.8302,0
1.8800,2103187,0.731567,-0.678284,-0.055054,0.042053,1.3467,7.8310,0
1.8900,2103197,0.731506,-0.678284,-0.054932,0.042053,1.3361,7.8211,0
1.9000,2103207,0.731506,-0.678345,-0.054871,0.041992,1.3355,7.8115,0
1.9100,2103217,0.731506,-0.678345,-0.054749,0.041931,1.3300,7.7967,0
1.9200,2103227,0.731506,-0.678345,-0.054687,0.041931,1.3249,7.7919,0
1.9300,2103237,0.731567,-0.678284,-0.054626,0.041992,1.3157,7.7922,0
1.9400,2103247,0.731628,-0.678223,-0.054565,0.041992,1.3112,7.7873,0
1.9500,2103257,0.731689,-0.678162,-0.054504,0.042114,1.2973,7.7927,0
1.9600,2103267,0.731750,-0.678101,-0.054382,0.042175,1.2830,7.7882,0
1.9700,2103277,0.731750,-0.678101,-0.054321,0.042297,1.2684,7.7937,0
1.9800,2103287,0.731750,-0.678101,-0.054260,0.042419,1.2538,7.7992,0
1.9900,2103297,0.731750,-0.678101,-0.054260,0.042603,1.2395,7.8146,0
2.0000,2103307,0.731750,-0.678101,-0.054321,0.042664,1.2399,7.8246,0
2.0100,2103317,0.731689,-0.678101,-0.054382,0.042786,1.2352,7.8394,0
2.0200,2103327,0.731689,-0.678101,-0.054443,0.042908,1.2308,7.8545,0
2.0300,2103337,0.731812,-0.677979,-0.054504,0.043152,1.2183,7.8798,0
2.0400,2103347,0.731873,-0.677917,-0.054504,0.043213,1.2142,7.8848,0
2.0500,2103357,0.731873,-0.677856,-0.054443,0.043335,1.1999,7.8900,0
2.0600,2103367,0.731873,-0.677856,-0.054321,0.043396,1.1850,7.8855,0
2.0700,2103377,0.731873,-0.677917,-0.054138,0.043396,1.1693,7.8715,0
2.0800,2103387,0.731873,-0.677917,-0.053955,0.043396,1.1539,7.8571,0
2.0900,2103397,0.731812,-0.677979,-0.053772,0.043335,1.1426,7.8376,0
2.1000,2103407,0.731750,-0.678101,-0.053589,0.043335,1.1263,7.8236,0
2.1100,2103417,0.731628,-0.678284,-0.053345,0.043274,1.1089,7.7998,0
2.1200,2103427,0.731506,-0.678345,-0.053040,0.043274,1.0823,7.7755,0
2.1300,2103437,0.731506,-0.678345,-0.052856,0.043335,1.0622,7.7663,0
2.1400,2103447,0.731567,-0.678345,-0.052612,0.043396,1.0373,7.7525,0
2.1500,2103457,0.731567,-0.678345,-0.052429,0.043457,1.0172,7.7433,0
2.1600,2103467,0.731567,-0.678345,-0.052307,0.043579,0.9975,7.7440,0
2.1700,2103477,0.731567,-0.678406,-0.052185,0.043701,0.9775,7.7451,0
2.1800,2103487,0.731567,-0.678345,-0.052063,0.043823,0.9581,7.7454,0
2.1900,2103497,0.731567,-0.678345,-0.051941,0.043945,0.9383,7.7461,0
2.2000,2103507,0.731628,-0.678345,-0.051819,0.044128,0.9142,7.7523,0
2.2100,2103517,0.731506,-0.678406,-0.051758,0.044373,0.8891,7.7678,0
2.2200,2103527,0.731323,-0.678589,-0.051636,0.044556,0.8626,7.7739,0
2.2300,2103537,0.731079,-0.678833,-0.051575,0.044800,0.8358,7.7899,0
2.2400,2103547,0.730896,-0.679077,-0.051514,0.045044,0.8094,7.8061,0
2.2500,2103557,0.730774,-0.679199,-0.051453,0.045288,0.7839,7.8220,0
2.2600,2103567,0.730713,-0.679199,-0.051392,0.045532,0.7594,7.8375,0
2.2700,2103577,0.730835,-0.679077,-0.051392,0.045776,0.7418,7.8580,0
2.2800,2103587,0.731018,-0.678833,-0.051331,0.045959,0.7248,7.8682,0
2.2900,2103597,0.731079,-0.678833,-0.051331,0.045959,0.7251,7.8685,0
2.3000,2103607,0.731079,-0.678833,-0.051270,0.045959,0.7200,7.8637,0
2.3100,2103617,0.731018,-0.678894,-0.051147,0.045898,0.7139,7.8490,0
2.3200,2103627,0.730957,-0.678955,-0.051025,0.045837,0.7077,7.8343,0
2.3300,2103637,0.730957,-0.678955,-0.050903,0.045776,0.7022,7.8195,0
2.3400,2103647,0.730957,-0.678955,-0.050781,0.045715,0.6968,7.8048,0
2.3500,2103657,0.731018,-0.678894,-0.050720,0.045715,0.6923,7.8000,0
2.3600,2103667,0.731140,-0.678833,-0.050659,0.045776,0.6835,7.8006,0
2.3700,2103677,0.731262,-0.678711,-0.050720,0.045776,0.6900,7.8053,0
2.3800,2103687,0.731384,-0.678528,-0.050842,0.045837,0.6971,7.8197,0
2.3900,2103697,0.731506,-0.678345,-0.050964,0.045898,0.7043,7.8340,0
2.4000,2103707,0.731628,-0.678284,-0.051086,0.045959,0.7108,7.8490,0
2.4100,2103717,0.731567,-0.678284,-0.051086,0.046021,0.7057,7.8539,0
2.4200,2103727,0.731567,-0.678284,-0.051086,0.046082,0.7010,7.8590,0
2.4300,2103737,0.731506,-0.678345,-0.051086,0.046082,0.7003,7.8590,0
2.4400,2103747,0.731445,-0.678467,-0.051086,0.046143,0.6945,7.8646,0
2.4500,2103757,0.731323,-0.678528,-0.051025,0.046143,0.6884,7.8595,0
2.4600,2103767,0.731262,-0.678650,-0.051025,0.046082,0.6921,7.8547,0
2.4700,2103777,0.731201,-0.678711,-0.051025,0.046021,0.6962,7.8496,0
2.4800,2103787,0.731201,-0.678711,-0.051025,0.045837,0.7104,7.8342,0
2.4900,2103797,0.731262,-0.678650,-0.051086,0.045654,0.7305,7.8235,0
2.5000,2103807,0.731384,-0.678528,-0.051147,0.045471,0.7512,7.8127,0
2.5100,2103817,0.731445,-0.678467,-0.051147,0.045288,0.7661,7.7972,0
2.5200,2103827,0.731506,-0.678467,-0.051147,0.045105,0.7807,7.7821,0
2.5300,2103837,0.731323,-0.678589,-0.051086,0.044861,0.7928,7.7564,0
2.5400,2103847,0.731262,-0.678711,-0.051025,0.044800,0.7915,7.7469,0
2.5500,2103857,0.731262,-0.678711,-0.050964,0.044861,0.7816,7.7472,0
2.5600,2103867,0.731262,-0.678711,-0.050903,0.044922,0.7718,7.7476,0
2.5700,2103877,0.731262,-0.678711,-0.050842,0.045105,0.7524,7.7582,0
2.5800,2103887,0.731262,-0.678650,-0.050842,0.045349,0.7337,7.7785,0
2.5900,2103897,0.731323,-0.678589,-0.050842,0.045532,0.7202,7.7939,0
2.6000,2103907,0.731384,-0.678528,-0.050903,0.045776,0.7070,7.8193,0
2.6100,2103917,0.731384,-0.678467,-0.051086,0.045959,0.7084,7.8488,0
2.6200,2103927,0.731384,-0.678467,-0.051208,0.046143,0.7044,7.8739,0
2.6300,2103937,0.731262,-0.678589,-0.051331,0.046265,0.7038,7.8939,0
2.6400,2103947,0.731140,-0.678711,-0.051331,0.046387,0.6929,7.9042,0
2.6500,2103957,0.731018,-0.678894,-0.051270,0.046448,0.6814,7.9050,0
2.6600,2103967,0.730896,-0.678955,-0.051208,0.046509,0.6705,7.9051,0
2.6700,2103977,0.730896,-0.679016,-0.051147,0.046570,0.6603,7.9058,0
2.6800,2103987,0.730896,-0.678955,-0.051086,0.046570,0.6555,7.9006,0
2.6900,2103997,0.730957,-0.678955,-0.051025,0.046631,0.6460,7.9013,0
2.7000,2104007,0.730957,-0.678894,-0.051025,0.046631,0.6463,7.9009,0
2.7100,2104017,0.731018,-0.678894,-0.051025,0.046692,0.6419,7.9064,0
2.7200,2104027,0.731018,-0.678833,-0.050964,0.046692,0.6371,7.9013,0
2.7300,2104037,0.731018,-0.678833,-0.050842,0.046631,0.6316,7.8865,0
2.7400,2104047,0.731018,-0.678894,-0.050781,0.046570,0.6310,7.8769,0
2.7500,2104057,0.730957,-0.678955,-0.050598,0.046509,0.6197,7.8574,0
2.7600,2104067,0.730957,-0.678955,-0.050476,0.046509,0.6095,7.8478,0
2.7700,2104077,0.730957,-0.679016,-0.050354,0.046509,0.5989,7.8385,0
2.7800,2104087,0.730957,-0.678955,-0.050171,0.046509,0.5839,7.8238,0
2.7900,2104097,0.731079,-0.678894,-0.049866,0.046631,0.5499,7.8104,0
2.8000,2104107,0.731018,-0.678894,-0.049744,0.046692,0.5345,7.8056,0
2.8100,2104117,0.731018,-0.678894,-0.049622,0.046692,0.5243,7.7960,0
2.8200,2104127,0.731018,-0.678894,-0.049561,0.046753,0.5145,7.7964,0
2.8300,2104137,0.731018,-0.678894,-0.049500,0.046753,0.5093,7.7916,0
2.8400,2104147,0.731079,-0.678894,-0.049438,0.046692,0.5093,7.7819,0
2.8500,2104157,0.731079,-0.678894,-0.049377,0.046692,0.5042,7.7771,0
2.8600,2104167,0.731079,-0.678955,-0.049255,0.046631,0.4984,7.7627,0
2.8700,2104177,0.731079,-0.678894,-0.049194,0.046631,0.4936,7.7576,0
2.8800,2104187,0.731201,-0.678833,-0.049133,0.046570,0.4943,7.7479,0
2.8900,2104197,0.731262,-0.678772,-0.049072,0.046570,0.4898,7.7431,0
2.9000,2104207,0.731323,-0.678650,-0.049011,0.046509,0.4904,7.7328,0
2.9100,2104217,0.731384,-0.678589,-0.048889,0.046509,0.4809,7.7232,0
2.9200,2104227,0.731384,-0.678589,-0.048767,0.046570,0.4659,7.7188,0
2.9300,2104237,0.731384,-0.678589,-0.048584,0.046570,0.4506,7.7044,0
2.9400,2104247,0.731323,-0.678711,-0.048462,0.046570,0.4393,7.6952,0
2.9500,2104257,0.731262,-0.678772,-0.048401,0.046570,0.4336,7.6904,0
2.9600,2104267,0.731201,-0.678894,-0.048340,0.046509,0.4322,7.6808,0
2.9700,2104277,0.731140,-0.678955,-0.048279,0.046509,0.4264,7.6760,0
2.9800,2104287,0.731140,-0.678894,-0.048218,0.046509,0.4216,7.6709,0
2.9900,2104297,0.731201,-0.678894,-0.048218,0.046509,0.4220,7.6712,0
3.0000,2104307,0.731323,-0.678772,-0.048157,0.046570,0.4134,7.6715,0
3.0100,2104317,0.731384,-0.678650,-0.048157,0.046631,0.4097,7.6763,0
3.0200,2104327,0.731445,-0.678589,-0.048157,0.046692,0.4056,7.6815,0
3.0300,2104337,0.731506,-0.678528,-0.048218,0.046753,0.4066,7.6914,0
3.0400,2104347,0.731262,-0.678711,-0.048279,0.046997,0.3904,7.7165,0
3.0500,2104357,0.731140,-0.678833,-0.048279,0.047119,0.3796,7.7269,0
3.0600,2104367,0.731079,-0.678955,-0.048279,0.047241,0.3691,7.7375,0
3.0700,2104377,0.731079,-0.678955,-0.048279,0.047424,0.3549,7.7530,0
3.0800,2104387,0.731079,-0.678894,-0.048279,0.047546,0.3457,7.7630,0
3.0900,2104397,0.731079,-0.678894,-0.048340,0.047668,0.3413,7.7781,0
3.1000,2104407,0.731018,-0.678955,-0.048401,0.047729,0.3410,7.7880,0
3.1100,2104417,0.730957,-0.679016,-0.048462,0.047729,0.3454,7.7928,0
3.1200,2104427,0.730835,-0.679138,-0.048462,0.047729,0.3441,7.7928,0
3.1300,2104437,0.730774,-0.679260,-0.048462,0.047729,0.3431,7.7932,0
3.1400,2104447,0.730713,-0.679260,-0.048401,0.047729,0.3376,7.7881,0
3.1500,2104457,0.730774,-0.679260,-0.048401,0.047729,0.3380,7.7884,0
3.1600,2104467,0.730774,-0.679199,-0.048340,0.047791,0.3284,7.7884,0
3.1700,2104477,0.730835,-0.679138,-0.048218,0.047852,0.3141,7.7840,0
3.1800,2104487,0.730835,-0.679199,-0.048096,0.047852,0.3036,7.7747,0
3.1900,2104497,0.730774,-0.679199,-0.047974,0.047852,0.2930,7.7648,0
3.2000,2104507,0.730713,-0.679321,-0.047913,0.047791,0.2917,7.7552,0
3.2100,2104517,0.730591,-0.679443,-0.047913,0.047791,0.2903,7.7552,0
3.2200,2104527,0.730469,-0.679565,-0.047913,0.047791,0.2890,7.7552,0
3.2300,2104537,0.730408,-0.679626,-0.047913,0.047791,0.2883,7.7552,0
3.2400,2104547,0.730408,-0.679626,-0.047974,0.047852,0.2887,7.7651,0
3.2500,2104557,0.730408,-0.679626,-0.048035,0.047913,0.2890,7.7751,0
3.2600,2104567,0.730469,-0.679565,-0.048096,0.047974,0.2901,7.7850,0
3.2700,2104577,0.730530,-0.679443,-0.048157,0.048096,0.2867,7.7998,0
3.2800,2104587,0.730591,-0.679382,-0.048218,0.048096,0.2924,7.8046,0
3.2900,2104597,0.730530,-0.679443,-0.048218,0.048096,0.2918,7.8046,0
3.3000,2104607,0.730469,-0.679565,-0.048218,0.048096,0.2908,7.8049,0
3.3100,2104617,0.730408,-0.679626,-0.048218,0.048096,0.2901,7.8049,0
3.3200,2104627,0.730347,-0.679687,-0.048218,0.048096,0.2894,7.8049,0
3.3300,2104637,0.730286,-0.679687,-0.048218,0.048096,0.2891,7.8046,0
3.3400,2104647,0.730225,-0.679810,-0.048279,0.048096,0.2932,7.8097,0
3.3500,2104657,0.730225,-0.679810,-0.048218,0.048035,0.2928,7.7998,0
3.3600,2104667,0.730225,-0.679810,-0.048157,0.048035,0.2877,7.7950,0
3.3700,2104677,0.730347,-0.679749,-0.048096,0.047974,0.2884,7.7854,0
3.3800,2104687,0.730408,-0.679626,-0.048035,0.047913,0.2890,7.7751,0
3.3900,2104697,0.730469,-0.679565,-0.047913,0.047791,0.2890,7.7552,0
3.4000,2104707,0.730469,-0.679565,-0.047791,0.047729,0.2835,7.7404,0
3.4100,2104717,0.730469,-0.679626,-0.047729,0.047607,0.2876,7.7256,0
3.4200,2104727,0.730469,-0.679626,-0.047607,0.047485,0.2869,7.7057,0
3.4300,2104737,0.730469,-0.679687,-0.047546,0.047424,0.2862,7.6961,0
3.4400,2104747,0.730408,-0.679749,-0.047485,0.047363,0.2852,7.6862,0
3.4500,2104757,0.730286,-0.679810,-0.047424,0.047302,0.2838,7.6759,0
3.4600,2104767,0.730225,-0.679871,-0.047424,0.047302,0.2832,7.6759,0
3.4700,2104777,0.730225,-0.679871,-0.047363,0.047363,0.2733,7.6762,0
3.4800,2104787,0.730225,-0.679871,-0.047302,0.047424,0.2634,7.6766,0
3.4900,2104797,0.730286,-0.679810,-0.047241,0.047485,0.2542,7.6769,0
3.5000,2104807,0.730408,-0.679749,-0.047241,0.047668,0.2410,7.6927,0
3.5100,2104817,0.730408,-0.679687,-0.047241,0.047729,0.2365,7.6975,0
3.5200,2104827,0.730408,-0.679687,-0.047302,0.047791,0.2369,7.7075,0
3.5300,2104837,0.730347,-0.679749,-0.047363,0.047852,0.2366,7.7174,0
3.5400,2104847,0.730286,-0.679810,-0.047363,0.047852,0.2359,7.7174,0
3.5500,2104857,0.730225,-0.679871,-0.047363,0.047852,0.2353,7.7174,0
3.5600,2104867,0.730225,-0.679871,-0.047363,0.047852,0.2353,7.7174,0
3.5700,2104877,0.730225,-0.679871,-0.047424,0.047791,0.2451,7.7171,0
3.5800,2104887,0.730286,-0.679871,-0.047485,0.047729,0.2553,7.7171,0
3.5900,2104897,0.730286,-0.679871,-0.047485,0.047668,0.2601,7.7119,0
3.6000,2104907,0.730286,-0.679871,-0.047546,0.047668,0.2652,7.7167,0
3.6100,2104917,0.730286,-0.679810,-0.047607,0.047607,0.2754,7.7160,0
3.6200,2104927,0.730286,-0.679810,-0.047607,0.047607,0.2754,7.7160,0
3.6300,2104937,0.730286,-0.679810,-0.047607,0.047607,0.2754,7.7160,0
3.6400,2104947,0.730286,-0.679810,-0.047607,0.047607,0.2754,7.7160,0
3.6500,2104957,0.730286,-0.679810,-0.047607,0.047607,0.2754,7.7160,0
3.6600,2104967,0.730286,-0.679810,-0.047607,0.047607,0.2754,7.7160,0
3.6700,2104977,0.730286,-0.679810,-0.047607,0.047607,0.2754,7.7160,0
3.6800,2104987,0.730286,-0.679810,-0.047607,0.047607,0.2754,7.7160,0
3.6900,2104997,0.730286,-0.679810,-0.047607,0.047607,0.2754,7.7160,0
3.7000,2105007,0.730286,-0.679810,-0.047668,0.047546,0.2852,7.7157,0
3.7100,2105017,0.730286,-0.679810,-0.047729,0.047546,0.2903,7.7205,0
3.7200,2105027,0.730286,-0.679749,-0.047913,0.047485,0.3107,7.7294,0
3.7300,2105037,0.730408,-0.679687,-0.048035,0.047485,0.3220,7.7393,0
3.7400,2105047,0.730530,-0.679565,-0.048096,0.047546,0.3237,7.7493,0
3.7500,2105057,0.730591,-0.679443,-0.048096,0.047607,0.3199,7.7541,0
3.7600,2105067,0.730591,-0.679443,-0.048096,0.047668,0.3152,7.7593,0
3.7700,2105077,0.730530,-0.679504,-0.048035,0.047729,0.3046,7.7596,0
3.7800,2105087,0.730408,-0.679626,-0.047974,0.047729,0.2982,7.7548,0
3.7900,2105097,0.730286,-0.679749,-0.047974,0.047729,0.2968,7.7548,0
3.8000,2105107,0.730225,-0.679871,-0.047974,0.047607,0.3053,7.7448,0
3.8100,2105117,0.730286,-0.679810,-0.047974,0.047485,0.3155,7.7345,0
3.8200,2105127,0.730347,-0.679749,-0.047913,0.047424,0.3158,7.7246,0
3.8300,2105137,0.730347,-0.679687,-0.047913,0.047302,0.3257,7.7140,0
3.8400,2105147,0.730408,-0.679687,-0.047913,0.047241,0.3308,7.7091,0
3.8500,2105157,0.730408,-0.679749,-0.047852,0.047180,0.3301,7.6995,0
3.8600,2105167,0.730408,-0.679749,-0.047852,0.047180,0.3301,7.6995,0
3.8700,2105177,0.730408,-0.679749,-0.047729,0.047180,0.3199,7.6899,0
3.8800,2105187,0.730469,-0.679626,-0.047607,0.047302,0.3011,7.6903,0
3.8900,2105197,0.730530,-0.679565,-0.047546,0.047363,0.2919,7.6906,0
3.9000,2105207,0.730591,-0.679504,-0.047424,0.047546,0.2681,7.6965,0
3.9100,2105217,0.730591,-0.679504,-0.047302,0.047668,0.2484,7.6972,0
3.9200,2105227,0.730469,-0.679626,-0.047180,0.047729,0.2321,7.6927,0
3.9300,2105237,0.730408,-0.679749,-0.047119,0.047852,0.2165,7.6986,0
3.9400,2105247,0.730347,-0.679810,-0.047058,0.047913,0.2060,7.6989,0
3.9500,2105257,0.730347,-0.679810,-0.046997,0.047974,0.1961,7.6993,0
3.9600,2105267,0.730347,-0.679810,-0.046997,0.047974,0.1961,7.6993,0
3.9700,2105277,0.730347,-0.679810,-0.046997,0.047974,0.1961,7.6993,0
3.9800,2105287,0.730347,-0.679810,-0.046997,0.047974,0.1961,7.6993,0
3.9900,2105297,0.730347,-0.679810,-0.046936,0.047913,0.1957,7.6893,0
4.0000,2105307,0.730347,-0.679810,-0.046875,0.047852,0.1954,7.6794,0
4.0100,2105317,0.730347,-0.679810,-0.046814,0.047791,0.1950,7.6694,0
4.0200,2105327,0.730347,-0.679810,-0.046753,0.047791,0.1899,7.6646,0
4.0300,2105337,0.730347,-0.679810,-0.046692,0.047852,0.1801,7.6650,0
4.0400,2105347,0.730347,-0.679810,-0.046631,0.047974,0.1654,7.6705,0
4.0500,2105357,0.730347,-0.679810,-0.046448,0.048157,0.1359,7.6715,0
4.0600,2105367,0.730286,-0.679871,-0.046326,0.048157,0.1250,7.6619,0
4.0700,2105377,0.730225,-0.679932,-0.046326,0.048218,0.1196,7.6671,0
4.0800,2105387,0.730225,-0.679932,-0.046326,0.048218,0.1196,7.6671,0
4.0900,2105397,0.730286,-0.679871,-0.046326,0.048218,0.1202,7.6671,0
4.1000,2105407,0.730347,-0.679810,-0.046265,0.048218,0.1158,7.6623,0
4.1100,2105417,0.730408,-0.679749,-0.046265,0.048218,0.1164,7.6623,0
4.1200,2105427,0.730408,-0.679749,-0.046265,0.048218,0.1164,7.6623,0
4.1300,2105437,0.730408,-0.679749,-0.046265,0.048157,0.1212,7.6572,0
4.1400,2105447,0.730408,-0.679749,-0.046143,0.048157,0.1110,7.6476,0
4.1500,2105457,0.730408,-0.679749,-0.046021,0.048157,0.1008,7.6380,0
4.1600,2105467,0.730347,-0.679810,-0.045898,0.048157,0.0899,7.6283,0
4.1700,2105477,0.730347,-0.679810,-0.045898,0.048157,0.0899,7.6283,0
4.1800,2105487,0.730347,-0.679810,-0.045837,0.048218,0.0800,7.6287,0
4.1900,2105497,0.730347,-0.679810,-0.045837,0.048279,0.0753,7.6339,0
4.2000,2105507,0.730347,-0.679810,-0.045837,0.048340,0.0705,7.6390,0
4.2100,2105517,0.730347,-0.679810,-0.045837,0.048462,0.0610,7.6493,0
4.2200,2105527,0.730286,-0.679871,-0.045837,0.048584,0.0508,7.6596,0
4.2300,2105537,0.730225,-0.679932,-0.045898,0.048706,0.0458,7.6747,0
4.2400,2105547,0.730225,-0.679932,-0.045898,0.048828,0.0363,7.6850,0
4.2500,2105557,0.730225,-0.679932,-0.045959,0.048950,0.0319,7.7001,0
4.2600,2105567,0.730225,-0.679871,-0.045959,0.049072,0.0227,7.7101,0
4.2700,2105577,0.730225,-0.679871,-0.045898,0.049072,0.0176,7.7053,0
4.2800,2105587,0.730225,-0.679871,-0.045898,0.049072,0.0176,7.7053,0
4.2900,2105597,0.730225,-0.679871,-0.045898,0.049072,0.0176,7.7053,0
4.3000,2105607,0.730225,-0.679871,-0.045898,0.049072,0.0176,7.7053,0
4.3100,2105617,0.730408,-0.679687,-0.045837,0.048950,0.0240,7.6902,0
4.3200,2105627,0.730591,-0.679565,-0.045776,0.048828,0.0300,7.6755,0
4.3300,2105637,0.730652,-0.679443,-0.045715,0.048828,0.0259,7.6704,0
4.3400,2105647,0.730713,-0.679443,-0.045654,0.048706,0.0306,7.6557,0
4.3500,2105657,0.730713,-0.679443,-0.045532,0.048706,0.0204,7.6461,0
4.3600,2105667,0.730652,-0.679504,-0.045410,0.048706,0.0095,7.6365,0
4.3700,2105677,0.730530,-0.679626,-0.045288,0.048706,-0.0020,7.6268,0
4.3800,2105687,0.730530,-0.679626,-0.045227,0.048767,-0.0119,7.6272,0
4.3900,2105697,0.730591,-0.679565,-0.045227,0.048828,-0.0160,7.6324,0
4.4000,2105707,0.730713,-0.679382,-0.045288,0.048950,-0.0187,7.6472,0
4.4100,2105717,0.730835,-0.679260,-0.045410,0.049072,-0.0167,7.6672,0
4.4200,2105727,0.730896,-0.679199,-0.045471,0.049133,-0.0157,7.6771,0
4.4300,2105737,0.730835,-0.679260,-0.045532,0.049194,-0.0160,7.6871,0
4.4400,2105747,0.730713,-0.679443,-0.045593,0.049194,-0.0125,7.6921,0
4.4500,2105757,0.730591,-0.679565,-0.045593,0.049194,-0.0138,7.6921,0
4.4600,2105767,0.730530,-0.679565,-0.045593,0.049133,-0.0094,7.6866,0
4.4700,2105777,0.730530,-0.679565,-0.045593,0.049133,-0.0094,7.6866,0
4.4800,2105787,0.730530,-0.679565,-0.045593,0.049194,-0.0142,7.6917,0
4.4900,2105797,0.730530,-0.679565,-0.045654,0.049255,-0.0138,7.7017,0
4.5000,2105807,0.730591,-0.679504,-0.045654,0.049255,-0.0131,7.7017,0
4.5100,2105817,0.730652,-0.679443,-0.045654,0.049255,-0.0125,7.7017,0
4.5200,2105827,0.730713,-0.679382,-0.045654,0.049255,-0.0118,7.7018,0
4.5300,2105837,0.730774,-0.679321,-0.045654,0.049255,-0.0111,7.7018,0
4.5400,2105847,0.730774,-0.679321,-0.045654,0.049255,-0.0111,7.7018,0
4.5500,2105857,0.730774,-0.679321,-0.045593,0.049255,-0.0163,7.6970,0
4.5600,2105867,0.730713,-0.679382,-0.045532,0.049133,-0.0125,7.6819,0
4.5700,2105877,0.730652,-0.679443,-0.045532,0.049011,-0.0037,7.6715,0
4.5800,2105887,0.730591,-0.679504,-0.045532,0.048828,0.0099,7.6560,0
4.5900,2105897,0.730652,-0.679504,-0.045532,0.048706,0.0197,7.6460,0
4.6000,2105907,0.730652,-0.679504,-0.045532,0.048584,0.0292,7.6357,0
4.6100,2105917,0.730652,-0.679504,-0.045532,0.048462,0.0387,7.6254,0
4.6200,2105927,0.730652,-0.679443,-0.045593,0.048462,0.0442,7.6299,0
4.6300,2105937,0.730713,-0.679443,-0.045593,0.048462,0.0445,7.6302,0
4.6400,2105947,0.730835,-0.679321,-0.045532,0.048462,0.0407,7.6255,0
4.6500,2105957,0.730957,-0.679199,-0.045532,0.048523,0.0373,7.6307,0
4.6600,2105967,0.731018,-0.679077,-0.045471,0.048645,0.0237,7.6359,0
4.6700,2105977,0.731079,-0.679016,-0.045410,0.048767,0.0097,7.6415,0
4.6800,2105987,0.731079,-0.679016,-0.045410,0.048950,-0.0045,7.6569,0
4.6900,2105997,0.731018,-0.679077,-0.045410,0.049072,-0.0147,7.6672,0
4.7000,2106007,0.730957,-0.679138,-0.045410,0.049133,-0.0201,7.6724,0
4.7100,2106017,0.730957,-0.679138,-0.045471,0.049133,-0.0150,7.6772,0
4.7200,2106027,0.730957,-0.679138,-0.045593,0.049133,-0.0048,7.6867,0
4.7300,2106037,0.730957,-0.679077,-0.045654,0.049072,0.0054,7.6861,0
4.7400,2106047,0.731018,-0.679077,-0.045776,0.048950,0.0255,7.6857,0
4.7500,2106057,0.731018,-0.679016,-0.045898,0.048767,0.0503,7.6795,0
4.7600,2106067,0.731018,-0.679016,-0.045959,0.048645,0.0649,7.6739,0
4.7700,2106077,0.731018,-0.679077,-0.045898,0.048462,0.0737,7.6540,0
4.7800,2106087,0.730957,-0.679138,-0.045776,0.048401,0.0676,7.6392,0
4.7900,2106097,0.730957,-0.679138,-0.045654,0.048279,0.0668,7.6193,0
4.8000,2106107,0.730957,-0.679199,-0.045593,0.048218,0.0661,7.6097,0
4.8100,2106117,0.731201,-0.678955,-0.045471,0.048279,0.0538,7.6053,0
4.8200,2106127,0.731201,-0.678955,-0.045349,0.048340,0.0388,7.6009,0
4.8300,2106137,0.731140,-0.679016,-0.045288,0.048462,0.0236,7.6064,0
4.8400,2106147,0.730957,-0.679138,-0.045227,0.048523,0.0121,7.6064,0
4.8500,2106157,0.730896,-0.679260,-0.045227,0.048584,0.0063,7.6119,0
4.8600,2106167,0.730896,-0.679260,-0.045227,0.048706,-0.0032,7.6222,0
4.8700,2106177,0.730957,-0.679199,-0.045227,0.048889,-0.0168,7.6377,0
4.8800,2106187,0.731018,-0.679077,-0.045227,0.049072,-0.0300,7.6529,0
4.8900,2106197,0.731079,-0.679016,-0.045227,0.049255,-0.0436,7.6684,0
4.9000,2106207,0.731079,-0.679016,-0.045227,0.049377,-0.0531,7.6787,0
4.9100,2106217,0.731018,-0.679077,-0.045227,0.049438,-0.0585,7.6838,0
4.9200,2106227,0.730957,-0.679138,-0.045166,0.049500,-0.0691,7.6842,0
4.9300,2106237,0.730896,-0.679199,-0.045105,0.049561,-0.0796,7.6845,0
4.9400,2106247,0.730835,-0.679260,-0.045044,0.049561,-0.0854,7.6797,0
4.9500,2106257,0.730835,-0.679260,-0.044922,0.049622,-0.1003,7.6752,0
4.9600,2106267,0.730835,-0.679260,-0.044739,0.049622,-0.1157,7.6609,0
4.9700,2106277,0.730896,-0.679260,-0.044617,0.049622,-0.1256,7.6516,0
4.9800,2106287,0.730896,-0.679260,-0.044434,0.049561,-0.1362,7.6321,0
4.9900,2106297,0.730835,-0.679321,-0.044312,0.049500,-0.1423,7.6173,0
5.0000,2106307,0.730774,-0.679382,-0.044189,0.049438,-0.1484,7.6025,0
5.0100,2106317,0.730713,-0.679443,-0.044128,0.049377,-0.1494,7.5925,0
5.0200,2106327,0.730774,-0.679443,-0.044128,0.049438,-0.1539,7.5980,0
5.0300,2106337,0.730774,-0.679382,-0.044067,0.049438,-0.1586,7.5930,0
5.0400,2106347,0.730835,-0.679321,-0.044067,0.049500,-0.1627,7.5981,0
5.0500,2106357,0.730835,-0.679321,-0.044006,0.049500,-0.1678,7.5934,0
5.0600,2106367,0.730835,-0.679321,-0.044006,0.049561,-0.1726,7.5985,0
5.0700,2106377,0.730713,-0.679443,-0.044006,0.049561,-0.1739,7.5984,0
5.0800,2106387,0.730591,-0.679565,-0.043945,0.049561,-0.1803,7.5936,0
5.0900,2106397,0.730530,-0.679687,-0.043945,0.049561,-0.1813,7.5938,0
5.1000,2106407,0.730530,-0.679687,-0.043945,0.049561,-0.1813,7.5938,0
5.1100,2106417,0.730591,-0.679565,-0.043945,0.049561,-0.1803,7.5936,0
5.1200,2106427,0.730774,-0.679443,-0.043884,0.049622,-0.1886,7.5944,0
5.1300,2106437,0.730835,-0.679321,-0.043884,0.049622,-0.1876,7.5941,0
5.1400,2106447,0.730896,-0.679260,-0.043823,0.049683,-0.1968,7.5945,0
5.1500,2106457,0.730835,-0.679382,-0.043823,0.049683,-0.1978,7.5948,0
5.1600,2106467,0.730713,-0.679504,-0.043823,0.049622,-0.1943,7.5895,0
5.1700,2106477,0.730591,-0.679626,-0.043884,0.049622,-0.1905,7.5942,0
5.1800,2106487,0.730469,-0.679687,-0.043945,0.049500,-0.1769,7.5883,0
5.1900,2106497,0.730408,-0.679810,-0.044006,0.049438,-0.1680,7.5882,0
5.2000,2106507,0.730408,-0.679810,-0.044067,0.049377,-0.1581,7.5879,0
5.2100,2106517,0.730408,-0.679810,-0.044128,0.049377,-0.1530,7.5927,0
5.2200,2106527,0.730469,-0.679749,-0.044128,0.049377,-0.1524,7.5927,0
5.2300,2106537,0.730530,-0.679687,-0.044067,0.049377,-0.1568,7.5880,0
5.2400,2106547,0.730530,-0.679687,-0.044067,0.049377,-0.1568,7.5880,0
5.2500,2106557,0.730530,-0.679687,-0.044067,0.049438,-0.1616,7.5931,0
5.2600,2106567,0.730469,-0.679749,-0.044006,0.049438,-0.1674,7.5883,0
5.2700,2106577,0.730408,-0.679810,-0.044006,0.049438,-0.1680,7.5882,0
5.2800,2106587,0.730347,-0.679871,-0.044006,0.049500,-0.1734,7.5934,0
5.2900,2106597,0.730347,-0.679871,-0.044006,0.049500,-0.1734,7.5934,0
5.3000,2106607,0.730347,-0.679871,-0.043945,0.049500,-0.1785,7.5886,0
5.3100,2106617,0.730347,-0.679810,-0.043945,0.049500,-0.1782,7.5883,0
5.3200,2106627,0.730225,-0.679932,-0.043945,0.049561,-0.1842,7.5933,0
5.3300,2106637,0.730164,-0.680054,-0.043945,0.049561,-0.1852,7.5936,0
5.3400,2106647,0.730164,-0.680054,-0.043884,0.049561,-0.1904,7.5888,0
5.3500,2106657,0.730286,-0.679932,-0.043945,0.049622,-0.1887,7.5988,0
5.3600,2106667,0.730408,-0.679749,-0.043945,0.049622,-0.1870,7.5986,0
5.3700,2106677,0.730530,-0.679626,-0.043884,0.049622,-0.1908,7.5939,0
5.3800,2106687,0.730591,-0.679565,-0.043823,0.049683,-0.2000,7.5943,0
5.3900,2106697,0.730591,-0.679626,-0.043762,0.049805,-0.2150,7.6001,0
5.4000,2106707,0.730469,-0.679687,-0.043701,0.049866,-0.2258,7.6001,0
5.4100,2106717,0.730469,-0.679687,-0.043579,0.049988,-0.2456,7.6008,0
5.4200,2106727,0.730469,-0.679687,-0.043518,0.050049,-0.2554,7.6012,0
5.4300,2106737,0.730530,-0.679626,-0.043396,0.050171,-0.2745,7.6020,0
5.4400,2106747,0.730591,-0.679565,-0.043335,0.050232,-0.2837,7.6024,0
5.4500,2106757,0.730652,-0.679504,-0.043213,0.050354,-0.3028,7.6032,0
5.4600,2106767,0.730713,-0.679504,-0.043152,0.050415,-0.3123,7.6039,0
5.4700,2106777,0.730652,-0.679504,-0.043091,0.050476,-0.3225,7.6039,0
5.4800,2106787,0.730591,-0.679565,-0.043030,0.050537,-0.3330,7.6042,0
5.4900,2106797,0.730652,-0.679565,-0.042969,0.050598,-0.3426,7.6049,0
5.5000,2106807,0.730652,-0.679504,-0.042969,0.050598,-0.3422,7.6046,0
5.5100,2106817,0.730713,-0.679443,-0.042969,0.050659,-0.3463,7.6098,0
5.5200,2106827,0.730835,-0.679321,-0.043030,0.050781,-0.3494,7.6251,0
5.5300,2106837,0.730957,-0.679138,-0.043091,0.050781,-0.3426,7.6297,0
5.5400,2106847,0.731079,-0.679077,-0.043213,0.050781,-0.3314,7.6396,0
5.5500,2106857,0.731079,-0.679016,-0.043274,0.050720,-0.3212,7.6390,0
5.5600,2106867,0.731018,-0.679077,-0.043335,0.050720,-0.3168,7.6437,0
5.5700,2106877,0.730652,-0.679504,-0.043213,0.050598,-0.3218,7.6238,0
5.5800,2106887,0.730530,-0.679626,-0.043213,0.050598,-0.3231,7.6237,0
5.5900,2106897,0.730469,-0.679687,-0.043152,0.050659,-0.3336,7.6240,0
5.6000,2106907,0.730469,-0.679687,-0.043152,0.050720,-0.3384,7.6292,0
5.6100,2106917,0.730530,-0.679565,-0.043213,0.050842,-0.3418,7.6440,0
5.6200,2106927,0.730652,-0.679504,-0.043274,0.050903,-0.3404,7.6544,0
5.6300,2106937,0.730652,-0.679504,-0.043274,0.050964,-0.3452,7.6595,0
5.6400,2106947,0.730591,-0.679504,-0.043274,0.050964,-0.3455,7.6592,0
5.6500,2106957,0.730530,-0.679626,-0.043335,0.050964,-0.3414,7.6642,0
5.6600,2106967,0.730469,-0.679687,-0.043335,0.050964,-0.3421,7.6642,0
5.6700,2106977,0.730469,-0.679687,-0.043335,0.050964,-0.3421,7.6642,0
5.6800,2106987,0.730469,-0.679687,-0.043335,0.050964,-0.3421,7.6642,0
5.6900,2106997,0.730469,-0.679687,-0.043335,0.050964,-0.3421,7.6642,0
5.7000,2107007,0.730469,-0.679687,-0.043274,0.050903,-0.3424,7.6542,0
5.7100,2107017,0.730408,-0.679749,-0.043152,0.050842,-0.3485,7.6394,0
5.7200,2107027,0.730286,-0.679871,-0.043091,0.050720,-0.3454,7.6242,0
5.7300,2107037,0.730347,-0.679871,-0.043030,0.050659,-0.3455,7.6146,0
5.7400,2107047,0.730408,-0.679810,-0.043030,0.050659,-0.3448,7.6147,0
5.7500,2107057,0.730530,-0.679687,-0.043030,0.050659,-0.3435,7.6148,0
5.7600,2107067,0.730591,-0.679565,-0.043030,0.050659,-0.3425,7.6145,0
5.7700,2107077,0.730591,-0.679565,-0.043030,0.050659,-0.3425,7.6145,0
5.7800,2107087,0.730469,-0.679687,-0.043030,0.050659,-0.3438,7.6144,0
5.7900,2107097,0.730347,-0.679810,-0.043030,0.050659,-0.3451,7.6143,0
5.8000,2107107,0.730286,-0.679932,-0.043030,0.050659,-0.3462,7.6146,0
5.8100,2107117,0.730225,-0.679993,-0.043030,0.050659,-0.3468,7.6145,0
5.8200,2107127,0.730225,-0.679993,-0.043030,0.050659,-0.3468,7.6145,0
5.8300,2107137,0.730164,-0.680054,-0.043030,0.050659,-0.3475,7.6145,0
5.8400,2107147,0.730042,-0.680115,-0.043030,0.050659,-0.3484,7.6141,0
5.8500,2107157,0.729980,-0.680237,-0.043030,0.050659,-0.3494,7.6143,0
5.8600,2107167,0.729919,-0.680298,-0.043030,0.050659,-0.3501,7.6142,0
5.8700,2107177,0.729919,-0.680298,-0.043091,0.050598,-0.3402,7.6139,0
5.8800,2107187,0.729980,-0.680237,-0.043030,0.050537,-0.3399,7.6040,0
5.8900,2107197,0.729980,-0.680237,-0.043030,0.050537,-0.3399,7.6040,0
5.9000,2107207,0.729980,-0.680237,-0.042969,0.050476,-0.3403,7.5940,0
5.9100,2107217,0.729980,-0.680237,-0.042908,0.050415,-0.3406,7.5841,0
5.9200,2107227,0.729980,-0.680237,-0.042908,0.050415,-0.3406,7.5841,0
5.9300,2107237,0.729980,-0.680237,-0.042847,0.050476,-0.3505,7.5844,0
5.9400,2107247,0.730042,-0.680176,-0.042847,0.050537,-0.3546,7.5897,0
5.9500,2107257,0.730042,-0.680176,-0.042786,0.050598,-0.3644,7.5900,0
5.9600,2107267,0.729980,-0.680237,-0.042725,0.050598,-0.3702,7.5852,0
5.9700,2107277,0.729858,-0.680359,-0.042725,0.050659,-0.3763,7.5902,0
5.9800,2107287,0.729736,-0.680481,-0.042725,0.050659,-0.3776,7.5901,0
5.9900,2107297,0.729675,-0.680603,-0.042725,0.050659,-0.3786,7.5903,0
6.0000,2107307,0.729675,-0.680603,-0.042847,0.050659,-0.3684,7.5999,0
6.0100,2107317,0.729675,-0.680542,-0.042969,0.050659,-0.3578,7.6092,0
6.0200,2107327,0.729736,-0.680481,-0.043091,0.050720,-0.3517,7.6240,0
6.0300,2107337,0.729736,-0.680481,-0.043091,0.050720,-0.3517,7.6240,0
6.0400,2107347,0.729736,-0.680481,-0.043091,0.050720,-0.3517,7.6240,0
6.0500,2107357,0.729736,-0.680481,-0.043091,0.050720,-0.3517,7.6240,0
6.0600,2107367,0.729736,-0.680481,-0.043030,0.050720,-0.3568,7.6192,0
6.0700,2107377,0.729736,-0.680481,-0.042969,0.050781,-0.3667,7.6196,0
6.0800,2107387,0.729675,-0.680542,-0.042847,0.050842,-0.3823,7.6151,0
6.0900,2107397,0.729614,-0.680664,-0.042786,0.050781,-0.3837,7.6054,0
6.1000,2107407,0.729553,-0.680725,-0.042786,0.050781,-0.3843,7.6053,0
6.1100,2107417,0.729553,-0.680725,-0.042786,0.050781,-0.3843,7.6053,0
6.1200,2107427,0.729553,-0.680725,-0.042786,0.050781,-0.3843,7.6053,0
6.1300,2107437,0.729553,-0.680725,-0.042786,0.050781,-0.3843,7.6053,0
6.1400,2107447,0.729553,-0.680725,-0.042786,0.050781,-0.3843,7.6053,0
6.1500,2107457,0.729553,-0.680725,-0.042786,0.050781,-0.3843,7.6053,0
6.1600,2107467,0.729492,-0.680725,-0.042786,0.050781,-0.3846,7.6050,0
6.1700,2107477,0.729492,-0.680725,-0.042786,0.050781,-0.3846,7.6050,0
6.1800,2107487,0.729492,-0.680725,-0.042786,0.050781,-0.3846,7.6050,0
6.1900,2107497,0.729553,-0.680725,-0.042725,0.050842,-0.3942,7.6057,0
6.2000,2107507,0.729553,-0.680725,-0.042603,0.050903,-0.4091,7.6012,0
6.2100,2107517,0.729553,-0.680725,-0.042480,0.050903,-0.4193,7.5916,0
6.2200,2107527,0.729553,-0.680725,-0.042419,0.050903,-0.4244,7.5869,0
6.2300,2107537,0.729492,-0.680786,-0.042297,0.050903,-0.4353,7.5772,0
6.2400,2107547,0.729492,-0.680786,-0.042236,0.050842,-0.4356,7.5672,0
6.2500,2107557,0.729553,-0.680725,-0.042236,0.050842,-0.4350,7.5673,0
6.2600,2107567,0.729614,-0.680664,-0.042236,0.050842,-0.4343,7.5674,0
6.2700,2107577,0.729614,-0.680664,-0.042236,0.050842,-0.4343,7.5674,0
6.2800,2107587,0.729614,-0.680664,-0.042236,0.050842,-0.4343,7.5674,0
6.2900,2107597,0.729492,-0.680786,-0.042236,0.050842,-0.4356,7.5672,0
6.3000,2107607,0.729370,-0.680908,-0.042236,0.050842,-0.4369,7.5671,0
6.3100,2107617,0.729248,-0.681030,-0.042236,0.050781,-0.4335,7.5619,0
6.3200,2107627,0.729187,-0.681091,-0.042236,0.050781,-0.4341,7.5618,0
6.3300,2107637,0.729309,-0.681030,-0.042236,0.050781,-0.4332,7.5622,0
6.3400,2107647,0.729309,-0.680969,-0.042236,0.050903,-0.4424,7.5722,0
6.3500,2107657,0.729309,-0.680969,-0.042175,0.050964,-0.4522,7.5726,0
6.3600,2107667,0.729248,-0.681030,-0.042114,0.051025,-0.4627,7.5729,0
6.3700,2107677,0.729187,-0.681091,-0.041992,0.051147,-0.4831,7.5735,0
6.3800,2107687,0.729126,-0.681152,-0.041931,0.051270,-0.4984,7.5789,0
6.3900,2107697,0.729126,-0.681152,-0.041809,0.051331,-0.5134,7.5745,0
6.4000,2107707,0.729126,-0.681152,-0.041748,0.051453,-0.5280,7.5800,0
6.4100,2107717,0.729126,-0.681152,-0.041687,0.051514,-0.5379,7.5803,0
6.4200,2107727,0.729065,-0.681213,-0.041626,0.051453,-0.5388,7.5703,0
6.4300,2107737,0.729004,-0.681335,-0.041565,0.051392,-0.5402,7.5606,0
6.4400,2107747,0.728882,-0.681458,-0.041504,0.051270,-0.5370,7.5454,0
6.4500,2107757,0.728882,-0.681458,-0.041443,0.051270,-0.5421,7.5406,0
6.4600,2107767,0.728943,-0.681335,-0.041443,0.051270,-0.5411,7.5403,0
6.4700,2107777,0.729126,-0.681213,-0.041443,0.051270,-0.5396,7.5408,0
6.4800,2107787,0.729187,-0.681091,-0.041443,0.051270,-0.5385,7.5406,0
6.4900,2107797,0.729187,-0.681091,-0.041443,0.051270,-0.5385,7.5406,0
6.5000,2107807,0.729126,-0.681213,-0.041382,0.051208,-0.5399,7.5309,0
6.5100,2107817,0.729004,-0.681335,-0.041382,0.051147,-0.5364,7.5256,0
6.5200,2107827,0.728882,-0.681458,-0.041321,0.051086,-0.5380,7.5155,0
6.5300,2107837,0.728821,-0.681580,-0.041199,0.051086,-0.5492,7.5061,0
6.5400,2107847,0.728821,-0.681580,-0.041138,0.051147,-0.5591,7.5065,0
6.5500,2107857,0.728821,-0.681519,-0.041138,0.051147,-0.5587,7.5062,0
6.5600,2107867,0.728943,-0.681458,-0.041138,0.051147,-0.5578,7.5066,0
6.5700,2107877,0.728943,-0.681396,-0.041199,0.051086,-0.5476,7.5060,0
6.5800,2107887,0.728943,-0.681396,-0.041260,0.051025,-0.5377,7.5056,0
6.5900,2107897,0.728882,-0.681458,-0.041382,0.050903,-0.5186,7.5049,0
6.6000,2107907,0.728882,-0.681458,-0.041382,0.050842,-0.5139,7.4997,0
6.6100,2107917,0.728882,-0.681458,-0.041321,0.050781,-0.5142,7.4898,0
6.6200,2107927,0.728882,-0.681519,-0.041260,0.050720,-0.5149,7.4801,0
6.6300,2107937,0.728882,-0.681519,-0.041138,0.050720,-0.5251,7.4705,0
6.6400,2107947,0.728943,-0.681458,-0.041016,0.050781,-0.5394,7.4661,0
6.6500,2107957,0.728943,-0.681458,-0.040833,0.050842,-0.5595,7.4569,0
6.6600,2107967,0.728943,-0.681458,-0.040710,0.050903,-0.5744,7.4524,0
6.6700,2107977,0.728882,-0.681519,-0.040649,0.050903,-0.5802,7.4475,0
6.6800,2107987,0.728821,-0.681580,-0.040588,0.050964,-0.5907,7.4478,0
6.6900,2107997,0.728760,-0.681641,-0.040527,0.050964,-0.5964,7.4429,0
6.7000,2108007,0.728760,-0.681641,-0.040527,0.050964,-0.5964,7.4429,0
6.7100,2108017,0.728760,-0.681641,-0.040588,0.051025,-0.5961,7.4529,0
6.7200,2108027,0.728821,-0.681580,-0.040649,0.051086,-0.5951,7.4629,0
6.7300,2108037,0.728882,-0.681519,-0.040710,0.051147,-0.5941,7.4729,0
6.7400,2108047,0.728943,-0.681458,-0.040710,0.051147,-0.5935,7.4730,0
6.7500,2108057,0.728943,-0.681458,-0.040710,0.051147,-0.5935,7.4730,0
6.7600,2108067,0.728882,-0.681519,-0.040710,0.051147,-0.5941,7.4729,0
6.7700,2108077,0.728821,-0.681641,-0.040710,0.051147,-0.5951,7.4731,0
6.7800,2108087,0.728699,-0.681702,-0.040710,0.051147,-0.5961,7.4727,0
6.7900,2108097,0.728638,-0.681824,-0.040710,0.051147,-0.5971,7.4729,0
6.8000,2108107,0.728638,-0.681824,-0.040649,0.051147,-0.6022,7.4681,0
6.8100,2108117,0.728638,-0.681763,-0.040588,0.051270,-0.6164,7.4733,0
6.8200,2108127,0.728699,-0.681702,-0.040527,0.051331,-0.6257,7.4737,0
6.8300,2108137,0.728699,-0.681702,-0.040466,0.051453,-0.6403,7.4792,0
6.8400,2108147,0.728699,-0.681702,-0.040527,0.051575,-0.6447,7.4943,0
6.8500,2108157,0.728699,-0.681702,-0.040527,0.051575,-0.6447,7.4943,0
6.8600,2108167,0.728638,-0.681763,-0.040527,0.051575,-0.6454,7.4943,0
6.8700,2108177,0.728638,-0.681763,-0.040527,0.051575,-0.6454,7.4943,0
6.8800,2108187,0.728638,-0.681763,-0.040527,0.051575,-0.6454,7.4943,0
6.8900,2108197,0.728699,-0.681702,-0.040527,0.051575,-0.6447,7.4943,0
6.9000,2108207,0.728699,-0.681702,-0.040527,0.051575,-0.6447,7.4943,0
6.9100,2108217,0.728699,-0.681702,-0.040527,0.051575,-0.6447,7.4943,0
6.9200,2108227,0.728699,-0.681702,-0.040527,0.051575,-0.6447,7.4943,0
6.9300,2108237,0.728699,-0.681702,-0.040527,0.051575,-0.6447,7.4943,0
6.9400,2108247,0.728699,-0.681702,-0.040527,0.051575,-0.6447,7.4943,0
6.9500,2108257,0.728699,-0.681641,-0.040527,0.051575,-0.6444,7.4941,0
6.9600,2108267,0.728699,-0.681641,-0.040527,0.051575,-0.6444,7.4941,0
6.9700,2108277,0.728699,-0.681641,-0.040527,0.051575,-0.6444,7.4941,0
6.9800,2108287,0.728699,-0.681641,-0.040527,0.051575,-0.6444,7.4941,0
6.9900,2108297,0.728699,-0.681641,-0.040527,0.051575,-0.6444,7.4941,0
7.0000,2108307,0.728699,-0.681641,-0.040588,0.051575,-0.6393,7.4989,0
7.0100,2108317,0.728699,-0.681641,-0.040649,0.051636,-0.6390,7.5088,0
7.0200,2108327,0.728699,-0.681641,-0.040710,0.051697,-0.6386,7.5188,0
7.0300,2108337,0.728699,-0.681641,-0.040771,0.051758,-0.6383,7.5287,0
7.0400,2108347,0.728699,-0.681641,-0.040771,0.051819,-0.6431,7.5339,0
7.0500,2108357,0.728638,-0.681702,-0.040833,0.051880,-0.6434,7.5437,0
7.0600,2108367,0.728577,-0.681763,-0.040894,0.051880,-0.6389,7.5484,0
7.0700,2108377,0.728516,-0.681824,-0.040894,0.051880,-0.6396,7.5484,0
7.0800,2108387,0.728455,-0.681885,-0.040894,0.051819,-0.6355,7.5432,0
7.0900,2108397,0.728455,-0.681885,-0.040894,0.051819,-0.6355,7.5432,0
7.1000,2108407,0.728455,-0.681885,-0.040894,0.051819,-0.6355,7.5432,0
7.1100,2108417,0.728455,-0.681885,-0.040833,0.051819,-0.6406,7.5383,0
7.1200,2108427,0.728516,-0.681885,-0.040710,0.051697,-0.6409,7.5188,0
7.1300,2108437,0.728455,-0.681946,-0.040649,0.051636,-0.6419,7.5088,0
7.1400,2108447,0.728333,-0.682068,-0.040527,0.051514,-0.6438,7.4887,0
7.1500,2108457,0.728271,-0.682129,-0.040405,0.051392,-0.6451,7.4688,0
7.1600,2108467,0.728271,-0.682129,-0.040283,0.051270,-0.6458,7.4489,0
7.1700,2108477,0.728394,-0.682068,-0.040283,0.051208,-0.6401,7.4441,0
7.1800,2108487,0.728516,-0.681946,-0.040283,0.051147,-0.6340,7.4392,0
7.1900,2108497,0.728577,-0.681824,-0.040344,0.051086,-0.6232,7.4386,0
7.2000,2108507,0.728638,-0.681763,-0.040344,0.051025,-0.6178,7.4335,0
7.2100,2108517,0.728638,-0.681763,-0.040405,0.050964,-0.6079,7.4332,0
7.2200,2108527,0.728577,-0.681824,-0.040405,0.050964,-0.6085,7.4331,0
7.2300,2108537,0.728516,-0.681946,-0.040405,0.050964,-0.6095,7.4333,0
7.2400,2108547,0.728394,-0.682068,-0.040405,0.051025,-0.6156,7.4383,0
7.2500,2108557,0.728271,-0.682190,-0.040344,0.051025,-0.6220,7.4334,0
7.2600,2108567,0.728210,-0.682251,-0.040283,0.051086,-0.6325,7.4336,0
7.2700,2108577,0.728210,-0.682251,-0.040344,0.051147,-0.6321,7.4436,0
7.2800,2108587,0.728333,-0.682129,-0.040405,0.051208,-0.6305,7.4537,0
7.2900,2108597,0.728394,-0.682007,-0.040405,0.051270,-0.6343,7.4586,0
7.3000,2108607,0.728455,-0.682007,-0.040405,0.051270,-0.6340,7.4590,0
7.3100,2108617,0.728455,-0.682007,-0.040405,0.051270,-0.6340,7.4590,0
7.3200,2108627,0.728394,-0.682068,-0.040405,0.051270,-0.6347,7.4589,0
7.3300,2108637,0.728333,-0.682129,-0.040344,0.051270,-0.6404,7.4540,0
7.3400,2108647,0.728271,-0.682190,-0.040283,0.051208,-0.6414,7.4440,0
7.3500,2108657,0.728271,-0.682190,-0.040100,0.051147,-0.6519,7.4244,0
7.3600,2108667,0.728210,-0.682251,-0.040039,0.051086,-0.6528,7.4144,0
7.3700,2108677,0.728088,-0.682373,-0.040039,0.051025,-0.6493,7.4091,0
7.3800,2108687,0.727966,-0.682556,-0.040039,0.051025,-0.6510,7.4092,0
7.3900,2108697,0.727844,-0.682678,-0.040039,0.051025,-0.6522,7.4091,0
7.4000,2108707,0.727783,-0.682739,-0.040039,0.051025,-0.6529,7.4090,0
7.4100,2108717,0.727844,-0.682678,-0.040100,0.051086,-0.6519,7.4190,0
7.4200,2108727,0.727905,-0.682556,-0.040100,0.051208,-0.6605,7.4291,0
7.4300,2108737,0.727966,-0.682495,-0.040039,0.051331,-0.6745,7.4347,0
7.4400,2108747,0.727966,-0.682495,-0.040039,0.051453,-0.6840,7.4450,0
7.4500,2108757,0.727905,-0.682556,-0.039978,0.051514,-0.6945,7.4452,0
7.4600,2108767,0.727844,-0.682617,-0.039917,0.051575,-0.7050,7.4455,0
7.4700,2108777,0.727783,-0.682678,-0.039856,0.051636,-0.7155,7.4457,0
7.4800,2108787,0.727783,-0.682678,-0.039795,0.051697,-0.7254,7.4461,0
7.4900,2108797,0.727783,-0.682678,-0.039734,0.051758,-0.7353,7.4464,0
7.5000,2108807,0.727844,-0.682617,-0.039673,0.051819,-0.7445,7.4468,0
7.5100,2108817,0.727966,-0.682495,-0.039612,0.051880,-0.7531,7.4473,0
7.5200,2108827,0.728088,-0.682373,-0.039551,0.051941,-0.7617,7.4478,0
7.5300,2108837,0.728149,-0.682312,-0.039551,0.051941,-0.7610,7.4479,0
7.5400,2108847,0.728149,-0.682312,-0.039551,0.051941,-0.7610,7.4479,0
7.5500,2108857,0.728149,-0.682312,-0.039551,0.051941,-0.7610,7.4479,0
7.5600,2108867,0.728149,-0.682312,-0.039551,0.051941,-0.7610,7.4479,0
7.5700,2108877,0.728149,-0.682312,-0.039612,0.051880,-0.7512,7.4476,0
7.5800,2108887,0.728149,-0.682312,-0.039612,0.051758,-0.7416,7.4373,0
7.5900,2108897,0.728149,-0.682312,-0.039673,0.051697,-0.7318,7.4369,0
7.6000,2108907,0.728149,-0.682312,-0.039551,0.051575,-0.7324,7.4171,0
7.6100,2108917,0.728210,-0.682251,-0.039551,0.051575,-0.7318,7.4171,0
7.6200,2108927,0.728271,-0.682190,-0.039490,0.051636,-0.7410,7.4176,0
7.6300,2108937,0.728394,-0.682068,-0.039490,0.051697,-0.7445,7.4229,0
7.6400,2108947,0.728455,-0.682007,-0.039429,0.051758,-0.7537,7.4233,0
7.6500,2108957,0.728455,-0.682007,-0.039368,0.051819,-0.7636,7.4236,0
7.6600,2108967,0.728394,-0.682068,-0.039307,0.051880,-0.7741,7.4239,0
7.6700,2108977,0.728271,-0.682190,-0.039307,0.051880,-0.7754,7.4237,0
7.6800,2108987,0.728210,-0.682251,-0.039246,0.051941,-0.7859,7.4240,0
7.6900,2108997,0.728210,-0.682251,-0.039185,0.052002,-0.7957,7.4243,0
7.7000,2109007,0.728210,-0.682251,-0.039124,0.052063,-0.8056,7.4247,0
7.7100,2109017,0.728210,-0.682251,-0.039063,0.052185,-0.8202,7.4302,0
7.7200,2109027,0.728149,-0.682312,-0.038940,0.052246,-0.8358,7.4256,0
7.7300,2109037,0.728149,-0.682312,-0.038940,0.052307,-0.8406,7.4307,0
7.7400,2109047,0.728210,-0.682251,-0.038940,0.052307,-0.8400,7.4308,0
7.7500,2109057,0.728333,-0.682129,-0.038940,0.052307,-0.8387,7.4310,0
7.7600,2109067,0.728455,-0.682007,-0.038879,0.052307,-0.8425,7.4264,0
7.7700,2109077,0.728516,-0.681946,-0.038940,0.052246,-0.8320,7.4262,0
7.7800,2109087,0.728516,-0.681946,-0.039001,0.052185,-0.8221,7.4258,0
7.7900,2109097,0.728516,-0.681946,-0.039063,0.052124,-0.8123,7.4255,0
7.8000,2109107,0.728516,-0.681946,-0.039124,0.052063,-0.8024,7.4251,0
7.8100,2109117,0.728516,-0.681946,-0.039063,0.052002,-0.8027,7.4152,0
7.8200,2109127,0.728516,-0.681946,-0.039001,0.052002,-0.8078,7.4104,0
7.8300,2109137,0.728516,-0.681946,-0.039001,0.051941,-0.8031,7.4052,0
7.8400,2109147,0.728394,-0.682068,-0.038940,0.051880,-0.8046,7.3951,0
7.8500,2109157,0.728210,-0.682251,-0.038879,0.051819,-0.8069,7.3849,0
7.8600,2109167,0.727966,-0.682556,-0.038879,0.051758,-0.8050,7.3796,0
7.8700,2109177,0.727966,-0.682556,-0.038879,0.051758,-0.8050,7.3796,0
7.8800,2109187,0.728088,-0.682434,-0.038879,0.051758,-0.8037,7.3798,0
7.8900,2109197,0.728210,-0.682312,-0.038879,0.051819,-0.8072,7.3851,0
7.9000,2109207,0.728333,-0.682190,-0.038879,0.051819,-0.8060,7.3853,0
7.9100,2109217,0.728333,-0.682190,-0.038879,0.051819,-0.8060,7.3853,0
7.9200,2109227,0.728333,-0.682190,-0.038879,0.051758,-0.8012,7.3802,0
7.9300,2109237,0.728271,-0.682251,-0.038940,0.051697,-0.7920,7.3797,0
7.9400,2109247,0.728210,-0.682312,-0.039001,0.051636,-0.7827,7.3793,0
7.9500,2109257,0.728210,-0.682312,-0.039063,0.051575,-0.7729,7.3790,0
7.9600,2109267,0.728210,-0.682251,-0.039124,0.051514,-0.7626,7.3784,0
7.9700,2109277,0.728333,-0.682190,-0.039063,0.051514,-0.7668,7.3740,0
7.9800,2109287,0.728394,-0.682129,-0.039001,0.051453,-0.7665,7.3641,0
7.9900,2109297,0.728394,-0.682129,-0.038940,0.051392,-0.7668,7.3542,0
8.0000,2109307,0.728394,-0.682129,-0.038879,0.051331,-0.7672,7.3443,0
8.0100,2109317,0.728394,-0.682129,-0.038818,0.051270,-0.7675,7.3343,0
8.0200,2109327,0.728516,-0.682007,-0.038818,0.051270,-0.7662,7.3345,0
8.0300,2109337,0.728638,-0.681885,-0.038818,0.051270,-0.7650,7.3347,0
8.0400,2109347,0.728699,-0.681824,-0.038879,0.051208,-0.7545,7.3344,0
8.0500,2109357,0.728638,-0.681885,-0.038879,0.051208,-0.7551,7.3343,0
8.0600,2109367,0.728516,-0.681946,-0.038879,0.051208,-0.7560,7.3339,0
8.0700,2109377,0.728516,-0.682007,-0.038879,0.051208,-0.7564,7.3341,0
8.0800,2109387,0.728516,-0.682007,-0.038818,0.051208,-0.7615,7.3293,0
8.0900,2109397,0.728516,-0.682007,-0.038818,0.051270,-0.7662,7.3345,0
8.1000,2109407,0.728577,-0.681946,-0.038757,0.051331,-0.7755,7.3349,0
8.1100,2109417,0.728455,-0.682068,-0.038757,0.051331,-0.7767,7.3347,0
8.1200,2109427,0.728271,-0.682251,-0.038757,0.051331,-0.7786,7.3345,0
8.1300,2109437,0.728149,-0.682373,-0.038757,0.051331,-0.7799,7.3343,0
8.1400,2109447,0.728149,-0.682373,-0.038818,0.051392,-0.7796,7.3442,0
8.1500,2109457,0.728210,-0.682312,-0.038879,0.051453,-0.7786,7.3543,0
8.1600,2109467,0.728333,-0.682190,-0.039001,0.051514,-0.7719,7.3692,0
8.1700,2109477,0.728394,-0.682129,-0.039063,0.051575,-0.7710,7.3792,0
8.1800,2109487,0.728333,-0.682190,-0.039124,0.051636,-0.7713,7.3891,0
8.1900,2109497,0.728210,-0.682251,-0.039063,0.051697,-0.7820,7.3890,0
8.2000,2109507,0.728149,-0.682373,-0.039063,0.051758,-0.7878,7.3943,0
8.2100,2109517,0.728149,-0.682373,-0.039063,0.051880,-0.7974,7.4046,0
8.2200,2109527,0.728149,-0.682312,-0.039001,0.051941,-0.8069,7.4047,0
8.2300,2109537,0.728210,-0.682251,-0.039001,0.051941,-0.8062,7.4048,0
8.2400,2109547,0.728210,-0.682251,-0.039001,0.051941,-0.8062,7.4048,0
8.2500,2109557,0.728149,-0.682373,-0.039001,0.051941,-0.8072,7.4050,0
8.2600,2109567,0.727966,-0.682495,-0.039063,0.051941,-0.8037,7.4092,0
8.2700,2109577,0.727905,-0.682617,-0.039063,0.051880,-0.7999,7.4043,0
8.2800,2109587,0.727844,-0.682617,-0.039124,0.051819,-0.7903,7.4036,0
8.2900,2109597,0.727844,-0.682617,-0.039246,0.051819,-0.7801,7.4132,0
8.3000,2109607,0.727905,-0.682556,-0.039307,0.051819,-0.7744,7.4181,0
8.3100,2109617,0.727905,-0.682556,-0.039307,0.051819,-0.7744,7.4181,0
8.3200,2109627,0.727905,-0.682556,-0.039307,0.051819,-0.7744,7.4181,0
8.3300,2109637,0.727905,-0.682556,-0.039307,0.051880,-0.7792,7.4232,0
8.3400,2109647,0.727966,-0.682495,-0.039307,0.052002,-0.7881,7.4336,0
8.3500,2109657,0.728027,-0.682434,-0.039368,0.052185,-0.7967,7.4539,0
8.3600,2109667,0.728210,-0.682251,-0.039551,0.052429,-0.7986,7.4892,0
8.3700,2109677,0.728271,-0.682129,-0.039673,0.052551,-0.7969,7.5089,0
8.3800,2109687,0.728271,-0.682129,-0.039795,0.052612,-0.7915,7.5236,0
8.3900,2109697,0.728149,-0.682251,-0.039917,0.052612,-0.7826,7.5331,0
8.4000,2109707,0.727966,-0.682434,-0.039978,0.052490,-0.7699,7.5273,0
8.4100,2109717,0.727844,-0.682556,-0.040039,0.052368,-0.7566,7.5217,0
8.4200,2109727,0.727783,-0.682678,-0.040100,0.052185,-0.7382,7.5112,0
8.4300,2109737,0.727783,-0.682678,-0.040161,0.052002,-0.7187,7.5006,0
8.4400,2109747,0.727783,-0.682678,-0.040161,0.051880,-0.7092,7.4903,0
8.4500,2109757,0.727783,-0.682678,-0.040100,0.051758,-0.7047,7.4752,0
8.4600,2109767,0.727783,-0.682678,-0.040039,0.051697,-0.7050,7.4653,0
8.4700,2109777,0.727783,-0.682678,-0.039978,0.051636,-0.7054,7.4553,0
8.4800,2109787,0.727844,-0.682617,-0.039856,0.051575,-0.7101,7.4407,0
8.4900,2109797,0.727966,-0.682556,-0.039795,0.051575,-0.7143,7.4363,0
8.5000,2109807,0.728027,-0.682434,-0.039795,0.051575,-0.7133,7.4361,0
8.5100,2109817,0.728088,-0.682434,-0.039795,0.051575,-0.7130,7.4365,0
8.5200,2109827,0.728088,-0.682434,-0.039795,0.051575,-0.7130,7.4365,0
8.5300,2109837,0.728027,-0.682434,-0.039856,0.051636,-0.7130,7.4461,0
8.5400,2109847,0.728027,-0.682434,-0.039856,0.051636,-0.7130,7.4461,0
8.5500,2109857,0.728088,-0.682373,-0.039856,0.051636,-0.7123,7.4461,0
8.5600,2109867,0.728210,-0.682251,-0.039856,0.051636,-0.7111,7.4463,0
8.5700,2109877,0.728271,-0.682129,-0.039795,0.051636,-0.7152,7.4413,0
8.5800,2109887,0.728271,-0.682129,-0.039795,0.051636,-0.7152,7.4413,0
8.5900,2109897,0.728271,-0.682190,-0.039795,0.051575,-0.7107,7.4364,0
8.6000,2109907,0.728210,-0.682312,-0.039673,0.051575,-0.7219,7.4270,0
8.6100,2109917,0.728149,-0.682312,-0.039551,0.051514,-0.7276,7.4119,0
8.6200,2109927,0.728210,-0.682312,-0.039368,0.051575,-0.7474,7.4030,0
8.6300,2109937,0.728210,-0.682251,-0.039307,0.051636,-0.7569,7.4031,0
8.6400,2109947,0.728210,-0.682251,-0.039246,0.051697,-0.7668,7.4034,0
8.6500,2109957,0.728088,-0.682373,-0.039185,0.051636,-0.7684,7.3933,0
8.6600,2109967,0.727966,-0.682556,-0.039185,0.051575,-0.7652,7.3882,0
8.6700,2109977,0.727844,-0.682678,-0.039185,0.051575,-0.7665,7.3881,0
8.6800,2109987,0.727844,-0.682678,-0.039185,0.051575,-0.7665,7.3881,0
8.6900,2109997,0.727844,-0.682617,-0.039185,0.051575,-0.7661,7.3878,0
8.7000,2110007,0.727966,-0.682556,-0.039185,0.051575,-0.7652,7.3882,0
8.7100,2110017,0.728027,-0.682495,-0.039124,0.051575,-0.7697,7.3835,0
8.7200,2110027,0.728027,-0.682434,-0.039124,0.051575,-0.7693,7.3833,0
8.7300,2110037,0.728027,-0.682434,-0.039124,0.051575,-0.7693,7.3833,0
8.7400,2110047,0.728027,-0.682495,-0.039124,0.051636,-0.7744,7.3887,0
8.7500,2110057,0.727905,-0.682556,-0.039063,0.051697,-0.7852,7.3886,0
8.7600,2110067,0.727844,-0.682678,-0.039001,0.051758,-0.7961,7.3891,0
8.7700,2110077,0.727722,-0.682800,-0.038940,0.051880,-0.8120,7.3944,0
8.7800,2110087,0.727661,-0.682922,-0.038879,0.051880,-0.8181,7.3898,0
8.7900,2110097,0.727661,-0.682922,-0.038879,0.051880,-0.8181,7.3898,0
8.8000,2110107,0.727661,-0.682922,-0.038879,0.051880,-0.8181,7.3898,0
8.8100,2110117,0.727661,-0.682922,-0.038940,0.051880,-0.8130,7.3946,0
8.8200,2110127,0.727661,-0.682861,-0.039001,0.051819,-0.8028,7.3940,0
8.8300,2110137,0.727661,-0.682861,-0.039063,0.051697,-0.7881,7.3885,0
8.8400,2110147,0.727661,-0.682861,-0.039124,0.051575,-0.7735,7.3830,0
8.8500,2110157,0.727661,-0.682861,-0.039185,0.051392,-0.7541,7.3724,0
8.8600,2110167,0.727661,-0.682861,-0.039185,0.051270,-0.7445,7.3621,0
8.8700,2110177,0.727661,-0.682861,-0.039246,0.051086,-0.7251,7.3515,0
8.8800,2110187,0.727722,-0.682861,-0.039307,0.051025,-0.7149,7.3515,0
8.8900,2110197,0.727722,-0.682861,-0.039307,0.051025,-0.7149,7.3515,0
8.9000,2110207,0.727783,-0.682800,-0.039307,0.051025,-0.7143,7.3516,0
8.9100,2110217,0.727844,-0.682739,-0.039307,0.051086,-0.7185,7.3568,0
8.9200,2110227,0.727905,-0.682678,-0.039368,0.051147,-0.7175,7.3669,0
8.9300,2110237,0.727905,-0.682678,-0.039429,0.051208,-0.7172,7.3768,0
8.9400,2110247,0.727844,-0.682678,-0.039551,0.051270,-0.7121,7.3912,0
8.9500,2110257,0.727844,-0.682678,-0.039612,0.051331,-0.7117,7.4011,0
8.9600,2110267,0.727844,-0.682678,-0.039673,0.051392,-0.7114,7.4111,0
8.9700,2110277,0.727844,-0.682678,-0.039734,0.051453,-0.7111,7.4210,0
8.9800,2110287,0.727844,-0.682678,-0.039734,0.051453,-0.7111,7.4210,0
8.9900,2110297,0.727844,-0.682678,-0.039734,0.051392,-0.7063,7.4159,0
9.0000,2110307,0.727844,-0.682678,-0.039795,0.051331,-0.6965,7.4156,0
9.0100,2110317,0.727844,-0.682678,-0.039856,0.051270,-0.6866,7.4152,0
9.0200,2110327,0.727905,-0.682617,-0.039917,0.051208,-0.6761,7.4150,0
9.0300,2110337,0.727966,-0.682556,-0.039978,0.051208,-0.6704,7.4199,0
9.0400,2110347,0.727966,-0.682556,-0.039978,0.051208,-0.6704,7.4199,0
9.0500,2110357,0.727966,-0.682556,-0.039978,0.051208,-0.6704,7.4199,0
9.0600,2110367,0.727905,-0.682617,-0.039917,0.051270,-0.6809,7.4201,0
9.0700,2110377,0.727783,-0.682678,-0.039917,0.051331,-0.6866,7.4248,0
9.0800,2110387,0.727722,-0.682739,-0.039917,0.051453,-0.6968,7.4350,0
9.0900,2110397,0.727722,-0.682739,-0.039978,0.051636,-0.7060,7.4553,0
9.1000,2110407,0.727783,-0.682678,-0.040039,0.051697,-0.7050,7.4653,0
9.1100,2110417,0.727844,-0.682617,-0.040161,0.051819,-0.7038,7.4853,0
9.1200,2110427,0.727844,-0.682556,-0.040222,0.051880,-0.7031,7.4949,0
9.1300,2110437,0.727844,-0.682556,-0.040283,0.051941,-0.7028,7.5049,0
9.1400,2110447,0.727905,-0.682556,-0.040283,0.051941,-0.7025,7.5052,0
9.1500,2110457,0.727905,-0.682495,-0.040283,0.051941,-0.7021,7.5050,0
9.1600,2110467,0.727905,-0.682495,-0.040283,0.051941,-0.7021,7.5050,0
9.1700,2110477,0.727905,-0.682556,-0.040222,0.051880,-0.7028,7.4953,0
9.1800,2110487,0.727783,-0.682678,-0.040100,0.051758,-0.7047,7.4752,0
9.1900,2110497,0.727661,-0.682800,-0.040039,0.051636,-0.7016,7.4600,0
9.2000,2110507,0.727539,-0.682922,-0.039917,0.051575,-0.7082,7.4451,0
9.2100,2110517,0.727478,-0.682983,-0.039795,0.051453,-0.7095,7.4251,0
9.2200,2110527,0.727539,-0.682983,-0.039795,0.051331,-0.6997,7.4152,0
9.2300,2110537,0.727722,-0.682800,-0.039734,0.051147,-0.6885,7.3952,0
9.2400,2110547,0.727844,-0.682678,-0.039673,0.051025,-0.6828,7.3803,0
9.2500,2110557,0.727905,-0.682617,-0.039612,0.050842,-0.6729,7.3601,0
9.2600,2110567,0.727905,-0.682617,-0.039490,0.050720,-0.6735,7.3402,0
9.2700,2110577,0.727905,-0.682678,-0.039307,0.050537,-0.6749,7.3106,0
9.2800,2110587,0.727905,-0.682678,-0.039063,0.050476,-0.6904,7.2863,0
9.2900,2110597,0.727905,-0.682678,-0.038879,0.050415,-0.7009,7.2667,0
9.3000,2110607,0.728027,-0.682617,-0.038757,0.050415,-0.7102,7.2575,0
9.3100,2110617,0.728088,-0.682556,-0.038635,0.050415,-0.7198,7.2480,0
9.3200,2110627,0.728149,-0.682434,-0.038574,0.050476,-0.7287,7.2482,0
9.3300,2110637,0.728271,-0.682373,-0.038452,0.050537,-0.7428,7.2441,0
9.3400,2110647,0.728333,-0.682251,-0.038452,0.050659,-0.7513,7.2542,0
9.3500,2110657,0.728333,-0.682251,-0.038452,0.050781,-0.7609,7.2645,0
9.3600,2110667,0.728333,-0.682251,-0.038452,0.050842,-0.7656,7.2697,0
9.3700,2110677,0.728333,-0.682251,-0.038452,0.051025,-0.7800,7.2851,0
9.3800,2110687,0.728333,-0.682251,-0.038513,0.051331,-0.7987,7.3156,0
9.3900,2110697,0.728333,-0.682190,-0.038513,0.051453,-0.8079,7.3256,0
9.4000,2110707,0.728333,-0.682190,-0.038513,0.051514,-0.8127,7.3308,0
9.4100,2110717,0.728394,-0.682129,-0.038574,0.051514,-0.8070,7.3357,0
9.4200,2110727,0.728394,-0.682129,-0.038574,0.051453,-0.8022,7.3305,0
9.4300,2110737,0.728455,-0.682129,-0.038635,0.051392,-0.7920,7.3305,0
9.4400,2110747,0.728516,-0.682068,-0.038696,0.051208,-0.7720,7.3200,0
9.4500,2110757,0.728577,-0.681946,-0.038818,0.051086,-0.7513,7.3191,0
9.4600,2110767,0.728577,-0.681946,-0.038879,0.050964,-0.7367,7.3136,0
9.4700,2110777,0.728638,-0.681885,-0.038879,0.050781,-0.7217,7.2983,0
9.4800,2110787,0.728638,-0.681946,-0.038757,0.050781,-0.7323,7.2890,0
9.4900,2110797,0.728577,-0.682007,-0.038696,0.050781,-0.7380,7.2841,0
9.5000,2110807,0.728516,-0.682007,-0.038635,0.050842,-0.7481,7.2841,0
9.5100,2110817,0.728577,-0.682007,-0.038574,0.051025,-0.7673,7.2951,0
9.5200,2110827,0.728638,-0.681885,-0.038513,0.051208,-0.7857,7.3055,0
9.5300,2110837,0.728760,-0.681763,-0.038513,0.051453,-0.8035,7.3263,0
9.5400,2110847,0.728760,-0.681702,-0.038574,0.051575,-0.8076,7.3411,0
9.5500,2110857,0.728760,-0.681763,-0.038635,0.051697,-0.8124,7.3565,0
9.5600,2110867,0.728638,-0.681885,-0.038696,0.051758,-0.8133,7.3662,0
9.5700,2110877,0.728516,-0.682007,-0.038757,0.051819,-0.8143,7.3760,0
9.5800,2110887,0.728455,-0.682068,-0.038818,0.051819,-0.8098,7.3807,0
9.5900,2110897,0.728455,-0.682068,-0.038818,0.051819,-0.8098,7.3807,0
9.6000,2110907,0.728455,-0.682068,-0.038818,0.051819,-0.8098,7.3807,0
9.6100,2110917,0.728455,-0.682007,-0.038818,0.051880,-0.8142,7.3856,0
9.6200,2110927,0.728516,-0.681946,-0.038818,0.051880,-0.8136,7.3857,0
9.6300,2110937,0.728577,-0.681885,-0.038757,0.051880,-0.8180,7.3810,0
9.6400,2110947,0.728577,-0.681946,-0.038635,0.051819,-0.8238,7.3665,0
9.6500,2110957,0.728455,-0.682068,-0.038574,0.051758,-0.8254,7.3564,0
9.6600,2110967,0.728333,-0.682190,-0.038391,0.051697,-0.8372,7.3366,0
9.6700,2110977,0.728271,-0.682251,-0.038269,0.051697,-0.8480,7.3269,0
9.6800,2110987,0.728333,-0.682190,-0.038147,0.051697,-0.8576,7.3174,0
9.6900,2110997,0.728455,-0.682068,-0.038147,0.051758,-0.8611,7.3228,0
9.7000,2111007,0.728577,-0.681946,-0.038086,0.051758,-0.8649,7.3181,0
9.7100,2111017,0.728577,-0.681885,-0.038086,0.051758,-0.8646,7.3179,0
9.7200,2111027,0.728638,-0.681885,-0.038086,0.051758,-0.8643,7.3182,0
9.7300,2111037,0.728638,-0.681885,-0.038086,0.051819,-0.8691,7.3234,0
9.7400,2111047,0.728638,-0.681885,-0.038086,0.051819,-0.8691,7.3234,0
9.7500,2111057,0.728638,-0.681885,-0.038025,0.051819,-0.8742,7.3186,0
9.7600,2111067,0.728638,-0.681885,-0.037964,0.051819,-0.8792,7.3138,0
9.7700,2111077,0.728577,-0.681946,-0.037903,0.051758,-0.8802,7.3037,0
9.7800,2111087,0.728516,-0.682068,-0.037781,0.051697,-0.8866,7.2892,0
9.7900,2111097,0.728455,-0.682129,-0.037781,0.051758,-0.8920,7.2942,0
9.8000,2111107,0.728455,-0.682068,-0.037720,0.051758,-0.8967,7.2892,0
9.8100,2111117,0.728577,-0.682007,-0.037720,0.051819,-0.9006,7.2948,0
9.8200,2111127,0.728699,-0.681824,-0.037659,0.051819,-0.9041,7.2899,0
9.8300,2111137,0.728821,-0.681702,-0.037598,0.051880,-0.9127,7.2904,0
9.8400,2111147,0.728882,-0.681641,-0.037598,0.051880,-0.9121,7.2905,0
9.8500,2111157,0.728882,-0.681641,-0.037537,0.051941,-0.9220,7.2909,0
9.8600,2111167,0.728882,-0.681641,-0.037537,0.051941,-0.9220,7.2909,0
9.8700,2111177,0.728882,-0.681580,-0.037476,0.052063,-0.9362,7.2961,0
9.8800,2111187,0.729004,-0.681519,-0.037354,0.052124,-0.9503,7.2922,0
9.8900,2111197,0.729065,-0.681396,-0.037354,0.052307,-0.9636,7.3075,0
9.9000,2111207,0.729126,-0.681335,-0.037415,0.052429,-0.9674,7.3227,0
9.9100,2111217,0.729126,-0.681335,-0.037537,0.052490,-0.9620,7.3374,0
9.9200,2111227,0.729126,-0.681335,-0.037659,0.052551,-0.9566,7.3521,0
9.9300,2111237,0.729126,-0.681274,-0.037720,0.052673,-0.9606,7.3670,0
9.9400,2111247,0.729126,-0.681274,-0.037842,0.052795,-0.9599,7.3869,0
9.9500,2111257,0.729126,-0.681274,-0.037903,0.052856,-0.9596,7.3968,0
9.9600,2111267,0.729065,-0.681335,-0.037964,0.052917,-0.9599,7.4067,0
9.9700,2111277,0.729004,-0.681396,-0.037964,0.052917,-0.9605,7.4066,0
9.9800,2111287,0.729004,-0.681396,-0.037903,0.052979,-0.9704,7.4069,0
9.9900,2111297,0.729004,-0.681396,-0.037903,0.052979,-0.9704,7.4069,0
10.0000,2111307,0.729065,-0.681335,-0.037842,0.053040,-0.9796,7.4074,0
10.0100,2111317,0.729065,-0.681335,-0.037842,0.053040,-0.9796,7.4074,0
10.0200,2111327,0.729065,-0.681335,-0.037903,0.052979,-0.9698,7.4070,0
10.0300,2111337,0.729065,-0.681335,-0.037964,0.052917,-0.9599,7.4067,0
10.0400,2111347,0.729004,-0.681458,-0.038025,0.052856,-0.9511,7.4065,0
10.0500,2111357,0.728943,-0.681519,-0.038025,0.052795,-0.9469,7.4012,0
10.0600,2111367,0.728943,-0.681458,-0.038025,0.052856,-0.9513,7.4061,0
10.0700,2111377,0.729004,-0.681458,-0.038025,0.052856,-0.9511,7.4065,0
10.0800,2111387,0.729065,-0.681335,-0.037903,0.052917,-0.9650,7.4019,0
10.0900,2111397,0.729126,-0.681274,-0.037842,0.052979,-0.9742,7.4023,0
10.1000,2111407,0.729187,-0.681213,-0.037842,0.053040,-0.9784,7.4076,0
10.1100,2111417,0.729126,-0.681274,-0.037781,0.053101,-0.9889,7.4078,0
10.1200,2111427,0.729065,-0.681335,-0.037781,0.053101,-0.9895,7.4077,0
10.1300,2111437,0.729004,-0.681396,-0.037781,0.053101,-0.9901,7.4076,0
10.1400,2111447,0.729065,-0.681335,-0.037720,0.053101,-0.9946,7.4029,0
10.1500,2111457,0.729065,-0.681335,-0.037720,0.053162,-0.9994,7.4081,0
10.1600,2111467,0.729065,-0.681335,-0.037720,0.053162,-0.9994,7.4081,0
10.1700,2111477,0.729004,-0.681396,-0.037720,0.053101,-0.9952,7.4028,0
10.1800,2111487,0.728943,-0.681458,-0.037781,0.053040,-0.9860,7.4024,0
10.1900,2111497,0.728943,-0.681458,-0.037842,0.053040,-0.9809,7.4072,0
10.2000,2111507,0.728943,-0.681458,-0.037903,0.052979,-0.9711,7.4068,0
10.2100,2111517,0.729004,-0.681396,-0.037842,0.052979,-0.9755,7.4021,0
10.2200,2111527,0.729126,-0.681274,-0.037842,0.052979,-0.9742,7.4023,0
10.2300,2111537,0.729187,-0.681213,-0.037781,0.052979,-0.9787,7.3976,0
10.2400,2111547,0.729187,-0.681213,-0.037598,0.052979,-0.9940,7.3833,0
10.2500,2111557,0.729187,-0.681274,-0.037415,0.052917,-1.0049,7.3640,0
10.2600,2111567,0.729065,-0.681335,-0.037170,0.052917,-1.0262,7.3443,0
10.2700,2111577,0.729004,-0.681458,-0.036987,0.052917,-1.0425,7.3301,0
10.2800,2111587,0.729065,-0.681396,-0.036865,0.052917,-1.0521,7.3206,0
10.2900,2111597,0.729126,-0.681335,-0.036865,0.052979,-1.0562,7.3259,0
10.3000,2111607,0.729248,-0.681213,-0.036865,0.052917,-1.0502,7.3210,0
10.3100,2111617,0.729309,-0.681152,-0.036926,0.052856,-1.0397,7.3207,0
10.3200,2111627,0.729309,-0.681152,-0.036987,0.052795,-1.0298,7.3203,0
10.3300,2111637,0.729248,-0.681213,-0.036987,0.052795,-1.0305,7.3202,0
10.3400,2111647,0.729187,-0.681274,-0.036987,0.052734,-1.0263,7.3150,0
10.3500,2111657,0.729126,-0.681335,-0.037048,0.052734,-1.0219,7.3197,0
10.3600,2111667,0.729126,-0.681335,-0.037048,0.052734,-1.0219,7.3197,0
10.3700,2111677,0.729126,-0.681335,-0.037048,0.052734,-1.0219,7.3197,0
10.3800,2111687,0.729126,-0.681335,-0.037048,0.052734,-1.0219,7.3197,0
10.3900,2111697,0.729126,-0.681335,-0.037048,0.052734,-1.0219,7.3197,0
10.4000,2111707,0.729126,-0.681335,-0.037109,0.052612,-1.0072,7.3141,0
10.4100,2111717,0.729126,-0.681335,-0.037231,0.052551,-0.9923,7.3186,0
10.4200,2111727,0.729187,-0.681335,-0.037292,0.052490,-0.9821,7.3186,0
10.4300,2111737,0.729187,-0.681335,-0.037292,0.052490,-0.9821,7.3186,0
10.4400,2111747,0.729187,-0.681274,-0.037292,0.052490,-0.9818,7.3183,0
10.4500,2111757,0.729309,-0.681152,-0.037170,0.052551,-0.9955,7.3141,0
10.4600,2111767,0.729370,-0.681091,-0.037109,0.052673,-1.0095,7.3197,0
10.4700,2111777,0.729370,-0.681030,-0.036926,0.052734,-1.0292,7.3103,0
10.4800,2111787,0.729370,-0.681091,-0.036743,0.052795,-1.0496,7.3013,0
10.4900,2111797,0.729248,-0.681213,-0.036682,0.052917,-1.0655,7.3066,0
10.5000,2111807,0.729065,-0.681396,-0.036743,0.052856,-1.0575,7.3059,0
10.5100,2111817,0.728943,-0.681519,-0.036804,0.052917,-1.0584,7.3156,0
10.5200,2111827,0.728882,-0.681580,-0.036926,0.052917,-1.0489,7.3251,0
10.5300,2111837,0.728943,-0.681519,-0.037109,0.052979,-1.0377,7.3447,0
10.5400,2111847,0.729065,-0.681335,-0.037292,0.052979,-1.0208,7.3591,0
10.5500,2111857,0.729248,-0.681152,-0.037415,0.053040,-1.0134,7.3741,0
10.5600,2111867,0.729309,-0.681091,-0.037476,0.053101,-1.0125,7.3842,0
10.5700,2111877,0.729309,-0.681091,-0.037476,0.053101,-1.0125,7.3842,0
10.5800,2111887,0.729248,-0.681152,-0.037415,0.053162,-1.0230,7.3845,0
10.5900,2111897,0.729187,-0.681274,-0.037354,0.053223,-1.0338,7.3850,0
10.6000,2111907,0.729126,-0.681274,-0.037170,0.053284,-1.0542,7.3754,0
10.6100,2111917,0.729126,-0.681274,-0.036987,0.053345,-1.0742,7.3661,0
10.6200,2111927,0.729126,-0.681274,-0.036865,0.053406,-1.0892,7.3617,0
10.6300,2111937,0.729126,-0.681274,-0.036743,0.053406,-1.0994,7.3521,0
10.6400,2111947,0.729126,-0.681274,-0.036621,0.053345,-1.1048,7.3374,0
10.6500,2111957,0.729187,-0.681274,-0.036682,0.053284,-1.0947,7.3374,0
10.6600,2111967,0.729248,-0.681213,-0.036804,0.053223,-1.0791,7.3419,0
10.6700,2111977,0.729248,-0.681152,-0.036926,0.053162,-1.0638,7.3461,0
10.6800,2111987,0.729248,-0.681152,-0.037048,0.053101,-1.0488,7.3505,0
10.6900,2111997,0.729248,-0.681152,-0.037170,0.053101,-1.0386,7.3601,0
10.7000,2112007,0.729248,-0.681152,-0.037231,0.053040,-1.0288,7.3598,0
10.7100,2112017,0.729248,-0.681152,-0.037231,0.053040,-1.0288,7.3598,0
10.7200,2112027,0.729248,-0.681152,-0.037231,0.053040,-1.0288,7.3598,0
10.7300,2112037,0.729370,-0.681091,-0.037170,0.053101,-1.0377,7.3606,0
10.7400,2112047,0.729492,-0.680908,-0.037109,0.053162,-1.0460,7.3609,0
10.7500,2112057,0.729675,-0.680725,-0.037048,0.053223,-1.0539,7.3616,0
10.7600,2112067,0.729797,-0.680603,-0.036926,0.053284,-1.0676,7.3574,0
10.7700,2112077,0.729797,-0.680603,-0.036804,0.053162,-1.0683,7.3376,0
10.7800,2112087,0.729675,-0.680725,-0.036743,0.053040,-1.0652,7.3222,0
10.7900,2112097,0.729614,-0.680847,-0.036621,0.052979,-1.0716,7.3076,0
10.8000,2112107,0.729553,-0.680908,-0.036560,0.052795,-1.0630,7.2873,0
10.8100,2112117,0.729553,-0.680908,-0.036560,0.052673,-1.0535,7.2769,0
10.8200,2112127,0.729614,-0.680908,-0.036560,0.052612,-1.0485,7.2722,0
10.8300,2112137,0.729614,-0.680908,-0.036621,0.052490,-1.0339,7.2666,0
10.8400,2112147,0.729614,-0.680908,-0.036621,0.052368,-1.0243,7.2563,0
10.8500,2112157,0.729614,-0.680908,-0.036621,0.052307,-1.0196,7.2512,0
10.8600,2112167,0.729553,-0.680969,-0.036682,0.052246,-1.0103,7.2507,0
10.8700,2112177,0.729492,-0.681030,-0.036682,0.052185,-1.0062,7.2454,0
10.8800,2112187,0.729431,-0.681091,-0.036743,0.052124,-0.9970,7.2450,0
10.8900,2112197,0.729431,-0.681091,-0.036743,0.052124,-0.9970,7.2450,0
10.9000,2112207,0.729431,-0.681091,-0.036743,0.052124,-0.9970,7.2450,0
10.9100,2112217,0.729553,-0.680969,-0.036743,0.052185,-1.0005,7.2503,0
10.9200,2112227,0.729553,-0.680969,-0.036743,0.052185,-1.0005,7.2503,0
10.9300,2112237,0.729492,-0.681030,-0.036682,0.052124,-1.0014,7.2403,0
10.9400,2112247,0.729370,-0.681152,-0.036621,0.052063,-1.0030,7.2301,0
10.9500,2112257,0.729309,-0.681213,-0.036621,0.052002,-0.9989,7.2249,0
10.9600,2112267,0.729309,-0.681213,-0.036621,0.052002,-0.9989,7.2249,0
10.9700,2112277,0.729370,-0.681152,-0.036621,0.052002,-0.9982,7.2250,0
10.9800,2112287,0.729431,-0.681091,-0.036621,0.051941,-0.9929,7.2199,0
10.9900,2112297,0.729431,-0.681091,-0.036682,0.051880,-0.9830,7.2196,0
11.0000,2112307,0.729370,-0.681152,-0.036743,0.051880,-0.9785,7.2242,0
11.0100,2112317,0.729309,-0.681213,-0.036804,0.051819,-0.9693,7.2238,0
11.0200,2112327,0.729187,-0.681335,-0.036804,0.051819,-0.9705,7.2236,0
11.0300,2112337,0.729187,-0.681335,-0.036804,0.051819,-0.9705,7.2236,0
11.0400,2112347,0.729309,-0.681213,-0.036804,0.051819,-0.9693,7.2238,0
11.0500,2112357,0.729492,-0.681030,-0.036743,0.051880,-0.9773,7.2245,0
11.0600,2112367,0.729675,-0.680847,-0.036743,0.051941,-0.9802,7.2299,0
11.0700,2112377,0.729736,-0.680725,-0.036743,0.051941,-0.9792,7.2298,0
11.0800,2112387,0.729736,-0.680725,-0.036743,0.051941,-0.9792,7.2298,0
11.0900,2112397,0.729675,-0.680786,-0.036743,0.051941,-0.9798,7.2297,0
11.1000,2112407,0.729614,-0.680847,-0.036743,0.051941,-0.9804,7.2296,0
11.1100,2112417,0.729553,-0.680969,-0.036682,0.051880,-0.9818,7.2198,0
11.1200,2112427,0.729492,-0.681030,-0.036621,0.051880,-0.9875,7.2149,0
11.1300,2112437,0.729431,-0.681091,-0.036621,0.051819,-0.9833,7.2096,0
11.1400,2112447,0.729431,-0.681091,-0.036621,0.051819,-0.9833,7.2096,0
11.1500,2112457,0.729431,-0.681091,-0.036621,0.051819,-0.9833,7.2096,0
11.1600,2112467,0.729431,-0.681091,-0.036621,0.051819,-0.9833,7.2096,0
11.1700,2112477,0.729431,-0.681091,-0.036621,0.051819,-0.9833,7.2096,0
11.1800,2112487,0.729492,-0.681091,-0.036621,0.051819,-0.9831,7.2100,0
11.1900,2112497,0.729492,-0.681030,-0.036621,0.051880,-0.9875,7.2149,0
11.2000,2112507,0.729553,-0.680969,-0.036621,0.051880,-0.9869,7.2150,0
11.2100,2112517,0.729614,-0.680908,-0.036621,0.051880,-0.9862,7.2151,0
11.2200,2112527,0.729675,-0.680847,-0.036621,0.051880,-0.9856,7.2152,0
11.2300,2112537,0.729675,-0.680847,-0.036621,0.051880,-0.9856,7.2152,0
11.2400,2112547,0.729614,-0.680908,-0.036621,0.051880,-0.9862,7.2151,0
11.2500,2112557,0.729492,-0.681030,-0.036621,0.051880,-0.9875,7.2149,0
11.2600,2112567,0.729431,-0.681091,-0.036621,0.051819,-0.9833,7.2096,0
11.2700,2112577,0.729431,-0.681091,-0.036621,0.051819,-0.9833,7.2096,0
11.2800,2112587,0.729553,-0.680969,-0.036621,0.051758,-0.9773,7.2047,0
11.2900,2112597,0.729675,-0.680847,-0.036682,0.051697,-0.9662,7.2045,0
11.3000,2112607,0.729858,-0.680664,-0.036804,0.051636,-0.9494,7.2092,0
11.3100,2112617,0.729980,-0.680542,-0.036865,0.051514,-0.9335,7.2039,0
11.3200,2112627,0.730042,-0.680481,-0.036926,0.051453,-0.9231,7.2037,0
11.3300,2112637,0.730103,-0.680420,-0.036926,0.051453,-0.9224,7.2038,0
11.3400,2112647,0.730103,-0.680420,-0.036926,0.051453,-0.9224,7.2038,0
11.3500,2112657,0.730103,-0.680420,-0.036865,0.051514,-0.9323,7.2041,0
11.3600,2112667,0.730103,-0.680420,-0.036804,0.051575,-0.9422,7.2045,0
11.3700,2112677,0.730042,-0.680420,-0.036804,0.051636,-0.9472,7.2093,0
11.3800,2112687,0.730103,-0.680359,-0.036804,0.051758,-0.9561,7.2197,0
11.3900,2112697,0.730164,-0.680298,-0.036804,0.051880,-0.9650,7.2301,0
11.4000,2112707,0.730164,-0.680298,-0.036804,0.051880,-0.9650,7.2301,0
11.4100,2112717,0.730103,-0.680359,-0.036804,0.051880,-0.9656,7.2300,0
11.4200,2112727,0.730042,-0.680420,-0.036804,0.051880,-0.9662,7.2299,0
11.4300,2112737,0.730042,-0.680420,-0.036804,0.051880,-0.9662,7.2299,0
11.4400,2112747,0.730164,-0.680298,-0.036804,0.051880,-0.9650,7.2301,0
11.4500,2112757,0.730347,-0.680054,-0.036804,0.051880,-0.9628,7.2302,0
11.4600,2112767,0.730530,-0.679871,-0.036804,0.051880,-0.9609,7.2305,0
11.4700,2112777,0.730591,-0.679810,-0.036743,0.051880,-0.9654,7.2258,0
11.4800,2112787,0.730591,-0.679810,-0.036682,0.051819,-0.9657,7.2159,0
11.4900,2112797,0.730469,-0.679993,-0.036682,0.051758,-0.9626,7.2108,0
11.5000,2112807,0.730347,-0.680115,-0.036682,0.051758,-0.9638,7.2106,0
11.5100,2112817,0.730286,-0.680176,-0.036682,0.051758,-0.9644,7.2105,0
11.5200,2112827,0.730286,-0.680176,-0.036743,0.051758,-0.9593,7.2152,0
11.5300,2112837,0.730286,-0.680176,-0.036804,0.051880,-0.9637,7.2303,0
11.5400,2112847,0.730286,-0.680176,-0.036865,0.051941,-0.9634,7.2403,0
11.5500,2112857,0.730286,-0.680176,-0.036987,0.052002,-0.9579,7.2550,0
11.5600,2112867,0.730225,-0.680176,-0.037048,0.052063,-0.9578,7.2646,0
11.5700,2112877,0.730225,-0.680176,-0.037048,0.052063,-0.9578,7.2646,0
11.5800,2112887,0.730286,-0.680115,-0.037048,0.052063,-0.9572,7.2647,0
11.5900,2112897,0.730408,-0.680054,-0.036987,0.052063,-0.9614,7.2604,0
11.6000,2112907,0.730469,-0.679993,-0.036926,0.052002,-0.9612,7.2506,0
11.6100,2112917,0.730469,-0.679993,-0.036804,0.051880,-0.9619,7.2307,0
11.6200,2112927,0.730408,-0.680054,-0.036743,0.051819,-0.9629,7.2206,0
11.6300,2112937,0.730347,-0.680115,-0.036560,0.051758,-0.9740,7.2010,0
11.6400,2112947,0.730347,-0.680115,-0.036438,0.051758,-0.9843,7.1914,0
11.6500,2112957,0.730469,-0.680054,-0.036316,0.051758,-0.9936,7.1823,0
11.6600,2112967,0.730530,-0.679932,-0.036255,0.051819,-1.0025,7.1826,0
11.6700,2112977,0.730591,-0.679871,-0.036194,0.051880,-1.0117,7.1830,0
11.6800,2112987,0.730469,-0.679993,-0.036194,0.051880,-1.0130,7.1828,0
11.6900,2112997,0.730286,-0.680237,-0.036255,0.051819,-1.0053,7.1824,0
11.7000,2113007,0.730164,-0.680359,-0.036316,0.051758,-0.9967,7.1818,0
11.7100,2113017,0.730103,-0.680420,-0.036438,0.051697,-0.9823,7.1861,0
11.7200,2113027,0.730164,-0.680359,-0.036499,0.051575,-0.9671,7.1807,0
11.7300,2113037,0.730225,-0.680298,-0.036499,0.051575,-0.9665,7.1808,0
11.7400,2113047,0.730286,-0.680176,-0.036560,0.051514,-0.9556,7.1803,0
11.7500,2113057,0.730286,-0.680176,-0.036560,0.051514,-0.9556,7.1803,0
11.7600,2113067,0.730225,-0.680237,-0.036499,0.051453,-0.9566,7.1702,0
11.7700,2113077,0.730164,-0.680359,-0.036438,0.051392,-0.9579,7.1604,0
11.7800,2113087,0.730103,-0.680420,-0.036316,0.051331,-0.9640,7.1456,0
11.7900,2113097,0.730103,-0.680420,-0.036255,0.051331,-0.9691,7.1408,0
11.8000,2113107,0.730103,-0.680420,-0.036255,0.051331,-0.9691,7.1408,0
11.8100,2113117,0.730164,-0.680359,-0.036316,0.051331,-0.9634,7.1457,0
11.8200,2113127,0.730286,-0.680237,-0.036377,0.051392,-0.9618,7.1558,0
11.8300,2113137,0.730408,-0.680115,-0.036438,0.051514,-0.9650,7.1712,0
11.8400,2113147,0.730530,-0.679932,-0.036499,0.051575,-0.9630,7.1810,0
11.8500,2113157,0.730774,-0.679687,-0.036621,0.051636,-0.9551,7.1962,0
11.8600,2113167,0.730896,-0.679504,-0.036682,0.051697,-0.9531,7.2061,0
11.8700,2113177,0.730957,-0.679443,-0.036682,0.051758,-0.9573,7.2114,0
11.8800,2113187,0.730835,-0.679626,-0.036743,0.051758,-0.9538,7.2162,0
11.8900,2113197,0.730652,-0.679810,-0.036682,0.051697,-0.9560,7.2059,0
11.9000,2113207,0.730469,-0.679993,-0.036621,0.051636,-0.9582,7.1957,0
11.9100,2113217,0.730408,-0.680054,-0.036560,0.051575,-0.9592,7.1856,0
11.9200,2113227,0.730591,-0.679932,-0.036438,0.051453,-0.9584,7.1663,0
11.9300,2113237,0.730591,-0.679932,-0.036438,0.051453,-0.9584,7.1663,0
11.9400,2113247,0.730591,-0.679932,-0.036316,0.051514,-0.9734,7.1619,0
11.9500,2113257,0.730530,-0.679932,-0.036255,0.051575,-0.9835,7.1619,0
11.9600,2113267,0.730530,-0.679932,-0.036133,0.051697,-1.0032,7.1627,0
11.9700,2113277,0.730591,-0.679871,-0.036011,0.051819,-1.0223,7.1635,0
11.9800,2113287,0.730713,-0.679749,-0.036011,0.052002,-1.0354,7.1792,0
11.9900,2113297,0.730774,-0.679687,-0.036011,0.052063,-1.0395,7.1845,0
12.0000,2113307,0.730774,-0.679687,-0.036072,0.052185,-1.0439,7.1996,0
12.0100,2113317,0.730652,-0.679810,-0.036072,0.052185,-1.0451,7.1994,0
12.0200,2113327,0.730530,-0.679932,-0.036072,0.052124,-1.0416,7.1940,0
12.0300,2113337,0.730408,-0.680054,-0.036133,0.052124,-1.0377,7.1986,0
12.0400,2113347,0.730347,-0.680115,-0.036133,0.052124,-1.0384,7.1985,0
12.0500,2113357,0.730347,-0.680115,-0.036133,0.052124,-1.0384,7.1985,0
12.0600,2113367,0.730408,-0.680054,-0.036072,0.052124,-1.0428,7.1938,0
12.0700,2113377,0.730469,-0.679993,-0.036072,0.052124,-1.0422,7.1939,0
12.0800,2113387,0.730469,-0.679993,-0.036072,0.052124,-1.0422,7.1939,0
12.0900,2113397,0.730530,-0.679932,-0.036072,0.052185,-1.0464,7.1992,0
12.1000,2113407,0.730469,-0.679993,-0.036011,0.052124,-1.0473,7.1891,0
12.1100,2113417,0.730530,-0.679932,-0.035950,0.052124,-1.0518,7.1845,0
12.1200,2113427,0.730530,-0.679932,-0.035950,0.052124,-1.0518,7.1845,0
12.1300,2113437,0.730591,-0.679871,-0.035828,0.052185,-1.0662,7.1802,0
12.1400,2113447,0.730591,-0.679871,-0.035767,0.052246,-1.0761,7.1805,0
12.1500,2113457,0.730591,-0.679871,-0.035767,0.052307,-1.0808,7.1857,0
12.1600,2113467,0.730652,-0.679810,-0.035706,0.052368,-1.0901,7.1862,0
12.1700,2113477,0.730713,-0.679749,-0.035706,0.052368,-1.0894,7.1863,0
12.1800,2113487,0.730713,-0.679749,-0.035645,0.052429,-1.0993,7.1867,0
12.1900,2113497,0.730713,-0.679749,-0.035583,0.052429,-1.1044,7.1819,0
12.2000,2113507,0.730713,-0.679749,-0.035583,0.052551,-1.1139,7.1923,0
12.2100,2113517,0.730713,-0.679687,-0.035583,0.052734,-1.1278,7.2075,0
12.2200,2113527,0.730713,-0.679687,-0.035645,0.052856,-1.1322,7.2226,0
12.2300,2113537,0.730652,-0.679749,-0.035706,0.052979,-1.1373,7.2376,0
12.2400,2113547,0.730530,-0.679871,-0.035767,0.053040,-1.1381,7.2473,0
12.2500,2113557,0.730347,-0.680054,-0.035767,0.053040,-1.1400,7.2469,0
12.2600,2113567,0.730164,-0.680237,-0.035828,0.053040,-1.1368,7.2514,0
12.2700,2113577,0.730042,-0.680359,-0.035889,0.052917,-1.1234,7.2456,0
12.2800,2113587,0.730042,-0.680420,-0.036011,0.052795,-1.1040,7.2451,0
12.2900,2113597,0.730103,-0.680359,-0.036133,0.052673,-1.0837,7.2445,0
12.3000,2113607,0.730225,-0.680237,-0.036316,0.052429,-1.0481,7.2384,0
12.3100,2113617,0.730286,-0.680115,-0.036499,0.052246,-1.0175,7.2371,0
12.3200,2113627,0.730286,-0.680115,-0.036621,0.052063,-0.9930,7.2312,0
12.3300,2113637,0.730225,-0.680237,-0.036621,0.051880,-0.9797,7.2159,0
12.3400,2113647,0.730103,-0.680359,-0.036621,0.051819,-0.9762,7.2105,0
12.3500,2113657,0.730103,-0.680359,-0.036621,0.051819,-0.9762,7.2105,0
12.3600,2113667,0.730164,-0.680298,-0.036499,0.051880,-0.9905,7.2062,0
12.3700,2113677,0.730286,-0.680176,-0.036438,0.052063,-1.0087,7.2171,0
12.3800,2113687,0.730347,-0.680115,-0.036438,0.052185,-1.0176,7.2275,0
12.3900,2113697,0.730347,-0.680115,-0.036377,0.052185,-1.0227,7.2228,0
12.4000,2113707,0.730286,-0.680176,-0.036377,0.052185,-1.0233,7.2227,0
12.4100,2113717,0.730164,-0.680298,-0.036377,0.052185,-1.0245,7.2224,0
12.4200,2113727,0.729980,-0.680481,-0.036438,0.052185,-1.0213,7.2269,0
12.4300,2113737,0.729919,-0.680542,-0.036560,0.052185,-1.0117,7.2364,0
12.4400,2113747,0.730042,-0.680420,-0.036682,0.052246,-1.0050,7.2513,0
12.4500,2113757,0.730164,-0.680237,-0.036743,0.052307,-1.0030,7.2612,0
12.4600,2113767,0.730286,-0.680176,-0.036682,0.052368,-1.0120,7.2621,0
12.4700,2113777,0.730286,-0.680176,-0.036682,0.052368,-1.0120,7.2621,0
12.4800,2113787,0.730225,-0.680237,-0.036621,0.052307,-1.0130,7.2520,0
12.4900,2113797,0.730164,-0.680298,-0.036560,0.052185,-1.0092,7.2368,0
12.5000,2113807,0.730042,-0.680420,-0.036438,0.052124,-1.0159,7.2218,0
12.5100,2113817,0.730103,-0.680420,-0.036377,0.052124,-1.0208,7.2174,0
12.5200,2113827,0.730103,-0.680359,-0.036316,0.052185,-1.0303,7.2175,0
12.5300,2113837,0.730164,-0.680298,-0.036255,0.052246,-1.0395,7.2180,0
12.5400,2113847,0.730225,-0.680298,-0.036255,0.052307,-1.0440,7.2235,0
12.5500,2113857,0.730225,-0.680237,-0.036255,0.052368,-1.0484,7.2285,0
12.5600,2113867,0.730164,-0.680298,-0.036316,0.052429,-1.0487,7.2383,0
12.5700,2113877,0.730164,-0.680298,-0.036377,0.052551,-1.0531,7.2534,0
12.5800,2113887,0.730103,-0.680298,-0.036499,0.052673,-1.0526,7.2729,0
12.5900,2113897,0.730103,-0.680298,-0.036560,0.052734,-1.0523,7.2829,0
12.6000,2113907,0.730042,-0.680359,-0.036621,0.052795,-1.0526,7.2927,0
12.6100,2113917,0.729980,-0.680481,-0.036621,0.052795,-1.0536,7.2928,0
12.6200,2113927,0.729858,-0.680542,-0.036621,0.052795,-1.0544,7.2924,0
12.6300,2113937,0.729797,-0.680603,-0.036621,0.052795,-1.0551,7.2922,0
12.6400,2113947,0.729797,-0.680664,-0.036560,0.052734,-1.0558,7.2826,0
12.6500,2113957,0.729858,-0.680603,-0.036499,0.052673,-1.0555,7.2727,0
12.6600,2113967,0.729919,-0.680542,-0.036377,0.052673,-1.0651,7.2633,0
12.6700,2113977,0.729980,-0.680481,-0.036255,0.052612,-1.0699,7.2486,0
12.6800,2113987,0.730042,-0.680420,-0.035889,0.052612,-1.0999,7.2200,0
12.6900,2113997,0.730103,-0.680420,-0.035706,0.052612,-1.1150,7.2061,0
12.7000,2114007,0.730042,-0.680420,-0.035645,0.052673,-1.1251,7.2061,0
12.7100,2114017,0.729980,-0.680481,-0.035645,0.052673,-1.1258,7.2059,0
12.7200,2114027,0.729980,-0.680481,-0.035645,0.052734,-1.1305,7.2111,0
12.7300,2114037,0.730042,-0.680420,-0.035645,0.052795,-1.1347,7.2164,0
12.7400,2114047,0.730164,-0.680298,-0.035706,0.052856,-1.1331,7.2266,0
12.7500,2114057,0.730225,-0.680237,-0.035706,0.052856,-1.1324,7.2267,0
12.7600,2114067,0.730164,-0.680298,-0.035706,0.052917,-1.1378,7.2317,0
12.7700,2114077,0.730103,-0.680359,-0.035706,0.052917,-1.1384,7.2316,0
12.7800,2114087,0.730103,-0.680359,-0.035645,0.052917,-1.1436,7.2268,0
12.7900,2114097,0.730225,-0.680176,-0.035645,0.052917,-1.1419,7.2268,0
12.8000,2114107,0.730469,-0.679993,-0.035645,0.052979,-1.1446,7.2327,0
12.8100,2114117,0.730713,-0.679687,-0.035645,0.053040,-1.1465,7.2381,0
12.8200,2114127,0.731018,-0.679382,-0.035645,0.053101,-1.1481,7.2439,0
12.8300,2114137,0.731140,-0.679199,-0.035583,0.053101,-1.1516,7.2391,0
12.8400,2114147,0.731201,-0.679199,-0.035583,0.053101,-1.1514,7.2395,0
12.8500,2114157,0.731079,-0.679260,-0.035583,0.053101,-1.1523,7.2390,0
12.8600,2114167,0.730957,-0.679443,-0.035522,0.053040,-1.1542,7.2290,0
12.8700,2114177,0.730835,-0.679565,-0.035461,0.052979,-1.1558,7.2188,0
12.8800,2114187,0.730713,-0.679687,-0.035400,0.052917,-1.1574,7.2086,0
12.8900,2114197,0.730652,-0.679749,-0.035400,0.052917,-1.1581,7.2085,0
12.9000,2114207,0.730652,-0.679749,-0.035339,0.052979,-1.1679,7.2089,0
12.9100,2114217,0.730713,-0.679687,-0.035400,0.052917,-1.1574,7.2086,0
12.9200,2114227,0.730774,-0.679626,-0.035400,0.052856,-1.1521,7.2036,0
12.9300,2114237,0.730774,-0.679626,-0.035461,0.052856,-1.1469,7.2084,0
12.9400,2114247,0.730713,-0.679749,-0.035522,0.052673,-1.1286,7.1978,0
12.9500,2114257,0.730652,-0.679810,-0.035522,0.052612,-1.1244,7.1925,0
12.9600,2114267,0.730652,-0.679810,-0.035583,0.052490,-1.1098,7.1870,0
12.9700,2114277,0.730652,-0.679810,-0.035522,0.052307,-1.1006,7.1667,0
12.9800,2114287,0.730652,-0.679810,-0.035522,0.052124,-1.0864,7.1512,0
12.9900,2114297,0.730713,-0.679810,-0.035461,0.052002,-1.0817,7.1365,0
13.0000,2114307,0.730713,-0.679810,-0.035339,0.051941,-1.0872,7.1217,0
13.0100,2114317,0.730713,-0.679810,-0.035278,0.051819,-1.0828,7.1066,0
13.0200,2114327,0.730713,-0.679810,-0.035278,0.051819,-1.0828,7.1066,0
13.0300,2114337,0.730652,-0.679871,-0.035278,0.051819,-1.0834,7.1065,0
13.0400,2114347,0.730652,-0.679871,-0.035278,0.051819,-1.0834,7.1065,0
13.0500,2114357,0.730530,-0.679993,-0.035339,0.051880,-1.0843,7.1162,0
13.0600,2114367,0.730408,-0.680115,-0.035400,0.051941,-1.0851,7.1260,0
13.0700,2114377,0.730286,-0.680237,-0.035461,0.052002,-1.0860,7.1357,0
13.0800,2114387,0.730225,-0.680298,-0.035522,0.052002,-1.0815,7.1403,0
13.0900,2114397,0.730225,-0.680298,-0.035583,0.052063,-1.0812,7.1503,0
13.1000,2114407,0.730347,-0.680176,-0.035645,0.052124,-1.0796,7.1605,0
13.1100,2114417,0.730469,-0.680054,-0.035645,0.052124,-1.0784,7.1607,0
13.1200,2114427,0.730530,-0.679932,-0.035645,0.052124,-1.0774,7.1605,0
13.1300,2114437,0.730530,-0.679932,-0.035583,0.052124,-1.0825,7.1558,0
13.1400,2114447,0.730530,-0.679993,-0.035461,0.052063,-1.0883,7.1413,0
13.1500,2114457,0.730530,-0.679993,-0.035400,0.052002,-1.0887,7.1313,0
13.1600,2114467,0.730591,-0.679932,-0.035400,0.052002,-1.0881,7.1315,0
13.1700,2114477,0.730713,-0.679749,-0.035400,0.052063,-1.0912,7.1366,0
13.1800,2114487,0.730896,-0.679626,-0.035400,0.052063,-1.0898,7.1372,644
13.1900,2114497,0.730774,-0.679749,-0.035400,0.052063,-1.0910,7.1370,0
13.2000,2114507,0.730530,-0.679993,-0.035278,0.052002,-1.0989,7.1218,0
13.2100,2114517,0.730286,-0.680237,-0.035278,0.052063,-1.1061,7.1265,0
13.2200,2114527,0.730225,-0.680298,-0.035278,0.052124,-1.1115,7.1315,0
13.2300,2114537,0.730225,-0.680298,-0.035217,0.052185,-1.1213,7.1319,0
13.2400,2114547,0.730286,-0.680237,-0.035278,0.052246,-1.1204,7.1420,0
13.2500,2114557,0.730347,-0.680176,-0.035339,0.052307,-1.1194,7.1520,0
13.2600,2114567,0.730408,-0.680115,-0.035400,0.052307,-1.1137,7.1569,0
13.2700,2114577,0.730469,-0.680054,-0.035339,0.052307,-1.1182,7.1523,0
13.2800,2114587,0.730469,-0.680054,-0.035339,0.052307,-1.1182,7.1523,0
13.2900,2114597,0.730347,-0.680115,-0.035400,0.052307,-1.1139,7.1566,0
13.3000,2114607,0.730286,-0.680237,-0.035400,0.052307,-1.1149,7.1567,0
13.3100,2114617,0.730164,-0.680359,-0.035400,0.052307,-1.1161,7.1564,0
13.3200,2114627,0.730103,-0.680420,-0.035400,0.052307,-1.1168,7.1563,0
13.3300,2114637,0.730042,-0.680481,-0.035400,0.052307,-1.1174,7.1562,0
13.3400,2114647,0.729980,-0.680542,-0.035461,0.052246,-1.1081,7.1557,0
13.3500,2114657,0.729980,-0.680542,-0.035461,0.052124,-1.0986,7.1454,0
13.3600,2114667,0.730042,-0.680481,-0.035400,0.052002,-1.0936,7.1304,0
13.3700,2114677,0.730103,-0.680481,-0.035400,0.051880,-1.0838,7.1205,0
13.3800,2114687,0.730103,-0.680481,-0.035339,0.051697,-1.0746,7.1002,0
13.3900,2114697,0.730042,-0.680542,-0.035278,0.051514,-1.0661,7.0798,0
13.4000,2114707,0.729919,-0.680664,-0.035156,0.051453,-1.0727,7.0649,0
13.4100,2114717,0.729858,-0.680786,-0.035095,0.051331,-1.0693,7.0499,0
13.4200,2114727,0.729858,-0.680786,-0.035095,0.051331,-1.0693,7.0499,0
13.4300,2114737,0.729858,-0.680786,-0.035095,0.051331,-1.0693,7.0499,0
13.4400,2114747,0.729919,-0.680725,-0.035278,0.051514,-1.0676,7.0799,0
13.4500,2114757,0.729919,-0.680664,-0.035400,0.051636,-1.0666,7.0995,0
13.4600,2114767,0.729858,-0.680664,-0.035461,0.051697,-1.0665,7.1091,0
13.4700,2114777,0.729858,-0.680664,-0.035522,0.051758,-1.0661,7.1190,0
13.4800,2114787,0.729919,-0.680664,-0.035522,0.051758,-1.0659,7.1194,0
13.4900,2114797,0.729980,-0.680542,-0.035522,0.051758,-1.0649,7.1193,0
13.5000,2114807,0.730103,-0.680481,-0.035522,0.051758,-1.0641,7.1197,0
13.5100,2114817,0.730103,-0.680420,-0.035461,0.051697,-1.0640,7.1095,0
13.5200,2114827,0.730164,-0.680420,-0.035400,0.051575,-1.0594,7.0948,0
13.5300,2114837,0.730164,-0.680420,-0.035278,0.051453,-1.0601,7.0749,0
13.5400,2114847,0.730103,-0.680481,-0.035156,0.051331,-1.0614,7.0549,0
13.5500,2114857,0.730103,-0.680481,-0.035034,0.051270,-1.0668,7.0402,0
13.5600,2114867,0.730103,-0.680481,-0.034973,0.051147,-1.0624,7.0251,0
13.5700,2114877,0.730164,-0.680420,-0.034973,0.051147,-1.0618,7.0252,0
13.5800,2114887,0.730225,-0.680420,-0.034973,0.051208,-1.0663,7.0307,0
13.5900,2114897,0.730225,-0.680420,-0.035034,0.051208,-1.0612,7.0355,0
13.6000,2114907,0.730164,-0.680420,-0.035095,0.051270,-1.0611,7.0451,0
13.6100,2114917,0.730103,-0.680481,-0.035156,0.051331,-1.0614,7.0549,0
13.6200,2114927,0.730103,-0.680481,-0.035156,0.051453,-1.0709,7.0652,0
13.6300,2114937,0.730103,-0.680481,-0.035034,0.051575,-1.0906,7.0660,0
13.6400,2114947,0.730103,-0.680481,-0.034912,0.051636,-1.1056,7.0616,0
13.6500,2114957,0.730164,-0.680420,-0.034790,0.051697,-1.1200,7.0573,0
13.6600,2114967,0.730164,-0.680481,-0.034668,0.051758,-1.1353,7.0531,0
13.6700,2114977,0.730103,-0.680481,-0.034485,0.051819,-1.1556,7.0435,0
13.6800,2114987,0.730103,-0.680542,-0.034302,0.051819,-1.1713,7.0294,0
13.6900,2114997,0.730042,-0.680603,-0.034119,0.051880,-1.1920,7.0201,0
13.7000,2115007,0.729919,-0.680664,-0.033752,0.052124,-1.2425,7.0116,0
13.7100,2115017,0.729919,-0.680664,-0.033569,0.052307,-1.2721,7.0127,0
13.7200,2115027,0.729919,-0.680725,-0.033386,0.052612,-1.3116,7.0244,0
13.7300,2115037,0.729858,-0.680725,-0.033203,0.052979,-1.3558,7.0406,0
13.7400,2115047,0.729736,-0.680847,-0.033020,0.053345,-1.4009,7.0569,0
13.7500,2115057,0.729675,-0.680847,-0.032837,0.053833,-1.4545,7.0835,0
13.7600,2115067,0.729614,-0.680908,-0.032654,0.054382,-1.5133,7.1154,0
13.7700,2115077,0.729553,-0.680969,-0.032471,0.054932,-1.5721,7.1473,0
13.7800,2115087,0.729309,-0.681152,-0.032288,0.055603,-1.6419,7.1889,0
13.7900,2115097,0.729065,-0.681396,-0.032043,0.056274,-1.7172,7.2258,0
13.8000,2115107,0.728760,-0.681702,-0.031738,0.056946,-1.7983,7.2578,0
13.8100,2115117,0.728455,-0.682007,-0.031372,0.057617,-1.8845,7.2849,0
13.8200,2115127,0.728149,-0.682251,-0.031006,0.058350,-1.9751,7.3169,0
13.8300,2115137,0.728088,-0.682251,-0.030518,0.059021,-2.0686,7.3349,0
13.8400,2115147,0.728027,-0.682251,-0.029968,0.059875,-2.1815,7.3637,0
13.8500,2115157,0.728027,-0.682190,-0.029358,0.060791,-2.3036,7.3930,0
13.8600,2115167,0.728088,-0.682068,-0.028687,0.061890,-2.4446,7.4333,0
13.8700,2115177,0.728088,-0.681946,-0.028137,0.063110,-2.5851,7.4932,0
13.8800,2115187,0.728088,-0.681885,-0.027710,0.064453,-2.7254,7.5733,0
13.8900,2115197,0.728027,-0.681824,-0.027466,0.065857,-2.8553,7.6725,0
13.9000,2115207,0.727905,-0.681824,-0.027344,0.067444,-2.9900,7.7966,0
13.9100,2115217,0.727722,-0.681824,-0.027222,0.069092,-3.1297,7.9255,0
13.9200,2115227,0.727478,-0.681946,-0.027039,0.070923,-3.2901,8.0651,0
13.9300,2115237,0.727295,-0.681946,-0.026733,0.072876,-3.4690,8.2057,0
13.9400,2115247,0.726868,-0.682129,-0.026550,0.074768,-3.6353,8.3493,0
13.9500,2115257,0.726379,-0.682251,-0.026245,0.078857,-3.9837,8.6696,0
13.9600,2115267,0.726013,-0.682373,-0.026306,0.080933,-4.1435,8.8483,0
13.9700,2115277,0.726074,-0.682068,-0.026306,0.083191,-4.3175,9.0407,0
13.9800,2115287,0.725891,-0.682007,-0.026367,0.085449,-4.4894,9.2366,0
13.9900,2115297,0.725525,-0.682068,-0.026428,0.087952,-4.6822,9.4520,0
14.0000,2115307,0.724976,-0.682251,-0.026428,0.090576,-4.8917,9.6718,0
14.0100,2115317,0.723816,-0.683167,-0.026611,0.093079,-5.0861,9.8913,0
14.0200,2115327,0.722778,-0.683899,-0.026733,0.095642,-5.2887,10.1118,0
14.0300,2115337,0.721924,-0.684387,-0.026855,0.098328,-5.4981,10.3439,0
14.0400,2115347,0.721313,-0.684631,-0.026978,0.101074,-5.7091,10.5832,0
14.0500,2115357,0.721008,-0.684570,-0.027161,0.103760,-5.9059,10.8248,0
14.0600,2115367,0.720947,-0.684204,-0.027588,0.106506,-6.0828,11.0932,0
14.0700,2115377,0.721008,-0.683655,-0.028259,0.109314,-6.2413,11.3874,0
14.0800,2115387,0.721008,-0.683105,-0.029053,0.112366,-6.4088,11.7121,0
14.0900,2115397,0.720825,-0.682739,-0.029968,0.115601,-6.5832,12.0611,0
14.1000,2115407,0.720520,-0.682434,-0.030884,0.119141,-6.7828,12.4358,0
14.1100,2115417,0.720093,-0.682129,-0.031799,0.122986,-7.0068,12.8362,0
14.1200,2115427,0.719727,-0.681702,-0.032654,0.127075,-7.2530,13.2543,0
14.1300,2115437,0.719604,-0.681030,-0.033508,0.131348,-7.5088,13.6923,0
14.1400,2115447,0.719666,-0.679993,-0.034363,0.135925,-7.7816,14.1598,0
14.1500,2115457,0.719910,-0.678772,-0.035278,0.140686,-8.0590,14.6523,0
14.1600,2115467,0.720215,-0.677368,-0.036316,0.145630,-8.3361,15.1729,0
14.1700,2115477,0.720398,-0.675903,-0.037476,0.150818,-8.6201,15.7249,0
14.1800,2115487,0.720520,-0.674500,-0.038818,0.156189,-8.9029,16.3094,0
14.1900,2115497,0.720459,-0.673218,-0.040222,0.161621,-9.1869,16.9040,0
14.2000,2115507,0.720459,-0.670288,-0.043274,0.172668,-9.7367,18.1374,0
14.2100,2115517,0.720642,-0.668579,-0.044800,0.178101,-9.9960,18.7523,0
14.2200,2115527,0.720947,-0.666687,-0.046448,0.183411,-10.2290,19.3697,0
14.2300,2115537,0.721252,-0.664795,-0.048035,0.188660,-10.4600,19.9796,0
14.2400,2115547,0.721313,-0.663086,-0.049683,0.193848,-10.6846,20.5872,0
14.2500,2115557,0.721008,-0.661743,-0.051270,0.198975,-10.9183,21.1813,0
14.2600,2115567,0.720337,-0.660767,-0.052856,0.204224,-11.1711,21.7836,0
14.2700,2115577,0.719482,-0.659912,-0.054382,0.209473,-11.4325,22.3804,0
14.2800,2115587,0.718567,-0.659058,-0.055847,0.214905,-11.7130,22.9914,0
14.2900,2115597,0.718018,-0.657532,-0.056641,0.221069,-12.0862,23.6304,0
14.3000,2115607,0.717468,-0.656128,-0.057983,0.226685,-12.3724,24.2620,0
14.3100,2115617,0.717163,-0.654419,-0.059204,0.232300,-12.6576,24.8920,0
14.3200,2115627,0.716858,-0.652527,-0.060364,0.237976,-12.9457,25.5262,0
14.3300,2115637,0.716492,-0.650757,-0.061401,0.243652,-13.2458,26.1545,0
14.3400,2115647,0.715942,-0.649109,-0.062073,0.249512,-13.5940,26.7741,0
14.3500,2115657,0.714661,-0.648254,-0.062988,0.255066,-13.9258,27.3709,0
14.3600,2115667,0.712891,-0.647949,-0.063904,0.260437,-14.2638,27.9426,0
14.3700,2115677,0.710876,-0.647949,-0.064697,0.265747,-14.6194,28.4972,0
14.3800,2115687,0.708862,-0.647949,-0.065430,0.270996,-14.9765,29.0436,0
14.3900,2115697,0.707153,-0.647522,-0.066040,0.276184,-15.3236,29.5831,0
