# Sesion:41 Fecha:2026-03-08 20:21:00 Shots:0 Duracion:17,39s
tSeg,yaw,roll,gx,gy,gz,gmag,lax,lay,laz,lamag,ax,ay,az,temp,mx,my,mz,cs,cg,ca,cm,pitchLat
0.0210,135.1250,-2.6250,6127.0673,-2238.1164,3362.5461,7338.7216,-0.3600,0.4300,0.6100,0.8286,0.0900,2.1400,-9.0300,24,10.7500,-18.1875,24.3750,3,0,0,3
0.0420,136.3750,-2.0000,5299.8598,-2410.0036,3602.4721,6846.4912,-0.0500,1.7700,-0.5400,1.8512,0.3000,3.1400,-10.2500,24,10.7500,-18.1875,24.3750,3,0,0,3
0.0620,137.5625,-1.4375,3974.8947,-2123.5249,3817.3312,5906.0278,0.0000,0.7700,-1.4000,1.5978,0.2500,1.9000,-11.1400,24,11.5000,-16.3750,24.7500,3,0,0,3
0.0830,138.8750,-1.0000,4096.6484,-1643.6727,3885.3701,5880.5004,0.0400,0.4700,-1.2700,1.3548,0.2100,1.3600,-11.0400,24,11.5000,-16.3750,24.7500,3,0,0,3
0.1030,140.1250,-0.6250,4164.6870,-1321.3839,4028.6096,5943.0942,-0.0800,1.4900,-0.8700,1.7273,0.0200,2.1400,-10.6600,24,11.3750,-14.8750,26.2500,3,0,0,3
0.1230,141.5625,-0.3125,2954.3137,-1149.4965,4304.3457,5345.7182,-0.1600,1.9100,-1.1400,2.2301,-0.1100,2.3600,-10.9400,24,11.3750,-14.8750,26.2500,3,0,0,3
0.1440,143.0625,-0.0625,1421.6514,-880.9226,4472.6518,4775.1157,-0.1400,0.2900,-1.5100,1.5440,-0.1300,0.6400,-11.3100,24,11.3750,-14.8750,26.2500,3,0,0,3
0.1650,144.3750,0.0625,1339.2888,-540.7290,4268.5356,4506.2709,-0.1800,-0.8500,-1.1600,1.4493,-0.2000,-0.5800,-10.9600,24,11.3750,-14.1875,27.1875,3,0,0,3
0.1890,145.7500,0.1875,1905.0847,-390.3275,4068.0004,4508.9169,-0.3900,0.2000,-0.0300,0.4393,-0.4400,0.3200,-9.8400,24,11.3750,-14.1875,27.1875,3,0,0,3
0.2060,146.9375,0.3125,1819.1409,-501.3381,3978.4758,4403.2812,-0.5500,0.7100,-0.2200,0.9247,-0.6200,0.7300,-10.0300,24,11.2500,-14.1875,27.5625,3,0,0,3
0.2300,148.3125,0.5000,100.2676,-680.3874,3985.6376,4044.5380,-0.3200,-0.6000,-1.0900,1.2847,-0.4300,-0.5900,-10.8900,24,11.2500,-14.1875,27.5625,3,0,0,3
0.2470,149.6250,0.7500,-218.4402,-648.1585,3903.2751,3962.7495,-0.2100,-1.7100,-1.0300,2.0073,-0.3600,-1.6900,-10.8300,24,11.0000,-14.1875,26.7500,3,0,0,3
0.2710,150.6250,0.9375,469.1092,-608.7677,3323.1552,3410.8681,-0.2700,-1.0000,-0.3600,1.0966,-0.4500,-1.0000,-10.1600,24,11.0000,-14.1875,26.7500,3,0,0,3
0.2920,152.2500,1.3125,737.6832,-780.6550,3076.0671,3258.1877,-0.4700,-0.2700,-0.5600,0.7794,-0.6900,-0.3000,-10.3700,24,11.0000,-14.1875,26.7500,3,0,0,3
0.3120,153.2500,1.6250,555.0529,-895.2466,3136.9438,3309.0734,-0.5100,0.1000,-0.7700,0.9290,-0.7900,0.0400,-10.5800,24,10.1875,-15.6875,26.3750,3,0,0,3
0.3330,154.3750,1.9375,171.8873,-931.0565,3233.6306,3369.3884,-0.6000,-0.3400,-0.9700,1.1902,-0.9400,-0.4100,-10.7700,24,10.1875,-15.6875,26.3750,3,0,0,3
0.3530,155.3750,2.2500,279.3169,-866.5987,3212.1447,3338.6950,-0.3900,-0.8700,-1.3000,1.6121,-0.7800,-0.9500,-11.1000,24,10.1875,-16.6875,26.7500,3,0,0,3
0.3740,156.4375,2.5000,905.9895,-705.4543,3108.2961,3313.6064,-0.4400,-0.7700,-1.2000,1.4921,-0.8800,-0.8800,-11.0000,24,10.1875,-16.6875,26.7500,3,0,0,3
0.3940,157.5000,2.7500,1256.9261,-619.5106,3040.2573,3347.6591,-0.5000,-0.3500,-1.1300,1.2843,-0.9700,-0.5300,-10.9200,24,10.1875,-16.6875,26.7500,3,0,0,3
0.4140,158.2500,2.9375,848.6937,-504.9191,3104.7150,3257.9870,-0.4200,0.4600,-1.7200,1.8293,-0.9200,0.2300,-11.5200,24,10.6875,-16.5625,26.0000,3,0,0,3
0.4390,159.3125,3.0625,-196.9542,-157.5634,3136.9438,3147.0676,-0.5100,-0.6400,-1.8900,2.0596,-1.0400,-0.8400,-11.6800,24,10.6875,-16.5625,26.0000,3,0,0,3
0.4550,160.1250,3.0000,-852.2747,214.8592,3029.5144,3154.4404,-0.5500,-0.9900,-1.4600,1.8478,-1.0700,-1.1300,-11.2500,24,9.8750,-17.0000,26.0625,3,0,0,3
0.4800,161.1250,2.9375,-680.3874,454.7853,2760.9404,2879.6784,-0.6700,-0.6400,-1.5400,1.7972,-1.1600,-0.7300,-11.3400,24,9.8750,-17.0000,26.0625,3,0,0,3
0.5000,162.0625,2.7500,-261.4120,551.4719,2764.5214,2831.0839,-0.7300,0.0000,-1.8900,2.0261,-1.1900,-0.0600,-11.6800,24,8.0625,-18.3750,26.8750,3,0,0,3
0.5210,163.0000,2.5625,-300.8029,787.8170,2907.7607,3027.5751,-0.4900,-0.1700,-2.3100,2.3675,-0.9100,-0.2100,-12.1000,24,8.0625,-18.3750,26.8750,3,0,0,3
0.5410,164.4375,2.0625,-612.3486,1128.0106,2889.8559,3162.0634,-0.4800,-0.7300,-2.3500,2.5071,-0.8400,-0.7200,-12.1500,24,8.0625,-18.3750,26.8750,3,0,0,3
0.5610,165.1875,1.6250,-376.0036,1414.4896,2721.5495,3090.1442,-0.5900,-0.9500,-2.0600,2.3440,-0.8800,-0.9100,-11.8700,24,8.1875,-17.6875,26.8750,3,0,0,3
0.5830,166.1250,1.0625,139.6585,1640.0916,2592.6340,3071.0187,-0.7600,-0.4000,-1.6700,1.8779,-0.9500,-0.3600,-11.4700,24,8.1875,-17.6875,26.8750,3,0,0,3
0.6030,167.0000,0.5000,365.2606,1736.7783,2621.2819,3165.5856,-0.7200,-0.1200,-1.3900,1.5700,-0.8100,-0.1000,-11.2000,24,6.0000,-18.7500,27.6875,3,0,0,3
0.6240,167.8750,-0.0625,683.9684,1847.7889,2753.7783,3386.0644,-0.7600,0.1600,-1.4200,1.6185,-0.7400,0.1500,-11.2300,24,6.0000,-18.7500,27.6875,3,0,0,3
0.6440,168.8750,-0.7500,376.0036,2048.3242,2879.1130,3553.3508,-0.6300,0.1600,-1.4700,1.6073,-0.5000,0.1200,-11.2700,24,6.0000,-18.7500,27.6875,3,0,0,3
0.6650,169.8125,-1.5000,-383.1655,2270.3452,2875.5319,3683.7436,-0.5600,-0.7400,-1.2400,1.5488,-0.3100,-0.7700,-11.0500,24,4.7500,-19.8750,27.2500,3,0,0,3
0.6880,170.7500,-2.2500,-522.8240,2374.1938,2589.0529,3551.5261,-0.7100,-1.0600,-1.1300,1.7043,-0.2500,-1.0600,-10.9300,24,4.7500,-19.8750,27.2500,3,0,0,3
0.7060,171.5625,-3.0625,3.5810,2417.1657,2273.9262,3318.6508,-0.8100,-0.5200,-1.1100,1.4692,-0.2500,0.0300,-10.8400,24,2.6875,-20.2500,27.6875,3,0,0,3
0.7290,172.3125,-3.9375,-85.9437,2460.1374,2241.6975,3329.3947,-0.7200,0.2100,-1.2700,1.4749,0.0200,0.2000,-11.0500,24,2.6875,-20.2500,27.6875,3,0,0,3
0.7500,173.1250,-4.7500,-587.2817,2535.3383,2349.1269,3505.8862,-0.7500,-0.3900,-1.3000,1.5507,0.1300,-0.3700,-11.0700,24,1.8750,-19.8750,28.0625,3,0,0,3
0.7710,173.9375,-5.6250,-372.4226,2735.8735,2302.5742,3595.2121,-0.7200,-0.5500,-1.2900,1.5764,0.3300,-0.5300,-11.0400,24,1.8750,-19.8750,28.0625,3,0,0,3
0.7910,175.0625,-7.0625,-207.6972,2850.4650,2159.3347,3582.0407,-0.8100,-0.6700,-1.4200,1.7667,0.3900,-0.6400,-11.1500,24,1.8750,-19.8750,28.0625,3,0,0,3
0.8120,175.3750,-7.5625,82.3627,2990.1235,2005.3522,3601.2583,-0.9100,-0.4000,-1.1400,1.5125,0.4600,-0.3900,-10.8500,24,-0.0625,-19.8750,26.8750,3,0,0,3
0.8320,176.3750,-8.9375,282.8979,3068.9052,1908.6656,3625.0815,-0.8400,-0.2800,-0.9100,1.2697,0.6800,-0.3100,-10.6000,24,-0.0625,-19.8750,26.8750,3,0,0,3
0.8530,176.9375,-10.0000,472.6902,3122.6201,1851.3698,3660.8417,-0.8600,-0.0200,-0.6600,1.0843,0.8400,-0.0900,-10.3100,24,-1.5625,-19.5000,28.5000,3,0,0,3
0.8730,177.5625,-11.0625,479.8522,3140.5249,1847.7889,3675.2521,-0.9600,0.1700,-0.4600,1.0780,0.9100,0.0500,-10.0800,24,-1.5625,-19.5000,28.5000,3,0,0,3
0.8940,178.1875,-12.1250,318.7078,3126.2009,1854.9509,3649.0478,-0.9900,-0.2100,-0.1700,1.0262,1.0600,-0.3700,-9.7600,24,-1.5625,-19.5000,28.5000,3,0,0,3
0.9140,178.8125,-13.1250,333.0317,3047.4191,1758.2642,3534.0014,-0.8200,-0.5500,-0.1100,0.9935,1.4000,-0.7500,-9.6500,24,-3.5000,-20.2500,26.8750,3,0,0,3
0.9390,179.3750,-14.1250,572.9578,2990.1235,1589.9578,3434.6887,-0.8400,-0.3500,-0.0400,0.9109,1.5600,-0.6000,-9.5400,24,-3.5000,-20.2500,26.8750,3,0,0,3
0.9550,179.8125,-15.1250,519.2430,2947.1516,1443.1374,3322.3427,-0.9300,0.0000,-0.0300,0.9305,1.6200,-0.3100,-9.5000,24,-5.2500,-19.5000,26.5000,3,0,0,3
0.9790,180.3125,-16.1250,32.2289,2932.8276,1339.2888,3224.3156,-1.0100,0.0100,-0.0800,1.0132,1.7700,-0.4500,-9.4900,24,-5.2500,-19.5000,26.5000,3,0,0,3
0.9960,180.7500,-17.0625,-393.9085,2929.2468,1224.6972,3199.3020,-1.1000,-0.2800,-0.1600,1.1463,1.7800,-0.6200,-9.5200,24,-7.5625,-18.7500,27.2500,3,0,0,3
1.0210,181.1875,-18.0625,-358.0986,2997.2854,1063.5529,3200.4843,-0.9600,-0.3400,-0.3900,1.0906,2.1600,-0.6800,-9.6800,24,-7.5625,-18.7500,27.2500,3,0,0,3
1.0400,181.5625,-19.1250,-250.6690,3151.2678,837.9508,3270.3955,-0.9500,-0.1500,-0.3800,1.0341,2.3400,-0.4900,-9.6100,24,-7.5625,-18.7500,27.2500,3,0,0,3
1.0620,181.8750,-20.1875,-347.3557,3208.5637,769.9121,3317.8762,-1.0100,0.0800,-0.3000,1.0566,2.4600,-0.2400,-9.4700,24,-8.6875,-19.5000,26.8750,3,0,0,3
1.0810,182.1250,-21.2500,-873.7606,3333.8981,651.7395,3507.5773,-1.1600,0.1300,-0.2200,1.1878,2.4800,-0.1600,-9.3200,24,-8.6875,-19.5000,26.8750,3,0,0,3
1.1020,182.6250,-22.9375,-1124.4296,3416.2609,630.2536,3651.3559,-1.1100,0.0900,-0.1800,1.1281,2.7100,-0.1600,-9.2000,24,-10.5000,-19.1875,26.5000,3,0,0,3
1.1230,182.9375,-24.1250,-1142.3345,3466.3947,626.6726,3703.1796,-1.0600,-0.1400,-0.0200,1.0694,2.9400,-0.3600,-8.9700,24,-10.5000,-19.1875,26.5000,3,0,0,3
1.1440,183.1875,-25.2500,-888.0846,3409.0988,562.2149,3567.4550,-0.9800,-0.3900,0.1800,1.0700,3.2000,-0.5600,-8.6700,24,-10.5000,-19.1875,26.5000,3,0,0,3
1.1640,183.3750,-26.3750,-526.4050,3315.9931,454.7853,3388.1770,-1.0200,-0.2400,0.2800,1.0846,3.3300,-0.4000,-8.4900,24,-11.2500,-20.2500,25.6875,3,0,0,3
1.1880,183.5625,-27.5000,-436.8803,3190.6586,361.6796,3240.6757,-1.0400,0.0100,0.3600,1.1006,3.4800,-0.1300,-8.3300,24,-11.2500,-20.2500,25.6875,3,0,0,3
1.2050,183.8125,-28.5625,-451.2043,3083.2292,329.4508,3133.4367,-1.1300,0.0600,0.3100,1.1733,3.5500,-0.0600,-8.2900,24,-14.5000,-19.5000,25.2500,3,0,0,3
1.2290,184.0000,-29.5625,-483.4331,2997.2854,333.0317,3054.2329,-1.0100,-0.0800,0.2800,1.0511,3.8200,-0.2000,-8.2400,24,-14.5000,-19.5000,25.2500,3,0,0,3
1.2460,184.1250,-30.5625,-519.2430,2925.6657,286.4789,2985.1638,-1.0500,-0.2800,0.3100,1.1300,3.9300,-0.3800,-8.1200,24,-15.1875,-19.1875,23.7500,3,0,0,3
1.2700,184.3125,-31.5000,-522.8240,2846.8840,157.5634,2898.7790,-0.9500,-0.6600,0.2800,1.1902,4.2700,-0.7200,-8.0700,24,-15.1875,-19.1875,23.7500,3,0,0,3
1.2910,184.3750,-32.4375,-451.2043,2757.3593,-39.3908,2794.3098,-0.9100,-0.6300,0.2000,1.1247,4.4100,-0.6700,-8.0200,24,-15.1875,-19.1875,23.7500,3,0,0,3
1.3110,184.4375,-33.3750,-415.3944,2664.2536,-225.6021,2705.8632,-1.0100,-0.5900,0.0200,1.1699,4.4400,-0.6100,-8.1100,24,-16.3750,-19.5625,22.5625,3,0,0,3
1.3320,184.3750,-34.2500,-254.2500,2581.8911,-487.0141,2639.6945,-1.0600,-0.5300,-0.1300,1.1922,4.5200,-0.5200,-8.1900,24,-16.3750,-19.5625,22.5625,3,0,0,3
1.3520,184.1875,-35.1250,-153.9824,2563.9860,-608.7677,2639.7600,-0.8000,-0.0800,-0.0300,0.8045,4.8900,-0.0400,-8.0100,24,-18.5625,-20.3750,23.0000,3,0,0,3
1.3730,184.0625,-36.4375,-268.5740,2549.6621,-658.9015,2647.0852,-0.7000,-0.0700,-0.0200,0.7038,5.1100,0.0000,-7.9100,24,-18.5625,-20.3750,23.0000,3,0,0,3
1.3940,183.8750,-37.2500,-408.2324,2531.7573,-691.1304,2655.9572,-0.7600,0.2800,-0.0400,0.8109,5.1800,0.3900,-7.8400,24,-18.5625,-20.3750,23.0000,3,0,0,3
1.4140,183.8125,-38.1250,-519.2430,2531.7573,-651.7395,2665.3654,-0.7900,0.5200,-0.0100,0.9458,5.2500,0.6800,-7.7200,24,-19.0000,-19.2500,22.6875,3,0,0,3
1.4380,183.6250,-38.9375,-544.3099,2470.8806,-501.3381,2579.3146,-0.7200,0.6000,0.2700,0.9753,5.4400,0.8000,-7.3400,24,-19.0000,-19.2500,22.6875,3,0,0,3
1.4550,183.6875,-39.7500,-290.0599,2295.4121,-325.8698,2336.5021,-0.7500,0.6000,0.3800,1.0329,5.5100,0.8400,-7.1400,24,-18.8750,-20.0000,20.2500,3,0,0,3
1.4790,183.6250,-40.5000,250.6690,2098.4580,-103.8486,2115.9265,-0.5300,0.6700,0.4300,0.9564,5.8300,0.9000,-7.0100,24,-18.8750,-20.0000,20.2500,3,0,0,3
1.4960,183.5625,-41.1250,791.3980,1883.5987,111.0106,2046.1129,-0.5700,0.8900,0.5600,1.1961,5.8800,1.0900,-6.8100,24,-18.8750,-20.0000,20.2500,3,0,0,3
1.5170,183.5000,-41.6875,1059.9719,1632.9296,358.0986,1979.4531,-0.6300,1.0000,0.7500,1.3998,5.8900,1.1500,-6.5600,24,-19.5625,-21.0625,20.6875,3,0,0,3
1.5410,183.5625,-42.1875,884.5036,1410.9085,522.8240,1745.3808,-0.6000,0.6800,0.6400,1.1100,6.1100,0.3100,-6.7000,24,-19.5625,-21.0625,20.6875,3,0,0,3
1.5610,183.6875,-42.6250,619.5106,1310.6409,529.9860,1543.5214,-0.3800,0.0900,0.4100,0.5662,6.2600,0.1300,-6.7800,24,-20.6875,-20.7500,20.6875,3,0,0,3
1.5820,183.7500,-43.0625,630.2536,1264.0881,426.1374,1475.3750,-0.6300,0.3300,0.5800,0.9177,6.0900,0.3100,-6.5400,24,-20.6875,-20.7500,20.6875,3,0,0,3
1.6020,183.7500,-43.5000,712.6163,1196.0494,336.6127,1432.3631,-0.6400,0.5200,0.6500,1.0500,6.1300,0.4500,-6.4300,24,-22.1875,-20.3750,20.2500,3,0,0,3
1.6230,184.0000,-43.8750,-103.8486,988.3522,286.4789,1034.2604,-0.4800,-0.0200,0.3500,0.5944,6.3300,-0.1000,-6.6900,24,-22.1875,-20.3750,20.2500,3,0,0,3
1.6440,184.1875,-44.3750,-494.1761,963.2853,153.9824,1093.5443,-0.6200,-0.2200,0.2900,0.7190,6.2300,-0.2900,-6.7100,24,-22.1875,-20.3750,20.2500,3,0,0,3
1.6640,184.3750,-44.6875,-590.8627,966.8663,17.9049,1133.2562,-0.6400,-0.3300,0.5100,0.8824,6.2500,-0.3800,-6.4400,24,-22.1875,-20.0000,20.0000,3,0,0,3
1.6880,184.1250,-45.0000,-633.8346,870.1797,-136.0775,1085.1157,-0.7300,-0.5400,0.8500,1.2438,6.2000,-0.5600,-6.0800,24,-22.1875,-20.0000,20.0000,3,0,0,3
1.7050,184.9375,-45.2500,-461.9472,680.3874,-300.8029,875.6738,-0.7600,-0.6100,0.5600,1.1240,6.2000,-0.5900,-6.3300,24,-23.6875,-19.2500,19.2500,3,0,0,3
1.7260,185.1875,-45.4375,-78.7817,562.2149,-401.0705,695.0897,-0.7500,-0.3300,0.2400,0.8538,6.2300,-0.3000,-6.6300,24,-23.6875,-19.2500,19.2500,3,0,0,3
1.7460,185.3125,-45.6250,96.6866,494.1761,-447.6233,673.7395,-0.7400,0.1100,0.2200,0.7798,6.2600,0.1600,-6.6300,24,-23.6875,-19.2500,19.2500,3,0,0,3
1.7660,185.5625,-45.7500,-57.2958,451.2043,-350.9367,574.4777,-0.7700,0.5900,0.3000,1.0154,6.2500,0.6600,-6.5300,24,-23.2500,-20.0000,19.2500,3,0,0,3
1.7910,185.6875,-45.8750,-103.8486,408.2324,-150.4014,447.2794,-0.6700,0.4600,0.1600,0.8283,6.3700,0.5500,-6.6500,24,-23.2500,-20.0000,19.2500,3,0,0,3
1.8070,185.6875,-46.0625,39.3908,401.0705,25.0669,403.7790,-0.6800,0.3800,0.0200,0.7792,6.3700,0.4600,-6.7800,24,-23.1875,-21.0625,20.0000,3,0,0,3
1.8280,185.9375,-46.0625,-35.8099,408.2324,132.4965,430.6871,-0.6800,0.4900,0.2000,0.8617,6.3800,0.5900,-6.5900,24,-23.1875,-21.0625,20.0000,3,0,0,3
1.8480,186.0000,-46.1875,-39.3908,386.7465,275.7359,476.6076,-0.6100,0.1200,0.8000,1.0132,6.4500,0.2200,-5.9800,24,-23.1875,-21.0625,18.7500,3,0,0,3
1.8690,186.0000,-46.2500,-14.3239,250.6690,329.4508,414.2197,-0.5600,0.2500,1.2800,1.4193,6.5200,0.3400,-5.4900,24,-23.1875,-21.0625,18.7500,3,0,0,3
1.8930,186.1875,-46.3125,-515.6621,7.1620,300.8029,597.0268,-0.4900,-0.3300,1.4600,1.5750,6.5900,-0.2300,-5.3000,24,-23.1875,-21.0625,18.7500,3,0,0,3
1.9100,186.9375,-46.2500,-923.8945,-279.3169,139.6585,975.2453,-0.4500,-0.5600,1.4600,1.6272,6.5000,-0.2200,-4.9700,24,-23.5625,-20.3750,18.7500,3,0,0,3
1.9340,187.6875,-46.0625,-1081.4578,-823.6268,-272.1550,1386.3551,-0.6500,-0.0800,2.0400,2.1425,6.3900,0.1000,-4.7700,24,-23.5625,-20.3750,18.7500,3,0,0,3
1.9540,188.7500,-45.7500,-1167.4014,-1296.3170,-368.8416,1783.0614,-0.9600,-0.3900,1.4700,1.7985,6.0300,-0.1500,-5.3900,24,-23.1875,-21.5000,18.0625,3,0,0,3
1.9750,189.8750,-45.2500,-576.5388,-1640.0916,-415.3944,1787.4144,-0.9100,-0.7400,0.7900,1.4141,6.0100,-0.4500,-6.1300,24,-23.1875,-21.5000,18.0625,3,0,0,3
1.9950,185.1875,-44.3750,440.4613,-1761.8452,-526.4050,1890.8217,-0.7100,-0.0500,-0.0200,0.7120,6.1500,0.2500,-7.0100,24,-23.1875,-21.5000,18.0625,3,0,0,3
2.0160,185.0625,-44.0625,787.8170,-1686.6445,-565.7958,1945.6490,-0.6300,0.9200,-0.0700,1.1172,6.1500,1.2100,-7.1300,24,-23.1875,-21.0625,18.7500,3,0,0,3
2.0370,184.7500,-43.2500,118.1725,-1575.6339,-426.1374,1636.5146,-0.6700,0.8700,-0.2100,1.1180,6.0500,1.1700,-7.3500,24,-23.1875,-21.0625,18.7500,3,0,0,3
2.0560,184.6875,-42.7500,-268.5740,-1425.2325,-236.3451,1469.4484,-0.6800,0.1300,-0.2200,0.7264,5.9700,0.4500,-7.4100,24,-22.0625,-20.7500,19.2500,3,0,0,3
2.0770,184.6875,-42.3125,-3.5810,-1303.4790,-193.3733,1317.7495,-0.7300,-0.0100,0.5500,0.9141,5.8700,0.3100,-6.6800,24,-22.0625,-20.7500,19.2500,3,0,0,3
2.0970,184.5625,-41.8125,-7.1620,-1410.9085,-272.1550,1436.9351,-0.6300,0.1400,0.8600,1.0752,5.9100,0.4800,-6.4300,24,-22.0625,-20.7500,19.2500,3,0,0,3
2.1190,184.5000,-41.3125,-225.6021,-1579.2149,-329.4508,1628.9118,-0.5400,0.2600,0.6400,0.8768,5.9300,0.6200,-6.7100,24,-21.2500,-21.5000,19.6875,3,0,0,3
2.1430,184.4375,-40.7500,-293.6409,-1715.2923,-322.2888,1769.8369,-0.5200,0.2700,0.2800,0.6494,5.6900,0.8900,-7.1700,24,-21.2500,-21.5000,19.6875,3,0,0,3
2.1630,184.3125,-40.1250,-207.6972,-1769.0072,-261.4120,1800.2391,-0.7300,0.5500,0.3200,0.9684,5.5200,0.7900,-7.2300,24,-21.0000,-21.5000,22.0000,3,0,0,3
2.1840,184.3125,-39.5000,-189.7923,-1876.4367,-153.9824,1892.2860,-0.5900,0.1300,0.1400,0.6202,5.6000,0.5600,-7.4400,24,-21.0000,-21.5000,22.0000,3,0,0,3
2.2040,184.3125,-38.8750,-71.6197,-1965.9614,-132.4965,1971.7222,-0.4400,-0.2200,0.0200,0.4923,5.6600,0.2100,-7.6300,24,-21.0000,-21.7500,20.7500,3,0,0,3
2.2250,184.3125,-38.1875,118.1725,-2034.0002,-222.0211,2049.4914,-0.5700,-0.1100,-0.0200,0.5809,5.4300,0.3300,-7.7500,24,-21.0000,-21.7500,20.7500,3,0,0,3
2.2460,184.1875,-37.1250,25.0669,-2076.9719,-293.6409,2097.7763,-0.5800,0.4200,0.2800,0.7689,5.3300,0.8700,-7.5100,24,-21.0000,-21.7500,20.7500,3,0,0,3
2.2660,184.1875,-36.7500,-436.8803,-2170.0776,-311.5458,2235.4333,-0.5300,0.2500,0.1900,0.6160,5.2900,0.7200,-7.6800,24,-20.1875,-21.7500,21.1875,3,0,0,3
2.2900,184.1875,-35.6250,-529.9860,-2234.5354,-315.1268,2318.0463,-0.5700,0.2200,-0.0800,0.6162,5.1400,0.7300,-8.0300,24,-20.1875,-21.7500,21.1875,3,0,0,3
2.3060,184.0000,-34.8750,-333.0317,-2288.2502,-272.1550,2328.3186,-0.6400,0.5200,-0.1300,0.8348,4.9700,1.0500,-8.1600,24,-18.3750,-21.7500,23.1875,3,0,0,3
2.3310,184.0000,-34.0625,-225.6021,-2338.3840,-171.8873,2355.5214,-0.6000,0.3300,-0.5700,0.8910,4.8900,0.8900,-8.6700,24,-18.3750,-21.7500,23.1875,3,0,0,3
2.3480,184.0000,-33.3125,32.2289,-2309.7360,-71.6197,2311.0710,-0.5400,0.3200,-0.6000,0.8683,4.8400,0.8900,-8.7700,24,-18.3750,-21.7500,23.1875,3,0,0,3
2.3720,183.9375,-32.5000,64.4578,-2277.5073,-17.9049,2278.4897,-0.4900,0.3900,-0.8600,1.0639,4.7800,0.9500,-9.1100,24,-17.6875,-22.8750,23.1875,3,0,0,3
2.3930,184.0000,-31.7500,7.1620,-2177.2397,14.3239,2177.2985,-0.3900,0.3600,-0.8500,1.0021,4.7500,0.9900,-9.2400,24,-17.6875,-22.8750,23.1875,3,0,0,3
2.4130,184.0625,-31.0625,25.0669,-2076.9719,75.2007,2078.4841,-0.3300,0.2400,-1.1600,1.2297,4.7300,0.8000,-9.5400,24,-16.8750,-22.1875,22.3750,3,0,0,3
2.4330,184.0625,-30.4375,225.6021,-1908.6656,125.3345,1926.0346,-0.2400,0.3300,-1.4300,1.4871,4.6700,0.8700,-9.9000,24,-16.8750,-22.1875,22.3750,3,0,0,3
2.4540,184.1250,-29.8125,315.1268,-1704.5494,168.3063,1741.5856,-0.2000,0.5100,-1.5800,1.6723,4.6300,1.0300,-10.0900,24,-15.3750,-21.7500,24.2500,3,0,0,3
2.4750,184.0000,-29.3125,186.2113,-1324.9649,275.7359,1366.1029,-0.1800,0.5900,-1.5600,1.6775,4.5900,1.0900,-10.1100,24,-15.3750,-21.7500,24.2500,3,0,0,3
2.4950,184.1875,-28.6875,-10.7430,-1102.9437,390.3275,1170.0238,-0.2700,0.5500,-1.4800,1.6018,4.4300,1.0300,-10.0700,24,-15.3750,-21.7500,24.2500,3,0,0,3
2.5160,184.2500,-28.3750,-118.1725,-963.2853,504.9191,1093.9956,-0.2200,0.2300,-1.3200,1.3578,4.4000,0.7300,-9.9500,24,-15.7500,-22.1875,25.1875,3,0,0,3
2.5360,184.5000,-27.8750,-50.1338,-848.6937,522.8240,998.0678,-0.1400,-0.2200,-1.2200,1.2476,4.4300,0.2600,-9.8800,24,-15.7500,-22.1875,25.1875,3,0,0,3
2.5570,184.6250,-27.6250,-10.7430,-759.1691,436.8803,875.9666,-0.2500,-0.1800,-1.0500,1.0943,4.2900,0.2800,-9.7300,24,-14.0625,-21.7500,24.0000,3,0,0,3
2.5770,184.7500,-27.3750,-93.1056,-691.1304,318.7078,766.7493,-0.3000,-0.4500,-0.8700,1.0244,4.2000,0.0000,-9.5600,24,-14.0625,-21.7500,24.0000,3,0,0,3
2.5970,184.8125,-27.1250,14.3239,-676.8064,182.6303,701.1604,-0.3700,-0.4400,-0.6800,0.8904,4.1000,0.0100,-9.3900,24,-14.0625,-21.7500,24.0000,3,0,0,3
2.6180,184.8125,-26.9375,25.0669,-676.8064,68.0387,680.6795,-0.2800,-0.1900,-0.5400,0.6373,4.1500,0.2600,-9.2700,24,-14.6875,-21.7500,25.2500,3,0,0,3
2.6420,184.8125,-26.6875,-161.1444,-683.9684,-25.0669,703.1420,-0.3000,-0.0500,-0.4000,0.5025,4.0900,0.4100,-9.1500,24,-14.6875,-21.7500,25.2500,3,0,0,3
2.6590,184.8125,-26.4375,-315.1268,-694.7114,-68.0387,765.8707,-0.3200,-0.2200,-0.5100,0.6410,4.0400,0.2500,-9.2800,24,-14.0625,-22.5625,24.3750,3,0,0,3
2.6800,184.8125,-26.1875,-143.2395,-673.2254,-85.9437,693.6399,-0.3400,-0.0600,-0.4200,0.5437,3.9800,0.4200,-9.2100,24,-14.0625,-22.5625,24.3750,3,0,0,3
2.7000,184.7500,-25.8750,-17.9049,-698.2923,-35.8099,699.4391,-0.3500,0.1700,-0.2700,0.4736,3.9200,0.6600,-9.0700,24,-14.0625,-22.5625,24.3750,3,0,0,3
2.7210,184.7500,-25.6250,-132.4965,-752.0072,17.9049,763.8001,-0.2800,-0.0100,-0.3300,0.4329,3.9600,0.4700,-9.1600,24,-14.0000,-20.7500,24.7500,3,0,0,3
2.7450,184.8125,-25.3125,-264.9930,-759.1691,0.0000,804.0889,-0.2800,-0.2600,-0.4600,0.5980,3.8700,0.2800,-9.3600,24,-14.0000,-20.7500,24.7500,3,0,0,3
2.7610,184.8125,-25.0000,-161.1444,-744.8452,-64.4578,764.7984,-0.2900,-0.1000,-0.5400,0.6210,3.8600,0.4700,-9.4400,24,-13.5625,-21.3750,24.0625,3,0,0,3
2.7860,184.8125,-24.6875,-39.3908,-712.6163,-50.1338,715.4628,-0.1700,-0.0700,-0.6600,0.6851,3.8900,0.4400,-9.5600,24,-13.5625,-21.3750,24.0625,3,0,0,3
2.8030,184.8125,-24.3750,10.7430,-615.9296,-64.4578,619.3864,-0.1400,-0.0200,-0.5900,0.6067,3.8800,0.5800,-9.4700,24,-13.5625,-22.5625,24.7500,3,0,0,3
2.8230,184.7500,-24.1875,-125.3345,-515.6621,-75.2007,535.9769,-0.2100,0.0000,-0.5700,0.6075,3.7600,0.4200,-9.5000,24,-13.5625,-22.5625,24.7500,3,0,0,3
2.8470,184.7500,-23.9375,-200.5352,-444.0423,-78.7817,493.5530,-0.1800,-0.2100,-0.3900,0.4781,3.7800,0.3200,-9.3400,24,-13.5625,-22.5625,24.7500,3,0,0,3
2.8640,184.6250,-23.7500,-125.3345,-376.0036,-111.0106,411.5954,-0.1900,0.0700,0.1500,0.2520,3.7400,0.6100,-8.8000,24,-12.5000,-21.0625,25.5625,3,0,0,3
2.8880,184.6250,-23.6250,-64.4578,-504.9191,-100.2676,518.7983,-0.2400,0.2100,0.2800,0.4244,3.6700,0.7600,-8.6900,24,-12.5000,-21.0625,25.5625,3,0,0,3
2.9050,184.5625,-23.4375,-68.0387,-651.7395,-50.1338,657.1964,-0.3500,0.0800,0.1700,0.3972,3.5300,0.6300,-8.8000,24,-13.1875,-22.5625,25.2500,3,0,0,3
2.9290,184.5625,-23.0625,-14.3239,-777.0740,-14.3239,777.3381,-0.2400,-0.0400,-0.0200,0.2441,3.6000,0.5000,-9.0300,24,-13.1875,-22.5625,25.2500,3,0,0,3
2.9500,184.5625,-22.8125,157.5634,-784.2360,-28.6479,800.4205,-0.0600,-0.2100,-0.5400,0.5825,3.7300,0.3300,-9.5600,24,-13.1875,-22.5625,25.2500,3,0,0,3
2.9700,184.5625,-22.6875,311.5458,-658.9015,-78.7817,733.0884,-0.0900,0.0500,-0.5200,0.5301,3.6700,0.5800,-9.5600,24,-12.5000,-21.7500,25.5625,3,0,0,3
2.9910,184.5000,-22.3750,168.3063,-555.0529,-75.2007,584.8640,-0.1600,0.3000,-0.2800,0.4405,3.5700,0.8200,-9.3300,24,-12.5000,-21.7500,25.5625,3,0,0,3
3.0110,184.4375,-22.1875,-200.5352,-504.9191,-32.2289,544.2393,-0.1700,0.1100,-0.1700,0.2644,3.5300,0.6400,-9.2400,24,-12.0625,-21.7500,25.2500,3,0,0,3
3.0320,184.4375,-22.0000,-415.3944,-522.8240,-53.7148,669.9125,-0.2900,-0.1800,0.1200,0.3618,3.3900,0.3500,-8.9400,24,-12.0625,-21.7500,25.2500,3,0,0,3
3.0520,184.4375,-21.8125,-239.9261,-619.5106,-93.1056,670.8402,-0.2900,-0.3800,0.1000,0.4884,3.3500,0.1700,-8.9800,24,-12.0625,-21.7500,25.2500,3,0,0,3
3.0720,184.3125,-21.5625,103.8486,-712.6163,-171.8873,740.3727,-0.1800,0.1400,0.1700,0.2844,3.4200,0.7000,-8.9200,24,-11.6875,-21.3750,26.3750,3,0,0,3
3.0930,184.2500,-21.3125,89.5247,-777.0740,-171.8873,800.8770,-0.1700,0.3000,0.0300,0.3461,3.4000,0.8600,-9.1600,24,-11.6875,-21.3750,26.3750,3,0,0,3
3.1130,184.1250,-21.0625,3.5810,-805.7219,-111.0106,813.3413,-0.2000,0.1800,-0.1500,0.3081,3.3100,0.7500,-9.2800,24,-11.0000,-21.3750,24.8750,3,0,0,3
3.1340,184.1250,-20.8125,53.7148,-787.8170,-96.6866,795.5433,-0.2200,0.2500,-0.1300,0.3575,3.2400,0.8100,-9.2900,24,-11.0000,-21.3750,24.8750,3,0,0,3
3.1550,184.1250,-20.5000,146.8204,-794.9790,-68.0387,811.2811,-0.2200,0.2500,-0.1500,0.3652,3.2200,0.7800,-9.3600,24,-11.2500,-22.5625,26.3750,3,0,0,3
3.1750,184.0000,-20.1875,196.9542,-837.9508,-14.3239,860.9052,-0.1300,0.2700,-0.1600,0.3397,3.2800,0.9100,-9.4100,24,-11.2500,-22.5625,26.3750,3,0,0,3
3.1960,184.0000,-19.8750,-14.3239,-863.0177,10.7430,863.2034,-0.1800,0.2800,-0.2000,0.3883,3.1300,0.8400,-9.4100,24,-11.2500,-22.5625,26.3750,3,0,0,3
3.2160,184.0000,-19.5625,-71.6197,-888.0846,25.0669,891.3204,-0.1900,0.1100,-0.2900,0.3637,3.0700,0.6800,-9.5200,24,-11.0000,-21.0625,25.5625,3,0,0,3
3.2360,184.0625,-19.2500,150.4014,-895.2466,46.5528,908.9852,-0.0800,0.0800,-0.4400,0.4543,3.1200,0.6500,-9.6900,24,-11.0000,-21.0625,25.5625,3,0,0,3
3.2570,184.0625,-18.9375,236.3451,-877.3416,64.4578,910.9018,-0.1200,0.1400,-0.4500,0.4863,3.0300,0.6900,-9.7200,24,-10.1875,-21.7500,26.7500,3,0,0,3
3.2770,183.9375,-18.6250,257.8310,-837.9508,68.0387,879.3564,-0.1300,0.0000,-0.5500,0.5652,2.9700,0.5400,-9.8400,24,-10.1875,-21.7500,26.7500,3,0,0,3
3.2980,183.9375,-18.3125,304.3838,-809.3029,50.1338,866.1028,-0.1100,-0.0300,-0.6500,0.6599,2.9400,0.4800,-9.9500,24,-10.1875,-21.7500,26.7500,3,0,0,3
3.3150,183.9375,-18.0625,329.4508,-787.8170,28.6479,854.4086,-0.0900,0.0100,-0.6300,0.6365,2.9300,0.5100,-9.9500,24,-9.7500,-21.7500,24.7500,3,0,0,3
3.3390,183.9375,-17.7500,343.7747,-687.5494,35.8099,769.5372,-0.1000,0.3300,-0.4600,0.5749,2.8700,0.8100,-9.7900,24,-9.7500,-21.7500,24.7500,3,0,0,3
3.3550,183.9375,-17.5000,250.6690,-680.3874,64.4578,727.9538,-0.1500,0.2000,-0.5700,0.6224,2.7700,0.6700,-9.9100,24,-10.1875,-22.1875,25.5625,3,0,0,3
3.3800,184.0000,-17.2500,-10.7430,-648.1585,175.4683,671.5758,-0.1400,-0.2600,-0.7400,0.7967,2.7400,0.2100,-10.0900,24,-10.1875,-22.1875,25.5625,3,0,0,3
3.4000,184.0625,-16.9375,125.3345,-572.9578,143.2395,603.7441,-0.1400,-0.5700,-0.6000,0.8393,2.7100,-0.1100,-9.9600,24,-10.1875,-22.1875,25.5625,3,0,0,3
3.4210,184.0625,-16.7500,322.2888,-526.4050,28.6479,617.8940,-0.1500,-0.7200,-0.4200,0.8469,2.6800,-0.2700,-9.8000,24,-9.5000,-20.7500,26.0000,3,0,0,3
3.4410,184.0000,-16.6250,619.5106,-529.9860,-89.5247,820.1788,-0.2000,-0.2000,-0.1600,0.3250,2.6000,0.2100,-9.5500,24,-9.5000,-20.7500,26.0000,3,0,0,3
3.4620,183.9375,-16.3750,565.7958,-598.0247,-139.6585,835.0228,-0.2300,0.0400,-0.0800,0.2468,2.5300,0.4300,-9.4800,24,-9.5000,-22.1875,26.3750,3,0,0,3
3.4820,183.8750,-16.1875,254.2500,-655.3205,-139.6585,716.6537,-0.1700,-0.1000,-0.1600,0.2540,2.5600,0.2600,-9.5700,24,-9.5000,-22.1875,26.3750,3,0,0,3
3.5020,183.8125,-15.9375,82.3627,-701.8733,-164.7254,725.6337,-0.1200,-0.3500,-0.1400,0.3956,2.5700,0.0000,-9.5600,24,-9.5000,-22.1875,26.3750,3,0,0,3
3.5230,183.6875,-15.6875,229.1831,-701.8733,-211.2782,767.9776,-0.1400,-0.1500,0.1100,0.2328,2.5000,0.2000,-9.3100,24,-8.7500,-21.0625,26.7500,3,0,0,3
3.5440,183.6250,-15.4375,325.8698,-773.4931,-236.3451,871.9757,-0.1200,-0.2300,0.1600,0.3048,2.4900,0.1100,-9.2800,24,-8.7500,-21.0625,26.7500,3,0,0,3
3.5640,183.5000,-15.1250,429.7184,-880.9226,-268.5740,1016.2749,-0.1100,-0.1000,-0.4000,0.4267,2.4500,0.2100,-9.8600,24,-8.3750,-21.0625,26.7500,3,0,0,3
3.5850,183.3750,-14.8125,472.6902,-845.1127,-275.7359,1006.8177,-0.0700,0.1500,-0.7700,0.7876,2.4800,0.6500,-10.2700,24,-8.3750,-21.0625,26.7500,3,0,0,3
3.6050,183.2500,-14.6250,279.3169,-644.5775,-222.0211,736.7438,-0.0400,0.5400,-0.5600,0.7790,2.3900,0.7900,-9.8700,24,-8.3750,-21.3750,27.1875,3,0,0,3
3.6260,183.1875,-14.4375,-68.0387,-472.6902,-103.8486,488.7226,-0.1500,0.1100,-0.0500,0.1926,2.2700,0.4100,-9.5500,24,-8.3750,-21.3750,27.1875,3,0,0,3
3.6460,183.1875,-14.2500,39.3908,-490.5951,-7.1620,492.2261,-0.1400,-0.0900,0.2300,0.2839,2.2600,0.2000,-9.2700,24,-8.3750,-21.3750,27.1875,3,0,0,3
3.6670,183.1875,-14.1250,189.7923,-537.1480,-7.1620,569.7370,-0.1600,-0.0400,0.3000,0.3423,2.2100,0.2300,-9.2000,24,-7.6875,-21.0625,27.1875,3,0,0,3
3.6870,183.1250,-13.8750,279.3169,-716.1973,-25.0669,769.1456,-0.1300,0.0800,0.0700,0.1679,2.2000,0.3500,-9.4400,24,-7.6875,-21.0625,27.1875,3,0,0,3
3.7080,183.1250,-13.6250,175.4683,-755.5881,-32.2289,776.3640,-0.1000,-0.0800,-0.1700,0.2128,2.1900,0.1700,-9.7000,24,-8.3750,-21.0625,27.5625,3,0,0,3
3.7320,183.1250,-13.3750,-96.6866,-780.6550,-121.7535,795.9865,-0.1100,-0.3800,-0.4900,0.6298,2.1300,-0.1200,-10.0300,24,-8.3750,-21.0625,27.5625,3,0,0,3
3.7490,183.0625,-13.0000,139.6585,-719.7783,-204.1162,761.0839,-0.0200,-0.3100,-0.6400,0.7114,2.1700,-0.0400,-10.1900,24,-8.3750,-21.0625,27.5625,3,0,0,3
3.7690,183.0000,-12.8750,247.0881,-594.4437,-229.1831,683.3306,-0.0300,0.4700,-0.6300,0.7866,2.1400,0.7200,-10.1900,24,-7.2500,-20.7500,26.7500,3,0,0,3
3.7930,182.8750,-12.5625,-85.9437,-504.9191,-132.4965,529.0415,-0.0500,0.4700,-0.5900,0.7560,2.0900,0.7200,-10.1600,24,-7.2500,-20.7500,26.7500,3,0,0,3
3.8100,182.7500,-12.4375,-361.6796,-422.5564,-42.9718,557.8643,-0.0900,0.0400,-0.4700,0.4802,2.0200,0.3100,-10.0500,24,-6.5000,-21.5000,28.3750,3,0,0,3
3.8340,182.7500,-12.3125,-329.4508,-350.9367,-25.0669,481.9986,-0.1100,-0.0800,-0.2400,0.2759,1.9700,0.2100,-9.8200,24,-6.5000,-21.5000,28.3750,3,0,0,3
3.8500,182.7500,-12.1875,-139.6585,-368.8416,-28.6479,395.4356,-0.1500,0.0100,-0.0200,0.1517,1.9200,0.3100,-9.6000,24,-6.5000,-21.5000,28.3750,3,0,0,3
3.8720,182.6875,-12.0625,-57.2958,-444.0423,-21.4859,448.2388,-0.1600,0.0300,0.0000,0.1628,1.8800,0.3300,-9.5900,24,-6.5000,-20.7500,28.3750,3,0,0,3
3.8960,182.6875,-11.8750,-89.5247,-519.2430,-28.6479,527.6823,-0.1300,-0.0700,-0.1300,0.1967,1.8800,0.2300,-9.7300,24,-6.5000,-20.7500,28.3750,3,0,0,3
3.9120,182.5000,-11.6875,-111.0106,-540.7290,-46.5528,553.9660,-0.0500,-0.0500,-0.3800,0.3865,1.9300,0.2500,-9.9700,24,-5.7500,-21.5000,28.0000,3,0,0,3
3.9370,182.5000,-11.5000,-121.7535,-501.3381,-78.7817,521.8911,-0.0800,0.0500,-0.5500,0.5580,1.8800,0.3700,-10.1600,24,-5.7500,-21.5000,28.0000,3,0,0,3
3.9540,182.5000,-11.3750,-236.3451,-426.1374,-82.3627,494.2020,-0.0700,0.0900,-0.5000,0.5128,1.8600,0.4300,-10.1000,24,-6.1875,-20.3750,27.5625,3,0,0,3
3.9780,182.4375,-11.2500,-329.4508,-390.3275,-68.0387,515.2889,-0.0700,-0.0200,-0.3400,0.3477,1.8300,0.3200,-9.9500,24,-6.1875,-20.3750,27.5625,3,0,0,3
3.9980,182.4375,-11.1250,-243.5071,-361.6796,-60.8768,440.2429,-0.0700,0.0600,-0.1400,0.1676,1.8000,0.4400,-9.7600,24,-6.1875,-20.3750,27.5625,3,0,0,3
4.0180,182.4375,-10.9375,-114.5916,-393.9085,-17.9049,410.6284,-0.1400,0.0900,-0.2000,0.2602,1.7300,0.4500,-9.8900,24,-6.5000,-20.3750,27.1875,3,0,0,3
4.0390,182.4375,-10.8125,-128.9155,-422.5564,7.1620,441.8420,-0.0700,-0.0900,-0.4700,0.4836,1.7600,0.2900,-10.0900,24,-6.5000,-20.3750,27.1875,3,0,0,3
4.0600,182.4375,-10.6875,-193.3733,-390.3275,-7.1620,435.6605,-0.0600,-0.1700,-0.5800,0.6074,1.7400,0.2200,-10.2100,24,-5.3750,-20.7500,27.1875,3,0,0,3
4.0800,182.3750,-10.5625,-247.0881,-275.7359,-82.3627,379.2973,-0.0600,-0.0100,-0.4700,0.4739,1.7200,0.4000,-10.1000,24,-5.3750,-20.7500,27.1875,3,0,0,3
4.1010,182.3125,-10.4375,-315.1268,-236.3451,-68.0387,399.7414,-0.1000,0.0200,-0.2800,0.2980,1.6700,0.4500,-9.9200,24,-5.3750,-20.7500,27.1875,3,0,0,3
4.1210,182.0625,-10.3750,-372.4226,-236.3451,-68.0387,446.3035,-0.1300,-0.0800,-0.2700,0.3102,1.6300,0.3600,-9.9100,24,-4.2500,-21.0625,26.3750,3,0,0,3
4.1410,182.0625,-10.2500,-229.1831,-272.1550,-82.3627,365.2080,-0.1000,-0.2600,-0.3400,0.4395,1.6400,0.2000,-9.9700,24,-4.2500,-21.0625,26.3750,3,0,0,3
4.1620,182.0000,-10.1250,35.8099,-279.3169,-107.4296,301.3991,-0.0700,-0.0200,-0.4000,0.4066,1.6500,0.4400,-10.0500,24,-5.3750,-21.7500,26.7500,3,0,0,3
4.1830,182.0000,-10.0625,-14.3239,-247.0881,-103.8486,268.4068,-0.0600,0.3400,-0.3700,0.5061,1.6400,0.8000,-10.0200,24,-5.3750,-21.7500,26.7500,3,0,0,3
4.2030,182.0000,-9.9375,-254.2500,-211.2782,-35.8099,332.5115,-0.0600,0.3100,-0.2100,0.3792,1.6300,0.7900,-9.8500,24,-5.3750,-21.7500,26.7500,3,0,0,3
4.2200,182.0000,-9.8750,-343.7747,-207.6972,53.7148,405.2215,-0.0800,-0.0300,-0.0700,0.1105,1.6000,0.4600,-9.7200,24,-6.1875,-21.5000,27.5625,3,0,0,3
4.2440,182.0625,-9.8125,-211.2782,-232.7641,71.6197,322.4081,-0.1000,-0.1400,-0.1600,0.2349,1.5700,0.3600,-9.8100,24,-6.1875,-21.5000,27.5625,3,0,0,3
4.2640,181.8125,-9.7500,-111.0106,-232.7641,39.3908,260.8719,-0.0600,-0.2900,-0.3500,0.4585,1.5900,0.2200,-10.0000,24,-3.8750,-21.7500,27.1875,3,0,0,3
4.2850,181.8125,-9.6875,-50.1338,-193.3733,-53.7148,206.8620,-0.0700,-0.2600,-0.3400,0.4337,1.5700,0.2600,-9.9900,24,-3.8750,-21.7500,27.1875,3,0,0,3
4.3020,181.7500,-9.5625,7.1620,-182.6303,-128.9155,223.6612,-0.0500,0.0700,-0.1800,0.1995,1.5800,0.5900,-9.8400,24,-3.8750,-21.7500,27.1875,3,0,0,3
4.3250,181.7500,-9.5000,-32.2289,-186.2113,-128.9155,228.7631,-0.0600,0.2000,-0.0300,0.2110,1.5600,0.7200,-9.6800,24,-5.0000,-21.7500,26.0000,3,0,0,3
4.3460,181.6875,-9.4375,-171.8873,-214.8592,-93.1056,290.4796,-0.0700,0.1000,0.0800,0.1459,1.5300,0.6300,-9.5700,24,-5.0000,-21.7500,26.0000,3,0,0,3
4.3630,181.6875,-9.3750,-175.4683,-286.4789,-68.0387,342.7661,-0.1200,0.0400,0.0100,0.1269,1.4700,0.5800,-9.6400,24,-5.7500,-21.0625,27.5625,3,0,0,3
4.3870,181.6875,-9.2500,-139.6585,-340.1937,-32.2289,369.1544,-0.1100,-0.0600,-0.2900,0.3159,1.4600,0.4800,-9.9500,24,-5.7500,-21.0625,27.5625,3,0,0,3
4.4040,181.6875,-9.1250,-53.7148,-322.2888,-39.3908,329.1003,-0.0500,-0.1700,-0.4500,0.4836,1.5000,0.3800,-10.1100,24,-5.7500,-21.0625,27.5625,3,0,0,3
4.4280,181.6875,-9.0625,57.2958,-257.8310,-35.8099,266.5370,-0.0100,0.0100,-0.4400,0.4402,1.5300,0.5700,-10.1100,24,-5.0000,-21.0625,26.3750,3,0,0,3
4.4490,181.6875,-8.9375,-42.9718,-189.7923,-35.8099,197.8637,-0.0300,0.0000,-0.4100,0.4111,1.4900,0.5300,-10.0600,24,-5.0000,-21.0625,26.3750,3,0,0,3
4.4690,181.6875,-8.9375,-171.8873,-136.0775,-57.2958,226.5947,-0.0500,-0.0600,-0.2000,0.2147,1.4700,0.5000,-9.8700,24,-5.3750,-22.1875,27.1875,3,0,0,3
4.4900,181.6250,-8.8750,-164.7254,-132.4965,-50.1338,217.2629,-0.0700,-0.0600,0.0000,0.0922,1.4300,0.5100,-9.6700,24,-5.3750,-22.1875,27.1875,3,0,0,3
4.5100,181.6250,-8.8125,-71.6197,-171.8873,-57.2958,194.8267,-0.1000,0.0300,0.0400,0.1118,1.4300,0.6200,-9.6000,24,-5.3750,-22.8750,26.7500,3,0,0,3
4.5310,181.6250,-8.7500,-25.0669,-243.5071,-60.8768,252.2499,-0.0700,-0.0700,-0.0900,0.1338,1.4000,0.5100,-9.7600,24,-5.3750,-22.8750,26.7500,3,0,0,3
4.5510,181.6250,-8.6250,42.9718,-297.2219,-60.8768,306.4203,-0.0700,-0.0900,-0.1900,0.2216,1.3900,0.4900,-9.8700,24,-5.3750,-22.8750,26.7500,3,0,0,3
4.5680,181.6250,-8.5000,64.4578,-279.3169,-89.5247,300.3122,-0.0200,0.0500,-0.2500,0.2557,1.4200,0.6300,-9.9300,24,-5.0000,-21.5000,27.5625,3,0,0,3
4.5920,181.5625,-8.4375,-125.3345,-239.9261,-93.1056,286.2550,-0.0600,0.1200,-0.2900,0.3195,1.3600,0.7000,-9.9700,24,-5.0000,-21.5000,27.5625,3,0,0,3
4.6080,181.5625,-8.3125,-247.0881,-239.9261,-96.6866,357.7225,-0.0500,0.0000,-0.2100,0.2159,1.3600,0.6000,-9.9000,24,-4.2500,-22.8750,26.3750,3,0,0,3
4.6290,181.5000,-8.2500,-161.1444,-214.8592,-68.0387,277.0582,-0.0500,0.0000,-0.1900,0.1965,1.3500,0.6200,-9.8700,24,-4.2500,-22.8750,26.3750,3,0,0,3
4.6490,181.5000,-8.1875,39.3908,-229.1831,-46.5528,237.1576,-0.0300,0.1100,-0.1700,0.2047,1.3500,0.7300,-9.8500,24,-4.2500,-22.8750,26.3750,3,0,0,3
4.6700,181.3750,-8.1250,42.9718,-218.4402,-32.2289,224.9475,-0.1000,0.0800,-0.2100,0.2460,1.2700,0.7000,-9.9000,24,-3.5625,-21.3750,26.3750,3,0,0,3
4.6900,181.4375,-8.0000,-128.9155,-207.6972,-3.5810,244.4794,-0.1200,-0.0300,-0.1300,0.1794,1.2400,0.5800,-9.8200,24,-3.5625,-21.3750,26.3750,3,0,0,3
4.7110,181.4375,-7.9375,-96.6866,-207.6972,10.7430,229.3509,-0.0900,-0.0500,0.0500,0.1145,1.2500,0.5600,-9.6300,24,-3.8750,-21.3750,27.5625,3,0,0,3
4.7320,181.3750,-7.8750,7.1620,-282.8979,7.1620,283.0792,-0.0800,-0.0400,-0.0600,0.1077,1.2400,0.5700,-9.7500,24,-3.8750,-21.3750,27.5625,3,0,0,3
4.7520,181.3750,-7.7500,-71.6197,-311.5458,-21.4859,320.3932,-0.0700,-0.1600,-0.4000,0.4365,1.2400,0.4500,-10.0900,24,-3.8750,-21.3750,27.5625,3,0,0,3
4.7720,181.3750,-7.6250,-68.0387,-300.8029,-39.3908,310.9072,-0.0400,-0.0700,-0.3900,0.3982,1.2600,0.5500,-10.0900,24,-4.6875,-21.0625,26.0000,3,0,0,3
4.7930,181.3750,-7.5625,-3.5810,-204.1162,-60.8768,213.0310,-0.0400,0.0600,0.0000,0.0721,1.2400,0.6900,-9.7000,24,-4.6875,-21.0625,26.0000,3,0,0,3
4.8130,181.3750,-7.5000,-25.0669,-247.0881,-32.2289,250.4387,-0.1000,0.0900,0.0600,0.1473,1.1700,0.7200,-9.6300,24,-3.8750,-21.7500,27.1875,3,0,0,3
4.8340,181.3750,-7.3750,-64.4578,-325.8698,-21.4859,332.8777,-0.1100,-0.0100,-0.1900,0.2198,1.1400,0.6100,-9.8900,24,-3.8750,-21.7500,27.1875,3,0,0,3
4.8540,181.3750,-7.2500,3.5810,-383.1655,-7.1620,383.2492,-0.1100,-0.1500,-0.5600,0.5901,1.1200,0.4800,-10.2700,24,-3.8750,-21.7500,27.1875,3,0,0,3
4.8750,181.3750,-7.1250,139.6585,-318.7078,-3.5810,347.9827,-0.0500,-0.0600,-0.7000,0.7043,1.1600,0.5600,-10.4100,24,-3.8750,-22.1875,27.5625,3,0,0,3
4.8950,181.3750,-7.0625,82.3627,-214.8592,-21.4859,231.1054,-0.0300,-0.0900,-0.5700,0.5778,1.1700,0.5200,-10.2800,24,-3.8750,-22.1875,27.5625,3,0,0,3
4.9160,181.3750,-7.0000,-68.0387,-146.8204,-35.8099,165.7343,-0.0500,0.0000,-0.3100,0.3140,1.1400,0.6200,-10.0300,24,-4.2500,-22.5625,27.1875,3,0,0,3
4.9360,181.3750,-6.9375,-250.6690,-114.5916,-68.0387,283.8934,-0.0500,-0.0700,-0.2500,0.2644,1.1300,0.5600,-9.9600,24,-4.2500,-22.5625,27.1875,3,0,0,3
4.9570,181.3125,-6.8750,-179.0493,-103.8486,-71.6197,219.0264,-0.0800,-0.0500,0.0000,0.0943,1.0900,0.5900,-9.7100,24,-4.2500,-22.5625,27.1875,3,0,0,3
4.9760,181.3125,-6.8750,103.8486,-153.9824,-50.1338,192.3760,-0.1100,0.1700,0.0100,0.2027,1.0500,0.8200,-9.7000,24,-3.5625,-21.3750,26.7500,3,0,0,3
4.9980,181.3125,-6.8125,114.5916,-196.9542,-17.9049,228.5668,-0.1000,0.1700,-0.0700,0.2093,1.0600,0.8100,-9.7800,24,-3.5625,-21.3750,26.7500,3,0,0,3
5.0180,181.3125,-6.6875,-32.2289,-229.1831,7.1620,231.5489,-0.0900,0.0200,-0.2000,0.2202,1.0500,0.6600,-9.9200,24,-3.8750,-22.1875,27.1875,3,0,0,3
5.0390,181.3125,-6.6250,10.7430,-204.1162,7.1620,204.5242,-0.0300,0.0500,-0.3300,0.3351,1.1000,0.6900,-10.0500,24,-3.8750,-22.1875,27.1875,3,0,0,3
5.0590,181.3125,-6.5625,85.9437,-157.5634,28.6479,181.7505,-0.0700,0.1200,-0.2000,0.2435,1.0400,0.7600,-9.9200,24,-3.1875,-21.7500,26.7500,3,0,0,3
5.0790,181.3125,-6.5000,-25.0669,-136.0775,39.3908,143.8648,-0.1100,0.0600,-0.1300,0.1806,1.0000,0.7000,-9.8500,24,-3.1875,-21.7500,26.7500,3,0,0,3
5.1000,181.3125,-6.5000,-125.3345,-139.6585,35.8099,191.0381,-0.0800,-0.1000,-0.1200,0.1755,1.0300,0.5600,-9.8300,24,-3.1875,-21.7500,26.7500,3,0,0,3
5.1200,181.3750,-6.4375,-35.8099,-136.0775,17.9049,141.8450,-0.1000,-0.1000,-0.1300,0.1921,1.0200,0.5800,-9.8200,24,-3.1875,-22.1875,26.0000,3,0,0,3
5.1410,181.3750,-6.3750,103.8486,-157.5634,25.0669,190.3657,-0.0900,0.1000,0.0000,0.1345,0.9900,0.7400,-9.7200,24,-3.1875,-22.1875,26.0000,3,0,0,3
5.1580,181.3750,-6.3125,50.1338,-179.0493,35.8099,189.3526,-0.0600,0.0400,-0.0500,0.0877,1.0100,0.6700,-9.7800,24,-3.8750,-21.3750,27.1875,3,0,0,3
5.1810,181.3750,-6.2500,-35.8099,-214.8592,42.9718,222.0211,-0.0300,-0.0700,-0.2200,0.2328,1.0100,0.5600,-10.0400,24,-3.8750,-21.3750,27.1875,3,0,0,3
5.2020,181.3750,-6.1875,89.5247,-186.2113,57.2958,214.4111,-0.0300,0.0800,-0.2300,0.2454,1.0100,0.7100,-9.9600,24,-3.8750,-21.3750,27.1875,3,0,0,3
5.2190,181.4375,-6.1250,3.5810,-175.4683,53.7148,183.5408,-0.0200,0.0900,-0.2100,0.2293,0.9800,0.6600,-9.9400,24,-2.7500,-21.7500,26.7500,3,0,0,3
5.2430,181.4375,-6.0625,-164.7254,-186.2113,53.7148,254.3509,-0.0600,-0.0900,-0.2900,0.3095,0.9600,0.5500,-10.0200,24,-2.7500,-21.7500,26.7500,3,0,0,3
5.2600,181.4375,-5.9375,-139.6585,-179.0493,42.9718,231.1054,-0.0600,-0.0800,-0.3200,0.3353,0.9500,0.5600,-10.0600,24,-2.7500,-21.7500,27.1875,3,0,0,3
5.2800,181.5000,-5.9375,28.6479,-171.8873,50.1338,181.3267,-0.0300,0.0300,-0.2700,0.2733,0.9700,0.6700,-10.0000,24,-2.7500,-21.7500,27.1875,3,0,0,3
5.3000,181.5000,-5.8750,0.0000,-128.9155,82.3627,152.9798,-0.0400,-0.0300,-0.1100,0.1208,0.9500,0.6100,-9.8400,24,-2.7500,-21.7500,27.1875,3,0,0,3
5.3200,181.5000,-5.8125,-17.9049,-121.7535,85.9437,150.1027,-0.0200,-0.1400,0.0200,0.1428,0.9600,0.5000,-9.7100,24,-4.2500,-21.5000,26.7500,3,0,0,3
5.3420,181.5625,-5.7500,-3.5810,-218.4402,46.5528,223.3743,-0.0600,-0.1900,-0.1000,0.2229,0.9100,0.4400,-9.8400,24,-4.2500,-21.5000,26.7500,3,0,0,3
5.3610,181.5625,-5.6875,-35.8099,-247.0881,17.9049,250.3107,-0.0100,-0.3000,-0.3900,0.4921,0.9400,0.3300,-10.1300,24,-1.6875,-21.7500,26.0000,3,0,0,3
5.3830,181.5625,-5.5625,-85.9437,-218.4402,-100.2676,255.2568,0.0000,-0.2600,-0.5000,0.5636,0.9400,0.3800,-10.2400,24,-1.6875,-21.7500,26.0000,3,0,0,3
5.4030,181.5000,-5.5000,35.8099,-153.9824,-128.9155,203.9905,0.0300,0.1100,-0.2100,0.2390,0.9700,0.7600,-9.9500,24,-1.6875,-21.7500,26.0000,3,0,0,3
5.4240,181.5000,-5.4375,-35.8099,-132.4965,-96.6866,167.8868,-0.0200,0.2200,-0.0900,0.2385,0.9100,0.8700,-9.8300,24,-3.5625,-22.5625,27.1875,3,0,0,3
5.4480,181.4375,-5.3750,-153.9824,-179.0493,-17.9049,236.8329,0.0000,0.0800,-0.2900,0.3008,0.9100,0.7400,-10.0300,24,-3.5625,-22.5625,27.1875,3,0,0,3
5.4640,181.4375,-5.3125,-207.6972,-189.7923,21.4859,282.1717,0.0300,-0.0900,-0.5000,0.5089,0.9500,0.5700,-10.2400,24,-3.8750,-21.5000,26.0000,3,0,0,3
5.4890,181.5000,-5.2500,-186.2113,-161.1444,10.7430,246.4905,0.0300,-0.3300,-0.5800,0.6680,0.9400,0.3400,-10.3200,24,-3.8750,-21.5000,26.0000,3,0,0,3
5.5050,181.5000,-5.2500,71.6197,-93.1056,-17.9049,118.8219,0.0400,-0.1600,-0.4900,0.5170,0.9400,0.5200,-10.2300,24,-3.8750,-21.5000,26.0000,3,0,0,3
5.5260,181.4375,-5.1875,114.5916,-46.5528,-50.1338,133.4608,0.0100,0.1000,-0.2500,0.2694,0.9100,0.7800,-9.9900,24,-3.1875,-22.5625,27.1875,3,0,0,3
5.5470,181.4375,-5.1875,-93.1056,-57.2958,-46.5528,118.8219,-0.0100,-0.0700,-0.2500,0.2598,0.8800,0.5900,-9.9900,24,-3.1875,-22.5625,27.1875,3,0,0,3
5.5670,181.4375,-5.1250,-75.2007,-96.6866,-85.9437,149.6321,0.0100,-0.0800,-0.3800,0.3885,0.9000,0.5900,-10.1200,24,-3.1875,-21.0625,26.7500,3,0,0,3
5.5880,181.3750,-5.1250,100.2676,-82.3627,-111.0106,170.7646,0.0200,0.2200,-0.3700,0.4309,0.9000,0.9000,-10.1100,24,-3.1875,-21.0625,26.7500,3,0,0,3
5.6080,181.3750,-5.1250,57.2958,-25.0669,-50.1338,80.1533,0.0400,0.3300,0.0000,0.3324,0.9100,1.0100,-9.7400,24,-3.1875,-21.3750,26.3750,3,0,0,3
5.6320,181.3750,-5.1250,-46.5528,-17.9049,53.7148,73.3010,0.0200,0.2000,0.1100,0.2291,0.8900,0.8100,-9.6100,24,-3.1875,-21.3750,26.3750,3,0,0,3
5.6530,181.3750,-5.0625,-111.0106,-75.2007,93.1056,163.2396,0.0500,-0.0600,-0.0500,0.0927,0.9200,0.6200,-9.7900,24,-3.1875,-21.3750,26.3750,3,0,0,3
5.6730,181.4375,-5.0625,-175.4683,-132.4965,89.5247,237.4008,0.0200,-0.1400,-0.1100,0.1792,0.8900,0.5800,-9.9100,24,-2.5000,-22.1875,27.1875,3,0,0,3
5.6930,181.4375,-5.0000,-93.1056,-136.0775,64.4578,177.0326,0.0400,0.0000,-0.2400,0.2433,0.9000,0.7000,-9.9800,24,-2.5000,-22.1875,27.1875,3,0,0,3
5.7100,181.5000,-5.0000,-17.9049,-118.1725,50.1338,129.6099,0.0300,0.0300,-0.2100,0.2142,0.8400,0.7200,-10.0000,24,-2.0625,-22.1875,26.3750,3,0,0,3
5.7310,181.5000,-4.9375,-107.4296,-111.0106,53.7148,163.5535,0.0100,-0.0300,-0.4100,0.4112,0.8500,0.6700,-10.1500,24,-2.0625,-22.1875,26.3750,3,0,0,3
5.7550,181.5000,-4.8750,-103.8486,-78.7817,71.6197,148.7295,0.0300,-0.0200,-0.3800,0.3817,0.8700,0.6800,-10.1300,24,-2.0625,-22.1875,26.3750,3,0,0,3
5.7750,181.5625,-4.8750,-21.4859,-53.7148,82.3627,100.6506,0.0000,0.0500,-0.2400,0.2452,0.8300,0.7600,-9.9900,24,-2.7500,-21.5000,27.1875,3,0,0,3
5.7970,181.6250,-4.8750,-10.7430,-53.7148,111.0106,123.7903,-0.0200,-0.0300,-0.3000,0.3022,0.8000,0.6800,-10.0500,24,-2.7500,-21.5000,27.1875,3,0,0,3
5.8160,181.6250,-4.8125,-64.4578,-46.5528,128.9155,151.4634,-0.0400,-0.2400,-0.2700,0.3635,0.7800,0.4700,-10.0100,24,-2.5000,-22.1875,26.3750,3,0,0,3
5.8370,181.6875,-4.8125,10.7430,-64.4578,96.6866,116.6984,0.0200,-0.2800,-0.3200,0.4257,0.8500,0.4300,-10.0700,24,-2.5000,-22.1875,26.3750,3,0,0,3
5.8570,181.6875,-4.8125,132.4965,-42.9718,32.2289,142.9706,0.0000,-0.1100,-0.2200,0.2460,0.8200,0.5900,-9.9700,24,-2.5000,-22.1875,26.3750,3,0,0,3
5.8740,181.6875,-4.8125,107.4296,-53.7148,0.0000,120.1099,0.0600,0.0400,-0.1900,0.2032,0.8900,0.7400,-9.9400,24,-2.5000,-22.1875,26.3750,3,0,0,3
5.8950,181.6875,-4.7500,3.5810,-82.3627,7.1620,82.7510,0.0500,0.0800,-0.3700,0.3818,0.8700,0.7800,-10.1200,24,-2.5000,-22.1875,26.3750,3,0,0,3
5.9140,181.6875,-4.7500,-121.7535,-60.8768,-7.1620,136.3129,0.0600,0.0600,-0.3600,0.3699,0.8700,0.7600,-10.1000,24,-2.5000,-22.1875,26.3750,3,0,0,3
5.9360,181.6875,-4.7500,-103.8486,-32.2289,3.5810,108.7936,0.0600,0.2600,-0.2500,0.3657,0.8800,0.9700,-9.9900,24,-2.5000,-22.1875,26.3750,3,0,0,3
5.9560,181.6875,-4.7500,-3.5810,-21.4859,71.6197,74.8589,-0.0300,0.3500,-0.2100,0.4093,0.7800,1.0600,-9.9500,24,-2.5000,-22.1875,26.3750,3,0,0,3
5.9760,181.7500,-4.7500,-121.7535,-39.3908,182.6303,223.0009,0.0000,0.0400,-0.3000,0.3027,0.8100,0.7600,-10.0500,24,-2.0625,-21.7500,25.5625,3,0,0,3
5.9970,181.8750,-4.7500,-150.4014,-32.2289,225.6021,273.0487,0.0000,-0.2300,-0.2800,0.3624,0.8000,0.4900,-10.0200,24,-2.0625,-21.7500,25.5625,3,0,0,3
6.0170,181.9375,-4.7500,-10.7430,-7.1620,193.3733,193.8038,-0.0100,-0.1900,-0.2300,0.2985,0.7900,0.5300,-9.9700,24,-2.7500,-22.1875,26.3750,3,0,0,3
6.0380,182.0000,-4.7500,17.9049,3.5810,143.2395,144.3986,-0.0300,-0.0900,-0.2100,0.2304,0.7700,0.6300,-9.9500,24,-2.7500,-22.1875,26.3750,3,0,0,3
6.0580,182.0000,-4.7500,-53.7148,21.4859,107.4296,122.0166,-0.0200,0.0000,-0.1100,0.1118,0.7900,0.7300,-9.8500,24,-2.7500,-22.1875,26.3750,3,0,0,3
6.0750,182.0000,-4.7500,-100.2676,-28.6479,100.2676,144.6647,-0.0300,-0.0100,-0.1700,0.1729,0.7800,0.7000,-9.9200,24,-2.5000,-22.1875,26.3750,3,0,0,3
6.0950,182.0625,-4.7500,-118.1725,-50.1338,89.5247,156.5018,0.0000,-0.1400,-0.3300,0.3585,0.8100,0.5800,-10.0800,24,-2.5000,-22.1875,26.3750,3,0,0,3
6.1200,182.1250,-4.6875,-60.8768,-14.3239,53.7148,82.4405,0.0000,0.0300,-0.3000,0.3015,0.8000,0.7700,-10.0400,24,-3.8750,-22.1875,26.7500,3,0,0,3
6.1410,182.1250,-4.7500,-28.6479,-3.5810,50.1338,57.8526,-0.0100,0.2000,-0.2700,0.3362,0.7900,0.9300,-10.0200,24,-3.8750,-22.1875,26.7500,3,0,0,3
6.1570,182.1250,-4.7500,71.6197,-3.5810,100.2676,123.2713,-0.0200,0.3500,-0.2600,0.4365,0.7900,1.0800,-10.0100,24,-3.8750,-22.1875,26.7500,3,0,0,3
6.1810,182.1875,-4.7500,21.4859,10.7430,189.7923,191.3065,0.0300,0.0700,-0.4000,0.4072,0.8500,0.8000,-10.1500,24,-2.5000,-21.7500,26.0000,3,0,0,3
6.2020,182.3125,-4.7500,-71.6197,57.2958,232.7641,250.1826,-0.0300,-0.1000,-0.3300,0.3461,0.7800,0.6300,-10.0700,24,-2.5000,-21.7500,26.0000,3,0,0,3
6.2220,182.3750,-4.7500,-89.5247,75.2007,196.9542,229.0432,-0.0200,-0.1800,-0.3600,0.4030,0.7900,0.5500,-10.1100,24,-2.5000,-22.8750,26.3750,3,0,0,3
6.2430,182.4375,-4.8125,-14.3239,93.1056,164.7254,189.7585,-0.0200,-0.1300,-0.2700,0.3003,0.7800,0.6500,-9.9000,24,-2.5000,-22.8750,26.3750,3,0,0,3
6.2630,182.4375,-4.8750,-57.2958,114.5916,121.7535,176.7426,-0.0400,-0.0500,-0.0400,0.0755,0.7900,0.6800,-9.7900,24,-2.7500,-22.1875,26.7500,3,0,0,3
6.2840,182.5000,-4.8750,-100.2676,57.2958,93.1056,148.3410,-0.0700,-0.0800,0.0400,0.1136,0.7700,0.6900,-9.7700,24,-2.7500,-22.1875,26.7500,3,0,0,3
6.3040,182.5000,-4.8750,78.7817,-42.9718,128.9155,157.0743,0.0000,0.0700,-0.3400,0.3471,0.8300,0.8100,-10.0800,24,-2.7500,-22.1875,26.7500,3,0,0,3
6.3250,182.5625,-4.8750,71.6197,-28.6479,150.4014,169.0286,0.0200,-0.0400,-0.3900,0.3926,0.8600,0.6900,-10.1400,24,-3.5625,-22.1875,26.3750,3,0,0,3
6.3450,182.6250,-4.8750,-42.9718,46.5528,179.0493,189.9274,0.0200,-0.1200,-0.2500,0.2780,0.8600,0.6100,-9.9900,24,-3.5625,-22.1875,26.3750,3,0,0,3
6.3660,182.6875,-4.8750,-171.8873,46.5528,114.5916,211.7632,0.0100,-0.2400,-0.1700,0.2943,0.8500,0.4900,-9.9200,24,-3.5625,-22.5625,26.7500,3,0,0,3
6.3860,182.7500,-4.9375,-164.7254,32.2289,85.9437,188.5722,0.0400,-0.2600,-0.3400,0.4299,0.8900,0.4800,-10.0800,24,-3.5625,-22.5625,26.7500,3,0,0,3
6.4070,182.7500,-4.9375,-53.7148,35.8099,46.5528,79.5914,0.0000,-0.2100,-0.3300,0.3912,0.8500,0.5400,-10.0700,24,-3.5625,-22.5625,26.7500,3,0,0,3
6.4270,182.7500,-4.9375,78.7817,68.0387,10.7430,104.6482,0.0000,0.1800,-0.1900,0.2617,0.8400,0.9200,-9.9400,24,-2.7500,-22.5625,26.7500,3,0,0,3
6.4470,182.7500,-5.0000,-121.7535,71.6197,64.4578,155.2679,0.0200,0.1500,-0.1600,0.2202,0.8800,0.9000,-9.9000,24,-2.7500,-22.5625,26.7500,3,0,0,3
6.4680,182.8125,-5.0000,-204.1162,68.0387,100.2676,237.3737,0.0200,-0.1100,-0.1200,0.1640,0.8900,0.6400,-9.8600,24,-2.7500,-21.3750,26.3750,3,0,0,3
6.4880,182.8750,-5.0625,-150.4014,50.1338,93.1056,183.8550,0.0000,-0.1500,-0.0700,0.1655,0.8500,0.6100,-9.8100,24,-2.7500,-21.3750,26.3750,3,0,0,3
6.5080,182.8750,-5.0625,17.9049,3.5810,78.7817,80.8701,0.0300,-0.0200,-0.0800,0.0877,0.9000,0.7300,-9.8200,24,-2.7500,-21.3750,26.3750,3,0,0,3
6.5260,182.9375,-5.0625,-28.6479,-14.3239,85.9437,91.7180,0.0200,0.0100,-0.1900,0.1913,0.8900,0.7700,-9.9300,24,-2.7500,-22.1875,27.1875,3,0,0,3
6.5500,182.9375,-5.0625,-14.3239,7.1620,82.3627,83.9052,0.0600,-0.2300,-0.4500,0.5089,0.9200,0.5300,-10.1900,24,-2.7500,-22.1875,27.1875,3,0,0,3
6.5670,182.9375,-5.0625,32.2289,82.3627,46.5528,99.9474,0.0400,-0.1900,-0.4200,0.4627,0.9100,0.5600,-10.1600,24,-3.5625,-21.7500,27.1875,3,0,0,3
6.5870,182.9375,-5.1250,-7.1620,136.0775,28.6479,139.2447,0.0500,0.0000,-0.2400,0.2452,0.9300,0.7600,-9.9700,24,-3.5625,-21.7500,27.1875,3,0,0,3
6.6070,182.9375,-5.1875,-114.5916,132.4965,25.0669,176.9602,0.0200,0.0100,-0.0400,0.0458,0.9000,0.7800,-9.7700,24,-3.5625,-21.7500,27.1875,3,0,0,3
6.6320,183.0000,-5.1875,-78.7817,85.9437,60.8768,131.5251,-0.0100,-0.0500,0.0400,0.0648,0.8700,0.7100,-9.6900,24,-3.5625,-21.7500,27.1875,3,0,0,3
6.6520,183.0000,-5.1875,14.3239,32.2289,75.2007,83.0604,0.0100,-0.0800,0.0000,0.0806,0.9000,0.6800,-9.7300,24,-3.5625,-21.7500,27.1875,3,0,0,3
6.6690,183.0000,-5.1875,25.0669,7.1620,75.2007,79.5914,0.0100,-0.0600,-0.1000,0.1170,0.9100,0.7000,-9.8300,24,-3.8750,-21.7500,27.1875,3,0,0,3
6.6930,183.0625,-5.1875,-46.5528,25.0669,60.8768,80.6319,0.0300,-0.2200,-0.1100,0.2478,0.9300,0.5400,-9.8400,24,-3.8750,-21.7500,27.1875,3,0,0,3
6.7100,183.0625,-5.1875,14.3239,28.6479,17.9049,36.6942,0.0000,-0.4100,-0.0600,0.4144,0.8900,0.3500,-9.8000,24,-3.8750,-21.7500,27.1875,3,0,0,3
6.7300,183.0625,-5.1875,111.0106,-7.1620,-50.1338,122.0166,0.0500,-0.2800,-0.0100,0.2846,0.9400,0.4600,-9.7400,24,-2.7500,-21.7500,26.3750,3,0,0,3
6.7510,183.0000,-5.1875,17.9049,-35.8099,-93.1056,101.3489,0.0200,-0.0700,0.0500,0.0883,0.9200,0.6700,-9.6800,24,-2.7500,-21.7500,26.3750,3,0,0,3
6.7710,183.0000,-5.1875,-100.2676,-82.3627,-96.6866,161.8194,0.0100,-0.1500,0.0600,0.1619,0.9000,0.5900,-9.6700,24,-3.8750,-22.5625,26.0000,3,0,0,3
6.7920,182.9375,-5.1250,-42.9718,-125.3345,-107.4296,170.5768,0.0300,-0.0700,-0.1600,0.1772,0.9100,0.6800,-9.9000,24,-3.8750,-22.5625,26.0000,3,0,0,3
6.8120,182.9375,-5.1250,-89.5247,-100.2676,-103.8486,169.8611,0.0300,0.0000,-0.3300,0.3314,0.9100,0.7600,-10.0700,24,-3.8750,-22.5625,26.0000,3,0,0,3
6.8330,182.8750,-5.0625,-64.4578,-35.8099,-96.6866,121.5955,0.0400,-0.0500,-0.3400,0.3460,0.9200,0.7100,-10.0800,24,-3.1875,-21.7500,27.1875,3,0,0,3
6.8530,182.8750,-5.0625,89.5247,-3.5810,-50.1338,102.6688,0.0300,0.0700,-0.1800,0.1954,0.9000,0.8400,-9.9200,24,-3.1875,-21.7500,27.1875,3,0,0,3
6.8740,182.8750,-5.0625,39.3908,-28.6479,-10.7430,49.8774,0.0300,0.1200,-0.0700,0.1421,0.8900,0.7300,-9.8500,24,-3.1875,-21.0625,25.5625,3,0,0,3
6.8980,182.8750,-5.0625,-68.0387,-50.1338,-3.5810,84.5901,0.0200,-0.1500,-0.1500,0.2131,0.8900,0.6100,-9.8900,24,-3.1875,-21.0625,25.5625,3,0,0,3
6.9140,182.8750,-5.0625,-78.7817,-68.0387,-50.1338,115.5388,0.0100,-0.0900,-0.1600,0.1838,0.9000,0.6700,-9.9300,24,-3.5625,-22.5625,26.7500,3,0,0,3
6.9350,182.8750,-5.0000,-75.2007,-82.3627,-64.4578,128.8160,0.0300,-0.0700,-0.3000,0.3095,0.8900,0.7000,-10.0400,24,-3.5625,-22.5625,26.7500,3,0,0,3
6.9560,182.8125,-5.0000,-21.4859,-53.7148,-71.6197,92.0669,0.0100,0.0500,-0.2700,0.2748,0.8600,0.8200,-10.0100,24,-3.5625,-22.5625,26.7500,3,0,0,3
6.9800,182.8125,-5.0000,-25.0669,-46.5528,-42.9718,68.1329,0.0500,0.1500,-0.3000,0.3391,0.9000,0.9200,-10.0400,24,-4.6875,-22.1875,26.7500,3,0,0,3
7.0010,182.8125,-4.9375,-93.1056,-32.2289,-3.5810,98.5910,0.0800,0.1400,-0.4800,0.5064,0.9300,0.9200,-10.2200,24,-4.6875,-22.1875,26.7500,3,0,0,3
7.0170,182.8125,-4.9375,-118.1725,39.3908,35.8099,129.6099,0.0700,0.1100,-0.4200,0.4398,0.9200,0.9000,-10.1600,24,-2.7500,-21.5000,26.7500,3,0,0,3
7.0410,182.8125,-5.0000,-128.9155,89.5247,68.0387,171.0647,0.0000,0.1900,-0.0900,0.2102,0.8600,0.9900,-9.8300,24,-2.7500,-21.5000,26.7500,3,0,0,3
7.0570,182.8750,-5.0000,-239.9261,46.5528,128.9155,276.3167,-0.0100,0.2000,0.0000,0.2002,0.8400,1.0100,-9.7300,24,-2.7500,-21.5000,26.7500,3,0,0,3
7.0820,182.9375,-5.0000,-383.1655,7.1620,175.4683,421.4929,-0.0400,-0.1900,-0.0800,0.2100,0.8200,0.6300,-9.8100,24,-3.1875,-23.2500,26.0000,3,0,0,3
7.1030,183.0000,-5.0000,-222.0211,-46.5528,111.0106,252.5547,0.0000,-0.5700,-0.2300,0.6147,0.8700,0.2700,-9.9600,24,-3.1875,-23.2500,26.0000,3,0,0,3
7.1190,183.0000,-5.0000,114.5916,-42.9718,21.4859,124.2556,0.0200,-0.3500,-0.3100,0.4680,0.8900,0.4800,-10.0500,24,-3.5625,-22.8750,27.1875,3,0,0,3
7.1440,183.0000,-5.0000,35.8099,-10.7430,-28.6479,47.1005,0.0400,0.0000,-0.4400,0.4418,0.9000,0.8400,-10.1800,24,-3.5625,-22.8750,27.1875,3,0,0,3
7.1600,183.0000,-5.0000,-89.5247,46.5528,-25.0669,103.9720,0.0000,-0.0600,-0.4600,0.4639,0.8600,0.7700,-10.1900,24,-3.5625,-22.8750,27.1875,3,0,0,3
7.1810,183.0000,-5.0625,-39.3908,89.5247,0.0000,97.8075,0.0100,0.0000,-0.2200,0.2202,0.8800,0.8400,-9.9500,24,-3.8750,-21.7500,26.3750,3,0,0,3
7.2050,183.0000,-5.0625,-46.5528,57.2958,21.4859,76.8870,-0.0100,-0.0800,-0.0900,0.1208,0.8500,0.7600,-9.8200,24,-3.8750,-21.7500,26.3750,3,0,0,3
7.2260,183.0000,-5.0625,-7.1620,39.3908,10.7430,41.4529,0.0200,-0.1800,-0.0800,0.1980,0.9100,0.6800,-9.8600,24,-3.5625,-22.1875,26.3750,3,0,0,3
7.2460,183.0000,-5.0625,71.6197,25.0669,-3.5810,75.9642,0.0300,-0.1200,-0.0200,0.1253,0.9000,0.7100,-9.7500,24,-3.5625,-22.1875,26.3750,3,0,0,3
7.2670,183.0000,-5.0625,-35.8099,10.7430,-32.2289,49.3605,0.0300,-0.1300,0.0000,0.1334,0.9000,0.6500,-9.7700,24,-3.8750,-22.1875,26.0000,3,0,0,3
7.2870,182.9375,-5.0625,-132.4965,-25.0669,-96.6866,165.9276,0.0000,-0.2000,-0.1700,0.2625,0.8800,0.6400,-9.9000,24,-3.8750,-22.1875,26.0000,3,0,0,3
7.3080,182.9375,-5.0625,14.3239,-53.7148,-132.4965,143.6864,0.0100,-0.0300,-0.2900,0.2917,0.8800,0.8100,-10.0200,24,-3.8750,-22.1875,26.0000,3,0,0,3
7.3280,182.8750,-5.0625,128.9155,-28.6479,-125.3345,182.0677,0.0400,0.0700,-0.3300,0.3397,0.9300,1.1200,-10.0200,24,-3.5625,-22.8750,25.5625,3,0,0,3
7.3490,182.8125,-5.0625,-60.8768,3.5810,-14.3239,62.6417,0.0100,0.2900,-0.1700,0.3363,0.8800,1.1300,-9.9000,24,-3.5625,-22.8750,25.5625,3,0,0,3
7.3690,182.8750,-5.0625,-71.6197,-32.2289,42.9718,89.5247,0.0200,0.0300,-0.1200,0.1253,0.8900,0.8800,-9.8500,24,-3.5625,-22.1875,26.3750,3,0,0,3
7.3940,182.8750,-5.0000,21.4859,-53.7148,68.0387,89.3095,0.0100,-0.0300,-0.2400,0.2421,0.8700,0.8000,-9.9700,24,-3.5625,-22.1875,26.3750,3,0,0,3
7.4140,182.8750,-5.0000,53.7148,0.0000,68.0387,86.6865,0.0500,-0.2000,-0.3300,0.3891,0.9100,0.6300,-10.0700,24,-3.5625,-22.1875,26.3750,3,0,0,3
7.4350,182.8750,-5.0625,35.8099,50.1338,7.1620,62.0245,0.0000,-0.0900,-0.1300,0.1581,0.8700,0.7400,-9.8600,24,-3.8750,-21.5000,26.7500,3,0,0,3
7.4550,182.8750,-5.0625,-100.2676,25.0669,-25.0669,106.3499,0.0000,-0.1300,0.0700,0.1476,0.8700,0.7000,-9.6500,24,-3.8750,-21.5000,26.7500,3,0,0,3
7.4750,182.8750,-5.0625,-64.4578,-57.2958,-64.4578,107.6681,-0.0100,-0.1800,-0.0800,0.1972,0.8400,0.6600,-9.8200,24,-3.1875,-22.8750,25.5625,3,0,0,3
7.4990,182.8750,-5.0000,89.5247,-85.9437,-103.8486,161.8194,0.0200,0.0400,-0.2800,0.2835,0.8800,0.8900,-10.0200,24,-3.1875,-22.8750,25.5625,3,0,0,3
7.5170,182.8125,-5.0000,50.1338,-78.7817,-96.6866,134.4182,0.0400,0.1300,-0.3500,0.3755,0.8900,0.9700,-10.0800,24,-2.7500,-22.1875,25.5625,3,0,0,3
7.5410,182.8125,-4.9375,-114.5916,-39.3908,-68.0387,138.9681,0.0200,-0.0100,-0.3900,0.3906,0.8700,0.8300,-10.1300,24,-2.7500,-22.1875,25.5625,3,0,0,3
7.5610,182.7500,-4.9375,-28.6479,-14.3239,-64.4578,71.9769,0.0100,0.0200,-0.3500,0.3507,0.8600,0.8800,-10.0800,24,-2.7500,-22.1875,25.5625,3,0,0,3
7.5820,182.7500,-4.9375,-39.3908,3.5810,-32.2289,51.0212,0.0200,0.2200,-0.2100,0.3048,0.8700,1.0700,-9.9400,24,-3.5625,-22.1875,25.5625,3,0,0,3
7.6020,182.7500,-4.9375,-128.9155,0.0000,14.3239,129.7088,0.0100,0.1800,-0.1300,0.2223,0.8600,1.0400,-9.8600,24,-3.5625,-22.1875,25.5625,3,0,0,3
7.6230,182.7500,-4.9375,-78.7817,-14.3239,64.4578,102.7936,0.0100,-0.0200,-0.2900,0.2909,0.8600,0.8400,-10.0200,24,-3.5625,-22.5625,26.3750,3,0,0,3
7.6440,182.8125,-4.9375,-7.1620,-7.1620,68.0387,68.7885,0.0000,-0.0700,-0.3500,0.3569,0.8500,0.7900,-10.0800,24,-3.5625,-22.5625,26.3750,3,0,0,3
7.6600,182.8125,-4.9375,14.3239,35.8099,42.9718,57.7417,0.0000,-0.0600,-0.2600,0.2668,0.8500,0.7900,-9.9900,24,-3.5625,-22.5625,26.3750,3,0,0,3
7.6840,182.8125,-4.9375,-14.3239,32.2289,28.6479,45.4376,0.0400,-0.0800,-0.1700,0.1921,0.8900,0.7800,-9.9000,24,-3.5625,-22.1875,26.3750,3,0,0,3
7.7050,182.8125,-4.9375,-78.7817,7.1620,21.4859,81.9725,-0.0200,-0.1300,-0.0400,0.1375,0.8300,0.7300,-9.7700,24,-3.5625,-22.1875,26.3750,3,0,0,3
7.7210,182.8125,-4.9375,-100.2676,3.5810,-3.5810,100.3954,-0.0300,-0.1400,-0.0900,0.1691,0.8100,0.7200,-9.8200,24,-3.8750,-22.1875,25.5625,3,0,0,3
7.7460,182.8125,-4.9375,-50.1338,-39.3908,-28.6479,69.8981,0.0100,-0.1500,-0.3000,0.3356,0.8600,0.7100,-10.0300,24,-3.8750,-22.1875,25.5625,3,0,0,3
7.7620,182.8125,-4.9375,-7.1620,3.5810,-32.2289,33.2087,0.0200,-0.0600,-0.3200,0.3262,0.8700,0.8100,-10.0500,24,-3.8750,-22.1875,25.5625,3,0,0,3
7.7830,182.8125,-4.9375,0.0000,32.2289,-17.9049,36.8685,0.0100,-0.0300,-0.2000,0.2025,0.8700,0.8400,-9.9300,24,-3.5625,-23.2500,26.3750,3,0,0,3
7.8070,182.8125,-4.9375,-42.9718,21.4859,0.0000,48.0440,0.0000,-0.1800,-0.1000,0.2059,0.8500,0.6800,-9.8300,24,-3.5625,-23.2500,26.3750,3,0,0,3
7.8270,182.8125,-4.9375,-21.4859,3.5810,-46.5528,51.3968,0.0100,-0.2900,-0.1000,0.3069,0.8600,0.5700,-9.8300,24,-3.8750,-22.8750,26.0000,3,0,0,3
7.8480,182.8125,-4.9375,7.1620,-21.4859,-107.4296,109.7910,0.0200,-0.1400,-0.1700,0.2211,0.8900,0.7100,-9.8800,24,-3.8750,-22.8750,26.0000,3,0,0,3
7.8690,182.7500,-4.9375,-28.6479,-32.2289,-150.4014,156.4608,0.0300,-0.0900,-0.2000,0.2214,0.8800,0.7800,-9.9300,24,-2.7500,-22.5625,26.0000,3,0,0,3
7.8890,182.6875,-4.9375,53.7148,-28.6479,-150.4014,162.2546,0.0100,0.1600,-0.1400,0.2128,0.8400,1.1600,-9.8400,24,-2.7500,-22.5625,26.0000,3,0,0,3
7.9100,182.6875,-4.9375,-35.8099,-50.1338,-68.0387,91.7879,0.0500,0.1400,-0.2000,0.2492,0.9000,1.0100,-9.9300,24,-2.7500,-22.5625,26.0000,3,0,0,3
7.9300,182.6875,-4.8750,-136.0775,-42.9718,-3.5810,142.7462,0.0300,-0.0500,-0.2800,0.2860,0.8800,0.8200,-10.0100,24,-3.5625,-23.2500,26.0000,3,0,0,3
7.9500,182.6875,-4.8750,85.9437,-3.5810,21.4859,88.6611,0.0800,-0.0200,-0.3500,0.3596,0.9200,0.8500,-10.0800,24,-3.5625,-23.2500,26.0000,3,0,0,3
7.9710,182.6875,-4.8750,60.8768,32.2289,17.9049,71.1707,0.0300,0.0600,-0.1700,0.1828,0.8800,0.9300,-9.9000,24,-1.6875,-22.1875,25.2500,3,0,0,3
7.9910,182.6875,-4.8750,-35.8099,3.5810,7.1620,36.6942,0.0000,-0.0200,-0.1000,0.1020,0.8300,0.8500,-9.8400,24,-1.6875,-22.1875,25.2500,3,0,0,3
8.0120,182.6875,-4.8750,-46.5528,-39.3908,-32.2289,68.9747,0.0000,-0.1300,-0.2100,0.2470,0.8400,0.7300,-9.9400,24,-1.6875,-22.1875,25.2500,3,0,0,3
8.0320,182.6250,-4.8750,-3.5810,-42.9718,-78.7817,89.8107,0.0500,0.0700,-0.3600,0.3701,0.8900,0.9500,-10.0900,24,-3.1875,-22.1875,25.2500,3,0,0,3
8.0530,182.6250,-4.8750,-75.2007,10.7430,-78.7817,109.4400,0.0500,0.1500,-0.4000,0.4301,0.8900,1.0300,-10.1300,24,-3.1875,-22.1875,25.2500,3,0,0,3
8.0740,182.6250,-4.8750,-60.8768,71.6197,-28.6479,98.2653,0.0000,0.1300,-0.0900,0.1581,0.8400,1.0200,-9.8200,24,-3.1875,-22.1875,24.7500,3,0,0,3
8.0940,182.6250,-4.9375,-25.0669,50.1338,21.4859,60.0283,0.0100,0.1300,0.0200,0.1319,0.8500,1.0100,-9.7000,24,-3.1875,-22.1875,24.7500,3,0,0,3
8.1140,182.6250,-4.9375,-60.8768,-21.4859,32.2289,72.1549,0.0100,-0.0200,-0.0400,0.0458,0.8500,0.8600,-9.7700,24,-3.1875,-22.1875,24.7500,3,0,0,3
8.1390,182.6250,-4.8750,21.4859,-57.2958,21.4859,64.8544,0.0700,0.0000,-0.2500,0.2596,0.9100,0.8900,-9.9800,24,-3.8750,-22.5625,25.2500,3,0,0,3
8.1590,182.6250,-4.8750,-17.9049,-28.6479,14.3239,36.6942,0.0600,0.0000,-0.3500,0.3551,0.9000,0.8900,-10.0800,24,-3.8750,-22.5625,25.2500,3,0,0,3
8.1800,182.6250,-4.8750,25.0669,21.4859,32.2289,46.1378,0.0000,0.0000,-0.3100,0.3100,0.8400,0.8800,-10.0400,24,-3.1875,-22.1875,26.0000,3,0,0,3
8.2010,182.6250,-4.8750,39.3908,39.3908,32.2289,64.3582,0.0200,0.1500,-0.2300,0.2753,0.8600,1.0400,-9.9600,24,-3.1875,-22.1875,26.0000,3,0,0,3
8.2210,182.6250,-4.8750,-50.1338,28.6479,85.9437,103.5394,0.0200,0.1100,-0.1500,0.1871,0.8600,1.0000,-9.8800,24,-3.1875,-23.2500,25.2500,3,0,0,3
8.2410,182.6250,-4.8750,-21.4859,14.3239,103.8486,107.0110,0.0300,-0.0700,-0.0400,0.0860,0.8800,0.8100,-9.7700,24,-3.1875,-23.2500,25.2500,3,0,0,3
8.2610,182.6875,-4.9375,42.9718,-14.3239,82.3627,93.9966,0.0400,-0.1000,-0.0300,0.1118,0.8800,0.7800,-9.7600,24,-3.1875,-23.2500,25.2500,3,0,0,3
8.2820,182.6875,-4.9375,-25.0669,-53.7148,53.7148,79.9932,-0.0100,-0.1700,-0.1700,0.2406,0.8300,0.7100,-9.9000,24,-3.8750,-22.8750,26.7500,3,0,0,3
8.3020,182.7500,-4.8750,-28.6479,-71.6197,-3.5810,77.2199,0.0200,-0.2500,-0.3300,0.4145,0.8600,0.6300,-10.0700,24,-3.8750,-22.8750,26.7500,3,0,0,3
8.3210,182.6875,-4.8750,39.3908,-39.3908,-57.2958,79.9130,0.0400,-0.0900,-0.4300,0.4411,0.8800,0.7900,-10.1600,24,-2.7500,-22.8750,25.5625,3,0,0,3
8.3470,182.6875,-4.8750,7.1620,-17.9049,-64.4578,67.2806,0.0600,0.0900,-0.5000,0.5116,0.9000,0.9800,-10.2300,24,-2.7500,-22.8750,25.5625,3,0,0,3
8.3650,182.6875,-4.8750,-68.0387,60.8768,-28.6479,95.6867,0.0600,0.0300,-0.4400,0.4451,0.9000,0.9100,-10.1800,24,-2.7500,-22.8750,25.5625,3,0,0,3
8.3850,182.6875,-4.8750,-7.1620,114.5916,7.1620,115.0383,0.0400,0.1200,-0.2300,0.2625,0.8800,1.0100,-9.9600,24,-3.5625,-21.7500,26.3750,3,0,0,3
8.4090,182.6875,-4.9375,-7.1620,107.4296,71.6197,129.3128,0.0100,0.2300,-0.0100,0.2304,0.8600,1.1200,-9.7400,24,-3.5625,-21.7500,26.3750,3,0,0,3
8.4250,182.7500,-5.0000,-78.7817,68.0387,125.3345,162.9250,0.0400,-0.0300,-0.0100,0.0510,0.9000,0.8500,-9.7300,24,-3.5625,-22.1875,26.0000,3,0,0,3
8.4490,182.7500,-5.0000,-32.2289,32.2289,128.9155,136.7355,0.0400,-0.1000,-0.0200,0.1095,0.9000,0.7800,-9.7500,24,-3.5625,-22.1875,26.0000,3,0,0,3
8.4670,182.8125,-5.0000,-3.5810,14.3239,82.3627,83.6756,0.0000,-0.2400,0.0100,0.2402,0.8500,0.6400,-9.7100,24,-3.5625,-22.1875,26.0000,3,0,0,3
8.4880,182.8125,-5.0000,78.7817,-25.0669,53.7148,98.5910,0.0300,-0.0800,0.0300,0.0906,0.8900,0.7900,-9.6900,24,-3.5625,-22.5625,25.5625,3,0,0,3
8.5080,182.8125,-4.9375,32.2289,-85.9437,25.0669,95.1492,0.0000,-0.1400,-0.0500,0.1487,0.9000,0.6300,-9.9800,24,-3.5625,-22.5625,25.5625,3,0,0,3
8.5290,182.8125,-4.9375,3.5810,-103.8486,-17.9049,105.4417,0.0300,-0.2500,-0.3500,0.4312,0.8800,0.6200,-10.0800,24,-3.5625,-22.5625,26.0000,3,0,0,3
8.5530,182.8125,-4.9375,-21.4859,-50.1338,-82.3627,98.7859,0.0200,-0.0200,-0.3700,0.3711,0.8700,0.8600,-10.1000,24,-3.5625,-22.5625,26.0000,3,0,0,3
8.5690,182.8125,-4.8750,-82.3627,-14.3239,-82.3627,117.3559,0.0500,0.0000,-0.2800,0.2844,0.8800,0.8800,-9.9500,24,-3.8750,-22.5625,27.5625,3,0,0,3
8.5900,182.7500,-4.8750,-10.7430,14.3239,-57.2958,60.0283,0.0100,-0.0300,-0.2100,0.2124,0.8300,0.9000,-9.9500,24,-3.8750,-22.5625,27.5625,3,0,0,3
8.6100,182.7500,-4.8750,100.2676,-14.3239,-21.4859,103.5394,0.0300,0.1100,-0.2900,0.3116,0.8700,0.9900,-10.0200,24,-3.8750,-22.5625,27.5625,3,0,0,3
8.6340,182.7500,-4.8750,-25.0669,3.5810,10.7430,27.5061,0.0400,0.0100,-0.3200,0.3226,0.8800,0.8900,-10.0500,24,-2.5000,-22.1875,26.0000,3,0,0,3
8.6550,182.7500,-4.8750,-21.4859,14.3239,-3.5810,26.0700,0.0400,-0.1300,-0.2800,0.3113,0.8800,0.7500,-10.0100,24,-2.5000,-22.1875,26.0000,3,0,0,3
8.6760,182.7500,-4.8750,32.2289,25.0669,-28.6479,49.8774,0.0200,0.0500,-0.1800,0.1879,0.8700,0.9300,-9.9100,24,-3.5625,-22.5625,26.3750,3,0,0,3
8.6960,182.7500,-4.8750,-35.8099,3.5810,-14.3239,38.7343,0.0300,0.0800,-0.1500,0.1726,0.8800,0.9700,-9.8800,24,-3.5625,-22.5625,26.3750,3,0,0,3
8.7170,182.7500,-4.8750,3.5810,-3.5810,21.4859,22.0747,0.0000,0.0500,-0.1900,0.1965,0.8400,0.9300,-9.9200,24,-3.5625,-22.5625,26.3750,3,0,0,3
8.7360,182.7500,-4.8750,85.9437,10.7430,39.3908,95.1492,0.0100,0.0800,-0.1200,0.1446,0.8600,0.9600,-9.8500,24,-3.8750,-22.5625,26.7500,3,0,0,3
8.7570,182.7500,-4.8750,68.0387,-10.7430,39.3908,79.3494,0.0600,0.0500,-0.0600,0.0985,0.9000,0.9200,-9.7900,24,-3.8750,-22.5625,26.7500,3,0,0,3
8.7780,182.8125,-4.8750,39.3908,-85.9437,46.5528,105.3808,0.0300,0.1100,-0.1600,0.1965,0.8700,0.9900,-9.8900,24,-2.7500,-21.7500,26.0000,3,0,0,3
8.7980,182.8125,-4.8750,-35.8099,-57.2958,57.2958,88.5887,0.0400,-0.0300,-0.4300,0.4329,0.8800,0.8400,-10.1600,24,-2.7500,-21.7500,26.0000,3,0,0,3
8.8190,182.8125,-4.8750,0.0000,21.4859,57.2958,61.1919,0.0400,0.0000,-0.2800,0.2828,0.8800,0.8700,-10.0100,24,-2.7500,-21.7500,26.0000,3,0,0,3
8.8390,182.8750,-4.8750,-25.0669,39.3908,68.0387,82.5182,0.0000,0.0200,-0.0800,0.0825,0.8300,0.9000,-9.8100,24,-2.7500,-22.1875,26.0000,3,0,0,3
8.8590,182.8750,-4.8750,-82.3627,3.5810,85.9437,119.0914,-0.0200,-0.1700,-0.0800,0.1889,0.8100,0.7000,-9.8100,24,-2.7500,-22.1875,26.0000,3,0,0,3
8.8800,182.9375,-4.8750,42.9718,-10.7430,64.4578,78.2099,0.0100,-0.2300,-0.1600,0.2804,0.8900,0.7100,-9.9300,24,-2.5000,-22.1875,27.1875,3,0,0,3
8.9000,182.9375,-4.8750,114.5916,-7.1620,35.8099,120.2700,0.0000,-0.0900,-0.1800,0.2012,0.8400,0.7700,-9.9100,24,-2.5000,-22.1875,27.1875,3,0,0,3
8.9220,182.9375,-4.8750,35.8099,-7.1620,7.1620,37.2147,0.0100,-0.2100,-0.2400,0.3191,0.8600,0.6500,-9.9700,24,-2.5000,-22.1875,26.0000,3,0,0,3
8.9410,182.9375,-4.8750,-46.5528,-17.9049,-57.2958,75.9642,0.0100,-0.2400,-0.2200,0.3257,0.8600,0.6100,-9.9500,24,-2.5000,-22.1875,26.0000,3,0,0,3
8.9620,182.8750,-4.8750,50.1338,-25.0669,-96.6866,111.7589,0.0200,0.0200,-0.2400,0.2417,0.8600,0.8800,-9.9700,24,-2.5000,-22.1875,26.0000,3,0,0,3
8.9830,182.8750,-4.8750,78.7817,-32.2289,-93.1056,126.1504,0.0600,0.1800,-0.2900,0.3466,0.9000,1.0400,-10.0200,24,-3.1875,-22.1875,26.3750,3,0,0,3
9.0070,182.8750,-4.8750,-28.6479,-7.1620,-17.9049,34.5338,0.0700,0.1400,-0.2200,0.2700,0.9000,1.0000,-9.9500,24,-3.1875,-22.1875,26.3750,3,0,0,3
9.0270,182.8750,-4.8750,-32.2289,3.5810,21.4859,38.8995,0.0200,0.0400,-0.1500,0.1565,0.8600,0.9000,-9.8900,24,-3.1875,-23.6875,26.7500,3,0,0,3
9.0480,182.8750,-4.8750,10.7430,-28.6479,50.1338,58.7325,0.0400,-0.0400,-0.1900,0.1982,0.8800,0.8000,-9.9300,24,-3.1875,-23.6875,26.7500,3,0,0,3
9.0690,182.8750,-4.8750,21.4859,-35.8099,50.1338,65.2487,0.0000,-0.1800,-0.3800,0.4205,0.8400,0.6700,-10.1100,24,-3.1875,-23.6875,26.7500,3,0,0,3
9.0890,182.8750,-4.8750,17.9049,25.0669,17.9049,35.6304,0.0100,-0.2200,-0.3700,0.4306,0.8400,0.6300,-10.1000,24,-3.1875,-22.8750,26.0000,3,0,0,3
9.1100,182.8750,-4.8750,14.3239,64.4578,-28.6479,71.9769,0.0100,-0.2000,-0.1100,0.2285,0.8500,0.6500,-9.8400,24,-3.1875,-22.8750,26.0000,3,0,0,3
9.1340,182.8750,-4.8750,32.2289,35.8099,-60.8768,77.6339,-0.0400,-0.0600,0.0400,0.0825,0.7900,0.7900,-9.6800,24,-3.1875,-22.1875,26.0000,3,0,0,3
9.1550,182.8125,-4.8750,-10.7430,-68.0387,-85.9437,110.1408,0.0100,-0.1300,-0.1400,0.1913,0.8500,0.7100,-9.8700,24,-3.1875,-22.1875,26.0000,3,0,0,3
9.1750,182.8125,-4.8750,-14.3239,-82.3627,-100.2676,130.5465,0.0300,-0.0700,-0.4300,0.4367,0.8700,0.7800,-10.1600,24,-4.2500,-22.5625,26.3750,3,0,0,3
9.1960,182.7500,-4.8125,89.5247,-14.3239,-107.4296,140.5737,0.0400,0.0600,-0.4700,0.4755,0.8700,0.9100,-10.2000,24,-4.2500,-22.5625,26.3750,3,0,0,3
9.2160,182.7500,-4.8125,100.2676,53.7148,-64.4578,130.7428,0.0600,0.2900,-0.2700,0.4007,0.9000,1.1300,-10.0000,24,-4.2500,-22.5625,26.3750,3,0,0,3
9.2370,182.7500,-4.8750,-14.3239,57.2958,0.0000,59.0591,0.0500,0.2500,-0.2000,0.3240,0.8900,1.0900,-9.9400,24,-2.7500,-22.5625,26.3750,3,0,0,3
9.2580,182.7500,-4.8750,-82.3627,46.5528,42.9718,103.9103,0.0600,-0.0300,-0.2300,0.2396,0.9000,0.8100,-9.9600,24,-2.7500,-22.5625,26.3750,3,0,0,3
9.2820,182.7500,-4.8750,17.9049,57.2958,39.3908,71.7986,0.0300,-0.0100,-0.1800,0.1828,0.8800,0.8300,-9.9200,24,-3.1875,-22.5625,26.3750,3,0,0,3
9.3020,182.7500,-4.9375,7.1620,57.2958,39.3908,69.8981,0.0000,0.0100,-0.0800,0.0806,0.8400,0.8600,-9.8200,24,-3.1875,-22.5625,26.3750,3,0,0,3
9.3190,182.8125,-4.9375,10.7430,25.0669,46.5528,53.9530,-0.0100,-0.0900,-0.1000,0.1349,0.8200,0.7500,-9.8300,24,-3.8750,-21.7500,25.5625,3,0,0,3
9.3430,182.8125,-4.9375,71.6197,-14.3239,28.6479,78.4555,0.0100,-0.1000,-0.1800,0.2062,0.8600,0.7300,-9.9200,24,-3.8750,-21.7500,25.5625,3,0,0,3
9.3640,182.8125,-4.9375,82.3627,-28.6479,-3.5810,87.2762,0.0100,0.1500,-0.1600,0.2195,0.8600,0.9900,-9.8900,24,-3.8750,-21.7500,25.5625,3,0,0,3
9.3850,182.8125,-4.9375,-100.2676,-10.7430,21.4859,103.1051,0.0000,0.0000,-0.1100,0.1100,0.8500,0.8300,-9.8400,24,-4.2500,-22.8750,26.3750,3,0,0,3
9.4050,182.8125,-4.9375,-39.3908,-25.0669,32.2289,56.7335,0.0000,-0.1200,-0.1500,0.1921,0.8400,0.7100,-9.8800,24,-4.2500,-22.8750,26.3750,3,0,0,3
9.4290,182.8125,-4.9375,35.8099,-42.9718,7.1620,56.3934,0.0300,-0.1100,-0.2800,0.3023,0.8800,0.7200,-10.0100,24,-4.2500,-22.8750,26.0000,3,0,0,3
9.4490,182.8125,-4.9375,-35.8099,-28.6479,-25.0669,52.2628,0.0700,-0.0600,-0.3400,0.3523,0.9100,0.7800,-10.0700,24,-4.2500,-22.8750,26.0000,3,0,0,3
9.4670,182.7500,-4.9375,-136.0775,25.0669,-53.7148,148.4275,0.0300,-0.0600,-0.3100,0.3172,0.8800,0.7800,-10.0400,24,-4.2500,-22.8750,26.0000,3,0,0,3
9.4860,182.7500,-4.8750,-96.6866,32.2289,-71.6197,124.5648,0.0000,-0.1200,-0.2400,0.2683,0.8500,0.7300,-9.9700,24,-2.7500,-22.1875,26.3750,3,0,0,3
9.5070,182.7500,-4.9375,57.2958,35.8099,-57.2958,88.5887,0.0100,0.0400,-0.2400,0.2435,0.8600,0.8900,-9.9700,24,-2.7500,-22.1875,26.3750,3,0,0,3
9.5270,182.7500,-4.9375,39.3908,50.1338,-14.3239,65.3469,0.0100,0.1000,-0.2000,0.2238,0.8600,0.9500,-9.9400,24,-3.5625,-22.1875,26.3750,3,0,0,3
9.5520,182.7500,-4.9375,-128.9155,57.2958,0.0000,141.0745,0.0000,-0.1600,-0.0500,0.1676,0.8500,0.6800,-9.7800,24,-3.5625,-22.1875,26.3750,3,0,0,3
9.5690,182.7500,-4.9375,-17.9049,3.5810,-32.2289,37.0420,-0.0300,-0.2800,0.0600,0.2879,0.8100,0.5600,-9.6600,24,-3.5625,-22.1875,26.3750,3,0,0,3
9.5930,182.6875,-4.9375,139.6585,-71.6197,-60.8768,168.3444,0.0400,-0.0400,-0.1200,0.1327,0.8900,0.8000,-9.8500,24,-3.5625,-22.1875,24.7500,3,0,0,3
9.6140,182.6875,-4.8750,50.1338,-78.7817,-75.2007,119.8962,0.0800,0.0400,-0.2900,0.3035,0.9000,0.8700,-10.0700,24,-3.5625,-22.1875,24.7500,3,0,0,3
9.6340,182.6875,-4.8750,-75.2007,-57.2958,-75.2007,120.8019,0.0700,-0.0600,-0.3600,0.3716,0.9000,0.7900,-10.0900,24,-3.1875,-22.5625,25.5625,3,0,0,3
9.6530,182.6250,-4.8750,-35.8099,-17.9049,-85.9437,94.8116,0.0200,0.0400,-0.3600,0.3628,0.8600,0.8900,-10.0900,24,-3.1875,-22.5625,25.5625,3,0,0,3
9.6750,182.6250,-4.8750,32.2289,7.1620,-50.1338,60.0283,0.0300,0.1300,-0.3700,0.3933,0.8700,0.9800,-10.1200,24,-3.1875,-22.5625,25.2500,3,0,0,3
9.6950,182.6250,-4.8750,21.4859,50.1338,-7.1620,55.0122,0.0500,0.1400,-0.3200,0.3528,0.9000,0.9900,-10.0600,24,-3.1875,-22.5625,25.2500,3,0,0,3
9.7160,182.6250,-4.8750,-53.7148,75.2007,25.0669,95.7537,0.0000,0.0900,-0.0800,0.1204,0.8500,0.9400,-9.8200,24,-3.1875,-22.5625,25.2500,3,0,0,3
9.7370,182.6250,-4.9375,-42.9718,28.6479,46.5528,69.5302,0.0000,0.0600,-0.0100,0.0608,0.8400,0.9200,-9.7400,24,-2.5000,-22.1875,25.2500,3,0,0,3
9.7610,182.6250,-4.9375,-46.5528,-10.7430,68.0387,83.1375,-0.0100,0.0100,-0.0500,0.0520,0.8300,0.8700,-9.7800,24,-2.5000,-22.1875,25.2500,3,0,0,3
9.7810,182.6875,-4.9375,17.9049,-39.3908,64.4578,77.6339,0.0100,-0.1700,-0.1400,0.2205,0.8600,0.6800,-9.8700,24,-3.1875,-21.7500,26.0000,3,0,0,3
9.8010,182.6875,-4.9375,89.5247,-3.5810,39.3908,97.8730,0.0400,-0.0600,-0.0100,0.0728,0.8900,0.7900,-9.7400,24,-3.1875,-21.7500,26.0000,3,0,0,3
9.8230,182.6875,-4.9375,7.1620,-46.5528,32.2289,57.0715,0.0400,-0.0600,-0.0200,0.0748,0.8900,0.7800,-9.7500,24,-3.1875,-21.7500,26.0000,3,0,0,3
9.8430,182.6875,-4.8750,-53.7148,-64.4578,-3.5810,83.9816,0.0300,-0.2100,-0.1500,0.2598,0.8700,0.6300,-9.8900,24,-3.1875,-22.5625,26.0000,3,0,0,3
9.8640,182.6875,-4.8750,10.7430,-68.0387,-53.7148,87.3497,0.0300,-0.0800,-0.2100,0.2267,0.8600,0.9600,-9.9900,24,-3.1875,-22.5625,26.0000,3,0,0,3
9.8880,182.6875,-4.8750,35.8099,-68.0387,-50.1338,91.7879,0.0300,0.1500,-0.3300,0.3637,0.8600,1.0000,-10.0600,24,-3.1875,-22.5625,25.5625,3,0,0,3
9.9090,182.6875,-4.8125,-46.5528,-28.6479,7.1620,55.1286,0.0200,0.1200,-0.3000,0.3237,0.8500,0.9700,-10.0400,24,-3.1875,-22.5625,25.5625,3,0,0,3
9.9240,182.6875,-4.8125,-78.7817,-10.7430,46.5528,92.1365,0.0100,0.0300,-0.1700,0.1729,0.8400,0.8900,-9.9000,24,-3.1875,-22.8750,26.7500,3,0,0,3
9.9490,182.6875,-4.8125,-68.0387,-14.3239,57.2958,90.0958,0.0300,-0.0700,-0.0900,0.1179,0.8600,0.7800,-9.8200,24,-3.1875,-22.8750,26.7500,3,0,0,3
9.9660,182.6875,-4.8125,21.4859,-64.4578,28.6479,73.7370,0.0200,-0.1700,-0.2600,0.3113,0.8500,0.6800,-10.0000,24,-3.1875,-22.8750,26.7500,3,0,0,3
9.9900,182.6875,-4.8125,60.8768,-60.8768,-7.1620,86.3901,0.0300,-0.0700,-0.4700,0.4761,0.8600,0.7800,-10.2100,24,-3.5625,-21.7500,26.0000,3,0,0,3
10.0100,182.6875,-4.8125,7.1620,3.5810,-35.8099,36.6942,0.0600,0.0000,-0.4900,0.4937,0.8900,0.8600,-10.2300,24,-3.5625,-21.7500,26.0000,3,0,0,3
10.0310,182.6875,-4.8125,-57.2958,78.7817,-17.9049,99.0452,0.0300,0.0400,-0.3400,0.3437,0.8600,0.9000,-10.0700,24,-3.1875,-22.1875,26.3750,3,0,0,3
10.0520,182.6875,-4.8125,-39.3908,60.8768,14.3239,73.9107,-0.0100,0.1600,-0.0700,0.1749,0.8100,1.0100,-9.8000,24,-3.1875,-22.1875,26.3750,3,0,0,3
10.0720,182.6875,-4.8750,0.0000,21.4859,71.6197,74.7732,0.0300,0.1200,-0.1400,0.1868,0.8600,0.9800,-9.8800,24,-3.1875,-22.1875,26.3750,3,0,0,3
10.0930,182.7500,-4.8750,21.4859,0.0000,118.1725,120.1099,-0.0100,0.0000,-0.3800,0.3801,0.8100,0.8600,-10.1200,24,-3.8750,-22.5625,26.0000,3,0,0,3
10.1130,182.8125,-4.8750,-17.9049,53.7148,118.1725,131.0367,0.0200,-0.0500,-0.3200,0.3245,0.8600,0.6900,-9.8800,24,-3.8750,-22.5625,26.0000,3,0,0,3
10.1340,182.8125,-4.8750,-57.2958,60.8768,100.2676,130.5465,0.0500,-0.2800,-0.1300,0.3127,0.8900,0.5700,-9.8600,24,-3.1875,-22.1875,26.3750,3,0,0,3
10.1540,182.8750,-4.9375,-14.3239,35.8099,39.3908,55.1286,0.0400,-0.3400,-0.0800,0.3516,0.8600,0.5900,-9.8300,24,-3.1875,-22.1875,26.3750,3,0,0,3
10.1740,182.8125,-4.9375,28.6479,10.7430,-39.3908,49.8774,0.0100,-0.2000,-0.1500,0.2502,0.8600,0.7400,-9.9000,24,-3.8750,-22.8750,27.1875,3,0,0,3
10.1950,182.8125,-4.9375,17.9049,3.5810,-85.9437,87.8620,0.0400,0.0200,-0.1900,0.1952,0.8900,0.8800,-9.9200,24,-3.8750,-22.8750,27.1875,3,0,0,3
10.2160,182.8125,-4.8750,-78.7817,0.0000,-71.6197,106.4704,-0.0100,-0.0400,-0.1800,0.1847,0.8300,0.8100,-9.9100,24,-3.8750,-22.8750,27.1875,3,0,0,3
10.2360,182.7500,-4.8750,-107.4296,0.0000,-71.6197,129.1143,0.0000,-0.2800,-0.2200,0.3561,0.8400,0.5700,-9.9500,24,-2.7500,-22.1875,28.0000,3,0,0,3
10.2570,182.7500,-4.8750,68.0387,25.0669,-114.5916,135.6055,0.0500,-0.0400,-0.1500,0.1631,0.8900,0.8100,-9.8800,24,-2.7500,-22.1875,28.0000,3,0,0,3
10.2770,182.6875,-4.8750,85.9437,28.6479,-118.1725,148.9019,0.0400,0.1200,-0.0700,0.1446,0.8600,1.1300,-9.6700,24,-2.0625,-23.6875,26.3750,3,0,0,3
10.2980,182.6875,-4.8750,-132.4965,-10.7430,-32.2289,136.7824,0.0400,0.0500,-0.0100,0.0648,0.8800,0.9100,-9.7400,24,-2.0625,-23.6875,26.3750,3,0,0,3
10.3180,182.6875,-4.8750,-85.9437,-50.1338,-17.9049,101.0955,0.0200,-0.2100,-0.2200,0.3048,0.8600,0.6500,-9.9500,24,-2.0625,-23.6875,26.3750,3,0,0,3
10.3420,182.6875,-4.8750,-17.9049,-35.8099,-68.0387,78.9443,0.0400,-0.0600,-0.2300,0.2410,0.8800,0.8000,-9.9600,24,-3.5625,-22.5625,26.7500,3,0,0,3
10.3630,182.6250,-4.8750,-128.9155,-3.5810,-89.5247,156.9927,0.0600,-0.1500,-0.1300,0.2074,0.9000,0.7100,-9.8600,24,-3.5625,-22.5625,26.7500,3,0,0,3
10.3800,182.6250,-4.8750,28.6479,-25.0669,-96.6866,103.9103,0.0100,0.0400,-0.0600,0.0728,0.8400,0.9200,-9.7900,24,-3.1875,-22.8750,26.0000,3,0,0,3
10.4040,182.5625,-4.8750,107.4296,-50.1338,-50.1338,128.7164,0.0400,0.2500,-0.0600,0.2602,0.8800,1.1200,-9.8000,24,-3.1875,-22.8750,26.0000,3,0,0,3
10.4200,182.5625,-4.8125,-64.4578,-57.2958,-7.1620,86.5384,0.0600,0.1400,-0.1700,0.2283,0.8900,1.0100,-9.9000,24,-3.1875,-22.8750,26.0000,3,0,0,3
10.4410,182.5625,-4.8125,-50.1338,-53.7148,10.7430,74.2569,0.0400,-0.0300,-0.2400,0.2452,0.8700,0.8400,-9.9700,24,-2.7500,-22.5625,25.5625,3,0,0,3
10.4650,182.5625,-4.8125,35.8099,-39.3908,32.2289,62.2309,0.0800,0.0000,-0.4100,0.4177,0.9000,0.8800,-10.1400,24,-2.7500,-22.5625,25.5625,3,0,0,3
10.4860,182.5625,-4.8125,-3.5810,17.9049,10.7430,21.1854,0.0500,-0.0700,-0.4000,0.4091,0.8800,0.7900,-10.1300,24,-3.1875,-23.6875,26.7500,3,0,0,3
10.5070,182.5625,-4.8125,-3.5810,39.3908,-3.5810,39.7151,-0.0300,-0.0400,0.1100,0.1208,0.7900,0.8300,-9.6100,24,-3.1875,-23.6875,26.7500,3,0,0,3
10.5270,182.5625,-4.8125,21.4859,-46.5528,7.1620,51.7697,-0.0200,-0.0500,0.1200,0.1315,0.8400,0.8600,-9.8200,24,-3.1875,-22.5625,26.3750,3,0,0,3
10.5480,182.5625,-4.7500,57.2958,-136.0775,-7.1620,147.8215,0.0600,0.0000,-0.3600,0.3650,0.8800,0.8700,-10.0900,24,-3.1875,-22.5625,26.3750,3,0,0,3
10.5680,182.5625,-4.6875,3.5810,-78.7817,-35.8099,86.6125,0.0600,0.0800,-0.5200,0.5295,0.8700,0.9500,-10.2500,24,-3.1875,-22.5625,26.3750,3,0,0,3
10.5920,182.5625,-4.6875,-50.1338,10.7430,-7.1620,51.7697,0.0600,0.1300,-0.4700,0.4913,0.8700,1.0000,-10.2000,24,-4.2500,-22.1875,24.3750,3,0,0,3
10.6130,182.5625,-4.6875,-50.1338,50.1338,25.0669,75.2007,0.0100,0.2100,-0.0700,0.2216,0.8200,1.0900,-9.8000,24,-4.2500,-22.1875,24.3750,3,0,0,3
10.6330,182.6250,-4.7500,-57.2958,3.5810,78.7817,97.4792,-0.0200,0.0700,-0.0400,0.0831,0.7900,0.9500,-9.7700,24,-2.7500,-22.8750,26.0000,3,0,0,3
10.6540,182.6250,-4.6875,17.9049,-50.1338,96.6866,110.3734,0.0500,-0.0900,-0.3500,0.3648,0.8600,0.7800,-10.0800,24,-2.7500,-22.8750,26.0000,3,0,0,3
10.6740,182.6875,-4.6875,25.0669,-25.0669,78.7817,86.3901,0.0500,-0.0400,-0.3300,0.3362,0.8600,0.8300,-10.0600,24,-2.7500,-22.8750,26.0000,3,0,0,3
10.6950,182.6875,-4.6875,-53.7148,10.7430,64.4578,84.5901,0.0000,-0.1400,-0.1600,0.2126,0.8100,0.7300,-9.9000,24,-3.8750,-22.1875,25.5625,3,0,0,3
10.7160,182.6875,-4.6875,-46.5528,-3.5810,32.2289,56.7335,0.0000,-0.1600,-0.1400,0.2126,0.8100,0.7100,-9.8700,24,-3.8750,-22.1875,25.5625,3,0,0,3
10.7360,182.6875,-4.6875,-3.5810,-21.4859,7.1620,22.9295,0.0300,-0.1100,-0.3200,0.3397,0.8400,0.7400,-10.1000,24,-3.1875,-22.8750,25.5625,3,0,0,3
10.7590,182.6875,-4.6875,-32.2289,-3.5810,-17.9049,37.0420,0.0400,-0.0800,-0.3200,0.3323,0.8500,0.7900,-10.0600,24,-3.1875,-22.8750,25.5625,3,0,0,3
10.7760,182.6875,-4.6875,-71.6197,17.9049,-39.3908,83.6756,0.0000,-0.1000,-0.2500,0.2693,0.8100,0.7700,-9.9800,24,-3.1875,-22.1875,25.5625,3,0,0,3
10.7970,182.6875,-4.6875,64.4578,25.0669,-46.5528,83.3686,0.0100,-0.0200,-0.2200,0.2211,0.8200,0.8500,-9.9500,24,-3.1875,-22.1875,25.5625,3,0,0,3
10.8180,182.6875,-4.6875,57.2958,14.3239,-32.2289,67.2806,0.0600,0.0500,-0.3000,0.3100,0.8700,0.9300,-10.0400,24,-3.1875,-22.1875,25.5625,3,0,0,3
10.8420,182.6875,-4.6875,-3.5810,28.6479,-25.0669,38.2345,0.0700,0.1500,-0.2700,0.3167,0.8800,1.0200,-10.0100,24,-2.5000,-22.8750,26.7500,3,0,0,3
10.8620,182.6875,-4.7500,-132.4965,42.9718,3.5810,139.3367,0.0100,0.0000,-0.2700,0.2702,0.8200,0.8800,-10.0100,24,-2.5000,-22.8750,26.7500,3,0,0,3
10.8830,182.6875,-4.7500,-60.8768,57.2958,42.9718,93.9966,0.0500,-0.0400,-0.2600,0.2678,0.8700,0.8400,-9.9900,24,-2.7500,-23.2500,26.3750,3,0,0,3
10.9040,182.6875,-4.7500,39.3908,78.7817,71.6197,113.5235,0.0500,0.0400,-0.1000,0.1187,0.8700,0.9200,-9.8400,24,-2.7500,-23.2500,26.3750,3,0,0,3
10.9240,182.6875,-4.8125,-35.8099,78.7817,82.3627,119.4676,0.0100,-0.0600,0.0700,0.0927,0.8300,0.8200,-9.6500,24,-2.7500,-23.2500,26.3750,3,0,0,3
10.9440,182.7500,-4.8125,-53.7148,21.4859,78.7817,97.7419,0.0000,-0.3200,0.0000,0.3200,0.8200,0.5600,-9.7300,24,-3.1875,-22.5625,26.3750,3,0,0,3
10.9650,182.7500,-4.8125,25.0669,-28.6479,14.3239,40.6722,0.0200,-0.3000,-0.1200,0.3237,0.8500,0.5700,-9.8500,24,-3.1875,-22.5625,26.3750,3,0,0,3
10.9860,182.7500,-4.8125,53.7148,-35.8099,-50.1338,81.7375,0.0300,-0.1900,-0.1400,0.2379,0.8500,0.7700,-9.8100,24,-3.5625,-22.5625,26.0000,3,0,0,3
11.0100,182.6875,-4.8125,3.5810,7.1620,-85.9437,86.3159,-0.0100,-0.0500,-0.0100,0.0520,0.8100,0.8100,-9.7400,24,-3.5625,-22.5625,26.0000,3,0,0,3
11.0260,182.6875,-4.8125,-42.9718,-50.1338,-103.8486,123.0630,-0.0100,-0.0300,-0.0400,0.0510,0.8100,0.8400,-9.7700,24,-3.1875,-21.7500,25.2500,3,0,0,3
11.0470,182.6250,-4.7500,-35.8099,-82.3627,-100.2676,134.6089,0.0600,-0.0700,-0.2900,0.3043,0.8900,0.8100,-10.1600,24,-3.1875,-21.7500,25.2500,3,0,0,3
11.0720,182.6250,-4.7500,42.9718,-50.1338,-114.5916,132.2543,0.0300,0.2900,-0.3200,0.4329,0.8500,1.1700,-10.0600,24,-3.1875,-21.7500,25.2500,3,0,0,3
11.0880,182.5625,-4.7500,3.5810,-14.3239,-85.9437,87.2027,0.0400,0.3700,-0.2300,0.4375,0.8500,1.2500,-9.9600,24,-2.5000,-21.7500,25.5625,3,0,0,3
11.1080,182.5625,-4.7500,-17.9049,-14.3239,50.1338,55.1286,0.0300,0.2200,-0.2800,0.3574,0.8400,1.1000,-10.0200,24,-2.5000,-21.7500,25.5625,3,0,0,3
11.1290,182.6250,-4.7500,3.5810,-14.3239,78.7817,80.1533,0.0500,0.0600,-0.3500,0.3586,0.8600,0.9400,-10.0800,24,-3.1875,-23.6875,26.3750,3,0,0,3
11.1500,182.6250,-4.7500,42.9718,32.2289,100.2676,113.7492,0.0600,0.0000,-0.2700,0.2766,0.8800,0.8800,-10.0000,24,-3.1875,-23.6875,26.3750,3,0,0,3
11.1700,182.6875,-4.7500,-17.9049,50.1338,85.9437,101.0955,0.0500,0.0100,-0.0800,0.0949,0.8700,0.8900,-9.8100,24,-3.1875,-23.6875,26.3750,3,0,0,3
11.1900,182.6875,-4.7500,-21.4859,35.8099,82.3627,92.3450,0.0000,-0.1100,-0.0400,0.1170,0.8200,0.7600,-9.7700,24,-2.7500,-22.8750,25.5625,3,0,0,3
11.2110,182.6875,-4.7500,71.6197,-28.6479,68.0387,102.8560,0.0300,-0.1400,-0.1500,0.2074,0.8500,0.7200,-9.8800,24,-2.7500,-22.8750,25.5625,3,0,0,3
11.2310,182.7500,-4.7500,64.4578,-39.3908,28.6479,80.7907,0.0300,-0.1000,-0.3800,0.3941,0.8500,0.7600,-10.1100,24,-3.5625,-22.5625,26.0000,3,0,0,3
11.2510,182.7500,-4.7500,-14.3239,10.7430,0.0000,17.9049,0.0400,-0.0400,-0.3900,0.3941,0.8600,0.8100,-10.1300,24,-3.5625,-22.5625,26.0000,3,0,0,3
11.2720,182.7500,-4.7500,-10.7430,28.6479,-17.9049,35.4500,0.0200,0.0400,-0.1300,0.1375,0.8400,0.9000,-9.8700,24,-3.5625,-22.5625,26.0000,3,0,0,3
11.2930,182.7500,-4.7500,57.2958,17.9049,14.3239,61.7136,0.0200,0.1700,-0.1100,0.2035,0.8400,1.0300,-9.8400,24,-3.1875,-22.5625,26.7500,3,0,0,3
11.3140,182.7500,-4.7500,-32.2289,0.0000,64.4578,72.0660,0.0100,-0.0300,-0.1100,0.1145,0.8300,0.8200,-9.8400,24,-3.1875,-22.5625,26.7500,3,0,0,3
11.3380,182.7500,-4.7500,-68.0387,-32.2289,68.0387,101.4753,0.0000,-0.2400,-0.1800,0.3000,0.8200,0.6100,-9.9200,24,-3.5625,-22.5625,25.2500,3,0,0,3
11.3580,182.8125,-4.7500,-7.1620,-32.2289,17.9049,37.5577,0.0300,-0.2000,-0.2500,0.3216,0.8400,0.6600,-10.0000,24,-3.5625,-22.5625,25.2500,3,0,0,3
11.3780,182.8125,-4.7500,-35.8099,-25.0669,-28.6479,52.2628,0.0500,-0.2400,-0.3000,0.3874,0.8700,0.6100,-10.0300,24,-2.5000,-22.5625,26.0000,3,0,0,3
11.3990,182.7500,-4.7500,0.0000,3.5810,-71.6197,71.7092,0.0500,-0.0700,-0.3000,0.3121,0.8600,0.8600,-9.9300,24,-2.5000,-22.5625,26.0000,3,0,0,3
11.4200,182.7500,-4.8125,17.9049,35.8099,-85.9437,94.8116,0.0000,0.1700,-0.0600,0.1803,0.8200,1.0400,-9.8000,24,-2.5000,-22.5625,26.0000,3,0,0,3
11.4410,182.7500,-4.8125,-111.0106,-14.3239,-32.2289,116.4784,0.0200,0.0000,-0.1400,0.1414,0.8500,0.8600,-9.8700,24,-3.5000,-22.5625,27.1875,3,0,0,3
11.4650,182.7500,-4.7500,-21.4859,-35.8099,-3.5810,41.9144,0.0100,-0.0700,-0.2600,0.2694,0.8300,0.7900,-9.9900,24,-3.5000,-22.5625,27.1875,3,0,0,3
11.4810,182.7500,-4.7500,103.8486,0.0000,0.0000,103.8486,0.0500,0.0000,-0.2700,0.2746,0.8700,0.8700,-10.0100,24,-3.8750,-22.5625,26.0000,3,0,0,3
11.5020,182.7500,-4.7500,75.2007,42.9718,17.9049,88.4438,0.0600,-0.0700,-0.1100,0.1435,0.8900,0.7800,-9.8400,24,-3.8750,-22.5625,26.0000,3,0,0,3
11.5220,182.6875,-4.8125,50.1338,21.4859,10.7430,55.5919,0.0000,-0.0300,0.0400,0.0500,0.8300,0.8100,-9.6800,24,-3.8750,-22.5625,26.0000,3,0,0,3
11.5430,182.6875,-4.7500,53.7148,-53.7148,0.0000,75.9642,0.0200,-0.1000,-0.1100,0.1500,0.8400,0.7500,-9.8500,24,-3.5000,-22.1875,26.7500,3,0,0,3
11.5660,182.6875,-4.7500,71.6197,-78.7817,-28.6479,110.2572,0.0300,0.0000,-0.4200,0.4211,0.8400,0.8500,-10.1600,24,-3.5000,-22.1875,26.7500,3,0,0,3
11.5880,182.6875,-4.7500,3.5810,-46.5528,-32.2289,56.7335,0.0200,-0.0200,-0.5100,0.5108,0.8400,0.8200,-10.2500,24,-3.1875,-22.1875,25.5625,3,0,0,3
11.6090,182.6875,-4.7500,-60.8768,42.9718,-50.1338,89.8107,0.0200,-0.0400,-0.4500,0.4522,0.8400,0.7900,-10.0700,24,-3.1875,-22.1875,25.5625,3,0,0,3
11.6290,182.6875,-4.7500,-42.9718,85.9437,-57.2958,111.8736,0.0100,-0.0300,-0.2300,0.2322,0.8300,0.8200,-9.9600,24,-3.5625,-22.5625,26.0000,3,0,0,3
11.6490,182.6875,-4.8125,10.7430,78.7817,-46.5528,92.1365,0.0200,-0.0200,-0.0100,0.0300,0.8500,0.8300,-9.7400,24,-3.5625,-22.5625,26.0000,3,0,0,3
11.6700,182.6875,-4.8125,10.7430,10.7430,-42.9718,45.5785,0.0300,0.0000,-0.0400,0.0500,0.8600,0.8500,-9.7800,24,-3.5625,-22.5625,26.0000,3,0,0,3
11.6940,182.6250,-4.8125,-42.9718,7.1620,-78.7817,90.0246,0.0500,-0.0200,-0.1300,0.1407,0.8800,0.8300,-9.8600,24,-3.8750,-22.1875,26.0000,3,0,0,3
11.7140,182.6250,-4.8125,64.4578,3.5810,-50.1338,81.7375,0.0400,0.2600,-0.0200,0.2638,0.8600,1.1200,-9.7600,24,-3.8750,-22.1875,26.0000,3,0,0,3
11.7350,182.6250,-4.8125,-17.9049,-7.1620,10.7430,22.0747,0.0000,0.1800,-0.0300,0.1825,0.8200,1.0300,-9.7600,24,-2.7500,-21.7500,24.3750,3,0,0,3
11.7550,182.6250,-4.7500,-82.3627,-71.6197,35.8099,114.8710,0.0400,-0.1600,-0.2100,0.2670,0.8600,0.6900,-9.9500,24,-2.7500,-21.7500,24.3750,3,0,0,3
11.7760,182.6250,-4.7500,64.4578,-68.0387,10.7430,94.3371,0.0500,0.0300,-0.2900,0.2958,0.8700,0.8900,-10.0300,24,-2.7500,-21.7500,24.3750,3,0,0,3
11.7970,182.6250,-4.7500,32.2289,-32.2289,17.9049,48.9693,0.0500,0.0700,-0.2600,0.2739,0.8700,0.9300,-9.9900,24,-3.5625,-22.1875,26.0000,3,0,0,3
11.8210,182.6250,-4.7500,-71.6197,3.5810,42.9718,83.5990,0.0500,-0.0200,-0.3200,0.3245,0.8700,0.8300,-10.0500,24,-3.5625,-22.1875,26.0000,3,0,0,3
11.8410,182.6875,-4.7500,-25.0669,21.4859,50.1338,60.0283,0.0300,0.0600,-0.1200,0.1375,0.8500,0.9200,-9.8500,24,-3.1875,-22.1875,26.0000,3,0,0,3
11.8620,182.6875,-4.7500,50.1338,32.2289,60.8768,85.1944,0.0100,0.0100,-0.1600,0.1606,0.8300,0.8700,-9.8900,24,-3.1875,-22.1875,26.0000,3,0,0,3
11.8830,182.6875,-4.7500,46.5528,3.5810,89.5247,100.9686,0.0100,-0.0600,-0.1800,0.1900,0.8600,0.7000,-10.0400,24,-2.7500,-22.1875,26.0000,3,0,0,3
11.9030,182.7500,-4.7500,-17.9049,-3.5810,39.3908,43.4172,0.0200,-0.1800,-0.3400,0.3852,0.8400,0.6700,-10.0800,24,-2.7500,-22.1875,26.0000,3,0,0,3
11.9240,182.7500,-4.7500,-32.2289,7.1620,-17.9049,37.5577,0.0100,-0.1400,-0.3100,0.3403,0.8300,0.7000,-10.0500,24,-2.7500,-22.1875,26.0000,3,0,0,3
11.9440,182.7500,-4.7500,7.1620,42.9718,-21.4859,48.5749,0.0400,-0.1100,-0.2900,0.3127,0.8600,0.7300,-10.0300,24,-3.5625,-22.1875,26.0000,3,0,0,3
11.9650,182.7500,-4.8125,39.3908,57.2958,-21.4859,72.7742,0.0200,0.0100,-0.1800,0.1814,0.8400,0.8600,-9.9100,24,-3.5625,-22.1875,26.0000,3,0,0,3
11.9850,182.7500,-4.8125,-3.5810,46.5528,-14.3239,48.8381,0.0400,0.0000,-0.1100,0.1170,0.8700,0.8500,-9.8400,24,-3.5625,-21.3750,26.3750,3,0,0,3
12.0060,182.7500,-4.8125,10.7430,25.0669,3.5810,27.5061,0.0500,0.0200,-0.1000,0.1136,0.8800,0.8700,-9.8300,24,-3.5625,-21.3750,26.3750,3,0,0,3
12.0260,182.7500,-4.8125,-7.1620,3.5810,7.1620,10.7430,0.0600,0.0400,-0.1700,0.1847,0.8900,0.8900,-9.9100,24,-3.5625,-21.3750,26.3750,3,0,0,3
12.0460,182.7500,-4.8125,-10.7430,-10.7430,21.4859,26.3148,0.0100,-0.1100,-0.1800,0.2112,0.8400,0.7300,-9.9200,24,-3.1875,-22.5625,27.1875,3,0,0,3
12.0670,182.7500,-4.8125,68.0387,-10.7430,3.5810,68.9747,0.0600,-0.0500,-0.1800,0.1962,0.8900,0.7900,-9.9200,24,-3.1875,-22.5625,27.1875,3,0,0,3
12.0910,182.7500,-4.8125,-32.2289,10.7430,3.5810,34.1604,0.0300,-0.2100,-0.1200,0.2437,0.8600,0.6300,-9.8500,24,-3.8750,-22.1875,26.3750,3,0,0,3
12.1120,182.7500,-4.8125,-50.1338,10.7430,-35.8099,62.5392,0.0000,-0.2800,-0.1500,0.3176,0.8200,0.6500,-9.9300,24,-3.8750,-22.1875,26.3750,3,0,0,3
12.1280,182.6875,-4.8125,128.9155,10.7430,-71.6197,147.8648,0.0600,0.0600,-0.2000,0.2173,0.8900,0.9000,-9.9300,24,-3.5625,-22.8750,27.5625,3,0,0,3
12.1530,182.6875,-4.8125,17.9049,7.1620,-68.0387,70.7188,0.0600,0.0000,-0.1100,0.1253,0.8900,0.8400,-9.8500,24,-3.5625,-22.8750,27.5625,3,0,0,3
12.1730,182.6875,-4.8125,-100.2676,-39.3908,-89.5247,140.0710,0.0400,-0.0300,-0.2100,0.2159,0.8600,0.8000,-9.9500,24,-3.5625,-22.8750,27.5625,3,0,0,3
12.1940,182.6250,-4.8125,-35.8099,-57.2958,-89.5247,112.1598,0.0500,0.1000,-0.4100,0.4250,0.8700,0.9500,-10.1400,24,-3.8750,-23.2500,26.3750,3,0,0,3
12.2140,182.6250,-4.7500,14.3239,0.0000,-64.4578,66.0301,0.0900,0.1600,-0.4100,0.4492,0.9100,1.0100,-10.1500,24,-3.8750,-23.2500,26.3750,3,0,0,3
12.2310,182.5625,-4.7500,17.9049,35.8099,-42.9718,58.7325,0.0800,0.2000,-0.1600,0.2683,0.9000,1.0500,-9.8900,24,-3.1875,-22.1875,26.0000,3,0,0,3
12.2550,182.5625,-4.8125,3.5810,75.2007,39.3908,84.9683,0.0500,0.1600,0.0400,0.1723,0.8800,1.0100,-9.6900,24,-3.1875,-22.1875,26.0000,3,0,0,3
12.2760,182.6250,-4.8125,-21.4859,3.5810,75.2007,78.2919,0.0300,0.0500,0.0200,0.0616,0.8600,0.9000,-9.7100,24,-3.1875,-22.1875,26.0000,3,0,0,3
12.2960,182.6250,-4.8125,-68.0387,-35.8099,60.8768,98.0694,0.0300,-0.1900,-0.1200,0.2267,0.8600,0.6600,-9.8500,24,-2.7500,-22.5625,26.0000,3,0,0,3
12.3170,182.6250,-4.8125,46.5528,-60.8768,25.0669,80.6319,0.0600,-0.1600,-0.2200,0.2786,0.8900,0.6800,-9.9500,24,-2.7500,-22.5625,26.0000,3,0,0,3
12.3370,182.6250,-4.8125,103.8486,-28.6479,-3.5810,107.7871,0.0600,0.0500,-0.2100,0.2241,0.8900,0.9000,-9.9500,24,-3.1875,-22.8750,25.2500,3,0,0,3
12.3580,182.6250,-4.8125,-3.5810,21.4859,-3.5810,22.0747,0.0100,0.0300,-0.0200,0.0374,0.8400,0.8800,-9.7600,24,-3.1875,-22.8750,25.2500,3,0,0,3
12.3770,182.6250,-4.8125,25.0669,-10.7430,21.4859,34.7190,-0.0100,0.0000,-0.0100,0.0141,0.8000,0.8300,-9.7400,24,-3.1875,-22.8750,25.2500,3,0,0,3
12.3950,182.6875,-4.8125,82.3627,-46.5528,46.5528,105.4417,0.0200,0.0200,-0.1100,0.1136,0.8500,0.8600,-9.8500,24,-3.5000,-22.8750,25.5625,3,0,0,3
12.4150,182.6875,-4.7500,-50.1338,-64.4578,25.0669,85.4199,0.0200,-0.1900,-0.2100,0.2839,0.8400,0.6400,-9.9500,24,-3.5000,-22.8750,25.5625,3,0,0,3
12.4390,182.6875,-4.7500,-17.9049,-68.0387,-25.0669,74.6874,0.0000,-0.2800,-0.2100,0.3500,0.8100,0.5500,-9.9500,24,-3.1875,-22.5625,26.0000,3,0,0,3
12.4590,182.6250,-4.6875,153.9824,-75.2007,-78.7817,188.6062,0.0700,0.2000,-0.3500,0.4091,0.8900,1.0300,-10.0900,24,-3.1875,-22.5625,26.0000,3,0,0,3
12.4810,182.6250,-4.6875,85.9437,-64.4578,-46.5528,117.0824,0.0900,0.4200,-0.3600,0.5604,0.9000,1.2400,-10.0900,24,-3.1875,-21.7500,25.5625,3,0,0,3
12.5010,182.6250,-4.6875,-103.8486,-32.2289,39.3908,115.6498,0.0600,0.1500,-0.4100,0.4407,0.8600,0.8500,-10.1200,24,-3.1875,-21.7500,25.5625,3,0,0,3
12.5250,182.6875,-4.6875,-125.3345,3.5810,107.4296,165.1141,0.0700,-0.0500,-0.2900,0.3025,0.8700,0.7700,-10.0300,24,-3.1875,-21.7500,25.5625,3,0,0,3
12.5420,182.6875,-4.6875,-32.2289,21.4859,125.3345,131.1834,0.0600,-0.1500,-0.1900,0.2494,0.8700,0.6700,-9.9300,24,-3.8750,-22.8750,26.7500,3,0,0,3
12.5670,182.7500,-4.6875,-103.8486,32.2289,71.6197,130.2022,0.0100,-0.2900,-0.0600,0.2963,0.8100,0.5400,-9.8000,24,-3.8750,-22.8750,26.7500,3,0,0,3
12.5830,182.7500,-4.6875,71.6197,0.0000,10.7430,72.4210,0.0100,-0.1700,-0.1200,0.2083,0.8200,0.6500,-9.8600,24,-2.7500,-22.5625,25.5625,3,0,0,3
12.6070,182.7500,-4.6875,196.9542,-25.0669,-17.9049,199.3487,0.0400,0.1000,-0.1600,0.1929,0.8500,0.9200,-9.9000,24,-2.7500,-22.5625,25.5625,3,0,0,3
12.6270,182.7500,-4.6875,-21.4859,-46.5528,-3.5810,51.3968,0.0700,0.0400,-0.3100,0.3203,0.8800,0.8600,-10.0500,24,-2.7500,-22.5625,25.5625,3,0,0,3
12.6480,182.7500,-4.6875,-157.5634,-7.1620,7.1620,157.8886,0.0600,-0.2300,-0.3700,0.4398,0.8600,0.5900,-10.1100,24,-3.8750,-22.1875,26.3750,3,0,0,3
12.6690,182.7500,-4.6875,78.7817,35.8099,10.7430,87.2027,0.0200,0.1200,-0.1100,0.1640,0.8200,0.9500,-9.8400,24,-3.8750,-22.1875,26.3750,3,0,0,3
12.6900,182.8125,-4.6875,7.1620,32.2289,53.7148,63.0498,0.0000,0.0000,0.0000,0.0000,0.8000,0.8200,-9.7300,24,-2.7500,-22.5625,26.0000,3,0,0,3
12.7100,182.8125,-4.6875,-89.5247,10.7430,42.9718,99.8832,0.0300,-0.4000,-0.0300,0.4022,0.8400,0.4200,-9.7700,24,-2.7500,-22.5625,26.0000,3,0,0,3
12.7300,182.8125,-4.6875,96.6866,-53.7148,-17.9049,112.0454,0.0000,-0.3700,-0.1100,0.3860,0.8000,0.4500,-9.8400,24,-2.7500,-22.5625,26.0000,3,0,0,3
12.7510,182.7500,-4.6250,125.3345,-68.0387,-96.6866,172.2972,0.0500,-0.2100,-0.3700,0.4284,0.8500,0.6000,-10.1100,24,-3.1875,-21.7500,26.3750,3,0,0,3
12.7750,182.7500,-4.6250,14.3239,-60.8768,-168.3063,179.5499,0.0600,-0.1200,-0.4300,0.4504,0.8500,0.8200,-10.1600,24,-3.1875,-21.7500,26.3750,3,0,0,3
12.7910,182.6875,-4.6250,-75.2007,-25.0669,-214.8592,229.0152,0.0800,0.1200,-0.3300,0.3601,0.8800,0.9400,-10.0700,24,-3.1875,-22.5625,26.3750,3,0,0,3
12.8160,182.5625,-4.6250,-10.7430,-3.5810,-179.0493,179.4071,0.0300,0.3900,-0.1700,0.4265,0.8200,1.2200,-9.9100,24,-3.1875,-22.5625,26.3750,3,0,0,3
12.8370,182.5625,-4.6250,57.2958,21.4859,-17.9049,63.7576,0.0400,0.3200,-0.0700,0.3300,0.8300,1.1400,-9.8100,24,-3.1875,-22.5625,26.3750,3,0,0,3
12.8570,182.5625,-4.6250,46.5528,-7.1620,82.3627,94.8793,0.0300,0.0600,-0.0600,0.0900,0.8300,0.8800,-9.8000,24,-3.1875,-22.5625,26.3750,3,0,0,3
12.8780,182.6250,-4.6250,17.9049,-39.3908,93.1056,102.6688,0.0500,-0.2100,-0.2700,0.3457,0.8400,0.6000,-10.0100,24,-3.1875,-22.5625,26.3750,3,0,0,3
12.8980,182.6250,-4.5625,42.9718,-42.9718,35.8099,70.5373,0.0500,-0.2400,-0.3600,0.4355,0.8400,0.5600,-10.1000,24,-2.7500,-21.3750,25.5625,3,0,0,3
12.9230,182.6250,-4.5625,60.8768,-7.1620,-32.2289,69.2530,0.0400,0.0000,-0.3600,0.3622,0.8300,0.8000,-10.1000,24,-2.7500,-21.3750,25.5625,3,0,0,3
12.9430,182.6250,-4.6250,-28.6479,42.9718,-50.1338,71.9769,0.0500,0.0700,-0.2800,0.2929,0.8400,0.8900,-10.0200,24,-3.8750,-21.7500,26.0000,3,0,0,3
12.9640,182.5625,-4.6250,-35.8099,50.1338,-50.1338,79.4301,0.0100,0.1600,-0.1300,0.2064,0.8000,1.0300,-9.8800,24,-3.8750,-21.7500,26.0000,3,0,0,3
12.9840,182.5625,-4.6250,-32.2289,39.3908,10.7430,52.0168,0.0300,0.2000,-0.1200,0.2352,0.7700,0.8800,-9.8700,24,-3.5000,-21.3750,26.0000,3,0,0,3
13.0050,182.5625,-4.6250,-42.9718,7.1620,46.5528,63.7576,0.0700,-0.0400,-0.2200,0.2343,0.8700,0.7700,-9.9600,24,-3.5000,-21.3750,26.0000,3,0,0,3
13.0250,182.6250,-4.6250,7.1620,7.1620,42.9718,44.1494,0.1300,0.0600,-0.3100,0.3415,0.9200,0.8900,-10.0500,24,-3.5000,-21.3750,26.0000,3,0,0,3
13.0460,182.6250,-4.6250,39.3908,46.5528,46.5528,76.7201,0.0500,0.1500,-0.2100,0.2629,0.8500,0.9800,-9.9500,24,-2.7500,-22.5625,26.0000,3,0,0,3
13.0700,182.6250,-4.6250,42.9718,32.2289,89.5247,104.4028,0.0400,0.1100,-0.2200,0.2492,0.8400,0.9300,-9.9500,24,-2.7500,-22.5625,26.0000,3,0,0,3
13.0870,182.6875,-4.6875,-75.2007,32.2289,100.2676,129.4119,0.0500,-0.1500,-0.2200,0.2709,0.8500,0.6700,-9.9600,24,-3.1875,-22.5625,26.3750,3,0,0,3
13.1110,182.6875,-4.6875,-17.9049,25.0669,60.8768,68.2270,0.0500,-0.0800,-0.3100,0.3240,0.8600,0.7300,-10.0500,24,-3.1875,-22.5625,26.3750,3,0,0,3
13.1280,182.6875,-4.6875,-7.1620,50.1338,35.8099,62.0245,0.0200,0.0800,-0.1200,0.1456,0.8300,0.9000,-9.8600,24,-3.1875,-22.5625,26.3750,3,0,0,3
13.1520,182.7500,-4.6875,-100.2676,57.2958,53.7148,127.3644,0.0300,-0.0400,0.0200,0.0539,0.8400,0.7800,-9.7100,24,-3.5625,-22.8750,26.0000,3,0,0,3
13.1730,182.7500,-4.6875,-28.6479,3.5810,75.2007,80.5523,0.0400,-0.1500,-0.0900,0.1794,0.8500,0.6700,-9.8300,24,-3.5625,-22.8750,26.0000,3,0,0,3
13.1890,182.7500,-4.6875,93.1056,-21.4859,82.3627,126.1504,0.0800,-0.1200,-0.2500,0.2886,0.8900,0.6900,-9.9800,24,-3.1875,-22.1875,25.2500,3,0,0,3
13.2140,182.8125,-4.6875,0.0000,-3.5810,42.9718,43.1208,0.0500,-0.2000,-0.3300,0.3891,0.8600,0.6100,-10.0700,24,-3.1875,-22.1875,25.2500,3,0,0,3
13.2300,182.8125,-4.6875,-96.6866,10.7430,-39.3908,104.9541,0.0400,-0.3400,-0.2600,0.4299,0.8500,0.4700,-10.0000,24,-3.1875,-22.1875,25.2500,3,0,0,3
13.2510,182.7500,-4.6875,60.8768,10.7430,-114.5916,130.2022,0.0700,0.0000,-0.2200,0.2309,0.8900,0.8000,-9.9600,24,-2.7500,-22.5625,25.5625,3,0,0,3
13.2750,182.7500,-4.6875,103.8486,25.0669,-111.0106,154.0657,0.0600,0.2900,-0.1200,0.3195,0.8800,1.1000,-9.8600,24,-2.7500,-22.5625,25.5625,3,0,0,3
13.2950,182.6875,-4.6875,-57.2958,10.7430,-21.4859,62.1278,0.0700,0.0800,-0.1800,0.2090,0.8800,0.9000,-9.9200,24,-3.5625,-21.3750,26.7500,3,0,0,3
13.3160,182.7500,-4.6875,-7.1620,0.0000,71.6197,71.9769,0.0700,-0.0200,-0.2400,0.2508,0.8800,0.7900,-9.9700,24,-3.5625,-21.3750,26.7500,3,0,0,3
13.3370,182.7500,-4.6875,28.6479,7.1620,89.5247,94.2691,0.0700,-0.1700,-0.1600,0.2437,0.8900,0.6400,-9.9000,24,-3.1875,-22.8750,26.0625,3,0,0,3
13.3560,182.7500,-4.7500,3.5810,46.5528,82.3627,94.6763,0.0000,-0.2500,0.0900,0.2657,0.8200,0.5600,-9.6300,24,-3.1875,-22.8750,26.0625,3,0,0,3
13.3780,182.8125,-4.7500,21.4859,14.3239,35.8099,44.1494,0.0000,-0.3500,0.0800,0.3590,0.8100,0.4600,-9.6400,24,-3.1875,-22.8750,26.0625,3,0,0,3
13.3980,182.8125,-4.7500,50.1338,-53.7148,-32.2289,80.2333,0.0400,-0.3400,-0.1500,0.3738,0.8500,0.4600,-9.8900,24,-3.1875,-22.1875,26.0000,3,0,0,3
13.4230,182.7500,-4.6875,25.0669,-100.2676,-139.6585,173.7424,-0.7800,-0.7500,0.9200,1.4203,0.0200,0.0500,-8.8100,24,-3.1875,-22.1875,26.0000,3,0,0,3
13.4390,182.6875,-4.6250,139.6585,-57.2958,-161.1444,220.8049,-0.3200,0.0300,-0.3900,0.5054,0.4700,0.8300,-10.1300,24,-3.1875,-22.5625,26.0000,3,0,0,3
13.4630,182.6250,-4.6250,164.7254,-64.4578,-161.1444,239.2839,0.0200,0.4500,-0.3300,0.5584,0.8100,1.2500,-10.0700,24,-3.1875,-22.5625,26.0000,3,0,0,3
13.4840,182.6250,-4.6250,50.1338,-46.5528,-96.6866,118.4435,0.0700,0.2800,-0.5200,0.5947,0.8600,1.0800,-10.2700,24,-3.1875,-22.5625,26.0000,3,0,0,3
13.5050,182.6250,-4.6250,7.1620,32.2289,0.0000,33.0151,0.0600,0.4000,-0.3800,0.5550,0.8500,1.2000,-10.1200,24,-3.1875,-22.1875,26.0000,3,0,0,3
13.5250,182.6250,-4.6250,-57.2958,82.3627,96.6866,139.3367,0.0100,-0.0400,-0.0100,0.0424,0.8100,0.7500,-9.7500,24,-3.1875,-22.1875,26.0000,3,0,0,3
13.5450,182.6875,-4.6250,-107.4296,39.3908,175.4683,209.4800,0.0100,-0.2700,0.0000,0.2702,0.8100,0.2200,-9.8300,24,-2.7500,-22.5625,26.3750,3,0,0,3
13.5690,182.7500,-4.6875,-57.2958,-17.9049,107.4296,123.0630,0.0600,-0.6700,-0.3900,0.7776,0.8600,0.1200,-10.1300,24,-2.7500,-22.5625,26.3750,3,0,0,3
13.5860,182.7500,-4.6875,111.0106,0.0000,-75.2007,134.0839,0.0100,-0.1700,-0.3700,0.4073,0.8100,0.6200,-10.1100,24,-3.1875,-22.5625,26.3750,3,0,0,3
13.6110,182.6875,-4.6875,82.3627,68.0387,-186.2113,214.6800,0.0100,0.3000,-0.1600,0.3401,0.8200,1.0900,-9.9000,24,-3.1875,-22.5625,26.3750,3,0,0,3
13.6270,182.5625,-4.6875,-32.2289,57.2958,-121.7535,138.3670,0.0000,0.3300,-0.1000,0.3448,0.8000,1.1200,-9.8400,24,-3.1875,-22.5625,26.3750,3,0,0,3
13.6520,182.5625,-4.6875,64.4578,35.8099,10.7430,74.5155,0.0200,0.3300,-0.1200,0.3517,0.8300,1.1300,-9.8600,24,-3.8750,-22.5625,26.3750,3,0,0,3
13.6730,182.6250,-4.6875,35.8099,10.7430,128.9155,134.2273,0.0600,0.1400,-0.2200,0.2676,0.8700,0.9300,-9.9600,24,-3.8750,-22.5625,26.3750,3,0,0,3
13.6930,182.6250,-4.6875,-7.1620,10.7430,171.8873,172.3716,0.0300,-0.1500,-0.3500,0.3820,0.8400,0.6300,-10.0900,24,-2.7500,-22.1875,26.0000,3,0,0,3
13.7130,182.6875,-4.7500,3.5810,60.8768,150.4014,162.2942,0.0500,-0.2700,-0.2800,0.3922,0.8700,0.5100,-10.0200,24,-2.7500,-22.1875,26.0000,3,0,0,3
13.7340,182.7500,-4.7500,35.8099,68.0387,85.9437,115.3167,0.0600,-0.3600,-0.1100,0.3812,0.8800,0.4200,-9.8500,24,-2.7500,-22.1875,26.0000,3,0,0,3
13.7550,182.7500,-4.8125,57.2958,60.8768,-14.3239,84.8172,0.0100,-0.2100,0.0000,0.2102,0.8300,0.5600,-9.7300,24,-3.5625,-22.1875,26.3750,3,0,0,3
13.7750,182.7500,-4.7500,-46.5528,25.0669,-68.0387,86.1672,-0.0200,-0.1100,0.0100,0.1122,0.7700,0.6800,-9.7500,24,-3.5625,-22.1875,26.3750,3,0,0,3
13.7950,182.6875,-4.7500,-71.6197,-32.2289,-100.2676,127.3644,0.0000,-0.0800,-0.0300,0.0854,0.8700,0.7300,-9.8200,24,-3.1875,-22.1875,26.3750,3,0,0,3
13.8160,182.6875,-4.7500,-53.7148,-57.2958,-128.9155,150.9546,0.1300,0.0600,-0.2200,0.2625,0.9400,0.8500,-9.9600,24,-3.1875,-22.1875,26.3750,3,0,0,3
13.8360,182.6250,-4.7500,0.0000,-64.4578,-118.1725,134.6089,0.1100,0.1800,-0.2800,0.3506,0.9300,1.0700,-10.0400,24,-3.1875,-22.8750,26.3750,3,0,0,3
13.8570,182.5625,-4.7500,60.8768,-32.2289,-57.2958,89.5962,0.0600,0.3200,-0.2500,0.4105,0.8800,1.1100,-9.9900,24,-3.1875,-22.8750,26.3750,3,0,0,3
13.8780,182.6250,-4.7500,-132.4965,39.3908,89.5247,164.6864,0.0000,0.0600,-0.0800,0.1000,0.8200,0.8500,-9.8200,24,-3.1875,-22.8750,26.3750,3,0,0,3
13.8980,182.6250,-4.7500,-128.9155,17.9049,103.8486,166.5062,0.0000,-0.3000,-0.1200,0.3231,0.8200,0.4900,-9.8600,24,-4.2500,-21.7500,26.3750,3,0,0,3
13.9220,182.6875,-4.7500,171.8873,-25.0669,103.8486,202.3812,0.1000,-0.2700,-0.1900,0.3450,0.9200,0.5100,-9.9300,24,-4.2500,-21.7500,26.3750,3,0,0,3
13.9390,182.6875,-4.7500,96.6866,0.0000,32.2289,101.9167,0.0800,-0.2600,-0.0600,0.2786,0.9000,0.5100,-9.8000,24,-2.7500,-21.7500,26.3750,3,0,0,3
13.9630,182.6875,-4.7500,-89.5247,0.0000,-60.8768,108.2619,0.0300,-0.3000,0.0000,0.3015,0.8500,0.4700,-9.7300,24,-2.7500,-21.7500,26.3750,3,0,0,3
13.9800,182.6875,-4.7500,25.0669,-64.4578,-111.0106,130.7918,0.0200,-0.0100,-0.0700,0.0735,0.8300,0.7700,-9.8200,24,-2.7500,-21.7500,26.3750,3,0,0,3
14.0000,182.6250,-4.6875,153.9824,-82.3627,-107.4296,205.0251,0.0900,0.0900,-0.2600,0.2895,0.9000,0.8700,-10.0000,24,-2.7500,-21.3750,26.7500,3,0,0,3
14.0250,182.5625,-4.6875,107.4296,-75.2007,-71.6197,149.4177,0.0400,0.0300,-0.2900,0.2943,0.8500,0.8000,-10.0400,24,-2.7500,-21.3750,26.7500,3,0,0,3
14.0450,182.5625,-4.6875,3.5810,-39.3908,-64.4578,75.6258,0.0200,-0.0600,-0.2300,0.2385,0.8200,0.7000,-9.9700,24,-3.5625,-21.7500,26.3750,3,0,0,3
14.0650,182.5625,-4.6250,14.3239,-32.2289,-82.3627,89.5963,-0.0100,0.1100,-0.2300,0.2551,0.7900,0.8800,-9.9700,24,-3.5625,-21.7500,26.3750,3,0,0,3
14.0860,182.5000,-4.6250,-46.5528,-21.4859,-68.0387,85.1944,-0.0100,0.1300,-0.1800,0.2223,0.7900,0.9000,-9.9300,24,-3.5625,-21.7500,26.3750,3,0,0,3
14.1070,182.5000,-4.6250,-96.6866,-7.1620,-50.1338,109.1467,0.0200,0.0200,-0.1800,0.1822,0.8200,0.7900,-9.9200,24,-3.5625,-22.1875,26.3750,3,0,0,3
14.1270,182.5000,-4.6250,50.1338,-35.8099,-28.6479,67.9444,0.0500,0.0100,-0.2300,0.2356,0.8900,0.8400,-10.0200,24,-3.5625,-22.1875,26.3750,3,0,0,3
14.1470,182.5000,-4.6250,103.8486,-46.5528,-32.2289,118.2810,0.1000,0.1400,-0.3200,0.3633,0.9000,0.9100,-10.0700,24,-3.1875,-22.5625,26.0000,3,0,0,3
14.1680,182.5000,-4.6250,-21.4859,-32.2289,-42.9718,57.8526,0.0900,0.1700,-0.4000,0.4438,0.8900,0.9700,-10.1400,24,-3.1875,-22.5625,26.0000,3,0,0,3
14.1850,182.5000,-4.6250,-100.2676,-25.0669,-7.1620,103.6013,0.0700,0.2700,-0.3600,0.4554,0.8700,1.0400,-10.1000,24,-3.1875,-22.5625,26.0000,3,0,0,3
14.2050,182.5000,-4.6250,-103.8486,14.3239,68.0387,124.9759,0.1200,0.1900,-0.3600,0.4244,0.9200,0.9800,-10.1000,24,-4.2500,-22.1875,26.7500,3,0,0,3
14.2290,182.5625,-4.6250,-46.5528,50.1338,143.2395,158.7391,0.0900,0.0000,-0.2600,0.2751,0.8600,0.7300,-9.9600,24,-4.2500,-22.1875,26.7500,3,0,0,3
14.2460,182.6250,-4.6875,-32.2289,71.6197,186.2113,202.0958,0.0400,-0.1200,-0.2300,0.2625,0.8500,0.6600,-9.9700,24,-2.0625,-21.7500,26.0000,3,0,0,3
14.2710,182.6875,-4.6875,-53.7148,60.8768,164.7254,183.6456,0.0700,-0.2700,-0.1500,0.3167,0.8800,0.5100,-9.8900,24,-2.0625,-21.7500,26.0000,3,0,0,3
14.2910,182.6875,-4.7500,-32.2289,68.0387,57.2958,94.6086,0.0100,-0.1800,-0.0300,0.1828,0.8300,0.6000,-9.7700,24,-2.7500,-21.7500,26.0000,3,0,0,3
14.3110,182.7500,-4.7500,-3.5810,42.9718,42.9718,60.8768,0.0000,-0.2000,0.1000,0.2236,0.8100,0.5800,-9.6300,24,-2.7500,-21.7500,26.0000,3,0,0,3
14.3320,182.7500,-4.7500,60.8768,-25.0669,17.9049,68.2270,0.0300,-0.0600,0.0600,0.0900,0.8500,0.7100,-9.6700,24,-2.7500,-21.7500,26.0000,3,0,0,3
14.3480,182.7500,-4.7500,-35.8099,-75.2007,14.3239,84.5143,-0.0100,-0.1300,-0.0800,0.1530,0.7900,0.6500,-9.8200,24,-3.8750,-22.5625,25.2500,3,0,0,3
14.3730,182.7500,-4.7500,-14.3239,-93.1056,7.1620,94.4729,0.0000,-0.3200,-0.2400,0.4000,0.8100,0.4500,-9.9800,24,-3.8750,-22.5625,25.2500,3,0,0,3
14.3900,182.7500,-4.6875,75.2007,-53.7148,-25.0669,95.7537,0.0200,-0.0100,-0.2500,0.2510,0.8300,0.7600,-9.9900,24,-3.1875,-22.8750,26.3750,3,0,0,3
14.4140,182.7500,-4.6875,3.5810,-28.6479,-21.4859,35.9885,0.0500,0.0400,-0.1600,0.1723,0.8600,0.8200,-9.9000,24,-3.1875,-22.8750,26.3750,3,0,0,3
14.4300,182.7500,-4.6875,-168.3063,-53.7148,-21.4859,177.9718,0.0700,-0.1300,-0.2400,0.2818,0.8800,0.6400,-9.9800,24,-3.1875,-22.8750,26.3750,3,0,0,3
14.4510,182.7500,-4.6875,-46.5528,-39.3908,-32.2289,68.9747,0.0700,-0.0900,-0.3700,0.3872,0.8800,0.6900,-10.1100,24,-3.5625,-21.7500,26.3750,3,0,0,3
14.4710,182.7500,-4.6875,-46.5528,3.5810,-3.5810,46.8275,0.0800,0.0800,-0.3900,0.4061,0.8900,0.8700,-10.1300,24,-3.5625,-21.7500,26.3750,3,0,0,3
14.4920,182.7500,-4.6875,-71.6197,21.4859,21.4859,77.7989,0.0500,0.0300,-0.3000,0.3056,0.8500,0.8200,-10.0400,24,-2.5000,-21.7500,26.3750,3,0,0,3
14.5160,182.7500,-4.6875,-78.7817,28.6479,46.5528,95.8876,0.0600,0.0100,-0.3700,0.3750,0.8700,0.8100,-10.1100,24,-2.5000,-21.7500,26.3750,3,0,0,3
14.5330,182.7500,-4.6875,-114.5916,46.5528,71.6197,142.9258,0.0800,-0.0500,-0.3100,0.3240,0.8900,0.7500,-10.0500,24,-2.5000,-21.7500,26.3750,3,0,0,3
14.5530,182.8125,-4.6875,-42.9718,50.1338,64.4578,92.2756,0.0200,-0.1800,-0.1500,0.2352,0.8300,0.6200,-9.8900,24,-2.7500,-22.1875,27.1875,3,0,0,3
14.5740,182.8125,-4.7500,57.2958,35.8099,39.3908,78.2099,0.0000,-0.2800,-0.1500,0.3176,0.8100,0.5100,-9.8900,24,-2.7500,-22.1875,27.1875,3,0,0,3
14.5940,182.8125,-4.7500,35.8099,28.6479,-21.4859,50.6428,0.0200,-0.3000,-0.2300,0.3785,0.8300,0.4900,-9.9700,24,-2.7500,-22.5625,26.3750,3,0,0,3
14.6140,182.8125,-4.7500,-57.2958,42.9718,-96.6866,120.3233,0.0300,-0.3100,-0.2300,0.3872,0.8500,0.4700,-9.9700,24,-2.7500,-22.5625,26.3750,3,0,0,3
14.6350,182.7500,-4.7500,-57.2958,35.8099,-168.3063,181.3620,0.0000,-0.1500,-0.0800,0.1700,0.8000,0.6300,-9.8200,24,-2.7500,-22.5625,26.3750,3,0,0,3
14.6550,182.6875,-4.7500,7.1620,0.0000,-179.0493,179.1925,0.0000,-0.0400,-0.1000,0.1077,0.8100,0.7400,-9.8400,24,-2.0625,-22.8750,27.1875,3,0,0,3
14.6760,182.6250,-4.7500,82.3627,14.3239,-143.2395,165.8503,0.0400,0.1200,-0.1300,0.1814,0.8500,0.9100,-9.8700,24,-2.0625,-22.8750,27.1875,3,0,0,3
14.6960,182.6250,-4.7500,3.5810,10.7430,-89.5247,90.2380,0.0500,0.1200,-0.1100,0.1703,0.8600,0.9100,-9.8500,24,-2.7500,-22.1875,26.0000,3,0,0,3
14.7160,182.5625,-4.7500,-78.7817,28.6479,-93.1056,125.2834,0.0500,-0.0100,-0.0900,0.1034,0.8700,0.7700,-9.8300,24,-2.7500,-22.1875,26.0000,3,0,0,3
14.7310,182.5000,-4.7500,-78.7817,14.3239,-111.0106,136.8761,0.0200,0.0000,-0.0400,0.0447,0.8300,0.7900,-9.7800,24,-2.7500,-22.1875,26.0000,3,0,0,3
14.7540,182.5000,-4.7500,-14.3239,-21.4859,-107.4296,110.4895,0.0700,0.0900,-0.1100,0.1584,0.8900,0.8900,-9.8500,24,-2.0625,-22.8750,26.7500,3,0,0,3
14.7780,182.4375,-4.6875,17.9049,-35.8099,-96.6866,104.6482,0.1100,0.1700,-0.2100,0.2917,0.9200,0.9700,-9.9500,24,-2.0625,-22.8750,26.7500,3,0,0,3
14.7980,182.4375,-4.6875,-7.1620,0.0000,-60.8768,61.2966,0.0800,0.2700,-0.2000,0.3454,0.9000,1.0700,-9.9400,24,-3.1875,-21.7500,26.3750,3,0,0,3
14.8190,182.4375,-4.6875,-82.3627,0.0000,-10.7430,83.0604,0.0300,0.2100,-0.1600,0.2657,0.8400,1.0200,-9.9000,24,-3.1875,-21.7500,26.3750,3,0,0,3
14.8400,182.4375,-4.6875,-7.1620,-39.3908,21.4859,45.4376,0.0400,0.0200,-0.1700,0.1758,0.8500,0.8300,-9.9100,24,-2.5000,-21.7500,26.3750,3,0,0,3
14.8590,182.4375,-4.6875,68.0387,-32.2289,25.0669,79.3494,0.0400,0.0000,-0.3200,0.3225,0.8900,0.7900,-10.1100,24,-2.5000,-21.7500,26.3750,3,0,0,3
14.8810,182.4375,-4.6875,21.4859,-10.7430,3.5810,24.2874,0.0700,-0.0600,-0.3900,0.4007,0.8800,0.7400,-10.1300,24,-2.5000,-21.7500,26.3750,3,0,0,3
14.9010,182.4375,-4.6875,-57.2958,50.1338,-50.1338,91.1570,0.0300,-0.0800,-0.3200,0.3312,0.8400,0.7200,-10.0600,24,-2.7500,-22.1875,26.0000,3,0,0,3
14.9260,182.3750,-4.7500,-32.2289,46.5528,-64.4578,85.7943,0.0100,0.0000,-0.1800,0.1803,0.8200,0.8100,-9.9200,24,-2.7500,-22.1875,26.0000,3,0,0,3
14.9450,182.3750,-4.7500,35.8099,60.8768,-46.5528,84.5901,0.0900,0.0600,-0.1500,0.1849,0.9100,0.8700,-9.8900,24,-3.1875,-22.1875,26.0000,3,0,0,3
14.9660,182.3750,-4.7500,32.2289,35.8099,-25.0669,54.3083,0.0100,0.1900,-0.0200,0.1913,0.8300,1.0100,-9.7500,24,-3.1875,-22.1875,26.0000,3,0,0,3
14.9830,182.3750,-4.7500,-28.6479,-3.5810,14.3239,32.2289,0.0100,0.1000,-0.0100,0.1010,0.8300,0.9100,-9.7400,24,-3.1875,-22.1875,26.0000,3,0,0,3
15.0080,182.3750,-4.7500,42.9718,-25.0669,32.2289,59.2759,0.0300,-0.1200,-0.3100,0.3338,0.8500,0.6800,-10.0500,24,-2.7500,-21.7500,26.0000,3,0,0,3
15.0280,182.3750,-4.7500,114.5916,0.0000,7.1620,114.8152,0.0600,-0.1200,-0.3100,0.3378,0.8800,0.6700,-10.0500,24,-2.7500,-21.7500,26.0000,3,0,0,3
15.0480,182.3750,-4.7500,35.8099,28.6479,-46.5528,65.3469,0.0900,-0.2000,-0.2100,0.3036,0.9100,0.5900,-9.9500,24,-3.1875,-21.7500,26.3750,3,0,0,3
15.0700,182.3125,-4.8125,-39.3908,35.8099,-121.7535,132.8831,-0.0400,-0.1600,0.0000,0.1649,0.7800,0.6300,-9.7300,24,-3.1875,-21.7500,26.3750,3,0,0,3
15.0900,182.2500,-4.7500,25.0669,-3.5810,-171.8873,173.7424,-0.0400,-0.1000,0.0100,0.1082,0.7900,0.7700,-9.7600,24,-3.5000,-22.8750,26.0000,3,0,0,3
15.1100,182.1875,-4.7500,82.3627,-68.0387,-189.7923,217.7935,-0.0100,0.0500,-0.1200,0.1304,0.8500,0.9400,-9.9600,24,-3.5000,-22.8750,26.0000,3,0,0,3
15.1310,182.1250,-4.7500,35.8099,-71.6197,-157.5634,176.7426,0.1100,0.1500,-0.5100,0.5429,0.9200,0.9400,-10.2500,24,-3.5000,-22.8750,26.0000,3,0,0,3
15.1510,182.1250,-4.6875,64.4578,-21.4859,-107.4296,127.1124,0.1100,0.1400,-0.5600,0.5876,0.9200,0.9300,-10.3000,24,-3.1875,-22.8750,26.3750,3,0,0,3
15.1720,182.0625,-4.6875,-3.5810,96.6866,-50.1338,108.9703,0.1300,0.2400,-0.4200,0.5009,0.9400,1.0200,-10.1700,24,-3.1875,-22.8750,26.3750,3,0,0,3
15.1910,182.0625,-4.7500,-78.7817,100.2676,-10.7430,127.9670,0.0800,0.1600,-0.1900,0.2610,0.9000,0.9600,-9.9300,24,-3.5625,-23.2500,25.2500,3,0,0,3
15.2130,182.0625,-4.8125,-96.6866,64.4578,21.4859,118.1726,0.0800,-0.1500,-0.1700,0.2404,0.9000,0.6500,-9.9100,24,-3.5625,-23.2500,25.2500,3,0,0,3
15.2310,182.0625,-4.8125,78.7817,35.8099,3.5810,86.6125,0.1000,-0.1400,-0.2000,0.2638,0.9300,0.6500,-9.9400,24,-3.5625,-23.2500,25.2500,3,0,0,3
15.2530,182.0625,-4.8125,89.5247,50.1338,0.0000,102.6064,0.1000,0.0400,-0.2500,0.2722,0.9300,0.8300,-9.9900,24,-3.1875,-21.7500,26.0000,3,0,0,3
15.2740,182.0625,-4.8750,-50.1338,75.2007,21.4859,92.8988,0.0600,0.0200,-0.1600,0.1720,0.9000,0.8200,-9.9000,24,-3.1875,-21.7500,26.0000,3,0,0,3
15.2940,182.0625,-4.8750,-78.7817,53.7148,7.1620,95.6197,0.0400,-0.1500,-0.1400,0.2090,0.8800,0.6400,-9.8700,24,-3.5625,-22.5625,26.3750,3,0,0,3
15.3140,182.0625,-4.8750,-3.5810,57.2958,-14.3239,59.1676,0.0400,-0.1700,-0.2200,0.2809,0.8800,0.6200,-9.9600,24,-3.5625,-22.5625,26.3750,3,0,0,3
15.3350,182.0625,-4.9375,60.8768,71.6197,-28.6479,98.2653,0.0500,-0.0800,-0.1900,0.2121,0.9000,0.7000,-9.9300,24,-3.5625,-22.5625,26.3750,3,0,0,3
15.3520,182.0625,-4.9375,21.4859,75.2007,-32.2289,84.5902,0.0400,0.0000,0.0100,0.0412,0.8900,0.7900,-9.7200,24,-2.7500,-21.7500,27.1875,3,0,0,3
15.3730,182.0625,-4.9375,-93.1056,32.2289,-42.9718,107.4893,0.0300,-0.1200,0.0100,0.1241,0.8900,0.6700,-9.7200,24,-2.7500,-21.7500,27.1875,3,0,0,3
15.3930,182.0625,-4.9375,-25.0669,21.4859,-64.4578,72.4210,0.0400,-0.1100,-0.0500,0.1273,0.8900,0.6700,-9.7800,24,-2.7500,-22.8750,25.5625,3,0,0,3
15.4170,182.0000,-4.9375,68.0387,10.7430,-57.2958,89.5963,0.0400,0.0600,-0.1000,0.1233,0.9000,0.8600,-9.8400,24,-2.7500,-22.8750,25.5625,3,0,0,3
15.4340,182.0000,-4.9375,-42.9718,7.1620,-42.9718,61.1919,0.0400,0.0700,0.0100,0.0812,0.9000,0.8700,-9.7200,24,-2.7500,-22.8750,25.5625,3,0,0,3
15.4540,182.0000,-4.9375,-96.6866,-7.1620,-21.4859,99.3038,0.0300,-0.1500,0.0300,0.1559,0.8800,0.6400,-9.7000,24,-3.5625,-23.2500,26.3750,3,0,0,3
15.4750,182.0000,-4.9375,10.7430,-57.2958,-46.5528,74.6015,0.0400,-0.1400,0.0200,0.1470,0.8900,0.6600,-9.7100,24,-3.5625,-23.2500,26.3750,3,0,0,3
15.4940,181.9375,-4.9375,25.0669,-89.5247,-71.6197,117.3559,0.0700,-0.0100,-0.0100,0.0714,0.9200,0.7800,-9.7400,24,-3.1875,-21.7500,26.3750,3,0,0,3
15.5150,181.9375,-4.8750,-42.9718,-132.4965,-85.9437,163.6710,0.0700,0.0400,-0.1200,0.1446,0.9100,0.8400,-9.8600,24,-3.1875,-21.7500,26.3750,3,0,0,3
15.5350,181.9375,-4.8125,-50.1338,-128.9155,-82.3627,160.9851,0.0700,-0.0200,-0.3600,0.3673,0.9000,0.7800,-10.0900,24,-3.1875,-21.7500,26.3750,3,0,0,3
15.5570,181.8750,-4.8125,21.4859,-71.6197,-78.7817,108.6167,0.0900,0.0300,-0.4200,0.4306,0.9100,0.8400,-10.1600,24,-3.1875,-22.1875,26.0000,3,0,0,3
15.5770,181.8750,-4.8125,-10.7430,-17.9049,-57.2958,60.9820,0.0600,0.2200,-0.1700,0.2844,0.8900,1.0200,-9.9100,24,-3.1875,-22.1875,26.0000,3,0,0,3
15.5970,181.8750,-4.8125,-85.9437,-39.3908,-7.1620,94.8116,0.0600,0.1100,-0.1100,0.1667,0.8900,0.9200,-9.8500,24,-2.5000,-23.2500,27.1875,3,0,0,3
15.6180,181.8750,-4.7500,28.6479,-75.2007,28.6479,85.4199,0.0400,0.0300,-0.3500,0.3536,0.8600,0.8400,-10.0800,24,-2.5000,-23.2500,27.1875,3,0,0,3
15.6380,181.8750,-4.7500,71.6197,-42.9718,46.5528,95.6197,0.0800,0.0300,-0.4200,0.4286,0.9000,0.8400,-10.1600,24,-2.5000,-23.2500,27.1875,3,0,0,3
15.6590,181.8750,-4.7500,-25.0669,17.9049,42.9718,52.8726,0.0500,-0.0800,-0.2500,0.2672,0.8700,0.7200,-9.9900,24,-2.5000,-22.1875,25.5625,3,0,0,3
15.6790,181.8750,-4.7500,-25.0669,10.7430,-3.5810,27.5061,0.0000,-0.2000,-0.0300,0.2022,0.8000,0.6000,-9.7700,24,-2.5000,-22.1875,25.5625,3,0,0,3
15.7030,181.8750,-4.7500,46.5528,-57.2958,-39.3908,83.6756,0.0200,-0.0200,-0.0300,0.0412,0.8500,0.8700,-9.8500,24,-3.8750,-22.5625,25.5625,3,0,0,3
15.7240,181.8750,-4.6875,3.5810,-82.3627,-60.8768,102.4813,0.0600,0.1200,-0.2800,0.3105,0.8700,0.9300,-10.0200,24,-3.8750,-22.5625,25.5625,3,0,0,3
15.7450,181.8750,-4.6875,-50.1338,-85.9437,-46.5528,109.8494,0.0700,0.0500,-0.3600,0.3701,0.8700,0.8700,-10.1000,24,-3.1875,-22.8750,25.5625,3,0,0,3
15.7650,181.8750,-4.6875,25.0669,-32.2289,-25.0669,47.9103,0.1000,0.0600,-0.3900,0.4071,0.9000,0.8800,-10.1300,24,-3.1875,-22.8750,25.5625,3,0,0,3
15.7860,181.8750,-4.6875,7.1620,-7.1620,0.0000,10.1286,0.0700,0.2000,-0.2800,0.3511,0.8700,1.0100,-10.0200,24,-3.1875,-22.8750,25.5625,3,0,0,3
15.8070,181.8750,-4.6875,-17.9049,-7.1620,50.1338,53.7148,0.0500,0.0800,-0.2200,0.2394,0.8600,0.9000,-9.9600,24,-2.7500,-21.7500,26.3750,3,0,0,3
15.8270,181.8750,-4.6875,78.7817,17.9049,68.0387,105.6239,0.0600,0.0000,-0.2800,0.2864,0.8700,0.8100,-10.0200,24,-2.7500,-21.7500,26.3750,3,0,0,3
15.8470,181.9375,-4.6875,28.6479,53.7148,64.4578,88.6611,0.0400,-0.0100,-0.1900,0.1944,0.8500,0.7900,-9.9300,24,-2.7500,-22.5625,26.0000,3,0,0,3
15.8720,181.9375,-4.6875,-42.9718,28.6479,21.4859,55.9368,0.0400,-0.1100,-0.0400,0.1237,0.8400,0.6900,-9.7800,24,-2.7500,-22.5625,26.0000,3,0,0,3
15.8890,181.9375,-4.6875,10.7430,-10.7430,-10.7430,18.6074,0.0000,-0.0700,-0.0500,0.0860,0.8100,0.7300,-9.7900,24,-2.7500,-22.5625,26.0000,3,0,0,3
15.9090,181.9375,-4.6875,89.5247,-46.5528,0.0000,100.9051,0.0300,0.0500,-0.1600,0.1703,0.8300,0.8500,-9.9000,24,-3.1875,-22.5625,26.0000,3,0,0,3
15.9330,181.9375,-4.6875,60.8768,-35.8099,28.6479,76.2170,0.0800,0.0500,-0.2800,0.2955,0.8900,0.8500,-10.0200,24,-3.1875,-22.5625,26.0000,3,0,0,3
15.9540,181.9375,-4.6875,-17.9049,-14.3239,28.6479,36.6942,0.0500,-0.1000,-0.2500,0.2739,0.8500,0.6900,-9.9900,24,-2.7500,-22.1875,26.7500,3,0,0,3
15.9740,181.9375,-4.6875,-10.7430,0.0000,-7.1620,12.9114,0.0300,-0.1200,-0.1200,0.1723,0.8400,0.6700,-9.8600,24,-2.7500,-22.1875,26.7500,3,0,0,3
15.9950,181.9375,-4.6875,10.7430,-14.3239,-28.6479,33.7830,0.0300,-0.1200,-0.0500,0.1334,0.8400,0.6700,-9.7900,24,-2.5000,-21.7500,26.3750,3,0,0,3
16.0150,181.9375,-4.6875,39.3908,-21.4859,-42.9718,62.1278,0.1100,-0.0800,-0.0500,0.1449,0.9100,0.7000,-9.7900,24,-2.5000,-21.7500,26.3750,3,0,0,3
16.0360,181.8750,-4.6875,0.0000,-32.2289,-50.1338,59.5995,0.0800,-0.0600,-0.0200,0.1020,0.8900,0.7200,-9.7600,24,-2.5000,-21.7500,26.3750,3,0,0,3
16.0560,181.8750,-4.6250,-35.8099,-71.6197,-71.6197,107.4296,0.0300,0.0000,0.0500,0.0583,0.8300,0.7900,-9.6800,24,-2.5000,-22.5625,26.7500,3,0,0,3
16.0770,181.8750,-4.6250,14.3239,-128.9155,-39.3908,135.5582,0.0100,0.0300,-0.0800,0.0860,0.8000,0.8300,-9.8200,24,-2.5000,-22.5625,26.7500,3,0,0,3
16.0970,181.8750,-4.5625,89.5247,-125.3345,-7.1620,154.1905,0.0200,-0.0200,-0.1700,0.1723,0.8000,0.7600,-9.9200,24,-2.5000,-23.2500,26.0000,3,0,0,3
16.1180,181.8750,-4.5000,75.2007,-93.1056,17.9049,121.0140,0.1000,-0.1300,-0.2600,0.3074,0.8800,0.6500,-10.0000,24,-2.5000,-23.2500,26.0000,3,0,0,3
16.1380,181.8750,-4.5000,-14.3239,-35.8099,-14.3239,41.1424,0.1100,-0.2000,-0.1500,0.2731,0.8900,0.5800,-9.9000,24,-2.5000,-23.2500,26.0000,3,0,0,3
16.1590,181.8125,-4.5000,-50.1338,-60.8768,-82.3627,114.0307,0.0200,-0.2500,0.0100,0.2510,0.7900,0.5300,-9.7200,24,-2.7500,-22.1875,26.3750,3,0,0,3
16.1780,181.8125,-4.4375,14.3239,-121.7535,-121.7535,172.7803,-0.0100,-0.1600,-0.0200,0.1616,0.7500,0.6100,-9.7700,24,-2.7500,-22.1875,26.3750,3,0,0,3
16.1990,181.7500,-4.4375,71.6197,-125.3345,-132.4965,195.9425,0.0000,-0.0900,-0.2400,0.2563,0.7600,0.6800,-9.9900,24,-3.8750,-21.7500,25.2500,3,0,0,3
16.2200,181.6875,-4.3750,85.9437,-71.6197,-146.8204,184.5859,0.0700,-0.2000,-0.4800,0.5247,0.8200,0.5600,-10.2300,24,-3.8750,-21.7500,25.2500,3,0,0,3
16.2400,181.6250,-4.3750,50.1338,64.4578,-214.8592,229.8536,0.1200,-0.2000,-0.2500,0.3419,0.8800,0.5600,-10.0000,24,-3.8750,-21.7500,25.2500,3,0,0,3
16.2610,181.5625,-4.4375,-17.9049,100.2676,-239.9261,260.6506,0.1000,0.0800,0.0400,0.1342,0.8600,0.8600,-9.6900,24,-2.5000,-22.5625,26.3750,3,0,0,3
16.2820,181.5000,-4.4375,-128.9155,32.2289,-168.3063,214.4410,-0.0700,0.0900,0.1700,0.2047,0.6800,0.8800,-9.5600,24,-2.5000,-22.5625,26.3750,3,0,0,3
16.3020,181.4375,-4.4375,-78.7817,-21.4859,-111.0106,137.8098,-0.0500,-0.3000,-0.0400,0.3068,0.7000,0.4800,-9.7900,24,-2.7500,-22.1875,26.3750,3,0,0,3
16.3230,181.4375,-4.4375,85.9437,60.8768,-136.0775,172.0738,0.0500,-0.4700,-0.1600,0.4990,0.8700,0.2400,-9.8000,24,-2.7500,-22.1875,26.3750,3,0,0,3
16.3430,181.3125,-4.5000,10.7430,182.6303,-232.7641,296.0547,0.1300,-0.4700,0.1400,0.5073,0.9000,0.3000,-9.5900,24,-2.5000,-22.5625,27.1875,3,0,0,3
16.3680,181.2500,-4.5625,-168.3063,211.2782,-290.0599,396.3587,-0.1800,-0.2800,0.9900,1.0445,0.6000,0.5100,-8.7400,24,-2.5000,-22.5625,27.1875,3,0,0,3
16.3880,181.1250,-4.5625,-136.0775,-25.0669,-318.7078,347.4479,-0.1400,-0.6500,1.0600,1.2513,0.6300,0.1500,-8.6700,24,-2.5000,-22.5625,27.1875,3,0,0,3
16.4040,181.0625,-4.5625,-53.7148,-103.8486,-350.9367,369.9005,-0.0300,-0.7600,1.0000,1.2564,0.7300,0.0400,-8.7300,24,-2.7500,-22.5625,26.7500,3,0,0,3
16.4290,180.8750,-4.4375,89.5247,-200.5352,-555.0529,596.9194,0.0700,-0.7800,1.0500,1.3099,0.8300,0.0200,-8.6900,24,-2.7500,-22.5625,26.7500,3,0,0,3
16.4450,180.6875,-4.3750,257.8310,-261.4120,-666.0634,760.5613,0.0100,-0.7700,1.3400,1.5455,0.7600,0.0300,-8.3900,24,-2.7500,-22.5625,26.0000,3,0,0,3
16.4700,180.3125,-4.1875,515.6621,-426.1374,-748.4262,1003.8138,-0.1000,-0.3600,1.9000,1.9364,0.6100,0.4100,-7.8400,24,-2.7500,-22.5625,26.0000,3,0,0,3
16.4900,180.0625,-3.9375,547.8909,-701.8733,-752.0072,1165.4721,-0.2000,-0.1900,1.9500,1.9694,0.4700,0.5500,-7.8000,24,-2.7500,-22.5625,26.0000,3,0,0,3
16.5110,179.8125,-3.6250,469.1092,-977.6093,-748.4262,1317.5450,-0.1300,-0.3300,1.6300,1.6681,0.4800,0.3900,-8.1200,24,-2.0625,-21.7500,26.3750,3,0,0,3
16.5310,179.5625,-3.1875,540.7290,-1138.7536,-809.3029,1498.0383,-0.0400,-0.6000,0.9000,1.0824,0.5000,0.0900,-8.8600,24,-2.0625,-21.7500,26.3750,3,0,0,3
16.5520,179.2500,-2.8125,870.1797,-1145.9156,-888.0846,1690.8664,-0.0800,-0.5300,0.6600,0.8502,0.4000,0.1100,-9.1100,24,-2.0625,-21.7500,26.0000,3,0,0,3
16.5720,179.0000,-2.4375,1077.8768,-1081.4578,-913.1515,1779.1051,-0.0300,-0.1500,0.6300,0.6483,0.3800,0.4500,-9.1400,24,-2.0625,-21.7500,26.0000,3,0,0,3
16.5920,178.6875,-2.0625,845.1127,-1085.0388,-884.5036,1635.1977,-0.1200,0.0200,0.8500,0.8587,0.2200,0.5700,-8.9200,24,-2.0625,-21.7500,26.0000,3,0,0,3
16.6130,178.3750,-1.6250,436.8803,-1153.0776,-895.2466,1523.7843,-0.1500,-0.4700,0.3600,0.6107,0.1300,0.0400,-9.4200,24,-0.1875,-22.1875,26.3750,3,0,0,3
16.6380,178.0625,-1.2500,558.6339,-1131.5916,-974.0283,1594.1463,-0.1900,-0.9500,-0.1800,0.9854,-0.0600,-0.7500,-10.4000,24,-0.1875,-22.1875,26.3750,3,0,0,3
16.6540,177.6875,-0.8750,1128.0106,-956.1234,-1153.0776,1875.1447,-0.2100,-1.1600,-0.7800,1.4135,-0.1100,-0.5800,-10.6700,24,-0.1875,-21.0625,26.3750,3,0,0,3
16.6790,177.2500,-0.6250,1615.0247,-669.6444,-1332.1268,2198.0197,-0.3400,-0.2900,-0.7600,0.8816,-0.2400,0.0000,-10.5600,24,-0.1875,-21.0625,26.3750,3,0,0,3
16.6950,176.8125,-0.4375,1489.6903,-383.1655,-1432.3945,2101.8437,-0.4000,-0.0400,-0.4300,0.5886,-0.3300,0.1700,-10.2300,24,0.5000,-21.0625,26.7500,3,0,0,3
16.7200,176.3125,-0.3750,522.8240,-10.7430,-1525.5001,1612.6408,-0.3900,-0.1300,0.5900,0.7191,-0.3200,0.0400,-9.2100,24,0.5000,-21.0625,26.7500,3,0,0,3
16.7400,175.5000,-0.3750,14.3239,25.0669,-1604.2818,1604.5416,-0.3200,-0.1700,1.5600,1.6015,-0.2500,0.0000,-8.2300,24,0.5000,-21.0625,26.7500,3,0,0,3
16.7610,175.1875,-0.3125,-247.0881,-279.3169,-1632.9296,1674.9715,-0.1700,-0.1500,2.7800,2.7892,-0.1100,0.0300,-7.0100,24,-0.1875,-20.0000,27.1875,3,0,0,3
16.7810,174.3750,0.0000,-418.9754,-905.9895,-1700.9685,1972.2198,-0.1500,-0.2200,3.0700,3.0815,-0.1400,-0.0100,-6.7200,24,-0.1875,-20.0000,27.1875,3,0,0,3
16.8020,173.7500,0.4375,-340.1937,-1636.5107,-1811.9790,2465.1911,-0.2000,-0.0300,2.7000,2.7076,-0.2800,0.2000,-7.1000,24,1.6875,-20.7500,28.0000,3,0,0,3
16.8210,173.1875,1.1250,128.9155,-2248.8593,-1815.5600,2893.1376,-0.2500,0.1200,2.1100,2.1281,-0.4500,0.3600,-7.6800,24,1.6875,-20.7500,28.0000,3,0,0,3
16.8420,172.6250,2.0000,730.5212,-2617.7009,-1672.3205,3191.0305,-0.2300,0.6000,1.0400,1.2225,-0.5800,0.8000,-8.7500,24,1.6875,-20.7500,28.0000,3,0,0,3
16.8630,172.1250,2.9375,895.2466,-2714.3876,-1435.9754,3198.6547,0.0000,1.0200,0.6400,1.2042,-0.5000,1.1700,-9.1500,24,2.0000,-20.7500,27.1875,3,0,0,3
16.8830,171.6875,3.8750,207.6972,-2685.7397,-1213.9543,2954.6608,-0.0100,1.1400,0.4500,1.2256,-0.6800,1.2500,-9.3200,24,2.0000,-20.7500,27.1875,3,0,0,3
16.9040,171.2500,4.7500,-780.6550,-2592.6340,-1059.9719,2907.6989,-0.1300,1.1000,0.6800,1.2997,-0.9500,1.2400,-9.0800,24,5.0000,-20.7500,27.5625,3,0,0,3
16.9280,170.8750,5.6250,-1278.4121,-2596.2150,-888.0846,3027.1049,-0.4000,0.1200,1.2700,1.3369,-1.4900,0.1900,-8.3500,24,5.0000,-20.7500,27.5625,3,0,0,3
16.9450,170.6250,6.5625,-458.3663,-2714.3876,-687.5494,2837.3798,-0.4500,0.0200,1.5400,1.6045,-1.5800,0.2600,-8.1900,24,6.5000,-20.7500,28.3750,3,0,0,3
16.9690,170.3750,7.5000,340.1937,-2918.5039,-476.2712,2976.6140,-0.5400,-0.1300,1.8600,1.9412,-1.9200,0.0800,-7.8300,24,6.5000,-20.7500,28.3750,3,0,0,3
16.9900,170.2500,8.5625,454.7853,-3283.7644,-393.9085,3338.4282,-0.5300,-0.4600,1.4700,1.6289,-2.0900,-0.2800,-8.2000,24,6.5000,-20.7500,28.3750,3,0,0,3
17.0070,170.1250,9.6875,250.6690,-3308.8312,-490.5951,3354.3828,-0.4600,-0.7100,0.5400,1.0036,-2.2100,-0.5400,-9.1000,24,7.1875,-20.3750,26.5000,3,0,0,3
17.0300,169.9375,10.7500,-17.9049,-3043.8383,-726.9402,3129.4912,-0.5500,-0.5700,0.4300,0.9013,-2.4800,-0.4100,-9.1700,24,7.1875,-20.3750,26.5000,3,0,0,3
17.0510,169.5000,12.2500,-325.8698,-2861.2080,-820.0458,2994.1906,-0.5300,-0.3100,1.1800,1.3302,-2.6200,-0.1500,-8.3900,24,8.2500,-20.7500,27.2500,3,0,0,3
17.0720,169.1875,13.3125,-981.1903,-3054.5812,-909.5705,3334.7443,-0.7500,-0.2200,1.5700,1.7538,-3.0100,-0.0300,-7.9600,24,8.2500,-20.7500,27.2500,3,0,0,3
17.0920,168.8125,14.4375,-1504.0142,-3480.7187,-1017.0001,3925.7802,-0.9900,-0.9800,1.3500,1.9398,-3.4400,-0.7200,-8.1400,24,8.2500,-20.7500,27.2500,3,0,0,3
17.1130,168.3750,15.7500,-1224.6972,-3874.6271,-1221.1163,4243.0820,-1.1000,-1.4600,0.7400,1.9721,-3.7600,-1.1400,-8.6900,24,9.0000,-20.0000,26.0000,3,0,0,3
17.1340,167.9375,17.1250,-673.2254,-4085.9052,-1486.1092,4399.5878,-0.9400,-1.0300,0.2300,1.4133,-3.8300,-0.6900,-9.1200,24,9.0000,-20.0000,26.0000,3,0,0,3
17.1540,167.3125,18.5625,-619.5106,-4207.6586,-1693.8065,4577.8999,-0.6400,-0.5900,-0.2200,0.8978,-3.7600,-0.2500,-9.5100,24,11.2500,-20.3750,24.8750,3,0,0,3
17.1750,166.6875,20.0000,-873.7606,-4218.4018,-1754.6832,4651.5898,-0.6500,-0.1300,-1.2400,1.4061,-4.0100,0.2100,-10.4400,24,11.2500,-20.3750,24.8750,3,0,0,3
17.1940,166.1250,21.3750,-1042.0670,-4068.0004,-1718.8734,4537.5166,-0.5500,0.0000,-1.5300,1.6259,-4.1300,0.3600,-10.6500,24,11.2500,-20.3750,24.8750,3,0,0,3
17.2150,165.4375,22.7500,-859.4367,-3896.1130,-1504.0142,4263.8466,-0.4000,0.3500,-1.4800,1.5725,-4.2000,0.7300,-10.5200,24,13.5000,-20.0000,23.2500,3,0,0,3
17.2400,164.9375,24.0625,-977.6093,-3792.2644,-1213.9543,4100.0820,-0.2100,0.0000,-2.0300,2.0408,-4.3100,0.4100,-10.9300,24,13.5000,-20.0000,23.2500,3,0,0,3
17.2600,164.4375,25.3125,-1543.4050,-3570.2434,-1142.3345,4053.8457,-0.4900,-0.7400,-2.1300,2.3075,-4.8900,-0.4400,-10.7400,24,14.5625,-19.5625,21.2500,3,0,0,3
17.2800,163.9375,26.4375,-1647.2536,-3237.2116,-1371.5177,3882.5307,-0.4900,-1.1500,-1.4100,1.8843,-4.9600,-0.6200,-10.1300,24,14.5625,-19.5625,21.2500,3,0,0,3
17.3010,163.0000,28.1250,-1314.2219,-3269.4404,-1564.8909,3855.5549,-0.4000,-1.1100,-0.7600,1.4035,-5.0300,-0.5500,-9.3900,24,16.5625,-20.3750,20.5625,3,0,0,3
17.3220,162.3750,29.3125,-1006.2572,-3412.6799,-1765.4262,3971.8593,-0.4200,-0.7700,-0.7700,1.1671,-5.2300,-0.2100,-9.2900,24,16.5625,-20.3750,20.5625,3,0,0,3
17.3410,161.6875,30.5625,-952.5424,-3484.2995,-1865.6938,4065.5251,-0.7100,0.0900,-1.5000,1.6620,-5.7000,0.6500,-9.9300,24,16.5625,-20.3750,20.5625,3,0,0,3
17.3630,161.0000,31.7500,-1170.9825,-3362.5461,-1783.3311,3982.2338,-0.7700,0.3900,-1.8200,2.0143,-5.9300,0.9500,-10.1400,24,17.3750,-19.5625,19.0000,3,0,0,3
17.3880,160.3125,32.8750,-1507.5952,-3158.4299,-1607.8627,3851.4602,-0.6300,0.3600,-1.6400,1.7933,-5.9600,0.9400,-9.8600,24,17.3750,-19.5625,19.0000,3,0,0,3
