# Sesion:61 Fecha:2026-03-08 20:36:31 Shots:0 Duracion:16,01s
tSeg,yaw,roll,gx,gy,gz,gmag,lax,lay,laz,lamag,ax,ay,az,temp,mx,my,mz,cs,cg,ca,cm,pitchLat
0.0240,161.2500,17.4375,-662.4825,3215.7255,2098.4580,3896.5754,-1.2800,-0.1100,-0.1200,1.2903,-4.2300,-0.2800,-9.4700,24,17.0625,-16.0000,22.0625,3,0,1,3
0.0410,162.0000,16.3750,-494.1761,3233.6306,2252.4404,3971.6577,-1.1800,-0.0900,-0.0800,1.1861,-3.9600,-0.1900,-9.4900,24,15.5000,-16.3750,22.8750,3,0,1,3
0.0660,162.7500,15.3125,-551.4719,3269.4404,2341.9650,4059.3303,-1.1600,-0.3000,-0.0300,1.1985,-3.7500,-0.3300,-9.4800,24,15.5000,-16.3750,22.8750,3,0,1,3
0.0820,163.5000,14.1875,-676.8064,3315.9931,2320.4790,4103.4741,-1.2100,-0.6700,0.0000,1.3831,-3.6200,-0.6300,-9.4900,24,15.5000,-16.3750,22.8750,3,0,1,3
0.1060,164.1875,13.0625,-787.8170,3369.7080,2173.6586,4086.6098,-1.2300,-0.9100,-0.1300,1.5355,-3.3900,-0.8500,-9.8400,24,13.8750,-17.5000,23.1875,3,0,1,3
0.1270,164.8750,11.8750,-787.8170,3480.7187,1991.0283,4086.5942,-1.3600,-0.9500,-0.2900,1.6841,-3.2800,-0.7300,-9.9100,24,13.8750,-17.5000,23.1875,3,0,1,3
0.1480,165.4375,10.6250,-898.8276,3595.3103,1776.1691,4109.6137,-1.3700,-1.0400,-0.4300,1.7730,-3.0800,-0.7500,-10.0800,24,11.5625,-18.1875,24.3750,3,0,1,3
0.1680,165.9375,9.3750,-1077.8768,3792.2644,1435.9754,4195.8447,-1.2800,-0.8700,-0.5500,1.6425,-2.7800,-0.5100,-10.2400,24,11.5625,-18.1875,24.3750,3,0,1,3
0.1880,166.3750,8.0625,-1138.7536,3917.5988,1296.3170,4280.7451,-1.3900,-0.5100,-0.3700,1.5261,-2.6600,-0.0800,-10.0800,24,9.7500,-18.8750,24.0625,3,0,1,3
0.2120,166.9375,6.0625,-1246.1832,3928.3420,1310.6409,4324.6528,-1.3700,-0.2200,-0.0700,1.3893,-2.4100,0.2900,-9.8100,24,9.7500,-18.8750,24.0625,3,0,1,3
0.2300,167.3125,4.6875,-1292.7360,3871.0461,1385.8416,4310.0722,-1.3400,-0.1900,0.0600,1.3547,-2.1500,0.3900,-9.6800,24,9.7500,-18.8750,24.0625,3,0,1,3
0.2500,167.7500,3.3750,-1249.7641,3756.4545,1439.5565,4212.5034,-1.0100,-0.4000,0.0000,1.0863,-1.5900,0.2700,-9.7600,24,7.8750,-19.2500,25.1875,3,0,1,3
0.2740,168.1875,2.1250,-984.7713,3674.0917,1443.1374,4068.3376,-0.9400,-0.5200,-0.0700,1.0765,-1.3100,0.2000,-9.8400,24,7.8750,-19.2500,25.1875,3,0,1,3
0.2900,168.5625,0.8750,-487.0141,3627.5390,1439.5565,3933.0073,-0.8900,-0.4200,-0.0100,0.9842,-1.0400,0.3400,-9.7900,24,6.7500,-20.3750,24.3750,3,0,1,3
0.3150,169.0000,-0.3125,3.5810,3548.7573,1514.7572,3858.5207,-1.0100,-0.2100,0.0100,1.0316,-0.9500,0.5700,-9.7600,24,6.7500,-20.3750,24.3750,3,0,1,3
0.3320,169.5000,-1.5625,354.5177,3498.6235,1618.6058,3871.1672,-0.9200,-0.3100,-0.0600,0.9727,-0.6500,0.4400,-9.8300,24,6.7500,-20.3750,24.3750,3,0,1,3
0.3560,170.0000,-2.7500,558.6339,3498.6235,1661.5776,3913.2185,-0.8400,-0.3100,-0.1100,0.9021,-0.3600,0.4100,-9.8800,24,3.7500,-20.3750,25.1875,3,0,1,3
0.3770,170.5625,-4.0000,497.7571,3609.6340,1668.7396,4007.7314,-0.8400,-0.1800,0.0100,0.8591,-0.1100,0.5400,-9.6500,24,3.7500,-20.3750,25.1875,3,0,1,3
0.3970,171.0625,-5.3125,318.7078,3674.0917,1690.2254,4056.7707,-1.0100,-0.1000,0.1300,1.0232,-0.0500,0.4800,-9.5200,24,2.2500,-20.3750,26.3750,3,0,1,3
0.4180,171.5625,-6.5625,189.7923,3670.5109,1708.1304,4052.9472,-0.9400,-0.5000,0.2700,1.0984,0.2900,0.1200,-9.4300,24,2.2500,-20.3750,26.3750,3,0,1,3
0.4390,172.1250,-7.8125,318.7078,3659.7680,1700.9685,4048.3046,-0.9700,-0.6300,0.2800,1.1900,0.4400,-0.1100,-9.3700,24,0.0625,-20.0000,26.7500,3,0,1,3
0.4590,172.6250,-9.1250,777.0740,3649.0249,1611.4438,4063.9855,-0.9900,-0.3800,0.3300,1.1106,0.6600,0.1500,-9.3100,24,0.0625,-20.0000,26.7500,3,0,1,3
0.4800,173.3750,-11.0000,734.1022,3641.8630,1582.7958,4038.2316,-1.1000,-0.1100,0.4500,1.1936,0.7700,0.3600,-9.1500,24,0.0625,-20.0000,26.7500,3,0,1,3
0.4990,173.6250,-11.6250,293.6409,3641.8630,1607.8627,3991.8183,-1.1000,-0.1500,0.5200,1.2259,0.9800,0.2800,-9.0400,24,-1.5625,-18.8750,26.0000,3,0,1,3
0.5240,174.3750,-13.5000,-139.6585,3634.7011,1572.0529,3962.5632,-1.0800,-0.6000,0.4200,1.3049,1.2100,-0.1800,-9.1000,24,-1.5625,-18.8750,26.0000,3,0,1,3
0.5410,174.8750,-14.7500,-204.1162,3649.0249,1410.9085,3917.6152,-1.2200,-1.0800,0.4000,1.6777,1.2700,-0.6700,-9.0700,24,-3.8750,-19.6875,26.3750,3,0,1,3
0.5650,175.2500,-16.0000,-89.5247,3699.1586,1213.9543,3894.2875,-1.3800,-0.9200,0.5300,1.7412,1.3200,-0.5200,-8.8700,24,-3.8750,-19.6875,26.3750,3,0,1,3
0.5810,175.6250,-17.2500,-261.4120,3684.8349,1052.8099,3841.1916,-1.2800,-0.6100,0.7100,1.5857,1.6300,-0.2200,-8.6400,24,-3.8750,-19.6875,26.3750,3,0,1,3
0.6050,175.9375,-18.5000,-512.0811,3656.1870,963.2853,3815.4748,-1.2700,-0.6900,0.6000,1.5649,1.8400,-0.2900,-8.6800,24,-5.2500,-20.0000,25.5625,3,0,1,3
0.6260,176.2500,-19.7500,-601.6057,3634.7011,895.2466,3791.3649,-1.3200,-0.8300,0.6000,1.6707,1.9900,-0.4100,-8.6000,24,-5.2500,-20.0000,25.5625,3,0,1,3
0.6460,176.5625,-21.0000,-551.4719,3559.5002,755.5881,3680.3635,-1.3000,-1.0000,0.7500,1.8035,2.2100,-0.5800,-8.3800,24,-7.1875,-19.2500,24.3750,3,0,1,3
0.6680,176.8125,-22.1875,-408.2324,3437.7468,587.2817,3511.3610,-1.1100,-0.8700,0.8300,1.6364,2.7100,-0.3000,-8.2400,24,-7.1875,-19.2500,24.3750,3,0,1,3
0.6880,176.9375,-23.3125,-196.9542,3341.0603,479.8522,3381.0844,-1.1500,-0.6000,0.7400,1.4934,2.7200,-0.1500,-8.2400,24,-10.1875,-20.0000,24.3750,3,0,1,3
0.7080,177.3750,-24.4375,-46.5528,3230.0495,465.5282,3263.7561,-1.2200,-0.0800,0.9600,1.5545,2.9100,0.3400,-7.9000,24,-10.1875,-20.0000,24.3750,3,0,1,3
0.7290,177.5000,-25.5000,-512.0811,3015.1904,501.3381,3099.1838,-1.1600,-0.1200,1.0300,1.5559,3.1300,0.3000,-7.7600,24,-10.1875,-20.0000,24.3750,3,0,1,3
0.7490,177.6875,-26.5000,-694.7114,2957.8945,490.5951,3077.7341,-1.0400,-0.7200,0.8600,1.5296,3.4000,-0.2600,-7.8500,24,-10.8750,-19.6875,26.0625,3,0,1,3
0.7730,177.8750,-27.5000,-476.2712,2750.1975,325.8698,2810.0910,-1.1000,-0.8500,0.8400,1.6242,3.4900,-0.3700,-7.7900,24,-10.8750,-19.6875,26.0625,3,0,1,3
0.7900,178.0625,-28.8125,-25.0669,2574.7290,200.5352,2582.6484,-1.0700,-0.5700,1.0500,1.6038,3.6500,-0.0800,-7.5200,24,-12.3750,-19.6875,24.1875,3,0,1,3
0.8150,178.1250,-29.6875,204.1162,2388.5178,161.1444,2402.6335,-1.0700,-0.3800,1.0200,1.5263,3.7700,0.0800,-7.4700,24,-12.3750,-19.6875,24.1875,3,0,1,3
0.8310,178.1250,-30.4375,82.3627,2227.3735,85.9437,2230.5522,-1.0200,-0.2100,1.0000,1.4438,3.9400,0.2400,-7.4300,24,-12.3750,-19.6875,24.1875,3,0,1,3
0.8560,178.3750,-31.1250,-103.8486,2109.2009,25.0669,2111.9047,-1.0200,-0.2400,0.8700,1.3619,4.0500,0.2100,-7.4900,24,-14.5000,-19.6875,23.7500,3,0,1,3
0.8760,178.3750,-31.8125,-136.0775,2019.6762,-10.7430,2024.2838,-1.0400,-0.3000,0.9500,1.4402,4.1300,0.1600,-7.3600,24,-14.5000,-19.6875,23.7500,3,0,1,3
0.8960,178.5000,-32.3750,-42.9718,1908.6656,-46.5528,1909.7167,-0.9800,-0.3200,1.0400,1.4644,4.2700,0.1400,-7.2200,24,-14.8750,-20.6875,23.0625,3,0,1,3
0.9170,178.5000,-33.0000,-68.0387,1751.1022,-100.2676,1755.2896,-0.9000,-0.0900,1.0400,1.3783,4.4300,0.3600,-7.1600,24,-14.8750,-20.6875,23.0625,3,0,1,3
0.9380,178.4375,-33.5000,-232.7641,1604.2818,-139.6585,1627.0844,-0.9500,0.0400,0.8500,1.2754,4.4600,0.5200,-7.3000,24,-14.8750,-20.6875,23.0625,3,0,1,3
0.9580,178.4375,-34.0625,-279.3169,1525.5001,-89.5247,1553.4423,-0.9200,0.3000,0.6800,1.1827,4.5600,0.8000,-7.4200,24,-14.5000,-18.8750,22.6875,3,0,1,3
0.9790,178.4375,-34.5625,-365.2606,1453.8803,25.0669,1499.2703,-0.7300,0.3600,0.4800,0.9449,4.8600,0.8800,-7.5500,24,-14.5000,-18.8750,22.6875,3,0,1,3
0.9990,178.5625,-35.0000,-594.4437,1450.2994,143.2395,1573.9279,-0.6800,0.2800,0.4500,0.8621,5.0700,0.7500,-7.6100,24,-15.1875,-21.0625,22.2500,3,0,1,3
1.0190,178.6875,-35.5000,-1049.2290,1471.7854,153.9824,1814.0408,-0.5500,0.1000,0.2100,0.5972,5.1800,0.6800,-7.7200,24,-15.1875,-21.0625,22.2500,3,0,1,3
1.0410,178.8125,-36.0000,-1160.2395,1461.0423,143.2395,1871.1809,-0.5800,-0.0600,0.2500,0.6344,5.2100,0.5600,-7.6200,24,-17.5000,-20.0000,21.5000,3,0,1,3
1.0610,179.3125,-36.5000,-945.3804,1382.2607,143.2395,1680.7457,-0.7000,-0.2000,0.3400,0.8035,5.1600,0.4600,-7.4800,24,-17.5000,-20.0000,21.5000,3,0,1,3
1.0820,179.5000,-37.0625,-537.1480,1239.0212,121.7535,1355.9223,-0.7700,-0.1500,0.4100,0.8852,5.1300,0.5400,-7.3700,24,-17.5000,-20.0000,21.5000,3,0,1,3
1.1010,179.8750,-37.4375,-282.8979,1095.7817,139.6585,1140.2952,-0.5200,0.2600,0.3700,0.6891,5.4300,0.9700,-7.3700,24,-17.8750,-21.5000,20.6875,3,0,1,3
1.1230,179.9375,-37.7500,-290.0599,981.1903,207.6972,1044.0341,-0.5100,0.4500,0.4200,0.7994,5.4900,1.1600,-7.2900,24,-17.8750,-21.5000,20.6875,3,0,1,3
1.1430,180.3125,-38.0625,-401.0705,852.2747,311.5458,992.1141,-0.6300,0.2200,0.3900,0.7729,5.4100,0.9400,-7.2800,24,-18.5000,-22.1875,20.6875,3,0,1,3
1.1660,180.5000,-38.3125,-279.3169,730.5212,372.4226,866.2434,-0.6900,-0.0200,0.2100,0.7215,5.3900,0.7000,-7.4300,24,-18.5000,-22.1875,20.6875,3,0,1,3
1.1840,180.6250,-38.5625,82.3627,680.3874,408.2324,797.7245,-0.6600,-0.0900,0.0800,0.6709,5.4500,0.6100,-7.5400,24,-18.5000,-22.1875,20.6875,3,0,1,3
1.2050,180.8125,-38.8125,322.2888,655.3205,418.9754,841.9355,-0.7300,0.0100,0.1300,0.7416,5.4100,0.6900,-7.4700,24,-18.0625,-21.0625,20.7500,3,0,1,3
1.2250,180.8750,-39.0000,232.7641,637.4155,415.3944,795.6320,-0.7900,0.1200,0.2700,0.8434,5.3800,0.7700,-7.3100,24,-18.0625,-21.0625,20.7500,3,0,1,3
1.2450,181.1250,-39.1875,-107.4296,576.5388,386.7465,702.5034,-0.8500,0.1300,0.5900,1.0428,5.3400,0.7700,-6.9800,24,-19.2500,-20.6875,21.1875,3,0,1,3
1.2700,181.3125,-39.3750,-472.6902,487.0141,350.9367,764.0519,-0.7100,-0.1100,0.5000,0.8753,5.5000,0.5300,-7.0500,24,-19.2500,-20.6875,21.1875,3,0,1,3
1.2860,181.4375,-39.5000,-393.9085,458.3663,272.1550,662.8211,-0.7100,-0.4000,0.3000,0.8684,5.5200,0.2500,-7.2200,24,-19.2500,-20.6875,21.1875,3,0,1,3
1.3060,181.8125,-39.6875,-132.4965,411.8134,168.3063,464.1903,-0.6900,-0.1800,0.3000,0.7736,5.5600,0.4700,-7.2100,24,-19.8750,-20.2500,20.3750,3,0,1,3
1.3310,181.8750,-39.7500,-57.2958,329.4508,168.3063,374.3630,-0.8800,0.1300,0.0600,0.8916,5.4000,0.7800,-7.4300,24,-19.8750,-20.2500,20.3750,3,0,1,3
1.3520,182.1250,-39.8750,103.8486,318.7078,247.0881,416.4273,-0.8700,0.0700,0.0400,0.8737,5.4300,0.5300,-7.3100,24,-19.5625,-20.6875,19.5625,3,0,1,3
1.3720,182.1875,-40.0000,282.8979,286.4789,307.9648,506.8962,-0.5900,-0.3500,0.3000,0.7487,5.7100,0.2600,-7.1700,24,-19.5625,-20.6875,19.5625,3,0,1,3
1.3930,182.2500,-40.0625,379.5845,200.5352,239.9261,491.7960,-0.4700,-0.4600,0.5000,0.8261,5.8500,0.1100,-6.9700,24,-20.2500,-21.0625,21.5625,3,0,1,3
1.4130,182.2500,-40.1250,390.3275,39.3908,0.0000,392.3101,-0.6900,-0.3000,0.4100,0.8569,5.6300,0.2600,-7.0500,24,-20.2500,-21.0625,21.5625,3,0,1,3
1.4340,182.1875,-40.1250,272.1550,-53.7148,-107.4296,297.4806,-0.7700,0.0100,0.2800,0.8194,5.5400,0.5600,-7.1900,24,-20.2500,-21.0625,21.5625,3,0,1,3
1.4530,182.3125,-40.0625,17.9049,-139.6585,-146.8204,203.4240,-0.8400,0.0000,0.2600,0.8793,5.4600,0.5600,-7.2100,24,-19.5625,-20.2500,19.1875,3,0,1,3
1.4740,182.3125,-40.0000,-107.4296,-222.0211,-168.3063,298.5993,-0.8500,-0.4500,0.4300,1.0535,5.4400,0.1100,-7.0500,24,-19.5625,-20.2500,19.1875,3,0,1,3
1.4940,182.3750,-39.8750,-89.5247,-325.8698,-286.4789,443.0304,-0.5900,-0.4700,0.2600,0.7979,5.6900,0.1000,-7.2300,24,-19.8750,-21.7500,20.0000,2,0,1,3
1.5150,182.2500,-39.7500,25.0669,-297.2219,-411.8134,508.4875,-0.5100,0.0800,0.1400,0.5349,5.7600,0.6700,-7.3600,24,-19.8750,-21.7500,20.0000,2,0,1,3
1.5360,182.0625,-39.6875,-100.2676,-196.9542,-426.1374,480.0392,-0.5300,0.4900,0.4300,0.8402,5.7300,1.1000,-7.0800,24,-19.8750,-21.7500,20.0000,2,0,1,3
1.5560,182.1250,-39.6250,-673.2254,-196.9542,-318.7078,770.4531,-0.6500,0.5700,0.6700,1.0938,5.6000,1.2200,-6.8500,24,-19.8750,-20.3750,20.3750,2,0,1,3
1.5800,182.1875,-39.5000,-1002.6762,-261.4120,-186.2113,1052.7916,-0.6800,0.2000,0.7900,1.0614,5.5500,0.9000,-6.7300,24,-19.8750,-20.3750,20.3750,2,0,1,3
1.5980,182.6250,-39.3750,-877.3416,-408.2324,-139.6585,977.6945,-0.6000,-0.1800,0.8800,1.0802,5.6200,0.5600,-6.6500,24,-21.0625,-20.6875,19.5625,2,0,1,3
1.6220,182.6875,-39.1875,-522.8240,-587.2817,-139.6585,798.5921,-0.6300,-0.1700,1.1500,1.3222,5.5300,0.5900,-6.2500,24,-21.0625,-20.6875,19.5625,2,0,1,3
1.6380,182.6875,-38.9375,-132.4965,-863.0177,-121.7535,881.5775,-0.6300,-0.1500,1.4100,1.5516,5.4600,0.7700,-6.3900,24,-19.8750,-21.0625,19.5625,2,0,1,3
1.6620,182.8750,-38.5625,372.4226,-1192.4683,-57.2958,1250.5847,-0.7400,0.1300,0.8400,1.1270,5.3400,0.9000,-6.8000,24,-19.8750,-21.0625,19.5625,2,0,1,3
1.6840,182.8125,-38.0625,619.5106,-1496.8522,60.8768,1621.1311,-0.5500,0.1300,0.3100,0.6446,5.4600,0.8800,-7.3800,24,-19.8750,-21.0625,19.5625,2,0,1,3
1.7030,183.0000,-37.5625,411.8134,-1607.8627,89.5247,1662.1756,-0.7800,0.2000,0.2500,0.8431,5.1600,0.9200,-7.5100,24,-20.2500,-21.5000,20.7500,2,0,1,3
1.7240,183.0000,-37.0625,168.3063,-1579.2149,100.2676,1591.3203,-0.4500,-0.2900,-0.6500,0.8421,5.4100,0.4000,-8.4700,24,-20.2500,-21.5000,20.7500,2,0,1,3
1.7440,183.1875,-36.3125,515.6621,-1385.8416,68.0387,1480.2343,-0.5600,-0.2300,-0.7200,0.9407,5.2400,0.4500,-8.5900,24,-18.8750,-21.7500,20.0000,2,0,1,3
1.7660,183.1250,-35.8750,755.5881,-1267.6691,71.6197,1477.5073,-0.6700,0.2600,-0.0500,0.7204,5.0700,0.9100,-7.9700,24,-18.8750,-21.7500,20.0000,2,0,1,3
1.7860,183.1250,-35.4375,504.9191,-1350.0318,114.5916,1445.9116,-0.4500,0.2000,-0.1100,0.5046,5.2300,0.8200,-8.0700,24,-18.8750,-21.7500,20.0000,2,0,1,3
1.8060,183.1875,-34.9375,293.6409,-1400.1656,150.4014,1438.5095,-0.6600,-0.1300,-0.3500,0.7583,4.9500,0.4600,-8.3600,24,-18.0625,-20.6875,21.1875,2,0,1,3
1.8270,183.1875,-34.5000,179.0493,-1378.6796,121.7535,1395.5787,-0.7200,-0.4800,-0.8900,1.2413,4.8300,0.0900,-8.9500,24,-18.0625,-20.6875,21.1875,2,0,1,3
1.8470,183.4375,-34.0625,168.3063,-1174.5634,21.4859,1186.7552,-0.6000,-0.4700,-0.6500,1.0017,4.8800,0.1000,-8.7500,24,-18.5000,-20.6875,21.1875,2,0,1,3
1.8680,183.4375,-33.6875,128.9155,-1081.4578,-64.4578,1091.0202,-0.5300,-0.4400,-0.5800,0.9005,4.9100,0.1200,-8.7100,24,-18.5000,-20.6875,21.1875,2,0,1,3
1.8890,183.3750,-33.1875,161.1444,-1009.8381,-114.5916,1029.0148,-0.6400,-0.1000,-0.7800,1.0139,4.7200,0.4500,-8.9600,24,-18.5000,-20.6875,21.1875,2,0,1,3
1.9080,183.3750,-32.7500,121.7535,-880.9226,-103.8486,895.3397,-0.4900,-0.2200,-1.0000,1.1351,4.8100,0.3200,-9.2300,24,-18.0000,-21.0625,22.7500,2,0,1,3
1.9330,183.3750,-32.5000,275.7359,-637.4155,-39.3908,695.6152,-0.8000,-0.0900,-0.3500,0.8778,4.4100,0.4700,-8.2700,24,-18.0000,-21.0625,22.7500,2,0,1,3
1.9500,183.3750,-32.3750,125.3345,-504.9191,10.7430,520.3532,-0.8000,-0.0200,0.1300,0.8107,4.4400,0.5000,-8.1200,24,-16.5625,-21.0625,22.3750,2,0,1,3
1.9740,183.3750,-32.1875,-239.9261,-465.5282,35.8099,524.9414,-0.6800,-0.3000,1.0200,1.2621,4.5200,0.2300,-7.2600,24,-16.5625,-21.0625,22.3750,2,0,1,3
1.9910,183.4375,-32.0000,-522.8240,-587.2817,10.7430,786.3588,-0.6400,-0.5000,1.0900,1.3593,4.5200,-0.1500,-7.1500,24,-15.8750,-21.0625,22.3750,2,0,1,3
2.0150,183.4375,-31.7500,-264.9930,-837.9508,-132.4965,888.7847,-0.6500,-0.7100,0.8400,1.2776,4.4800,-0.1300,-7.4800,24,-15.8750,-21.0625,22.3750,2,0,1,3
2.0350,183.3750,-31.3750,293.6409,-1117.2677,-386.7465,1218.2302,-0.6200,-0.1600,0.4200,0.7658,4.4500,0.4100,-7.9400,24,-15.8750,-21.0625,22.3750,2,0,1,3
2.0550,183.1875,-31.0000,161.1444,-1088.6198,-404.6515,1172.5201,-0.4800,0.2800,0.1000,0.5646,4.5300,0.8600,-8.2900,24,-15.5000,-21.0625,22.3750,2,0,1,3
2.0770,183.0625,-30.6250,-282.8979,-966.8663,-372.4226,1074.0391,-0.4800,0.3800,0.2400,0.6576,4.4900,0.9800,-8.1800,24,-15.5000,-21.0625,22.3750,2,0,1,3
2.0970,182.9375,-30.1250,-705.4543,-902.4085,-350.9367,1197.9830,-0.4000,0.1500,0.2000,0.4717,4.5200,0.7900,-8.2400,24,-15.0625,-21.0625,23.1875,2,0,1,3
2.1170,182.8750,-29.8125,-651.7395,-863.0177,-307.9648,1124.4582,-0.4300,0.0700,0.3200,0.5406,4.4500,0.7600,-8.1500,24,-15.0625,-21.0625,23.1875,2,0,1,3
2.1380,182.8750,-29.5000,-257.8310,-905.9895,-232.7641,970.2953,-0.5700,0.0500,0.3600,0.6760,4.2600,0.7700,-8.1300,24,-15.0625,-21.0625,23.1875,2,0,1,3
2.1540,182.7500,-29.1250,118.1725,-963.2853,-157.5634,983.2139,-0.5100,0.3400,0.4300,0.7487,4.2600,1.0600,-8.1000,24,-14.7500,-21.5000,23.8750,3,0,1,3
2.1790,182.7500,-28.8125,261.4120,-991.9332,-14.3239,1025.9010,-0.3600,0.5200,0.4100,0.7537,4.3600,1.2400,-8.1400,24,-14.7500,-21.5000,23.8750,3,0,1,3
2.1950,182.7500,-28.5000,128.9155,-970.4473,146.8204,989.9208,-0.3400,0.5600,0.4900,0.8181,4.3300,1.2700,-8.0900,24,-14.3750,-21.0625,22.7500,3,0,1,3
2.2190,182.8750,-28.1250,-121.7535,-1052.8099,272.1550,1094.2125,-0.5100,0.0800,0.4300,0.6719,4.1100,0.7800,-8.1800,24,-14.3750,-21.0625,22.7500,3,0,1,3
2.2370,183.0000,-27.7500,-60.8768,-1213.9543,297.2219,1251.2921,-0.4900,-0.4500,0.0300,0.6660,4.0700,0.2400,-8.6100,24,-14.3750,-21.0625,22.7500,3,0,1,3
2.2600,183.0625,-27.3125,307.9648,-1267.6691,200.5352,1319.8643,-0.4000,-0.8500,-0.7900,1.2274,4.0900,-0.1600,-9.4700,24,-14.7500,-20.3750,23.5000,3,0,1,3
2.2820,183.0625,-26.9375,723.3593,-1131.5916,39.3908,1343.6145,-0.3100,-0.5500,-1.0700,1.2424,4.1200,0.0900,-9.7900,24,-14.7500,-20.3750,23.5000,3,0,1,3
2.3020,183.0000,-26.6250,680.3874,-863.0177,-60.8768,1100.6510,-0.3900,0.0500,-0.7400,0.8380,3.9900,0.6600,-9.4800,24,-13.6875,-21.5000,23.8750,3,0,1,3
2.3220,183.0000,-26.3750,68.0387,-691.1304,-75.2007,698.5311,-0.4800,0.2900,-0.4100,0.6947,3.8600,0.7600,-9.0700,24,-13.6875,-21.5000,23.8750,3,0,1,3
2.3430,183.0000,-26.1250,-465.5282,-658.9015,-39.3908,807.7248,-0.4600,-0.2600,-0.2800,0.5980,3.8600,0.3500,-9.0600,24,-13.2500,-20.0000,24.3750,3,0,1,3
2.3630,183.0000,-25.9375,-189.7923,-687.5494,-14.3239,713.4077,-0.4300,-0.3700,-0.3000,0.6417,3.8400,0.3300,-9.1500,24,-13.2500,-20.0000,24.3750,3,0,1,3
2.3840,183.0000,-25.6875,261.4120,-691.1304,7.1620,738.9511,-0.3800,0.0800,-0.4400,0.5869,3.8400,0.7100,-9.2600,24,-13.2500,-20.0000,24.3750,3,0,1,3
2.4050,183.0000,-25.4375,222.0211,-662.4825,32.2289,699.4392,-0.4200,0.0700,-0.4100,0.5911,3.7600,0.5800,-9.2400,24,-13.6875,-20.6875,24.3750,3,0,1,3
2.4250,183.0000,-25.2500,75.2007,-594.4437,82.3627,604.8158,-0.4700,-0.2100,-0.2100,0.5560,3.6900,0.3900,-9.0600,24,-13.6875,-20.6875,24.3750,3,0,1,3
2.4450,183.0625,-25.0000,64.4578,-590.8627,75.2007,599.1066,-0.4300,-0.3300,-0.0400,0.5435,3.6900,0.2600,-8.9100,24,-13.2500,-21.5000,24.6875,3,0,1,3
2.4650,183.0625,-24.8125,103.8486,-612.3486,-25.0669,621.5977,-0.3700,-0.3600,-0.0300,0.5171,3.7200,0.2200,-8.9200,24,-13.2500,-21.5000,24.6875,3,0,1,3
2.4860,183.0625,-24.4375,42.9718,-633.8346,-139.6585,650.4594,-0.4200,-0.2100,-0.0800,0.4763,3.6300,0.3700,-8.9900,24,-13.2500,-21.5000,24.6875,3,0,1,3
2.5060,182.8125,-24.2500,-14.3239,-648.1585,-164.7254,668.9163,-0.4800,-0.0200,-0.2700,0.5511,3.5200,0.5500,-9.2000,24,-11.7500,-20.6875,25.0625,3,0,1,3
2.5280,182.8125,-24.0000,-53.7148,-644.5775,-186.2113,673.0826,-0.4400,-0.0800,-0.4400,0.6274,3.5300,0.5100,-9.3900,24,-11.7500,-20.6875,25.0625,3,0,1,3
2.5480,182.6250,-23.6875,107.4296,-540.7290,-164.7254,575.3811,-0.3800,0.2000,-0.3900,0.5801,3.5600,0.7900,-9.3500,24,-11.7500,-20.6875,25.1875,3,0,1,3
2.5680,182.5625,-23.5625,128.9155,-429.7184,-64.4578,453.2459,-0.4300,0.4300,-0.1200,0.6198,3.4900,1.0200,-9.0900,24,-11.7500,-20.6875,25.1875,3,0,1,3
2.5880,182.6250,-23.4375,-157.5634,-411.8134,60.8768,445.1095,-0.4200,0.2600,0.2300,0.5449,3.4700,0.8600,-8.7400,24,-11.7500,-20.6875,25.1875,3,0,1,3
2.6090,182.6875,-23.2500,-297.2219,-472.6902,139.6585,575.5704,-0.4500,-0.0500,0.3400,0.5662,3.4200,0.5500,-8.6300,24,-12.5625,-20.6875,26.0000,3,0,1,3
2.6330,182.7500,-23.0625,-75.2007,-580.1198,164.7254,607.7241,-0.4400,-0.5100,0.2300,0.7118,3.4000,0.0900,-8.7600,24,-12.5625,-20.6875,26.0000,3,0,1,3
2.6500,182.7500,-22.8750,329.4508,-669.6444,100.2676,753.0040,-0.4200,-0.5200,0.0200,0.6687,3.3900,0.0700,-8.9900,24,-11.3750,-21.0625,24.5000,3,0,1,3
2.6740,182.7500,-22.6250,444.0423,-662.4825,-3.5810,797.5396,-0.3600,-0.2100,-0.0400,0.4187,3.4000,0.3500,-9.0700,24,-11.3750,-21.0625,24.5000,3,0,1,3
2.6910,182.6875,-22.4375,272.1550,-676.8064,-53.7148,731.4509,-0.4300,0.0100,-0.0600,0.4343,3.3000,0.5700,-9.1100,24,-11.3750,-21.0625,24.5000,3,0,1,3
2.7120,182.6875,-22.1875,10.7430,-669.6444,-42.9718,671.1078,-0.4000,0.0000,-0.3500,0.5315,3.2900,0.5400,-9.4100,24,-12.1875,-20.2500,26.3750,3,0,1,3
2.7360,182.6875,-22.0000,-157.5634,-580.1198,-10.7430,601.2326,-0.4200,-0.3900,-0.3400,0.6664,3.2300,0.1700,-9.4200,24,-12.1875,-20.2500,26.3750,3,0,1,3
2.7570,182.6875,-21.8125,0.0000,-512.0811,-39.3908,513.5938,-0.4500,-0.2700,-0.2100,0.5652,3.1500,0.3100,-9.3000,24,-11.3750,-20.6875,25.1875,3,0,1,3
2.7770,182.6875,-21.5625,82.3627,-497.7571,-60.8768,508.1847,-0.4500,-0.1400,-0.2000,0.5120,3.1300,0.4000,-9.3100,24,-11.3750,-20.6875,25.1875,3,0,1,3
2.7940,182.6875,-21.3125,107.4296,-504.9191,-60.8768,519.7984,-0.3900,-0.0400,-0.1700,0.4273,3.1500,0.4900,-9.3000,24,-11.3750,-20.0000,25.5625,3,0,1,3
2.8140,182.6250,-21.0625,17.9049,-494.1761,-53.7148,497.4092,-0.4000,-0.2300,-0.2900,0.5450,3.1000,0.3000,-9.4300,24,-11.3750,-20.0000,25.5625,3,0,1,3
2.8380,182.6250,-20.8125,-35.8099,-461.9472,-103.8486,474.8285,-0.2800,-0.3500,-0.4700,0.6495,3.1800,0.1800,-9.6300,24,-11.3750,-20.0000,25.5625,3,0,1,3
2.8540,182.4375,-20.6250,25.0669,-436.8803,-143.2395,460.4458,-0.2600,-0.3800,-0.5500,0.7173,3.2100,0.2600,-9.7000,24,-10.2500,-21.7500,26.3750,3,0,1,3
2.8800,182.3750,-20.5000,121.7535,-268.5740,-196.9542,354.6081,-0.3200,0.1800,-0.2100,0.4230,3.1000,0.7200,-9.3800,24,-10.2500,-21.7500,26.3750,3,0,1,3
2.8960,182.3125,-20.4375,-96.6866,-254.2500,-146.8204,309.1078,-0.3600,0.2500,-0.0500,0.4411,3.0500,0.7900,-9.2300,24,-10.2500,-20.3750,25.5625,3,0,1,3
2.9210,182.2500,-20.2500,-189.7923,-264.9930,-93.1056,338.9853,-0.3000,-0.0600,-0.1700,0.3500,3.0900,0.4800,-9.3600,24,-10.2500,-20.3750,25.5625,3,0,1,3
2.9400,182.2500,-20.1875,-57.2958,-264.9930,-82.3627,283.3508,-0.3200,-0.0400,-0.0700,0.3300,3.0600,0.5100,-9.2500,24,-10.2500,-20.3750,25.5625,3,0,1,3
2.9580,182.1875,-20.0625,-42.9718,-264.9930,-64.4578,276.0845,-0.3300,-0.0100,0.0900,0.3422,3.0300,0.5300,-9.1000,24,-10.2500,-20.6875,26.0000,3,0,1,3
2.9780,182.1875,-19.9375,-111.0106,-297.2219,-64.4578,323.7576,-0.3400,-0.0800,0.1600,0.3842,2.9900,0.4700,-9.0300,24,-10.2500,-20.6875,26.0000,3,0,1,3
2.9980,182.1875,-19.7500,-128.9155,-329.4508,-82.3627,363.2363,-0.3900,-0.1900,0.1400,0.4559,2.9200,0.3700,-9.0600,24,-10.2500,-20.6875,25.1875,3,0,1,3
3.0190,182.1250,-19.5625,-78.7817,-383.1655,-139.6585,415.3636,-0.3200,-0.1500,0.0600,0.3585,2.9700,0.4100,-9.1500,24,-10.2500,-20.6875,25.1875,3,0,1,3
3.0390,182.1250,-19.4375,-78.7817,-408.2324,-161.1444,445.9011,-0.3500,0.0200,-0.0300,0.3519,2.9000,0.6000,-9.2600,24,-10.2500,-20.6875,25.1875,3,0,1,3
3.0590,182.0000,-19.2500,-82.3627,-368.8416,-153.9824,408.0910,-0.3100,0.0500,-0.0400,0.3165,2.9200,0.6300,-9.2800,24,-9.5625,-20.6875,26.0000,3,0,1,3
3.0800,181.9375,-19.1250,-32.2289,-325.8698,-118.1725,348.1301,-0.2700,0.1500,0.0600,0.3146,2.9400,0.7400,-9.1800,24,-9.5625,-20.6875,26.0000,3,0,1,3
3.1010,181.9375,-19.0000,-17.9049,-318.7078,-68.0387,326.3809,-0.2800,0.1800,0.0600,0.3382,2.9000,0.7800,-9.1900,24,-9.8750,-20.3750,25.5625,3,0,1,3
3.1210,181.9375,-18.8125,-60.8768,-336.6127,-25.0669,342.9905,-0.3200,-0.0700,-0.0900,0.3397,2.8400,0.5200,-9.3600,24,-9.8750,-20.3750,25.5625,3,0,1,3
3.1420,181.9375,-18.6875,25.0669,-329.4508,-32.2289,331.9712,-0.2200,-0.1800,-0.1900,0.3419,2.9200,0.4100,-9.4600,24,-9.8750,-20.3750,25.5625,3,0,1,3
3.1580,181.9375,-18.6250,85.9437,-282.8979,-57.2958,301.1650,-0.2800,0.0600,-0.0400,0.2891,2.8400,0.6500,-9.3200,24,-9.8750,-20.6875,25.5625,3,0,1,3
3.1790,181.8750,-18.5000,-42.9718,-282.8979,-46.5528,289.9051,-0.3100,0.0300,0.0000,0.3114,2.8000,0.6300,-9.2800,24,-9.8750,-20.6875,25.5625,3,0,1,3
3.1990,181.8750,-18.3750,-71.6197,-279.3169,-32.2289,290.1483,-0.3000,-0.1400,-0.0200,0.3317,2.7900,0.4600,-9.3000,24,-9.5625,-21.5000,26.0000,3,0,1,3
3.2190,181.8750,-18.2500,46.5528,-293.6409,-35.8099,299.4570,-0.3300,-0.0400,0.0000,0.3324,2.7300,0.5500,-9.2800,24,-9.5625,-21.5000,26.0000,3,0,1,3
3.2400,181.8750,-18.0625,42.9718,-304.3838,-21.4859,308.1521,-0.2700,0.0000,-0.0500,0.2746,2.7700,0.6000,-9.3500,24,-9.5625,-21.5000,26.0000,3,0,1,3
3.2600,181.8750,-17.9375,-7.1620,-304.3838,-10.7430,304.6575,-0.2600,-0.0900,-0.1000,0.2927,2.7600,0.5000,-9.4100,24,-9.1875,-20.6875,25.5625,3,0,1,3
3.2800,181.8750,-17.8125,0.0000,-282.8979,-25.0669,284.0063,-0.2400,-0.1100,-0.2400,0.3568,2.7600,0.4700,-9.5600,24,-9.1875,-20.6875,25.5625,3,0,1,3
3.2970,181.8750,-17.7500,46.5528,-229.1831,-39.3908,237.1576,-0.2600,-0.0400,-0.1500,0.3028,2.7100,0.5400,-9.4700,24,-8.8750,-20.3750,26.0000,3,0,1,3
3.3220,181.8125,-17.6250,64.4578,-193.3733,-42.9718,208.3137,-0.2700,0.1400,0.0000,0.3041,2.7000,0.7400,-9.3300,24,-8.8750,-20.3750,26.0000,3,0,1,3
3.3390,181.8125,-17.5000,3.5810,-200.5352,7.1620,200.6950,-0.2100,0.1100,0.1100,0.2613,2.7400,0.7000,-9.2100,24,-8.8750,-20.3750,26.0000,3,0,1,3
3.3590,181.8125,-17.5000,14.3239,-264.9930,46.5528,269.4320,-0.2400,-0.1300,0.0600,0.2795,2.7000,0.4500,-9.2600,24,-9.5625,-21.0625,26.0000,3,0,1,3
3.3790,181.8750,-17.3125,96.6866,-282.8979,28.6479,300.3336,-0.2100,-0.2000,-0.0200,0.2907,2.7000,0.3700,-9.3600,24,-9.5625,-21.0625,26.0000,3,0,1,3
3.3990,181.8750,-17.2500,121.7535,-275.7359,3.5810,301.4416,-0.2700,0.0100,-0.1100,0.2917,2.6300,0.5900,-9.4600,24,-8.8750,-20.2500,26.3750,3,0,1,3
3.4200,181.8750,-17.0625,-114.5916,-236.3451,-10.7430,262.8795,-0.2300,-0.0600,-0.1300,0.2709,2.6400,0.5100,-9.4900,24,-8.8750,-20.2500,26.3750,3,0,1,3
3.4410,181.8750,-17.0000,-225.6021,-207.6972,-28.6479,307.9857,-0.2100,-0.2000,0.0900,0.3036,2.6500,0.3800,-9.2600,24,-8.8750,-20.2500,26.3750,3,0,1,3
3.4610,181.8750,-16.9375,-78.7817,-218.4402,-42.9718,236.1551,-0.1700,-0.0600,0.1400,0.2283,2.6800,0.5200,-9.2200,24,-9.1875,-20.2500,26.7500,3,0,1,3
3.4810,181.8750,-16.8125,21.4859,-239.9261,0.0000,240.8862,-0.2100,0.0300,0.1400,0.2542,2.6200,0.6200,-9.2200,24,-9.1875,-20.2500,26.7500,3,0,1,3
3.4980,181.8750,-16.6875,-28.6479,-275.7359,28.6479,278.6965,-0.2200,-0.0700,0.0400,0.2343,2.6000,0.5100,-9.3200,24,-9.1875,-21.0625,25.5625,3,0,1,3
3.5220,181.8750,-16.6250,-32.2289,-279.3169,14.3239,281.5348,-0.2000,-0.1500,-0.1500,0.2915,2.6000,0.4300,-9.5300,24,-9.1875,-21.0625,25.5625,3,0,1,3
3.5390,181.8750,-16.5000,-25.0669,-257.8310,7.1620,259.1457,-0.2000,-0.1600,-0.3100,0.4021,2.5900,0.4200,-9.7000,24,-9.1875,-21.0625,25.5625,3,0,1,3
3.5630,181.8750,-16.4375,-78.7817,-175.4683,-21.4859,193.5390,-0.1200,-0.2100,-0.2800,0.3700,2.6500,0.3800,-9.6600,24,-8.8750,-20.6875,25.1875,3,0,1,3
3.5840,181.8750,-16.3750,-85.9437,-114.5916,-53.7148,152.9798,-0.2300,-0.2000,-0.0700,0.3127,2.5300,0.4000,-9.4600,24,-8.8750,-20.6875,25.1875,3,0,1,3
3.6010,181.8750,-16.3125,-32.2289,-132.4965,-64.4578,150.8271,-0.2300,-0.1600,-0.0400,0.2830,2.5200,0.4300,-9.4400,24,-8.8750,-21.0625,26.3750,3,0,1,3
3.6240,181.8125,-16.2500,39.3908,-132.4965,-68.0387,154.0657,-0.2100,-0.0800,-0.0700,0.2354,2.5200,0.5100,-9.4700,24,-8.8750,-21.0625,26.3750,3,0,1,3
3.6420,181.8125,-16.1875,68.0387,-125.3345,-50.1338,151.1668,-0.1900,0.0000,-0.0800,0.2062,2.5300,0.6000,-9.4700,24,-8.8750,-21.0625,26.3750,3,0,1,3
3.6610,181.8125,-16.1250,-3.5810,-85.9437,-21.4859,88.6611,-0.1200,0.1000,0.0000,0.1562,2.6000,0.7000,-9.3900,24,-7.7500,-20.3750,25.1875,3,0,1,3
3.6820,181.8125,-16.0625,-150.4014,-64.4578,14.3239,164.2576,-0.1500,0.0600,0.1700,0.2345,2.5600,0.6600,-9.2300,24,-7.7500,-20.3750,25.1875,3,0,1,3
3.7030,181.8125,-16.0625,-168.3063,-114.5916,39.3908,207.3883,-0.1900,-0.3000,0.1500,0.3855,2.5200,0.3000,-9.2500,24,-7.7500,-21.0625,26.3750,3,0,1,3
3.7230,181.8125,-16.0000,10.7430,-132.4965,10.7430,133.3647,-0.1400,-0.3800,0.0500,0.4080,2.5600,0.2200,-9.3500,24,-7.7500,-21.0625,26.3750,3,0,1,3
3.7430,181.8125,-16.0000,118.1725,-111.0106,-46.5528,168.6869,-0.1900,-0.0600,0.1600,0.2555,2.5000,0.5300,-9.2400,24,-7.7500,-21.0625,26.3750,3,0,1,3
3.7630,181.8125,-15.9375,10.7430,-111.0106,-39.3908,118.2810,-0.1800,-0.1700,0.2400,0.3448,2.5000,0.4200,-9.1600,24,-7.7500,-20.6875,26.0000,3,0,1,3
3.7850,181.8125,-15.8750,-89.5247,-143.2395,-46.5528,175.2124,-0.2600,-0.1500,0.3200,0.4387,2.4100,0.4400,-9.0900,24,-7.7500,-20.6875,26.0000,3,0,1,3
3.8040,181.8125,-15.8125,-85.9437,-204.1162,-57.2958,228.7631,-0.2100,-0.1900,0.2400,0.3712,2.4600,0.4000,-9.1700,24,-8.0625,-20.6875,25.5625,3,0,1,3
3.8250,181.7500,-15.6875,-7.1620,-243.5071,-68.0387,252.9353,-0.2300,-0.1200,0.2000,0.3276,2.4200,0.4800,-9.2100,24,-8.0625,-20.6875,25.5625,3,0,1,3
3.8420,181.7500,-15.6250,-25.0669,-239.9261,-71.6197,251.6392,-0.1900,-0.1400,0.1900,0.3030,2.4500,0.4600,-9.2200,24,-8.0625,-20.6875,25.5625,3,0,1,3
3.8620,181.7500,-15.5000,-17.9049,-250.6690,-82.3627,264.4602,-0.2000,-0.1300,0.3100,0.3912,2.4200,0.4600,-9.1100,24,-8.0625,-20.3750,25.5625,3,0,1,3
3.8870,181.6875,-15.3750,-42.9718,-282.8979,-118.1725,309.5845,-0.2000,-0.1400,0.3200,0.4025,2.4000,0.4600,-9.1000,24,-8.0625,-20.3750,25.5625,3,0,1,3
3.9040,181.6250,-15.3125,-17.9049,-311.5458,-150.4014,346.4130,-0.1900,-0.2000,0.2900,0.4002,2.3900,0.4000,-9.1300,24,-7.3750,-21.5000,25.5625,3,0,1,3
3.9230,181.6250,-15.1875,60.8768,-361.6796,-189.7923,412.9640,-0.1600,-0.0400,0.3000,0.3423,2.4000,0.5600,-9.1300,24,-7.3750,-21.5000,25.5625,3,0,1,3
3.9440,181.5000,-15.0000,14.3239,-422.5564,-204.1162,469.4917,-0.1500,0.0900,0.1400,0.2241,2.3900,0.7000,-9.3000,24,-7.3750,-21.5000,25.5625,3,0,1,3
3.9650,181.5000,-14.8750,-50.1338,-447.6233,-196.9542,491.6004,-0.1900,0.1400,-0.0100,0.2362,2.3200,0.7600,-9.4700,24,-7.0000,-20.6875,25.5625,3,0,1,3
3.9850,181.4375,-14.6875,-103.8486,-426.1374,-168.3063,469.7921,-0.1400,0.2800,-0.0700,0.3208,2.3500,0.9100,-9.5300,24,-7.0000,-20.6875,25.5625,3,0,1,3
4.0050,181.3750,-14.5625,-153.9824,-372.4226,-107.4296,417.0735,-0.0800,0.2100,0.0100,0.2249,2.3800,0.8500,-9.4500,24,-7.0000,-21.0625,26.0000,3,0,1,3
4.0270,181.3750,-14.4375,-89.5247,-358.0986,-42.9718,371.6125,-0.1500,0.0100,0.0600,0.1619,2.2800,0.6500,-9.4100,24,-7.0000,-21.0625,26.0000,3,0,1,3
4.0460,181.3750,-14.3125,93.1056,-365.2606,-14.3239,377.2123,-0.1200,0.1400,-0.0100,0.1847,2.2900,0.7800,-9.4900,24,-7.0000,-21.0625,26.7500,3,0,1,3
4.0670,181.3750,-14.1875,118.1725,-350.9367,39.3908,372.3881,-0.0900,0.1900,-0.0900,0.2287,2.3100,0.8300,-9.5800,24,-7.0000,-21.0625,26.7500,3,0,1,3
4.0880,181.3750,-14.0625,7.1620,-336.6127,82.3627,346.6165,-0.1100,0.0400,-0.1600,0.1982,2.2500,0.5800,-9.7300,24,-7.0000,-21.0625,26.7500,3,0,1,3
4.1080,181.4375,-13.9375,-3.5810,-286.4789,89.5247,300.1627,-0.1300,-0.1100,-0.0800,0.1881,2.2300,0.5200,-9.5800,24,-7.0000,-21.0625,27.1875,3,0,1,3
4.1280,181.4375,-13.8125,50.1338,-250.6690,53.7148,261.2157,-0.1700,0.0700,0.2800,0.3350,2.1600,0.7100,-9.2200,24,-7.0000,-21.0625,27.1875,3,0,1,3
4.1480,181.5000,-13.7500,50.1338,-293.6409,64.4578,304.7838,-0.2200,0.1700,0.4200,0.5037,2.1000,0.8000,-9.0700,24,-7.3750,-20.6875,26.3750,3,0,1,3
4.1700,181.5000,-13.6250,25.0669,-393.9085,132.4965,416.3503,-0.2000,0.1800,0.0900,0.2837,2.0900,0.8100,-9.4100,24,-7.3750,-20.6875,26.3750,3,0,1,3
4.1900,181.5625,-13.4375,-60.8768,-447.6233,193.3733,491.3917,-0.1500,-0.1400,-0.2600,0.3312,2.1200,0.4800,-9.7800,24,-7.3750,-20.6875,26.3750,3,0,1,3
4.2100,181.6875,-13.3125,-14.3239,-436.8803,189.7923,476.5404,-0.1200,-0.2200,-0.3200,0.4064,2.1300,0.3900,-9.8500,24,-7.0000,-20.6875,25.5625,3,0,1,3
4.2310,181.6875,-13.1875,64.4578,-297.2219,103.8486,321.3723,-0.1300,0.0000,0.0500,0.1393,2.1000,0.6200,-9.4700,24,-7.0000,-20.6875,25.5625,3,0,1,3
4.2520,181.7500,-13.0625,-85.9437,-315.1268,68.0387,333.6473,-0.2300,0.0800,0.3100,0.3942,1.9800,0.7000,-9.2100,24,-6.5625,-20.6875,25.5625,3,0,1,3
4.2720,181.8125,-12.9375,-161.1444,-383.1655,75.2007,422.4198,-0.2100,-0.1500,0.2700,0.3735,1.9800,0.4700,-9.2500,24,-6.5625,-20.6875,25.5625,3,0,1,3
4.2920,181.8125,-12.8125,-3.5810,-436.8803,46.5528,439.3682,-0.0900,-0.2100,0.1900,0.2972,2.0800,0.4100,-9.3400,24,-6.5625,-20.6875,25.5625,3,0,1,3
4.3120,181.8125,-12.6875,153.9824,-436.8803,7.1620,463.2778,-0.1400,0.0900,0.0000,0.1664,2.0000,0.7100,-9.5400,24,-5.5000,-21.0625,25.5625,3,0,1,3
4.3330,181.8125,-12.5000,21.4859,-408.2324,-3.5810,408.8132,-0.1300,0.2200,-0.1100,0.2782,1.9900,0.8400,-9.6600,24,-5.5000,-21.0625,25.5625,3,0,1,3
4.3540,181.8125,-12.3750,-196.9542,-343.7747,28.6479,397.2313,-0.1400,0.0200,-0.0400,0.1470,1.9600,0.6500,-9.6000,24,-7.0000,-21.0625,26.3750,3,0,1,3
4.3740,181.8750,-12.2500,-118.1725,-297.2219,71.6197,327.7727,-0.1400,0.0100,0.1900,0.2362,1.9300,0.6400,-9.3600,24,-7.0000,-21.0625,26.3750,3,0,1,3
4.3950,181.8750,-12.1875,32.2289,-333.0317,107.4296,351.4114,-0.1600,0.0800,0.3000,0.3493,1.9000,0.7200,-9.2600,24,-7.0000,-21.0625,26.3750,3,0,1,3
4.4160,181.9375,-12.0625,21.4859,-383.1655,143.2395,409.6279,-0.1800,0.0200,0.1600,0.2417,1.8600,0.6500,-9.4000,24,-7.0000,-20.6875,27.0625,3,0,1,3
4.4360,182.0000,-11.8750,-46.5528,-390.3275,146.8204,419.6177,-0.1100,-0.1100,0.0200,0.1568,1.9100,0.5200,-9.5400,24,-7.0000,-20.6875,27.0625,3,0,1,3
4.4550,182.0625,-11.7500,50.1338,-368.8416,150.4014,401.4700,-0.1200,-0.0400,0.0600,0.1400,1.8800,0.5800,-9.5100,24,-6.2500,-20.6875,26.3750,3,0,1,3
4.4760,182.1250,-11.6875,78.7817,-333.0317,153.9824,375.2696,-0.0700,0.0600,0.2100,0.2293,1.9100,0.6800,-9.3600,24,-6.2500,-20.6875,26.3750,3,0,1,3
4.4970,182.1875,-11.5625,-17.9049,-347.3557,189.7923,396.2293,-0.0800,-0.0800,0.1300,0.1723,1.8800,0.5300,-9.4500,24,-6.2500,-20.6875,26.3750,3,0,1,3
4.5180,182.2500,-11.4375,-96.6866,-340.1937,193.3733,403.0798,-0.1100,-0.2500,0.1300,0.3025,1.8300,0.3600,-9.4600,24,-5.0625,-20.6875,26.0000,3,0,1,3
4.5380,182.3125,-11.3125,-93.1056,-343.7747,150.4014,386.6139,-0.1500,-0.4300,0.2300,0.5102,1.7700,0.1800,-9.3500,24,-5.0625,-20.6875,26.0000,3,0,1,3
4.5590,182.3750,-11.1875,128.9155,-358.0986,85.9437,390.1797,-0.1400,-0.1100,0.3700,0.4106,1.7600,0.5000,-9.2200,24,-6.2500,-20.6875,27.1875,3,0,1,3
4.5790,182.3750,-11.0625,153.9824,-433.2994,89.5247,468.4801,-0.1300,0.1500,0.3200,0.3766,1.7600,0.7100,-9.3900,24,-6.2500,-20.6875,27.1875,3,0,1,3
4.6000,182.4375,-10.8750,-207.6972,-483.4331,118.1725,539.2684,-0.1400,-0.1800,0.0600,0.2358,1.7100,0.4200,-9.5400,24,-5.8750,-21.0625,26.0000,3,0,1,3
4.6200,182.5000,-10.7500,-322.2888,-490.5951,103.8486,596.1025,-0.1200,-0.4300,-0.2000,0.4892,1.6900,0.1900,-9.8100,24,-5.8750,-21.0625,26.0000,3,0,1,3
4.6400,182.5000,-10.5625,-64.4578,-422.5564,28.6479,428.4033,-0.1400,-0.2200,-0.1900,0.3226,1.6400,0.4100,-9.8100,24,-5.8750,-21.0625,26.0000,3,0,1,3
4.6610,182.5000,-10.4375,-60.8768,-386.7465,21.4859,392.0976,-0.1300,-0.2400,-0.1900,0.3326,1.6400,0.4000,-9.8100,24,-6.2500,-20.6875,26.0000,3,0,1,3
4.6810,182.5000,-10.3125,-153.9824,-286.4789,-28.6479,326.4988,-0.1400,-0.1300,-0.0700,0.2035,1.6000,0.5100,-9.7000,24,-6.2500,-20.6875,26.0000,3,0,1,3
4.7020,182.5625,-10.2500,-171.8873,-268.5740,-28.6479,320.1530,-0.1900,-0.0400,0.0800,0.2100,1.5300,0.6100,-9.5400,24,-4.7500,-21.0625,26.3750,3,0,1,3
4.7220,182.5625,-10.1250,-318.7078,-300.8029,-21.4859,438.7695,-0.1800,-0.0400,0.0600,0.1939,1.5300,0.6300,-9.5700,24,-4.7500,-21.0625,26.3750,3,0,1,3
4.7430,182.5625,-10.0000,-350.9367,-329.4508,0.0000,481.3464,-0.1100,-0.0900,-0.1500,0.2066,1.5800,0.6000,-9.7800,24,-4.7500,-21.0625,26.3750,3,0,1,3
4.7630,182.5625,-9.8750,-333.0317,-322.2888,-3.5810,463.4577,-0.1100,-0.2600,-0.2400,0.3705,1.5600,0.4400,-9.8700,24,-4.7500,-21.5000,26.0000,3,0,1,3
4.7830,182.5625,-9.7500,-68.0387,-268.5740,-17.9049,277.6362,-0.1100,-0.0900,-0.2400,0.2789,1.5400,0.6100,-9.8800,24,-4.7500,-21.5000,26.0000,3,0,1,3
4.8000,182.5625,-9.6875,-39.3908,-261.4120,-21.4859,265.2348,-0.0900,0.0000,-0.1600,0.1836,1.5400,0.7100,-9.8000,24,-5.0625,-21.5000,26.0000,3,0,1,3
4.8240,182.6250,-9.5625,-225.6021,-204.1162,-7.1620,304.3206,-0.1100,-0.1200,-0.1000,0.1910,1.5100,0.5900,-9.7400,24,-5.0625,-21.5000,26.0000,3,0,1,3
4.8450,182.6250,-9.5000,-139.6585,-168.3063,-3.5810,218.7335,-0.1300,-0.0400,0.1300,0.1881,1.4700,0.6800,-9.5100,24,-5.0625,-21.5000,26.0000,3,0,1,3
4.8620,182.6250,-9.4375,-71.6197,-211.2782,14.3239,223.5465,-0.1300,0.0200,0.0900,0.1594,1.4700,0.7600,-9.5400,24,-5.5000,-20.6875,25.5625,3,0,1,3
4.8830,182.6250,-9.3750,-128.9155,-229.1831,21.4859,263.8291,-0.0900,-0.1100,0.0500,0.1507,1.4900,0.6300,-9.5900,24,-5.5000,-20.6875,25.5625,3,0,1,3
4.9020,182.6250,-9.2500,-143.2395,-229.1831,35.8099,272.6257,-0.1100,-0.1700,0.0200,0.2035,1.4600,0.5800,-9.6200,24,-5.5000,-22.1875,26.3750,3,0,1,3
4.9240,182.6250,-9.1875,-114.5916,-243.5071,7.1620,269.2178,-0.1300,-0.1700,-0.0400,0.2177,1.4300,0.5800,-9.6900,24,-5.5000,-22.1875,26.3750,3,0,1,3
4.9430,182.6250,-9.0625,-121.7535,-236.3451,-10.7430,266.0796,-0.1200,-0.2600,-0.2000,0.3493,1.4200,0.5000,-9.8600,24,-5.5000,-22.1875,26.3750,3,0,1,3
4.9640,182.6250,-9.0000,-114.5916,-186.2113,-57.2958,226.0280,-0.1000,-0.2900,-0.2500,0.3957,1.4300,0.4700,-9.9000,24,-4.7500,-21.5000,25.5625,3,0,1,3
4.9850,182.6250,-8.9375,-35.8099,-118.1725,-96.6866,156.8292,-0.1200,-0.1100,-0.0200,0.1640,1.3900,0.6400,-9.6800,24,-4.7500,-21.5000,25.5625,3,0,1,3
5.0040,182.6250,-8.8750,-42.9718,-89.5247,-96.6866,138.5985,-0.1400,0.0300,0.2200,0.2625,1.3600,0.7900,-9.4300,24,-4.0000,-21.5000,26.0000,3,0,1,3
5.0260,182.5625,-8.8750,-75.2007,-107.4296,-46.5528,139.1525,-0.1400,-0.0200,0.3600,0.3868,1.3600,0.7400,-9.2900,24,-4.0000,-21.5000,26.0000,3,0,1,3
5.0460,182.5625,-8.7500,-50.1338,-186.2113,-14.3239,193.3733,-0.1600,-0.1100,0.3200,0.3743,1.3300,0.6500,-9.3300,24,-4.0000,-21.5000,26.0000,3,0,1,3
5.0660,182.5625,-8.7500,-17.9049,-257.8310,-14.3239,258.8486,-0.1100,-0.1000,0.1500,0.2112,1.3700,0.6700,-9.5000,24,-4.3750,-20.6875,26.0000,3,0,1,3
5.0870,182.5625,-8.6250,21.4859,-261.4120,-14.3239,262.6843,-0.0400,0.0000,0.0000,0.0400,1.4200,0.7800,-9.6500,24,-4.3750,-20.6875,26.0000,3,0,1,3
5.1030,182.5625,-8.5000,-64.4578,-225.6021,0.0000,234.6298,-0.0500,-0.0200,0.0500,0.0735,1.3900,0.7400,-9.6100,24,-4.7500,-21.5000,26.7500,3,0,1,3
5.1280,182.5625,-8.4375,-164.7254,-200.5352,-7.1620,259.6153,-0.1100,-0.2200,0.0000,0.2460,1.3200,0.5500,-9.6600,24,-4.7500,-21.5000,26.7500,3,0,1,3
5.1450,182.6250,-8.3750,-96.6866,-204.1162,-17.9049,226.5664,-0.1100,-0.2200,-0.0300,0.2478,1.3100,0.5600,-9.7000,24,-4.7500,-21.5000,26.7500,3,0,1,3
5.1650,182.5625,-8.3125,17.9049,-179.0493,-42.9718,185.0022,-0.0900,-0.0500,0.0000,0.1030,1.3200,0.7200,-9.6700,24,-4.0000,-21.0625,26.0000,3,0,1,3
5.1860,182.5625,-8.2500,10.7430,-182.6303,-57.2958,191.7082,-0.0900,0.0000,0.0200,0.0922,1.3100,0.7700,-9.6400,24,-4.0000,-21.0625,26.0000,3,0,1,3
5.2060,182.5625,-8.1875,-64.4578,-204.1162,-46.5528,219.0557,-0.1400,-0.0600,-0.0200,0.1536,1.2400,0.7200,-9.6900,24,-4.3750,-21.7500,25.5625,3,0,1,3
5.2260,182.5625,-8.0625,-75.2007,-211.2782,-39.3908,227.6955,-0.1200,-0.0400,-0.0700,0.1446,1.2500,0.7400,-9.7500,24,-4.3750,-21.7500,25.5625,3,0,1,3
5.2460,182.5625,-8.0000,-100.2676,-196.9542,-25.0669,222.4251,-0.0900,-0.1500,-0.0500,0.1819,1.2700,0.6300,-9.7200,24,-4.3750,-21.7500,25.5625,3,0,1,3
5.2640,182.5625,-7.9375,-64.4578,-182.6303,-25.0669,195.2869,-0.0900,-0.1700,-0.0400,0.1965,1.2600,0.6200,-9.7100,24,-4.7500,-21.5000,25.5625,3,0,1,3
5.2870,182.5625,-7.8750,35.8099,-168.3063,-42.9718,177.3583,-0.0900,-0.0100,-0.0700,0.1145,1.2500,0.7800,-9.7500,24,-4.7500,-21.5000,25.5625,3,0,1,3
5.3050,182.5625,-7.8125,-28.6479,-146.8204,-39.3908,154.6887,-0.0500,-0.0500,-0.1000,0.1225,1.2800,0.7400,-9.7800,24,-4.3750,-21.5000,26.0000,3,0,1,3
5.3290,182.5000,-7.7500,-132.4965,-103.8486,-50.1338,175.6509,-0.0800,-0.1600,-0.1100,0.2100,1.2400,0.6300,-9.7900,24,-4.3750,-21.5000,26.0000,3,0,1,3
5.3450,182.5000,-7.7500,-89.5247,-96.6866,-57.2958,143.6864,-0.1000,-0.1400,0.0800,0.1897,1.2100,0.6600,-9.5900,24,-4.3750,-21.5000,26.0000,3,0,1,3
5.3660,182.5000,-7.6875,-39.3908,-107.4296,-71.6197,134.9894,-0.1500,-0.0500,0.1200,0.1985,1.1600,0.7400,-9.5600,24,-4.3750,-21.0625,26.0000,3,0,1,3
5.3860,182.5000,-7.6250,-57.2958,-114.5916,-82.3627,152.3077,-0.1200,0.0000,0.2100,0.2419,1.1700,0.8200,-9.4600,24,-4.3750,-21.0625,26.0000,3,0,1,3
5.4060,182.4375,-7.6250,-71.6197,-171.8873,-50.1338,192.8420,-0.0800,0.0000,0.1700,0.1879,1.2100,0.8200,-9.5100,24,-4.3750,-21.5000,25.5625,3,0,1,3
5.4260,182.4375,-7.5625,-53.7148,-232.7641,-42.9718,242.7159,-0.0500,0.0100,-0.0800,0.0949,1.2200,0.8300,-9.7700,24,-4.3750,-21.5000,25.5625,3,0,1,3
5.4460,182.4375,-7.4375,-121.7535,-200.5352,-35.8099,237.3197,-0.0500,-0.0600,-0.2300,0.2429,1.2200,0.7600,-9.9200,24,-4.3750,-21.5000,25.5625,3,0,1,3
5.4680,182.4375,-7.3750,-171.8873,-107.4296,-46.5528,207.9748,-0.0700,-0.1400,-0.1800,0.2385,1.1900,0.6900,-9.8700,24,-4.0000,-21.5000,26.0000,3,0,1,3
5.4890,182.3750,-7.3750,-103.8486,-50.1338,-57.2958,128.7662,-0.0600,-0.0800,0.0000,0.1000,1.1900,0.7500,-9.6900,24,-4.0000,-21.5000,26.0000,3,0,1,3
5.5090,182.3750,-7.3125,-46.5528,-39.3908,-42.9718,74.6015,-0.1500,0.0900,0.1900,0.2583,1.1000,0.9400,-9.4900,24,-4.0000,-21.7500,24.5000,3,0,1,3
5.5330,182.3750,-7.3125,-82.3627,-68.0387,10.7430,107.3699,-0.1700,0.0100,0.1800,0.2478,1.0700,0.8600,-9.5000,24,-4.0000,-21.7500,24.5000,3,0,1,3
5.5500,182.3750,-7.2500,-78.7817,-114.5916,21.4859,140.7104,-0.0800,-0.3000,0.1300,0.3366,1.1500,0.5400,-9.5500,24,-4.0000,-21.7500,24.5000,3,0,1,3
5.5710,182.3750,-7.2500,-25.0669,-150.4014,-39.3908,157.4820,-0.0700,-0.2400,0.0000,0.2500,1.1500,0.6900,-9.7700,24,-4.3750,-21.5000,24.0000,3,0,1,3
5.5940,182.3750,-7.1875,-35.8099,-118.1725,-93.1056,154.6472,-0.1100,-0.0800,0.0600,0.1487,1.1100,0.7700,-9.6200,24,-4.3750,-21.5000,24.0000,3,0,1,3
5.6120,182.3125,-7.1250,-39.3908,-96.6866,-111.0106,152.3919,-0.1000,-0.0700,0.1400,0.1857,1.1200,0.7800,-9.5500,24,-3.6875,-20.3750,25.1875,3,0,1,3
5.6350,182.3125,-7.0625,-35.8099,-121.7535,-103.8486,163.9841,-0.1400,0.0100,0.1800,0.2283,1.0600,0.8700,-9.5000,24,-3.6875,-20.3750,25.1875,3,0,1,3
5.6520,182.2500,-7.0000,-57.2958,-171.8873,-93.1056,203.7075,-0.1300,0.0000,0.0700,0.1476,1.1000,0.8200,-9.8500,24,-3.6875,-21.5000,25.5625,3,0,1,3
5.6770,182.2500,-6.9375,-46.5528,-196.9542,-71.6197,214.6800,-0.0300,-0.0900,-0.2700,0.2862,1.1500,0.7700,-9.9600,24,-3.6875,-21.5000,25.5625,3,0,1,3
5.6970,182.2500,-6.8750,78.7817,-93.1056,-64.4578,137.9493,-0.0300,0.1200,0.0100,0.1241,1.1400,0.9800,-9.6800,24,-3.6875,-21.5000,25.5625,3,0,1,3
5.7180,182.1875,-6.8750,21.4859,-53.7148,-46.5528,74.2569,-0.1100,0.1300,0.2000,0.2627,1.0600,1.0000,-9.4900,24,-3.6875,-21.0625,25.5625,3,0,1,3
5.7380,182.1875,-6.8125,-103.8486,-78.7817,0.0000,130.3499,-0.1600,-0.1200,0.1700,0.2625,1.0100,0.7400,-9.5200,24,-3.6875,-21.0625,25.5625,3,0,1,3
5.7580,182.1875,-6.8125,-60.8768,-96.6866,7.1620,114.4796,-0.1400,-0.1900,0.2000,0.3094,1.0200,0.6700,-9.4800,24,-3.6875,-21.7500,26.3750,3,0,1,3
5.7790,182.1875,-6.7500,14.3239,-128.9155,-14.3239,130.4974,-0.0800,-0.1200,0.1600,0.2154,1.0700,0.7400,-9.5300,24,-3.6875,-21.7500,26.3750,3,0,1,3
5.8000,182.1875,-6.6875,-21.4859,-171.8873,-57.2958,182.4547,-0.0200,-0.1900,-0.0100,0.1913,1.1300,0.6700,-9.7000,24,-3.6875,-21.7500,26.3750,3,0,1,3
5.8200,182.1875,-6.6250,-42.9718,-136.0775,-85.9437,166.5832,-0.0600,-0.1100,-0.1700,0.2112,1.0700,0.7600,-9.8700,24,-3.6875,-21.7500,25.5625,3,0,1,3
5.8400,182.1250,-6.6250,28.6479,-82.3627,-93.1056,127.5656,-0.1200,0.0800,-0.0400,0.1497,1.0100,0.9600,-9.7400,24,-3.6875,-21.7500,25.5625,3,0,1,3
5.8620,182.1250,-6.5625,3.5810,-46.5528,-50.1338,68.5083,-0.1400,0.0600,0.2700,0.3100,0.9800,0.9400,-9.4200,24,-2.8750,-21.0625,26.0000,3,0,1,3
5.8850,182.1250,-6.5625,-57.2958,-71.6197,-10.7430,92.3450,-0.0900,-0.0300,0.2700,0.2862,1.0200,0.8400,-9.4200,24,-2.8750,-21.0625,26.0000,3,0,1,3
5.9020,182.1250,-6.5000,0.0000,-136.0775,10.7430,136.5009,-0.0800,0.0200,0.2400,0.2538,1.0300,0.8500,-9.5600,24,-3.6875,-22.1875,26.0000,3,0,1,3
5.9220,182.1250,-6.5000,-64.4578,-171.8873,14.3239,184.1338,-0.0600,-0.1000,0.0400,0.1233,1.0200,0.7400,-9.7100,24,-3.6875,-22.1875,26.0000,3,0,1,3
5.9460,182.1250,-6.3750,-89.5247,-175.4683,-39.3908,200.8866,-0.0500,0.0000,0.0000,0.0500,1.0300,0.8900,-9.7000,24,-3.6875,-22.1875,26.0000,3,0,1,3
5.9630,182.0625,-6.3750,-42.9718,-150.4014,-64.4578,169.1803,-0.0800,0.0500,0.0000,0.0943,1.0100,0.9500,-9.7000,24,-2.1875,-21.7500,26.0000,3,0,1,3
5.9850,182.0625,-6.3125,-57.2958,-132.4965,-75.2007,162.7675,-0.0800,0.1100,0.0500,0.1449,0.9900,1.0000,-9.6500,24,-2.1875,-21.7500,26.0000,3,0,1,3
6.0040,182.0625,-6.2500,-28.6479,-107.4296,-50.1338,121.9640,-0.0800,0.1900,0.1400,0.2492,0.9500,1.1700,-9.4900,24,-3.2500,-22.1875,26.0000,3,0,1,3
6.0250,182.0625,-6.1875,-60.8768,-111.0106,-10.7430,127.0620,-0.0700,0.1500,0.1900,0.2520,0.9800,1.0600,-9.5100,24,-3.2500,-22.1875,26.0000,3,0,1,3
6.0450,182.0625,-6.1875,-146.8204,-139.6585,57.2958,210.5790,-0.0800,0.0700,0.1700,0.2005,0.9600,0.9900,-9.5300,24,-3.2500,-22.1875,26.0000,3,0,1,3
6.0650,182.0625,-6.1250,-111.0106,-157.5634,57.2958,201.0780,-0.0900,0.0000,0.0500,0.1030,0.9400,0.9200,-9.6400,24,-4.0000,-21.5000,24.5000,3,0,1,3
6.0860,182.1250,-6.0625,14.3239,-179.0493,96.6866,203.9905,-0.0500,-0.0400,0.0000,0.0640,0.9700,0.8700,-9.7100,24,-4.0000,-21.5000,24.5000,3,0,1,3
6.1070,182.1250,-6.0000,-7.1620,-171.8873,107.4296,202.8242,-0.0600,-0.0100,-0.0300,0.0678,0.9600,0.9000,-9.7400,24,-3.2500,-23.2500,24.7500,3,0,1,3
6.1270,182.1875,-5.9375,-60.8768,-128.9155,89.5247,168.3444,-0.0500,0.0000,-0.0200,0.0539,0.9600,0.9100,-9.7300,24,-3.2500,-23.2500,24.7500,3,0,1,3
6.1470,182.1875,-5.8750,-3.5810,-107.4296,103.8486,149.4606,-0.0500,0.1200,0.1300,0.1838,0.9500,1.0500,-9.5700,24,-3.2500,-23.2500,24.7500,3,0,1,3
6.1650,182.2500,-5.8750,3.5810,-107.4296,111.0106,154.5228,-0.1400,0.0700,0.2500,0.2950,0.8600,0.9900,-9.4500,24,-2.8750,-21.5000,25.1875,3,0,1,3
6.1880,182.3125,-5.8125,-100.2676,-171.8873,168.3063,260.6260,-0.1200,-0.2200,0.0500,0.2555,0.8600,0.7000,-9.6500,24,-2.8750,-21.5000,25.1875,3,0,1,3
6.2090,182.3750,-5.7500,-78.7817,-204.1162,139.6585,259.5659,-0.1000,-0.2000,-0.0500,0.2291,0.8800,0.7200,-9.7600,24,-3.6875,-22.1875,24.7500,3,0,1,3
6.2300,182.4375,-5.6875,-53.7148,-186.2113,107.4296,221.5875,-0.1000,-0.2100,-0.1300,0.2665,0.8600,0.7200,-9.8400,24,-3.6875,-22.1875,24.7500,3,0,1,3
6.2490,182.4375,-5.6250,-28.6479,-143.2395,78.7817,165.9663,-0.0800,-0.2000,-0.0500,0.2211,0.8800,0.7200,-9.7600,24,-3.6875,-22.1875,24.7500,3,0,1,3
6.2670,182.5000,-5.5625,-10.7430,-114.5916,60.8768,130.2022,-0.0900,-0.0100,0.0200,0.0927,0.8600,0.9100,-9.6900,24,-4.0000,-23.0000,24.7500,3,0,1,3
6.2880,182.5000,-5.5000,-139.6585,-114.5916,64.4578,191.8085,-0.1300,0.0300,0.0600,0.1463,0.8100,0.9700,-9.6500,24,-4.0000,-23.0000,24.7500,3,0,1,3
6.3080,182.5000,-5.5000,-318.7078,-114.5916,85.9437,349.4169,-0.0900,0.0000,0.0500,0.1030,0.8400,0.9400,-9.6500,24,-3.2500,-22.1875,26.3750,3,0,1,3
6.3280,182.5625,-5.4375,-336.6127,-128.9155,96.6866,373.1965,-0.0800,-0.2900,0.0100,0.3010,0.8500,0.6600,-9.7000,24,-3.2500,-22.1875,26.3750,3,0,1,3
6.3490,182.6250,-5.3750,-96.6866,-132.4965,60.8768,174.9560,-0.0800,-0.2800,0.0000,0.2912,0.8400,0.6800,-9.7000,24,-3.2500,-22.1875,26.3750,3,0,1,3
6.3680,182.6250,-5.3750,114.5916,-132.4965,17.9049,176.0884,-0.0500,0.0600,0.0000,0.0781,0.8600,1.0300,-9.7100,24,-2.8750,-21.5000,26.0000,3,0,1,3
6.3890,182.6250,-5.3125,-25.0669,-85.9437,28.6479,93.9966,0.0000,0.0500,-0.0400,0.0640,0.9000,1.0100,-9.7500,24,-2.8750,-21.5000,26.0000,3,0,1,3
6.4110,182.6250,-5.2500,-32.2289,-71.6197,53.7148,95.1492,-0.0800,0.0000,0.0800,0.1131,0.8100,0.9500,-9.6200,24,-4.3750,-21.5000,25.1875,3,0,1,3
6.4350,182.6875,-5.2500,82.3627,-75.2007,60.8768,127.0620,-0.0700,-0.0500,0.0700,0.1109,0.8200,0.9000,-9.6400,24,-4.3750,-21.5000,25.1875,3,0,1,3
6.4510,182.6875,-5.2500,153.9824,-89.5247,60.8768,188.2318,-0.0600,0.0600,0.2800,0.2926,0.8200,1.0100,-9.4300,24,-4.3750,-21.5000,25.1875,3,0,1,3
6.4720,182.6875,-5.1875,139.6585,-111.0106,75.2007,193.6052,-0.0900,0.1700,0.3400,0.3906,0.7900,1.1200,-9.3700,24,-2.5625,-21.7500,26.0000,3,0,1,3
6.4920,182.7500,-5.1250,-107.4296,-207.6972,114.5916,260.4044,-0.0800,0.0800,0.1500,0.1879,0.7900,1.0300,-9.5700,24,-2.5625,-21.7500,26.0000,3,0,1,3
6.5130,182.8125,-5.0625,-68.0387,-207.6972,107.4296,243.5334,-0.0700,-0.1100,0.0300,0.1338,0.7900,0.8300,-9.6900,24,-3.2500,-21.0625,25.1875,3,0,1,3
6.5330,182.8125,-5.0000,114.5916,-161.1444,89.5247,217.0562,-0.0400,-0.1400,-0.0700,0.1616,0.8100,0.8000,-9.7900,24,-3.2500,-21.0625,25.1875,3,0,1,3
6.5530,182.8750,-4.9375,118.1725,-132.4965,57.2958,186.5553,-0.0600,0.0100,0.0000,0.0608,0.7900,0.9500,-9.7200,24,-3.2500,-21.0625,25.1875,3,0,1,3
6.5730,182.8750,-4.9375,53.7148,-128.9155,75.2007,158.6179,-0.0800,0.0700,0.1300,0.1679,0.7600,1.0100,-9.5900,24,-3.2500,-22.5625,26.0000,3,0,1,3
6.5940,182.8750,-4.8750,35.8099,-150.4014,93.1056,180.4760,-0.0400,0.0500,0.1400,0.1539,0.7900,0.9900,-9.5800,24,-3.2500,-22.5625,26.0000,3,0,1,3
6.6150,182.9375,-4.8125,42.9718,-186.2113,132.4965,232.5436,-0.0500,0.1400,0.1100,0.1849,0.7700,1.0800,-9.6000,24,-3.6875,-21.5000,25.5625,3,0,1,3
6.6350,183.0000,-4.7500,-17.9049,-171.8873,171.8873,243.7439,-0.0300,-0.0100,-0.0800,0.0860,0.7800,0.9200,-9.8100,24,-3.6875,-21.5000,25.5625,3,0,1,3
6.6510,183.0625,-4.6875,25.0669,-143.2395,168.3063,222.4251,-0.0400,-0.2000,-0.1200,0.2366,0.7600,0.7200,-9.8500,24,-3.6875,-21.5000,25.5625,3,0,1,3
6.6760,183.1250,-4.6875,68.0387,-111.0106,150.4014,198.9302,-0.0600,-0.1800,-0.0700,0.2022,0.7400,0.7400,-9.8000,24,-3.2500,-22.1875,25.5625,3,0,1,3
6.6970,183.1875,-4.6250,7.1620,-93.1056,125.3345,156.2968,-0.0300,-0.1900,0.0000,0.1924,0.7500,0.7300,-9.7100,24,-3.2500,-22.1875,25.5625,3,0,1,3
6.7160,183.1875,-4.6250,21.4859,-103.8486,96.6866,143.5078,-0.0500,-0.2400,0.0300,0.2470,0.7400,0.6700,-9.7000,24,-3.2500,-21.7500,25.1875,3,0,1,3
6.7370,183.2500,-4.5625,157.5634,-125.3345,71.6197,213.6922,-0.0200,-0.1600,-0.0600,0.1720,0.7500,0.7400,-9.8000,24,-3.2500,-21.7500,25.1875,3,0,1,3
6.7540,183.2500,-4.5000,139.6585,-125.3345,50.1338,194.2334,0.0000,-0.0900,-0.0500,0.1030,0.7400,0.8600,-9.6700,24,-3.2500,-22.1875,25.1875,3,0,1,3
6.7750,183.2500,-4.5000,21.4859,-85.9437,50.1338,101.7908,-0.0300,-0.0800,0.0200,0.0877,0.7400,0.7400,-9.6800,24,-3.2500,-22.1875,25.1875,3,0,1,3
6.7990,183.3125,-4.4375,17.9049,-114.5916,50.1338,126.3535,-0.0100,-0.1800,0.0100,0.1806,0.7500,0.7100,-9.7100,24,-3.2500,-22.1875,25.1875,3,0,1,3
6.8160,183.3125,-4.4375,14.3239,-118.1725,35.8099,124.3072,-0.0200,-0.0600,-0.0600,0.0872,0.7500,0.8100,-9.8600,24,-2.8750,-21.5000,25.5625,3,0,1,3
6.8400,183.3125,-4.3750,10.7430,-75.2007,35.8099,83.9816,-0.0100,-0.1000,-0.1300,0.1643,0.7400,0.7800,-9.8700,24,-2.8750,-21.5000,25.5625,3,0,1,3
6.8560,183.3125,-4.3750,143.2395,-50.1338,57.2958,162.2151,-0.0200,-0.0800,-0.0300,0.0877,0.7300,0.9000,-9.6900,24,-2.8750,-20.6875,26.0000,3,0,1,3
6.8770,183.3125,-4.3750,136.0775,-17.9049,68.0387,153.1892,-0.0400,0.0800,0.1300,0.1578,0.7000,0.9600,-9.6000,24,-2.8750,-20.6875,26.0000,3,0,1,3
6.9010,183.3750,-4.3750,-28.6479,-53.7148,114.5916,129.7583,-0.0600,-0.1200,0.1400,0.1939,0.6800,0.7500,-9.5800,24,-2.8750,-20.6875,26.0000,3,0,1,3
6.9180,183.4375,-4.3750,-68.0387,-57.2958,96.6866,131.3788,-0.0300,-0.1600,0.1400,0.2147,0.7100,0.7100,-9.5900,24,-3.2500,-21.5000,24.7500,3,0,1,3
6.9380,183.4375,-4.3125,-39.3908,-68.0387,32.2289,84.9683,0.0000,-0.2900,0.1300,0.3178,0.7400,0.5800,-9.5900,24,-3.2500,-21.5000,24.7500,3,0,1,3
6.9590,183.4375,-4.3125,-10.7430,-75.2007,3.5810,76.0485,-0.0100,-0.1400,0.1800,0.2283,0.7200,0.7300,-9.5500,24,-4.0000,-22.5625,25.1875,3,0,1,3
6.9790,183.4375,-4.3125,14.3239,-89.5247,-17.9049,92.4144,-0.0200,-0.0200,0.1500,0.1526,0.7000,0.8500,-9.5800,24,-4.0000,-22.5625,25.1875,3,0,1,3
7.0000,183.4375,-4.2500,14.3239,-107.4296,3.5810,108.4395,0.0000,0.0500,0.0900,0.1030,0.7200,0.9300,-9.6400,24,-4.0000,-22.5625,25.1875,3,0,1,3
7.0200,183.4375,-4.1875,21.4859,-103.8486,21.4859,108.2027,0.0000,0.1000,0.0500,0.1118,0.7200,0.9800,-9.6900,24,-3.2500,-22.1875,25.5625,3,0,1,3
7.0410,183.5000,-4.1875,10.7430,-82.3627,111.0106,138.6448,-0.0200,0.0600,0.0100,0.0640,0.6900,0.9400,-9.7200,24,-3.2500,-22.1875,25.5625,3,0,1,3
7.0610,183.5000,-4.1875,-14.3239,-71.6197,143.2395,160.7859,-0.0100,-0.0300,0.0200,0.0374,0.7000,0.8400,-9.7100,24,-3.6875,-21.7500,25.5625,3,0,1,3
7.0810,183.5625,-4.1250,-25.0669,-75.2007,143.2395,163.7102,0.0000,-0.1600,0.0700,0.1746,0.7000,0.7000,-9.6700,24,-3.6875,-21.7500,25.5625,3,0,1,3
7.1020,183.6250,-4.1250,-21.4859,-78.7817,114.5916,140.7104,-0.0500,-0.2400,0.1300,0.2775,0.6500,0.6300,-9.6000,24,-3.6875,-21.7500,25.5625,3,0,1,3
7.1180,183.6250,-4.0625,-3.5810,-93.1056,96.6866,134.2751,-0.0600,-0.2500,0.1800,0.3138,0.6400,0.6100,-9.5600,24,-2.5625,-21.5000,25.5625,3,0,1,3
7.1390,183.6875,-4.0625,28.6479,-128.9155,60.8768,145.4163,-0.0100,-0.2000,0.0500,0.2064,0.6700,0.6500,-9.6800,24,-2.5625,-21.5000,25.5625,3,0,1,3
7.1590,183.6875,-4.0000,25.0669,-128.9155,21.4859,133.0759,0.0100,-0.1800,-0.0300,0.1828,0.7000,0.6800,-9.7700,24,-2.5625,-21.7500,26.0000,3,0,1,3
7.1800,183.6875,-4.0000,-14.3239,-107.4296,0.0000,108.3803,-0.0200,-0.0200,0.0600,0.0663,0.6600,0.8300,-9.6700,24,-2.5625,-21.7500,26.0000,3,0,1,3
7.2000,183.6875,-3.9375,-71.6197,-128.9155,14.3239,148.1680,0.0200,0.0400,0.1500,0.1565,0.7000,0.9000,-9.5800,24,-2.5625,-21.7500,26.0000,3,0,1,3
7.2210,183.6875,-3.8750,-85.9437,-139.6585,39.3908,168.6489,-0.0200,-0.1400,0.0300,0.1446,0.6400,0.7200,-9.7000,24,-3.2500,-21.5000,25.5625,3,0,1,3
7.2420,183.7500,-3.8750,7.1620,-125.3345,17.9049,126.8094,-0.0300,-0.1900,-0.1200,0.2267,0.6200,0.6700,-9.8700,24,-3.2500,-21.5000,25.5625,3,0,1,3
7.2580,183.7500,-3.8125,42.9718,-111.0106,21.4859,120.9610,0.0300,-0.0500,-0.0900,0.1072,0.6800,0.8100,-9.8400,24,-2.8750,-22.5625,26.3750,3,0,1,3
7.2820,183.7500,-3.7500,7.1620,-53.7148,46.5528,71.4405,0.0000,-0.0500,0.0000,0.0500,0.6500,0.8100,-9.7400,24,-2.8750,-22.5625,26.3750,3,0,1,3
7.3030,183.7500,-3.7500,-39.3908,-53.7148,50.1338,83.3686,-0.0100,-0.1500,0.0200,0.1517,0.6300,0.7100,-9.7100,24,-2.8750,-22.5625,26.3750,3,0,1,3
7.3230,183.7500,-3.7500,-50.1338,-50.1338,46.5528,84.8172,-0.0100,-0.1800,-0.0200,0.1814,0.6200,0.6800,-9.7700,24,-2.5625,-23.0000,26.0000,3,0,1,3
7.3440,183.7500,-3.7500,-32.2289,-42.9718,28.6479,60.8768,-0.0100,-0.2200,0.0600,0.2283,0.6200,0.6400,-9.6800,24,-2.5625,-23.0000,26.0000,3,0,1,3
7.3640,183.8125,-3.6875,25.0669,-35.8099,0.0000,43.7115,-0.0100,-0.2300,0.0200,0.2311,0.6200,0.6300,-9.7100,24,-2.5625,-21.5000,25.1875,3,0,1,3
7.3840,183.7500,-3.6875,50.1338,-21.4859,-25.0669,60.0283,-0.0100,0.0100,0.1000,0.1010,0.6200,0.8700,-9.6400,24,-2.5625,-21.5000,25.1875,3,0,1,3
7.4050,183.8125,-3.6875,-57.2958,-35.8099,0.0000,67.5659,0.0300,0.0800,0.1700,0.1903,0.6700,0.9400,-9.5700,24,-2.5625,-21.5000,25.1875,3,0,1,3
7.4260,183.8125,-3.6875,-82.3627,-64.4578,39.3908,111.7589,0.0000,-0.0500,0.1300,0.1393,0.6300,0.8000,-9.6000,24,-2.1875,-22.1875,25.1875,3,0,1,3
7.4470,183.8125,-3.6875,0.0000,-75.2007,50.1338,90.3800,0.0300,-0.1600,0.0700,0.1772,0.6700,0.7000,-9.6700,24,-2.1875,-22.1875,25.1875,3,0,1,3
7.4660,183.8125,-3.6250,7.1620,-78.7817,39.3908,88.3713,0.0300,-0.0700,0.0000,0.0762,0.6600,0.7900,-9.7400,24,-3.2500,-21.7500,24.0625,3,0,1,3
7.4860,183.8125,-3.6250,-78.7817,-46.5528,7.1620,91.7879,0.0100,-0.1300,0.0000,0.1304,0.6300,0.7300,-9.7500,24,-3.2500,-21.7500,24.0625,3,0,1,3
7.5040,183.8125,-3.6250,10.7430,-32.2289,14.3239,36.8685,0.0000,0.0800,0.1400,0.1612,0.6200,0.9500,-9.5900,24,-3.2500,-21.7500,24.0625,3,0,1,3
7.5280,183.8750,-3.6250,42.9718,-53.7148,71.6197,99.3038,0.0100,0.1300,0.2200,0.2557,0.6300,1.0000,-9.5200,24,-2.8750,-20.6875,26.3750,3,0,1,3
7.5480,183.8750,-3.5625,-7.1620,-78.7817,128.9155,151.2516,-0.0200,-0.1000,0.0300,0.1063,0.6000,0.6300,-9.7700,24,-2.8750,-20.6875,26.3750,3,0,1,3
7.5690,183.9375,-3.5625,-14.3239,-68.0387,107.4296,127.9670,-0.0300,-0.2800,-0.0600,0.2879,0.5800,0.5800,-9.8100,24,-2.5625,-21.7500,25.1875,3,0,1,3
7.5890,183.9375,-3.5625,-25.0669,-53.7148,50.1338,77.6339,-0.0100,-0.2300,0.0000,0.2302,0.6200,0.6200,-9.7000,24,-2.5625,-21.7500,25.1875,3,0,1,3
7.6090,183.9375,-3.5625,-71.6197,-42.9718,14.3239,84.7416,0.0000,-0.2800,0.0800,0.2912,0.6100,0.6200,-9.6100,24,-1.7500,-21.0625,26.0000,3,0,1,3
7.6300,183.9375,-3.5000,-7.1620,-50.1338,-14.3239,52.6295,0.0100,-0.0200,0.1100,0.1122,0.6100,0.8400,-9.6300,24,-1.7500,-21.0625,26.0000,3,0,1,3
7.6510,183.9375,-3.5000,-68.0387,-78.7817,0.0000,104.0953,-0.0100,0.0000,0.0000,0.0100,0.5800,0.8700,-9.7400,24,-1.7500,-21.0625,26.0000,3,0,1,3
7.6710,183.9375,-3.5000,-78.7817,-64.4578,7.1620,102.0424,0.0000,-0.0400,-0.0900,0.0985,0.5900,0.7900,-9.8600,24,-1.7500,-22.1875,24.7500,3,0,1,3
7.6920,183.9375,-3.4375,-14.3239,-32.2289,28.6479,45.4376,0.0000,0.0100,0.0000,0.0100,0.5900,0.8800,-9.7400,24,-1.7500,-22.1875,24.7500,3,0,1,3
7.7090,184.0000,-3.4375,10.7430,-17.9049,60.8768,64.3582,0.0200,0.0400,0.1200,0.1281,0.5900,0.8600,-9.5800,24,-3.2500,-21.5000,25.5625,3,0,1,3
7.7320,184.0000,-3.4375,-78.7817,-39.3908,89.5247,125.5900,-0.0800,-0.1400,0.1100,0.1952,0.5100,0.7300,-9.6300,24,-3.2500,-21.5000,25.5625,3,0,1,3
7.7530,184.0625,-3.4375,-75.2007,-71.6197,53.7148,116.9180,0.0000,-0.3200,-0.0300,0.3214,0.5800,0.5500,-9.7800,24,-3.2500,-21.5000,25.5625,3,0,1,3
7.7740,184.0625,-3.4375,7.1620,-10.7430,0.0000,12.9114,0.0500,-0.2600,-0.0300,0.2665,0.6400,0.6100,-9.7800,24,-2.1875,-21.5000,25.1875,3,0,1,3
7.7940,184.0625,-3.4375,-35.8099,10.7430,-14.3239,40.0366,0.0000,-0.1200,0.1100,0.1628,0.5900,0.7400,-9.6300,24,-2.1875,-21.5000,25.1875,3,0,1,3
7.8140,184.0625,-3.4375,-103.8486,-3.5810,-14.3239,104.8930,-0.0800,-0.0800,0.2500,0.2744,0.5000,0.7900,-9.4900,24,-2.8750,-21.7500,25.5625,3,0,1,3
7.8350,184.0625,-3.4375,-103.8486,-57.2958,-21.4859,120.5362,-0.0300,-0.1500,0.1600,0.2214,0.5500,0.7300,-9.5800,24,-2.8750,-21.7500,25.5625,3,0,1,3
7.8560,184.0625,-3.3750,-64.4578,-85.9437,-21.4859,109.5571,0.0000,-0.1100,0.1500,0.1860,0.5700,0.7700,-9.5900,24,-2.8750,-21.7500,25.5625,3,0,1,3
7.8720,184.0625,-3.3750,-3.5810,-100.2676,-21.4859,102.6063,-0.0100,-0.1000,0.0500,0.1122,0.5600,0.7800,-9.6900,24,-3.2500,-21.7500,26.3750,3,0,1,3
7.8920,184.0625,-3.3125,3.5810,-100.2676,-32.2289,105.3808,-0.0100,0.0000,-0.0300,0.0316,0.5600,0.8900,-9.7800,24,-3.2500,-21.7500,26.3750,3,0,1,3
7.9130,184.0625,-3.3125,-100.2676,-93.1056,-17.9049,137.9958,-0.0100,-0.0300,-0.0900,0.0954,0.5500,0.8500,-9.8400,24,-2.1875,-21.0625,26.3750,3,0,1,3
7.9340,184.0625,-3.2500,-132.4965,-46.5528,-17.9049,141.5736,0.0200,-0.1600,-0.1400,0.2135,0.5800,0.7300,-9.8900,24,-2.1875,-21.0625,26.3750,3,0,1,3
7.9540,184.0625,-3.2500,-57.2958,7.1620,-28.6479,64.4578,-0.0100,-0.0300,-0.0300,0.0436,0.5400,0.8600,-9.7800,24,-2.1875,-21.0625,26.3750,3,0,1,3
7.9750,184.0625,-3.2500,-53.7148,32.2289,-17.9049,65.1503,0.0000,0.0100,0.1600,0.1603,0.5600,0.9200,-9.5800,24,-2.5625,-21.7500,25.5625,3,0,1,3
7.9990,184.0625,-3.2500,-75.2007,-14.3239,10.7430,77.3029,-0.0300,-0.0100,0.2200,0.2223,0.5300,0.8900,-9.5200,24,-2.5625,-21.7500,25.5625,3,0,1,3
8.0200,184.0625,-3.2500,-60.8768,-53.7148,7.1620,81.5019,-0.0300,-0.1000,0.1700,0.1995,0.5200,0.8100,-9.5700,24,-2.1875,-22.1875,25.1875,3,0,1,3
8.0400,184.0625,-3.2500,-14.3239,-82.3627,-17.9049,85.4949,-0.0200,-0.1000,0.0900,0.1360,0.5700,0.8600,-9.6900,24,-2.1875,-22.1875,25.1875,3,0,1,3
8.0610,184.0625,-3.1875,10.7430,-71.6197,-42.9718,84.2103,0.0000,0.0000,0.0200,0.0200,0.5500,0.9300,-9.7100,24,-1.7500,-21.0625,26.0000,3,0,1,3
8.0800,184.0625,-3.1875,-7.1620,-60.8768,-35.8099,70.9903,-0.0200,0.0200,0.0700,0.0755,0.5200,0.9300,-9.6700,24,-1.7500,-21.0625,26.0000,3,0,1,3
8.1020,184.0625,-3.1250,-64.4578,-75.2007,-35.8099,105.3200,-0.0100,-0.0200,0.0400,0.0458,0.5200,0.8900,-9.7000,24,-1.7500,-21.0625,26.0000,3,0,1,3
8.1210,184.0625,-3.1250,-53.7148,-78.7817,-32.2289,100.6506,0.0300,-0.1100,-0.0500,0.1245,0.5500,0.8600,-9.8300,24,-1.7500,-21.5000,24.5000,3,0,1,3
8.1430,184.0000,-3.0625,53.7148,-75.2007,-35.8099,99.1099,0.0000,0.0700,-0.0300,0.0762,0.5400,0.9800,-9.7800,24,-1.7500,-21.5000,24.5000,3,0,1,3
8.1630,184.0625,-3.0625,14.3239,-39.3908,-17.9049,45.5785,-0.0100,0.1100,-0.0300,0.1145,0.5100,1.0300,-9.7800,24,-2.5625,-21.5000,25.1875,3,0,1,3
8.1830,184.0625,-3.0625,-153.9824,-14.3239,28.6479,157.2783,-0.0200,-0.0200,-0.0300,0.0412,0.5000,0.9000,-9.7800,24,-2.5625,-21.5000,25.1875,3,0,3,3
8.2040,184.0625,-3.0625,-68.0387,-3.5810,21.4859,71.4405,-0.0100,-0.1100,0.0400,0.1175,0.5100,0.8200,-9.7000,24,-2.5625,-21.5000,25.1875,3,0,3,3
8.2250,184.0625,-3.0625,42.9718,-3.5810,25.0669,49.8774,0.0000,-0.0300,0.0100,0.0316,0.5200,0.8900,-9.7300,24,-2.1875,-21.5000,25.1875,3,0,3,3
8.2440,184.0625,-3.0625,25.0669,-3.5810,39.3908,46.8275,-0.0200,-0.0300,0.0100,0.0374,0.5000,0.8900,-9.7200,24,-2.1875,-21.5000,25.1875,3,0,3,3
8.2650,184.0625,-3.0625,-50.1338,0.0000,25.0669,56.0513,-0.0200,-0.0300,0.0800,0.0877,0.5000,0.8900,-9.6600,24,-2.5625,-21.7500,25.1875,3,0,3,3
8.2900,184.0625,-3.0625,-32.2289,0.0000,17.9049,36.8685,0.0200,-0.1200,0.0400,0.1281,0.5600,0.8000,-9.7000,24,-2.5625,-21.7500,25.1875,3,0,3,3
8.3070,184.0625,-3.0625,21.4859,0.0000,7.1620,22.6481,0.0300,-0.0500,0.0700,0.0911,0.5700,0.8700,-9.6700,24,-2.5625,-21.7500,25.1875,3,0,3,3
8.3260,184.0625,-3.0625,-21.4859,-3.5810,7.1620,22.9295,0.0000,-0.0200,0.0800,0.0825,0.5200,0.9000,-9.6600,24,-2.1875,-22.1875,25.5625,3,0,3,3
8.3510,184.0625,-3.0625,-25.0669,0.0000,0.0000,25.0669,-0.0400,-0.1000,0.1600,0.1929,0.4800,0.8300,-9.5800,24,-2.1875,-22.1875,25.5625,3,0,3,3
8.3720,184.0625,-3.0625,68.0387,-25.0669,3.5810,72.5978,0.0100,-0.1000,0.1700,0.1975,0.5400,0.8900,-9.5600,24,-2.1875,-21.7500,25.5625,3,0,3,3
8.3920,184.0625,-3.0625,100.2676,-57.2958,-7.1620,115.7052,-0.0100,0.0700,0.1600,0.1749,0.5100,0.9900,-9.5800,24,-2.1875,-21.7500,25.5625,3,0,3,3
8.4120,184.0625,-3.0000,-53.7148,-96.6866,25.0669,113.4105,0.0000,-0.0400,0.0100,0.0412,0.5300,0.8800,-9.7200,24,-2.5625,-22.1875,25.5625,3,0,3,3
8.4330,184.0625,-3.0000,-121.7535,-85.9437,3.5810,149.0740,0.0400,-0.2500,-0.2800,0.3775,0.5600,0.6800,-10.0300,24,-2.5625,-22.1875,25.5625,3,0,3,3
8.4540,184.0625,-3.0000,-7.1620,28.6479,-21.4859,36.5190,0.0100,-0.0300,-0.0900,0.0954,0.5300,0.8900,-9.8400,24,-2.5625,-22.1875,25.5625,3,0,3,3
8.4780,184.0625,-3.0000,-64.4578,53.7148,-14.3239,85.1191,0.0000,-0.0500,0.1000,0.1118,0.5100,0.8800,-9.6400,24,-2.8750,-21.0625,25.1875,3,0,3,3
8.4980,184.0625,-3.0000,-21.4859,14.3239,-3.5810,26.0700,-0.0500,-0.0300,0.2900,0.2958,0.4600,0.8900,-9.4500,24,-2.8750,-21.0625,25.1875,3,0,3,3
8.5190,184.0625,-3.0000,3.5810,-39.3908,10.7430,40.9863,-0.0100,-0.0100,0.2100,0.2105,0.5000,0.9200,-9.5300,24,-2.5625,-22.1875,24.5000,3,0,3,3
8.5440,184.0625,-3.0000,14.3239,-78.7817,0.0000,80.0733,0.0100,-0.1700,-0.1800,0.2478,0.5300,0.7600,-9.9300,24,-2.5625,-22.1875,24.5000,3,0,3,3
8.5640,184.0625,-2.9375,21.4859,-64.4578,-7.1620,68.3209,0.0200,-0.1100,-0.1200,0.1640,0.5300,0.8200,-9.8700,24,-1.3750,-21.0625,25.1875,3,0,3,3
8.5840,184.0625,-2.9375,7.1620,25.0669,-39.3908,47.2365,0.0100,-0.0200,0.0600,0.0640,0.5200,0.9100,-9.6800,24,-1.3750,-21.0625,25.1875,3,0,3,3
8.6050,184.0625,-3.0000,-71.6197,32.2289,-21.4859,81.4232,-0.0500,-0.1000,0.2300,0.2557,0.4500,0.8400,-9.5000,24,-1.3750,-21.0625,25.1875,3,0,3,3
8.6260,184.0625,-3.0000,-3.5810,-21.4859,10.7430,24.2874,-0.0100,-0.1000,0.2000,0.2238,0.4900,0.8400,-9.5400,24,-2.8750,-21.5000,24.7500,3,0,3,3
8.6460,184.0625,-2.9375,28.6479,-42.9718,-10.7430,52.7512,0.0200,-0.0700,0.1100,0.1319,0.5300,0.8600,-9.6300,24,-2.8750,-21.5000,24.7500,3,0,3,3
8.6670,184.0625,-2.9375,3.5810,-42.9718,-17.9049,46.6903,0.0300,-0.0700,0.1100,0.1338,0.5400,0.8600,-9.6300,24,-1.7500,-22.1875,25.5625,3,0,3,3
8.6910,184.0625,-2.9375,17.9049,-68.0387,-21.4859,73.5629,0.0100,-0.0100,0.0800,0.0812,0.5100,0.9200,-9.6600,24,-1.7500,-22.1875,25.5625,3,0,3,3
8.7080,184.0625,-2.9375,-17.9049,-57.2958,-14.3239,61.7136,0.0200,-0.0800,-0.0300,0.0877,0.5200,0.8500,-9.7800,24,-1.7500,-22.1875,25.5625,3,0,3,3
8.7320,184.0625,-2.8750,-3.5810,-35.8099,-25.0669,43.8579,0.0000,-0.1100,-0.0500,0.1208,0.5000,0.8200,-9.8000,24,-2.5625,-21.7500,26.0000,3,0,3,3
8.7530,184.0625,-2.8750,7.1620,-10.7430,-28.6479,31.4230,0.0100,-0.0100,0.0600,0.0616,0.5100,0.9200,-9.6800,24,-2.5625,-21.7500,26.0000,3,0,3,3
8.7730,184.0625,-2.8750,-25.0669,3.5810,-7.1620,26.3148,-0.0100,0.0200,0.1700,0.1715,0.4500,0.9700,-9.6100,24,-2.5625,-21.7500,26.0000,3,0,3,3
8.7930,184.0625,-2.8750,-53.7148,-42.9718,3.5810,68.8816,0.0100,0.0000,0.1000,0.1005,0.5100,0.9300,-9.6400,24,-2.5625,-21.7500,26.0000,3,0,3,3
8.8140,184.0625,-2.8750,-57.2958,-39.3908,25.0669,73.9107,0.0300,-0.1400,0.0900,0.1691,0.5300,0.8000,-9.6500,24,-2.5625,-21.5000,25.1875,3,0,3,3
8.8340,184.0625,-2.8750,35.8099,-68.0387,14.3239,78.2099,0.0700,-0.2000,-0.0700,0.2232,0.5600,0.7400,-9.8200,24,-2.5625,-21.5000,25.1875,3,0,3,3
8.8550,184.0625,-2.8125,71.6197,-25.0669,-28.6479,81.1076,-0.0200,-0.0700,0.0000,0.0728,0.4600,0.8600,-9.7400,24,-2.5625,-21.5000,25.1875,3,0,3,3
8.8760,184.0625,-2.8125,10.7430,-17.9049,-42.9718,47.7763,-0.0200,-0.0100,0.1600,0.1616,0.4600,0.9200,-9.5800,24,-2.8750,-21.7500,24.7500,3,0,3,3
8.8990,184.0000,-2.8125,-25.0669,-50.1338,-28.6479,62.9480,0.0000,0.0300,0.2300,0.2319,0.4700,0.9700,-9.5100,24,-2.8750,-21.7500,24.7500,3,0,3,3
8.9170,184.0000,-2.8125,-21.4859,-103.8486,0.0000,106.0480,0.0000,0.0700,0.1000,0.1221,0.4800,1.0100,-9.6400,24,-2.1875,-21.7500,24.7500,3,0,3,3
8.9400,184.0000,-2.7500,-64.4578,-111.0106,25.0669,130.7918,0.0200,-0.0200,-0.1600,0.1625,0.4900,0.9100,-9.9100,24,-2.1875,-21.7500,24.7500,3,0,3,3
8.9580,184.0625,-2.7500,-32.2289,-57.2958,25.0669,70.3552,0.0200,-0.1400,-0.1800,0.2289,0.4900,0.8000,-9.9300,24,-2.1875,-21.7500,24.7500,3,0,3,3
8.9820,184.0625,-2.7500,71.6197,-14.3239,17.9049,75.2007,0.0200,-0.1300,-0.1500,0.1995,0.4900,0.8000,-9.9000,24,-2.5625,-21.5000,24.7500,3,0,3,3
9.0030,184.0000,-2.7500,64.4578,32.2289,-7.1620,72.4210,0.0100,0.0500,0.0000,0.0510,0.4800,0.9900,-9.7400,24,-2.5625,-21.5000,24.7500,3,0,3,3
9.0190,184.0625,-2.7500,-78.7817,14.3239,10.7430,80.7907,-0.0400,-0.0500,0.1600,0.1723,0.4300,0.8800,-9.5800,24,-2.5625,-22.1875,24.5000,3,0,3,3
9.0440,184.0625,-2.7500,-82.3627,-35.8099,3.5810,89.8820,-0.0400,-0.1300,0.1600,0.2100,0.4300,0.8100,-9.5800,24,-2.5625,-22.1875,24.5000,3,0,3,3
9.0590,184.0625,-2.6875,25.0669,-60.8768,17.9049,68.2270,0.0200,-0.0100,-0.0800,0.0831,0.4800,0.9200,-9.8300,24,-1.7500,-22.1875,24.5000,3,0,3,3
9.0840,184.0625,-2.6875,53.7148,-35.8099,25.0669,69.2530,0.0300,-0.0800,-0.1100,0.1393,0.4800,0.8400,-9.8500,24,-1.7500,-22.1875,24.5000,3,0,3,3
9.1050,184.0625,-2.6875,71.6197,14.3239,21.4859,76.1328,-0.0400,-0.0300,0.1400,0.1487,0.4200,0.9000,-9.6000,24,-1.7500,-22.1875,24.5000,3,0,3,3
9.1260,184.0625,-2.6875,-10.7430,-14.3239,21.4859,27.9684,-0.0300,-0.0800,0.1900,0.2083,0.4300,0.8500,-9.5500,24,-2.1875,-21.5000,26.0000,3,0,3,3
9.1490,184.0625,-2.6875,-3.5810,-39.3908,14.3239,42.0671,0.0100,-0.1100,0.0000,0.1105,0.4700,0.8200,-9.7400,24,-2.1875,-21.5000,26.0000,3,0,3,3
9.1700,184.0625,-2.6875,17.9049,-28.6479,-14.3239,36.6942,0.0000,-0.0300,-0.0300,0.0424,0.4600,0.9000,-9.7800,24,-2.1875,-21.5000,24.7500,3,0,3,3
9.1910,184.0625,-2.6875,-39.3908,-14.3239,-3.5810,42.0671,0.0300,0.0000,0.0000,0.0300,0.4900,0.9400,-9.7400,24,-2.1875,-21.5000,24.7500,3,0,3,3
9.2110,184.0625,-2.6875,-46.5528,3.5810,17.9049,50.0058,-0.0200,-0.0400,0.0700,0.0831,0.4400,0.8900,-9.6700,24,-2.1875,-21.5000,24.7500,3,0,3,3
9.2310,184.0625,-2.6875,21.4859,-3.5810,21.4859,30.5960,-0.0100,-0.1100,0.0100,0.1109,0.4500,0.8200,-9.7300,24,-1.3750,-22.5625,24.5000,3,0,3,3
9.2520,184.0625,-2.6875,89.5247,14.3239,35.8099,97.4792,0.0100,-0.0300,0.0600,0.0678,0.4400,0.9300,-9.6400,24,-1.3750,-22.5625,24.5000,3,0,3,3
9.2730,184.0625,-2.6875,3.5810,14.3239,50.1338,52.2628,-0.0400,-0.1200,0.3000,0.3256,0.4100,0.8000,-9.4400,24,-3.2500,-21.7500,24.0000,3,0,3,3
9.2970,184.0625,-2.6875,-39.3908,-46.5528,32.2289,68.9747,-0.0300,-0.2900,0.2000,0.3536,0.4300,0.6400,-9.5400,24,-3.2500,-21.7500,24.0000,3,0,3,3
9.3140,184.0625,-2.6875,50.1338,-57.2958,21.4859,79.1066,0.0100,-0.1100,0.1000,0.1490,0.4600,0.8100,-9.6400,24,-1.3750,-22.1875,24.7500,3,0,3,3
9.3380,184.0625,-2.6250,14.3239,-60.8768,-7.1620,62.9480,-0.0200,-0.0800,0.0700,0.1082,0.4300,0.8400,-9.6800,24,-1.3750,-22.1875,24.7500,3,0,3,3
9.3590,184.0625,-2.6250,-42.9718,-71.6197,-28.6479,88.2987,0.0100,-0.2700,-0.0300,0.2718,0.4600,0.6500,-9.7800,24,-1.3750,-22.1875,24.7500,3,0,3,3
9.3790,184.0625,-2.5625,71.6197,-46.5528,-53.7148,100.9051,0.0200,-0.1800,-0.1100,0.2119,0.4700,0.7400,-9.8600,24,-1.7500,-22.1875,26.0000,3,0,3,3
9.3990,184.0625,-2.5625,75.2007,7.1620,-53.7148,92.6915,0.0100,0.0400,0.0800,0.0900,0.4500,0.9600,-9.6600,24,-1.7500,-22.1875,26.0000,3,0,3,3
9.4200,184.0625,-2.5625,3.5810,10.7430,-25.0669,27.5061,0.0200,0.0500,0.2700,0.2753,0.4600,0.9700,-9.4800,24,-3.2500,-21.7500,26.0000,3,0,3,3
9.4440,184.0625,-2.5625,-17.9049,-71.6197,14.3239,75.2007,-0.0300,-0.0300,0.1400,0.1463,0.4000,0.8800,-9.6000,24,-3.2500,-21.7500,26.0000,3,0,3,3
9.4620,184.0625,-2.5625,-17.9049,-71.6197,7.1620,74.1705,0.0100,-0.0800,-0.0600,0.1005,0.4500,0.8400,-9.8100,24,-2.5625,-22.1875,25.5625,3,0,3,3
9.4860,184.0625,-2.5625,21.4859,-32.2289,7.1620,39.3908,0.0200,-0.1100,-0.0100,0.1122,0.4500,0.8100,-9.7700,24,-2.5625,-22.1875,25.5625,3,0,3,3
9.5060,184.0625,-2.5625,85.9437,-14.3239,14.3239,88.2987,-0.0200,-0.0800,0.1300,0.1539,0.4100,0.8200,-9.6200,24,-2.5625,-22.1875,25.5625,3,0,3,3
9.5230,184.0625,-2.5000,118.1725,-53.7148,14.3239,130.5956,0.0000,-0.0500,0.1200,0.1300,0.4800,0.8800,-9.6400,24,-2.5625,-21.7500,25.1875,3,0,3,3
9.5470,184.0625,-2.5000,28.6479,-50.1338,14.3239,59.4918,-0.0500,-0.0400,0.1100,0.1273,0.3700,0.8600,-9.6400,24,-2.5625,-21.7500,25.1875,3,0,3,3
9.5640,184.0625,-2.5000,-128.9155,-64.4578,3.5810,144.1764,-0.0300,-0.1200,0.1100,0.1655,0.3900,0.7800,-9.6300,24,-2.5625,-22.1875,24.7500,3,0,3,3
9.5840,184.0625,-2.4375,-53.7148,-78.7817,-7.1620,95.6197,-0.0100,-0.1300,-0.0100,0.1308,0.4300,0.8100,-9.8600,24,-2.5625,-22.1875,24.7500,3,0,3,3
9.6080,184.0625,-2.4375,85.9437,-60.8768,7.1620,105.5632,0.0200,0.0000,-0.0800,0.0825,0.4400,0.9100,-9.8400,24,-2.5625,-22.1875,24.7500,3,0,3,3
9.6290,184.0625,-2.4375,-3.5810,-7.1620,25.0669,26.3148,-0.0500,-0.0800,0.0600,0.1118,0.3600,0.8300,-9.6900,24,-2.8750,-21.7500,26.0000,3,0,3,3
9.6500,184.0625,-2.4375,25.0669,-42.9718,10.7430,50.8954,-0.0200,-0.1200,0.0500,0.1315,0.3900,0.7800,-9.6900,24,-2.8750,-21.7500,26.0000,3,0,3,3
9.6700,184.0625,-2.3750,35.8099,-46.5528,-3.5810,58.8416,0.0400,0.0000,0.0300,0.0500,0.4500,0.9000,-9.7100,24,-2.1875,-21.7500,24.5000,3,0,3,3
9.6910,184.0625,-2.3750,-39.3908,-42.9718,3.5810,58.4041,0.0000,0.0800,0.1000,0.1281,0.4100,0.9900,-9.6400,24,-2.1875,-21.7500,24.5000,3,0,3,3
9.7100,184.0625,-2.3750,-68.0387,-57.2958,53.7148,103.9103,-0.0200,-0.0800,0.0900,0.1221,0.3800,0.8200,-9.6500,24,-2.1875,-21.7500,24.5000,3,0,3,3
9.7310,184.0625,-2.3750,28.6479,-53.7148,35.8099,70.6281,-0.0200,-0.1900,-0.0100,0.1913,0.3800,0.7200,-9.7600,24,-2.5625,-21.5000,25.5625,3,0,3,3
9.7530,184.0625,-2.3750,60.8768,-35.8099,-3.5810,70.7188,0.0100,-0.1300,0.0500,0.1396,0.4100,0.7600,-9.7000,24,-2.5625,-21.5000,25.5625,3,0,3,3
9.7730,184.0625,-2.3125,7.1620,-35.8099,-25.0669,44.2944,0.0500,-0.1000,0.1600,0.1952,0.4600,0.7900,-9.5900,24,-3.2500,-21.7500,25.1875,3,0,3,3
9.7970,184.0625,-2.3125,28.6479,-57.2958,-39.3908,75.2007,-0.0100,-0.0300,0.1600,0.1631,0.3700,0.8900,-9.6700,24,-3.2500,-21.7500,25.1875,3,0,3,3
9.8140,184.0625,-2.3125,17.9049,-75.2007,-39.3908,86.7604,-0.0200,0.0100,0.0000,0.0224,0.3700,0.9100,-9.7400,24,-2.5625,-21.7500,25.1875,3,0,3,3
9.8340,184.0625,-2.2500,3.5810,-57.2958,-10.7430,58.4041,0.0000,0.0300,-0.0200,0.0361,0.3900,0.9400,-9.7700,24,-2.5625,-21.7500,25.1875,3,0,3,3
9.8540,184.0625,-2.2500,-7.1620,-28.6479,17.9049,34.5338,-0.0100,-0.0100,0.1600,0.1606,0.3800,0.9300,-9.5200,24,-2.5625,-21.7500,25.1875,3,0,3,3
9.8780,184.0625,-2.2500,46.5528,-46.5528,57.2958,87.2762,-0.0100,-0.0500,0.0900,0.1034,0.3700,0.8500,-9.6500,24,-2.5625,-21.5000,25.5625,3,0,3,3
9.8990,184.1250,-2.2500,-35.8099,-111.0106,75.2007,138.7834,-0.0100,-0.2500,-0.1600,0.2970,0.3700,0.6400,-9.9200,24,-2.5625,-21.5000,25.5625,3,0,3,3
9.9240,184.1250,-2.1875,17.9049,-53.7148,25.0669,61.9210,0.0000,-0.1700,-0.0200,0.1712,0.3700,0.7200,-9.7800,24,-2.8750,-22.1875,25.1875,3,0,3,3
9.9450,184.1250,-2.1875,35.8099,-21.4859,-3.5810,41.9144,0.0000,-0.1000,0.1500,0.1803,0.3800,0.8000,-9.6000,24,-2.8750,-22.1875,25.1875,3,0,3,3
9.9610,184.1250,-2.1875,28.6479,-42.9718,-3.5810,51.7697,-0.0400,-0.0700,0.1900,0.2064,0.3300,0.8300,-9.5600,24,-2.8750,-22.1875,25.1875,3,0,3,3
9.9810,184.1250,-2.1250,0.0000,-89.5247,-10.7430,90.1669,0.0000,-0.1500,0.0600,0.1616,0.3700,0.7400,-9.6900,24,-1.7500,-21.7500,24.5000,3,0,3,3
10.0060,184.1250,-2.1250,25.0669,-100.2676,-32.2289,108.2619,-0.0100,-0.1200,-0.0300,0.1241,0.3500,0.7700,-9.7900,24,-1.7500,-21.7500,24.5000,3,0,3,3
10.0230,184.1250,-2.0625,50.1338,-82.3627,-25.0669,99.6261,-0.0100,-0.1100,-0.0400,0.1175,0.3400,0.7700,-9.8000,24,-2.1875,-20.6875,25.5625,3,0,3,3
10.0470,184.1250,-2.0625,7.1620,-42.9718,-32.2289,54.1902,-0.0100,-0.0500,-0.1200,0.1304,0.3400,0.8400,-9.8800,24,-2.1875,-20.6875,25.5625,3,0,3,3
10.0640,184.1250,-2.0625,0.0000,-10.7430,-21.4859,24.0220,0.0000,0.0000,-0.0400,0.0400,0.3500,0.8900,-9.8000,24,-2.1875,-20.6875,25.5625,3,0,3,3
10.0840,184.1250,-2.0625,-25.0669,-10.7430,3.5810,27.5061,-0.0400,0.0000,0.0200,0.0447,0.3100,0.8800,-9.7300,24,-2.5625,-21.5000,24.7500,3,0,3,3
10.1080,184.1250,-2.0625,-85.9437,-28.6479,14.3239,91.7180,0.0100,-0.0500,0.0000,0.0510,0.3400,0.8500,-9.7300,24,-2.5625,-21.5000,24.7500,3,0,3,3
10.1250,184.1250,-2.0625,-96.6866,-28.6479,25.0669,103.9103,-0.0100,-0.0300,0.0400,0.0510,0.3400,0.8600,-9.7000,24,-1.7500,-21.5000,25.5625,3,0,3,3
10.1450,184.1250,-2.0625,-39.3908,-35.8099,25.0669,58.8416,-0.0500,-0.1400,0.0200,0.1500,0.3100,0.7500,-9.7200,24,-1.7500,-21.5000,25.5625,3,0,3,3
10.1660,184.1250,-2.0625,60.8768,-14.3239,14.3239,64.1586,-0.0300,-0.1400,0.0000,0.1432,0.3200,0.7600,-9.7600,24,-1.7500,-21.7500,25.5625,3,0,3,3
10.1870,184.1250,-2.0625,53.7148,7.1620,17.9049,57.0715,0.0000,-0.0500,0.0100,0.0510,0.3400,0.7500,-9.7100,24,-1.7500,-21.7500,25.5625,3,0,3,3
10.2070,184.1250,-2.0625,-75.2007,0.0000,0.0000,75.2007,0.0000,-0.2000,0.1400,0.2441,0.3400,0.6900,-9.6000,24,-1.7500,-21.7500,25.5625,3,0,3,3
10.2270,184.1250,-2.0625,-114.5916,-21.4859,-53.7148,128.3672,-0.0100,-0.1900,0.0700,0.2027,0.3400,0.7000,-9.6800,24,-2.1875,-21.5000,25.5625,3,0,3,3
10.2480,184.1250,-2.0625,-25.0669,-46.5528,-68.0387,86.1672,0.0000,0.0700,-0.0400,0.0806,0.3400,0.9700,-9.8000,24,-2.1875,-21.5000,25.5625,3,0,3,3
10.2680,184.0625,-2.0625,10.7430,-7.1620,-39.3908,41.4529,-0.0200,0.1300,0.0400,0.1375,0.3200,1.0400,-9.7000,24,-1.7500,-21.5000,25.5625,3,0,3,3
10.2880,184.0625,-2.0625,-7.1620,17.9049,17.9049,26.3148,-0.0300,0.0500,0.1500,0.1609,0.3200,0.9600,-9.5900,24,-1.7500,-21.5000,25.5625,3,0,3,3
10.3090,184.1250,-2.0625,-39.3908,10.7430,68.0387,79.3494,-0.0500,-0.0400,0.2100,0.2195,0.3000,0.8600,-9.5400,24,-1.7500,-21.5000,25.5625,3,0,3,3
10.3290,184.1250,-2.0625,-17.9049,0.0000,82.3627,84.2864,-0.0400,-0.2600,0.1100,0.2851,0.3100,0.6300,-9.6300,24,-2.5625,-22.1875,24.7500,3,0,3,3
10.3490,184.1250,-2.0625,100.2676,-46.5528,25.0669,113.3539,0.0000,-0.1700,0.1200,0.2081,0.3400,0.7200,-9.6300,24,-2.5625,-22.1875,24.7500,3,0,3,3
10.3700,184.1250,-2.0000,-17.9049,-42.9718,-35.8099,58.7325,0.0000,-0.0700,0.0600,0.0922,0.3400,0.8200,-9.6900,24,-1.7500,-21.7500,25.1875,3,0,3,3
10.3910,184.1250,-2.0000,-85.9437,-28.6479,-60.8768,109.1467,0.0000,-0.0100,0.1200,0.1204,0.3400,0.8800,-9.6300,24,-1.7500,-21.7500,25.1875,3,0,3,3
10.4120,184.1250,-2.0000,25.0669,-28.6479,-50.1338,62.9480,-0.0500,0.0400,0.2700,0.2775,0.2900,0.9500,-9.4800,24,-1.7500,-21.7500,25.1875,3,0,3,3
10.4280,184.1250,-2.0000,157.5634,-64.4578,0.0000,170.2381,-0.0600,0.1800,0.2300,0.2982,0.2700,1.0800,-9.5200,24,-1.7500,-21.0625,25.1875,3,0,3,3
10.4520,184.1250,-1.9375,153.9824,-100.2676,57.2958,192.4759,-0.0200,0.2100,0.0500,0.2168,0.3100,1.1000,-9.7000,24,-1.7500,-21.0625,25.1875,3,0,3,3
10.4680,184.1250,-1.9375,103.8486,-121.7535,89.5247,183.3661,-0.0100,0.0900,-0.0200,0.0927,0.3200,0.9800,-9.7800,24,-1.7500,-22.1875,26.0000,3,0,3,3
10.4930,184.1875,-1.8750,-196.9542,-89.5247,125.3345,250.0288,0.0000,-0.3100,-0.1200,0.3324,0.3300,0.5800,-9.8800,24,-1.7500,-22.1875,26.0000,3,0,3,3
10.5140,184.2500,-1.8750,-146.8204,-39.3908,82.3627,172.8916,-0.0100,-0.2400,-0.0800,0.2532,0.3000,0.6600,-9.8300,24,-1.7500,-22.1875,26.0000,3,0,3,3
10.5350,184.2500,-1.8750,-60.8768,-28.6479,35.8099,76.2170,-0.0600,-0.2800,0.0400,0.2891,0.2500,0.6300,-9.7000,24,-2.1875,-21.7500,25.1875,3,0,3,3
10.5540,184.2500,-1.8750,35.8099,-28.6479,17.9049,49.2304,-0.0800,-0.0900,0.1600,0.2002,0.2400,0.8200,-9.5900,24,-2.1875,-21.7500,25.1875,3,0,3,3
10.5760,184.2500,-1.8750,17.9049,-71.6197,17.9049,75.9642,-0.0800,-0.0600,0.1400,0.1720,0.2300,0.8400,-9.6100,24,-2.1875,-21.5000,26.0000,3,0,3,3
10.5950,184.2500,-1.8125,-14.3239,-100.2676,25.0669,104.3414,-0.0200,-0.1600,-0.1100,0.1952,0.2800,0.7400,-9.8700,24,-2.1875,-21.5000,26.0000,3,0,3,3
10.6160,184.2500,-1.7500,-21.4859,-82.3627,3.5810,85.1944,0.0200,-0.1700,-0.2400,0.2948,0.3300,0.7300,-10.0000,24,-2.5625,-21.7500,25.1875,3,0,3,3
10.6370,184.2500,-1.7500,-46.5528,-21.4859,-21.4859,55.5919,0.0200,-0.0600,-0.2800,0.2871,0.3300,0.8800,-9.9400,24,-2.5625,-21.7500,25.1875,3,0,3,3
10.6610,184.2500,-1.8125,-50.1338,57.2958,7.1620,76.4689,0.0000,-0.0200,0.0900,0.0922,0.3100,0.8800,-9.6600,24,-2.5625,-21.7500,25.1875,3,0,3,3
10.6810,184.2500,-1.8125,-50.1338,46.5528,42.9718,80.7907,-0.0700,-0.1000,0.1200,0.1712,0.2300,0.8100,-9.6200,24,-1.3750,-21.7500,24.7500,3,0,3,3
10.7060,184.3125,-1.8125,25.0669,35.8099,57.2958,72.0660,-0.0400,-0.0400,0.0900,0.1063,0.2700,0.8700,-9.6600,24,-1.3750,-21.7500,24.7500,3,0,3,3
10.7270,184.3125,-1.8125,42.9718,-3.5810,64.4578,77.5513,0.0000,-0.0200,0.1300,0.1315,0.3200,0.8800,-9.6100,24,-1.7500,-22.1875,24.0625,3,0,3,3
10.7480,184.3125,-1.8125,-10.7430,-14.3239,75.2007,77.3029,-0.0100,-0.2600,-0.0200,0.2610,0.3000,0.6400,-9.7800,24,-1.7500,-22.1875,24.0625,3,0,3,3
10.7680,184.3125,-1.8125,-7.1620,-21.4859,35.8099,42.3708,-0.0100,-0.2200,-0.0300,0.2223,0.3000,0.6800,-9.7900,24,-2.1875,-20.6875,24.7500,3,0,3,3
10.7890,184.3125,-1.8125,-17.9049,17.9049,-14.3239,29.0921,-0.0200,-0.1700,0.0200,0.1723,0.2400,0.7200,-9.7000,24,-2.1875,-20.6875,24.7500,3,0,3,3
10.8090,184.3125,-1.8125,-28.6479,14.3239,-25.0669,40.6722,-0.0100,-0.1400,0.1900,0.2362,0.3000,0.7500,-9.5600,24,-2.1875,-20.6875,24.7500,3,0,3,3
10.8330,184.3125,-1.8125,50.1338,-7.1620,-10.7430,51.7697,-0.0400,0.0200,0.1900,0.1952,0.2700,0.9300,-9.5600,24,-2.5625,-21.5000,24.7500,3,0,3,3
10.8540,184.3125,-1.8125,-21.4859,-42.9718,21.4859,52.6295,-0.0300,-0.0600,0.1400,0.1552,0.2800,0.8300,-9.6100,24,-2.5625,-21.5000,24.7500,3,0,3,3
10.8740,184.3750,-1.8125,-39.3908,-64.4578,3.5810,75.6258,-0.0200,-0.2300,-0.1200,0.2602,0.2900,0.6700,-9.8800,24,-2.1875,-22.5625,26.0000,3,0,3,3
10.8950,184.3750,-1.8125,21.4859,-25.0669,-17.9049,37.5577,-0.0100,-0.1500,-0.1800,0.2345,0.2900,0.7500,-9.9400,24,-2.1875,-22.5625,26.0000,3,0,3,3
10.9150,184.3125,-1.8125,-50.1338,46.5528,-53.7148,86.9819,-0.0300,0.0000,0.1400,0.1432,0.2800,0.9100,-9.6100,24,-2.1875,-22.5625,26.0000,3,0,3,3
10.9360,184.3125,-1.8125,-111.0106,42.9718,-42.9718,126.5563,-0.0300,0.0000,0.3100,0.3114,0.2700,0.9100,-9.4400,24,-1.3750,-21.0625,24.0625,3,0,3,3
10.9560,184.3125,-1.8125,-10.7430,-35.8099,0.0000,37.3866,-0.0400,0.0000,0.1200,0.1265,0.2700,0.9100,-9.6300,24,-1.3750,-21.0625,24.0625,3,0,3,3
10.9800,184.3125,-1.8125,32.2289,-42.9718,32.2289,62.6417,0.0000,0.0000,0.0000,0.0000,0.3100,0.8000,-9.6600,24,-1.7500,-20.2500,25.1875,3,0,3,3
11.0000,184.3125,-1.8125,-14.3239,-21.4859,28.6479,38.5684,-0.0400,-0.2100,0.1600,0.2670,0.2600,0.7000,-9.5900,24,-1.7500,-20.2500,25.1875,3,0,3,3
11.0220,184.3125,-1.8125,-32.2289,-32.2289,-14.3239,47.7763,-0.0300,-0.1900,0.1600,0.2502,0.3100,0.7600,-9.6200,24,-2.1875,-21.5000,26.3750,3,0,3,3
11.0420,184.3125,-1.7500,28.6479,-71.6197,-35.8099,85.0437,-0.0200,0.0000,-0.0700,0.0728,0.2800,0.9100,-9.8300,24,-2.1875,-21.5000,26.3750,3,0,3,3
11.0620,184.3125,-1.7500,-10.7430,-39.3908,-25.0669,47.9103,0.0200,0.0700,-0.1400,0.1578,0.3200,0.9800,-9.9000,24,-2.1875,-21.5000,26.3750,3,0,3,3
11.0830,184.3125,-1.7500,-89.5247,3.5810,0.0000,89.5963,-0.0100,0.0900,0.0200,0.0927,0.2900,1.0000,-9.7300,24,-2.8750,-21.7500,25.5625,3,0,3,3
11.1040,184.3125,-1.7500,-53.7148,14.3239,53.7148,77.3029,-0.0100,0.0100,0.0700,0.0714,0.2800,0.9300,-9.6800,24,-2.8750,-21.7500,25.5625,3,0,3,3
11.1240,184.3750,-1.7500,7.1620,-14.3239,93.1056,94.4729,-0.0500,-0.0400,0.1500,0.1631,0.2400,0.8700,-9.6000,24,-1.3750,-21.0625,25.1875,3,0,3,3
11.1450,184.3750,-1.7500,-68.0387,-50.1338,93.1056,125.7431,-0.0400,-0.2700,0.0800,0.2844,0.2500,0.6400,-9.6700,24,-1.3750,-21.0625,25.1875,3,0,3,3
11.1650,184.3750,-1.6875,-35.8099,-53.7148,17.9049,66.9941,-0.0100,-0.3600,-0.0700,0.3669,0.2800,0.5500,-9.8300,24,-1.3750,-21.0625,25.1875,3,0,3,3
11.1860,184.3750,-1.6875,3.5810,-39.3908,-50.1338,63.8581,-0.0400,-0.1600,-0.0200,0.1661,0.2500,0.7500,-9.7800,24,-2.1875,-22.5625,26.0000,3,0,3,3
11.2090,184.3750,-1.6875,-57.2958,-14.3239,-60.8768,84.8172,-0.0400,-0.0200,0.0000,0.0447,0.2500,0.8900,-9.7500,24,-2.1875,-22.5625,26.0000,3,0,3,3
11.2270,184.3750,-1.6875,-93.1056,-14.3239,-50.1338,106.7110,-0.0400,-0.0700,-0.0300,0.0860,0.2400,0.8500,-9.7900,24,-1.3750,-21.0625,25.5625,3,0,3,3
11.2460,184.3125,-1.6875,-85.9437,7.1620,-35.8099,93.3807,-0.0200,-0.1400,0.0000,0.1414,0.2600,0.7900,-9.7600,24,-1.3750,-21.0625,25.5625,3,0,3,3
11.2680,184.3125,-1.6875,-17.9049,14.3239,-32.2289,39.5533,0.0100,-0.1700,-0.0200,0.1715,0.3100,0.7500,-9.7800,24,-1.3750,-21.0625,25.5625,3,0,3,3
11.2880,184.3125,-1.6875,-7.1620,39.3908,-25.0669,47.2365,-0.0300,0.0300,0.0600,0.0735,0.2600,0.9600,-9.6900,24,-2.1875,-21.7500,25.1875,3,0,3,3
11.3120,184.3125,-1.6875,-118.1725,32.2289,-10.7430,122.9588,0.0000,0.0800,0.0100,0.0806,0.2600,0.8500,-9.6900,24,-2.1875,-21.7500,25.1875,3,0,3,3
11.3290,184.3125,-1.6875,-257.8310,25.0669,0.0000,259.0467,-0.0400,-0.0900,0.0500,0.1105,0.2400,0.8500,-9.7000,24,-2.8750,-22.1875,25.1875,3,0,3,3
11.3490,184.3125,-1.6875,-264.9930,28.6479,-3.5810,266.5611,0.0000,-0.3100,0.0400,0.3126,0.2900,0.6600,-9.7000,24,-2.8750,-22.1875,25.1875,3,0,3,3
11.3710,184.3125,-1.6875,-182.6303,17.9049,25.0669,185.2100,-0.0500,-0.3200,0.0600,0.3294,0.2500,0.7700,-9.7000,24,-2.1875,-22.1875,25.1875,3,0,3,3
11.3940,184.3125,-1.6875,196.9542,3.5810,10.7430,197.2795,0.0100,0.2100,0.0100,0.2105,0.3100,1.1800,-9.7400,24,-2.1875,-22.1875,25.1875,3,0,3,3
11.4140,184.3125,-1.6875,-32.2289,17.9049,39.3908,53.9530,0.0100,-0.0200,-0.0300,0.0374,0.3100,0.9400,-9.7900,24,-2.1875,-22.1875,25.1875,3,0,3,3
11.4320,184.3750,-1.6875,-107.4296,35.8099,46.5528,122.4362,-0.0100,-0.1800,0.1100,0.2112,0.2800,0.7700,-9.6300,24,-2.1875,-21.7500,26.7500,3,0,3,3
11.4550,184.3750,-1.7500,17.9049,39.3908,25.0669,50.0058,-0.0900,-0.0800,0.2500,0.2775,0.2000,0.8800,-9.4900,24,-2.1875,-21.7500,26.7500,3,0,3,3
11.4760,184.3750,-1.7500,-7.1620,0.0000,7.1620,10.1286,-0.0300,-0.2200,0.2000,0.2988,0.2700,0.7400,-9.5400,24,-1.3750,-22.5625,25.5625,3,0,3,3
11.4960,184.3750,-1.7500,42.9718,-28.6479,-32.2289,60.8768,0.0000,-0.2000,0.0500,0.2062,0.3000,0.7500,-9.7000,24,-1.3750,-22.5625,25.5625,3,0,3,3
11.5170,184.3125,-1.7500,71.6197,-35.8099,-57.2958,98.4608,-0.0300,-0.0600,0.0300,0.0735,0.2600,0.8800,-9.7100,24,-1.3750,-22.5625,25.5625,3,0,3,3
11.5340,184.3125,-1.7500,-42.9718,-17.9049,-78.7817,91.5080,-0.0300,-0.0700,0.0800,0.1105,0.2600,0.8800,-9.6600,24,-1.3750,-21.7500,25.1875,3,0,3,3
11.5540,184.3125,-1.6875,7.1620,-39.3908,-78.7817,88.3713,-0.0100,-0.0800,0.1300,0.1530,0.2800,0.8700,-9.6200,24,-1.3750,-21.7500,25.1875,3,0,3,3
11.5740,184.2500,-1.6875,96.6866,-60.8768,-57.2958,127.8166,-0.0300,0.1400,0.1000,0.1746,0.2600,1.1000,-9.6500,24,-1.7500,-22.5625,24.7500,3,0,3,3
11.5960,184.2500,-1.6875,-42.9718,-60.8768,-28.6479,79.8327,0.0300,0.0800,0.0200,0.0877,0.3200,1.0400,-9.7200,24,-1.7500,-22.5625,24.7500,3,0,3,3
11.6160,184.2500,-1.6250,-82.3627,-39.3908,-21.4859,93.7918,-0.0200,-0.0400,0.0500,0.0671,0.2600,0.9200,-9.7000,24,-1.7500,-22.5625,24.7500,3,0,3,3
11.6360,184.2500,-1.6250,32.2289,-42.9718,0.0000,53.7148,-0.0100,-0.1100,0.0500,0.1212,0.2700,0.8500,-9.7000,24,-2.1875,-22.5625,25.1875,3,0,3,3
11.6570,184.2500,-1.6250,111.0106,-42.9718,7.1620,119.2528,0.0300,-0.0100,-0.1200,0.1241,0.3100,0.9400,-9.8800,24,-2.1875,-22.5625,25.1875,3,0,3,3
11.6770,184.2500,-1.6250,28.6479,3.5810,21.4859,35.9885,0.0500,0.0200,0.0000,0.0539,0.3300,0.9700,-9.7600,24,-1.3750,-21.7500,24.0000,3,0,3,3
11.7010,184.2500,-1.6250,-42.9718,0.0000,32.2289,53.7148,-0.0300,-0.1300,0.1700,0.2161,0.2400,0.8100,-9.5800,24,-1.3750,-21.7500,24.0000,3,0,3,3
11.7180,184.2500,-1.6250,71.6197,-50.1338,50.1338,100.7779,-0.0400,-0.1000,0.1300,0.1688,0.2300,0.8500,-9.6200,24,-1.3750,-21.7500,24.0000,3,0,3,3
11.7390,184.2500,-1.5625,32.2289,-64.4578,28.6479,77.5513,-0.0300,-0.1300,-0.0400,0.1393,0.2400,0.8100,-9.8000,24,-1.7500,-21.7500,24.0625,3,0,3,3
11.7590,184.2500,-1.5625,-25.0669,-46.5528,-14.3239,54.7786,-0.0400,-0.1800,-0.0300,0.1868,0.2200,0.7600,-9.7900,24,-1.7500,-21.7500,24.0625,3,0,3,3
11.7840,184.2500,-1.5625,35.8099,-28.6479,-17.9049,49.2304,0.0000,-0.0100,-0.0500,0.0510,0.2700,0.9200,-9.8100,24,-1.3750,-23.0000,24.0625,3,0,3,3
11.8040,184.2500,-1.5625,21.4859,-10.7430,3.5810,24.2874,-0.0400,-0.0600,-0.0100,0.0728,0.2300,0.8800,-9.7700,24,-1.3750,-23.0000,24.0625,3,0,3,3
11.8210,184.2500,-1.5625,10.7430,0.0000,17.9049,20.8806,-0.0400,-0.0800,-0.0600,0.1077,0.2500,0.8100,-9.8500,24,-1.7500,-21.0625,26.0000,3,0,3,3
11.8440,184.2500,-1.5625,39.3908,17.9049,17.9049,46.8275,0.0200,-0.0800,-0.1100,0.1375,0.3000,0.8500,-9.8700,24,-1.7500,-21.0625,26.0000,3,0,3,3
11.8650,184.2500,-1.5625,42.9718,82.3627,-17.9049,94.6086,0.0000,-0.0300,0.0200,0.0361,0.2800,0.9000,-9.7300,24,-1.7500,-21.0625,26.0000,3,0,3,3
11.8820,184.2500,-1.6250,42.9718,89.5247,-21.4859,101.6016,-0.0300,0.0800,0.2600,0.2737,0.2400,1.0200,-9.4900,24,-2.5625,-21.7500,24.7500,3,0,3,3
11.9060,184.2500,-1.6250,-21.4859,28.6479,14.3239,38.5684,-0.0400,0.0300,0.3100,0.3140,0.2300,0.9700,-9.4400,24,-2.5625,-21.7500,24.7500,3,0,3,3
11.9260,184.2500,-1.6250,7.1620,-35.8099,42.9718,56.3934,0.0100,-0.0400,0.0500,0.0648,0.2900,0.8900,-9.7000,24,-2.5625,-22.5625,25.1875,3,0,3,3
11.9480,184.3125,-1.6250,39.3908,-21.4859,50.1338,67.2806,0.0400,-0.0700,-0.0800,0.1136,0.3300,0.8500,-9.8400,24,-2.5625,-22.5625,25.1875,3,0,3,3
11.9680,184.3125,-1.6250,-28.6479,10.7430,46.5528,55.7071,-0.0100,-0.1300,-0.0200,0.1319,0.2600,0.7900,-9.7800,24,-2.5625,-22.5625,25.1875,3,0,3,3
11.9890,184.3125,-1.6250,-85.9437,28.6479,14.3239,91.7180,-0.0200,-0.1900,0.2300,0.2990,0.2500,0.7400,-9.5200,24,-1.3750,-22.1875,25.5625,3,0,3,3
12.0080,184.3125,-1.6250,14.3239,7.1620,-14.3239,21.4859,0.0200,-0.0900,0.2300,0.2478,0.3100,0.8400,-9.5200,24,-1.3750,-22.1875,25.5625,3,0,3,3
12.0290,184.3125,-1.6250,78.7817,-42.9718,7.1620,90.0246,-0.0500,0.0000,0.1900,0.1965,0.2300,0.9300,-9.5600,24,-1.7500,-22.5625,25.5625,3,0,3,3
12.0490,184.3125,-1.6250,-75.2007,-42.9718,7.1620,86.9081,-0.0500,-0.1400,0.0900,0.1738,0.2200,0.7800,-9.6600,24,-1.7500,-22.5625,25.5625,3,0,3,3
12.0700,184.3125,-1.5625,-71.6197,-50.1338,-28.6479,91.9972,-0.0100,-0.2900,0.0000,0.2902,0.2500,0.6300,-9.7500,24,-1.7500,-22.5625,25.5625,3,0,3,3
12.0910,184.3125,-1.5625,64.4578,-42.9718,-75.2007,107.9654,0.0000,-0.0700,0.0000,0.0700,0.2700,0.8500,-9.7600,24,-2.8750,-22.1875,26.0000,3,0,3,3
12.1110,184.2500,-1.5625,57.2958,-32.2289,-60.8768,89.5962,0.0100,0.1500,0.0600,0.1619,0.2800,1.0800,-9.6900,24,-2.8750,-22.1875,26.0000,3,0,3,3
12.1350,184.2500,-1.5625,-42.9718,-32.2289,-25.0669,59.2759,0.0100,-0.0100,-0.0600,0.0616,0.2800,0.9100,-9.8200,24,-2.5625,-20.6875,25.5625,3,0,3,3
12.1550,184.2500,-1.5625,78.7817,-25.0669,17.9049,84.5901,0.0100,0.0700,-0.0800,0.1068,0.2800,1.0000,-9.8400,24,-2.5625,-20.6875,25.5625,3,0,3,3
12.1770,184.2500,-1.5625,-32.2289,0.0000,42.9718,53.7148,-0.0500,-0.0500,0.0200,0.0735,0.2200,0.8600,-9.7200,24,-1.7500,-21.7500,24.7500,3,0,3,3
12.1960,184.3125,-1.5625,-50.1338,0.0000,42.9718,66.0301,-0.0100,-0.1500,-0.0700,0.1658,0.2500,0.7600,-9.8200,24,-1.7500,-21.7500,24.7500,3,0,3,3
12.2180,184.3125,-1.5625,75.2007,-10.7430,50.1338,91.0162,0.0100,0.0600,-0.1000,0.1170,0.2800,0.9900,-9.8600,24,-1.7500,-21.7500,24.7500,3,0,3,3
12.2380,184.3125,-1.5625,7.1620,25.0669,60.8768,66.2240,0.0100,-0.0300,-0.1100,0.1145,0.2800,0.8900,-9.8700,24,-1.7500,-21.0625,25.5625,3,0,3,3
12.2590,184.3750,-1.5625,-39.3908,60.8768,68.0387,99.4328,0.0000,-0.2200,-0.0300,0.2220,0.2700,0.6900,-9.7900,24,-1.7500,-21.0625,25.5625,3,0,3,3
12.2780,184.3750,-1.6250,64.4578,82.3627,50.1338,115.9820,-0.0100,-0.2300,0.0100,0.2304,0.2600,0.6800,-9.7400,24,-2.1875,-21.7500,25.1875,3,0,3,3
12.3000,184.3750,-1.6250,107.4296,89.5247,21.4859,141.4830,-0.0300,-0.1200,0.3300,0.3524,0.2500,0.7900,-9.4200,24,-2.1875,-21.7500,25.1875,3,0,3,3
12.3190,184.3750,-1.6875,3.5810,46.5528,-10.7430,47.9103,-0.0500,-0.1500,0.4700,0.4959,0.2300,0.7500,-9.2800,24,-2.1875,-21.7500,25.1875,3,0,3,3
12.3400,184.3750,-1.6875,-39.3908,-17.9049,-21.4859,48.3101,-0.0300,-0.2200,0.2400,0.3270,0.2500,0.6800,-9.5100,24,-2.1875,-21.7500,25.5625,3,0,3,3
12.3610,184.3750,-1.6250,64.4578,-71.6197,-53.7148,110.3153,-0.0100,-0.1100,0.0800,0.1364,0.2700,0.7900,-9.6700,24,-2.1875,-21.7500,25.5625,3,0,3,3
12.3810,184.3750,-1.6250,85.9437,-82.3627,-53.7148,130.5956,0.0200,-0.0100,-0.0800,0.0831,0.3000,0.8900,-9.8400,24,-1.7500,-21.7500,24.7500,3,0,3,3
12.4030,184.3125,-1.5625,3.5810,-42.9718,-39.3908,58.4041,0.0000,-0.0700,-0.0600,0.0922,0.2700,0.8300,-9.8200,24,-1.7500,-21.7500,24.7500,3,0,3,3
12.4230,184.3125,-1.5625,10.7430,-10.7430,-53.7148,55.8221,0.0000,-0.1200,-0.0100,0.1204,0.2700,0.7700,-9.7700,24,-1.7500,-21.0625,25.5625,3,0,3,3
12.4430,184.3125,-1.5625,89.5247,-14.3239,-53.7148,105.3808,-0.0200,0.1400,0.0500,0.1500,0.2600,1.0800,-9.6700,24,-1.7500,-21.0625,25.5625,3,0,3,3
12.4660,184.3125,-1.5625,-21.4859,-21.4859,-28.6479,41.7611,0.0000,0.0000,-0.0300,0.0300,0.2600,0.8900,-9.7900,24,-1.7500,-21.0625,25.5625,3,0,3,3
12.4840,184.3125,-1.5625,-82.3627,-35.8099,14.3239,90.9458,0.0000,-0.0200,-0.1100,0.1118,0.2900,0.8600,-9.9400,24,-1.0625,-21.5000,24.5000,3,0,3,3
12.5040,184.3125,-1.5625,25.0669,0.0000,39.3908,46.6903,0.0000,-0.0100,0.0000,0.0100,0.2800,0.8800,-9.7600,24,-1.0625,-21.5000,24.5000,3,0,3,3
12.5240,184.3125,-1.5625,46.5528,64.4578,60.8768,100.1396,0.0000,-0.0300,0.1100,0.1140,0.2700,0.8500,-9.5300,24,-2.1875,-21.7500,24.7500,3,0,3,3
12.5450,184.3750,-1.6250,17.9049,60.8768,82.3627,103.9720,0.0100,-0.2500,0.1700,0.3025,0.2900,0.6400,-9.5800,24,-2.1875,-21.7500,24.7500,3,0,3,3
12.5660,184.3750,-1.6250,114.5916,-10.7430,53.7148,127.0115,-0.0400,-0.3600,0.0400,0.3644,0.2300,0.5200,-9.7100,24,-2.1875,-21.7500,24.7500,3,0,3,3
12.5860,184.3750,-1.6250,136.0775,-10.7430,28.6479,139.4747,-0.0300,-0.2500,0.0500,0.2567,0.2400,0.6300,-9.7000,24,-2.5625,-22.5625,24.7500,3,0,3,3
12.6100,184.3750,-1.6250,128.9155,-3.5810,-103.8486,165.5795,-0.0200,0.0800,0.1700,0.1889,0.2500,0.9600,-9.5800,24,-2.5625,-22.5625,24.7500,3,0,3,3
12.6280,184.3125,-1.6250,-75.2007,-25.0669,-75.2007,109.2641,-0.0300,-0.0900,0.1400,0.1691,0.2400,0.7800,-9.6100,24,-2.8750,-21.7500,25.5625,3,0,3,3
12.6510,184.3125,-1.5625,-35.8099,-71.6197,-60.8768,100.5868,-0.0100,-0.1100,0.0200,0.1122,0.2500,0.7600,-9.7300,24,-2.8750,-21.7500,25.5625,3,0,3,3
12.6680,184.3125,-1.5625,114.5916,-64.4578,-39.3908,137.2504,0.0000,0.1700,-0.0900,0.1924,0.2600,1.0500,-9.8500,24,-2.8750,-21.7500,25.5625,3,0,3,3
12.6880,184.3125,-1.5625,0.0000,-21.4859,21.4859,30.3857,0.0400,0.0900,-0.1500,0.1794,0.3100,0.9600,-9.9100,24,-2.1875,-21.5000,25.1875,3,0,3,3
12.7100,184.3125,-1.5625,-89.5247,28.6479,64.4578,113.9744,0.0100,-0.2700,-0.0500,0.2748,0.2800,0.6000,-9.8100,24,-2.1875,-21.5000,25.1875,3,0,3,3
12.7330,184.3125,-1.5625,64.4578,50.1338,35.8099,89.1658,0.0000,-0.2500,-0.0200,0.2508,0.2700,0.6300,-9.7800,24,-1.7500,-21.7500,24.7500,3,0,3,3
12.7540,184.3125,-1.5625,121.7535,42.9718,-7.1620,129.3128,-0.0200,-0.1100,0.0300,0.1158,0.2500,0.7500,-9.7200,24,-1.7500,-21.7500,24.7500,3,0,3,3
12.7710,184.3125,-1.6250,-25.0669,35.8099,-42.9718,61.2966,0.0000,-0.1000,0.1200,0.1562,0.2600,0.7600,-9.6400,24,-1.7500,-21.7500,24.7500,3,0,3,3
12.7910,184.3125,-1.5625,-125.3345,0.0000,-64.4578,140.9381,-0.0300,-0.1000,0.1000,0.1446,0.2400,0.7600,-9.6600,24,-1.7500,-21.7500,25.5625,3,0,3,3
12.8150,184.2500,-1.5625,-42.9718,-3.5810,-64.4578,77.5513,0.0000,0.0000,0.0200,0.0200,0.2600,0.8700,-9.7300,24,-1.7500,-21.7500,25.5625,3,0,3,3
12.8360,184.2500,-1.5625,68.0387,3.5810,3.5810,68.2270,-0.0100,0.1600,0.0400,0.1652,0.2300,1.0100,-9.6400,24,-2.1875,-21.5000,24.7500,3,0,3,3
12.8560,184.3125,-1.6250,-3.5810,35.8099,71.6197,80.1533,-0.0100,-0.1500,0.1500,0.2124,0.2500,0.7200,-9.6000,24,-2.1875,-21.5000,24.7500,3,0,3,3
12.8760,184.3125,-1.6250,-100.2676,25.0669,100.2676,143.9984,0.0000,-0.3100,0.1600,0.3489,0.2800,0.5200,-9.6100,24,-2.1875,-21.7500,25.1875,3,0,3,3
12.8970,184.3125,-1.6250,75.2007,-25.0669,50.1338,93.7918,0.0000,-0.2800,-0.0200,0.2807,0.2800,0.5900,-9.7800,24,-2.1875,-21.7500,25.1875,3,0,3,3
12.9180,184.3125,-1.6250,164.7254,-25.0669,-60.8768,177.3944,0.0000,0.0000,0.0200,0.0200,0.2700,0.8600,-9.7300,24,-2.1875,-21.7500,25.1875,3,0,3,3
12.9390,184.3125,-1.6250,78.7817,0.0000,-100.2676,127.5153,0.0100,0.0300,0.0400,0.0510,0.2900,0.8900,-9.7100,24,-2.5625,-21.0625,24.7500,3,0,3,3
12.9590,184.2500,-1.5625,-50.1338,-3.5810,-93.1056,105.8059,-2.0700,0.2600,0.9600,2.2965,-1.8000,1.1200,-8.8000,24,-2.5625,-21.0625,24.7500,3,0,3,3
12.9800,184.2500,-1.6250,-21.4859,35.8099,0.0000,41.7611,0.0900,0.3000,0.1500,0.3473,0.3600,1.1700,-9.6000,24,-1.0625,-20.6875,24.7500,3,0,3,3
13.0040,184.2500,-1.6250,28.6479,25.0669,82.3627,90.7340,0.1300,-0.0300,0.1100,0.1729,0.4100,0.8300,-9.6400,24,-1.0625,-20.6875,24.7500,3,0,3,3
13.0200,184.3125,-1.6250,-218.4402,17.9049,93.1056,238.1288,-0.0800,-0.3700,0.2300,0.4429,0.1900,0.5000,-9.5300,24,-1.0625,-20.6875,24.7500,3,0,3,3
13.0450,184.3125,-1.6250,-75.2007,-10.7430,35.8099,83.9816,-0.0300,-0.4700,0.3200,0.5694,0.2400,0.4000,-9.4400,24,-1.7500,-21.0625,24.7500,3,0,3,3
13.0650,184.3125,-1.5625,150.4014,-78.7817,-42.9718,175.1392,0.0000,-0.0500,0.2200,0.2256,0.3000,0.8600,-9.6500,24,-1.7500,-21.0625,24.7500,3,0,3,3
13.0860,184.3125,-1.5625,64.4578,-100.2676,-53.7148,130.7428,0.0000,-0.1700,-0.1600,0.2335,0.2700,0.6900,-9.9300,24,-2.1875,-21.0625,25.1875,3,0,3,3
13.1060,184.2500,-1.5000,-46.5528,-75.2007,-75.2007,116.0925,-0.0100,-0.0900,-0.1100,0.1425,0.2400,0.7700,-9.8800,24,-2.1875,-21.0625,25.1875,3,0,3,3
13.1260,184.2500,-1.5000,57.2958,-32.2289,-96.6866,116.9180,0.0100,0.1000,-0.0900,0.1349,0.3000,1.1000,-9.8800,24,-1.3750,-22.5625,25.1875,3,0,3,3
13.1480,184.1875,-1.5000,89.5247,10.7430,-64.4578,110.8372,-0.0200,0.2500,-0.0600,0.2579,0.2300,1.1100,-9.8200,24,-1.3750,-22.5625,25.1875,3,0,3,3
13.1680,184.1875,-1.5000,-46.5528,50.1338,46.5528,82.7510,0.0400,-0.1000,-0.0800,0.1342,0.3100,0.7500,-9.8500,24,-1.3750,-22.5625,25.1875,3,0,3,3
13.1920,184.2500,-1.5625,-39.3908,42.9718,35.8099,68.4147,0.0000,-0.1100,-0.0900,0.1421,0.2600,0.7400,-9.8600,24,-2.1875,-20.6875,24.7500,3,0,3,3
13.2130,184.2500,-1.5625,-50.1338,71.6197,0.0000,87.4230,0.0300,-0.3000,-0.0600,0.3074,0.3000,0.5600,-9.8200,24,-2.1875,-20.6875,24.7500,3,0,3,3
13.2340,184.2500,-1.6250,78.7817,85.9437,-46.5528,125.5390,0.1000,-0.1100,0.0200,0.1500,0.3700,0.7400,-9.7300,24,-2.1875,-21.7500,25.1875,3,0,3,3
13.2540,184.1875,-1.6250,136.0775,82.3627,-68.0387,173.0028,0.0300,0.1600,0.0000,0.1628,0.3100,1.0200,-9.7500,24,-2.1875,-21.7500,25.1875,3,0,3,3
13.2740,184.1875,-1.6250,-57.2958,93.1056,-28.6479,113.0140,0.0000,0.0800,-0.0100,0.0806,0.2700,0.9400,-9.7700,24,-2.1875,-21.7500,25.1875,3,0,3,3
13.2950,184.1875,-1.6875,-96.6866,107.4296,14.3239,145.2398,0.0200,-0.1600,0.1200,0.2010,0.3100,0.6900,-9.6300,24,-1.7500,-21.7500,25.5625,3,0,3,3
13.3160,184.1875,-1.7500,53.7148,111.0106,28.6479,126.6070,0.0300,-0.0500,0.2600,0.2665,0.3400,0.8000,-9.5000,24,-1.7500,-21.7500,25.5625,3,0,3,3
13.3350,184.1875,-1.7500,39.3908,85.9437,46.5528,105.3808,-0.0200,-0.0300,0.3000,0.3022,0.2700,0.8200,-9.4500,24,-1.0625,-20.6875,26.0000,3,0,3,3
13.3560,184.1875,-1.7500,-32.2289,17.9049,57.2958,68.1329,-0.0500,-0.1700,0.2800,0.3314,0.2500,0.6800,-9.4700,24,-1.0625,-20.6875,26.0000,3,0,3,3
13.3770,184.2500,-1.7500,-46.5528,-17.9049,50.1338,70.7188,-0.0500,-0.4200,0.2000,0.4679,0.2400,0.4200,-9.5600,24,-2.1875,-21.5000,25.1875,3,0,3,3
13.3970,184.2500,-1.7500,14.3239,-42.9718,-25.0669,51.7697,0.0100,-0.5000,0.0000,0.5001,0.2800,0.3700,-9.7800,24,-2.1875,-21.5000,25.1875,3,0,3,3
13.4180,184.1875,-1.7500,107.4296,-14.3239,-103.8486,150.1027,-0.0300,-0.1700,0.1900,0.2567,0.2600,0.6700,-9.5600,24,-2.1875,-21.5000,25.1875,3,0,3,3
13.4380,184.1250,-1.7500,50.1338,14.3239,-157.5634,165.9663,-0.0200,-0.1400,0.2500,0.2872,0.2600,0.7000,-9.4700,24,-1.7500,-21.5000,25.5625,3,0,3,3
13.4580,184.1250,-1.7500,3.5810,-28.6479,-189.7923,191.9756,0.0000,-0.0100,0.0600,0.0608,0.3000,0.8300,-9.7000,24,-1.7500,-21.5000,25.5625,3,0,3,3
13.4790,184.0625,-1.6875,89.5247,-60.8768,-168.3063,200.1191,-0.0300,0.1300,0.0500,0.1425,0.2900,1.0800,-9.7600,24,-2.1875,-22.1875,26.0000,3,0,3,3
13.5000,184.0000,-1.6875,46.5528,-32.2289,-132.4965,144.0874,0.0200,0.0500,0.1200,0.1315,0.3100,0.8900,-9.6400,24,-2.1875,-22.1875,26.0000,3,0,3,3
13.5200,183.9375,-1.6875,-114.5916,-42.9718,-75.2007,143.6417,-0.0100,-0.1800,0.0600,0.1900,0.2700,0.6600,-9.7000,24,-2.1875,-22.1875,26.0000,3,0,3,3
13.5410,183.9375,-1.6875,139.6585,-46.5528,-93.1056,174.1847,0.0400,0.0600,-0.0500,0.0877,0.3400,0.9000,-9.8200,24,-2.8750,-21.5000,26.3750,3,0,3,3
13.5610,183.8750,-1.6875,171.8873,-10.7430,-85.9437,192.4759,0.0200,0.2700,0.0000,0.2707,0.3100,1.1000,-9.7500,24,-2.8750,-21.5000,26.3750,3,0,3,3
13.5810,183.8750,-1.6875,-32.2289,7.1620,-57.2958,66.1272,0.0300,0.1300,0.1200,0.1794,0.3200,0.9600,-9.6300,24,-1.0625,-22.5625,26.0000,3,0,3,3
13.6020,183.8750,-1.6875,-60.8768,-21.4859,-7.1620,64.9532,0.0000,0.1000,0.0800,0.1281,0.2900,0.9400,-9.6800,24,-1.0625,-22.5625,26.0000,3,0,3,3
13.6220,183.8750,-1.6250,53.7148,-57.2958,35.8099,86.3159,0.0300,0.0900,-0.1300,0.1609,0.3200,0.9300,-9.8900,24,-1.0625,-22.5625,26.0000,3,0,3,3
13.6420,183.8750,-1.6250,114.5916,-17.9049,78.7817,140.2083,0.0100,0.1300,-0.1800,0.2223,0.2900,0.9600,-9.9500,24,-2.5625,-21.7500,25.1875,3,0,3,3
13.6630,183.9375,-1.6250,68.0387,57.2958,121.7535,150.7846,-0.0200,0.1000,0.0400,0.1095,0.2600,0.9300,-9.7100,24,-2.5625,-21.7500,25.1875,3,0,3,3
13.6810,184.0000,-1.6875,35.8099,60.8768,175.4683,189.1493,-0.0300,0.0000,0.2100,0.2121,0.2500,0.8300,-9.5500,24,-1.7500,-21.0625,26.0000,3,0,3,3
13.7050,184.0625,-1.6875,-35.8099,10.7430,171.8873,175.9063,-0.0400,-0.2800,0.1200,0.3072,0.2500,0.5400,-9.6400,24,-1.7500,-21.0625,26.0000,3,0,3,3
13.7250,184.0625,-1.6875,-32.2289,-42.9718,111.0106,123.3233,0.0000,-0.4200,-0.0300,0.4211,0.2900,0.4000,-9.8000,24,-1.7500,-21.0625,26.0000,3,0,3,3
13.7450,184.1250,-1.6875,78.7817,-28.6479,25.0669,87.4963,0.0300,-0.2700,-0.1000,0.2895,0.3300,0.5400,-9.8700,24,-1.7500,-21.5000,24.5000,3,0,3,3
13.7660,184.1250,-1.6875,93.1056,17.9049,-32.2289,100.1396,0.0300,-0.0900,-0.0500,0.1072,0.3300,0.7200,-9.8200,24,-1.7500,-21.5000,24.5000,3,0,3,3
13.7900,184.0625,-1.6875,42.9718,53.7148,-42.9718,81.1076,-0.0500,0.0600,0.1500,0.1691,0.2300,0.8800,-9.6000,24,-2.8750,-20.6875,24.5000,3,0,3,3
13.8110,184.0625,-1.6875,-28.6479,17.9049,25.0669,42.0671,-0.0200,0.0100,0.2100,0.2112,0.2700,0.8200,-9.5500,24,-2.8750,-20.6875,24.5000,3,0,3,3
13.8310,184.0625,-1.6875,-3.5810,3.5810,50.1338,50.3889,-0.0100,-0.0700,0.0700,0.0995,0.2800,0.7400,-9.6900,24,-1.7500,-21.7500,25.5625,3,0,3,3
13.8510,184.1250,-1.6875,78.7817,-32.2289,93.1056,126.1504,0.0200,-0.1000,-0.0800,0.1296,0.3200,0.7000,-9.8500,24,-1.7500,-21.7500,25.5625,3,0,3,3
13.8720,184.1875,-1.6875,10.7430,10.7430,85.9437,87.2762,0.0400,-0.1300,-0.0900,0.1631,0.3400,0.6600,-9.8600,24,-1.7500,-21.7500,25.5625,3,0,3,3
13.8890,184.1875,-1.7500,-10.7430,42.9718,82.3627,93.5179,-0.0200,-0.1600,0.0400,0.1661,0.2700,0.6300,-9.7100,24,-2.1875,-21.7500,25.5625,3,0,3,3
13.9130,184.1875,-1.7500,50.1338,53.7148,82.3627,110.3734,-0.0100,-0.1700,0.0700,0.1841,0.2900,0.6200,-9.6900,24,-2.1875,-21.7500,25.5625,3,0,3,3
13.9340,184.2500,-1.7500,-32.2289,57.2958,53.7148,84.8928,0.0000,-0.1500,0.0700,0.1655,0.3100,0.6400,-9.6900,24,-2.1875,-22.5625,26.0000,3,0,3,3
13.9540,184.2500,-1.8125,-68.0387,50.1338,42.9718,94.8116,-0.0200,-0.2300,0.1500,0.2753,0.2800,0.5600,-9.6000,24,-2.1875,-22.5625,26.0000,3,0,3,3
13.9740,184.2500,-1.8125,-46.5528,50.1338,-3.5810,68.5083,-0.0500,-0.3000,0.2700,0.4067,0.2600,0.4900,-9.4800,24,-2.1875,-22.5625,26.0000,3,0,3,3
13.9960,184.2500,-1.8125,64.4578,0.0000,-35.8099,73.7370,-0.0300,-0.1700,0.2600,0.3121,0.2700,0.6100,-9.5000,24,-1.3750,-21.7500,26.7500,3,0,3,3
14.0150,184.1875,-1.8125,28.6479,-35.8099,-60.8768,76.2170,-0.0400,-0.0600,0.1700,0.1847,0.2700,0.7200,-9.5900,24,-1.3750,-21.7500,26.7500,3,0,3,3
14.0360,184.1875,-1.7500,-21.4859,-46.5528,-46.5528,69.2530,-0.0200,-0.1000,0.0600,0.1183,0.2800,0.6800,-9.7000,24,-2.1875,-21.0625,25.1875,3,0,3,3
14.0570,184.1875,-1.7500,64.4578,-32.2289,-28.6479,77.5513,0.0100,-0.1400,-0.0300,0.1435,0.3200,0.6300,-9.8000,24,-2.1875,-21.0625,25.1875,3,0,3,3
14.0760,184.1875,-1.7500,103.8486,-10.7430,-28.6479,108.2619,-0.0100,-0.0200,0.0500,0.0548,0.2900,0.7500,-9.7100,24,-2.1875,-20.6875,25.1875,3,0,3,3
14.0980,184.1875,-1.7500,-25.0669,3.5810,-28.6479,38.2345,0.0000,-0.0800,0.2400,0.2530,0.2300,0.6300,-9.4700,24,-2.1875,-20.6875,25.1875,3,0,3,3
14.1210,184.1875,-1.7500,-42.9718,-42.9718,-39.3908,72.4210,-0.0300,-0.2500,0.2100,0.3279,0.2600,0.5200,-9.5500,24,-2.1875,-20.6875,25.1875,3,0,3,3
14.1380,184.1875,-1.7500,10.7430,-85.9437,-68.0387,110.1408,0.0200,-0.1700,0.0800,0.1889,0.3300,0.7200,-9.8100,24,-1.7500,-21.5000,25.1875,3,0,3,3
14.1620,184.1250,-1.6875,-50.1338,-75.2007,-100.2676,134.9894,0.0300,-0.0400,-0.0400,0.0640,0.3300,0.7400,-9.8100,24,-1.7500,-21.5000,25.1875,3,0,3,3
14.1790,184.1250,-1.6875,-60.8768,-28.6479,-93.1056,114.8710,-0.0300,-0.1000,-0.0100,0.1049,0.2500,0.6800,-9.7800,24,-2.1875,-21.0625,26.3750,3,0,3,3
14.2000,184.0625,-1.6875,53.7148,-28.6479,-68.0387,91.2976,0.0100,-0.0500,-0.1000,0.1122,0.3000,0.7300,-9.8700,24,-2.1875,-21.0625,26.3750,3,0,3,3
14.2200,184.0625,-1.6875,10.7430,0.0000,-64.4578,65.3469,-0.0200,0.0600,0.0000,0.0632,0.2600,0.8400,-9.7700,24,-2.1875,-21.0625,26.3750,3,0,3,3
14.2440,184.0625,-1.6875,-100.2676,0.0000,-32.2289,105.3200,-0.0300,0.0100,0.1900,0.1926,0.2600,0.8000,-9.5700,24,-2.8750,-21.5000,26.0000,3,0,3,3
14.2650,184.0625,-1.6875,-7.1620,-46.5528,-17.9049,50.3889,0.0000,-0.1200,0.1500,0.1921,0.2800,0.6600,-9.6100,24,-2.8750,-21.5000,26.0000,3,0,3,3
14.2820,184.0625,-1.6875,85.9437,-57.2958,-14.3239,104.2799,0.0500,-0.0400,-0.0400,0.0755,0.3400,0.7400,-9.8200,24,-1.7500,-21.7500,26.0000,3,0,3,3
14.3060,184.0625,-1.6250,-7.1620,-21.4859,-17.9049,28.8708,0.0000,0.0000,-0.1400,0.1400,0.2800,0.7800,-9.9100,24,-1.7500,-21.7500,26.0000,3,0,3,3
14.3230,184.0625,-1.6875,-75.2007,35.8099,-21.4859,86.0182,-0.0100,-0.2300,-0.1200,0.2596,0.2700,0.5400,-9.8900,24,-1.7500,-21.7500,26.0000,3,0,3,3
14.3430,184.0000,-1.6875,42.9718,68.0387,-50.1338,94.8116,-0.0300,-0.2000,0.0100,0.2025,0.2500,0.5700,-9.7500,24,-3.2500,-21.0625,26.0000,3,0,3,3
14.3680,184.0000,-1.6875,64.4578,28.6479,-68.0387,98.0040,-0.0400,0.0600,0.3100,0.3183,0.2400,0.8300,-9.4600,24,-3.2500,-21.0625,26.0000,3,0,3,3
14.3880,184.0000,-1.6875,-35.8099,-32.2289,-53.7148,72.1549,-0.0600,0.0200,0.3200,0.3262,0.2300,0.7900,-9.4400,24,-1.7500,-21.7500,25.5625,3,0,3,3
14.4090,184.0000,-1.6875,17.9049,-68.0387,-17.9049,72.5978,-0.0500,-0.0800,0.1000,0.1375,0.2800,0.6400,-9.7200,24,-1.7500,-21.7500,25.5625,3,0,3,3
14.4290,184.0000,-1.6250,60.8768,-71.6197,-17.9049,95.6867,0.0100,-0.0700,0.0200,0.0735,0.3000,0.6900,-9.7400,24,-2.1875,-21.7500,26.0000,3,0,3,3
14.4500,184.0000,-1.6250,-64.4578,-64.4578,-39.3908,99.3038,-0.0200,-0.1400,0.0300,0.1446,0.2200,0.5600,-9.7800,24,-2.1875,-21.7500,26.0000,3,0,3,3
14.4700,183.9375,-1.5625,-68.0387,-75.2007,-75.2007,126.2520,-0.0200,-0.2200,-0.1000,0.2425,0.2500,0.5500,-9.8700,24,-2.1875,-21.7500,26.0000,3,0,3,3
14.4910,183.9375,-1.5625,68.0387,-64.4578,-85.9437,127.1628,-0.0100,-0.1400,-0.1100,0.1783,0.2400,0.7300,-9.8700,24,-2.1875,-21.0625,25.1875,3,0,3,3
14.5120,183.8750,-1.5625,46.5528,-28.6479,-93.1056,107.9654,-0.0300,0.0700,-0.0300,0.0819,0.2300,0.8400,-9.8000,24,-2.1875,-21.0625,25.1875,3,0,3,3
14.5320,183.8750,-1.5625,-125.3345,-25.0669,-82.3627,152.0549,-0.0300,-0.0600,-0.0900,0.1122,0.2700,0.6600,-9.9100,24,-1.3750,-21.0625,24.0000,3,0,3,3
14.5520,183.8125,-1.5625,-17.9049,7.1620,-78.7817,81.1076,-0.0100,0.0900,0.0400,0.0990,0.2500,0.8600,-9.7200,24,-1.3750,-21.0625,24.0000,3,0,3,3
14.5730,183.8125,-1.5625,-17.9049,10.7430,-25.0669,32.6243,-0.0300,0.1900,0.1300,0.2322,0.2300,0.9600,-9.6300,24,-1.3750,-21.0625,24.0000,3,0,3,3
14.5930,183.8125,-1.5625,-96.6866,7.1620,-3.5810,97.0176,-0.0200,-0.1400,-0.0600,0.1536,0.2400,0.6300,-9.8300,24,-1.3750,-21.7500,24.5000,3,0,3,3
14.6130,183.8125,-1.5625,-25.0669,10.7430,-21.4859,34.7190,0.0000,-0.2000,-0.1600,0.2561,0.2700,0.5800,-9.9300,24,-1.3750,-21.7500,24.5000,3,0,3,3
14.6340,183.8125,-1.5625,53.7148,60.8768,-50.1338,95.4183,0.0200,0.0200,-0.0700,0.0755,0.2900,0.8000,-9.8400,24,-1.3750,-21.7500,26.3750,3,0,3,3
14.6590,183.8125,-1.5625,-10.7430,114.5916,-35.8099,120.5362,-0.0500,0.1300,0.0600,0.1517,0.2200,0.9100,-9.7000,24,-1.3750,-21.7500,26.3750,3,0,3,3
14.6760,183.8125,-1.6250,-3.5810,68.0387,14.3239,69.6223,-0.0100,0.0000,0.1700,0.1703,0.2600,0.7700,-9.5900,24,-1.3750,-21.7500,26.3750,3,0,3,3
14.6960,183.8125,-1.6250,7.1620,28.6479,14.3239,32.8203,-0.0300,-0.0600,0.1500,0.1643,0.2400,0.7100,-9.6100,24,-1.0625,-21.7500,25.1875,3,0,3,3
14.7190,183.8125,-1.6250,-3.5810,25.0669,-10.7430,27.5061,0.0200,-0.2200,0.0900,0.2385,0.3100,0.5500,-9.6700,24,-1.0625,-21.7500,25.1875,3,0,3,3
14.7360,183.7500,-1.6250,42.9718,64.4578,-75.2007,107.9654,0.0400,-0.3700,0.2500,0.4483,0.3300,0.4000,-9.5100,24,-1.7500,-21.5000,25.5625,3,0,3,3
14.7610,183.6875,-1.6875,42.9718,53.7148,-168.3063,181.8210,-0.0100,-0.1900,0.5400,0.5725,0.2700,0.5800,-9.2300,24,-1.7500,-21.5000,25.5625,3,0,3,3
14.7780,183.6875,-1.6250,-3.5810,-7.1620,-179.0493,179.2283,-0.0200,0.0200,0.5700,0.5707,0.2600,0.7900,-9.1900,24,-1.7500,-21.5000,25.5625,3,0,3,3
14.8020,183.6250,-1.6250,35.8099,-71.6197,-139.6585,160.9851,0.0000,0.0600,0.4200,0.4243,0.2800,0.8300,-9.3500,24,-1.3750,-21.0625,26.3750,3,0,3,3
14.8220,183.5625,-1.6250,50.1338,-57.2958,-75.2007,107.0110,0.0700,0.0900,0.3800,0.3967,0.3900,0.8500,-9.3100,24,-1.3750,-21.0625,26.3750,3,0,3,3
14.8430,183.5625,-1.5625,-21.4859,-50.1338,-25.0669,60.0283,0.0700,-0.1400,0.6400,0.6589,0.3500,0.6300,-9.1200,24,-1.7500,-21.5000,25.5625,3,0,3,3
14.8680,183.5625,-1.5625,-42.9718,-96.6866,-14.3239,106.7711,0.0600,-0.2500,0.7300,0.7740,0.3400,0.5200,-9.0300,24,-1.7500,-21.5000,25.5625,3,0,3,3
14.8840,183.5625,-1.5000,-42.9718,-132.4965,-60.8768,152.0128,0.0600,-0.2600,0.9000,0.9387,0.3300,0.5100,-8.8600,24,-1.7500,-21.5000,25.1875,3,0,3,3
14.9080,183.5625,-1.4375,-39.3908,-207.6972,-71.6197,223.2021,0.0000,-0.2700,1.0100,1.0455,0.2500,0.5000,-8.7500,24,-1.7500,-21.5000,25.1875,3,0,3,3
14.9250,183.5000,-1.3750,-42.9718,-325.8698,-125.3345,351.7761,0.0500,-0.3000,1.2100,1.2476,0.2900,0.4800,-8.5600,24,-1.7500,-21.5000,25.1875,3,0,3,3
14.9460,183.4375,-1.1875,-71.6197,-433.2994,-150.4014,464.2180,0.0600,-0.3700,1.3100,1.3626,0.2700,0.4000,-8.4600,24,-2.5625,-20.6875,25.1875,3,0,3,3
14.9700,183.3750,-1.0000,-111.0106,-547.8909,-200.5352,593.9041,0.0700,-0.4300,1.2400,1.3143,0.2500,0.3500,-8.5200,24,-2.5625,-20.6875,25.1875,3,0,3,3
14.9860,183.3125,-0.8125,-189.7923,-644.5775,-247.0881,715.9286,0.1200,-0.5200,1.1200,1.2406,0.2600,0.2600,-8.6400,24,-1.0625,-21.0625,25.5625,3,0,3,3
15.0070,183.2500,-0.6250,-182.6303,-669.6444,-322.2888,765.2761,0.0700,-0.6100,0.9600,1.1396,0.1900,0.1700,-8.8000,24,-1.0625,-21.0625,25.5625,3,0,3,3
15.0280,183.1250,-0.4375,-114.5916,-669.6444,-372.4226,774.7603,0.1100,-0.5700,1.0500,1.1998,0.1900,0.1900,-8.7100,24,-1.0625,-21.0625,25.5625,3,0,3,3
15.0480,183.0000,-0.1875,-164.7254,-716.1973,-411.8134,842.4152,-0.0400,-0.3100,1.5700,1.6008,0.0000,0.4500,-8.2000,24,-0.6875,-21.7500,25.5625,3,0,3,3
15.0690,182.8750,0.0625,-347.3557,-855.8557,-422.5564,1015.7258,-0.0400,-0.3700,1.6800,1.7207,-0.0500,0.4100,-8.0800,24,-0.6875,-21.7500,25.5625,3,0,3,3
15.0890,182.7500,0.3750,-297.2219,-1038.4859,-418.9754,1158.5915,-0.0500,-0.7400,1.5800,1.7454,-0.1200,0.0600,-8.1800,24,-1.0625,-21.5000,24.5000,3,0,3,3
15.1090,182.6250,0.7500,-214.8592,-1160.2395,-490.5951,1277.8903,-0.0200,-0.8500,1.5600,1.7767,-0.1600,-0.0300,-8.2100,24,-1.0625,-21.5000,24.5000,3,0,3,3
15.1290,182.4375,1.2500,-272.1550,-1299.8980,-640.9965,1474.6795,-0.1400,-0.9100,1.6100,1.8547,-0.3500,-0.0700,-8.1400,24,-1.0625,-21.5000,24.5000,3,0,3,3
15.1510,182.1875,1.7500,-268.5740,-1453.8803,-780.6550,1671.9217,-0.1800,-0.9300,1.4700,1.7488,-0.4800,-0.0800,-8.2800,24,-1.0625,-21.0625,25.1875,3,0,3,3
15.1750,181.9375,2.2500,-164.7254,-1579.2149,-888.0846,1819.2714,-0.2000,-1.0100,1.2700,1.6349,-0.6600,-0.1800,-8.5300,24,-1.0625,-21.0625,25.1875,3,0,3,3
15.1910,181.6250,2.8125,-93.1056,-1632.9296,-1013.4191,1924.0961,-0.1300,-0.9200,1.2800,1.5817,-0.6800,0.0000,-8.3200,24,0.7500,-21.5000,24.7500,3,0,3,3
15.2160,181.2500,3.5000,-250.6690,-1754.6832,-1192.4683,2136.2885,-0.2400,-0.6100,1.4300,1.5731,-0.9000,0.2200,-8.3100,24,0.7500,-21.5000,24.7500,3,0,3,3
15.2350,180.8125,4.1875,-261.4120,-1994.6093,-1303.4790,2397.0522,-0.2900,-0.4200,0.9700,1.0961,-1.0800,0.4100,-8.7600,24,0.7500,-21.7500,26.3750,3,0,3,3
15.2570,180.4375,4.9375,-21.4859,-2177.2397,-1281.9930,2526.7253,-0.2800,-0.2700,0.2700,0.4735,-1.2000,0.5600,-9.4500,24,0.7500,-21.7500,26.3750,3,0,3,3
15.2770,179.8125,6.1250,111.0106,-2145.0107,-1235.4403,2477.8432,-0.2000,-0.3900,-0.0200,0.4387,-1.2500,0.4300,-9.7400,24,0.7500,-21.7500,26.3750,3,0,3,3
15.2970,179.5625,6.5000,168.3063,-2051.9050,-1271.2501,2419.6523,-0.1700,-0.3500,-0.2200,0.4470,-1.3400,0.4600,-9.9200,24,2.5625,-21.7500,24.7500,3,0,3,3
15.3190,178.9375,7.5625,82.3627,-1955.2185,-1317.8029,2359.2939,-0.2400,-0.2600,-0.0600,0.3589,-1.5300,0.5200,-9.7500,24,2.5625,-21.7500,24.7500,3,0,3,3
15.3380,178.5000,8.2500,28.6479,-1937.3135,-1339.2888,2355.3554,-0.2700,-0.4200,0.0700,0.5042,-1.6900,0.3600,-9.5900,24,3.6875,-21.7500,25.5625,3,0,3,3
15.3600,178.0625,8.9375,60.8768,-1969.5424,-1425.2325,2431.8903,-0.1900,-0.3900,-0.0300,0.4349,-1.7200,0.3800,-9.6800,24,3.6875,-21.7500,25.5625,3,0,3,3
15.3800,177.5625,9.6250,-21.4859,-1951.6375,-1500.4332,2461.8388,-0.1000,-0.1100,-0.2000,0.2492,-1.7500,0.6300,-9.8300,24,3.6875,-21.7500,25.5625,3,0,3,3
15.4010,177.0000,10.3125,-204.1162,-1922.9896,-1561.3100,2485.4057,-0.1000,0.0700,-0.3200,0.3425,-1.8700,0.8200,-9.9400,24,4.8750,-23.2500,24.7500,3,0,3,3
15.4250,176.5000,11.0000,-350.9367,-1847.7889,-1586.3769,2460.5024,-0.2000,0.2900,-0.2700,0.4438,-2.0800,1.0400,-9.8600,24,4.8750,-23.2500,24.7500,3,0,3,3
15.4410,175.8750,11.6875,-447.6233,-1819.1409,-1589.9578,2457.1540,-0.1400,0.4100,-0.3400,0.5507,-2.1300,1.1700,-9.9200,24,6.3750,-21.5000,24.5000,3,0,3,3
15.4650,175.3750,12.3125,-401.0705,-1726.0354,-1468.2043,2301.2343,-0.1900,0.8800,-0.2700,0.9399,-2.3200,1.6800,-9.7200,24,6.3750,-21.5000,24.5000,3,0,3,3
15.4820,174.9375,12.8750,-537.1480,-1654.4156,-1246.1832,2139.7644,-0.2100,0.8700,-0.1300,0.9044,-2.4000,1.6400,-9.6600,24,7.0625,-21.5625,23.5625,3,0,3,3
15.5070,174.5000,13.5000,-709.0353,-1622.1867,-1092.2008,2080.1738,-0.0400,-0.1200,-0.0100,0.1269,-2.3800,0.6700,-9.5000,24,7.0625,-21.5625,23.5625,3,0,3,3
15.5260,174.1250,14.0625,-465.5282,-1622.1867,-1224.6972,2085.2075,0.0000,-0.2100,0.0200,0.2110,-2.4200,0.6100,-9.4300,24,7.0625,-21.5625,23.5625,3,0,3,3
15.5480,173.6875,14.6250,-354.5177,-1618.6058,-1296.3170,2103.8073,-0.3000,0.4200,0.3400,0.6181,-2.8300,1.2400,-9.0900,24,7.7500,-22.2500,23.2500,3,0,3,3
15.5680,173.2500,15.2500,-386.7465,-1675.9016,-1239.0212,2119.7624,-0.2900,0.8300,0.4700,0.9969,-2.9200,1.6500,-8.9300,24,7.7500,-22.2500,23.2500,3,0,3,3
15.5880,172.6875,16.1250,-580.1198,-1733.1973,-1020.5811,2093.3461,-0.3000,0.5900,0.5300,0.8479,-3.0400,1.4200,-8.8400,24,9.2500,-21.7500,24.0625,3,0,3,3
15.6090,172.3125,16.7500,-612.3486,-1815.5600,-931.0565,2130.2805,-0.1500,-0.1100,0.2300,0.2958,-2.9900,0.7400,-9.1100,24,9.2500,-21.7500,24.0625,3,0,3,3
15.6290,172.0000,17.4375,-300.8029,-1811.9790,-1027.7430,2104.7580,-0.2300,-0.2900,0.0200,0.3707,-3.1600,0.5500,-9.2900,24,9.2500,-21.7500,24.0625,3,0,3,3
15.6500,171.5625,18.0625,-293.6409,-1736.7783,-1196.0494,2129.1213,-0.2300,-0.1600,-0.0300,0.2818,-3.2700,0.6800,-9.3200,24,10.3750,-21.7500,22.8750,3,0,3,3
15.6740,171.1250,18.6250,-236.3451,-1611.4438,-1271.2501,2066.0800,-0.2000,0.0100,0.2800,0.3442,-3.3400,0.8500,-8.9600,24,10.3750,-21.7500,22.8750,3,0,3,3
15.6920,170.5625,19.1875,-322.2888,-1607.8627,-1321.3839,2105.9790,-0.3000,0.3600,0.9200,1.0325,-3.5300,1.1900,-8.2900,24,11.5625,-23.0625,21.6875,3,0,3,3
15.7150,170.1250,19.8750,-619.5106,-1840.6269,-1339.2888,2359.1091,-0.3700,0.2300,0.9300,1.0270,-3.7400,0.8800,-8.5000,24,11.5625,-23.0625,21.6875,3,0,3,3
15.7320,169.6875,20.5625,-164.7254,-2076.9719,-1274.8310,2442.5686,-0.2700,0.0500,0.3000,0.4067,-3.7200,0.8800,-8.8300,24,11.8750,-22.6875,22.5000,3,0,3,3
15.7560,169.3125,21.3125,257.8310,-2087.7150,-1196.0494,2419.8276,-0.2500,0.6800,-0.2700,0.7732,-3.8000,1.4000,-9.3800,24,11.8750,-22.6875,22.5000,3,0,3,3
15.7770,169.0000,22.0000,-93.1056,-1897.9227,-1013.4191,2153.5546,-0.1200,0.8400,-0.2900,0.8967,-3.8500,1.5900,-9.3300,24,11.8750,-22.6875,22.5000,3,0,3,3
15.7970,168.6875,22.6875,-404.6515,-1840.6269,-966.8663,2118.1313,-0.1900,0.4700,-0.3900,0.6396,-4.0300,1.2300,-9.3800,24,12.5625,-21.8750,21.2500,3,0,3,3
15.8180,168.3125,23.2500,-472.6902,-1622.1867,-866.5987,1898.9257,-0.3100,-0.0500,-0.1600,0.3524,-4.2300,0.7100,-9.1200,24,12.5625,-21.8750,21.2500,3,0,3,3
15.8390,168.0625,23.8750,3.5810,-1615.0247,-845.1127,1822.7817,-0.3200,0.1500,0.2300,0.4217,-4.3400,0.9000,-8.6800,24,14.0625,-22.1875,21.0000,3,0,3,3
15.8590,167.6250,24.6875,7.1620,-1654.4156,-791.3980,1833.9720,-0.3400,0.4000,0.2700,0.5903,-4.4400,1.1300,-8.5900,24,14.0625,-22.1875,21.0000,3,0,3,3
15.8790,167.3750,25.3125,-347.3557,-1690.2254,-716.1973,1868.2763,-0.5000,0.1000,0.4100,0.6543,-4.7000,0.8300,-8.4100,24,14.0625,-22.1875,21.0000,3,0,3,3
15.8990,167.0000,25.8750,-390.3275,-1683.0635,-705.4543,1866.2058,-0.4500,-0.4000,0.3400,0.6914,-4.7400,0.3200,-8.4400,24,15.5625,-21.5000,20.8750,3,0,3,3
15.9240,166.7500,26.4375,-175.4683,-1604.2818,-830.7888,1815.1362,-0.4700,-0.5700,0.4200,0.8498,-4.8400,0.1400,-8.3200,24,15.5625,-21.5000,20.8750,3,0,3,3
15.9410,166.1875,27.0000,-103.8486,-1482.5283,-948.9614,1763.2930,-0.6000,-0.3000,0.7200,0.9841,-5.0600,0.4000,-7.9800,24,16.3750,-21.5625,19.0000,3,0,3,3
15.9650,165.8750,27.5000,28.6479,-1414.4896,-966.8663,1713.6020,-0.6100,-0.3400,1.0900,1.2945,-5.1400,0.3300,-7.5600,24,16.3750,-21.5625,19.0000,3,0,3,3
15.9810,165.5625,28.0000,100.2676,-1432.3945,-945.3804,1719.1718,-0.5500,-0.1300,1.7000,1.7915,-5.1600,0.5100,-6.9200,24,16.3750,-21.5625,19.0000,3,0,3,3
16.0060,165.1250,28.5625,-401.0705,-1718.8734,-1042.0670,2049.7041,-0.3600,-0.2900,2.1600,2.2089,-5.0500,0.3300,-6.4100,24,16.6875,-20.7500,19.7500,3,0,3,3
