# Sesion:70 Fecha:2026-03-08 20:40:41 Shots:0 Duracion:41,38s
tSeg,yaw,roll,gx,gy,gz,gmag,lax,lay,laz,lamag,ax,ay,az,temp,mx,my,mz,cs,cg,ca,cm,pitchLat
0.0200,165.8750,17.2500,848.6937,3659.7680,2589.0529,4562.6064,-1.0600,0.1600,-1.4900,1.8356,-3.8700,0.1200,-10.8900,23,20.2500,-21.6875,17.2500,2,0,1,2
0.0410,166.8125,16.0000,830.7888,3774.3596,2578.3100,4645.8242,-1.1900,0.1600,-1.2600,1.7405,-3.7900,0.1100,-10.7200,23,18.3750,-22.7500,18.5000,1,0,1,2
0.0620,167.6875,14.7500,777.0740,4060.8383,2585.4721,4876.3632,-1.1300,0.1300,-0.9000,1.4504,-3.5200,0.0800,-10.4100,23,18.3750,-22.7500,18.5000,1,0,1,2
0.0820,169.0625,12.6250,630.2536,4143.2011,2585.4721,4924.2260,-1.1400,0.1400,-0.6400,1.3148,-3.2900,0.0900,-10.2000,23,17.3750,-23.1875,20.6875,1,0,1,2
0.1060,169.9375,11.2500,318.7078,4214.8208,2563.9860,4943.7143,-1.1200,-0.0600,-0.6100,1.2768,-3.0400,-0.1000,-10.2300,23,17.3750,-23.1875,20.6875,1,0,1,2
0.1230,170.8125,9.8125,171.8873,4279.2788,2524.5952,4971.4541,-1.2100,-0.3400,-0.5800,1.3842,-2.8800,-0.3700,-10.2400,23,17.3750,-23.1875,20.6875,1,0,1,2
0.1480,171.6875,8.3750,361.6796,4300.7646,2431.4897,4953.7387,-1.3300,-0.5700,-0.4400,1.5124,-2.7600,-0.5900,-10.1500,23,15.1875,-24.0625,22.5000,1,0,1,2
0.1680,172.4375,6.8750,644.5775,4268.5356,2302.5742,4892.6191,-1.4000,-0.4600,-0.3900,1.5244,-2.5800,-0.4900,-10.1300,23,15.1875,-24.0625,22.5000,1,0,1,2
0.1880,173.2500,5.4375,752.0072,4264.9545,2220.2114,4866.6918,-1.2300,-0.0800,-0.3600,1.2841,-2.1700,-0.1500,-10.1200,23,11.6875,-23.0625,24.2500,1,0,1,2
0.2090,174.0000,4.0625,626.6726,4261.3735,2187.9826,4831.0756,-1.1800,0.0800,-0.3400,1.2306,-1.7900,-0.0400,-10.1200,23,11.6875,-23.0625,24.2500,1,0,1,2
0.2300,174.7500,2.6250,515.6621,4279.2788,2198.7255,4838.6494,-1.2200,0.0000,-0.2900,1.2540,-1.6700,-0.1100,-10.0900,23,9.5625,-22.5000,24.1875,1,0,1,2
0.2500,175.5000,1.1875,537.1480,4272.1166,2213.0495,4841.1875,-1.3600,-0.1100,-0.2700,1.3909,-1.4500,-0.2700,-10.0700,23,9.5625,-22.5000,24.1875,1,0,1,2
0.2700,176.2500,-0.1875,565.7958,4247.0498,2155.7536,4796.3349,-1.2400,-0.1700,-0.2600,1.2783,-1.0800,-0.3700,-10.0600,23,9.5625,-22.5000,24.1875,1,0,1,2
0.2910,176.3125,-1.6250,544.3099,4232.7255,2127.1059,4768.3139,-1.3700,-0.1900,-0.3400,1.4243,-0.9600,-0.4200,-10.1400,23,7.0000,-21.6875,25.3750,1,0,1,2
0.3150,177.0625,-3.0625,562.2149,4225.5639,2008.9333,4712.4609,-1.3900,-0.1700,-0.3100,1.4343,-0.7500,-0.4400,-10.0900,23,7.0000,-21.6875,25.3750,1,0,1,2
0.3320,177.3750,-5.1250,504.9191,4243.4687,1973.1234,4706.9296,-1.4600,0.0600,-0.2200,1.4777,-0.5800,-0.2400,-9.9800,23,5.1875,-21.3750,26.6875,1,0,1,2
0.3560,178.0625,-6.5625,182.6303,4243.4687,1944.4755,4671.3344,-1.4100,-0.1600,-0.4300,1.4828,-0.2900,-0.4900,-10.1700,23,5.1875,-21.3750,26.6875,1,0,1,2
0.3730,178.6875,-8.0000,10.7430,4297.1835,1890.7607,4694.7714,-1.4700,-0.4800,-0.5100,1.6283,-0.1000,-0.8300,-10.2100,23,5.1875,-21.3750,26.6875,1,0,1,2
0.3980,178.6875,-9.4375,-7.1620,4361.6411,1729.6163,4692.0717,-1.4600,-0.6800,-0.3700,1.6525,0.1400,-1.0500,-10.0400,23,2.6875,-21.0000,25.0625,1,0,1,2
0.4180,179.2500,-10.8750,-28.6479,4393.8701,1500.4332,4643.0825,-1.4900,-0.6900,-0.2200,1.6567,0.3600,-1.0700,-9.8400,23,2.6875,-21.0000,25.0625,1,0,1,2
0.4380,179.2500,-12.3750,-32.2289,4415.3559,1321.3839,4608.9545,-1.4500,-0.2600,-0.1300,1.4789,0.6500,-0.6600,-9.7000,23,-0.0625,-21.3750,26.2500,1,0,1,2
0.4580,179.6875,-13.8750,-171.8873,4447.5849,1242.6021,4621.1054,-1.4500,-0.0100,-0.0600,1.4513,0.9000,-0.4100,-9.5800,23,-0.0625,-21.3750,26.2500,1,0,1,2
0.4790,180.1875,-15.3125,-361.6796,4444.0039,1246.1832,4629.5737,-1.3900,-0.2200,0.1700,1.4175,1.2000,-0.6300,-9.2600,23,-3.0625,-21.0000,25.5625,1,0,1,2
0.5000,180.3125,-16.8125,-350.9367,4397.4511,1221.1163,4577.3198,-1.4300,-0.4200,0.4500,1.5569,1.5200,-0.8300,-8.8500,23,-3.0625,-21.0000,25.5625,1,0,1,2
0.5200,180.7500,-18.2500,-293.6409,4290.0214,1131.5916,4446.4599,-1.2800,-0.3500,0.8800,1.5923,1.9000,-0.7600,-8.3700,23,-3.0625,-21.0000,25.5625,1,0,1,2
0.5400,180.8750,-19.6250,-451.2043,4121.7153,1031.3240,4272.6752,-1.3300,-0.5000,1.0700,1.7787,2.0700,-0.9000,-8.1100,23,-5.2500,-21.0625,26.0625,1,0,1,2
0.5650,181.2500,-20.9375,-637.4155,3785.1025,802.1409,3921.3173,-1.2800,-0.4900,1.1700,1.8021,2.3200,-0.8800,-7.9200,23,-5.2500,-21.0625,26.0625,1,0,1,2
0.5820,181.5625,-22.1875,-490.5951,3563.0812,719.7783,3668.0122,-1.2700,-0.1800,1.1300,1.7094,2.5300,-0.5600,-7.8900,23,-6.3750,-21.5000,25.3750,1,0,1,2
0.6060,181.5625,-23.9375,-408.2324,3358.9650,752.0072,3466.2392,-1.2300,0.0400,1.0900,1.6440,2.7400,-0.3100,-7.8500,23,-6.3750,-21.5000,25.3750,1,0,1,2
0.6230,181.8750,-25.0000,-300.8029,3176.3347,812.8839,3292.4707,-1.3800,0.1200,0.9500,1.6797,2.7600,-0.2400,-7.9200,23,-6.3750,-21.5000,25.3750,1,0,1,2
0.6440,181.9375,-26.0625,-196.9542,3111.8769,895.2466,3244.0769,-1.2000,0.1300,0.9600,1.5422,3.1000,-0.2400,-7.8300,23,-8.5625,-20.6875,24.5625,1,0,1,2
0.6670,182.2500,-27.0625,-146.8204,3004.4475,934.6374,3149.8901,-1.1500,0.0100,1.1000,1.5914,3.3100,-0.3700,-7.6100,23,-8.5625,-20.6875,24.5625,1,0,1,2
0.6880,182.2500,-28.0625,39.3908,2843.3029,823.6268,2960.4536,-1.1700,-0.2300,1.3700,1.8162,3.4400,-0.6500,-7.2600,23,-9.7500,-21.7500,24.3750,2,0,1,2
0.7090,182.5000,-28.9375,300.8029,2621.2819,755.5881,2744.5427,-1.0200,-0.0300,1.5000,1.8142,3.7200,-0.4700,-7.0600,23,-9.7500,-21.7500,24.3750,2,0,1,2
0.7290,182.6875,-29.7500,290.0599,2367.0319,623.0916,2464.7956,-0.7800,0.4100,1.5700,1.8004,4.0800,-0.0700,-6.9200,23,-9.7500,-21.7500,24.3750,2,0,1,2
0.7500,182.8125,-30.5000,-53.7148,2166.4965,648.1585,2262.0129,-0.7900,0.5300,1.5300,1.8016,4.1800,0.0300,-6.9000,23,-12.0000,-21.7500,23.1875,2,0,1,2
0.7710,183.1250,-31.1250,-461.9472,1987.4473,755.5881,2175.8344,-0.7900,-0.2100,1.2200,1.4685,4.2800,-0.8800,-7.2100,23,-12.0000,-21.7500,23.1875,2,0,1,2
0.7900,183.4375,-31.7500,-483.4331,1840.6269,694.7114,2025.8920,-0.8300,-0.5000,1.0600,1.4361,4.3300,-1.0000,-7.2500,23,-13.8750,-20.6875,22.8750,2,0,1,2
0.8120,183.6875,-32.3750,-444.0423,1740.3593,569.3768,1884.2011,-0.7300,-0.2900,0.7400,1.0792,4.5500,-0.7900,-7.4900,23,-13.8750,-20.6875,22.8750,2,0,1,2
0.8320,183.9375,-32.9375,-447.6233,1668.7396,454.7853,1786.5855,-0.7400,-0.2500,0.6300,1.0035,4.6300,-0.7400,-7.5500,23,-13.8750,-21.0625,23.0000,2,0,1,2
0.8560,183.9375,-33.4375,-411.8134,1586.3769,297.2219,1665.6898,-0.5900,0.0700,0.5000,0.7765,4.8500,-0.4000,-7.6300,23,-13.8750,-21.0625,23.0000,2,0,1,2
0.8760,184.1875,-34.2500,-658.9015,1511.1761,282.8979,1672.6732,-0.6700,0.2000,0.5300,0.8774,4.8400,-0.2500,-7.5500,23,-13.8750,-21.0625,23.0000,2,0,1,2
0.8930,184.2500,-34.5000,-948.9614,1432.3945,286.4789,1741.9392,-0.7900,-0.2600,0.4700,0.9553,4.7900,-0.6800,-7.5700,23,-15.3750,-21.0625,21.3750,2,0,1,2
0.9170,184.5625,-35.1875,-780.6550,1303.4790,225.6021,1536.0260,-0.7200,-0.6100,0.4100,1.0289,4.9200,-1.0100,-7.5900,23,-15.3750,-21.0625,21.3750,2,0,1,2
0.9380,184.5625,-35.5625,-318.7078,1153.0776,125.3345,1202.8596,-0.8100,-0.4800,0.3900,1.0191,4.8800,-0.8600,-7.5600,23,-15.0000,-21.0625,21.0625,2,0,1,2
0.9590,184.6250,-35.9375,-60.8768,1045.6479,50.1338,1048.6176,-0.8300,-0.1600,0.3600,0.9187,4.9100,-0.5400,-7.5600,23,-15.0000,-21.0625,21.0625,2,0,1,2
0.9780,184.6250,-36.2500,42.9718,941.7994,14.3239,942.8880,-0.7500,-0.2100,0.2500,0.8180,5.0500,-0.5900,-7.6400,23,-15.0000,-21.0625,21.0625,2,0,1,2
0.9990,184.5625,-36.5625,297.2219,895.2466,0.0000,943.2960,-0.8100,-0.2100,0.1900,0.8581,5.0200,-0.6000,-7.6700,23,-16.2500,-20.6875,21.0625,2,0,1,2
1.0200,184.5000,-36.7500,487.0141,902.4085,-21.4859,1025.6634,-0.6100,0.1500,0.2600,0.6799,5.2500,-0.2500,-7.5700,23,-16.2500,-20.6875,21.0625,2,0,1,2
1.0400,184.5000,-37.0625,186.2113,891.6656,-57.2958,912.7020,-0.6500,0.3500,0.4000,0.8396,5.2500,-0.0700,-7.4000,23,-17.2500,-21.0625,21.5000,3,0,1,2
1.0610,184.5000,-37.3750,-333.0317,884.5036,-42.9718,946.0990,-0.8400,0.0100,0.3100,0.8954,5.1000,-0.3900,-7.4600,23,-17.2500,-21.0625,21.5000,3,0,1,2
1.0810,184.5625,-37.6875,-469.1092,873.7606,-21.4859,991.9591,-0.8200,-0.2100,0.3300,0.9085,5.1600,-0.6000,-7.4100,23,-17.2500,-21.0625,21.5000,3,0,1,2
1.1020,184.5625,-37.9375,-386.7465,841.5318,-10.7430,926.2095,-0.5800,-0.1700,0.5100,0.7908,5.4500,-0.5500,-7.2100,23,-17.1875,-21.7500,21.1875,3,0,1,2
1.1220,184.6250,-38.1875,-261.4120,726.9402,-21.4859,772.8130,-0.7200,0.0200,0.5600,0.9124,5.3500,-0.3300,-7.1200,23,-17.1875,-21.7500,21.1875,3,0,1,2
1.1420,184.6250,-38.3750,-64.4578,580.1198,10.7430,583.7886,-0.7400,0.0600,0.5100,0.9007,5.3700,-0.2900,-7.1600,23,-18.0000,-22.1875,21.1875,3,0,1,2
1.1630,184.6250,-38.5000,218.4402,454.7853,71.6197,509.5833,-0.5200,0.1600,0.4300,0.6935,5.5900,-0.2100,-7.2100,23,-18.0000,-22.1875,21.1875,3,0,1,2
1.1830,184.6250,-38.6250,426.1374,343.7747,103.8486,557.2779,-0.5400,0.2300,0.4100,0.7160,5.5000,-0.1300,-7.2000,23,-18.0000,-22.1875,21.2500,3,0,1,2
1.2040,184.5000,-38.6875,601.6057,236.3451,146.8204,662.8308,-0.5300,0.3700,0.3500,0.7351,5.5900,-0.0400,-7.2800,23,-18.0000,-22.1875,21.2500,3,0,1,2
1.2240,184.5000,-38.6875,529.9860,136.0775,200.5352,582.7664,-0.3900,0.4000,0.2300,0.6042,5.7300,-0.0300,-7.3900,23,-18.0000,-22.1875,21.2500,3,0,1,2
1.2450,184.5000,-38.6875,304.3838,143.2395,193.3733,388.0210,-0.3700,0.3300,0.0500,0.4983,5.7600,-0.1100,-7.5700,23,-18.5625,-20.6875,20.8750,3,0,1,2
1.2650,184.5625,-38.7500,-343.7747,225.6021,78.7817,418.6692,-0.4000,0.1200,-0.0700,0.4234,5.7400,-0.3100,-7.7000,23,-18.5625,-20.6875,20.8750,3,0,1,2
1.2860,184.5625,-38.8125,-343.7747,261.4120,-28.6479,432.8256,-0.4700,-0.1100,-0.1200,0.4974,5.6800,-0.5300,-7.7400,23,-19.0000,-21.7500,20.5625,3,0,1,2
1.3070,184.6250,-38.9375,-60.8768,300.8029,-168.3063,350.0220,-0.5400,-0.1300,-0.0900,0.5627,5.6300,-0.5400,-7.7000,23,-19.0000,-21.7500,20.5625,3,0,1,2
1.3270,184.5000,-39.0625,250.6690,307.9648,-261.4120,475.4088,-0.6600,0.0600,0.0800,0.6675,5.5200,-0.3300,-7.5100,23,-19.0000,-21.7500,20.5625,3,0,1,2
1.3470,184.3125,-39.1875,179.0493,282.8979,-257.8310,422.5716,-0.4000,0.2500,0.1500,0.4950,5.7800,-0.1500,-7.4300,23,-18.5625,-21.7500,21.7500,3,0,1,2
1.3680,184.2500,-39.2500,-50.1338,247.0881,-139.6585,288.2193,-0.3700,0.3000,0.1500,0.4994,5.8300,-0.0900,-7.4200,23,-18.5625,-21.7500,21.7500,3,0,1,2
1.3880,184.2500,-39.3125,-272.1550,189.7923,-107.4296,348.7557,-0.3800,0.3600,0.2300,0.5718,5.8300,-0.0100,-7.3300,23,-17.8750,-21.5000,20.2500,3,0,1,2
1.4090,184.2500,-39.3125,-311.5458,136.0775,-25.0669,340.8904,-0.4800,0.3100,0.1000,0.5801,5.7300,-0.0400,-7.4600,23,-17.8750,-21.5000,20.2500,3,0,1,2
1.4290,184.3125,-39.3125,-128.9155,103.8486,53.7148,174.0374,-0.4500,0.2400,0.0800,0.5162,5.7600,-0.1000,-7.4900,23,-17.8750,-21.5000,20.2500,3,0,1,2
1.4460,184.3125,-39.3125,-28.6479,64.4578,96.6866,119.6821,-0.3700,0.3600,0.1900,0.5501,5.8300,0.0100,-7.3800,23,-18.1875,-21.7500,20.2500,3,0,1,2
1.4660,184.3125,-39.3125,-150.4014,-7.1620,153.9824,215.3659,-0.3900,0.2700,0.2700,0.5458,5.8100,-0.0600,-7.3000,23,-18.1875,-21.7500,20.2500,3,0,1,2
1.4870,184.4375,-39.2500,-157.5634,-121.7535,189.7923,275.0841,-0.3800,0.1400,0.3100,0.5100,5.8200,-0.1800,-7.2700,23,-19.0000,-21.0625,21.0000,3,0,1,2
1.5080,184.5000,-39.1250,-85.9437,-218.4402,193.3733,304.1310,-0.4400,0.2400,0.2800,0.5741,5.7400,-0.0800,-7.3000,23,-19.0000,-21.0625,21.0000,3,0,1,2
1.5280,184.5625,-39.0000,-229.1831,-315.1268,214.8592,444.9655,-0.4600,0.0800,0.1700,0.4969,5.7100,-0.2300,-7.4300,23,-19.0000,-21.0625,21.0000,3,0,1,2
1.5470,184.6875,-38.8750,-365.2606,-379.5845,89.5247,534.3355,-0.4400,-0.4300,-0.0400,0.6165,5.7100,-0.7400,-7.6600,23,-19.6875,-21.5000,21.5000,3,0,1,2
1.5690,184.6875,-38.7500,-204.1162,-418.9754,-118.1725,480.7999,-0.4400,-0.2800,-0.0900,0.5292,5.6900,-0.5800,-7.7300,23,-19.6875,-21.5000,21.5000,3,0,1,2
1.5890,184.5625,-38.6250,-89.5247,-408.2324,-236.3451,480.1327,-0.4300,0.3800,-0.0400,0.5752,5.6800,0.0900,-7.6900,23,-18.5625,-21.5000,21.3750,3,0,1,2
1.6100,184.5000,-38.5000,-322.2888,-401.0705,-189.7923,548.4056,-0.4400,0.6700,0.0700,0.8046,5.6600,0.4000,-7.5900,23,-18.5625,-21.5000,21.3750,3,0,1,2
1.6300,184.5625,-38.3125,-637.4155,-458.3663,-42.9718,786.2854,-0.4600,0.4900,0.1400,0.6865,5.6200,0.2500,-7.5400,23,-18.5625,-21.5000,21.3750,3,0,1,2
1.6500,184.6250,-38.1875,-759.1691,-537.1480,10.7430,930.0436,-0.3500,0.0600,-0.0300,0.3564,5.7000,-0.1300,-7.7400,23,-18.5625,-21.0625,20.6875,3,0,1,2
1.6720,184.6875,-38.0000,-444.0423,-565.7958,-32.2289,719.9564,-0.3700,-0.0100,-0.1500,0.3994,5.6600,-0.1900,-7.8700,23,-18.5625,-21.0625,20.6875,3,0,1,2
1.6910,184.7500,-37.7500,28.6479,-633.8346,-17.9049,634.7343,-0.3900,0.3100,-0.0300,0.4991,5.6100,0.1300,-7.7800,23,-18.5625,-22.1875,20.2500,3,0,1,2
1.7130,184.6875,-37.5625,75.2007,-698.2923,53.7148,704.3810,-0.3300,0.4400,-0.1800,0.5787,5.6600,0.1500,-8.0300,23,-18.5625,-22.1875,20.2500,3,0,1,2
1.7320,184.7500,-37.2500,-35.8099,-762.7501,107.4296,771.1103,-0.2700,0.2700,-0.3200,0.4982,5.6600,0.0800,-8.1100,23,-18.1875,-22.1875,21.3750,3,0,1,2
1.7530,184.7500,-37.0000,7.1620,-748.4262,125.3345,758.8819,-0.2900,0.2100,-0.3900,0.5294,5.5800,0.0700,-8.2000,23,-18.1875,-22.1875,21.3750,3,0,1,2
1.7770,184.8125,-36.7500,-107.4296,-748.4262,143.2395,769.5456,-0.2800,0.2500,-0.3000,0.4805,5.5600,0.0600,-8.1600,23,-18.1875,-22.1875,21.3750,3,0,1,2
1.7940,184.8125,-36.4375,-179.0493,-762.7501,132.4965,794.6079,-0.2700,-0.1300,-0.4300,0.5241,5.5300,-0.3100,-8.3300,23,-17.8750,-22.1875,21.3750,3,0,1,2
1.8180,184.8750,-36.1250,-136.0775,-787.8170,28.6479,799.9959,-0.2400,-0.1900,-0.5400,0.6207,5.5200,-0.3700,-8.4600,23,-17.8750,-22.1875,21.3750,3,0,1,2
1.8360,184.8750,-35.8750,7.1620,-769.9121,-46.5528,771.3515,-0.2100,0.0800,-0.6400,0.6783,5.5100,-0.0800,-8.6000,23,-17.8750,-21.5000,21.5000,3,0,1,2
1.8590,184.8750,-35.6250,-103.8486,-709.0353,-78.7817,720.9176,-0.2400,0.3000,-0.6200,0.7294,5.4500,0.1300,-8.6000,23,-17.8750,-21.5000,21.5000,3,0,1,2
1.8790,184.8750,-35.2500,-393.9085,-658.9015,-75.2007,771.3431,-0.2600,0.1700,-0.6500,0.7204,5.4000,0.0200,-8.6600,23,-17.8750,-21.5000,21.5000,3,0,1,2
1.8960,184.8125,-35.0000,-433.2994,-612.3486,-78.7817,754.2717,-0.3200,0.0800,-0.5400,0.6328,5.3000,-0.0300,-8.5700,23,-17.8750,-21.7500,23.0000,3,0,1,2
1.9170,184.8125,-34.6875,-275.7359,-605.1867,-50.1338,666.9293,-0.3300,0.0300,-0.4800,0.5833,5.2500,-0.0600,-8.5400,23,-17.8750,-21.7500,23.0000,3,0,1,2
1.9370,184.8125,-34.5625,-118.1725,-576.5388,-28.6479,589.2219,-0.3000,0.0700,-0.4700,0.5620,5.2400,-0.0200,-8.5600,23,-17.0625,-22.5625,21.3750,3,0,1,2
1.9580,184.8125,-34.1875,-157.5634,-544.3099,-64.4578,570.3107,-0.2100,0.0100,-0.3900,0.4431,5.2900,-0.0700,-8.5000,23,-17.0625,-22.5625,21.3750,3,0,1,2
1.9780,184.8125,-33.9375,-136.0775,-533.5670,-89.5247,557.8759,-0.2200,-0.0300,-0.3500,0.4145,5.2500,-0.1100,-8.4800,23,-17.0625,-22.5625,21.3750,3,0,1,2
1.9990,184.7500,-33.7500,-96.6866,-490.5951,-114.5916,512.9943,-0.2500,0.0900,-0.3100,0.4083,5.1900,0.0200,-8.4600,23,-16.3750,-22.1875,21.7500,3,0,1,2
2.0190,184.7500,-33.5625,-325.8698,-454.7853,-146.8204,578.4263,-0.2300,0.0500,-0.2000,0.3089,5.1900,0.0000,-8.3700,23,-16.3750,-22.1875,21.7500,3,0,1,2
2.0390,184.6875,-33.3750,-461.9472,-465.5282,-186.2113,681.7525,-0.2600,-0.2600,-0.1200,0.3868,5.1200,-0.2900,-8.3100,23,-16.0625,-22.5625,21.0000,3,0,1,2
2.0600,184.6875,-33.1250,-297.2219,-508.5001,-279.3169,651.8674,-0.2000,-0.1700,-0.1100,0.2846,5.1500,-0.1800,-8.3200,23,-16.0625,-22.5625,21.0000,3,0,1,2
2.0810,184.5625,-32.9375,-261.4120,-555.0529,-329.4508,696.3890,-0.2100,0.1700,-0.0500,0.2748,5.1100,0.1900,-8.2800,23,-16.0625,-22.5625,21.0000,3,0,1,2
2.1000,184.5000,-32.7500,-454.7853,-583.7008,-358.0986,822.0528,-0.2600,0.0100,-0.1100,0.2825,5.0400,0.0600,-8.3600,23,-16.6875,-22.1875,22.1875,3,0,1,2
2.1220,184.4375,-32.5625,-451.2043,-619.5106,-393.9085,861.7091,-0.2900,-0.0500,-0.2000,0.3558,4.9800,0.0200,-8.4600,23,-16.6875,-22.1875,22.1875,3,0,1,2
2.1420,184.1875,-32.3125,-261.4120,-637.4155,-408.2324,800.8049,-0.2200,0.0600,-0.1800,0.2905,5.0200,0.1800,-8.4600,23,-15.2500,-23.0000,22.1875,3,0,1,2
2.1620,184.0625,-32.0625,-179.0493,-637.4155,-401.0705,774.0896,-0.2200,0.3100,-0.0400,0.3822,4.9900,0.4400,-8.3400,23,-15.2500,-23.0000,22.1875,3,0,1,2
2.1830,184.0000,-31.8750,-300.8029,-669.6444,-354.5177,815.2232,-0.2300,0.3200,0.0000,0.3941,4.9400,0.4700,-8.3100,23,-15.2500,-23.0000,22.1875,3,0,1,2
2.2040,183.8750,-31.6250,-422.5564,-719.7783,-311.5458,890.8959,-0.2100,0.2100,-0.0200,0.2977,4.9200,0.4000,-8.3700,23,-15.6875,-23.0000,22.5625,3,0,1,2
2.2240,183.8125,-31.3125,-272.1550,-805.7219,-272.1550,892.9302,-0.2200,0.1800,-0.0600,0.2905,4.8700,0.3900,-8.4300,23,-15.6875,-23.0000,22.5625,3,0,1,2
2.2440,183.6250,-31.0000,-60.8768,-859.4367,-218.4402,888.8496,-0.1900,0.2000,-0.1700,0.3240,4.8600,0.4400,-8.5700,23,-14.8750,-22.5000,23.0000,3,0,1,2
2.2650,183.5625,-30.6875,53.7148,-852.2747,-171.8873,871.0928,-0.1200,0.1600,-0.1600,0.2561,4.8800,0.4000,-8.5900,23,-14.8750,-22.5000,23.0000,3,0,1,2
2.2810,183.5000,-30.3750,103.8486,-848.6937,-157.5634,869.4204,-0.1900,0.2600,0.0500,0.3259,4.7600,0.5100,-8.3900,23,-14.8750,-22.5000,23.0000,3,0,1,2
2.3020,183.4375,-30.0625,-42.9718,-870.1797,-136.0775,881.8029,-0.1900,0.3600,0.0800,0.4148,4.7200,0.6200,-8.3900,23,-14.8750,-23.1875,21.3750,3,0,1,2
2.3260,183.4375,-29.7500,-250.6690,-909.5705,-89.5247,947.7174,-0.1900,0.0200,-0.0500,0.1975,4.6700,0.2900,-8.5600,23,-14.8750,-23.1875,21.3750,3,0,1,2
2.3430,183.3750,-29.4375,-100.2676,-945.3804,-78.7817,953.9414,-0.2200,-0.1300,0.0100,0.2557,4.5900,0.1400,-8.5100,23,-14.1875,-23.6875,21.7500,3,0,1,2
2.3670,183.3750,-29.1250,128.9155,-977.6093,-100.2676,991.1572,-0.2800,0.1800,0.1300,0.3574,4.4900,0.5300,-8.3800,23,-14.1875,-23.6875,21.7500,3,0,1,2
2.3840,183.3125,-28.7500,3.5810,-1045.6479,-96.6866,1050.1146,-0.1800,0.2800,0.1800,0.3784,4.5400,0.5600,-8.4000,23,-13.3750,-23.6875,23.3750,3,0,1,2
2.4080,183.1250,-28.3750,-225.6021,-1117.2677,-71.6197,1142.0651,-0.2500,-0.1600,-0.0400,0.2995,4.3500,-0.0400,-8.7800,23,-13.3750,-23.6875,23.3750,3,0,1,2
2.4290,183.1250,-28.0000,17.9049,-1145.9156,-189.7923,1161.6644,-0.1600,-0.2700,-0.3500,0.4701,4.4100,0.0200,-9.0200,23,-13.3750,-23.6875,23.3750,3,0,1,2
2.4490,183.0000,-27.6250,143.2395,-1131.5916,-222.0211,1162.0286,-0.1800,0.1200,-0.4000,0.4548,4.3300,0.4300,-9.1000,23,-13.3750,-22.8750,21.8750,3,0,1,2
2.4700,182.9375,-27.2500,42.9718,-1031.3240,-239.9261,1059.7360,-0.1300,0.2900,-0.3600,0.4802,4.3200,0.5900,-9.0800,23,-13.3750,-22.8750,21.8750,3,0,1,2
2.4910,182.8750,-26.8750,-290.0599,-1009.8381,-214.8592,1072.4141,-0.1700,0.2200,-0.4500,0.5290,4.2300,0.5500,-9.2100,23,-12.2500,-23.5625,23.5000,3,0,1,2
2.5110,182.6250,-26.3750,-393.9085,-956.1234,-193.3733,1052.0118,-0.1600,0.0700,-0.4700,0.5014,4.2000,0.4200,-9.2500,23,-12.2500,-23.5625,23.5000,3,0,1,2
2.5310,182.5625,-26.0000,-225.6021,-923.8945,-171.8873,966.4484,-0.2000,0.1300,-0.3800,0.4487,4.0900,0.5000,-9.1800,23,-12.2500,-23.5625,23.5000,3,0,1,2
2.5480,182.3125,-25.6875,-139.6585,-920.3135,-132.4965,940.2322,-0.1800,0.1800,-0.3600,0.4409,4.0600,0.5700,-9.1800,23,-11.5625,-23.1875,23.5000,3,0,1,2
2.5730,182.3125,-25.3125,-143.2395,-934.6374,-93.1056,950.1228,-0.1300,0.0000,-0.3400,0.3640,4.0600,0.4000,-9.2000,23,-11.5625,-23.1875,23.5000,3,0,1,2
2.5890,182.3125,-25.1875,-114.5916,-941.7994,-107.4296,954.8081,-0.1200,0.0200,-0.4300,0.4469,4.0200,0.4300,-9.3100,23,-12.2500,-23.5625,23.8750,3,0,1,2
2.6130,182.2500,-24.6250,-82.3627,-916.7325,-93.1056,925.1220,-0.1300,0.2300,-0.4700,0.5392,3.9500,0.6500,-9.3700,23,-12.2500,-23.5625,23.8750,3,0,1,2
2.6290,182.2500,-24.3125,-196.9542,-873.7606,-50.1338,897.0853,-0.1300,0.2400,-0.4700,0.5435,3.9000,0.6700,-9.3900,23,-12.2500,-23.5625,23.8750,3,0,1,2
2.6500,182.1875,-24.0000,-343.7747,-845.1127,-14.3239,912.4702,-0.1400,-0.0300,-0.2700,0.3056,3.8400,0.4100,-9.2100,23,-11.1875,-23.1875,23.0625,3,0,1,2
2.6740,182.2500,-23.6875,-340.1937,-855.8557,-25.0669,921.3301,-0.2100,-0.2600,-0.2400,0.4115,3.7300,0.2000,-9.2000,23,-11.1875,-23.1875,23.0625,3,0,1,2
2.6910,182.1875,-23.4375,-82.3627,-873.7606,-60.8768,879.7427,-0.1700,-0.3400,-0.3300,0.5034,3.7200,0.1300,-9.3200,23,-10.8750,-23.1875,23.5000,3,0,1,2
2.7120,182.1250,-23.1250,57.2958,-848.6937,-139.6585,862.0142,-0.1500,-0.0300,-0.3000,0.3367,3.6900,0.4400,-9.3000,23,-10.8750,-23.1875,23.5000,3,0,1,2
2.7320,182.1250,-22.8125,-161.1444,-837.9508,-157.5634,867.7300,-0.1400,0.1200,-0.2300,0.2948,3.6600,0.6000,-9.2500,23,-10.8750,-23.1875,23.5000,3,0,1,2
2.7520,182.0000,-22.5625,-340.1937,-830.7888,-153.9824,910.8526,-0.1200,0.0000,-0.2100,0.2419,3.6300,0.5000,-9.2500,23,-10.8750,-22.8750,24.2500,3,0,1,2
2.7740,182.0000,-22.2500,-264.9930,-834.3698,-150.4014,888.2651,-0.1900,-0.0100,-0.1900,0.2689,3.5200,0.5000,-9.2500,23,-10.8750,-22.8750,24.2500,3,0,1,2
2.7940,181.9375,-21.9375,-143.2395,-848.6937,-118.1725,868.7712,-0.1300,-0.0600,-0.1500,0.2074,3.5300,0.4700,-9.2300,23,-10.0625,-24.0000,24.2500,3,0,1,2
2.8140,181.9375,-21.6250,-89.5247,-837.9508,-132.4965,853.0718,-0.0700,-0.0400,-0.5200,0.5262,3.5400,0.4900,-9.6200,23,-10.0625,-24.0000,24.2500,3,0,1,2
2.8340,181.8750,-21.3750,3.5810,-734.1022,-125.3345,744.7332,-0.0800,0.0100,-0.6400,0.6451,3.4900,0.5600,-9.7500,23,-10.0625,-24.0000,24.2500,3,0,1,2
2.8550,181.8750,-21.1875,57.2958,-608.7677,-93.1056,618.5059,-0.1100,0.1900,-0.5100,0.5552,3.4300,0.7400,-9.6400,23,-9.6875,-23.5625,23.8750,3,0,1,2
2.8790,181.8750,-20.9375,-68.0387,-555.0529,-42.9718,560.8561,-0.1100,0.1100,-0.4100,0.4385,3.3800,0.5800,-9.4200,23,-9.6875,-23.5625,23.8750,3,0,1,2
2.8960,181.8750,-20.7500,-193.3733,-526.4050,-57.2958,563.7182,-0.1100,-0.0900,-0.1800,0.2293,3.3600,0.4600,-9.3300,23,-9.3750,-24.0000,24.2500,3,0,1,2
2.9200,181.8125,-20.5625,-157.5634,-526.4050,-96.6866,557.9218,-0.1500,-0.0100,-0.0400,0.1556,3.2800,0.5600,-9.2000,23,-9.3750,-24.0000,24.2500,3,0,1,2
2.9360,181.8125,-20.3750,28.6479,-569.3768,-82.3627,576.0159,-0.1400,0.0600,-0.0500,0.1603,3.2800,0.6300,-9.2300,23,-9.0000,-23.5625,23.8750,3,0,1,2
2.9580,181.8125,-20.1875,182.6303,-608.7677,-53.7148,637.8378,-0.0600,0.1400,-0.1500,0.2138,3.3000,0.7700,-9.3600,23,-9.0000,-23.5625,23.8750,3,0,1,2
2.9790,181.8125,-19.9375,132.4965,-633.8346,-25.0669,648.0200,-0.0500,0.1800,-0.2700,0.3283,3.2800,0.7500,-9.4700,23,-9.0000,-23.5625,23.8750,3,0,1,2
2.9980,181.8125,-19.7500,-71.6197,-619.5106,-14.3239,623.8012,-0.0600,0.0100,-0.2900,0.2963,3.2300,0.5800,-9.5000,23,-9.0000,-24.3750,24.2500,3,0,1,2
3.0190,181.8125,-19.5000,-143.2395,-605.1867,-21.4859,622.2782,-0.0900,-0.0300,-0.2600,0.2768,3.1700,0.5400,-9.4900,23,-9.0000,-24.3750,24.2500,3,0,1,2
3.0390,181.8125,-19.3125,17.9049,-598.0247,-28.6479,598.9782,-0.0800,0.0600,-0.2400,0.2600,3.1200,0.7700,-9.4700,23,-8.1875,-24.0000,24.5625,3,0,1,2
3.0600,181.8125,-19.1250,0.0000,-572.9578,-17.9049,573.2375,-0.0900,0.0900,-0.3100,0.3351,3.1000,0.6700,-9.5700,23,-8.1875,-24.0000,24.5625,3,0,1,2
3.0790,181.8125,-18.9375,-143.2395,-540.7290,25.0669,559.9407,-0.0600,-0.0300,-0.3000,0.3074,3.1000,0.5500,-9.5600,23,-8.1875,-24.0000,24.5625,3,0,1,2
3.1010,181.8125,-18.7500,-107.4296,-537.1480,14.3239,547.9729,-0.1100,0.0300,-0.2500,0.2748,3.0200,0.6200,-9.5200,23,-7.5625,-24.0000,25.1875,3,0,1,2
3.1210,181.8750,-18.5625,-25.0669,-558.6339,32.2289,560.1239,-0.0600,0.0000,-0.3100,0.3158,3.0400,0.6000,-9.5900,23,-7.5625,-24.0000,25.1875,3,0,1,2
3.1410,181.8750,-18.3125,-14.3239,-537.1480,53.7148,540.0170,-0.1200,-0.0800,-0.3100,0.3419,2.9500,0.5100,-9.6000,23,-8.0000,-23.5625,24.3750,3,0,1,2
3.1610,181.8750,-18.1250,-21.4859,-526.4050,39.3908,528.3138,-0.1100,-0.1100,-0.3800,0.4106,2.9200,0.4700,-9.6800,23,-8.0000,-23.5625,24.3750,3,0,1,2
3.1820,181.8750,-17.9375,-85.9437,-529.9860,3.5810,536.9211,-0.0700,-0.0700,-0.4400,0.4510,2.9300,0.5100,-9.7500,23,-8.0000,-23.5625,24.3750,3,0,1,2
3.1990,181.9375,-17.7500,-136.0775,-504.9191,-10.7430,523.0447,-0.0100,-0.1500,-0.4700,0.4935,2.9600,0.4400,-9.7900,23,-8.0000,-23.5625,24.3750,3,0,1,2
3.2240,181.9375,-17.5625,-161.1444,-469.1092,-71.6197,501.1590,-0.1100,-0.1000,-0.3700,0.3987,2.8400,0.5000,-9.7000,23,-8.0000,-23.5625,24.3750,3,0,1,2
3.2400,181.8750,-17.4375,-107.4296,-469.1092,-85.9437,488.8669,-0.0600,-0.1300,-0.4400,0.4627,2.8500,0.4800,-9.7800,23,-8.0000,-23.5625,24.3750,3,0,1,2
3.2600,181.8750,-17.2500,-21.4859,-415.3944,-96.6866,427.0392,-0.0400,-0.0200,-0.5500,0.5518,2.8500,0.5800,-9.9000,23,-8.0000,-23.5625,24.3750,3,0,1,2
3.2810,181.8125,-17.0000,-60.8768,-347.3557,-121.7535,373.0762,0.0000,0.0600,-0.4600,0.4639,2.8700,0.6800,-9.8100,23,-8.0000,-23.5625,24.3750,3,0,1,2
3.3010,181.8125,-16.9375,-93.1056,-329.4508,-100.2676,356.7353,-0.0500,0.1000,-0.3400,0.3579,2.8000,0.7300,-9.7000,23,-6.7500,-24.0000,24.0000,3,0,1,2
3.3220,181.8125,-16.8750,-229.1831,-307.9648,-75.2007,391.1808,-0.0900,0.0000,-0.3200,0.3324,2.7300,0.6300,-9.6900,23,-6.7500,-24.0000,24.0000,3,0,1,2
3.3420,181.8125,-16.7500,-218.4402,-293.6409,-60.8768,371.0082,-0.0800,-0.0500,-0.1800,0.2032,2.7300,0.6000,-9.5500,23,-7.5000,-24.0000,24.3750,3,0,1,2
3.3620,181.8125,-16.6250,-111.0106,-307.9648,-42.9718,330.1701,-0.0500,-0.0400,-0.2000,0.2100,2.7400,0.6100,-9.5800,23,-7.5000,-24.0000,24.3750,3,0,1,2
3.3820,181.7500,-16.4375,-64.4578,-307.9648,-35.8099,316.6694,-0.0400,0.0000,-0.2400,0.2433,2.7300,0.6700,-9.6200,23,-7.5000,-24.0000,24.3750,3,0,1,2
3.4030,181.8125,-16.3750,-50.1338,-300.8029,-21.4859,305.7080,-0.0600,-0.0400,-0.2600,0.2698,2.7000,0.6200,-9.6400,23,-7.8750,-24.0000,24.6875,3,0,1,2
3.4230,181.8125,-16.3125,-53.7148,-272.1550,-21.4859,278.2360,-0.0400,-0.1100,-0.3000,0.3220,2.7000,0.5500,-9.6900,23,-7.8750,-24.0000,24.6875,3,0,1,2
3.4400,181.8125,-16.1250,-17.9049,-239.9261,-28.6479,242.2928,-0.0600,-0.1100,-0.2500,0.2796,2.6600,0.5600,-9.6400,23,-7.5000,-23.5625,24.0000,3,0,1,2
3.4650,181.8125,-16.0625,-32.2289,-225.6021,-53.7148,234.1373,-0.0600,-0.0700,-0.1400,0.1676,2.6500,0.5900,-9.5400,23,-7.5000,-23.5625,24.0000,3,0,1,2
3.4820,181.7500,-16.0000,-89.5247,-232.7641,-75.2007,260.4783,-0.0700,-0.1100,-0.1000,0.1643,2.6300,0.5600,-9.5000,23,-7.5000,-23.5625,24.0000,3,0,1,2
3.5020,181.7500,-15.9375,-46.5528,-250.6690,-100.2676,273.9630,-0.0700,-0.0300,-0.0700,0.1034,2.6100,0.6400,-9.4800,23,-7.0625,-24.0000,24.3750,3,0,1,2
3.5220,181.7500,-15.8125,-50.1338,-286.4789,-96.6866,306.4831,-0.0900,0.0100,-0.0200,0.0927,2.5700,0.6900,-9.4300,23,-7.0625,-24.0000,24.3750,3,0,1,2
3.5430,181.6875,-15.7500,-132.4965,-336.6127,-107.4296,377.3653,-0.0900,-0.0800,-0.0300,0.1241,2.5600,0.6000,-9.4500,23,-6.0000,-25.0625,23.5625,3,0,1,2
3.5630,181.6875,-15.5625,-89.5247,-379.5845,-111.0106,405.4904,-0.0700,-0.0600,-0.0700,0.1158,2.5500,0.6300,-9.4900,23,-6.0000,-25.0625,23.5625,3,0,1,2
3.5830,181.6250,-15.3750,-32.2289,-408.2324,-125.3345,428.2536,-0.0300,0.0900,-0.2400,0.2581,2.5700,0.7900,-9.6700,23,-6.0000,-25.0625,23.5625,3,0,1,2
3.6010,181.6250,-15.3125,3.5810,-390.3275,-89.5247,400.4786,0.0000,0.0800,-0.3500,0.3590,2.5800,0.7900,-9.7900,23,-7.0625,-23.5625,24.3750,3,0,1,2
3.6250,181.5625,-15.1875,3.5810,-336.6127,-64.4578,342.7474,0.0100,-0.0200,-0.3300,0.3308,2.5700,0.6700,-9.7700,23,-7.0625,-23.5625,24.3750,3,0,1,2
3.6450,181.5625,-15.0625,-60.8768,-279.3169,-78.7817,296.5308,0.0000,-0.0900,-0.2600,0.2751,2.5400,0.6100,-9.7000,23,-4.8750,-25.0625,24.6875,3,0,1,2
3.6660,181.5000,-14.9375,-96.6866,-264.9930,-111.0106,303.1385,-0.0200,-0.0200,-0.2100,0.2119,2.5000,0.6800,-9.6600,23,-4.8750,-25.0625,24.6875,3,0,1,2
3.6850,181.5000,-14.8750,-164.7254,-254.2500,-121.7535,326.4988,-0.0300,-0.0300,-0.0500,0.0656,2.4800,0.6800,-9.5000,23,-4.8750,-25.0625,24.6875,3,0,1,2
3.7030,181.4375,-14.7500,-93.1056,-286.4789,-107.4296,319.8124,-0.0500,-0.0300,-0.0400,0.0707,2.4400,0.6900,-9.4900,23,-5.6875,-24.6875,24.3750,3,0,1,2
3.7240,181.4375,-14.6250,-28.6479,-329.4508,-107.4296,347.7062,-0.0400,0.0900,-0.1500,0.1794,2.4300,0.8200,-9.6100,23,-5.6875,-24.6875,24.3750,3,0,1,2
3.7430,181.3750,-14.5000,-25.0669,-358.0986,-96.6866,371.7678,-0.0300,0.0900,-0.2300,0.2488,2.4200,0.8300,-9.7000,23,-5.6875,-24.6875,25.1875,3,0,1,2
3.7640,181.3750,-14.3750,-21.4859,-343.7747,-71.6197,351.8126,-0.0300,-0.0100,-0.3800,0.3813,2.4000,0.7200,-9.8500,23,-5.6875,-24.6875,25.1875,3,0,1,2
3.7840,181.3750,-14.3125,32.2289,-282.8979,-60.8768,291.1631,-0.0100,0.0700,-0.3300,0.3375,2.4000,0.8000,-9.8100,23,-5.6875,-24.6875,25.1875,3,0,1,2
3.8050,181.3750,-14.1875,-25.0669,-247.0881,-28.6479,250.0031,-0.0400,0.0900,-0.1600,0.1879,2.3600,0.8300,-9.6400,23,-5.0000,-24.3750,24.3750,3,0,1,2
3.8250,181.3750,-14.1250,-118.1725,-250.6690,-7.1620,277.2202,-0.0400,-0.1400,-0.1300,0.1952,2.3400,0.6000,-9.6100,23,-5.0000,-24.3750,24.3750,3,0,1,2
3.8430,181.3750,-14.0625,-39.3908,-279.3169,-50.1338,286.5013,0.0100,-0.2000,-0.1500,0.2502,2.3900,0.5400,-9.6300,23,-5.3750,-24.6875,24.6875,3,0,1,2
3.8670,181.3125,-13.8750,68.0387,-311.5458,-82.3627,329.3534,0.0000,-0.0500,-0.2300,0.2354,2.3600,0.6800,-9.7200,23,-5.3750,-24.6875,24.6875,3,0,1,2
3.8830,181.3125,-13.8125,3.5810,-297.2219,-114.5916,318.5669,-0.0200,-0.0400,-0.3300,0.3330,2.3100,0.7000,-9.8200,23,-5.3750,-24.6875,24.6875,3,0,1,2
3.9040,181.2500,-13.6875,-14.3239,-275.7359,-121.7535,301.7605,0.0000,0.1400,-0.3800,0.4050,2.3300,0.8900,-9.8800,23,-6.0625,-25.5000,24.6875,3,0,1,2
3.9240,181.2500,-13.6250,-100.2676,-225.6021,-71.6197,257.0589,0.0000,0.2000,-0.3300,0.3859,2.3000,0.9500,-9.8300,23,-6.0625,-25.5000,24.6875,3,0,1,2
3.9440,181.2500,-13.5625,-150.4014,-193.3733,-10.7430,245.2126,0.0000,0.0900,-0.3600,0.3711,2.2900,0.8600,-9.8600,23,-5.7500,-24.0000,24.0000,3,0,1,2
3.9650,181.2500,-13.4375,-71.6197,-150.4014,35.8099,170.3887,-0.0100,0.0100,-0.2900,0.2903,2.2700,0.7800,-9.7900,23,-5.7500,-24.0000,24.0000,3,0,1,2
3.9850,181.2500,-13.4375,50.1338,-150.4014,64.4578,171.1397,0.0100,0.0600,-0.1800,0.1900,2.2900,0.8300,-9.6900,23,-5.7500,-24.0000,24.0000,3,0,1,2
4.0060,181.3125,-13.3750,21.4859,-161.1444,75.2007,179.1209,0.0200,-0.0700,-0.1800,0.1942,2.2900,0.6800,-9.6900,23,-4.8750,-24.3750,24.6875,3,0,1,2
4.0260,181.3125,-13.3125,-46.5528,-182.6303,57.2958,196.9868,-0.0100,-0.1900,-0.2300,0.2985,2.2400,0.5600,-9.7400,23,-4.8750,-24.3750,24.6875,3,0,1,2
4.0460,181.3125,-13.2500,-35.8099,-164.7254,0.0000,168.5728,0.0100,-0.1300,-0.1100,0.1706,2.2600,0.6300,-9.6200,23,-5.6875,-24.3750,23.5625,3,0,1,2
4.0670,181.3125,-13.1875,-17.9049,-164.7254,-32.2289,168.8009,-0.0300,-0.0600,-0.1400,0.1552,2.2100,0.7000,-9.6500,23,-5.6875,-24.3750,23.5625,3,0,1,2
4.0880,181.3125,-13.1250,-42.9718,-182.6303,-57.2958,196.1714,-0.0300,-0.0100,-0.1100,0.1145,2.2000,0.7500,-9.6300,23,-5.6875,-24.3750,23.5625,3,0,1,2
4.1040,181.3125,-13.0625,-32.2289,-207.6972,-53.7148,216.9380,-0.0200,0.0300,-0.2000,0.2032,2.1900,0.8000,-9.7200,23,-4.5625,-25.0625,24.6875,3,0,1,2
4.1290,181.3125,-13.0000,-10.7430,-211.2782,-25.0669,213.0310,0.0100,0.0200,-0.2500,0.2510,2.2200,0.7900,-9.7700,23,-4.5625,-25.0625,24.6875,3,0,1,2
4.1460,181.3125,-12.9375,-21.4859,-193.3733,-14.3239,195.0898,-0.0200,-0.0100,-0.2400,0.2410,2.1700,0.7600,-9.7600,23,-4.8750,-24.6875,24.3750,3,0,1,2
4.1700,181.3125,-12.8750,-17.9049,-171.8873,-10.7430,173.1510,0.0200,-0.0900,-0.3400,0.3523,2.2100,0.6700,-9.8700,23,-4.8750,-24.6875,24.3750,3,0,1,2
4.1860,181.3125,-12.8125,10.7430,-132.4965,-32.2289,136.7824,0.0000,-0.0400,-0.2900,0.2927,2.1800,0.7200,-9.8100,23,-4.8750,-24.6875,24.3750,3,0,1,2
4.2070,181.3125,-12.7500,-71.6197,-111.0106,-60.8768,145.4603,0.0000,-0.0700,-0.1500,0.1655,2.1700,0.7000,-9.6900,23,-5.6875,-25.5000,25.1875,3,0,1,2
4.2310,181.2500,-12.7500,-82.3627,-103.8486,-78.7817,154.1905,-0.0100,0.0000,-0.0400,0.0412,2.1500,0.7700,-9.5800,23,-5.6875,-25.5000,25.1875,3,0,1,2
4.2480,181.2500,-12.6875,-50.1338,-146.8204,-78.7817,174.0006,-0.0200,0.0800,0.0300,0.0877,2.1300,0.8600,-9.4900,23,-5.2500,-24.6875,25.1875,3,0,1,2
4.2720,181.2500,-12.6250,-39.3908,-196.9542,-35.8099,204.0220,0.0000,0.1100,-0.1000,0.1487,2.1400,0.9000,-9.6300,23,-5.2500,-24.6875,25.1875,3,0,1,2
4.2890,181.2500,-12.5625,-28.6479,-225.6021,-14.3239,227.8644,0.0000,0.0000,-0.2000,0.2000,2.1300,0.7800,-9.7400,23,-5.2500,-24.6875,25.1875,3,0,1,2
4.3100,181.2500,-12.5000,3.5810,-211.2782,-10.7430,211.5814,0.0300,-0.0600,-0.2500,0.2588,2.1500,0.7100,-9.8000,23,-5.7500,-24.0000,24.3750,3,0,1,2
4.3340,181.2500,-12.4375,14.3239,-164.7254,-32.2289,168.4587,0.0000,-0.0200,-0.1200,0.1217,2.0900,0.7800,-9.6100,23,-5.7500,-24.0000,24.3750,3,0,1,2
4.3500,181.2500,-12.3750,-35.8099,-164.7254,-42.9718,173.9637,-0.0100,0.0200,-0.0600,0.0640,2.0900,0.8100,-9.6100,23,-4.8750,-24.3750,24.0000,3,0,1,2
4.3740,181.2500,-12.3125,-50.1338,-186.2113,-42.9718,197.5718,-0.0100,0.0300,-0.0900,0.0954,2.0700,0.8200,-9.6400,23,-4.8750,-24.3750,24.0000,3,0,1,2
4.3910,181.2500,-12.2500,-82.3627,-182.6303,-14.3239,200.8547,0.0000,0.0000,-0.0500,0.0500,2.0500,0.7100,-9.6100,23,-4.1875,-24.3750,25.1875,3,0,1,2
4.4150,181.2500,-12.1875,-89.5247,-189.7923,0.0000,209.8470,0.0000,-0.1800,-0.0900,0.2012,2.0600,0.6100,-9.6500,23,-4.1875,-24.3750,25.1875,3,0,1,2
4.4350,181.2500,-12.1250,21.4859,-229.1831,-53.7148,236.3722,0.0100,-0.1000,-0.2100,0.2328,2.0600,0.6900,-9.7700,23,-4.1875,-24.3750,25.1875,3,0,1,2
4.4530,181.2500,-12.0000,25.0669,-229.1831,-64.4578,239.3910,0.0000,0.0200,-0.1300,0.1315,2.0400,0.8300,-9.6900,23,-3.3750,-24.6875,24.3750,3,0,1,2
4.4760,181.1875,-11.9375,-68.0387,-200.5352,-71.6197,223.5465,-0.0100,0.0000,-0.0100,0.0141,2.0100,0.8000,-9.5700,23,-3.3750,-24.6875,24.3750,3,0,1,2
4.4930,181.1875,-11.8750,-85.9437,-214.8592,-57.2958,238.3980,0.0000,0.0000,-0.1400,0.1400,2.0200,0.8100,-9.7000,23,-3.3750,-25.7500,24.0000,3,0,1,2
4.5140,181.1875,-11.8125,14.3239,-247.0881,-39.3908,250.6179,0.0200,0.0100,-0.2400,0.2410,2.0300,0.8200,-9.8100,23,-3.3750,-25.7500,24.0000,3,0,1,2
4.5340,181.1875,-11.6875,14.3239,-222.0211,-25.0669,223.8904,-0.0100,0.1200,-0.1700,0.2083,1.9700,0.9400,-9.7400,23,-3.3750,-25.7500,24.0000,3,0,1,2
4.5540,181.1875,-11.6250,-60.8768,-204.1162,14.3239,213.4820,0.0700,0.0300,-0.2300,0.2423,2.0500,0.8500,-9.8100,23,-3.7500,-24.0000,24.7500,3,0,1,2
4.5750,181.1875,-11.5625,-39.3908,-204.1162,28.6479,209.8470,0.0900,-0.0600,-0.3200,0.3378,2.0600,0.7500,-9.9000,23,-3.7500,-24.0000,24.7500,3,0,1,2
4.5950,181.1875,-11.5000,75.2007,-171.8873,46.5528,193.3069,0.0900,-0.0200,-0.3500,0.3619,2.0400,0.7900,-9.9200,23,-4.2500,-24.0000,23.5625,3,0,1,2
4.6160,181.1875,-11.4375,82.3627,-96.6866,46.5528,135.2741,0.0500,0.1300,-0.1600,0.2121,2.0000,0.9400,-9.7400,23,-4.2500,-24.0000,23.5625,3,0,1,2
4.6360,181.2500,-11.3750,-53.7148,-82.3627,75.2007,123.7903,0.0000,-0.0200,0.1000,0.1020,1.9400,0.7900,-9.4700,23,-4.2500,-24.0000,23.5625,3,0,1,2
4.6570,181.2500,-11.3750,-35.8099,-132.4965,100.2676,169.9743,-0.0800,-0.2000,0.1500,0.2625,1.8400,0.6100,-9.4200,23,-3.7500,-25.0625,25.5000,3,0,1,2
4.6770,181.3125,-11.3125,125.3345,-218.4402,75.2007,262.8307,-0.0700,-0.1400,0.0800,0.1758,1.8500,0.6600,-9.4900,23,-3.7500,-25.0625,25.5000,3,0,1,2
4.6980,181.3125,-11.2500,107.4296,-229.1831,42.9718,256.7345,-0.0100,-0.0400,0.1300,0.1364,1.8900,0.7500,-9.4400,23,-4.6875,-25.0625,25.1875,3,0,1,2
4.7180,181.3125,-11.1250,-46.5528,-272.1550,3.5810,276.1310,0.0100,-0.1200,0.0200,0.1221,1.9100,0.6700,-9.5600,23,-4.6875,-25.0625,25.1875,3,0,1,2
4.7380,181.3125,-11.0625,-71.6197,-307.9648,-64.4578,322.6864,0.0000,-0.0900,-0.1100,0.1421,1.8800,0.7100,-9.7000,23,-4.6875,-25.0625,25.1875,3,0,1,2
4.7590,181.2500,-10.9375,-3.5810,-286.4789,-121.7535,311.2987,0.0200,0.1500,-0.1000,0.1814,1.8800,0.9600,-9.6900,23,-4.2500,-24.0000,24.3750,3,0,1,2
4.7800,181.2500,-10.8125,-53.7148,-279.3169,-125.3345,310.8247,-0.0300,0.4200,0.0300,0.4221,1.8100,1.2300,-9.5600,23,-4.2500,-24.0000,24.3750,3,0,1,2
4.8000,181.1875,-10.7500,-168.3063,-325.8698,-75.2007,374.3972,-0.0700,0.3900,0.0200,0.3967,1.7500,1.2100,-9.5700,23,-3.8750,-24.0000,24.6875,3,0,1,2
4.8210,181.1875,-10.6250,-193.3733,-340.1937,-32.2289,392.6368,-0.0300,0.3100,-0.0600,0.3172,1.7700,1.1400,-9.6600,23,-3.8750,-24.0000,24.6875,3,0,1,2
4.8410,181.2500,-10.5000,-118.1725,-347.3557,28.6479,368.0237,0.0000,0.2800,-0.1000,0.2973,1.7800,1.1300,-9.7100,23,-3.8750,-24.0000,24.6875,3,0,1,2
4.8570,181.2500,-10.3750,-50.1338,-365.2606,68.0387,374.9106,-0.0300,0.3400,-0.1900,0.3906,1.7300,1.2000,-9.8000,23,-4.2500,-24.3750,25.1875,3,0,1,2
4.8820,181.3125,-10.2500,-75.2007,-343.7747,132.4965,376.0206,-0.0300,0.3700,-0.1800,0.4126,1.7100,1.2300,-9.8000,23,-4.2500,-24.3750,25.1875,3,0,1,2
4.8990,181.3750,-10.1250,-164.7254,-350.9367,211.2782,441.5082,-0.0100,0.0700,-0.2200,0.2311,1.7100,0.9400,-9.8300,23,-3.8750,-24.3750,25.8750,3,0,1,2
4.9230,181.4375,-10.0000,-146.8204,-325.8698,232.7641,426.5284,0.0800,-0.0400,-0.2700,0.2844,1.7900,0.8300,-9.8800,23,-3.8750,-24.3750,25.8750,3,0,1,2
4.9390,181.5625,-9.9375,-42.9718,-315.1268,239.9261,398.3918,-0.0100,0.0700,-0.2600,0.2694,1.6800,0.9500,-9.8800,23,-3.8750,-24.3750,25.8750,3,0,1,2
4.9610,181.6250,-9.8125,-35.8099,-318.7078,257.8310,411.5019,0.0000,0.0400,-0.1800,0.1844,1.6600,0.9100,-9.8000,23,-3.1875,-24.3750,24.6875,3,0,1,2
4.9840,181.6875,-9.7500,-100.2676,-300.8029,250.6690,404.1917,0.0000,0.0600,-0.0300,0.0671,1.6600,0.9400,-9.6600,23,-3.1875,-24.3750,24.6875,3,0,1,2
5.0010,181.8125,-9.6250,-168.3063,-336.6127,247.0881,450.2085,0.0000,0.0200,0.0100,0.0224,1.6300,0.9000,-9.6100,23,-3.5000,-24.6875,24.0000,3,0,1,2
5.0250,181.9375,-9.5000,-168.3063,-433.2994,254.2500,529.8287,-0.0700,-0.0500,-0.0200,0.0883,1.5400,0.8300,-9.6500,23,-3.5000,-24.6875,24.0000,3,0,1,2
5.0420,182.0000,-9.3125,-35.8099,-504.9191,236.3451,558.6453,-0.0400,-0.0200,-0.1900,0.1952,1.5500,0.8700,-9.8300,23,-3.5000,-24.6875,25.1875,3,0,1,2
5.0630,182.0625,-9.1875,21.4859,-519.2430,225.6021,566.5433,0.0000,0.0000,-0.3200,0.3200,1.5600,0.8900,-9.9600,23,-3.5000,-24.6875,25.1875,3,0,1,2
5.0870,182.1875,-9.0000,-17.9049,-483.4331,211.2782,527.8889,0.0300,-0.1200,-0.5300,0.5442,1.5600,0.7600,-10.1700,23,-3.5000,-24.6875,25.1875,3,0,1,2
5.1030,182.2500,-8.8750,-17.9049,-415.3944,161.1444,445.9155,0.0300,-0.1000,-0.5000,0.5108,1.5000,0.8600,-10.0400,23,-3.8750,-24.3750,25.5000,3,0,1,2
5.1280,182.3125,-8.7500,-17.9049,-336.6127,111.0106,354.8973,0.0100,0.1900,-0.1500,0.2423,1.5000,1.0800,-9.8000,23,-3.8750,-24.3750,25.5000,3,0,1,2
5.1440,182.3125,-8.6250,-64.4578,-304.3838,111.0106,330.3448,-0.0100,0.2500,-0.0500,0.2551,1.3700,1.1000,-9.7100,23,-2.7500,-24.3750,24.6875,3,0,1,2
5.1650,182.3750,-8.5625,-218.4402,-354.5177,193.3733,459.1210,0.0000,0.0400,-0.2100,0.2138,1.4400,0.9500,-9.8600,23,-2.7500,-24.3750,24.6875,3,0,1,2
5.1850,182.5000,-8.4375,-128.9155,-340.1937,214.8592,422.5109,-0.0100,0.1600,-0.1500,0.2195,1.4100,1.0800,-9.8100,23,-2.7500,-24.3750,24.6875,3,0,1,2
5.2060,182.5625,-8.3125,-89.5247,-322.2888,222.0211,401.4699,0.0000,0.2100,0.0000,0.2100,1.4000,1.1300,-9.6600,23,-2.7500,-25.0625,24.6875,3,0,1,2
5.2260,182.6250,-8.1875,-150.4014,-343.7747,279.3169,467.7815,-0.0200,0.0400,-0.0400,0.0600,1.3700,0.9600,-9.7000,23,-2.7500,-25.0625,24.6875,3,0,1,2
5.2460,182.7500,-8.1250,-103.8486,-354.5177,300.8029,476.3923,-0.0200,0.0400,-0.0600,0.0748,1.3500,0.9600,-9.7300,23,-3.8750,-24.0000,24.6875,3,0,1,2
5.2670,182.8750,-8.0000,39.3908,-365.2606,325.8698,491.0784,0.0500,0.1200,-0.0800,0.1526,1.4100,1.0400,-9.7500,23,-3.8750,-24.0000,24.6875,3,0,1,2
5.2870,183.0625,-7.8125,-25.0669,-376.0036,358.0986,519.8477,0.0000,0.0200,-0.0500,0.0539,1.3400,0.9400,-9.7200,23,-3.8750,-24.0000,24.6875,3,0,1,2
5.3070,183.1250,-7.7500,-89.5247,-368.8416,361.6796,524.2814,-0.0700,-0.1500,-0.0100,0.1658,1.2400,0.7600,-9.6900,23,-2.7500,-24.6875,23.1875,3,0,1,2
5.3280,183.2500,-7.6250,-125.3345,-372.4226,358.0986,531.6408,-0.0500,-0.1900,0.0000,0.1965,1.2400,0.7300,-9.6700,23,-2.7500,-24.6875,23.1875,3,0,1,2
5.3450,183.3750,-7.5000,-78.7817,-390.3275,333.0317,519.1072,-0.0800,-0.1600,-0.1000,0.2049,1.1800,0.7500,-9.7800,23,-2.6875,-24.3750,24.6875,3,0,1,2
5.3700,183.5000,-7.3750,60.8768,-418.9754,343.7747,545.3691,-0.0100,-0.1300,-0.2100,0.2472,1.2300,0.7800,-9.9000,23,-2.6875,-24.3750,24.6875,3,0,1,2
5.3900,183.6875,-7.1875,96.6866,-411.8134,347.3557,547.3523,-0.0600,-0.2000,-0.1700,0.2693,1.1600,0.7000,-9.8500,23,-2.6875,-24.3750,24.6875,3,0,1,2
5.4060,183.7500,-7.1250,68.0387,-393.9085,343.7747,527.2326,0.0000,-0.2300,-0.1800,0.2921,1.2100,0.6600,-9.8700,23,-3.1875,-24.6875,24.3750,3,0,1,2
5.4270,183.8750,-7.0000,-39.3908,-418.9754,315.1268,525.7347,-0.1100,-0.3200,-0.1700,0.3787,1.0700,0.5600,-9.8600,23,-3.1875,-24.6875,24.3750,3,0,1,2
5.4470,184.0000,-6.8750,-196.9542,-429.7184,254.2500,536.7420,-0.0800,-0.5200,-0.2500,0.5825,1.0700,0.3600,-9.9500,23,-3.3750,-25.0625,24.0000,3,0,1,2
5.4720,184.0625,-6.6875,-103.8486,-440.4613,168.3063,482.8227,-0.0400,-0.4600,-0.3300,0.5675,1.0900,0.4300,-10.0300,23,-3.3750,-25.0625,24.0000,3,0,1,2
5.4890,184.1250,-6.5000,42.9718,-440.4613,103.8486,454.5737,-0.0400,-0.2000,-0.4200,0.4669,1.0700,0.6800,-10.1200,23,-3.3750,-25.0625,24.0000,3,0,1,2
5.5100,184.1875,-6.4375,57.2958,-418.9754,96.6866,433.7874,-0.0400,-0.0300,-0.4800,0.4826,1.0400,0.8500,-10.1900,23,-1.8750,-25.0625,24.3750,3,0,1,2
5.5340,184.2500,-6.2500,-57.2958,-365.2606,121.7535,389.2583,0.0000,-0.1900,-0.5300,0.5630,1.0500,0.6900,-10.2400,23,-1.8750,-25.0625,24.3750,3,0,1,2
5.5500,184.3125,-6.1250,-42.9718,-354.5177,114.5916,375.0474,-0.0200,-0.3100,-0.5600,0.6404,1.0200,0.5700,-10.2600,23,-3.0625,-24.3750,24.3750,3,0,1,2
5.5710,184.3125,-6.0000,78.7817,-293.6409,75.2007,313.1879,0.0100,-0.2400,-0.5200,0.5728,1.0400,0.6300,-10.2400,23,-3.0625,-24.3750,24.3750,3,0,1,2
5.5910,184.3125,-5.9375,125.3345,-239.9261,32.2289,272.6022,0.0100,-0.1000,-0.3700,0.3834,1.0300,0.7700,-10.0800,23,-3.0625,-24.3750,24.3750,3,0,1,2
5.6120,184.3125,-5.8125,46.5528,-222.0211,21.4859,227.8644,-0.0100,-0.0500,-0.1300,0.1396,0.9800,0.8100,-9.8400,23,-2.2500,-24.3750,24.3750,3,0,1,2
5.6320,184.3750,-5.7500,10.7430,-261.4120,39.3908,264.5813,-0.0100,-0.0400,-0.2000,0.2042,0.9700,0.8200,-9.9200,23,-2.2500,-24.3750,24.3750,3,0,1,2
5.6530,184.3750,-5.6250,21.4859,-286.4789,42.9718,290.4796,0.0000,-0.1800,-0.3900,0.4295,0.9600,0.6700,-10.1100,23,-3.0625,-24.3750,23.5625,3,0,1,2
5.6730,184.3750,-5.5625,78.7817,-261.4120,35.8099,275.3636,0.0500,-0.0900,-0.4900,0.5007,1.0000,0.7600,-10.2100,23,-3.0625,-24.3750,23.5625,3,0,1,2
5.6930,184.3750,-5.5000,89.5247,-186.2113,50.1338,212.6093,0.0200,-0.0500,-0.4500,0.4532,0.9700,0.8000,-10.1700,23,-3.0625,-24.3750,23.5625,3,0,1,2
5.7130,184.4375,-5.4375,50.1338,-107.4296,53.7148,130.1529,0.0200,0.0000,-0.2600,0.2608,0.9500,0.8400,-9.9800,23,-2.2500,-24.3750,24.0000,3,0,1,2
5.7340,184.4375,-5.4375,-71.6197,-93.1056,64.4578,133.9882,0.0000,-0.1800,-0.1700,0.2476,0.9200,0.6600,-9.8900,23,-2.2500,-24.3750,24.0000,3,0,1,2
5.7510,184.5000,-5.3750,32.2289,-125.3345,57.2958,141.5283,-0.0100,-0.3000,-0.2600,0.3971,0.9100,0.5500,-9.9900,23,-3.0625,-24.3750,25.1875,3,0,1,2
5.7740,184.5000,-5.3125,103.8486,-125.3345,35.8099,166.6602,0.0300,-0.1700,-0.2700,0.3205,0.9500,0.6600,-10.0000,23,-3.0625,-24.3750,25.1875,3,0,1,2
5.7910,184.5000,-5.3125,103.8486,-100.2676,0.0000,144.3542,0.0300,-0.0600,-0.1900,0.2015,0.9400,0.7700,-9.9200,23,-3.0625,-24.3750,25.1875,3,0,1,2
5.8130,184.5000,-5.2500,-57.2958,-93.1056,-14.3239,110.2572,0.0200,-0.3000,-0.1900,0.3557,0.9300,0.5300,-9.9200,23,-2.2500,-24.6875,24.3750,3,0,1,2
5.8360,184.5000,-5.2500,-39.3908,-82.3627,-64.4578,111.7589,0.0400,-0.2600,-0.1900,0.3245,0.9400,0.5600,-9.9200,23,-2.2500,-24.6875,24.3750,3,0,1,2
5.8530,184.4375,-5.1875,35.8099,-78.7817,-118.1725,146.4707,0.0600,-0.0100,-0.1200,0.1345,0.9600,0.8200,-9.8500,23,-2.6875,-24.3750,24.3750,3,0,1,2
5.8740,184.4375,-5.1875,3.5810,-93.1056,-111.0106,144.9304,0.0300,0.1000,-0.0900,0.1378,0.9200,0.9300,-9.8200,23,-2.6875,-24.3750,24.3750,3,0,1,2
5.8940,184.3750,-5.1250,-100.2676,-121.7535,-53.7148,166.6217,0.0300,0.0000,-0.1400,0.1432,0.9200,0.8400,-9.8700,23,-2.6875,-24.3750,24.3750,3,0,1,2
5.9140,184.3750,-5.1250,-46.5528,-118.1725,-50.1338,136.5478,0.0800,0.0000,-0.1700,0.1879,0.9500,0.8300,-9.9100,23,-2.6875,-24.3750,23.5625,3,0,1,2
5.9350,184.3750,-5.0625,17.9049,-89.5247,7.1620,91.5781,0.0400,0.0800,-0.1700,0.1921,0.9200,0.8900,-9.8700,23,-2.6875,-24.3750,23.5625,3,0,1,2
5.9550,184.3750,-5.0625,-64.4578,-96.6866,42.9718,123.8939,0.0300,-0.0200,-0.1700,0.1738,0.9000,0.8100,-9.9100,23,-2.2500,-24.6875,24.3750,3,0,1,2
5.9760,184.3750,-5.0000,-71.6197,-82.3627,21.4859,111.2414,0.0000,-0.3700,-0.2400,0.4410,0.8800,0.3900,-9.9300,23,-2.2500,-24.6875,24.3750,3,0,1,2
5.9970,184.3750,-5.0000,-17.9049,-85.9437,-71.6197,113.2973,0.0200,-0.4500,-0.1600,0.4780,0.8700,0.3900,-9.8900,23,-1.8750,-24.6875,24.3750,3,0,1,2
6.0170,184.3125,-4.9375,-42.9718,-96.6866,-157.5634,189.7923,0.0200,-0.2000,-0.1200,0.2341,0.8600,0.6500,-9.8500,23,-1.8750,-24.6875,24.3750,3,0,1,2
6.0410,184.2500,-4.8750,-136.0775,-118.1725,-196.9542,266.9697,0.0200,-0.1100,-0.1400,0.1792,0.8600,0.7400,-9.8700,23,-1.8750,-24.6875,24.3750,3,0,1,2
6.0580,184.1875,-4.8750,-164.7254,-121.7535,-200.5352,286.6579,0.0000,-0.1300,-0.1400,0.1910,0.8600,0.6800,-9.9800,23,-2.2500,-25.0625,25.5000,3,0,1,2
6.0780,184.1250,-4.8125,-121.7535,-93.1056,-200.5352,252.4024,0.0400,-0.1400,-0.3600,0.3883,0.8600,0.7300,-10.0900,23,-2.2500,-25.0625,25.5000,3,0,1,2
6.0980,184.0625,-4.7500,-89.5247,-64.4578,-196.9542,225.7442,0.0300,-0.0700,-0.2600,0.2709,0.8500,0.8000,-9.9900,23,-1.5625,-25.0625,23.5625,3,0,1,2
6.1190,184.0000,-4.7500,-39.3908,-42.9718,-200.5352,208.8363,0.0600,0.0400,-0.1600,0.1755,0.8800,0.9200,-9.8900,23,-1.5625,-25.0625,23.5625,3,0,1,2
6.1400,183.9375,-4.7500,-103.8486,-42.9718,-146.8204,184.8982,0.0800,0.0500,-0.2100,0.2302,0.8900,0.9400,-9.9400,23,-1.5625,-25.0625,23.5625,3,0,1,2
6.1600,183.9375,-4.7500,-107.4296,-42.9718,-132.4965,175.9063,0.0300,0.0300,-0.1900,0.1947,0.8400,0.9200,-9.9200,23,-1.5625,-24.6875,26.2500,3,0,1,2
6.1810,183.8750,-4.6875,-96.6866,-46.5528,-78.7817,133.1241,0.0700,0.0200,-0.2400,0.2508,0.8800,0.9200,-9.9700,23,-1.5625,-24.6875,26.2500,3,0,1,2
6.2010,183.8750,-4.6875,-21.4859,-35.8099,-50.1338,65.2487,0.0700,-0.0200,-0.3300,0.3379,0.8700,0.8700,-10.0600,23,-2.2500,-25.0625,25.1875,3,0,1,2
6.2210,183.8125,-4.6875,10.7430,25.0669,-39.3908,47.9103,0.0800,0.0100,-0.3700,0.3787,0.8800,0.9100,-10.1000,23,-2.2500,-25.0625,25.1875,3,0,1,2
6.2420,183.8125,-4.6875,-100.2676,57.2958,-28.6479,118.9836,0.0600,0.0000,-0.1900,0.1992,0.8700,0.9000,-9.9200,23,-2.2500,-25.0625,25.1875,3,0,1,2
6.2620,183.8125,-4.6875,-143.2395,39.3908,-10.7430,148.9449,0.0000,-0.1900,0.0000,0.1900,0.8100,0.7100,-9.7300,23,-1.1875,-23.5625,24.0000,3,0,1,2
6.2840,183.8125,-4.7500,-89.5247,-7.1620,-42.9718,99.5617,0.0100,-0.2900,-0.0600,0.2963,0.8200,0.6200,-9.7900,23,-1.1875,-23.5625,24.0000,3,0,1,2
6.3030,183.8125,-4.7500,-68.0387,-21.4859,-114.5916,134.9894,0.0500,-0.2400,-0.0900,0.2612,0.8600,0.6700,-9.8100,23,-1.8750,-25.0625,25.5000,3,0,1,2
6.3240,183.7500,-4.6875,-107.4296,-60.8768,-153.9824,197.3770,0.0300,-0.0900,-0.1000,0.1378,0.8400,0.8300,-9.8300,23,-1.8750,-25.0625,25.5000,3,0,1,2
6.3450,183.6875,-4.6875,-107.4296,-35.8099,-146.8204,185.4176,0.0300,-0.1400,-0.3300,0.3597,0.8300,0.7900,-10.0500,23,-1.8750,-25.0625,25.5000,3,0,1,2
6.3610,183.6250,-4.6875,-39.3908,10.7430,-146.8204,152.3919,0.0900,-0.0200,-0.3300,0.3426,0.9000,0.9000,-10.0500,23,-1.5625,-25.0625,24.6875,3,0,1,2
6.3840,183.6250,-4.6875,-121.7535,35.8099,-114.5916,170.9898,0.0300,0.0600,0.0000,0.0671,0.8400,1.0000,-9.7200,23,-1.5625,-25.0625,24.6875,3,0,1,2
6.4020,183.5625,-4.6875,-189.7923,-7.1620,-103.8486,216.4646,0.0000,-0.0300,0.1400,0.1432,0.8000,0.9100,-9.5800,23,-1.5625,-25.0625,24.3750,2,0,1,2
6.4260,183.5625,-4.6875,-93.1056,-89.5247,-118.1725,175.0659,0.0600,-0.1200,-0.1200,0.1800,0.8600,0.8300,-9.8500,23,-1.5625,-25.0625,24.3750,2,0,1,2
6.4420,183.5000,-4.6250,25.0669,-96.6866,-136.0775,168.8009,0.0900,0.0000,-0.2800,0.2941,0.8900,0.9600,-10.0100,23,-1.5625,-25.0625,24.3750,2,0,1,2
6.4670,183.4375,-4.6250,-25.0669,-42.9718,-107.4296,118.3894,0.1100,0.1700,-0.3100,0.3703,0.9000,1.1300,-10.0400,23,-0.7500,-24.3750,24.3750,2,0,1,2
6.4880,183.4375,-4.6250,-118.1725,-3.5810,-60.8768,132.9795,0.0900,0.0900,-0.3100,0.3351,0.8800,1.0600,-10.0400,23,-0.7500,-24.3750,24.3750,2,0,1,2
6.5050,183.4375,-4.6250,-103.8486,46.5528,-25.0669,116.5335,0.0600,0.0000,-0.2100,0.2184,0.8500,0.9600,-9.9300,23,-1.1875,-24.3750,24.0000,2,0,1,2
6.5290,183.4375,-4.6250,-100.2676,53.7148,-10.7430,114.2554,0.0500,0.0000,-0.0300,0.0583,0.8400,0.9700,-9.7500,23,-1.1875,-24.3750,24.0000,2,0,1,2
6.5460,183.4375,-4.6250,-146.8204,17.9049,0.0000,147.9082,-0.0100,-0.1500,0.0200,0.1517,0.7800,0.8300,-9.7000,23,-1.1875,-24.3750,24.0000,2,0,1,2
6.5660,183.4375,-4.6250,-100.2676,-25.0669,-35.8099,109.3814,0.0500,-0.2200,0.0000,0.2256,0.8400,0.7600,-9.7100,23,-1.8750,-24.0000,24.6875,2,0,1,2
6.5860,183.3750,-4.6250,-28.6479,-57.2958,-68.0387,93.4493,0.0700,-0.0600,-0.1500,0.1761,0.8700,0.9200,-9.8700,23,-1.8750,-24.0000,24.6875,2,0,1,2
6.6100,183.3750,-4.6250,-71.6197,-50.1338,-71.6197,113.0140,0.0700,0.0300,-0.2400,0.2518,0.8700,1.0200,-10.0000,23,-1.1875,-25.7500,24.6875,2,0,1,2
6.6300,183.3750,-4.6250,-85.9437,-3.5810,-42.9718,96.1547,0.1100,0.0000,-0.2800,0.3008,0.9000,1.0100,-10.0100,23,-1.1875,-25.7500,24.6875,2,0,1,2
6.6510,183.3750,-4.6250,-46.5528,42.9718,-10.7430,64.2585,0.0800,-0.0200,-0.1400,0.1625,0.8800,0.9700,-9.8700,23,-0.7500,-25.7500,24.6875,2,0,1,2
6.6730,183.3750,-4.6250,-53.7148,89.5247,7.1620,104.6482,0.0500,-0.0800,-0.0700,0.1175,0.8500,0.9100,-9.7900,23,-0.7500,-25.7500,24.6875,2,0,1,2
6.6930,183.3750,-4.6875,-89.5247,57.2958,-7.1620,106.5306,0.0900,-0.1300,0.0500,0.1658,0.8900,0.8600,-9.6700,23,-0.7500,-25.7500,24.6875,2,0,1,2
6.7100,183.3750,-4.6875,-93.1056,32.2289,-28.6479,102.6063,0.0200,-0.2600,0.0500,0.2655,0.8300,0.7400,-9.6600,23,-0.7500,-24.3750,24.0000,2,0,1,2
6.7330,183.3125,-4.6875,-57.2958,-57.2958,-121.7535,146.2516,0.0400,-0.2300,0.0000,0.2335,0.8400,0.7700,-9.7200,23,-0.7500,-24.3750,24.0000,2,0,1,2
6.7500,183.3125,-4.6250,-25.0669,-75.2007,-139.6585,160.5864,0.0600,-0.0700,-0.1400,0.1676,0.8600,0.9300,-9.8600,23,-1.5625,-24.6875,22.7500,2,0,1,2
6.7740,183.2500,-4.6250,-21.4859,-71.6197,-150.4014,167.9631,0.0900,0.1100,-0.1500,0.2066,0.8800,1.1200,-9.8700,23,-1.5625,-24.6875,22.7500,2,0,1,2
6.7950,183.1875,-4.5625,-121.7535,-71.6197,-103.8486,175.3221,0.0500,0.1100,-0.0200,0.1225,0.8400,1.1300,-9.7400,23,-1.5625,-24.6875,22.7500,2,0,1,2
6.8110,183.1875,-4.5625,-93.1056,-100.2676,-64.4578,151.2516,0.0500,0.0100,-0.0300,0.0592,0.8300,1.0300,-9.7500,23,-1.5625,-24.6875,24.3750,2,0,1,2
6.8360,183.1250,-4.5000,28.6479,-111.0106,-35.8099,120.1099,0.0800,0.0300,-0.1800,0.1992,0.8600,1.0500,-9.9100,23,-1.5625,-24.6875,24.3750,2,0,1,2
6.8520,183.1250,-4.5000,-32.2289,-103.8486,-3.5810,108.7936,0.0800,0.0800,-0.2400,0.2653,0.8500,1.1100,-9.9600,23,-1.5625,-25.5000,24.3750,2,0,1,2
6.8760,183.1250,-4.4375,-143.2395,-75.2007,-21.4859,163.2003,0.0200,-0.2300,-0.2000,0.3055,0.7900,0.7900,-9.9200,23,-1.5625,-25.5000,24.3750,2,0,1,2
6.8930,183.1250,-4.4375,-68.0387,-71.6197,-82.3627,128.6168,0.0200,-0.3200,-0.2000,0.3779,0.7800,0.7100,-9.9200,23,-1.5625,-25.5000,24.3750,2,0,1,2
6.9170,183.0625,-4.3750,53.7148,-85.9437,-153.9824,184.3425,0.0500,0.0000,-0.2600,0.2648,0.8000,1.0300,-9.9800,23,-1.1875,-25.0625,23.5625,2,0,1,2
6.9380,183.0000,-4.3750,-32.2289,-78.7817,-175.4683,195.0241,0.0900,0.1800,-0.2300,0.3056,0.8400,1.2100,-9.9500,23,-1.1875,-25.0625,23.5625,2,0,1,2
6.9580,183.0000,-4.3125,-111.0106,-60.8768,-125.3345,178.1518,0.0600,0.1600,-0.1600,0.2341,0.8100,1.2000,-9.8900,23,-1.1875,-25.5000,24.0000,2,0,1,2
6.9790,182.9375,-4.3125,-57.2958,-50.1338,-78.7817,109.5571,0.0500,0.1800,-0.1100,0.2168,0.8000,1.2200,-9.8300,23,-1.1875,-25.5000,24.0000,2,0,1,2
6.9960,182.9375,-4.3125,-28.6479,-85.9437,-32.2289,96.1547,0.0700,0.1600,-0.1200,0.2119,0.8100,1.2100,-9.8400,23,-1.1875,-25.5000,24.0000,2,0,1,2
7.0170,182.9375,-4.2500,0.0000,-103.8486,-10.7430,104.4028,0.0900,0.0200,-0.2600,0.2759,0.8200,1.0700,-9.9900,23,-1.1875,-24.6875,24.0000,2,0,1,2
7.0400,182.9375,-4.2500,-25.0669,-85.9437,-3.5810,89.5963,0.0700,-0.0200,-0.3000,0.3087,0.8000,1.0100,-10.0200,23,-1.1875,-24.6875,24.0000,2,0,1,2
7.0610,182.9375,-4.1875,-71.6197,-46.5528,-32.2289,91.2976,0.0700,-0.0900,-0.2400,0.2657,0.7900,0.9000,-9.9100,23,-1.8750,-24.6875,24.3750,2,0,1,2
7.0820,182.9375,-4.1875,-14.3239,-25.0669,-53.7148,60.9820,0.0000,0.0400,-0.0500,0.0640,0.7200,1.0900,-9.7800,23,-1.8750,-24.6875,24.3750,2,0,1,2
7.1020,182.9375,-4.1875,57.2958,-78.7817,-50.1338,109.5571,0.0300,0.1500,-0.0800,0.1726,0.7500,1.2000,-9.8100,23,-1.5625,-25.0625,23.5625,2,0,1,2
7.1230,182.9375,-4.1250,-21.4859,-111.0106,-25.0669,115.8160,0.0800,0.0200,-0.3300,0.3401,0.7900,1.0800,-10.0500,23,-1.5625,-25.0625,23.5625,2,0,1,2
7.1440,182.9375,-4.1250,-39.3908,-68.0387,-17.9049,80.6319,0.1100,-0.0300,-0.4100,0.4256,0.8200,1.0200,-10.1300,23,-1.5625,-25.0625,23.5625,2,0,1,2
7.1630,182.9375,-4.0625,-14.3239,-46.5528,-14.3239,50.7692,0.0700,0.0500,-0.2500,0.2644,0.7800,1.1000,-9.9700,23,-1.5625,-25.5000,23.1875,2,0,1,2
7.1880,182.9375,-4.0625,-32.2289,-42.9718,-10.7430,54.7786,0.0100,0.0600,-0.2000,0.2090,0.7100,1.1100,-9.9200,23,-1.5625,-25.5000,23.1875,2,0,1,2
7.2080,182.9375,-4.0625,3.5810,-50.1338,-25.0669,56.1656,0.0900,-0.0900,-0.3700,0.3913,0.7900,0.9600,-10.0900,23,-0.7500,-25.5000,24.0000,2,0,1,2
7.2300,182.9375,-4.0625,118.1725,3.5810,-39.3908,124.6163,0.1000,-0.0100,-0.3500,0.3641,0.8000,1.0200,-10.0800,23,-0.7500,-25.5000,24.0000,2,0,1,2
7.2490,182.9375,-4.0625,111.0106,32.2289,-28.6479,119.0914,0.0600,0.1900,-0.2100,0.2895,0.7600,1.2400,-9.9400,23,-0.7500,-25.5000,24.0000,2,0,1,2
7.2700,182.8750,-4.0625,-53.7148,46.5528,7.1620,71.4405,0.0500,0.1700,-0.1300,0.2198,0.7500,1.2200,-9.8500,23,-1.5625,-25.0625,23.5625,2,0,1,2
7.2910,182.9375,-4.0625,-96.6866,25.0669,35.8099,106.1084,0.0600,-0.0100,0.0100,0.0616,0.7600,1.0000,-9.7100,23,-1.5625,-25.0625,23.5625,2,0,1,2
7.3150,182.9375,-4.0625,-17.9049,-21.4859,35.8099,45.4376,0.0700,-0.0400,-0.0100,0.0812,0.7700,1.0000,-9.7400,23,-0.7500,-25.5000,24.3750,2,0,1,2
7.3360,182.9375,-4.0625,39.3908,-53.7148,46.5528,81.2655,0.0200,-0.0300,-0.2000,0.2032,0.7200,1.0100,-9.9300,23,-0.7500,-25.5000,24.3750,2,0,1,2
7.3560,182.9375,-4.0625,21.4859,-14.3239,28.6479,38.5684,0.0800,-0.0400,-0.3000,0.3130,0.7800,1.0000,-10.0200,23,-0.5000,-23.5625,23.5625,2,0,1,2
7.3760,182.9375,-4.0625,-35.8099,3.5810,32.2289,48.3101,0.0200,-0.1200,-0.1800,0.2173,0.7200,0.9200,-9.9000,23,-0.5000,-23.5625,23.5625,2,0,1,2
7.3970,182.9375,-4.0625,-25.0669,0.0000,-7.1620,26.0700,0.0400,-0.1700,-0.1100,0.2064,0.7400,0.8700,-9.8300,23,-0.5000,-23.5625,23.5625,2,0,1,2
7.4180,182.9375,-4.0625,-7.1620,-35.8099,-21.4859,42.3708,0.0000,-0.0800,-0.0100,0.0806,0.7000,0.9600,-9.7400,23,-0.7500,-24.3750,23.5625,2,0,1,2
7.4380,182.9375,-4.0625,-32.2289,-64.4578,-21.4859,75.2007,0.0100,-0.1100,-0.1100,0.1559,0.7100,0.9200,-9.8300,23,-0.7500,-24.3750,23.5625,2,0,1,2
7.4590,182.9375,-4.0000,3.5810,-60.8768,-35.8099,70.7188,0.0400,-0.1300,-0.1900,0.2337,0.7400,0.9000,-9.9200,23,-1.8750,-24.6875,24.3750,2,0,1,2
7.4790,182.9375,-4.0000,60.8768,-53.7148,-50.1338,95.4183,0.0100,-0.0600,-0.2400,0.2476,0.7000,0.9800,-9.9600,23,-1.8750,-24.6875,24.3750,2,0,1,2
7.4990,182.9375,-4.0000,46.5528,-35.8099,-25.0669,63.8581,0.0700,0.0900,-0.2500,0.2748,0.7600,1.1300,-9.9800,23,-1.8750,-24.6875,24.3750,2,0,1,2
7.5200,182.9375,-4.0000,-42.9718,-10.7430,-10.7430,45.5785,0.0600,0.0100,-0.2700,0.2768,0.7500,1.0500,-10.0000,23,-1.1875,-24.3750,24.6875,2,0,1,2
7.5440,182.9375,-4.0000,-53.7148,17.9049,-10.7430,57.6305,0.0700,-0.1200,-0.2900,0.3216,0.7700,0.9500,-9.9400,23,-1.1875,-24.3750,24.6875,2,0,1,2
7.5650,182.9375,-4.0000,-14.3239,32.2289,-28.6479,45.4376,0.0400,-0.0200,-0.0500,0.0671,0.7300,1.0200,-9.7700,23,-0.7500,-24.6875,24.0000,2,0,1,2
7.5860,182.9375,-4.0000,7.1620,-7.1620,-21.4859,23.7536,0.0200,-0.0600,0.0000,0.0632,0.7100,0.9800,-9.7200,23,-0.7500,-24.6875,24.0000,2,0,1,2
7.6070,182.9375,-4.0000,10.7430,-60.8768,-35.8099,71.4405,0.0500,-0.1400,-0.1400,0.2042,0.7400,0.9000,-9.8600,23,-0.7500,-24.6875,24.0000,2,0,1,2
7.6300,182.8750,-4.0000,-35.8099,-39.3908,-75.2007,92.1365,0.0500,-0.1400,-0.1900,0.2412,0.7300,0.9000,-9.9200,23,-0.7500,-24.6875,24.0000,2,0,1,2
7.6470,182.8750,-3.9375,-42.9718,-35.8099,-93.1056,108.6167,0.0300,0.0100,-0.1300,0.1338,0.7100,1.0500,-9.8500,23,-0.7500,-24.6875,24.0000,2,0,1,2
7.6670,182.8750,-3.9375,-7.1620,-39.3908,-71.6197,82.0507,0.0600,0.0200,-0.1500,0.1628,0.7400,1.0700,-9.8700,23,-1.5625,-24.6875,24.6875,2,0,1,2
7.6880,182.8125,-3.9375,60.8768,-28.6479,-42.9718,79.8327,0.0200,0.1300,-0.1500,0.1995,0.6900,1.1800,-9.8800,23,-1.5625,-24.6875,24.6875,2,0,1,2
7.7090,182.8125,-3.9375,7.1620,-32.2289,-14.3239,35.9885,0.0600,0.0800,-0.1300,0.1640,0.7400,1.1300,-9.8500,23,-0.7500,-24.3750,24.0000,2,0,1,2
7.7320,182.8125,-3.9375,-25.0669,-35.8099,0.0000,43.7115,0.0700,0.0000,-0.2400,0.2500,0.7400,1.0400,-9.9600,23,-0.7500,-24.3750,24.0000,2,0,1,2
7.7490,182.8125,-3.9375,-14.3239,-25.0669,10.7430,30.8048,0.0500,0.0900,-0.2000,0.2249,0.7300,1.1300,-9.9200,23,-0.5000,-24.6875,23.1875,2,0,1,2
7.7730,182.8125,-3.9375,-60.8768,-25.0669,28.6479,71.7986,0.0300,0.0300,-0.1400,0.1463,0.7400,0.9400,-9.8400,23,-0.5000,-24.6875,23.1875,2,0,1,2
7.7940,182.8125,-3.9375,-71.6197,-35.8099,25.0669,83.9052,0.0300,-0.2000,-0.1400,0.2460,0.7000,0.8400,-9.8600,23,-0.5000,-24.6875,23.1875,2,0,1,2
7.8150,182.8125,-3.8750,35.8099,-25.0669,-35.8099,56.5070,0.0200,-0.0300,-0.1700,0.1738,0.6900,1.0100,-9.9000,23,-0.0625,-24.3750,24.3750,2,0,1,2
7.8350,182.8125,-3.8750,7.1620,-35.8099,-50.1338,62.0245,0.0500,0.1100,-0.1600,0.2005,0.7200,1.1600,-9.8900,23,-0.0625,-24.3750,24.3750,2,0,1,2
7.8560,182.8125,-3.8750,-82.3627,-57.2958,-39.3908,107.7871,0.0700,0.1100,-0.2700,0.2998,0.7300,1.1600,-9.9900,23,-0.0625,-24.3750,24.3750,2,0,1,2
7.8760,182.8125,-3.8750,-42.9718,-32.2289,-3.5810,53.8340,0.0900,0.1000,-0.3200,0.3471,0.7500,1.1600,-10.0400,23,-0.0625,-24.3750,24.3750,2,0,1,2
7.8970,182.8125,-3.8750,21.4859,3.5810,35.8099,41.9144,0.0500,0.1000,-0.2900,0.3108,0.7200,1.1600,-10.0200,23,-0.0625,-24.3750,24.3750,2,0,1,2
7.9170,182.8125,-3.8750,-10.7430,39.3908,75.2007,85.5698,0.0500,0.0300,-0.1600,0.1703,0.7100,1.0900,-9.8800,23,-0.5000,-24.6875,24.3750,2,0,1,2
7.9380,182.8750,-3.8750,-53.7148,46.5528,78.7817,106.1084,0.0000,-0.1000,0.0000,0.1000,0.6600,0.9500,-9.7300,23,-0.5000,-24.6875,24.3750,2,0,1,2
7.9590,182.8750,-3.8750,-50.1338,0.0000,39.3908,63.7576,0.0000,-0.1700,0.0300,0.1726,0.6600,0.8900,-9.6900,23,-1.5625,-24.6875,23.5625,2,0,1,2
7.9780,182.8750,-3.8750,-17.9049,-68.0387,-3.5810,70.4463,-0.1200,-0.2400,-0.0200,0.2691,0.5400,0.8100,-9.7400,23,-1.5625,-24.6875,23.5625,2,0,0,2
7.9990,182.8750,-3.8750,-14.3239,-71.6197,-57.2958,92.8298,-0.1000,-0.1600,-0.1300,0.2291,0.5500,0.8900,-9.8500,23,-1.5625,-24.6875,23.5625,2,0,0,2
8.0160,182.8750,-3.8125,-60.8768,-39.3908,-75.2007,104.4642,-0.1000,-0.0200,-0.1900,0.2156,0.5500,1.0300,-9.9200,23,-0.5000,-25.7500,24.0000,2,0,0,2
8.0390,182.8125,-3.8125,-78.7817,-14.3239,-75.2007,109.8494,-0.0800,-0.0300,-0.2800,0.2927,0.5600,1.0200,-10.0000,23,-0.5000,-25.7500,24.0000,2,0,0,2
8.0560,182.8125,-3.8125,-25.0669,28.6479,-50.1338,62.9480,-0.0900,0.0700,-0.1500,0.1884,0.5500,1.1400,-9.8800,23,-1.1875,-25.5000,24.0000,2,0,0,2
8.0810,182.8125,-3.8125,-46.5528,60.8768,-10.7430,77.3858,-0.0900,0.0300,-0.0800,0.1241,0.5500,1.1000,-9.8100,23,-1.1875,-25.5000,24.0000,2,0,0,2
8.0980,182.8125,-3.8125,-57.2958,46.5528,21.4859,76.8870,-0.0800,-0.0500,0.0000,0.0943,0.5700,1.0100,-9.7100,23,-1.1875,-25.5000,24.0000,2,0,0,2
8.1180,182.8125,-3.8125,-28.6479,42.9718,32.2289,60.8768,-0.0900,-0.0400,0.0700,0.1208,0.5600,1.0200,-9.6400,23,-0.8750,-24.6875,23.5000,2,0,0,2
8.1420,182.8125,-3.8125,-78.7817,7.1620,17.9049,81.1076,-0.1200,-0.1100,0.1000,0.1910,0.5300,0.9500,-9.6100,23,-0.8750,-24.6875,23.5000,2,0,0,2
8.1620,182.8125,-3.8125,-64.4578,-35.8099,-3.5810,73.8239,-0.0900,-0.2500,-0.0300,0.2674,0.5600,0.8100,-9.7500,23,-1.1875,-25.0625,22.3750,2,0,0,2
8.1840,182.8125,-3.8125,-7.1620,-39.3908,-64.4578,75.8797,-0.0300,-0.0800,-0.2500,0.2642,0.6200,0.9800,-9.9800,23,-1.1875,-25.0625,22.3750,2,0,0,2
8.2030,182.7500,-3.8125,-82.3627,46.5528,-96.6866,135.2741,-0.0700,-0.0200,-0.1400,0.1578,0.5800,1.0400,-9.8600,23,-1.1875,-25.0625,22.3750,2,0,0,2
8.2250,182.7500,-3.8125,-111.0106,60.8768,-96.6866,159.3036,-0.0800,0.0000,-0.0100,0.0806,0.5700,1.0700,-9.7300,23,-0.5000,-25.0625,24.0000,2,0,0,2
8.2450,182.6875,-3.8125,-78.7817,46.5528,-53.7148,106.1084,-0.1200,0.1200,0.0800,0.1876,0.5300,1.2100,-9.6300,23,-0.5000,-25.0625,24.0000,2,0,0,2
8.2610,182.6875,-3.8125,-89.5247,14.3239,7.1620,90.9458,-0.0900,0.1100,0.1200,0.1860,0.5600,1.2100,-9.5900,23,-1.5625,-25.0625,24.0000,2,0,0,2
8.2810,182.6875,-3.8125,-107.4296,3.5810,14.3239,108.4395,-0.0600,-0.1200,0.0600,0.1470,0.5700,0.9800,-9.6500,23,-1.5625,-25.0625,24.0000,2,0,0,2
8.3030,182.6875,-3.8125,-28.6479,-32.2289,7.1620,43.7115,-0.0800,-0.1200,0.0600,0.1562,0.5700,0.9800,-9.6500,23,-0.7500,-25.0625,23.5625,2,0,0,2
8.3220,182.6875,-3.8125,-3.5810,-25.0669,-10.7430,27.5061,-0.0800,0.0000,0.0000,0.0800,0.5500,1.0700,-9.7000,23,-0.7500,-25.0625,23.5625,2,0,0,2
8.3470,182.6875,-3.8125,-100.2676,-21.4859,-17.9049,104.0953,-0.1600,-0.1300,0.0200,0.2071,0.4900,0.9700,-9.6900,23,-0.7500,-25.0625,23.5625,2,0,0,2
8.3640,182.6875,-3.8125,-150.4014,-42.9718,-46.5528,163.2003,-0.0800,-0.2000,-0.0800,0.2298,0.5600,0.9000,-9.8000,23,-0.7500,-24.3750,24.0000,2,0,0,2
8.3870,182.6875,-3.7500,-118.1725,-42.9718,-82.3627,150.3161,-0.0700,-0.0800,-0.1100,0.1530,0.5700,1.0300,-9.8300,23,-0.7500,-24.3750,24.0000,2,0,0,2
8.4050,182.6250,-3.7500,-121.7535,-3.5810,-128.9155,177.3583,-0.0700,0.0000,-0.0500,0.0860,0.5600,1.1800,-9.6900,23,-1.1875,-24.3750,24.6875,2,0,0,2
8.4250,182.5625,-3.7500,-103.8486,-21.4859,-114.5916,156.1326,-0.0600,0.1500,0.0000,0.1616,0.5800,1.2800,-9.7100,23,-1.1875,-24.3750,24.6875,2,0,0,2
8.4450,182.5625,-3.7500,-32.2289,-57.2958,-39.3908,76.6365,-0.0700,0.1500,-0.0800,0.1838,0.5600,1.2900,-9.8000,23,-1.1875,-24.3750,24.6875,2,0,0,2
8.4690,182.5625,-3.6875,-82.3627,-32.2289,-3.5810,88.5163,-0.0200,0.0300,-0.1800,0.1836,0.6100,1.1800,-9.9000,23,-0.5000,-25.5000,24.3750,2,0,0,2
8.4900,182.5625,-3.6875,-14.3239,0.0000,10.7430,17.9049,-0.0300,0.0700,-0.2000,0.2140,0.6000,1.2200,-9.9200,23,-0.5000,-25.5000,24.3750,2,0,0,2
8.5070,182.5625,-3.6875,-75.2007,28.6479,25.0669,84.2864,-0.0200,0.1000,-0.0500,0.1136,0.6000,1.2400,-9.7700,23,-0.5000,-25.7500,24.3750,2,0,0,2
8.5310,182.5625,-3.6875,-204.1162,35.8099,21.4859,208.3445,-0.1000,-0.0300,0.0600,0.1204,0.5300,1.1200,-9.6500,23,-0.5000,-25.7500,24.3750,2,0,0,2
8.5480,182.5625,-3.6875,-150.4014,-10.7430,21.4859,152.3077,-0.1100,-0.2100,0.0500,0.2423,0.5200,0.9500,-9.6500,23,-0.5000,-25.7500,24.3750,2,0,0,2
8.5690,182.5625,-3.6875,-14.3239,-50.1338,-21.4859,56.3934,-0.0600,-0.1800,-0.0400,0.1939,0.5600,0.9800,-9.7500,23,-0.5000,-24.6875,23.5625,2,0,0,2
8.5890,182.5625,-3.6875,35.8099,-35.8099,-64.4578,81.9725,-0.0800,-0.0100,-0.1500,0.1703,0.5400,1.1400,-9.8600,23,-0.5000,-24.6875,23.5625,2,0,0,2
8.6090,182.5625,-3.6875,0.0000,-28.6479,-78.7817,83.8287,-0.0400,0.0800,-0.2200,0.2375,0.5800,1.2400,-9.9400,23,-1.1875,-25.7500,23.1875,2,0,0,2
8.6290,182.5000,-3.6875,-39.3908,17.9049,-46.5528,63.5562,-0.0600,0.2000,-0.2200,0.3033,0.5600,1.3600,-9.9400,23,-1.1875,-25.7500,23.1875,2,0,0,2
8.6510,182.5000,-3.6875,-100.2676,57.2958,7.1620,115.7052,-0.0800,0.2000,-0.0600,0.2236,0.5500,1.3700,-9.7700,23,-1.1875,-25.7500,23.1875,2,0,0,2
8.6660,182.5000,-3.6875,-82.3627,46.5528,57.2958,110.6055,-0.0700,0.0200,0.0400,0.0831,0.5600,1.2000,-9.6600,23,-0.5000,-25.0625,23.5625,2,0,0,2
8.6910,182.5000,-3.6875,0.0000,25.0669,75.2007,79.2685,-0.0700,-0.1000,0.0600,0.1360,0.5600,1.0700,-9.6400,23,-0.5000,-25.0625,23.5625,2,0,0,2
8.7110,182.5625,-3.6875,50.1338,14.3239,53.7148,74.8589,-0.0600,-0.1000,0.0300,0.1204,0.5700,1.0600,-9.6800,23,-1.5625,-25.5000,24.0000,2,0,0,2
8.7320,182.5625,-3.6875,10.7430,14.3239,25.0669,30.8048,-0.0900,-0.0500,0.0400,0.1105,0.5300,1.1100,-9.6700,23,-1.5625,-25.5000,24.0000,2,0,0,2
8.7520,182.5625,-3.6875,-57.2958,-17.9049,-3.5810,60.1350,-0.0800,-0.2200,0.0800,0.2474,0.5400,0.9500,-9.6200,23,-1.5625,-25.5000,24.0000,2,0,0,2
8.7730,182.5625,-3.6875,21.4859,-53.7148,-60.8768,83.9816,-0.0900,-0.1300,0.0000,0.1581,0.5300,1.0400,-9.7200,23,-1.1875,-25.7500,23.1875,2,0,0,2
8.7940,182.5000,-3.6250,28.6479,-64.4578,-82.3627,108.4395,-0.0600,0.0500,-0.0700,0.1049,0.5600,1.2300,-9.7900,23,-1.1875,-25.7500,23.1875,2,0,0,2
8.8130,182.5000,-3.6250,-75.2007,-32.2289,-71.6197,108.7347,-0.0500,0.0500,-0.0900,0.1145,0.5600,1.2200,-9.8100,23,-0.0625,-25.5000,23.5625,2,0,0,2
8.8350,182.5000,-3.6250,-68.0387,-35.8099,-42.9718,88.0806,-0.0700,0.0600,-0.0800,0.1221,0.5400,1.2400,-9.8000,23,-0.0625,-25.5000,23.5625,2,0,0,2
8.8510,182.5000,-3.6250,35.8099,-25.0669,-7.1620,44.2944,0.0000,0.0700,-0.1300,0.1476,0.6100,1.2500,-9.8500,23,-0.0625,-25.5000,23.5625,2,0,0,2
8.8750,182.5000,-3.6250,50.1338,3.5810,32.2289,59.7070,-0.0400,0.1400,-0.1000,0.1766,0.5700,1.3200,-9.8100,23,-0.7500,-24.6875,23.5625,2,0,0,2
8.8960,182.5000,-3.6250,-71.6197,25.0669,53.7148,92.9678,-0.0600,-0.0200,0.0000,0.0632,0.5500,1.1500,-9.7200,23,-0.7500,-24.6875,23.5625,2,0,0,2
8.9160,182.5000,-3.6250,-93.1056,14.3239,42.9718,103.5394,-0.0500,-0.1500,-0.0200,0.1594,0.5600,1.0200,-9.7300,23,-1.5625,-24.3750,24.0000,2,0,0,2
8.9370,182.5000,-3.6250,78.7817,14.3239,21.4859,82.9058,-0.0600,-0.0800,-0.0300,0.1044,0.5400,1.1900,-9.7200,23,-1.5625,-24.3750,24.0000,2,0,0,2
8.9570,182.5000,-3.5625,71.6197,17.9049,14.3239,75.2007,-0.0700,0.0600,0.0300,0.0970,0.5400,1.2300,-9.6700,23,-0.0625,-25.5000,24.0000,2,0,0,2
8.9780,182.5000,-3.5625,-107.4296,10.7430,0.0000,107.9654,-0.0600,-0.1900,0.0500,0.2054,0.5300,0.9100,-9.6600,23,-0.0625,-25.5000,24.0000,2,0,0,2
8.9980,182.5000,-3.5625,-46.5528,-3.5810,-35.8099,58.8416,-0.1000,-0.1200,0.0500,0.1640,0.5100,1.0500,-9.6500,23,-0.0625,-25.5000,24.0000,2,0,0,2
9.0180,182.0625,-3.5625,-10.7430,-35.8099,-75.2007,83.9816,-0.0900,-0.0800,0.0500,0.1304,0.5000,1.1400,-9.6900,23,0.2500,-25.5000,23.5625,2,0,0,2
9.0400,182.0000,-3.5625,-35.8099,-60.8768,-93.1056,116.8631,-0.0400,0.0500,-0.1800,0.1910,0.5600,1.2300,-9.9000,23,0.2500,-25.5000,23.5625,2,0,0,2
9.0570,182.0000,-3.5000,7.1620,-42.9718,-82.3627,93.1745,0.0000,0.1900,-0.1900,0.2687,0.6000,1.3700,-9.9100,23,-0.0625,-26.1875,24.0000,2,0,0,2
9.0800,181.5625,-3.5000,-42.9718,3.5810,-7.1620,43.7115,-0.0200,0.1600,-0.1000,0.1897,0.5700,1.3400,-9.8200,23,-0.0625,-26.1875,24.0000,2,0,0,2
9.1000,181.5625,-3.5000,-53.7148,0.0000,35.8099,64.5572,-0.0400,0.0700,-0.1000,0.1285,0.5500,1.2600,-9.8100,23,-0.0625,-26.1875,24.0000,2,0,0,2
9.1220,181.5000,-3.5000,-39.3908,32.2289,60.8768,79.3494,-0.0400,0.0000,-0.1200,0.1265,0.5600,1.1900,-9.8400,23,-1.1875,-25.5000,24.0000,2,0,0,2
9.1410,181.5625,-3.5000,-10.7430,39.3908,82.3627,91.9275,-0.0100,-0.1100,-0.0700,0.1308,0.5900,1.0700,-9.7800,23,-1.1875,-25.5000,24.0000,2,0,0,2
9.1630,181.4375,-3.5625,-14.3239,50.1338,64.4578,82.9058,-0.0500,-0.1400,0.0600,0.1603,0.5500,1.0400,-9.6500,23,-1.1875,-25.7500,23.5625,2,0,0,2
9.1820,181.4375,-3.5625,-57.2958,28.6479,25.0669,68.7885,-0.0700,-0.1300,0.1000,0.1783,0.5300,1.0500,-9.6000,23,-1.1875,-25.7500,23.5625,2,0,0,2
9.2030,181.4375,-3.5625,-39.3908,-17.9049,-3.5810,43.4172,-0.0900,-0.1600,0.0800,0.2002,0.5100,1.0200,-9.6200,23,-1.1875,-25.7500,23.5625,2,0,0,2
9.2230,181.2500,-3.5000,17.9049,-46.5528,-32.2289,59.3839,-0.0500,-0.1000,-0.0500,0.1225,0.5500,1.0800,-9.7600,23,-0.7500,-24.6875,24.6875,2,0,0,2
9.2440,181.2500,-3.5000,-17.9049,-35.8099,-53.7148,66.9941,-0.0400,-0.0200,-0.1100,0.1187,0.5500,1.1600,-9.8300,23,-0.7500,-24.6875,24.6875,2,0,0,2
9.2650,181.0625,-3.5000,-3.5810,-14.3239,-50.1338,52.2628,-0.0500,0.0000,-0.1600,0.1676,0.5400,1.1800,-9.8800,23,-0.7500,-25.0625,23.5625,2,0,0,2
9.2900,181.0625,-3.5000,25.0669,0.0000,-28.6479,38.0664,-0.0100,0.0700,-0.0400,0.0812,0.5900,1.2600,-9.7500,23,-0.7500,-25.0625,23.5625,2,0,0,2
9.3060,181.0625,-3.5000,-7.1620,32.2289,-7.1620,33.7830,-0.0200,0.0400,-0.0100,0.0458,0.5500,1.1700,-9.6900,23,-0.0625,-25.5000,23.5625,2,0,0,2
9.3310,180.7500,-3.5000,-14.3239,21.4859,10.7430,27.9684,-0.0100,-0.1400,-0.0700,0.1568,0.5900,1.0400,-9.7800,23,-0.0625,-25.5000,23.5625,2,0,0,2
9.3500,180.7500,-3.5000,28.6479,21.4859,10.7430,37.3866,-0.0500,-0.0700,-0.0300,0.0911,0.5500,1.1100,-9.7500,23,-0.0625,-25.5000,23.5625,2,0,0,2
9.3710,180.6250,-3.5000,-60.8768,42.9718,-14.3239,75.8797,-0.0500,-0.1400,0.0900,0.1738,0.5500,1.0400,-9.6100,23,-0.8750,-25.5000,24.0000,2,0,0,2
9.3920,180.6875,-3.5000,-35.8099,14.3239,-32.2289,50.2615,-0.0700,-0.1700,0.1200,0.2195,0.5200,1.0100,-9.5900,23,-0.8750,-25.5000,24.0000,2,0,0,2
9.4120,180.6250,-3.5000,32.2289,-35.8099,-57.2958,74.8589,-0.0500,-0.0700,0.0000,0.0860,0.5500,1.1100,-9.7100,23,-1.1875,-25.0625,24.0000,2,0,0,2
9.4370,180.5625,-3.5000,3.5810,-60.8768,-82.3627,102.4813,-0.0400,-0.0700,-0.0600,0.1005,0.5500,1.1100,-9.7800,23,-1.1875,-25.0625,24.0000,2,0,0,2
9.4540,180.5625,-3.4375,25.0669,-46.5528,-89.5247,103.9720,0.0000,0.0000,-0.1900,0.1900,0.5900,1.1800,-9.9000,23,-1.1875,-25.0625,24.0000,2,0,0,2
9.4740,180.5000,-3.4375,50.1338,-10.7430,-75.2007,91.0162,0.0100,0.0700,-0.1600,0.1749,0.6100,1.2500,-9.8700,23,-1.1875,-25.0625,23.5000,2,0,0,2
9.4930,180.4375,-3.4375,-42.9718,28.6479,-68.0387,85.4199,-0.0100,0.0200,-0.0400,0.0458,0.5800,1.2100,-9.7600,23,-1.1875,-25.0625,23.5000,2,0,0,2
9.5140,180.1250,-3.4375,-7.1620,7.1620,-35.8099,37.2147,-0.0300,0.0300,0.0000,0.0424,0.5500,1.2300,-9.7200,23,0.2500,-25.0625,23.5625,2,0,0,2
9.5360,180.1250,-3.4375,35.8099,17.9049,3.5810,40.1965,-0.0500,0.1500,0.0400,0.1631,0.5400,1.3400,-9.6700,23,0.2500,-25.0625,23.5625,2,0,0,2
9.5560,180.1250,-3.4375,-46.5528,10.7430,42.9718,64.2585,-0.0500,-0.0200,0.0500,0.0735,0.5300,1.1600,-9.6600,23,0.2500,-25.0625,23.5625,3,0,0,2
9.5760,180.0625,-3.4375,28.6479,-14.3239,53.7148,62.5392,0.0000,-0.2500,-0.0800,0.2625,0.6000,0.9300,-9.7900,23,-0.7500,-25.7500,23.1875,3,0,0,2
9.6000,180.0625,-3.4375,111.0106,0.0000,10.7430,111.5292,-0.0100,-0.0900,-0.0600,0.1086,0.5900,1.1100,-9.7300,23,-0.7500,-25.7500,23.1875,3,0,0,2
9.6210,180.0625,-3.4375,-25.0669,28.6479,-14.3239,40.6722,-0.0800,-0.1800,0.1100,0.2256,0.5000,1.0000,-9.6000,23,-1.1875,-25.0625,24.3750,3,0,0,2
9.6420,180.0625,-3.4375,-17.9049,-7.1620,-57.2958,60.4540,-0.0600,-0.1700,0.1700,0.2478,0.5200,1.0000,-9.5300,23,-1.1875,-25.0625,24.3750,3,0,0,2
9.6620,180.0625,-3.4375,89.5247,-64.4578,-71.6197,131.5251,-0.0300,0.0400,0.1000,0.1118,0.5500,1.2200,-9.6100,23,-0.7500,-25.7500,22.7500,3,0,0,2
9.6820,179.9375,-3.3750,-28.6479,-96.6866,-82.3627,130.2022,0.0100,-0.0800,-0.0700,0.1068,0.5900,1.0900,-9.7800,23,-0.7500,-25.7500,22.7500,3,0,0,2
9.7030,179.9375,-3.3750,-68.0387,-75.2007,-114.5916,153.0217,-0.0300,-0.1000,-0.1000,0.1446,0.5400,1.0800,-9.8200,23,-0.7500,-25.7500,22.7500,3,0,0,2
9.7190,179.8750,-3.3125,-46.5528,-64.4578,-128.9155,151.4634,-0.0400,0.0100,-0.0700,0.0812,0.5300,1.1900,-9.7900,23,-1.5625,-25.5000,24.3750,3,0,0,2
9.7430,179.8125,-3.3125,3.5810,-28.6479,-114.5916,118.1725,-0.0500,0.1300,-0.0200,0.1407,0.5200,1.3200,-9.7400,23,-1.5625,-25.5000,24.3750,3,0,0,2
9.7600,179.8125,-3.3125,-14.3239,-25.0669,-89.5247,94.0648,0.0000,0.0800,0.0000,0.0800,0.5700,1.2600,-9.7100,23,-1.1875,-25.5000,24.3750,3,0,0,2
9.7800,179.7500,-3.3125,-50.1338,-46.5528,-60.8768,91.5781,-0.0100,0.1400,-0.0200,0.1418,0.5500,1.3300,-9.7400,23,-1.1875,-25.5000,24.3750,3,0,0,2
9.8020,179.7500,-3.3125,-46.5528,-39.3908,-25.0669,65.9330,0.0000,0.0700,-0.0800,0.1063,0.5600,1.2700,-9.8000,23,-1.1875,-25.5000,24.3750,3,0,0,2
9.8220,179.5625,-3.2500,0.0000,-39.3908,0.0000,39.3908,-0.0400,0.0800,-0.0600,0.1077,0.5200,1.2700,-9.7700,23,-0.0625,-25.0625,24.0000,3,0,0,2
9.8420,179.5625,-3.2500,-14.3239,-42.9718,10.7430,46.5528,-0.0600,0.0500,0.0100,0.0787,0.4900,1.2400,-9.7000,23,-0.0625,-25.0625,24.0000,3,0,0,2
9.8660,179.4375,-3.2500,-17.9049,-46.5528,7.1620,50.3889,-0.0200,-0.0200,-0.1000,0.1039,0.5300,1.1600,-9.8200,23,-0.0625,-26.5625,24.6875,3,0,0,2
9.8880,179.4375,-3.2500,14.3239,-39.3908,-7.1620,42.5219,0.0000,0.0000,-0.2000,0.2000,0.5500,1.2000,-9.9200,23,-0.0625,-26.5625,24.6875,3,0,0,2
9.9040,179.4375,-3.2500,10.7430,-17.9049,-7.1620,22.0747,-0.0300,0.0400,-0.1100,0.1208,0.5200,1.2300,-9.8300,23,-0.0625,-26.5625,24.6875,3,0,0,2
9.9250,179.4375,-3.2500,-21.4859,7.1620,0.0000,22.6481,-0.0500,-0.0400,-0.0400,0.0755,0.5000,1.1500,-9.7600,23,-1.1875,-25.0625,24.0000,3,0,0,2
9.9450,179.4375,-3.2500,-25.0669,3.5810,-14.3239,29.0921,-0.0500,0.0400,0.0000,0.0640,0.4900,1.2300,-9.7200,23,-1.1875,-25.0625,24.0000,3,0,0,2
9.9690,179.3750,-3.2500,14.3239,-21.4859,7.1620,26.7976,-0.1000,0.1800,0.0100,0.2062,0.4500,1.3800,-9.7000,23,-0.7500,-25.0625,23.5625,3,0,0,2
9.9900,179.3750,-3.1875,-3.5810,-35.8099,57.2958,67.6607,-0.0300,0.0500,-0.1500,0.1609,0.5200,1.2400,-9.8700,23,-0.7500,-25.0625,23.5625,3,0,0,2
10.0060,179.4375,-3.1875,-17.9049,-25.0669,75.2007,81.2655,-0.0200,-0.1000,-0.2000,0.2245,0.5300,1.0900,-9.9200,23,-0.7500,-25.0625,23.5625,3,0,0,2
10.0260,179.3125,-3.1875,10.7430,25.0669,64.4578,69.9897,-0.0400,-0.0800,-0.1000,0.1342,0.5000,1.1100,-9.8200,23,-0.0625,-25.0625,24.0000,3,0,0,2
10.0510,179.3125,-3.1875,-3.5810,17.9049,53.7148,56.7335,-0.0500,-0.1400,0.0000,0.1487,0.4900,1.0500,-9.7200,23,-0.0625,-25.0625,24.0000,3,0,0,2
10.0710,179.2500,-3.1875,-35.8099,3.5810,25.0669,43.8579,-0.0300,-0.1700,-0.0600,0.1828,0.5100,1.0200,-9.7800,23,-0.0625,-25.0625,23.1875,3,0,0,2
10.0920,179.2500,-3.1875,-14.3239,14.3239,-32.2289,38.0664,-0.1200,-0.0300,0.0000,0.1237,0.4200,1.1600,-9.7100,23,-0.0625,-25.0625,23.1875,3,0,0,2
10.1120,179.2500,-3.1875,10.7430,-10.7430,-35.8099,38.8995,-0.0500,-0.0200,-0.0400,0.0671,0.4900,1.1600,-9.7600,23,-1.1875,-25.7500,23.5625,3,0,0,2
10.1360,179.2500,-3.1875,57.2958,-10.7430,-21.4859,62.1278,0.0000,-0.0400,-0.1200,0.1265,0.5500,1.1400,-9.8400,23,-1.1875,-25.7500,23.5625,3,0,0,2
10.1530,179.2500,-3.1875,10.7430,3.5810,-3.5810,11.8768,0.0000,-0.0500,-0.1600,0.1676,0.5500,1.1300,-9.8700,23,-1.1875,-25.7500,23.5625,3,0,0,2
10.1770,179.1875,-3.1875,-46.5528,25.0669,-17.9049,55.8221,-0.0100,-0.1200,-0.0900,0.1503,0.5400,1.0600,-9.8100,23,-0.7500,-24.3750,23.5625,3,0,0,2
10.1980,179.1875,-3.1875,50.1338,25.0669,-46.5528,72.8623,-0.0200,-0.0600,-0.1000,0.1183,0.5200,1.1200,-9.8200,23,-0.7500,-24.3750,23.5625,3,0,0,2
10.2150,179.1875,-3.1875,93.1056,25.0669,-50.1338,108.6757,-0.0300,-0.0200,-0.0900,0.0970,0.5300,1.1700,-9.8300,23,-0.0625,-25.7500,25.1875,3,0,0,2
10.2390,179.0000,-3.1875,21.4859,35.8099,-39.3908,57.4076,0.0000,0.0400,-0.0400,0.0566,0.5400,1.2300,-9.7500,23,-0.0625,-25.7500,25.1875,3,0,0,2
10.2560,179.0000,-3.2500,-28.6479,53.7148,-32.2289,68.8816,-0.0100,0.0000,0.0000,0.0100,0.5400,1.1800,-9.7100,23,-0.0625,-25.7500,25.1875,3,0,0,2
10.2810,179.0000,-3.2500,-7.1620,25.0669,-17.9049,31.6264,-0.0400,-0.0100,-0.0400,0.0574,0.5100,1.1700,-9.7600,23,-0.5000,-26.1875,23.1875,3,0,0,2
10.3000,179.0000,-3.2500,32.2289,25.0669,-21.4859,46.1378,0.0000,-0.0400,-0.0800,0.0894,0.5500,1.1400,-9.8000,23,-0.5000,-26.1875,23.1875,3,0,0,2
10.3210,178.9375,-3.2500,39.3908,50.1338,-21.4859,67.2806,-0.0100,-0.0800,0.0400,0.0900,0.5400,1.0900,-9.6700,23,-0.5000,-25.5000,23.5625,3,0,0,2
10.3420,178.9375,-3.2500,28.6479,57.2958,-42.9718,77.1368,-0.0600,-0.0600,0.1500,0.1723,0.5000,1.1200,-9.5600,23,-0.5000,-25.5000,23.5625,3,0,0,2
10.3630,178.9375,-3.3125,10.7430,14.3239,-39.3908,43.2692,-0.0500,0.0000,0.0900,0.1030,0.5100,1.1800,-9.6200,23,-1.1875,-25.5000,24.3750,3,0,0,2
10.3860,178.9375,-3.3125,-7.1620,-17.9049,-53.7148,57.0715,0.0100,-0.0600,-0.0200,0.0640,0.5800,1.1100,-9.7400,23,-1.1875,-25.5000,24.3750,3,0,0,2
10.4030,178.8750,-3.2500,10.7430,14.3239,-78.7817,80.7907,0.0000,0.0400,-0.0400,0.0566,0.5700,1.2200,-9.7600,23,-1.1875,-25.5000,24.3750,3,0,0,2
10.4230,178.8125,-3.2500,-25.0669,28.6479,-71.6197,81.1076,0.0100,0.1700,0.0300,0.1729,0.5800,1.3500,-9.6800,23,-0.5000,-25.5000,24.3750,3,0,0,2
10.4440,178.8125,-3.2500,-42.9718,-3.5810,-25.0669,49.8774,-0.0100,0.1300,0.0500,0.1396,0.5500,1.3200,-9.6500,23,-0.5000,-25.5000,24.3750,3,0,0,2
10.4650,178.8125,-3.2500,14.3239,-25.0669,25.0669,38.2345,0.0300,0.0200,-0.0800,0.0877,0.6000,1.2100,-9.8000,23,-0.5000,-25.5000,24.3750,3,0,0,2
10.4900,178.8125,-3.2500,93.1056,-25.0669,39.3908,104.1569,0.0200,0.0300,-0.1300,0.1349,0.5800,1.2100,-9.8500,23,-0.5000,-25.5000,24.3750,3,0,0,2
10.5050,178.8125,-3.2500,21.4859,10.7430,32.2289,40.1965,0.0000,-0.0400,-0.0100,0.0412,0.5600,1.1300,-9.7300,23,-0.5000,-25.5000,24.3750,3,0,0,2
10.5270,178.7500,-3.2500,-57.2958,0.0000,14.3239,59.0591,-0.0300,-0.1200,0.0300,0.1273,0.5200,1.0500,-9.6800,23,-0.5000,-25.5000,23.5625,3,0,0,2
10.5500,178.7500,-3.2500,-60.8768,-10.7430,-3.5810,61.9210,-0.0100,-0.0800,-0.0300,0.0860,0.5500,1.0900,-9.7500,23,-0.5000,-25.5000,23.5625,3,0,0,2
10.5720,178.7500,-3.2500,7.1620,-25.0669,-10.7430,28.1967,-0.0100,0.0400,-0.0800,0.0900,0.5500,1.2200,-9.8000,23,-0.7500,-25.5000,23.1875,3,0,0,2
10.5910,178.7500,-3.2500,39.3908,-7.1620,7.1620,40.6722,0.0000,0.0200,-0.1700,0.1712,0.5600,1.2100,-9.8900,23,-0.7500,-25.5000,23.1875,3,0,0,2
10.6120,178.7500,-3.2500,39.3908,-7.1620,46.5528,61.4011,0.0100,0.0000,-0.1900,0.1903,0.5600,1.1300,-9.9300,23,0.2500,-26.1875,24.3750,3,0,0,2
10.6330,178.6250,-3.2500,7.1620,32.2289,39.3908,51.3968,-0.0200,-0.1100,-0.1900,0.2205,0.5300,1.0600,-9.9100,23,0.2500,-26.1875,24.3750,3,0,0,2
10.6530,178.6250,-3.3125,35.8099,57.2958,17.9049,69.8981,0.0000,-0.1100,0.0400,0.1170,0.5700,1.0600,-9.6700,23,0.2500,-26.1875,24.3750,3,0,0,2
10.6740,178.6250,-3.3125,35.8099,75.2007,-3.5810,83.3686,-0.0500,-0.0600,0.1600,0.1780,0.5100,1.1100,-9.5500,23,-0.5000,-25.5000,24.3750,3,0,0,2
10.6950,178.6250,-3.3125,-17.9049,7.1620,-39.3908,43.8579,-0.0100,-0.1200,0.0200,0.1221,0.5500,1.0500,-9.6900,23,-0.5000,-25.5000,24.3750,3,0,0,2
10.7140,178.5625,-3.3125,53.7148,-3.5810,-53.7148,76.0485,0.0000,-0.0100,-0.1500,0.1503,0.5700,1.1500,-9.8600,23,-0.7500,-25.5000,22.3750,3,0,0,2
10.7360,178.5625,-3.3125,46.5528,28.6479,-39.3908,67.3759,0.0000,0.1900,-0.1200,0.2247,0.5800,1.3600,-9.8400,23,-0.7500,-25.5000,22.3750,3,0,0,2
10.7550,178.5625,-3.3125,-64.4578,46.5528,-3.5810,79.5914,-0.0100,0.0700,0.0000,0.0707,0.5500,1.2500,-9.7100,23,-0.7500,-25.5000,22.3750,3,0,0,2
10.7760,178.5000,-3.3750,-25.0669,32.2289,25.0669,47.9103,-0.0200,-0.0500,0.0700,0.0883,0.5500,1.1200,-9.6400,23,-0.0625,-26.5625,24.0000,3,0,0,2
10.7960,178.5000,-3.3750,93.1056,10.7430,46.5528,104.6482,0.0100,-0.0300,0.0000,0.0316,0.5900,1.1300,-9.7200,23,-0.0625,-26.5625,24.0000,3,0,0,2
10.8170,178.5000,-3.3750,50.1338,14.3239,42.9718,67.5659,0.0400,0.0100,-0.1000,0.1082,0.6100,1.1800,-9.8200,23,-0.7500,-26.1875,24.0000,3,0,0,2
10.8370,178.5625,-3.3750,-42.9718,32.2289,39.3908,66.6102,0.0000,-0.0800,-0.0600,0.1000,0.5700,1.0800,-9.7800,23,-0.7500,-26.1875,24.0000,3,0,0,2
10.8580,178.5625,-3.3750,-57.2958,25.0669,14.3239,64.1586,0.0000,-0.1300,-0.0400,0.1360,0.5800,1.0300,-9.7500,23,-0.7500,-26.1875,24.0000,3,0,0,2
10.8780,178.5000,-3.3750,10.7430,17.9049,3.5810,21.1854,0.0100,-0.0900,-0.0800,0.1208,0.5900,1.0700,-9.8000,23,-0.5000,-25.5000,24.0000,3,0,0,2
10.9030,178.5000,-3.3750,50.1338,53.7148,-7.1620,73.8239,0.0000,0.0100,0.0100,0.0141,0.5900,1.1800,-9.7000,23,-0.5000,-25.5000,24.0000,3,0,0,2
10.9240,178.4375,-3.3750,-3.5810,50.1338,17.9049,53.3555,-0.0300,-0.0800,0.1700,0.1903,0.5400,1.0800,-9.5300,23,-0.0625,-25.5000,24.6875,3,0,0,2
10.9440,178.4375,-3.3750,0.0000,0.0000,17.9049,17.9049,-0.0200,-0.1100,0.0600,0.1269,0.5500,1.0500,-9.6500,23,-0.0625,-25.5000,24.6875,3,0,0,2
10.9640,178.4375,-3.3750,71.6197,-32.2289,17.9049,80.5523,0.0000,-0.1000,-0.0300,0.1044,0.5800,1.0500,-9.7400,23,-0.0625,-26.5625,24.6875,3,0,0,2
10.9840,178.3750,-3.3750,10.7430,-21.4859,-7.1620,25.0669,0.0400,-0.1400,-0.1300,0.1952,0.6200,1.0100,-9.8500,23,-0.0625,-26.5625,24.6875,3,0,0,2
11.0060,178.3750,-3.3750,-42.9718,25.0669,-32.2289,59.2759,-0.0200,-0.1600,-0.0400,0.1661,0.5600,1.0000,-9.7600,23,-0.0625,-26.5625,24.6875,3,0,0,2
11.0260,178.3750,-3.3750,-14.3239,21.4859,-71.6197,76.1328,-0.0100,-0.1200,0.0900,0.1503,0.5600,1.0400,-9.6200,23,-1.1875,-25.5000,24.0000,3,0,0,2
11.0510,178.3125,-3.3750,10.7430,0.0000,-75.2007,75.9642,0.0100,-0.0300,0.0700,0.0768,0.6000,1.1300,-9.6400,23,-1.1875,-25.5000,24.0000,3,0,0,2
11.0670,178.3125,-3.3750,21.4859,-21.4859,-78.7817,84.4384,0.0300,0.0400,0.0300,0.0583,0.6100,1.2100,-9.6800,23,-0.7500,-25.0625,23.5625,3,0,0,2
11.0920,178.2500,-3.3750,39.3908,-42.9718,-57.2958,81.7375,0.0000,0.0300,-0.0500,0.0583,0.5800,1.2000,-9.7700,23,-0.7500,-25.0625,23.5625,3,0,0,2
11.1080,178.2500,-3.3750,68.0387,-32.2289,-25.0669,79.3494,0.0100,0.0500,-0.0200,0.0548,0.5900,1.2200,-9.7400,23,-0.7500,-25.0625,23.5625,3,0,0,2
11.1280,178.2500,-3.3750,28.6479,-10.7430,-10.7430,32.4272,0.0100,0.0600,0.0000,0.0608,0.5900,1.2200,-9.7200,23,-0.7500,-25.0625,24.0000,3,0,0,2
11.1520,178.2500,-3.3750,-21.4859,-21.4859,17.9049,35.2686,0.0400,0.0000,-0.0200,0.0447,0.6100,1.1600,-9.7400,23,-0.7500,-25.0625,24.0000,3,0,0,2
11.1730,178.2500,-3.3750,-53.7148,-21.4859,21.4859,61.7136,0.0100,-0.0900,-0.0400,0.0990,0.5300,1.0600,-9.7000,23,-0.5000,-25.5000,24.0000,3,0,0,2
11.1940,178.2500,-3.3750,25.0669,-25.0669,0.0000,35.4500,-0.0100,-0.0100,0.0600,0.0616,0.5600,1.1500,-9.6500,23,-0.5000,-25.5000,24.0000,3,0,0,2
11.2150,178.2500,-3.3125,32.2289,-53.7148,-3.5810,62.7439,-0.0200,-0.0900,-0.0600,0.1100,0.5400,1.0600,-9.7800,23,-0.7500,-25.5000,23.5625,3,0,0,2
11.2380,178.2500,-3.3125,-21.4859,-50.1338,-17.9049,57.4076,0.0300,-0.1800,-0.1800,0.2563,0.6000,0.9700,-9.9000,23,-0.7500,-25.5000,23.5625,3,0,0,2
11.2550,178.2500,-3.3125,68.0387,-28.6479,-25.0669,77.9636,-0.0100,-0.0300,-0.1100,0.1145,0.5500,1.1200,-9.8300,23,-0.7500,-25.5000,23.5625,3,0,0,2
11.2760,178.2500,-3.3125,50.1338,7.1620,-14.3239,52.6295,0.0000,0.0100,-0.0100,0.0141,0.5700,1.1700,-9.7300,23,-0.5000,-25.0625,24.6875,3,0,0,2
11.3000,178.2500,-3.3125,-60.8768,-7.1620,-14.3239,62.9480,-0.0300,-0.1500,0.0900,0.1775,0.5300,1.0000,-9.6200,23,-0.5000,-25.0625,24.6875,3,0,0,2
11.3210,178.2500,-3.2500,-35.8099,-46.5528,-35.8099,68.7885,0.0000,-0.1800,0.0000,0.1800,0.5600,0.9800,-9.7100,23,-0.7500,-25.0625,23.5625,3,0,0,2
11.3410,178.2500,-3.2500,35.8099,-53.7148,-60.8768,88.7333,0.0000,-0.0700,-0.0900,0.1140,0.5700,1.0900,-9.8100,23,-0.7500,-25.0625,23.5625,3,0,0,2
11.3610,178.2500,-3.2500,25.0669,-21.4859,-64.4578,72.4210,0.0100,-0.0300,-0.0800,0.0860,0.5700,1.1200,-9.8000,23,-0.7500,-25.0625,23.5625,3,0,0,2
11.3830,178.1875,-3.2500,-7.1620,-25.0669,-53.7148,59.7070,0.0000,-0.0200,-0.0800,0.0825,0.5500,1.1300,-9.8000,23,-0.7500,-25.5000,23.1875,3,0,0,2
11.4030,178.1875,-3.2500,0.0000,-17.9049,-35.8099,40.0366,0.0200,0.0100,-0.1200,0.1221,0.5600,1.1600,-9.8500,23,-0.7500,-25.5000,23.1875,3,0,0,2
11.4280,178.1875,-3.2500,-10.7430,-3.5810,-17.9049,21.1854,0.0000,-0.0500,-0.1300,0.1393,0.5600,1.1000,-9.8500,23,-0.7500,-25.5000,24.6875,3,0,0,2
11.4480,178.1875,-3.2500,7.1620,17.9049,0.0000,19.2842,0.0000,-0.0600,-0.1000,0.1166,0.5500,1.0900,-9.8200,23,-0.7500,-25.5000,24.6875,3,0,0,2
11.4680,178.1875,-3.2500,7.1620,21.4859,-10.7430,25.0669,-0.0200,-0.0200,-0.0400,0.0490,0.5300,1.1300,-9.7600,23,-0.5000,-25.5000,23.1875,3,0,0,2
11.4930,178.1875,-3.2500,-68.0387,3.5810,-10.7430,68.9747,-0.0300,-0.0500,-0.0500,0.0768,0.5200,1.1100,-9.7700,23,-0.5000,-25.5000,23.1875,3,0,0,2
11.5100,178.1875,-3.2500,10.7430,7.1620,-17.9049,22.0747,-0.0400,-0.0800,-0.0800,0.1200,0.5100,1.0800,-9.8000,23,-0.5000,-25.5000,23.1875,3,0,0,2
11.5300,178.1875,-3.2500,93.1056,14.3239,0.0000,94.2010,0.0100,0.0100,-0.0700,0.0714,0.5700,1.1700,-9.7900,23,-0.7500,-25.0625,24.0000,3,0,0,2
11.5530,178.1875,-3.2500,-25.0669,28.6479,-3.5810,38.2345,-0.0100,-0.1100,-0.0400,0.1175,0.5400,1.0400,-9.7600,23,-0.7500,-25.0625,24.0000,3,0,0,2
11.5750,178.1875,-3.2500,-57.2958,17.9049,-21.4859,63.7576,-0.0300,-0.1500,0.0000,0.1530,0.5200,1.0000,-9.7100,23,-0.0625,-25.0625,23.5625,3,0,0,2
11.5950,178.1875,-3.2500,-21.4859,7.1620,-39.3908,45.4376,-0.0200,-0.1000,-0.0100,0.1025,0.5500,1.0900,-9.7400,23,-0.0625,-25.0625,23.5625,3,0,0,2
11.6160,178.1875,-3.2500,-39.3908,3.5810,-50.1338,63.8581,0.0000,-0.0600,-0.0200,0.0632,0.5600,1.1200,-9.7600,23,-0.5000,-25.5000,24.0000,3,0,0,2
11.6370,178.1250,-3.2500,3.5810,7.1620,-57.2958,57.8526,-0.0200,0.0400,-0.0100,0.0458,0.5300,1.2000,-9.7400,23,-0.5000,-25.5000,24.0000,3,0,0,2
11.6560,178.1250,-3.2500,14.3239,10.7430,-46.5528,49.8774,0.0100,0.0400,-0.0300,0.0510,0.5700,1.2100,-9.7500,23,-0.5000,-25.5000,24.0000,3,0,0,2
11.6770,178.1250,-3.2500,-10.7430,3.5810,-17.9049,21.1854,0.0400,0.0600,-0.0500,0.0877,0.6000,1.2300,-9.7700,23,-1.1875,-25.7500,24.0000,3,0,0,2
11.7020,178.1250,-3.2500,-75.2007,25.0669,-3.5810,79.3494,0.0000,-0.0500,0.0000,0.0500,0.5600,1.1100,-9.7200,23,-1.1875,-25.7500,24.0000,3,0,0,2
11.7220,178.1250,-3.2500,-21.4859,-7.1620,-3.5810,22.9295,-0.0100,-0.1000,-0.1000,0.1418,0.5400,1.0600,-9.8200,23,-0.5000,-25.5000,22.3750,3,0,0,2
11.7430,178.1250,-3.2500,42.9718,-3.5810,-21.4859,48.1772,0.0400,0.0000,-0.1000,0.1077,0.6000,1.1600,-9.8200,23,-0.5000,-25.5000,22.3750,3,0,0,2
11.7630,178.1250,-3.2500,-21.4859,28.6479,-25.0669,43.7115,0.0000,0.1000,0.0200,0.1020,0.5500,1.2700,-9.6900,23,-0.5000,-25.5000,22.3750,3,0,0,2
11.7830,178.1250,-3.2500,-118.1725,10.7430,0.0000,118.6599,-0.0400,-0.0200,0.0500,0.0671,0.5100,1.1400,-9.6600,23,-1.5625,-25.0625,23.5625,3,0,0,2
11.8040,178.1250,-3.2500,-14.3239,-3.5810,17.9049,23.2074,-0.0100,-0.0900,-0.0300,0.0954,0.5700,1.0600,-9.8000,23,-1.5625,-25.0625,23.5625,3,0,0,2
11.8250,178.1250,-3.2500,60.8768,-7.1620,17.9049,63.8581,0.0000,-0.0600,-0.0900,0.1082,0.5600,1.1100,-9.8100,23,-0.7500,-25.5000,24.0000,3,0,0,2
11.8490,178.1250,-3.2500,-10.7430,17.9049,-7.1620,22.0747,0.0000,-0.1200,-0.1000,0.1562,0.5500,1.0400,-9.8200,23,-0.7500,-25.5000,24.0000,3,0,0,2
11.8690,178.1250,-3.2500,-10.7430,32.2289,-28.6479,44.4389,0.0000,-0.0600,-0.0400,0.0721,0.5500,1.1000,-9.7600,23,-0.0625,-25.5000,23.1875,3,0,0,2
11.8900,178.1250,-3.2500,10.7430,21.4859,-35.8099,43.1208,0.0200,-0.0800,-0.0300,0.0877,0.5800,1.0800,-9.7500,23,-0.0625,-25.5000,23.1875,3,0,0,2
11.9100,178.1250,-3.2500,35.8099,17.9049,-39.3908,56.1656,0.0300,-0.0100,0.0000,0.0316,0.5900,1.1500,-9.7200,23,-0.0625,-25.5000,23.1875,3,0,0,2
11.9310,178.1250,-3.2500,14.3239,7.1620,-32.2289,35.9885,0.0100,0.0000,-0.0200,0.0224,0.5700,1.1700,-9.7400,23,-1.1875,-24.6875,24.3750,3,0,0,2
11.9510,178.1250,-3.2500,-7.1620,14.3239,-21.4859,26.7976,0.0400,-0.0100,-0.0100,0.0424,0.6000,1.1500,-9.7300,23,-1.1875,-24.6875,24.3750,3,0,0,2
11.9730,178.1250,-3.2500,-7.1620,10.7430,0.0000,12.9114,-0.0200,-0.0900,0.0500,0.1049,0.5300,1.0700,-9.6600,23,-0.5000,-25.0625,24.0000,3,0,0,2
11.9970,178.1250,-3.2500,-21.4859,-3.5810,-17.9049,28.1967,0.0100,-0.1900,0.0000,0.1903,0.5700,0.9800,-9.7100,23,-0.5000,-25.0625,24.0000,3,0,0,2
12.0130,178.1250,-3.2500,64.4578,-3.5810,-46.5528,79.5914,0.0400,-0.0500,-0.0700,0.0949,0.6000,1.1100,-9.7900,23,-0.5000,-25.0625,24.0000,3,0,0,2
12.0330,178.0625,-3.2500,60.8768,0.0000,-57.2958,83.5990,0.0500,0.0100,-0.1200,0.1304,0.6000,1.1800,-9.8500,23,-0.0625,-24.6875,25.1875,3,0,0,2
12.0580,178.0625,-3.2500,-57.2958,21.4859,-53.7148,81.4232,0.0200,-0.0500,-0.1000,0.1136,0.5800,1.0700,-9.8000,23,-0.0625,-24.6875,25.1875,3,0,0,2
12.0790,178.0625,-3.2500,-28.6479,32.2289,-39.3908,58.4041,0.0200,0.0200,0.0300,0.0412,0.5800,1.1900,-9.6800,23,-0.5000,-25.7500,23.5625,3,0,0,2
12.1000,178.0625,-3.2500,-28.6479,14.3239,-3.5810,32.2289,0.0200,-0.0500,0.0200,0.0574,0.5800,1.1100,-9.6900,23,-0.5000,-25.7500,23.5625,3,0,0,2
12.1230,178.0625,-3.2500,-42.9718,-3.5810,-7.1620,43.7115,0.0300,-0.2000,-0.0500,0.2083,0.5900,0.9700,-9.7700,23,-0.0625,-25.0625,23.5625,3,0,0,2
12.1450,178.0625,-3.2500,53.7148,-14.3239,-32.2289,64.2585,0.0300,-0.0900,-0.1100,0.1453,0.5900,1.0700,-9.8300,23,-0.0625,-25.0625,23.5625,3,0,0,2
12.1640,178.0625,-3.2500,46.5528,0.0000,-32.2289,56.6204,0.0100,-0.0100,-0.0800,0.0812,0.5700,1.1400,-9.8000,23,-0.0625,-25.0625,23.5625,3,0,0,2
12.1840,178.0625,-3.2500,-89.5247,32.2289,-21.4859,97.5449,0.0000,-0.1900,-0.1200,0.2247,0.5600,0.9700,-9.8500,23,0.5625,-24.6875,23.5625,3,0,0,2
12.2050,178.0625,-3.2500,3.5810,42.9718,-28.6479,51.7697,-0.0100,-0.1400,0.0100,0.1407,0.6000,1.0800,-9.6200,23,0.5625,-24.6875,23.5625,3,0,0,2
12.2250,178.0000,-3.2500,96.6866,64.4578,-57.2958,129.5605,0.0000,-0.0300,0.1000,0.1044,0.5700,1.1200,-9.6100,23,-0.5000,-24.6875,23.5625,3,0,0,2
12.2470,178.0000,-3.2500,25.0669,17.9049,-53.7148,61.9210,0.0200,-0.1100,0.1400,0.1792,0.5700,0.9900,-9.5900,23,-0.5000,-24.6875,23.5625,3,0,0,2
12.2660,178.0000,-3.2500,-53.7148,-14.3239,-71.6197,90.6633,0.0300,-0.2200,0.1000,0.2435,0.6000,0.9300,-9.6200,23,-0.0625,-26.1875,24.6875,3,0,0,2
12.2870,177.9375,-3.2500,0.0000,-60.8768,-107.4296,123.4791,0.0500,-0.0400,-0.1800,0.1910,0.6000,1.1200,-9.9000,23,-0.0625,-26.1875,24.6875,3,0,0,2
12.3080,177.9375,-3.1875,42.9718,-32.2289,-121.7535,133.0759,0.0400,0.0100,-0.2100,0.2140,0.5900,1.1700,-9.9300,23,-0.0625,-26.1875,24.6875,3,0,0,2
12.3280,177.8750,-3.1875,42.9718,-7.1620,-111.0106,119.2528,0.0500,0.0400,-0.1800,0.1910,0.5800,1.2400,-9.7700,23,-0.0625,-25.0625,24.0000,3,0,0,2
12.3490,177.8750,-3.1875,-14.3239,28.6479,-53.7148,62.5392,0.0000,0.0400,0.0500,0.0640,0.5600,1.2100,-9.6600,23,-0.0625,-25.0625,24.0000,3,0,0,2
12.3690,177.8125,-3.1875,-64.4578,17.9049,-14.3239,68.4147,0.0100,-0.1200,0.0100,0.1208,0.5700,1.0400,-9.7000,23,-0.5000,-24.6875,24.0000,3,0,0,2
12.3910,177.8125,-3.1875,32.2289,-10.7430,-7.1620,34.7190,0.0400,-0.1200,-0.0700,0.1446,0.6000,1.0400,-9.7900,23,-0.5000,-24.6875,24.0000,3,0,0,2
12.4100,177.8125,-3.1875,3.5810,0.0000,-32.2289,32.4272,0.0300,-0.2000,-0.0800,0.2175,0.5800,0.9700,-9.8000,23,-0.5000,-24.6875,24.0000,3,0,0,2
12.4310,177.8125,-3.1875,-10.7430,21.4859,-71.6197,75.5410,0.0000,-0.2200,-0.1100,0.2460,0.5400,0.9400,-9.8300,23,-0.7500,-24.6875,24.6875,3,0,0,2
12.4550,177.8125,-3.1875,-10.7430,28.6479,-107.4296,111.7015,0.0100,-0.0500,-0.0100,0.0520,0.5700,1.1100,-9.7300,23,-0.7500,-24.6875,24.6875,3,0,0,2
12.4720,177.7500,-3.1875,-46.5528,17.9049,-132.4965,141.5736,-0.0100,0.0000,0.0000,0.0100,0.5300,1.1700,-9.7200,23,0.5625,-25.3750,24.0000,3,0,0,2
12.4930,177.6875,-3.1875,-7.1620,-10.7430,-125.3345,125.9978,0.0700,0.1000,-0.1500,0.1934,0.6200,1.2800,-9.8700,23,0.5625,-25.3750,24.0000,3,0,0,2
12.5120,177.6250,-3.1875,50.1338,3.5810,-96.6866,108.9703,0.0500,0.1500,-0.1000,0.1871,0.6000,1.3200,-9.8200,23,0.5625,-25.3750,24.0000,3,0,0,2
12.5320,177.6250,-3.1875,3.5810,28.6479,-64.4578,70.6281,0.0400,0.1100,-0.0600,0.1315,0.6000,1.2900,-9.7800,23,0.2500,-25.0625,24.3750,3,0,0,2
12.5530,177.6250,-3.1875,-53.7148,39.3908,-39.3908,77.3858,0.0700,0.0400,-0.0200,0.0831,0.6200,1.2200,-9.7400,23,0.2500,-25.0625,24.3750,3,0,0,2
12.5740,177.6250,-3.1875,-39.3908,64.4578,-28.6479,80.7907,0.0600,0.1500,0.1200,0.2012,0.6100,1.3300,-9.5900,23,-1.1875,-25.5000,24.0000,3,0,0,2
12.5950,177.6250,-3.2500,-17.9049,28.6479,-25.0669,42.0671,0.0300,0.2700,0.1700,0.3205,0.5900,1.4500,-9.5400,23,-1.1875,-25.5000,24.0000,3,0,0,2
12.6140,177.6250,-3.2500,-28.6479,-17.9049,35.8099,49.2304,0.0300,0.2000,0.0600,0.2110,0.5900,1.3800,-9.6500,23,-1.1875,-25.5000,24.0000,3,0,0,2
12.6360,177.6250,-3.2500,-21.4859,-42.9718,75.2007,89.2377,0.0600,0.1600,-0.0500,0.1780,0.6100,1.3500,-9.7600,23,-0.7500,-25.5000,23.5625,3,0,0,2
12.6570,177.6875,-3.2500,-42.9718,-21.4859,89.5247,101.6016,0.0200,0.1800,-0.0100,0.1814,0.5800,1.3700,-9.7300,23,-0.7500,-25.5000,23.5625,3,0,0,2
12.6760,177.6875,-3.2500,-39.3908,-10.7430,107.4296,114.9268,0.0100,0.1300,0.0200,0.1319,0.5700,1.3200,-9.6900,23,-0.7500,-25.7500,23.5625,3,0,0,2
12.6970,177.7500,-3.2500,25.0669,-21.4859,128.9155,133.0759,0.0300,0.1300,0.0000,0.1334,0.5900,1.3300,-9.7100,23,-0.7500,-25.7500,23.5625,3,0,0,2
12.7130,177.8125,-3.2500,39.3908,-50.1338,150.4014,163.3574,0.0400,0.1000,0.0000,0.1077,0.6000,1.3000,-9.7200,23,-0.7500,-25.7500,23.5625,3,0,0,2
12.7370,177.8125,-3.2500,-17.9049,-60.8768,136.0775,150.1454,0.0600,0.0500,-0.0500,0.0927,0.6200,1.2400,-9.7600,23,-0.5000,-25.7500,24.3750,3,0,0,2
12.7590,177.8750,-3.1875,-14.3239,-35.8099,132.4965,137.9958,0.0400,0.0800,-0.1000,0.1342,0.6000,1.2700,-9.8200,23,-0.5000,-25.7500,24.3750,3,0,0,2
12.7750,177.9375,-3.1875,14.3239,-35.8099,146.8204,151.8017,0.0500,0.1500,-0.1900,0.2472,0.6100,1.3400,-9.9100,23,-0.5000,-25.5000,23.5625,3,0,0,2
12.7990,178.0000,-3.2500,-14.3239,-3.5810,175.4683,176.0884,0.0600,0.0800,-0.1700,0.1972,0.6200,1.2800,-9.8900,23,-0.5000,-25.5000,23.5625,3,0,0,2
12.8160,178.0625,-3.2500,-21.4859,17.9049,200.5352,202.4762,0.0100,0.0500,-0.1000,0.1122,0.5700,1.2400,-9.8200,23,-0.5000,-25.5000,23.5625,3,0,0,2
12.8370,178.1250,-3.2500,0.0000,21.4859,214.8592,215.9308,0.0200,0.1100,-0.0600,0.1269,0.5800,1.3100,-9.7800,23,-0.7500,-24.6875,24.0000,3,0,0,2
12.8560,178.1875,-3.2500,-7.1620,21.4859,243.5071,244.5580,0.0000,0.0400,-0.0100,0.0412,0.5500,1.2000,-9.6500,23,-0.7500,-24.6875,24.0000,3,0,0,2
12.8770,178.3125,-3.2500,14.3239,3.5810,264.9930,265.4040,0.0000,-0.0500,0.0400,0.0640,0.5600,1.1300,-9.6600,23,-0.5000,-25.0625,24.0000,3,0,0,2
12.8970,178.3750,-3.2500,35.8099,-10.7430,286.4789,288.9082,0.0000,-0.1400,-0.0800,0.1612,0.5700,1.0400,-9.8000,23,-0.5000,-25.0625,24.0000,3,0,0,2
12.9180,178.5000,-3.3125,60.8768,-14.3239,268.5740,275.7592,0.0300,-0.2600,-0.1800,0.3176,0.6000,0.9100,-9.9000,23,-0.7500,-25.0625,24.6875,3,0,0,2
12.9390,178.5625,-3.3125,46.5528,10.7430,214.8592,220.1069,0.0200,-0.2600,-0.1400,0.2960,0.5900,0.9100,-9.8500,23,-0.7500,-25.0625,24.6875,3,0,0,2
12.9590,178.6250,-3.3125,35.8099,35.8099,179.0493,186.0735,-0.0100,-0.1700,0.0000,0.1703,0.5300,0.9900,-9.6400,23,-0.7500,-25.0625,24.6875,3,0,0,2
12.9790,178.6875,-3.3125,-10.7430,17.9049,143.2395,144.7534,-0.0300,-0.1900,0.0700,0.2047,0.5300,0.9700,-9.6400,23,-1.5625,-24.6875,24.0000,3,0,0,2
13.0000,178.7500,-3.3125,21.4859,-21.4859,139.6585,142.9258,0.0000,-0.1300,-0.0300,0.1334,0.5500,1.0600,-9.7600,23,-1.5625,-24.6875,24.0000,3,0,0,2
13.0160,178.7500,-3.3125,93.1056,-21.4859,143.2395,172.1855,0.0100,-0.0600,-0.0900,0.1086,0.5900,1.0900,-9.8100,23,-0.7500,-25.7500,24.0000,3,0,0,2
13.0370,178.8125,-3.3125,111.0106,-3.5810,161.1444,195.7133,0.0000,-0.0400,-0.0600,0.0721,0.5700,1.0800,-9.8100,23,-0.7500,-25.7500,24.0000,3,0,0,2
13.0610,178.8750,-3.3125,60.8768,7.1620,175.4683,185.8666,0.0000,-0.2100,0.0000,0.2100,0.5800,0.9200,-9.7300,23,-0.7500,-25.7500,24.0000,3,0,0,2
13.0780,178.9375,-3.3125,46.5528,17.9049,182.6303,189.3187,0.0100,-0.2500,0.0000,0.2502,0.5900,0.8900,-9.7400,23,-1.5625,-25.7500,24.3750,3,0,0,2
13.1020,179.0000,-3.3750,53.7148,14.3239,153.9824,163.7102,-0.0200,-0.1900,0.0300,0.1934,0.5500,0.9300,-9.6800,23,-1.5625,-25.7500,24.3750,3,0,0,2
13.1190,179.0625,-3.3750,42.9718,7.1620,121.7535,129.3128,0.0000,-0.1800,0.0100,0.1803,0.5400,0.9400,-9.7100,23,-1.1875,-25.0625,24.3750,3,0,0,2
13.1390,179.0625,-3.3750,42.9718,-14.3239,85.9437,97.1497,-0.0100,-0.1700,-0.0300,0.1729,0.5600,0.9500,-9.7600,23,-1.1875,-25.0625,24.3750,3,0,0,2
13.1600,179.1250,-3.3750,125.3345,-10.7430,68.0387,143.0155,0.0200,-0.0400,-0.0700,0.0831,0.6000,1.0700,-9.8000,23,-1.1875,-25.0625,24.3750,3,0,0,2
13.1800,179.1250,-3.3750,175.4683,-7.1620,75.2007,191.0381,0.0200,0.0800,0.0100,0.0831,0.6000,1.1900,-9.7100,23,-1.1875,-24.6875,23.5625,3,0,0,2
13.2010,179.1875,-3.3750,53.7148,3.5810,125.3345,136.4069,0.0100,-0.0200,0.0400,0.0458,0.6000,1.0800,-9.6800,23,-1.1875,-24.6875,23.5625,3,0,0,2
13.2210,179.1875,-3.3750,21.4859,-7.1620,132.4965,134.4182,0.0000,-0.1700,-0.0600,0.1803,0.5800,0.9200,-9.7900,23,-1.1875,-25.5000,24.3750,3,0,0,2
13.2410,179.2500,-3.3750,82.3627,-10.7430,128.9155,153.3565,0.0100,-0.1500,-0.1500,0.2124,0.5900,0.9300,-9.8700,23,-1.1875,-25.5000,24.3750,3,0,0,2
13.2620,179.3125,-3.3750,96.6866,7.1620,103.8486,142.0709,0.0200,-0.0600,-0.0600,0.0872,0.6000,1.0200,-9.7900,23,-1.1875,-25.5000,24.3750,3,0,0,2
13.2820,179.3125,-3.3750,42.9718,3.5810,93.1056,102.6064,-0.0200,-0.1400,-0.0800,0.1625,0.5600,0.9300,-9.8100,23,-1.1875,-25.0625,24.6875,3,0,0,2
13.3020,179.3750,-3.3750,42.9718,10.7430,71.6197,84.2103,-0.0100,-0.1100,-0.1200,0.1631,0.5700,0.9600,-9.8500,23,-1.1875,-25.0625,24.6875,3,0,0,2
13.3200,179.3750,-3.3750,53.7148,7.1620,60.8768,81.5019,0.0000,-0.0400,-0.0400,0.0566,0.5800,1.0300,-9.7700,23,-1.5625,-25.0625,24.0000,3,0,0,2
13.3430,179.3750,-3.3750,89.5247,14.3239,64.4578,111.2414,0.0400,0.0300,-0.0900,0.1030,0.6200,1.1000,-9.8200,23,-1.5625,-25.0625,24.0000,3,0,0,2
13.3650,179.4375,-3.3750,60.8768,14.3239,85.9437,106.2896,0.0200,0.0500,-0.0800,0.0964,0.6000,1.1200,-9.8100,23,-1.5625,-25.0625,24.0000,3,0,0,2
13.3810,179.4375,-3.3750,32.2289,17.9049,103.8486,110.1990,0.0300,0.0200,-0.1100,0.1158,0.6100,1.0900,-9.8400,23,-1.5625,-25.5000,24.3750,3,0,0,2
13.4020,179.5000,-3.3750,10.7430,32.2289,125.3345,129.8571,0.0300,0.0000,-0.1400,0.1432,0.6200,1.0600,-9.8700,23,-1.5625,-25.5000,24.3750,3,0,0,2
13.4220,179.5625,-3.3750,10.7430,25.0669,125.3345,128.2673,0.0400,-0.0100,-0.1300,0.1364,0.6300,1.0500,-9.8600,23,-1.1875,-25.5000,25.1875,3,0,0,2
13.4430,179.5625,-3.4375,7.1620,53.7148,139.6585,149.8034,0.0200,-0.0600,-0.1700,0.1814,0.6100,1.0000,-9.9000,23,-1.1875,-25.5000,25.1875,3,0,0,2
13.4630,179.6250,-3.4375,10.7430,75.2007,128.9155,149.6321,0.0100,-0.0500,-0.1200,0.1304,0.6000,1.0000,-9.8500,23,-1.1875,-25.5000,25.1875,3,0,0,2
13.4830,179.6875,-3.5000,-10.7430,89.5247,125.3345,154.3982,0.0400,-0.1100,-0.1200,0.1676,0.6400,0.9500,-9.8500,23,-1.1875,-24.6875,24.3750,3,0,0,2
13.5040,179.6875,-3.5000,25.0669,100.2676,114.5916,154.3152,0.0000,-0.0600,-0.0600,0.0849,0.6100,0.9900,-9.7900,23,-1.1875,-24.6875,24.3750,3,0,0,2
13.5240,179.7500,-3.5625,21.4859,78.7817,125.3345,149.5892,0.0000,0.0000,0.1200,0.1200,0.6000,1.0600,-9.6000,23,-2.2500,-24.6875,23.5625,3,0,0,2
13.5450,179.8125,-3.5625,0.0000,50.1338,139.6585,148.3842,0.0000,-0.0900,0.0500,0.1030,0.6200,0.9600,-9.6700,23,-2.2500,-24.6875,23.5625,3,0,0,2
13.5650,179.8750,-3.6250,50.1338,14.3239,136.0775,145.7246,0.0400,-0.1300,-0.0500,0.1449,0.6600,0.9200,-9.7800,23,-2.2500,-24.6875,23.5625,3,0,0,2
13.5820,179.8750,-3.6250,50.1338,46.5528,114.5916,133.4608,0.0600,-0.1200,-0.1600,0.2088,0.6800,0.9200,-9.8900,23,-1.1875,-25.0625,24.0000,3,0,0,2
13.6060,179.9375,-3.6250,28.6479,60.8768,96.6866,117.7921,0.0400,-0.0800,-0.1000,0.1342,0.6700,0.9600,-9.8300,23,-1.1875,-25.0625,24.0000,3,0,0,2
13.6220,179.9375,-3.6875,14.3239,100.2676,107.4296,147.6478,0.0500,-0.0300,-0.0200,0.0616,0.6800,1.0100,-9.7500,23,-1.5625,-24.3750,24.3750,3,0,0,2
13.6430,180.0000,-3.6875,-3.5810,78.7817,118.1725,142.0709,0.0200,0.0100,0.0100,0.0245,0.6600,1.0600,-9.7100,23,-1.5625,-24.3750,24.3750,3,0,0,2
13.6640,180.0625,-3.7500,10.7430,89.5247,136.0775,163.2396,0.0300,-0.0500,0.0200,0.0616,0.6800,0.9900,-9.7000,23,-1.5625,-24.3750,24.3750,3,0,0,2
13.6840,180.0625,-3.7500,53.7148,78.7817,143.2395,172.0737,0.0100,0.0000,0.0600,0.0608,0.6600,1.0400,-9.6600,23,-1.5625,-24.0000,24.0000,3,0,0,2
13.7040,180.1250,-3.8125,7.1620,60.8768,146.8204,159.1022,0.0500,-0.0900,0.0500,0.1145,0.7100,0.9400,-9.6700,23,-1.5625,-24.0000,24.0000,3,0,0,2
13.7240,180.1875,-3.8125,35.8099,42.9718,118.1725,130.7428,0.0200,-0.1000,0.0200,0.1039,0.6800,0.9300,-9.7000,23,-1.5625,-25.5000,24.0000,3,0,0,2
13.7450,180.1875,-3.8125,39.3908,28.6479,100.2676,111.4717,0.0400,-0.0500,0.0500,0.0812,0.7000,0.9800,-9.6700,23,-1.5625,-25.5000,24.0000,3,0,0,2
13.7660,180.2500,-3.8750,14.3239,25.0669,89.5247,94.0648,0.0200,0.0200,0.0600,0.0663,0.6900,1.0600,-9.6600,23,-1.5625,-25.5000,24.0000,3,0,0,2
13.7830,180.2500,-3.8750,57.2958,17.9049,118.1725,132.5449,0.0400,0.0200,0.0000,0.0447,0.7100,1.0500,-9.7200,23,-1.5625,-24.0000,24.6875,3,0,0,2
13.8030,180.3125,-3.8750,96.6866,21.4859,136.0775,168.3064,0.0700,0.0500,-0.0400,0.0949,0.7400,1.0800,-9.7700,23,-1.5625,-24.0000,24.6875,3,0,0,2
13.8240,180.3750,-3.8750,21.4859,50.1338,143.2395,153.2729,0.0900,0.0000,-0.0100,0.0906,0.7600,1.0100,-9.7400,23,-1.8750,-24.0000,24.3750,3,0,0,2
13.8430,180.4375,-3.8750,-25.0669,60.8768,150.4014,164.1795,0.0200,-0.0100,0.0900,0.0927,0.7000,1.0100,-9.6300,23,-1.8750,-24.0000,24.3750,3,0,0,2
13.8640,180.5000,-3.9375,14.3239,28.6479,157.5634,160.7859,0.0100,-0.0400,0.1500,0.1556,0.6900,0.9800,-9.5700,23,-1.8750,-24.0000,24.3750,3,0,0,2
13.8850,180.5000,-3.9375,75.2007,-10.7430,153.9824,171.7007,0.0400,0.0000,0.0400,0.0566,0.7200,1.0100,-9.6800,23,-1.1875,-24.0000,24.0000,3,0,0,2
13.9050,180.5625,-3.9375,57.2958,-25.0669,171.8873,182.9109,0.0500,0.0200,0.0000,0.0539,0.7200,1.0400,-9.7300,23,-1.1875,-24.0000,24.0000,3,0,0,2
13.9210,180.6250,-3.9375,-3.5810,-3.5810,179.0493,179.1209,0.0100,-0.0200,0.0000,0.0224,0.6900,0.9900,-9.7300,23,-0.8750,-25.0625,23.5625,3,0,0,2
13.9460,180.6875,-3.9375,-71.6197,10.7430,193.3733,206.4897,0.0100,-0.1400,0.0500,0.1490,0.6900,0.8700,-9.6700,23,-0.8750,-25.0625,23.5625,3,0,0,2
13.9660,180.8125,-3.9375,32.2289,7.1620,189.7923,192.6424,0.0200,-0.1500,0.0900,0.1761,0.7100,0.8600,-9.6300,23,-0.8750,-25.0625,23.5625,3,0,0,2
13.9830,180.8125,-3.9375,85.9437,-17.9049,182.6303,202.6345,0.0700,-0.0400,0.0800,0.1136,0.7600,0.9700,-9.6400,23,-1.6875,-25.0625,24.3750,3,0,0,2
14.0030,180.8750,-4.0000,-14.3239,-35.8099,171.8873,176.1612,0.0000,-0.0800,0.0500,0.0943,0.6800,0.9200,-9.6700,23,-1.6875,-25.0625,24.3750,3,0,0,2
14.0240,180.9375,-3.9375,-28.6479,-50.1338,164.7254,174.5524,0.0000,-0.1200,-0.0200,0.1217,0.6800,0.8800,-9.7500,23,-1.8750,-24.6875,24.3750,3,0,0,2
14.0440,181.0000,-3.9375,71.6197,-39.3908,171.8873,190.3320,0.0100,-0.0500,-0.1200,0.1304,0.7000,0.9400,-9.8500,23,-1.8750,-24.6875,24.3750,3,0,0,2
14.0650,181.1250,-3.9375,35.8099,-14.3239,204.1162,207.7281,0.0400,0.0000,-0.0900,0.0985,0.7200,1.0000,-9.8200,23,-1.8750,-24.6875,24.3750,3,0,0,2
14.0850,181.1250,-3.9375,-3.5810,-10.7430,218.4402,218.7335,0.0400,-0.0600,0.0000,0.0721,0.7300,0.9300,-9.7300,23,-1.8750,-24.0000,24.3750,3,0,0,2
14.1060,181.1875,-4.0000,21.4859,-14.3239,214.8592,216.4054,0.0200,-0.1200,0.0100,0.1221,0.7100,0.8700,-9.7100,23,-1.8750,-24.0000,24.3750,3,0,0,2
14.1260,181.2500,-4.0000,64.4578,-17.9049,218.4402,228.4546,0.0000,-0.0700,0.0100,0.0707,0.6800,0.9200,-9.7100,23,-3.1875,-24.0000,25.5000,3,0,0,2
14.1470,181.3750,-4.0000,35.8099,-25.0669,254.2500,257.9802,0.0200,-0.1400,-0.0500,0.1500,0.7100,0.8400,-9.7800,23,-3.1875,-24.0000,25.5000,3,0,0,2
14.1670,181.5000,-4.0000,25.0669,-14.3239,232.7641,234.5478,0.0000,-0.3100,-0.1200,0.3324,0.6800,0.6700,-9.8500,23,-3.1875,-24.0000,25.5000,3,0,0,2
14.1830,181.5000,-4.0000,17.9049,3.5810,153.9824,155.0612,0.0000,-0.3100,0.0200,0.3106,0.6900,0.6600,-9.7000,23,-1.6875,-25.5000,24.3750,3,0,0,2
14.2040,181.5625,-4.0000,-14.3239,-28.6479,100.2676,105.2591,0.0000,-0.3100,0.0300,0.3114,0.6800,0.6600,-9.6900,23,-1.6875,-25.5000,24.3750,3,0,0,2
14.2250,181.6250,-4.0000,78.7817,-35.8099,78.7817,117.0276,0.0300,-0.2300,-0.1500,0.2762,0.7200,0.7300,-9.8800,23,-2.6875,-24.3750,24.0000,3,0,0,2
14.2450,181.6250,-4.0000,114.5916,-10.7430,82.3627,141.5283,0.0000,-0.0600,-0.1700,0.1803,0.6800,0.8900,-9.9000,23,-2.6875,-24.3750,24.0000,3,0,0,2
14.2650,181.6875,-4.0000,-10.7430,14.3239,96.6866,98.3305,-0.0100,-0.1000,-0.0100,0.1010,0.6700,0.8500,-9.7400,23,-2.6875,-24.3750,24.0000,3,0,0,2
14.2860,181.6875,-4.0000,-32.2289,3.5810,96.6866,101.9796,-0.0300,-0.2700,0.0000,0.2717,0.6500,0.6800,-9.7400,23,-3.3750,-25.0625,24.0000,3,0,0,2
14.3070,181.7500,-4.0000,114.5916,-14.3239,82.3627,141.8450,0.0100,-0.1300,-0.1700,0.2142,0.7000,0.8100,-9.9000,23,-3.3750,-25.0625,24.0000,3,0,0,2
14.3230,181.7500,-4.0000,35.8099,25.0669,75.2007,86.9819,0.0400,-0.0900,-0.1300,0.1631,0.7300,0.8500,-9.8600,23,-2.6875,-24.6875,23.5625,3,0,0,2
14.3470,181.7500,-4.0000,-46.5528,32.2289,75.2007,94.1330,0.0000,-0.1500,-0.0200,0.1513,0.6900,0.7800,-9.7600,23,-2.6875,-24.6875,23.5625,3,0,0,2
14.3680,181.8125,-4.0000,-42.9718,25.0669,85.9437,99.3038,-0.0200,-0.1300,0.0100,0.1319,0.6600,0.8000,-9.7200,23,-2.6875,-24.6875,23.5625,3,0,0,2
14.3840,181.8125,-4.0000,-50.1338,21.4859,78.7817,95.8207,-0.0400,-0.2700,0.0200,0.2737,0.6500,0.6600,-9.7100,23,-2.6875,-25.0625,24.3750,3,0,0,2
14.4050,181.8750,-4.0000,39.3908,3.5810,46.5528,61.0871,-0.0100,-0.3400,-0.0700,0.3473,0.6700,0.5900,-9.8000,23,-2.6875,-25.0625,24.3750,3,0,0,2
14.4260,181.8750,-4.0000,60.8768,17.9049,14.3239,65.0519,0.0300,-0.2300,-0.1800,0.2936,0.7200,0.6900,-9.9200,23,-3.3750,-25.0625,24.3750,3,0,0,2
14.4490,181.8750,-4.0000,-3.5810,46.5528,-3.5810,46.8275,0.0200,-0.1200,-0.1100,0.1640,0.7200,0.7900,-9.8500,23,-3.3750,-25.0625,24.3750,3,0,0,2
14.4660,181.8750,-4.0625,-53.7148,39.3908,14.3239,68.1329,-0.0800,-0.1900,0.0300,0.2083,0.6100,0.7300,-9.7000,23,-3.3750,-25.0625,24.3750,3,0,0,2
14.4880,181.8750,-4.0625,-28.6479,28.6479,17.9049,44.2944,-0.0300,-0.3300,0.0200,0.3320,0.6500,0.5900,-9.7100,23,-2.2500,-24.3750,24.3750,3,0,0,2
14.5110,181.8750,-4.0625,-3.5810,0.0000,-25.0669,25.3214,0.0000,-0.5000,-0.1100,0.5120,0.6900,0.4100,-9.8500,23,-2.2500,-24.3750,24.3750,3,0,0,2
14.5280,181.8125,-4.0625,-3.5810,14.3239,-103.8486,104.8930,0.0700,-0.6000,-0.2100,0.6395,0.7600,0.3100,-9.9500,23,-3.0625,-24.6875,25.1875,3,0,0,2
14.5520,181.7500,-4.0625,39.3908,78.7817,-200.5352,219.0264,0.0600,-0.4600,-0.2100,0.5092,0.7500,0.4500,-9.9500,23,-3.0625,-24.6875,25.1875,3,0,0,2
14.5680,181.6875,-4.0625,-28.6479,118.1725,-254.2500,281.8307,0.0200,-0.3300,-0.0900,0.3426,0.7200,0.5700,-9.8300,23,-3.0625,-24.6875,25.1875,3,0,0,2
14.5890,181.6250,-4.1250,-71.6197,111.0106,-268.5740,299.3070,0.0400,-0.3000,0.0700,0.3106,0.7500,0.6000,-9.6600,23,-3.0625,-24.3750,24.3750,3,0,0,2
14.6100,181.5000,-4.1250,3.5810,100.2676,-272.1550,290.0599,0.0000,-0.2400,0.0900,0.2563,0.7200,0.6600,-9.6400,23,-3.0625,-24.3750,24.3750,3,0,0,2
14.6300,181.4375,-4.1875,-14.3239,57.2958,-261.4120,268.0004,-0.0100,-0.1500,0.2400,0.2832,0.7000,0.7500,-9.4900,23,-2.6875,-23.5625,24.6875,3,0,0,2
14.6500,181.3125,-4.1875,-3.5810,10.7430,-236.3451,236.6162,0.0300,-0.2800,0.0400,0.2844,0.7500,0.6200,-9.6900,23,-2.6875,-23.5625,24.6875,3,0,0,2
14.6670,181.2500,-4.1250,64.4578,7.1620,-250.6690,258.9229,0.0600,-0.2100,-0.1300,0.2542,0.7800,0.6700,-9.8700,23,-2.6875,-23.5625,24.6875,3,0,0,2
14.6910,181.1875,-4.1875,-17.9049,64.4578,-282.8979,290.7002,0.0700,-0.1900,-0.0700,0.2142,0.7900,0.7000,-9.8100,23,-2.2500,-24.3750,25.5000,3,0,0,2
14.7130,181.0625,-4.1875,-64.4578,64.4578,-297.2219,310.8865,0.0100,-0.3000,0.0600,0.3061,0.7300,0.5900,-9.6700,23,-2.2500,-24.3750,25.5000,3,0,0,2
14.7280,180.9375,-4.1875,46.5528,46.5528,-336.6127,342.9905,0.0000,-0.2300,0.1000,0.2508,0.7100,0.6600,-9.6300,23,-1.8750,-25.0625,24.3750,3,0,0,2
14.7530,180.8125,-4.1875,10.7430,0.0000,-368.8416,368.9980,0.0300,-0.1500,0.0800,0.1726,0.7500,0.7400,-9.6500,23,-1.8750,-25.0625,24.3750,3,0,0,2
14.7690,180.6875,-4.1875,-39.3908,-14.3239,-393.9085,396.1322,0.0400,-0.2100,0.0000,0.2138,0.7600,0.6700,-9.7400,23,-1.8750,-25.0625,24.3750,3,0,0,2
14.7890,180.5625,-4.1875,71.6197,0.0000,-408.2324,414.4673,0.0300,-0.0300,-0.0300,0.0520,0.7500,0.8600,-9.7700,23,-1.8750,-24.6875,24.3750,3,0,0,2
14.8110,180.4375,-4.1250,75.2007,28.6479,-368.8416,377.5182,0.0000,0.1000,0.1000,0.1414,0.7200,0.9900,-9.6300,23,-1.8750,-24.6875,24.3750,3,0,0,2
14.8310,180.3125,-4.1250,-82.3627,3.5810,-336.6127,346.5610,0.0200,-0.0100,0.0300,0.0374,0.7300,0.8700,-9.7000,23,-1.8750,-23.1875,24.3750,3,0,0,2
14.8510,180.1875,-4.1250,-139.6585,-17.9049,-336.6127,364.8742,0.0300,-0.1400,-0.0800,0.1640,0.7400,0.7500,-9.8200,23,-1.8750,-23.1875,24.3750,3,0,0,2
14.8710,180.0625,-4.1250,-125.3345,25.0669,-372.4226,393.7457,0.0500,-0.1800,-0.1100,0.2168,0.7600,0.7200,-9.8500,23,-1.8750,-23.1875,24.3750,3,0,0,2
14.8880,179.9375,-4.1250,-96.6866,53.7148,-411.8134,426.4081,0.0000,-0.0600,0.0400,0.0721,0.7200,0.8500,-9.6900,23,-1.8750,-25.0625,24.6875,3,0,0,2
14.9120,179.8125,-4.1250,-132.4965,39.3908,-404.6515,427.6094,-0.0200,-0.0100,0.1800,0.1814,0.6800,0.9100,-9.5400,23,-1.8750,-25.0625,24.6875,3,0,0,2
14.9300,179.6875,-4.1250,-153.9824,3.5810,-386.7465,416.2887,-0.0300,-0.1100,0.1400,0.1806,0.6700,0.8200,-9.5800,23,-1.5625,-24.3750,23.1875,3,0,0,2
14.9500,179.5625,-4.0625,-3.5810,-53.7148,-386.7465,390.4754,0.0000,-0.2200,-0.0600,0.2280,0.7100,0.7100,-9.8000,23,-1.5625,-24.3750,23.1875,3,0,0,2
14.9700,179.3750,-4.0625,10.7430,-28.6479,-433.2994,434.3782,0.0400,0.0400,-0.1800,0.1887,0.7400,0.9800,-9.9200,23,-1.5625,-24.3750,23.1875,3,0,0,2
14.9900,179.2500,-4.0625,-118.1725,10.7430,-415.3944,432.0101,0.0500,0.0200,-0.1700,0.1783,0.7500,0.9700,-9.9000,23,-1.8750,-25.5000,24.0000,3,0,0,2
15.0110,179.1250,-4.0625,-132.4965,21.4859,-418.9754,439.9515,0.0600,-0.1700,-0.1700,0.2478,0.7500,0.7800,-9.9100,23,-1.8750,-25.5000,24.0000,3,0,0,2
15.0310,179.0000,-4.0625,7.1620,32.2289,-458.3663,459.5537,0.0800,-0.0800,-0.1600,0.1960,0.7800,0.8700,-9.8900,23,-1.8750,-24.6875,24.0000,3,0,0,2
15.0510,178.8125,-4.0625,25.0669,60.8768,-451.2043,455.9820,0.0300,0.1300,-0.1000,0.1667,0.7300,1.0900,-9.8400,23,-1.8750,-24.6875,24.0000,3,0,0,2
15.0680,178.6875,-4.0625,-60.8768,57.2958,-390.3275,399.1796,-0.0100,0.1600,-0.0300,0.1631,0.6800,1.1200,-9.7600,23,-1.8750,-24.6875,24.0000,3,0,0,2
15.0880,178.5625,-4.0625,-136.0775,50.1338,-365.2606,392.9959,0.0000,0.0000,-0.1100,0.1100,0.7000,0.9700,-9.8400,23,-1.5625,-24.6875,24.6875,3,0,0,2
15.1140,178.4375,-4.0625,-150.4014,64.4578,-376.0036,410.0660,0.0600,-0.2000,-0.2000,0.2891,0.7600,0.7700,-9.9300,23,-1.5625,-24.6875,24.6875,3,0,0,2
15.1290,178.2500,-4.0625,-42.9718,89.5247,-444.0423,455.0108,0.0500,-0.2100,-0.0900,0.2339,0.7500,0.7700,-9.8300,23,-1.5625,-25.5000,24.0000,3,0,0,2
15.1500,178.1250,-4.0625,21.4859,82.3627,-497.7571,504.9826,0.0200,-0.1100,-0.0900,0.1435,0.7200,0.8700,-9.8200,23,-1.5625,-25.5000,24.0000,3,0,0,2
15.1700,177.9375,-4.1250,-32.2289,75.2007,-540.7290,546.8836,0.0300,-0.0200,-0.1100,0.1158,0.7300,0.9600,-9.8500,23,-1.5625,-25.5000,24.0000,3,0,0,2
15.1870,177.7500,-4.1250,-64.4578,85.9437,-576.5388,586.4624,0.0600,0.0200,-0.1300,0.1446,0.7700,1.0200,-9.8600,23,-1.1875,-24.6875,23.1875,3,0,0,2
15.2120,177.5625,-4.1250,-25.0669,132.4965,-583.7008,599.0745,0.0700,0.3100,-0.0700,0.3254,0.7800,1.3200,-9.8000,23,-1.1875,-24.6875,23.1875,3,0,0,2
15.2280,177.3750,-4.1250,-64.4578,143.2395,-544.3099,566.5206,0.0900,0.4300,0.0000,0.4393,0.8100,1.4400,-9.7300,23,-0.5000,-26.1875,24.0000,3,0,0,2
15.2520,177.1875,-4.1875,-111.0106,139.6585,-476.2712,508.5883,0.0700,0.3900,0.0800,0.4042,0.7900,1.4000,-9.6300,23,-0.5000,-26.1875,24.0000,3,0,0,2
15.2690,177.0000,-4.2500,-68.0387,139.6585,-415.3944,443.4933,0.0300,0.4400,0.2000,0.4843,0.7500,1.4700,-9.5100,23,-0.5000,-26.1875,24.0000,3,0,0,2
15.2900,176.9375,-4.2500,25.0669,71.6197,-340.1937,348.5534,0.0600,0.3000,0.1700,0.3500,0.7900,1.3400,-9.5400,23,-0.5625,-25.5000,24.3750,3,0,0,2
15.3100,176.8125,-4.2500,100.2676,39.3908,-329.4508,346.6166,0.0700,0.3500,0.0800,0.3658,0.8100,1.3900,-9.6300,23,-0.5625,-25.5000,24.3750,3,0,0,2
15.3310,176.6875,-4.2500,14.3239,35.8099,-333.0317,335.2576,0.0700,0.4600,0.1200,0.4805,0.8100,1.5100,-9.6000,23,-0.5625,-25.0625,25.1875,3,0,0,2
15.3510,176.5625,-4.2500,-21.4859,10.7430,-315.1268,316.0411,0.0500,0.5100,0.0700,0.5172,0.7900,1.5700,-9.6400,23,-0.5625,-25.0625,25.1875,3,0,0,2
15.3710,176.4375,-4.2500,28.6479,14.3239,-272.1550,274.0332,0.0600,0.6000,0.0200,0.6033,0.8000,1.6900,-9.6900,23,-0.5625,-25.0625,25.1875,3,0,0,2
15.3880,176.4375,-4.2500,39.3908,25.0669,-222.0211,226.8775,0.0800,0.6000,0.0000,0.6053,0.8200,1.7100,-9.7100,23,-0.5625,-25.5000,23.5625,3,0,0,2
15.4130,176.3125,-4.3125,21.4859,35.8099,-171.8873,176.8877,0.1000,0.6800,0.0300,0.6880,0.8400,1.8100,-9.6800,23,-0.5625,-25.5000,23.5625,3,0,0,2
15.4290,176.2500,-4.3125,-17.9049,25.0669,-78.7817,84.5901,0.0700,0.7400,0.1000,0.7500,0.8200,1.9000,-9.6000,23,-0.8750,-25.5000,24.3750,3,0,0,2
15.4500,176.2500,-4.3125,-21.4859,7.1620,25.0669,33.7830,0.0500,0.6200,0.1100,0.6317,0.8000,1.8000,-9.5800,23,-0.8750,-25.5000,24.3750,3,0,0,2
15.4690,176.3125,-4.3750,50.1338,-17.9049,114.5916,126.3535,0.0500,0.5300,0.0700,0.5369,0.8000,1.7400,-9.6200,23,-0.8750,-25.5000,24.3750,3,0,0,2
15.4910,176.3125,-4.3750,71.6197,-42.9718,175.4683,194.3324,0.0500,0.5100,0.0000,0.5124,0.8000,1.7300,-9.6900,23,-0.5625,-25.0625,24.3750,3,0,0,2
15.5100,176.3750,-4.3750,42.9718,-35.8099,239.9261,246.3604,0.0700,0.3900,0.0000,0.3962,0.8200,1.6200,-9.7000,23,-0.5625,-25.0625,24.3750,3,0,0,2
15.5310,176.4375,-4.3750,53.7148,-42.9718,290.0599,298.1050,0.0300,0.3200,0.0100,0.3216,0.7900,1.5500,-9.6800,23,-0.5625,-25.0625,24.3750,3,0,0,2
15.5520,176.5625,-4.3750,42.9718,-64.4578,322.2888,331.4686,0.0400,0.2000,-0.1100,0.2317,0.7900,1.4300,-9.8100,23,-0.5625,-25.0625,24.3750,3,0,0,2
15.5720,176.7500,-4.3750,78.7817,-50.1338,325.8698,338.9853,0.0500,0.1900,-0.2000,0.2804,0.8000,1.4200,-9.9000,23,-0.5625,-25.0625,24.3750,3,0,0,2
15.5880,176.8125,-4.3750,78.7817,-32.2289,350.9367,361.1119,0.0500,0.1200,-0.2100,0.2470,0.8000,1.3500,-9.9100,23,-0.8750,-25.7500,23.5625,3,0,0,2
15.6100,176.8750,-4.3750,53.7148,-7.1620,361.6796,365.7167,0.0000,0.1200,-0.1400,0.1844,0.7500,1.3400,-9.8400,23,-0.8750,-25.7500,23.5625,3,0,0,2
15.6300,177.0000,-4.3750,39.3908,7.1620,408.2324,410.1910,0.0000,0.0900,-0.0700,0.1140,0.7600,1.3100,-9.7700,23,-0.1875,-25.5000,24.3750,3,0,0,2
15.6500,177.1875,-4.4375,60.8768,0.0000,433.2994,437.5549,0.0100,0.0000,-0.1000,0.1005,0.7700,1.2100,-9.8000,23,-0.1875,-25.5000,24.3750,3,0,0,2
15.6700,177.3750,-4.4375,57.2958,-3.5810,472.6902,476.1635,0.0100,-0.0400,-0.1100,0.1175,0.7800,1.1600,-9.8100,23,-0.1875,-25.5000,24.3750,3,0,0,2
15.6900,177.5000,-4.4375,57.2958,7.1620,458.3663,461.9889,0.0200,-0.1200,-0.1500,0.1931,0.7900,1.0800,-9.8500,23,-0.5625,-24.6875,24.6875,3,0,0,2
15.7120,177.6250,-4.5000,71.6197,0.0000,461.9472,467.4662,-0.0100,-0.0800,-0.1400,0.1616,0.7500,1.1100,-9.8400,23,-0.5625,-24.6875,24.6875,3,0,0,2
15.7280,177.8125,-4.5000,53.7148,17.9049,476.2712,479.6250,0.0100,-0.1200,-0.1600,0.2002,0.7900,1.0700,-9.8600,23,-0.8750,-25.0625,25.1875,3,0,0,2
15.7520,177.9375,-4.5000,-7.1620,50.1338,490.5951,493.2021,-0.0300,-0.1700,-0.1500,0.2287,0.7400,1.0100,-9.8500,23,-0.8750,-25.0625,25.1875,3,0,0,2
15.7720,178.1875,-4.5625,57.2958,57.2958,508.5001,514.9155,-0.0100,-0.2900,-0.0300,0.2917,0.7700,0.8900,-9.7400,23,-0.8750,-25.0625,25.1875,3,0,0,2
15.7890,178.3125,-4.5625,96.6866,46.5528,504.9191,516.1964,-0.0100,-0.2900,-0.0200,0.2909,0.7700,0.8800,-9.7300,23,-1.6875,-25.5000,25.5000,3,0,0,2
15.8100,178.4375,-4.6250,78.7817,32.2289,469.1092,476.7690,0.0100,-0.4400,-0.0700,0.4456,0.8100,0.7100,-9.7700,23,-1.6875,-25.5000,25.5000,3,0,0,2
15.8300,178.6250,-4.6250,64.4578,50.1338,447.6233,455.0108,0.0100,-0.4100,-0.0400,0.4121,0.8200,0.7200,-9.7500,23,-1.6875,-25.7500,24.6875,3,0,0,2
15.8510,178.7500,-4.6875,42.9718,50.1338,368.8416,374.7054,-0.0300,-0.3600,0.0700,0.3680,0.7700,0.7700,-9.6300,23,-1.6875,-25.7500,24.6875,3,0,0,2
15.8720,178.9375,-4.6875,21.4859,21.4859,354.5177,355.8175,-0.0500,-0.3100,0.1400,0.3438,0.7500,0.8000,-9.5600,23,-1.6875,-25.7500,24.6875,3,0,0,2
15.8920,179.0000,-4.7500,57.2958,-3.5810,343.7747,348.5350,-0.0200,-0.2900,0.1000,0.3074,0.7900,0.8200,-9.6000,23,-2.0000,-23.5625,24.3750,3,0,0,2
15.9120,179.1250,-4.7500,85.9437,-21.4859,350.9367,361.9454,0.0100,-0.2700,-0.0200,0.2709,0.8300,0.8300,-9.7300,23,-2.0000,-23.5625,24.3750,3,0,0,2
15.9290,179.2500,-4.7500,96.6866,-7.1620,358.0986,370.9909,0.0000,-0.2400,-0.0100,0.2402,0.8200,0.8400,-9.7200,23,-1.2500,-24.6875,24.3750,3,0,0,2
15.9490,179.3125,-4.7500,114.5916,3.5810,365.2606,382.8307,-0.0100,-0.2000,0.0000,0.2002,0.8000,0.8700,-9.7000,23,-1.2500,-24.6875,24.3750,3,0,0,2
15.9700,179.4375,-4.7500,64.4578,3.5810,379.5845,385.0351,-0.0200,-0.2100,0.0200,0.2119,0.8000,0.8600,-9.6800,23,-1.2500,-24.6875,24.3750,3,0,0,2
15.9900,179.6250,-4.8125,10.7430,7.1620,383.1655,383.3830,-0.0100,-0.4100,0.0200,0.4106,0.8000,0.6500,-9.6800,23,-2.7500,-25.0625,23.5625,3,0,0,2
16.0110,179.7500,-4.8125,68.0387,-10.7430,350.9367,357.6328,-0.0300,-0.5400,0.0600,0.5442,0.7900,0.5100,-9.6400,23,-2.7500,-25.0625,23.5625,3,0,0,2
16.0310,179.8750,-4.8125,146.8204,-35.8099,286.4789,323.8962,0.0000,-0.4400,0.0400,0.4418,0.8200,0.6000,-9.6700,23,-1.6875,-25.5000,24.3750,3,0,0,2
16.0510,180.0000,-4.8125,114.5916,-28.6479,261.4120,286.8591,0.0000,-0.3300,0.0300,0.3314,0.8200,0.6900,-9.6800,23,-1.6875,-25.5000,24.3750,3,0,0,2
16.0720,180.0625,-4.8125,71.6197,-46.5528,257.8310,271.6126,-0.0500,-0.3200,0.1400,0.3528,0.7700,0.6900,-9.5700,23,-1.6875,-25.5000,24.3750,3,0,0,2
16.0930,180.1250,-4.8125,78.7817,-64.4578,257.8310,277.1970,-0.0100,-0.3500,0.1300,0.3735,0.8100,0.6600,-9.5800,23,-2.3750,-24.3750,24.3750,3,0,0,2
16.1130,180.1875,-4.8125,121.7535,-89.5247,247.0881,289.6396,-0.0300,-0.3500,0.0600,0.3564,0.7900,0.6400,-9.6500,23,-2.3750,-24.3750,24.3750,3,0,0,2
16.1330,180.3125,-4.7500,103.8486,-111.0106,247.0881,290.1041,-0.0200,-0.4200,-0.0800,0.4280,0.7900,0.5500,-9.8100,23,-2.7500,-24.0000,24.6875,3,0,0,2
16.1540,180.4375,-4.7500,78.7817,-85.9437,222.0211,250.7713,0.0000,-0.4500,-0.1700,0.4810,0.8200,0.5100,-9.8900,23,-2.7500,-24.0000,24.6875,3,0,0,2
16.1740,180.5000,-4.7500,42.9718,-46.5528,186.2113,196.6936,-0.0200,-0.4700,-0.1400,0.4908,0.7900,0.4700,-9.8600,23,-2.7500,-24.0000,24.6875,3,0,0,2
16.1900,180.5000,-4.6875,-21.4859,-53.7148,139.6585,151.1668,-0.0300,-0.5100,-0.0700,0.5157,0.7700,0.4200,-9.8000,23,-3.1875,-25.5000,24.3750,3,0,0,2
16.2120,180.5625,-4.6875,-46.5528,-32.2289,89.5247,105.9270,-0.0300,-0.5200,-0.1300,0.5368,0.7700,0.3900,-9.8600,23,-3.1875,-25.5000,24.3750,3,0,0,2
16.2350,180.6250,-4.6875,14.3239,-46.5528,46.5528,67.3759,-0.0400,-0.4000,-0.1100,0.4168,0.7600,0.5100,-9.8500,23,-1.6875,-24.6875,25.5000,3,0,0,2
16.2560,180.6250,-4.6875,-7.1620,-32.2289,25.0669,41.4529,0.0000,-0.4500,-0.2000,0.4924,0.8000,0.4400,-9.9400,23,-1.6875,-24.6875,25.5000,3,0,0,2
16.2730,180.6250,-4.6875,42.9718,-14.3239,0.0000,45.2963,-0.0100,-0.3800,-0.2400,0.4496,0.7800,0.5000,-9.9700,23,-1.6875,-24.6875,25.5000,3,0,0,2
16.2970,180.6250,-4.6875,28.6479,32.2289,-7.1620,43.7115,-0.0100,-0.3300,-0.1500,0.3626,0.7900,0.5500,-9.8900,23,-2.0000,-24.6875,23.5625,3,0,0,2
16.3180,180.6250,-4.6875,-10.7430,46.5528,-17.9049,51.0212,-0.0100,-0.4600,-0.1300,0.4781,0.7900,0.4000,-9.8600,23,-2.0000,-24.6875,23.5625,3,0,0,2
16.3380,180.6250,-4.6875,21.4859,50.1338,-68.0387,87.2027,-0.0200,-0.4400,-0.1100,0.4540,0.7700,0.4200,-9.8500,23,-2.0000,-24.0000,24.0000,3,0,0,2
16.3590,180.5625,-4.6875,17.9049,42.9718,-111.0106,120.3766,-0.0200,-0.3700,-0.0200,0.3711,0.8000,0.5200,-9.7200,23,-2.0000,-24.0000,24.0000,3,0,0,2
16.3790,180.5000,-4.6875,-7.1620,50.1338,-139.6585,148.5570,-0.0100,-0.2800,0.0100,0.2804,0.7900,0.5600,-9.7200,23,-2.7500,-24.3750,23.1875,3,0,0,2
16.3990,180.5000,-4.6875,-39.3908,0.0000,-161.1444,165.8890,-0.0100,-0.3300,-0.0300,0.3315,0.7900,0.5100,-9.7700,23,-2.7500,-24.3750,23.1875,3,0,0,2
16.4200,180.4375,-4.6875,0.0000,-10.7430,-189.7923,190.0961,-0.0200,-0.3400,-0.1800,0.3852,0.7900,0.4800,-9.9400,23,-2.7500,-24.3750,23.1875,3,0,0,2
16.4400,180.3125,-4.6875,50.1338,17.9049,-239.9261,245.7611,-0.0100,-0.2100,-0.2500,0.3266,0.7900,0.6100,-9.9900,23,-2.7500,-24.0000,24.6875,3,0,0,2
16.4600,180.2500,-4.6875,32.2289,50.1338,-268.5740,275.1074,0.0000,-0.0300,-0.1500,0.1530,0.8100,0.7900,-9.8800,23,-2.7500,-24.0000,24.6875,3,0,0,2
16.4810,180.1250,-4.6875,-3.5810,60.8768,-261.4120,268.4307,0.0100,-0.0100,-0.1400,0.1407,0.8200,0.8500,-9.9100,23,-2.3750,-24.6875,24.3750,3,0,0,2
16.4980,180.0625,-4.6875,-21.4859,68.0387,-261.4120,270.9744,0.0000,0.0400,-0.1800,0.1844,0.8300,0.8800,-9.9700,23,-2.3750,-24.6875,24.3750,3,0,0,2
16.5220,180.0000,-4.7500,71.6197,71.6197,-243.5071,263.7318,0.0100,0.1800,-0.3900,0.4297,0.8300,1.0000,-10.1300,23,-2.3750,-24.6875,24.3750,3,0,0,2
16.5390,179.8750,-4.7500,143.2395,150.4014,-200.5352,288.7084,0.0100,0.1800,-0.3800,0.4206,0.8400,1.0600,-10.1300,23,-2.0000,-24.6875,24.3750,3,0,0,2
16.5630,179.8125,-4.8125,78.7817,229.1831,-153.9824,287.1272,0.0100,0.1500,-0.4200,0.4461,0.8500,0.9700,-10.1500,23,-2.0000,-24.6875,24.3750,3,0,0,2
16.5800,179.8125,-4.9375,71.6197,307.9648,-118.1725,337.5447,0.0000,0.0800,-0.3800,0.3883,0.8400,0.9500,-10.1200,23,-1.6875,-24.6875,26.2500,3,0,0,2
16.6000,179.7500,-5.0625,146.8204,390.3275,-103.8486,429.7631,-0.0200,0.3900,-0.1800,0.4300,0.8500,1.2100,-9.9200,23,-1.6875,-24.6875,26.2500,3,0,0,2
16.6200,179.6875,-5.1875,-32.2289,415.3944,-17.9049,417.0274,-0.0500,0.4400,0.0600,0.4469,0.8400,1.2500,-9.6600,23,-1.6875,-24.6875,26.2500,3,0,0,2
16.6420,179.6875,-5.3125,-107.4296,386.7465,17.9049,401.7892,-0.0800,0.0800,0.1700,0.2042,0.8300,0.9000,-9.5500,23,-2.0000,-24.0000,24.6875,3,0,0,2
16.6650,179.6875,-5.4375,-57.2958,225.6021,39.3908,236.0736,-0.0800,-0.1600,0.0700,0.1921,0.8500,0.6600,-9.6500,23,-2.0000,-24.0000,24.6875,3,0,0,2
16.6820,179.6875,-5.5000,121.7535,164.7254,-42.9718,209.2963,-0.0500,-0.1200,-0.1400,0.1910,0.8900,0.6900,-9.8600,23,-1.6875,-24.3750,24.6875,3,0,0,2
16.7070,179.6875,-5.5625,168.3063,139.6585,-121.7535,250.3107,-0.0400,0.0800,-0.1900,0.2100,0.9000,0.8900,-9.9200,23,-1.6875,-24.3750,24.6875,3,0,0,2
16.7240,179.6250,-5.6250,78.7817,161.1444,-118.1725,214.7995,-0.0700,0.1900,-0.3000,0.3619,0.8900,1.0000,-10.0200,23,-1.6875,-24.3750,24.6875,3,0,0,2
16.7430,179.6250,-5.6250,17.9049,207.6972,-89.5247,226.8775,-0.0600,0.1700,-0.3900,0.4297,0.9100,0.9900,-10.1200,23,-3.1875,-25.0625,25.5000,3,0,0,2
16.7640,179.5625,-5.6875,68.0387,286.4789,-32.2289,296.2062,0.0000,0.1400,-0.4200,0.4427,0.9700,0.9500,-10.1500,23,-3.1875,-25.0625,25.5000,3,0,0,2
16.7850,179.5625,-5.8125,46.5528,350.9367,14.3239,354.3005,-0.0300,0.1500,-0.2800,0.3191,0.9600,0.9600,-10.0000,23,-1.6875,-24.0000,25.1875,3,0,0,2
16.8050,179.5625,-5.9375,-64.4578,390.3275,32.2289,396.9245,-0.0700,-0.1200,-0.0400,0.1446,0.9500,0.6800,-9.7600,23,-1.6875,-24.0000,25.1875,3,0,0,2
16.8260,179.5625,-6.1250,-28.6479,379.5845,7.1620,380.7315,-0.0300,-0.1800,0.1300,0.2241,1.0100,0.6300,-9.5800,23,-1.6875,-24.0000,25.1875,3,0,0,2
16.8460,179.5625,-6.2500,39.3908,329.4508,-17.9049,332.2800,-0.0800,-0.1400,0.0900,0.1847,0.9800,0.6600,-9.6100,23,-3.5000,-24.0000,24.0000,3,0,0,2
16.8660,179.5625,-6.3125,114.5916,307.9648,-32.2289,330.1701,-0.1200,-0.1300,-0.0500,0.1838,0.9500,0.6700,-9.7600,23,-3.5000,-24.0000,24.0000,3,0,0,2
16.8860,179.5000,-6.4375,232.7641,325.8698,-35.8099,402.0604,-0.0400,-0.0800,-0.2900,0.3035,1.0600,0.7000,-10.0000,23,-2.7500,-23.5625,24.6875,3,0,0,2
16.9070,179.5000,-6.5625,225.6021,433.2994,-57.2958,491.8612,0.0200,0.0900,-0.1500,0.1761,1.1500,0.8700,-9.8600,23,-2.7500,-23.5625,24.6875,3,0,0,2
16.9280,179.5000,-6.7500,-7.1620,465.5282,-39.3908,467.2467,-0.0800,0.0200,0.3300,0.3401,1.0700,0.8000,-9.3700,23,-2.7500,-23.5625,24.6875,3,0,0,2
16.9480,179.4375,-6.8750,-103.8486,426.1374,-35.8099,440.0681,-0.1000,-0.1000,0.5000,0.5196,1.0700,0.6700,-9.1900,23,-2.7500,-24.3750,24.6875,3,0,0,2
16.9680,179.4375,-7.0000,53.7148,322.2888,-35.8099,328.6909,-0.0300,-0.0600,0.5200,0.5243,1.1600,0.7100,-9.1800,23,-2.7500,-24.3750,24.6875,3,0,0,2
16.9890,179.4375,-7.0625,153.9824,232.7641,-32.2289,280.9420,-0.0100,-0.0600,0.4600,0.4640,1.2000,0.7100,-9.2300,23,-3.5000,-23.1875,25.1875,3,0,0,2
17.0100,179.4375,-7.1250,150.4014,168.3063,-50.1338,231.2164,-0.0200,0.0000,0.3200,0.3206,1.1900,0.7500,-9.3700,23,-3.5000,-23.1875,25.1875,3,0,0,2
17.0310,179.3750,-7.1875,78.7817,153.9824,-53.7148,181.1144,0.0000,-0.0400,0.3300,0.3324,1.2400,0.7100,-9.3600,23,-3.5000,-23.1875,25.1875,3,0,0,2
17.0500,179.3750,-7.2500,35.8099,136.0775,-53.7148,150.6144,0.0000,-0.0200,0.3000,0.3007,1.2400,0.7300,-9.3900,23,-3.5000,-24.6875,24.6875,3,0,0,2
17.0710,179.3750,-7.3125,39.3908,139.6585,-64.4578,158.7795,-0.0100,-0.0100,0.3100,0.3103,1.2300,0.7400,-9.3800,23,-3.5000,-24.6875,24.6875,3,0,0,2
17.0910,179.3125,-7.3125,71.6197,132.4965,-42.9718,156.6247,0.0100,-0.0300,0.3300,0.3315,1.2700,0.7100,-9.3500,23,-3.5000,-24.6875,25.1875,3,0,0,2
17.1120,179.3125,-7.3750,60.8768,107.4296,-42.9718,130.7428,0.0200,-0.0200,0.4900,0.4908,1.2800,0.6700,-9.1000,23,-3.5000,-24.6875,25.1875,3,0,0,2
17.1320,179.3125,-7.3750,-14.3239,71.6197,-39.3908,82.9831,0.0200,-0.0700,0.7500,0.7535,1.2600,0.6600,-8.8600,23,-3.8750,-24.3750,25.8750,3,0,0,2
17.1540,179.3125,-7.4375,-57.2958,-10.7430,-53.7148,79.2685,-0.0100,-0.1400,0.7500,0.7630,1.2500,0.6100,-8.9300,23,-3.8750,-24.3750,25.8750,3,0,0,2
17.1740,179.2500,-7.3750,-7.1620,-175.4683,-75.2007,191.0381,-0.0400,-0.1000,0.6200,0.6293,1.2000,0.6400,-9.0700,23,-3.8750,-24.3750,25.8750,3,0,0,2
17.1930,179.2500,-7.3125,-7.1620,-222.0211,-78.7817,235.6931,0.0600,-0.1400,0.4300,0.4562,1.3000,0.6000,-9.2600,23,-2.0000,-23.5625,24.3750,3,0,0,2
17.2150,179.1875,-7.2500,-39.3908,-261.4120,-114.5916,288.1304,0.0600,-0.1300,0.2800,0.3145,1.2900,0.6200,-9.4100,23,-2.0000,-23.5625,24.3750,3,0,0,2
17.2350,179.1875,-7.1250,-60.8768,-247.0881,-136.0775,288.5751,0.0500,-0.0400,0.3400,0.3460,1.2600,0.7100,-9.3500,23,-2.7500,-23.5625,24.6875,3,0,0,2
17.2550,179.1250,-7.0625,-82.3627,-275.7359,-125.3345,313.8832,0.0000,0.0000,0.3400,0.3400,1.2000,0.7600,-9.3600,23,-2.7500,-23.5625,24.6875,3,0,0,2
17.2770,179.0625,-6.8750,-107.4296,-322.2888,-114.5916,358.5281,0.0100,-0.1000,0.3000,0.3164,1.1900,0.6600,-9.4000,23,-2.7500,-23.5625,24.6875,3,0,0,2
17.2960,179.0625,-6.8125,-68.0387,-340.1937,-111.0106,364.2587,0.0100,-0.0700,0.1700,0.1841,1.1700,0.7000,-9.5300,23,-2.7500,-23.1875,25.1875,3,0,0,2
17.3170,179.0625,-6.6875,-39.3908,-322.2888,-93.1056,337.7727,0.0000,-0.0100,0.1600,0.1603,1.1500,0.7700,-9.5300,23,-2.7500,-23.1875,25.1875,3,0,0,2
17.3330,179.0000,-6.6250,-85.9437,-343.7747,-89.5247,365.4888,-0.0100,0.0700,0.1800,0.1934,1.1000,0.8600,-9.5200,23,-3.8750,-23.5625,25.1875,3,0,0,2
17.3570,179.0000,-6.5000,-186.2113,-379.5845,-60.8768,427.1593,-0.0600,-0.0400,0.0700,0.1005,1.0300,0.7500,-9.6300,23,-3.8750,-23.5625,25.1875,3,0,0,2
17.3780,179.0000,-6.3125,-132.4965,-372.4226,-53.7148,398.9226,0.0000,-0.1500,-0.0700,0.1655,1.0800,0.6400,-9.7800,23,-3.8750,-23.5625,25.1875,3,0,0,2
17.3950,178.9375,-6.2500,-35.8099,-358.0986,-75.2007,367.6576,0.0100,-0.0500,-0.1600,0.1679,1.0600,0.7500,-9.8700,23,-2.7500,-24.3750,25.5000,3,0,0,2
17.4150,178.9375,-6.1250,-100.2676,-325.8698,-85.9437,351.6120,-0.0300,-0.0100,-0.0800,0.0860,1.0000,0.7900,-9.8000,23,-2.7500,-24.3750,25.5000,3,0,0,2
17.4360,178.9375,-6.0000,-207.6972,-325.8698,-96.6866,398.3435,-0.0800,-0.1200,-0.0600,0.1562,0.9300,0.6900,-9.7800,23,-2.3750,-24.3750,25.8750,3,0,0,2
17.4560,178.8750,-5.8750,-146.8204,-347.3557,-125.3345,397.3927,-0.0300,-0.1300,-0.2700,0.3012,0.9600,0.6900,-9.9900,23,-2.3750,-24.3750,25.8750,3,0,0,2
17.4770,178.8125,-5.6875,-42.9718,-315.1268,-153.9824,353.3583,0.0100,0.0100,-0.2700,0.2704,0.9800,0.8500,-9.9900,23,-2.3750,-24.3750,25.8750,3,0,0,2
17.4970,178.8125,-5.6250,-118.1725,-286.4789,-153.9824,346.0426,-0.0100,0.0800,-0.1400,0.1616,0.9400,0.9200,-9.8600,23,-2.0000,-23.5625,25.1875,3,0,0,2
17.5180,178.7500,-5.5625,-161.1444,-272.1550,-121.7535,338.9097,-0.0600,0.0500,-0.1200,0.1432,0.8700,0.9000,-9.8500,23,-2.0000,-23.5625,25.1875,3,0,0,2
17.5370,178.7500,-5.3750,-64.4578,-279.3169,-78.7817,297.2866,-0.0300,0.1100,-0.1700,0.2047,0.8800,0.9700,-9.8900,23,-2.3750,-23.5625,22.7500,3,0,0,2
17.5580,178.6875,-5.3125,-107.4296,-254.2500,-53.7148,281.1930,-0.0100,0.1200,-0.1800,0.2166,0.8900,0.9800,-9.9100,23,-2.3750,-23.5625,22.7500,3,0,0,2
17.5790,178.6875,-5.1875,-218.4402,-222.0211,-42.9718,314.4139,-0.0300,-0.1800,-0.0800,0.1992,0.8500,0.6800,-9.8000,23,-2.3750,-23.5625,22.7500,3,0,0,2
17.5960,178.6875,-5.1875,-85.9437,-214.8592,-75.2007,243.3227,-0.0300,-0.1800,-0.0200,0.1836,0.8400,0.6900,-9.7500,23,-2.7500,-24.3750,24.3750,3,0,0,2
17.6200,178.6250,-5.0625,-7.1620,-222.0211,-111.0106,248.3305,-0.0300,0.0700,0.0000,0.0762,0.8300,0.9500,-9.7200,23,-2.7500,-24.3750,24.3750,3,0,0,2
17.6370,178.6250,-5.0000,-161.1444,-236.3451,-121.7535,310.8865,-0.0300,0.0300,0.0100,0.0436,0.8200,0.9200,-9.7100,23,-2.0000,-24.6875,26.2500,3,0,0,2
17.6580,178.5625,-4.8750,-214.8592,-239.9261,-114.5916,341.8482,0.0000,-0.0500,-0.0700,0.0860,0.8300,0.8400,-9.8000,23,-2.0000,-24.6875,26.2500,3,0,0,2
17.6780,178.5625,-4.8125,-132.4965,-247.0881,-125.3345,307.1100,0.0000,0.0500,-0.0100,0.0510,0.8200,0.9700,-9.7400,23,-2.0000,-24.6875,26.2500,3,0,0,2
17.6980,178.5000,-4.7500,-93.1056,-243.5071,-78.7817,272.3434,-0.0200,0.1100,0.0000,0.1118,0.7900,1.0300,-9.7200,23,-1.6875,-24.3750,25.5000,3,0,0,2
17.7180,178.5000,-4.6250,-68.0387,-243.5071,-32.2289,254.8797,0.0000,0.0500,-0.0900,0.1030,0.8000,0.9800,-9.8200,23,-1.6875,-24.3750,25.5000,3,0,0,2
17.7350,178.5000,-4.6250,-75.2007,-211.2782,-14.3239,224.7194,0.0300,-0.0100,-0.0700,0.0768,0.8200,0.9000,-9.8000,23,-2.3750,-24.6875,24.6875,3,0,0,2
17.7600,178.5000,-4.5625,-161.1444,-196.9542,-25.0669,255.7085,-0.0200,-0.1400,0.1400,0.1990,0.7400,0.7800,-9.5800,23,-2.3750,-24.6875,24.6875,3,0,0,2
17.7800,178.5000,-4.4375,-186.2113,-225.6021,-50.1338,296.7901,-0.0100,-0.2600,0.1900,0.3222,0.7400,0.6700,-9.5300,23,-2.3750,-24.6875,24.6875,3,0,0,2
17.7970,178.5000,-4.3750,-111.0106,-261.4120,-103.8486,302.3973,0.0100,-0.1400,0.2300,0.2694,0.7500,0.8000,-9.4900,23,-2.0000,-23.5625,24.6875,3,0,0,2
17.8160,178.5000,-4.3125,-107.4296,-322.2888,-136.0775,365.9621,0.0200,-0.0700,0.2100,0.2223,0.7400,0.8800,-9.5100,23,-2.0000,-23.5625,24.6875,3,0,0,2
17.8380,178.4375,-4.1875,-82.3627,-376.0036,-136.0775,408.2639,-0.0200,-0.0100,-0.0100,0.0245,0.6800,0.9400,-9.7400,23,-1.2500,-24.6875,24.6875,3,0,0,2
17.8580,178.3750,-4.0625,-21.4859,-401.0705,-132.4965,422.9356,0.0300,0.0600,-0.1800,0.1921,0.7100,1.0300,-9.9200,23,-1.2500,-24.6875,24.6875,3,0,0,2
17.8780,178.3750,-3.8125,-89.5247,-376.0036,-111.0106,402.1402,0.0500,0.0300,-0.4300,0.4339,0.7100,1.0000,-10.1600,23,-1.2500,-24.6875,24.6875,3,0,0,2
17.8990,178.3125,-3.6875,-118.1725,-325.8698,-121.7535,367.3959,0.0700,-0.0800,-0.4800,0.4916,0.7100,0.8900,-10.2100,23,-1.6875,-24.3750,24.6875,3,0,0,2
17.9190,178.3125,-3.6250,14.3239,-257.8310,-118.1725,283.9837,0.0600,0.1200,-0.3600,0.3842,0.6900,1.1000,-10.1000,23,-1.6875,-24.3750,24.6875,3,0,0,2
17.9400,178.2500,-3.5000,-32.2289,-243.5071,-85.9437,260.2320,0.0500,0.1500,-0.3700,0.4024,0.6600,1.1300,-10.1000,23,-0.5625,-25.7500,25.1875,3,0,0,2
17.9600,178.2500,-3.4375,-96.6866,-189.7923,-68.0387,223.6038,0.0500,0.0000,-0.5800,0.5822,0.6500,0.9900,-10.3200,23,-0.5625,-25.7500,25.1875,3,0,0,2
17.9810,178.2500,-3.3750,-10.7430,-132.4965,-57.2958,144.7534,0.0200,0.0600,-0.5900,0.5934,0.6000,1.0500,-10.3200,23,-0.5625,-25.7500,25.1875,3,0,0,2
17.9970,178.1875,-3.3750,-17.9049,-64.4578,-39.3908,77.6339,0.0300,0.1500,-0.3100,0.3457,0.6100,1.1300,-10.0500,23,-1.2500,-25.0625,24.0000,3,0,0,2
18.0210,178.1875,-3.3750,-111.0106,-28.6479,-14.3239,115.5388,0.0000,0.0200,-0.2400,0.2408,0.5900,1.0100,-9.9700,23,-1.2500,-25.0625,24.0000,3,0,0,2
18.0420,178.1875,-3.3750,-57.2958,-60.8768,-3.5810,83.6756,0.0000,-0.1100,-0.2400,0.2640,0.5700,0.8800,-9.9800,23,-0.5625,-24.6875,24.6875,3,0,0,2
18.0630,178.1875,-3.3125,25.0669,-68.0387,-17.9049,74.6874,0.0300,-0.0300,-0.3400,0.3426,0.6000,0.9600,-10.0800,23,-0.5625,-24.6875,24.6875,3,0,0,2
18.0830,178.1875,-3.3125,-50.1338,-39.3908,-50.1338,81.1076,0.0200,-0.0200,-0.3900,0.3910,0.6000,0.9700,-10.1300,23,-0.5625,-24.6875,24.6875,3,0,0,2
18.1040,178.1875,-3.3125,-82.3627,21.4859,-60.8768,104.6482,0.0300,-0.1200,-0.4600,0.4763,0.6000,0.8800,-10.2000,23,-1.2500,-24.3750,25.1875,3,0,0,2
18.1240,178.1250,-3.3125,35.8099,89.5247,-68.0387,118.0097,0.0400,0.1400,-0.2300,0.2722,0.6200,1.1400,-9.9700,23,-1.2500,-24.3750,25.1875,3,0,0,2
18.1440,178.1250,-3.3750,-25.0669,114.5916,-32.2289,121.6482,0.0200,0.2000,0.0000,0.2010,0.6000,1.2000,-9.7300,23,-0.8750,-25.5000,24.3750,3,0,0,2
18.1650,178.1250,-3.4375,-114.5916,75.2007,-25.0669,139.3367,-0.0100,-0.0900,0.0000,0.0906,0.5900,0.8800,-9.7500,23,-0.8750,-25.5000,24.3750,3,0,0,2
18.1860,178.1250,-3.4375,10.7430,25.0669,-35.8099,45.0123,0.0000,-0.0700,-0.0500,0.0860,0.6100,1.0000,-9.8000,23,-0.8750,-25.0625,24.3750,3,0,0,2
18.2060,178.1250,-3.4375,57.2958,25.0669,-64.4578,89.8107,0.0500,0.1800,-0.0300,0.1892,0.6400,1.1900,-9.7600,23,-0.8750,-25.0625,24.3750,3,0,0,2
18.2260,178.1250,-3.4375,-75.2007,28.6479,-25.0669,84.2864,0.0600,0.1000,-0.0400,0.1233,0.6500,1.1200,-9.7700,23,-0.8750,-25.0625,24.3750,3,0,0,2
18.2470,178.1250,-3.4375,17.9049,50.1338,-3.5810,53.3555,0.0800,0.0900,-0.0600,0.1345,0.6700,1.1000,-9.8000,23,-1.2500,-24.6875,24.0000,3,0,0,2
18.2710,178.1250,-3.4375,32.2289,75.2007,35.8099,89.3095,0.0500,0.1400,0.0200,0.1500,0.6400,1.1500,-9.7000,23,-1.2500,-24.6875,24.0000,3,0,0,2
18.2870,178.1250,-3.5000,-14.3239,85.9437,68.0387,110.5475,0.0200,-0.0700,0.2900,0.2990,0.6200,0.9300,-9.4400,23,-1.2500,-25.0625,24.6875,3,0,0,2
18.3090,178.1250,-3.5000,3.5810,35.8099,60.8768,70.7188,-0.0100,-0.1800,0.2500,0.3082,0.5900,0.8300,-9.4800,23,-1.2500,-25.0625,24.6875,3,0,0,2
18.3280,178.1250,-3.5000,14.3239,-14.3239,21.4859,29.5296,0.0800,-0.0700,0.1100,0.1530,0.6900,0.9300,-9.6100,23,-1.2500,-25.0625,24.6875,3,0,0,2
18.3490,178.1250,-3.5000,-3.5810,-21.4859,-7.1620,22.9295,0.0800,-0.1100,0.1000,0.1688,0.6900,0.8900,-9.6300,23,-0.5625,-24.6875,24.6875,3,0,0,2
18.3730,178.1250,-3.5000,25.0669,-28.6479,-21.4859,43.7115,0.0200,-0.0700,0.1100,0.1319,0.6300,0.9300,-9.6200,23,-0.5625,-24.6875,24.6875,3,0,0,2
18.3950,178.1250,-3.5000,42.9718,-42.9718,-17.9049,63.3541,0.0500,0.0000,0.0200,0.0539,0.6600,1.0100,-9.7100,23,-0.8750,-24.6875,24.0000,3,0,0,2
18.4150,178.1250,-3.5000,3.5810,-35.8099,7.1620,36.6942,0.0500,0.1100,-0.0200,0.1225,0.6600,1.1200,-9.7500,23,-0.8750,-24.6875,24.0000,3,0,0,2
18.4340,178.1875,-3.5000,-57.2958,-21.4859,50.1338,79.1066,0.0200,-0.0300,0.0500,0.0616,0.6300,0.9700,-9.6800,23,-0.5625,-24.3750,24.6875,3,0,0,2
18.4560,178.1875,-3.5000,-35.8099,-35.8099,60.8768,79.1876,0.0600,-0.2200,0.0700,0.2385,0.6300,0.7200,-9.6600,23,-0.5625,-24.3750,24.6875,3,0,0,2
18.4770,178.1875,-3.5000,-17.9049,-78.7817,28.6479,85.7196,0.0100,-0.3900,0.0000,0.3901,0.6100,0.6200,-9.7300,23,-0.5625,-24.3750,24.6875,3,0,0,2
18.4960,178.1875,-3.4375,14.3239,-89.5247,-17.9049,92.4144,0.0200,-0.3700,-0.0500,0.3739,0.6400,0.6700,-9.7800,23,-1.2500,-24.3750,25.1875,3,0,0,2
18.5180,178.1875,-3.4375,35.8099,-93.1056,-100.2676,141.4376,0.0700,-0.1400,-0.1300,0.2035,0.6600,0.8600,-9.8600,23,-1.2500,-24.3750,25.1875,3,0,0,2
18.5370,178.1250,-3.3750,-42.9718,-96.6866,-136.0775,172.3716,0.0400,-0.1300,-0.1700,0.2177,0.6100,0.8800,-9.9600,23,-0.8750,-24.3750,24.6875,3,0,0,2
18.5570,178.0625,-3.3750,-82.3627,-64.4578,-139.6585,174.4789,0.0500,-0.1600,-0.3300,0.3701,0.6300,0.8500,-10.0700,23,-0.8750,-24.3750,24.6875,3,0,0,2
18.5790,178.0625,-3.3750,3.5810,21.4859,-82.3627,85.1944,0.0000,-0.0900,-0.2300,0.2470,0.5800,0.9100,-9.9700,23,-0.8750,-24.3750,24.6875,3,0,0,2
18.5990,178.0000,-3.3750,-68.0387,60.8768,-53.7148,105.9270,0.0600,-0.2700,-0.1300,0.3056,0.6400,0.7400,-9.8600,23,-0.8750,-24.3750,25.1875,3,0,0,2
18.6230,178.0000,-3.3750,-28.6479,60.8768,-78.7817,103.6013,0.0300,-0.3500,-0.1000,0.3652,0.6200,0.6500,-9.8400,23,-0.8750,-24.3750,25.1875,3,0,0,2
18.6410,177.9375,-3.4375,32.2289,68.0387,-125.3345,146.2078,0.0500,-0.3200,-0.0600,0.3294,0.6400,0.6700,-9.8000,23,-0.1875,-24.6875,24.0000,3,0,0,2
18.6600,177.8750,-3.4375,46.5528,50.1338,-175.4683,188.3340,0.0500,-0.2600,0.0000,0.2648,0.6400,0.7300,-9.7400,23,-0.1875,-24.6875,24.0000,3,0,0,2
18.6800,177.8125,-3.4375,-21.4859,32.2289,-218.4402,221.8478,0.0500,-0.2300,-0.0500,0.2406,0.6400,0.7600,-9.7900,23,-0.1875,-24.6875,24.0000,3,0,0,2
18.7010,177.7500,-3.4375,-128.9155,25.0669,-254.2500,286.1654,0.0300,-0.1800,-0.0300,0.1849,0.6200,0.8000,-9.7700,23,-0.8750,-25.0625,24.6875,3,0,0,2
18.7210,177.6875,-3.4375,-143.2395,32.2289,-272.1550,309.2322,0.0300,-0.1500,-0.0800,0.1726,0.6200,0.8400,-9.8200,23,-0.8750,-25.0625,24.6875,3,0,0,2
18.7380,177.6250,-3.4375,-71.6197,71.6197,-268.5740,287.0379,0.0400,-0.0800,-0.0500,0.1025,0.6300,0.9200,-9.7900,23,-0.8750,-25.7500,24.0000,3,0,0,2
18.7620,177.5000,-3.4375,-14.3239,89.5247,-257.8310,273.3069,0.0600,-0.1000,0.0000,0.1166,0.6600,0.9000,-9.7300,23,-0.8750,-25.7500,24.0000,3,0,0,2
18.7800,177.3750,-3.5000,17.9049,75.2007,-250.6690,262.3179,0.0700,0.0500,0.1000,0.1319,0.6700,1.0600,-9.6300,23,-0.8750,-25.7500,24.0000,3,0,0,2
18.7990,177.3750,-3.5000,-32.2289,39.3908,-247.0881,252.2753,0.0500,0.1200,0.1000,0.1640,0.6500,1.1300,-9.6300,23,-0.8750,-24.6875,24.0000,3,0,0,2
18.8200,177.2500,-3.5000,-150.4014,21.4859,-243.5071,287.0155,0.0500,-0.1300,0.0000,0.1393,0.6500,0.8900,-9.7300,23,-0.8750,-24.6875,24.0000,3,0,0,2
18.8400,177.1875,-3.5000,-85.9437,35.8099,-275.7359,291.0309,0.0200,-0.0900,0.0300,0.0970,0.6200,0.9300,-9.6900,23,-0.8750,-24.6875,24.0000,3,0,0,2
18.8620,177.0625,-3.5000,0.0000,28.6479,-279.3169,280.7822,0.0300,0.1000,0.1500,0.1828,0.6300,1.1200,-9.5700,23,-0.8750,-24.6875,24.0000,3,0,0,2
18.8810,176.9375,-3.5000,-50.1338,28.6479,-247.0881,253.7452,0.0400,0.0200,0.1100,0.1187,0.6400,1.0500,-9.6200,23,-0.8750,-24.6875,24.0000,3,0,0,2
18.8980,176.9375,-3.4375,10.7430,0.0000,-247.0881,247.3215,0.0800,0.0600,0.1800,0.2059,0.6800,1.0900,-9.5400,23,-1.6875,-24.6875,25.5000,3,0,0,2
18.9230,176.8125,-3.4375,-17.9049,-46.5528,-272.1550,276.6877,0.0800,0.0900,0.1400,0.1847,0.6700,1.1200,-9.5800,23,-1.6875,-24.6875,25.5000,3,0,0,2
18.9390,176.7500,-3.4375,-46.5528,-53.7148,-268.5740,277.8208,0.0300,0.0600,-0.0100,0.0678,0.6200,1.1000,-9.7400,23,-0.5625,-25.0625,24.6875,3,0,0,2
18.9640,176.6250,-3.3750,39.3908,-85.9437,-275.7359,291.4932,0.1100,0.1700,-0.1800,0.2709,0.7000,1.2100,-9.9200,23,-0.5625,-25.0625,24.6875,3,0,0,2
18.9800,176.5000,-3.3750,-3.5810,-50.1338,-261.4120,266.2000,0.1400,0.3000,-0.1500,0.3635,0.7200,1.3400,-9.8900,23,-0.5625,-25.0625,24.6875,3,0,0,2
19.0000,176.4375,-3.3750,-68.0387,-7.1620,-243.5071,252.9353,0.1200,0.2900,-0.0800,0.3239,0.7000,1.3400,-9.8200,23,-0.5625,-24.6875,24.6875,3,0,0,2
19.0210,176.3750,-3.3750,-46.5528,10.7430,-189.7923,195.7133,0.0400,0.3800,-0.0100,0.3822,0.6200,1.4400,-9.7400,23,-0.5625,-24.6875,24.6875,3,0,0,2
19.0410,176.3125,-3.3750,-21.4859,7.1620,-121.7535,123.8421,0.1000,0.3800,-0.0100,0.3931,0.6800,1.4500,-9.7400,23,0.1875,-24.6875,24.6875,3,0,0,2
19.0620,176.2500,-3.3750,-46.5528,7.1620,-68.0387,82.7510,0.0900,0.3000,-0.0200,0.3138,0.6800,1.3800,-9.7500,23,0.1875,-24.6875,24.6875,3,0,0,2
19.0820,176.2500,-3.3750,-28.6479,0.0000,-21.4859,35.8099,0.0900,0.3300,0.0200,0.3426,0.6700,1.4100,-9.7000,23,0.1875,-24.6875,24.6875,3,0,0,2
19.1030,176.2500,-3.3750,-68.0387,-28.6479,-3.5810,73.9107,0.0900,0.2600,-0.0700,0.2839,0.6700,1.3500,-9.8000,23,-0.8750,-25.0625,25.1875,3,0,0,2
19.1240,176.2500,-3.3750,-64.4578,-28.6479,10.7430,71.3507,0.0700,0.2100,-0.0800,0.2354,0.6500,1.3200,-9.8100,23,-0.8750,-25.0625,25.1875,3,0,0,2
19.1440,176.2500,-3.3750,28.6479,-17.9049,25.0669,42.0671,0.1100,0.3800,-0.1000,0.4080,0.7000,1.4800,-9.8300,23,0.5000,-25.0625,24.6875,3,0,0,2
19.1680,176.3125,-3.4375,21.4859,7.1620,60.8768,64.9532,0.1000,0.4300,-0.0400,0.4433,0.6900,1.5400,-9.7700,23,0.5000,-25.0625,24.6875,3,0,0,2
19.1850,176.3125,-3.4375,-78.7817,10.7430,118.1725,142.4315,0.0600,0.3500,0.0200,0.3557,0.6600,1.4700,-9.6900,23,0.5000,-25.0625,24.6875,3,0,0,2
19.2050,176.3750,-3.4375,-100.2676,-7.1620,168.3063,196.0406,0.0700,0.2000,0.0300,0.2140,0.6700,1.3400,-9.6800,23,-0.5625,-25.0625,24.6875,3,0,0,2
19.2260,176.4375,-3.4375,42.9718,-10.7430,196.9542,201.8736,0.0700,0.2600,0.0000,0.2693,0.6700,1.4000,-9.7200,23,-0.5625,-25.0625,24.6875,3,0,0,2
19.2460,176.5000,-3.5000,71.6197,-17.9049,229.1831,240.7797,0.0300,0.3500,0.0200,0.3519,0.6300,1.4900,-9.6900,23,-0.5625,-25.5000,24.3750,3,0,0,2
19.2670,176.6250,-3.5000,-21.4859,-32.2289,272.1550,274.8976,0.0000,0.1000,0.0000,0.1000,0.6000,1.2500,-9.7300,23,-0.5625,-25.5000,24.3750,3,0,0,2
19.2870,176.6875,-3.5000,21.4859,-53.7148,290.0599,295.7730,0.0300,0.0300,-0.0900,0.0995,0.6300,1.1700,-9.8100,23,-0.5625,-24.6875,24.3750,3,0,0,2
19.3070,176.8125,-3.5000,71.6197,-32.2289,282.8979,293.5972,0.0900,0.1500,-0.1900,0.2583,0.6900,1.2900,-9.9100,23,-0.5625,-24.6875,24.3750,3,0,0,2
19.3280,176.8750,-3.5000,-14.3239,10.7430,290.0599,290.6120,0.0800,0.0900,-0.0700,0.1393,0.6900,1.2300,-9.7900,23,-0.5625,-24.6875,24.3750,3,0,0,2
19.3480,177.0000,-3.5000,-21.4859,14.3239,286.4789,287.6404,0.0300,0.0800,0.0200,0.0877,0.6400,1.2200,-9.6900,23,-0.1875,-24.0000,24.0000,3,0,0,2
19.3690,177.1250,-3.5625,39.3908,-17.9049,315.1268,318.0835,0.0500,0.1300,0.0000,0.1393,0.6500,1.2800,-9.7400,23,-0.1875,-24.0000,24.0000,3,0,0,2
19.3850,177.1875,-3.5625,14.3239,-25.0669,340.1937,341.4166,0.0300,0.0800,-0.0600,0.1044,0.6500,1.2200,-9.7800,23,0.1875,-25.0625,25.1875,3,0,0,2
19.4060,177.3125,-3.5625,-14.3239,-7.1620,361.6796,362.0340,0.0000,-0.0400,-0.0600,0.0721,0.6200,1.0900,-9.7800,23,0.1875,-25.0625,25.1875,3,0,0,2
19.4300,177.4375,-3.5625,60.8768,-7.1620,372.4226,377.4333,0.0200,-0.0600,-0.0100,0.0640,0.6100,1.0600,-9.7300,23,0.1875,-25.0625,25.1875,3,0,0,2
19.4460,177.5625,-3.6250,114.5916,-17.9049,379.5845,396.9084,0.0000,-0.0100,0.0100,0.0141,0.6100,1.1000,-9.7100,23,-0.8750,-25.0625,24.3750,3,0,0,2
19.4680,177.7500,-3.6250,28.6479,-46.5528,401.0705,404.7782,0.0100,-0.1100,-0.0400,0.1175,0.6200,0.8500,-9.8000,23,-0.8750,-25.0625,24.3750,3,0,0,2
19.4870,177.8750,-3.6250,-35.8099,-28.6479,368.8416,371.6815,-0.0200,-0.3100,-0.0900,0.3234,0.5900,0.8000,-9.8200,23,-0.1875,-24.6875,24.0000,3,0,0,2
19.5080,177.9375,-3.6250,71.6197,-46.5528,336.6127,347.2818,-0.0100,-0.2400,-0.1200,0.2685,0.6000,0.8600,-9.8500,23,-0.1875,-24.6875,24.0000,3,0,0,2
19.5290,178.0625,-3.6250,107.4296,-14.3239,318.7078,336.6318,-0.0100,-0.1100,-0.0700,0.1308,0.5800,0.9800,-9.7700,23,-0.1875,-24.6875,24.0000,3,0,0,2
19.5490,178.1875,-3.6250,46.5528,-7.1620,336.6127,339.8920,-0.0500,-0.1700,-0.0200,0.1783,0.5600,0.9200,-9.7500,23,-0.8750,-24.6875,25.1875,3,0,0,2
19.5700,178.3125,-3.6250,7.1620,-7.1620,340.1937,340.3445,-0.0200,-0.3400,-0.1100,0.3579,0.6100,0.7500,-9.8800,23,-0.8750,-24.6875,25.1875,3,0,0,2
19.5900,178.4375,-3.6250,50.1338,-25.0669,318.7078,323.5991,0.0000,-0.3200,-0.1600,0.3578,0.6200,0.7500,-9.8900,23,-0.8750,-24.3750,24.6875,3,0,0,2
19.6110,178.5000,-3.6250,3.5810,7.1620,282.8979,283.0112,-0.0100,-0.3800,-0.1600,0.4124,0.6100,0.6800,-9.8900,23,-0.8750,-24.3750,24.6875,3,0,0,2
19.6310,178.6250,-3.6875,-7.1620,28.6479,261.4120,263.0746,0.0200,-0.4400,-0.1500,0.4653,0.5800,0.6100,-9.7600,23,-0.8750,-24.3750,24.6875,3,0,0,2
19.6500,178.6875,-3.6875,39.3908,50.1338,214.8592,224.1194,-0.0200,-0.4200,-0.0200,0.4210,0.6000,0.6200,-9.7400,23,-0.8750,-25.5000,24.3750,3,0,0,2
19.6720,178.7500,-3.6875,64.4578,39.3908,193.3733,207.6046,-0.0900,-0.4000,0.0000,0.4100,0.5400,0.6200,-9.7200,23,-0.8750,-25.5000,24.3750,3,0,0,2
19.6880,178.8125,-3.6875,32.2289,42.9718,171.8873,180.0848,-0.0300,-0.4100,0.0300,0.4122,0.5800,0.5300,-9.6600,23,-0.8750,-25.5000,22.7500,3,0,0,2
19.7090,178.8750,-3.6875,32.2289,28.6479,146.8204,153.0217,-0.0300,-0.5000,0.0400,0.5025,0.6000,0.5300,-9.7500,23,-0.8750,-25.5000,22.7500,3,0,0,2
19.7330,178.9375,-3.6875,53.7148,-3.5810,118.1725,129.8571,-0.0300,-0.5400,-0.1000,0.5500,0.6000,0.4400,-9.8300,23,-0.8750,-25.5000,22.7500,3,0,0,2
19.7540,178.9375,-3.6875,57.2958,14.3239,46.5528,75.2007,0.0100,-0.5900,-0.2000,0.6231,0.6500,0.3700,-9.9400,23,-0.8750,-24.6875,25.5000,3,0,0,2
19.7740,178.9375,-3.7500,60.8768,64.4578,-17.9049,90.4509,0.0100,-0.5400,-0.1200,0.5533,0.6500,0.4000,-9.8600,23,-0.8750,-24.6875,25.5000,3,0,0,2
19.7950,178.9375,-3.7500,-3.5810,96.6866,-89.5247,131.8173,-0.0100,-0.4400,0.0700,0.4456,0.6200,0.4800,-9.6600,23,-1.6875,-24.3750,24.0000,3,0,0,2
19.8150,178.8750,-3.7500,-57.2958,64.4578,-139.6585,164.1405,-0.0200,-0.4500,0.1200,0.4662,0.6100,0.4600,-9.6100,23,-1.6875,-24.3750,24.0000,3,0,0,2
19.8350,178.8125,-3.7500,32.2289,17.9049,-175.4683,179.2998,-0.0300,-0.3300,0.0000,0.3314,0.6100,0.5800,-9.7400,23,-1.6875,-24.3750,24.0000,3,0,0,2
19.8530,178.8125,-3.7500,121.7535,-3.5810,-196.9542,231.5766,0.0100,-0.2300,-0.1200,0.2596,0.6500,0.6700,-9.8600,23,-0.8750,-24.0000,25.1875,3,0,0,2
19.8760,178.7500,-3.7500,75.2007,39.3908,-196.9542,214.4709,0.0100,-0.1600,-0.0300,0.1631,0.6600,0.7300,-9.7800,23,-0.8750,-24.0000,25.1875,3,0,0,2
19.8930,178.6250,-3.7500,-57.2958,82.3627,-200.5352,224.2338,-0.0100,-0.2600,0.0700,0.2694,0.6300,0.6300,-9.6700,23,-1.2500,-24.0000,24.0000,3,0,0,2
19.9140,178.5625,-3.8125,-14.3239,39.3908,-225.6021,229.4627,0.0000,-0.3600,0.0000,0.3600,0.6500,0.5300,-9.7300,23,-1.2500,-24.0000,24.0000,3,0,0,2
19.9340,178.5000,-3.7500,107.4296,25.0669,-279.3169,300.3122,0.0500,-0.2000,-0.0100,0.2064,0.7000,0.6700,-9.7500,23,-1.2500,-24.0000,24.0000,3,0,0,2
19.9540,178.4375,-3.8125,46.5528,28.6479,-318.7078,323.3613,0.0000,-0.0100,0.0500,0.0510,0.6500,0.8700,-9.6800,23,-1.2500,-25.0625,25.1875,3,0,0,2
19.9750,178.3125,-3.8125,-128.9155,25.0669,-325.8698,351.3384,0.0000,-0.2100,0.1900,0.2832,0.6500,0.6700,-9.5500,23,-1.2500,-25.0625,25.1875,3,0,0,2
19.9920,178.1875,-3.7500,-39.3908,-21.4859,-354.5177,357.3458,0.0000,-0.2400,0.1100,0.2640,0.6400,0.6500,-9.6300,23,-0.8750,-25.0625,23.5625,3,0,0,2
20.0170,178.0625,-3.7500,161.1444,-50.1338,-390.3275,425.2487,0.0700,0.1200,-0.1600,0.2119,0.7200,1.0100,-9.9100,23,-0.8750,-25.0625,23.5625,3,0,0,2
20.0360,177.8750,-3.7500,71.6197,-17.9049,-376.0036,383.1823,0.0600,0.2200,-0.2000,0.3033,0.7100,1.1000,-9.9400,23,-0.8750,-25.0625,23.5625,3,0,0,2
20.0560,177.8125,-3.6875,-114.5916,35.8099,-336.6127,357.3817,0.0100,0.0000,-0.0600,0.0608,0.6500,0.8800,-9.8100,23,-1.2500,-24.0000,24.6875,3,0,0,2
20.0770,177.6250,-3.7500,-39.3908,60.8768,-325.8698,333.8394,0.0200,-0.0300,-0.0100,0.0374,0.6600,0.8500,-9.7600,23,-1.2500,-24.0000,24.6875,3,0,0,2
20.0940,177.5625,-3.7500,75.2007,35.8099,-318.7078,329.4118,0.0000,0.1900,0.1000,0.2147,0.6400,1.0800,-9.6300,23,-1.2500,-23.5625,24.0000,3,0,0,2
20.1180,177.4375,-3.7500,-35.8099,25.0669,-264.9930,268.5740,0.0100,0.0700,0.1100,0.1308,0.6500,0.9600,-9.6300,23,-1.2500,-23.5625,24.0000,3,0,0,2
20.1350,177.3750,-3.7500,-85.9437,-10.7430,-282.8979,295.8597,0.0200,-0.1400,0.0600,0.1536,0.6600,0.7500,-9.6700,23,-1.2500,-23.5625,24.0000,3,0,0,2
20.1550,177.2500,-3.6875,-25.0669,-35.8099,-318.7078,321.6914,0.0400,-0.1300,-0.0600,0.1487,0.6800,0.7600,-9.8000,23,-1.6875,-24.3750,25.1875,3,0,0,2
20.1760,177.1250,-3.6875,-3.5810,-10.7430,-383.1655,383.3328,0.0400,0.0700,-0.0700,0.1068,0.6800,0.9800,-9.8200,23,-1.6875,-24.3750,25.1875,3,0,0,2
20.1960,177.0000,-3.6875,-71.6197,10.7430,-401.0705,407.5565,0.0600,0.1200,-0.0400,0.1400,0.6900,1.0200,-9.7800,23,-0.1875,-24.6875,24.3750,3,0,0,2
20.2160,176.8750,-3.6875,-103.8486,17.9049,-386.7465,400.8466,0.0400,0.1500,-0.0700,0.1703,0.6700,1.0600,-9.8100,23,-0.1875,-24.6875,24.3750,3,0,0,2
20.2370,176.7500,-3.6875,-60.8768,7.1620,-361.6796,366.8370,0.0500,0.1800,-0.0600,0.1962,0.6900,1.1100,-9.8000,23,-0.1875,-24.6875,24.3750,3,0,0,2
20.2530,176.6875,-3.6875,-28.6479,21.4859,-333.0317,334.9514,0.0500,0.3000,-0.0100,0.3043,0.6800,1.2300,-9.7500,23,0.5000,-25.5000,24.0000,3,0,0,2
20.2740,176.5625,-3.6875,-78.7817,39.3908,-300.8029,313.4335,0.0400,0.2100,0.0000,0.2138,0.6800,1.1500,-9.7400,23,0.5000,-25.5000,24.0000,3,0,0,2
20.2940,176.4375,-3.6875,-111.0106,35.8099,-318.7078,339.3823,0.0800,0.2300,0.0400,0.2468,0.7100,1.1800,-9.6900,23,-0.1875,-25.5000,24.6875,3,0,0,2
20.3150,176.3750,-3.6875,-46.5528,14.3239,-333.0317,336.5746,0.0800,0.3600,0.0100,0.3689,0.7200,1.3200,-9.7200,23,-0.1875,-25.5000,24.6875,3,0,0,2
20.3350,176.1875,-3.6875,-57.2958,-14.3239,-333.0317,338.2279,0.0900,0.5700,-0.0900,0.5840,0.7200,1.5400,-9.8300,23,-0.1875,-25.5000,24.6875,3,0,0,2
20.3560,176.1250,-3.6875,-85.9437,-14.3239,-293.6409,306.2947,0.1000,0.5900,-0.1500,0.6169,0.7300,1.5700,-9.8900,23,-0.1875,-24.6875,25.5000,3,0,0,2
20.3800,176.0000,-3.6250,-21.4859,21.4859,-239.9261,241.8425,0.1000,0.8000,-0.1300,0.8166,0.7200,1.7800,-9.8600,23,-0.1875,-24.6875,25.5000,3,0,0,2
20.3980,175.9375,-3.6250,-7.1620,39.3908,-132.4965,138.4133,0.1300,0.8800,-0.1000,0.8952,0.7600,1.8600,-9.8400,23,0.1875,-24.6875,23.1875,3,0,0,2
20.4170,175.9375,-3.6875,-60.8768,64.4578,-14.3239,89.8107,0.1000,0.8000,-0.0100,0.8063,0.7300,1.7800,-9.7400,23,0.1875,-24.6875,23.1875,3,0,0,2
20.4380,175.9375,-3.7500,-82.3627,82.3627,89.5247,146.9078,0.0500,0.6700,0.0600,0.6745,0.6900,1.6800,-9.6600,23,0.1875,-24.6875,23.1875,3,0,0,2
20.4580,176.0000,-3.7500,-35.8099,46.5528,175.4683,185.0369,0.0900,0.4600,0.1600,0.4953,0.7400,1.5100,-9.5600,23,0.1875,-24.6875,24.6875,3,0,0,2
20.4790,176.0625,-3.7500,-10.7430,-3.5810,214.8592,215.1574,0.0300,0.3100,0.0500,0.3154,0.6800,1.3600,-9.6700,23,0.1875,-24.6875,24.6875,3,0,0,2
20.5000,176.1250,-3.8125,21.4859,-17.9049,207.6972,209.5718,0.1100,0.2800,-0.0800,0.3113,0.7700,1.3300,-9.8100,23,-0.1875,-24.6875,24.0000,3,0,0,2
20.5190,176.1875,-3.8125,68.0387,10.7430,193.3733,205.2752,0.0900,0.4200,-0.0200,0.4300,0.7400,1.4700,-9.7400,23,-0.1875,-24.6875,24.0000,3,0,0,2
20.5410,176.2500,-3.8125,-28.6479,39.3908,211.2782,216.8198,0.0300,0.3900,0.2500,0.4642,0.6900,1.4500,-9.4700,23,-0.1875,-24.6875,24.0000,3,0,0,2
20.5570,176.3125,-3.8125,-103.8486,-21.4859,254.2500,275.4801,0.0500,0.1900,0.1500,0.2472,0.7200,1.2600,-9.5600,23,-0.5625,-25.7500,23.1875,3,0,0,2
20.5780,176.4375,-3.8125,25.0669,-78.7817,272.1550,284.4349,0.0800,0.2900,0.0000,0.3008,0.7400,1.3600,-9.7300,23,-0.5625,-25.7500,23.1875,3,0,0,2
20.5980,176.5000,-3.8125,111.0106,-78.7817,297.2219,326.9109,0.0900,0.4000,-0.0500,0.4130,0.7500,1.4700,-9.7800,23,-0.1875,-24.0000,24.0000,3,0,0,2
20.6180,176.6250,-3.8125,3.5810,-68.0387,350.9367,357.4894,0.0600,0.2500,-0.1300,0.2881,0.7200,1.3300,-9.8500,23,-0.1875,-24.0000,24.0000,3,0,0,2
20.6390,176.7500,-3.8125,-46.5528,-46.5528,404.6515,409.9721,0.0400,0.0700,-0.0800,0.1136,0.7000,1.1500,-9.8100,23,-0.1875,-24.0000,24.0000,3,0,0,2
20.6550,176.9375,-3.8125,53.7148,-17.9049,418.9754,422.7839,0.0300,0.1400,-0.0300,0.1463,0.6900,1.2200,-9.7600,23,-0.8750,-25.0625,24.3750,3,0,0,2
20.6760,177.0625,-3.8750,96.6866,-17.9049,458.3663,468.7947,0.0100,0.1900,0.0000,0.1903,0.6700,1.2600,-9.7200,23,-0.8750,-25.0625,24.3750,3,0,0,2
20.6970,177.1250,-3.8750,7.1620,-32.2289,508.5001,509.5707,0.0000,-0.0800,0.0000,0.0800,0.6600,0.9900,-9.7100,23,-0.5625,-25.0625,24.3750,3,0,0,2
20.7170,177.3750,-3.8750,21.4859,-32.2289,501.3381,502.8322,0.0100,-0.1700,0.0100,0.1706,0.6800,0.8900,-9.7000,23,-0.5625,-25.0625,24.3750,3,0,0,2
20.7370,177.5625,-3.8750,39.3908,-75.2007,447.6233,455.6022,0.0000,-0.3400,-0.0600,0.3453,0.6600,0.7100,-9.7900,23,-0.5625,-25.0625,24.3750,3,0,0,2
20.7570,177.6250,-3.8750,64.4578,-60.8768,426.1374,435.2630,-0.0100,-0.3200,-0.1400,0.3494,0.6500,0.7300,-9.8600,23,-1.2500,-25.0625,24.6875,3,0,0,2
20.7780,177.8125,-3.8750,82.3627,-42.9718,354.5177,366.4873,-0.0100,-0.2600,-0.0900,0.2753,0.6500,0.7800,-9.8200,23,-1.2500,-25.0625,24.6875,3,0,0,2
20.7990,177.9375,-3.8750,10.7430,-25.0669,325.8698,327.0090,-0.0100,-0.2700,-0.0800,0.2818,0.6500,0.7600,-9.8100,23,-0.5625,-24.6875,25.8750,3,0,0,2
20.8190,178.0625,-3.8750,28.6479,-28.6479,297.2219,299.9704,0.0000,-0.3300,-0.0700,0.3373,0.6600,0.6900,-9.8000,23,-0.5625,-24.6875,25.8750,3,0,0,2
20.8390,178.1250,-3.9375,71.6197,-10.7430,293.6409,302.4397,-0.0700,-0.1900,-0.0200,0.2035,0.5900,0.8300,-9.7400,23,-0.5625,-24.6875,25.8750,3,0,0,2
20.8550,178.1875,-3.9375,17.9049,-17.9049,322.2888,323.2820,-0.0300,-0.1700,0.0500,0.1797,0.6400,0.8400,-9.6700,23,-1.6875,-24.3750,24.6875,3,0,0,2
20.8800,178.3750,-3.9375,-46.5528,-46.5528,322.2888,328.9443,-0.0500,-0.4300,-0.0200,0.4334,0.6100,0.5700,-9.7500,23,-1.6875,-24.3750,24.6875,3,0,0,2
20.8970,178.5000,-3.8750,7.1620,-50.1338,268.5740,273.3069,-0.0300,-0.5800,-0.0300,0.5815,0.6300,0.4300,-9.7600,23,-0.8750,-24.6875,24.3750,3,0,0,2
20.9210,178.5625,-3.8750,114.5916,-42.9718,186.2113,222.8283,-0.0600,-0.5000,-0.1600,0.5284,0.6000,0.4900,-9.8900,23,-0.8750,-24.6875,24.3750,3,0,0,2
20.9380,178.5625,-3.8750,68.0387,-17.9049,143.2395,159.5851,-0.0400,-0.3600,-0.1400,0.3883,0.6200,0.6200,-9.8700,23,-0.8750,-24.6875,24.3750,3,0,0,2
20.9580,178.6250,-3.8750,-14.3239,0.0000,132.4965,133.2685,-0.0400,-0.3500,-0.1200,0.3722,0.6200,0.6200,-9.8500,23,-2.0000,-24.6875,25.1875,3,0,0,2
20.9780,178.6875,-3.8750,-7.1620,32.2289,107.4296,112.3882,-0.0100,-0.4400,-0.1300,0.4589,0.6500,0.5300,-9.8700,23,-2.0000,-24.6875,25.1875,3,0,0,2
20.9990,178.6875,-3.8750,35.8099,25.0669,78.7817,90.0958,-0.0400,-0.4000,-0.1200,0.4195,0.6200,0.5500,-9.8600,23,-1.2500,-25.0625,24.3750,3,0,0,2
21.0200,178.7500,-3.8750,7.1620,39.3908,46.5528,61.4011,0.0000,-0.3800,-0.0700,0.3864,0.6600,0.5600,-9.8100,23,-1.2500,-25.0625,24.3750,3,0,0,2
21.0360,178.7500,-3.9375,7.1620,39.3908,17.9049,43.8579,0.0000,-0.3900,-0.0300,0.3912,0.6700,0.5400,-9.7600,23,-1.2500,-25.0625,24.3750,3,0,0,2
21.0600,178.7500,-3.9375,17.9049,28.6479,-7.1620,34.5338,-0.0500,-0.3600,0.0400,0.3657,0.6100,0.5700,-9.6900,23,-1.2500,-25.3750,24.3750,3,0,0,2
21.0810,178.7500,-3.8750,-32.2289,14.3239,-28.6479,45.4376,-0.0500,-0.4300,0.0000,0.4329,0.6100,0.4900,-9.7300,23,-1.2500,-25.3750,24.3750,3,0,0,2
21.1020,178.6875,-3.8750,-50.1338,21.4859,-71.6197,90.0246,-0.0400,-0.5300,-0.0400,0.5330,0.6200,0.3800,-9.7800,23,-1.2500,-24.0000,24.3750,3,0,0,2
21.1220,178.6875,-3.8750,25.0669,32.2289,-153.9824,159.3036,0.0000,-0.4600,-0.0600,0.4639,0.6600,0.4400,-9.8000,23,-1.2500,-24.0000,24.3750,3,0,0,2
21.1420,178.6250,-3.8750,25.0669,35.8099,-189.7923,194.7609,-0.0200,-0.2900,0.0800,0.3015,0.6400,0.5900,-9.6500,23,-1.2500,-24.0000,24.3750,3,0,0,2
21.1630,178.5625,-3.8750,-39.3908,7.1620,-204.1162,208.0057,0.0000,-0.2200,0.0700,0.2309,0.6600,0.6600,-9.6600,23,-1.2500,-25.0625,23.1875,3,0,0,2
21.1830,178.5000,-3.8750,-17.9049,-14.3239,-222.0211,223.2020,-0.0200,-0.2600,0.0200,0.2615,0.6400,0.6300,-9.7200,23,-1.2500,-25.0625,23.1875,3,0,0,2
21.2030,178.3750,-3.8750,10.7430,-32.2289,-225.6021,228.1456,0.0100,-0.2000,-0.1300,0.2387,0.6800,0.6800,-9.8700,23,-0.8750,-23.5625,24.6875,3,0,0,2
21.2240,178.3125,-3.8750,-46.5528,-3.5810,-247.0881,251.4607,0.0100,-0.1900,-0.2000,0.2760,0.6700,0.6900,-9.9400,23,-0.8750,-23.5625,24.6875,3,0,0,2
21.2440,178.2500,-3.8750,-60.8768,42.9718,-268.5740,278.7195,0.0200,-0.2300,-0.1500,0.2753,0.6900,0.6600,-9.8900,23,-0.8750,-23.5625,24.6875,3,0,0,2
21.2610,178.1250,-3.8750,-3.5810,68.0387,-279.3169,287.5066,0.0000,-0.1600,-0.0100,0.1603,0.6700,0.7200,-9.7500,23,-1.2500,-23.5625,24.0000,3,0,0,2
21.2860,178.0000,-3.8750,-53.7148,53.7148,-286.4789,296.3794,-0.0100,-0.0900,0.0400,0.0990,0.6500,0.7900,-9.6900,23,-1.2500,-23.5625,24.0000,3,0,0,2
21.3030,177.9375,-3.8750,-57.2958,39.3908,-322.2888,329.7037,0.0000,-0.0900,0.0800,0.1204,0.6800,0.8000,-9.6500,23,-0.8750,-24.3750,24.0000,3,0,0,2
21.3220,177.8125,-3.8750,-28.6479,21.4859,-340.1937,342.0733,0.0500,0.0000,0.0300,0.0583,0.7200,0.9000,-9.7100,23,-0.8750,-24.3750,24.0000,3,0,0,2
21.3440,177.6875,-3.8750,-96.6866,10.7430,-361.6796,374.5342,0.0700,0.1100,0.0000,0.1304,0.7400,1.0100,-9.7400,23,-0.8750,-24.3750,24.0000,3,0,0,2
21.3630,177.5625,-3.8750,-89.5247,0.0000,-358.0986,369.1196,0.0100,0.0900,0.0000,0.0906,0.6800,1.0000,-9.7300,23,-0.8750,-25.0625,24.6875,3,0,0,2
21.3840,177.4375,-3.8750,-42.9718,3.5810,-343.7747,346.4685,0.0500,0.1000,-0.0300,0.1158,0.6900,1.0700,-9.7300,23,-0.8750,-25.0625,24.6875,3,0,0,2
21.4040,177.3125,-3.8750,-46.5528,10.7430,-343.7747,347.0787,0.0800,0.2600,0.0500,0.2766,0.7500,1.1800,-9.6800,23,-1.6875,-24.0000,24.6875,3,0,0,2
21.4260,177.1875,-3.8750,-89.5247,-10.7430,-325.8698,338.1141,0.0700,0.2700,0.0000,0.2789,0.7400,1.2000,-9.7400,23,-1.6875,-24.0000,24.6875,3,0,0,2
21.4450,177.1250,-3.8125,-50.1338,-7.1620,-307.9648,312.1010,0.0800,0.3100,-0.0400,0.3226,0.7400,1.2500,-9.7800,23,0.1875,-25.0625,23.5625,3,0,0,2
21.4650,177.0000,-3.8125,-21.4859,7.1620,-268.5740,269.5272,0.0700,0.4200,-0.1000,0.4374,0.7300,1.3700,-9.8400,23,0.1875,-25.0625,23.5625,3,0,0,2
21.4860,176.9375,-3.8750,-128.9155,28.6479,-225.6021,261.4120,0.1000,0.3100,-0.1500,0.3586,0.7600,1.2500,-9.8200,23,0.1875,-25.0625,23.5625,3,0,0,2
21.5060,176.8750,-3.8750,-107.4296,71.6197,-218.4402,253.7451,0.0600,0.3200,0.0000,0.3256,0.7300,1.3000,-9.7300,23,-1.6875,-23.5625,24.6875,3,0,0,2
21.5280,176.8125,-3.8750,-107.4296,68.0387,-182.6303,222.5404,0.0200,0.4600,0.2000,0.5020,0.7000,1.4600,-9.5200,23,-1.6875,-23.5625,24.6875,3,0,0,2
21.5430,176.7500,-3.8750,-93.1056,14.3239,-139.6585,168.4587,0.0600,0.4000,0.1500,0.4314,0.7200,1.3800,-9.6300,23,-0.5625,-25.5000,24.6875,3,0,0,2
21.5640,176.6875,-3.9375,21.4859,-28.6479,-93.1056,99.7547,0.0700,0.4000,0.0200,0.4066,0.7400,1.4600,-9.7600,23,-0.5625,-25.5000,24.6875,3,0,0,2
21.5890,176.6875,-3.9375,-7.1620,-39.3908,-60.8768,72.8623,0.0900,0.4000,-0.1100,0.4245,0.7700,1.4500,-9.8400,23,-0.5625,-25.5000,24.6875,3,0,0,2
21.6050,176.6875,-3.9375,-103.8486,3.5810,-32.2289,108.7936,0.0800,0.3400,-0.1000,0.3633,0.7400,1.4200,-9.7500,23,-0.5625,-24.6875,24.6875,3,0,0,2
21.6260,176.6875,-3.9375,-46.5528,35.8099,10.7430,59.7070,0.0400,0.4200,0.1000,0.4336,0.7200,1.4800,-9.6200,23,-0.5625,-24.6875,24.6875,3,0,0,2
21.6460,176.6875,-3.9375,-32.2289,10.7430,68.0387,76.0486,0.0100,0.4300,0.1800,0.4663,0.7100,1.4600,-9.5200,23,-0.5625,-24.6875,24.6875,3,0,0,2
21.6670,176.6875,-3.9375,-68.0387,-35.8099,128.9155,150.1027,0.0600,0.2300,0.0600,0.2452,0.7400,1.3200,-9.6500,23,-0.5625,-24.6875,24.6875,3,0,0,2
21.6870,176.7500,-3.9375,0.0000,-64.4578,171.8873,183.5758,0.0700,0.1300,-0.1000,0.1783,0.7500,1.2200,-9.8200,23,-0.5625,-24.6875,24.6875,3,0,0,2
21.7070,176.8125,-3.9375,-10.7430,-50.1338,179.0493,186.2457,0.0700,0.0700,-0.1600,0.1881,0.7400,1.1000,-9.8700,23,-1.0000,-24.3750,24.6875,3,0,0,2
21.7280,176.8750,-3.9375,-68.0387,3.5810,136.0775,152.1814,-0.0100,-0.0500,0.0400,0.0648,0.6600,1.0400,-9.6700,23,-1.0000,-24.3750,24.6875,3,0,0,2
21.7480,176.9375,-3.9375,-68.0387,-10.7430,132.4965,149.3318,-0.0300,-0.0700,0.1500,0.1682,0.6400,1.0200,-9.5600,23,-0.8750,-24.0000,23.5625,3,0,0,2
21.7690,177.0000,-3.9375,-17.9049,-42.9718,136.0775,143.8202,0.0100,-0.0300,-0.0200,0.0374,0.6900,1.0600,-9.7400,23,-0.8750,-24.0000,23.5625,3,0,0,2
21.7890,177.0000,-3.9375,14.3239,-57.2958,136.0775,148.3410,0.0200,-0.0100,-0.1000,0.1025,0.7000,1.0800,-9.8300,23,-0.8750,-24.0000,23.5625,3,0,0,2
21.8100,177.0625,-3.9375,-25.0669,-68.0387,125.3345,144.7976,0.0200,-0.0900,-0.1100,0.1435,0.7000,1.0000,-9.8300,23,-1.2500,-25.0625,24.3750,3,0,0,2
21.8300,177.1250,-3.9375,-68.0387,-32.2289,114.5916,137.1102,0.0000,-0.2100,-0.1000,0.2326,0.6700,0.8800,-9.8300,23,-1.2500,-25.0625,24.3750,3,0,0,2
21.8470,177.1875,-3.9375,-14.3239,-35.8099,118.1725,124.3072,0.0100,-0.1800,-0.0700,0.1934,0.6800,0.9100,-9.7900,23,-1.6875,-25.0625,23.5625,3,0,0,2
21.8710,177.1875,-3.9375,-3.5810,-32.2289,85.9437,91.8577,0.0100,-0.1000,-0.1100,0.1490,0.6800,0.9900,-9.8300,23,-1.6875,-25.0625,23.5625,3,0,0,2
21.8910,177.2500,-3.9375,-42.9718,-32.2289,89.5247,104.4028,0.0000,-0.1700,-0.0500,0.1772,0.6700,0.9200,-9.7700,23,-1.6875,-25.0625,23.5625,3,0,0,2
21.9080,177.2500,-3.9375,-14.3239,-42.9718,82.3627,93.9966,0.0000,-0.1500,-0.1300,0.1985,0.6600,0.9400,-9.8500,23,-0.8750,-25.5000,24.6875,3,0,0,2
21.9290,177.3125,-3.9375,-35.8099,-25.0669,93.1056,102.8560,0.0000,-0.1700,-0.1800,0.2476,0.6700,0.9100,-9.9000,23,-0.8750,-25.5000,24.6875,3,0,0,2
21.9490,177.3125,-3.9375,-53.7148,-10.7430,85.9437,101.9167,-0.0300,-0.2200,-0.2000,0.2988,0.6400,0.8700,-9.9200,23,-0.5625,-25.5000,25.0625,3,0,0,2
21.9700,177.3750,-3.9375,14.3239,3.5810,75.2007,76.6365,-0.0300,-0.1900,-0.1700,0.2567,0.6300,0.8900,-9.8900,23,-0.5625,-25.5000,25.0625,3,0,0,2
21.9900,177.3750,-3.9375,0.0000,14.3239,57.2958,59.0591,0.0000,-0.1700,-0.1900,0.2550,0.6600,0.9100,-9.9200,23,-0.5625,-25.5000,25.0625,3,0,0,2
22.0110,177.3750,-3.9375,-64.4578,35.8099,35.8099,81.9725,0.0000,-0.2700,-0.2800,0.3890,0.6700,0.8000,-10.0000,23,0.1875,-24.3750,25.1875,3,0,0,2
22.0310,177.3750,-3.9375,-10.7430,68.0387,3.5810,68.9747,-0.0400,-0.2800,-0.3500,0.4500,0.6300,0.7900,-10.0700,23,0.1875,-24.3750,25.1875,3,0,0,2
22.0510,177.3750,-3.9375,68.0387,128.9155,-32.2289,149.2889,-0.0100,-0.2900,-0.3500,0.4546,0.6700,0.7800,-10.0800,23,-0.8750,-25.5000,23.1875,3,0,0,2
22.0720,177.3750,-4.0000,103.8486,161.1444,-68.0387,203.4240,-0.0100,-0.0900,-0.3500,0.3615,0.6700,0.9600,-10.0800,23,-0.8750,-25.5000,23.1875,3,0,0,2
22.0920,177.3750,-4.0625,78.7817,204.1162,-50.1338,224.4624,-0.0500,0.0800,-0.4500,0.4598,0.6400,1.1400,-10.1800,23,-0.8750,-25.5000,23.1875,3,0,0,2
22.1130,177.3750,-4.1250,57.2958,282.8979,10.7430,288.8416,-0.0200,0.0600,-0.5700,0.5735,0.6900,1.1200,-10.3000,23,-1.2500,-24.6875,25.1875,3,0,0,2
22.1340,177.3750,-4.2500,53.7148,350.9367,57.2958,359.6173,0.0000,-0.0400,-0.6400,0.6412,0.7200,1.0000,-10.3600,23,-1.2500,-24.6875,25.1875,3,0,0,2
22.1540,177.3750,-4.4375,125.3345,433.2994,68.0387,456.1648,0.0400,-0.0900,-0.5000,0.5096,0.8000,0.9500,-10.2200,23,-1.2500,-24.6875,25.5000,3,0,0,2
22.1740,177.3750,-4.5625,75.2007,465.5282,39.3908,473.2054,-0.0700,-0.1300,-0.0600,0.1594,0.7100,0.9000,-9.7800,23,-1.2500,-24.6875,25.5000,3,0,0,2
22.1950,177.3750,-4.6875,-21.4859,390.3275,-17.9049,391.3283,-0.0900,-0.2400,0.0800,0.2685,0.7200,0.7900,-9.6300,23,-1.2500,-24.6875,25.5000,3,0,0,2
22.2150,177.3125,-4.8125,89.5247,275.7359,-78.7817,300.4189,-0.1000,-0.2200,0.0000,0.2417,0.7200,0.8100,-9.7100,23,-1.6875,-25.5000,24.3750,3,0,0,2
22.2360,177.3125,-4.8750,207.6972,236.3451,-107.4296,332.4729,-0.0200,0.0100,-0.3100,0.3108,0.8100,1.0400,-10.0200,23,-1.6875,-25.5000,24.3750,3,0,0,2
22.2560,177.2500,-5.0000,107.4296,282.8979,-128.9155,328.9249,-0.0200,0.0700,-0.3000,0.3087,0.8300,1.0900,-10.0100,23,-0.8750,-24.3750,24.0000,3,0,0,2
22.2770,177.1875,-5.0625,111.0106,311.5458,-128.9155,354.9695,-0.0200,-0.0300,-0.2700,0.2724,0.8400,0.9800,-9.9900,23,-0.8750,-24.3750,24.0000,3,0,0,2
22.2970,177.1250,-5.1875,211.2782,343.7747,-121.7535,421.4777,0.0000,0.1100,-0.1800,0.2110,0.8800,1.1200,-9.9000,23,-0.8750,-24.3750,24.0000,3,0,0,2
22.3170,177.1250,-5.3125,175.4683,347.3557,-85.9437,398.5366,-0.0600,0.2000,-0.0200,0.2098,0.8400,1.1900,-9.7400,23,-0.8750,-25.5000,24.3750,3,0,0,2
22.3380,177.0625,-5.3750,232.7641,307.9648,-28.6479,387.0945,-0.0800,0.1400,-0.0600,0.1720,0.8800,1.1200,-9.8500,23,-0.8750,-25.5000,24.3750,3,0,0,2
22.3580,177.0625,-5.5000,250.6690,293.6409,25.0669,386.8957,-0.0300,0.0900,-0.2100,0.2304,0.9000,1.0600,-9.9200,23,-0.8750,-24.3750,24.0000,3,0,0,2
22.3790,177.0625,-5.5625,179.0493,329.4508,10.7430,375.1158,-0.0500,-0.1200,-0.3100,0.3362,0.8900,0.7100,-9.9900,23,-0.8750,-24.3750,24.0000,3,0,0,2
22.4000,177.0625,-5.7500,218.4402,379.5845,-42.9718,440.0535,-0.1100,-0.1900,-0.2300,0.3180,0.8600,0.7500,-9.9400,23,-2.0000,-24.6875,24.6875,3,0,0,2
22.4210,177.0000,-5.8750,272.1550,418.9754,-89.5247,507.5661,-0.0600,-0.1200,-0.1400,0.1939,0.9300,0.9000,-9.7400,23,-2.0000,-24.6875,24.6875,3,0,0,2
22.4400,176.9375,-6.0000,204.1162,415.3944,-107.4296,475.1390,-0.0600,-0.0300,-0.0500,0.0837,0.9700,0.8800,-9.7600,23,-2.0000,-24.6875,24.6875,3,0,0,2
22.4610,176.9375,-6.1250,143.2395,393.9085,-114.5916,434.5258,-0.0700,-0.0400,-0.1300,0.1530,0.9800,0.8600,-9.8400,23,-2.0000,-24.3750,25.1875,3,0,0,2
22.4820,176.8750,-6.2500,243.5071,408.2324,-125.3345,491.5874,-0.0200,0.1200,-0.1100,0.1640,1.0600,1.0200,-9.8100,23,-2.0000,-24.3750,25.1875,3,0,0,2
22.4990,176.8125,-6.3750,218.4402,404.6515,-107.4296,472.2288,-0.0500,0.2200,-0.0700,0.2362,1.0300,1.0500,-9.7600,23,-1.6875,-24.3750,26.2500,3,0,0,2
22.5190,176.7500,-6.5000,139.6585,372.4226,-60.8768,402.3793,-0.0900,0.0700,-0.2900,0.3116,1.0300,0.9500,-9.9900,23,-1.6875,-24.3750,26.2500,3,0,0,2
22.5430,176.7500,-6.6250,225.6021,386.7465,0.0000,447.7379,0.0100,0.0000,-0.4600,0.4601,1.1600,0.8700,-10.1600,23,-1.6875,-24.3750,26.2500,3,0,0,2
22.5600,176.7500,-6.7500,222.0211,440.4613,3.5810,493.2670,0.0100,-0.0100,-0.4700,0.4702,1.1800,0.8300,-10.1700,23,-1.2500,-25.0625,24.6875,3,0,0,2
22.5840,176.7500,-6.9375,121.7535,608.7677,14.3239,620.9888,0.0000,-0.1200,-0.2600,0.2864,1.2000,0.7200,-9.9600,23,-1.2500,-25.0625,24.6875,3,0,0,2
22.6000,176.7500,-7.1250,128.9155,669.6444,3.5810,681.9499,-0.0900,-0.1500,0.0800,0.1924,1.1500,0.6800,-9.6000,23,-2.0000,-24.0000,25.1875,3,0,0,2
22.6250,176.6875,-7.3750,132.4965,633.8346,-28.6479,648.1684,-0.0500,-0.2400,0.2900,0.3797,1.2200,0.5800,-9.3900,23,-2.0000,-24.0000,25.1875,3,0,0,2
22.6420,176.6875,-7.6875,128.9155,569.3768,-82.3627,589.5700,-0.0400,-0.1200,0.3800,0.4005,1.2700,0.7000,-9.2900,23,-2.0000,-24.0000,25.1875,3,0,0,2
22.6620,176.6250,-7.7500,-21.4859,547.8909,-118.1725,560.9018,0.0000,-0.0500,0.5200,0.5224,1.3500,0.7700,-9.1500,23,-2.3750,-24.6875,25.1875,3,0,0,2
22.6860,176.5625,-8.0000,-64.4578,522.8240,-146.8204,546.8601,-0.0200,-0.1300,0.9800,0.9888,1.3400,0.6900,-8.6900,23,-2.3750,-24.6875,25.1875,3,0,0,2
22.7020,176.5000,-8.1875,25.0669,386.7465,-164.7254,421.1124,-0.0400,-0.1100,1.1000,1.1062,1.3500,0.7100,-8.5600,23,-2.0000,-25.0625,25.1875,3,0,0,2
22.7270,176.4375,-8.2500,46.5528,264.9930,-161.1444,313.6175,0.0500,0.0600,1.0700,1.0728,1.4700,0.8900,-8.5900,23,-2.0000,-25.0625,25.1875,3,0,0,2
22.7440,176.3750,-8.3125,-75.2007,132.4965,-153.9824,216.6127,0.0100,0.0600,1.0300,1.0318,1.4300,0.8900,-8.6300,23,-2.0000,-25.0625,25.1875,3,0,0,2
22.7690,176.3750,-8.3125,-28.6479,-14.3239,-125.3345,129.3623,-0.0400,-0.0300,0.7500,0.7517,1.3700,0.7900,-8.9100,23,-2.3750,-24.0000,24.6875,3,0,0,2
22.7890,176.3125,-8.3125,96.6866,-89.5247,-100.2676,165.5795,0.0300,-0.0300,0.4100,0.4122,1.4500,0.7900,-9.2500,23,-2.3750,-24.0000,24.6875,3,0,0,2
22.8090,176.2500,-8.3125,82.3627,-17.9049,-100.2676,130.9878,0.0800,0.0200,0.3200,0.3305,1.5000,0.8500,-9.3400,23,-2.7500,-23.1875,24.0000,3,0,0,2
22.8300,176.2500,-8.3125,-50.1338,60.8768,-93.1056,122.0166,0.0700,0.0700,0.5900,0.5982,1.4900,0.9000,-9.0700,23,-2.7500,-23.1875,24.0000,3,0,0,2
22.8470,176.2500,-8.3125,-157.5634,-7.1620,-64.4578,170.3887,-0.0300,0.0200,1.1500,1.1506,1.3800,0.8600,-8.5000,23,-2.7500,-23.1875,24.0000,3,0,0,2
22.8710,176.1875,-8.2500,-96.6866,-189.7923,-68.0387,223.6038,-0.0200,-0.1800,1.1200,1.1345,1.4000,0.6700,-8.7200,23,-2.7500,-24.0000,24.6875,3,0,0,2
22.8910,176.1875,-8.1250,89.5247,-365.2606,-103.8486,390.1468,0.0200,-0.0400,0.7200,0.7214,1.4000,0.7900,-8.9500,23,-2.7500,-24.0000,24.6875,3,0,0,2
22.9120,176.1250,-8.0000,136.0775,-451.2043,-139.6585,491.5352,0.0900,0.0100,0.6600,0.6662,1.3900,0.9400,-9.1200,23,-3.1875,-23.5625,25.1875,3,0,0,2
22.9320,176.1250,-7.8125,-10.7430,-494.1761,-125.3345,509.9355,0.0400,0.1300,0.4400,0.4605,1.3700,0.9700,-9.2300,23,-3.1875,-23.5625,25.1875,3,0,0,2
22.9530,176.0625,-7.6250,-103.8486,-519.2430,-93.1056,537.6491,0.0100,0.0300,0.2000,0.2025,1.3100,0.8800,-9.4700,23,-1.6875,-24.0000,25.5000,3,0,0,2
22.9730,176.0625,-7.5000,25.0669,-451.2043,-28.6479,452.8072,0.0500,0.1200,0.2100,0.2470,1.3200,0.9700,-9.4700,23,-1.6875,-24.0000,25.5000,3,0,0,2
22.9940,176.0625,-7.2500,-78.7817,-444.0423,14.3239,451.2043,0.0900,0.1000,0.3500,0.3750,1.3300,0.9500,-9.3300,23,-1.6875,-24.0000,25.5000,3,0,0,2
23.0140,176.0625,-7.1875,-239.9261,-515.6621,28.6479,569.4669,0.0100,-0.1100,0.2900,0.3103,1.2300,0.7500,-9.4000,23,-2.3750,-24.6875,25.1875,3,0,0,2
23.0350,176.0625,-7.0000,-157.5634,-562.2149,-10.7430,583.9753,-0.0100,-0.2600,0.1000,0.2787,1.1700,0.6000,-9.5800,23,-2.3750,-24.6875,25.1875,3,0,0,2
23.0560,176.1250,-6.6875,-50.1338,-558.6339,-57.2958,563.7979,-0.0300,-0.0700,0.0900,0.1179,1.1100,0.8000,-9.6000,23,-2.3750,-24.3750,24.6875,3,0,0,2
23.0760,176.0625,-6.5000,-111.0106,-590.8627,-75.2007,605.8856,-0.0600,0.0200,-0.0600,0.0872,1.0500,0.9000,-9.7600,23,-2.3750,-24.3750,24.6875,3,0,0,2
23.0960,176.0625,-6.3125,-132.4965,-605.1867,-68.0387,623.2460,-0.0600,-0.0600,-0.3200,0.3311,1.0200,0.8200,-10.0300,23,-2.3750,-24.3750,24.6875,3,0,0,2
23.1160,176.0625,-6.1875,-39.3908,-555.0529,-60.8768,559.7690,0.0100,-0.0300,-0.4900,0.4910,1.0600,0.8500,-10.2000,23,-1.6875,-24.3750,24.6875,3,0,0,2
23.1380,176.0625,-5.9375,-85.9437,-458.3663,-39.3908,468.0145,0.0200,0.0900,-0.4400,0.4496,1.0500,0.9900,-10.1600,23,-1.6875,-24.3750,24.6875,3,0,0,2
23.1570,176.0625,-5.8125,-207.6972,-390.3275,-21.4859,442.6684,-0.0200,0.0300,-0.2700,0.2724,0.9700,0.9400,-9.9800,23,-1.2500,-24.6875,25.5000,3,0,0,2
23.1780,176.0625,-5.6875,-114.5916,-393.9085,-7.1620,410.3004,-0.0900,-0.1500,-0.2600,0.3134,0.8800,0.7600,-9.9800,23,-1.2500,-24.6875,25.5000,3,0,0,2
23.1990,176.0625,-5.5625,-25.0669,-408.2324,0.0000,409.0013,-0.0600,-0.1000,-0.3000,0.3219,0.8800,0.8000,-10.0200,23,-1.2500,-24.6875,25.5000,3,0,0,2
23.2150,176.0625,-5.3750,-82.3627,-347.3557,-35.8099,358.7784,-0.0500,-0.1300,-0.3600,0.3860,0.8700,0.7800,-10.0800,23,-1.2500,-24.3750,23.5000,3,0,0,2
23.2400,176.0625,-5.3125,-118.1725,-282.8979,-64.4578,313.2903,-0.0400,-0.2200,-0.2300,0.3208,0.8600,0.7000,-9.9500,23,-1.2500,-24.3750,23.5000,3,0,0,2
23.2550,176.0625,-5.1875,-111.0106,-272.1550,-78.7817,304.2996,-0.0700,-0.0600,0.0200,0.0943,0.8200,0.8600,-9.6900,23,-1.2500,-24.6875,24.3750,3,0,0,2
23.2800,176.0000,-5.0625,-153.9824,-336.6127,-89.5247,380.8325,-0.0600,-0.1000,-0.0400,0.1233,0.8100,0.8300,-9.7600,23,-1.2500,-24.6875,24.3750,3,0,0,2
23.2970,176.0000,-4.9375,-85.9437,-390.3275,-118.1725,416.7813,-0.0200,-0.1700,-0.4100,0.4443,0.8200,0.7600,-10.1400,23,-1.2500,-24.6875,24.3750,3,0,0,2
23.3210,175.9375,-4.8125,-10.7430,-354.5177,-136.0775,379.8885,0.0000,-0.0800,-0.6000,0.6053,0.8300,0.8600,-10.3300,23,-0.8750,-24.3750,24.3750,3,0,0,2
23.3420,175.9375,-4.7500,-71.6197,-229.1831,-150.4014,283.3282,0.0100,0.0400,-0.5300,0.5316,0.8200,0.9900,-10.2600,23,-0.8750,-24.3750,24.3750,3,0,0,2
23.3620,175.8750,-4.6875,-164.7254,-164.7254,-153.9824,279.2481,0.0000,0.0500,-0.4800,0.4826,0.8100,1.0000,-10.2000,23,-0.5625,-24.6875,24.6875,3,0,0,2
23.3830,175.8125,-4.6250,-93.1056,-146.8204,-125.3345,214.3214,-0.0500,0.1000,-0.3700,0.3865,0.7400,1.1300,-10.0800,23,-0.5625,-24.6875,24.6875,3,0,0,2
23.4030,175.8125,-4.5625,-25.0669,-143.2395,-75.2007,163.7102,-0.0100,0.2000,-0.4000,0.4473,0.7600,1.1700,-10.1200,23,-0.5625,-24.3750,25.1875,3,0,0,2
23.4230,175.8125,-4.5000,-93.1056,-107.4296,-46.5528,149.5892,0.0400,0.0600,-0.5000,0.5052,0.8000,1.0000,-10.2700,23,-0.5625,-24.3750,25.1875,3,0,0,2
23.4440,175.7500,-4.5000,-75.2007,-50.1338,-32.2289,95.9544,0.0200,0.0900,-0.5100,0.5183,0.8000,1.0700,-10.2400,23,-0.5625,-24.3750,25.1875,3,0,0,2
23.4640,175.7500,-4.5000,50.1338,32.2289,-7.1620,60.0283,0.0200,0.2400,-0.3800,0.4499,0.7900,1.2200,-10.1100,23,-0.1875,-24.0000,25.1875,3,0,0,2
23.4850,175.7500,-4.5000,-50.1338,64.4578,53.7148,97.7419,0.0000,0.1700,-0.2000,0.2625,0.7700,1.1500,-9.9300,23,-0.1875,-24.0000,25.1875,3,0,0,2
23.5050,175.8125,-4.5000,-96.6866,85.9437,93.1056,159.3841,0.0000,-0.0500,-0.1800,0.1868,0.7700,0.9200,-9.9100,23,-1.2500,-24.6875,25.1875,3,0,0,2
23.5260,175.8125,-4.5625,0.0000,100.2676,103.8486,144.3542,-0.0100,-0.0800,0.0200,0.0831,0.7700,0.9000,-9.6900,23,-1.2500,-24.6875,25.1875,3,0,0,2
23.5470,175.8750,-4.6250,-32.2289,93.1056,82.3627,128.4172,-0.0400,-0.1400,0.3100,0.3425,0.7500,0.8400,-9.4000,23,-1.2500,-24.6875,25.1875,3,0,0,2
23.5680,175.8750,-4.6250,-78.7817,14.3239,57.2958,98.4608,-0.0600,-0.3500,0.3800,0.5201,0.7300,0.6300,-9.3300,23,-0.8750,-24.6875,25.1875,3,0,0,2
23.5920,175.8750,-4.6250,-10.7430,-75.2007,-21.4859,78.9443,-0.0100,-0.4300,0.1600,0.4589,0.7800,0.5500,-9.5600,23,-0.8750,-24.6875,25.1875,3,0,0,2
23.6090,175.8750,-4.5625,32.2289,-111.0106,-114.5916,162.7675,0.0200,-0.3200,-0.0500,0.3245,0.8100,0.6600,-9.7800,23,0.5000,-25.0625,24.0000,3,0,0,2
23.6320,175.8125,-4.5625,-78.7817,-71.6197,-179.0493,208.3137,0.0200,-0.0500,-0.1600,0.1688,0.8100,0.9400,-9.8900,23,0.5000,-25.0625,24.0000,3,0,0,2
23.6490,175.7500,-4.5625,-132.4965,-17.9049,-175.4683,220.6015,0.0300,0.0000,-0.1200,0.1237,0.8100,1.0000,-9.8500,23,0.5000,-25.0625,24.0000,3,0,0,2
23.6740,175.6875,-4.5000,-10.7430,14.3239,-96.6866,98.3305,0.0400,0.2300,-0.0100,0.2337,0.8100,1.3000,-9.7300,23,-0.8750,-24.6875,24.6875,3,0,0,2
23.6940,175.6875,-4.5000,-21.4859,7.1620,10.7430,25.0669,0.0300,0.0400,0.0300,0.0583,0.8100,1.0500,-9.6800,23,-0.8750,-24.6875,24.6875,3,0,0,2
23.7140,175.6875,-4.5000,-39.3908,-17.9049,82.3627,93.0368,0.0400,-0.1800,-0.0600,0.1939,0.8200,0.8200,-9.7900,23,-1.2500,-24.6875,25.1875,3,0,0,2
23.7390,175.7500,-4.5625,14.3239,-7.1620,60.8768,62.9480,0.0400,-0.2200,-0.0900,0.2410,0.8200,0.7800,-9.8200,23,-1.2500,-24.6875,25.1875,3,0,0,2
23.7590,175.7500,-4.5625,-21.4859,0.0000,42.9718,48.0440,0.0100,-0.2700,-0.1300,0.2998,0.7900,0.7300,-9.8500,23,-0.8750,-24.3750,24.6875,3,0,0,2
23.7800,175.7500,-4.5625,-68.0387,7.1620,-3.5810,68.5083,0.0000,-0.3700,-0.1500,0.3992,0.7700,0.6300,-9.8700,23,-0.8750,-24.3750,24.6875,3,0,0,2
23.8000,175.7500,-4.5625,-68.0387,35.8099,-53.7148,93.7918,0.0000,-0.3600,-0.0500,0.3635,0.7700,0.6300,-9.7800,23,-0.8750,-24.3750,24.6875,3,0,0,2
23.8210,175.7500,-4.5625,-89.5247,39.3908,-96.6866,137.5304,0.0200,-0.3500,-0.0500,0.3541,0.8000,0.6500,-9.7700,23,-0.8750,-24.3750,24.0000,3,0,0,2
23.8420,175.6875,-4.5625,-71.6197,21.4859,-143.2395,161.5815,0.0200,-0.3400,-0.0800,0.3499,0.8100,0.6500,-9.8100,23,-0.8750,-24.3750,24.0000,3,0,0,2
23.8620,175.6250,-4.5625,-39.3908,17.9049,-186.2113,191.1724,0.0200,-0.3500,-0.1900,0.3987,0.8000,0.6400,-9.9100,23,-0.1875,-24.0000,25.1875,3,0,0,2
23.8830,175.5625,-4.5625,-50.1338,60.8768,-229.1831,242.3722,0.0300,-0.3100,-0.1200,0.3338,0.8100,0.6700,-9.8400,23,-0.1875,-24.0000,25.1875,3,0,0,2
23.9020,175.5000,-4.5625,-136.0775,68.0387,-268.5740,308.6719,0.0000,-0.2600,0.0400,0.2631,0.7900,0.7300,-9.6700,23,-0.1875,-24.0000,25.1875,3,0,0,2
23.9230,175.3750,-4.5625,-128.9155,42.9718,-293.6409,323.5595,-0.0200,-0.2000,0.0000,0.2010,0.7600,0.7900,-9.7200,23,-0.5625,-25.5000,24.3750,3,0,0,2
23.9440,175.2500,-4.5625,-57.2958,39.3908,-300.8029,308.7342,0.0400,-0.0800,-0.1100,0.1418,0.8300,0.9200,-9.8300,23,-0.5625,-25.5000,24.3750,3,0,0,2
23.9600,175.1875,-4.5625,-85.9437,46.5528,-290.0599,306.0853,0.0400,0.0100,-0.0800,0.0900,0.8300,1.0200,-9.8000,23,-0.5625,-24.6875,25.1875,3,0,0,2
23.9840,175.0625,-4.6250,-193.3733,68.0387,-282.8979,349.3619,0.0400,-0.1700,-0.2300,0.2888,0.8300,0.8500,-9.9500,23,-0.5625,-24.6875,25.1875,3,0,0,2
24.0010,175.0000,-4.6250,-179.0493,107.4296,-300.8029,366.1723,0.0300,-0.2500,-0.1800,0.3095,0.8300,0.7800,-9.9000,23,-0.5625,-24.0000,25.5000,3,0,0,2
24.0220,174.8750,-4.6250,-21.4859,132.4965,-358.0986,382.4286,0.0400,-0.0700,-0.0600,0.1005,0.8400,0.9500,-9.7800,23,-0.5625,-24.0000,25.5000,3,0,0,2
24.0460,174.7500,-4.6875,-64.4578,118.1725,-372.4226,396.0027,0.0200,0.2500,0.1400,0.2872,0.8300,1.3000,-9.5700,23,-0.5625,-24.0000,25.5000,3,0,0,2
24.0620,174.6250,-4.6875,-232.7641,68.0387,-368.8416,441.4210,0.0300,0.1800,0.1000,0.2081,0.8400,1.2300,-9.6100,23,-0.8750,-24.6875,24.0000,3,0,0,2
24.0830,174.5000,-4.6875,-89.5247,57.2958,-361.6796,376.9743,0.0500,0.1600,-0.1300,0.2121,0.8600,1.4200,-9.8200,23,-0.8750,-24.6875,24.0000,3,0,0,2
24.1030,174.3750,-4.6875,75.2007,75.2007,-329.4508,346.1908,0.0400,0.5500,-0.0800,0.5572,0.8500,1.6200,-9.8000,23,0.5000,-25.0625,24.3750,3,0,0,2
24.1250,174.2500,-4.7500,-100.2676,107.4296,-254.2500,293.6627,0.0400,0.4500,0.0600,0.4557,0.8500,1.5300,-9.6400,23,0.5000,-25.0625,24.3750,3,0,0,2
24.1450,174.1875,-4.7500,-57.2958,68.0387,-164.7254,187.2072,0.0700,0.4100,0.0700,0.4218,0.8900,1.4900,-9.6300,23,0.5000,-25.0625,24.3750,3,0,0,2
24.1660,174.1250,-4.8125,25.0669,68.0387,-143.2395,160.5464,0.0900,0.6100,0.1200,0.6282,0.9200,1.7100,-9.5800,23,-0.1875,-24.6875,24.6875,3,0,0,2
24.1860,174.1250,-4.8125,-93.1056,60.8768,-60.8768,126.8094,0.0100,0.6100,0.2800,0.6713,0.8400,1.7300,-9.4100,23,-0.1875,-24.6875,24.6875,3,0,0,2
24.2060,174.1250,-4.8750,-161.1444,35.8099,-14.3239,165.6956,0.0000,0.3900,0.2400,0.4579,0.8300,1.5500,-9.4600,23,-1.0000,-25.7500,24.6875,3,0,0,2
24.2260,174.1250,-4.8750,57.2958,-50.1338,85.9437,114.8152,0.0300,0.3900,0.0000,0.3912,0.8600,1.5500,-9.6900,23,-1.0000,-25.7500,24.6875,3,0,0,2
24.2470,174.1250,-4.8125,111.0106,-42.9718,125.3345,172.8545,0.0800,0.4900,-0.1000,0.5065,0.9100,1.6500,-9.8000,23,-1.0000,-25.7500,24.6875,3,0,0,2
24.2670,174.1875,-4.8125,-17.9049,-3.5810,164.7254,165.7343,0.0300,0.5000,-0.0500,0.5034,0.8700,1.6600,-9.7500,23,0.5000,-24.3750,23.5625,3,0,0,2
24.2890,174.2500,-4.8750,-125.3345,7.1620,214.8592,248.8463,0.0000,0.4000,0.0000,0.4000,0.8300,1.5700,-9.6900,23,0.5000,-24.3750,23.5625,3,0,0,2
24.3080,174.3750,-4.8750,-85.9437,-7.1620,268.5740,282.0808,-0.0200,0.2700,-0.0300,0.2724,0.8100,1.4500,-9.7300,23,-0.5625,-24.6875,24.3750,3,0,0,2
24.3290,174.4375,-4.8750,10.7430,-28.6479,293.6409,295.2305,0.0000,0.1300,-0.1500,0.1985,0.8300,1.3100,-9.8500,23,-0.5625,-24.6875,24.3750,3,0,0,2
24.3490,174.5625,-4.8750,107.4296,-10.7430,304.3838,322.9645,0.0200,0.1900,-0.1900,0.2694,0.8600,1.3700,-9.8900,23,-0.5625,-24.6875,24.3750,3,0,0,2
24.3650,174.6875,-4.8750,57.2958,10.7430,304.3838,309.9157,0.0100,0.3300,-0.0600,0.3356,0.8500,1.5000,-9.7600,23,0.1875,-25.0625,25.8750,3,0,0,2
24.3910,174.7500,-4.9375,-53.7148,17.9049,343.7747,348.4063,-0.0100,0.2500,-0.0200,0.2510,0.8200,1.4300,-9.7200,23,0.1875,-25.0625,25.8750,3,0,0,2
24.4070,174.8125,-4.9375,-35.8099,-14.3239,415.3944,417.1811,0.0000,0.0500,-0.1600,0.1676,0.8400,1.2300,-9.8600,23,0.1875,-24.6875,25.0625,3,0,0,2
24.4280,175.0625,-4.9375,82.3627,0.0000,447.6233,455.1376,0.0000,0.0000,-0.2100,0.2100,0.8500,1.1800,-9.9100,23,0.1875,-24.6875,25.0625,3,0,0,2
24.4470,175.1875,-5.0000,21.4859,42.9718,433.2994,435.9548,0.0000,-0.0300,-0.1800,0.1825,0.8500,1.1300,-9.8800,23,0.1875,-24.6875,25.0625,3,0,0,2
24.4690,175.3125,-5.0000,-57.2958,64.4578,415.3944,424.2525,-0.0100,-0.1200,-0.0600,0.1345,0.8400,1.0400,-9.7500,23,-0.1875,-24.6875,25.1875,3,0,0,2
24.4880,175.4375,-5.0000,17.9049,46.5528,401.0705,404.1600,0.0000,-0.1300,-0.0800,0.1526,0.8600,1.0300,-9.7800,23,-0.1875,-24.6875,25.1875,3,0,0,2
24.5090,175.5625,-5.0625,96.6866,39.3908,418.9754,431.7874,-0.0200,-0.1200,-0.1000,0.1575,0.8400,1.0300,-9.8000,23,-0.5625,-25.5000,24.3750,3,0,0,2
24.5290,175.6875,-5.0625,57.2958,57.2958,426.1374,433.7726,-0.0300,-0.1300,-0.0300,0.1367,0.8300,1.0200,-9.7300,23,-0.5625,-25.5000,24.3750,3,0,0,2
24.5500,175.9375,-5.1250,-21.4859,50.1338,444.0423,447.3797,-0.0500,-0.2400,0.0400,0.2484,0.8200,0.9000,-9.6500,23,-0.5625,-25.5000,24.3750,3,0,0,2
24.5670,176.0000,-5.1250,14.3239,39.3908,418.9754,421.0668,-0.0200,-0.3800,0.0300,0.3817,0.8500,0.7500,-9.6600,23,-0.1875,-24.3750,24.0000,3,0,0,2
24.5910,176.1250,-5.1875,78.7817,39.3908,372.4226,382.6967,-0.0200,-0.3600,0.0100,0.3607,0.8600,0.7600,-9.6800,23,-0.1875,-24.3750,24.0000,3,0,0,2
24.6070,176.2500,-5.1875,75.2007,25.0669,336.6127,345.8202,-0.0400,-0.3100,0.0800,0.3226,0.8400,0.7900,-9.6200,23,-1.6875,-25.0625,24.3750,3,0,0,2
24.6280,176.4375,-5.1875,3.5810,0.0000,307.9648,307.9856,-0.0400,-0.4600,0.0400,0.4635,0.8400,0.6400,-9.6500,23,-1.6875,-25.0625,24.3750,3,0,0,2
24.6480,176.5000,-5.1875,17.9049,-10.7430,250.6690,251.5372,0.0000,-0.6400,-0.0700,0.6438,0.8800,0.4500,-9.7700,23,-1.6875,-25.0625,24.3750,3,0,0,2
24.6690,176.5625,-5.1875,42.9718,7.1620,175.4683,180.7955,-0.0400,-0.5300,-0.0900,0.5391,0.8400,0.5600,-9.7900,23,-1.2500,-25.0625,24.6875,3,0,0,2
24.6890,176.6250,-5.2500,10.7430,42.9718,150.4014,156.7883,-0.0400,-0.5000,-0.1000,0.5115,0.8400,0.5700,-9.8100,23,-1.2500,-25.0625,24.6875,3,0,0,2
24.7090,176.6875,-5.2500,0.0000,60.8768,132.4965,145.8126,-0.0400,-0.5000,0.0000,0.5016,0.8500,0.5500,-9.7100,23,-1.2500,-25.0625,24.0000,3,0,0,2
24.7300,176.6875,-5.2500,-3.5810,42.9718,100.2676,109.1467,-0.0500,-0.5800,-0.0500,0.5843,0.8400,0.4500,-9.7500,23,-1.2500,-25.0625,24.0000,3,0,0,2
24.7510,176.7500,-5.2500,39.3908,35.8099,71.6197,89.2377,-0.0700,-0.6000,-0.0400,0.6054,0.8300,0.4100,-9.7500,23,-1.2500,-25.0625,24.0000,3,0,0,2
24.7710,176.7500,-5.2500,14.3239,32.2289,3.5810,35.4500,-0.0600,-0.6700,-0.0700,0.6763,0.8300,0.3200,-9.7900,23,-0.5625,-24.6875,24.6875,3,0,0,2
24.7920,176.7500,-5.2500,25.0669,42.9718,-85.9437,99.3038,0.0000,-0.7400,-0.1000,0.7467,0.8900,0.2200,-9.8200,23,-0.5625,-24.6875,24.6875,3,0,0,2
24.8130,176.6875,-5.2500,103.8486,39.3908,-186.2113,216.8198,-0.0300,-0.5100,0.0100,0.5110,0.8600,0.4300,-9.7000,23,-1.2500,-24.3750,23.5625,3,0,0,2
24.8320,176.6250,-5.2500,53.7148,14.3239,-261.4120,267.2577,-0.0200,-0.3300,0.0000,0.3306,0.8700,0.5800,-9.7300,23,-1.2500,-24.3750,23.5625,3,0,0,2
24.8500,176.5000,-5.2500,-7.1620,21.4859,-279.3169,280.2336,0.0000,-0.2700,-0.1400,0.3041,0.8900,0.6400,-9.8600,23,-1.2500,-24.3750,23.5625,3,0,0,2
24.8690,176.4375,-5.2500,39.3908,46.5528,-275.7359,282.3988,-0.0100,-0.2200,-0.1400,0.2610,0.8800,0.6800,-9.8600,23,-1.6875,-24.6875,25.1875,3,0,0,2
24.8900,176.3125,-5.2500,21.4859,85.9437,-264.9930,279.4087,-0.0300,-0.1900,0.0000,0.1924,0.8600,0.7100,-9.7100,23,-1.6875,-24.6875,25.1875,3,0,0,2
24.9110,176.2500,-5.2500,3.5810,100.2676,-254.2500,273.3304,-0.0500,-0.2500,0.0800,0.2672,0.8400,0.6600,-9.6300,23,-1.6875,-24.6875,24.0000,3,0,0,2
24.9320,176.1875,-5.2500,-3.5810,68.0387,-293.6409,301.4416,-0.0300,-0.3500,0.1000,0.3652,0.8600,0.5500,-9.6200,23,-1.6875,-24.6875,24.0000,3,0,0,2
24.9520,176.0625,-5.2500,-28.6479,46.5528,-368.8416,372.8699,-0.0400,-0.4100,0.1000,0.4239,0.8500,0.4900,-9.6200,23,-1.6875,-24.6875,24.0000,3,0,0,2
24.9680,175.8750,-5.2500,-17.9049,39.3908,-458.3663,460.4040,0.0000,-0.2300,0.0500,0.2354,0.9000,0.6600,-9.6600,23,-0.8750,-24.6875,24.0000,3,0,0,2
24.9920,175.7500,-5.2500,-21.4859,21.4859,-526.4050,527.2812,-0.0200,-0.0900,-0.0400,0.1005,0.8700,0.8000,-9.7600,23,-0.8750,-24.6875,24.0000,3,0,0,2
25.0090,175.5625,-5.2500,-35.8099,28.6479,-558.6339,560.5130,0.0000,0.1800,-0.0300,0.1825,0.9000,1.0800,-9.7500,23,-0.5625,-24.3750,24.6875,3,0,0,2
25.0330,175.3750,-5.2500,-96.6866,50.1338,-547.8909,558.6109,0.0600,0.2500,-0.0200,0.2579,0.9600,1.1600,-9.7400,23,-0.5625,-24.3750,24.6875,3,0,0,2
25.0500,175.1875,-5.2500,-46.5528,57.2958,-515.6621,520.9197,0.0200,0.3200,0.0600,0.3262,0.9300,1.2400,-9.6500,23,-0.5625,-24.3750,24.6875,3,0,0,2
25.0700,175.0000,-5.2500,25.0669,39.3908,-490.5951,492.8119,0.0400,0.4300,0.0600,0.4360,0.9400,1.3500,-9.6500,23,-1.2500,-25.7500,24.6875,3,0,0,2
25.0950,174.8125,-5.2500,21.4859,21.4859,-440.4613,441.5082,0.0700,0.5600,-0.0100,0.5644,0.9700,1.4900,-9.7300,23,-1.2500,-25.7500,24.6875,3,0,0,2
25.1110,174.6875,-5.2500,-10.7430,14.3239,-379.5845,380.0066,0.0500,0.5300,0.0000,0.5324,0.9400,1.4900,-9.7100,23,-0.8750,-24.0000,23.5625,3,0,0,2
25.1320,174.5625,-5.2500,-57.2958,28.6479,-325.8698,332.1063,0.0400,0.5200,0.0000,0.5215,0.9400,1.4900,-9.7100,23,-0.8750,-24.0000,23.5625,3,0,0,2
25.1520,174.5000,-5.2500,-96.6866,21.4859,-282.8979,299.7352,0.0500,0.4600,-0.0200,0.4631,0.9400,1.4600,-9.7400,23,-0.8750,-24.0000,23.5625,3,0,0,2
25.1690,174.4375,-5.2500,-39.3908,25.0669,-239.9261,244.4269,0.0400,0.5600,-0.0100,0.5615,0.9400,1.5700,-9.7200,23,-0.8750,-25.0625,24.6875,3,0,0,2
25.1930,174.3125,-5.2500,-21.4859,28.6479,-193.3733,196.6610,0.0500,0.5600,0.0000,0.5622,0.9500,1.5900,-9.7100,23,-0.8750,-25.0625,24.6875,3,0,0,2
25.2100,174.2500,-5.2500,-50.1338,42.9718,-146.8204,160.9851,0.0800,0.5300,0.0000,0.5360,0.9800,1.5800,-9.7000,23,-1.2500,-25.0625,25.1875,3,0,0,2
25.2310,174.2500,-5.2500,-17.9049,53.7148,-103.8486,118.2810,0.0700,0.5400,0.0300,0.5453,0.9700,1.6200,-9.6600,23,-1.2500,-25.0625,25.1875,3,0,0,2
25.2500,174.1875,-5.3125,-7.1620,25.0669,-42.9718,50.2615,0.0300,0.5400,0.1400,0.5587,0.9400,1.6400,-9.5500,23,-1.2500,-25.0625,25.1875,3,0,0,2
25.2710,174.1875,-5.3125,3.5810,0.0000,14.3239,14.7648,0.0300,0.4600,0.0300,0.4620,0.9400,1.5700,-9.6600,23,-0.5625,-25.0625,24.0000,3,0,0,2
25.2950,174.1875,-5.3125,10.7430,-32.2289,50.1338,60.5600,0.0700,0.4300,-0.0500,0.4385,0.9800,1.5500,-9.7400,23,-0.5625,-25.0625,24.0000,3,0,0,2
25.3110,174.2500,-5.3125,-3.5810,-28.6479,85.9437,90.6633,0.0200,0.4300,-0.0300,0.4315,0.9400,1.5600,-9.7300,23,-1.2500,-26.1875,24.3750,3,0,0,2
25.3360,174.2500,-5.3125,-25.0669,-25.0669,161.1444,164.9976,0.0100,0.3800,-0.1300,0.4017,0.9200,1.5200,-9.8300,23,-1.2500,-26.1875,24.3750,3,0,0,2
25.3530,174.3750,-5.3125,-25.0669,0.0000,250.6690,251.9193,0.0100,0.2400,-0.1600,0.2886,0.9300,1.3800,-9.8500,23,-1.2500,-26.1875,24.3750,3,0,0,2
25.3740,174.4375,-5.3750,-78.7817,46.5528,290.0599,304.1520,0.0300,0.0000,-0.0900,0.0949,0.9500,1.1500,-9.7800,23,-0.5625,-25.5000,24.6875,3,0,0,2
25.3940,174.5625,-5.3750,-78.7817,71.6197,300.8029,319.0898,0.0000,-0.1200,0.0900,0.1500,0.9200,1.0200,-9.6000,23,-0.5625,-25.5000,24.6875,3,0,0,2
25.4140,174.6250,-5.4375,-50.1338,32.2289,250.6690,257.6569,-0.0600,-0.2100,0.2500,0.3320,0.8600,0.9300,-9.4300,23,-0.5625,-24.3750,24.0000,3,0,0,2
25.4350,174.6875,-5.3750,10.7430,-53.7148,200.5352,207.8824,0.0000,-0.2000,0.0400,0.2040,0.9200,0.9400,-9.6400,23,-0.5625,-24.3750,24.0000,3,0,0,2
25.4550,174.7500,-5.3750,75.2007,-64.4578,146.8204,177.1050,0.0000,-0.0400,-0.0500,0.0640,0.9300,1.1000,-9.7400,23,-0.5625,-24.3750,24.0000,3,0,0,2
25.4710,174.8125,-5.3750,17.9049,-68.0387,157.5634,172.5575,0.0000,0.0000,-0.1700,0.1700,0.9200,1.1400,-9.8600,23,0.5000,-25.5000,24.6875,3,0,0,2
25.4960,174.8750,-5.3750,-32.2289,-10.7430,168.3063,171.7007,0.0000,0.0000,-0.1500,0.1500,0.9300,1.1300,-9.8500,23,0.5000,-25.5000,24.6875,3,0,0,2
25.5130,174.9375,-5.3750,-28.6479,10.7430,189.7923,192.2426,0.0000,-0.0100,-0.0300,0.0316,0.9300,1.1200,-9.7200,23,-0.8750,-24.3750,24.3750,3,0,0,2
25.5330,175.0000,-5.3750,46.5528,17.9049,207.6972,213.6022,0.0300,-0.0200,0.0000,0.0361,0.9600,1.1200,-9.6900,23,-0.8750,-24.3750,24.3750,3,0,0,2
25.5530,175.0625,-5.3750,68.0387,7.1620,222.0211,232.3229,0.0000,-0.0900,0.0000,0.0900,0.9200,1.0400,-9.7000,23,-0.8750,-24.3750,24.3750,3,0,0,2
25.5710,175.1875,-5.4375,42.9718,0.0000,222.0211,226.1415,-0.0100,-0.0700,0.0200,0.0735,0.9100,1.0500,-9.6600,23,-1.2500,-24.3750,24.6875,3,0,0,2
25.5940,175.1875,-5.4375,-7.1620,14.3239,214.8592,215.4552,0.0200,-0.2000,0.1000,0.2245,0.9500,0.9200,-9.5900,23,-1.2500,-24.3750,24.6875,3,0,0,2
25.6110,175.3125,-5.4375,28.6479,-10.7430,189.7923,192.2426,-0.0400,-0.2100,0.1300,0.2502,0.8800,0.9000,-9.5500,23,-1.2500,-25.5000,23.5625,3,0,0,2
25.6350,175.3750,-5.4375,82.3627,-39.3908,171.8873,194.6292,0.0000,-0.1300,0.1700,0.2140,0.9300,0.9800,-9.5200,23,-1.2500,-25.5000,23.5625,3,0,0,2
25.6520,175.4375,-5.4375,25.0669,-75.2007,171.8873,189.2849,0.0000,-0.1300,0.1200,0.1769,0.9200,0.9800,-9.5700,23,-1.2500,-25.5000,23.5625,3,0,0,2
25.6720,175.5000,-5.3750,-21.4859,-96.6866,175.4683,201.4921,-0.0200,-0.3300,0.0200,0.3312,0.8900,0.7700,-9.6700,23,-0.8750,-24.6875,24.3750,3,0,0,2
25.6920,175.5625,-5.3750,50.1338,-103.8486,161.1444,198.1551,-0.0400,-0.3900,0.0300,0.3932,0.8700,0.7100,-9.6600,23,-0.8750,-24.6875,24.3750,3,0,0,2
25.7130,175.6250,-5.3125,64.4578,-85.9437,121.7535,162.3731,-0.0100,-0.4100,0.1100,0.4246,0.8900,0.6700,-9.5900,23,-0.5625,-25.0625,24.0000,3,0,0,2
25.7330,175.6250,-5.3125,39.3908,-100.2676,71.6197,129.3623,0.0000,-0.2900,0.1700,0.3362,0.9000,0.7800,-9.5200,23,-0.5625,-25.0625,24.0000,3,0,0,2
25.7550,175.6250,-5.2500,-32.2289,-157.5634,35.8099,164.7643,-0.0400,-0.3500,0.0000,0.3523,0.8500,0.7100,-9.6900,23,-0.5625,-25.0625,24.0000,3,0,0,2
25.7710,175.6250,-5.2500,7.1620,-171.8873,-14.3239,172.6318,-0.0300,-0.3400,-0.1300,0.3652,0.8500,0.7100,-9.8400,23,-1.2500,-24.6875,24.6875,3,0,0,2
25.7950,175.6250,-5.1250,82.3627,-139.6585,-57.2958,171.9619,0.0400,-0.1900,-0.2800,0.3407,0.9200,0.8600,-9.9800,23,-1.2500,-24.6875,24.6875,3,0,0,2
25.8110,175.6250,-5.1250,78.7817,-85.9437,-68.0387,134.9894,0.0400,-0.1200,-0.2500,0.2802,0.9200,0.9300,-9.9600,23,-1.6875,-24.3750,25.1875,3,0,0,2
25.8360,175.5625,-5.0625,39.3908,-21.4859,-60.8768,75.6258,0.0100,0.0000,-0.0300,0.0316,0.8900,1.0500,-9.7400,23,-1.6875,-24.3750,25.1875,3,0,0,2
25.8520,175.5625,-5.0625,42.9718,-28.6479,-25.0669,57.4076,0.0000,-0.0100,0.0500,0.0510,0.8800,1.0300,-9.6500,23,-1.6875,-24.3750,25.1875,3,0,0,2
25.8770,175.5625,-5.0625,39.3908,-60.8768,3.5810,72.5978,0.0200,-0.0900,0.0400,0.1005,0.8900,0.9500,-9.6600,23,-0.8750,-24.3750,23.5625,3,0,0,2
25.8970,175.5625,-5.0625,32.2289,-96.6866,-7.1620,102.1680,0.0200,-0.1300,-0.0700,0.1490,0.8900,0.9100,-9.7800,23,-0.8750,-24.3750,23.5625,3,0,0,2
25.9140,175.5625,-5.0000,68.0387,-82.3627,7.1620,107.0709,0.0100,-0.0900,-0.0400,0.0990,0.8700,0.9500,-9.7500,23,-0.8750,-25.5000,23.5625,3,0,0,2
25.9390,175.5625,-5.0000,75.2007,-78.7817,3.5810,108.9703,-0.0100,0.0100,0.0000,0.0141,0.8400,1.0500,-9.7100,23,-0.8750,-25.5000,23.5625,3,0,0,2
25.9550,175.5625,-4.9375,-17.9049,-85.9437,10.7430,88.4438,0.0000,-0.0900,-0.0500,0.1030,0.8500,0.9400,-9.7600,23,-0.8750,-25.5000,23.5625,3,0,0,2
25.9750,175.5625,-4.9375,-21.4859,-68.0387,0.0000,71.3507,0.0000,-0.1300,-0.0400,0.1360,0.8400,0.9000,-9.7500,23,-0.8750,-24.0000,24.3750,3,0,0,2
25.9960,175.6250,-4.9375,71.6197,-64.4578,-10.7430,96.9515,0.0100,-0.0900,0.1300,0.1584,0.8500,0.9400,-9.5700,23,-0.8750,-24.0000,24.3750,3,0,0,2
26.0160,175.5625,-4.8750,100.2676,-75.2007,-32.2289,129.4119,0.0100,0.0700,0.2100,0.2216,0.8500,1.1000,-9.5000,23,-0.5625,-24.6875,23.5625,3,0,0,2
26.0370,175.5625,-4.8750,25.0669,-111.0106,-28.6479,117.3559,0.0100,0.0600,0.1100,0.1257,0.8500,1.0900,-9.6000,23,-0.5625,-24.6875,23.5625,3,0,0,2
26.0540,175.5625,-4.8125,-89.5247,-153.9824,-28.6479,180.4049,0.0000,0.0000,0.0500,0.0500,0.8300,1.0200,-9.6600,23,-0.5625,-24.6875,23.5625,3,0,0,2
26.0740,175.5625,-4.7500,-46.5528,-175.4683,-53.7148,189.3187,0.0100,0.0500,-0.0100,0.0520,0.8300,1.0900,-9.7300,23,-0.1875,-25.0625,25.1875,3,0,0,2
26.0980,175.5625,-4.6875,60.8768,-186.2113,-68.0387,207.3883,0.0300,0.1500,-0.2500,0.2931,0.8300,1.1900,-9.9700,23,-0.1875,-25.0625,25.1875,3,0,0,2
26.1140,175.5625,-4.6250,118.1725,-143.2395,-39.3908,189.8261,0.0600,0.3700,-0.2200,0.4346,0.8500,1.4000,-9.9400,23,-0.5625,-25.0625,24.3750,3,0,0,2
26.1350,175.5625,-4.5625,50.1338,-75.2007,7.1620,90.6633,0.0500,0.4700,-0.1000,0.4831,0.8400,1.4900,-9.8200,23,-0.5625,-25.0625,24.3750,3,0,0,2
26.1560,175.5625,-4.5625,-93.1056,-57.2958,93.1056,143.5971,0.0400,0.3100,0.0100,0.3127,0.8300,1.3400,-9.7000,23,-0.5625,-25.0625,24.3750,3,0,0,2
26.1760,175.6250,-4.5625,-103.8486,-68.0387,168.3063,209.1431,0.0100,0.1800,0.0900,0.2015,0.7900,1.2200,-9.6200,23,-0.5625,-24.6875,24.6875,3,0,0,2
26.1960,175.6875,-4.5000,60.8768,-118.1725,207.6972,246.5945,0.0700,0.2000,0.0000,0.2119,0.8500,1.2400,-9.7100,23,-0.5625,-24.6875,24.6875,3,0,0,2
26.2170,175.7500,-4.5000,182.6303,-136.0775,254.2500,341.3415,0.0900,0.2200,-0.1400,0.2759,0.8600,1.2500,-9.8600,23,-0.8750,-25.5000,25.5000,3,0,0,2
26.2380,175.8750,-4.5000,57.2958,-85.9437,293.6409,311.2781,0.0900,-0.0700,-0.2800,0.3023,0.8600,0.9500,-10.0000,23,-0.8750,-25.5000,25.5000,3,0,0,2
26.2580,175.9375,-4.5000,-14.3239,-10.7430,247.0881,247.7359,0.0500,-0.1400,-0.1100,0.1849,0.8200,0.8700,-9.8300,23,-0.8750,-25.5000,25.5000,3,0,0,2
26.2780,176.0625,-4.5000,-60.8768,25.0669,196.9542,207.6663,0.0300,-0.0600,0.1600,0.1735,0.8000,0.9600,-9.5500,23,-1.2500,-24.6875,25.1875,3,0,0,2
26.3020,176.1250,-4.5000,-78.7817,-3.5810,157.5634,176.1976,0.0400,0.0400,0.3300,0.3348,0.7900,1.1200,-9.3600,23,-1.2500,-24.6875,25.1875,3,0,0,2
26.3200,176.1875,-4.5000,-50.1338,-100.2676,189.7923,220.4271,-0.0100,0.1100,0.3300,0.3480,0.7500,1.1400,-9.3900,23,-1.0000,-24.6875,24.0000,3,0,0,2
26.3410,176.2500,-4.4375,-28.6479,-179.0493,232.7641,295.0568,0.0400,0.0300,0.0300,0.0583,0.7900,1.0500,-9.7600,23,-1.0000,-24.6875,24.0000,3,0,0,2
26.3610,176.3125,-4.3750,-107.4296,-193.3733,264.9930,345.1893,0.0200,-0.0200,-0.1400,0.1428,0.8100,0.8200,-9.9000,23,-0.8750,-24.0000,25.1875,3,0,0,2
26.3850,176.4375,-4.3125,-182.6303,-121.7535,247.0881,330.5000,0.0400,-0.2000,-0.1100,0.2317,0.7900,0.8400,-9.8400,23,-0.8750,-24.0000,25.1875,3,0,0,2
26.4050,176.5000,-4.3125,-78.7817,-75.2007,204.1162,231.3550,0.0900,-0.1800,0.0000,0.2012,0.8300,0.8600,-9.7200,23,-0.8750,-24.0000,25.1875,3,0,0,2
26.4220,176.5625,-4.3125,-71.6197,-57.2958,186.2113,207.5737,0.0800,-0.0700,0.0800,0.1330,0.8300,0.9700,-9.6300,23,-0.5625,-23.5625,24.3750,3,0,0,2
26.4460,176.6250,-4.3125,-171.8873,-64.4578,103.8486,210.9137,0.0200,0.1600,0.3300,0.3673,0.7600,1.2300,-9.3800,23,-0.5625,-23.5625,24.3750,3,0,0,2
26.4620,176.6875,-4.2500,-275.7359,-139.6585,111.0106,328.4176,0.0000,0.1900,0.3500,0.3982,0.7300,1.2700,-9.3600,23,-0.8750,-24.3750,23.1875,3,0,0,2
26.4880,176.6875,-4.2500,-164.7254,-229.1831,150.4014,319.8124,0.0800,0.2000,0.0400,0.2191,0.8000,1.2900,-9.6700,23,-0.8750,-24.3750,23.1875,3,0,0,2
26.5030,176.8125,-4.1250,3.5810,-243.5071,204.1162,317.7608,0.1200,0.3000,-0.0600,0.3286,0.8300,1.3900,-9.7800,23,-0.8750,-24.3750,23.1875,3,0,0,2
26.5250,176.8750,-4.0625,-53.7148,-171.8873,261.4120,317.4378,0.0600,0.4400,-0.0700,0.4496,0.7600,1.5300,-9.7900,23,-0.5625,-24.3750,24.3750,3,0,0,2
26.5480,177.0000,-4.0000,-186.2113,-136.0775,365.2606,431.9804,0.0300,0.2400,-0.0500,0.2470,0.7200,1.3400,-9.7700,23,-0.5625,-24.3750,24.3750,3,0,0,2
26.5660,177.1875,-4.0000,-136.0775,-125.3345,444.0423,481.0399,0.0600,0.0000,0.0100,0.0608,0.7500,1.1100,-9.7000,23,-1.2500,-25.5000,25.1875,3,0,0,2
26.5890,177.3125,-4.0000,-42.9718,-125.3345,483.4331,501.2613,0.0400,-0.1300,-0.0100,0.1364,0.7300,0.9800,-9.7300,23,-1.2500,-25.5000,25.1875,3,0,0,2
26.6070,177.5000,-3.9375,-46.5528,-139.6585,444.0423,467.8090,-0.0500,-0.3700,0.0600,0.3782,0.6200,0.7300,-9.6500,23,-1.2500,-25.5000,25.1875,3,0,0,2
26.6270,177.6250,-3.9375,-89.5247,-186.2113,365.2606,419.6482,0.0000,-0.5800,-0.0700,0.5842,0.6700,0.5300,-9.7900,23,-0.8750,-25.5000,24.0000,3,0,0,2
26.6520,177.6875,-3.8750,-35.8099,-204.1162,222.0211,303.7090,-0.0100,-0.5400,-0.1600,0.5633,0.6400,0.5600,-9.8800,23,-0.8750,-25.5000,24.0000,3,0,0,2
26.6680,177.7500,-3.8125,-28.6479,-186.2113,82.3627,205.6185,-0.0200,-0.3400,-0.1000,0.3550,0.6200,0.7700,-9.8200,23,-1.2500,-25.0625,24.0000,3,0,0,2
26.6920,177.7500,-3.7500,-50.1338,-171.8873,17.9049,179.9423,0.0000,0.0200,-0.1000,0.1020,0.6300,1.1300,-9.8200,23,-1.2500,-25.0625,24.0000,3,0,0,2
26.7080,177.7500,-3.6875,-103.8486,-164.7254,42.9718,199.4130,0.0600,0.0300,-0.0700,0.0970,0.6900,1.1500,-9.7900,23,-1.2500,-25.0625,24.0000,3,0,0,2
26.7330,177.8125,-3.6250,-111.0106,-164.7254,103.8486,224.1480,0.0100,-0.0300,-0.0800,0.0860,0.6400,1.0900,-9.8000,23,-0.8750,-25.7500,25.5000,3,0,0,2
26.7530,177.8750,-3.5625,-21.4859,-179.0493,150.4014,234.8210,0.0300,0.0100,-0.2300,0.2322,0.6800,1.1400,-9.9600,23,-0.8750,-25.7500,25.5000,3,0,0,2
26.7700,177.9375,-3.5000,42.9718,-153.9824,196.9542,253.6693,0.1200,0.0200,-0.2700,0.2961,0.7200,1.1400,-9.9900,23,-1.6875,-24.6875,24.0000,3,0,0,2
26.7940,178.0000,-3.5000,-57.2958,-100.2676,225.6021,253.4418,0.0800,-0.0800,-0.1900,0.2211,0.6800,1.0400,-9.9100,23,-1.6875,-24.6875,24.0000,3,0,0,2
26.8110,178.1250,-3.5000,-128.9155,-64.4578,247.0881,286.0534,0.0600,-0.1700,-0.1100,0.2112,0.6100,0.9300,-9.7700,23,-1.0000,-25.0625,24.3750,3,0,0,2
26.8320,178.1875,-3.5000,-60.8768,-82.3627,254.2500,274.1034,0.0000,-0.1900,0.0000,0.1900,0.5700,0.9500,-9.6900,23,-1.0000,-25.0625,24.3750,3,0,0,2
26.8550,178.2500,-3.4375,17.9049,-82.3627,257.8310,271.2583,-0.0100,-0.1800,0.0900,0.2015,0.5800,0.9400,-9.6300,23,-1.0000,-25.0625,24.3750,3,0,0,2
26.8720,178.3750,-3.4375,-17.9049,-96.6866,272.1550,289.3739,-0.0300,-0.2200,0.1400,0.2625,0.5200,0.7800,-9.5900,23,-1.0000,-24.6875,24.0000,3,0,0,2
26.8960,178.4375,-3.3750,-114.5916,-132.4965,261.4120,314.6788,0.0000,-0.5500,-0.0800,0.5558,0.5700,0.5700,-9.8100,23,-1.0000,-24.6875,24.0000,3,0,0,2
26.9130,178.5625,-3.3750,-7.1620,-175.4683,207.6972,271.9900,0.0200,-0.3900,-0.2300,0.4532,0.6000,0.7300,-9.9600,23,-1.2500,-25.5000,24.0000,3,0,0,2
26.9380,178.6250,-3.3125,7.1620,-143.2395,111.0106,181.3620,0.0200,-0.3300,-0.2900,0.4398,0.5900,0.7800,-10.0100,23,-1.2500,-25.5000,24.0000,3,0,0,2
26.9590,178.6250,-3.2500,-53.7148,-93.1056,96.6866,144.5761,0.0100,-0.3900,-0.2700,0.4744,0.5700,0.7300,-9.9900,23,-1.2500,-25.5000,24.0000,3,0,0,2
26.9750,178.6875,-3.2500,-78.7817,-71.6197,89.5247,139.1065,-0.0700,-0.4300,-0.2400,0.4974,0.4800,0.6800,-9.9700,23,-0.8750,-25.5000,25.1875,3,0,0,2
26.9950,178.6875,-3.1875,-53.7148,-53.7148,75.2007,106.8911,-0.0200,-0.4600,-0.2700,0.5338,0.5200,0.6500,-10.0000,23,-0.8750,-25.5000,25.1875,3,0,0,2
27.0160,178.7500,-3.1875,14.3239,-35.8099,60.8768,72.0660,0.0500,-0.5500,-0.2900,0.6238,0.6000,0.5500,-10.0200,23,-0.8750,-25.5000,24.3750,3,0,0,2
27.0360,178.7500,-3.1875,42.9718,7.1620,35.8099,56.3934,0.0500,-0.5500,-0.2600,0.6104,0.6000,0.5200,-9.9900,23,-0.8750,-25.5000,24.3750,3,0,0,2
27.0560,178.7500,-3.1875,-28.6479,17.9049,-21.4859,40.0366,0.0200,-0.8000,-0.2000,0.8249,0.5800,0.2500,-9.9300,23,-0.8750,-25.5000,24.3750,3,0,0,2
27.0770,178.7500,-3.1875,0.0000,17.9049,-150.4014,151.4634,0.0800,-0.8400,-0.2700,0.8859,0.6300,0.2100,-10.0000,23,-0.5625,-24.3750,22.7500,3,0,0,2
27.1010,178.6250,-3.1875,143.2395,21.4859,-282.8979,317.8214,0.0800,-0.4600,-0.3100,0.5604,0.6300,0.5900,-10.0400,23,-0.5625,-24.3750,22.7500,3,0,0,2
27.1190,178.5000,-3.1875,111.0106,60.8768,-336.6127,359.6351,0.1100,-0.2700,-0.2400,0.3776,0.6600,0.7800,-9.9700,23,-1.2500,-25.0625,23.5625,3,0,0,2
27.1420,178.4375,-3.1875,-46.5528,100.2676,-340.1937,357.7045,0.0200,-0.2400,-0.0900,0.2571,0.5800,0.8100,-9.8200,23,-1.2500,-25.0625,23.5625,3,0,0,2
27.1600,178.3125,-3.2500,-75.2007,100.2676,-333.0317,355.8355,0.0300,-0.3000,-0.0800,0.3119,0.5900,0.7500,-9.8100,23,-1.2500,-25.0625,23.5625,3,0,0,2
27.1800,178.1875,-3.2500,68.0387,93.1056,-307.9648,328.8469,0.0200,-0.3100,-0.1400,0.3407,0.5800,0.7400,-9.8700,23,-1.6875,-24.6875,24.3750,3,0,0,2
27.2040,178.0625,-3.2500,132.4965,93.1056,-315.1268,354.3005,0.0500,-0.3000,-0.1500,0.3391,0.6200,0.7300,-9.8800,23,-1.6875,-24.6875,24.3750,3,0,0,2
27.2200,177.9375,-3.3125,53.7148,132.4965,-368.8416,395.5815,0.0700,-0.3400,-0.1300,0.3707,0.6400,0.6800,-9.8600,23,-0.5625,-25.0625,24.3750,3,0,0,2
27.2410,177.8125,-3.3125,17.9049,161.1444,-451.2043,479.4511,0.0000,-0.2000,0.0900,0.2193,0.5800,0.8200,-9.6300,23,-0.5625,-25.0625,24.3750,3,0,0,2
27.2610,177.6250,-3.3750,10.7430,114.5916,-512.0811,524.8558,-0.0200,-0.1100,0.1200,0.1640,0.5500,0.9000,-9.6000,23,-0.5625,-25.0625,24.3750,3,0,0,2
27.2820,177.4375,-3.3750,-25.0669,57.2958,-551.4719,555.0067,0.0200,0.0700,-0.0700,0.1010,0.6000,1.1000,-9.8000,23,-1.2500,-25.0625,24.6875,3,0,0,2
27.3020,177.2500,-3.3750,-17.9049,103.8486,-576.5388,586.0905,0.0400,0.2100,-0.0100,0.2140,0.6600,1.4100,-9.6300,23,-1.2500,-25.0625,24.6875,3,0,0,2
27.3230,177.0625,-3.3750,39.3908,114.5916,-537.1480,550.6458,0.0600,0.4100,0.1800,0.4518,0.6500,1.4500,-9.5500,23,-0.8750,-25.5000,24.3750,3,0,0,2
27.3440,176.8750,-3.4375,114.5916,93.1056,-451.2043,474.7475,0.1000,0.5500,0.1300,0.5739,0.6900,1.6100,-9.6400,23,-0.8750,-25.5000,24.3750,3,0,0,2
27.3640,176.7500,-3.4375,39.3908,78.7817,-372.4226,382.6967,0.1200,0.5200,0.0800,0.5396,0.7100,1.5500,-9.6500,23,0.1875,-25.0625,24.3750,3,0,0,2
27.3850,176.6250,-3.4375,-114.5916,96.6866,-333.0317,365.2255,0.0800,0.4200,0.1400,0.4499,0.6700,1.3900,-9.5600,23,0.1875,-25.0625,24.3750,3,0,0,2
27.4050,176.5625,-3.5000,-82.3627,53.7148,-315.1268,330.1118,0.1100,0.4900,0.1800,0.5335,0.7200,1.5600,-9.5400,23,0.1875,-25.0625,24.3750,3,0,0,2
27.4250,176.4375,-3.5000,50.1338,25.0669,-311.5458,316.5479,0.1200,0.6000,0.1500,0.6300,0.7700,1.8600,-9.6200,23,-0.1875,-26.1875,25.1875,3,0,0,2
27.4460,176.3125,-3.5000,-39.3908,0.0000,-239.9261,243.1382,0.1500,0.8500,0.1100,0.8701,0.7500,1.9200,-9.6100,23,-0.1875,-26.1875,25.1875,3,0,0,2
27.4660,176.2500,-3.5000,-82.3627,14.3239,-143.2395,165.8503,0.1300,0.9200,0.1900,0.9484,0.7200,2.0000,-9.5200,23,-0.5625,-25.5000,24.0000,3,0,0,2
27.4870,176.2500,-3.5000,-14.3239,7.1620,-32.2289,35.9885,0.1400,0.9800,0.3300,1.0435,0.7500,2.0900,-9.3800,23,-0.5625,-25.5000,24.0000,3,0,0,2
27.5070,176.2500,-3.5625,-32.2289,-53.7148,121.7535,136.9230,0.0800,0.9000,0.3900,0.9841,0.7000,2.0700,-9.3200,23,-0.5625,-25.5000,24.0000,3,0,0,2
27.5270,176.2500,-3.5625,-53.7148,-85.9437,193.3733,218.3227,0.0700,0.6500,0.2700,0.7073,0.6800,1.8700,-9.4300,23,-0.5625,-25.7500,23.5625,3,0,0,2
27.5480,176.3750,-3.5625,7.1620,-193.3733,365.2606,413.3519,0.1300,0.4900,-0.0800,0.5132,0.7300,1.7200,-9.7900,23,-0.5625,-25.7500,23.5625,3,0,0,2
27.5680,176.5000,-3.5000,57.2958,-186.2113,433.2994,475.0850,0.1400,0.5200,-0.2000,0.5745,0.7400,1.7500,-9.9100,23,-0.1875,-25.5000,24.3750,3,0,0,2
27.5900,176.7500,-3.4375,-28.6479,-136.0775,487.0141,506.4786,0.0600,0.2700,-0.0900,0.2909,0.6500,1.4900,-9.8000,23,-0.1875,-25.5000,24.3750,3,0,0,2
27.6090,176.9375,-3.4375,-89.5247,-89.5247,529.9860,544.8986,-0.0100,0.0600,0.0000,0.0608,0.5700,1.2900,-9.7200,23,-0.1875,-25.5000,24.3750,3,0,0,2
27.6300,177.1250,-3.4375,-42.9718,-118.1725,529.9860,544.6985,0.0200,-0.0200,-0.0400,0.0490,0.6000,1.2000,-9.7500,23,-0.1875,-25.0625,24.3750,3,0,0,2
27.6510,177.3125,-3.3750,-21.4859,-121.7535,508.5001,523.3143,0.0300,-0.0700,-0.0700,0.1034,0.6100,1.1500,-9.7800,23,-0.1875,-25.0625,24.3750,3,0,0,2
27.6720,177.4375,-3.3750,-71.6197,-125.3345,483.4331,504.5252,-0.0200,-0.0900,0.0000,0.0922,0.5500,1.1300,-9.7100,23,-0.8750,-24.6875,24.6875,3,0,0,2
27.6920,177.6250,-3.3125,-68.0387,-175.4683,465.5282,502.1304,-0.0600,-0.2700,-0.1700,0.3247,0.5100,0.9500,-9.8800,23,-0.8750,-24.6875,24.6875,3,0,0,2
27.7120,177.8125,-3.3125,50.1338,-168.3063,469.1092,500.9031,0.0000,-0.2600,-0.3200,0.4123,0.5600,0.9600,-10.0400,23,-0.8750,-24.6875,24.6875,3,0,0,2
27.7320,177.9375,-3.2500,75.2007,-121.7535,472.6902,493.8776,0.0000,-0.2200,-0.3200,0.3883,0.5600,0.9900,-10.0400,23,-0.8750,-25.5000,23.5625,3,0,0,2
27.7520,178.1250,-3.2500,-46.5528,-82.3627,451.2043,461.0163,0.0000,-0.3400,-0.3000,0.4534,0.5500,0.8600,-10.0200,23,-0.8750,-25.5000,23.5625,3,0,0,2
27.7690,178.2500,-3.2500,-75.2007,-57.2958,451.2043,461.0024,-0.0100,-0.4500,-0.2700,0.5249,0.5400,0.7400,-9.9900,23,-0.8750,-24.3750,23.5625,3,0,0,2
27.7900,178.4375,-3.2500,-7.1620,-39.3908,426.1374,428.0140,-0.0400,-0.4400,-0.2600,0.5126,0.5100,0.7500,-9.9700,23,-0.8750,-24.3750,23.5625,3,0,0,2
27.8100,178.5625,-3.2500,21.4859,-28.6479,390.3275,391.9667,-0.0100,-0.4500,-0.3000,0.5409,0.5400,0.7200,-10.0200,23,-0.8750,-24.3750,23.5625,3,0,0,2
27.8300,178.6875,-3.2500,3.5810,0.0000,379.5845,379.6015,0.0100,-0.5200,-0.3600,0.6325,0.5700,0.6300,-10.0800,23,-0.8750,-25.0625,24.6875,3,0,0,2
27.8510,178.8125,-3.2500,35.8099,46.5528,376.0036,380.5630,0.0000,-0.5700,-0.3400,0.6637,0.5600,0.5600,-10.0600,23,-0.8750,-25.0625,24.6875,3,0,0,2
27.8670,178.9375,-3.3125,-14.3239,93.1056,354.5177,366.8196,-0.0600,-0.6700,-0.2100,0.7047,0.5000,0.4400,-9.9400,23,-0.8750,-25.5000,24.0000,3,0,0,2
27.8920,179.0625,-3.3750,-96.6866,125.3345,304.3838,343.0839,-0.1100,-0.9600,-0.0300,0.9667,0.4600,0.1600,-9.7500,23,-0.8750,-25.5000,24.0000,3,0,0,2
27.9090,179.1250,-3.4375,-46.5528,107.4296,189.7923,223.0009,-0.0900,-0.9400,0.0900,0.9486,0.4900,0.1800,-9.6300,23,-0.8750,-25.5000,24.0000,3,0,0,2
27.9300,179.1250,-3.4375,-14.3239,64.4578,96.6866,117.0824,-0.0700,-0.9100,0.0100,0.9127,0.5100,0.2100,-9.7100,23,-1.2500,-24.3750,24.6875,3,0,0,2
27.9500,179.1875,-3.4375,-42.9718,32.2289,3.5810,53.8340,-0.1100,-0.8600,-0.0500,0.8684,0.4700,0.2100,-9.7800,23,-1.2500,-24.3750,24.6875,3,0,0,2
27.9700,179.1250,-3.3750,39.3908,46.5528,-114.5916,129.8077,-0.0400,-0.7900,-0.1600,0.8070,0.5400,0.2500,-9.8900,23,-1.2500,-25.0625,24.0000,3,0,0,2
27.9900,179.1250,-3.3750,68.0387,64.4578,-150.4014,177.2136,0.0000,-0.6700,-0.1900,0.6964,0.5900,0.3300,-9.9200,23,-1.2500,-25.0625,24.0000,3,0,0,2
28.0100,179.0000,-3.4375,0.0000,114.5916,-229.1831,256.2345,0.0000,-0.6200,-0.0100,0.6201,0.6000,0.3600,-9.7400,23,-1.2500,-25.0625,24.0000,3,0,0,2
28.0320,178.9375,-3.4375,-114.5916,136.0775,-311.5458,358.7605,-0.0100,-0.6600,0.0900,0.6662,0.5800,0.3000,-9.6400,23,-1.2500,-24.6875,24.3750,3,0,0,2
28.0510,178.8125,-3.5000,25.0669,103.8486,-426.1374,439.3244,-0.0300,-0.4100,0.1000,0.4231,0.5600,0.5400,-9.6300,23,-1.2500,-24.6875,24.3750,3,0,0,2
28.0680,178.7500,-3.5000,7.1620,93.1056,-447.6233,457.2598,0.0100,-0.2500,0.1600,0.2970,0.6200,0.6900,-9.5700,23,-0.1875,-25.5000,24.3750,3,0,0,2
28.0920,178.5000,-3.5000,-21.4859,71.6197,-451.2043,457.3580,0.0000,-0.2600,0.1900,0.3220,0.6000,0.6800,-9.5400,23,-0.1875,-25.5000,24.3750,3,0,0,2
28.1090,178.3125,-3.5000,-46.5528,17.9049,-479.8522,482.4374,-0.0400,-0.2500,0.1800,0.3106,0.5600,0.7000,-9.5500,23,-0.1875,-25.5000,24.3750,3,0,0,2
28.1300,178.1875,-3.5000,25.0669,0.0000,-512.0811,512.6942,0.0300,-0.2000,-0.0800,0.2175,0.6300,0.7500,-9.8200,23,-1.6875,-24.6875,23.5625,3,0,0,2
28.1500,178.0625,-3.5000,-21.4859,28.6479,-540.7290,541.9134,0.0600,-0.0200,-0.1400,0.1536,0.6600,0.9200,-9.8800,23,-1.6875,-24.6875,23.5625,3,0,0,2
28.1700,177.8125,-3.5000,-157.5634,68.0387,-551.4719,577.5610,0.0500,0.0000,-0.0700,0.0860,0.6500,0.9700,-9.8100,23,-1.6875,-25.7500,24.0000,3,0,0,2
28.1910,177.6250,-3.5000,-186.2113,71.6197,-558.6339,593.1912,0.0500,0.0200,-0.0400,0.0671,0.6500,1.0000,-9.7800,23,-1.6875,-25.7500,24.0000,3,0,0,2
28.2110,177.4375,-3.5000,-82.3627,60.8768,-562.2149,571.4675,0.0800,0.1500,-0.0500,0.1772,0.6800,1.1400,-9.7800,23,-1.6875,-25.7500,24.0000,3,0,0,2
28.2290,177.2500,-3.5000,-46.5528,82.3627,-540.7290,548.9431,0.0300,0.3100,0.0400,0.3140,0.6300,1.3100,-9.6800,23,-0.8750,-25.5000,23.1875,3,0,0,2
28.2520,177.0625,-3.5000,-111.0106,64.4578,-501.3381,517.5114,0.0100,0.1900,0.1100,0.2198,0.6100,1.1900,-9.6200,23,-0.8750,-25.5000,23.1875,3,0,0,2
28.2690,176.8750,-3.5000,-28.6479,35.8099,-501.3381,503.4311,0.0200,0.0800,0.1000,0.1296,0.6300,1.0900,-9.6300,23,-0.8750,-25.5000,24.3750,3,0,0,2
28.2930,176.6875,-3.5000,-17.9049,17.9049,-540.7290,541.3215,0.0600,0.3100,0.0700,0.3234,0.6600,1.3300,-9.6600,23,-0.8750,-25.5000,24.3750,3,0,0,2
28.3110,176.5000,-3.5000,-96.6866,7.1620,-544.3099,552.8770,0.0900,0.3400,0.0400,0.3540,0.6900,1.3600,-9.6900,23,-0.8750,-25.5000,24.3750,3,0,0,2
28.3310,176.3125,-3.4375,-71.6197,-7.1620,-551.4719,556.1492,0.1100,0.4400,-0.0700,0.4589,0.7100,1.4800,-9.8000,23,-0.1875,-25.5000,24.0000,3,0,0,2
28.3520,176.1875,-3.4375,-32.2289,28.6479,-533.5670,535.3065,0.1400,0.6400,-0.0400,0.6564,0.7400,1.6800,-9.7700,23,-0.1875,-25.5000,24.0000,3,0,0,2
28.3710,176.0000,-3.4375,-103.8486,35.8099,-454.7853,467.8638,0.1400,0.8900,0.0600,0.9029,0.7400,1.9400,-9.6600,23,-0.1875,-25.7500,23.1875,3,0,0,2
28.3930,175.8750,-3.4375,-179.0493,21.4859,-368.8416,410.5660,0.1500,0.8800,0.0600,0.8947,0.7400,1.9400,-9.6600,23,-0.1875,-25.7500,23.1875,3,0,0,2
28.4120,175.7500,-3.4375,-103.8486,0.0000,-275.7359,294.6436,0.1400,0.7600,0.0000,0.7728,0.7300,1.8300,-9.7200,23,-0.1875,-25.7500,23.1875,3,0,0,2
28.4320,175.6875,-3.4375,14.3239,-7.1620,-218.4402,219.0264,0.1600,0.8600,-0.0300,0.8753,0.7500,1.9800,-9.7600,23,-0.8750,-25.0625,23.1875,3,0,0,2
28.4540,175.6250,-3.5000,10.7430,3.5810,-128.9155,129.4119,0.1600,0.9600,-0.0600,0.9751,0.7700,2.1200,-9.7800,23,-0.8750,-25.0625,23.1875,3,0,0,2
28.4740,175.6250,-3.5625,-64.4578,28.6479,-25.0669,74.8589,0.1200,0.8800,0.0000,0.8881,0.7300,2.1000,-9.7000,23,-0.1875,-26.1875,24.0000,3,0,0,2
28.4940,175.6250,-3.5625,-89.5247,14.3239,89.5247,127.4147,0.0400,0.6500,0.0400,0.6525,0.6600,1.9100,-9.6600,23,-0.1875,-26.1875,24.0000,3,0,0,2
28.5140,175.6875,-3.6250,3.5810,-10.7430,182.6303,182.9810,0.0800,0.5100,-0.0100,0.5163,0.7000,1.7900,-9.7100,23,-0.1875,-26.1875,24.0000,3,0,0,2
28.5360,175.7500,-3.6250,35.8099,-10.7430,229.1831,232.2125,0.0900,0.5000,0.0300,0.5089,0.7200,1.7900,-9.6600,23,0.1875,-25.5000,23.5625,3,0,0,2
28.5550,175.8125,-3.6250,-68.0387,-10.7430,279.3169,287.6849,0.0600,0.3800,0.0400,0.3868,0.6900,1.6900,-9.6400,23,0.1875,-25.5000,23.5625,3,0,0,2
28.5760,175.9375,-3.6875,-78.7817,-21.4859,290.0599,301.3353,0.0500,0.1500,0.0000,0.1581,0.6900,1.4700,-9.6900,23,-0.8750,-24.6875,22.0000,3,0,0,2
28.5960,176.0000,-3.6875,17.9049,-35.8099,268.5740,271.5417,0.0400,0.1100,0.0000,0.1170,0.6700,1.4300,-9.6900,23,-0.8750,-24.6875,22.0000,3,0,0,2
28.6130,176.1250,-3.6875,28.6479,-32.2289,268.5740,272.0136,0.0700,0.1700,0.0200,0.1849,0.7100,1.4800,-9.6600,23,-0.8750,-24.6875,22.0000,3,0,0,2
28.6330,176.1875,-3.6875,-7.1620,-46.5528,286.4789,290.3251,0.0600,0.1800,0.0300,0.1921,0.7000,1.4900,-9.6500,23,-0.1875,-25.5000,24.0000,3,0,0,2
28.6580,176.3125,-3.6875,-14.3239,-75.2007,318.7078,327.7727,0.0500,0.2000,0.0300,0.2083,0.6900,1.5200,-9.6500,23,-0.1875,-25.5000,24.0000,3,0,0,2
28.6750,176.4375,-3.6875,-46.5528,-75.2007,361.6796,372.3365,0.0300,0.1500,0.0000,0.1530,0.6700,1.4700,-9.7000,23,-0.1875,-25.5000,24.0000,3,0,0,2
28.6950,176.5625,-3.6875,-14.3239,-50.1338,433.2994,436.4252,0.0300,0.1300,-0.0600,0.1463,0.6700,1.4500,-9.7500,23,-0.1875,-25.5000,24.0000,3,0,0,2
28.7150,176.7500,-3.6875,32.2289,-64.4578,497.7571,502.9469,0.0200,0.0000,0.0000,0.0200,0.6600,1.3100,-9.6900,23,-0.1875,-25.5000,24.0000,3,0,0,2
28.7350,176.9375,-3.6875,32.2289,-75.2007,529.9860,536.2639,0.0100,-0.1100,-0.0100,0.1109,0.6400,1.2000,-9.7100,23,-0.1875,-25.5000,24.6875,3,0,0,2
28.7560,177.1250,-3.6875,14.3239,-96.6866,504.9191,514.2925,-0.0300,-0.4400,-0.0800,0.4482,0.6000,0.8700,-9.7800,23,-0.1875,-25.5000,24.6875,3,0,0,2
28.7770,177.2500,-3.6875,7.1620,-68.0387,426.1374,431.5943,-0.0300,-0.5300,-0.1500,0.5516,0.5900,0.7700,-9.8500,23,-0.8750,-25.0625,22.7500,3,0,0,2
28.7970,177.3750,-3.6875,3.5810,-60.8768,350.9367,356.1957,0.0000,-0.4400,-0.0600,0.4441,0.6300,0.8600,-9.7500,23,-0.8750,-25.0625,22.7500,3,0,0,2
28.8170,177.5000,-3.6250,-17.9049,-93.1056,318.7078,332.5115,-0.0600,-0.4000,0.0300,0.4056,0.5600,0.9000,-9.6600,23,-0.8750,-25.0625,22.7500,3,0,0,2
28.8390,177.6250,-3.6250,10.7430,-121.7535,304.3838,328.0074,-0.0500,-0.3700,-0.1600,0.4062,0.5600,0.9100,-9.8600,23,-0.5625,-25.3750,24.0000,3,0,0,2
28.8590,177.6875,-3.6250,25.0669,-82.3627,304.3838,316.3250,-0.0300,-0.3100,-0.3100,0.4394,0.5800,0.9700,-10.0100,23,-0.5625,-25.3750,24.0000,3,0,0,2
28.8790,177.8125,-3.5625,10.7430,-28.6479,322.2888,323.7378,-0.0100,-0.4300,-0.3400,0.5483,0.6000,0.8300,-10.0500,23,-0.5625,-25.7500,24.3750,3,0,0,2
28.8990,177.9375,-3.6250,7.1620,17.9049,300.8029,301.4204,-0.0300,-0.5400,-0.2800,0.6090,0.5600,0.6100,-9.8500,23,-0.5625,-25.7500,24.3750,3,0,0,2
28.9160,178.0000,-3.6250,-7.1620,46.5528,222.0211,226.9622,-0.0400,-0.6500,-0.1200,0.6622,0.5700,0.5800,-9.8300,23,-0.5625,-24.6875,24.0000,3,0,0,2
28.9360,178.0625,-3.6250,3.5810,32.2289,143.2395,146.8641,-0.0500,-0.6400,-0.0400,0.6432,0.5600,0.5600,-9.7500,23,-0.5625,-24.6875,24.0000,3,0,0,2
28.9620,178.1250,-3.6250,35.8099,14.3239,78.7817,87.7159,-0.0200,-0.5400,-0.0800,0.5463,0.5500,0.6900,-9.7700,23,-0.5625,-24.6875,24.0000,3,0,0,2
28.9810,178.1250,-3.6250,71.6197,3.5810,28.6479,77.2199,-0.0300,-0.3500,-0.1000,0.3652,0.5800,0.8100,-9.8200,23,-0.8750,-25.3750,24.0000,3,0,0,2
29.0030,178.1250,-3.6250,28.6479,17.9049,14.3239,36.6942,-0.0500,-0.4000,-0.0900,0.4130,0.5600,0.7500,-9.8100,23,-0.8750,-25.3750,24.0000,3,0,0,2
29.0220,178.1250,-3.5625,64.4578,28.6479,7.1620,70.8999,-0.0300,-0.4900,-0.0500,0.4935,0.5800,0.6400,-9.7700,23,-0.5625,-25.3750,24.0000,3,0,0,2
29.0430,178.1250,-3.5625,93.1056,32.2289,-46.5528,108.9703,0.0200,-0.5300,-0.1100,0.5417,0.6400,0.5900,-9.8400,23,-0.5625,-25.3750,24.0000,3,0,0,2
29.0640,178.0625,-3.6250,64.4578,42.9718,-96.6866,123.8938,0.0000,-0.5100,-0.0700,0.5148,0.6100,0.5900,-9.8000,23,-0.5625,-25.3750,24.0000,3,0,0,2
29.0840,178.0625,-3.6250,17.9049,42.9718,-168.3063,174.6259,-0.0100,-0.5200,-0.0600,0.5235,0.6000,0.5600,-9.7800,23,-0.8750,-25.0625,24.0000,3,0,0,2
29.1040,178.0000,-3.6250,14.3239,39.3908,-236.3451,240.0330,-0.0100,-0.4600,-0.0900,0.4688,0.6000,0.6200,-9.8200,23,-0.8750,-25.0625,24.0000,3,0,0,2
29.1210,177.8750,-3.6250,53.7148,57.2958,-279.3169,290.1483,-0.0200,-0.3100,-0.1200,0.3330,0.6000,0.7600,-9.8500,23,-0.8750,-24.6875,24.0000,3,0,0,2
29.1450,177.8125,-3.6250,28.6479,89.5247,-293.6409,308.3186,-0.0200,-0.1900,-0.1000,0.2156,0.6000,0.8700,-9.8300,23,-0.8750,-24.6875,24.0000,3,0,0,2
29.1630,177.6875,-3.6250,-17.9049,103.8486,-293.6409,311.9777,0.0000,-0.2200,0.0800,0.2341,0.6300,0.8400,-9.6400,23,-0.8750,-24.6875,24.0000,3,0,0,2
29.1830,177.6250,-3.6875,-21.4859,78.7817,-318.7078,329.0028,0.0000,-0.2300,0.1800,0.2921,0.6200,0.8200,-9.5400,23,-1.6875,-24.6875,24.0000,3,0,0,2
29.2030,177.5000,-3.6875,35.8099,32.2289,-340.1937,343.5881,0.0100,-0.1400,0.1500,0.2054,0.6400,0.9100,-9.5700,23,-1.6875,-24.6875,24.0000,3,0,0,2
29.2230,177.3750,-3.6250,32.2289,17.9049,-336.6127,338.6258,0.0000,-0.1200,0.0700,0.1389,0.6300,0.9400,-9.6400,23,-0.8750,-26.1875,24.3750,3,0,0,2
29.2430,177.2500,-3.6250,42.9718,0.0000,-343.7747,346.4500,0.0200,-0.1100,0.0400,0.1187,0.6400,0.9400,-9.6800,23,-0.8750,-26.1875,24.3750,3,0,0,2
29.2640,177.1250,-3.6250,3.5810,10.7430,-372.4226,372.5947,0.0000,-0.1100,0.0600,0.1253,0.6100,0.9400,-9.6500,23,-0.8750,-26.1875,24.3750,3,0,0,2
29.2840,177.0000,-3.6250,-28.6479,-14.3239,-422.5564,423.7685,0.0200,-0.1300,0.0300,0.1349,0.6500,0.9200,-9.6900,23,-1.2500,-26.1875,24.3750,3,0,0,2
29.3050,176.8750,-3.6250,42.9718,-21.4859,-458.3663,460.8772,0.0000,0.0000,-0.0200,0.0200,0.6200,1.0500,-9.7400,23,-1.2500,-26.1875,24.3750,3,0,0,2
29.3220,176.7500,-3.5625,42.9718,-32.2289,-447.6233,450.8347,0.0400,0.2200,-0.0300,0.2256,0.6600,1.2800,-9.7600,23,-0.5625,-25.0625,24.0000,3,0,0,2
29.3460,176.5625,-3.5625,-10.7430,-17.9049,-404.6515,405.1898,0.0400,0.1800,-0.1800,0.2577,0.6500,1.2400,-9.9100,23,-0.5625,-25.0625,24.0000,3,0,0,2
29.3660,176.3750,-3.5625,-42.9718,35.8099,-383.1655,387.2270,0.0600,0.1900,-0.0800,0.2147,0.6800,1.2500,-9.8100,23,-0.5625,-25.0625,24.0000,3,0,0,2
29.3830,176.3125,-3.5625,-103.8486,57.2958,-376.0036,394.2665,0.0300,0.2400,0.0400,0.2452,0.6500,1.3200,-9.6800,23,-0.1875,-25.7500,23.5625,3,0,0,2
29.4030,176.1250,-3.5625,-75.2007,7.1620,-358.0986,365.9796,0.0200,0.1100,0.0300,0.1158,0.6400,1.1900,-9.6900,23,-0.1875,-25.7500,23.5625,3,0,0,2
29.4230,176.0000,-3.5625,17.9049,-3.5810,-372.4226,372.8699,0.0700,0.2500,0.0200,0.2604,0.6800,1.3400,-9.7000,23,-0.1875,-24.3750,23.5625,3,0,0,2
29.4450,175.8750,-3.5625,-39.3908,3.5810,-365.2606,367.3959,0.0800,0.4500,0.0300,0.4580,0.6900,1.5500,-9.6900,23,-0.1875,-24.3750,23.5625,3,0,0,2
29.4650,175.7500,-3.5000,-107.4296,3.5810,-315.1268,332.9547,0.0800,0.4600,0.0400,0.4686,0.6900,1.5700,-9.6800,23,-0.1875,-24.3750,23.5625,3,0,0,2
29.4860,175.6875,-3.5000,-46.5528,-17.9049,-261.4120,266.1278,0.1000,0.5300,0.0000,0.5394,0.7100,1.6400,-9.7200,23,0.8750,-25.3750,24.3750,3,0,0,2
29.5060,175.6250,-3.5000,-35.8099,0.0000,-200.5352,203.7075,0.0800,0.6400,0.0000,0.6450,0.6900,1.7700,-9.7200,23,0.8750,-25.3750,24.3750,3,0,0,2
29.5260,175.5625,-3.5625,-71.6197,7.1620,-121.7535,141.4376,0.1100,0.5800,-0.0400,0.5917,0.7200,1.7400,-9.7600,23,-0.1875,-24.6875,24.3750,3,0,0,2
29.5470,175.5000,-3.5625,-57.2958,-7.1620,-53.7148,78.8630,0.1300,0.5000,-0.0700,0.5213,0.7500,1.6800,-9.7800,23,-0.1875,-24.6875,24.3750,3,0,0,2
29.5670,175.5000,-3.5625,-35.8099,3.5810,-35.8099,50.7692,0.0800,0.4900,-0.0100,0.4966,0.7000,1.6900,-9.7300,23,-0.1875,-24.6875,24.3750,3,0,0,2
29.5880,175.5000,-3.6250,-21.4859,-7.1620,3.5810,22.9295,0.0600,0.5200,-0.0300,0.5243,0.6800,1.7300,-9.7400,23,-0.1875,-25.7500,24.0000,3,0,0,2
29.6080,175.5000,-3.6250,-28.6479,-7.1620,60.8768,67.6607,0.0600,0.5300,0.0400,0.5349,0.6800,1.7600,-9.6600,23,-0.1875,-25.7500,24.0000,3,0,0,2
29.6280,175.5625,-3.6250,-35.8099,-35.8099,136.0775,145.1956,0.0500,0.4900,0.0000,0.4925,0.6800,1.7400,-9.7000,23,0.1875,-25.5000,23.5625,3,0,0,2
29.6490,175.6250,-3.6250,-3.5810,-42.9718,189.7923,194.6291,0.0500,0.4600,-0.1200,0.4780,0.6700,1.7200,-9.8300,23,0.1875,-25.5000,23.5625,3,0,0,2
29.6660,175.6875,-3.6250,-42.9718,-25.0669,250.6690,255.5580,0.0300,0.4600,-0.1500,0.4848,0.6600,1.7300,-9.8500,23,0.1875,-25.5000,23.5625,3,0,0,2
29.6860,175.8125,-3.6250,-89.5247,25.0669,311.5458,325.1212,0.0500,0.2700,0.0000,0.2746,0.6800,1.5500,-9.7100,23,0.1875,-25.5000,23.5625,3,0,0,2
29.7070,175.8750,-3.6875,-71.6197,25.0669,336.6127,345.0592,0.0300,0.2300,0.1400,0.2709,0.6700,1.5200,-9.5500,23,0.1875,-25.5000,23.5625,3,0,0,2
29.7270,176.0000,-3.6875,-42.9718,-25.0669,361.6796,365.0850,0.0000,0.0900,0.1700,0.1924,0.6300,1.3800,-9.5200,23,-0.5625,-25.3750,25.1875,3,0,0,2
29.7470,176.1250,-3.6875,7.1620,-64.4578,365.2606,370.9736,0.0400,0.0600,0.0000,0.0721,0.6700,1.3500,-9.6900,23,-0.5625,-25.3750,25.1875,3,0,0,2
29.7680,176.2500,-3.6875,7.1620,-64.4578,368.8416,374.5000,0.0100,0.0500,0.0000,0.0510,0.6500,1.3400,-9.7000,23,-0.5625,-25.3750,25.1875,3,0,0,2
29.7840,176.4375,-3.6875,-14.3239,-46.5528,383.1655,386.2489,0.0000,-0.0100,-0.0200,0.0224,0.6300,1.2700,-9.7200,23,0.5000,-25.0625,24.0000,3,0,0,2
29.8060,176.5625,-3.6875,14.3239,-60.8768,390.3275,395.3059,0.0000,0.0000,0.0200,0.0200,0.6300,1.2800,-9.6700,23,0.5000,-25.0625,24.0000,3,0,0,2
29.8250,176.6250,-3.6875,-42.9718,-75.2007,404.6515,413.8170,0.0000,-0.0300,0.0000,0.0300,0.6300,1.2400,-9.7000,23,-0.5625,-25.0625,24.0000,3,0,0,2
29.8460,176.7500,-3.6875,-21.4859,-85.9437,426.1374,435.2482,-0.0200,-0.2200,-0.1500,0.2670,0.6000,1.0600,-9.8500,23,-0.5625,-25.0625,24.0000,3,0,0,2
29.8660,177.0000,-3.6250,71.6197,-82.3627,451.2043,464.2179,-0.0100,-0.2700,-0.1900,0.3303,0.6100,1.0000,-9.8900,23,-0.5625,-25.0625,24.0000,3,0,0,2
29.8870,177.0625,-3.6250,50.1338,-46.5528,447.6233,452.8214,-0.0300,-0.4400,-0.2300,0.4974,0.5900,0.8200,-9.9300,23,-0.1875,-25.5000,24.6875,3,0,0,2
29.9070,177.1875,-3.6250,0.0000,-21.4859,404.6515,405.2215,-0.0300,-0.5600,-0.1900,0.5921,0.5900,0.7000,-9.9000,23,-0.1875,-25.5000,24.6875,3,0,0,2
29.9270,177.3750,-3.6875,-7.1620,3.5810,318.7078,318.8084,-0.0900,-0.5500,-0.0300,0.5581,0.5400,0.7100,-9.7300,23,-0.1875,-25.7500,23.5625,3,0,0,2
29.9490,177.5000,-3.6875,0.0000,-25.0669,257.8310,259.0467,-0.0500,-0.5300,0.0000,0.5324,0.5700,0.7100,-9.6900,23,-0.1875,-25.7500,23.5625,3,0,0,2
29.9680,177.5625,-3.6875,7.1620,-50.1338,204.1162,210.3048,-0.0200,-0.4800,0.0000,0.4804,0.6000,0.7500,-9.7000,23,-0.1875,-25.7500,23.5625,3,0,0,2
29.9850,177.6250,-3.6875,7.1620,-50.1338,168.3063,175.7604,-0.0300,-0.5400,-0.1000,0.5500,0.5900,0.6700,-9.8100,23,-0.8750,-25.5000,24.3750,3,0,0,2
30.0060,177.6250,-3.6250,75.2007,-25.0669,136.0775,157.4820,-0.0300,-0.5300,-0.1800,0.5605,0.5900,0.6600,-9.8900,23,-0.8750,-25.5000,24.3750,3,0,0,2
30.0270,177.6875,-3.6250,82.3627,3.5810,103.8486,132.5932,-0.0200,-0.4300,-0.0900,0.4398,0.6000,0.7400,-9.8100,23,-1.2500,-25.0625,23.5625,3,0,0,2
30.0460,177.7500,-3.6250,-7.1620,14.3239,68.0387,69.8981,-0.0500,-0.3900,0.0000,0.3932,0.5700,0.7700,-9.7200,23,-1.2500,-25.0625,23.5625,3,0,0,2
30.0670,177.7500,-3.6250,-57.2958,-7.1620,42.9718,71.9769,-0.0300,-0.5700,-0.0100,0.5709,0.5900,0.5800,-9.7300,23,-1.2500,-25.0625,23.5625,3,0,0,2
30.0870,177.7500,-3.6250,21.4859,-7.1620,-14.3239,26.7976,-0.0300,-0.5500,-0.0800,0.5566,0.5800,0.5800,-9.8000,23,-0.8750,-25.3750,23.1875,3,0,0,2
30.1090,177.7500,-3.6250,78.7817,0.0000,-71.6197,106.4704,-0.0300,-0.3700,-0.0100,0.3713,0.5900,0.7500,-9.7300,23,-0.8750,-25.3750,23.1875,3,0,0,2
30.1280,177.6875,-3.6250,-10.7430,-3.5810,-100.2676,100.9051,-0.0400,-0.3400,0.0800,0.3516,0.5800,0.7700,-9.6300,23,-0.8750,-25.7500,23.5625,3,0,0,2
30.1490,177.6875,-3.5625,-71.6197,-42.9718,-139.6585,162.7281,-0.0200,-0.4700,0.0000,0.4704,0.5900,0.6400,-9.7100,23,-0.8750,-25.7500,23.5625,3,0,0,2
30.1690,177.6250,-3.5625,21.4859,-50.1338,-196.9542,204.3674,0.0000,-0.3900,-0.0400,0.3920,0.6200,0.7000,-9.7700,23,-0.8750,-25.7500,23.5625,3,0,0,2
30.1850,177.5625,-3.5625,35.8099,-35.8099,-222.0211,227.7237,0.0000,-0.2000,-0.1600,0.2561,0.6000,0.8900,-9.8900,23,-0.5625,-25.5000,25.1875,3,0,0,2
30.2060,177.4375,-3.5625,-17.9049,-25.0669,-247.0881,249.0009,0.0000,-0.2100,-0.2200,0.3041,0.6000,0.8700,-9.9500,23,-0.5625,-25.5000,25.1875,3,0,0,2
30.2270,177.3750,-3.5000,-17.9049,14.3239,-264.9930,265.9832,0.0000,-0.1100,-0.1700,0.2025,0.6000,0.9700,-9.9000,23,-0.8750,-25.5000,24.3750,3,0,0,2
30.2470,177.3125,-3.5000,17.9049,32.2289,-250.6690,253.3658,-0.0100,-0.0600,-0.1000,0.1170,0.5900,1.0200,-9.8300,23,-0.8750,-25.5000,24.3750,3,0,0,2
30.2680,177.1875,-3.5000,0.0000,39.3908,-236.3451,239.6052,-0.0100,-0.0400,0.0000,0.0412,0.5900,1.0400,-9.7300,23,-0.8750,-25.5000,24.3750,3,0,0,2
30.2870,177.1875,-3.5000,-71.6197,28.6479,-254.2500,265.6938,0.0000,-0.1000,0.0000,0.1000,0.6000,0.9900,-9.7300,23,-0.5625,-24.6875,24.6875,3,0,0,2
30.3080,177.0625,-3.5000,-57.2958,14.3239,-275.7359,281.9899,-0.0100,-0.0300,0.0200,0.0374,0.5900,1.0600,-9.7000,23,-0.5625,-24.6875,24.6875,3,0,0,2
30.3250,177.0000,-3.5000,-17.9049,21.4859,-279.3169,280.7137,-0.0200,-0.0100,0.0400,0.0458,0.5800,1.0800,-9.6700,23,-1.0000,-25.0625,24.3750,3,0,0,2
30.3500,176.8750,-3.5000,-28.6479,10.7430,-275.7359,277.4282,0.0200,0.0100,-0.1000,0.1025,0.6200,1.1200,-9.8300,23,-1.0000,-25.0625,24.3750,3,0,0,2
30.3660,176.7500,-3.5000,-28.6479,21.4859,-293.6409,295.8164,0.0300,0.0600,-0.1000,0.1204,0.6300,1.1600,-9.8300,23,-1.0000,-25.0625,24.3750,3,0,0,2
30.3870,176.6875,-3.5000,-57.2958,42.9718,-282.8979,291.8229,0.0500,0.1400,-0.0900,0.1738,0.6500,1.2500,-9.8100,23,-0.5625,-24.3750,23.1875,3,0,0,2
30.4070,176.5625,-3.5000,-132.4965,57.2958,-264.9930,301.7605,0.0100,0.1300,0.0100,0.1308,0.6100,1.2500,-9.7000,23,-0.5625,-24.3750,23.1875,3,0,0,2
30.4270,176.5000,-3.5000,-96.6866,50.1338,-268.5740,289.8166,0.0300,0.0800,0.0500,0.0990,0.6300,1.2100,-9.6700,23,-0.1875,-26.5625,24.3750,3,0,0,2
30.4480,176.4375,-3.5000,-7.1620,35.8099,-250.6690,253.3152,0.0100,0.2300,0.0800,0.2437,0.6100,1.3600,-9.6300,23,-0.1875,-26.5625,24.3750,3,0,0,2
30.4680,176.3125,-3.5000,-50.1338,25.0669,-225.6021,232.4609,0.0200,0.2700,0.1800,0.3251,0.6200,1.4000,-9.5300,23,-0.1875,-26.5625,24.3750,3,0,0,2
30.4890,176.2500,-3.5000,-68.0387,-35.8099,-207.6972,221.4718,0.0600,0.2000,0.1200,0.2408,0.6600,1.3400,-9.5900,23,-0.8750,-25.3750,23.1875,3,0,0,2
30.5090,176.1875,-3.5000,-3.5810,-78.7817,-193.3733,208.8363,0.0300,0.3100,-0.0100,0.3116,0.6300,1.4600,-9.7400,23,-0.8750,-25.3750,23.1875,3,0,0,2
30.5260,176.1250,-3.4375,-75.2007,-64.4578,-193.3733,217.2629,0.0800,0.3200,-0.1600,0.3666,0.6700,1.4700,-9.8800,23,-0.1875,-25.7500,24.0000,3,0,0,2
30.5510,176.0625,-3.4375,-96.6866,-14.3239,-175.4683,200.8547,0.1200,0.2100,-0.3200,0.4011,0.7100,1.3700,-10.0400,23,-0.1875,-25.7500,24.0000,3,0,0,2
30.5670,175.9375,-3.4375,7.1620,64.4578,-179.0493,190.4331,0.1100,0.4400,-0.1300,0.4718,0.7000,1.6100,-9.8500,23,-0.1875,-25.7500,24.0000,3,0,0,2
30.5910,175.9375,-3.4375,-39.3908,107.4296,-107.4296,156.9518,0.0600,0.6300,0.1400,0.6482,0.6500,1.8000,-9.5700,23,-0.5625,-24.6875,24.0000,3,0,0,2
30.6120,175.9375,-3.5000,-153.9824,50.1338,-10.7430,162.2942,0.0300,0.4500,0.2000,0.4934,0.6300,1.6300,-9.5100,23,-0.5625,-24.6875,24.0000,3,0,0,2
30.6320,175.9375,-3.5000,-57.2958,-32.2289,35.8099,74.8589,0.0900,0.2400,0.1400,0.2921,0.6900,1.4200,-9.5700,23,-0.8750,-26.1875,24.7500,3,0,0,2
30.6530,175.9375,-3.4375,14.3239,-64.4578,35.8099,75.1154,0.0700,0.3100,0.0200,0.3184,0.6700,1.4900,-9.6900,23,-0.8750,-26.1875,24.7500,3,0,0,2
30.6730,175.9375,-3.4375,-17.9049,-64.4578,50.1338,83.5990,0.0600,0.1900,-0.1400,0.2435,0.6600,1.3900,-9.8600,23,0.1875,-24.0000,23.1875,3,0,0,2
30.6980,175.9375,-3.4375,3.5810,-39.3908,57.2958,69.6223,0.0700,0.2000,-0.2900,0.3592,0.6700,1.4000,-10.0100,23,0.1875,-24.0000,23.1875,3,0,0,2
30.7180,176.0000,-3.4375,-10.7430,50.1338,82.3627,97.0176,0.0600,0.2900,-0.0500,0.3003,0.6600,1.4800,-9.7600,23,0.1875,-24.0000,23.1875,3,0,0,2
30.7350,176.0000,-3.5000,-57.2958,60.8768,100.2676,130.5465,0.0400,0.2400,0.1200,0.2713,0.6400,1.4400,-9.5800,23,-0.5625,-26.1875,24.0000,3,0,0,2
30.7590,176.0625,-3.5000,-82.3627,-10.7430,153.9824,174.9560,0.0000,0.0200,0.0200,0.0283,0.6000,1.2300,-9.6800,23,-0.5625,-26.1875,24.0000,3,0,0,2
30.7790,176.1250,-3.5000,53.7148,-42.9718,139.6585,155.6803,0.0000,-0.0400,-0.1300,0.1360,0.6000,1.1500,-9.8400,23,-0.1875,-25.0625,24.0000,3,0,0,2
30.8000,176.1875,-3.5000,60.8768,-17.9049,128.9155,143.6864,0.0700,0.0200,-0.2800,0.2893,0.6700,1.2200,-10.0000,23,-0.1875,-25.0625,24.0000,3,0,0,2
30.8210,176.1875,-3.5000,-53.7148,50.1338,93.1056,118.6058,0.0600,0.0000,-0.2000,0.2088,0.6600,1.1900,-9.9200,23,-0.1875,-25.0625,24.0000,3,0,0,2
30.8370,176.2500,-3.5000,-75.2007,64.4578,100.2676,140.9381,-0.0300,0.0000,0.0400,0.0500,0.5700,1.2100,-9.6700,23,-0.1875,-25.5000,23.1875,3,0,0,2
30.8570,176.2500,-3.5000,7.1620,25.0669,121.7535,124.5133,0.0100,-0.0100,0.0400,0.0424,0.6100,1.1900,-9.6600,23,-0.1875,-25.5000,23.1875,3,0,0,2
30.8780,176.3125,-3.5625,46.5528,10.7430,128.9155,137.4838,0.0300,-0.0600,0.0000,0.0671,0.6400,1.1300,-9.7200,23,0.1875,-26.1875,23.5625,3,0,0,2
30.8990,176.3750,-3.5625,-14.3239,0.0000,111.0106,111.9309,0.0500,-0.1700,-0.0600,0.1871,0.6600,1.0100,-9.7800,23,0.1875,-26.1875,23.5625,3,0,0,2
30.9190,176.3750,-3.5625,-28.6479,28.6479,82.3627,91.7879,0.0300,-0.1400,-0.0200,0.1446,0.6400,1.0500,-9.7300,23,0.1875,-26.1875,23.5625,3,0,0,2
30.9400,176.4375,-3.5625,-7.1620,42.9718,57.2958,71.9769,0.0100,-0.1100,0.0900,0.1425,0.6200,1.0700,-9.6100,23,-0.1875,-25.0625,22.3750,3,0,0,2
30.9600,176.4375,-3.5625,0.0000,-3.5810,46.5528,46.6903,0.0100,-0.0900,0.1900,0.2105,0.6200,1.1000,-9.5100,23,-0.1875,-25.0625,22.3750,3,0,0,2
30.9840,176.4375,-3.5625,0.0000,-46.5528,53.7148,71.0806,0.0200,-0.1400,0.0500,0.1500,0.6300,1.0400,-9.6600,23,-0.5625,-25.3750,24.0000,3,0,0,2
31.0050,176.4375,-3.5625,50.1338,-50.1338,32.2289,77.8813,0.0500,-0.1300,-0.1200,0.1838,0.6600,1.0500,-9.8300,23,-0.5625,-25.3750,24.0000,3,0,0,2
31.0260,176.4375,-3.5625,-10.7430,-25.0669,17.9049,32.6243,0.0700,-0.1200,-0.1100,0.1772,0.6800,1.0600,-9.8200,23,0.1875,-25.0625,24.0000,3,0,0,2
31.0460,176.4375,-3.5625,-75.2007,10.7430,-17.9049,78.0458,-0.0200,-0.1500,0.0000,0.1513,0.5900,1.0300,-9.7100,23,0.1875,-25.0625,24.0000,3,0,0,2
31.0660,176.4375,-3.5625,21.4859,-17.9049,-21.4859,35.2686,-0.0300,-0.1200,0.0000,0.1237,0.5800,1.1000,-9.7800,23,0.1875,-25.0625,24.0000,3,0,0,2
31.0860,176.4375,-3.5625,96.6866,-28.6479,-21.4859,103.1051,0.0300,-0.0100,-0.1700,0.1729,0.6400,1.1700,-9.8800,23,-0.5625,-25.7500,24.0000,3,0,0,2
31.1080,176.4375,-3.5625,21.4859,0.0000,-25.0669,33.0151,0.0200,-0.0300,-0.1400,0.1446,0.6300,1.1400,-9.8500,23,-0.5625,-25.7500,24.0000,3,0,0,2
31.1280,176.4375,-3.5625,-68.0387,21.4859,-35.8099,79.8327,0.0000,-0.1200,-0.0500,0.1300,0.6100,1.0300,-9.7600,23,-0.1875,-25.5000,24.3750,3,0,0,2
31.1480,176.4375,-3.5625,-25.0669,7.1620,-64.4578,69.5302,0.0500,-0.0700,-0.0900,0.1245,0.6600,1.1100,-9.8100,23,-0.1875,-25.5000,24.3750,3,0,0,2
31.1690,176.4375,-3.5625,53.7148,-7.1620,-82.3627,98.5910,0.0200,0.1500,-0.2000,0.2508,0.6300,1.3400,-9.9100,23,-0.1875,-25.5000,24.3750,3,0,0,2
31.1890,176.3750,-3.5625,39.3908,10.7430,-50.1338,64.6564,0.0500,0.1000,-0.3400,0.3579,0.6600,1.2800,-10.0600,23,0.1875,-24.6875,23.5625,3,0,0,2
31.2100,176.3750,-3.5625,28.6479,64.4578,-35.8099,79.1066,0.0400,0.1600,-0.3800,0.4142,0.6600,1.3400,-10.0900,23,0.1875,-24.6875,23.5625,3,0,0,2
31.2300,176.3750,-3.5625,7.1620,103.8486,-14.3239,105.0762,0.0600,0.1200,-0.4300,0.4504,0.6800,1.3000,-10.1500,23,-0.1875,-25.5000,24.0000,3,0,0,2
31.2500,176.3750,-3.6250,71.6197,161.1444,25.0669,178.1158,-0.0100,0.1300,-0.4200,0.4398,0.6100,1.3200,-10.1300,23,-0.1875,-25.5000,24.0000,3,0,0,2
31.2710,176.3750,-3.6875,75.2007,196.9542,53.7148,217.5578,0.0300,0.1400,-0.3500,0.3782,0.6700,1.3200,-10.0600,23,-0.1875,-25.5000,24.0000,3,0,0,2
31.2910,176.3750,-3.8125,46.5528,214.8592,60.8768,228.1175,-0.0500,0.0200,-0.3600,0.3640,0.5900,1.1900,-10.0700,23,-0.5625,-24.6875,24.0000,3,0,0,2
31.3120,176.3750,-3.8750,71.6197,222.0211,42.9718,237.2116,0.0100,-0.0900,-0.4500,0.4590,0.6800,1.0700,-10.1700,23,-0.5625,-24.6875,24.0000,3,0,0,2
31.3280,176.3750,-3.8750,157.5634,275.7359,21.4859,318.3052,0.0400,0.0500,-0.5600,0.5636,0.7200,1.2100,-10.2700,23,-0.5625,-25.5000,23.5625,3,0,0,2
31.3530,176.3750,-4.0625,139.6585,318.7078,14.3239,348.2590,0.0100,0.0800,-0.4700,0.4769,0.7100,1.2300,-10.1900,23,-0.5625,-25.5000,23.5625,3,0,0,2
31.3690,176.3750,-4.1875,71.6197,343.7747,10.7430,351.3201,-0.0300,0.0700,-0.4000,0.4072,0.6800,1.2200,-10.1100,23,-0.5625,-25.5000,23.5625,3,0,0,2
31.3900,176.3750,-4.2500,89.5247,333.0317,7.1620,344.9291,-0.0400,0.1100,-0.3600,0.3785,0.6800,1.2500,-10.0700,23,-0.1875,-24.6875,23.5625,3,0,0,2
31.4100,176.3750,-4.3750,75.2007,343.7747,28.6479,353.0679,0.0100,0.0000,-0.4600,0.4601,0.7700,1.1200,-10.1700,23,-0.1875,-24.6875,23.5625,3,0,0,2
31.4310,176.3750,-4.4375,132.4965,376.0036,21.4859,399.2438,0.0000,-0.0200,-0.3900,0.3905,0.7700,1.1100,-10.1000,23,-0.5625,-25.0625,23.5625,3,0,0,2
31.4510,176.3125,-4.6250,168.3063,401.0705,-3.5810,434.9682,0.0100,-0.0700,-0.3900,0.3964,0.8100,1.0400,-10.1000,23,-0.5625,-25.0625,23.5625,3,0,0,2
31.4720,176.3125,-4.7500,168.3063,440.4613,-39.3908,473.1647,-0.0200,0.0100,-0.3700,0.3707,0.7900,1.1200,-10.0800,23,-0.5625,-25.0625,23.5625,3,0,0,2
31.4930,176.3125,-4.8750,125.3345,483.4331,-57.2958,502.6919,-0.0100,0.0000,-0.4500,0.4501,0.8300,1.1100,-10.1600,23,-1.2500,-23.5625,24.3750,3,0,0,2
31.5120,176.2500,-5.0000,168.3063,537.1480,-64.4578,566.5772,-0.0400,0.0900,-0.3400,0.3540,0.8300,1.1900,-10.0500,23,-1.2500,-23.5625,24.3750,3,0,0,2
31.5290,176.2500,-5.1875,175.4683,544.3099,-35.8099,573.0138,-0.1300,0.1400,0.0000,0.1910,0.7700,1.2300,-9.6900,23,-2.0000,-25.0625,24.6875,3,0,0,2
31.5530,176.2500,-5.3750,243.5071,490.5951,21.4859,548.1250,-0.1200,0.0600,-0.0400,0.1400,0.8100,1.1300,-9.7400,23,-2.0000,-25.0625,24.6875,3,0,0,2
31.5700,176.1875,-5.6250,329.4508,469.1092,53.7148,575.7487,-0.0700,0.0000,-0.3300,0.3373,0.8900,1.0600,-10.0300,23,-2.0000,-25.0625,24.6875,3,0,0,2
31.5900,176.1875,-5.6875,272.1550,515.6621,32.2289,583.9644,-0.0500,0.0500,-0.3500,0.3571,0.9400,1.0900,-10.0500,23,-0.1875,-24.6875,24.6875,3,0,0,2
31.6110,176.1875,-5.9375,182.6303,547.8909,39.3908,578.8695,-0.0900,-0.1300,-0.4000,0.4301,0.9300,0.8900,-10.0900,23,-0.1875,-24.6875,24.6875,3,0,0,2
31.6310,176.1875,-6.1250,214.8592,608.7677,7.1620,645.6112,0.0000,-0.2300,-0.4500,0.5054,1.0500,0.7700,-10.1400,23,-2.0000,-24.6875,23.5625,3,0,0,2
31.6520,176.1875,-6.3750,247.0881,687.5494,-39.3908,731.6613,-0.0200,0.0200,-0.2700,0.2715,1.0600,1.0200,-9.9700,23,-2.0000,-24.6875,23.5625,3,0,0,2
31.6720,176.1250,-6.6250,96.6866,723.3593,-64.4578,732.6334,-0.1100,0.0000,-0.0900,0.1421,1.0200,0.9800,-9.7800,23,-2.0000,-24.6875,23.5625,3,0,0,2
31.6920,176.1250,-6.7500,96.6866,712.6163,-64.4578,722.0285,-0.1200,-0.0200,0.0300,0.1253,1.0500,0.9600,-9.6400,23,-2.0000,-24.3750,25.5000,3,0,0,2
31.7140,176.0625,-7.0625,207.6972,669.6444,-57.2958,703.4519,-0.1100,0.1000,-0.0200,0.1500,1.0900,1.0700,-9.7000,23,-2.0000,-24.3750,25.5000,3,0,0,2
31.7340,176.0625,-7.3125,232.7641,640.9965,-28.6479,682.5513,0.0000,0.0800,-0.1900,0.2062,1.2500,1.0400,-9.8700,23,-1.6875,-24.3750,23.5625,3,0,0,2
31.7540,176.0000,-7.5000,207.6972,662.4825,0.0000,694.2774,0.0000,0.0500,-0.2000,0.2062,1.2800,1.0000,-9.8800,23,-1.6875,-24.3750,23.5625,3,0,0,2
31.7750,176.0000,-7.7500,189.7923,698.2923,10.7430,723.7048,0.0300,-0.0700,-0.2600,0.2709,1.3500,0.8600,-9.9300,23,-1.6875,-24.3750,23.5625,3,0,0,2
31.7920,176.0000,-8.0000,182.6303,744.8452,0.0000,766.9082,-0.0100,0.0000,-0.1900,0.1903,1.3400,0.9100,-9.8500,23,-2.0000,-24.3750,25.1875,3,0,0,2
31.8120,176.0000,-8.2500,168.3063,812.8839,14.3239,830.2484,0.0000,-0.1300,0.0400,0.1360,1.4100,0.7800,-9.6100,23,-2.0000,-24.3750,25.1875,3,0,0,2
31.8320,175.9375,-8.5000,204.1162,791.3980,-21.4859,817.5792,0.0000,-0.1400,0.1800,0.2280,1.4600,0.7500,-9.4700,23,-2.3750,-25.0625,25.1875,3,0,0,2
31.8520,175.9375,-8.7500,236.3451,787.8170,-60.8768,824.7548,0.0000,-0.0900,0.2300,0.2470,1.5000,0.7900,-9.4100,23,-2.3750,-25.0625,25.1875,3,0,0,2
31.8730,175.8750,-9.0625,182.6303,741.2642,-82.3627,767.8607,0.0300,0.0300,0.4400,0.4420,1.5800,0.9100,-9.1900,23,-2.3750,-25.0625,25.1875,3,0,0,2
31.8940,175.8125,-9.2500,118.1725,712.6163,-85.9437,727.4428,0.0100,0.0000,0.5500,0.5501,1.6000,0.8800,-9.0800,23,-3.1875,-24.6875,24.0000,3,0,0,2
31.9140,175.8125,-9.5000,121.7535,651.7395,-75.2007,667.2657,-0.0100,0.0200,0.7000,0.7004,1.6000,0.8900,-8.9300,23,-3.1875,-24.6875,24.0000,3,0,0,2
31.9340,175.7500,-9.6875,139.6585,580.1198,-57.2958,599.4383,0.0000,-0.0200,0.7200,0.7203,1.6600,0.8300,-8.8900,23,-2.7500,-24.6875,24.3750,3,0,0,2
31.9550,175.7500,-9.8750,171.8873,587.2817,-53.7148,614.2722,0.1700,-0.0400,0.9200,0.9364,1.8600,0.8000,-8.7000,23,-2.7500,-24.6875,24.3750,3,0,0,2
31.9750,175.6875,-10.0625,0.0000,558.6339,-96.6866,566.9392,0.1600,-0.0600,1.2700,1.2814,1.8900,0.7800,-8.3400,23,-2.7500,-24.6875,24.3750,3,0,0,2
31.9960,175.6250,-10.2500,-146.8204,401.0705,-132.4965,447.1790,0.0000,-0.0300,1.5900,1.5903,1.7500,0.8200,-8.0200,23,-3.5000,-24.6875,24.0000,3,0,0,2
32.0200,175.6250,-10.3125,-42.9718,143.2395,-132.4965,199.7985,-0.0400,-0.0400,1.3500,1.3512,1.7100,0.8100,-8.2500,23,-3.5000,-24.6875,24.0000,3,0,0,2
32.0370,175.5625,-10.3125,193.3733,-64.4578,-125.3345,239.2839,0.0100,0.1300,0.7600,0.7711,1.7600,0.9900,-8.8400,23,-3.5000,-24.6875,24.6875,3,0,0,2
32.0610,175.5000,-10.2500,189.7923,-107.4296,-93.1056,237.1305,0.0900,0.2800,0.4600,0.5460,1.9600,1.1100,-9.1700,23,-3.5000,-24.6875,24.6875,3,0,0,2
32.0780,175.5000,-10.2500,-17.9049,-21.4859,-46.5528,54.3083,0.1800,0.2300,0.5600,0.6316,1.9300,1.0800,-9.0500,23,-4.2500,-24.6875,25.8750,3,0,0,2
32.1030,175.5000,-10.2500,-136.0775,0.0000,0.0000,136.0775,0.0000,-0.0600,0.9700,0.9719,1.7300,0.7900,-8.6300,23,-4.2500,-24.6875,25.8750,3,0,0,2
32.1230,175.5000,-10.1875,42.9718,-193.3733,7.1620,198.2198,0.0600,-0.1000,0.9600,0.9671,1.8000,0.7500,-8.6400,23,-4.2500,-24.6875,25.8750,3,0,0,2
32.1400,175.5000,-10.1250,114.5916,-264.9930,-3.5810,288.7306,0.0100,0.0400,0.7900,0.7911,1.7300,0.8900,-8.8200,23,-3.1875,-23.5625,25.5000,3,0,0,2
32.1640,175.5000,-10.0000,-103.8486,-390.3275,-57.2958,407.9497,0.0800,0.0000,0.7100,0.7145,1.7800,0.8400,-8.9000,23,-3.1875,-23.5625,25.5000,3,0,0,2
32.1800,175.5000,-9.8750,-136.0775,-440.4613,-68.0387,465.9963,0.0000,0.0100,0.4500,0.4501,1.6700,0.8800,-9.1700,23,-3.5000,-24.3750,23.5625,3,0,0,2
32.2050,175.4375,-9.7500,3.5810,-522.8240,-57.2958,525.9663,0.0200,0.1100,0.3000,0.3202,1.6700,0.9800,-9.3100,23,-3.5000,-24.3750,23.5625,3,0,0,2
32.2250,175.4375,-9.4375,14.3239,-512.0811,-42.9718,514.0805,0.0500,0.1200,0.0600,0.1432,1.6700,0.9900,-9.5600,23,-3.5000,-24.3750,23.5625,3,0,0,2
32.2450,175.4375,-9.3750,-10.7430,-469.1092,-7.1620,469.2868,0.0700,0.2000,0.1200,0.2435,1.6600,1.0700,-9.5100,23,-3.1875,-24.3750,25.5000,3,0,0,2
32.2660,175.5000,-9.1250,-132.4965,-451.2043,39.3908,471.9028,0.0000,0.0400,0.2600,0.2631,1.5500,0.9100,-9.3800,23,-3.1875,-24.3750,25.5000,3,0,0,2
32.2830,175.5000,-9.0000,-225.6021,-469.1092,50.1338,522.9466,-0.0300,-0.1300,0.2700,0.3012,1.5000,0.7500,-9.3700,23,-3.1875,-24.0000,24.0000,3,0,0,2
32.3080,175.5625,-8.8125,-125.3345,-501.3381,39.3908,518.2666,-0.0200,-0.1300,0.2900,0.3184,1.4800,0.7600,-9.3500,23,-3.1875,-24.0000,24.0000,3,0,0,2
32.3240,175.5625,-8.6250,-50.1338,-537.1480,7.1620,539.5300,0.0000,-0.0500,0.2900,0.2943,1.4700,0.8300,-9.3600,23,-3.1875,-24.0000,24.0000,3,0,0,2
32.3440,175.5625,-8.4375,-100.2676,-569.3768,-10.7430,578.2378,0.0000,-0.0800,0.2900,0.3008,1.4300,0.8100,-9.3600,23,-3.5000,-24.6875,25.5000,3,0,0,2
32.3650,175.5625,-8.2500,-171.8873,-612.3486,-39.3908,637.2344,-0.0400,-0.1800,0.1500,0.2377,1.3700,0.7200,-9.5100,23,-3.5000,-24.6875,25.5000,3,0,0,2
32.3850,175.5625,-8.0625,-182.6303,-615.9296,-78.7817,647.2478,0.0000,-0.1800,0.1100,0.2110,1.3800,0.7300,-9.5500,23,-2.0000,-24.3750,25.1875,3,0,0,2
32.4060,175.5000,-7.8125,-218.4402,-608.7677,-121.7535,658.1323,-0.0200,-0.0300,0.0300,0.0469,1.3100,0.8900,-9.6300,23,-2.0000,-24.3750,25.1875,3,0,0,2
32.4260,175.5000,-7.6250,-175.4683,-619.5106,-118.1725,654.6353,-0.0400,0.0400,0.0000,0.0566,1.2600,0.9800,-9.6700,23,-2.0000,-24.3750,25.1875,3,0,0,2
32.4420,175.5000,-7.5000,-114.5916,-590.8627,-68.0387,605.7056,0.0000,0.1000,0.0500,0.1118,1.2600,1.0500,-9.6200,23,-2.7500,-25.0625,24.3750,3,0,0,2
32.4640,175.5000,-7.2500,-193.3733,-572.9578,-46.5528,606.4990,-0.0900,0.0100,0.0800,0.1208,1.1400,0.9700,-9.5900,23,-2.7500,-25.0625,24.3750,3,0,0,2
32.4840,175.5000,-7.1250,-243.5071,-623.0916,-42.9718,670.3622,-0.1200,-0.1600,0.0500,0.2062,1.0800,0.8000,-9.6200,23,-1.6875,-24.3750,23.5625,3,0,0,2
32.5050,175.5000,-6.8125,-200.5352,-655.3205,-75.2007,689.4306,-0.0800,-0.1300,-0.0900,0.1772,1.0700,0.8500,-9.7800,23,-1.6875,-24.3750,23.5625,3,0,0,2
32.5240,175.4375,-6.5625,-168.3063,-673.2254,-103.8486,701.6723,-0.0500,-0.1100,-0.3600,0.3797,1.0700,0.8800,-10.0500,23,-1.6875,-24.3750,23.5625,3,0,0,2
32.5460,175.4375,-6.4375,-139.6585,-605.1867,-136.0775,635.8243,-0.0500,-0.1400,-0.3500,0.3803,1.0300,0.8500,-10.0400,23,-0.8750,-25.0625,24.5000,3,0,0,2
32.5690,175.3750,-6.1250,-118.1725,-551.4719,-139.6585,581.0253,-0.0900,-0.0100,-0.3200,0.3326,0.9600,1.0000,-10.0100,23,-0.8750,-25.0625,24.5000,3,0,0,2
32.5870,175.3750,-6.0000,-171.8873,-508.5001,-143.2395,555.5494,-0.0400,-0.0100,-0.2900,0.2929,0.9700,1.0000,-9.9900,23,-1.6875,-24.3750,24.5000,3,0,0,2
32.6070,175.3125,-5.8125,-175.4683,-487.0141,-143.2395,537.1121,-0.1100,0.0800,-0.2100,0.2502,0.8800,1.1100,-9.9100,23,-1.6875,-24.3750,24.5000,3,0,0,2
32.6270,175.3125,-5.6250,-204.1162,-490.5951,-132.4965,547.6334,-0.0700,0.0300,-0.1700,0.1863,0.8800,1.0800,-9.8700,23,-1.6875,-24.3750,24.5000,3,0,0,2
32.6470,175.2500,-5.4375,-179.0493,-522.8240,-128.9155,567.4705,-0.0600,-0.0600,-0.3300,0.3407,0.8600,0.9900,-10.0400,23,-0.8750,-24.3750,24.7500,3,0,0,2
32.6680,175.1875,-5.2500,-107.4296,-501.3381,-143.2395,532.3519,-0.0200,0.0200,-0.5300,0.5308,0.8800,1.0900,-10.2400,23,-0.8750,-24.3750,24.7500,3,0,0,2
32.6880,175.1875,-5.1250,-103.8486,-408.2324,-139.6585,443.7823,0.0000,0.1700,-0.5000,0.5281,0.8800,1.2400,-10.2100,23,-0.5625,-25.0625,24.0625,3,0,0,2
32.7090,175.1250,-5.0000,-214.8592,-293.6409,-111.0106,380.4113,0.0000,0.1400,-0.2400,0.2778,0.8500,1.2200,-9.9500,23,-0.5625,-25.0625,24.0625,3,0,0,2
32.7290,175.1250,-4.8750,-311.5458,-290.0599,-82.3627,433.5656,-0.0600,0.0200,0.0000,0.0632,0.7800,1.1200,-9.7100,23,-0.5625,-25.0625,24.0625,3,0,0,2
32.7500,175.1250,-4.8125,-232.7641,-347.3557,-71.6197,424.2222,-0.0400,-0.0900,-0.0300,0.1030,0.7700,1.0100,-9.7400,23,-0.8750,-25.0625,24.7500,3,0,0,2
32.7700,175.1250,-4.6875,-111.0106,-379.5845,-85.9437,404.7148,0.0000,-0.0500,-0.2000,0.2062,0.8100,1.0700,-9.9100,23,-0.8750,-25.0625,24.7500,3,0,0,2
32.7910,175.0625,-4.5000,-136.0775,-365.2606,-114.5916,406.2802,0.0100,-0.0800,-0.2600,0.2722,0.7900,1.0400,-9.9700,23,-0.5625,-24.3750,23.6875,3,0,0,2
32.8110,175.0000,-4.3750,-107.4296,-325.8698,-157.5634,377.5691,0.0400,-0.0300,-0.3200,0.3239,0.8000,1.1000,-10.0300,23,-0.5625,-24.3750,23.6875,3,0,0,2
32.8320,175.0000,-4.3125,-50.1338,-311.5458,-175.4683,361.0586,0.0400,0.2100,-0.2400,0.3214,0.7800,1.3500,-9.9600,23,-0.5625,-24.3750,23.6875,3,0,0,2
32.8520,174.9375,-4.1875,-193.3733,-279.3169,-136.0775,365.9621,0.0200,0.2000,-0.2700,0.3366,0.7400,1.3500,-9.9800,23,-0.8750,-24.6875,24.5000,3,0,0,2
32.8730,174.9375,-4.0625,-186.2113,-290.0599,-85.9437,355.2403,0.0500,0.1000,-0.3200,0.3390,0.7500,1.3000,-10.0100,23,-0.8750,-24.6875,24.5000,3,0,0,2
32.8930,174.8750,-4.0000,-75.2007,-275.7359,-57.2958,291.4932,0.0500,0.2000,-0.3200,0.3807,0.7500,1.3500,-10.0600,23,-0.1875,-24.6875,24.0625,3,0,0,2
32.9130,174.8750,-3.9375,-100.2676,-236.3451,-25.0669,257.9553,0.0600,0.1000,-0.3900,0.4071,0.7200,1.2800,-10.1000,23,-0.1875,-24.6875,24.0625,3,0,0,2
32.9340,174.8750,-3.8125,-103.8486,-207.6972,-10.7430,232.4609,0.0500,0.1200,-0.3300,0.3547,0.7100,1.3000,-10.0500,23,0.1875,-24.6875,24.5000,3,0,0,2
32.9550,174.8750,-3.7500,-128.9155,-182.6303,-3.5810,223.5752,0.0000,0.0000,-0.3700,0.3700,0.6900,1.1300,-10.1300,23,0.1875,-24.6875,24.5000,3,0,0,2
32.9750,174.8750,-3.7500,-111.0106,-150.4014,-21.4859,188.1637,0.0400,-0.0300,-0.4300,0.4329,0.6800,1.1600,-10.1400,23,0.1875,-24.6875,24.5000,3,0,0,2
32.9920,174.8750,-3.6875,-32.2289,-96.6866,-46.5528,112.0454,0.0400,0.0400,-0.3600,0.3644,0.6700,1.3100,-10.0200,23,-0.1875,-25.5000,24.7500,3,0,0,2
33.0150,174.8750,-3.6875,-75.2007,-17.9049,-32.2289,83.7522,0.0400,0.1400,-0.0100,0.1459,0.6700,1.3400,-9.7200,23,-0.1875,-25.5000,24.7500,3,0,0,2
33.0360,174.8750,-3.6875,-85.9437,-32.2289,-3.5810,91.8577,0.0100,0.0600,0.1300,0.1435,0.6400,1.2700,-9.5700,23,-0.1875,-25.0625,23.6875,3,0,0,2
33.0560,174.8750,-3.6250,-28.6479,-82.3627,17.9049,89.0219,0.0200,0.0800,0.0800,0.1149,0.6500,1.2900,-9.6200,23,-0.1875,-25.0625,23.6875,3,0,0,2
33.0770,174.9375,-3.6250,7.1620,-125.3345,42.9718,132.6899,0.0600,0.0600,0.0000,0.0849,0.6900,1.2700,-9.7100,23,-0.1875,-25.0625,23.6875,3,0,0,2
33.0940,174.9375,-3.5625,-35.8099,-125.3345,35.8099,135.1793,0.0500,-0.1100,-0.1600,0.2005,0.6700,1.1000,-9.8700,23,0.5000,-25.0625,23.2500,3,0,0,2
33.1180,174.9375,-3.5625,-7.1620,-85.9437,-14.3239,87.4230,0.0600,-0.1200,-0.1200,0.1800,0.6700,1.0800,-9.8400,23,0.5000,-25.0625,23.2500,3,0,0,2
33.1390,174.9375,-3.5000,17.9049,-60.8768,-32.2289,71.1707,0.0600,0.2400,0.0800,0.2600,0.6700,1.4500,-9.6200,23,-0.5625,-25.5000,22.5000,3,0,0,2
33.1600,174.9375,-3.5000,-150.4014,-82.3627,-25.0669,173.2990,0.0200,0.1700,0.0700,0.1849,0.6200,1.3800,-9.6300,23,-0.5625,-25.5000,22.5000,3,0,0,2
33.1800,174.9375,-3.4375,-146.8204,-136.0775,3.5810,200.2152,0.0100,-0.1000,-0.1100,0.1490,0.6000,1.1200,-9.8300,23,-0.5625,-25.5000,22.5000,3,0,0,2
33.2000,174.9375,-3.3750,100.2676,-143.2395,7.1620,174.9927,0.0600,0.0000,-0.2500,0.2571,0.6400,1.2200,-9.9600,23,0.8750,-24.3750,24.0625,3,0,0,2
33.2210,174.9375,-3.3750,82.3627,-107.4296,10.7430,135.7945,0.0600,0.1400,-0.2100,0.2594,0.6400,1.3500,-9.9300,23,0.8750,-24.3750,24.0625,3,0,0,2
33.2410,174.9375,-3.3125,-143.2395,-64.4578,10.7430,157.4413,0.0100,-0.0600,-0.2300,0.2379,0.5900,1.1600,-9.9500,23,0.5000,-25.5000,24.0625,3,0,0,2
33.2610,174.9375,-3.3125,-64.4578,-64.4578,10.7430,91.7879,0.0000,-0.1300,-0.2800,0.3087,0.5700,1.0900,-9.9900,23,0.5000,-25.5000,24.0625,3,0,0,2
33.2820,174.9375,-3.3125,89.5247,-32.2289,-10.7430,95.7537,0.0700,0.0100,-0.1600,0.1749,0.6400,1.2300,-9.8700,23,0.5000,-25.5000,24.0625,3,0,0,2
33.3020,174.9375,-3.3125,17.9049,-21.4859,-3.5810,28.1967,0.0400,0.0400,0.0100,0.0574,0.6100,1.2600,-9.6900,23,0.5000,-25.0625,24.5000,3,0,0,2
33.3240,174.9375,-3.3125,-96.6866,-32.2289,-14.3239,102.9183,0.0400,-0.0200,0.0000,0.0447,0.6100,1.2000,-9.7000,23,0.5000,-25.0625,24.5000,3,0,0,2
33.3430,174.9375,-3.3125,-21.4859,-60.8768,-7.1620,64.9532,0.0100,0.0200,-0.2000,0.2012,0.6000,1.3000,-9.9700,23,0.1875,-24.6875,24.7500,3,0,0,2
33.3640,174.9375,-3.2500,103.8486,-28.6479,10.7430,108.2619,0.0800,0.0800,-0.2300,0.2563,0.6500,1.3000,-9.9400,23,0.1875,-24.6875,24.7500,3,0,0,2
33.3840,174.9375,-3.2500,7.1620,25.0669,17.9049,31.6264,0.0800,-0.0600,0.0000,0.1000,0.6400,1.1600,-9.7100,23,-0.1875,-25.0625,23.2500,3,0,0,2
33.4050,174.9375,-3.3125,-75.2007,39.3908,10.7430,85.5698,0.0100,-0.0300,0.1100,0.1145,0.5800,1.1900,-9.5900,23,-0.1875,-25.0625,23.2500,3,0,0,2
33.4250,174.9375,-3.2500,60.8768,-42.9718,14.3239,75.8797,0.0700,0.1300,0.0300,0.1507,0.6300,1.3500,-9.6700,23,-0.1875,-25.0625,23.2500,3,0,0,2
33.4500,174.9375,-3.2500,50.1338,-64.4578,53.7148,97.7419,0.0800,0.1300,-0.1400,0.2071,0.6500,1.3500,-9.8500,23,0.5000,-24.6875,24.0625,3,0,0,2
33.4700,175.0000,-3.2500,-10.7430,-39.3908,68.0387,79.3494,0.0900,0.0700,-0.2700,0.2931,0.6500,1.2900,-9.9800,23,0.5000,-24.6875,24.0625,3,0,0,2
33.4900,175.0000,-3.2500,-42.9718,-10.7430,100.2676,109.6156,0.0600,0.0400,-0.2700,0.2795,0.6200,1.2600,-9.9800,23,0.1875,-25.7500,24.0625,3,0,0,2
33.5110,175.0625,-3.2500,-60.8768,28.6479,132.4965,148.6001,-0.0600,-0.0800,-0.2500,0.2693,0.4900,1.1300,-9.9600,23,0.1875,-25.7500,24.0625,3,0,0,2
33.5280,175.1250,-3.2500,-7.1620,50.1338,179.0493,186.0735,-0.0700,-0.2600,-0.2200,0.3477,0.4900,0.9600,-9.9400,23,0.1875,-25.7500,24.0625,3,0,0,2
33.5530,175.1875,-3.3125,28.6479,68.0387,196.9542,210.3353,-0.0100,-0.7100,-0.3400,0.7873,0.5500,0.5000,-10.0500,23,0.8750,-25.0625,24.0625,3,0,0,2
33.5730,175.1875,-3.3750,-7.1620,103.8486,82.3627,132.7382,0.0300,-0.9400,-0.2600,0.9758,0.6100,0.2700,-9.9700,23,0.8750,-25.0625,24.0625,3,0,0,2
33.5930,175.1875,-3.3750,-35.8099,139.6585,-107.4296,179.7997,0.0000,-0.9200,-0.1100,0.9266,0.5800,0.2900,-9.8300,23,-0.1875,-25.3750,23.6875,3,0,0,2
33.6140,175.0625,-3.4375,-39.3908,136.0775,-311.5458,342.2419,0.0300,-0.7800,-0.1300,0.7913,0.6200,0.4400,-9.8400,23,-0.1875,-25.3750,23.6875,3,0,0,2
33.6340,174.9375,-3.4375,14.3239,121.7535,-458.3663,474.4773,0.0000,-0.3500,-0.0600,0.3551,0.5900,0.8600,-9.7700,23,-0.1875,-25.3750,23.6875,3,0,0,2
33.6550,174.7500,-3.4375,10.7430,118.1725,-515.6621,529.1384,0.0200,-0.0800,-0.1100,0.1375,0.6100,1.1300,-9.8200,23,-0.5625,-25.5000,23.2500,3,0,0,2
33.6750,174.6250,-3.5000,-53.7148,128.9155,-483.4331,503.2018,0.1000,0.1500,-0.1500,0.2345,0.7000,1.3800,-9.8600,23,-0.5625,-25.5000,23.2500,3,0,0,2
33.6960,174.4375,-3.5000,-64.4578,153.9824,-418.9754,451.0053,0.1000,0.1500,-0.1300,0.2223,0.7200,1.3800,-9.8000,23,0.5000,-25.3750,24.5000,3,0,0,2
33.7160,174.3125,-3.5625,71.6197,179.0493,-347.3557,397.2959,0.1100,0.3700,0.0100,0.3861,0.7300,1.6000,-9.6900,23,0.5000,-25.3750,24.5000,3,0,0,2
33.7370,174.2500,-3.6250,107.4296,171.8873,-282.8979,348.0196,0.1200,0.4500,0.1000,0.4763,0.7500,1.6800,-9.6000,23,0.5000,-26.1875,23.6875,3,0,0,2
33.7580,174.1250,-3.6875,-211.2782,153.9824,-207.6972,333.8970,0.0700,0.1000,0.1100,0.1643,0.7100,1.3400,-9.5800,23,0.5000,-26.1875,23.6875,3,0,0,2
33.7780,174.0625,-3.6875,-75.2007,111.0106,-200.5352,241.2320,0.0700,-0.0300,0.0000,0.0762,0.7100,1.2100,-9.7000,23,0.5000,-26.1875,23.6875,3,0,0,2
33.7980,174.0000,-3.7500,96.6866,121.7535,-196.9542,250.9247,0.1100,0.3700,0.1000,0.3987,0.7600,1.6100,-9.6000,23,0.1875,-24.6875,24.0625,3,0,0,2
33.8180,173.9375,-3.8125,64.4578,150.4014,-229.1831,281.6031,0.0900,0.5400,0.2700,0.6104,0.7400,1.7800,-9.4300,23,0.1875,-24.6875,24.0625,3,0,0,2
33.8390,173.8125,-3.8125,-143.2395,114.5916,-179.0493,256.3346,0.0700,0.4400,0.3500,0.5666,0.7300,1.6800,-9.3400,23,-0.1875,-25.5000,23.6875,3,0,0,2
33.8600,173.7500,-3.8750,14.3239,46.5528,-128.9155,137.8098,0.0800,0.6500,0.3000,0.7203,0.7500,1.9100,-9.4000,23,-0.1875,-25.5000,23.6875,3,0,0,2
33.8800,173.7500,-3.8750,28.6479,10.7430,-35.8099,47.1005,0.0900,0.8200,0.2100,0.8512,0.7600,2.1000,-9.4800,23,-0.1875,-25.5000,23.6875,3,0,0,2
33.9010,173.7500,-3.8750,-100.2676,-14.3239,78.7817,128.3173,0.1200,0.6300,0.1600,0.6610,0.7900,1.9100,-9.5300,23,0.8750,-25.0625,24.5000,3,0,0,2
33.9210,173.8125,-3.8750,-10.7430,-25.0669,168.3063,170.5016,0.0900,0.5500,0.1200,0.5701,0.7600,1.8400,-9.5700,23,0.8750,-25.0625,24.5000,3,0,0,2
33.9410,173.8750,-3.9375,64.4578,-28.6479,236.3451,246.6465,0.0700,0.5800,0.2100,0.6208,0.7400,1.8900,-9.4700,23,0.8750,-26.1875,24.0625,3,0,0,2
33.9630,173.9375,-3.9375,-32.2289,-75.2007,290.0599,301.3778,0.0700,0.3600,0.2000,0.4177,0.7500,1.6900,-9.4800,23,0.8750,-26.1875,24.0625,3,0,0,2
33.9820,174.0625,-3.9375,-60.8768,-128.9155,318.7078,349.1416,0.0500,0.2200,0.0200,0.2265,0.7300,1.5600,-9.6600,23,0.8750,-26.1875,24.0625,3,0,0,2
34.0030,174.1875,-3.8750,25.0669,-161.1444,307.9648,348.4798,0.0900,0.2200,-0.2000,0.3106,0.7600,1.5700,-9.8900,23,0.1875,-25.0625,23.2500,3,0,0,2
34.0240,174.3125,-3.8750,25.0669,-107.4296,329.4508,347.4295,0.1100,0.2600,-0.2400,0.3705,0.7700,1.6000,-9.9400,23,0.1875,-25.0625,23.2500,3,0,0,2
34.0440,174.3750,-3.8750,3.5810,-35.8099,340.1937,342.0920,0.0700,0.2800,0.0000,0.2886,0.7300,1.6200,-9.7000,23,0.1875,-25.0625,23.5625,3,0,0,2
34.0650,174.5625,-3.8750,7.1620,-46.5528,401.0705,403.8267,0.0100,0.3100,0.0200,0.3108,0.6800,1.6500,-9.6600,23,0.1875,-25.0625,23.5625,3,0,0,2
34.0840,174.6875,-3.8750,7.1620,-96.6866,497.7571,507.1112,0.0000,0.0000,-0.1200,0.1200,0.6600,1.3400,-9.8100,23,0.1875,-25.0625,23.5625,3,0,0,2
34.1050,174.8750,-3.8750,28.6479,-107.4296,547.8909,559.0584,0.0200,-0.2400,-0.2800,0.3693,0.6900,1.0900,-9.9700,23,-0.1875,-24.6875,24.0625,3,0,0,2
34.1270,175.0625,-3.8750,46.5528,-75.2007,526.4050,533.7832,0.0200,-0.4400,-0.4100,0.6017,0.6900,0.8800,-10.1000,23,-0.1875,-24.6875,24.0625,3,0,0,2
34.1460,175.2500,-3.8750,10.7430,-25.0669,487.0141,487.7771,0.0000,-0.5000,-0.3500,0.6103,0.6400,0.7900,-10.0300,23,0.1875,-25.5000,23.6875,3,0,0,2
34.1670,175.3750,-3.8750,-7.1620,25.0669,429.7184,430.5084,-0.0100,-0.7000,-0.2000,0.7281,0.6500,0.6200,-9.8900,23,0.1875,-25.5000,23.6875,3,0,0,2
34.1880,175.5000,-3.8750,42.9718,32.2289,347.3557,351.4844,0.0100,-0.6700,-0.2100,0.7022,0.6800,0.6500,-9.9100,23,0.1875,-25.5000,23.6875,3,0,0,2
34.2080,175.6250,-3.9375,46.5528,42.9718,243.5071,251.6137,-0.0400,-0.5900,-0.2200,0.6310,0.6300,0.6900,-9.9200,23,0.1875,-25.5000,23.6875,3,0,0,2
34.2280,175.6875,-3.9375,0.0000,60.8768,182.6303,192.5092,0.0000,-0.6400,-0.1800,0.6648,0.6700,0.6200,-9.8800,23,0.1875,-25.5000,23.6875,3,0,0,2
34.2490,175.7500,-4.0000,-17.9049,68.0387,146.8204,162.8069,-0.0200,-0.5900,-0.1500,0.6091,0.6600,0.6500,-9.8500,23,0.1875,-25.0625,23.6875,3,0,0,2
34.2700,175.8125,-4.0000,78.7817,57.2958,50.1338,109.5571,0.0000,-0.4300,-0.1400,0.4522,0.6800,0.7900,-9.8500,23,0.1875,-25.0625,23.6875,3,0,0,2
34.2890,175.8125,-4.0000,111.0106,71.6197,57.2958,143.9984,0.0000,-0.3200,-0.1800,0.3672,0.6900,0.8900,-9.8800,23,-1.2500,-25.7500,23.2500,3,0,0,2
34.3100,175.8125,-4.0625,42.9718,118.1725,64.4578,141.3016,0.0000,-0.3800,-0.1500,0.4085,0.6900,0.8100,-9.8500,23,-1.2500,-25.7500,23.2500,3,0,0,2
34.3300,175.8125,-4.0625,-14.3239,139.6585,25.0669,142.6114,0.0000,-0.5000,0.0100,0.5001,0.7100,0.6800,-9.6900,23,-1.2500,-25.7500,23.2500,3,0,0,2
34.3480,175.8125,-4.1250,0.0000,153.9824,7.1620,154.1489,0.0100,-0.4100,0.1300,0.4302,0.7200,0.7600,-9.5700,23,-0.5625,-25.0625,24.5000,3,0,0,2
34.3710,175.8125,-4.1875,10.7430,121.7535,-75.2007,143.5078,0.0000,-0.4100,0.1700,0.4438,0.7200,0.7500,-9.5300,23,-0.5625,-25.0625,24.5000,3,0,0,2
34.3880,175.8125,-4.2500,-17.9049,82.3627,-114.5916,142.2513,-0.0100,-0.4000,0.1300,0.4207,0.7100,0.7500,-9.5700,23,-1.0000,-25.0625,23.5625,3,0,0,2
34.4130,175.7500,-4.2500,14.3239,57.2958,-153.9824,164.9199,0.0100,-0.2600,0.0600,0.2670,0.7400,0.8800,-9.6400,23,-1.0000,-25.0625,23.5625,3,0,0,2
34.4300,175.6875,-4.2500,7.1620,57.2958,-164.7254,174.5524,-0.0300,-0.2400,0.0700,0.2518,0.6900,0.9000,-9.6300,23,-1.0000,-25.0625,23.5625,3,0,0,2
34.4490,175.6250,-4.2500,25.0669,46.5528,-150.4014,159.4243,-0.0500,-0.3600,0.0200,0.3640,0.6700,0.7800,-9.6800,23,-0.5625,-25.5000,24.0625,3,0,0,2
34.4700,175.5625,-4.2500,-7.1620,68.0387,-179.0493,191.6748,-0.0300,-0.4300,0.0000,0.4310,0.7000,0.6900,-9.7100,23,-0.5625,-25.5000,24.0625,3,0,0,2
34.4900,175.5000,-4.3125,-35.8099,64.4578,-239.9261,251.0013,-0.0200,-0.4600,0.0400,0.4622,0.7100,0.6600,-9.6600,23,-0.8750,-24.6875,24.0625,3,0,0,2
34.5100,175.4375,-4.3125,-35.8099,64.4578,-318.7078,327.1266,0.0300,-0.4200,0.0400,0.4230,0.7700,0.6900,-9.6600,23,-0.8750,-24.6875,24.0625,3,0,0,2
34.5310,175.2500,-4.3125,3.5810,39.3908,-404.6515,406.5800,0.0100,-0.1800,0.0600,0.1900,0.7500,0.9200,-9.6500,23,-0.8750,-24.6875,24.0625,3,0,0,2
34.5510,175.1875,-4.3125,-35.8099,25.0669,-433.2994,435.4986,0.0200,-0.0900,0.0100,0.0927,0.7500,1.0200,-9.6900,23,-0.5625,-24.6875,24.7500,3,0,0,2
34.5730,174.9375,-4.2500,-96.6866,14.3239,-433.2994,444.1867,0.0700,-0.0200,-0.0900,0.1158,0.8100,1.1000,-9.8000,23,-0.5625,-24.6875,24.7500,3,0,0,2
34.5890,174.8750,-4.2500,-93.1056,21.4859,-436.8803,447.2077,0.0500,0.0300,-0.1400,0.1517,0.7800,1.1600,-9.8500,23,-0.1875,-24.6875,23.6875,3,0,0,2
34.6130,174.7500,-4.2500,-64.4578,35.8099,-422.5564,428.9418,0.0600,0.1200,-0.2000,0.2408,0.7900,1.2600,-9.9100,23,-0.1875,-24.6875,23.6875,3,0,0,2
34.6300,174.5625,-4.2500,-46.5528,60.8768,-383.1655,390.7544,0.0400,0.1400,-0.1600,0.2163,0.7700,1.2900,-9.8700,23,-0.1875,-24.6875,23.6875,3,0,0,2
34.6500,174.5000,-4.2500,-78.7817,89.5247,-336.6127,357.1125,0.0700,0.1000,-0.1200,0.1712,0.8000,1.2500,-9.8300,23,0.1875,-25.5000,23.6875,3,0,0,2
34.6710,174.3750,-4.2500,-139.6585,93.1056,-333.0317,372.9387,0.0600,0.0300,-0.1400,0.1552,0.8000,1.1900,-9.8500,23,0.1875,-25.5000,23.6875,3,0,0,2
34.6910,174.2500,-4.3125,-128.9155,114.5916,-372.4226,410.4254,0.0700,0.0300,-0.0300,0.0819,0.8100,1.2000,-9.7400,23,-0.8750,-25.7500,24.0625,3,0,0,2
34.7120,174.1250,-4.3125,-25.0669,128.9155,-418.9754,439.0763,0.0400,0.3400,0.0200,0.3429,0.7900,1.5200,-9.6700,23,-0.8750,-25.7500,24.0625,3,0,0,2
34.7320,173.8750,-4.3750,-121.7535,96.6866,-401.0705,430.1509,0.0400,0.3900,-0.0200,0.3926,0.7900,1.5700,-9.7300,23,-0.8750,-25.7500,24.0625,3,0,0,2
34.7530,173.8125,-4.3750,-150.4014,75.2007,-379.5845,415.1628,0.0400,0.3600,-0.1000,0.3758,0.7900,1.5500,-9.8000,23,0.1875,-25.0625,23.6875,3,0,0,2
34.7730,173.6250,-4.3750,-14.3239,85.9437,-361.6796,372.0264,0.1100,0.6000,-0.0900,0.6166,0.8600,1.8100,-9.8000,23,0.1875,-25.0625,23.6875,3,0,0,2
34.7930,173.5000,-4.4375,35.8099,121.7535,-325.8698,349.7104,0.1100,0.8300,-0.0400,0.8382,0.8700,2.0300,-9.7400,23,0.1875,-25.3750,23.6875,3,0,0,2
34.8140,173.4375,-4.4375,-107.4296,150.4014,-239.9261,302.8634,0.0800,0.7500,0.0800,0.7585,0.8500,1.9600,-9.6100,23,0.1875,-25.3750,23.6875,3,0,0,2
34.8340,173.3750,-4.5000,-128.9155,153.9824,-164.7254,259.7388,0.0500,0.7000,0.2500,0.7450,0.8300,1.9200,-9.4400,23,0.1875,-25.3750,23.6875,3,0,0,2
34.8550,173.3125,-4.5625,7.1620,103.8486,-93.1056,139.6585,0.0700,0.8800,0.2900,0.9292,0.8500,2.1100,-9.4000,23,-0.1875,-25.7500,24.0625,3,0,0,2
34.8760,173.3125,-4.5625,10.7430,46.5528,-17.9049,51.0212,0.0700,0.8100,0.1700,0.8306,0.8600,2.0600,-9.5200,23,-0.1875,-25.7500,24.0625,3,0,0,2
34.8970,173.3125,-4.5625,-71.6197,32.2289,114.5916,138.9220,0.0300,0.7500,0.1600,0.7675,0.8200,2.0300,-9.5200,23,0.1875,-26.1875,23.6875,3,0,0,2
34.9170,173.3750,-4.6250,-75.2007,14.3239,153.9824,171.9619,0.0300,0.6500,0.1500,0.6678,0.8300,1.9800,-9.5200,23,0.1875,-26.1875,23.6875,3,0,0,2
34.9370,173.4375,-4.6250,-46.5528,-7.1620,229.1831,233.9730,0.0400,0.4500,0.1500,0.4760,0.8400,1.8000,-9.5200,23,0.1875,-26.1875,23.6875,3,0,0,2
34.9570,173.5000,-4.6250,-7.1620,-35.8099,279.3169,281.6941,0.0400,0.3900,0.1700,0.4273,0.8300,1.7500,-9.5000,23,0.1875,-26.1875,24.5000,3,0,0,2
34.9780,173.6250,-4.6250,-46.5528,-60.8768,307.9648,317.3570,0.0200,0.2500,0.1900,0.3146,0.8300,1.6200,-9.4800,23,0.1875,-26.1875,24.5000,3,0,0,2
34.9980,173.7500,-4.6250,-28.6479,-96.6866,315.1268,330.8684,0.0200,0.2200,0.1100,0.2468,0.8200,1.5900,-9.5500,23,-0.8750,-25.0625,23.6875,3,0,0,2
35.0190,173.8750,-4.6250,-3.5810,-111.0106,318.7078,337.5068,0.0400,0.2100,-0.0300,0.2159,0.8400,1.5900,-9.7100,23,-0.8750,-25.0625,23.6875,3,0,0,2
35.0390,174.0000,-4.6250,-7.1620,-100.2676,354.5177,368.4938,0.0400,0.2100,-0.0300,0.2159,0.8300,1.5900,-9.7100,23,-0.8750,-25.0625,23.6875,3,0,0,2
35.0590,174.1250,-4.6250,-17.9049,-103.8486,372.4226,387.0448,0.0200,0.1500,-0.1000,0.1814,0.8100,1.5300,-9.7700,23,-0.1875,-25.7500,22.8750,3,0,0,2
35.0800,174.2500,-4.5625,14.3239,-118.1725,426.1374,442.4511,0.0000,0.0700,-0.1700,0.1838,0.7900,1.4100,-9.9100,23,-0.1875,-25.7500,22.8750,3,0,0,2
35.0960,174.3750,-4.5625,46.5528,-71.6197,451.2043,459.2187,0.0300,0.0100,-0.2200,0.2223,0.8200,1.3800,-9.9000,23,-0.5625,-24.6875,24.5000,3,0,0,2
35.1210,174.5625,-4.5625,10.7430,-21.4859,465.5282,466.1476,0.0300,-0.0500,-0.1500,0.1609,0.8200,1.2700,-9.8100,23,-0.5625,-24.6875,24.5000,3,0,0,2
35.1380,174.6875,-4.6250,10.7430,-25.0669,472.6902,473.4763,0.0200,-0.1300,-0.1000,0.1652,0.8100,1.2300,-9.7700,23,-0.1875,-25.7500,23.6875,3,0,0,2
35.1590,174.8750,-4.6250,42.9718,-42.9718,465.5282,469.4781,0.0000,-0.2100,-0.1100,0.2371,0.7800,1.1500,-9.7900,23,-0.1875,-25.7500,23.6875,3,0,0,2
35.1820,175.0625,-4.6250,50.1338,-64.4578,465.5282,472.6360,-0.0300,-0.2800,-0.1100,0.3023,0.8000,0.8900,-9.8100,23,-0.1875,-25.7500,23.6875,3,0,0,2
35.1990,175.1875,-4.6250,42.9718,-42.9718,404.6515,409.1894,-0.0200,-0.5200,-0.1400,0.5389,0.7700,0.8200,-9.8200,23,-0.8750,-25.0625,24.5000,3,0,0,2
35.2230,175.3125,-4.6250,71.6197,-25.0669,318.7078,327.6162,-0.0200,-0.4700,-0.0700,0.4756,0.7700,0.8600,-9.7500,23,-0.8750,-25.0625,24.5000,3,0,0,2
35.2400,175.3750,-4.6250,71.6197,-17.9049,264.9930,275.0841,-0.0200,-0.3900,-0.0100,0.3906,0.7600,1.0000,-9.6400,23,-0.5625,-25.5000,24.5000,3,0,0,2
35.2610,175.4375,-4.6250,25.0669,-50.1338,247.0881,253.3659,-0.0300,-0.2000,-0.0100,0.2025,0.7600,1.1200,-9.6900,23,-0.5625,-25.5000,24.5000,3,0,0,2
35.2810,175.5625,-4.6250,-39.3908,-75.2007,279.3169,291.9328,0.0000,-0.4800,-0.2400,0.5367,0.7900,0.8300,-9.9300,23,-0.5625,-25.5000,24.5000,3,0,0,2
35.3010,175.6875,-4.6250,39.3908,-53.7148,279.3169,287.1495,-0.0100,-0.5200,-0.3400,0.6214,0.7700,0.7800,-10.0300,23,-0.8750,-25.7500,24.7500,3,0,0,2
35.3220,175.7500,-4.6250,42.9718,28.6479,239.9261,245.4217,-0.0200,-0.5000,-0.2600,0.5639,0.7700,0.7900,-9.9500,23,-0.8750,-25.7500,24.7500,3,0,0,2
35.3420,175.8125,-4.6250,-89.5247,57.2958,182.6303,211.3085,0.0000,-0.7900,-0.1900,0.8125,0.7900,0.4900,-9.8700,23,-0.8750,-26.1875,24.7500,3,0,0,2
35.3640,175.8750,-4.6875,21.4859,68.0387,100.2676,123.0630,-0.0200,-0.7900,-0.2000,0.8152,0.7800,0.4900,-9.8800,23,-0.8750,-26.1875,24.7500,3,0,0,2
35.3830,175.8750,-4.6875,57.2958,75.2007,28.6479,98.7859,-0.0500,-0.6500,-0.2100,0.6849,0.7500,0.6200,-9.9000,23,-0.8750,-26.1875,24.7500,3,0,0,2
35.4030,175.8750,-4.6875,0.0000,85.9437,-46.5528,97.7419,-0.0400,-0.6700,-0.2000,0.7004,0.7600,0.5700,-9.8900,23,-1.2500,-25.0625,24.5000,3,0,0,2
35.4290,175.8750,-4.7500,21.4859,85.9437,-118.1725,147.6913,-0.0300,-0.5700,-0.1400,0.5877,0.7700,0.6600,-9.8400,23,-1.2500,-25.0625,24.5000,3,0,0,2
35.4450,175.8125,-4.7500,57.2958,85.9437,-161.1444,191.4070,0.0000,-0.3800,-0.0800,0.3883,0.8000,0.8300,-9.7800,23,-0.8750,-24.6875,23.6875,3,0,0,2
35.4690,175.7500,-4.7500,21.4859,96.6866,-157.5634,186.1080,0.0000,-0.2900,-0.0300,0.2915,0.8100,0.9200,-9.7300,23,-0.8750,-24.6875,23.6875,3,0,0,2
35.4860,175.6875,-4.8125,25.0669,89.5247,-136.0775,164.8032,-0.0100,-0.4100,-0.0300,0.4112,0.8100,0.8000,-9.7300,23,-0.8750,-24.6875,23.6875,3,0,0,2
35.5060,175.6250,-4.8125,68.0387,75.2007,-161.1444,190.3994,0.0000,-0.4500,-0.1100,0.4632,0.8200,0.7400,-9.8100,23,-1.2500,-25.0625,25.2500,3,0,0,2
35.5260,175.5625,-4.8125,0.0000,118.1725,-211.2782,242.0810,0.0000,-0.4300,-0.0800,0.4374,0.8300,0.7500,-9.7800,23,-1.2500,-25.0625,25.2500,3,0,0,2
35.5470,175.5000,-4.8750,-21.4859,128.9155,-250.6690,282.6939,-0.0200,-0.5200,0.0500,0.5228,0.8100,0.6500,-9.6400,23,-0.5625,-24.3750,24.7500,3,0,0,2
35.5670,175.3750,-4.8750,39.3908,103.8486,-322.2888,340.8903,-0.0300,-0.4300,0.1000,0.4425,0.8100,0.7300,-9.5900,23,-0.5625,-24.3750,24.7500,3,0,0,2
35.5840,175.2500,-4.9375,-3.5810,71.6197,-376.0036,382.7805,-0.0200,-0.2600,0.1800,0.3169,0.8100,0.8900,-9.5100,23,-0.5625,-24.3750,24.7500,3,0,0,2
35.6040,175.1250,-4.9375,-35.8099,57.2958,-404.6515,410.2535,-0.0200,-0.2800,0.0900,0.2948,0.8100,0.8700,-9.6000,23,-1.2500,-25.7500,24.0625,3,0,0,2
35.6250,175.0000,-4.9375,-25.0669,53.7148,-440.4613,444.4320,-0.0200,-0.2100,0.0400,0.2147,0.8100,0.9400,-9.6500,23,-1.2500,-25.7500,24.0625,3,0,0,2
35.6450,174.8125,-4.9375,7.1620,75.2007,-472.6902,478.6883,0.0000,-0.0900,0.1300,0.1581,0.8300,1.0600,-9.5600,23,-1.2500,-25.7500,23.2500,3,0,0,2
35.6660,174.6875,-4.9375,21.4859,50.1338,-494.1761,497.1771,0.0000,0.0100,0.2100,0.2102,0.8500,1.1700,-9.4800,23,-1.2500,-25.7500,23.2500,3,0,0,2
35.6860,174.5000,-4.8750,21.4859,-25.0669,-508.5001,509.5707,0.0000,0.0900,0.1700,0.1924,0.8300,1.2600,-9.5200,23,-1.2500,-25.7500,23.2500,3,0,0,2
35.7030,174.4375,-4.8750,-25.0669,-46.5528,-515.6621,518.3656,0.0100,0.1300,0.0500,0.1396,0.8500,1.3000,-9.6400,23,-0.5625,-24.3750,24.7500,3,0,0,2
35.7270,174.2500,-4.8750,-60.8768,-25.0669,-529.9860,534.0595,0.0200,0.3100,-0.0400,0.3132,0.8500,1.4900,-9.7400,23,-0.5625,-24.3750,24.7500,3,0,0,2
35.7440,174.0625,-4.8125,-28.6479,-17.9049,-479.8522,481.0399,0.0200,0.3900,-0.0600,0.3951,0.8500,1.5800,-9.7600,23,-0.1875,-26.1875,24.0625,3,0,0,2
35.7640,173.8750,-4.8125,25.0669,10.7430,-454.7853,455.6022,0.0500,0.5000,-0.0800,0.5088,0.8700,1.6900,-9.7700,23,-0.1875,-26.1875,24.0625,3,0,0,2
35.7840,173.6875,-4.8125,7.1620,21.4859,-411.8134,412.4357,0.0700,0.6000,-0.0200,0.6044,0.8900,1.8100,-9.7200,23,-0.1875,-26.1875,24.0625,3,0,0,2
35.8050,173.6250,-4.8125,-10.7430,21.4859,-350.9367,351.7579,0.0500,0.6800,0.0000,0.6818,0.8700,1.9200,-9.6900,23,0.1875,-25.7500,24.5000,3,0,0,2
35.8260,173.5000,-4.8125,-14.3239,3.5810,-272.1550,272.5552,0.0400,0.7400,0.0700,0.7444,0.8700,2.0100,-9.6100,23,0.1875,-25.7500,24.5000,3,0,0,2
35.8460,173.3750,-4.8125,-50.1338,-7.1620,-204.1162,210.3048,0.0400,0.7300,0.1400,0.7444,0.8600,2.0300,-9.5300,23,-0.5625,-25.5000,24.0625,3,0,0,2
35.8660,173.3125,-4.8125,-7.1620,-50.1338,-118.1725,128.5669,0.0400,0.6800,0.1000,0.6885,0.8600,2.0200,-9.5700,23,-0.5625,-25.5000,24.0625,3,0,0,2
35.8870,173.3125,-4.7500,39.3908,-75.2007,-28.6479,89.5963,0.0300,0.7500,0.0000,0.7506,0.8500,2.1200,-9.6600,23,-0.5625,-25.5000,24.0625,3,0,0,2
35.9070,173.3125,-4.7500,-39.3908,-71.6197,75.2007,111.0683,0.0400,0.6800,-0.0800,0.6859,0.8500,2.0800,-9.7500,23,-0.5625,-26.1875,23.6875,3,0,0,2
35.9280,173.3125,-4.7500,-64.4578,-50.1338,157.5634,177.4667,0.0300,0.5100,-0.1500,0.5324,0.8400,1.9200,-9.8200,23,-0.5625,-26.1875,23.6875,3,0,0,2
35.9480,173.4375,-4.7500,-10.7430,-21.4859,232.7641,234.0004,0.0400,0.4900,-0.1400,0.5112,0.8600,1.9200,-9.8100,23,-0.1875,-25.0625,23.2500,3,0,0,2
35.9690,173.5000,-4.7500,-25.0669,7.1620,315.1268,316.2033,0.0100,0.3900,-0.1700,0.4256,0.8300,1.8300,-9.8400,23,-0.1875,-25.0625,23.2500,3,0,0,2
35.9850,173.6250,-4.8125,-28.6479,14.3239,350.9367,352.3952,0.0100,0.2200,-0.1200,0.2508,0.8400,1.6600,-9.7800,23,-0.1875,-25.0625,23.2500,3,0,0,2
36.0060,173.7500,-4.8125,0.0000,0.0000,368.8416,368.8416,0.0000,0.1900,0.0000,0.1900,0.8300,1.6400,-9.6700,23,0.5000,-25.5000,23.6875,3,0,0,2
36.0260,173.8750,-4.8125,-14.3239,-14.3239,393.9085,394.4290,-0.0200,0.1200,-0.0300,0.1253,0.8100,1.5600,-9.6900,23,0.5000,-25.5000,23.6875,3,0,0,2
36.0470,173.9375,-4.8125,28.6479,-32.2289,422.5564,424.7509,0.0000,0.0200,-0.1100,0.1118,0.8300,1.4600,-9.7800,23,-1.2500,-25.7500,24.0625,3,0,0,2
36.0670,174.1875,-4.8750,17.9049,-10.7430,429.7184,430.2254,0.0000,0.0100,-0.1300,0.1304,0.8300,1.4500,-9.7900,23,-1.2500,-25.7500,24.0625,3,0,0,2
36.0870,174.3125,-4.8750,-25.0669,-3.5810,451.2043,451.9142,-0.0100,-0.0100,-0.0800,0.0812,0.8300,1.4200,-9.7400,23,-1.2500,-25.7500,24.0625,3,0,0,2
36.1050,174.3750,-4.8750,3.5810,3.5810,461.9472,461.9750,0.0000,-0.1000,-0.0300,0.1044,0.8300,1.3300,-9.7000,23,0.1875,-25.5000,23.2500,3,0,0,2
36.1250,174.5625,-4.9375,53.7148,-21.4859,487.0141,490.4383,-0.0200,-0.0600,0.0600,0.0872,0.8200,1.3600,-9.5900,23,0.1875,-25.5000,23.2500,3,0,0,2
36.1450,174.6875,-4.9375,28.6479,-50.1338,526.4050,529.5624,-0.0400,-0.1100,0.0200,0.1187,0.8100,1.3100,-9.6300,23,-0.5625,-25.0625,24.5000,3,0,0,2
36.1690,175.0000,-4.9375,21.4859,-46.5528,540.7290,543.1543,-0.0300,-0.4300,-0.1200,0.4474,0.8100,0.9800,-9.7800,23,-0.5625,-25.0625,24.5000,3,0,0,2
36.1870,175.1875,-5.0000,50.1338,-42.9718,487.0141,491.4700,-0.0200,-0.5900,-0.1500,0.6091,0.8200,0.8100,-9.8100,23,-0.5625,-25.0625,24.5000,3,0,0,2
36.2060,175.2500,-5.0000,75.2007,-10.7430,422.5564,429.3302,-0.0200,-0.4900,-0.0600,0.4941,0.8300,0.9000,-9.7300,23,-0.1875,-25.0625,23.6875,3,0,0,2
36.2270,175.4375,-5.0000,0.0000,-14.3239,376.0036,376.2763,-0.0400,-0.6100,-0.0200,0.6116,0.8100,0.7800,-9.6900,23,-0.1875,-25.0625,23.6875,3,0,0,2
36.2470,175.5625,-5.0000,64.4578,-35.8099,318.7078,327.1266,-0.0500,-0.7200,-0.0400,0.7228,0.8000,0.6400,-9.7200,23,-0.1875,-25.0625,24.7500,3,0,0,2
36.2680,175.6875,-5.0000,136.0775,-39.3908,279.3169,313.1879,-0.0300,-0.5700,-0.1400,0.5877,0.8200,0.7600,-9.8200,23,-0.1875,-25.0625,24.7500,3,0,0,2
36.2880,175.7500,-5.0000,17.9049,-21.4859,264.9930,266.4649,-0.0600,-0.5200,-0.0800,0.5295,0.7900,0.7800,-9.7600,23,-0.1875,-25.0625,24.7500,3,0,0,2
36.3050,175.8750,-5.0000,-39.3908,-10.7430,254.2500,257.5075,-0.0900,-0.7500,0.0000,0.7554,0.7600,0.5300,-9.6900,23,-1.6875,-25.7500,23.6875,3,0,0,2
36.3300,175.9375,-5.0000,68.0387,-21.4859,193.3733,206.1168,-0.0600,-0.8900,-0.1300,0.9014,0.7900,0.3800,-9.8200,23,-1.6875,-25.7500,23.6875,3,0,0,2
36.3460,175.9375,-5.0000,111.0106,-3.5810,96.6866,147.2565,-0.0400,-0.8600,-0.1700,0.8776,0.8100,0.3900,-9.8500,23,-0.8750,-26.5625,23.6875,3,0,0,2
36.3700,176.0000,-5.0000,14.3239,14.3239,-28.6479,35.0864,-0.0300,-0.8300,-0.0500,0.8320,0.8200,0.4100,-9.7400,23,-0.8750,-26.5625,23.6875,3,0,0,2
36.3870,175.9375,-4.9375,3.5810,-10.7430,-136.0775,136.5478,-0.0300,-0.7000,-0.0500,0.7024,0.8100,0.5000,-9.7400,23,-0.8750,-26.5625,23.6875,3,0,0,2
36.4070,175.8750,-4.9375,50.1338,-17.9049,-189.7923,197.1169,-0.0200,-0.4600,-0.1700,0.4908,0.8200,0.7200,-9.8700,23,-0.1875,-25.5000,25.2500,3,0,0,2
36.4280,175.8125,-4.9375,53.7148,7.1620,-229.1831,235.5026,0.0000,-0.3500,-0.1500,0.3808,0.8400,0.8200,-9.8500,23,-0.1875,-25.5000,25.2500,3,0,0,2
36.4480,175.7500,-4.9375,17.9049,42.9718,-225.6021,230.3551,-0.0100,-0.3200,-0.1300,0.3455,0.8300,0.8500,-9.8300,23,-1.2500,-25.5000,24.7500,3,0,0,2
36.4690,175.6875,-4.9375,25.0669,60.8768,-225.6021,235.0120,-0.0200,-0.2900,-0.1100,0.3108,0.8300,0.8800,-9.8100,23,-1.2500,-25.5000,24.7500,3,0,0,2
36.4890,175.5625,-4.9375,71.6197,78.7817,-222.0211,246.2302,-0.0300,-0.2500,0.0400,0.2550,0.8100,0.9100,-9.6500,23,-1.2500,-25.5000,24.7500,3,0,0,2
36.5060,175.5000,-5.0000,0.0000,64.4578,-257.8310,265.7662,-0.0300,-0.3200,0.1300,0.3467,0.8200,0.8400,-9.5600,23,-0.8750,-24.6875,23.2500,3,0,0,2
36.5260,175.3750,-4.9375,32.2289,28.6479,-318.7078,321.6116,-0.0100,-0.3500,0.1000,0.3641,0.8400,0.8000,-9.5900,23,-0.8750,-24.6875,23.2500,3,0,0,2
36.5470,175.3125,-4.9375,111.0106,-10.7430,-368.8416,385.3348,0.0000,-0.0600,0.0300,0.0671,0.8400,1.0800,-9.6600,23,-1.2500,-25.5000,23.6875,3,0,0,2
36.5670,175.1250,-4.9375,42.9718,-10.7430,-372.4226,375.0474,0.0000,0.0500,-0.0200,0.0539,0.8400,1.2100,-9.7200,23,-1.2500,-25.5000,23.6875,3,0,0,2
36.5870,175.0000,-4.9375,-57.2958,21.4859,-361.6796,366.8196,-0.0200,0.0600,-0.0400,0.0748,0.8200,1.2200,-9.7400,23,-1.2500,-25.5000,23.6875,3,0,0,2
36.6080,174.9375,-4.9375,-39.3908,14.3239,-358.0986,360.5433,0.0000,0.0300,0.0400,0.0500,0.8300,1.2000,-9.6500,23,-0.5625,-24.6875,23.6875,3,0,0,2
36.6280,174.8125,-4.8750,42.9718,3.5810,-350.9367,353.5759,-0.0100,0.1800,0.0900,0.2015,0.8200,1.3400,-9.6000,23,-0.5625,-24.6875,23.6875,3,0,0,2
36.6490,174.7500,-4.8750,35.8099,-32.2289,-325.8698,329.4118,0.0000,0.2800,0.1200,0.3046,0.8300,1.4400,-9.5700,23,-1.6875,-25.3750,24.7500,3,0,0,2
36.6690,174.6250,-4.8750,17.9049,-39.3908,-307.9648,310.9896,0.0100,0.3300,-0.0500,0.3339,0.8400,1.5000,-9.7500,23,-1.6875,-25.3750,24.7500,3,0,0,2
36.6890,174.4375,-4.8750,-25.0669,-7.1620,-264.9930,266.2723,0.0300,0.4200,0.0000,0.4211,0.8600,1.6000,-9.7000,23,-1.6875,-25.3750,24.7500,3,0,0,2
36.7060,174.4375,-4.8125,-107.4296,-14.3239,-214.8592,240.6465,0.0300,0.4300,0.0500,0.4339,0.8600,1.6300,-9.6400,23,-0.5625,-24.6875,23.6875,3,0,0,2
36.7300,174.3750,-4.8125,-57.2958,-21.4859,-164.7254,175.7239,0.0200,0.4300,0.0700,0.4361,0.8500,1.6400,-9.6200,23,-0.5625,-24.6875,23.6875,3,0,0,2
36.7470,174.3125,-4.8125,46.5528,-53.7148,-103.8486,125.8451,0.0300,0.5400,0.0000,0.5408,0.8600,1.7700,-9.7000,23,-0.5625,-25.7500,24.5000,3,0,0,2
36.7680,174.2500,-4.8125,25.0669,-35.8099,-28.6479,52.2628,0.0400,0.5700,-0.0900,0.5784,0.8700,1.8100,-9.7800,23,-0.5625,-25.7500,24.5000,3,0,0,2
36.7890,174.2500,-4.8125,-85.9437,3.5810,25.0669,89.5963,0.0100,0.4600,0.0900,0.4688,0.8400,1.7200,-9.5900,23,-0.5625,-25.7500,24.5000,3,0,0,2
36.8080,174.2500,-4.8125,-53.7148,-32.2289,93.1056,112.2169,0.0000,0.3700,0.1900,0.4159,0.8300,1.6400,-9.4900,23,-0.1875,-24.6875,24.0625,3,0,0,2
36.8290,174.3125,-4.8125,28.6479,-89.5247,136.0775,165.3858,0.0000,0.4300,0.1000,0.4415,0.8300,1.7100,-9.5800,23,-0.1875,-24.6875,24.0625,3,0,0,2
36.8450,174.3750,-4.8125,-60.8768,-128.9155,171.8873,223.3169,0.0200,0.3500,0.0000,0.3506,0.8400,1.6500,-9.6800,23,-0.5625,-25.5000,23.6875,3,0,0,2
36.8700,174.4375,-4.7500,-82.3627,-143.2395,214.8592,271.0454,0.0200,0.1600,-0.1700,0.2343,0.8300,1.4600,-9.8600,23,-0.5625,-25.5000,23.6875,3,0,0,2
36.8910,174.5625,-4.6875,0.0000,-111.0106,225.6021,251.4352,0.0100,0.1500,-0.2400,0.2832,0.8200,1.4600,-9.9200,23,-0.5625,-25.5000,23.6875,3,0,0,2
36.9070,174.5625,-4.6875,-7.1620,-64.4578,247.0881,255.4576,0.0300,0.1900,-0.2700,0.3315,0.8300,1.4900,-9.9600,23,-0.5625,-25.0625,23.5625,3,0,0,2
36.9310,174.7500,-4.6875,-35.8099,-7.1620,297.2219,299.4570,0.0200,0.1900,-0.2400,0.3068,0.8300,1.4900,-9.9300,23,-0.5625,-25.0625,23.5625,3,0,0,2
36.9480,174.8125,-4.6875,-75.2007,0.0000,333.0317,341.4166,-0.0100,0.0600,-0.0500,0.0787,0.7900,1.3600,-9.7300,23,0.5000,-25.5000,24.5000,3,0,0,2
36.9680,174.9375,-4.7500,-71.6197,-21.4859,372.4226,379.8547,-0.0300,-0.0700,0.0000,0.0762,0.7700,1.2300,-9.6800,23,0.5000,-25.5000,24.5000,3,0,0,2
36.9890,175.0625,-4.7500,-14.3239,-57.2958,376.0036,380.6136,0.0000,-0.2700,-0.0900,0.2846,0.8000,1.0300,-9.7700,23,0.5000,-25.5000,24.5000,3,0,0,2
37.0090,175.1250,-4.7500,7.1620,-64.4578,340.1937,346.3204,0.0000,-0.3300,-0.2100,0.3912,0.8200,0.9700,-9.9000,23,-0.1875,-25.0625,24.5000,3,0,0,2
37.0340,175.3125,-4.7500,-14.3239,-32.2289,290.0599,292.1962,0.0000,-0.4000,-0.3300,0.5186,0.8000,0.9000,-10.0100,23,-0.1875,-25.0625,24.5000,3,0,0,2
37.0510,175.3750,-4.7500,-64.4578,35.8099,236.3451,247.5806,0.0000,-0.3900,-0.3000,0.4920,0.8100,0.9000,-9.9800,23,-0.5625,-25.0625,23.6875,3,0,0,2
37.0710,175.5000,-4.7500,-42.9718,50.1338,200.5352,211.1264,-0.0300,-0.4200,-0.0900,0.4306,0.7800,0.8700,-9.7800,23,-0.5625,-25.0625,23.6875,3,0,0,2
37.0910,175.5625,-4.8125,-14.3239,35.8099,168.3063,172.6689,-0.0200,-0.3500,-0.0300,0.3519,0.7900,0.9200,-9.7200,23,-0.5625,-25.0625,23.6875,3,0,0,2
37.1110,175.5625,-4.8125,14.3239,21.4859,161.1444,163.2003,0.0000,-0.2700,-0.1700,0.3191,0.8200,1.0000,-9.8600,23,0.1875,-24.3750,23.6875,3,0,0,2
37.1320,175.6250,-4.8125,0.0000,42.9718,175.4683,180.6536,0.0000,-0.2900,-0.1800,0.3413,0.8200,0.9700,-9.8600,23,0.1875,-24.3750,23.6875,3,0,0,2
37.1490,175.6875,-4.8125,-25.0669,71.6197,175.4683,191.1723,-0.0300,-0.4600,-0.0600,0.4649,0.7900,0.7900,-9.7500,23,-0.8750,-25.0625,24.0625,3,0,0,2
37.1730,175.7500,-4.8750,-17.9049,82.3627,143.2395,166.1979,-0.0100,-0.5700,-0.0100,0.5702,0.8100,0.6700,-9.7000,23,-0.8750,-25.0625,24.0625,3,0,0,2
37.1890,175.8125,-4.8750,7.1620,60.8768,89.5247,108.4986,-0.0200,-0.6100,0.0300,0.6111,0.8100,0.6100,-9.6500,23,-0.8750,-25.0625,24.0625,3,0,0,2
37.2110,175.8125,-4.8750,-25.0669,50.1338,7.1620,56.5070,-0.0400,-0.5800,0.0500,0.5835,0.7900,0.6200,-9.6400,23,0.1875,-24.6875,24.5000,3,0,0,2
37.2350,175.8125,-4.8750,-64.4578,39.3908,-85.9437,114.4236,-0.0500,-0.6000,0.0300,0.6028,0.7800,0.5800,-9.6600,23,0.1875,-24.6875,24.5000,3,0,0,2
37.2510,175.7500,-4.8750,0.0000,25.0669,-161.1444,163.0824,-0.0300,-0.5600,-0.0200,0.5612,0.8000,0.6000,-9.7200,23,-0.5625,-24.6875,23.2500,3,0,0,2
37.2760,175.6875,-4.8750,89.5247,53.7148,-232.7641,255.1060,-0.0200,-0.2200,0.0000,0.2209,0.8100,0.9300,-9.7000,23,-0.5625,-24.6875,23.2500,3,0,0,2
37.2910,175.5625,-4.8750,7.1620,68.0387,-239.9261,249.4897,-0.0100,-0.1300,0.1000,0.1643,0.8300,1.0100,-9.5900,23,-0.5625,-24.6875,23.2500,3,0,0,2
37.3120,175.5000,-4.8750,-100.2676,39.3908,-243.5071,266.2723,-0.0200,-0.2300,0.1400,0.2700,0.8200,0.9300,-9.5500,23,-1.2500,-24.3750,24.0625,3,0,0,2
37.3370,175.4375,-4.8750,-21.4859,0.0000,-268.5740,269.4320,-0.0200,-0.2400,0.0500,0.2460,0.8100,0.9200,-9.6400,23,-1.2500,-24.3750,24.0625,3,0,0,2
37.3530,175.3125,-4.8750,93.1056,0.0000,-290.0599,304.6365,0.0000,0.0200,0.0700,0.0728,0.8400,1.1800,-9.6300,23,-0.5625,-25.3750,24.5000,3,0,0,2
37.3740,175.2500,-4.8750,21.4859,-7.1620,-293.6409,294.5130,0.0200,0.1000,0.0000,0.1020,0.8500,1.2600,-9.6900,23,-0.5625,-25.3750,24.5000,3,0,0,2
37.3940,175.1250,-4.8750,-28.6479,-10.7430,-293.6409,295.2305,0.0100,0.1000,-0.0200,0.1025,0.8500,1.2600,-9.7300,23,-0.5625,-25.3750,24.5000,3,0,0,2
37.4140,175.0000,-4.8750,32.2289,-3.5810,-272.1550,274.0800,0.0200,0.2100,0.0100,0.2112,0.8500,1.3800,-9.6800,23,-0.1875,-25.0625,24.0625,3,0,0,2
37.4350,174.9375,-4.8125,21.4859,10.7430,-254.2500,255.3823,0.0000,0.3300,0.1300,0.3547,0.8300,1.4700,-9.5500,23,-0.1875,-25.0625,24.0625,3,0,0,2
37.4560,174.8750,-4.8125,-57.2958,-17.9049,-200.5352,209.3269,0.0000,0.2400,0.1200,0.2683,0.8200,1.4200,-9.5700,23,-0.8750,-25.5000,22.8750,3,0,0,2
37.4770,174.8125,-4.8125,0.0000,-60.8768,-175.4683,185.7286,0.0100,0.1600,0.0200,0.1616,0.8400,1.3900,-9.7200,23,-0.8750,-25.5000,22.8750,3,0,0,2
37.4960,174.7500,-4.7500,93.1056,-68.0387,-168.3063,204.0220,0.0300,0.3300,-0.0800,0.3409,0.8500,1.5100,-9.7800,23,-0.8750,-25.7500,23.6875,3,0,0,2
37.5170,174.6875,-4.7500,7.1620,-60.8768,-121.7535,136.3129,0.0200,0.3800,-0.1200,0.3990,0.8400,1.5600,-9.8200,23,-0.8750,-25.7500,23.6875,3,0,0,2
37.5370,174.6875,-4.7500,-53.7148,-25.0669,-78.7817,98.5910,0.0100,0.2600,-0.1000,0.2787,0.8300,1.4500,-9.7400,23,-0.8750,-25.7500,23.6875,3,0,0,2
37.5580,174.6250,-4.7500,-46.5528,-7.1620,-46.5528,66.2240,0.0000,0.1700,-0.0400,0.1746,0.8200,1.3700,-9.7400,23,-0.8750,-24.6875,23.6875,3,0,0,2
37.5820,174.6250,-4.7500,3.5810,-17.9049,-14.3239,23.2074,0.0200,0.1400,-0.0200,0.1428,0.8400,1.3400,-9.7200,23,-0.8750,-24.6875,23.6875,3,0,0,2
37.6030,174.6250,-4.7500,0.0000,-25.0669,-3.5810,25.3214,0.0000,0.2000,0.0000,0.2000,0.8200,1.4000,-9.6900,23,-0.5625,-25.5000,23.2500,3,0,0,2
37.6240,174.6250,-4.7500,-3.5810,-64.4578,-7.1620,64.9532,0.0200,0.1700,-0.1500,0.2276,0.8300,1.3700,-9.8500,23,-0.5625,-25.5000,23.2500,3,0,0,2
37.6400,174.6250,-4.6875,-7.1620,-42.9718,17.9049,47.1005,0.0300,0.1800,-0.2400,0.3015,0.8400,1.3900,-9.9400,23,-0.5625,-25.5000,23.2500,3,0,0,2
37.6640,174.6250,-4.6875,-21.4859,10.7430,28.6479,37.3866,0.0300,0.1300,-0.2000,0.2404,0.8400,1.3400,-9.9000,23,-0.1875,-24.6875,24.0625,3,0,0,2
37.6860,174.6875,-4.6875,-7.1620,25.0669,50.1338,56.5070,0.0100,0.1700,-0.0300,0.1729,0.8300,1.3700,-9.7300,23,-0.1875,-24.6875,24.0625,3,0,0,2
37.7020,174.6875,-4.7500,-39.3908,42.9718,85.9437,103.8486,0.0000,0.1400,0.0300,0.1432,0.8100,1.3500,-9.6600,23,-0.8750,-25.0625,24.0625,3,0,0,2
37.7260,174.6875,-4.7500,-25.0669,0.0000,100.2676,103.3535,0.0200,0.0400,-0.0400,0.0600,0.8300,1.2500,-9.7400,23,-0.8750,-25.0625,24.0625,3,0,0,2
37.7420,174.7500,-4.7500,35.8099,0.0000,114.5916,120.0565,0.0100,0.0400,-0.0700,0.0812,0.8300,1.2500,-9.7700,23,-0.8750,-25.0625,24.0625,3,0,0,2
37.7630,174.8125,-4.7500,-17.9049,0.0000,118.1725,119.5213,-0.0100,0.0100,0.0000,0.0141,0.8000,1.2300,-9.6800,23,-0.5625,-25.0625,24.0625,3,0,0,2
37.7830,174.8125,-4.7500,-89.5247,-3.5810,118.1725,148.2978,0.0100,-0.1800,-0.0700,0.1934,0.8300,1.0300,-9.7700,23,-0.5625,-25.0625,24.0625,3,0,0,2
37.8030,174.8750,-4.7500,17.9049,3.5810,85.9437,87.8620,0.0200,-0.1900,-0.1700,0.2557,0.8400,1.0100,-9.8700,23,0.1875,-24.3750,23.6875,3,0,0,2
37.8240,174.8750,-4.7500,96.6866,57.2958,60.8768,127.8166,0.0100,-0.0100,-0.1000,0.1010,0.8300,1.1900,-9.7900,23,0.1875,-24.3750,23.6875,3,0,0,2
37.8410,174.9375,-4.8125,-10.7430,60.8768,60.8768,86.7604,0.0100,-0.0700,0.1300,0.1480,0.8300,1.1200,-9.5600,23,0.1875,-24.3750,23.6875,3,0,0,2
37.8650,174.9375,-4.8125,-85.9437,39.3908,42.9718,103.8486,0.0000,-0.1500,0.1700,0.2267,0.8200,1.0500,-9.5200,23,-0.5625,-25.5000,24.0625,3,0,0,2
37.8860,174.9375,-4.8125,-39.3908,-28.6479,17.9049,51.8934,0.0000,-0.1200,0.1000,0.1562,0.8200,1.0800,-9.5800,23,-0.5625,-25.5000,24.0625,3,0,0,2
37.9070,174.9375,-4.8125,7.1620,-57.2958,10.7430,58.7325,0.0100,-0.1300,-0.0400,0.1364,0.8300,1.0700,-9.7400,23,0.1875,-24.6875,24.0625,3,0,0,2
37.9310,174.9375,-4.7500,28.6479,-46.5528,-10.7430,55.7071,0.0200,-0.0600,-0.1300,0.1446,0.8200,1.1500,-9.7400,23,0.1875,-24.6875,24.0625,3,0,0,2
37.9480,174.9375,-4.7500,3.5810,-7.1620,0.0000,8.0073,0.0000,-0.0200,-0.0100,0.0224,0.8300,1.1700,-9.6800,23,-0.8750,-25.5000,23.6875,3,0,0,2
37.9710,174.9375,-4.7500,-39.3908,0.0000,17.9049,43.2692,0.0000,-0.0800,0.0800,0.1131,0.8200,1.1200,-9.6100,23,-0.8750,-25.5000,23.6875,3,0,0,2
37.9920,174.9375,-4.7500,3.5810,-17.9049,-3.5810,18.6074,0.0000,-0.0900,0.1600,0.1836,0.8200,1.1100,-9.5200,23,-0.8750,-25.5000,23.6875,3,0,0,2
38.0130,174.9375,-4.7500,-3.5810,-46.5528,-14.3239,48.8381,0.0000,-0.1100,0.1400,0.1780,0.8100,1.0900,-9.5500,23,-0.8750,-24.6875,24.0625,3,0,0,2
38.0330,174.9375,-4.7500,3.5810,-96.6866,-32.2289,101.9795,0.0000,-0.1400,0.0000,0.1400,0.8200,1.0600,-9.6900,23,-0.8750,-24.6875,24.0625,3,0,0,2
38.0530,174.9375,-4.6875,75.2007,-89.5247,-53.7148,128.6666,0.0200,0.0000,-0.1400,0.1414,0.8300,1.2000,-9.8400,23,-0.1875,-24.6875,22.8750,3,0,0,2
38.0740,174.8750,-4.6875,96.6866,-57.2958,-46.5528,121.6482,0.0400,0.0400,-0.1400,0.1510,0.8500,1.2400,-9.8400,23,-0.1875,-24.6875,22.8750,3,0,0,2
38.0940,174.8750,-4.6875,32.2289,-25.0669,-25.0669,47.9103,0.0000,0.1600,0.0100,0.1603,0.8100,1.3600,-9.6800,23,-0.1875,-24.6875,22.8750,3,0,0,2
38.1160,174.8750,-4.6875,-96.6866,-25.0669,7.1620,100.1396,0.0000,0.0500,0.0600,0.0781,0.8000,1.2500,-9.6300,23,-0.5625,-24.3750,24.7500,3,0,0,2
38.1360,174.8750,-4.6875,-25.0669,-57.2958,14.3239,64.1586,0.0100,-0.0800,-0.0100,0.0812,0.8100,1.1200,-9.7100,23,-0.5625,-24.3750,24.7500,3,0,0,2
38.1530,174.8750,-4.6250,93.1056,-64.4578,-7.1620,113.4670,0.0300,0.0200,-0.0500,0.0616,0.8300,1.2200,-9.7500,23,-0.5625,-25.0625,24.7500,3,0,0,2
38.1770,174.8750,-4.6250,53.7148,-42.9718,-10.7430,69.6223,0.0500,0.0200,-0.1400,0.1500,0.8400,1.2200,-9.8500,23,-0.5625,-25.0625,24.7500,3,0,0,2
38.1930,174.8750,-4.6250,21.4859,-28.6479,-10.7430,37.3866,0.0100,0.0000,-0.1600,0.1603,0.8100,1.2000,-9.8600,23,-0.5625,-25.0625,24.7500,3,0,0,2
38.2140,174.8750,-4.6250,82.3627,-7.1620,-7.1620,82.9831,0.0400,0.0800,-0.1900,0.2100,0.8300,1.2800,-9.8900,23,-0.5625,-25.0625,24.0625,3,0,0,2
38.2380,174.8750,-4.6250,28.6479,25.0669,7.1620,38.7343,0.0300,0.1400,0.0000,0.1432,0.8300,1.3400,-9.6900,23,-0.5625,-25.0625,24.0625,3,0,0,2
38.2550,174.9375,-4.6250,-60.8768,68.0387,222.0211,240.0597,-0.2800,-0.0600,0.0900,0.3002,0.5100,1.1200,-9.6000,23,-0.8750,-25.7500,24.5000,3,0,0,2
38.2790,175.0000,-4.6250,-10.7430,-46.5528,46.5528,66.7064,-0.1300,-0.1400,0.0000,0.1910,0.6600,1.0500,-9.7000,23,-0.8750,-25.7500,24.5000,3,0,0,2
38.2950,175.0000,-4.6250,125.3345,-53.7148,3.5810,136.4069,0.0100,-0.0300,-0.1300,0.1338,0.8100,1.1500,-9.8300,23,-0.8750,-25.7500,24.5000,3,0,0,2
38.3160,175.0000,-4.6250,114.5916,-10.7430,-7.1620,115.3167,0.0600,0.1500,-0.0300,0.1643,0.8500,1.3300,-9.7400,23,-0.5625,-24.6875,24.0625,3,0,0,2
38.3410,175.0000,-4.6250,3.5810,-32.2289,25.0669,40.9863,0.0100,0.0100,-0.0100,0.0173,0.8000,1.2000,-9.7200,23,-0.5625,-24.6875,24.0625,3,0,0,2
38.3610,175.0000,-4.6250,-25.0669,-53.7148,46.5528,75.3710,-0.0200,0.0000,-0.0300,0.0361,0.8100,1.0400,-9.7600,23,0.1875,-24.3750,23.6875,3,0,0,2
38.3810,175.0000,-4.5625,28.6479,-57.2958,42.9718,77.1368,0.0200,-0.2300,-0.0300,0.2328,0.8100,0.9400,-9.7400,23,0.1875,-24.3750,23.6875,3,0,0,2
38.4020,175.0000,-4.5625,42.9718,-50.1338,-3.5810,66.1272,-0.0200,-0.1600,-0.0800,0.1800,0.7000,1.0700,-9.7600,23,-0.5625,-25.5000,24.7500,3,0,0,2
38.4220,175.0000,-4.5625,89.5247,-42.9718,-32.2289,104.4028,0.0300,0.1000,-0.1700,0.1995,0.8100,1.2700,-9.8800,23,-0.5625,-25.5000,24.7500,3,0,0,2
38.4430,175.0000,-4.5625,93.1056,-10.7430,21.4859,96.1547,-0.0200,0.2200,-0.1200,0.2514,0.7600,1.3800,-9.8300,23,-0.5625,-25.5000,24.7500,3,0,0,2
38.4670,175.0000,-4.5625,28.6479,28.6479,78.7817,88.5887,0.0200,0.0500,-0.0300,0.0616,0.8000,1.2200,-9.7400,23,-0.1875,-25.0625,24.5000,3,0,0,2
38.4870,175.0625,-4.5625,-14.3239,28.6479,96.6866,101.8537,0.0000,-0.0900,0.0800,0.1204,0.7700,1.0600,-9.6100,23,-0.1875,-25.0625,24.5000,3,0,0,2
38.5090,175.0625,-4.5625,42.9718,-3.5810,68.0387,80.5523,-0.0200,-0.1200,0.2300,0.2602,0.7500,1.0300,-9.4700,23,-0.5625,-24.6875,24.5000,3,0,0,2
38.5290,175.1250,-4.5625,75.2007,-57.2958,39.3908,102.4187,0.0000,-0.0800,0.0700,0.1063,0.7800,1.0700,-9.6300,23,-0.5625,-24.6875,24.5000,3,0,0,2
38.5500,175.1250,-4.5625,50.1338,-82.3627,10.7430,97.0176,0.0100,-0.1000,-0.0600,0.1170,0.7900,1.0400,-9.7700,23,-0.5625,-25.0625,24.0625,3,0,0,2
38.5700,175.1250,-4.5000,32.2289,-53.7148,-14.3239,64.2585,0.0000,-0.0500,-0.0900,0.1030,0.8000,1.0900,-9.7500,23,-0.5625,-25.0625,24.0625,3,0,0,0
38.5940,175.1250,-4.5000,10.7430,-32.2289,-17.9049,38.4018,-0.0200,0.0000,0.1100,0.1118,0.7400,1.1500,-9.5900,23,-0.5625,-25.0625,24.0625,3,0,0,0
38.6150,175.1250,-4.5000,28.6479,-50.1338,-14.3239,59.4918,-0.0100,0.0200,0.1600,0.1616,0.7600,1.1700,-9.5300,23,-0.8750,-24.3750,24.0625,3,0,0,0
38.6350,175.1250,-4.5000,-32.2289,-96.6866,-10.7430,102.4813,0.0200,-0.0600,0.0000,0.0632,0.7900,1.0800,-9.7000,23,-0.8750,-24.3750,24.0625,3,0,0,0
38.6550,175.1250,-4.4375,7.1620,-103.8486,-32.2289,108.9703,0.0000,-0.0600,-0.0300,0.0671,0.7700,1.0900,-9.7400,23,-24.7500,-60.3750,-30.0625,3,0,0,0
38.6760,175.1250,-4.4375,42.9718,-78.7817,-17.9049,91.5080,0.0000,0.0200,-0.0800,0.0825,0.7400,1.1700,-9.7900,23,-24.7500,-60.3750,-30.0625,3,0,0,0
38.6960,175.1250,-4.3750,32.2289,-53.7148,14.3239,64.2585,0.0200,0.0300,-0.0400,0.0539,0.7800,1.1800,-9.7500,23,-24.7500,-60.3750,-30.0625,3,0,0,0
38.7170,175.1250,-4.3750,28.6479,-46.5528,60.8768,81.8159,-0.0100,-0.0400,0.0200,0.0458,0.7300,1.1000,-9.6800,23,-15.0625,-38.0000,-19.5000,2,0,0,0
38.7380,175.1250,-4.3750,-21.4859,-60.8768,50.1338,81.7375,0.0000,-0.1500,0.0800,0.1700,0.7500,0.9900,-9.6200,23,-15.0625,-38.0000,-19.5000,2,0,0,0
38.7580,175.1250,-4.3125,-50.1338,-68.0387,7.1620,84.8172,0.0000,-0.2900,0.0800,0.3008,0.7500,0.8500,-9.6200,23,-14.6875,-37.2500,-19.5000,1,0,0,0
38.7790,175.1250,-4.3125,7.1620,-93.1056,-39.3908,101.3489,0.0100,-0.2000,0.0000,0.2002,0.7500,0.9300,-9.7000,23,-14.6875,-37.2500,-19.5000,1,0,0,0
38.7990,175.1250,-4.2500,42.9718,-75.2007,-53.7148,101.9167,0.0200,0.0300,0.0400,0.0539,0.7500,1.1800,-9.6600,23,-14.6875,-37.2500,-19.5000,1,0,0,0
38.8200,175.1250,-4.2500,-68.0387,-82.3627,-21.4859,108.9703,-0.0300,0.0200,0.1200,0.1253,0.7000,1.1600,-9.5800,23,-15.5000,-36.8750,-20.2500,1,0,0,0
38.8440,175.1250,-4.1875,-71.6197,-111.0106,7.1620,132.3028,-0.0200,-0.2200,0.0600,0.2289,0.7100,0.8900,-9.7300,23,-15.5000,-36.8750,-20.2500,1,0,0,0
38.8600,175.1250,-4.1875,75.2007,-157.5634,3.5810,174.6259,0.0000,-0.2000,-0.1000,0.2236,0.7200,0.9400,-9.8200,23,-15.2500,-36.2500,-17.8750,0,0,0,0
38.8820,175.1250,-4.1250,60.8768,-125.3345,-25.0669,141.5736,0.0600,-0.1000,-0.2000,0.2315,0.7300,0.9600,-9.9000,23,-15.2500,-36.2500,-17.8750,0,0,0,0
38.9020,175.1250,-4.0625,-82.3627,-85.9437,-60.8768,133.7008,0.0100,-0.2100,-0.1500,0.2583,0.7200,0.8900,-9.8500,23,-13.3750,-37.2500,-18.1875,0,0,0,0
38.9230,175.0625,-4.0625,-35.8099,-78.7817,-111.0106,140.7560,0.0100,-0.1900,-0.1400,0.2362,0.7000,1.0200,-9.8500,23,-13.3750,-37.2500,-18.1875,0,0,0,0
38.9420,175.0625,-4.0000,46.5528,-78.7817,-139.6585,166.9677,0.0200,0.0200,-0.1300,0.1330,0.7100,1.1500,-9.8500,23,-13.3750,-37.2500,-18.1875,0,0,0,0
38.9640,175.0000,-4.0000,10.7430,-78.7817,-128.9155,151.4634,-0.0100,-0.0400,-0.2300,0.2337,0.6600,1.0900,-9.9500,23,-16.0625,-36.3750,-17.8750,0,0,0,0
38.9830,174.9375,-3.9375,64.4578,-53.7148,-107.4296,136.3129,0.0100,-0.0200,-0.3000,0.3008,0.6900,1.1100,-10.0200,23,-16.0625,-36.3750,-17.8750,0,0,0,0
39.0040,174.9375,-3.9375,114.5916,-32.2289,-103.8486,157.9698,0.0000,0.1400,-0.2300,0.2693,0.6800,1.2700,-9.9500,23,-14.1875,-37.1875,-18.2500,0,0,0,0
39.0240,174.8750,-3.9375,-39.3908,17.9049,-46.5528,63.5562,0.0600,0.0300,-0.1800,0.1921,0.7400,1.1600,-9.8900,23,-14.1875,-37.1875,-18.2500,0,0,0,0
39.0450,174.8750,-3.9375,-82.3627,35.8099,-53.7148,104.6482,0.0100,-0.1500,-0.1700,0.2269,0.6900,0.9800,-9.8900,23,-14.1875,-37.1875,-18.2500,0,0,0,0
39.0650,174.8750,-3.9375,-35.8099,42.9718,-75.2007,93.7234,0.0000,-0.1100,-0.0800,0.1360,0.6700,1.0100,-9.7900,23,-14.5625,-36.6875,-17.8750,0,0,0,0
39.0860,174.8125,-3.9375,68.0387,35.8099,-103.8486,129.2136,0.0100,-0.0200,-0.1100,0.1122,0.6900,1.1100,-9.8300,23,-14.5625,-36.6875,-17.8750,0,0,0,0
39.1060,174.8125,-3.9375,60.8768,25.0669,-111.0106,129.0646,0.0200,-0.0400,-0.1400,0.1470,0.7100,1.0800,-9.8600,23,-14.5625,-35.5625,-18.1875,0,0,0,0
39.1270,174.7500,-3.9375,14.3239,50.1338,-143.2395,152.4340,0.0600,0.0400,-0.0100,0.0728,0.7400,1.1700,-9.7300,23,-14.5625,-35.5625,-18.1875,0,0,0,0
39.1470,174.6875,-4.0000,10.7430,85.9437,-132.4965,158.2942,0.0200,0.1600,0.1700,0.2343,0.7100,1.2900,-9.5300,23,-14.5625,-35.5625,-18.1875,0,0,0,0
39.1680,174.6250,-4.0000,-32.2289,35.8099,-100.2676,111.2414,-0.0300,0.1900,0.3700,0.4170,0.6500,1.3200,-9.3400,23,-13.8750,-36.0625,-18.5625,0,0,0,0
39.1880,174.6250,-4.0000,-3.5810,-53.7148,-46.5528,71.1707,0.0000,0.1000,0.1800,0.2059,0.6800,1.2300,-9.5300,23,-13.8750,-36.0625,-18.5625,0,0,0,0
39.2080,174.6250,-3.9375,64.4578,-96.6866,-25.0669,118.8758,0.0700,0.0800,-0.0800,0.1330,0.7600,1.2100,-9.8000,23,-13.8750,-36.3750,-17.8750,0,0,0,0
39.2290,174.6250,-3.9375,42.9718,-60.8768,-25.0669,78.6188,0.0700,0.0700,-0.2400,0.2596,0.7500,1.2000,-9.9600,23,-13.8750,-36.3750,-17.8750,0,0,0,0
39.2500,174.6250,-3.9375,14.3239,21.4859,-21.4859,33.5926,0.0700,0.0300,0.0000,0.0762,0.7500,1.1500,-9.7100,23,-13.8750,-36.3750,-17.8750,0,0,0,0
39.2740,174.6250,-3.9375,3.5810,50.1338,-10.7430,51.3968,0.0200,0.1800,0.2700,0.3251,0.7100,1.3000,-9.4400,23,-14.5625,-36.3750,-17.3750,0,0,0,0
39.2940,174.6250,-3.9375,-103.8486,-17.9049,10.7430,105.9270,0.0000,0.0000,0.2300,0.2300,0.6700,1.1200,-9.4800,23,-14.5625,-36.3750,-17.3750,0,0,0,0
39.3150,174.6250,-3.9375,-3.5810,-114.5916,21.4859,116.6435,0.0000,-0.0200,0.1600,0.1612,0.6400,1.2100,-9.7100,23,-14.5625,-36.0625,-18.5625,0,0,0,0
39.3360,174.6250,-3.8750,103.8486,-157.5634,42.9718,193.5390,-0.0100,0.0200,-0.1800,0.1814,0.6500,1.1500,-9.9000,23,-14.5625,-36.0625,-18.5625,0,0,0,0
39.3570,174.6250,-3.8125,28.6479,-157.5634,39.3908,164.9199,0.0400,-0.1600,-0.3200,0.3600,0.7000,0.9600,-10.0400,23,-15.0000,-36.3750,-17.8750,0,0,0,0
39.3770,174.6250,-3.8125,114.5916,-53.7148,14.3239,127.3644,0.1000,-0.1100,-0.3600,0.3895,0.7500,1.0000,-10.0800,23,-15.0000,-36.3750,-17.8750,0,0,0,0
39.3970,174.6250,-3.7500,57.2958,7.1620,-7.1620,58.1841,0.0700,0.0900,-0.2600,0.2839,0.7200,1.2000,-9.9800,23,-15.0000,-36.3750,-17.8750,0,0,0,0
39.4180,174.6250,-3.8125,-111.0106,42.9718,-10.7430,119.5213,0.0200,-0.0200,-0.0800,0.0849,0.6800,1.0900,-9.8000,23,-14.5625,-36.0625,-17.3750,0,0,0,0
39.4420,174.6250,-3.8125,-107.4296,21.4859,-14.3239,110.4895,-0.0200,-0.1100,0.0300,0.1158,0.6200,1.0000,-9.6800,23,-14.5625,-36.0625,-17.3750,0,0,0,0
39.4630,174.6250,-3.7500,-14.3239,-35.8099,-21.4859,44.1494,-0.0100,-0.0600,-0.0100,0.0616,0.6300,1.0600,-9.7300,23,-14.5625,-35.6875,-18.1875,0,0,0,0
39.4840,174.6250,-3.7500,50.1338,-53.7148,-21.4859,76.5527,0.0400,-0.0700,-0.2500,0.2627,0.6900,1.1300,-10.0000,23,-14.5625,-35.6875,-18.1875,0,0,0,0
39.5030,174.6250,-3.7500,53.7148,-28.6479,-21.4859,64.5572,0.0600,0.0400,-0.2700,0.2795,0.7100,1.1600,-9.9900,23,-14.2500,-36.3750,-19.0000,0,0,0,0
39.5240,174.6250,-3.7500,0.0000,10.7430,-17.9049,20.8806,0.0300,0.0300,-0.2800,0.2832,0.7100,1.0600,-10.0100,23,-14.2500,-36.3750,-19.0000,0,0,0,0
39.5450,174.6250,-3.7500,-35.8099,53.7148,-10.7430,65.4449,0.0500,-0.0400,-0.2100,0.2195,0.7000,1.0700,-9.9300,23,-14.2500,-36.3750,-19.0000,0,0,0,0
39.5650,174.6250,-3.8125,-25.0669,82.3627,-17.9049,87.9349,0.0000,-0.0200,-0.1300,0.1315,0.6800,1.0800,-9.7100,23,-13.8750,-36.0625,-19.3750,0,0,0,0
39.5850,174.6250,-3.8125,-42.9718,93.1056,10.7430,103.1051,0.0000,-0.0700,0.0000,0.0700,0.6500,1.0400,-9.7100,23,-13.8750,-36.0625,-19.3750,0,0,0,0
39.6060,174.6250,-3.8750,14.3239,60.8768,10.7430,63.4552,0.0200,-0.1100,-0.1000,0.1500,0.6800,1.0000,-9.8200,23,-14.5000,-36.3750,-18.1875,0,0,0,0
39.6270,174.6250,-3.8750,53.7148,50.1338,-10.7430,74.2569,0.0400,-0.0500,-0.1400,0.1539,0.7100,1.0600,-9.8500,23,-14.5000,-36.3750,-18.1875,0,0,0,0
39.6470,174.6250,-3.8750,-21.4859,71.6197,-35.8099,82.9058,0.0100,-0.1000,0.0200,0.1025,0.6900,1.0000,-9.6900,23,-14.5000,-36.3750,-18.1875,0,0,0,0
39.6680,174.6250,-3.9375,-28.6479,75.2007,-64.4578,103.1051,0.0000,-0.1100,0.1100,0.1556,0.6800,1.0000,-9.6000,23,-15.2500,-36.3750,-17.0625,0,0,0,0
39.6880,174.6250,-3.9375,28.6479,39.3908,-89.5247,101.9167,0.0100,0.0000,0.0200,0.0224,0.6900,1.1100,-9.6900,23,-15.2500,-36.3750,-17.0625,0,0,0,0
39.7070,174.5625,-3.9375,46.5528,25.0669,-93.1056,107.0709,0.0400,0.0900,0.0100,0.0990,0.7200,1.2000,-9.7000,23,-14.1875,-37.1875,-18.5625,0,0,0,0
39.7290,174.5625,-3.9375,35.8099,35.8099,-71.6197,87.7159,0.0200,0.1300,0.0300,0.1349,0.7100,1.2400,-9.6800,23,-14.1875,-37.1875,-18.5625,0,0,0,0
39.7490,174.5000,-3.9375,39.3908,46.5528,-25.0669,65.9330,0.0400,0.0400,0.1000,0.1149,0.7200,1.1500,-9.6100,23,-14.1875,-37.1875,-18.5625,0,0,0,0
39.7700,174.5000,-3.9375,96.6866,21.4859,-10.7430,99.6261,0.0300,0.0200,0.2100,0.2131,0.7200,1.1200,-9.5000,23,-15.2500,-35.6875,-18.5625,0,0,0,0
39.7900,174.5000,-4.0000,136.0775,-7.1620,3.5810,136.3129,0.0400,0.1900,0.2400,0.3087,0.7300,1.2900,-9.4700,23,-15.2500,-35.6875,-18.5625,0,0,0,0
39.8110,174.5000,-3.9375,17.9049,-53.7148,14.3239,58.4041,0.0400,-0.0700,0.0700,0.1068,0.7200,1.0200,-9.6400,23,-14.8750,-36.3750,-18.1875,0,0,0,0
39.8360,174.5000,-3.9375,93.1056,-64.4578,14.3239,114.1431,0.0100,-0.0900,-0.1200,0.1503,0.6900,1.0000,-9.8400,23,-14.8750,-36.3750,-18.1875,0,0,0,0
39.8520,174.5000,-3.9375,200.5352,0.0000,3.5810,200.5672,0.1400,0.0300,-0.1700,0.2223,0.8200,1.1200,-9.8900,23,-14.8750,-36.3750,-18.1875,0,0,0,0
39.8730,174.5000,-3.9375,32.2289,82.3627,25.0669,91.9275,0.0900,0.0000,-0.0100,0.0906,0.7700,1.0800,-9.7400,23,-15.2500,-36.7500,-18.1875,0,0,0,0
39.8970,174.5000,-4.0000,-257.8310,121.7535,-7.1620,285.2228,0.0000,-0.2800,-0.0700,0.2886,0.8300,0.6500,-9.6200,23,-15.2500,-36.7500,-18.1875,0,0,0,0
39.9130,174.5000,-4.0625,-211.2782,143.2395,-96.6866,272.9548,0.0800,-0.3400,0.2600,0.4354,0.7700,0.7600,-9.4500,23,-15.2500,-36.2500,-18.5625,0,0,0,0
39.9380,174.4375,-4.0625,-25.0669,50.1338,-150.4014,160.5065,0.0800,-0.0100,0.4500,0.4572,0.7800,1.0900,-9.2600,23,-15.2500,-36.2500,-18.5625,0,0,0,0
39.9580,174.3750,-4.0625,-14.3239,-107.4296,-121.7535,163.0037,0.0500,-0.0900,0.1800,0.2074,0.7400,1.0100,-9.5200,23,-14.8750,-35.5625,-17.3750,0,0,0,0
39.9780,174.3750,-4.0000,121.7535,-200.5352,-89.5247,251.1035,0.0800,-0.1900,-0.1200,0.2385,0.7600,0.9100,-9.8400,23,-14.8750,-35.5625,-17.3750,0,0,0,0
40.0000,174.3125,-3.8750,368.8416,-168.3063,-93.1056,415.9805,0.0900,0.1200,-0.1800,0.2343,0.7600,1.2100,-9.9100,23,-14.8750,-35.5625,-17.3750,0,0,0,0
40.0200,174.3125,-3.8750,290.0599,-85.9437,-14.3239,302.8634,0.0000,0.8800,-0.3200,0.9364,0.6700,1.9500,-10.0500,23,-14.5000,-36.2500,-19.0000,0,0,0,0
40.0440,174.3125,-3.8750,71.6197,21.4859,164.7254,180.9018,0.1000,0.6700,-0.1500,0.6938,0.7600,1.7400,-9.8700,23,-14.5000,-36.2500,-19.0000,0,0,0,0
40.0610,174.4375,-3.8750,42.9718,57.2958,333.0317,340.6457,0.0900,0.1000,0.0600,0.1473,0.7600,1.1600,-9.6500,23,-14.1875,-36.6875,-19.3750,0,0,0,0
40.0860,174.5625,-3.9375,82.3627,75.2007,411.8134,426.6487,0.1400,-0.2600,0.0800,0.3059,0.8200,0.7800,-9.6300,23,-14.1875,-36.6875,-19.3750,0,0,0,0
40.1020,174.6875,-3.9375,118.1725,89.5247,315.1268,348.2590,0.0700,-0.4500,0.4100,0.6128,0.7500,0.5800,-9.3000,23,-14.1875,-36.6875,-19.3750,0,0,0,0
40.1230,174.7500,-4.0000,78.7817,42.9718,153.9824,178.2238,0.0100,-0.4100,0.6100,0.7351,0.7000,0.6200,-9.1000,23,-14.1875,-36.2500,-18.1875,0,0,0,0
40.1460,174.7500,-4.0000,57.2958,-75.2007,35.8099,101.0955,-0.0300,-0.5200,0.5500,0.7575,0.6400,0.5100,-9.1700,23,-14.1875,-36.2500,-18.1875,0,0,0,0
40.1630,174.7500,-3.9375,179.0493,-171.8873,-53.7148,253.9472,0.0000,-0.7200,0.3400,0.7962,0.6700,0.3000,-9.3800,23,-14.8750,-36.2500,-17.8750,0,0,0,0
40.1880,174.6875,-3.8125,487.0141,-214.8592,-161.1444,556.1607,0.0700,-0.6300,0.1500,0.6514,0.7900,0.3500,-9.5800,23,-14.8750,-36.2500,-17.8750,0,0,0,0
40.2040,174.6250,-3.7500,662.4825,-179.0493,-272.1550,738.2479,0.1500,-0.5100,0.2300,0.5792,0.8000,0.4500,-9.5000,23,-14.8750,-36.6875,-19.0000,0,0,0,0
40.2290,174.5000,-3.6875,583.7008,-128.9155,-368.8416,702.4030,-0.0800,-0.2700,0.7200,0.7731,0.5500,0.6500,-9.0200,23,-14.8750,-36.6875,-19.0000,0,0,0,0
40.2490,174.3750,-3.6250,418.9754,-207.6972,-354.5177,586.8231,-0.0500,-0.5200,0.5000,0.7231,0.5700,0.3700,-9.2300,23,-14.8750,-36.6875,-19.0000,0,0,0,0
40.2700,174.2500,-3.5625,519.2430,-232.7641,-350.9367,668.5424,0.1000,-0.7600,0.3200,0.8307,0.7100,0.1000,-9.4100,23,-14.5000,-35.8750,-17.3750,0,0,0,0
40.2910,174.1250,-3.5000,963.2853,-100.2676,-501.3381,1090.5557,0.1600,-0.4800,0.7200,0.8800,0.7600,0.3200,-9.0200,23,-14.5000,-35.8750,-17.3750,0,0,0,0
40.3100,173.8125,-3.4375,834.3698,-118.1725,-590.8627,1029.2019,0.0100,0.1900,1.5500,1.5616,0.6000,0.9500,-8.2000,23,-13.7500,-36.6875,-17.0000,0,0,0,0
40.3310,173.6250,-3.3125,329.4508,-297.2219,-562.2149,716.2152,-0.1000,0.1800,1.6800,1.6926,0.4700,0.9200,-8.0700,23,-13.7500,-36.6875,-17.0000,0,0,0,0
40.3510,173.4375,-3.1250,3.5810,-583.7008,-479.8522,755.6306,-0.0100,-0.5200,1.2500,1.3539,0.5200,0.2100,-8.5000,23,-13.7500,-36.6875,-17.0000,0,0,0,0
40.3720,173.3125,-2.8750,229.1831,-769.9121,-519.2430,956.5055,0.0400,-0.7900,0.9800,1.2594,0.5400,-0.0500,-8.7700,23,-14.5000,-34.8750,-17.0000,0,0,0,0
40.3960,173.1250,-2.5625,644.5775,-863.0177,-651.7395,1258.9853,0.1000,-0.3500,0.8500,0.9247,0.5400,0.3400,-8.9100,23,-14.5000,-34.8750,-17.0000,0,0,0,0
40.4120,172.8750,-2.2500,773.4931,-913.1515,-709.0353,1390.9953,0.1000,-0.0500,0.8800,0.8871,0.4900,0.6000,-8.8800,23,-13.0625,-35.1875,-16.7500,0,0,0,0
40.4370,172.6250,-1.9375,626.6726,-966.8663,-687.5494,1341.7425,0.0800,0.0000,0.7800,0.7841,0.4100,0.6300,-8.9900,23,-13.0625,-35.1875,-16.7500,0,0,0,0
40.4540,172.4375,-1.5625,558.6339,-1024.1621,-644.5775,1332.8391,0.0600,0.1100,0.7800,0.7900,0.3400,0.7000,-8.9900,23,-13.0625,-35.1875,-16.7500,0,0,0,0
40.4740,172.2500,-1.1875,519.2430,-1074.2958,-558.6339,1317.4963,0.0000,0.2400,1.0100,1.0381,0.2000,0.8000,-8.7700,23,-12.1875,-34.7500,-16.3750,0,0,0,0
40.4990,172.0625,-0.8125,307.9648,-1174.5634,-451.2043,1295.3868,-0.0200,0.2200,1.1700,1.1907,0.0600,0.7400,-8.6500,23,-12.1875,-34.7500,-16.3750,0,0,0,0
40.5190,171.9375,-0.3750,3.5810,-1310.6409,-365.2606,1360.5909,-0.0700,-0.1100,0.9800,0.9886,-0.0300,0.1600,-8.9400,23,-10.7500,-35.1875,-16.1875,0,0,0,0
40.5400,171.8750,0.0625,-150.4014,-1428.8134,-340.1937,1476.4350,-0.0100,-0.6800,0.5400,0.8684,-0.0600,-0.1200,-9.2400,23,-10.7500,-35.1875,-16.1875,0,0,0,0
40.5600,171.7500,0.5625,125.3345,-1432.3945,-379.5845,1487.1271,0.0300,-0.5100,0.8100,0.9577,-0.0900,0.0200,-8.9700,23,-9.2500,-34.3750,-15.0000,0,0,0,0
40.5810,171.6250,1.0000,179.0493,-1375.0987,-522.8240,1481.9919,-0.0400,-0.2600,1.2800,1.3068,-0.2600,0.2600,-8.5000,23,-9.2500,-34.3750,-15.0000,0,0,0,0
40.6010,171.3125,1.7500,-157.5634,-1518.3381,-580.1198,1633.0083,-0.2200,-0.4700,1.6000,1.6821,-0.5300,0.0500,-8.1700,23,-9.2500,-34.3750,-15.0000,0,0,0,0
40.6220,171.2500,2.0625,-204.1162,-1801.2360,-637.4155,1921.5654,-0.2400,-0.6400,1.1900,1.3723,-0.6400,-0.1000,-8.5800,23,-8.5000,-34.5625,-12.7500,0,0,0,0
40.6470,170.9375,3.0000,204.1162,-1973.1234,-666.0634,2092.4914,-0.1500,-0.7600,0.4100,0.8765,-0.6700,-0.2300,-9.3600,23,-8.5000,-34.5625,-12.7500,0,0,0,0
40.6630,170.7500,3.6875,487.0141,-1887.1798,-741.2642,2085.2104,-0.0800,-0.5900,0.3900,0.7118,-0.7200,-0.0900,-9.3800,23,-7.6875,-35.6875,-12.8750,0,0,0,0
40.6870,170.4375,4.3125,343.7747,-1733.1973,-830.7888,1952.5277,-0.1200,0.0100,0.9300,0.9378,-0.8600,0.4900,-8.8300,23,-7.6875,-35.6875,-12.8750,0,0,0,0
40.7030,170.1875,4.8750,-125.3345,-1711.7114,-845.1127,1913.0812,-0.0500,0.0500,1.3500,1.3519,-0.8900,0.5200,-8.4000,23,-7.6875,-35.6875,-12.8750,0,0,0,0
40.7280,169.9375,5.5000,-590.8627,-1919.4086,-848.6937,2180.2590,-0.2700,-0.3800,1.3500,1.4282,-1.2200,0.1100,-8.3800,23,-5.0625,-35.5000,-11.7500,0,0,0,0
40.7490,169.6250,6.2500,-472.6902,-2220.2114,-873.7606,2432.3305,-0.4000,-0.6100,0.4100,0.8368,-1.5400,-0.0800,-9.3000,23,-5.0625,-35.5000,-11.7500,0,0,0,0
40.7690,169.3750,7.0625,175.4683,-2431.4897,-913.1515,2603.2243,-0.3400,-0.4900,0.1700,0.6202,-1.5500,0.2100,-9.7400,23,-4.0000,-36.5000,-10.2500,0,0,0,0
40.7900,169.0625,7.9375,630.2536,-2460.1374,-963.2853,2716.1396,-0.1900,0.0600,-0.3400,0.3941,-1.6200,0.5200,-10.0300,23,-4.0000,-36.5000,-10.2500,0,0,0,0
40.8100,168.7500,8.7500,587.2817,-2359.8698,-970.4473,2618.3303,-0.1800,0.2900,-0.2600,0.4291,-1.7500,0.7100,-9.9300,23,-2.0625,-36.3750,-8.7500,0,0,0,0
40.8320,168.5000,9.5000,-28.6479,-2152.1728,-870.1797,2321.6118,-0.1600,0.3600,-0.2300,0.4562,-1.8500,0.7600,-9.8800,23,-2.0625,-36.3750,-8.7500,0,0,0,0
40.8510,168.0625,10.6250,-580.1198,-2019.6762,-759.1691,2234.2712,-0.3200,-0.1500,0.1100,0.3701,-2.1300,0.2600,-9.5100,23,-2.0625,-36.3750,-8.7500,0,0,0,0
40.8730,167.9375,10.9375,-791.3980,-1933.7325,-762.7501,2224.2795,-0.4200,-0.6700,0.2900,0.8423,-2.3400,-0.2200,-9.3000,23,0.1875,-36.2500,-7.7500,0,0,0,0
40.8970,167.5000,11.9375,-461.9472,-1991.0283,-873.7606,2222.8464,-0.4300,-1.1300,0.4300,1.2832,-2.4700,-0.6500,-9.1400,23,0.1875,-36.2500,-7.7500,0,0,0,0
40.9170,167.1875,12.6875,236.3451,-2109.2009,-1031.3240,2359.7070,-0.3200,-0.7800,0.4000,0.9332,-2.4800,-0.3200,-9.1400,23,2.7500,-39.0625,-6.0000,0,0,0,0
40.9380,166.8750,13.4375,515.6621,-2180.8205,-1142.3345,2515.3159,-0.2500,-0.1200,0.3400,0.4387,-2.5300,0.2900,-9.1800,23,2.7500,-39.0625,-6.0000,0,0,0,0
40.9540,166.5000,14.1875,60.8768,-2184.4016,-1192.4683,2489.4372,-0.3500,0.1900,0.2300,0.4599,-2.7600,0.5800,-9.2600,23,2.7500,-39.0625,-6.0000,0,0,0,0
40.9780,166.0625,14.8750,-687.5494,-2084.1340,-1160.2395,2482.4370,-0.4800,-0.2400,0.0700,0.5412,-3.0100,0.1500,-9.3900,23,4.5000,-38.7500,-3.6875,0,0,0,0
40.9980,165.6875,15.5625,-873.7606,-1948.0565,-1135.1726,2418.0568,-0.3800,-0.6000,0.2000,0.7378,-3.1300,-0.2700,-9.0100,23,4.5000,-38.7500,-3.6875,0,0,0,0
41.0190,165.2500,16.2500,-640.9965,-1930.1516,-1203.2114,2363.0656,-0.4500,-0.7400,0.5200,1.0102,-3.2100,-0.2800,-8.8700,23,5.2500,-39.5000,-3.0625,0,0,0,0
41.0390,164.8125,16.9375,-415.3944,-2008.9333,-1321.3839,2440.1682,-0.5700,-0.7500,0.4900,1.0618,-3.4900,-0.2900,-8.8500,23,5.2500,-39.5000,-3.0625,0,0,0,0
41.0600,164.3125,17.6875,-315.1268,-2084.1340,-1453.8803,2560.6030,-0.5900,-0.5700,0.5000,0.9607,-3.6400,0.0000,-8.7400,23,7.1875,-41.5625,-3.1875,1,0,0,0
41.0850,163.8125,18.4375,-465.5282,-2162.9157,-1622.1867,2743.4304,-0.4700,-0.4500,0.5000,0.8206,-3.6400,-0.0100,-8.7600,23,7.1875,-41.5625,-3.1875,1,0,0,0
41.1050,162.9375,19.6250,-508.5001,-2291.8312,-1693.8065,2894.8305,-0.5400,-0.4600,0.4000,0.8144,-3.8400,-0.0300,-8.8100,23,7.1875,-41.5625,-3.1875,1,0,0,0
41.1250,162.6250,20.1250,-368.8416,-2470.8806,-1722.4543,3034.4924,-0.7800,-0.4400,0.1000,0.9011,-4.2300,-0.0300,-9.0600,23,9.7500,-42.5000,-2.6875,1,0,0,0
41.1460,161.7500,21.4375,-200.5352,-2606.9580,-1751.1022,3146.8720,-0.5700,-0.2300,-0.4600,0.7677,-4.1600,0.1400,-9.5700,23,9.7500,-42.5000,-2.6875,1,0,0,0
41.1670,161.1250,22.3750,-46.5528,-2581.8911,-1797.6551,3146.4094,-0.4600,0.0700,-1.0500,1.1485,-4.1900,0.4300,-10.1100,23,11.0000,-44.0000,-2.0625,1,0,0,0
41.1870,160.5625,23.1875,-35.8099,-2316.8981,-1794.0740,2930.5290,-0.4100,0.3600,-0.9400,1.0869,-4.2800,0.6700,-9.9500,23,11.0000,-44.0000,-2.0625,1,0,0,0
41.2080,159.9375,23.9375,-286.4789,-2044.7431,-1726.0354,2691.1416,-0.3900,0.5200,-0.2500,0.6964,-4.3700,0.8000,-9.2000,23,11.0000,-44.0000,-2.0625,1,0,0,0
41.2280,159.3750,24.5625,-605.1867,-1890.7607,-1589.9578,2543.4609,-0.4200,0.2300,0.2000,0.5189,-4.5000,0.5000,-8.7000,23,12.2500,-44.0000,-1.0625,1,0,0,0
41.2520,158.8125,25.2500,-959.7044,-1976.7044,-1604.2818,2720.6823,-0.5700,-0.3800,0.2600,0.7327,-4.7600,-0.1100,-8.6500,23,12.2500,-44.0000,-1.0625,1,0,0,0
41.2690,158.1250,26.0000,-977.6093,-2102.0388,-1769.0072,2916.1059,-0.5400,-0.2600,0.0900,0.6061,-4.8400,0.0200,-8.7100,23,13.1875,-46.0625,-3.0625,2,0,0,0
41.2930,157.4375,26.7500,-701.8733,-2145.0107,-1915.8276,2960.4208,-0.4300,0.0000,0.0400,0.4319,-4.9000,0.2700,-8.6700,23,13.1875,-46.0625,-3.0625,2,0,0,0
41.3110,156.7500,27.5000,-250.6690,-2170.0776,-1969.5424,2941.2871,-0.4500,0.3500,-0.0100,0.5702,-5.0400,0.5700,-8.6700,23,14.5625,-45.5625,-4.3750,2,0,0,0
41.3350,156.1250,28.2500,28.6479,-2195.1445,-1869.2747,2883.3432,-0.4700,0.2200,-0.3600,0.6316,-5.1700,0.3900,-8.9600,23,14.5625,-45.5625,-4.3750,2,0,0,0
41.3550,155.1875,29.3125,-132.4965,-2105.6198,-1837.0458,2797.4860,-0.3300,-0.0100,-0.5200,0.6160,-5.1400,0.1000,-9.0600,23,14.5625,-45.5625,-4.3750,2,0,0,0
41.3760,154.8750,29.6875,-57.2958,-1919.4086,-1880.0178,2687.3554,-0.3200,0.1200,-0.1100,0.3590,-5.2300,0.2000,-8.6000,23,15.8750,-44.8750,-4.3750,2,0,0,0
