# Sesion:2 Fecha:2026-06-04 19:05:49 Shots:1 Duracion:45,93s
tSeg,ms,qw,qx,qy,qz,filteredElev,filteredYaw,shot
0.0000,318976,-0.432739,0.417664,0.529114,-0.598633,-2.4139,106.0741,0
0.0100,318986,-0.442932,0.416809,0.534790,-0.586609,-0.8742,105.0844,0
0.0200,318996,-0.453064,0.416382,0.540161,-0.574097,0.6514,104.0481,0
0.0300,319006,-0.463135,0.416565,0.545044,-0.561157,2.1400,102.9499,0
0.0400,319016,-0.473267,0.417236,0.549377,-0.547852,3.6027,101.7892,0
0.0500,319026,-0.483276,0.418457,0.553040,-0.534241,5.0157,100.5591,0
0.0600,319036,-0.493286,0.420227,0.556213,-0.520325,6.3981,99.2777,0
0.0700,319046,-0.503235,0.422424,0.558777,-0.506104,7.7477,97.9318,0
0.0800,319056,-0.513123,0.424927,0.560791,-0.491638,9.0728,96.5348,0
0.0900,319066,-0.523010,0.427673,0.562256,-0.476929,10.3809,95.0849,0
0.1000,319076,-0.532837,0.430664,0.563171,-0.462036,11.6652,93.5873,0
0.1100,319086,-0.542603,0.433899,0.563538,-0.446899,12.9285,92.0337,0
0.1200,319096,-0.552307,0.437439,0.563416,-0.431396,14.1781,90.4184,0
0.1300,319106,-0.561890,0.441406,0.562805,-0.415588,15.4015,88.7475,0
0.1400,319116,-0.571289,0.445801,0.561584,-0.399414,16.5909,86.9985,0
0.1500,319126,-0.580505,0.450684,0.559753,-0.382935,17.7410,85.1776,0
0.1600,319136,-0.589478,0.455994,0.557251,-0.366089,18.8508,83.2700,0
0.1700,319146,-0.606628,0.467529,0.550476,-0.332275,20.9266,79.3177,0
0.1800,319156,-0.614685,0.473633,0.546265,-0.315369,21.8899,77.2827,0
0.1900,319166,-0.622375,0.479858,0.541504,-0.298584,22.7979,75.2158,0
0.2000,319176,-0.629761,0.486084,0.536316,-0.281982,23.6637,73.1368,0
0.2100,319186,-0.636963,0.492249,0.530518,-0.265564,24.4811,71.0164,0
0.2200,319196,-0.644165,0.498230,0.524048,-0.249451,25.2506,68.8533,0
0.2300,319206,-0.651306,0.503906,0.517029,-0.233643,25.9776,66.6587,0
0.2400,319216,-0.658508,0.509338,0.509399,-0.218018,26.6666,64.4134,0
0.2500,319226,-0.665527,0.514648,0.501160,-0.202454,27.3024,62.1058,0
0.2600,319236,-0.672302,0.520203,0.492493,-0.186890,27.8894,59.7680,0
0.2700,319246,-0.678528,0.526062,0.483276,-0.171143,28.4095,57.3671,0
0.2800,319256,-0.684265,0.532166,0.473694,-0.155518,28.8647,54.9566,0
0.2900,319266,-0.689453,0.538513,0.463745,-0.140198,29.2397,52.5533,0
0.3000,319276,-0.694153,0.544739,0.453430,-0.125671,29.5105,50.1866,0
0.3100,319286,-0.698792,0.550537,0.442749,-0.112305,29.6778,47.8798,0
0.3200,319296,-0.703491,0.555481,0.431763,-0.100464,29.7272,45.6554,0
0.3300,319306,-0.708374,0.559692,0.420532,-0.090149,29.6616,43.5267,0
0.3400,319316,-0.713379,0.563232,0.409058,-0.081177,29.4842,41.4814,0
0.3500,319326,-0.718201,0.566467,0.397400,-0.073242,29.1992,39.5157,0
0.3600,319336,-0.722656,0.569824,0.385559,-0.066223,28.8019,37.6376,0
0.3700,319346,-0.726501,0.573486,0.373718,-0.059998,28.3072,35.8660,0
0.3800,319356,-0.729736,0.577515,0.361938,-0.054565,27.7241,34.2101,0
0.3900,319366,-0.732544,0.581604,0.350159,-0.050232,27.0381,32.6774,0
0.4000,319376,-0.735168,0.585449,0.338501,-0.047241,26.2568,31.2918,0
0.4100,319386,-0.737793,0.588806,0.327026,-0.045532,25.4001,30.0457,0
0.4200,319396,-0.740417,0.591614,0.315735,-0.045105,24.4678,28.9362,0
0.4300,319406,-0.743225,0.593872,0.304565,-0.045898,23.4661,27.9529,0
0.4400,319416,-0.749023,0.596924,0.283020,-0.050537,21.3241,26.3584,0
0.4500,319426,-0.751648,0.598267,0.272522,-0.053772,20.2026,25.6955,0
0.4600,319436,-0.753845,0.599731,0.262085,-0.057434,19.0415,25.0979,0
0.4700,319446,-0.755981,0.601074,0.251892,-0.061401,17.8808,24.5652,0
0.4800,319456,-0.758057,0.602112,0.241882,-0.065552,16.7252,24.0743,0
0.4900,319466,-0.760010,0.603027,0.232178,-0.069641,15.6002,23.6178,0
0.5000,319476,-0.761536,0.604187,0.222717,-0.073486,14.5021,23.1782,0
0.5100,319486,-0.762512,0.605774,0.213684,-0.077026,13.4474,22.7658,0
0.5200,319496,-0.762878,0.607849,0.205078,-0.080322,12.4303,22.3828,0
0.5300,319506,-0.762817,0.610229,0.196960,-0.083435,11.4586,22.0336,0
0.5400,319516,-0.762451,0.612671,0.189331,-0.086426,10.5335,21.7169,0
0.5500,319526,-0.761902,0.615112,0.182251,-0.089172,9.6723,21.4250,0
0.5600,319536,-0.761108,0.617493,0.175964,-0.091614,8.9002,21.1690,0
0.5700,319546,-0.760132,0.619995,0.170410,-0.093811,8.2066,20.9520,0
0.5800,319556,-0.758911,0.622375,0.165710,-0.095764,7.6035,20.7776,0
0.5900,319566,-0.757629,0.624756,0.161804,-0.097534,7.0829,20.6499,0
0.6000,319576,-0.756287,0.626953,0.158569,-0.099121,6.6359,20.5553,0
0.6100,319586,-0.755066,0.628845,0.155945,-0.100525,6.2616,20.4888,0
0.6200,319596,-0.754089,0.630371,0.153748,-0.101868,5.9379,20.4472,0
0.6300,319606,-0.753357,0.631470,0.151855,-0.103027,5.6635,20.4090,0
0.6400,319616,-0.752808,0.632385,0.150391,-0.104065,5.4405,20.3931,0
0.6500,319626,-0.752319,0.633057,0.149231,-0.104980,5.2569,20.3874,0
0.6600,319636,-0.751831,0.633667,0.148437,-0.105713,5.1191,20.3935,0
0.6700,319646,-0.751221,0.634399,0.148132,-0.106201,5.0378,20.4175,0
0.6800,319656,-0.750488,0.635193,0.148315,-0.106567,5.0046,20.4693,0
0.6900,319666,-0.749634,0.635986,0.148926,-0.106812,5.0151,20.5431,0
0.7000,319676,-0.748657,0.636902,0.149841,-0.106934,5.0570,20.6313,0
0.7100,319686,-0.746094,0.639221,0.152649,-0.106873,5.2298,20.8615,0
0.7200,319696,-0.744568,0.640625,0.154358,-0.106628,5.3502,20.9845,0
0.7300,319706,-0.742920,0.642151,0.156250,-0.106384,5.4820,21.1241,0
0.7400,319716,-0.741211,0.643677,0.158142,-0.106140,5.6121,21.2641,0
0.7500,319726,-0.739807,0.644836,0.160095,-0.106018,5.7478,21.4182,0
0.7600,319736,-0.738586,0.645752,0.161926,-0.106079,5.8654,21.5770,0
0.7700,319746,-0.737671,0.646362,0.163757,-0.106323,5.9783,21.7508,0
0.7800,319756,-0.736755,0.646851,0.165405,-0.106689,6.0676,21.9184,0
0.7900,319766,-0.735901,0.647400,0.166931,-0.107239,6.1330,22.0941,0
0.8000,319776,-0.734985,0.647949,0.168274,-0.107849,6.1768,22.2594,0
0.8100,319786,-0.734131,0.648499,0.169434,-0.108459,6.2059,22.4103,0
0.8200,319796,-0.733215,0.649170,0.170471,-0.109070,6.2216,22.5527,0
0.8300,319806,-0.732300,0.649902,0.171387,-0.109497,6.2397,22.6699,0
0.8400,319816,-0.731445,0.650574,0.172241,-0.109863,6.2589,22.7765,0
0.8500,319826,-0.730591,0.651306,0.172974,-0.110046,6.2806,22.8579,0
0.8600,319836,-0.729858,0.651917,0.173706,-0.110229,6.3061,22.9387,0
0.8700,319846,-0.729248,0.652405,0.174316,-0.110413,6.3253,23.0083,0
0.8800,319856,-0.728821,0.652710,0.174866,-0.110718,6.3360,23.0823,0
0.8900,319866,-0.728577,0.652771,0.175354,-0.111084,6.3437,23.1541,0
0.9000,319876,-0.728394,0.652771,0.175964,-0.111267,6.3775,23.2199,0
0.9100,319886,-0.728271,0.652710,0.176514,-0.111511,6.4036,23.2854,0
0.9200,319896,-0.728149,0.652649,0.176880,-0.111816,6.4096,23.3407,0
0.9300,319906,-0.727844,0.652893,0.177246,-0.112000,6.4172,23.3889,0
0.9400,319916,-0.727356,0.653381,0.177551,-0.112122,6.4173,23.4290,0
0.9500,319926,-0.726746,0.653931,0.177734,-0.112305,6.3993,23.4636,0
0.9600,319936,-0.726257,0.654419,0.177856,-0.112488,6.3794,23.4934,0
0.9700,319946,-0.725708,0.654846,0.178101,-0.113220,6.3277,23.5796,0
0.9800,319956,-0.725586,0.654846,0.178284,-0.113647,6.3082,23.6311,0
0.9900,319966,-0.725464,0.654846,0.178467,-0.114075,6.2888,23.6825,0
1.0000,319976,-0.725342,0.654846,0.178711,-0.114563,6.2698,23.7445,0
1.0100,319986,-0.725098,0.654907,0.179016,-0.115051,6.2526,23.8114,0
1.0200,319996,-0.724854,0.655090,0.179321,-0.115540,6.2338,23.8807,0
1.0300,320006,-0.724548,0.655212,0.179626,-0.116089,6.2099,23.9533,0
1.0400,320016,-0.724182,0.655457,0.179932,-0.116577,6.1876,24.0223,0
1.0500,320026,-0.723755,0.655701,0.180237,-0.117065,6.1640,24.0904,0
1.0600,320036,-0.723267,0.656067,0.180603,-0.117554,6.1425,24.1654,0
1.0700,320046,-0.722717,0.656555,0.180969,-0.117920,6.1273,24.2313,0
1.0800,320056,-0.722168,0.656921,0.181274,-0.118347,6.1039,24.2950,0
1.0900,320066,-0.721680,0.657349,0.181519,-0.118835,6.0712,24.3606,0
1.1000,320076,-0.721191,0.657715,0.181763,-0.119324,6.0392,24.4250,0
1.1100,320086,-0.720825,0.658020,0.181885,-0.119751,6.0051,24.4740,0
1.1200,320096,-0.720337,0.658447,0.182068,-0.120117,5.9764,24.5237,0
1.1300,320106,-0.719910,0.658813,0.182190,-0.120422,5.9493,24.5624,0
1.1400,320116,-0.719543,0.659119,0.182251,-0.120728,5.9193,24.5954,0
1.1500,320126,-0.719299,0.659363,0.182312,-0.120972,5.8973,24.6235,0
1.1600,320136,-0.719055,0.659546,0.182373,-0.121216,5.8761,24.6504,0
1.1700,320146,-0.718811,0.659729,0.182434,-0.121399,5.8596,24.6720,0
1.1800,320156,-0.718567,0.660034,0.182495,-0.121521,5.8459,24.6906,0
1.1900,320166,-0.718262,0.660278,0.182495,-0.121643,5.8268,24.7020,0
1.2000,320176,-0.717957,0.660583,0.182495,-0.121765,5.8068,24.7145,0
1.2100,320186,-0.717773,0.660828,0.182373,-0.121887,5.7802,24.7169,0
1.2200,320196,-0.717590,0.661011,0.182251,-0.122070,5.7497,24.7234,0
1.2300,320206,-0.717468,0.661133,0.182068,-0.122314,5.7117,24.7294,0
1.2400,320216,-0.717346,0.661316,0.181702,-0.122742,5.6438,24.7367,0
1.2500,320226,-0.717163,0.661499,0.181519,-0.122986,5.6037,24.7432,0
1.2600,320236,-0.716980,0.661743,0.181335,-0.123169,5.5673,24.7455,0
1.2700,320246,-0.716797,0.661987,0.181091,-0.123291,5.5306,24.7372,0
1.2800,320256,-0.716614,0.662170,0.180847,-0.123474,5.4901,24.7330,0
1.2900,320266,-0.716492,0.662354,0.180664,-0.123596,5.4605,24.7296,0
1.3000,320276,-0.716370,0.662537,0.180481,-0.123779,5.4263,24.7316,0
1.3100,320286,-0.716248,0.662659,0.180298,-0.123962,5.3930,24.7323,0
1.3200,320296,-0.716125,0.662781,0.180176,-0.124084,5.3693,24.7330,0
1.3300,320306,-0.716064,0.662842,0.180054,-0.124268,5.3432,24.7387,0
1.3400,320316,-0.716064,0.662842,0.179993,-0.124451,5.3242,24.7493,0
1.3500,320326,-0.716003,0.662903,0.179871,-0.124573,5.3027,24.7497,0
1.3600,320336,-0.715942,0.663025,0.179749,-0.124695,5.2803,24.7512,0
1.3700,320346,-0.715820,0.663147,0.179626,-0.124817,5.2566,24.7520,0
1.3800,320356,-0.715698,0.663269,0.179565,-0.124939,5.2380,24.7580,0
1.3900,320366,-0.715637,0.663330,0.179565,-0.125061,5.2265,24.7689,0
1.4000,320376,-0.715576,0.663330,0.179565,-0.125122,5.2206,24.7734,0
1.4100,320386,-0.715576,0.663330,0.179626,-0.125061,5.2303,24.7734,0
1.4200,320396,-0.715515,0.663391,0.179810,-0.124939,5.2526,24.7790,0
1.4300,320406,-0.715454,0.663452,0.179932,-0.124756,5.2745,24.7741,0
1.4400,320416,-0.715393,0.663574,0.179993,-0.124573,5.2904,24.7650,0
1.4500,320426,-0.715393,0.663574,0.180115,-0.124451,5.3098,24.7650,0
1.4600,320436,-0.715454,0.663452,0.180176,-0.124390,5.3225,24.7635,0
1.4700,320446,-0.715637,0.663269,0.180176,-0.124451,5.3243,24.7677,0
1.4800,320456,-0.715759,0.663086,0.180237,-0.124573,5.3251,24.7817,0
1.4900,320466,-0.715820,0.662964,0.180359,-0.124634,5.3336,24.7961,0
1.5000,320476,-0.715759,0.662964,0.180481,-0.124695,5.3377,24.8112,0
1.5100,320486,-0.715515,0.663208,0.180786,-0.124695,5.3542,24.8391,0
1.5200,320496,-0.715332,0.663330,0.180969,-0.124756,5.3591,24.8602,0
1.5300,320506,-0.715271,0.663330,0.181091,-0.124756,5.3679,24.8700,0
1.5400,320516,-0.715210,0.663330,0.181274,-0.124817,5.3770,24.8904,0
1.5500,320526,-0.715149,0.663330,0.181458,-0.124939,5.3815,24.9161,0
1.5600,320536,-0.715088,0.663330,0.181580,-0.125061,5.3809,24.9365,0
1.5700,320546,-0.715027,0.663330,0.181763,-0.125244,5.3808,24.9675,0
1.5800,320556,-0.714966,0.663330,0.181946,-0.125427,5.3806,24.9985,0
1.5900,320566,-0.714905,0.663269,0.182190,-0.125732,5.3770,25.0442,0
1.6000,320576,-0.714844,0.663208,0.182434,-0.126099,5.3687,25.0953,0
1.6100,320586,-0.714722,0.663147,0.182678,-0.126587,5.3498,25.1561,0
1.6200,320596,-0.714661,0.663086,0.182922,-0.127197,5.3229,25.2284,0
1.6300,320606,-0.714600,0.662964,0.183167,-0.127808,5.2970,25.2995,0
1.6400,320616,-0.714478,0.662842,0.183411,-0.128479,5.2650,25.3752,0
1.6500,320626,-0.714355,0.662781,0.183716,-0.129089,5.2419,25.4520,0
1.6600,320636,-0.714172,0.662781,0.184021,-0.129700,5.2166,25.5292,0
1.6700,320646,-0.713989,0.662781,0.184265,-0.130310,5.1862,25.6012,0
1.6800,320656,-0.713867,0.662720,0.184570,-0.130920,5.1630,25.6781,0
1.6900,320666,-0.713806,0.662659,0.184814,-0.131531,5.1362,25.7505,0
1.7000,320676,-0.713745,0.662476,0.184998,-0.132080,5.1108,25.8100,0
1.7100,320686,-0.713745,0.662292,0.185242,-0.132629,5.0918,25.8756,0
1.7200,320696,-0.713806,0.662048,0.185425,-0.133118,5.0747,25.9303,0
1.7300,320706,-0.713928,0.661865,0.185669,-0.133484,5.0723,25.9817,0
1.7400,320716,-0.713989,0.661682,0.185913,-0.133667,5.0825,26.0163,0
1.7500,320726,-0.713989,0.661560,0.186035,-0.133850,5.0805,26.0406,0
1.7600,320736,-0.714050,0.661499,0.186157,-0.133972,5.0834,26.0616,0
1.7700,320746,-0.714111,0.661377,0.186218,-0.134094,5.0824,26.0761,0
1.7800,320756,-0.714417,0.660828,0.186340,-0.134705,5.0610,26.1337,0
1.7900,320766,-0.714722,0.660400,0.186462,-0.135132,5.0517,26.1777,0
1.8000,320776,-0.714966,0.659973,0.186646,-0.135559,5.0462,26.2263,0
1.8100,320786,-0.715149,0.659668,0.186951,-0.135925,5.0522,26.2816,0
1.8200,320796,-0.715149,0.659546,0.187256,-0.136047,5.0700,26.3165,0
1.8300,320806,-0.714905,0.659668,0.187622,-0.136047,5.0929,26.3474,0
1.8400,320816,-0.714661,0.659912,0.187988,-0.135925,5.1232,26.3699,0
1.8500,320826,-0.714355,0.660156,0.188293,-0.135681,5.1564,26.3757,0
1.8600,320836,-0.714172,0.660278,0.188599,-0.135498,5.1896,26.3861,0
1.8700,320846,-0.714172,0.660278,0.188843,-0.135376,5.2189,26.3967,0
1.8800,320856,-0.714294,0.660095,0.189026,-0.135254,5.2487,26.4002,0
1.8900,320866,-0.714478,0.659912,0.189209,-0.135132,5.2799,26.4045,0
1.9000,320876,-0.714539,0.659851,0.189270,-0.134888,5.3057,26.3881,0
1.9100,320886,-0.714478,0.659973,0.189392,-0.134460,5.3450,26.3630,0
1.9200,320896,-0.714233,0.660278,0.189514,-0.133850,5.3914,26.3229,0
1.9300,320906,-0.713989,0.660706,0.189636,-0.133179,5.4405,26.2800,0
1.9400,320916,-0.713684,0.661133,0.189819,-0.132507,5.4935,26.2416,0
1.9500,320926,-0.713379,0.661560,0.189880,-0.131775,5.5411,26.1874,0
1.9600,320936,-0.713196,0.661865,0.189880,-0.131165,5.5789,26.1377,0
1.9700,320946,-0.713074,0.662109,0.189819,-0.130432,5.6234,26.0718,0
1.9800,320956,-0.713074,0.662292,0.189697,-0.129761,5.6618,26.0063,0
1.9900,320966,-0.713135,0.662415,0.189514,-0.129089,5.6975,25.9352,0
2.0000,320976,-0.713257,0.662598,0.189209,-0.128296,5.7330,25.8447,0
2.0100,320986,-0.713379,0.662720,0.188904,-0.127502,5.7693,25.7531,0
2.0200,320996,-0.713440,0.662903,0.188477,-0.126587,5.8027,25.6407,0
2.0300,321006,-0.713501,0.663147,0.188110,-0.125671,5.8403,25.5348,0
2.0400,321016,-0.713196,0.664062,0.187317,-0.123535,5.9187,25.2943,0
2.0500,321026,-0.712830,0.664795,0.186890,-0.122375,5.9541,25.1663,0
2.0600,321036,-0.712341,0.665649,0.186523,-0.121216,5.9904,25.0446,0
2.0700,321046,-0.712036,0.666260,0.186096,-0.120056,6.0293,24.9153,0
2.0800,321056,-0.711914,0.666748,0.185608,-0.118958,6.0643,24.7860,0
2.0900,321066,-0.711975,0.666992,0.185181,-0.117920,6.1070,24.6648,0
2.1000,321076,-0.712280,0.666992,0.184692,-0.116943,6.1485,24.5419,0
2.1100,321086,-0.712708,0.666870,0.184204,-0.116028,6.1895,24.4234,0
2.1200,321096,-0.712646,0.667175,0.183838,-0.115234,6.2150,24.3284,0
2.1300,321106,-0.712524,0.667542,0.183411,-0.114502,6.2288,24.2338,0
2.1400,321116,-0.712341,0.667908,0.183105,-0.113770,6.2515,24.1491,0
2.1500,321126,-0.712708,0.667725,0.182800,-0.112976,6.2976,24.0553,0
2.1600,321136,-0.713135,0.667480,0.182617,-0.112183,6.3558,23.9717,0
2.1700,321146,-0.713562,0.667236,0.182373,-0.111450,6.4042,23.8880,0
2.1800,321156,-0.713928,0.666992,0.182129,-0.110657,6.4560,23.7983,0
2.1900,321166,-0.714233,0.666870,0.181885,-0.109924,6.5002,23.7155,0
2.2000,321176,-0.714478,0.666809,0.181641,-0.109192,6.5423,23.6331,0
2.2100,321186,-0.714600,0.666870,0.181274,-0.108521,6.5655,23.5463,0
2.2200,321196,-0.714722,0.666931,0.180847,-0.107849,6.5837,23.4542,0
2.2300,321206,-0.714905,0.666992,0.180420,-0.107239,6.5985,23.3680,0
2.2400,321216,-0.715210,0.666870,0.179932,-0.106689,6.6083,23.2796,0
2.2500,321226,-0.715576,0.666687,0.179382,-0.106201,6.6104,23.1907,0
2.2600,321236,-0.716064,0.666443,0.178833,-0.105713,6.6157,23.1020,0
2.2700,321246,-0.716492,0.666199,0.178101,-0.105286,6.5998,23.0020,0
2.2800,321256,-0.716797,0.666138,0.177429,-0.104858,6.5841,22.9094,0
2.2900,321266,-0.716309,0.666870,0.177063,-0.104187,6.5866,22.8286,0
2.3000,321276,-0.715942,0.667419,0.176758,-0.103516,6.5990,22.7511,0
2.3100,321286,-0.715454,0.668274,0.176392,-0.101868,6.6757,22.5894,0
2.3200,321296,-0.715088,0.668884,0.176270,-0.100891,6.7263,22.5031,0
2.3300,321306,-0.714478,0.669739,0.176147,-0.099731,6.7835,22.4034,0
2.3400,321316,-0.713684,0.670776,0.175903,-0.098450,6.8346,22.2844,0
2.3500,321326,-0.712952,0.671875,0.175659,-0.097107,6.8913,22.1624,0
2.3600,321336,-0.712402,0.672729,0.175293,-0.095764,6.9447,22.0272,0
2.3700,321346,-0.712219,0.673218,0.174866,-0.094421,7.0048,21.8838,0
2.3800,321356,-0.712402,0.673340,0.174438,-0.093018,7.0812,21.7322,0
2.3900,321366,-0.712769,0.673218,0.174072,-0.091553,7.1736,21.5781,0
2.4000,321376,-0.713379,0.672913,0.173645,-0.090027,7.2725,21.4125,0
2.4100,321386,-0.714172,0.672363,0.173401,-0.088379,7.4020,21.2497,0
2.4200,321396,-0.714905,0.671875,0.173218,-0.086609,7.5440,21.0823,0
2.4300,321406,-0.715393,0.671631,0.173157,-0.084717,7.6981,20.9175,0
2.4400,321416,-0.715393,0.671875,0.173157,-0.082703,7.8522,20.7524,0
2.4500,321426,-0.714966,0.672607,0.173218,-0.080566,8.0079,20.5881,0
2.4600,321436,-0.714294,0.673462,0.173218,-0.078430,8.1530,20.4191,0
2.4700,321446,-0.713806,0.674255,0.173279,-0.076477,8.2936,20.2716,0
2.4800,321456,-0.713501,0.674805,0.173340,-0.074524,8.4403,20.1215,0
2.4900,321466,-0.713318,0.675110,0.173340,-0.072693,8.5772,19.9729,0
2.5000,321476,-0.713135,0.675537,0.173401,-0.070862,8.7183,19.8321,0
2.5100,321486,-0.712769,0.676147,0.173340,-0.068970,8.8492,19.6780,0
2.5200,321496,-0.712036,0.677124,0.173218,-0.067017,8.9700,19.5180,0
2.5300,321506,-0.711304,0.678101,0.173157,-0.065063,9.0963,19.3638,0
2.5400,321516,-0.710632,0.678955,0.173157,-0.063171,9.2255,19.2186,0
2.5500,321526,-0.710205,0.679565,0.173157,-0.061401,9.3521,19.0810,0
2.5600,321536,-0.709961,0.679932,0.173279,-0.059753,9.4848,18.9610,0
2.5700,321546,-0.709778,0.680298,0.173462,-0.058105,9.6239,18.8469,0
2.5800,321556,-0.708862,0.681458,0.173645,-0.054810,9.8739,18.6082,0
2.5900,321566,-0.708069,0.682373,0.173645,-0.053284,9.9731,18.4956,0
2.6000,321576,-0.707092,0.683533,0.173523,-0.052063,10.0333,18.4013,0
2.6100,321586,-0.706116,0.684631,0.173218,-0.051147,10.0548,18.3150,0
2.6200,321596,-0.705261,0.685608,0.172913,-0.050781,10.0359,18.2719,0
2.6300,321606,-0.704712,0.686279,0.172607,-0.050842,9.9910,18.2597,0
2.6400,321616,-0.704407,0.686646,0.172302,-0.051453,9.9089,18.2877,0
2.6500,321626,-0.704346,0.686707,0.171997,-0.052307,9.8141,18.3313,0
2.6600,321636,-0.704285,0.686768,0.171692,-0.053345,9.7046,18.3898,0
2.6700,321646,-0.703979,0.687073,0.171387,-0.054382,9.5888,18.4514,0
2.6800,321656,-0.703491,0.687561,0.171021,-0.055298,9.4729,18.5000,0
2.6900,321666,-0.702942,0.688171,0.170654,-0.056213,9.3550,18.5505,0
2.7000,321676,-0.702515,0.688599,0.170288,-0.057068,9.2456,18.5931,0
2.7100,321686,-0.702393,0.688782,0.169922,-0.057922,9.1438,18.6331,0
2.7200,321696,-0.702454,0.688721,0.169556,-0.058655,9.0570,18.6597,0
2.7300,321706,-0.702576,0.688660,0.169067,-0.059143,8.9810,18.6561,0
2.7400,321716,-0.702637,0.688843,0.168335,-0.059509,8.8919,18.6252,0
2.7500,321726,-0.702393,0.689209,0.167480,-0.059692,8.8004,18.5700,0
2.7600,321736,-0.702087,0.689758,0.166443,-0.059998,8.6818,18.5115,0
2.7700,321746,-0.701782,0.690247,0.165405,-0.060486,8.5491,18.4669,0
2.7800,321756,-0.701721,0.690491,0.164490,-0.061462,8.3937,18.4701,0
2.7900,321766,-0.701965,0.690308,0.163635,-0.062805,8.2228,18.5030,0
2.8000,321776,-0.702637,0.689636,0.162903,-0.064514,8.0444,18.5711,0
2.8100,321786,-0.703552,0.688660,0.162292,-0.066284,7.8782,18.6518,0
2.8200,321796,-0.704529,0.687622,0.161804,-0.067932,7.7337,18.7332,0
2.8300,321806,-0.705322,0.686829,0.161377,-0.069336,7.6084,18.8034,0
2.8400,321816,-0.705872,0.686218,0.161011,-0.070374,7.5114,18.8504,0
2.8500,321826,-0.706421,0.685547,0.160950,-0.071289,7.4495,18.9131,0
2.8600,321836,-0.706665,0.685303,0.161133,-0.071289,7.4710,18.9266,0
2.8700,321846,-0.706726,0.685181,0.161499,-0.070984,7.5272,18.9316,0
2.8800,321856,-0.706604,0.685242,0.161804,-0.070374,7.5977,18.9079,0
2.8900,321866,-0.706238,0.685608,0.162109,-0.069519,7.6806,18.8677,0
2.9000,321876,-0.705566,0.686340,0.162354,-0.068542,7.7595,18.8164,0
2.9100,321886,-0.704773,0.687256,0.162476,-0.067566,7.8249,18.7571,0
2.9200,321896,-0.704041,0.688049,0.162659,-0.066650,7.8927,18.7066,0
2.9300,321906,-0.703613,0.688477,0.162903,-0.065979,7.9548,18.6774,0
2.9400,321916,-0.703491,0.688538,0.163269,-0.065613,8.0110,18.6796,0
2.9500,321926,-0.703552,0.688416,0.163574,-0.065430,8.0525,18.6896,0
2.9600,321936,-0.703491,0.688477,0.163757,-0.065552,8.0561,18.7163,0
2.9700,321946,-0.703125,0.688843,0.163757,-0.065857,8.0220,18.7453,0
2.9800,321956,-0.702515,0.689453,0.163391,-0.066589,7.9176,18.7797,0
2.9900,321966,-0.702087,0.689941,0.162781,-0.067566,7.7783,18.8117,0
3.0000,321976,-0.701904,0.690125,0.161987,-0.068909,7.6018,18.8541,0
3.0100,321986,-0.701843,0.690308,0.161072,-0.070312,7.4130,18.8917,0
3.0200,321996,-0.701660,0.690491,0.160217,-0.071777,7.2219,18.9389,0
3.0300,322006,-0.701355,0.690918,0.159485,-0.073181,7.0414,18.9951,0
3.0400,322016,-0.700806,0.691406,0.158875,-0.074707,6.8560,19.0711,0
3.0500,322026,-0.700012,0.692139,0.158386,-0.076294,6.6690,19.1647,0
3.0600,322036,-0.699097,0.692993,0.157959,-0.077942,6.4785,19.2696,0
3.0700,322046,-0.697998,0.693970,0.157532,-0.079712,6.2737,19.3848,0
3.0800,322056,-0.696838,0.695068,0.157043,-0.081543,6.0567,19.5008,0
3.0900,322066,-0.695618,0.696167,0.156494,-0.083313,5.8383,19.6055,0
3.1000,322076,-0.694336,0.697449,0.155762,-0.084900,5.6168,19.6812,0
3.1100,322086,-0.692932,0.698853,0.154907,-0.086060,5.4165,19.7118,0
3.1200,322096,-0.689392,0.702759,0.152588,-0.087036,5.0517,19.6196,0
3.1300,322106,-0.687195,0.705200,0.151306,-0.086914,4.8973,19.5163,0
3.1400,322116,-0.684998,0.707642,0.149963,-0.086609,4.7537,19.3925,0
3.1500,322126,-0.682983,0.709961,0.148682,-0.086365,4.6152,19.2783,0
3.1600,322136,-0.681396,0.711731,0.147461,-0.086243,4.4849,19.1742,0
3.1700,322146,-0.680481,0.712769,0.146423,-0.086304,4.3729,19.0953,0
3.1800,322156,-0.680176,0.713257,0.145508,-0.086548,4.2713,19.0389,0
3.1900,322166,-0.680237,0.713318,0.144592,-0.086914,4.1702,18.9890,0
3.2000,322176,-0.680420,0.713257,0.143555,-0.087280,4.0627,18.9276,0
3.2100,322186,-0.680603,0.713318,0.142212,-0.087708,3.9251,18.8463,0
3.2200,322196,-0.680725,0.713501,0.140564,-0.088196,3.7564,18.7446,0
3.2300,322206,-0.680786,0.713745,0.138672,-0.088501,3.5820,18.6071,0
3.2400,322216,-0.680847,0.714111,0.136658,-0.088623,3.4118,18.4463,0
3.2500,322226,-0.680664,0.714661,0.134705,-0.088501,3.2608,18.2716,0
3.2600,322236,-0.680176,0.715515,0.132751,-0.088013,3.1322,18.0691,0
3.2700,322246,-0.679443,0.716675,0.130920,-0.087402,3.0167,17.8694,0
3.2800,322256,-0.678589,0.717896,0.129150,-0.086853,2.8991,17.6797,0
3.2900,322266,-0.677856,0.718872,0.127319,-0.086487,2.7663,17.4969,0
3.3000,322276,-0.677429,0.719604,0.125427,-0.086487,2.6058,17.3377,0
3.3100,322286,-0.677185,0.720093,0.123535,-0.086914,2.4152,17.2110,0
3.3200,322296,-0.677307,0.720276,0.121521,-0.087708,2.1931,17.1025,0
3.3300,322306,-0.677185,0.720642,0.119446,-0.088684,1.9458,17.0038,0
3.3400,322316,-0.676819,0.721130,0.117371,-0.089844,1.6790,16.9191,0
3.3500,322326,-0.676392,0.721741,0.115356,-0.090820,1.4300,16.8260,0
3.3600,322336,-0.676208,0.722168,0.113342,-0.091614,1.2013,16.7184,0
3.3700,322346,-0.676392,0.722229,0.111206,-0.092224,0.9869,16.5848,0
3.3800,322356,-0.677551,0.721741,0.106750,-0.092651,0.6255,16.2400,0
3.3900,322366,-0.678223,0.721436,0.104614,-0.092529,0.4810,16.0494,0
3.4000,322376,-0.678650,0.721375,0.102600,-0.092224,0.3554,15.8552,0
3.4100,322386,-0.678833,0.721558,0.100769,-0.091675,0.2586,15.6576,0
3.4200,322396,-0.678772,0.721924,0.099243,-0.091064,0.1859,15.4809,0
3.4300,322406,-0.678589,0.722290,0.098083,-0.090515,0.1352,15.3393,0
3.4400,322416,-0.678406,0.722595,0.097229,-0.090088,0.0990,15.2332,0
3.4500,322426,-0.678101,0.722961,0.096741,-0.089905,0.0690,15.1775,0
3.4600,322436,-0.677551,0.723572,0.096497,-0.089905,0.0377,15.1576,0
3.4700,322446,-0.676514,0.724548,0.096313,-0.089905,0.0020,15.1419,0
3.4800,322456,-0.675171,0.725830,0.096008,-0.089966,-0.0548,15.1209,0
3.4900,322466,-0.673584,0.727356,0.095520,-0.090088,-0.1358,15.0890,0
3.5000,322476,-0.671997,0.728882,0.094910,-0.090271,-0.2312,15.0512,0
3.5100,322486,-0.670776,0.730103,0.094055,-0.090515,-0.3432,14.9974,0
3.5200,322496,-0.670227,0.730652,0.093079,-0.090881,-0.4605,14.9423,0
3.5300,322506,-0.670471,0.730530,0.091858,-0.091553,-0.6066,14.8916,0
3.5400,322516,-0.671448,0.729675,0.090515,-0.092651,-0.7826,14.8647,0
3.5500,322526,-0.673157,0.728088,0.088867,-0.094116,-0.9974,14.8420,0
3.5600,322536,-0.675659,0.725708,0.087158,-0.096069,-1.2410,14.8556,0
3.5700,322546,-0.678955,0.722534,0.085327,-0.098206,-1.4926,14.8770,0
3.5800,322556,-0.682861,0.718811,0.083435,-0.100403,-1.7416,14.9033,0
3.5900,322566,-0.686951,0.714844,0.081543,-0.102417,-1.9709,14.9184,0
3.6000,322576,-0.690979,0.710876,0.079773,-0.104004,-2.1563,14.9116,0
3.6100,322586,-0.694641,0.707336,0.078064,-0.105042,-2.3008,14.8669,0
3.6200,322596,-0.697449,0.704651,0.076477,-0.105530,-2.4097,14.7859,0
3.6300,322606,-0.699219,0.703125,0.075073,-0.105408,-2.4785,14.6678,0
3.6400,322616,-0.699890,0.702637,0.073853,-0.104736,-2.5107,14.5149,0
3.6500,322626,-0.698730,0.704346,0.072083,-0.102112,-2.4709,14.1503,0
3.6600,322636,-0.697632,0.705811,0.071411,-0.100525,-2.4224,13.9621,0
3.6700,322646,-0.696594,0.707031,0.070923,-0.099121,-2.3701,13.8032,0
3.6800,322656,-0.696106,0.707703,0.070557,-0.098022,-2.3218,13.6817,0
3.6900,322666,-0.696289,0.707642,0.070374,-0.097351,-2.2798,13.6125,0
3.7000,322676,-0.696960,0.706970,0.070374,-0.097351,-2.2668,13.6145,0
3.7100,322686,-0.697510,0.706299,0.070557,-0.098267,-2.3144,13.7063,0
3.7200,322696,-0.697571,0.705994,0.070740,-0.100037,-2.4392,13.8668,0
3.7300,322706,-0.697510,0.705627,0.070740,-0.102539,-2.6380,14.0716,0
3.7400,322716,-0.697754,0.705017,0.070679,-0.105103,-2.8411,14.2784,0
3.7500,322726,-0.697876,0.704529,0.070618,-0.107666,-3.0463,14.4854,0
3.7600,322736,-0.697449,0.704590,0.070679,-0.109985,-3.2332,14.6800,0
3.7700,322746,-0.696350,0.705383,0.070679,-0.112061,-3.4201,14.8467,0
3.7800,322756,-0.694580,0.706848,0.070618,-0.113647,-3.5870,14.9640,0
3.7900,322766,-0.692566,0.708679,0.070496,-0.114624,-3.7164,15.0245,0
3.8000,322776,-0.690857,0.710327,0.070251,-0.114990,-3.8012,15.0260,0
3.8100,322786,-0.689880,0.711304,0.069763,-0.114868,-3.8506,14.9704,0
3.8200,322796,-0.690002,0.711365,0.069092,-0.114380,-3.8638,14.8760,0
3.8300,322806,-0.690979,0.710632,0.068115,-0.113892,-3.8841,14.7610,0
3.8400,322816,-0.692444,0.709351,0.067017,-0.113464,-3.9084,14.6432,0
3.8500,322826,-0.694153,0.707764,0.065979,-0.113220,-3.9374,14.5469,0
3.8600,322836,-0.696045,0.706055,0.065063,-0.113098,-3.9642,14.4726,0
3.8700,322846,-0.697876,0.704285,0.064514,-0.113037,-3.9666,14.4326,0
3.8800,322856,-0.699402,0.702759,0.064331,-0.113037,-3.9502,14.4259,0
3.8900,322866,-0.700378,0.701843,0.064453,-0.112976,-3.9163,14.4364,0
3.9000,322876,-0.700562,0.701660,0.064758,-0.112671,-3.8635,14.4366,0
3.9100,322886,-0.699951,0.702332,0.065002,-0.112244,-3.8226,14.4178,0
3.9200,322896,-0.697998,0.704407,0.065186,-0.111267,-3.7703,14.3414,0
3.9300,322906,-0.697693,0.704773,0.064941,-0.111145,-3.7869,14.3100,0
3.9400,322916,-0.698120,0.704346,0.064697,-0.111328,-3.8126,14.3075,0
3.9500,322926,-0.699097,0.703247,0.064392,-0.111877,-3.8602,14.3329,0
3.9600,322936,-0.700317,0.701965,0.064148,-0.112549,-3.9085,14.3756,0
3.9700,322946,-0.701355,0.700806,0.063904,-0.113403,-3.9743,14.4325,0
3.9800,322956,-0.702026,0.700073,0.063599,-0.114136,-4.0433,14.4729,0
3.9900,322966,-0.702271,0.699707,0.063293,-0.114868,-4.1202,14.5106,0
4.0000,322976,-0.702148,0.699829,0.062866,-0.115479,-4.2063,14.5268,0
4.0100,322986,-0.701721,0.700134,0.062439,-0.116150,-4.3019,14.5455,0
4.0200,322996,-0.701294,0.700500,0.062134,-0.116760,-4.3836,14.5694,0
4.0300,323006,-0.700928,0.700745,0.061951,-0.117493,-4.4632,14.6134,0
4.0400,323016,-0.700745,0.700867,0.061829,-0.118225,-4.5350,14.6640,0
4.0500,323026,-0.700623,0.700806,0.061829,-0.118958,-4.5940,14.7241,0
4.0600,323036,-0.700500,0.700806,0.061890,-0.119751,-4.6539,14.7948,0
4.0700,323046,-0.700378,0.700745,0.062073,-0.120422,-4.6933,14.8647,0
4.0800,323056,-0.700134,0.700867,0.062317,-0.121094,-4.7312,14.9392,0
4.0900,323066,-0.699768,0.701111,0.062683,-0.121765,-4.7619,15.0229,0
4.1000,323076,-0.699219,0.701477,0.063171,-0.122314,-4.7760,15.1045,0
4.1100,323086,-0.698608,0.701965,0.063904,-0.122925,-4.7777,15.2114,0
4.1200,323096,-0.698120,0.702271,0.064758,-0.123474,-4.7614,15.3234,0
4.1300,323106,-0.697754,0.702454,0.065796,-0.123962,-4.7229,15.4461,0
4.1400,323116,-0.697693,0.702332,0.067078,-0.124329,-4.6484,15.5805,0
4.1500,323126,-0.697815,0.702026,0.068604,-0.124634,-4.5453,15.7308,0
4.1600,323136,-0.697998,0.701599,0.070374,-0.124817,-4.4105,15.8907,0
4.1700,323146,-0.698059,0.701355,0.072388,-0.124756,-4.2400,16.0496,0
4.1800,323156,-0.698059,0.701172,0.074585,-0.124573,-4.0464,16.2129,0
4.1900,323166,-0.697632,0.701233,0.078918,-0.123901,-3.6497,16.5070,0
4.2000,323176,-0.697388,0.701355,0.080994,-0.123474,-3.4530,16.6395,0
4.2100,323186,-0.697144,0.701416,0.082947,-0.123169,-3.2753,16.7720,0
4.2200,323196,-0.696899,0.701416,0.084717,-0.122864,-3.1115,16.8891,0
4.2300,323206,-0.696655,0.701538,0.086304,-0.122681,-2.9740,17.0027,0
4.2400,323216,-0.696411,0.701660,0.087708,-0.122620,-2.8610,17.1117,0
4.2500,323226,-0.696106,0.701782,0.088928,-0.122559,-2.7634,17.2048,0
4.2600,323236,-0.695923,0.701843,0.089905,-0.122559,-2.6882,17.2840,0
4.2700,323246,-0.695862,0.701782,0.090759,-0.122620,-2.6246,17.3587,0
4.2800,323256,-0.695312,0.702209,0.091675,-0.122559,-2.5584,17.4265,0
4.2900,323266,-0.695007,0.702393,0.092346,-0.122620,-2.5156,17.4852,0
4.3000,323276,-0.694885,0.702454,0.092896,-0.122803,-2.4887,17.5454,0
4.3100,323286,-0.694885,0.702332,0.093323,-0.123108,-2.4775,17.6055,0
4.3200,323296,-0.695068,0.702026,0.093689,-0.123535,-2.4765,17.6715,0
4.3300,323306,-0.695312,0.701660,0.094116,-0.123901,-2.4641,17.7375,0
4.3400,323316,-0.695740,0.701111,0.094666,-0.124268,-2.4373,17.8144,0
4.3500,323326,-0.696167,0.700562,0.095215,-0.124573,-2.4055,17.8861,0
4.3600,323336,-0.696472,0.700073,0.095825,-0.124817,-2.3660,17.9566,0
4.3700,323346,-0.696716,0.699707,0.096558,-0.125000,-2.3142,18.0325,0
4.3800,323356,-0.696655,0.699707,0.097290,-0.125122,-2.2662,18.1029,0
4.3900,323366,-0.696350,0.699890,0.098083,-0.125122,-2.2089,18.1668,0
4.4000,323376,-0.695801,0.700317,0.098877,-0.125061,-2.1530,18.2248,0
4.4100,323386,-0.695251,0.700745,0.099670,-0.125000,-2.0972,18.2830,0
4.4200,323396,-0.694885,0.701050,0.100464,-0.124878,-2.0327,18.3372,0
4.4300,323406,-0.694580,0.701233,0.101257,-0.124817,-1.9707,18.3963,0
4.4400,323416,-0.694458,0.701233,0.101990,-0.124756,-1.9089,18.4507,0
4.4500,323426,-0.694275,0.701233,0.103333,-0.124878,-1.8140,18.5710,0
4.4600,323436,-0.694275,0.701172,0.103882,-0.125000,-1.7792,18.6266,0
4.4700,323446,-0.694214,0.701050,0.104309,-0.125183,-1.7589,18.6757,0
4.4800,323456,-0.694214,0.700989,0.104675,-0.125305,-1.7387,18.7160,0
4.4900,323466,-0.694275,0.700928,0.104858,-0.125427,-1.7323,18.7418,0
4.5000,323476,-0.694336,0.700745,0.104919,-0.125610,-1.7388,18.7612,0
4.5100,323486,-0.694519,0.700562,0.104919,-0.125793,-1.7487,18.7771,0
4.5200,323496,-0.694824,0.700195,0.104858,-0.126160,-1.7740,18.8030,0
4.5300,323506,-0.695374,0.699585,0.104797,-0.126526,-1.7928,18.8295,0
4.5400,323516,-0.696045,0.698853,0.104797,-0.127075,-1.8181,18.8771,0
4.5500,323526,-0.696777,0.698059,0.104858,-0.127563,-1.8319,18.9248,0
4.5600,323536,-0.697449,0.697205,0.104919,-0.128113,-1.8504,18.9762,0
4.5700,323546,-0.698059,0.696533,0.104919,-0.128662,-1.8771,19.0239,0
4.5800,323556,-0.698486,0.696045,0.104980,-0.129089,-1.8939,19.0658,0
4.5900,323566,-0.698730,0.695679,0.105103,-0.129517,-1.9099,19.1117,0
4.6000,323576,-0.698853,0.695496,0.105286,-0.129822,-1.9153,19.1527,0
4.6100,323586,-0.698730,0.695496,0.105530,-0.130066,-1.9167,19.1921,0
4.6200,323596,-0.698486,0.695679,0.105835,-0.130310,-1.9174,19.2371,0
4.6300,323606,-0.698120,0.695923,0.106201,-0.130432,-1.9060,19.2757,0
4.6400,323616,-0.697815,0.696167,0.106628,-0.130554,-1.8889,19.3202,0
4.6500,323626,-0.697510,0.696350,0.106995,-0.130615,-1.8709,19.3538,0
4.6600,323636,-0.697266,0.696533,0.107483,-0.130676,-1.8425,19.3984,0
4.6700,323646,-0.697083,0.696716,0.107910,-0.130676,-1.8134,19.4337,0
4.6800,323656,-0.696777,0.696899,0.108276,-0.130676,-1.7906,19.4621,0
4.6900,323666,-0.696411,0.697205,0.108643,-0.130554,-1.7608,19.4807,0
4.7000,323676,-0.696045,0.697632,0.108948,-0.130493,-1.7425,19.5009,0
4.7100,323686,-0.695618,0.697998,0.109192,-0.130432,-1.7289,19.5145,0
4.7200,323696,-0.695312,0.698181,0.109680,-0.130493,-1.7015,19.5585,0
4.7300,323706,-0.695435,0.698059,0.109985,-0.130554,-1.6787,19.5895,0
4.7400,323716,-0.695496,0.697876,0.110413,-0.130615,-1.6460,19.6292,0
4.7500,323726,-0.695496,0.697815,0.110840,-0.130615,-1.6110,19.6643,0
4.7600,323736,-0.695312,0.697937,0.111267,-0.130554,-1.5762,19.6939,0
4.7700,323746,-0.695007,0.698181,0.111694,-0.130310,-1.5302,19.7076,0
4.7800,323756,-0.694763,0.698486,0.112000,-0.130066,-1.4940,19.7127,0
4.7900,323766,-0.694641,0.698547,0.112305,-0.129883,-1.4575,19.7218,0
4.8000,323776,-0.694702,0.698486,0.112549,-0.129700,-1.4217,19.7269,0
4.8100,323786,-0.694885,0.698303,0.112793,-0.129639,-1.3923,19.7426,0
4.8200,323796,-0.695068,0.698059,0.113098,-0.129517,-1.3522,19.7574,0
4.8300,323806,-0.695190,0.697937,0.113464,-0.129456,-1.3148,19.7832,0
4.8400,323816,-0.695129,0.697937,0.113892,-0.129272,-1.2669,19.8028,0
4.8500,323826,-0.695007,0.698059,0.114319,-0.129089,-1.2216,19.8229,0
4.8600,323836,-0.694763,0.698242,0.114746,-0.128906,-1.1788,19.8422,0
4.8700,323846,-0.694458,0.698486,0.115234,-0.128662,-1.1280,19.8614,0
4.8800,323856,-0.694153,0.698792,0.115662,-0.128479,-1.0879,19.8815,0
4.8900,323866,-0.693665,0.699219,0.116028,-0.128296,-1.0569,19.8954,0
4.9000,323876,-0.692993,0.699890,0.116272,-0.127991,-1.0318,19.8893,0
4.9100,323886,-0.692139,0.700745,0.116577,-0.127686,-1.0070,19.8882,0
4.9200,323896,-0.691101,0.701782,0.116760,-0.127319,-0.9921,19.8716,0
4.9300,323906,-0.690247,0.702759,0.116760,-0.126892,-0.9834,19.8361,0
4.9400,323916,-0.689453,0.703613,0.116699,-0.126465,-0.9768,19.7949,0
4.9500,323926,-0.688843,0.704285,0.116577,-0.126099,-0.9748,19.7538,0
4.9600,323936,-0.688110,0.705078,0.116516,-0.125671,-0.9663,19.7128,0
4.9700,323946,-0.687561,0.705688,0.116455,-0.125244,-0.9527,19.6720,0
4.9800,323956,-0.687134,0.706238,0.116333,-0.124878,-0.9462,19.6320,0
4.9900,323966,-0.686157,0.707336,0.116089,-0.124207,-0.9398,19.5557,0
5.0000,323976,-0.685547,0.708008,0.115906,-0.123779,-0.9372,19.5046,0
5.0100,323986,-0.684875,0.708740,0.115723,-0.123352,-0.9361,19.4535,0
5.0200,323996,-0.684143,0.709595,0.115540,-0.122925,-0.9375,19.4031,0
5.0300,324006,-0.683472,0.710327,0.115356,-0.122498,-0.9363,19.3521,0
5.0400,324016,-0.683105,0.710815,0.115112,-0.122009,-0.9273,19.2919,0
5.0500,324026,-0.682861,0.711121,0.114929,-0.121521,-0.9094,19.2362,0
5.0600,324036,-0.682800,0.711304,0.114746,-0.121094,-0.8922,19.1865,0
5.0700,324046,-0.682861,0.711365,0.114563,-0.120605,-0.8668,19.1318,0
5.0800,324056,-0.682922,0.711426,0.114380,-0.120117,-0.8413,19.0772,0
5.0900,324066,-0.682861,0.711609,0.114258,-0.119507,-0.8044,19.0176,0
5.1000,324076,-0.682678,0.711914,0.114197,-0.118958,-0.7710,18.9683,0
5.1100,324086,-0.682434,0.712219,0.114136,-0.118347,-0.7333,18.9131,0
5.1200,324096,-0.682129,0.712585,0.114075,-0.117798,-0.7022,18.8631,0
5.1300,324106,-0.681885,0.712891,0.114075,-0.117371,-0.6746,18.8284,0
5.1400,324116,-0.681641,0.713196,0.114075,-0.116943,-0.6469,18.7938,0
5.1500,324126,-0.681396,0.713501,0.114136,-0.116577,-0.6195,18.7695,0
5.1600,324136,-0.681152,0.713806,0.114136,-0.116272,-0.6018,18.7450,0
5.1700,324146,-0.680908,0.714050,0.114197,-0.115967,-0.5785,18.7250,0
5.1800,324156,-0.680603,0.714417,0.114197,-0.115662,-0.5624,18.7006,0
5.1900,324166,-0.680237,0.714783,0.114136,-0.115295,-0.5468,18.6651,0
5.2000,324176,-0.679932,0.715210,0.114075,-0.114990,-0.5362,18.6362,0
5.2100,324186,-0.679565,0.715576,0.113953,-0.114624,-0.5253,18.5956,0
5.2200,324196,-0.679382,0.715820,0.113770,-0.114258,-0.5151,18.5505,0
5.2300,324206,-0.679382,0.715942,0.113525,-0.113953,-0.5107,18.5059,0
5.2400,324216,-0.679504,0.715881,0.113342,-0.113647,-0.4975,18.4659,0
5.2500,324226,-0.679871,0.715637,0.113037,-0.113159,-0.4733,18.4010,0
5.2600,324236,-0.679871,0.715698,0.112976,-0.112854,-0.4538,18.3715,0
5.2700,324246,-0.679687,0.715942,0.112976,-0.112427,-0.4243,18.3372,0
5.2800,324256,-0.679443,0.716309,0.112976,-0.112000,-0.3971,18.3036,0
5.2900,324266,-0.679138,0.716675,0.112915,-0.111572,-0.3754,18.2642,0
5.3000,324276,-0.678955,0.716858,0.112915,-0.111206,-0.3500,18.2342,0
5.3100,324286,-0.678955,0.716919,0.112854,-0.110962,-0.3355,18.2097,0
5.3200,324296,-0.679077,0.716858,0.112793,-0.110779,-0.3229,18.1902,0
5.3300,324306,-0.679199,0.716736,0.112793,-0.110657,-0.3097,18.1802,0
5.3400,324316,-0.679260,0.716736,0.112732,-0.110474,-0.2986,18.1607,0
5.3500,324326,-0.679138,0.716858,0.112732,-0.110291,-0.2867,18.1457,0
5.3600,324336,-0.679016,0.717041,0.112732,-0.110046,-0.2705,18.1265,0
5.3700,324346,-0.678894,0.717163,0.112732,-0.109802,-0.2536,18.1066,0
5.3800,324356,-0.678833,0.717285,0.112793,-0.109558,-0.2311,18.0927,0
5.3900,324366,-0.678833,0.717285,0.112793,-0.109375,-0.2161,18.0777,0
5.4000,324376,-0.678894,0.717285,0.112793,-0.109192,-0.2002,18.0635,0
5.4100,324386,-0.678894,0.717285,0.112793,-0.109009,-0.1852,18.0485,0
5.4200,324396,-0.678894,0.717285,0.112793,-0.108826,-0.1701,18.0335,0
5.4300,324406,-0.678833,0.717407,0.112793,-0.108582,-0.1524,18.0144,0
5.4400,324416,-0.678833,0.717468,0.112793,-0.108337,-0.1330,17.9952,0
5.4500,324426,-0.678833,0.717468,0.112854,-0.108154,-0.1132,17.9855,0
5.4600,324436,-0.678955,0.717346,0.112915,-0.107910,-0.0853,17.9708,0
5.4700,324446,-0.679199,0.717163,0.113037,-0.107788,-0.0604,17.9719,0
5.4800,324456,-0.679443,0.716919,0.113098,-0.107666,-0.0394,17.9671,0
5.4900,324466,-0.679626,0.716736,0.113220,-0.107544,-0.0153,17.9675,0
5.5000,324476,-0.679749,0.716675,0.113403,-0.107361,0.0164,17.9690,0
5.5100,324486,-0.679749,0.716614,0.113586,-0.107178,0.0464,17.9691,0
5.5200,324496,-0.679626,0.716797,0.113953,-0.106689,0.1112,17.9616,0
5.5300,324506,-0.679504,0.716858,0.114136,-0.106445,0.1432,17.9568,0
5.5400,324516,-0.679382,0.716980,0.114197,-0.106262,0.1599,17.9472,0
5.5500,324526,-0.679321,0.717102,0.114319,-0.106079,0.1822,17.9436,0
5.5600,324536,-0.679260,0.717163,0.114258,-0.106018,0.1809,17.9334,0
5.5700,324546,-0.679138,0.717285,0.114258,-0.105957,0.1828,17.9286,0
5.5800,324556,-0.679138,0.717285,0.114197,-0.106018,0.1731,17.9283,0
5.5900,324566,-0.679077,0.717346,0.114136,-0.106018,0.1668,17.9231,0
5.6000,324576,-0.679138,0.717285,0.114136,-0.106018,0.1683,17.9230,0
5.6100,324586,-0.679077,0.717346,0.114136,-0.106018,0.1668,17.9231,0
5.6200,324596,-0.678955,0.717468,0.114197,-0.105957,0.1735,17.9235,0
5.6300,324606,-0.678772,0.717651,0.114319,-0.105835,0.1884,17.9242,0
5.6400,324616,-0.678589,0.717773,0.114380,-0.105713,0.1993,17.9190,0
5.6500,324626,-0.678528,0.717896,0.114502,-0.105530,0.2216,17.9154,0
5.6600,324636,-0.678589,0.717834,0.114624,-0.105469,0.2376,17.9209,0
5.6700,324646,-0.678711,0.717712,0.114746,-0.105347,0.2602,17.9214,0
5.6800,324656,-0.678833,0.717529,0.114868,-0.105225,0.2836,17.9211,0
5.6900,324666,-0.678955,0.717468,0.114990,-0.105042,0.3105,17.9174,0
5.7000,324676,-0.678955,0.717468,0.115234,-0.104858,0.3445,17.9235,0
5.7100,324686,-0.678772,0.717651,0.115356,-0.104614,0.3695,17.9144,0
5.7200,324696,-0.678589,0.717834,0.115479,-0.104370,0.3944,17.9053,0
5.7300,324706,-0.678345,0.718140,0.115540,-0.104065,0.4174,17.8869,0
5.7400,324716,-0.678162,0.718323,0.115479,-0.103882,0.4231,17.8669,0
5.7500,324726,-0.678101,0.718384,0.115356,-0.103699,0.4272,17.8416,0
5.7600,324736,-0.678162,0.718384,0.115112,-0.103638,0.4140,17.8162,0
5.7700,324746,-0.678284,0.718384,0.114868,-0.103577,0.4017,17.7915,0
5.7800,324756,-0.678406,0.718323,0.114502,-0.103516,0.3806,17.7555,0
5.7900,324766,-0.678467,0.718323,0.113953,-0.103455,0.3437,17.7038,0
5.8000,324776,-0.678406,0.718445,0.113647,-0.103455,0.3177,17.6783,0
5.8100,324786,-0.678223,0.718628,0.113464,-0.103394,0.3040,17.6577,0
5.8200,324796,-0.678101,0.718811,0.113281,-0.103333,0.2910,17.6378,0
5.8300,324806,-0.677979,0.718933,0.113159,-0.103210,0.2886,17.6175,0
5.8400,324816,-0.677795,0.719177,0.113037,-0.103149,0.2788,17.6029,0
5.8500,324826,-0.677612,0.719421,0.112854,-0.102966,0.2745,17.5732,0
5.8600,324836,-0.677429,0.719604,0.112671,-0.102783,0.2708,17.5427,0
5.8700,324846,-0.677246,0.719788,0.112549,-0.102600,0.2719,17.5175,0
5.8800,324856,-0.677185,0.719910,0.112427,-0.102356,0.2804,17.4880,0
5.8900,324866,-0.677185,0.719971,0.112183,-0.102234,0.2708,17.4578,0
5.9000,324876,-0.677185,0.720032,0.112000,-0.102051,0.2710,17.4278,0
5.9100,324886,-0.677185,0.720093,0.111755,-0.101929,0.2614,17.3976,0
5.9200,324896,-0.677124,0.720215,0.111511,-0.101746,0.2553,17.3625,0
5.9300,324906,-0.677002,0.720398,0.111267,-0.101624,0.2428,17.3324,0
5.9400,324916,-0.676819,0.720642,0.111084,-0.101440,0.2385,17.3027,0
5.9500,324926,-0.676697,0.720825,0.110840,-0.101196,0.2361,17.2627,0
5.9600,324936,-0.676575,0.721008,0.110535,-0.100952,0.2289,17.2174,0
5.9700,324946,-0.676575,0.721069,0.110229,-0.100708,0.2247,17.1720,0
5.9800,324956,-0.676575,0.721130,0.109863,-0.100464,0.2158,17.1214,0
5.9900,324966,-0.676636,0.721191,0.109558,-0.100220,0.2124,17.0767,0
6.0000,324976,-0.676636,0.721252,0.109253,-0.100037,0.2031,17.0362,0
6.0100,324986,-0.676697,0.721313,0.108948,-0.099792,0.1997,16.9916,0
6.0200,324996,-0.676636,0.721375,0.108765,-0.099609,0.1992,16.9610,0
6.0300,325006,-0.676575,0.721558,0.108582,-0.099365,0.2023,16.9270,0
6.0400,325016,-0.676392,0.721741,0.108398,-0.099121,0.2040,16.8916,0
6.0500,325026,-0.676147,0.722107,0.108093,-0.098633,0.2135,16.8276,0
6.0600,325036,-0.676025,0.722229,0.107910,-0.098450,0.2116,16.7971,0
6.0700,325046,-0.675964,0.722351,0.107788,-0.098267,0.2152,16.7726,0
6.0800,325056,-0.675964,0.722412,0.107666,-0.098145,0.2152,16.7529,0
6.0900,325066,-0.675842,0.722534,0.107605,-0.097961,0.2227,16.7330,0
6.1000,325076,-0.675537,0.722839,0.107544,-0.097717,0.2310,16.7083,0
6.1100,325086,-0.675232,0.723206,0.107483,-0.097534,0.2336,16.6894,0
6.1200,325096,-0.674866,0.723572,0.107361,-0.097290,0.2358,16.6596,0
6.1300,325106,-0.674683,0.723816,0.107239,-0.097107,0.2366,16.6352,0
6.1400,325116,-0.674622,0.723938,0.107056,-0.096985,0.2304,16.6103,0
6.1500,325126,-0.674744,0.723816,0.106873,-0.096924,0.2242,16.5894,0
6.1600,325136,-0.674927,0.723694,0.106689,-0.096985,0.2086,16.5790,0
6.1700,325146,-0.675110,0.723511,0.106567,-0.097046,0.1984,16.5732,0
6.1800,325156,-0.675110,0.723511,0.106506,-0.097046,0.1936,16.5679,0
6.1900,325166,-0.675049,0.723572,0.106506,-0.097046,0.1922,16.5680,0
6.2000,325176,-0.674866,0.723755,0.106506,-0.097046,0.1879,16.5682,0
6.2100,325186,-0.674683,0.723938,0.106567,-0.096985,0.1934,16.5687,0
6.2200,325196,-0.674561,0.723999,0.106628,-0.097046,0.1909,16.5783,0
6.2300,325206,-0.674500,0.723999,0.106750,-0.097168,0.1895,16.5981,0
6.2400,325216,-0.674500,0.723999,0.106812,-0.097290,0.1841,16.6132,0
6.2500,325226,-0.674500,0.723999,0.106934,-0.097412,0.1834,16.6335,0
6.2600,325236,-0.674500,0.723999,0.106995,-0.097473,0.1830,16.6437,0
6.2700,325246,-0.674500,0.723938,0.107056,-0.097473,0.1884,16.6483,0
6.2800,325256,-0.674500,0.723938,0.107117,-0.097412,0.1982,16.6487,0
6.2900,325266,-0.674500,0.723938,0.107239,-0.097351,0.2127,16.6543,0
6.3000,325276,-0.674500,0.723877,0.107422,-0.097351,0.2276,16.6694,0
6.3100,325286,-0.674500,0.723877,0.107605,-0.097290,0.2468,16.6804,0
6.3200,325296,-0.674316,0.723999,0.108032,-0.097290,0.2762,16.7168,0
6.3300,325306,-0.674194,0.724060,0.108276,-0.097290,0.2928,16.7374,0
6.3400,325316,-0.674011,0.724182,0.108459,-0.097229,0.3084,16.7479,0
6.3500,325326,-0.673889,0.724304,0.108704,-0.097229,0.3244,16.7692,0
6.3600,325336,-0.673767,0.724426,0.108826,-0.097168,0.3360,16.7750,0
6.3700,325346,-0.673645,0.724487,0.108948,-0.097168,0.3432,16.7850,0
6.3800,325356,-0.673584,0.724548,0.108948,-0.097168,0.3418,16.7851,0
6.3900,325366,-0.673523,0.724609,0.108948,-0.097168,0.3403,16.7852,0
6.4000,325376,-0.673462,0.724670,0.108948,-0.097168,0.3389,16.7852,0
6.4100,325386,-0.673401,0.724731,0.109009,-0.097107,0.3472,16.7857,0
6.4200,325396,-0.673279,0.724854,0.109070,-0.097046,0.3541,16.7863,0
6.4300,325406,-0.673157,0.724915,0.109131,-0.096924,0.3668,16.7812,0
6.4400,325416,-0.673096,0.725037,0.109070,-0.096863,0.3650,16.7718,0
6.4500,325426,-0.673035,0.725098,0.109009,-0.096741,0.3690,16.7568,0
6.4600,325436,-0.673035,0.725098,0.108948,-0.096802,0.3592,16.7564,0
6.4700,325446,-0.673096,0.725037,0.108887,-0.096863,0.3509,16.7559,0
6.4800,325456,-0.673035,0.725098,0.108826,-0.096924,0.3397,16.7556,0
6.4900,325466,-0.672974,0.725159,0.108887,-0.096924,0.3429,16.7610,0
6.5000,325476,-0.672852,0.725281,0.108826,-0.096863,0.3404,16.7510,0
6.5100,325486,-0.672729,0.725464,0.108765,-0.096741,0.3423,16.7368,0
6.5200,325496,-0.672546,0.725647,0.108643,-0.096558,0.3438,16.7117,0
6.5300,325506,-0.672485,0.725708,0.108521,-0.096436,0.3431,16.6914,0
6.5400,325516,-0.672485,0.725769,0.108398,-0.096252,0.3483,16.6669,0
6.5500,325526,-0.672485,0.725830,0.108215,-0.096069,0.3487,16.6370,0
6.5600,325536,-0.672485,0.725891,0.108093,-0.095886,0.3539,16.6125,0
6.5700,325546,-0.672424,0.725952,0.107971,-0.095703,0.3583,16.5873,0
6.5800,325556,-0.672424,0.726013,0.107788,-0.095520,0.3587,16.5575,0
6.5900,325566,-0.672424,0.726135,0.107544,-0.095215,0.3640,16.5133,0
6.6000,325576,-0.672363,0.726135,0.107422,-0.095154,0.3589,16.4972,0
6.6100,325586,-0.672363,0.726196,0.107239,-0.095093,0.3492,16.4771,0
6.6200,325596,-0.672302,0.726318,0.107056,-0.095093,0.3330,16.4620,0
6.6300,325606,-0.672241,0.726379,0.106750,-0.095032,0.3132,16.4307,0
6.6400,325616,-0.672119,0.726562,0.106445,-0.094971,0.2913,16.4002,0
6.6500,325626,-0.672058,0.726685,0.106140,-0.094971,0.2657,16.3745,0
6.6600,325636,-0.671997,0.726746,0.105774,-0.095032,0.2310,16.3477,0
6.6700,325646,-0.671936,0.726868,0.105408,-0.094971,0.2058,16.3119,0
6.6800,325656,-0.671936,0.726929,0.105042,-0.094910,0.1820,16.2759,0
6.6900,325666,-0.671936,0.727051,0.104675,-0.094727,0.1678,16.2309,0
6.7000,325676,-0.671875,0.727173,0.104309,-0.094543,0.1528,16.1853,0
6.7100,325686,-0.671875,0.727295,0.103943,-0.094299,0.1436,16.1355,0
6.7200,325696,-0.671814,0.727356,0.103577,-0.094055,0.1344,16.0843,0
6.7300,325706,-0.671814,0.727478,0.103271,-0.093811,0.1299,16.0397,0
6.7400,325716,-0.671753,0.727539,0.102966,-0.093567,0.1254,15.9938,0
6.7500,325726,-0.671753,0.727661,0.102783,-0.093323,0.1304,15.9598,0
6.7600,325736,-0.671753,0.727722,0.102539,-0.093079,0.1313,15.9198,0
6.7700,325746,-0.671692,0.727783,0.102356,-0.092896,0.1311,15.8894,0
6.7800,325756,-0.671631,0.727905,0.102295,-0.092590,0.1498,15.8605,0
6.7900,325766,-0.671570,0.728027,0.102234,-0.092346,0.1635,15.8365,0
6.8000,325776,-0.671448,0.728149,0.102173,-0.092041,0.1815,15.8070,0
6.8100,325786,-0.671387,0.728271,0.102173,-0.091797,0.1999,15.7883,0
6.8200,325796,-0.671265,0.728455,0.102112,-0.091492,0.2173,15.7595,0
6.8300,325806,-0.671082,0.728699,0.101990,-0.091125,0.2338,15.7206,0
6.8400,325816,-0.670898,0.728882,0.101746,-0.090820,0.2365,15.6753,0
6.8500,325826,-0.670898,0.729065,0.101135,-0.090332,0.2284,15.5856,0
6.8600,325836,-0.671021,0.729004,0.100708,-0.090088,0.2180,15.5296,0
6.8700,325846,-0.671143,0.729004,0.100281,-0.089905,0.2019,15.4793,0
6.8800,325856,-0.671265,0.728943,0.099854,-0.089783,0.1812,15.4331,0
6.8900,325866,-0.671265,0.729004,0.099548,-0.089600,0.1724,15.3927,0
6.9000,325876,-0.671326,0.729004,0.099182,-0.089417,0.1603,15.3470,0
6.9100,325886,-0.671387,0.729065,0.098938,-0.089294,0.1517,15.3175,0
6.9200,325896,-0.671387,0.729065,0.098694,-0.089172,0.1432,15.2866,0
6.9300,325906,-0.671448,0.729065,0.098511,-0.089050,0.1400,15.2616,0
6.9400,325916,-0.671509,0.729065,0.098328,-0.088867,0.1419,15.2318,0
6.9500,325926,-0.671509,0.729065,0.098145,-0.088684,0.1431,15.2014,0
6.9600,325936,-0.671509,0.729126,0.097961,-0.088501,0.1437,15.1717,0
6.9700,325946,-0.671570,0.729126,0.097900,-0.088257,0.1600,15.1475,0
6.9800,325956,-0.671631,0.729065,0.097778,-0.088074,0.1672,15.1224,0
6.9900,325966,-0.671814,0.729004,0.097778,-0.087891,0.1852,15.1089,0
7.0000,325976,-0.671936,0.728882,0.097778,-0.087769,0.1980,15.0991,0
7.0100,325986,-0.671997,0.728821,0.097839,-0.087708,0.2091,15.0994,0
7.0200,325996,-0.671936,0.728882,0.097900,-0.087769,0.2074,15.1096,0
7.0300,326006,-0.671753,0.729004,0.098022,-0.087769,0.2135,15.1197,0
7.0400,326016,-0.671509,0.729187,0.098145,-0.087952,0.2030,15.1445,0
7.0500,326026,-0.671326,0.729309,0.098206,-0.088196,0.1840,15.1687,0
7.0600,326036,-0.671204,0.729370,0.098267,-0.088501,0.1612,15.1977,0
7.0700,326046,-0.671143,0.729431,0.098328,-0.088806,0.1391,15.2274,0
7.0800,326056,-0.671021,0.729431,0.098389,-0.089111,0.1169,15.2557,0
7.0900,326066,-0.670959,0.729492,0.098389,-0.089417,0.0901,15.2801,0
7.1000,326076,-0.670776,0.729614,0.098389,-0.089661,0.0664,15.2990,0
7.1100,326086,-0.670654,0.729736,0.098328,-0.089844,0.0437,15.3084,0
7.1200,326096,-0.670532,0.729797,0.098145,-0.090332,-0.0132,15.3308,0
7.1300,326106,-0.670593,0.729736,0.098083,-0.090515,-0.0319,15.3401,0
7.1400,326116,-0.670654,0.729675,0.098083,-0.090759,-0.0510,15.3595,0
7.1500,326126,-0.670593,0.729675,0.098145,-0.090942,-0.0623,15.3787,0
7.1600,326136,-0.670410,0.729797,0.098206,-0.091064,-0.0711,15.3932,0
7.1700,326146,-0.670105,0.730042,0.098328,-0.091187,-0.0779,15.4131,0
7.1800,326156,-0.669739,0.730347,0.098450,-0.091248,-0.0810,15.4281,0
7.1900,326166,-0.669434,0.730591,0.098572,-0.091370,-0.0878,15.4480,0
7.2000,326176,-0.669250,0.730713,0.098633,-0.091492,-0.0967,15.4625,0
7.2100,326186,-0.669189,0.730774,0.098633,-0.091614,-0.1083,15.4722,0
7.2200,326196,-0.669312,0.730713,0.098511,-0.091675,-0.1207,15.4671,0
7.2300,326206,-0.669434,0.730591,0.098389,-0.091797,-0.1377,15.4661,0
7.2400,326216,-0.669495,0.730469,0.098267,-0.091919,-0.1553,15.4645,0
7.2500,326226,-0.669556,0.730469,0.098145,-0.092041,-0.1742,15.4643,0
7.2600,326236,-0.669556,0.730469,0.098083,-0.092041,-0.1788,15.4590,0
7.2700,326246,-0.669556,0.730469,0.098022,-0.091980,-0.1784,15.4488,0
7.2800,326256,-0.669556,0.730469,0.098022,-0.091919,-0.1733,15.4440,0
7.2900,326266,-0.669556,0.730469,0.098022,-0.091919,-0.1733,15.4440,0
7.3000,326276,-0.669556,0.730469,0.098022,-0.091919,-0.1733,15.4440,0
7.3100,326286,-0.669556,0.730469,0.098022,-0.091919,-0.1733,15.4440,0
7.3200,326296,-0.669556,0.730469,0.098022,-0.091919,-0.1733,15.4440,0
7.3300,326306,-0.669556,0.730469,0.098022,-0.091919,-0.1733,15.4440,0
7.3400,326316,-0.669556,0.730469,0.098022,-0.091919,-0.1733,15.4440,0
7.3500,326326,-0.669556,0.730530,0.098022,-0.091919,-0.1740,15.4446,0
7.3600,326336,-0.669556,0.730530,0.098022,-0.091919,-0.1740,15.4446,0
7.3700,326346,-0.669556,0.730530,0.098022,-0.091980,-0.1791,15.4495,0
7.3800,326356,-0.669495,0.730469,0.098145,-0.092163,-0.1851,15.4734,0
7.3900,326366,-0.669495,0.730469,0.098267,-0.092285,-0.1859,15.4937,0
7.4000,326376,-0.669373,0.730530,0.098389,-0.092346,-0.1837,15.5085,0
7.4100,326386,-0.669250,0.730652,0.098511,-0.092468,-0.1872,15.5289,0
7.4200,326396,-0.669128,0.730774,0.098633,-0.092468,-0.1805,15.5396,0
7.4300,326406,-0.669006,0.730835,0.098755,-0.092468,-0.1732,15.5496,0
7.4400,326416,-0.668945,0.730896,0.098816,-0.092529,-0.1750,15.5598,0
7.4500,326426,-0.668884,0.730896,0.098816,-0.092529,-0.1757,15.5591,0
7.4600,326436,-0.668884,0.730957,0.098816,-0.092468,-0.1712,15.5550,0
7.4700,326446,-0.668823,0.731018,0.098816,-0.092468,-0.1725,15.5550,0
7.4800,326456,-0.668701,0.731140,0.098877,-0.092468,-0.1705,15.5604,0
7.4900,326466,-0.668579,0.731201,0.098877,-0.092407,-0.1674,15.5549,0
7.5000,326476,-0.668579,0.731262,0.098877,-0.092407,-0.1681,15.5556,0
7.5100,326486,-0.668518,0.731262,0.098877,-0.092407,-0.1688,15.5550,0
7.5200,326496,-0.668518,0.731323,0.098877,-0.092407,-0.1694,15.5557,0
7.5300,326506,-0.668396,0.731384,0.098938,-0.092407,-0.1668,15.5604,0
7.5400,326516,-0.668396,0.731384,0.098938,-0.092407,-0.1668,15.5604,0
7.5500,326526,-0.668335,0.731445,0.098938,-0.092407,-0.1681,15.5604,0
7.5600,326536,-0.668274,0.731506,0.098938,-0.092285,-0.1592,15.5508,0
7.5700,326546,-0.668213,0.731567,0.098877,-0.092102,-0.1499,15.5310,0
7.5800,326556,-0.668152,0.731689,0.098877,-0.091919,-0.1365,15.5171,0
7.5900,326566,-0.667847,0.731995,0.098816,-0.091614,-0.1223,15.4879,0
7.6000,326576,-0.667358,0.732483,0.098816,-0.091248,-0.1022,15.4592,0
7.6100,326586,-0.666687,0.733154,0.098877,-0.090820,-0.0762,15.4312,0
7.6200,326596,-0.666077,0.733765,0.098938,-0.090332,-0.0438,15.3985,0
7.6300,326606,-0.665588,0.734253,0.098999,-0.089905,-0.0138,15.3705,0
7.6400,326616,-0.665283,0.734558,0.099060,-0.089539,0.0151,15.3472,0
7.6500,326626,-0.665405,0.734497,0.099060,-0.089050,0.0582,15.3092,0
7.6600,326636,-0.665649,0.734314,0.098999,-0.088928,0.0685,15.2946,0
7.6700,326646,-0.665955,0.734070,0.098877,-0.088867,0.0702,15.2795,0
7.6800,326656,-0.666199,0.733887,0.098755,-0.088745,0.0758,15.2596,0
7.6900,326666,-0.666382,0.733704,0.098694,-0.088684,0.0802,15.2493,0
7.7000,326676,-0.666443,0.733643,0.098572,-0.088623,0.0773,15.2338,0
7.7100,326686,-0.666565,0.733643,0.098450,-0.088501,0.0796,15.2147,0
7.7200,326696,-0.666626,0.733582,0.098328,-0.088318,0.0870,15.1895,0
7.7300,326706,-0.666626,0.733582,0.098145,-0.088135,0.0884,15.1591,0
7.7400,326716,-0.666687,0.733643,0.097961,-0.087891,0.0950,15.1252,0
7.7500,326726,-0.666687,0.733704,0.097717,-0.087646,0.0963,15.0853,0
7.7600,326736,-0.666687,0.733765,0.097412,-0.087280,0.1032,15.0305,0
7.7700,326746,-0.666748,0.733765,0.097168,-0.086975,0.1108,14.9857,0
7.7800,326756,-0.666931,0.733704,0.096863,-0.086670,0.1158,14.9362,0
7.7900,326766,-0.667114,0.733582,0.096558,-0.086365,0.1214,14.8860,0
7.8000,326776,-0.667297,0.733521,0.096252,-0.086121,0.1212,14.8413,0
7.8100,326786,-0.667480,0.733398,0.095947,-0.085815,0.1267,14.7911,0
7.8200,326796,-0.667664,0.733337,0.095703,-0.085510,0.1363,14.7469,0
7.8300,326806,-0.667786,0.733276,0.095398,-0.085266,0.1354,14.7016,0
7.8400,326816,-0.667908,0.733215,0.095215,-0.085083,0.1387,14.6718,0
7.8500,326826,-0.668030,0.733154,0.095032,-0.084900,0.1420,14.6419,0
7.8600,326836,-0.668030,0.733154,0.094849,-0.084778,0.1383,14.6164,0
7.8700,326846,-0.668091,0.733154,0.094727,-0.084595,0.1450,14.5919,0
7.8800,326856,-0.668091,0.733154,0.094666,-0.084473,0.1505,14.5770,0
7.8900,326866,-0.668152,0.733154,0.094543,-0.084412,0.1470,14.5622,0
7.9000,326876,-0.668213,0.733154,0.094482,-0.084290,0.1532,14.5478,0
7.9100,326886,-0.668274,0.733093,0.094299,-0.084167,0.1507,14.5222,0
7.9200,326896,-0.668274,0.733093,0.094238,-0.084106,0.1512,14.5121,0
7.9300,326906,-0.668274,0.733154,0.094116,-0.083984,0.1515,14.4925,0
7.9400,326916,-0.668396,0.733093,0.093994,-0.083801,0.1594,14.4680,0
7.9500,326926,-0.668457,0.733032,0.093872,-0.083679,0.1616,14.4477,0
7.9600,326936,-0.668640,0.732910,0.093689,-0.083557,0.1609,14.4226,0
7.9700,326946,-0.668823,0.732788,0.093506,-0.083374,0.1654,14.3927,0
7.9800,326956,-0.669006,0.732666,0.093384,-0.083313,0.1643,14.3777,0
7.9900,326966,-0.669128,0.732544,0.093201,-0.083252,0.1579,14.3569,0
8.0000,326976,-0.669250,0.732483,0.093018,-0.083252,0.1457,14.3415,0
8.0100,326986,-0.669250,0.732483,0.092957,-0.083313,0.1359,14.3411,0
8.0200,326996,-0.669312,0.732422,0.092896,-0.083374,0.1273,14.3405,0
8.0300,327006,-0.669373,0.732361,0.092896,-0.083374,0.1286,14.3405,0
8.0400,327016,-0.669434,0.732300,0.092957,-0.083435,0.1293,14.3505,0
8.0500,327026,-0.669434,0.732300,0.092957,-0.083435,0.1293,14.3505,0
8.0600,327036,-0.669373,0.732361,0.092957,-0.083435,0.1281,14.3506,0
8.0700,327046,-0.669312,0.732361,0.093018,-0.083496,0.1270,14.3601,0
8.0800,327056,-0.669312,0.732361,0.093018,-0.083557,0.1219,14.3649,0
8.0900,327066,-0.669312,0.732361,0.093018,-0.083679,0.1117,14.3746,0
8.1000,327076,-0.669312,0.732361,0.093018,-0.083740,0.1065,14.3794,0
8.1100,327086,-0.669312,0.732300,0.093079,-0.083801,0.1067,14.3889,0
8.1200,327096,-0.669250,0.732361,0.093140,-0.083862,0.1050,14.3991,0
8.1300,327106,-0.669189,0.732483,0.093140,-0.083862,0.1032,14.3998,0
8.1400,327116,-0.669067,0.732544,0.093079,-0.083862,0.0966,14.3940,0
8.1500,327126,-0.669067,0.732544,0.093018,-0.083984,0.0817,14.3983,0
8.1600,327136,-0.669189,0.732422,0.092957,-0.084045,0.0744,14.3978,0
8.1700,327146,-0.669373,0.732239,0.092896,-0.084167,0.0631,14.4019,0
8.1800,327156,-0.669739,0.731934,0.093018,-0.084412,0.0589,14.4321,0
8.1900,327166,-0.669739,0.731873,0.093140,-0.084534,0.0586,14.4517,0
8.2000,327176,-0.669678,0.731873,0.093323,-0.084595,0.0669,14.4718,0
8.2100,327186,-0.669617,0.731934,0.093567,-0.084656,0.0792,14.4978,0
8.2200,327196,-0.669495,0.731995,0.093811,-0.084717,0.0910,14.5233,0
8.2300,327206,-0.669373,0.732056,0.094055,-0.084778,0.1027,14.5487,0
8.2400,327216,-0.669312,0.732056,0.094360,-0.084961,0.1100,14.5891,0
8.2500,327226,-0.669189,0.732117,0.094727,-0.085083,0.1260,14.6300,0
8.2600,327236,-0.669067,0.732117,0.095032,-0.085327,0.1276,14.6746,0
8.2700,327246,-0.669006,0.732117,0.095337,-0.085510,0.1349,14.7149,0
8.2800,327256,-0.668945,0.732117,0.095642,-0.085693,0.1423,14.7553,0
8.2900,327266,-0.668823,0.732178,0.095886,-0.085937,0.1386,14.7953,0
8.3000,327276,-0.668701,0.732239,0.096069,-0.086182,0.1302,14.8300,0
8.3100,327286,-0.668640,0.732239,0.096252,-0.086365,0.1282,14.8598,0
8.3200,327296,-0.668640,0.732239,0.096436,-0.086548,0.1269,14.8902,0
8.3300,327306,-0.668518,0.732239,0.096619,-0.086731,0.1242,14.9194,0
8.3400,327316,-0.668457,0.732300,0.096741,-0.086853,0.1220,14.9397,0
8.3500,327326,-0.668335,0.732422,0.096924,-0.087036,0.1181,14.9702,0
8.3600,327336,-0.668152,0.732483,0.097046,-0.087097,0.1197,14.9845,0
8.3700,327346,-0.668091,0.732544,0.097168,-0.087219,0.1175,15.0048,0
8.3800,327356,-0.668030,0.732544,0.097290,-0.087341,0.1159,15.0245,0
8.3900,327366,-0.668030,0.732544,0.097351,-0.087463,0.1103,15.0395,0
8.4000,327376,-0.668091,0.732422,0.097473,-0.087585,0.1113,15.0590,0
8.4100,327386,-0.668091,0.732422,0.097595,-0.087646,0.1155,15.0744,0
8.4200,327396,-0.667969,0.732544,0.097717,-0.087769,0.1120,15.0948,0
8.4300,327406,-0.667725,0.732727,0.097839,-0.087830,0.1117,15.1099,0
8.4400,327416,-0.667480,0.732910,0.097961,-0.087830,0.1164,15.1201,0
8.4500,327426,-0.667297,0.733093,0.097900,-0.088135,0.0822,15.1391,0
8.4600,327436,-0.667297,0.733032,0.097900,-0.088318,0.0675,15.1530,0
8.4700,327446,-0.667358,0.732971,0.097778,-0.088440,0.0492,15.1519,0
8.4800,327456,-0.667358,0.732971,0.097656,-0.088562,0.0296,15.1510,0
8.4900,327466,-0.667297,0.733032,0.097595,-0.088623,0.0185,15.1506,0
8.5000,327476,-0.667236,0.733093,0.097534,-0.088745,0.0023,15.1550,0
8.5100,327486,-0.667114,0.733154,0.097534,-0.088806,-0.0048,15.1593,0
8.5200,327496,-0.666992,0.733276,0.097595,-0.088867,-0.0079,15.1695,0
8.5300,327506,-0.666870,0.733398,0.097595,-0.088806,-0.0054,15.1648,0
8.5400,327516,-0.666748,0.733521,0.097595,-0.088806,-0.0080,15.1649,0
8.5500,327526,-0.666748,0.733521,0.097595,-0.088806,-0.0080,15.1649,0
8.5600,327536,-0.666748,0.733521,0.097656,-0.088806,-0.0033,15.1703,0
8.5700,327546,-0.666748,0.733521,0.097656,-0.088806,-0.0033,15.1703,0
8.5800,327556,-0.666748,0.733521,0.097656,-0.088806,-0.0033,15.1703,0
8.5900,327566,-0.666748,0.733521,0.097656,-0.088806,-0.0033,15.1703,0
8.6000,327576,-0.666748,0.733521,0.097656,-0.088806,-0.0033,15.1703,0
8.6100,327586,-0.666748,0.733521,0.097656,-0.088806,-0.0033,15.1703,0
8.6200,327596,-0.666687,0.733521,0.097595,-0.088806,-0.0087,15.1643,0
8.6300,327606,-0.666687,0.733521,0.097595,-0.088806,-0.0087,15.1643,0
8.6400,327616,-0.666687,0.733582,0.097656,-0.088806,-0.0046,15.1703,0
8.6500,327626,-0.666565,0.733704,0.097656,-0.088806,-0.0072,15.1704,0
8.6600,327636,-0.666443,0.733765,0.097656,-0.088806,-0.0092,15.1699,0
8.6700,327646,-0.666382,0.733826,0.097656,-0.088806,-0.0105,15.1700,0
8.6800,327656,-0.666443,0.733765,0.097717,-0.088745,0.0006,15.1704,0
8.6900,327666,-0.666504,0.733704,0.097717,-0.088745,0.0019,15.1703,0
8.7000,327676,-0.666504,0.733704,0.097778,-0.088684,0.0117,15.1708,0
8.7100,327686,-0.666382,0.733826,0.097961,-0.088501,0.0384,15.1724,0
8.7200,327696,-0.666321,0.733887,0.098022,-0.088440,0.0469,15.1730,0
8.7300,327706,-0.666260,0.733948,0.098083,-0.088379,0.0554,15.1735,0
8.7400,327716,-0.666260,0.733948,0.098145,-0.088379,0.0601,15.1788,0
8.7500,327726,-0.666260,0.733948,0.098145,-0.088379,0.0601,15.1788,0
8.7600,327736,-0.666260,0.733948,0.098145,-0.088318,0.0652,15.1740,0
8.7700,327746,-0.666260,0.733948,0.098145,-0.088318,0.0652,15.1740,0
8.7800,327756,-0.666260,0.733948,0.098145,-0.088318,0.0652,15.1740,0
8.7900,327766,-0.666260,0.733948,0.098145,-0.088318,0.0652,15.1740,0
8.8000,327776,-0.666260,0.733948,0.098145,-0.088318,0.0652,15.1740,0
8.8100,327786,-0.666199,0.734009,0.098083,-0.088318,0.0592,15.1688,0
8.8200,327796,-0.666199,0.734009,0.098022,-0.088196,0.0649,15.1538,0
8.8300,327806,-0.666199,0.734009,0.097961,-0.088196,0.0602,15.1485,0
8.8400,327816,-0.666321,0.733948,0.097900,-0.088135,0.0627,15.1389,0
8.8500,327826,-0.666504,0.733765,0.097900,-0.088135,0.0666,15.1387,0
8.8600,327836,-0.666626,0.733643,0.097961,-0.088135,0.0738,15.1439,0
8.8700,327846,-0.666626,0.733643,0.098022,-0.088074,0.0836,15.1444,0
8.8800,327856,-0.666504,0.733765,0.098083,-0.088013,0.0908,15.1450,0
8.8900,327866,-0.666260,0.733948,0.098206,-0.087891,0.1058,15.1456,0
8.9000,327876,-0.666077,0.734131,0.098267,-0.087830,0.1117,15.1463,0
8.9100,327886,-0.666016,0.734192,0.098267,-0.087769,0.1155,15.1415,0
8.9200,327896,-0.666077,0.734131,0.098267,-0.087830,0.1117,15.1463,0
8.9300,327906,-0.666199,0.734009,0.098267,-0.087830,0.1143,15.1461,0
8.9400,327916,-0.666321,0.733887,0.098267,-0.087830,0.1169,15.1460,0
8.9500,327926,-0.666321,0.733887,0.098267,-0.087830,0.1169,15.1460,0
8.9600,327936,-0.666260,0.734009,0.098267,-0.087830,0.1150,15.1467,0
8.9700,327946,-0.666077,0.734131,0.098267,-0.087769,0.1168,15.1415,0
8.9800,327956,-0.666016,0.734253,0.098328,-0.087769,0.1196,15.1475,0
8.9900,327966,-0.666016,0.734253,0.098328,-0.087769,0.1196,15.1475,0
9.0000,327976,-0.665955,0.734253,0.098267,-0.087830,0.1091,15.1464,0
9.0100,327986,-0.665955,0.734314,0.098206,-0.087891,0.0987,15.1466,0
9.0200,327996,-0.665833,0.734375,0.098145,-0.087891,0.0920,15.1407,0
9.0300,328006,-0.665771,0.734436,0.098083,-0.087952,0.0809,15.1403,0
9.0400,328016,-0.665771,0.734436,0.098022,-0.088013,0.0711,15.1398,0
9.0500,328026,-0.665833,0.734375,0.097961,-0.088074,0.0627,15.1392,0
9.0600,328036,-0.665894,0.734314,0.097961,-0.088074,0.0640,15.1392,0
9.0700,328046,-0.665894,0.734314,0.097961,-0.088074,0.0640,15.1392,0
9.0800,328056,-0.665894,0.734314,0.097900,-0.088135,0.0542,15.1387,0
9.0900,328066,-0.665833,0.734375,0.097961,-0.088196,0.0524,15.1489,0
9.1000,328076,-0.665771,0.734436,0.098022,-0.088257,0.0506,15.1591,0
9.1100,328086,-0.665649,0.734497,0.098083,-0.088318,0.0481,15.1687,0
9.1200,328096,-0.665527,0.734558,0.098206,-0.088379,0.0503,15.1836,0
9.1300,328106,-0.665466,0.734619,0.098206,-0.088501,0.0387,15.1933,0
9.1400,328116,-0.665283,0.734741,0.098267,-0.088623,0.0298,15.2078,0
9.1500,328126,-0.665222,0.734802,0.098267,-0.088684,0.0234,15.2127,0
9.1600,328136,-0.665222,0.734802,0.098267,-0.088806,0.0131,15.2223,0
9.1700,328146,-0.665222,0.734802,0.098206,-0.088867,0.0033,15.2218,0
9.1800,328156,-0.665344,0.734680,0.098267,-0.088928,0.0054,15.2318,0
9.1900,328166,-0.665405,0.734619,0.098328,-0.088989,0.0062,15.2419,0
9.2000,328176,-0.665405,0.734558,0.098389,-0.089050,0.0064,15.2513,0
9.2100,328186,-0.665344,0.734619,0.098450,-0.089111,0.0046,15.2615,0
9.2200,328196,-0.665222,0.734741,0.098450,-0.089111,0.0020,15.2617,0
9.2300,328206,-0.665100,0.734863,0.098511,-0.089111,0.0040,15.2671,0
9.2400,328216,-0.665039,0.734863,0.098511,-0.089111,0.0033,15.2665,0
9.2500,328226,-0.665100,0.734863,0.098511,-0.089111,0.0040,15.2671,0
9.2600,328236,-0.665222,0.734741,0.098450,-0.089111,0.0020,15.2617,0
9.2700,328246,-0.665344,0.734619,0.098450,-0.089172,-0.0005,15.2664,0
9.2800,328256,-0.665466,0.734497,0.098450,-0.089172,0.0021,15.2662,0
9.2900,328266,-0.665527,0.734436,0.098450,-0.089172,0.0034,15.2662,0
9.3000,328276,-0.665649,0.734314,0.098389,-0.089172,0.0014,15.2607,0
9.3100,328286,-0.665771,0.734192,0.098511,-0.089233,0.0082,15.2761,0
9.3200,328296,-0.665894,0.734070,0.098633,-0.089294,0.0150,15.2914,0
9.3300,328306,-0.665955,0.733948,0.098877,-0.089355,0.0304,15.3168,0
9.3400,328316,-0.665955,0.733948,0.099243,-0.089417,0.0532,15.3535,0
9.3500,328326,-0.665894,0.733948,0.099548,-0.089478,0.0707,15.3843,0
9.3600,328336,-0.665771,0.734009,0.099915,-0.089539,0.0915,15.4205,0
9.3700,328346,-0.665771,0.733948,0.100220,-0.089661,0.1051,15.4561,0
9.3800,328356,-0.665833,0.733826,0.100525,-0.089783,0.1201,15.4916,0
9.3900,328366,-0.666016,0.733582,0.100830,-0.090027,0.1275,15.5366,0
9.4000,328376,-0.666199,0.733337,0.101257,-0.090210,0.1493,15.5874,0
9.4100,328386,-0.666321,0.733154,0.101746,-0.090454,0.1694,15.6485,0
9.4200,328396,-0.666321,0.733032,0.102295,-0.090698,0.1921,15.7143,0
9.4300,328406,-0.666138,0.733093,0.102905,-0.090942,0.2154,15.7857,0
9.4400,328416,-0.666138,0.732971,0.103577,-0.091187,0.2474,15.8622,0
9.4500,328426,-0.666260,0.732727,0.104248,-0.091492,0.2771,15.9434,0
9.4600,328436,-0.666687,0.732117,0.104980,-0.091919,0.3087,16.0385,0
9.4700,328446,-0.667358,0.731384,0.105713,-0.092346,0.3447,16.1346,0
9.4800,328456,-0.667969,0.730652,0.106567,-0.092773,0.3895,16.2407,0
9.4900,328466,-0.668518,0.729980,0.107422,-0.093140,0.4381,16.3420,0
9.5000,328476,-0.668945,0.729431,0.108276,-0.093384,0.4943,16.4338,0
9.5100,328486,-0.669250,0.728882,0.109924,-0.093750,0.5998,16.6033,0
9.5200,328496,-0.669373,0.728577,0.110718,-0.093811,0.6604,16.6749,0
9.5300,328506,-0.669617,0.728271,0.111511,-0.093933,0.7175,16.7527,0
9.5400,328516,-0.669861,0.727905,0.112305,-0.094055,0.7753,16.8297,0
9.5500,328526,-0.669861,0.727722,0.113220,-0.094299,0.8272,16.9269,0
9.5600,328536,-0.669678,0.727722,0.114258,-0.094482,0.8891,17.0302,0
9.5700,328546,-0.669312,0.727844,0.115356,-0.094727,0.9469,17.1435,0
9.5800,328556,-0.668945,0.727966,0.116455,-0.095032,0.9995,17.2618,0
9.5900,328566,-0.668762,0.727966,0.117432,-0.095398,1.0414,17.3746,0
9.6000,328576,-0.668823,0.727661,0.118225,-0.095947,1.0606,17.4847,0
9.6100,328586,-0.669250,0.727112,0.118652,-0.096680,1.0441,17.5779,0
9.6200,328596,-0.670105,0.726135,0.118896,-0.097473,1.0193,17.6591,0
9.6300,328606,-0.671265,0.724976,0.118896,-0.098267,0.9821,17.7200,0
9.6400,328616,-0.672424,0.723816,0.118774,-0.098938,0.9459,17.7606,0
9.6500,328626,-0.673828,0.722534,0.118408,-0.099487,0.9057,17.7714,0
9.6600,328636,-0.675171,0.721313,0.117859,-0.099854,0.8651,17.7520,0
9.6700,328646,-0.676331,0.720276,0.117249,-0.100037,0.8302,17.7131,0
9.6800,328656,-0.677429,0.719360,0.116516,-0.100159,0.7886,17.6597,0
9.6900,328666,-0.678345,0.718628,0.115784,-0.100098,0.7573,17.5921,0
9.7000,328676,-0.679199,0.718018,0.114990,-0.099915,0.7289,17.5103,0
9.7100,328686,-0.679871,0.717468,0.114319,-0.099731,0.7068,17.4379,0
9.7200,328696,-0.680420,0.717102,0.113647,-0.099365,0.6959,17.3517,0
9.7300,328706,-0.680664,0.717041,0.113098,-0.098877,0.6971,17.2666,0
9.7400,328716,-0.680603,0.717224,0.112549,-0.098267,0.7015,17.1713,0
9.7500,328726,-0.680420,0.717590,0.112122,-0.097595,0.7169,17.0825,0
9.7600,328736,-0.680176,0.717957,0.111755,-0.096924,0.7364,16.9984,0
9.7700,328746,-0.680176,0.718079,0.111511,-0.096375,0.7612,16.9344,0
9.7800,328756,-0.681030,0.717407,0.111267,-0.095764,0.8107,16.8647,0
9.7900,328766,-0.681885,0.716614,0.111023,-0.095703,0.8162,16.8381,0
9.8000,328776,-0.683044,0.715576,0.110657,-0.095825,0.8037,16.8161,0
9.8100,328786,-0.684509,0.714172,0.110229,-0.096069,0.7842,16.7977,0
9.8200,328796,-0.686340,0.712524,0.109558,-0.096375,0.7477,16.7646,0
9.8300,328806,-0.688232,0.710754,0.108826,-0.096619,0.7134,16.7210,0
9.8400,328816,-0.690186,0.708984,0.107971,-0.096802,0.6749,16.6630,0
9.8500,328826,-0.692139,0.707214,0.107056,-0.096863,0.6411,16.5902,0
9.8600,328836,-0.693909,0.705566,0.106140,-0.096802,0.6132,16.5073,0
9.8700,328846,-0.695557,0.704102,0.105164,-0.096741,0.5766,16.4204,0
9.8800,328856,-0.697449,0.702332,0.104248,-0.097046,0.5213,16.3685,0
9.8900,328866,-0.700500,0.699280,0.103333,-0.098206,0.4253,16.3862,0
9.9000,328876,-0.705383,0.694092,0.102478,-0.100708,0.2734,16.5192,0
9.9100,328886,-0.711914,0.687073,0.101501,-0.104126,0.0823,16.7224,0
9.9200,328896,-0.717529,0.680969,0.100159,-0.106750,-0.0948,16.8342,0
9.9300,328906,-0.720825,0.677551,0.098450,-0.107849,-0.2416,16.7917,0
9.9400,328916,-0.721680,0.677002,0.096558,-0.107544,-0.3580,16.6168,0
9.9500,328926,-0.720520,0.678650,0.094788,-0.106140,-0.4281,16.3567,155
9.9600,328936,-0.718262,0.681580,0.093445,-0.104004,-0.4319,16.0688,0
9.9700,328946,-0.715576,0.684875,0.092712,-0.101440,-0.3588,15.7937,0
9.9800,328956,-0.712769,0.688171,0.092712,-0.098694,-0.2104,15.5630,0
9.9900,328966,-0.710449,0.690918,0.093384,-0.096008,0.0012,15.3942,0
10.0000,328976,-0.708740,0.692810,0.094666,-0.093506,0.2649,15.2907,0
10.0100,328986,-0.707764,0.693848,0.096313,-0.091553,0.5321,15.2636,0
10.0200,328996,-0.707581,0.693970,0.098145,-0.090027,0.7986,15.2866,0
10.0300,329006,-0.707825,0.693542,0.099915,-0.089050,1.0270,15.3490,0
10.0400,329016,-0.708984,0.692078,0.102722,-0.088196,1.3512,15.5047,0
10.0500,329026,-0.709351,0.691589,0.103638,-0.087952,1.4542,15.5580,0
10.0600,329036,-0.709290,0.691589,0.104187,-0.087708,1.5175,15.5824,0
10.0700,329046,-0.708740,0.692200,0.104492,-0.087341,1.5587,15.5788,0
10.0800,329056,-0.707886,0.693115,0.104553,-0.086853,1.5830,15.5454,0
10.0900,329066,-0.707214,0.693848,0.104614,-0.086426,1.6066,15.5168,0
10.1000,329076,-0.707153,0.693970,0.104675,-0.086182,1.6290,15.5023,0
10.1100,329086,-0.707703,0.693298,0.104919,-0.086243,1.6572,15.5252,0
10.1200,329096,-0.708862,0.692078,0.105164,-0.086487,1.6837,15.5627,0
10.1300,329106,-0.710266,0.690552,0.105530,-0.086975,1.7069,15.6296,0
10.1400,329116,-0.711426,0.689209,0.105835,-0.087402,1.7255,15.6862,0
10.1500,329126,-0.711975,0.688660,0.105957,-0.087646,1.7283,15.7157,0
10.1600,329136,-0.711853,0.688660,0.105957,-0.087952,1.7027,15.7401,0
10.1700,329146,-0.711365,0.689209,0.105835,-0.088318,1.6524,15.7625,0
10.1800,329156,-0.710632,0.689941,0.105530,-0.088684,1.5823,15.7694,0
10.1900,329166,-0.709656,0.690918,0.105286,-0.089111,1.5068,15.7868,0
10.2000,329176,-0.708496,0.692078,0.104980,-0.089539,1.4223,15.7993,0
10.2100,329186,-0.707703,0.692871,0.104858,-0.090149,1.3462,15.8416,0
10.2200,329196,-0.707581,0.692871,0.104919,-0.091125,1.2722,15.9272,0
10.2300,329206,-0.708008,0.692200,0.105042,-0.092285,1.2022,16.0310,0
10.2400,329216,-0.709351,0.690613,0.105225,-0.093750,1.1341,16.1645,0
10.2500,329226,-0.711487,0.688171,0.105347,-0.095398,1.0661,16.3074,0
10.2600,329236,-0.714233,0.685120,0.105286,-0.096924,1.0078,16.4252,0
10.2700,329246,-0.717041,0.682007,0.105164,-0.098083,0.9756,16.5078,0
10.2800,329256,-0.719360,0.679565,0.104797,-0.098694,0.9532,16.5269,0
10.2900,329266,-0.721130,0.677795,0.104309,-0.098572,0.9636,16.4756,0
10.3000,329276,-0.722229,0.676758,0.103882,-0.097778,1.0147,16.3729,0
10.3100,329286,-0.722412,0.677063,0.103882,-0.094116,1.2976,16.0647,0
10.3200,329296,-0.721802,0.677979,0.104492,-0.091675,1.5207,15.9099,0
10.3300,329306,-0.721191,0.678833,0.105530,-0.089172,1.7849,15.7849,0
10.3400,329316,-0.720703,0.679382,0.106934,-0.086731,2.0796,15.6935,0
10.3500,329326,-0.720642,0.679565,0.108521,-0.084473,2.3842,15.6331,0
10.3600,329336,-0.720703,0.679443,0.110168,-0.082581,2.6698,15.6066,0
10.3700,329346,-0.720642,0.679443,0.111755,-0.080872,2.9334,15.5913,0
10.3800,329356,-0.720459,0.679626,0.113159,-0.079346,3.1645,15.5781,0
10.3900,329366,-0.719971,0.680054,0.114502,-0.077942,3.3748,15.5710,0
10.4000,329376,-0.719116,0.680908,0.115601,-0.076538,3.5563,15.5466,0
10.4100,329386,-0.718079,0.682007,0.116394,-0.075134,3.7082,15.4994,0
10.4200,329396,-0.717041,0.683167,0.117004,-0.073730,3.8448,15.4384,0
10.4300,329406,-0.716248,0.684082,0.117432,-0.072510,3.9574,15.3769,0
10.4400,329416,-0.715820,0.684509,0.117798,-0.071594,4.0502,15.3328,0
10.4500,329426,-0.715942,0.684448,0.117981,-0.070984,4.1154,15.2971,0
10.4600,329436,-0.716370,0.684021,0.118042,-0.070740,4.1489,15.2795,0
10.4700,329446,-0.716919,0.683472,0.117859,-0.070740,4.1457,15.2615,0
10.4800,329456,-0.717529,0.682800,0.117615,-0.071106,4.1106,15.2680,0
10.4900,329466,-0.718384,0.681885,0.117310,-0.072021,4.0327,15.3144,0
10.5000,329476,-0.718933,0.681213,0.117004,-0.073303,3.9202,15.3926,0
10.5100,329486,-0.718872,0.681152,0.116882,-0.074829,3.7904,15.5096,0
10.5200,329496,-0.718506,0.681335,0.116943,-0.076660,3.6457,15.6680,0
10.5300,329506,-0.718201,0.681335,0.117310,-0.078918,3.4951,15.8859,0
10.5400,329516,-0.718323,0.680725,0.118042,-0.081604,3.3528,16.1660,0
10.5500,329526,-0.719055,0.679443,0.119019,-0.084534,3.2269,16.4842,0
10.5600,329536,-0.720093,0.677734,0.120117,-0.087585,3.1111,16.8209,0
10.5700,329546,-0.721313,0.675415,0.122009,-0.092712,2.9105,17.3945,0
10.5800,329556,-0.721680,0.674622,0.122742,-0.094482,2.8477,17.5991,0
10.5900,329566,-0.722046,0.674011,0.123474,-0.095642,2.8304,17.7542,0
10.6000,329576,-0.722290,0.673584,0.124207,-0.096069,2.8663,17.8478,0
10.6100,329586,-0.722107,0.673645,0.125000,-0.095764,2.9523,17.8859,0
10.6200,329596,-0.721680,0.674011,0.126160,-0.094849,3.1090,17.9037,0
10.6300,329606,-0.721436,0.674133,0.127747,-0.093750,3.3205,17.9401,0
10.6400,329616,-0.721313,0.673950,0.129822,-0.092712,3.5728,18.0194,0
10.6500,329626,-0.721191,0.673767,0.132385,-0.091858,3.8514,18.1551,0
10.6600,329636,-0.720764,0.673706,0.135315,-0.091370,4.1259,18.3519,0
10.6700,329646,-0.720032,0.673889,0.138428,-0.091064,4.3937,18.5810,0
10.6800,329656,-0.718994,0.674377,0.141479,-0.090881,4.6385,18.8180,0
10.6900,329666,-0.717834,0.674988,0.144348,-0.090881,4.8501,19.0572,0
10.7000,329676,-0.717041,0.675354,0.146545,-0.090881,5.0143,19.2404,0
10.7100,329686,-0.717163,0.674988,0.147644,-0.090881,5.1108,19.3286,0
10.7200,329696,-0.718384,0.673584,0.148071,-0.091187,5.1579,19.3801,0
10.7300,329706,-0.720093,0.671814,0.147705,-0.091431,5.1564,19.3585,0
10.7400,329716,-0.721863,0.670166,0.146484,-0.091492,5.0977,19.2524,0
10.7500,329726,-0.723389,0.669006,0.144287,-0.091064,4.9856,19.0287,0
10.7600,329736,-0.724792,0.668335,0.141052,-0.090088,4.8214,18.6789,0
10.7700,329746,-0.725891,0.668213,0.136841,-0.088440,4.6156,18.1971,0
10.7800,329756,-0.726379,0.669067,0.131592,-0.085937,4.3687,17.5664,0
10.7900,329766,-0.726013,0.671143,0.125244,-0.082581,4.0721,16.7832,0
10.8000,329776,-0.724731,0.674316,0.117859,-0.078674,3.7113,15.8761,0
10.8100,329786,-0.723511,0.677368,0.109680,-0.075012,3.2727,14.9249,0
10.8200,329796,-0.723206,0.679382,0.101196,-0.071899,2.7901,13.9919,0
10.8300,329806,-0.723877,0.680176,0.092773,-0.069092,2.3110,13.0862,0
10.8400,329816,-0.726501,0.679810,0.078125,-0.063110,1.5879,11.4198,0
10.8500,329826,-0.728210,0.678833,0.072693,-0.059937,1.4038,10.7219,0
10.8600,329836,-0.729797,0.677856,0.068665,-0.056580,1.3475,10.1206,0
10.8700,329846,-0.731018,0.677063,0.066101,-0.053040,1.4222,9.6196,0
10.8800,329856,-0.731995,0.676392,0.064880,-0.049255,1.6247,9.2036,0
10.8900,329866,-0.732910,0.675720,0.064941,-0.045288,1.9478,8.8726,0
10.9000,329876,-0.733582,0.675171,0.066162,-0.041138,2.3796,8.6169,0
10.9100,329886,-0.733887,0.674805,0.068359,-0.036926,2.8947,8.4325,0
10.9200,329896,-0.733765,0.674805,0.071472,-0.032837,3.4726,8.3323,0
10.9300,329906,-0.733276,0.675110,0.075317,-0.029114,4.0799,8.3233,0
10.9400,329916,-0.732544,0.675537,0.079590,-0.025696,4.6972,8.3759,0
10.9500,329926,-0.731873,0.675842,0.084106,-0.022827,5.2934,8.4953,0
10.9600,329936,-0.731140,0.676147,0.088501,-0.020203,5.8597,8.6272,0
10.9700,329946,-0.730347,0.676514,0.092590,-0.017761,6.3853,8.7524,0
10.9800,329956,-0.729492,0.677063,0.096130,-0.015381,6.8589,8.8422,0
10.9900,329966,-0.728271,0.677979,0.098999,-0.012939,7.2761,8.8778,0
11.0000,329976,-0.726929,0.679138,0.101196,-0.010498,7.6352,8.8635,0
11.0100,329986,-0.725586,0.680359,0.102722,-0.008240,7.9238,8.8122,0
11.0200,329996,-0.724670,0.681213,0.103760,-0.006348,8.1483,8.7487,0
11.0300,330006,-0.724365,0.681396,0.104431,-0.005066,8.3019,8.6989,0
11.0400,330016,-0.724731,0.681030,0.104797,-0.004395,8.3902,8.6688,0
11.0500,330026,-0.725586,0.680115,0.104919,-0.004333,8.4161,8.6631,0
11.0600,330036,-0.726746,0.678833,0.104736,-0.004761,8.3819,8.6690,0
11.0700,330046,-0.728271,0.677246,0.104431,-0.005737,8.2989,8.7077,0
11.0800,330056,-0.730042,0.675415,0.104004,-0.007019,8.1852,8.7597,0
11.0900,330066,-0.731628,0.673767,0.103455,-0.008423,8.0496,8.8149,0
11.1000,330076,-0.732361,0.673096,0.102722,-0.009705,7.8971,8.8564,0
11.1100,330086,-0.731323,0.674377,0.101318,-0.011780,7.6028,8.9312,0
11.1200,330096,-0.730164,0.675659,0.100586,-0.012695,7.4542,8.9620,0
11.1300,330106,-0.728638,0.677490,0.099548,-0.013733,7.2652,8.9836,0
11.1400,330116,-0.726562,0.679810,0.098450,-0.014771,7.0640,9.0041,0
11.1500,330126,-0.724426,0.682251,0.097595,-0.015991,6.8679,9.0599,0
11.1600,330136,-0.722412,0.684326,0.097229,-0.017517,6.6904,9.1760,0
11.1700,330146,-0.720703,0.686157,0.097229,-0.019287,6.5274,9.3393,0
11.1800,330156,-0.719177,0.687622,0.097473,-0.021423,6.3579,9.5486,0
11.1900,330166,-0.718018,0.688660,0.098083,-0.023743,6.2087,9.7986,0
11.2000,330176,-0.717224,0.689331,0.098816,-0.026184,6.0645,10.0654,0
11.2100,330186,-0.716431,0.689880,0.099609,-0.028625,5.9252,10.3355,0
11.2200,330196,-0.715576,0.690613,0.100464,-0.030701,5.8183,10.5822,0
11.2300,330206,-0.714722,0.691223,0.101440,-0.032532,5.7409,10.8174,0
11.2400,330216,-0.714233,0.691528,0.102539,-0.033875,5.7175,11.0203,0
11.2500,330226,-0.713257,0.692322,0.103577,-0.034607,5.7297,11.1718,0
11.2600,330236,-0.711487,0.694031,0.104492,-0.034729,5.7670,11.2710,0
11.2700,330246,-0.709290,0.696106,0.105286,-0.034424,5.8216,11.3281,0
11.2800,330256,-0.706909,0.698486,0.105896,-0.033875,5.8772,11.3535,0
11.2900,330266,-0.704468,0.700928,0.106323,-0.033081,5.9366,11.3449,0
11.3000,330276,-0.702637,0.702820,0.106445,-0.032043,6.0008,11.2871,0
11.3100,330286,-0.701599,0.703918,0.106445,-0.030762,6.0880,11.1932,0
11.3200,330296,-0.701477,0.704102,0.106384,-0.029297,6.1998,11.0716,0
11.3300,330306,-0.702209,0.703430,0.106201,-0.027588,6.3348,10.9126,0
11.3400,330316,-0.703430,0.702332,0.105835,-0.025818,6.4669,10.7293,0
11.3500,330326,-0.704773,0.701294,0.104614,-0.023560,6.5698,10.4355,0
11.3600,330336,-0.706177,0.700195,0.102844,-0.021118,6.6428,10.0800,0
11.3700,330346,-0.707642,0.699097,0.101013,-0.018616,6.7152,9.7146,0
11.3800,330356,-0.711731,0.695679,0.096191,-0.013000,6.8250,8.8257,0
11.3900,330366,-0.714111,0.693665,0.093567,-0.010071,6.8726,8.3509,0
11.4000,330376,-0.716675,0.691406,0.091003,-0.007019,6.9344,7.8687,0
11.4100,330386,-0.718994,0.689331,0.088562,-0.003967,7.0007,7.3981,0
11.4200,330396,-0.719360,0.689270,0.086304,-0.001038,7.0501,6.9720,0
11.4300,330406,-0.718445,0.690491,0.084045,0.001648,7.0676,6.5787,0
11.4400,330416,-0.716858,0.692383,0.081665,0.003967,7.0409,6.2124,0
11.4500,330426,-0.714966,0.694641,0.079163,0.005676,6.9546,5.8899,0
11.4600,330436,-0.713074,0.696899,0.076416,0.006775,6.8011,5.5971,0
11.4700,330446,-0.711304,0.699036,0.073364,0.007202,6.5712,5.3324,0
11.4800,330456,-0.709473,0.701172,0.070068,0.006958,6.2681,5.1014,0
11.4900,330466,-0.707214,0.703857,0.066711,0.006226,5.9190,4.9083,0
11.5000,330476,-0.704163,0.707214,0.063232,0.005127,5.5264,4.7381,0
11.5100,330486,-0.700684,0.710999,0.059753,0.003784,5.1128,4.5877,0
11.5200,330496,-0.697021,0.714844,0.056335,0.002197,4.6849,4.4586,0
11.5300,330506,-0.693604,0.718384,0.053101,0.000549,4.2697,4.3438,0
11.5400,330516,-0.691101,0.721008,0.050110,-0.001160,3.8756,4.2456,0
11.5500,330526,-0.689819,0.722412,0.047546,-0.002930,3.5181,4.1792,0
11.5600,330536,-0.689453,0.722900,0.045349,-0.004517,3.2104,4.1235,0
11.5700,330546,-0.689575,0.722839,0.043579,-0.005859,2.9596,4.0816,0
11.5800,330556,-0.690002,0.722534,0.042236,-0.006958,2.7645,4.0553,0
11.5900,330566,-0.690430,0.722168,0.041382,-0.008057,2.6082,4.0696,0
11.6000,330576,-0.690308,0.722290,0.040894,-0.008972,2.4930,4.1018,0
11.6100,330586,-0.689514,0.723083,0.040771,-0.009644,2.4231,4.1476,0
11.6200,330596,-0.688171,0.724304,0.040955,-0.010132,2.3894,4.2056,0
11.6300,330606,-0.686890,0.725525,0.041382,-0.010498,2.3851,4.2744,0
11.6400,330616,-0.686340,0.725952,0.043213,-0.011108,2.4753,4.4772,0
11.6500,330626,-0.686951,0.725281,0.044495,-0.011353,2.5599,4.6012,0
11.6600,330636,-0.687561,0.724548,0.046021,-0.011475,2.6742,4.7356,0
11.6700,330646,-0.687988,0.724060,0.047668,-0.011475,2.8071,4.8714,0
11.6800,330656,-0.687988,0.723938,0.049377,-0.011353,2.9523,5.0042,0
11.6900,330666,-0.687744,0.724121,0.051086,-0.011108,3.1059,5.1289,0
11.7000,330676,-0.687317,0.724365,0.052673,-0.010864,3.2485,5.2436,0
11.7100,330686,-0.687073,0.724487,0.054199,-0.010620,3.3875,5.3529,0
11.7200,330696,-0.686951,0.724487,0.055542,-0.010559,3.4978,5.4607,0
11.7300,330706,-0.686951,0.724365,0.056702,-0.010681,3.5792,5.5670,0
11.7400,330716,-0.687134,0.724121,0.057739,-0.011169,3.6220,5.6913,0
11.7500,330726,-0.687561,0.723694,0.058594,-0.011963,3.6269,5.8233,0
11.7600,330736,-0.688477,0.722717,0.059387,-0.013184,3.5958,5.9810,0
11.7700,330746,-0.690125,0.721069,0.060059,-0.014709,3.5364,6.1493,0
11.7800,330756,-0.692444,0.718689,0.060791,-0.016357,3.4787,6.3289,0
11.7900,330766,-0.695557,0.715637,0.061707,-0.017822,3.4589,6.5066,0
11.8000,330776,-0.699280,0.711792,0.062866,-0.018860,3.5014,6.6664,0
11.8100,330786,-0.703613,0.707458,0.064209,-0.019409,3.6060,6.7996,0
11.8200,330796,-0.708191,0.702698,0.065796,-0.019470,3.7744,6.9098,0
11.8300,330806,-0.712708,0.697937,0.067383,-0.018982,3.9883,6.9734,0
11.8400,330816,-0.717224,0.693237,0.068909,-0.018127,4.2273,7.0003,0
11.8500,330826,-0.721619,0.688538,0.070251,-0.016968,4.4750,6.9845,0
11.8600,330836,-0.725891,0.683960,0.071350,-0.015747,4.7061,6.9423,0
11.8700,330846,-0.729919,0.679504,0.072388,-0.014587,4.9249,6.8987,0
11.8800,330856,-0.733887,0.675171,0.073486,-0.013306,5.1575,6.8485,0
11.8900,330866,-0.737610,0.670959,0.074707,-0.012085,5.3933,6.8115,0
11.9000,330876,-0.740967,0.667175,0.075928,-0.011108,5.6066,6.7964,0
11.9100,330886,-0.745544,0.661743,0.078064,-0.010132,5.9114,6.8377,0
11.9200,330896,-0.746460,0.660706,0.078552,-0.010010,5.9722,6.8570,0
11.9300,330906,-0.746399,0.660767,0.078369,-0.010193,5.9419,6.8589,0
11.9400,330916,-0.745483,0.661865,0.077576,-0.010620,5.8316,6.8425,0
11.9500,330926,-0.743958,0.663757,0.076355,-0.011353,5.6550,6.8247,0
11.9600,330936,-0.741943,0.666138,0.074707,-0.012512,5.4045,6.8127,0
11.9700,330946,-0.739807,0.668701,0.072815,-0.014221,5.0899,6.8283,0
11.9800,330956,-0.737671,0.671204,0.070801,-0.016235,4.7415,6.8578,0
11.9900,330966,-0.735718,0.673523,0.068726,-0.018616,4.3615,6.9104,0
12.0000,330976,-0.734009,0.675537,0.066467,-0.021240,3.9495,6.9655,0
12.0100,330986,-0.732544,0.677307,0.064148,-0.023865,3.5348,7.0128,0
12.0200,330996,-0.731323,0.678711,0.061768,-0.026550,3.1129,7.0572,0
12.0300,331006,-0.730469,0.679687,0.059448,-0.029114,2.7096,7.0932,0
12.0400,331016,-0.730164,0.680115,0.057373,-0.031616,2.3371,7.1411,0
12.0500,331026,-0.730225,0.680115,0.055603,-0.033875,2.0131,7.1913,0
12.0600,331036,-0.730225,0.680115,0.054260,-0.035706,1.7579,7.2392,0
12.0700,331046,-0.730774,0.679504,0.053589,-0.037048,1.6030,7.2977,0
12.0800,331056,-0.732361,0.677734,0.053467,-0.037964,1.5389,7.3613,0
12.0900,331066,-0.734375,0.675537,0.053406,-0.038635,1.5036,7.4086,0
12.1000,331076,-0.736511,0.673218,0.053528,-0.038635,1.5373,7.4135,0
12.1100,331086,-0.738647,0.670837,0.053711,-0.038086,1.6187,7.3759,0
12.1200,331096,-0.740417,0.669006,0.053650,-0.037109,1.7073,7.2843,0
12.1300,331106,-0.741333,0.668030,0.053345,-0.035889,1.7847,7.1544,0
12.1400,331116,-0.741272,0.668213,0.052734,-0.034546,1.8345,6.9933,0
12.1500,331126,-0.740112,0.669678,0.051819,-0.033203,1.8471,6.8121,0
12.1600,331136,-0.737915,0.672241,0.050537,-0.031921,1.8147,6.6102,0
12.1700,331146,-0.734802,0.675781,0.049072,-0.030762,1.7501,6.4066,0
12.1800,331156,-0.727478,0.683960,0.045654,-0.029297,1.5099,6.0337,0
12.1900,331166,-0.724060,0.687744,0.043701,-0.029297,1.3172,5.8868,0
12.2000,331176,-0.721313,0.690735,0.041626,-0.029968,1.0687,5.7827,0
12.2100,331186,-0.719360,0.692810,0.039490,-0.031372,0.7646,5.7312,0
12.2200,331196,-0.718262,0.693970,0.037537,-0.033569,0.4200,5.7578,0
12.2300,331206,-0.718323,0.693787,0.036011,-0.036499,0.0624,5.8776,0
12.2400,331216,-0.719360,0.692627,0.034973,-0.039978,-0.2901,6.0828,0
12.2500,331226,-0.720886,0.690857,0.034424,-0.043823,-0.6257,6.3588,0
12.2600,331236,-0.722900,0.688477,0.034241,-0.047974,-0.9484,6.6915,0
12.2700,331246,-0.725769,0.685059,0.034241,-0.052368,-1.2634,7.0629,0
12.2800,331256,-0.729553,0.680664,0.034241,-0.056763,-1.5650,7.4398,0
12.2900,331266,-0.733643,0.675903,0.034241,-0.060974,-1.8443,7.8063,0
12.3000,331276,-0.737244,0.671631,0.034363,-0.064636,-2.0720,8.1379,0
12.3100,331286,-0.740112,0.668213,0.034790,-0.067383,-2.2096,8.4152,0
12.3200,331296,-0.742554,0.665283,0.035889,-0.068787,-2.1908,8.6279,0
12.3300,331306,-0.744873,0.662598,0.037415,-0.068726,-2.0251,8.7463,0
12.3400,331316,-0.746826,0.660461,0.039307,-0.067139,-1.7177,8.7586,0
12.3500,331326,-0.748047,0.659302,0.041138,-0.064209,-1.3248,8.6470,0
12.3600,331336,-0.747986,0.659607,0.042786,-0.059875,-0.8585,8.3970,0
12.3700,331346,-0.746155,0.662109,0.044128,-0.054260,-0.3437,8.0138,0
12.3800,331356,-0.742004,0.667175,0.045227,-0.047607,0.2058,7.5273,0
12.3900,331366,-0.735596,0.674683,0.046265,-0.040344,0.7807,6.9956,0
12.4000,331376,-0.727295,0.683960,0.047241,-0.032715,1.3732,6.4445,0
12.4100,331386,-0.717712,0.694214,0.048462,-0.025146,1.9857,5.9375,0
12.4200,331396,-0.707581,0.704651,0.050293,-0.018188,2.6101,5.5502,0
12.4300,331406,-0.697632,0.714417,0.052856,-0.012207,3.2279,5.3191,0
12.4400,331416,-0.680908,0.729980,0.059143,-0.002747,4.3893,5.1839,0
12.4500,331426,-0.674683,0.735474,0.062500,0.001099,4.9307,5.2089,0
12.4600,331436,-0.670715,0.738770,0.066040,0.004456,5.4612,5.2797,0
12.4700,331446,-0.669495,0.739441,0.070007,0.007080,5.9816,5.4264,0
12.4800,331456,-0.671204,0.737488,0.074524,0.008850,6.4938,5.6628,0
12.4900,331466,-0.675110,0.733337,0.079590,0.010071,7.0211,5.9646,0
12.5000,331476,-0.680542,0.727722,0.084839,0.011047,7.5593,6.2803,0
12.5100,331486,-0.687012,0.720947,0.089905,0.012024,8.0981,6.5604,0
12.5200,331496,-0.693970,0.713684,0.094543,0.013123,8.6241,6.7807,0
12.5300,331506,-0.700317,0.706848,0.098694,0.014526,9.1355,6.9330,0
12.5400,331516,-0.704956,0.701660,0.102112,0.016479,9.6189,6.9944,0
12.5500,331526,-0.707703,0.698425,0.104919,0.019104,10.0897,6.9726,0
12.5600,331536,-0.708923,0.696777,0.107056,0.022278,10.5349,6.8700,0
12.5700,331546,-0.709167,0.696167,0.108398,0.025391,10.9001,6.7205,0
12.5800,331556,-0.708679,0.696411,0.109375,0.028381,11.2187,6.5631,0
12.5900,331566,-0.707581,0.697266,0.110352,0.030945,11.4971,6.4509,0
12.6000,331576,-0.707031,0.697571,0.111450,0.032166,11.6816,6.4497,0
12.6100,331586,-0.707520,0.696899,0.112610,0.031982,11.7665,6.5515,0
12.6200,331596,-0.708313,0.696045,0.113647,0.030823,11.7653,6.7191,0
12.6300,331606,-0.708862,0.695435,0.114380,0.029053,11.6872,6.9149,0
12.6400,331616,-0.709045,0.695190,0.114929,0.026917,11.5606,7.1313,0
12.6500,331626,-0.708984,0.695312,0.115417,0.024597,11.4121,7.3632,0
12.6600,331636,-0.708862,0.695435,0.115906,0.022156,11.2528,7.6050,0
12.6700,331646,-0.709045,0.695190,0.116455,0.019836,11.1118,7.8363,0
12.6800,331656,-0.709961,0.694214,0.117126,0.017639,10.9995,8.0565,0
12.6900,331666,-0.711853,0.692139,0.117920,0.015686,10.9293,8.2507,0
12.7000,331676,-0.714844,0.688965,0.118958,0.013977,10.9138,8.4290,0
12.7100,331686,-0.722961,0.680115,0.120911,0.011719,10.9976,8.6433,0
12.7200,331696,-0.727234,0.675476,0.121521,0.011292,11.0697,8.6586,0
12.7300,331706,-0.730957,0.671387,0.121643,0.011658,11.1563,8.5756,0
12.7400,331716,-0.733337,0.668823,0.121399,0.012939,11.2658,8.4084,0
12.7500,331726,-0.734070,0.668091,0.120850,0.015137,11.3995,8.1669,0
12.7600,331736,-0.733337,0.668945,0.120178,0.017639,11.5289,7.9143,0
12.7700,331746,-0.731384,0.671143,0.119385,0.020020,11.6249,7.6839,0
12.7800,331756,-0.728394,0.674500,0.118347,0.022156,11.6712,7.4732,0
12.7900,331766,-0.724487,0.678894,0.116882,0.024109,11.6595,7.2602,0
12.8000,331776,-0.719910,0.683960,0.115051,0.025940,11.6034,7.0385,0
12.8100,331786,-0.715027,0.689331,0.113098,0.027405,11.5088,6.8418,0
12.8200,331796,-0.710510,0.694275,0.111206,0.028503,11.3969,6.6730,0
12.8300,331806,-0.706665,0.698364,0.109619,0.029175,11.2843,6.5506,0
12.8400,331816,-0.704041,0.701233,0.108398,0.029419,11.1801,6.4733,0
12.8500,331826,-0.702698,0.702698,0.107544,0.029358,11.0930,6.4291,0
12.8600,331836,-0.702515,0.702942,0.106934,0.029175,11.0264,6.3961,0
12.8700,331846,-0.703491,0.702087,0.106506,0.028748,10.9656,6.3808,0
12.8800,331856,-0.705322,0.700317,0.106140,0.028137,10.9024,6.3715,0
12.8900,331866,-0.707642,0.698059,0.105591,0.027283,10.8087,6.3597,0
12.9000,331876,-0.710205,0.695679,0.104858,0.026306,10.6928,6.3411,0
12.9100,331886,-0.712280,0.693726,0.103760,0.025452,10.5518,6.2898,0
12.9200,331896,-0.713562,0.692566,0.102417,0.024841,10.4030,6.2109,0
12.9300,331906,-0.714233,0.692200,0.100891,0.024353,10.2436,6.1185,0
12.9400,331916,-0.714111,0.692505,0.099487,0.024231,10.1165,6.0164,0
12.9500,331926,-0.713379,0.693420,0.098267,0.024414,10.0240,5.9131,0
12.9600,331936,-0.712585,0.694336,0.097412,0.024841,9.9812,5.8201,0
12.9700,331946,-0.712219,0.694824,0.096924,0.025208,9.9676,5.7563,0
12.9800,331956,-0.713196,0.693787,0.096680,0.025757,9.9997,5.6766,0
12.9900,331966,-0.714539,0.692383,0.096680,0.025818,10.0155,5.6519,0
13.0000,331976,-0.716003,0.690918,0.096619,0.025879,10.0274,5.6210,0
13.0100,331986,-0.717102,0.689758,0.096375,0.026001,10.0257,5.5747,0
13.0200,331996,-0.717651,0.689270,0.096130,0.026367,10.0393,5.5173,0
13.0300,332006,-0.717407,0.689514,0.095825,0.026917,10.0560,5.4504,0
13.0400,332016,-0.716492,0.690491,0.095581,0.027649,10.0873,5.3837,0
13.0500,332026,-0.715088,0.691895,0.095459,0.028503,10.1349,5.3234,0
13.0600,332036,-0.713440,0.693542,0.095459,0.029297,10.1861,5.2820,0
13.0700,332046,-0.711792,0.695251,0.095642,0.030029,10.2481,5.2617,0
13.0800,332056,-0.710266,0.696716,0.095947,0.030457,10.2961,5.2736,0
13.0900,332066,-0.709106,0.697815,0.096313,0.030640,10.3322,5.3054,0
13.1000,332076,-0.708374,0.698486,0.096802,0.030518,10.3567,5.3660,0
13.1100,332086,-0.708008,0.698853,0.097290,0.030029,10.3544,5.4518,0
13.1200,332096,-0.707764,0.698975,0.097900,0.029358,10.3477,5.5595,0
13.1300,332106,-0.707703,0.699036,0.098450,0.028442,10.3180,5.6806,0
13.1400,332116,-0.707520,0.699158,0.098999,0.027527,10.2870,5.8028,0
13.1500,332126,-0.707214,0.699463,0.099426,0.026489,10.2351,5.9273,0
13.1600,332136,-0.706787,0.699890,0.099670,0.025452,10.1670,6.0382,0
13.1700,332146,-0.706299,0.700378,0.099792,0.024353,10.0833,6.1446,0
13.1800,332156,-0.705750,0.700989,0.099670,0.023193,9.9740,6.2369,0
13.1900,332166,-0.705322,0.701538,0.099365,0.021851,9.8359,6.3276,0
13.2000,332176,-0.705017,0.701965,0.098877,0.020325,9.6689,6.4159,0
13.2100,332186,-0.704834,0.702271,0.098267,0.018677,9.4830,6.5021,0
13.2200,332196,-0.704895,0.702271,0.098022,0.017273,9.3492,6.5950,0
13.2300,332206,-0.705322,0.701843,0.098389,0.016479,9.3186,6.6842,0
13.2400,332216,-0.705994,0.701050,0.099365,0.016052,9.3700,6.7901,0
13.2500,332226,-0.707031,0.699707,0.101685,0.014771,9.4658,7.0704,0
13.2600,332236,-0.707214,0.699402,0.102478,0.013733,9.4483,7.2169,0
13.2700,332246,-0.707336,0.699219,0.103149,0.012634,9.4154,7.3598,0
13.2800,332256,-0.707397,0.699097,0.103821,0.011597,9.3869,7.4986,0
13.2900,332266,-0.707336,0.699036,0.104492,0.010864,9.3817,7.6135,0
13.3000,332276,-0.707275,0.698975,0.105225,0.010437,9.4064,7.7088,0
13.3100,332286,-0.707275,0.698914,0.105896,0.010132,9.4367,7.7890,0
13.3200,332296,-0.707275,0.698792,0.106384,0.009888,9.4569,7.8483,0
13.3300,332306,-0.707336,0.698669,0.106750,0.009583,9.4628,7.9021,0
13.3400,332316,-0.707458,0.698608,0.106934,0.009338,9.4595,7.9364,0
13.3500,332326,-0.707581,0.698425,0.106995,0.009155,9.4509,7.9540,0
13.3600,332336,-0.707886,0.698120,0.107117,0.008972,9.4496,7.9750,0
13.3700,332346,-0.708252,0.697693,0.107178,0.008911,9.4538,7.9794,0
13.3800,332356,-0.708618,0.697327,0.107239,0.008911,9.4630,7.9796,0
13.3900,332366,-0.708923,0.697021,0.107239,0.008850,9.4615,7.9805,0
13.4000,332376,-0.709229,0.696777,0.107178,0.008789,9.4551,7.9770,0
13.4100,332386,-0.709229,0.696716,0.107178,0.008972,9.4699,7.9614,0
13.4200,332396,-0.709167,0.696777,0.107056,0.009277,9.4838,7.9272,0
13.4300,332406,-0.709167,0.696838,0.106873,0.009521,9.4886,7.8928,0
13.4400,332416,-0.709229,0.696777,0.106628,0.009827,9.4939,7.8467,0
13.4500,332426,-0.709473,0.696594,0.106201,0.010071,9.4812,7.7887,0
13.4600,332436,-0.709900,0.696289,0.105713,0.010193,9.4557,7.7337,0
13.4700,332446,-0.710388,0.695862,0.105042,0.010315,9.4157,7.6620,0
13.4800,332456,-0.710937,0.695374,0.104248,0.010498,9.3711,7.5745,0
13.4900,332466,-0.711365,0.695129,0.103394,0.010742,9.3251,7.4800,0
13.5000,332476,-0.711548,0.695007,0.102478,0.011169,9.2859,7.3674,0
13.5100,332486,-0.711670,0.695190,0.100525,0.012207,9.2100,7.1225,0
13.5200,332496,-0.711670,0.695312,0.099670,0.012695,9.1790,7.0132,0
13.5300,332506,-0.711670,0.695374,0.098999,0.013184,9.1630,6.9184,0
13.5400,332516,-0.711731,0.695374,0.098450,0.013550,9.1479,6.8428,0
13.5500,332526,-0.711670,0.695496,0.098022,0.013916,9.1417,6.7790,0
13.5600,332536,-0.711670,0.695557,0.097656,0.014160,9.1312,6.7294,0
13.5700,332546,-0.711670,0.695557,0.097351,0.014221,9.1110,6.6992,0
13.5800,332556,-0.711792,0.695496,0.097229,0.014099,9.0923,6.6982,0
13.5900,332566,-0.712036,0.695251,0.097168,0.013733,9.0601,6.7199,0
13.6000,332576,-0.712463,0.694885,0.097107,0.013245,9.0199,6.7500,0
13.6100,332586,-0.712891,0.694397,0.097107,0.012512,8.9649,6.8038,0
13.6200,332596,-0.713318,0.693970,0.097046,0.011719,8.9002,6.8582,0
13.6300,332606,-0.713623,0.693726,0.096924,0.010803,8.8196,6.9200,0
13.6400,332616,-0.713562,0.693787,0.096802,0.009949,8.7401,6.9806,0
13.6500,332626,-0.713257,0.694153,0.096558,0.009094,8.6482,7.0347,0
13.6600,332636,-0.712769,0.694763,0.096252,0.008301,8.5542,7.0816,0
13.6700,332646,-0.712036,0.695496,0.095886,0.007507,8.4526,7.1249,0
13.6800,332656,-0.711182,0.696472,0.095520,0.006775,8.3547,7.1658,0
13.6900,332666,-0.710266,0.697510,0.095093,0.006042,8.2511,7.2021,0
13.7000,332676,-0.709229,0.698547,0.094604,0.005310,8.1411,7.2332,0
13.7100,332686,-0.708313,0.699585,0.094116,0.004578,8.0324,7.2639,0
13.7200,332696,-0.707397,0.700623,0.093628,0.003784,7.9186,7.2993,0
13.7300,332706,-0.706543,0.701477,0.093140,0.002869,7.7956,7.3424,0
13.7400,332716,-0.705933,0.702209,0.092712,0.001892,7.6751,7.3938,0
13.7500,332726,-0.705444,0.702698,0.092346,0.000793,7.5508,7.4574,0
13.7600,332736,-0.705200,0.703003,0.091919,-0.000305,7.4241,7.5138,0
13.7700,332746,-0.705139,0.703125,0.091492,-0.001465,7.2945,7.5732,0
13.7800,332756,-0.705017,0.703430,0.090332,-0.003662,7.0202,7.6573,0
13.7900,332766,-0.704895,0.703613,0.089539,-0.004639,6.8750,7.6719,0
13.8000,332776,-0.704590,0.703979,0.088684,-0.005493,6.7327,7.6734,0
13.8100,332786,-0.704346,0.704407,0.087708,-0.006226,6.5911,7.6553,0
13.8200,332796,-0.704163,0.704712,0.086731,-0.006897,6.4551,7.6312,0
13.8300,332806,-0.704163,0.704834,0.085693,-0.007568,6.3162,7.6002,0
13.8400,332816,-0.704163,0.704956,0.084656,-0.008240,6.1773,7.5694,0
13.8500,332826,-0.704163,0.705017,0.083618,-0.008850,6.0435,7.5330,0
13.8600,332836,-0.704102,0.705261,0.082581,-0.009399,5.9138,7.4934,0
13.8700,332846,-0.703857,0.705566,0.081543,-0.009949,5.7824,7.4542,0
13.8800,332856,-0.703552,0.705994,0.080505,-0.010376,5.6602,7.4061,0
13.8900,332866,-0.703125,0.706543,0.079529,-0.010803,5.5418,7.3640,0
13.9000,332876,-0.702515,0.707275,0.078613,-0.011230,5.4265,7.3282,0
13.9100,332886,-0.701843,0.707947,0.077820,-0.011597,5.3256,7.2969,0
13.9200,332896,-0.701294,0.708618,0.077271,-0.011963,5.2456,7.2859,0
13.9300,332906,-0.700745,0.709106,0.076904,-0.012329,5.1806,7.2884,0
13.9400,332916,-0.700317,0.709595,0.076782,-0.012695,5.1364,7.3113,0
13.9500,332926,-0.699890,0.710022,0.076843,-0.012878,5.1219,7.3342,0
13.9600,332936,-0.699463,0.710388,0.077026,-0.013000,5.1224,7.3619,0
13.9700,332946,-0.699097,0.710693,0.077454,-0.013062,5.1481,7.4045,0
13.9800,332956,-0.698669,0.710999,0.078186,-0.012939,5.2127,7.4579,0
13.9900,332966,-0.698242,0.711365,0.079163,-0.012695,5.3067,7.5226,0
14.0000,332976,-0.697754,0.711731,0.080261,-0.012329,5.4200,7.5878,0
14.0100,332986,-0.697266,0.712097,0.081543,-0.011963,5.5478,7.6685,0
14.0200,332996,-0.696838,0.712341,0.082886,-0.011475,5.6913,7.7437,0
14.0300,333006,-0.696411,0.712585,0.084290,-0.011047,5.8345,7.8292,0
14.0400,333016,-0.695984,0.712830,0.085632,-0.010559,5.9778,7.9048,0
14.0500,333026,-0.695068,0.713440,0.088074,-0.009399,6.2590,8.0229,0
14.0600,333036,-0.694580,0.713806,0.089050,-0.008728,6.3871,8.0550,0
14.0700,333046,-0.694153,0.714111,0.089844,-0.007996,6.5062,8.0664,0
14.0800,333056,-0.693787,0.714417,0.090454,-0.007385,6.6013,8.0723,0
14.0900,333066,-0.693481,0.714722,0.090820,-0.006775,6.6775,8.0577,0
14.1000,333076,-0.693115,0.715027,0.090942,-0.006287,6.7234,8.0321,0
14.1100,333086,-0.692810,0.715332,0.090881,-0.005920,6.7454,8.0008,0
14.1200,333096,-0.692566,0.715637,0.090698,-0.005737,6.7431,7.9738,0
14.1300,333106,-0.692505,0.715698,0.090454,-0.005676,6.7279,7.9489,0
14.1400,333116,-0.692688,0.715576,0.090149,-0.005798,6.6954,7.9316,0
14.1500,333126,-0.692932,0.715393,0.089722,-0.006042,6.6438,7.9131,0
14.1600,333136,-0.693115,0.715210,0.089294,-0.006287,6.5915,7.8946,0
14.1700,333146,-0.693298,0.715088,0.088989,-0.006592,6.5439,7.8919,0
14.1800,333156,-0.693604,0.714783,0.088928,-0.006836,6.5223,7.9033,0
14.1900,333166,-0.693909,0.714478,0.089050,-0.007080,6.5153,7.9302,0
14.2000,333176,-0.693909,0.714478,0.089294,-0.007141,6.5298,7.9556,0
14.2100,333186,-0.693542,0.714844,0.089478,-0.007080,6.5454,7.9697,0
14.2200,333196,-0.692932,0.715332,0.089600,-0.007019,6.5535,7.9797,0
14.2300,333206,-0.692444,0.715820,0.089783,-0.006958,6.5677,7.9949,0
14.2400,333216,-0.692078,0.716125,0.089966,-0.006836,6.5884,8.0036,0
14.2500,333226,-0.691772,0.716431,0.090210,-0.006714,6.6146,8.0175,0
14.2600,333236,-0.691528,0.716675,0.090393,-0.006470,6.6466,8.0160,0
14.2700,333246,-0.691284,0.716858,0.090454,-0.006104,6.6791,7.9939,0
14.2800,333256,-0.691162,0.716980,0.090393,-0.005737,6.7032,7.9609,0
14.2900,333266,-0.691162,0.717041,0.090271,-0.005432,6.7186,7.9270,0
14.3000,333276,-0.691162,0.717041,0.089966,-0.005249,6.7094,7.8867,0
14.3100,333286,-0.691345,0.716980,0.089233,-0.005188,6.6580,7.8192,0
14.3200,333296,-0.691589,0.716797,0.088928,-0.005310,6.6262,7.8013,0
14.3300,333306,-0.691895,0.716431,0.088928,-0.005432,6.6195,7.8075,0
14.3400,333316,-0.692200,0.716187,0.089172,-0.005493,6.6372,7.8307,0
14.3500,333326,-0.692078,0.716248,0.089417,-0.005310,6.6705,7.8374,0
14.3600,333336,-0.691589,0.716736,0.089478,-0.004944,6.7003,7.8182,0
14.3700,333346,-0.690918,0.717407,0.089417,-0.004456,6.7286,7.7809,0
14.3800,333356,-0.690247,0.718018,0.089233,-0.003845,6.7573,7.7230,0
14.3900,333366,-0.689758,0.718506,0.088989,-0.003235,6.7832,7.6588,0
14.4000,333376,-0.689453,0.718872,0.088684,-0.002563,6.8114,7.5835,0
14.4100,333386,-0.689392,0.718994,0.088379,-0.002014,6.8320,7.5155,0
14.4200,333396,-0.689514,0.718933,0.088074,-0.001526,6.8495,7.4504,0
14.4300,333406,-0.689819,0.718628,0.087769,-0.001160,6.8588,7.3925,0
14.4400,333416,-0.690186,0.718323,0.087463,-0.000793,6.8686,7.3347,0
14.4500,333426,-0.690552,0.718018,0.087158,-0.000488,6.8732,7.2817,0
14.4600,333436,-0.690857,0.717773,0.086853,-0.000061,6.8874,7.2196,0
14.4700,333446,-0.691101,0.717590,0.086365,0.000366,6.8863,7.1426,0
14.4800,333456,-0.691284,0.717407,0.085876,0.000916,6.8946,7.0560,0
14.4900,333466,-0.691467,0.717346,0.085266,0.001404,6.8881,6.9651,0
14.5000,333476,-0.691589,0.717285,0.084656,0.001831,6.8760,6.8790,0
14.5100,333486,-0.691650,0.717346,0.083984,0.002319,6.8634,6.7842,0
14.5200,333496,-0.691711,0.717346,0.083374,0.002686,6.8456,6.7036,0
14.5300,333506,-0.691895,0.717224,0.082764,0.002991,6.8239,6.6266,0
14.5400,333516,-0.692200,0.716980,0.082214,0.003174,6.7980,6.5634,0
14.5500,333526,-0.692627,0.716675,0.081787,0.003235,6.7728,6.5195,0
14.5600,333536,-0.692932,0.716370,0.081299,0.003235,6.7365,6.4753,0
14.5700,333546,-0.693176,0.716248,0.080811,0.003235,6.6997,6.4330,0
14.5800,333556,-0.693176,0.716370,0.079712,0.003479,6.6321,6.3222,0
14.5900,333566,-0.693054,0.716492,0.079163,0.003540,6.5921,6.2723,0
14.6000,333576,-0.692993,0.716614,0.078613,0.003540,6.5477,6.2272,0
14.6100,333586,-0.692993,0.716736,0.078064,0.003418,6.4938,6.1918,0
14.6200,333596,-0.692993,0.716736,0.077576,0.003235,6.4396,6.1653,0
14.6300,333606,-0.693054,0.716736,0.077087,0.002930,6.3759,6.1484,0
14.6400,333616,-0.693115,0.716736,0.076660,0.002625,6.3171,6.1367,0
14.6500,333626,-0.693054,0.716858,0.076233,0.002258,6.2522,6.1310,0
14.6600,333636,-0.692871,0.717041,0.075867,0.001953,6.1962,6.1260,0
14.6700,333646,-0.692627,0.717346,0.075500,0.001709,6.1447,6.1173,0
14.6800,333656,-0.692200,0.717773,0.075195,0.001526,6.1015,6.1100,0
14.6900,333666,-0.691711,0.718262,0.074890,0.001465,6.0680,6.0934,0
14.7000,333676,-0.691162,0.718811,0.074707,0.001526,6.0538,6.0780,0
14.7100,333686,-0.690552,0.719421,0.074463,0.001587,6.0343,6.0579,0
14.7200,333696,-0.689880,0.720093,0.074158,0.001648,6.0095,6.0332,0
14.7300,333706,-0.689209,0.720825,0.073853,0.001709,5.9847,6.0090,0
14.7400,333716,-0.688538,0.721436,0.073608,0.001770,5.9648,5.9888,0
14.7500,333726,-0.688049,0.721924,0.073364,0.001709,5.9364,5.9772,0
14.7600,333736,-0.687744,0.722229,0.073242,0.001526,5.9089,5.9840,0
14.7700,333746,-0.687622,0.722412,0.073181,0.001221,5.8777,6.0044,0
14.7800,333756,-0.687500,0.722473,0.073120,0.000854,5.8414,6.0286,0
14.7900,333766,-0.687500,0.722534,0.073059,0.000427,5.8010,6.0576,0
14.8000,333776,-0.687439,0.722595,0.072998,0.000000,5.7601,6.0866,0
14.8100,333786,-0.687256,0.722717,0.072937,-0.000427,5.7182,6.1161,0
14.8200,333796,-0.687073,0.722961,0.072815,-0.000732,5.6815,6.1318,0
14.8300,333806,-0.686707,0.723267,0.072632,-0.000916,5.6487,6.1332,0
14.8400,333816,-0.686401,0.723633,0.072449,-0.001038,5.6215,6.1303,0
14.8500,333826,-0.685669,0.724365,0.071899,-0.001160,5.5617,6.0994,0
14.8600,333836,-0.685303,0.724731,0.071594,-0.001160,5.5346,6.0765,0
14.8700,333846,-0.684998,0.725098,0.071289,-0.001160,5.5080,6.0536,0
14.8800,333856,-0.684631,0.725403,0.070923,-0.001221,5.4709,6.0298,0
14.8900,333866,-0.684387,0.725647,0.070679,-0.001282,5.4446,6.0158,0
14.9000,333876,-0.684204,0.725891,0.070374,-0.001404,5.4088,6.0014,0
14.9100,333886,-0.683899,0.726196,0.070068,-0.001465,5.3772,5.9828,0
14.9200,333896,-0.683594,0.726501,0.069641,-0.001526,5.3360,5.9537,0
14.9300,333906,-0.683228,0.726929,0.069275,-0.001465,5.3093,5.9212,0
14.9400,333916,-0.682800,0.727356,0.068787,-0.001465,5.2674,5.8830,0
14.9500,333926,-0.682373,0.727783,0.068359,-0.001465,5.2304,5.8500,0
14.9600,333936,-0.682007,0.728210,0.067871,-0.001404,5.1942,5.8071,0
14.9700,333946,-0.681641,0.728577,0.067444,-0.001404,5.1578,5.7736,0
14.9800,333956,-0.681335,0.728943,0.067017,-0.001404,5.1219,5.7400,0
14.9900,333966,-0.681030,0.729248,0.066589,-0.001465,5.0809,5.7108,0
15.0000,333976,-0.680725,0.729553,0.066101,-0.001465,5.0403,5.6715,0
15.0100,333986,-0.680481,0.729797,0.065674,-0.001465,5.0049,5.6370,0
15.0200,333996,-0.680298,0.730042,0.065186,-0.001526,4.9602,5.6020,0
15.0300,334006,-0.680054,0.730347,0.064697,-0.001526,4.9201,5.5627,0
15.0400,334016,-0.679687,0.730713,0.064209,-0.001526,4.8791,5.5238,0
15.0500,334026,-0.679260,0.731140,0.063721,-0.001465,4.8429,5.4806,0
15.0600,334036,-0.678711,0.731689,0.063293,-0.001465,4.8054,5.4481,0
15.0700,334046,-0.678101,0.732300,0.062805,-0.001404,4.7680,5.4061,0
15.0800,334056,-0.677368,0.732971,0.062317,-0.001343,4.7297,5.3644,0
15.0900,334066,-0.676758,0.733643,0.061768,-0.001221,4.6927,5.3128,0
15.1000,334076,-0.676208,0.734192,0.061279,-0.001221,4.6508,5.2749,0
15.1100,334086,-0.675598,0.734802,0.060364,-0.001404,4.5598,5.2151,0
15.1200,334096,-0.675354,0.735046,0.059937,-0.001648,4.5043,5.1992,0
15.1300,334106,-0.675171,0.735291,0.059509,-0.001892,4.4492,5.1832,0
15.1400,334116,-0.674866,0.735535,0.059021,-0.002136,4.3886,5.1619,0
15.1500,334126,-0.674561,0.735840,0.058533,-0.002380,4.3279,5.1411,0
15.1600,334136,-0.674316,0.736145,0.058044,-0.002625,4.2677,5.1202,0
15.1700,334146,-0.674011,0.736450,0.057617,-0.002808,4.2170,5.0997,0
15.1800,334156,-0.673767,0.736694,0.057129,-0.003052,4.1568,5.0784,0
15.1900,334166,-0.673523,0.737000,0.056702,-0.003296,4.1014,5.0626,0
15.2000,334176,-0.673218,0.737305,0.056274,-0.003540,4.0456,5.0467,0
15.2100,334186,-0.672852,0.737671,0.055847,-0.003784,3.9893,5.0312,0
15.2200,334196,-0.672485,0.738037,0.055359,-0.004028,3.9284,5.0104,0
15.2300,334206,-0.671997,0.738464,0.054932,-0.004150,3.8818,4.9857,0
15.2400,334216,-0.671570,0.738892,0.054565,-0.004333,3.8351,4.9709,0
15.2500,334226,-0.671204,0.739258,0.054138,-0.004456,3.7893,4.9458,0
15.2600,334236,-0.670837,0.739685,0.053833,-0.004639,3.7478,4.9362,0
15.2700,334246,-0.670471,0.739990,0.053467,-0.004761,3.7068,4.9159,0
15.2800,334256,-0.670044,0.740356,0.053101,-0.004883,3.6654,4.8958,0
15.2900,334266,-0.669678,0.740723,0.052734,-0.005066,3.6192,4.8805,0
15.3000,334276,-0.669312,0.741150,0.052429,-0.005249,3.5777,4.8707,0
15.3100,334286,-0.668884,0.741516,0.052185,-0.005432,3.5406,4.8657,0
15.3200,334296,-0.668518,0.741821,0.051941,-0.005676,3.4987,4.8651,0
15.3300,334306,-0.668213,0.742126,0.051758,-0.005920,3.4618,4.8696,0
15.3400,334316,-0.667969,0.742371,0.051636,-0.006226,3.4248,4.8838,0
15.3500,334326,-0.667725,0.742554,0.051575,-0.006531,3.3925,4.9028,0
15.3600,334336,-0.667603,0.742676,0.051636,-0.006897,3.3652,4.9367,0
15.3700,334346,-0.667603,0.742676,0.051636,-0.007324,3.3288,4.9693,0
15.3800,334356,-0.667603,0.742676,0.051697,-0.008118,3.2658,5.0353,0
15.3900,334366,-0.667603,0.742676,0.051758,-0.008484,3.2393,5.0685,0
15.4000,334376,-0.667664,0.742554,0.051819,-0.008911,3.2080,5.1058,0
15.4100,334386,-0.667786,0.742493,0.051941,-0.009277,3.1869,5.1441,0
15.4200,334396,-0.667908,0.742371,0.052063,-0.009644,3.1660,5.1820,0
15.4300,334406,-0.668030,0.742249,0.052246,-0.010071,3.1445,5.2299,0
15.4400,334416,-0.668152,0.742126,0.052429,-0.010498,3.1230,5.2777,0
15.4500,334426,-0.668274,0.742004,0.052612,-0.010925,3.1015,5.3256,0
15.4600,334436,-0.668213,0.742004,0.052856,-0.011353,3.0835,5.3792,0
15.4700,334446,-0.668152,0.742004,0.053101,-0.011780,3.0655,5.4328,0
15.4800,334456,-0.668091,0.742065,0.053406,-0.012085,3.0624,5.4827,0
15.4900,334466,-0.668030,0.742126,0.053711,-0.012451,3.0542,5.5373,0
15.5000,334476,-0.667969,0.742126,0.054077,-0.012817,3.0507,5.5967,0
15.5100,334486,-0.667908,0.742126,0.054382,-0.013123,3.0477,5.6462,0
15.5200,334496,-0.667908,0.742126,0.054749,-0.013428,3.0498,5.7011,0
15.5300,334506,-0.667908,0.742065,0.055115,-0.013733,3.0520,5.7555,0
15.5400,334516,-0.667969,0.742004,0.055481,-0.013977,3.0597,5.8054,0
15.5500,334526,-0.667908,0.742004,0.055847,-0.014282,3.0614,5.8602,0
15.5600,334536,-0.667969,0.741943,0.056213,-0.014648,3.0588,5.9195,0
15.5700,334546,-0.668091,0.741760,0.056641,-0.015076,3.0563,5.9880,0
15.5800,334556,-0.668335,0.741516,0.057129,-0.015564,3.0542,6.0662,0
15.5900,334566,-0.668518,0.741272,0.057617,-0.016113,3.0466,6.1491,0
15.6000,334576,-0.668762,0.741028,0.058105,-0.016724,3.0342,6.2367,0
15.6100,334586,-0.668884,0.740845,0.058594,-0.017273,3.0261,6.3198,0
15.6200,334596,-0.668823,0.740845,0.059082,-0.017883,3.0113,6.4085,0
15.6300,334606,-0.668762,0.740845,0.059570,-0.018433,3.0017,6.4925,0
15.6400,334616,-0.668396,0.741028,0.060669,-0.019287,3.0104,6.6531,0
15.6500,334626,-0.668274,0.741150,0.061157,-0.019714,3.0104,6.7285,0
15.6600,334636,-0.668091,0.741211,0.061646,-0.020142,3.0101,6.8033,0
15.6700,334646,-0.667969,0.741272,0.062195,-0.020569,3.0148,6.8835,0
15.6800,334656,-0.667969,0.741272,0.062683,-0.021118,3.0055,6.9677,0
15.6900,334666,-0.667969,0.741211,0.063171,-0.021667,2.9964,7.0515,0
15.7000,334676,-0.668030,0.741089,0.063721,-0.022278,2.9873,7.1449,0
15.7100,334686,-0.668030,0.741028,0.064209,-0.022888,2.9730,7.2334,0
15.7200,334696,-0.668030,0.740906,0.064697,-0.023437,2.9641,7.3167,0
15.7300,334706,-0.668030,0.740906,0.065186,-0.023987,2.9548,7.4009,0
15.7400,334716,-0.667908,0.740906,0.065674,-0.024475,2.9498,7.4802,0
15.7500,334726,-0.667786,0.740967,0.066101,-0.024963,2.9399,7.5546,0
15.7600,334736,-0.667603,0.741089,0.066589,-0.025513,2.9289,7.6393,0
15.7700,334746,-0.667419,0.741211,0.067078,-0.026001,2.9230,7.7193,0
15.7800,334756,-0.667175,0.741333,0.067566,-0.026489,2.9166,7.7991,0
15.7900,334766,-0.666992,0.741455,0.067993,-0.026978,2.9059,7.8738,0
15.8000,334776,-0.666870,0.741516,0.068481,-0.027527,2.8954,7.9582,0
15.8100,334786,-0.666809,0.741455,0.068970,-0.028015,2.8910,8.0372,0
15.8200,334796,-0.666809,0.741455,0.069458,-0.028564,2.8816,8.1215,0
15.8300,334806,-0.666809,0.741333,0.069946,-0.029114,2.8726,8.2049,0
15.8400,334816,-0.666809,0.741272,0.070374,-0.029663,2.8588,8.2835,0
15.8500,334826,-0.666748,0.741272,0.070862,-0.030212,2.8489,8.3676,0
15.8600,334836,-0.666748,0.741272,0.071350,-0.030762,2.8396,8.4520,0
15.8700,334846,-0.666687,0.741211,0.071899,-0.031311,2.8346,8.5410,0
15.8800,334856,-0.666626,0.741211,0.072388,-0.031860,2.8247,8.6251,0
15.8900,334866,-0.666565,0.741150,0.072876,-0.032410,2.8151,8.7088,0
15.9000,334876,-0.666443,0.741211,0.073303,-0.032898,2.8050,8.7833,0
15.9100,334886,-0.666199,0.741333,0.074219,-0.033875,2.7894,8.9377,0
15.9200,334896,-0.666077,0.741394,0.074646,-0.034302,2.7844,9.0075,0
15.9300,334906,-0.666016,0.741333,0.075012,-0.034790,2.7706,9.0760,0
15.9400,334916,-0.666016,0.741272,0.075439,-0.035217,2.7671,9.1453,0
15.9500,334926,-0.666077,0.741150,0.075867,-0.035706,2.7593,9.2190,0
15.9600,334936,-0.666199,0.740967,0.076233,-0.036133,2.7528,9.2825,0
15.9700,334946,-0.666321,0.740845,0.076599,-0.036560,2.7460,9.3465,0
15.9800,334956,-0.666382,0.740723,0.076965,-0.036987,2.7387,9.4102,0
15.9900,334966,-0.666443,0.740601,0.077271,-0.037415,2.7268,9.4687,0
16.0000,334976,-0.666504,0.740479,0.077637,-0.037720,2.7300,9.5231,0
16.0100,334986,-0.666443,0.740479,0.078064,-0.038025,2.7362,9.5833,0
16.0200,334996,-0.666443,0.740417,0.078430,-0.038330,2.7385,9.6380,0
16.0300,335006,-0.666321,0.740479,0.078796,-0.038513,2.7496,9.6839,0
16.0400,335016,-0.666260,0.740479,0.079163,-0.038757,2.7563,9.7342,0
16.0500,335026,-0.666199,0.740479,0.079529,-0.039001,2.7630,9.7844,0
16.0600,335036,-0.666260,0.740417,0.079895,-0.039246,2.7711,9.8347,0
16.0700,335046,-0.666321,0.740295,0.080200,-0.039551,2.7696,9.8838,0
16.0800,335056,-0.666443,0.740112,0.080566,-0.039856,2.7736,9.9380,0
16.0900,335066,-0.666626,0.739868,0.080933,-0.040161,2.7785,9.9918,0
16.1000,335076,-0.666809,0.739685,0.081299,-0.040527,2.7780,10.0510,0
16.1100,335086,-0.666992,0.739441,0.081604,-0.040955,2.7680,10.1089,0
16.1200,335096,-0.667053,0.739319,0.081970,-0.041260,2.7713,10.1634,0
16.1300,335106,-0.666992,0.739319,0.082336,-0.041565,2.7728,10.2184,0
16.1400,335116,-0.666931,0.739319,0.082642,-0.041809,2.7749,10.2634,0
16.1500,335126,-0.666809,0.739441,0.083008,-0.042053,2.7805,10.3146,0
16.1600,335136,-0.666626,0.739502,0.083313,-0.042236,2.7862,10.3549,0
16.1700,335146,-0.666504,0.739624,0.083679,-0.042419,2.7969,10.4014,0
16.1800,335156,-0.666260,0.739685,0.084412,-0.042725,2.8244,10.4879,0
16.1900,335166,-0.666138,0.739746,0.084717,-0.042969,2.8255,10.5333,0
16.2000,335176,-0.666138,0.739685,0.085083,-0.043152,2.8382,10.5786,0
16.2100,335186,-0.666138,0.739624,0.085449,-0.043335,2.8510,10.6240,0
16.2200,335196,-0.666138,0.739563,0.085876,-0.043579,2.8632,10.6794,0
16.2300,335206,-0.666199,0.739502,0.086243,-0.043823,2.8714,10.7298,0
16.2400,335216,-0.666138,0.739441,0.086609,-0.044067,2.8784,10.7795,0
16.2500,335226,-0.666138,0.739441,0.086914,-0.044250,2.8862,10.8202,0
16.2600,335236,-0.666077,0.739441,0.087280,-0.044495,2.8929,10.8706,0
16.2700,335246,-0.665955,0.739502,0.087585,-0.044678,2.8991,10.9112,0
16.2800,335256,-0.665771,0.739563,0.087952,-0.044922,2.9042,10.9616,0
16.2900,335266,-0.665710,0.739624,0.088257,-0.045105,2.9110,11.0026,0
16.3000,335276,-0.665649,0.739563,0.088562,-0.045349,2.9133,11.0471,0
16.3100,335286,-0.665710,0.739502,0.088867,-0.045593,2.9169,11.0922,0
16.3200,335296,-0.665771,0.739380,0.089172,-0.045898,2.9156,11.1414,0
16.3300,335306,-0.665833,0.739258,0.089478,-0.046143,2.9194,11.1859,0
16.3400,335316,-0.665894,0.739136,0.089783,-0.046387,2.9233,11.2304,0
16.3500,335326,-0.665955,0.739075,0.090027,-0.046631,2.9222,11.2702,0
16.3600,335336,-0.665955,0.739014,0.090332,-0.046875,2.9252,11.3150,0
16.3700,335346,-0.665894,0.739014,0.090637,-0.047119,2.9271,11.3601,0
16.3800,335356,-0.665833,0.739014,0.091003,-0.047363,2.9338,11.4105,0
16.3900,335366,-0.665649,0.739136,0.091309,-0.047607,2.9338,11.4562,0
16.4000,335376,-0.665466,0.739197,0.091675,-0.047852,2.9388,11.5066,0
16.4100,335386,-0.665283,0.739319,0.092041,-0.048096,2.9435,11.5577,0
16.4200,335396,-0.665161,0.739441,0.092285,-0.048340,2.9394,11.5984,0
16.4300,335406,-0.665039,0.739441,0.092590,-0.048645,2.9355,11.6479,0
16.4400,335416,-0.664978,0.739380,0.093079,-0.049194,2.9259,11.7319,0
16.4500,335426,-0.664856,0.739441,0.093384,-0.049500,2.9216,11.7820,0
16.4600,335436,-0.664734,0.739502,0.093628,-0.049744,2.9179,11.8221,0
16.4700,335446,-0.664612,0.739563,0.093872,-0.050049,2.9089,11.8670,0
16.4800,335456,-0.664490,0.739685,0.094116,-0.050293,2.9048,11.9077,0
16.4900,335466,-0.664368,0.739746,0.094360,-0.050537,2.9010,11.9478,0
16.5000,335476,-0.664246,0.739746,0.094604,-0.050842,2.8924,11.9920,0
16.5100,335486,-0.664185,0.739807,0.094849,-0.051086,2.8893,12.0325,0
16.5200,335496,-0.664062,0.739807,0.095093,-0.051392,2.8806,12.0766,0
16.5300,335506,-0.663940,0.739868,0.095398,-0.051636,2.8815,12.1221,0
16.5400,335516,-0.663818,0.739929,0.095642,-0.051941,2.8725,12.1669,0
16.5500,335526,-0.663757,0.739929,0.095886,-0.052185,2.8696,12.2067,0
16.5600,335536,-0.663696,0.739929,0.096130,-0.052490,2.8617,12.2513,0
16.5700,335546,-0.663696,0.739868,0.096375,-0.052795,2.8547,12.2955,0
16.5800,335556,-0.663818,0.739746,0.096619,-0.053101,2.8495,12.3398,0
16.5900,335566,-0.663940,0.739563,0.096863,-0.053406,2.8447,12.3834,0
16.6000,335576,-0.664124,0.739319,0.097107,-0.053711,2.8409,12.4268,0
16.6100,335586,-0.664307,0.739136,0.097351,-0.054077,2.8316,12.4755,0
16.6200,335596,-0.664429,0.738953,0.097595,-0.054382,2.8269,12.5192,0
16.6300,335606,-0.664551,0.738831,0.097900,-0.054626,2.8316,12.5642,0
16.6400,335616,-0.664551,0.738708,0.098206,-0.054871,2.8349,12.6084,0
16.6500,335626,-0.664612,0.738647,0.098511,-0.054993,2.8489,12.6443,0
16.6600,335636,-0.664612,0.738586,0.098816,-0.055176,2.8571,12.6845,0
16.6700,335646,-0.664673,0.738464,0.099121,-0.055298,2.8714,12.7197,0
16.6800,335656,-0.664795,0.738281,0.099426,-0.055420,2.8869,12.7546,0
16.6900,335666,-0.664917,0.738159,0.099670,-0.055603,2.8922,12.7895,0
16.7000,335676,-0.665100,0.737915,0.099915,-0.055725,2.9042,12.8187,0
16.7100,335686,-0.665405,0.737549,0.100403,-0.056030,2.9215,12.8829,0
16.7200,335696,-0.665588,0.737366,0.100647,-0.056152,2.9331,12.9128,0
16.7300,335706,-0.665710,0.737244,0.100830,-0.056274,2.9389,12.9377,0
16.7400,335716,-0.665771,0.737122,0.101074,-0.056335,2.9539,12.9628,0
16.7500,335726,-0.665894,0.737000,0.101318,-0.056458,2.9644,12.9931,0
16.7600,335736,-0.665894,0.736938,0.101563,-0.056519,2.9783,13.0185,0
16.7700,335746,-0.665894,0.736877,0.101807,-0.056580,2.9922,13.0439,0
16.7800,335756,-0.665894,0.736877,0.102051,-0.056580,3.0109,13.0653,0
16.7900,335766,-0.665894,0.736877,0.102234,-0.056702,3.0145,13.0908,0
16.8000,335776,-0.665833,0.736816,0.102478,-0.056763,3.0277,13.1159,0
16.8100,335786,-0.665894,0.736755,0.102661,-0.056885,3.0325,13.1410,0
16.8200,335796,-0.666016,0.736633,0.102783,-0.057068,3.0286,13.1653,0
16.8300,335806,-0.666138,0.736511,0.102905,-0.057251,3.0247,13.1896,0
16.8400,335816,-0.666260,0.736328,0.103088,-0.057495,3.0207,13.2232,0
16.8500,335826,-0.666443,0.736084,0.103333,-0.057800,3.0174,13.2666,0
16.8600,335836,-0.666626,0.735840,0.103577,-0.058105,3.0141,13.3100,0
16.8700,335846,-0.666809,0.735657,0.103760,-0.058472,3.0006,13.3535,0
16.8800,335856,-0.666809,0.735596,0.104004,-0.058716,2.9990,13.3931,0
16.8900,335866,-0.666687,0.735657,0.104248,-0.058960,2.9952,13.4334,0
16.9000,335876,-0.666504,0.735779,0.104431,-0.059204,2.9856,13.4686,0
16.9100,335886,-0.666199,0.735962,0.104675,-0.059387,2.9839,13.5043,0
16.9200,335896,-0.665955,0.736206,0.104858,-0.059570,2.9778,13.5358,0
16.9300,335906,-0.665649,0.736389,0.105103,-0.059753,2.9761,13.5715,0
16.9400,335916,-0.665466,0.736511,0.105347,-0.059998,2.9711,13.6121,0
16.9500,335926,-0.665405,0.736511,0.105591,-0.060242,2.9683,13.6520,0
16.9600,335936,-0.665344,0.736511,0.105835,-0.060608,2.9553,13.7014,0
16.9700,335946,-0.665344,0.736450,0.106079,-0.060913,2.9486,13.7458,0
16.9800,335956,-0.665283,0.736389,0.106567,-0.061707,2.9185,13.8491,0
16.9900,335966,-0.665222,0.736328,0.106812,-0.062012,2.9110,13.8930,0
17.0000,335976,-0.665100,0.736450,0.107056,-0.062256,2.9066,13.9340,0
17.0100,335986,-0.664917,0.736511,0.107300,-0.062500,2.9020,13.9739,0
17.0200,335996,-0.664795,0.736572,0.107483,-0.062744,2.8933,14.0088,0
17.0300,336006,-0.664612,0.736694,0.107727,-0.062927,2.8934,14.0446,0
17.0400,336016,-0.664429,0.736816,0.107910,-0.063171,2.8835,14.0798,0
17.0500,336026,-0.664307,0.736877,0.108032,-0.063416,2.8702,14.1094,0
17.0600,336036,-0.664062,0.737061,0.108154,-0.063660,2.8545,14.1395,0
17.0700,336046,-0.663879,0.737183,0.108276,-0.063843,2.8452,14.1646,0
17.0800,336056,-0.663635,0.737366,0.108337,-0.064026,2.8300,14.1846,0
17.0900,336066,-0.663452,0.737549,0.108398,-0.064270,2.8103,14.2098,0
17.1000,336076,-0.663269,0.737671,0.108398,-0.064514,2.7865,14.2289,0
17.1100,336086,-0.663086,0.737854,0.108459,-0.064758,2.7668,14.2540,0
17.1200,336096,-0.662903,0.737976,0.108459,-0.065002,2.7430,14.2731,0
17.1300,336106,-0.662720,0.738098,0.108459,-0.065369,2.7088,14.3016,0
17.1400,336116,-0.662537,0.738220,0.108521,-0.065735,2.6792,14.3354,0
17.1500,336126,-0.662292,0.738403,0.108521,-0.066162,2.6386,14.3689,0
17.1600,336136,-0.662048,0.738525,0.108521,-0.066589,2.5984,14.4016,0
17.1700,336146,-0.661804,0.738770,0.108521,-0.067078,2.5522,14.4405,0
17.1800,336156,-0.661499,0.739014,0.108521,-0.067505,2.5103,14.4742,0
17.1900,336166,-0.661133,0.739258,0.108459,-0.067932,2.4630,14.5021,0
17.2000,336176,-0.660828,0.739563,0.108337,-0.068359,2.4113,14.5257,0
17.2100,336186,-0.660461,0.739868,0.108215,-0.068726,2.3640,14.5441,0
17.2200,336196,-0.660095,0.740112,0.108093,-0.069153,2.3121,14.5664,0
17.2300,336206,-0.659790,0.740417,0.107910,-0.069580,2.2557,14.5846,0
17.2400,336216,-0.659180,0.740845,0.107727,-0.070374,2.1635,14.6300,0
17.2500,336226,-0.658936,0.741089,0.107666,-0.070801,2.1176,14.6586,0
17.2600,336236,-0.658630,0.741333,0.107544,-0.071228,2.0663,14.6813,0
17.2700,336246,-0.658325,0.741577,0.107483,-0.071655,2.0196,14.7094,0
17.2800,336256,-0.658020,0.741821,0.107422,-0.072083,1.9729,14.7374,0
17.2900,336266,-0.657776,0.742004,0.107300,-0.072449,1.9280,14.7551,0
17.3000,336276,-0.657593,0.742126,0.107239,-0.072876,1.8838,14.7826,0
17.3100,336286,-0.657410,0.742249,0.107117,-0.073242,1.8402,14.8001,0
17.3200,336296,-0.657288,0.742310,0.107056,-0.073669,1.7972,14.8274,0
17.3300,336306,-0.657227,0.742371,0.106934,-0.074097,1.7504,14.8497,0
17.3400,336316,-0.657227,0.742371,0.106873,-0.074463,1.7146,14.8726,0
17.3500,336326,-0.657104,0.742432,0.106812,-0.074890,1.6716,14.8999,0
17.3600,336336,-0.656982,0.742493,0.106750,-0.075256,1.6338,14.9225,0
17.3700,336346,-0.656799,0.742615,0.106689,-0.075562,1.6000,14.9406,0
17.3800,336356,-0.656616,0.742737,0.106689,-0.075867,1.5707,14.9640,0
17.3900,336366,-0.656372,0.742981,0.106628,-0.076172,1.5350,14.9830,0
17.4000,336376,-0.656128,0.743164,0.106628,-0.076416,1.5096,15.0020,0
17.4100,336386,-0.655823,0.743408,0.106628,-0.076660,1.4829,15.0211,0
17.4200,336396,-0.655518,0.743652,0.106628,-0.076904,1.4562,15.0402,0
17.4300,336406,-0.655334,0.743774,0.106628,-0.077148,1.4321,15.0589,0
17.4400,336416,-0.655151,0.743958,0.106567,-0.077393,1.4029,15.0729,0
17.4500,336426,-0.654968,0.744080,0.106506,-0.077637,1.3741,15.0862,0
17.4600,336436,-0.654846,0.744141,0.106445,-0.077820,1.3519,15.0946,0
17.4700,336446,-0.654785,0.744202,0.106323,-0.078064,1.3206,15.1028,0
17.4800,336456,-0.654724,0.744202,0.106262,-0.078369,1.2893,15.1204,0
17.4900,336466,-0.654724,0.744263,0.106201,-0.078613,1.2633,15.1345,0
17.5000,336476,-0.654663,0.744263,0.106201,-0.078857,1.2417,15.1528,0
17.5100,336486,-0.654480,0.744385,0.106079,-0.079407,1.1824,15.1842,0
17.5200,336496,-0.654297,0.744507,0.106079,-0.079651,1.1582,15.2029,0
17.5300,336506,-0.654114,0.744690,0.106018,-0.079895,1.1289,15.2168,0
17.5400,336516,-0.653870,0.744873,0.105957,-0.080200,1.0936,15.2349,0
17.5500,336526,-0.653625,0.745056,0.105957,-0.080505,1.0629,15.2584,0
17.5600,336536,-0.653381,0.745239,0.105957,-0.080811,1.0322,15.2820,0
17.5700,336546,-0.653076,0.745422,0.106018,-0.081116,1.0053,15.3103,0
17.5800,336556,-0.652771,0.745667,0.106018,-0.081421,0.9732,15.3340,0
17.5900,336566,-0.652466,0.745911,0.106079,-0.081726,0.9457,15.3630,0
17.6000,336576,-0.652222,0.746094,0.106140,-0.081970,0.9247,15.3872,0
17.6100,336586,-0.652039,0.746216,0.106201,-0.082214,0.9050,15.4112,0
17.6200,336596,-0.651917,0.746277,0.106201,-0.082458,0.8821,15.4296,0
17.6300,336606,-0.651794,0.746338,0.106262,-0.082642,0.8689,15.4488,0
17.6400,336616,-0.651672,0.746399,0.106262,-0.082825,0.8512,15.4625,0
17.6500,336626,-0.651611,0.746521,0.106262,-0.083008,0.8336,15.4775,0
17.6600,336636,-0.651489,0.746582,0.106262,-0.083130,0.8211,15.4865,0
17.6700,336646,-0.651489,0.746582,0.106262,-0.083252,0.8107,15.4959,0
17.6800,336656,-0.651428,0.746582,0.106323,-0.083313,0.8093,15.5054,0
17.6900,336666,-0.651428,0.746582,0.106323,-0.083313,0.8093,15.5054,0
17.7000,336676,-0.651367,0.746643,0.106323,-0.083313,0.8079,15.5056,0
17.7100,336686,-0.651428,0.746643,0.106262,-0.083313,0.8041,15.5007,0
17.7200,336696,-0.651489,0.746582,0.106201,-0.083252,0.8061,15.4904,0
17.7300,336706,-0.651550,0.746521,0.106140,-0.083252,0.8029,15.4848,0
17.7400,336716,-0.651611,0.746460,0.106079,-0.083191,0.8049,15.4746,0
17.7500,336726,-0.651733,0.746399,0.105957,-0.083130,0.8030,15.4594,0
17.7600,336736,-0.651855,0.746338,0.105896,-0.083069,0.8058,15.4497,0
17.7700,336746,-0.651978,0.746216,0.105774,-0.082947,0.8097,15.4291,0
17.7800,336756,-0.652222,0.746033,0.105591,-0.082825,0.8112,15.4035,0
17.7900,336766,-0.652344,0.745972,0.105469,-0.082703,0.8146,15.3837,0
17.8000,336776,-0.652466,0.745911,0.105347,-0.082581,0.8179,15.3638,0
17.8100,336786,-0.652527,0.745850,0.105225,-0.082458,0.8205,15.3434,0
17.8200,336796,-0.652527,0.745911,0.105042,-0.082336,0.8167,15.3184,0
17.8300,336806,-0.652588,0.745911,0.104919,-0.082153,0.8240,15.2940,0
17.8400,336816,-0.652588,0.745911,0.104797,-0.082031,0.8253,15.2738,0
17.8500,336826,-0.652649,0.745911,0.104736,-0.081909,0.8319,15.2595,0
17.8600,336836,-0.652588,0.745972,0.104675,-0.081726,0.8416,15.2401,0
17.8700,336846,-0.652527,0.746033,0.104614,-0.081543,0.8514,15.2208,0
17.8800,336856,-0.652466,0.746155,0.104553,-0.081360,0.8607,15.2021,0
17.8900,336866,-0.652405,0.746216,0.104431,-0.081238,0.8607,15.1820,0
17.9000,336876,-0.652466,0.746216,0.104309,-0.081116,0.8627,15.1623,0
17.9100,336886,-0.652527,0.746216,0.104187,-0.080994,0.8647,15.1426,0
17.9200,336896,-0.652588,0.746155,0.104126,-0.080933,0.8667,15.1323,0
17.9300,336906,-0.652710,0.746094,0.104004,-0.080872,0.8648,15.1172,0
17.9400,336916,-0.652710,0.746094,0.103943,-0.080750,0.8707,15.1024,0
17.9500,336926,-0.652588,0.746216,0.103882,-0.080688,0.8688,15.0926,0
17.9600,336936,-0.652405,0.746399,0.103882,-0.080566,0.8753,15.0836,0
17.9700,336946,-0.652161,0.746582,0.103821,-0.080444,0.8766,15.0687,0
17.9800,336956,-0.651917,0.746826,0.103760,-0.080322,0.8773,15.0546,0
17.9900,336966,-0.651672,0.747070,0.103699,-0.080200,0.8781,15.0404,0
18.0000,336976,-0.651489,0.747253,0.103577,-0.080139,0.8703,15.0253,0
18.0100,336986,-0.651428,0.747314,0.103516,-0.080078,0.8697,15.0154,0
18.0200,336996,-0.651428,0.747375,0.103394,-0.080139,0.8548,15.0099,0
18.0300,337006,-0.651428,0.747375,0.103271,-0.080200,0.8405,15.0037,0
18.0400,337016,-0.651367,0.747375,0.103088,-0.080383,0.8104,15.0010,0
18.0500,337026,-0.651367,0.747437,0.102966,-0.080444,0.7955,14.9955,0
18.0600,337036,-0.651306,0.747498,0.102844,-0.080505,0.7799,14.9895,0
18.0700,337046,-0.651245,0.747559,0.102722,-0.080505,0.7695,14.9789,0
18.0800,337056,-0.651123,0.747681,0.102661,-0.080444,0.7676,14.9690,0
18.0900,337066,-0.651062,0.747803,0.102539,-0.080444,0.7566,14.9590,0
18.1000,337076,-0.650940,0.747864,0.102478,-0.080444,0.7501,14.9532,0
18.1100,337086,-0.650879,0.747925,0.102478,-0.080444,0.7488,14.9534,0
18.1200,337096,-0.650879,0.747925,0.102478,-0.080444,0.7488,14.9534,0
18.1300,337106,-0.650879,0.747925,0.102478,-0.080444,0.7488,14.9534,0
18.1400,337116,-0.650879,0.747925,0.102478,-0.080444,0.7488,14.9534,0
18.1500,337126,-0.650879,0.747925,0.102478,-0.080383,0.7540,14.9487,0
18.1600,337136,-0.650818,0.747986,0.102478,-0.080322,0.7580,14.9441,0
18.1700,337146,-0.650696,0.748108,0.102478,-0.080139,0.7711,14.9304,0
18.1800,337156,-0.650635,0.748169,0.102478,-0.079956,0.7856,14.9165,0
18.1900,337166,-0.650574,0.748230,0.102478,-0.079834,0.7948,14.9072,0
18.2000,337176,-0.650574,0.748230,0.102539,-0.079651,0.8150,14.8986,0
18.2100,337186,-0.650696,0.748169,0.102539,-0.079529,0.8275,14.8896,0
18.2200,337196,-0.650757,0.748108,0.102539,-0.079468,0.8340,14.8848,0
18.2300,337206,-0.650879,0.747986,0.102539,-0.079346,0.8470,14.8751,0
18.2400,337216,-0.650940,0.747925,0.102600,-0.079346,0.8528,14.8804,0
18.2500,337226,-0.650940,0.747925,0.102661,-0.079285,0.8626,14.8811,0
18.2600,337236,-0.651001,0.747925,0.102722,-0.079224,0.8731,14.8824,0
18.2700,337246,-0.650940,0.747986,0.102783,-0.079163,0.8816,14.8833,0
18.2800,337256,-0.650879,0.748047,0.102783,-0.079163,0.8803,14.8835,0
18.2900,337266,-0.650757,0.748108,0.102844,-0.079102,0.8881,14.8838,0
18.3000,337276,-0.650696,0.748169,0.102844,-0.079102,0.8869,14.8840,0
18.3100,337286,-0.650574,0.748291,0.102905,-0.079224,0.8784,14.8991,0
18.3200,337296,-0.650574,0.748291,0.102844,-0.079224,0.8738,14.8937,0
18.3300,337306,-0.650513,0.748291,0.102844,-0.079285,0.8679,14.8978,0
18.3400,337316,-0.650574,0.748230,0.102783,-0.079346,0.8594,14.8969,0
18.3500,337326,-0.650574,0.748230,0.102783,-0.079407,0.8541,14.9016,0
18.3600,337336,-0.650574,0.748230,0.102783,-0.079407,0.8541,14.9016,0
18.3700,337346,-0.650513,0.748352,0.102783,-0.079407,0.8523,14.9024,0
18.3800,337356,-0.650391,0.748413,0.102783,-0.079407,0.8503,14.9021,0
18.3900,337366,-0.650269,0.748535,0.102844,-0.079346,0.8576,14.9031,0
18.4000,337376,-0.650146,0.748596,0.102844,-0.079346,0.8556,14.9028,0
18.4100,337386,-0.650085,0.748657,0.102844,-0.079346,0.8543,14.9029,0
18.4200,337396,-0.650024,0.748718,0.102844,-0.079346,0.8530,14.9031,0
18.4300,337406,-0.650024,0.748718,0.102783,-0.079407,0.8432,14.9023,0
18.4400,337416,-0.650024,0.748718,0.102783,-0.079468,0.8380,14.9070,0
18.4500,337426,-0.650024,0.748718,0.102661,-0.079529,0.8237,14.9008,0
18.4600,337436,-0.650024,0.748718,0.102600,-0.079590,0.8139,14.9001,0
18.4700,337446,-0.650024,0.748718,0.102539,-0.079651,0.8041,14.8993,0
18.4800,337456,-0.650085,0.748657,0.102478,-0.079712,0.7956,14.8984,0
18.4900,337466,-0.650146,0.748657,0.102417,-0.079712,0.7918,14.8935,0
18.5000,337476,-0.650269,0.748535,0.102356,-0.079651,0.7950,14.8831,0
18.5100,337486,-0.650391,0.748474,0.102295,-0.079590,0.7977,14.8734,0
18.5200,337496,-0.650452,0.748413,0.102234,-0.079529,0.7996,14.8631,0
18.5300,337506,-0.650574,0.748352,0.102173,-0.079407,0.8075,14.8487,0
18.5400,337516,-0.650635,0.748291,0.102112,-0.079346,0.8095,14.8385,0
18.5500,337526,-0.650818,0.748169,0.102051,-0.079285,0.8134,14.8286,0
18.5600,337536,-0.650940,0.748047,0.102051,-0.079224,0.8212,14.8236,0
18.5700,337546,-0.651123,0.747925,0.102112,-0.079163,0.8342,14.8245,0
18.5800,337556,-0.651367,0.747681,0.102234,-0.079102,0.8536,14.8301,0
18.5900,337566,-0.651489,0.747559,0.102295,-0.079041,0.8660,14.8305,0
18.6000,337576,-0.651489,0.747559,0.102356,-0.078979,0.8757,14.8312,0
18.6100,337586,-0.651550,0.747498,0.102478,-0.078857,0.8966,14.8325,0
18.6200,337596,-0.651550,0.747498,0.102539,-0.078796,0.9064,14.8333,0
18.6300,337606,-0.651550,0.747498,0.102661,-0.078735,0.9207,14.8394,0
18.6400,337616,-0.651550,0.747498,0.102722,-0.078674,0.9305,14.8402,0
18.6500,337626,-0.651611,0.747437,0.102783,-0.078735,0.9311,14.8501,0
18.6600,337636,-0.651611,0.747437,0.102844,-0.078796,0.9304,14.8602,0
18.6700,337646,-0.651611,0.747437,0.102905,-0.078796,0.9350,14.8656,0
18.6800,337656,-0.651550,0.747437,0.102905,-0.078857,0.9290,14.8698,0
18.6900,337666,-0.651489,0.747498,0.102966,-0.078857,0.9323,14.8754,0
18.7000,337676,-0.651367,0.747559,0.102966,-0.078857,0.9303,14.8750,0
18.7100,337686,-0.651306,0.747620,0.102966,-0.078857,0.9291,14.8752,0
18.7200,337696,-0.651245,0.747681,0.103027,-0.078857,0.9323,14.8808,0
18.7300,337706,-0.651245,0.747681,0.103088,-0.078918,0.9317,14.8909,0
18.7400,337716,-0.651245,0.747681,0.103149,-0.079041,0.9258,14.9057,0
18.7500,337726,-0.651184,0.747681,0.103210,-0.079224,0.9139,14.9246,0
18.7600,337736,-0.651123,0.747742,0.103210,-0.079285,0.9074,14.9295,0
18.7700,337746,-0.651001,0.747803,0.103271,-0.079407,0.8995,14.9439,0
18.7800,337756,-0.650879,0.747925,0.103271,-0.079407,0.8969,14.9442,0
18.7900,337766,-0.650818,0.747986,0.103333,-0.079468,0.8950,14.9545,0
18.8000,337776,-0.650696,0.748047,0.103455,-0.079529,0.8969,14.9697,0
18.8100,337786,-0.650635,0.748047,0.103455,-0.079651,0.8857,14.9785,0
18.8200,337796,-0.650574,0.748108,0.103516,-0.079773,0.8785,14.9934,0
18.8300,337806,-0.650452,0.748169,0.103516,-0.079895,0.8660,15.0024,0
18.8400,337816,-0.650330,0.748291,0.103638,-0.079956,0.8673,15.0183,0
18.8500,337826,-0.650146,0.748413,0.103821,-0.080139,0.8619,15.0484,0
18.8600,337836,-0.650024,0.748474,0.103882,-0.080200,0.8592,15.0582,0
18.8700,337846,-0.649902,0.748535,0.104004,-0.080261,0.8611,15.0733,0
18.8800,337856,-0.649841,0.748596,0.104065,-0.080322,0.8591,15.0836,0
18.8900,337866,-0.649780,0.748657,0.104126,-0.080383,0.8571,15.0939,0
18.9000,337876,-0.649780,0.748657,0.104126,-0.080383,0.8571,15.0939,0
18.9100,337886,-0.649780,0.748657,0.104126,-0.080383,0.8571,15.0939,0
18.9200,337896,-0.649780,0.748657,0.104126,-0.080383,0.8571,15.0939,0
18.9300,337906,-0.649780,0.748657,0.104126,-0.080383,0.8571,15.0939,0
18.9400,337916,-0.649780,0.748657,0.104126,-0.080383,0.8571,15.0939,0
18.9500,337926,-0.649780,0.748657,0.104126,-0.080383,0.8571,15.0939,0
18.9600,337936,-0.649719,0.748718,0.104126,-0.080383,0.8558,15.0940,0
18.9700,337946,-0.649658,0.748779,0.104126,-0.080383,0.8545,15.0942,0
18.9800,337956,-0.649597,0.748840,0.104126,-0.080322,0.8585,15.0897,0
18.9900,337966,-0.649597,0.748840,0.104126,-0.080322,0.8585,15.0897,0
19.0000,337976,-0.649658,0.748779,0.104126,-0.080383,0.8545,15.0942,0
19.0100,337986,-0.649719,0.748718,0.104126,-0.080383,0.8558,15.0940,0
19.0200,337996,-0.649841,0.748657,0.104126,-0.080383,0.8578,15.0944,0
19.0300,338006,-0.649902,0.748535,0.104065,-0.080383,0.8552,15.0881,0
19.0400,338016,-0.650024,0.748474,0.104126,-0.080383,0.8617,15.0939,0
19.0500,338026,-0.650085,0.748352,0.104126,-0.080322,0.8688,15.0884,0
19.0600,338036,-0.650146,0.748352,0.104126,-0.080261,0.8748,15.0843,0
19.0700,338046,-0.650146,0.748413,0.104065,-0.080139,0.8801,15.0702,0
19.0800,338056,-0.650146,0.748413,0.104004,-0.080078,0.8808,15.0600,0
19.0900,338066,-0.650146,0.748413,0.103943,-0.080017,0.8815,15.0499,0
19.1000,338076,-0.650146,0.748413,0.103943,-0.080017,0.8815,15.0499,0
19.1100,338086,-0.650146,0.748413,0.103943,-0.080017,0.8815,15.0499,0
19.1200,338096,-0.650146,0.748413,0.103943,-0.080017,0.8815,15.0499,0
19.1300,338106,-0.650146,0.748413,0.103882,-0.079956,0.8822,15.0398,0
19.1400,338116,-0.650146,0.748413,0.103821,-0.079895,0.8829,15.0297,0
19.1500,338126,-0.650146,0.748413,0.103760,-0.079834,0.8836,15.0196,0
19.1600,338136,-0.650208,0.748413,0.103699,-0.079773,0.8850,15.0100,0
19.1700,338146,-0.650208,0.748413,0.103699,-0.079712,0.8902,15.0053,0
19.1800,338156,-0.650208,0.748413,0.103699,-0.079712,0.8902,15.0053,0
19.1900,338166,-0.650269,0.748352,0.103638,-0.079712,0.8869,14.9997,0
19.2000,338176,-0.650330,0.748291,0.103638,-0.079712,0.8882,14.9996,0
19.2100,338186,-0.650391,0.748230,0.103638,-0.079773,0.8843,15.0041,0
19.2200,338196,-0.650391,0.748230,0.103638,-0.079773,0.8843,15.0041,0
19.2300,338206,-0.650391,0.748230,0.103577,-0.079712,0.8850,14.9940,0
19.2400,338216,-0.650452,0.748230,0.103516,-0.079651,0.8864,14.9844,0
19.2500,338226,-0.650452,0.748291,0.103455,-0.079529,0.8917,14.9703,0
19.2600,338236,-0.650452,0.748291,0.103455,-0.079529,0.8917,14.9703,0
19.2700,338246,-0.650513,0.748230,0.103455,-0.079529,0.8930,14.9701,0
19.2800,338256,-0.650574,0.748169,0.103394,-0.079529,0.8897,14.9646,0
19.2900,338266,-0.650635,0.748108,0.103394,-0.079529,0.8910,14.9644,0
19.3000,338276,-0.650635,0.748047,0.103394,-0.079529,0.8916,14.9637,0
19.3100,338286,-0.650635,0.748047,0.103394,-0.079529,0.8916,14.9637,0
19.3200,338296,-0.650757,0.748047,0.103394,-0.079529,0.8930,14.9648,0
19.3300,338306,-0.650757,0.747986,0.103394,-0.079529,0.8936,14.9641,0
19.3400,338316,-0.650757,0.747986,0.103394,-0.079529,0.8936,14.9641,0
19.3500,338326,-0.650757,0.747986,0.103394,-0.079529,0.8936,14.9641,0
19.3600,338336,-0.650757,0.747986,0.103394,-0.079529,0.8936,14.9641,0
19.3700,338346,-0.650696,0.748047,0.103394,-0.079529,0.8923,14.9642,0
19.3800,338356,-0.650635,0.748108,0.103394,-0.079529,0.8910,14.9644,0
19.3900,338366,-0.650635,0.748108,0.103394,-0.079529,0.8910,14.9644,0
19.4000,338376,-0.650696,0.748047,0.103394,-0.079529,0.8923,14.9642,0
19.4100,338386,-0.650696,0.748047,0.103394,-0.079529,0.8923,14.9642,0
19.4200,338396,-0.650696,0.748047,0.103394,-0.079529,0.8923,14.9642,0
19.4300,338406,-0.650757,0.747986,0.103394,-0.079529,0.8936,14.9641,0
19.4400,338416,-0.650818,0.747986,0.103394,-0.079529,0.8943,14.9646,0
19.4500,338426,-0.650879,0.747864,0.103394,-0.079590,0.8909,14.9684,0
19.4600,338436,-0.651001,0.747803,0.103394,-0.079590,0.8929,14.9688,0
19.4700,338446,-0.651062,0.747681,0.103333,-0.079590,0.8902,14.9625,0
19.4800,338456,-0.651184,0.747620,0.103333,-0.079590,0.8922,14.9629,0
19.4900,338466,-0.651184,0.747620,0.103333,-0.079590,0.8922,14.9629,0
19.5000,338476,-0.651184,0.747620,0.103333,-0.079590,0.8922,14.9629,0
19.5100,338486,-0.651184,0.747620,0.103271,-0.079529,0.8929,14.9528,0
19.5200,338496,-0.651245,0.747620,0.103271,-0.079407,0.9041,14.9439,0
19.5300,338506,-0.651245,0.747620,0.103271,-0.079346,0.9093,14.9393,0
19.5400,338516,-0.651245,0.747620,0.103333,-0.079285,0.9191,14.9400,0
19.5500,338526,-0.651306,0.747559,0.103394,-0.079224,0.9301,14.9406,0
19.5600,338536,-0.651367,0.747498,0.103455,-0.079285,0.9307,14.9505,0
19.5700,338546,-0.651428,0.747375,0.103577,-0.079285,0.9417,14.9605,0
19.5800,338556,-0.651550,0.747314,0.103577,-0.079285,0.9437,14.9609,0
19.5900,338566,-0.651611,0.747253,0.103638,-0.079224,0.9547,14.9615,0
19.6000,338576,-0.651672,0.747192,0.103638,-0.079163,0.9613,14.9566,0
19.6100,338586,-0.651672,0.747192,0.103638,-0.079041,0.9717,14.9472,0
19.6200,338596,-0.651733,0.747192,0.103577,-0.078857,0.9836,14.9283,0
19.6300,338606,-0.651794,0.747192,0.103516,-0.078674,0.9954,14.9093,0
19.6400,338616,-0.651978,0.747070,0.103271,-0.078247,1.0170,14.8550,0
19.6500,338626,-0.652161,0.746948,0.103149,-0.078125,1.0216,14.8349,0
19.6600,338636,-0.652405,0.746765,0.103027,-0.078064,1.0222,14.8194,0
19.6700,338646,-0.652649,0.746582,0.102905,-0.078003,1.0228,14.8039,0
19.6800,338656,-0.652710,0.746582,0.102722,-0.077942,1.0151,14.7835,0
19.6900,338666,-0.652588,0.746704,0.102478,-0.077881,0.9995,14.7575,0
19.7000,338676,-0.652527,0.746765,0.102173,-0.077759,0.9859,14.7212,0
19.7100,338686,-0.652466,0.746887,0.101929,-0.077637,0.9763,14.6910,0
19.7200,338696,-0.652222,0.747131,0.101746,-0.077454,0.9732,14.6614,0
19.7300,338706,-0.651917,0.747498,0.101563,-0.077148,0.9789,14.6232,0
19.7400,338716,-0.651611,0.747803,0.101379,-0.076843,0.9851,14.5843,0
19.7500,338726,-0.651367,0.748047,0.101196,-0.076599,0.9874,14.5500,0
19.7600,338736,-0.651428,0.748047,0.101074,-0.076355,0.9999,14.5210,0
19.7700,338746,-0.651672,0.747864,0.101013,-0.076111,1.0207,14.4969,0
19.7800,338756,-0.651978,0.747620,0.100891,-0.075867,1.0382,14.4671,0
19.7900,338766,-0.652405,0.747314,0.100769,-0.075806,1.0419,14.4518,0
19.8000,338776,-0.652954,0.746826,0.100525,-0.075867,1.0290,14.4340,0
19.8100,338786,-0.653503,0.746338,0.100403,-0.076050,1.0147,14.4364,0
19.8200,338796,-0.653870,0.746033,0.100281,-0.076050,1.0125,14.4253,0
19.8300,338806,-0.654053,0.745911,0.100159,-0.075928,1.0169,14.4053,0
19.8400,338816,-0.654114,0.745911,0.100037,-0.075745,1.0241,14.3809,0
19.8500,338826,-0.653992,0.746094,0.099854,-0.075378,1.0387,14.3376,0
19.8600,338836,-0.653809,0.746338,0.099609,-0.074890,1.0580,14.2796,0
19.8700,338846,-0.653687,0.746521,0.099487,-0.074463,1.0824,14.2370,0
19.8800,338856,-0.653625,0.746582,0.099365,-0.074097,1.1034,14.1982,0
19.8900,338866,-0.653687,0.746582,0.099304,-0.073792,1.1256,14.1699,0
19.9000,338876,-0.653809,0.746521,0.099243,-0.073547,1.1439,14.1461,0
19.9100,338886,-0.654236,0.746155,0.099243,-0.073486,1.1570,14.1408,0
19.9200,338896,-0.654480,0.745911,0.099182,-0.073547,1.1521,14.1394,0
19.9300,338906,-0.654724,0.745728,0.099182,-0.073547,1.1564,14.1394,0
19.9400,338916,-0.654846,0.745605,0.099182,-0.073547,1.1588,14.1390,0
19.9500,338926,-0.654846,0.745605,0.099182,-0.073547,1.1588,14.1390,0
19.9600,338936,-0.654846,0.745605,0.099121,-0.073608,1.1490,14.1383,0
19.9700,338946,-0.654724,0.745667,0.099121,-0.073608,1.1471,14.1380,0
19.9800,338956,-0.654602,0.745789,0.099121,-0.073669,1.1395,14.1431,0
19.9900,338966,-0.654419,0.745911,0.099182,-0.073730,1.1357,14.1530,0
20.0000,338976,-0.654236,0.746094,0.099304,-0.073853,1.1308,14.1737,0
20.0100,338986,-0.653992,0.746277,0.099365,-0.073914,1.1258,14.1838,0
20.0200,338996,-0.653809,0.746460,0.099426,-0.073975,1.1215,14.1944,0
20.0300,339006,-0.653564,0.746582,0.099548,-0.074036,1.1216,14.2092,0
20.0400,339016,-0.653381,0.746765,0.099609,-0.074158,1.1121,14.2245,0
20.0500,339026,-0.653198,0.746887,0.099731,-0.074219,1.1129,14.2399,0
20.0600,339036,-0.653015,0.747009,0.099854,-0.074341,1.1085,14.2599,0
20.0700,339046,-0.652893,0.747131,0.099915,-0.074402,1.1054,14.2703,0
20.0800,339056,-0.652893,0.747131,0.099976,-0.074524,1.0995,14.2851,0
20.0900,339066,-0.652893,0.747131,0.100037,-0.074646,1.0936,14.2999,0
20.1000,339076,-0.652954,0.747009,0.100159,-0.074707,1.0993,14.3146,0
20.1100,339086,-0.653015,0.746948,0.100220,-0.074829,1.0946,14.3292,0
20.1200,339096,-0.653015,0.746887,0.100281,-0.074951,1.0892,14.3433,0
20.1300,339106,-0.653015,0.746887,0.100403,-0.075073,1.0879,14.3634,0
20.1400,339116,-0.653015,0.746887,0.100464,-0.075134,1.0873,14.3735,0
20.1500,339126,-0.653015,0.746887,0.100403,-0.075195,1.0775,14.3728,0
20.1600,339136,-0.652954,0.746948,0.100464,-0.075134,1.0860,14.3737,0
20.1700,339146,-0.652771,0.747131,0.100464,-0.075012,1.0928,14.3649,0
20.1800,339156,-0.652527,0.747314,0.100403,-0.074646,1.1152,14.3314,0
20.1900,339166,-0.652588,0.747314,0.100403,-0.074524,1.1264,14.3225,0
20.2000,339176,-0.652588,0.747314,0.100464,-0.074402,1.1414,14.3186,0
20.2100,339186,-0.652649,0.747253,0.100586,-0.074341,1.1570,14.3245,0
20.2200,339196,-0.652771,0.747131,0.100647,-0.074280,1.1692,14.3249,0
20.2300,339206,-0.652893,0.747009,0.100708,-0.074219,1.1815,14.3253,0
20.2400,339216,-0.653015,0.746948,0.100769,-0.074158,1.1932,14.3263,0
20.2500,339226,-0.653137,0.746826,0.100830,-0.074097,1.2054,14.3267,0
20.2600,339236,-0.653137,0.746826,0.100952,-0.074097,1.2146,14.3375,0
20.2700,339246,-0.653137,0.746826,0.101074,-0.074097,1.2237,14.3483,0
20.2800,339256,-0.653137,0.746765,0.101135,-0.074158,1.2236,14.3578,0
20.2900,339266,-0.653137,0.746765,0.101257,-0.074219,1.2275,14.3733,0
20.3000,339276,-0.653137,0.746704,0.101379,-0.074341,1.2267,14.3928,0
20.3100,339286,-0.653076,0.746765,0.101501,-0.074463,1.2241,14.4131,0
20.3200,339296,-0.652954,0.746826,0.101624,-0.074585,1.2209,14.4330,0
20.3300,339306,-0.652832,0.746948,0.101746,-0.074707,1.2171,14.4536,0
20.3400,339316,-0.652710,0.746948,0.101868,-0.074890,1.2091,14.4774,0
20.3500,339326,-0.652710,0.746948,0.102051,-0.075073,1.2072,14.5077,0
20.3600,339336,-0.652710,0.746887,0.102112,-0.075317,1.1914,14.5312,0
20.3700,339346,-0.652771,0.746826,0.102234,-0.075623,1.1756,14.5653,0
20.3800,339356,-0.652832,0.746704,0.102356,-0.075928,1.1604,14.5987,0
20.3900,339366,-0.652893,0.746582,0.102417,-0.076233,1.1406,14.6267,0
20.4000,339376,-0.652893,0.746521,0.102478,-0.076538,1.1196,14.6548,0
20.4100,339386,-0.652893,0.746521,0.102539,-0.076904,1.0929,14.6884,0
20.4200,339396,-0.652832,0.746521,0.102661,-0.077148,1.0804,14.7175,0
20.4300,339406,-0.652649,0.746643,0.102722,-0.077393,1.0608,14.7415,0
20.4400,339416,-0.652222,0.747009,0.102844,-0.077820,1.0251,14.7856,0
20.4500,339426,-0.651978,0.747131,0.102905,-0.078003,1.0100,14.8044,0
20.4600,339436,-0.651794,0.747253,0.103027,-0.078186,1.0002,14.8291,0
20.4700,339446,-0.651672,0.747314,0.103088,-0.078430,0.9819,14.8529,0
20.4800,339456,-0.651611,0.747375,0.103210,-0.078674,0.9688,14.8827,0
20.4900,339466,-0.651489,0.747437,0.103271,-0.078857,0.9557,14.9018,0
20.5000,339476,-0.651428,0.747437,0.103333,-0.079041,0.9438,14.9208,0
20.5100,339486,-0.651428,0.747437,0.103394,-0.079163,0.9379,14.9356,0
20.5200,339496,-0.651367,0.747437,0.103516,-0.079285,0.9358,14.9552,0
20.5300,339506,-0.651367,0.747437,0.103577,-0.079407,0.9299,14.9700,0
20.5400,339516,-0.651367,0.747437,0.103699,-0.079529,0.9286,14.9903,0
20.5500,339526,-0.651306,0.747437,0.103760,-0.079590,0.9272,14.9999,0
20.5600,339536,-0.651306,0.747498,0.103760,-0.079651,0.9214,15.0052,0
20.5700,339546,-0.651245,0.747498,0.103821,-0.079773,0.9148,15.0195,0
20.5800,339556,-0.651245,0.747498,0.103882,-0.079773,0.9193,15.0249,0
20.5900,339566,-0.651245,0.747498,0.103882,-0.079834,0.9141,15.0296,0
20.6000,339576,-0.651245,0.747437,0.103882,-0.079895,0.9094,15.0336,0
20.6100,339586,-0.651306,0.747375,0.103943,-0.079895,0.9153,15.0389,0
20.6200,339596,-0.651367,0.747314,0.103943,-0.079956,0.9113,15.0434,0
20.6300,339606,-0.651489,0.747253,0.103882,-0.079956,0.9088,15.0384,0
20.6400,339616,-0.651550,0.747192,0.103882,-0.079956,0.9101,15.0382,0
20.6500,339626,-0.651672,0.747070,0.103882,-0.080017,0.9074,15.0426,0
20.6600,339636,-0.651733,0.747009,0.103882,-0.080017,0.9087,15.0424,0
20.6700,339646,-0.651794,0.746948,0.103821,-0.080017,0.9054,15.0368,0
20.6800,339656,-0.651917,0.746887,0.103821,-0.080017,0.9075,15.0372,0
20.6900,339666,-0.651978,0.746826,0.103821,-0.080078,0.9035,15.0417,0
20.7000,339676,-0.652039,0.746765,0.103821,-0.080078,0.9048,15.0416,0
20.7100,339686,-0.652222,0.746582,0.103760,-0.080139,0.8989,15.0404,0
20.7200,339696,-0.652283,0.746521,0.103760,-0.080139,0.9002,15.0402,0
20.7300,339706,-0.652344,0.746460,0.103760,-0.080139,0.9015,15.0401,0
20.7400,339716,-0.652344,0.746460,0.103760,-0.080139,0.9015,15.0401,0
20.7500,339726,-0.652344,0.746460,0.103760,-0.080139,0.9015,15.0401,0
20.7600,339736,-0.652283,0.746521,0.103760,-0.080139,0.9002,15.0402,0
20.7700,339746,-0.652222,0.746582,0.103760,-0.080139,0.8989,15.0404,0
20.7800,339756,-0.652161,0.746643,0.103760,-0.080139,0.8976,15.0405,0
20.7900,339766,-0.652161,0.746643,0.103760,-0.080139,0.8976,15.0405,0
20.8000,339776,-0.652161,0.746643,0.103760,-0.080139,0.8976,15.0405,0
20.8100,339786,-0.652222,0.746643,0.103760,-0.080139,0.8983,15.0411,0
20.8200,339796,-0.652222,0.746582,0.103699,-0.080200,0.8891,15.0396,0
20.8300,339806,-0.652283,0.746582,0.103699,-0.080200,0.8898,15.0402,0
20.8400,339816,-0.652283,0.746582,0.103699,-0.080200,0.8898,15.0402,0
20.8500,339826,-0.652283,0.746582,0.103699,-0.080200,0.8898,15.0402,0
20.8600,339836,-0.652283,0.746582,0.103699,-0.080200,0.8898,15.0402,0
20.8700,339846,-0.652222,0.746582,0.103699,-0.080200,0.8891,15.0396,0
20.8800,339856,-0.652222,0.746582,0.103699,-0.080200,0.8891,15.0396,0
20.8900,339866,-0.652222,0.746582,0.103699,-0.080200,0.8891,15.0396,0
20.9000,339876,-0.652283,0.746521,0.103699,-0.080200,0.8904,15.0395,0
20.9100,339886,-0.652405,0.746460,0.103638,-0.080261,0.8826,15.0392,0
20.9200,339896,-0.652466,0.746399,0.103638,-0.080261,0.8839,15.0390,0
20.9300,339906,-0.652466,0.746338,0.103638,-0.080261,0.8845,15.0383,0
20.9400,339916,-0.652466,0.746338,0.103638,-0.080261,0.8845,15.0383,0
20.9500,339926,-0.652466,0.746338,0.103638,-0.080261,0.8845,15.0383,0
20.9600,339936,-0.652466,0.746399,0.103638,-0.080200,0.8891,15.0343,0
20.9700,339946,-0.652405,0.746460,0.103577,-0.080139,0.8885,15.0243,0
20.9800,339956,-0.652527,0.746399,0.103455,-0.080078,0.8866,15.0092,0
20.9900,339966,-0.652649,0.746277,0.103394,-0.080017,0.8898,14.9988,0
21.0000,339976,-0.652893,0.746094,0.103333,-0.080017,0.8898,14.9934,0
21.0100,339986,-0.653137,0.745850,0.103271,-0.080017,0.8904,14.9874,0
21.0200,339996,-0.653503,0.745605,0.103149,-0.079956,0.8930,14.9723,0
21.0300,340006,-0.653870,0.745300,0.103027,-0.079956,0.8910,14.9612,0
21.0400,340016,-0.654297,0.744934,0.102844,-0.079956,0.8857,14.9446,0
21.0500,340026,-0.654724,0.744568,0.102722,-0.079895,0.8901,14.9287,0
21.0600,340036,-0.655090,0.744263,0.102600,-0.079834,0.8933,14.9130,0
21.0700,340046,-0.655334,0.744141,0.102417,-0.079712,0.8939,14.8881,0
21.0800,340056,-0.655273,0.744202,0.102295,-0.079529,0.8991,14.8633,0
21.0900,340066,-0.655212,0.744324,0.102173,-0.079224,0.9141,14.8298,0
21.1000,340076,-0.655029,0.744507,0.102112,-0.078857,0.9370,14.7966,0
21.1100,340086,-0.654724,0.744812,0.102051,-0.078491,0.9573,14.7637,0
21.1200,340096,-0.654358,0.745178,0.101990,-0.078064,0.9817,14.7263,0
21.1300,340106,-0.653992,0.745605,0.101868,-0.077515,1.0114,14.6749,0
21.1400,340116,-0.653687,0.745972,0.101685,-0.077026,1.0326,14.6226,0
21.1500,340126,-0.653442,0.746216,0.101563,-0.076538,1.0602,14.5749,0
21.1600,340136,-0.653564,0.746155,0.101440,-0.076172,1.0843,14.5362,0
21.1700,340146,-0.654053,0.745789,0.101440,-0.075928,1.1141,14.5174,0
21.1800,340156,-0.654602,0.745239,0.101563,-0.075867,1.1396,14.5220,0
21.1900,340166,-0.655151,0.744751,0.101624,-0.075989,1.1444,14.5359,0
21.2000,340176,-0.655640,0.744324,0.101624,-0.076111,1.1434,14.5446,0
21.2100,340186,-0.656006,0.744019,0.101624,-0.076111,1.1503,14.5443,0
21.2200,340196,-0.656189,0.743835,0.101624,-0.075989,1.1645,14.5343,0
21.2300,340206,-0.656250,0.743835,0.101624,-0.075806,1.1808,14.5207,0
21.2400,340216,-0.655945,0.744141,0.101563,-0.075195,1.2220,14.4691,0
21.2500,340226,-0.655762,0.744324,0.101563,-0.074890,1.2444,14.4462,0
21.2600,340236,-0.655701,0.744446,0.101501,-0.074585,1.2641,14.4181,0
21.2700,340246,-0.655640,0.744507,0.101501,-0.074402,1.2785,14.4042,0
21.2800,340256,-0.655762,0.744446,0.101501,-0.074219,1.2960,14.3904,0
21.2900,340266,-0.655945,0.744263,0.101440,-0.074219,1.2951,14.3845,0
21.3000,340276,-0.656311,0.743958,0.101379,-0.074280,1.2922,14.3833,0
21.3100,340286,-0.656616,0.743652,0.101379,-0.074341,1.2931,14.3871,0
21.3200,340296,-0.656982,0.743347,0.101318,-0.074402,1.2902,14.3860,0
21.3300,340306,-0.657227,0.743103,0.101257,-0.074524,1.2801,14.3893,0
21.3400,340316,-0.657471,0.742920,0.101257,-0.074707,1.2689,14.4035,0
21.3500,340326,-0.657532,0.742859,0.101257,-0.074829,1.2597,14.4127,0
21.3600,340336,-0.657471,0.742859,0.101318,-0.075012,1.2480,14.4317,0
21.3700,340346,-0.657349,0.742920,0.101379,-0.075134,1.2403,14.4462,0
21.3800,340356,-0.657166,0.743103,0.101501,-0.075256,1.2354,14.4670,0
21.3900,340366,-0.656860,0.743286,0.101685,-0.075317,1.2389,14.4874,0
21.4000,340376,-0.656494,0.743591,0.101746,-0.075317,1.2365,14.4931,0
21.4100,340386,-0.656189,0.743896,0.101868,-0.075378,1.2343,14.5095,0
21.4200,340396,-0.655884,0.744141,0.101868,-0.075317,1.2339,14.5050,0
21.4300,340406,-0.655640,0.744385,0.101929,-0.075256,1.2387,14.5064,0
21.4400,340416,-0.655396,0.744568,0.101868,-0.075317,1.2245,14.5058,0
21.4500,340426,-0.655273,0.744690,0.101807,-0.075317,1.2174,14.5007,0
21.4600,340436,-0.655212,0.744751,0.101746,-0.075317,1.2116,14.4955,0
21.4700,340446,-0.655212,0.744812,0.101685,-0.075378,1.2013,14.4955,0
21.4800,340456,-0.655273,0.744751,0.101685,-0.075378,1.2025,14.4953,0
21.4900,340466,-0.655334,0.744629,0.101685,-0.075439,1.1991,14.4992,0
21.5000,340476,-0.655396,0.744568,0.101685,-0.075439,1.2003,14.4990,0
21.5100,340486,-0.655334,0.744629,0.101929,-0.075623,1.2018,14.5349,0
21.5200,340496,-0.655212,0.744690,0.102112,-0.075623,1.2136,14.5507,0
21.5300,340506,-0.655029,0.744812,0.102295,-0.075623,1.2241,14.5668,0
21.5400,340516,-0.654846,0.744995,0.102478,-0.075623,1.2341,14.5835,0
21.5500,340526,-0.654663,0.745056,0.102661,-0.075684,1.2400,14.6036,0
21.5600,340536,-0.654602,0.745117,0.102783,-0.075806,1.2375,14.6240,0
21.5700,340546,-0.654602,0.745117,0.102905,-0.075928,1.2362,14.6442,0
21.5800,340556,-0.654663,0.744995,0.103027,-0.076111,1.2315,14.6683,0
21.5900,340566,-0.654785,0.744873,0.103088,-0.076355,1.2177,14.6921,0
21.6000,340576,-0.654907,0.744690,0.103149,-0.076599,1.2045,14.7153,0
21.6100,340586,-0.655151,0.744446,0.103210,-0.076904,1.1881,14.7435,0
21.6200,340596,-0.655334,0.744263,0.103210,-0.077209,1.1658,14.7665,0
21.6300,340606,-0.655457,0.744141,0.103210,-0.077454,1.1475,14.7850,0
21.6400,340616,-0.655518,0.744019,0.103271,-0.077759,1.1279,14.8131,0
21.6500,340626,-0.655579,0.743958,0.103271,-0.078003,1.1084,14.8317,0
21.6600,340636,-0.655518,0.743958,0.103271,-0.078247,1.0868,14.8501,0
21.6700,340646,-0.655396,0.744019,0.103333,-0.078430,1.0738,14.8692,0
21.6800,340656,-0.655212,0.744202,0.103333,-0.078613,1.0544,14.8839,0
21.6900,340666,-0.654968,0.744385,0.103394,-0.078796,1.0388,14.9034,0
21.7000,340676,-0.654724,0.744629,0.103394,-0.078918,1.0233,14.9135,0
21.7100,340686,-0.654541,0.744751,0.103394,-0.079102,1.0044,14.9274,0
21.7200,340696,-0.654419,0.744873,0.103333,-0.079285,0.9816,14.9364,0
21.7300,340706,-0.654297,0.744934,0.103333,-0.079468,0.9640,14.9502,0
21.7400,340716,-0.654236,0.744934,0.103333,-0.079712,0.9424,14.9685,0
21.7500,340726,-0.654175,0.744934,0.103394,-0.079956,0.9254,14.9922,0
21.7600,340736,-0.654114,0.744995,0.103394,-0.080200,0.9033,15.0112,0
21.7700,340746,-0.653992,0.745056,0.103455,-0.080444,0.8850,15.0350,0
21.7800,340756,-0.653809,0.745178,0.103577,-0.080872,0.8544,15.0786,0
21.7900,340766,-0.653687,0.745239,0.103699,-0.081055,0.8459,15.1032,0
21.8000,340776,-0.653564,0.745361,0.103760,-0.081177,0.8374,15.1183,0
21.8100,340786,-0.653381,0.745422,0.103760,-0.081299,0.8243,15.1268,0
21.8200,340796,-0.653259,0.745544,0.103821,-0.081421,0.8158,15.1419,0
21.8300,340806,-0.653259,0.745544,0.103821,-0.081604,0.8002,15.1560,0
21.8400,340816,-0.653198,0.745544,0.103821,-0.081726,0.7890,15.1649,0
21.8500,340826,-0.653198,0.745544,0.103882,-0.081909,0.7779,15.1844,0
21.8600,340836,-0.653198,0.745483,0.103882,-0.082092,0.7629,15.1979,0
21.8700,340846,-0.653259,0.745483,0.103943,-0.082275,0.7525,15.2180,0
21.8800,340856,-0.653198,0.745483,0.104004,-0.082397,0.7459,15.2322,0
21.8900,340866,-0.653198,0.745483,0.104065,-0.082458,0.7453,15.2424,0
21.9000,340876,-0.653198,0.745483,0.104065,-0.082458,0.7453,15.2424,0
21.9100,340886,-0.653198,0.745483,0.104065,-0.082458,0.7453,15.2424,0
21.9200,340896,-0.653198,0.745483,0.104065,-0.082458,0.7453,15.2424,0
21.9300,340906,-0.653137,0.745483,0.104065,-0.082520,0.7393,15.2465,0
21.9400,340916,-0.653137,0.745483,0.104126,-0.082581,0.7387,15.2566,0
21.9500,340926,-0.653137,0.745483,0.104126,-0.082581,0.7387,15.2566,0
21.9600,340936,-0.653137,0.745483,0.104126,-0.082581,0.7387,15.2566,0
21.9700,340946,-0.653198,0.745422,0.104126,-0.082581,0.7400,15.2565,0
21.9800,340956,-0.653198,0.745422,0.104126,-0.082581,0.7400,15.2565,0
21.9900,340966,-0.653198,0.745422,0.104126,-0.082642,0.7348,15.2612,0
22.0000,340976,-0.653259,0.745361,0.104187,-0.082703,0.7354,15.2712,0
22.0100,340986,-0.653442,0.745178,0.104248,-0.082825,0.7335,15.2856,0
22.0200,340996,-0.653564,0.745056,0.104248,-0.082886,0.7309,15.2900,0
22.0300,341006,-0.653503,0.745117,0.104248,-0.082886,0.7296,15.2902,0
22.0400,341016,-0.653564,0.745056,0.104187,-0.082947,0.7211,15.2893,0
22.0500,341026,-0.653625,0.744995,0.104187,-0.082947,0.7224,15.2892,0
22.0600,341036,-0.653687,0.744934,0.104187,-0.082947,0.7238,15.2890,0
22.0700,341046,-0.653809,0.744873,0.104187,-0.082947,0.7258,15.2895,0
22.0800,341056,-0.653809,0.744812,0.104187,-0.083008,0.7212,15.2935,0
22.0900,341066,-0.653870,0.744751,0.104126,-0.083008,0.7179,15.2879,0
22.1000,341076,-0.653931,0.744751,0.104126,-0.083008,0.7186,15.2885,0
22.1100,341086,-0.653992,0.744690,0.104126,-0.083008,0.7199,15.2883,0
22.1200,341096,-0.654053,0.744629,0.104126,-0.083008,0.7212,15.2882,0
22.1300,341106,-0.654053,0.744629,0.104126,-0.083069,0.7160,15.2929,0
22.1400,341116,-0.654053,0.744629,0.104126,-0.083069,0.7160,15.2929,0
22.1500,341126,-0.654053,0.744629,0.104126,-0.083069,0.7160,15.2929,0
22.1600,341136,-0.654053,0.744629,0.104126,-0.083069,0.7160,15.2929,0
22.1700,341146,-0.653992,0.744690,0.104126,-0.083069,0.7147,15.2931,0
22.1800,341156,-0.653870,0.744751,0.104126,-0.083069,0.7127,15.2926,0
22.1900,341166,-0.653870,0.744751,0.104126,-0.083069,0.7127,15.2926,0
22.2000,341176,-0.653870,0.744751,0.104126,-0.083069,0.7127,15.2926,0
22.2100,341186,-0.653870,0.744812,0.104065,-0.083069,0.7075,15.2879,0
22.2200,341196,-0.653931,0.744751,0.104065,-0.083069,0.7088,15.2878,0
22.2300,341206,-0.653992,0.744690,0.104065,-0.083130,0.7049,15.2924,0
22.2400,341216,-0.654053,0.744629,0.104065,-0.083130,0.7063,15.2922,0
22.2500,341226,-0.654114,0.744568,0.104004,-0.083191,0.6978,15.2914,0
22.2600,341236,-0.654175,0.744507,0.104065,-0.083252,0.6985,15.3014,0
22.2700,341246,-0.654236,0.744446,0.104187,-0.083252,0.7089,15.3121,0
22.2800,341256,-0.654114,0.744568,0.104309,-0.083191,0.7207,15.3184,0
22.2900,341266,-0.653931,0.744690,0.104370,-0.083130,0.7271,15.3189,0
22.3000,341276,-0.653931,0.744690,0.104431,-0.083069,0.7369,15.3195,0
22.3100,341286,-0.653931,0.744690,0.104492,-0.083069,0.7414,15.3250,0
22.3200,341296,-0.653931,0.744690,0.104553,-0.083008,0.7512,15.3256,0
22.3300,341306,-0.653931,0.744690,0.104614,-0.082947,0.7610,15.3263,0
22.3400,341316,-0.653992,0.744629,0.104614,-0.082947,0.7623,15.3262,0
22.3500,341326,-0.654114,0.744507,0.104675,-0.082886,0.7747,15.3266,0
22.3600,341336,-0.654236,0.744385,0.104736,-0.082886,0.7819,15.3317,0
22.3700,341346,-0.654358,0.744324,0.104736,-0.082825,0.7892,15.3274,0
22.3800,341356,-0.654419,0.744202,0.104797,-0.082825,0.7956,15.3320,0
22.3900,341366,-0.654541,0.744141,0.104858,-0.082764,0.8075,15.3330,0
22.4000,341376,-0.654602,0.744019,0.104919,-0.082764,0.8139,15.3376,0
22.4100,341386,-0.654724,0.743958,0.104980,-0.082886,0.8102,15.3529,0
22.4200,341396,-0.654846,0.743774,0.105042,-0.083008,0.8075,15.3667,0
22.4300,341406,-0.654968,0.743652,0.105103,-0.083130,0.8044,15.3813,0
22.4400,341416,-0.655029,0.743591,0.105164,-0.083252,0.7999,15.3960,0
22.4500,341426,-0.655090,0.743530,0.105164,-0.083435,0.7856,15.4100,0
22.4600,341436,-0.655151,0.743469,0.105225,-0.083618,0.7759,15.4295,0
22.4700,341446,-0.655273,0.743286,0.105225,-0.083801,0.7635,15.4426,0
22.4800,341456,-0.655273,0.743286,0.105164,-0.083923,0.7485,15.4467,0
22.4900,341466,-0.655212,0.743347,0.105164,-0.083984,0.7420,15.4516,0
22.5000,341476,-0.655151,0.743408,0.105164,-0.084106,0.7303,15.4612,0
22.5100,341486,-0.655029,0.743530,0.105103,-0.084106,0.7230,15.4561,0
22.5200,341496,-0.654907,0.743591,0.105103,-0.084106,0.7210,15.4556,0
22.5300,341506,-0.654785,0.743713,0.105103,-0.084106,0.7183,15.4559,0
22.5400,341516,-0.654663,0.743835,0.105103,-0.084106,0.7157,15.4562,0
22.5500,341526,-0.654541,0.743958,0.105164,-0.084106,0.7176,15.4619,0
22.5600,341536,-0.654480,0.743958,0.105164,-0.084045,0.7221,15.4566,0
22.5700,341546,-0.654480,0.743958,0.105286,-0.084229,0.7156,15.4816,0
22.5800,341556,-0.654480,0.743958,0.105286,-0.084290,0.7104,15.4863,0
22.5900,341566,-0.654480,0.743958,0.105347,-0.084351,0.7098,15.4964,0
22.6000,341576,-0.654480,0.743958,0.105347,-0.084351,0.7098,15.4964,0
22.6100,341586,-0.654480,0.743958,0.105408,-0.084290,0.7196,15.4971,0
22.6200,341596,-0.654480,0.743958,0.105469,-0.084229,0.7294,15.4978,0
22.6300,341606,-0.654480,0.743958,0.105530,-0.084167,0.7391,15.4985,0
22.6400,341616,-0.654480,0.743958,0.105591,-0.084106,0.7489,15.4992,0
22.6500,341626,-0.654480,0.743896,0.105713,-0.084045,0.7639,15.5046,0
22.6600,341636,-0.654480,0.743896,0.105774,-0.083923,0.7789,15.5005,0
22.6700,341646,-0.654541,0.743896,0.105896,-0.083862,0.7940,15.5072,0
22.6800,341656,-0.654602,0.743774,0.105957,-0.083801,0.8057,15.5070,0
22.6900,341666,-0.654724,0.743713,0.106018,-0.083679,0.8227,15.5034,0
22.7000,341676,-0.654785,0.743652,0.106018,-0.083557,0.8344,15.4938,0
22.7100,341686,-0.654846,0.743652,0.106018,-0.083374,0.8508,15.4802,0
22.7200,341696,-0.654724,0.743774,0.106018,-0.083130,0.8689,15.4616,0
22.7300,341706,-0.654663,0.743896,0.105957,-0.082886,0.8833,15.4381,0
22.7400,341716,-0.654541,0.744019,0.105896,-0.082642,0.8969,15.4141,0
22.7500,341726,-0.654419,0.744202,0.105835,-0.082336,0.9151,15.3862,0
22.7600,341736,-0.654114,0.744446,0.105652,-0.082092,0.9162,15.3511,0
22.7700,341746,-0.653992,0.744690,0.105408,-0.081787,0.9202,15.3076,0
22.7800,341756,-0.653870,0.744812,0.105103,-0.081421,0.9260,15.2526,0
22.7900,341766,-0.653870,0.744934,0.104797,-0.081055,0.9332,15.1987,0
22.8000,341776,-0.653809,0.745056,0.104492,-0.080688,0.9397,15.1442,0
22.8100,341786,-0.653870,0.745056,0.104187,-0.080322,0.9489,15.0895,0
22.8200,341796,-0.653992,0.744995,0.103882,-0.080017,0.9541,15.0392,0
22.8300,341806,-0.654236,0.744934,0.103577,-0.079773,0.9555,14.9948,0
22.8400,341816,-0.654785,0.744507,0.103088,-0.079407,0.9605,14.9233,0
22.8500,341826,-0.655090,0.744324,0.102844,-0.079224,0.9631,14.8881,0
22.8600,341836,-0.655273,0.744202,0.102600,-0.078979,0.9689,14.8479,0
22.8700,341846,-0.655396,0.744202,0.102295,-0.078674,0.9734,14.7984,0
22.8800,341856,-0.655518,0.744202,0.101990,-0.078247,0.9883,14.7394,0
22.8900,341866,-0.655701,0.744080,0.101746,-0.077881,1.0045,14.6898,0
22.9000,341876,-0.655945,0.743958,0.101440,-0.077637,1.0063,14.6447,0
22.9100,341886,-0.656189,0.743713,0.101257,-0.077454,1.0131,14.6137,0
22.9200,341896,-0.656494,0.743530,0.101135,-0.077393,1.0143,14.5988,0
22.9300,341906,-0.656677,0.743347,0.101074,-0.077393,1.0135,14.5929,0
22.9400,341916,-0.656738,0.743286,0.101074,-0.077271,1.0251,14.5833,0
22.9500,341926,-0.656799,0.743286,0.101135,-0.077148,1.0408,14.5798,0
22.9600,341936,-0.656738,0.743286,0.101135,-0.077087,1.0453,14.5746,0
22.9700,341946,-0.656738,0.743347,0.101196,-0.076965,1.0597,14.5712,0
22.9800,341956,-0.656677,0.743347,0.101257,-0.076904,1.0688,14.5713,0
22.9900,341966,-0.656616,0.743408,0.101318,-0.076843,1.0774,14.5722,0
23.0000,341976,-0.656555,0.743469,0.101379,-0.076782,1.0859,14.5730,0
23.0100,341986,-0.656494,0.743530,0.101440,-0.076843,1.0841,14.5833,0
23.0200,341996,-0.656494,0.743469,0.101501,-0.076904,1.0840,14.5927,0
23.0300,342006,-0.656555,0.743469,0.101563,-0.076965,1.0841,14.6033,0
23.0400,342016,-0.656555,0.743408,0.101563,-0.077148,1.0690,14.6168,0
23.0500,342026,-0.656616,0.743347,0.101501,-0.077332,1.0501,14.6254,0
23.0600,342036,-0.656677,0.743286,0.101440,-0.077515,1.0312,14.6340,0
23.0700,342046,-0.656738,0.743225,0.101440,-0.077759,1.0116,14.6527,0
23.0800,342056,-0.656738,0.743225,0.101379,-0.077881,0.9966,14.6568,0
23.0900,342066,-0.656616,0.743286,0.101379,-0.078003,0.9843,14.6658,0
23.1000,342076,-0.656189,0.743713,0.101440,-0.078003,0.9801,14.6723,0
23.1100,342086,-0.655884,0.743958,0.101440,-0.077942,0.9795,14.6677,0
23.1200,342096,-0.655640,0.744202,0.101501,-0.077881,0.9843,14.6691,0
23.1300,342106,-0.655396,0.744324,0.101624,-0.077881,0.9896,14.6791,0
23.1400,342116,-0.655273,0.744446,0.101807,-0.077881,1.0008,14.6956,0
23.1500,342126,-0.655151,0.744568,0.101929,-0.077942,1.0022,14.7115,0
23.1600,342136,-0.655029,0.744629,0.102051,-0.078064,0.9990,14.7313,0
23.1700,342146,-0.654907,0.744690,0.102173,-0.078186,0.9958,14.7512,0
23.1800,342156,-0.654785,0.744751,0.102234,-0.078247,0.9932,14.7609,0
23.1900,342166,-0.654724,0.744812,0.102295,-0.078247,0.9965,14.7665,0
23.2000,342176,-0.654663,0.744873,0.102356,-0.078186,1.0050,14.7673,0
23.2100,342186,-0.654602,0.744873,0.102356,-0.078186,1.0043,14.7668,0
23.2200,342196,-0.654602,0.744934,0.102356,-0.078186,1.0038,14.7675,0
23.2300,342206,-0.654663,0.744873,0.102356,-0.078247,0.9998,14.7720,0
23.2400,342216,-0.654724,0.744812,0.102417,-0.078308,1.0004,14.7820,0
23.2500,342226,-0.654846,0.744690,0.102417,-0.078369,0.9978,14.7864,0
23.2600,342236,-0.654907,0.744568,0.102478,-0.078430,0.9989,14.7956,0
23.2700,342246,-0.655029,0.744446,0.102478,-0.078552,0.9911,14.8047,0
23.2800,342256,-0.655151,0.744385,0.102539,-0.078613,0.9924,14.8152,0
23.2900,342266,-0.655212,0.744324,0.102600,-0.078735,0.9879,14.8299,0
23.3000,342276,-0.655212,0.744263,0.102600,-0.078796,0.9832,14.8339,0
23.3100,342286,-0.655151,0.744324,0.102600,-0.078796,0.9819,14.8341,0
23.3200,342296,-0.654968,0.744446,0.102661,-0.078796,0.9833,14.8392,0
23.3300,342306,-0.654785,0.744629,0.102661,-0.078796,0.9795,14.8397,0
23.3400,342316,-0.654602,0.744812,0.102661,-0.078796,0.9756,14.8402,0
23.3500,342326,-0.654480,0.744934,0.102600,-0.078918,0.9581,14.8445,0
23.3600,342336,-0.654419,0.744934,0.102600,-0.079041,0.9470,14.8534,0
23.3700,342346,-0.654358,0.744995,0.102539,-0.079285,0.9203,14.8670,0
23.3800,342356,-0.654358,0.744995,0.102539,-0.079468,0.9046,14.8811,0
23.3900,342366,-0.654358,0.744995,0.102539,-0.079590,0.8942,14.8906,0
23.4000,342376,-0.654297,0.745056,0.102478,-0.079590,0.8884,14.8853,0
23.4100,342386,-0.654175,0.745117,0.102417,-0.079651,0.8766,14.8842,0
23.4200,342396,-0.654053,0.745239,0.102356,-0.079651,0.8695,14.8791,0
23.4300,342406,-0.653870,0.745422,0.102417,-0.079651,0.8702,14.8850,0
23.4400,342416,-0.653687,0.745544,0.102417,-0.079590,0.8722,14.8801,0
23.4500,342426,-0.653564,0.745667,0.102417,-0.079590,0.8696,14.8804,0
23.4600,342436,-0.653442,0.745789,0.102478,-0.079651,0.8664,14.8908,0
23.4700,342446,-0.653442,0.745728,0.102539,-0.079712,0.8663,14.9002,0
23.4800,342456,-0.653442,0.745728,0.102600,-0.079834,0.8605,14.9150,0
23.4900,342466,-0.653381,0.745728,0.102661,-0.079895,0.8591,14.9246,0
23.5000,342476,-0.653381,0.745728,0.102661,-0.080017,0.8487,14.9340,0
23.5100,342486,-0.653381,0.745728,0.102722,-0.080078,0.8480,14.9441,0
23.5200,342496,-0.653381,0.745728,0.102722,-0.080078,0.8480,14.9441,0
23.5300,342506,-0.653381,0.745728,0.102722,-0.080078,0.8480,14.9441,0
23.5400,342516,-0.653381,0.745728,0.102722,-0.080078,0.8480,14.9441,0
23.5500,342526,-0.653381,0.745728,0.102722,-0.080078,0.8480,14.9441,0
23.5600,342536,-0.653381,0.745728,0.102722,-0.080078,0.8480,14.9441,0
23.5700,342546,-0.653320,0.745789,0.102722,-0.080017,0.8520,14.9396,0
23.5800,342556,-0.653198,0.745911,0.102722,-0.080017,0.8494,14.9399,0
23.5900,342566,-0.653076,0.745972,0.102722,-0.080017,0.8474,14.9395,0
23.6000,342576,-0.652954,0.746094,0.102783,-0.080017,0.8494,14.9452,0
23.6100,342586,-0.652832,0.746155,0.102844,-0.080078,0.8468,14.9549,0
23.6200,342596,-0.652771,0.746277,0.102905,-0.080139,0.8443,14.9659,0
23.6300,342606,-0.652710,0.746277,0.102966,-0.080200,0.8429,14.9755,0
23.6400,342616,-0.652649,0.746277,0.103149,-0.080322,0.8455,15.0006,0
23.6500,342626,-0.652649,0.746277,0.103210,-0.080444,0.8396,15.0154,0
23.6600,342636,-0.652649,0.746277,0.103271,-0.080505,0.8389,15.0255,0
23.6700,342646,-0.652649,0.746277,0.103333,-0.080627,0.8330,15.0403,0
23.6800,342656,-0.652649,0.746216,0.103394,-0.080688,0.8330,15.0498,0
23.6900,342666,-0.652588,0.746216,0.103455,-0.080750,0.8316,15.0593,0
23.7000,342676,-0.652588,0.746277,0.103516,-0.080750,0.8356,15.0654,0
23.7100,342686,-0.652527,0.746277,0.103638,-0.080811,0.8388,15.0804,0
23.7200,342696,-0.652466,0.746338,0.103699,-0.080811,0.8420,15.0860,0
23.7300,342706,-0.652405,0.746399,0.103821,-0.080750,0.8551,15.0923,0
23.7400,342716,-0.652344,0.746399,0.103943,-0.080750,0.8635,15.1026,0
23.7500,342726,-0.652344,0.746399,0.104004,-0.080811,0.8628,15.1127,0
23.7600,342736,-0.652344,0.746399,0.104126,-0.080872,0.8667,15.1283,0
23.7700,342746,-0.652344,0.746338,0.104187,-0.080994,0.8614,15.1424,0
23.7800,342756,-0.652344,0.746277,0.104309,-0.081116,0.8607,15.1619,0
23.7900,342766,-0.652405,0.746216,0.104370,-0.081238,0.8561,15.1766,0
23.8000,342776,-0.652405,0.746216,0.104492,-0.081299,0.8600,15.1921,0
23.8100,342786,-0.652405,0.746216,0.104492,-0.081360,0.8548,15.1968,0
23.8200,342796,-0.652405,0.746216,0.104492,-0.081360,0.8548,15.1968,0
23.8300,342806,-0.652405,0.746216,0.104614,-0.081360,0.8639,15.2077,0
23.8400,342816,-0.652283,0.746277,0.104675,-0.081299,0.8717,15.2080,0
23.8500,342826,-0.652161,0.746399,0.104736,-0.081238,0.8788,15.2090,0
23.8600,342836,-0.652039,0.746521,0.104797,-0.081177,0.8860,15.2101,0
23.8700,342846,-0.651978,0.746582,0.104858,-0.081238,0.8841,15.2204,0
23.8800,342856,-0.651917,0.746582,0.104919,-0.081299,0.8827,15.2299,0
23.8900,342866,-0.651917,0.746582,0.104980,-0.081421,0.8768,15.2448,0
23.9000,342876,-0.651855,0.746582,0.105164,-0.081604,0.8741,15.2746,0
23.9100,342886,-0.651855,0.746521,0.105286,-0.081665,0.8785,15.2894,0
23.9200,342896,-0.651855,0.746521,0.105347,-0.081787,0.8727,15.3042,0
23.9300,342906,-0.651794,0.746582,0.105469,-0.081909,0.8700,15.3247,0
23.9400,342916,-0.651733,0.746582,0.105591,-0.081909,0.8784,15.3350,0
23.9500,342926,-0.651672,0.746643,0.105713,-0.081970,0.8810,15.3507,0
23.9600,342936,-0.651550,0.746704,0.105835,-0.081970,0.8880,15.3611,0
23.9700,342946,-0.651550,0.746643,0.105957,-0.081970,0.8977,15.3713,0
23.9800,342956,-0.651611,0.746643,0.106079,-0.081970,0.9076,15.3827,0
23.9900,342966,-0.651672,0.746582,0.106018,-0.082031,0.8991,15.3818,0
24.0000,342976,-0.651672,0.746521,0.106018,-0.082031,0.8997,15.3811,0
24.0100,342986,-0.651672,0.746521,0.106018,-0.082031,0.8997,15.3811,0
24.0200,342996,-0.651672,0.746521,0.106018,-0.082031,0.8997,15.3811,0
24.0300,343006,-0.651611,0.746582,0.106079,-0.081970,0.9082,15.3820,0
24.0400,343016,-0.651611,0.746643,0.106079,-0.081848,0.9180,15.3733,0
24.0500,343026,-0.651550,0.746704,0.106140,-0.081848,0.9213,15.3789,0
24.0600,343036,-0.651489,0.746704,0.106201,-0.081787,0.9303,15.3791,0
24.0700,343046,-0.651489,0.746704,0.106201,-0.081787,0.9303,15.3791,0
24.0800,343056,-0.651550,0.746643,0.106201,-0.081787,0.9316,15.3789,0
24.0900,343066,-0.651611,0.746582,0.106262,-0.081787,0.9375,15.3842,0
24.1000,343076,-0.651672,0.746521,0.106323,-0.081848,0.9382,15.3941,0
24.1100,343086,-0.651672,0.746521,0.106384,-0.081909,0.9375,15.4043,0
24.1200,343096,-0.651672,0.746521,0.106384,-0.081909,0.9375,15.4043,0
24.1300,343106,-0.651672,0.746521,0.106384,-0.081909,0.9375,15.4043,0
24.1400,343116,-0.651672,0.746521,0.106384,-0.081909,0.9375,15.4043,0
24.1500,343126,-0.651672,0.746521,0.106384,-0.081909,0.9375,15.4043,0
24.1600,343136,-0.651611,0.746582,0.106323,-0.081848,0.9368,15.3943,0
24.1700,343146,-0.651550,0.746704,0.106201,-0.081726,0.9363,15.3749,0
24.1800,343156,-0.651489,0.746765,0.106140,-0.081604,0.9409,15.3603,0
24.1900,343166,-0.651489,0.746765,0.106079,-0.081482,0.9467,15.3454,0
24.2000,343176,-0.651489,0.746826,0.105957,-0.081421,0.9423,15.3306,0
24.2100,343186,-0.651489,0.746826,0.105896,-0.081299,0.9482,15.3158,0
24.2200,343196,-0.651611,0.746765,0.105835,-0.081238,0.9509,15.3060,0
24.2300,343206,-0.651733,0.746643,0.105835,-0.081299,0.9483,15.3104,0
24.2400,343216,-0.651794,0.746582,0.105835,-0.081299,0.9496,15.3102,0
24.2500,343226,-0.651794,0.746582,0.105835,-0.081299,0.9496,15.3102,0
24.2600,343236,-0.651733,0.746643,0.105713,-0.081299,0.9392,15.2995,0
24.2700,343246,-0.651611,0.746765,0.105591,-0.081238,0.9327,15.2843,0
24.2800,343256,-0.651489,0.746887,0.105469,-0.081116,0.9314,15.2644,0
24.2900,343266,-0.651428,0.747009,0.105286,-0.081055,0.9211,15.2443,0
24.3000,343276,-0.651367,0.747070,0.105164,-0.081055,0.9106,15.2336,0
24.3100,343286,-0.651367,0.747070,0.104980,-0.080994,0.9022,15.2126,0
24.3200,343296,-0.651367,0.747070,0.104858,-0.080933,0.8983,15.1971,0
24.3300,343306,-0.651428,0.747070,0.104675,-0.080933,0.8854,15.1813,0
24.3400,343316,-0.651550,0.747009,0.104553,-0.080872,0.8835,15.1662,0
24.3500,343326,-0.651611,0.746948,0.104492,-0.080811,0.8855,15.1559,0
24.3600,343336,-0.651672,0.746948,0.104431,-0.080750,0.8869,15.1463,0
24.3700,343346,-0.651672,0.746948,0.104431,-0.080750,0.8869,15.1463,0
24.3800,343356,-0.651611,0.747009,0.104431,-0.080688,0.8908,15.1418,0
24.3900,343366,-0.651489,0.747070,0.104370,-0.080627,0.8895,15.1313,0
24.4000,343376,-0.651367,0.747253,0.104309,-0.080566,0.8870,15.1222,0
24.4100,343386,-0.651245,0.747375,0.104309,-0.080444,0.8948,15.1131,0
24.4200,343396,-0.651123,0.747498,0.104248,-0.080383,0.8929,15.1033,0
24.4300,343406,-0.651062,0.747559,0.104187,-0.080322,0.8923,15.0934,0
24.4400,343416,-0.651123,0.747498,0.104187,-0.080322,0.8936,15.0932,0
24.4500,343426,-0.651184,0.747437,0.104187,-0.080322,0.8949,15.0930,0
24.4600,343436,-0.651245,0.747375,0.104126,-0.080261,0.8969,15.0828,0
24.4700,343446,-0.651367,0.747314,0.104065,-0.080200,0.8995,15.0730,0
24.4800,343456,-0.651428,0.747253,0.104004,-0.080200,0.8963,15.0674,0
24.4900,343466,-0.651428,0.747253,0.104004,-0.080078,0.9067,15.0581,0
24.5000,343476,-0.651428,0.747253,0.104065,-0.080017,0.9165,15.0588,0
24.5100,343486,-0.651367,0.747314,0.104065,-0.079956,0.9205,15.0543,0
24.5200,343496,-0.651306,0.747375,0.104126,-0.079895,0.9290,15.0552,0
24.5300,343506,-0.651245,0.747437,0.104187,-0.079834,0.9375,15.0561,0
24.5400,343516,-0.651123,0.747559,0.104248,-0.079773,0.9447,15.0571,0
24.5500,343526,-0.651001,0.747620,0.104309,-0.079712,0.9524,15.0575,0
24.5600,343536,-0.651001,0.747681,0.104309,-0.079712,0.9519,15.0582,0
24.5700,343546,-0.651001,0.747681,0.104309,-0.079773,0.9466,15.0629,0
24.5800,343556,-0.650940,0.747620,0.104370,-0.079834,0.9458,15.0718,0
24.5900,343566,-0.650940,0.747620,0.104431,-0.079895,0.9451,15.0819,0
24.6000,343576,-0.650879,0.747681,0.104431,-0.079834,0.9491,15.0774,0
24.6100,343586,-0.650818,0.747803,0.104431,-0.079834,0.9472,15.0782,0
24.6200,343596,-0.650696,0.747864,0.104431,-0.079834,0.9452,15.0779,0
24.6300,343606,-0.650574,0.747986,0.104431,-0.079834,0.9426,15.0782,0
24.6400,343616,-0.650513,0.748047,0.104370,-0.079895,0.9315,15.0776,0
24.6500,343626,-0.650452,0.748108,0.104309,-0.079956,0.9205,15.0770,0
24.6600,343636,-0.650391,0.748108,0.104248,-0.080078,0.9047,15.0804,0
24.6700,343646,-0.650391,0.748108,0.104248,-0.080200,0.8943,15.0898,0
24.6800,343656,-0.650391,0.748108,0.104187,-0.080322,0.8792,15.0937,0
24.6900,343666,-0.650391,0.748169,0.104126,-0.080383,0.8689,15.0937,0
24.7000,343676,-0.650391,0.748169,0.104065,-0.080444,0.8591,15.0929,0
24.7100,343686,-0.650391,0.748108,0.104065,-0.080444,0.8597,15.0922,0
24.7200,343696,-0.650391,0.748108,0.104065,-0.080444,0.8597,15.0922,0
24.7300,343706,-0.650269,0.748291,0.103943,-0.080444,0.8474,15.0824,0
24.7400,343716,-0.650085,0.748413,0.103821,-0.080383,0.8403,15.0666,0
24.7500,343726,-0.650024,0.748535,0.103577,-0.080322,0.8255,15.0411,0
24.7600,343736,-0.650085,0.748474,0.103394,-0.080322,0.8131,15.0246,0
24.7700,343746,-0.650146,0.748474,0.103149,-0.080322,0.7956,15.0034,0
24.7800,343756,-0.650269,0.748413,0.102905,-0.080383,0.7742,14.9868,0
24.7900,343766,-0.650391,0.748352,0.102722,-0.080444,0.7573,14.9756,0
24.8000,343776,-0.650391,0.748352,0.102539,-0.080444,0.7437,14.9593,0
24.8100,343786,-0.650391,0.748352,0.102417,-0.080444,0.7346,14.9484,0
24.8200,343796,-0.650330,0.748413,0.102356,-0.080383,0.7340,14.9385,0
24.8300,343806,-0.650452,0.748291,0.102295,-0.080505,0.7215,14.9421,0
24.8400,343816,-0.650757,0.747986,0.102356,-0.080688,0.7168,14.9609,0
24.8500,343826,-0.651062,0.747681,0.102600,-0.080994,0.7153,15.0053,0
24.8600,343836,-0.651245,0.747437,0.102905,-0.081299,0.7163,15.0547,0
24.8700,343846,-0.651306,0.747314,0.103333,-0.081604,0.7239,15.1153,0
24.8800,343856,-0.651245,0.747314,0.103760,-0.081848,0.7342,15.1715,0
24.8900,343866,-0.651062,0.747314,0.104126,-0.082031,0.7436,15.2165,0
24.9000,343876,-0.650879,0.747437,0.104370,-0.082214,0.7428,15.2521,0
24.9100,343886,-0.650635,0.747620,0.104553,-0.082397,0.7362,15.2823,0
24.9200,343896,-0.650330,0.747864,0.104736,-0.082520,0.7334,15.3080,0
24.9300,343906,-0.650024,0.748108,0.104858,-0.082581,0.7313,15.3236,0
24.9400,343916,-0.649780,0.748291,0.104919,-0.082581,0.7311,15.3290,0
24.9500,343926,-0.649536,0.748474,0.105042,-0.082703,0.7251,15.3491,0
24.9600,343936,-0.649353,0.748596,0.105225,-0.082825,0.7249,15.3745,0
24.9700,343946,-0.649109,0.748779,0.105530,-0.083130,0.7167,15.4251,0
24.9800,343956,-0.648926,0.748840,0.105713,-0.083374,0.7066,15.4592,0
24.9900,343966,-0.648743,0.748962,0.105896,-0.083557,0.7011,15.4893,0
25.0000,343976,-0.648560,0.749084,0.106079,-0.083679,0.7008,15.5147,0
25.0100,343986,-0.648254,0.749268,0.106201,-0.083740,0.6992,15.5296,0
25.0200,343996,-0.648010,0.749512,0.106262,-0.083801,0.6932,15.5404,0
25.0300,344006,-0.647705,0.749756,0.106323,-0.083740,0.6969,15.5412,0
25.0400,344016,-0.647522,0.749939,0.106384,-0.083679,0.7027,15.5424,0
25.0500,344026,-0.647278,0.750122,0.106384,-0.083679,0.6979,15.5423,0
25.0600,344036,-0.647156,0.750244,0.106384,-0.083679,0.6953,15.5426,0
25.0700,344046,-0.647156,0.750244,0.106384,-0.083679,0.6953,15.5426,0
25.0800,344056,-0.647217,0.750183,0.106384,-0.083679,0.6966,15.5425,0
25.0900,344066,-0.647339,0.750061,0.106323,-0.083740,0.6895,15.5414,0
25.1000,344076,-0.647583,0.749878,0.106323,-0.083740,0.6942,15.5415,0
25.1100,344086,-0.647827,0.749695,0.106262,-0.083801,0.6892,15.5408,0
25.1200,344096,-0.648010,0.749512,0.106262,-0.083862,0.6879,15.5451,0
25.1300,344106,-0.648071,0.749451,0.106262,-0.083862,0.6893,15.5449,0
25.1400,344116,-0.648132,0.749451,0.106201,-0.083862,0.6855,15.5400,0
25.1500,344126,-0.648132,0.749390,0.106201,-0.083923,0.6808,15.5440,0
25.1600,344136,-0.648010,0.749512,0.106201,-0.083862,0.6834,15.5396,0
25.1700,344146,-0.647827,0.749634,0.106262,-0.083862,0.6845,15.5448,0
25.1800,344156,-0.647644,0.749817,0.106262,-0.083801,0.6858,15.5406,0
25.1900,344166,-0.647583,0.749878,0.106262,-0.083801,0.6845,15.5407,0
25.2000,344176,-0.647583,0.749878,0.106262,-0.083801,0.6845,15.5407,0
25.2100,344186,-0.647644,0.749817,0.106262,-0.083862,0.6805,15.5452,0
25.2200,344196,-0.647766,0.749695,0.106262,-0.083984,0.6727,15.5543,0
25.2300,344206,-0.648132,0.749390,0.106079,-0.084167,0.6508,15.5518,0
25.2400,344216,-0.648376,0.749207,0.106079,-0.084167,0.6555,15.5519,0
25.2500,344226,-0.648499,0.749084,0.106079,-0.084229,0.6529,15.5563,0
25.2600,344236,-0.648560,0.749023,0.106079,-0.084229,0.6543,15.5562,0
25.2700,344246,-0.648560,0.749023,0.106018,-0.084167,0.6550,15.5461,0
25.2800,344256,-0.648560,0.749023,0.105957,-0.084106,0.6557,15.5359,0
25.2900,344266,-0.648499,0.749084,0.105896,-0.084045,0.6551,15.5259,0
25.3000,344276,-0.648499,0.749084,0.105896,-0.083984,0.6603,15.5213,0
25.3100,344286,-0.648499,0.749084,0.105896,-0.083923,0.6655,15.5166,0
25.3200,344296,-0.648621,0.749084,0.105835,-0.083862,0.6677,15.5076,0
25.3300,344306,-0.648682,0.748962,0.105835,-0.083862,0.6696,15.5067,0
25.3400,344316,-0.648804,0.748840,0.105835,-0.083923,0.6670,15.5111,0
25.3500,344326,-0.648987,0.748718,0.105774,-0.083923,0.6659,15.5059,0
25.3600,344336,-0.649109,0.748596,0.105774,-0.083984,0.6633,15.5103,0
25.3700,344346,-0.649231,0.748474,0.105774,-0.083984,0.6660,15.5100,0
25.3800,344356,-0.649353,0.748413,0.105774,-0.083923,0.6733,15.5058,0
25.3900,344366,-0.649414,0.748352,0.105774,-0.083801,0.6851,15.4962,0
25.4000,344376,-0.649536,0.748291,0.105774,-0.083679,0.6976,15.4873,0
25.4100,344386,-0.649536,0.748291,0.105835,-0.083557,0.7126,15.4833,0
25.4200,344396,-0.649536,0.748291,0.105835,-0.083435,0.7231,15.4739,0
25.4300,344406,-0.649536,0.748291,0.105896,-0.083313,0.7381,15.4700,0
25.4400,344416,-0.649475,0.748352,0.105957,-0.083191,0.7518,15.4662,0
25.4500,344426,-0.649475,0.748352,0.106018,-0.083069,0.7668,15.4623,0
25.4600,344436,-0.649475,0.748352,0.106079,-0.083008,0.7766,15.4630,0
25.4700,344446,-0.649536,0.748291,0.106140,-0.082947,0.7877,15.4636,0
25.4800,344456,-0.649658,0.748230,0.106140,-0.082947,0.7897,15.4640,0
25.4900,344466,-0.649719,0.748108,0.106201,-0.083008,0.7910,15.4733,0
25.5000,344476,-0.649780,0.748047,0.106201,-0.083069,0.7870,15.4778,0
25.5100,344486,-0.649719,0.748108,0.106201,-0.083008,0.7910,15.4733,0
25.5200,344496,-0.649658,0.748169,0.106201,-0.082947,0.7949,15.4688,0
25.5300,344506,-0.649597,0.748291,0.106140,-0.082886,0.7936,15.4595,0
25.5400,344516,-0.649475,0.748352,0.106079,-0.082825,0.7923,15.4490,0
25.5500,344526,-0.649353,0.748474,0.106079,-0.082764,0.7949,15.4446,0
25.5600,344536,-0.649231,0.748596,0.106079,-0.082764,0.7922,15.4449,0
25.5700,344546,-0.649048,0.748718,0.106079,-0.082703,0.7941,15.4400,0
25.5800,344556,-0.648926,0.748901,0.106079,-0.082642,0.7961,15.4363,0
25.5900,344566,-0.648743,0.749023,0.106018,-0.082581,0.7934,15.4260,0
25.6000,344576,-0.648682,0.749146,0.105957,-0.082520,0.7922,15.4167,0
25.6100,344586,-0.648621,0.749146,0.105896,-0.082520,0.7869,15.4107,0
25.6200,344596,-0.648682,0.749084,0.105774,-0.082581,0.7740,15.4043,0
25.6300,344606,-0.648743,0.749084,0.105713,-0.082642,0.7649,15.4041,0
25.6400,344616,-0.648804,0.749023,0.105713,-0.082642,0.7662,15.4040,0
25.6500,344626,-0.648865,0.748962,0.105713,-0.082642,0.7675,15.4038,0
25.6600,344636,-0.648865,0.748962,0.105713,-0.082642,0.7675,15.4038,0
25.6700,344646,-0.648865,0.748962,0.105713,-0.082703,0.7623,15.4085,0
25.6800,344656,-0.648865,0.748962,0.105774,-0.082642,0.7721,15.4093,0
25.6900,344666,-0.648804,0.749023,0.105774,-0.082581,0.7760,15.4047,0
25.7000,344676,-0.648743,0.749084,0.105835,-0.082520,0.7845,15.4057,0
25.7100,344686,-0.648682,0.749146,0.105896,-0.082520,0.7877,15.4113,0
25.7200,344696,-0.648621,0.749207,0.105896,-0.082458,0.7916,15.4067,0
25.7300,344706,-0.648560,0.749268,0.105835,-0.082397,0.7910,15.3968,0
25.7400,344716,-0.648560,0.749268,0.105835,-0.082397,0.7910,15.3968,0
25.7500,344726,-0.648621,0.749207,0.105835,-0.082397,0.7923,15.3966,0
25.7600,344736,-0.648743,0.749084,0.105835,-0.082458,0.7897,15.4010,0
25.7700,344746,-0.649048,0.748779,0.105774,-0.082520,0.7865,15.3994,0
25.7800,344756,-0.649292,0.748596,0.105774,-0.082581,0.7860,15.4042,0
25.7900,344766,-0.649597,0.748352,0.105774,-0.082703,0.7815,15.4135,0
25.8000,344776,-0.649780,0.748169,0.105835,-0.082825,0.7795,15.4279,0
25.8100,344786,-0.649963,0.747986,0.105957,-0.083008,0.7769,15.4523,0
25.8200,344796,-0.650085,0.747864,0.105957,-0.083191,0.7638,15.4661,0
25.8300,344806,-0.650146,0.747742,0.106018,-0.083435,0.7494,15.4895,0
25.8400,344816,-0.650146,0.747681,0.105957,-0.083618,0.7297,15.4974,0
25.8500,344826,-0.650024,0.747803,0.105835,-0.083740,0.7075,15.4962,0
25.8600,344836,-0.649719,0.748108,0.105591,-0.083801,0.6775,15.4799,0
25.8700,344846,-0.649536,0.748352,0.105347,-0.083801,0.6547,15.4593,0
25.8800,344856,-0.649292,0.748596,0.105042,-0.083801,0.6267,15.4327,0
25.8900,344866,-0.648987,0.748901,0.104797,-0.083679,0.6125,15.4023,0
25.9000,344876,-0.648743,0.749146,0.104553,-0.083618,0.5943,15.3764,0
25.9100,344886,-0.648621,0.749329,0.104248,-0.083557,0.5736,15.3455,0
25.9200,344896,-0.648621,0.749329,0.104004,-0.083557,0.5555,15.3237,0
25.9300,344906,-0.648865,0.749146,0.103760,-0.083679,0.5315,15.3115,0
25.9400,344916,-0.649170,0.748840,0.103516,-0.083923,0.4989,15.3078,0
25.9500,344926,-0.649536,0.748535,0.103333,-0.084045,0.4821,15.3008,0
25.9600,344936,-0.649841,0.748291,0.103271,-0.084290,0.4626,15.3142,0
25.9700,344946,-0.650085,0.748047,0.103271,-0.084412,0.4574,15.3231,0
25.9800,344956,-0.650208,0.747925,0.103210,-0.084412,0.4555,15.3174,0
25.9900,344966,-0.650085,0.748108,0.103149,-0.084290,0.4582,15.3036,0
26.0000,344976,-0.649841,0.748352,0.102966,-0.083984,0.4655,15.2643,0
26.0100,344986,-0.649658,0.748596,0.102661,-0.083679,0.4644,15.2148,0
26.0200,344996,-0.649597,0.748779,0.102234,-0.083313,0.4616,15.1501,0
26.0300,345006,-0.649841,0.748718,0.101379,-0.082764,0.4485,15.0335,0
26.0400,345016,-0.650146,0.748535,0.100952,-0.082581,0.4377,14.9822,0
26.0500,345026,-0.650574,0.748169,0.100586,-0.082520,0.4240,14.9448,0
26.0600,345036,-0.651062,0.747864,0.100281,-0.082581,0.4045,14.9235,0
26.0700,345046,-0.651428,0.747559,0.100098,-0.082581,0.3979,14.9072,0
26.0800,345056,-0.651672,0.747375,0.099854,-0.082581,0.3842,14.8858,0
26.0900,345066,-0.651794,0.747253,0.099731,-0.082581,0.3777,14.8747,0
26.1000,345076,-0.651794,0.747314,0.099731,-0.082520,0.3823,14.8707,0
26.1100,345086,-0.652039,0.747070,0.099670,-0.082581,0.3776,14.8695,0
26.1200,345096,-0.652161,0.746887,0.099670,-0.082764,0.3651,14.8827,0
26.1300,345106,-0.652100,0.746948,0.099792,-0.083069,0.3468,14.9172,0
26.1400,345116,-0.651733,0.747192,0.100037,-0.083252,0.3429,14.9523,0
26.1500,345126,-0.651367,0.747498,0.100281,-0.083435,0.3383,14.9880,0
26.1600,345136,-0.651062,0.747681,0.100525,-0.083618,0.3356,15.0230,0
26.1700,345146,-0.650818,0.747803,0.100708,-0.083923,0.3191,15.0618,0
26.1800,345156,-0.650696,0.747864,0.100891,-0.084229,0.3046,15.1011,0
26.1900,345166,-0.650696,0.747864,0.101074,-0.084595,0.2869,15.1456,0
26.2000,345176,-0.650635,0.747803,0.101257,-0.084900,0.2742,15.1841,0
26.2100,345186,-0.650513,0.747803,0.101440,-0.085266,0.2551,15.2274,0
26.2200,345196,-0.650391,0.747925,0.101685,-0.085510,0.2497,15.2682,0
26.2300,345206,-0.650085,0.748108,0.102051,-0.085754,0.2507,15.3187,0
26.2400,345216,-0.649780,0.748230,0.102478,-0.085999,0.2569,15.3739,0
26.2500,345226,-0.649475,0.748413,0.102966,-0.086304,0.2616,15.4400,0
26.2600,345236,-0.649170,0.748535,0.103638,-0.086670,0.2754,15.5265,0
26.2700,345246,-0.648865,0.748657,0.104370,-0.087036,0.2936,15.6183,0
26.2800,345256,-0.648315,0.749023,0.105164,-0.087341,0.3161,15.7115,0
26.2900,345266,-0.647644,0.749451,0.105896,-0.087585,0.3371,15.7941,0
26.3000,345276,-0.646423,0.750244,0.107178,-0.088074,0.3673,15.9436,0
26.3100,345286,-0.645996,0.750549,0.107666,-0.088257,0.3794,16.0008,0
26.3200,345296,-0.645752,0.750671,0.108093,-0.088562,0.3805,16.0615,0
26.3300,345306,-0.645630,0.750671,0.108398,-0.088867,0.3753,16.1110,0
26.3400,345316,-0.645569,0.750671,0.108582,-0.089111,0.3671,16.1456,0
26.3500,345326,-0.645569,0.750610,0.108704,-0.089417,0.3505,16.1792,0
26.3600,345336,-0.645386,0.750732,0.108765,-0.089600,0.3357,16.1984,0
26.3700,345346,-0.645203,0.750916,0.108765,-0.089844,0.3106,16.2175,0
26.3800,345356,-0.645081,0.750977,0.108582,-0.089966,0.2844,16.2100,0
26.3900,345366,-0.645020,0.751038,0.108398,-0.089966,0.2695,16.1937,0
26.4000,345376,-0.645081,0.751038,0.108093,-0.089905,0.2529,16.1623,0
26.4100,345386,-0.645142,0.751038,0.107849,-0.089844,0.2409,16.1364,0
26.4200,345396,-0.645264,0.750977,0.107727,-0.089661,0.2497,16.1119,0
26.4300,345406,-0.645447,0.750916,0.107544,-0.089539,0.2496,16.0872,0
26.4400,345416,-0.645630,0.750732,0.107483,-0.089417,0.2597,16.0720,0
26.4500,345426,-0.645752,0.750610,0.107544,-0.089417,0.2670,16.0772,0
26.4600,345436,-0.645935,0.750488,0.107544,-0.089417,0.2705,16.0776,0
26.4700,345446,-0.645996,0.750427,0.107544,-0.089478,0.2666,16.0821,0
26.4800,345456,-0.645996,0.750427,0.107605,-0.089478,0.2711,16.0876,0
26.4900,345466,-0.645935,0.750488,0.107666,-0.089417,0.2795,16.0885,0
26.5000,345476,-0.645813,0.750549,0.107727,-0.089355,0.2871,16.0888,0
26.5100,345486,-0.645691,0.750610,0.107788,-0.089417,0.2843,16.0984,0
26.5200,345496,-0.645630,0.750671,0.107910,-0.089539,0.2814,16.1189,0
26.5300,345506,-0.645508,0.750732,0.108093,-0.089661,0.2823,16.1441,0
26.5400,345516,-0.645386,0.750793,0.108215,-0.089783,0.2787,16.1640,0
26.5500,345526,-0.645264,0.750854,0.108276,-0.089905,0.2706,16.1783,0
26.5600,345536,-0.645142,0.750977,0.108398,-0.090027,0.2663,16.1989,0
26.5700,345546,-0.644897,0.751099,0.108582,-0.090210,0.2598,16.2284,0
26.5800,345556,-0.644836,0.751099,0.108643,-0.090332,0.2531,16.2426,0
26.5900,345566,-0.644836,0.751160,0.108765,-0.090515,0.2457,16.2683,0
26.6000,345576,-0.644714,0.751160,0.108887,-0.090637,0.2427,16.2874,0
26.6100,345586,-0.644531,0.751282,0.109070,-0.090759,0.2421,16.3128,0
26.6200,345596,-0.644287,0.751465,0.109253,-0.090942,0.2349,16.3430,0
26.6300,345606,-0.644104,0.751587,0.109436,-0.091125,0.2291,16.3731,0
26.6400,345616,-0.643921,0.751648,0.109680,-0.091370,0.2232,16.4127,0
26.6500,345626,-0.643738,0.751770,0.109863,-0.091614,0.2121,16.4475,0
26.6600,345636,-0.643616,0.751831,0.110046,-0.091919,0.1971,16.4868,0
26.6700,345646,-0.643433,0.751892,0.110168,-0.092224,0.1769,16.5201,0
26.6800,345656,-0.643250,0.752014,0.110229,-0.092468,0.1567,16.5439,0
26.6900,345666,-0.643005,0.752197,0.110352,-0.092651,0.1449,16.5686,0
26.7000,345676,-0.642761,0.752380,0.110535,-0.092773,0.1428,16.5942,0
26.7100,345686,-0.642517,0.752563,0.110718,-0.092773,0.1513,16.6104,0
26.7200,345696,-0.642212,0.752747,0.110901,-0.092712,0.1642,16.6213,0
26.7300,345706,-0.641968,0.752991,0.111084,-0.092590,0.1825,16.6289,0
26.7400,345716,-0.641663,0.753235,0.111267,-0.092407,0.2053,16.6312,0
26.7500,345726,-0.641418,0.753418,0.111450,-0.092163,0.2348,16.6288,0
26.7600,345736,-0.641235,0.753601,0.111572,-0.091919,0.2606,16.6215,0
26.7700,345746,-0.641113,0.753723,0.111694,-0.091736,0.2825,16.6188,0
26.7800,345756,-0.641235,0.753601,0.111816,-0.091614,0.3049,16.6202,0
26.7900,345766,-0.641541,0.753357,0.111938,-0.091553,0.3256,16.6266,0
26.8000,345776,-0.641907,0.752991,0.112000,-0.091553,0.3386,16.6313,0
26.8100,345786,-0.642273,0.752686,0.112061,-0.091492,0.3563,16.6320,0
26.8200,345796,-0.642578,0.752441,0.112122,-0.091553,0.3620,16.6422,0
26.8300,345806,-0.642944,0.752075,0.112305,-0.091492,0.3893,16.6532,0
26.8400,345816,-0.642944,0.752075,0.112366,-0.091431,0.3990,16.6540,0
26.8500,345826,-0.642944,0.752075,0.112427,-0.091370,0.4088,16.6548,0
26.8600,345836,-0.642944,0.752075,0.112488,-0.091309,0.4185,16.6557,0
26.8700,345846,-0.642944,0.752075,0.112549,-0.091309,0.4230,16.6611,0
26.8800,345856,-0.643005,0.752075,0.112610,-0.091248,0.4336,16.6626,0
26.8900,345866,-0.642883,0.752136,0.112610,-0.091248,0.4314,16.6621,0
26.9000,345876,-0.642761,0.752258,0.112610,-0.091248,0.4285,16.6624,0
26.9100,345886,-0.642639,0.752380,0.112610,-0.091187,0.4309,16.6580,0
26.9200,345896,-0.642578,0.752441,0.112549,-0.091125,0.4303,16.6480,0
26.9300,345906,-0.642639,0.752380,0.112366,-0.091125,0.4182,16.6314,0
26.9400,345916,-0.642822,0.752258,0.112183,-0.091187,0.4031,16.6199,0
26.9500,345926,-0.643005,0.752136,0.112061,-0.091309,0.3872,16.6186,0
26.9600,345936,-0.643127,0.752014,0.111938,-0.091492,0.3653,16.6214,0
26.9700,345946,-0.643066,0.752014,0.111816,-0.091675,0.3397,16.6238,0
26.9800,345956,-0.643005,0.752075,0.111694,-0.091919,0.3083,16.6317,0
26.9900,345966,-0.642761,0.752258,0.111572,-0.092102,0.2784,16.6345,0
27.0000,345976,-0.642578,0.752441,0.111450,-0.092285,0.2494,16.6379,0
27.0100,345986,-0.642273,0.752686,0.111328,-0.092407,0.2234,16.6362,0
27.0200,345996,-0.641907,0.752991,0.111206,-0.092590,0.1907,16.6393,0
27.0300,346006,-0.641602,0.753235,0.111084,-0.092773,0.1595,16.6422,0
27.0400,346016,-0.641357,0.753418,0.111023,-0.092957,0.1341,16.6504,0
27.0500,346026,-0.641174,0.753601,0.110840,-0.093201,0.0953,16.6530,0
27.0600,346036,-0.641052,0.753662,0.110718,-0.093445,0.0630,16.6602,0
27.0700,346046,-0.640991,0.753723,0.110535,-0.093750,0.0218,16.6671,0
27.0800,346056,-0.640930,0.753784,0.110413,-0.093933,-0.0044,16.6703,0
27.0900,346066,-0.640747,0.753967,0.110291,-0.094177,-0.0388,16.6783,0
27.1000,346076,-0.640381,0.754272,0.109924,-0.094421,-0.0947,16.6639,0
27.1100,346086,-0.640076,0.754517,0.109802,-0.094543,-0.1206,16.6620,0
27.1200,346096,-0.639893,0.754700,0.109680,-0.094604,-0.1392,16.6560,0
27.1300,346106,-0.639709,0.754883,0.109558,-0.094727,-0.1630,16.6547,0
27.1400,346116,-0.639587,0.754944,0.109497,-0.094788,-0.1749,16.6533,0
27.1500,346126,-0.639526,0.755005,0.109436,-0.094910,-0.1914,16.6572,0
27.1600,346136,-0.639526,0.755005,0.109375,-0.095032,-0.2064,16.6611,0
27.1700,346146,-0.639465,0.755005,0.109375,-0.095154,-0.2177,16.6698,0
27.1800,346156,-0.639465,0.755005,0.109375,-0.095154,-0.2177,16.6698,0
27.1900,346166,-0.639465,0.755005,0.109375,-0.095154,-0.2177,16.6698,0
27.2000,346176,-0.639465,0.755005,0.109375,-0.095154,-0.2177,16.6698,0
27.2100,346186,-0.639465,0.755066,0.109314,-0.095154,-0.2229,16.6650,0
27.2200,346196,-0.639404,0.755066,0.109314,-0.095215,-0.2289,16.6690,0
27.2300,346206,-0.639343,0.755127,0.109314,-0.095215,-0.2303,16.6691,0
27.2400,346216,-0.639404,0.755127,0.109253,-0.095154,-0.2288,16.6596,0
27.2500,346226,-0.639465,0.755066,0.109131,-0.095154,-0.2363,16.6485,0
27.2600,346236,-0.639526,0.755066,0.109070,-0.095032,-0.2294,16.6343,0
27.2700,346246,-0.639587,0.755005,0.108948,-0.094971,-0.2317,16.6186,0
27.2800,346256,-0.639771,0.754883,0.108887,-0.094910,-0.2273,16.6088,0
27.2900,346266,-0.639832,0.754822,0.108826,-0.094910,-0.2303,16.6033,0
27.3000,346276,-0.639893,0.754822,0.108765,-0.094849,-0.2287,16.5937,0
27.3100,346286,-0.639832,0.754822,0.108704,-0.094788,-0.2287,16.5829,0
27.3200,346296,-0.639771,0.754883,0.108704,-0.094788,-0.2301,16.5830,0
27.3300,346306,-0.639648,0.755005,0.108704,-0.094788,-0.2330,16.5832,0
27.3400,346316,-0.639526,0.755127,0.108704,-0.094788,-0.2358,16.5834,0
27.3500,346326,-0.639343,0.755249,0.108765,-0.094727,-0.2297,16.5838,0
27.3600,346336,-0.639099,0.755493,0.108582,-0.094727,-0.2488,16.5677,0
27.3700,346346,-0.639099,0.755554,0.108398,-0.094666,-0.2576,16.5472,0
27.3800,346356,-0.639099,0.755615,0.108215,-0.094666,-0.2716,16.5315,0
27.3900,346366,-0.639099,0.755554,0.108032,-0.094727,-0.2897,16.5189,0
27.4000,346376,-0.639160,0.755554,0.107788,-0.094727,-0.3068,16.4976,0
27.4100,346386,-0.639160,0.755554,0.107483,-0.094788,-0.3344,16.4748,0
27.4200,346396,-0.639221,0.755615,0.107178,-0.094727,-0.3514,16.4440,0
27.4300,346406,-0.639221,0.755676,0.106750,-0.094666,-0.3781,16.4016,0
27.4400,346416,-0.639221,0.755798,0.106262,-0.094421,-0.3940,16.3404,0
27.4500,346426,-0.639343,0.755798,0.105774,-0.094177,-0.4072,16.2791,0
27.4600,346436,-0.639404,0.755859,0.105164,-0.093811,-0.4201,16.1976,0
27.4700,346446,-0.639404,0.755981,0.104492,-0.093506,-0.4442,16.1154,0
27.4800,346456,-0.639526,0.755981,0.103821,-0.093262,-0.4707,16.0377,0
27.4900,346466,-0.640198,0.755493,0.103394,-0.093018,-0.4677,15.9820,0
27.5000,346476,-0.641113,0.754822,0.103088,-0.092773,-0.4510,15.9377,0
27.5100,346486,-0.641846,0.754272,0.102783,-0.092407,-0.4273,15.8836,0
27.5200,346496,-0.642334,0.753967,0.102295,-0.091980,-0.4174,15.8086,0
27.5300,346506,-0.642944,0.753601,0.101807,-0.091492,-0.4002,15.7296,0
27.5400,346516,-0.643677,0.753113,0.101135,-0.091125,-0.4044,15.6434,0
27.5500,346526,-0.644470,0.752563,0.100525,-0.090820,-0.4083,15.5674,0
27.5600,346536,-0.645142,0.752014,0.099976,-0.090576,-0.4144,15.5003,0
27.5700,346546,-0.645752,0.751587,0.099487,-0.090454,-0.4286,15.4488,0
27.5800,346556,-0.646179,0.751282,0.099182,-0.090393,-0.4379,15.4178,0
27.5900,346566,-0.646301,0.751221,0.098999,-0.090271,-0.4389,15.3927,0
27.6000,346576,-0.646118,0.751404,0.099060,-0.090088,-0.4226,15.3842,0
27.6100,346586,-0.645691,0.751831,0.099243,-0.089661,-0.3815,15.3681,0
27.6200,346596,-0.645020,0.752380,0.099609,-0.089111,-0.3204,15.3580,0
27.6300,346606,-0.643738,0.753479,0.100464,-0.088013,-0.1883,15.3498,0
27.6400,346616,-0.643250,0.753906,0.100891,-0.087585,-0.1298,15.3553,0
27.6500,346626,-0.642822,0.754272,0.101257,-0.087219,-0.0798,15.3601,0
27.6600,346636,-0.642517,0.754517,0.101624,-0.086975,-0.0377,15.3740,0
27.6700,346646,-0.642334,0.754639,0.101868,-0.086914,-0.0178,15.3909,0
27.6800,346656,-0.642334,0.754578,0.102112,-0.086914,0.0007,15.4120,0
27.6900,346666,-0.642456,0.754456,0.102295,-0.086914,0.0169,15.4282,0
27.7000,346676,-0.642578,0.754333,0.102478,-0.086853,0.0383,15.4398,0
27.7100,346686,-0.642639,0.754272,0.102600,-0.086731,0.0591,15.4413,0
27.7200,346696,-0.642639,0.754272,0.102783,-0.086609,0.0832,15.4484,0
27.7300,346706,-0.642700,0.754211,0.102966,-0.086426,0.1138,15.4507,0
27.7400,346716,-0.642639,0.754272,0.103149,-0.086243,0.1418,15.4533,0
27.7500,346726,-0.642578,0.754333,0.103333,-0.086121,0.1645,15.4605,0
27.7600,346736,-0.642456,0.754395,0.103638,-0.086060,0.1902,15.4827,0
27.7700,346746,-0.642395,0.754395,0.103943,-0.086060,0.2119,15.5095,0
27.7800,346756,-0.642273,0.754456,0.104309,-0.086121,0.2316,15.5465,0
27.7900,346766,-0.642090,0.754517,0.104675,-0.086182,0.2504,15.5830,0
27.8000,346776,-0.641846,0.754700,0.105042,-0.086304,0.2621,15.6250,0
27.8100,346786,-0.641602,0.754822,0.105286,-0.086426,0.2653,15.6553,0
27.8200,346796,-0.641357,0.755005,0.105469,-0.086609,0.2582,15.6855,0
27.8300,346806,-0.641052,0.755249,0.105530,-0.086731,0.2460,15.7002,0
27.8400,346816,-0.640747,0.755432,0.105530,-0.086975,0.2193,15.7179,0
27.8500,346826,-0.640564,0.755615,0.105530,-0.087158,0.1994,15.7322,0
27.8600,346836,-0.640381,0.755737,0.105469,-0.087402,0.1704,15.7450,0
27.8700,346846,-0.640198,0.755920,0.105347,-0.087646,0.1362,15.7529,0
27.8800,346856,-0.640015,0.756042,0.105286,-0.087891,0.1072,15.7657,0
27.8900,346866,-0.639893,0.756104,0.105164,-0.088135,0.0750,15.7728,0
27.9000,346876,-0.639587,0.756287,0.105164,-0.088684,0.0219,15.8137,0
27.9100,346886,-0.639343,0.756470,0.105164,-0.088928,-0.0041,15.8320,0
27.9200,346896,-0.639099,0.756653,0.105164,-0.089172,-0.0301,15.8503,0
27.9300,346906,-0.638855,0.756836,0.105103,-0.089355,-0.0553,15.8584,0
27.9400,346916,-0.638611,0.757080,0.104980,-0.089417,-0.0749,15.8525,0
27.9500,346926,-0.638428,0.757202,0.104858,-0.089600,-0.1032,15.8550,0
27.9600,346936,-0.638306,0.757324,0.104736,-0.089722,-0.1254,15.8535,0
27.9700,346946,-0.638123,0.757507,0.104614,-0.089783,-0.1437,15.8475,0
27.9800,346956,-0.637939,0.757690,0.104492,-0.089844,-0.1620,15.8414,0
27.9900,346966,-0.637756,0.757812,0.104431,-0.089966,-0.1805,15.8448,0
28.0000,346976,-0.637573,0.757996,0.104370,-0.090027,-0.1944,15.8442,0
28.0100,346986,-0.637451,0.757996,0.104370,-0.090210,-0.2118,15.8569,0
28.0200,346996,-0.637512,0.757996,0.104431,-0.090454,-0.2278,15.8815,0
28.0300,347006,-0.637512,0.757935,0.104492,-0.090637,-0.2386,15.9002,0
28.0400,347016,-0.637451,0.757935,0.104492,-0.090820,-0.2552,15.9135,0
28.0500,347026,-0.637390,0.757996,0.104492,-0.091003,-0.2725,15.9275,0
28.0600,347036,-0.637329,0.757996,0.104492,-0.091187,-0.2891,15.9408,0
28.0700,347046,-0.637268,0.758057,0.104492,-0.091248,-0.2958,15.9456,0
28.0800,347056,-0.637146,0.758179,0.104492,-0.091248,-0.2985,15.9457,0
28.0900,347066,-0.636902,0.758362,0.104553,-0.091187,-0.2936,15.9463,0
28.1000,347076,-0.636658,0.758545,0.104553,-0.091187,-0.2985,15.9459,0
28.1100,347086,-0.636353,0.758850,0.104614,-0.091125,-0.2955,15.9472,0
28.1200,347096,-0.635986,0.759155,0.104553,-0.091003,-0.2969,15.9323,0
28.1300,347106,-0.635742,0.759399,0.104492,-0.090942,-0.3015,15.9226,0
28.1400,347116,-0.635559,0.759583,0.104309,-0.090820,-0.3084,15.8971,0
28.1500,347126,-0.635559,0.759583,0.104187,-0.090820,-0.3173,15.8860,0
28.1600,347136,-0.635742,0.759399,0.104004,-0.091003,-0.3424,15.8831,0
28.1700,347146,-0.635803,0.759338,0.103943,-0.091125,-0.3561,15.8868,0
28.1800,347156,-0.635864,0.759277,0.103821,-0.091309,-0.3796,15.8896,0
28.1900,347166,-0.635925,0.759277,0.103760,-0.091431,-0.3939,15.8939,0
28.2000,347176,-0.635864,0.759277,0.103699,-0.091553,-0.4097,15.8971,0
28.2100,347186,-0.635803,0.759338,0.103577,-0.091614,-0.4253,15.8908,0
28.2200,347196,-0.635681,0.759521,0.103516,-0.091675,-0.4384,15.8907,0
28.2300,347206,-0.635437,0.759644,0.103394,-0.091675,-0.4515,15.8786,0
28.2400,347216,-0.635254,0.759827,0.103333,-0.091614,-0.4547,15.8688,0
28.2500,347226,-0.635071,0.760010,0.103210,-0.091492,-0.4571,15.8487,0
28.2600,347236,-0.635010,0.760132,0.103088,-0.091370,-0.4573,15.8292,0
28.2700,347246,-0.635071,0.760132,0.102844,-0.091309,-0.4691,15.8032,0
28.2800,347256,-0.635254,0.760010,0.102661,-0.091248,-0.4736,15.7825,0
28.2900,347266,-0.635437,0.759827,0.102478,-0.091248,-0.4829,15.7658,0
28.3000,347276,-0.635681,0.759705,0.102295,-0.091309,-0.4974,15.7550,0
28.3100,347286,-0.635864,0.759521,0.102173,-0.091431,-0.5129,15.7530,0
28.3200,347296,-0.635986,0.759460,0.102112,-0.091492,-0.5206,15.7527,0
28.3300,347306,-0.635986,0.759460,0.102051,-0.091492,-0.5250,15.7472,0
28.3400,347316,-0.635925,0.759460,0.102051,-0.091553,-0.5310,15.7512,0
28.3500,347326,-0.635864,0.759521,0.101990,-0.091614,-0.5421,15.7504,0
28.3600,347336,-0.635864,0.759521,0.101868,-0.091675,-0.5563,15.7440,0
28.3700,347346,-0.635925,0.759521,0.101807,-0.091736,-0.5654,15.7438,0
28.3800,347356,-0.635925,0.759521,0.101746,-0.091858,-0.5805,15.7475,0
28.3900,347366,-0.635864,0.759460,0.101746,-0.092041,-0.5965,15.7601,0
28.4000,347376,-0.635864,0.759460,0.101685,-0.092224,-0.6169,15.7685,0
28.4100,347386,-0.635681,0.759644,0.101624,-0.092285,-0.6307,15.7678,0
28.4200,347396,-0.635498,0.759827,0.101501,-0.092285,-0.6436,15.7570,0
28.4300,347406,-0.635193,0.760071,0.101318,-0.092285,-0.6631,15.7401,0
28.4400,347416,-0.635071,0.760193,0.101257,-0.092346,-0.6756,15.7394,0
28.4500,347426,-0.634888,0.760376,0.101135,-0.092468,-0.6992,15.7378,0
28.4600,347436,-0.634705,0.760498,0.101074,-0.092529,-0.7123,15.7364,0
28.4700,347446,-0.634521,0.760681,0.101013,-0.092651,-0.7315,15.7403,0
28.4800,347456,-0.634338,0.760803,0.101013,-0.092834,-0.7509,15.7537,0
28.4900,347466,-0.634094,0.760986,0.101074,-0.093018,-0.7672,15.7726,0
28.5000,347476,-0.633789,0.761169,0.101074,-0.093079,-0.7780,15.7761,0
28.5100,347486,-0.633545,0.761414,0.101013,-0.093140,-0.7932,15.7754,0
28.5200,347496,-0.633301,0.761658,0.100952,-0.093140,-0.8030,15.7701,0
28.5300,347506,-0.633118,0.761780,0.100952,-0.093201,-0.8118,15.7742,0
28.5400,347516,-0.632996,0.761841,0.100891,-0.093201,-0.8183,15.7682,0
28.5500,347526,-0.632935,0.761902,0.100830,-0.093323,-0.8347,15.7719,0
28.5600,347536,-0.632935,0.761963,0.100769,-0.093384,-0.8451,15.7717,0
28.5700,347546,-0.632874,0.761963,0.100769,-0.093384,-0.8458,15.7711,0
28.5800,347556,-0.632935,0.761902,0.100708,-0.093445,-0.8542,15.7701,0
28.5900,347566,-0.632996,0.761841,0.100586,-0.093506,-0.8670,15.7637,0
28.6000,347576,-0.633057,0.761780,0.100647,-0.093628,-0.8719,15.7784,0
28.6100,347586,-0.633057,0.761780,0.100708,-0.093689,-0.8728,15.7885,0
28.6200,347596,-0.632996,0.761841,0.100769,-0.093689,-0.8698,15.7941,0
28.6300,347606,-0.632874,0.761902,0.100769,-0.093689,-0.8718,15.7935,0
28.6400,347616,-0.632812,0.761963,0.100769,-0.093689,-0.8732,15.7935,0
28.6500,347626,-0.632812,0.761963,0.100830,-0.093628,-0.8634,15.7944,0
28.6600,347636,-0.632874,0.761902,0.100952,-0.093689,-0.8585,15.8100,0
28.6700,347646,-0.632935,0.761841,0.101074,-0.093689,-0.8483,15.8210,0
28.6800,347656,-0.632996,0.761780,0.101196,-0.093750,-0.8434,15.8366,0
28.6900,347666,-0.632996,0.761719,0.101501,-0.093872,-0.8313,15.8727,0
28.7000,347676,-0.632874,0.761780,0.101624,-0.093872,-0.8245,15.8832,0
28.7100,347686,-0.632812,0.761841,0.101685,-0.093872,-0.8215,15.8887,0
28.7200,347696,-0.632812,0.761841,0.101746,-0.093933,-0.8224,15.8988,0
28.7300,347706,-0.632812,0.761841,0.101746,-0.093933,-0.8224,15.8988,0
28.7400,347716,-0.632874,0.761780,0.101746,-0.093933,-0.8210,15.8988,0
28.7500,347726,-0.632935,0.761719,0.101685,-0.093933,-0.8240,15.8932,0
28.7600,347736,-0.632996,0.761658,0.101685,-0.093933,-0.8227,15.8932,0
28.7700,347746,-0.632996,0.761658,0.101685,-0.093933,-0.8227,15.8932,0
28.7800,347756,-0.632996,0.761658,0.101685,-0.093933,-0.8227,15.8932,0
28.7900,347766,-0.632874,0.761780,0.101746,-0.093933,-0.8210,15.8988,0
28.8000,347776,-0.632751,0.761902,0.101685,-0.093811,-0.8175,15.8842,0
28.8100,347786,-0.632629,0.762024,0.101563,-0.093628,-0.8131,15.8594,0
28.8200,347796,-0.632568,0.762085,0.101440,-0.093445,-0.8073,15.8346,0
28.8300,347806,-0.632629,0.762085,0.101257,-0.093384,-0.8145,15.8140,0
28.8400,347816,-0.632812,0.762024,0.101074,-0.093323,-0.8197,15.7941,0
28.8500,347826,-0.632996,0.761841,0.100891,-0.093384,-0.8343,15.7820,0
28.8600,347836,-0.633179,0.761658,0.100769,-0.093506,-0.8497,15.7801,0
28.8700,347846,-0.633362,0.761597,0.100586,-0.093567,-0.8655,15.7694,0
28.8800,347856,-0.633423,0.761536,0.100403,-0.093628,-0.8828,15.7574,0
28.8900,347866,-0.633606,0.761414,0.100159,-0.093628,-0.8971,15.7359,0
28.9000,347876,-0.633789,0.761292,0.099976,-0.093689,-0.9123,15.7246,0
28.9100,347886,-0.634033,0.761108,0.099731,-0.093750,-0.9306,15.7077,0
28.9200,347896,-0.634216,0.760925,0.099487,-0.093811,-0.9496,15.6902,0
28.9300,347906,-0.634521,0.760742,0.099243,-0.093872,-0.9673,15.6740,0
28.9400,347916,-0.634827,0.760437,0.099121,-0.094055,-0.9853,15.6767,0
28.9500,347926,-0.635193,0.760193,0.098938,-0.094177,-1.0025,15.6706,0
28.9600,347936,-0.635681,0.759766,0.098511,-0.094360,-1.0394,15.6465,0
28.9700,347946,-0.635864,0.759644,0.098389,-0.094360,-1.0449,15.6361,0
28.9800,347956,-0.635986,0.759583,0.098267,-0.094299,-1.0465,15.6211,0
28.9900,347966,-0.636108,0.759521,0.098083,-0.094177,-1.0472,15.5960,0
29.0000,347976,-0.636169,0.759521,0.097961,-0.094055,-1.0448,15.5763,0
29.0100,347986,-0.636292,0.759460,0.097778,-0.093811,-1.0348,15.5419,0
29.0200,347996,-0.636475,0.759338,0.097595,-0.093628,-1.0289,15.5121,0
29.0300,348006,-0.636780,0.759155,0.097473,-0.093323,-1.0059,15.4791,0
29.0400,348016,-0.637085,0.758911,0.097290,-0.093079,-0.9920,15.4446,0
29.0500,348026,-0.637512,0.758606,0.097107,-0.092773,-0.9708,15.4061,0
29.0600,348036,-0.637939,0.758301,0.096985,-0.092468,-0.9452,15.3730,0
29.0700,348046,-0.638367,0.757996,0.096924,-0.092224,-0.9205,15.3501,0
29.0800,348056,-0.638733,0.757751,0.096863,-0.091980,-0.8971,15.3271,0
29.0900,348066,-0.639099,0.757507,0.096863,-0.091675,-0.8640,15.3050,0
29.1000,348076,-0.639343,0.757324,0.096924,-0.091431,-0.8337,15.2923,0
29.1100,348086,-0.639465,0.757202,0.096985,-0.091125,-0.8001,15.2745,0
29.1200,348096,-0.639526,0.757202,0.097107,-0.090698,-0.7534,15.2535,0
29.1300,348106,-0.639526,0.757202,0.097229,-0.090271,-0.7074,15.2319,0
29.1400,348116,-0.639526,0.757324,0.097290,-0.089783,-0.6618,15.2015,0
29.1500,348126,-0.639465,0.757385,0.097412,-0.089294,-0.6118,15.1753,0
29.1600,348136,-0.639526,0.757324,0.097534,-0.088928,-0.5697,15.1583,0
29.1700,348146,-0.639587,0.757324,0.097595,-0.088562,-0.5328,15.1365,0
29.1800,348156,-0.639648,0.757324,0.097717,-0.088379,-0.5073,15.1342,0
29.1900,348166,-0.639465,0.757446,0.097839,-0.088257,-0.4910,15.1353,0
29.2000,348176,-0.639282,0.757568,0.097961,-0.088196,-0.4801,15.1412,0
29.2100,348186,-0.639099,0.757751,0.098083,-0.088074,-0.4644,15.1431,0
29.2200,348196,-0.638916,0.757935,0.098145,-0.087891,-0.4480,15.1348,0
29.2300,348206,-0.638672,0.758179,0.098145,-0.087524,-0.4214,15.1073,0
29.2400,348216,-0.638733,0.758118,0.098083,-0.087524,-0.4245,15.1018,0
29.2500,348226,-0.638916,0.757996,0.098083,-0.087524,-0.4212,15.1022,0
29.2600,348236,-0.638977,0.757874,0.098022,-0.087646,-0.4344,15.1053,0
29.2700,348246,-0.639038,0.757874,0.097900,-0.087708,-0.4480,15.0995,0
29.2800,348256,-0.639038,0.757935,0.097778,-0.087646,-0.4522,15.0846,0
29.2900,348266,-0.638916,0.758057,0.097473,-0.087402,-0.4559,15.0389,0
29.3000,348276,-0.638855,0.758179,0.097168,-0.087158,-0.4590,14.9937,0
29.3100,348286,-0.638794,0.758301,0.096802,-0.086853,-0.4612,14.9384,0
29.3200,348296,-0.638855,0.758362,0.096375,-0.086548,-0.4658,14.8782,0
29.3300,348306,-0.638977,0.758301,0.095947,-0.086304,-0.4740,14.8219,0
29.3400,348316,-0.639221,0.758179,0.095459,-0.086121,-0.4899,14.7653,0
29.3500,348326,-0.639526,0.757996,0.095032,-0.085876,-0.4949,14.7095,0
29.3600,348336,-0.639893,0.757751,0.094666,-0.085754,-0.5048,14.6683,0
29.3700,348346,-0.640381,0.757446,0.094421,-0.085632,-0.5038,14.6387,0
29.3800,348356,-0.640869,0.757080,0.094238,-0.085510,-0.4978,14.6138,0
29.3900,348366,-0.641235,0.756714,0.094055,-0.085449,-0.4984,14.5924,0
29.4000,348376,-0.641541,0.756531,0.093933,-0.085327,-0.4917,14.5732,0
29.4100,348386,-0.641724,0.756409,0.093750,-0.085083,-0.4808,14.5388,0
29.4200,348396,-0.641785,0.756409,0.093628,-0.084717,-0.4574,14.5006,0
29.4300,348406,-0.641846,0.756409,0.093506,-0.084229,-0.4234,14.4531,0
29.4400,348416,-0.641968,0.756409,0.093323,-0.083740,-0.3932,14.4008,0
29.4500,348426,-0.642151,0.756348,0.093201,-0.083191,-0.3521,14.3492,0
29.4600,348436,-0.642395,0.756165,0.093018,-0.082642,-0.3136,14.2915,0
29.4700,348446,-0.642761,0.755981,0.092773,-0.082031,-0.2731,14.2247,0
29.4800,348456,-0.643250,0.755615,0.092651,-0.081543,-0.2312,14.1774,0
29.4900,348466,-0.644592,0.754639,0.092468,-0.080627,-0.1421,14.0935,0
29.5000,348476,-0.645386,0.753967,0.092468,-0.080322,-0.1011,14.0704,0
29.5100,348486,-0.646240,0.753235,0.092590,-0.079956,-0.0447,14.0534,0
29.5200,348496,-0.647095,0.752563,0.092712,-0.079651,0.0059,14.0416,0
29.5300,348506,-0.647766,0.752014,0.092834,-0.079224,0.0639,14.0201,0
29.5400,348516,-0.648376,0.751526,0.092957,-0.078674,0.1312,13.9893,0
29.5500,348526,-0.648804,0.751160,0.093079,-0.078125,0.1954,13.9580,0
29.5600,348536,-0.649231,0.750854,0.093201,-0.077454,0.2696,13.9180,0
29.5700,348546,-0.649597,0.750610,0.093384,-0.076843,0.3418,13.8882,0
29.5800,348556,-0.649963,0.750305,0.093567,-0.076233,0.4145,13.8577,0
29.5900,348566,-0.650330,0.750000,0.093750,-0.075684,0.4819,13.8318,0
29.6000,348576,-0.650757,0.749695,0.093933,-0.075256,0.5395,13.8157,0
29.6100,348586,-0.651245,0.749268,0.094116,-0.074890,0.5936,13.8035,0
29.6200,348596,-0.651794,0.748779,0.094299,-0.074585,0.6436,13.7958,0
29.6300,348606,-0.652466,0.748230,0.094543,-0.074463,0.6842,13.8078,0
29.6400,348616,-0.653137,0.747620,0.094666,-0.074402,0.7111,13.8131,0
29.6500,348626,-0.653687,0.747070,0.094788,-0.074341,0.7361,13.8179,0
29.6600,348636,-0.654175,0.746643,0.094849,-0.074341,0.7496,13.8229,0
29.6700,348646,-0.654541,0.746338,0.094910,-0.074341,0.7608,13.8280,0
29.6800,348656,-0.654846,0.746094,0.094910,-0.074280,0.7714,13.8233,0
29.6900,348666,-0.655029,0.745911,0.094971,-0.074280,0.7795,13.8283,0
29.7000,348676,-0.655151,0.745789,0.095032,-0.074219,0.7917,13.8287,0
29.7100,348686,-0.655212,0.745728,0.095154,-0.074219,0.8021,13.8393,0
29.7200,348696,-0.655212,0.745728,0.095337,-0.074280,0.8106,13.8601,0
29.7300,348706,-0.655151,0.745789,0.095459,-0.074280,0.8186,13.8710,0
29.7400,348716,-0.655090,0.745789,0.095642,-0.074402,0.8212,13.8961,0
29.7500,348726,-0.655029,0.745789,0.095825,-0.074463,0.8291,13.9164,0
29.7600,348736,-0.655396,0.745361,0.096191,-0.074951,0.8225,13.9848,0
29.7700,348746,-0.655762,0.744995,0.096436,-0.075256,0.8220,14.0290,0
29.7800,348756,-0.656189,0.744568,0.096680,-0.075623,0.8175,14.0778,0
29.7900,348766,-0.656677,0.744019,0.096924,-0.076050,0.8096,14.1305,0
29.8000,348776,-0.657227,0.743530,0.097168,-0.076355,0.8124,14.1750,0
29.8100,348786,-0.657593,0.743103,0.097412,-0.076599,0.8178,14.2138,0
29.8200,348796,-0.657837,0.742859,0.097656,-0.076721,0.8307,14.2442,0
29.8300,348806,-0.657959,0.742676,0.097839,-0.076843,0.8371,14.2688,0
29.8400,348816,-0.658081,0.742554,0.098083,-0.076843,0.8579,14.2900,0
29.8500,348826,-0.658142,0.742493,0.098328,-0.076782,0.8828,14.3067,0
29.8600,348836,-0.658325,0.742310,0.098572,-0.076782,0.9049,14.3277,0
29.8700,348846,-0.658508,0.742126,0.098877,-0.076721,0.9368,14.3494,0
29.8800,348856,-0.658752,0.741882,0.099121,-0.076660,0.9653,14.3655,0
29.8900,348866,-0.658997,0.741577,0.099487,-0.076660,0.9984,14.3965,0
29.9000,348876,-0.659302,0.741211,0.099854,-0.076660,1.0328,14.4272,0
29.9100,348886,-0.659668,0.740906,0.100220,-0.076721,1.0622,14.4639,0
29.9200,348896,-0.660034,0.740479,0.100586,-0.076782,1.0926,14.4992,0
29.9300,348906,-0.660461,0.740051,0.101013,-0.076965,1.1181,14.5499,0
29.9400,348916,-0.660889,0.739563,0.101440,-0.077148,1.1442,14.5998,0
29.9500,348926,-0.661255,0.739197,0.101807,-0.077332,1.1640,14.6453,0
29.9600,348936,-0.661438,0.738953,0.102173,-0.077576,1.1754,14.6953,0
29.9700,348946,-0.661560,0.738770,0.102539,-0.077820,1.1855,14.7454,0
29.9800,348956,-0.661560,0.738708,0.102783,-0.078064,1.1839,14.7852,0
29.9900,348966,-0.661438,0.738770,0.102966,-0.078247,1.1803,14.8152,0
30.0000,348976,-0.661316,0.738831,0.103149,-0.078430,1.1767,14.8452,0
30.0100,348986,-0.661194,0.738892,0.103394,-0.078674,1.1725,14.8853,0
30.0200,348996,-0.660767,0.739136,0.103882,-0.079163,1.1609,14.9653,0
30.0300,349006,-0.660461,0.739319,0.104187,-0.079468,1.1528,15.0154,0
30.0400,349016,-0.660156,0.739502,0.104492,-0.079834,1.1395,15.0702,0
30.0500,349026,-0.659790,0.739807,0.104797,-0.080139,1.1296,15.1211,0
30.0600,349036,-0.659424,0.740051,0.104980,-0.080505,1.1057,15.1653,0
30.0700,349046,-0.659058,0.740295,0.105164,-0.080811,1.0870,15.2048,0
30.0800,349056,-0.658752,0.740479,0.105347,-0.081055,1.0747,15.2393,0
30.0900,349066,-0.658569,0.740662,0.105530,-0.081360,1.0587,15.2797,0
30.1000,349076,-0.658325,0.740784,0.105713,-0.081665,1.0425,15.3188,0
30.1100,349086,-0.658264,0.740784,0.105957,-0.081909,1.0395,15.3587,0
30.1200,349096,-0.658142,0.740784,0.106201,-0.082153,1.0357,15.3982,0
30.1300,349106,-0.658142,0.740784,0.106445,-0.082397,1.0334,15.4387,0
30.1400,349116,-0.658020,0.740845,0.106689,-0.082581,1.0342,15.4741,0
30.1500,349126,-0.657959,0.740845,0.106873,-0.082703,1.0369,15.4992,0
30.1600,349136,-0.657776,0.740967,0.107056,-0.082703,1.0473,15.5152,0
30.1700,349146,-0.657654,0.741089,0.107239,-0.082642,1.0636,15.5270,0
30.1800,349156,-0.657532,0.741211,0.107361,-0.082581,1.0753,15.5333,0
30.1900,349166,-0.657410,0.741272,0.107422,-0.082520,1.0830,15.5336,0
30.2000,349176,-0.657349,0.741333,0.107422,-0.082397,1.0921,15.5243,0
30.2100,349186,-0.657471,0.741211,0.107483,-0.082275,1.1097,15.5199,0
30.2200,349196,-0.657715,0.741028,0.107483,-0.082153,1.1248,15.5104,0
30.2300,349206,-0.658020,0.740723,0.107544,-0.082092,1.1412,15.5102,0
30.2400,349216,-0.658386,0.740356,0.107666,-0.082092,1.1584,15.5200,0
30.2500,349226,-0.658752,0.740051,0.107910,-0.082153,1.1790,15.5460,0
30.2600,349236,-0.658936,0.739807,0.108154,-0.082214,1.1969,15.5711,0
30.2700,349246,-0.658875,0.739807,0.108459,-0.082214,1.2192,15.5975,0
30.2800,349256,-0.658691,0.739990,0.108704,-0.082092,1.2439,15.6101,0
30.2900,349266,-0.658142,0.740479,0.109009,-0.081848,1.2763,15.6190,0
30.3000,349276,-0.657898,0.740662,0.109070,-0.081726,1.2864,15.6149,0
30.3100,349286,-0.657776,0.740784,0.109192,-0.081787,1.2878,15.6308,0
30.3200,349296,-0.657654,0.740845,0.109253,-0.081848,1.2851,15.6406,0
30.3300,349306,-0.657654,0.740845,0.109375,-0.082031,1.2788,15.6656,0
30.3400,349316,-0.657593,0.740845,0.109497,-0.082214,1.2717,15.6901,0
30.3500,349326,-0.657532,0.740845,0.109558,-0.082336,1.2651,15.7044,0
30.3600,349336,-0.657410,0.740906,0.109619,-0.082520,1.2521,15.7237,0
30.3700,349346,-0.657288,0.741028,0.109741,-0.082581,1.2534,15.7396,0
30.3800,349356,-0.657227,0.741028,0.109863,-0.082703,1.2515,15.7593,0
30.3900,349366,-0.657104,0.741089,0.110046,-0.082825,1.2528,15.7847,0
30.4000,349376,-0.656860,0.741272,0.110168,-0.083008,1.2416,15.8097,0
30.4100,349386,-0.656677,0.741455,0.110229,-0.083252,1.2214,15.8346,0
30.4200,349396,-0.656433,0.741577,0.110352,-0.083496,1.2055,15.8636,0
30.4300,349406,-0.656189,0.741760,0.110413,-0.083679,1.1897,15.8832,0
30.4400,349416,-0.655945,0.741943,0.110474,-0.083862,1.1739,15.9028,0
30.4500,349426,-0.655701,0.742126,0.110535,-0.084045,1.1581,15.9224,0
30.4600,349436,-0.655457,0.742310,0.110596,-0.084167,1.1474,15.9372,0
30.4700,349446,-0.655273,0.742432,0.110657,-0.084351,1.1329,15.9566,0
30.4800,349456,-0.655212,0.742493,0.110657,-0.084534,1.1160,15.9710,0
30.4900,349466,-0.655151,0.742493,0.110718,-0.084717,1.1042,15.9901,0
30.5000,349476,-0.655212,0.742432,0.110779,-0.084900,1.0946,16.0095,0
30.5100,349486,-0.655273,0.742371,0.110901,-0.085144,1.0843,16.0391,0
30.5200,349496,-0.655212,0.742371,0.110962,-0.085327,1.0726,16.0582,0
30.5300,349506,-0.655151,0.742371,0.111084,-0.085449,1.0706,16.0779,0
30.5400,349516,-0.655090,0.742432,0.111206,-0.085632,1.0628,16.1031,0
30.5500,349526,-0.654724,0.742676,0.111511,-0.085876,1.0578,16.1487,0
30.5600,349536,-0.654480,0.742798,0.111694,-0.085999,1.0568,16.1736,0
30.5700,349546,-0.654297,0.742981,0.111816,-0.086060,1.0567,16.1897,0
30.5800,349556,-0.654114,0.743103,0.111877,-0.086121,1.0525,16.1997,0
30.5900,349566,-0.653992,0.743164,0.112000,-0.086243,1.0491,16.2196,0
30.6000,349576,-0.653931,0.743225,0.112183,-0.086426,1.0458,16.2502,0
30.6100,349586,-0.653870,0.743164,0.112305,-0.086609,1.0392,16.2739,0
30.6200,349596,-0.653870,0.743164,0.112427,-0.086853,1.0275,16.3037,0
30.6300,349606,-0.653809,0.743164,0.112610,-0.087097,1.0197,16.3384,0
30.6400,349616,-0.653625,0.743225,0.112732,-0.087280,1.0102,16.3624,0
30.6500,349626,-0.653503,0.743347,0.112854,-0.087402,1.0062,16.3831,0
30.6600,349636,-0.653259,0.743530,0.112976,-0.087524,0.9999,16.4033,0
30.6700,349646,-0.653076,0.743652,0.113159,-0.087646,0.9996,16.4289,0
30.6800,349656,-0.652832,0.743835,0.113220,-0.087708,0.9940,16.4390,0
30.6900,349666,-0.652649,0.744019,0.113281,-0.087830,0.9839,16.4544,0
30.7000,349676,-0.652466,0.744080,0.113342,-0.087952,0.9751,16.4682,0
30.7100,349686,-0.652405,0.744141,0.113403,-0.088135,0.9626,16.4880,0
30.7200,349696,-0.652344,0.744141,0.113464,-0.088257,0.9560,16.5023,0
30.7300,349706,-0.652283,0.744202,0.113525,-0.088440,0.9435,16.5221,0
30.7400,349716,-0.652283,0.744202,0.113525,-0.088501,0.9383,16.5269,0
30.7500,349726,-0.652222,0.744202,0.113464,-0.088562,0.9278,16.5255,0
30.7600,349736,-0.652222,0.744202,0.113403,-0.088623,0.9180,16.5248,0
30.7700,349746,-0.652161,0.744324,0.113342,-0.088562,0.9166,16.5156,0
30.7800,349756,-0.652100,0.744385,0.113220,-0.088501,0.9113,16.5001,0
30.7900,349766,-0.651978,0.744507,0.113159,-0.088501,0.9039,16.4950,0
30.8000,349776,-0.651855,0.744568,0.113098,-0.088501,0.8971,16.4892,0
30.8100,349786,-0.651855,0.744629,0.113037,-0.088562,0.8867,16.4892,0
30.8200,349796,-0.651917,0.744568,0.113037,-0.088562,0.8882,16.4890,0
30.8300,349806,-0.651978,0.744507,0.113037,-0.088562,0.8896,16.4889,0
30.8400,349816,-0.651978,0.744507,0.113037,-0.088562,0.8896,16.4889,0
30.8500,349826,-0.651978,0.744507,0.112976,-0.088562,0.8850,16.4834,0
30.8600,349836,-0.651978,0.744507,0.113037,-0.088501,0.8948,16.4841,0
30.8700,349846,-0.652039,0.744507,0.113037,-0.088440,0.9008,16.4800,0
30.8800,349856,-0.652039,0.744507,0.113037,-0.088318,0.9112,16.4706,0
30.8900,349866,-0.652039,0.744507,0.113037,-0.088196,0.9216,16.4611,0
30.9000,349876,-0.651978,0.744568,0.113037,-0.088074,0.9306,16.4518,0
30.9100,349886,-0.651917,0.744629,0.113037,-0.087891,0.9448,16.4378,0
30.9200,349896,-0.651855,0.744690,0.113037,-0.087769,0.9538,16.4286,0
30.9300,349906,-0.651855,0.744751,0.112976,-0.087646,0.9591,16.4144,0
30.9400,349916,-0.651855,0.744751,0.112915,-0.087585,0.9597,16.4043,0
30.9500,349926,-0.651855,0.744751,0.112854,-0.087524,0.9604,16.3941,0
30.9600,349936,-0.651917,0.744690,0.112854,-0.087585,0.9566,16.3987,0
30.9700,349946,-0.652039,0.744629,0.112793,-0.087585,0.9542,16.3936,0
30.9800,349956,-0.652161,0.744507,0.112793,-0.087585,0.9570,16.3933,0
30.9900,349966,-0.652222,0.744446,0.112793,-0.087646,0.9532,16.3979,0
31.0000,349976,-0.652283,0.744385,0.112732,-0.087646,0.9501,16.3922,0
31.0100,349986,-0.652283,0.744385,0.112671,-0.087585,0.9507,16.3821,0
31.0200,349996,-0.652283,0.744446,0.112610,-0.087585,0.9455,16.3774,0
31.0300,350006,-0.652222,0.744507,0.112610,-0.087524,0.9493,16.3728,0
31.0400,350016,-0.652100,0.744629,0.112549,-0.087463,0.9472,16.3630,0
31.0500,350026,-0.651978,0.744751,0.112488,-0.087402,0.9450,16.3532,0
31.0600,350036,-0.651855,0.744873,0.112366,-0.087341,0.9383,16.3379,0
31.0700,350046,-0.651672,0.745056,0.112305,-0.087341,0.9296,16.3330,0
31.0800,350056,-0.651550,0.745178,0.112061,-0.087219,0.9190,16.3021,0
31.0900,350066,-0.651550,0.745239,0.111938,-0.087158,0.9145,16.2873,0
31.1000,350076,-0.651550,0.745239,0.111816,-0.087097,0.9106,16.2717,0
31.1100,350086,-0.651550,0.745239,0.111694,-0.087097,0.9014,16.2608,0
31.1200,350096,-0.651550,0.745300,0.111511,-0.087097,0.8872,16.2452,0
31.1300,350106,-0.651550,0.745300,0.111389,-0.087097,0.8780,16.2343,0
31.1400,350116,-0.651550,0.745300,0.111267,-0.087036,0.8741,16.2187,0
31.1500,350126,-0.651550,0.745361,0.111145,-0.087097,0.8592,16.2133,0
31.1600,350136,-0.651550,0.745361,0.111023,-0.087097,0.8501,16.2024,0
31.1700,350146,-0.651611,0.745361,0.110901,-0.087097,0.8418,16.1921,0
31.1800,350156,-0.651672,0.745300,0.110718,-0.087097,0.8295,16.1756,0
31.1900,350166,-0.651733,0.745239,0.110596,-0.087158,0.8165,16.1693,0
31.2000,350176,-0.651855,0.745178,0.110352,-0.087158,0.8004,16.1480,0
31.2100,350186,-0.651917,0.745178,0.110168,-0.087158,0.7875,16.1323,0
31.2200,350196,-0.652039,0.745117,0.109924,-0.087097,0.7766,16.1063,0
31.2300,350206,-0.652100,0.745056,0.109741,-0.087036,0.7696,16.0851,0
31.2400,350216,-0.652222,0.745056,0.109497,-0.086975,0.7580,16.0598,0
31.2500,350226,-0.652344,0.744995,0.109253,-0.086914,0.7471,16.0338,0
31.2600,350236,-0.652466,0.744873,0.109009,-0.086914,0.7316,16.0118,0
31.2700,350246,-0.652649,0.744751,0.108826,-0.086975,0.7162,16.0005,0
31.2800,350256,-0.652832,0.744629,0.108704,-0.086975,0.7106,15.9899,0
31.2900,350266,-0.652954,0.744507,0.108643,-0.087097,0.6984,15.9937,0
31.3000,350276,-0.653076,0.744385,0.108521,-0.087158,0.6868,15.9873,0
31.3100,350286,-0.653015,0.744446,0.108459,-0.087219,0.6756,15.9867,0
31.3200,350296,-0.652893,0.744568,0.108398,-0.087280,0.6631,15.9863,0
31.3300,350306,-0.652771,0.744629,0.108337,-0.087341,0.6512,15.9852,0
31.3400,350316,-0.652710,0.744690,0.108215,-0.087402,0.6355,15.9792,0
31.3500,350326,-0.652710,0.744751,0.107971,-0.087830,0.5802,15.9913,0
31.3600,350336,-0.652710,0.744690,0.107849,-0.088135,0.5456,16.0034,0
31.3700,350346,-0.652710,0.744690,0.107788,-0.088440,0.5150,16.0216,0
31.3800,350356,-0.652649,0.744751,0.107666,-0.088745,0.4784,16.0345,0
31.3900,350366,-0.652527,0.744751,0.107605,-0.088989,0.4515,16.0468,0
31.4000,350376,-0.652466,0.744812,0.107605,-0.089233,0.4293,16.0659,0
31.4100,350386,-0.652344,0.744873,0.107666,-0.089478,0.4109,16.0897,0
31.4200,350396,-0.652222,0.744934,0.107727,-0.089722,0.3925,16.1136,0
31.4300,350406,-0.652039,0.745056,0.107849,-0.090027,0.3720,16.1477,0
31.4400,350416,-0.651917,0.745117,0.108032,-0.090210,0.3680,16.1777,0
31.4500,350426,-0.651733,0.745239,0.108093,-0.090454,0.3481,16.2017,0
31.4600,350436,-0.651611,0.745300,0.108215,-0.090698,0.3343,16.2310,0
31.4700,350446,-0.651550,0.745300,0.108276,-0.090942,0.3172,16.2547,0
31.4800,350456,-0.651489,0.745361,0.108276,-0.091125,0.3002,16.2690,0
31.4900,350466,-0.651428,0.745361,0.108154,-0.091370,0.2694,16.2765,0
31.5000,350476,-0.651489,0.745361,0.108093,-0.091553,0.2500,16.2859,0
31.5100,350486,-0.651611,0.745178,0.108032,-0.091797,0.2280,16.2984,0
31.5200,350496,-0.651611,0.745178,0.108032,-0.091980,0.2124,16.3127,0
31.5300,350506,-0.651489,0.745300,0.108032,-0.092102,0.1992,16.3223,0
31.5400,350516,-0.651306,0.745422,0.108093,-0.092224,0.1898,16.3368,0
31.5500,350526,-0.651123,0.745544,0.108154,-0.092224,0.1907,16.3419,0
31.5600,350536,-0.650879,0.745728,0.108215,-0.092285,0.1851,16.3517,0
31.5700,350546,-0.650635,0.745972,0.108276,-0.092285,0.1841,16.3576,0
31.5800,350556,-0.650391,0.746155,0.108398,-0.092224,0.1934,16.3634,0
31.5900,350566,-0.650208,0.746277,0.108521,-0.092224,0.1989,16.3739,0
31.6000,350576,-0.650085,0.746399,0.108582,-0.092102,0.2111,16.3701,0
31.6100,350586,-0.650024,0.746399,0.108887,-0.092102,0.2331,16.3967,0
31.6200,350596,-0.650085,0.746338,0.109009,-0.092102,0.2436,16.4074,0
31.6300,350606,-0.650146,0.746277,0.109192,-0.092102,0.2586,16.4236,0
31.6400,350616,-0.650085,0.746277,0.109375,-0.092102,0.2715,16.4393,0
31.6500,350626,-0.650085,0.746277,0.109436,-0.091980,0.2865,16.4353,0
31.6600,350636,-0.650146,0.746277,0.109558,-0.091919,0.3016,16.4421,0
31.6700,350646,-0.650208,0.746216,0.109619,-0.091736,0.3232,16.4332,0
31.6800,350656,-0.650269,0.746155,0.109619,-0.091614,0.3350,16.4237,0
31.6900,350666,-0.650391,0.746033,0.109680,-0.091431,0.3581,16.4147,0
31.7000,350676,-0.650574,0.745911,0.109680,-0.091309,0.3721,16.4056,0
31.7100,350686,-0.650757,0.745789,0.109741,-0.091187,0.3906,16.4019,0
31.7200,350696,-0.650879,0.745667,0.109802,-0.091064,0.4084,16.3977,0
31.7300,350706,-0.650940,0.745605,0.109863,-0.091003,0.4196,16.3983,0
31.7400,350716,-0.651001,0.745544,0.109924,-0.090881,0.4360,16.3941,0
31.7500,350726,-0.651062,0.745544,0.109985,-0.090759,0.4517,16.3907,0
31.7600,350736,-0.651062,0.745544,0.110046,-0.090637,0.4667,16.3867,0
31.7700,350746,-0.651062,0.745544,0.110046,-0.090454,0.4824,16.3725,0
31.7800,350756,-0.651123,0.745483,0.110046,-0.090271,0.4994,16.3582,0
31.7900,350766,-0.651184,0.745422,0.110046,-0.090149,0.5112,16.3486,0
31.8000,350776,-0.651245,0.745422,0.110046,-0.089966,0.5277,16.3351,0
31.8100,350786,-0.651245,0.745483,0.109985,-0.089844,0.5329,16.3209,0
31.8200,350796,-0.651245,0.745483,0.109924,-0.089661,0.5440,16.3013,0
31.8300,350806,-0.651306,0.745483,0.109802,-0.089539,0.5461,16.2816,0
31.8400,350816,-0.651306,0.745483,0.109741,-0.089417,0.5520,16.2667,0
31.8500,350826,-0.651306,0.745544,0.109558,-0.089294,0.5481,16.2417,0
31.8600,350836,-0.651367,0.745544,0.109436,-0.089111,0.5554,16.2172,0
31.8700,350846,-0.651367,0.745544,0.109314,-0.088989,0.5567,16.1969,0
31.8800,350856,-0.651367,0.745605,0.109009,-0.088684,0.5594,16.1469,0
31.8900,350866,-0.651428,0.745667,0.108887,-0.088501,0.5661,16.1232,0
31.9000,350876,-0.651489,0.745605,0.108704,-0.088318,0.5694,16.0926,0
31.9100,350886,-0.651550,0.745605,0.108521,-0.088196,0.5669,16.0674,0
31.9200,350896,-0.651611,0.745605,0.108398,-0.087952,0.5794,16.0383,0
31.9300,350906,-0.651794,0.745483,0.108276,-0.087708,0.5947,16.0089,0
31.9400,350916,-0.651917,0.745422,0.108154,-0.087463,0.6085,15.9796,0
31.9500,350926,-0.651978,0.745422,0.107971,-0.087097,0.6269,15.9355,0
31.9600,350936,-0.652039,0.745483,0.107849,-0.086731,0.6492,15.8977,0
31.9700,350946,-0.652100,0.745483,0.107727,-0.086304,0.6773,15.8544,0
31.9800,350956,-0.652161,0.745483,0.107605,-0.085876,0.7055,15.8111,0
31.9900,350966,-0.652344,0.745361,0.107483,-0.085510,0.7311,15.7722,0
32.0000,350976,-0.652527,0.745239,0.107422,-0.085144,0.7613,15.7388,0
32.0100,350986,-0.652771,0.745056,0.107361,-0.084778,0.7927,15.7052,0
32.0200,350996,-0.653076,0.744873,0.107300,-0.084473,0.8198,15.6768,0
32.0300,351006,-0.653381,0.744629,0.107300,-0.084167,0.8519,15.6532,0
32.0400,351016,-0.653687,0.744446,0.107239,-0.083923,0.8737,15.6296,0
32.0500,351026,-0.653992,0.744202,0.107239,-0.083618,0.9058,15.6059,0
32.0600,351036,-0.654175,0.744019,0.107239,-0.083313,0.9359,15.5818,0
32.0700,351046,-0.654358,0.743958,0.107300,-0.082947,0.9745,15.5599,0
32.0800,351056,-0.654480,0.743896,0.107239,-0.082642,0.9980,15.5312,0
32.0900,351066,-0.654480,0.743896,0.107239,-0.082275,1.0292,15.5029,0
32.1000,351076,-0.654541,0.743835,0.107239,-0.081970,1.0566,15.4792,0
32.1100,351086,-0.654602,0.743835,0.107239,-0.081665,1.0833,15.4561,0
32.1200,351096,-0.654663,0.743835,0.107239,-0.081421,1.1049,15.4378,0
32.1300,351106,-0.654663,0.743835,0.107239,-0.081238,1.1205,15.4236,0
32.1400,351116,-0.654724,0.743835,0.107239,-0.080994,1.1421,15.4053,0
32.1500,351126,-0.654785,0.743835,0.107239,-0.080688,1.1688,15.3823,0
32.1600,351136,-0.654785,0.743835,0.107239,-0.080566,1.1793,15.3729,0
32.1700,351146,-0.654785,0.743835,0.107178,-0.080444,1.1851,15.3580,0
32.1800,351156,-0.654663,0.743958,0.107117,-0.080322,1.1883,15.3435,0
32.1900,351166,-0.654541,0.744141,0.107056,-0.080200,1.1909,15.3298,0
32.2000,351176,-0.654358,0.744263,0.106995,-0.080139,1.1882,15.3195,0
32.2100,351186,-0.654236,0.744385,0.106934,-0.080017,1.1914,15.3050,0
32.2200,351196,-0.654175,0.744446,0.106812,-0.079956,1.1862,15.2896,0
32.2300,351206,-0.654114,0.744507,0.106750,-0.079834,1.1907,15.2750,0
32.2400,351216,-0.654114,0.744568,0.106750,-0.079773,1.1953,15.2710,0
32.2500,351226,-0.654053,0.744629,0.106689,-0.079773,1.1895,15.2657,0
32.2600,351236,-0.653992,0.744690,0.106689,-0.079773,1.1882,15.2659,0
32.2700,351246,-0.653931,0.744751,0.106689,-0.079712,1.1921,15.2614,0
32.2800,351256,-0.653809,0.744873,0.106628,-0.079590,1.1953,15.2469,0
32.2900,351266,-0.653687,0.744995,0.106567,-0.079529,1.1933,15.2372,0
32.3000,351276,-0.653625,0.745056,0.106506,-0.079407,1.1979,15.2225,0
32.3100,351286,-0.653564,0.745117,0.106445,-0.079346,1.1972,15.2126,0
32.3200,351296,-0.653564,0.745178,0.106384,-0.079285,1.1973,15.2032,0
32.3300,351306,-0.653564,0.745178,0.106384,-0.079285,1.1973,15.2032,0
32.3400,351316,-0.653564,0.745178,0.106384,-0.079285,1.1973,15.2032,0
32.3500,351326,-0.653564,0.745178,0.106384,-0.079285,1.1973,15.2032,0
32.3600,351336,-0.653564,0.745178,0.106384,-0.079285,1.1973,15.2032,0
32.3700,351346,-0.653503,0.745178,0.106384,-0.079285,1.1966,15.2026,0
32.3800,351356,-0.653442,0.745239,0.106384,-0.079285,1.1953,15.2028,0
32.3900,351366,-0.653381,0.745300,0.106445,-0.079285,1.1985,15.2084,0
32.4000,351376,-0.653320,0.745361,0.106445,-0.079285,1.1972,15.2086,0
32.4100,351386,-0.653198,0.745483,0.106445,-0.079285,1.1946,15.2090,0
32.4200,351396,-0.653198,0.745483,0.106445,-0.079285,1.1946,15.2090,0
32.4300,351406,-0.653198,0.745483,0.106384,-0.079285,1.1901,15.2036,0
32.4400,351416,-0.653198,0.745422,0.106445,-0.079346,1.1900,15.2130,0
32.4500,351426,-0.653259,0.745422,0.106445,-0.079346,1.1907,15.2135,0
32.4600,351436,-0.653259,0.745422,0.106445,-0.079346,1.1907,15.2135,0
32.4700,351446,-0.653259,0.745422,0.106445,-0.079346,1.1907,15.2135,0
32.4800,351456,-0.653259,0.745422,0.106506,-0.079407,1.1901,15.2236,0
32.4900,351466,-0.653259,0.745422,0.106506,-0.079407,1.1901,15.2236,0
32.5000,351476,-0.653198,0.745483,0.106567,-0.079468,1.1881,15.2339,0
32.5100,351486,-0.653076,0.745544,0.106567,-0.079468,1.1861,15.2336,0
32.5200,351496,-0.652893,0.745667,0.106628,-0.079468,1.1873,15.2388,0
32.5300,351506,-0.652771,0.745789,0.106628,-0.079407,1.1899,15.2345,0
32.5400,351516,-0.652649,0.745911,0.106628,-0.079407,1.1873,15.2349,0
32.5500,351526,-0.652588,0.745972,0.106628,-0.079407,1.1860,15.2350,0
32.5600,351536,-0.652588,0.745972,0.106628,-0.079407,1.1860,15.2350,0
32.5700,351546,-0.652588,0.745972,0.106567,-0.079468,1.1762,15.2343,0
32.5800,351556,-0.652649,0.745911,0.106506,-0.079529,1.1678,15.2334,0
32.5900,351566,-0.652710,0.745850,0.106445,-0.079590,1.1593,15.2325,0
32.6000,351576,-0.652771,0.745789,0.106384,-0.079651,1.1508,15.2316,0
32.6100,351586,-0.652832,0.745728,0.106384,-0.079651,1.1521,15.2314,0
32.6200,351596,-0.652893,0.745667,0.106384,-0.079651,1.1534,15.2312,0
32.6300,351606,-0.652893,0.745667,0.106384,-0.079651,1.1534,15.2312,0
32.6400,351616,-0.652893,0.745667,0.106384,-0.079651,1.1534,15.2312,0
32.6500,351626,-0.652893,0.745667,0.106384,-0.079651,1.1534,15.2312,0
32.6600,351636,-0.652832,0.745728,0.106384,-0.079651,1.1521,15.2314,0
32.6700,351646,-0.652771,0.745789,0.106384,-0.079651,1.1508,15.2316,0
32.6800,351656,-0.652710,0.745850,0.106384,-0.079651,1.1495,15.2318,0
32.6900,351666,-0.652710,0.745850,0.106384,-0.079651,1.1495,15.2318,0
32.7000,351676,-0.652771,0.745789,0.106384,-0.079651,1.1508,15.2316,0
32.7100,351686,-0.652832,0.745728,0.106384,-0.079651,1.1521,15.2314,0
32.7200,351696,-0.652893,0.745728,0.106384,-0.079651,1.1528,15.2319,0
32.7300,351706,-0.652893,0.745728,0.106384,-0.079651,1.1528,15.2319,0
32.7400,351716,-0.652893,0.745728,0.106384,-0.079651,1.1528,15.2319,0
32.7500,351726,-0.652893,0.745728,0.106384,-0.079651,1.1528,15.2319,0
32.7600,351736,-0.652832,0.745728,0.106384,-0.079651,1.1521,15.2314,0
32.7700,351746,-0.652771,0.745850,0.106384,-0.079651,1.1502,15.2323,0
32.7800,351756,-0.652649,0.745911,0.106384,-0.079651,1.1482,15.2319,0
32.7900,351766,-0.652588,0.745972,0.106384,-0.079590,1.1521,15.2274,0
32.8000,351776,-0.652527,0.746033,0.106384,-0.079590,1.1508,15.2276,0
32.8100,351786,-0.652466,0.746094,0.106445,-0.079651,1.1488,15.2379,0
32.8200,351796,-0.652466,0.746094,0.106506,-0.079712,1.1482,15.2480,0
32.8300,351806,-0.652405,0.746094,0.106506,-0.079712,1.1474,15.2475,0
32.8400,351816,-0.652405,0.746094,0.106506,-0.079712,1.1474,15.2475,0
32.8500,351826,-0.652405,0.746094,0.106506,-0.079712,1.1474,15.2475,0
32.8600,351836,-0.652405,0.746094,0.106506,-0.079712,1.1474,15.2475,0
32.8700,351846,-0.652405,0.746094,0.106506,-0.079712,1.1474,15.2475,0
32.8800,351856,-0.652405,0.746094,0.106506,-0.079712,1.1474,15.2475,0
32.8900,351866,-0.652405,0.746094,0.106506,-0.079712,1.1474,15.2475,0
32.9000,351876,-0.652405,0.746094,0.106506,-0.079712,1.1474,15.2475,0
32.9100,351886,-0.652405,0.746094,0.106506,-0.079712,1.1474,15.2475,0
32.9200,351896,-0.652405,0.746094,0.106506,-0.079712,1.1474,15.2475,0
32.9300,351906,-0.652405,0.746094,0.106506,-0.079712,1.1474,15.2475,0
32.9400,351916,-0.652405,0.746094,0.106506,-0.079712,1.1474,15.2475,0
32.9500,351926,-0.652405,0.746094,0.106506,-0.079712,1.1474,15.2475,0
32.9600,351936,-0.652405,0.746094,0.106567,-0.079773,1.1468,15.2576,0
32.9700,351946,-0.652405,0.746094,0.106628,-0.079834,1.1461,15.2678,0
32.9800,351956,-0.652344,0.746155,0.106628,-0.079834,1.1448,15.2679,0
32.9900,351966,-0.652283,0.746216,0.106628,-0.079773,1.1487,15.2634,0
33.0000,351976,-0.652222,0.746277,0.106628,-0.079773,1.1474,15.2636,0
33.0100,351986,-0.652100,0.746338,0.106689,-0.079712,1.1552,15.2640,0
33.0200,351996,-0.651978,0.746460,0.106750,-0.079651,1.1624,15.2651,0
33.0300,352006,-0.651855,0.746521,0.106812,-0.079590,1.1701,15.2655,0
33.0400,352016,-0.651794,0.746582,0.106812,-0.079590,1.1688,15.2656,0
33.0500,352026,-0.651733,0.746643,0.106812,-0.079590,1.1675,15.2658,0
33.0600,352036,-0.651733,0.746643,0.106812,-0.079590,1.1675,15.2658,0
33.0700,352046,-0.651733,0.746643,0.106812,-0.079590,1.1675,15.2658,0
33.0800,352056,-0.651733,0.746643,0.106812,-0.079590,1.1675,15.2658,0
33.0900,352066,-0.651733,0.746643,0.106812,-0.079590,1.1675,15.2658,0
33.1000,352076,-0.651733,0.746643,0.106812,-0.079590,1.1675,15.2658,0
33.1100,352086,-0.651794,0.746643,0.106812,-0.079590,1.1682,15.2664,0
33.1200,352096,-0.651794,0.746582,0.106750,-0.079590,1.1642,15.2602,0
33.1300,352106,-0.651855,0.746582,0.106750,-0.079529,1.1702,15.2561,0
33.1400,352116,-0.651917,0.746521,0.106689,-0.079468,1.1722,15.2458,0
33.1500,352126,-0.651917,0.746521,0.106628,-0.079407,1.1728,15.2356,0
33.1600,352136,-0.651917,0.746521,0.106567,-0.079346,1.1735,15.2255,0
33.1700,352146,-0.651917,0.746582,0.106506,-0.079285,1.1736,15.2161,0
33.1800,352156,-0.651855,0.746643,0.106445,-0.079224,1.1729,15.2062,0
33.1900,352166,-0.651794,0.746704,0.106445,-0.079102,1.1821,15.1970,0
33.2000,352176,-0.651794,0.746704,0.106445,-0.079102,1.1821,15.1970,0
33.2100,352186,-0.651794,0.746704,0.106445,-0.079102,1.1821,15.1970,0
33.2200,352196,-0.651794,0.746704,0.106445,-0.079102,1.1821,15.1970,0
33.2300,352206,-0.651794,0.746704,0.106445,-0.079102,1.1821,15.1970,0
33.2400,352216,-0.651794,0.746704,0.106445,-0.079102,1.1821,15.1970,0
33.2500,352226,-0.651794,0.746704,0.106445,-0.079102,1.1821,15.1970,0
33.2600,352236,-0.651794,0.746704,0.106445,-0.079102,1.1821,15.1970,0
33.2700,352246,-0.651794,0.746704,0.106445,-0.079102,1.1821,15.1970,0
33.2800,352256,-0.651794,0.746704,0.106384,-0.079163,1.1723,15.1962,0
33.2900,352266,-0.651855,0.746643,0.106323,-0.079224,1.1638,15.1953,0
33.3000,352276,-0.651978,0.746582,0.106201,-0.079285,1.1515,15.1895,0
33.3100,352286,-0.652039,0.746521,0.106018,-0.079346,1.1339,15.1777,0
33.3200,352296,-0.652222,0.746399,0.105835,-0.079407,1.1183,15.1663,0
33.3300,352306,-0.652466,0.746155,0.105591,-0.079468,1.1000,15.1486,0
33.3400,352316,-0.652710,0.745972,0.105469,-0.079529,1.0903,15.1424,0
33.3500,352326,-0.652954,0.745789,0.105286,-0.079590,1.0760,15.1309,0
33.3600,352336,-0.653137,0.745667,0.105225,-0.079651,1.0696,15.1304,0
33.3700,352346,-0.653259,0.745544,0.105164,-0.079712,1.0624,15.1293,0
33.3800,352356,-0.653198,0.745605,0.105103,-0.079773,1.0513,15.1288,0
33.3900,352366,-0.653076,0.745728,0.105042,-0.079773,1.0441,15.1237,0
33.4000,352376,-0.652893,0.745850,0.105042,-0.079834,1.0356,15.1282,0
33.4100,352386,-0.652710,0.746094,0.104919,-0.079773,1.0272,15.1139,0
33.4200,352396,-0.652405,0.746338,0.104736,-0.079712,1.0129,15.0930,0
33.4300,352406,-0.652222,0.746521,0.104553,-0.079773,0.9901,15.0820,0
33.4400,352416,-0.652222,0.746582,0.104309,-0.079895,0.9608,15.0704,0
33.4500,352426,-0.652283,0.746521,0.104065,-0.080078,0.9282,15.0626,0
33.4600,352436,-0.652466,0.746338,0.103821,-0.080322,0.8929,15.0592,0
33.4700,352446,-0.652771,0.746094,0.103577,-0.080688,0.8492,15.0657,0
33.4800,352456,-0.653503,0.745422,0.103149,-0.081421,0.7696,15.0832,0
33.4900,352466,-0.653931,0.745056,0.103088,-0.081848,0.7370,15.1104,0
33.5000,352476,-0.654358,0.744629,0.103027,-0.082275,0.7050,15.1371,0
33.5100,352486,-0.654480,0.744446,0.103027,-0.082581,0.6821,15.1597,0
33.5200,352496,-0.654358,0.744507,0.103088,-0.082825,0.6639,15.1835,0
33.5300,352506,-0.654053,0.744751,0.103210,-0.083069,0.6462,15.2132,0
33.5400,352516,-0.653687,0.745056,0.103333,-0.083191,0.6377,15.2336,0
33.5500,352526,-0.653259,0.745361,0.103455,-0.083374,0.6233,15.2581,0
33.5600,352536,-0.652893,0.745667,0.103577,-0.083496,0.6147,15.2785,0
33.5700,352546,-0.652527,0.745972,0.103699,-0.083679,0.6009,15.3035,0
33.5800,352556,-0.652344,0.746094,0.103821,-0.083862,0.5910,15.3282,0
33.5900,352566,-0.652222,0.746094,0.103943,-0.084167,0.5726,15.3615,0
33.6000,352576,-0.652283,0.746033,0.104126,-0.084534,0.5563,15.4059,0
33.6100,352586,-0.652344,0.745911,0.104248,-0.084900,0.5360,15.4441,0
33.6200,352596,-0.652344,0.745850,0.104370,-0.085205,0.5197,15.4778,0
33.6300,352606,-0.652222,0.745972,0.104431,-0.085388,0.5059,15.4977,0
33.6400,352616,-0.651978,0.746094,0.104553,-0.085449,0.5057,15.5123,0
33.6500,352626,-0.651733,0.746338,0.104614,-0.085449,0.5050,15.5183,0
33.6600,352636,-0.651428,0.746582,0.104675,-0.085510,0.4983,15.5283,0
33.6700,352646,-0.651184,0.746765,0.104797,-0.085510,0.5026,15.5390,0
33.6800,352656,-0.651001,0.746887,0.104919,-0.085510,0.5084,15.5495,0
33.6900,352666,-0.650879,0.746948,0.105103,-0.085510,0.5199,15.5654,0
33.7000,352676,-0.650818,0.747009,0.105225,-0.085571,0.5225,15.5811,0
33.7100,352686,-0.650757,0.747009,0.105347,-0.085571,0.5309,15.5913,0
33.7200,352696,-0.650757,0.747009,0.105469,-0.085632,0.5347,15.6069,0
33.7300,352706,-0.650818,0.746948,0.105652,-0.085693,0.5445,15.6278,0
33.7400,352716,-0.650818,0.746948,0.105774,-0.085754,0.5484,15.6433,0
33.7500,352726,-0.650574,0.747070,0.106262,-0.085754,0.5806,15.6859,0
33.7600,352736,-0.650391,0.747253,0.106445,-0.085632,0.6007,15.6932,0
33.7700,352746,-0.650085,0.747437,0.106628,-0.085510,0.6193,15.6994,0
33.7800,352756,-0.649963,0.747559,0.106812,-0.085327,0.6459,15.7019,0
33.7900,352766,-0.649841,0.747681,0.106995,-0.085205,0.6673,15.7091,0
33.8000,352776,-0.649902,0.747620,0.107117,-0.085083,0.6882,15.7104,0
33.8100,352786,-0.649963,0.747559,0.107239,-0.084961,0.7091,15.7118,0
33.8200,352796,-0.650085,0.747437,0.107300,-0.084900,0.7216,15.7122,0
33.8300,352806,-0.650269,0.747314,0.107422,-0.084839,0.7393,15.7187,0
33.8400,352816,-0.650391,0.747131,0.107483,-0.084778,0.7524,15.7184,0
33.8500,352826,-0.650574,0.747009,0.107544,-0.084656,0.7708,15.7147,0
33.8600,352836,-0.650696,0.746887,0.107605,-0.084534,0.7885,15.7104,0
33.8700,352846,-0.650818,0.746826,0.107666,-0.084412,0.8056,15.7068,0
33.8800,352856,-0.650879,0.746765,0.107727,-0.084351,0.8167,15.7074,0
33.8900,352866,-0.650940,0.746704,0.107788,-0.084290,0.8279,15.7080,0
33.9000,352876,-0.651062,0.746582,0.107849,-0.084229,0.8403,15.7084,0
33.9100,352886,-0.651123,0.746521,0.107910,-0.084229,0.8462,15.7137,0
33.9200,352896,-0.651123,0.746521,0.107910,-0.084167,0.8514,15.7090,0
33.9300,352906,-0.651123,0.746521,0.107910,-0.084167,0.8514,15.7090,0
33.9400,352916,-0.651123,0.746521,0.107971,-0.084106,0.8612,15.7097,0
33.9500,352926,-0.651123,0.746521,0.107971,-0.084167,0.8560,15.7144,0
33.9600,352936,-0.651062,0.746582,0.107971,-0.084106,0.8599,15.7099,0
33.9700,352946,-0.650940,0.746643,0.107910,-0.084045,0.8584,15.6993,0
33.9800,352956,-0.650879,0.746765,0.107971,-0.083984,0.8663,15.7009,0
33.9900,352966,-0.650757,0.746887,0.107971,-0.083862,0.8741,15.6919,0
34.0000,352976,-0.650635,0.747009,0.107910,-0.083801,0.8720,15.6821,0
34.0100,352986,-0.650574,0.747070,0.107849,-0.083618,0.8818,15.6627,0
34.0200,352996,-0.650635,0.747070,0.107788,-0.083557,0.8833,15.6531,0
34.0300,353006,-0.650757,0.746948,0.107727,-0.083496,0.8866,15.6427,0
34.0400,353016,-0.650818,0.746887,0.107666,-0.083496,0.8834,15.6371,0
34.0500,353026,-0.650940,0.746826,0.107605,-0.083435,0.8862,15.6273,0
34.0600,353036,-0.651001,0.746826,0.107544,-0.083313,0.8928,15.6130,0
34.0700,353046,-0.651001,0.746826,0.107422,-0.083252,0.8889,15.5975,0
34.0800,353056,-0.651001,0.746826,0.107361,-0.083069,0.9000,15.5779,0
34.0900,353066,-0.651001,0.746826,0.107300,-0.083008,0.9007,15.5678,0
34.1000,353076,-0.651062,0.746826,0.107239,-0.082825,0.9126,15.5488,0
34.1100,353086,-0.651062,0.746887,0.107117,-0.082642,0.9186,15.5246,0
34.1200,353096,-0.651062,0.746887,0.107056,-0.082458,0.9297,15.5051,0
34.1300,353106,-0.651123,0.746887,0.106995,-0.082275,0.9416,15.4861,0
34.1400,353116,-0.651123,0.746887,0.106873,-0.082092,0.9481,15.4611,0
34.1500,353126,-0.651184,0.746887,0.106812,-0.081909,0.9600,15.4422,0
34.1600,353136,-0.651184,0.746948,0.106689,-0.081665,0.9712,15.4132,0
34.1700,353146,-0.651184,0.746948,0.106628,-0.081482,0.9823,15.3937,0
34.1800,353156,-0.651245,0.746948,0.106567,-0.081238,0.9994,15.3701,0
34.1900,353166,-0.651306,0.746948,0.106506,-0.080994,1.0165,15.3464,0
34.2000,353176,-0.651245,0.747009,0.106445,-0.080750,1.0315,15.3224,0
34.2100,353186,-0.651306,0.747009,0.106384,-0.080505,1.0486,15.2987,0
34.2200,353196,-0.651367,0.746948,0.106323,-0.080322,1.0611,15.2790,0
34.2300,353206,-0.651489,0.746887,0.106262,-0.080200,1.0690,15.2646,0
34.2400,353216,-0.651489,0.746887,0.106262,-0.080017,1.0847,15.2505,0
34.2500,353226,-0.651550,0.746887,0.106262,-0.079834,1.1011,15.2370,0
34.2600,353236,-0.651550,0.746887,0.106201,-0.079712,1.1070,15.2222,0
34.2700,353246,-0.651550,0.746948,0.106201,-0.079590,1.1169,15.2135,0
34.2800,353256,-0.651428,0.747009,0.106201,-0.079285,1.1410,15.1897,0
34.2900,353266,-0.651428,0.747009,0.106201,-0.079224,1.1462,15.1850,0
34.3000,353276,-0.651428,0.747009,0.106201,-0.079224,1.1462,15.1850,0
34.3100,353286,-0.651428,0.747009,0.106201,-0.079224,1.1462,15.1850,0
34.3200,353296,-0.651489,0.747009,0.106262,-0.079163,1.1567,15.1863,0
34.3300,353306,-0.651428,0.747070,0.106262,-0.079163,1.1554,15.1865,0
34.3400,353316,-0.651367,0.747131,0.106323,-0.079163,1.1587,15.1921,0
34.3500,353326,-0.651245,0.747192,0.106323,-0.079102,1.1619,15.1870,0
34.3600,353336,-0.651184,0.747314,0.106323,-0.079102,1.1600,15.1879,0
34.3700,353346,-0.651062,0.747375,0.106323,-0.079102,1.1580,15.1876,0
34.3800,353356,-0.651062,0.747375,0.106323,-0.079102,1.1580,15.1876,0
34.3900,353366,-0.651062,0.747375,0.106323,-0.079102,1.1580,15.1876,0
34.4000,353376,-0.651001,0.747375,0.106384,-0.079163,1.1565,15.1972,0
34.4100,353386,-0.651123,0.747253,0.106384,-0.079224,1.1539,15.2015,0
34.4200,353396,-0.651306,0.747070,0.106445,-0.079346,1.1519,15.2158,0
34.4300,353406,-0.651550,0.746887,0.106506,-0.079468,1.1507,15.2306,0
34.4400,353416,-0.651733,0.746704,0.106567,-0.079590,1.1487,15.2448,0
34.4500,353426,-0.651978,0.746460,0.106628,-0.079773,1.1428,15.2636,0
34.4600,353436,-0.652161,0.746216,0.106750,-0.079956,1.1407,15.2873,0
34.4700,353446,-0.652283,0.746155,0.106812,-0.080139,1.1317,15.3072,0
34.4800,353456,-0.652222,0.746155,0.106812,-0.080261,1.1205,15.3160,0
34.4900,353466,-0.652161,0.746216,0.106873,-0.080444,1.1081,15.3357,0
34.5000,353476,-0.652161,0.746155,0.106934,-0.080566,1.1028,15.3498,0
34.5100,353486,-0.652100,0.746155,0.106995,-0.080750,1.0909,15.3688,0
34.5200,353496,-0.652100,0.746155,0.107117,-0.080933,1.0844,15.3938,0
34.5300,353506,-0.652039,0.746155,0.107300,-0.081116,1.0817,15.4236,0
34.5400,353516,-0.652100,0.746033,0.107483,-0.081360,1.0764,15.4578,0
34.5500,353526,-0.652222,0.745789,0.107849,-0.081787,1.0710,15.5215,0
34.5600,353536,-0.652344,0.745728,0.108093,-0.082031,1.0705,15.5624,0
34.5700,353546,-0.652405,0.745605,0.108337,-0.082153,1.0802,15.5926,0
34.5800,353556,-0.652466,0.745483,0.108582,-0.082336,1.0847,15.6275,0
34.5900,353566,-0.652466,0.745422,0.108765,-0.082581,1.0781,15.6619,0
34.6000,353576,-0.652527,0.745300,0.108948,-0.082825,1.0729,15.6962,0
34.6100,353586,-0.652466,0.745300,0.109131,-0.083069,1.0650,15.7307,0
34.6200,353596,-0.652344,0.745361,0.109314,-0.083191,1.0661,15.7561,0
34.6300,353606,-0.652161,0.745544,0.109436,-0.083374,1.0555,15.7816,0
34.6400,353616,-0.651917,0.745667,0.109497,-0.083557,1.0402,15.8004,0
34.6500,353626,-0.651733,0.745789,0.109558,-0.083740,1.0257,15.8197,0
34.6600,353636,-0.651611,0.745911,0.109558,-0.083923,1.0073,15.8342,0
34.6700,353646,-0.651428,0.746033,0.109558,-0.084106,0.9882,15.8481,0
34.6800,353656,-0.651306,0.746155,0.109497,-0.084290,0.9653,15.8571,0
34.6900,353666,-0.651184,0.746216,0.109436,-0.084412,0.9481,15.8606,0
34.7000,353676,-0.651062,0.746338,0.109314,-0.084534,0.9259,15.8595,0
34.7100,353686,-0.650940,0.746460,0.109131,-0.084656,0.8991,15.8529,0
34.7200,353696,-0.650879,0.746521,0.109009,-0.084778,0.8782,15.8516,0
34.7300,353706,-0.650757,0.746582,0.108887,-0.084900,0.8565,15.8497,0
34.7400,353716,-0.650696,0.746704,0.108826,-0.084961,0.8448,15.8499,0
34.7500,353726,-0.650513,0.746826,0.108765,-0.085022,0.8315,15.8489,0
34.7600,353736,-0.650330,0.747009,0.108765,-0.084961,0.8327,15.8447,0
34.7700,353746,-0.650085,0.747192,0.108765,-0.084961,0.8279,15.8446,0
34.7800,353756,-0.649902,0.747375,0.108826,-0.084900,0.8336,15.8458,0
34.7900,353766,-0.649719,0.747559,0.108826,-0.084900,0.8295,15.8463,0
34.8000,353776,-0.649536,0.747681,0.108887,-0.084839,0.8358,15.8468,0
34.8100,353786,-0.649414,0.747803,0.108948,-0.084717,0.8481,15.8432,0
34.8200,353796,-0.649292,0.747925,0.109009,-0.084595,0.8604,15.8396,0
34.8300,353806,-0.649292,0.747925,0.109009,-0.084534,0.8656,15.8349,0
34.8400,353816,-0.649414,0.747864,0.109009,-0.084412,0.8782,15.8259,0
34.8500,353826,-0.649536,0.747742,0.108948,-0.084351,0.8816,15.8154,0
34.8600,353836,-0.649658,0.747620,0.108948,-0.084229,0.8948,15.8057,0
34.8700,353846,-0.649780,0.747559,0.108887,-0.084106,0.9028,15.7913,0
34.8800,353856,-0.649841,0.747498,0.108887,-0.083984,0.9146,15.7817,0
34.8900,353866,-0.649902,0.747498,0.108887,-0.083862,0.9258,15.7729,0
34.9000,353876,-0.649902,0.747498,0.108826,-0.083679,0.9370,15.7534,0
34.9100,353886,-0.649841,0.747559,0.108765,-0.083557,0.9415,15.7387,0
34.9200,353896,-0.649780,0.747681,0.108704,-0.083435,0.9455,15.7248,0
34.9300,353906,-0.649719,0.747742,0.108643,-0.083313,0.9501,15.7101,0
34.9400,353916,-0.649719,0.747803,0.108582,-0.083252,0.9502,15.7007,0
34.9500,353926,-0.649658,0.747803,0.108521,-0.083191,0.9501,15.6900,0
34.9600,353936,-0.649658,0.747803,0.108459,-0.083130,0.9508,15.6799,0
34.9700,353946,-0.649719,0.747803,0.108398,-0.083069,0.9522,15.6703,0
34.9800,353956,-0.649719,0.747864,0.108337,-0.082947,0.9576,15.6562,0
34.9900,353966,-0.649719,0.747864,0.108337,-0.082886,0.9628,15.6515,0
35.0000,353976,-0.649719,0.747864,0.108276,-0.082825,0.9635,15.6414,0
35.0100,353986,-0.649719,0.747864,0.108215,-0.082764,0.9642,15.6313,0
35.0200,353996,-0.649719,0.747864,0.108154,-0.082764,0.9596,15.6258,0
35.0300,354006,-0.649658,0.747925,0.108093,-0.082703,0.9590,15.6158,0
35.0400,354016,-0.649536,0.748047,0.108093,-0.082581,0.9668,15.6068,0
35.0500,354026,-0.649353,0.748230,0.108032,-0.082520,0.9635,15.5972,0
35.0600,354036,-0.649170,0.748413,0.107971,-0.082397,0.9654,15.5829,0
35.0700,354046,-0.649048,0.748535,0.107910,-0.082275,0.9687,15.5684,0
35.0800,354056,-0.648743,0.748840,0.107849,-0.082092,0.9732,15.5498,0
35.0900,354066,-0.648682,0.748901,0.107788,-0.082031,0.9726,15.5398,0
35.1000,354076,-0.648621,0.748962,0.107727,-0.081909,0.9772,15.5252,0
35.1100,354086,-0.648560,0.749084,0.107605,-0.081787,0.9767,15.5058,0
35.1200,354096,-0.648560,0.749084,0.107544,-0.081726,0.9774,15.4957,0
35.1300,354106,-0.648560,0.749146,0.107483,-0.081604,0.9828,15.4816,0
35.1400,354116,-0.648621,0.749023,0.107422,-0.081543,0.9854,15.4706,0
35.1500,354126,-0.648743,0.748962,0.107361,-0.081604,0.9777,15.4702,0
35.1600,354136,-0.648865,0.748840,0.107361,-0.081604,0.9803,15.4699,0
35.1700,354146,-0.648926,0.748779,0.107361,-0.081604,0.9816,15.4697,0
35.1800,354156,-0.648926,0.748779,0.107422,-0.081604,0.9862,15.4751,0
35.1900,354166,-0.648865,0.748840,0.107422,-0.081482,0.9953,15.4660,0
35.2000,354176,-0.648743,0.748962,0.107422,-0.081360,1.0031,15.4569,0
35.2100,354186,-0.648621,0.749084,0.107483,-0.081238,1.0155,15.4534,0
35.2200,354196,-0.648437,0.749268,0.107483,-0.081055,1.0273,15.4399,0
35.2300,354206,-0.648254,0.749451,0.107422,-0.080994,1.0240,15.4303,0
35.2400,354216,-0.648193,0.749512,0.107483,-0.080994,1.0273,15.4359,0
35.2500,354226,-0.648193,0.749512,0.107483,-0.080994,1.0273,15.4359,0
35.2600,354236,-0.648193,0.749512,0.107483,-0.080994,1.0273,15.4359,0
35.2700,354246,-0.648193,0.749512,0.107483,-0.080994,1.0273,15.4359,0
35.2800,354256,-0.648132,0.749512,0.107483,-0.080994,1.0265,15.4354,0
35.2900,354266,-0.648132,0.749512,0.107422,-0.080933,1.0272,15.4253,0
35.3000,354276,-0.648193,0.749512,0.107361,-0.080872,1.0287,15.4157,0
35.3100,354286,-0.648193,0.749573,0.107361,-0.080811,1.0334,15.4117,0
35.3200,354296,-0.648193,0.749573,0.107300,-0.080811,1.0288,15.4063,0
35.3300,354306,-0.648193,0.749573,0.107239,-0.080750,1.0295,15.3962,0
35.3400,354316,-0.648193,0.749573,0.107178,-0.080688,1.0302,15.3860,0
35.3500,354326,-0.648193,0.749573,0.107056,-0.080505,1.0369,15.3611,0
35.3600,354336,-0.648193,0.749573,0.106995,-0.080444,1.0376,15.3510,0
35.3700,354346,-0.648193,0.749573,0.106995,-0.080444,1.0376,15.3510,0
35.3800,354356,-0.648254,0.749573,0.106995,-0.080444,1.0384,15.3515,0
35.3900,354366,-0.648254,0.749573,0.106995,-0.080444,1.0384,15.3515,0
35.4000,354376,-0.648254,0.749573,0.106995,-0.080444,1.0384,15.3515,0
35.4100,354386,-0.648132,0.749634,0.106995,-0.080444,1.0363,15.3512,0
35.4200,354396,-0.648132,0.749695,0.106934,-0.080383,1.0364,15.3418,0
35.4300,354406,-0.648132,0.749695,0.106873,-0.080322,1.0372,15.3317,0
35.4400,354416,-0.648132,0.749695,0.106750,-0.080261,1.0333,15.3161,0
35.4500,354426,-0.648132,0.749756,0.106628,-0.080200,1.0289,15.3012,0
35.4600,354436,-0.648132,0.749756,0.106567,-0.080139,1.0297,15.2911,0
35.4700,354446,-0.648132,0.749756,0.106506,-0.080078,1.0304,15.2810,0
35.4800,354456,-0.648193,0.749756,0.106445,-0.080017,1.0318,15.2714,0
35.4900,354466,-0.648193,0.749756,0.106445,-0.080017,1.0318,15.2714,0
35.5000,354476,-0.648193,0.749756,0.106445,-0.080017,1.0318,15.2714,0
35.5100,354486,-0.648132,0.749756,0.106445,-0.080017,1.0311,15.2709,0
35.5200,354496,-0.648071,0.749817,0.106445,-0.080017,1.0298,15.2710,0
35.5300,354506,-0.648010,0.749878,0.106445,-0.080017,1.0285,15.2712,0
35.5400,354516,-0.647949,0.749939,0.106445,-0.080017,1.0272,15.2714,0
35.5500,354526,-0.647827,0.750061,0.106445,-0.079956,1.0298,15.2671,0
35.5600,354536,-0.647766,0.750122,0.106384,-0.079956,1.0240,15.2618,0
35.5700,354546,-0.647766,0.750122,0.106384,-0.079956,1.0240,15.2618,0
35.5800,354556,-0.647705,0.750183,0.106323,-0.080017,1.0129,15.2612,0
35.5900,354566,-0.647766,0.750183,0.106323,-0.079956,1.0189,15.2571,0
35.6000,354576,-0.647705,0.750183,0.106323,-0.079956,1.0181,15.2565,0
35.6100,354586,-0.647705,0.750183,0.106323,-0.079956,1.0181,15.2565,0
35.6200,354596,-0.647766,0.750183,0.106201,-0.079895,1.0151,15.2415,0
35.6300,354606,-0.647766,0.750183,0.106201,-0.079834,1.0203,15.2368,0
35.6400,354616,-0.647766,0.750183,0.106140,-0.079834,1.0158,15.2314,0
35.6500,354626,-0.647827,0.750122,0.106140,-0.079895,1.0118,15.2359,0
35.6600,354636,-0.647888,0.750061,0.106140,-0.079895,1.0131,15.2357,0
35.6700,354646,-0.647888,0.750061,0.106140,-0.079895,1.0131,15.2357,0
35.6800,354656,-0.647949,0.750000,0.106140,-0.079895,1.0144,15.2355,0
35.6900,354666,-0.647949,0.750000,0.106140,-0.079895,1.0144,15.2355,0
35.7000,354676,-0.647949,0.750000,0.106140,-0.079895,1.0144,15.2355,0
35.7100,354686,-0.647888,0.750061,0.106140,-0.079895,1.0131,15.2357,0
35.7200,354696,-0.647827,0.750122,0.106201,-0.079834,1.0216,15.2367,0
35.7300,354706,-0.647766,0.750122,0.106201,-0.079834,1.0209,15.2361,0
35.7400,354716,-0.647766,0.750183,0.106201,-0.079834,1.0203,15.2368,0
35.7500,354726,-0.647766,0.750183,0.106201,-0.079834,1.0203,15.2368,0
35.7600,354736,-0.647827,0.750122,0.106201,-0.079895,1.0164,15.2413,0
35.7700,354746,-0.647888,0.750061,0.106140,-0.079895,1.0131,15.2357,0
35.7800,354756,-0.648010,0.750000,0.106140,-0.079895,1.0152,15.2361,0
35.7900,354766,-0.648132,0.749878,0.106140,-0.079895,1.0178,15.2357,0
35.8000,354776,-0.648193,0.749817,0.106079,-0.079956,1.0093,15.2347,0
35.8100,354786,-0.648254,0.749756,0.106079,-0.080078,1.0001,15.2439,0
35.8200,354796,-0.648254,0.749756,0.106079,-0.080200,0.9896,15.2532,0
35.8300,354806,-0.648254,0.749756,0.106079,-0.080322,0.9791,15.2626,0
35.8400,354816,-0.648132,0.749756,0.106140,-0.080505,0.9665,15.2810,0
35.8500,354826,-0.648010,0.749878,0.106140,-0.080688,0.9481,15.2953,0
35.8600,354836,-0.647705,0.750122,0.106201,-0.080811,0.9362,15.3103,0
35.8700,354846,-0.647461,0.750305,0.106140,-0.080933,0.9165,15.3141,0
35.8800,354856,-0.647400,0.750366,0.106201,-0.080994,0.9144,15.3244,0
35.8900,354866,-0.647400,0.750366,0.106140,-0.081055,0.9047,15.3236,0
35.9000,354876,-0.647400,0.750366,0.106079,-0.081116,0.8949,15.3228,0
35.9100,354886,-0.647400,0.750366,0.105957,-0.081177,0.8806,15.3166,0
35.9200,354896,-0.647522,0.750305,0.105835,-0.081177,0.8736,15.3060,0
35.9300,354906,-0.647583,0.750305,0.105652,-0.081177,0.8607,15.2902,0
35.9400,354916,-0.647583,0.750305,0.105530,-0.081116,0.8569,15.2747,0
35.9500,354926,-0.647583,0.750305,0.105469,-0.081177,0.8471,15.2739,0
35.9600,354936,-0.647522,0.750305,0.105408,-0.081238,0.8366,15.2726,0
35.9700,354946,-0.647461,0.750427,0.105347,-0.081299,0.8250,15.2726,0
35.9800,354956,-0.647339,0.750488,0.105286,-0.081421,0.8079,15.2761,0
35.9900,354966,-0.647217,0.750610,0.105286,-0.081482,0.8000,15.2811,0
36.0000,354976,-0.647095,0.750671,0.105286,-0.081604,0.7875,15.2901,0
36.0100,354986,-0.647095,0.750671,0.105286,-0.081726,0.7770,15.2994,0
36.0200,354996,-0.647156,0.750610,0.105347,-0.081848,0.7723,15.3140,0
36.0300,355006,-0.647278,0.750488,0.105408,-0.082092,0.7585,15.3379,0
36.0400,355016,-0.647461,0.750244,0.105530,-0.082275,0.7563,15.3616,0
36.0500,355026,-0.647766,0.749939,0.105713,-0.082520,0.7555,15.3958,0
36.0600,355036,-0.648132,0.749573,0.105896,-0.082886,0.7455,15.4393,0
36.0700,355046,-0.648376,0.749268,0.106079,-0.083130,0.7440,15.4731,0
36.0800,355056,-0.648376,0.749268,0.106262,-0.083313,0.7419,15.5034,0
36.0900,355066,-0.648254,0.749329,0.106384,-0.083374,0.7437,15.5186,0
36.1000,355076,-0.648132,0.749390,0.106506,-0.083435,0.7454,15.5338,0
36.1100,355086,-0.648071,0.749451,0.106628,-0.083435,0.7532,15.5448,0
36.1200,355096,-0.648010,0.749512,0.106812,-0.083496,0.7602,15.5660,0
36.1300,355106,-0.647949,0.749451,0.106995,-0.083618,0.7631,15.5905,0
36.1400,355116,-0.648010,0.749329,0.107178,-0.083740,0.7682,15.6153,0
36.1500,355126,-0.648254,0.749084,0.107666,-0.084167,0.7731,15.6910,0
36.1600,355136,-0.648315,0.749023,0.107849,-0.084290,0.7776,15.7166,0
36.1700,355146,-0.648376,0.748901,0.107971,-0.084412,0.7781,15.7360,0
36.1800,355156,-0.648376,0.748840,0.108154,-0.084473,0.7871,15.7563,0
36.1900,355166,-0.648376,0.748840,0.108215,-0.084595,0.7811,15.7711,0
36.2000,355176,-0.648376,0.748840,0.108276,-0.084656,0.7804,15.7813,0
36.2100,355186,-0.648376,0.748840,0.108337,-0.084717,0.7797,15.7914,0
36.2200,355196,-0.648376,0.748779,0.108398,-0.084839,0.7744,15.8055,0
36.2300,355206,-0.648437,0.748718,0.108459,-0.084900,0.7750,15.8155,0
36.2400,355216,-0.648560,0.748596,0.108521,-0.085022,0.7718,15.8300,0
36.2500,355226,-0.648621,0.748474,0.108643,-0.085144,0.7723,15.8494,0
36.2600,355236,-0.648682,0.748413,0.108704,-0.085205,0.7730,15.8594,0
36.2700,355246,-0.648682,0.748413,0.108704,-0.085388,0.7573,15.8735,0
36.2800,355256,-0.648743,0.748352,0.108765,-0.085449,0.7580,15.8834,0
36.2900,355266,-0.648743,0.748291,0.108826,-0.085510,0.7579,15.8929,0
36.3000,355276,-0.648743,0.748291,0.108887,-0.085571,0.7572,15.9030,0
36.3100,355286,-0.648682,0.748291,0.108887,-0.085693,0.7459,15.9118,0
36.3200,355296,-0.648682,0.748291,0.108887,-0.085815,0.7355,15.9212,0
36.3300,355306,-0.648682,0.748352,0.108826,-0.085876,0.7251,15.9212,0
36.3400,355316,-0.648682,0.748352,0.108765,-0.085937,0.7153,15.9204,0
36.3500,355326,-0.648682,0.748352,0.108704,-0.085937,0.7108,15.9150,0
36.3600,355336,-0.648682,0.748352,0.108643,-0.085999,0.7010,15.9142,0
36.3700,355346,-0.648682,0.748352,0.108643,-0.086060,0.6958,15.9189,0
36.3800,355356,-0.648621,0.748352,0.108643,-0.086182,0.6845,15.9277,0
36.3900,355366,-0.648621,0.748352,0.108704,-0.086243,0.6838,15.9378,0
36.4000,355376,-0.648621,0.748352,0.108765,-0.086304,0.6831,15.9480,0
36.4100,355386,-0.648621,0.748352,0.108826,-0.086365,0.6824,15.9581,0
36.4200,355396,-0.648621,0.748352,0.108826,-0.086365,0.6824,15.9581,0
36.4300,355406,-0.648682,0.748291,0.108765,-0.086365,0.6793,15.9525,0
36.4400,355416,-0.648743,0.748230,0.108765,-0.086365,0.6806,15.9524,0
36.4500,355426,-0.648743,0.748230,0.108765,-0.086365,0.6806,15.9524,0
36.4600,355436,-0.648682,0.748291,0.108826,-0.086304,0.6890,15.9533,0
36.4700,355446,-0.648621,0.748352,0.108826,-0.086182,0.6982,15.9440,0
36.4800,355456,-0.648499,0.748474,0.108826,-0.085937,0.7164,15.9256,0
36.4900,355466,-0.648437,0.748535,0.108826,-0.085754,0.7307,15.9117,0
36.5000,355476,-0.648376,0.748596,0.108826,-0.085510,0.7503,15.8931,0
36.5100,355486,-0.648437,0.748596,0.108887,-0.085327,0.7713,15.8850,0
36.5200,355496,-0.648437,0.748596,0.108826,-0.085083,0.7877,15.8608,0
36.5300,355506,-0.648437,0.748657,0.108765,-0.084900,0.7983,15.8420,0
36.5400,355516,-0.648437,0.748657,0.108643,-0.084656,0.8102,15.8124,0
36.5500,355526,-0.648437,0.748779,0.108582,-0.084351,0.8306,15.7850,0
36.5600,355536,-0.648315,0.748901,0.108459,-0.083984,0.8503,15.7463,0
36.5700,355546,-0.648193,0.749084,0.108276,-0.083496,0.8753,15.6935,0
36.5800,355556,-0.648010,0.749329,0.108154,-0.083069,0.8983,15.6511,0
36.5900,355566,-0.647949,0.749451,0.107971,-0.082581,0.9248,15.5982,0
36.6000,355576,-0.647949,0.749512,0.107727,-0.082214,0.9375,15.5490,0
36.6100,355586,-0.648071,0.749451,0.107544,-0.081848,0.9575,15.5050,0
36.6200,355596,-0.648315,0.749329,0.107361,-0.081604,0.9690,15.4707,0
36.6300,355606,-0.648560,0.749146,0.107239,-0.081360,0.9856,15.4411,0
36.6400,355616,-0.648804,0.748962,0.107117,-0.081177,0.9969,15.4162,0
36.6500,355626,-0.649048,0.748840,0.106995,-0.080872,1.0182,15.3827,0
36.6600,355636,-0.649170,0.748779,0.106934,-0.080627,1.0366,15.3589,0
36.6700,355646,-0.649292,0.748718,0.106812,-0.080322,1.0558,15.3250,0
36.6800,355656,-0.649475,0.748657,0.106628,-0.079834,1.0869,15.2721,0
36.6900,355666,-0.649475,0.748657,0.106506,-0.079712,1.0883,15.2519,0
36.7000,355676,-0.649536,0.748657,0.106384,-0.079590,1.0904,15.2322,0
36.7100,355686,-0.649536,0.748657,0.106262,-0.079468,1.0918,15.2119,0
36.7200,355696,-0.649536,0.748657,0.106140,-0.079346,1.0932,15.1917,0
36.7300,355706,-0.649597,0.748657,0.106079,-0.079224,1.0998,15.1774,0
36.7400,355716,-0.649719,0.748596,0.105957,-0.079163,1.0980,15.1622,0
36.7500,355726,-0.649841,0.748474,0.105957,-0.079163,1.1006,15.1619,0
36.7600,355736,-0.649902,0.748413,0.105957,-0.079224,1.0967,15.1664,0
36.7700,355746,-0.650024,0.748352,0.105957,-0.079224,1.0987,15.1667,0
36.7800,355756,-0.650024,0.748291,0.105957,-0.079224,1.0993,15.1660,0
36.7900,355766,-0.650024,0.748291,0.105957,-0.079224,1.0993,15.1660,0
36.8000,355776,-0.649963,0.748352,0.105957,-0.079285,1.0927,15.1709,0
36.8100,355786,-0.649963,0.748352,0.106079,-0.079346,1.0966,15.1864,0
36.8200,355796,-0.649963,0.748352,0.106079,-0.079468,1.0861,15.1958,0
36.8300,355806,-0.649902,0.748352,0.106079,-0.079651,1.0697,15.2093,0
36.8400,355816,-0.649963,0.748291,0.106079,-0.079834,1.0553,15.2231,0
36.8500,355826,-0.650024,0.748230,0.106140,-0.080078,1.0402,15.2471,0
36.8600,355836,-0.650024,0.748169,0.106201,-0.080322,1.0244,15.2706,0
36.8700,355846,-0.650024,0.748169,0.106201,-0.080444,1.0139,15.2799,0
36.8800,355856,-0.649963,0.748169,0.106201,-0.080566,1.0027,15.2888,0
36.8900,355866,-0.649902,0.748230,0.106262,-0.080627,1.0007,15.2991,0
36.9000,355876,-0.649841,0.748291,0.106323,-0.080688,0.9987,15.3094,0
36.9100,355886,-0.649780,0.748352,0.106384,-0.080750,0.9967,15.3197,0
36.9200,355896,-0.649658,0.748352,0.106384,-0.080811,0.9900,15.3232,0
36.9300,355906,-0.649658,0.748352,0.106445,-0.080872,0.9893,15.3334,0
36.9400,355916,-0.649658,0.748352,0.106567,-0.080994,0.9879,15.3536,0
36.9500,355926,-0.649597,0.748352,0.106689,-0.081177,0.9805,15.3780,0
36.9600,355936,-0.649658,0.748291,0.106812,-0.081299,0.9805,15.3981,0
36.9700,355946,-0.649597,0.748291,0.106873,-0.081421,0.9738,15.4123,0
36.9800,355956,-0.649597,0.748291,0.106934,-0.081482,0.9731,15.4225,0
36.9900,355966,-0.649597,0.748291,0.106995,-0.081543,0.9724,15.4326,0
37.0000,355976,-0.649536,0.748291,0.106995,-0.081543,0.9717,15.4320,0
37.0100,355986,-0.649475,0.748352,0.106995,-0.081543,0.9704,15.4322,0
37.0200,355996,-0.649475,0.748352,0.106995,-0.081543,0.9704,15.4322,0
37.0300,356006,-0.649475,0.748352,0.107056,-0.081482,0.9801,15.4330,0
37.0400,356016,-0.649536,0.748352,0.107056,-0.081543,0.9756,15.4382,0
37.0500,356026,-0.649597,0.748230,0.106995,-0.081543,0.9730,15.4319,0
37.0600,356036,-0.649719,0.748169,0.107056,-0.081482,0.9848,15.4330,0
37.0700,356046,-0.649841,0.748108,0.107056,-0.081543,0.9817,15.4381,0
37.0800,356056,-0.649902,0.747986,0.107056,-0.081604,0.9783,15.4419,0
37.0900,356066,-0.649963,0.747925,0.107056,-0.081604,0.9796,15.4417,0
37.1000,356076,-0.649963,0.747925,0.107056,-0.081604,0.9796,15.4417,0
37.1100,356086,-0.649963,0.747925,0.107056,-0.081604,0.9796,15.4417,0
37.1200,356096,-0.649963,0.747925,0.107056,-0.081604,0.9796,15.4417,0
37.1300,356106,-0.649963,0.747986,0.107056,-0.081604,0.9791,15.4424,0
37.1400,356116,-0.649963,0.747986,0.106995,-0.081543,0.9798,15.4323,0
37.1500,356126,-0.649963,0.747986,0.106995,-0.081543,0.9798,15.4323,0
37.1600,356136,-0.650024,0.747925,0.106995,-0.081604,0.9758,15.4368,0
37.1700,356146,-0.650085,0.747864,0.106995,-0.081604,0.9772,15.4366,0
37.1800,356156,-0.650146,0.747803,0.107056,-0.081726,0.9726,15.4513,0
37.1900,356166,-0.650208,0.747681,0.107117,-0.081787,0.9738,15.4605,0
37.2000,356176,-0.650208,0.747681,0.107178,-0.081848,0.9731,15.4706,0
37.2100,356186,-0.650208,0.747681,0.107239,-0.081909,0.9724,15.4808,0
37.2200,356196,-0.650085,0.747803,0.107361,-0.081909,0.9789,15.4920,0
37.2300,356206,-0.649963,0.747864,0.107361,-0.081848,0.9820,15.4869,0
37.2400,356216,-0.649841,0.747986,0.107361,-0.081848,0.9794,15.4873,0
37.2500,356226,-0.649658,0.748108,0.107361,-0.081787,0.9812,15.4824,0
37.2600,356236,-0.649536,0.748230,0.107422,-0.081787,0.9831,15.4882,0
37.2700,356246,-0.649475,0.748291,0.107422,-0.081787,0.9818,15.4883,0
37.2800,356256,-0.649475,0.748291,0.107422,-0.081787,0.9818,15.4883,0
37.2900,356266,-0.649475,0.748291,0.107483,-0.081848,0.9811,15.4985,0
37.3000,356276,-0.649475,0.748230,0.107544,-0.081970,0.9757,15.5126,0
37.3100,356286,-0.649536,0.748169,0.107605,-0.082092,0.9711,15.5272,0
37.3200,356296,-0.649597,0.748108,0.107727,-0.082214,0.9711,15.5473,0
37.3300,356306,-0.649658,0.747986,0.107788,-0.082336,0.9671,15.5612,0
37.3400,356316,-0.649719,0.747986,0.107849,-0.082397,0.9671,15.5719,0
37.3500,356326,-0.649719,0.747986,0.107849,-0.082397,0.9671,15.5719,0
37.3600,356336,-0.649719,0.747986,0.107849,-0.082397,0.9671,15.5719,0
37.3700,356346,-0.649658,0.748047,0.107849,-0.082397,0.9658,15.5721,0
37.3800,356356,-0.649597,0.748047,0.107849,-0.082397,0.9651,15.5715,0
37.3900,356366,-0.649536,0.748108,0.107849,-0.082397,0.9637,15.5717,0
37.4000,356376,-0.649536,0.748108,0.107849,-0.082397,0.9637,15.5717,0
37.4100,356386,-0.649536,0.748108,0.107849,-0.082397,0.9637,15.5717,0
37.4200,356396,-0.649536,0.748108,0.107849,-0.082397,0.9637,15.5717,0
37.4300,356406,-0.649536,0.748108,0.107849,-0.082397,0.9637,15.5717,0
37.4400,356416,-0.649597,0.748108,0.107849,-0.082397,0.9645,15.5722,0
37.4500,356426,-0.649658,0.748047,0.107849,-0.082397,0.9658,15.5721,0
37.4600,356436,-0.649719,0.747925,0.107849,-0.082458,0.9625,15.5759,0
37.4700,356446,-0.649841,0.747864,0.107788,-0.082458,0.9600,15.5708,0
37.4800,356456,-0.649902,0.747803,0.107666,-0.082581,0.9418,15.5691,0
37.4900,356466,-0.649902,0.747803,0.107605,-0.082642,0.9320,15.5684,0
37.5000,356476,-0.649902,0.747803,0.107544,-0.082703,0.9223,15.5676,0
37.5100,356486,-0.649780,0.747925,0.107422,-0.082764,0.9053,15.5618,0
37.5200,356496,-0.649597,0.748108,0.107300,-0.082764,0.8922,15.5514,0
37.5300,356506,-0.649353,0.748352,0.107056,-0.082764,0.8687,15.5302,0
37.5400,356516,-0.649292,0.748474,0.106873,-0.082764,0.8532,15.5148,0
37.5500,356526,-0.649170,0.748596,0.106628,-0.082764,0.8324,15.4933,0
37.5600,356536,-0.649170,0.748596,0.106384,-0.082764,0.8142,15.4716,0
37.5700,356546,-0.649170,0.748596,0.106140,-0.082825,0.7908,15.4545,0
37.5800,356556,-0.649292,0.748535,0.105896,-0.082886,0.7695,15.4378,0
37.5900,356566,-0.649414,0.748474,0.105713,-0.082947,0.7527,15.4266,0
37.6000,356576,-0.649536,0.748413,0.105530,-0.082947,0.7411,15.4107,0
37.6100,356586,-0.649536,0.748413,0.105347,-0.082886,0.7327,15.3897,0
37.6200,356596,-0.649536,0.748413,0.105286,-0.082764,0.7386,15.3748,0
37.6300,356606,-0.649475,0.748535,0.105164,-0.082642,0.7381,15.3555,0
37.6400,356616,-0.649414,0.748596,0.105042,-0.082458,0.7434,15.3307,0
37.6500,356626,-0.649475,0.748596,0.104919,-0.082336,0.7455,15.3110,0
37.6600,356636,-0.649536,0.748596,0.104858,-0.082275,0.7470,15.3014,0
37.6700,356646,-0.649658,0.748474,0.104797,-0.082214,0.7503,15.2910,0
37.6800,356656,-0.649902,0.748291,0.104797,-0.082214,0.7549,15.2911,0
37.6900,356666,-0.650146,0.748047,0.104858,-0.082153,0.7699,15.2912,0
37.7000,356676,-0.650330,0.747864,0.104919,-0.082092,0.7836,15.2915,0
37.7100,356686,-0.650574,0.747681,0.104980,-0.082031,0.7981,15.2923,0
37.7200,356696,-0.650696,0.747559,0.105103,-0.081970,0.8150,15.2982,0
37.7300,356706,-0.650818,0.747437,0.105164,-0.081909,0.8274,15.2986,0
37.7400,356716,-0.650879,0.747375,0.105286,-0.081787,0.8483,15.2999,0
37.7500,356726,-0.651062,0.747192,0.105530,-0.081726,0.8757,15.3165,0
37.7600,356736,-0.651062,0.747192,0.105652,-0.081665,0.8900,15.3226,0
37.7700,356746,-0.651062,0.747192,0.105835,-0.081665,0.9037,15.3389,0
37.7800,356756,-0.651001,0.747192,0.105957,-0.081665,0.9120,15.3493,0
37.7900,356766,-0.650879,0.747314,0.106140,-0.081665,0.9231,15.3659,0
37.8000,356776,-0.650696,0.747375,0.106262,-0.081665,0.9294,15.3758,0
37.8100,356786,-0.650574,0.747498,0.106445,-0.081665,0.9404,15.3925,0
37.8200,356796,-0.650452,0.747620,0.106506,-0.081726,0.9371,15.4029,0
37.8300,356806,-0.650330,0.747681,0.106628,-0.081848,0.9337,15.4228,0
37.8400,356816,-0.650269,0.747681,0.106750,-0.081970,0.9315,15.4425,0
37.8500,356826,-0.650208,0.747681,0.106873,-0.082153,0.9242,15.4669,0
37.8600,356836,-0.650208,0.747681,0.106995,-0.082275,0.9228,15.4872,0
37.8700,356846,-0.650208,0.747681,0.107117,-0.082397,0.9215,15.5074,0
37.8800,356856,-0.650146,0.747681,0.107178,-0.082458,0.9200,15.5170,0
37.8900,356866,-0.650024,0.747742,0.107239,-0.082520,0.9173,15.5267,0
37.9000,356876,-0.649963,0.747803,0.107300,-0.082581,0.9153,15.5370,0
37.9100,356886,-0.649841,0.747864,0.107422,-0.082642,0.9171,15.5522,0
37.9200,356896,-0.649719,0.747986,0.107483,-0.082703,0.9137,15.5627,0
37.9300,356906,-0.649597,0.748047,0.107544,-0.082764,0.9109,15.5724,0
37.9400,356916,-0.649475,0.748169,0.107605,-0.082825,0.9076,15.5829,0
37.9500,356926,-0.649353,0.748230,0.107727,-0.082886,0.9094,15.5981,0
37.9600,356936,-0.649231,0.748352,0.107788,-0.082947,0.9060,15.6085,0
37.9700,356946,-0.649109,0.748413,0.107849,-0.082947,0.9084,15.6136,0
37.9800,356956,-0.649048,0.748474,0.107849,-0.082947,0.9071,15.6138,0
37.9900,356966,-0.648987,0.748535,0.107849,-0.082947,0.9058,15.6139,0
38.0000,356976,-0.648926,0.748596,0.107849,-0.082947,0.9044,15.6141,0
38.0100,356986,-0.648926,0.748596,0.107910,-0.083008,0.9037,15.6242,0
38.0200,356996,-0.648865,0.748596,0.107910,-0.083008,0.9030,15.6237,0
38.0300,357006,-0.648804,0.748657,0.107971,-0.083008,0.9062,15.6293,0
38.0400,357016,-0.648743,0.748718,0.107971,-0.082947,0.9101,15.6248,0
38.0500,357026,-0.648682,0.748779,0.108032,-0.082886,0.9185,15.6257,0
38.0600,357036,-0.648621,0.748840,0.108093,-0.082825,0.9270,15.6267,0
38.0700,357046,-0.648560,0.748840,0.108154,-0.082825,0.9308,15.6316,0
38.0800,357056,-0.648560,0.748840,0.108154,-0.082825,0.9308,15.6316,0
38.0900,357066,-0.648621,0.748779,0.108154,-0.082825,0.9321,15.6314,0
38.1000,357076,-0.648743,0.748718,0.108154,-0.082825,0.9342,15.6318,0
38.1100,357086,-0.648804,0.748657,0.108154,-0.082825,0.9355,15.6316,0
38.1200,357096,-0.648865,0.748596,0.108154,-0.082825,0.9369,15.6314,0
38.1300,357106,-0.648865,0.748596,0.108154,-0.082825,0.9369,15.6314,0
38.1400,357116,-0.648865,0.748596,0.108154,-0.082825,0.9369,15.6314,0
38.1500,357126,-0.648804,0.748657,0.108154,-0.082825,0.9355,15.6316,0
38.1600,357136,-0.648743,0.748718,0.108154,-0.082825,0.9342,15.6318,0
38.1700,357146,-0.648621,0.748779,0.108154,-0.082825,0.9321,15.6314,0
38.1800,357156,-0.648560,0.748840,0.108154,-0.082825,0.9308,15.6316,0
38.1900,357166,-0.648560,0.748901,0.108154,-0.082825,0.9302,15.6323,0
38.2000,357176,-0.648560,0.748901,0.108032,-0.082886,0.9159,15.6261,0
38.2100,357186,-0.648499,0.748901,0.107971,-0.082947,0.9053,15.6247,0
38.2200,357196,-0.648499,0.748901,0.107910,-0.083069,0.8903,15.6286,0
38.2300,357206,-0.648499,0.748962,0.107788,-0.083130,0.8754,15.6231,0
38.2400,357216,-0.648499,0.748962,0.107727,-0.083191,0.8657,15.6224,0
38.2500,357226,-0.648499,0.748962,0.107666,-0.083252,0.8559,15.6216,0
38.2600,357236,-0.648499,0.748962,0.107605,-0.083313,0.8461,15.6208,0
38.2700,357246,-0.648499,0.748962,0.107544,-0.083313,0.8416,15.6154,0
38.2800,357256,-0.648499,0.748962,0.107605,-0.083374,0.8409,15.6255,0
38.2900,357266,-0.648437,0.749023,0.107605,-0.083374,0.8395,15.6257,0
38.3000,357276,-0.648315,0.749084,0.107605,-0.083374,0.8374,15.6253,0
38.3100,357286,-0.648254,0.749146,0.107605,-0.083374,0.8361,15.6254,0
38.3200,357296,-0.648193,0.749207,0.107605,-0.083313,0.8400,15.6209,0
38.3300,357306,-0.648132,0.749268,0.107605,-0.083313,0.8387,15.6211,0
38.3400,357316,-0.648132,0.749268,0.107605,-0.083313,0.8387,15.6211,0
38.3500,357326,-0.648132,0.749268,0.107605,-0.083313,0.8387,15.6211,0
38.3600,357336,-0.648132,0.749268,0.107605,-0.083313,0.8387,15.6211,0
38.3700,357346,-0.648132,0.749268,0.107666,-0.083374,0.8380,15.6312,0
38.3800,357356,-0.648132,0.749268,0.107727,-0.083435,0.8373,15.6414,0
38.3900,357366,-0.648132,0.749268,0.107727,-0.083435,0.8373,15.6414,0
38.4000,357376,-0.648132,0.749207,0.107727,-0.083435,0.8378,15.6406,0
38.4100,357386,-0.648132,0.749207,0.107788,-0.083496,0.8371,15.6508,0
38.4200,357396,-0.648132,0.749207,0.107788,-0.083557,0.8319,15.6554,0
38.4300,357406,-0.648132,0.749207,0.107849,-0.083618,0.8312,15.6656,0
38.4400,357416,-0.648010,0.749268,0.107849,-0.083557,0.8343,15.6605,0
38.4500,357426,-0.647949,0.749390,0.107849,-0.083557,0.8324,15.6614,0
38.4600,357436,-0.647827,0.749451,0.107910,-0.083557,0.8348,15.6664,0
38.4700,357446,-0.647705,0.749573,0.107910,-0.083557,0.8322,15.6668,0
38.4800,357456,-0.647583,0.749695,0.107910,-0.083496,0.8347,15.6624,0
38.4900,357466,-0.647461,0.749756,0.107910,-0.083496,0.8326,15.6620,0
38.5000,357476,-0.647461,0.749817,0.107910,-0.083496,0.8321,15.6628,0
38.5100,357486,-0.647461,0.749817,0.107971,-0.083557,0.8313,15.6729,0
38.5200,357496,-0.647400,0.749756,0.108032,-0.083618,0.8305,15.6817,0
38.5300,357506,-0.647400,0.749756,0.108093,-0.083679,0.8297,15.6919,0
38.5400,357516,-0.647400,0.749756,0.108093,-0.083740,0.8245,15.6965,0
38.5500,357526,-0.647278,0.749878,0.108154,-0.083679,0.8316,15.6977,0
38.5600,357536,-0.647217,0.749939,0.108154,-0.083618,0.8355,15.6931,0
38.5700,357546,-0.647156,0.750000,0.108215,-0.083618,0.8387,15.6988,0
38.5800,357556,-0.647156,0.749939,0.108276,-0.083557,0.8490,15.6988,0
38.5900,357566,-0.647217,0.749939,0.108337,-0.083496,0.8596,15.7002,0
38.6000,357576,-0.647217,0.749939,0.108337,-0.083496,0.8596,15.7002,0
38.6100,357586,-0.647217,0.749939,0.108398,-0.083435,0.8693,15.7010,0
38.6200,357596,-0.647156,0.750000,0.108398,-0.083435,0.8680,15.7011,0
38.6300,357606,-0.647156,0.750000,0.108459,-0.083374,0.8778,15.7019,0
38.6400,357616,-0.647156,0.749939,0.108521,-0.083374,0.8829,15.7066,0
38.6500,357626,-0.647156,0.749939,0.108582,-0.083313,0.8926,15.7074,0
38.6600,357636,-0.647156,0.749939,0.108643,-0.083252,0.9024,15.7082,0
38.6700,357646,-0.647217,0.749939,0.108704,-0.083191,0.9130,15.7096,0
38.6800,357656,-0.647217,0.749939,0.108765,-0.083191,0.9175,15.7150,0
38.6900,357666,-0.647217,0.749939,0.108765,-0.083191,0.9175,15.7150,0
38.7000,357676,-0.647217,0.749939,0.108765,-0.083191,0.9175,15.7150,0
38.7100,357686,-0.647156,0.749939,0.108765,-0.083130,0.9220,15.7098,0
38.7200,357696,-0.647156,0.749939,0.108765,-0.083130,0.9220,15.7098,0
38.7300,357706,-0.647095,0.750000,0.108765,-0.083130,0.9206,15.7100,0
38.7400,357716,-0.647034,0.750061,0.108765,-0.083130,0.9193,15.7101,0
38.7500,357726,-0.646973,0.750122,0.108765,-0.083130,0.9179,15.7103,0
38.7600,357736,-0.646912,0.750183,0.108765,-0.083130,0.9166,15.7105,0
38.7700,357746,-0.646790,0.750244,0.108765,-0.083130,0.9145,15.7101,0
38.7800,357756,-0.646729,0.750305,0.108765,-0.083069,0.9184,15.7056,0
38.7900,357766,-0.646729,0.750366,0.108765,-0.083069,0.9178,15.7063,0
38.8000,357776,-0.646729,0.750366,0.108704,-0.083008,0.9185,15.6962,0
38.8100,357786,-0.646729,0.750366,0.108704,-0.082947,0.9238,15.6915,0
38.8200,357796,-0.646729,0.750366,0.108704,-0.082947,0.9238,15.6915,0
38.8300,357806,-0.646729,0.750366,0.108704,-0.082947,0.9238,15.6915,0
38.8400,357816,-0.646790,0.750305,0.108643,-0.082947,0.9206,15.6859,0
38.8500,357826,-0.646790,0.750305,0.108643,-0.082947,0.9206,15.6859,0
38.8600,357836,-0.646790,0.750366,0.108643,-0.082947,0.9200,15.6866,0
38.8700,357846,-0.646790,0.750366,0.108582,-0.082886,0.9208,15.6765,0
38.8800,357856,-0.646851,0.750305,0.108521,-0.082825,0.9228,15.6662,0
38.8900,357866,-0.646973,0.750244,0.108459,-0.082764,0.9256,15.6564,0
38.9000,357876,-0.647034,0.750183,0.108398,-0.082703,0.9277,15.6461,0
38.9100,357886,-0.647095,0.750122,0.108337,-0.082703,0.9245,15.6405,0
38.9200,357896,-0.647217,0.750061,0.108276,-0.082642,0.9273,15.6308,0
38.9300,357906,-0.647339,0.749939,0.108215,-0.082581,0.9307,15.6203,0
38.9400,357916,-0.647400,0.749878,0.108215,-0.082581,0.9320,15.6201,0
38.9500,357926,-0.647522,0.749817,0.108215,-0.082642,0.9289,15.6252,0
38.9600,357936,-0.647583,0.749756,0.108154,-0.082581,0.9309,15.6149,0
38.9700,357946,-0.647644,0.749695,0.108154,-0.082581,0.9323,15.6147,0
38.9800,357956,-0.647644,0.749695,0.108154,-0.082581,0.9323,15.6147,0
38.9900,357966,-0.647644,0.749695,0.108154,-0.082581,0.9323,15.6147,0
39.0000,357976,-0.647644,0.749695,0.108154,-0.082581,0.9323,15.6147,0
39.0100,357986,-0.647644,0.749695,0.108154,-0.082581,0.9323,15.6147,0
39.0200,357996,-0.647644,0.749695,0.108154,-0.082581,0.9323,15.6147,0
39.0300,358006,-0.647644,0.749695,0.108154,-0.082581,0.9323,15.6147,0
39.0400,358016,-0.647644,0.749695,0.108093,-0.082581,0.9277,15.6092,0
39.0500,358026,-0.647644,0.749695,0.108032,-0.082642,0.9180,15.6084,0
39.0600,358036,-0.647644,0.749756,0.107971,-0.082703,0.9076,15.6084,0
39.0700,358046,-0.647583,0.749756,0.107971,-0.082703,0.9069,15.6078,0
39.0800,358056,-0.647522,0.749817,0.107849,-0.082764,0.8912,15.6018,0
39.0900,358066,-0.647522,0.749817,0.107849,-0.082764,0.8912,15.6018,0
39.1000,358076,-0.647522,0.749817,0.107910,-0.082825,0.8905,15.6119,0
39.1100,358086,-0.647522,0.749817,0.107971,-0.082886,0.8898,15.6220,0
39.1200,358096,-0.647522,0.749817,0.107971,-0.082886,0.8898,15.6220,0
39.1300,358106,-0.647522,0.749817,0.107971,-0.082886,0.8898,15.6220,0
39.1400,358116,-0.647522,0.749817,0.107971,-0.082886,0.8898,15.6220,0
39.1500,358126,-0.647522,0.749817,0.107971,-0.082886,0.8898,15.6220,0
39.1600,358136,-0.647522,0.749817,0.107971,-0.082886,0.8898,15.6220,0
39.1700,358146,-0.647522,0.749817,0.107971,-0.082886,0.8898,15.6220,0
39.1800,358156,-0.647522,0.749817,0.108032,-0.082886,0.8943,15.6275,0
39.1900,358166,-0.647583,0.749756,0.108093,-0.082825,0.9054,15.6281,0
39.2000,358176,-0.647583,0.749695,0.108154,-0.082825,0.9105,15.6328,0
39.2100,358186,-0.647644,0.749634,0.108276,-0.082764,0.9262,15.6389,0
39.2200,358196,-0.647644,0.749634,0.108398,-0.082764,0.9352,15.6498,0
39.2300,358206,-0.647644,0.749634,0.108521,-0.082764,0.9443,15.6607,0
39.2400,358216,-0.647644,0.749573,0.108643,-0.082703,0.9592,15.6662,0
39.2500,358226,-0.647644,0.749573,0.108765,-0.082703,0.9682,15.6772,0
39.2600,358236,-0.647644,0.749573,0.108948,-0.082642,0.9871,15.6889,0
39.2700,358246,-0.647644,0.749573,0.109009,-0.082581,0.9969,15.6897,0
39.2800,358256,-0.647583,0.749634,0.109070,-0.082520,1.0053,15.6906,0
39.2900,358266,-0.647522,0.749634,0.109192,-0.082458,1.0188,15.6963,0
39.3000,358276,-0.647461,0.749695,0.109253,-0.082397,1.0273,15.6973,0
39.3100,358286,-0.647461,0.749695,0.109314,-0.082275,1.0423,15.6934,0
39.3200,358296,-0.647461,0.749695,0.109436,-0.082214,1.0566,15.6997,0
39.3300,358306,-0.647461,0.749695,0.109497,-0.082153,1.0664,15.7004,0
39.3400,358316,-0.647461,0.749695,0.109558,-0.082092,1.0761,15.7012,0
39.3500,358326,-0.647461,0.749695,0.109680,-0.082031,1.0904,15.7075,0
39.3600,358336,-0.647522,0.749634,0.109741,-0.081970,1.1015,15.7081,0
39.3700,358346,-0.647522,0.749634,0.109741,-0.081909,1.1068,15.7034,0
39.3800,358356,-0.647522,0.749634,0.109802,-0.081909,1.1113,15.7089,0
39.3900,358366,-0.647522,0.749634,0.109802,-0.081909,1.1113,15.7089,0
39.4000,358376,-0.647522,0.749634,0.109802,-0.081909,1.1113,15.7089,0
39.4100,358386,-0.647522,0.749634,0.109802,-0.081909,1.1113,15.7089,0
39.4200,358396,-0.647522,0.749634,0.109802,-0.081909,1.1113,15.7089,0
39.4300,358406,-0.647522,0.749634,0.109802,-0.081909,1.1113,15.7089,0
39.4400,358416,-0.647522,0.749634,0.109802,-0.081909,1.1113,15.7089,0
39.4500,358426,-0.647522,0.749634,0.109802,-0.081909,1.1113,15.7089,0
39.4600,358436,-0.647522,0.749634,0.109863,-0.081848,1.1211,15.7097,0
39.4700,358446,-0.647522,0.749634,0.109924,-0.081787,1.1309,15.7105,0
39.4800,358456,-0.647583,0.749573,0.109924,-0.081787,1.1322,15.7103,0
39.4900,358466,-0.647644,0.749512,0.109985,-0.081726,1.1433,15.7109,0
39.5000,358476,-0.647766,0.749390,0.110046,-0.081726,1.1505,15.7160,0
39.5100,358486,-0.647827,0.749329,0.110107,-0.081665,1.1617,15.7166,0
39.5200,358496,-0.647949,0.749268,0.110107,-0.081665,1.1638,15.7169,0
39.5300,358506,-0.648010,0.749207,0.110046,-0.081604,1.1658,15.7066,0
39.5400,358516,-0.648071,0.749146,0.110046,-0.081543,1.1724,15.7017,0
39.5500,358526,-0.648132,0.749084,0.109985,-0.081482,1.1744,15.6914,0
39.5600,358536,-0.648193,0.749084,0.109924,-0.081421,1.1759,15.6818,0
39.5700,358546,-0.648193,0.749084,0.109863,-0.081299,1.1819,15.6670,0
39.5800,358556,-0.648254,0.749084,0.109802,-0.081238,1.1833,15.6574,0
39.5900,358566,-0.648254,0.749084,0.109741,-0.081116,1.1893,15.6426,0
39.6000,358576,-0.648254,0.749084,0.109741,-0.080994,1.1998,15.6333,0
39.6100,358586,-0.648254,0.749084,0.109680,-0.080933,1.2005,15.6232,0
39.6200,358596,-0.648315,0.749146,0.109558,-0.080811,1.2021,15.6042,0
39.6300,358606,-0.648315,0.749146,0.109558,-0.080750,1.2073,15.5995,0
39.6400,358616,-0.648376,0.749084,0.109497,-0.080688,1.2094,15.5892,0
39.6500,358626,-0.648437,0.749023,0.109436,-0.080627,1.2114,15.5788,0
39.6600,358636,-0.648560,0.748962,0.109375,-0.080627,1.2089,15.5737,0
39.6700,358646,-0.648621,0.748901,0.109375,-0.080627,1.2103,15.5735,0
39.6800,358656,-0.648682,0.748840,0.109314,-0.080627,1.2071,15.5679,0
39.6900,358666,-0.648682,0.748840,0.109314,-0.080627,1.2071,15.5679,0
39.7000,358676,-0.648682,0.748840,0.109314,-0.080566,1.2123,15.5632,0
39.7100,358686,-0.648682,0.748840,0.109314,-0.080566,1.2123,15.5632,0
39.7200,358696,-0.648682,0.748840,0.109314,-0.080566,1.2123,15.5632,0
39.7300,358706,-0.648682,0.748840,0.109314,-0.080566,1.2123,15.5632,0
39.7400,358716,-0.648743,0.748779,0.109314,-0.080627,1.2084,15.5677,0
39.7500,358726,-0.648804,0.748718,0.109314,-0.080627,1.2097,15.5675,0
39.7600,358736,-0.648865,0.748657,0.109314,-0.080627,1.2111,15.5673,0
39.7700,358746,-0.648865,0.748657,0.109314,-0.080627,1.2111,15.5673,0
39.7800,358756,-0.648865,0.748657,0.109314,-0.080627,1.2111,15.5673,0
39.7900,358766,-0.648804,0.748718,0.109314,-0.080627,1.2097,15.5675,0
39.8000,358776,-0.648804,0.748779,0.109314,-0.080627,1.2092,15.5682,0
39.8100,358786,-0.648682,0.748840,0.109314,-0.080566,1.2123,15.5632,0
39.8200,358796,-0.648621,0.748901,0.109314,-0.080566,1.2110,15.5634,0
39.8300,358806,-0.648560,0.748962,0.109253,-0.080505,1.2104,15.5535,0
39.8400,358816,-0.648499,0.749023,0.109253,-0.080444,1.2143,15.5490,0
39.8500,358826,-0.648499,0.749023,0.109253,-0.080444,1.2143,15.5490,0
39.8600,358836,-0.648499,0.749023,0.109253,-0.080444,1.2143,15.5490,0
39.8700,358846,-0.648499,0.749023,0.109253,-0.080444,1.2143,15.5490,0
39.8800,358856,-0.648499,0.749023,0.109192,-0.080383,1.2150,15.5389,0
39.8900,358866,-0.648560,0.748962,0.109192,-0.080322,1.2215,15.5340,0
39.9000,358876,-0.648682,0.748901,0.109131,-0.080261,1.2243,15.5242,0
39.9100,358886,-0.648743,0.748901,0.109192,-0.080261,1.2296,15.5302,0
39.9200,358896,-0.648804,0.748779,0.109192,-0.080200,1.2368,15.5246,0
39.9300,358906,-0.648865,0.748718,0.109253,-0.080200,1.2426,15.5299,0
39.9400,358916,-0.648926,0.748718,0.109314,-0.080139,1.2532,15.5312,0
39.9500,358926,-0.648926,0.748657,0.109375,-0.080078,1.2635,15.5312,0
39.9600,358936,-0.648926,0.748657,0.109436,-0.080017,1.2733,15.5320,0
39.9700,358946,-0.648926,0.748657,0.109497,-0.079956,1.2831,15.5328,0
39.9800,358956,-0.648926,0.748657,0.109558,-0.079956,1.2876,15.5383,0
39.9900,358966,-0.648987,0.748596,0.109558,-0.080017,1.2837,15.5427,0
40.0000,358976,-0.648987,0.748596,0.109619,-0.080017,1.2882,15.5482,0
40.0100,358986,-0.648987,0.748596,0.109619,-0.080017,1.2882,15.5482,0
40.0200,358996,-0.648987,0.748596,0.109619,-0.080017,1.2882,15.5482,0
40.0300,359006,-0.648987,0.748596,0.109619,-0.080017,1.2882,15.5482,0
40.0400,359016,-0.648987,0.748596,0.109619,-0.080017,1.2882,15.5482,0
40.0500,359026,-0.648987,0.748596,0.109619,-0.080017,1.2882,15.5482,0
40.0600,359036,-0.648987,0.748596,0.109619,-0.080017,1.2882,15.5482,0
40.0700,359046,-0.648926,0.748657,0.109619,-0.080017,1.2869,15.5484,0
40.0800,359056,-0.648865,0.748718,0.109619,-0.080017,1.2856,15.5486,0
40.0900,359066,-0.648804,0.748779,0.109619,-0.080017,1.2842,15.5488,0
40.1000,359076,-0.648743,0.748840,0.109619,-0.080017,1.2829,15.5490,0
40.1100,359086,-0.648682,0.748840,0.109619,-0.080017,1.2821,15.5484,0
40.1200,359096,-0.648682,0.748840,0.109619,-0.080017,1.2821,15.5484,0
40.1300,359106,-0.648682,0.748840,0.109619,-0.080017,1.2821,15.5484,0
40.1400,359116,-0.648682,0.748901,0.109619,-0.080017,1.2816,15.5492,0
40.1500,359126,-0.648682,0.748901,0.109619,-0.080017,1.2816,15.5492,0
40.1600,359136,-0.648682,0.748901,0.109619,-0.080017,1.2816,15.5492,0
40.1700,359146,-0.648682,0.748901,0.109619,-0.080017,1.2816,15.5492,0
40.1800,359156,-0.648682,0.748901,0.109619,-0.080017,1.2816,15.5492,0
40.1900,359166,-0.648682,0.748901,0.109619,-0.080017,1.2816,15.5492,0
40.2000,359176,-0.648682,0.748840,0.109619,-0.080017,1.2821,15.5484,0
40.2100,359186,-0.648682,0.748840,0.109680,-0.079956,1.2919,15.5492,0
40.2200,359196,-0.648682,0.748840,0.109802,-0.079895,1.3062,15.5555,0
40.2300,359206,-0.648682,0.748840,0.109863,-0.079834,1.3160,15.5563,0
40.2400,359216,-0.648682,0.748840,0.109924,-0.079773,1.3258,15.5571,0
40.2500,359226,-0.648682,0.748840,0.109985,-0.079712,1.3356,15.5578,0
40.2600,359236,-0.648682,0.748840,0.109985,-0.079712,1.3356,15.5578,0
40.2700,359246,-0.648682,0.748840,0.109985,-0.079712,1.3356,15.5578,0
40.2800,359256,-0.648682,0.748840,0.109985,-0.079712,1.3356,15.5578,0
40.2900,359266,-0.648682,0.748840,0.109985,-0.079712,1.3356,15.5578,0
40.3000,359276,-0.648682,0.748840,0.109985,-0.079712,1.3356,15.5578,0
40.3100,359286,-0.648682,0.748840,0.109985,-0.079773,1.3303,15.5625,0
40.3200,359296,-0.648682,0.748840,0.109985,-0.079773,1.3303,15.5625,0
40.3300,359306,-0.648682,0.748840,0.109985,-0.079773,1.3303,15.5625,0
40.3400,359316,-0.648682,0.748840,0.109985,-0.079773,1.3303,15.5625,0
40.3500,359326,-0.648682,0.748840,0.109985,-0.079773,1.3303,15.5625,0
40.3600,359336,-0.648682,0.748840,0.110046,-0.079712,1.3401,15.5633,0
40.3700,359346,-0.648682,0.748840,0.110046,-0.079712,1.3401,15.5633,0
40.3800,359356,-0.648682,0.748840,0.110046,-0.079712,1.3401,15.5633,0
40.3900,359366,-0.648682,0.748840,0.109985,-0.079834,1.3251,15.5672,0
40.4000,359376,-0.648743,0.748779,0.110046,-0.079895,1.3257,15.5771,0
40.4100,359386,-0.648743,0.748779,0.110046,-0.079895,1.3257,15.5771,0
40.4200,359396,-0.648682,0.748840,0.110046,-0.079895,1.3244,15.5773,0
40.4300,359406,-0.648560,0.748901,0.110107,-0.079895,1.3268,15.5824,0
40.4400,359416,-0.648437,0.749023,0.110107,-0.079895,1.3242,15.5829,0
40.4500,359426,-0.648376,0.749084,0.110107,-0.079895,1.3228,15.5831,0
40.4600,359436,-0.648315,0.749146,0.110107,-0.079834,1.3268,15.5786,0
40.4700,359446,-0.648315,0.749146,0.110107,-0.079834,1.3268,15.5786,0
40.4800,359456,-0.648315,0.749084,0.110168,-0.079895,1.3266,15.5880,0
40.4900,359466,-0.648315,0.749084,0.110168,-0.079895,1.3266,15.5880,0
40.5000,359476,-0.648315,0.749084,0.110168,-0.079895,1.3266,15.5880,0
40.5100,359486,-0.648315,0.749084,0.110168,-0.079895,1.3266,15.5880,0
40.5200,359496,-0.648254,0.749146,0.110168,-0.079895,1.3253,15.5882,0
40.5300,359506,-0.648193,0.749207,0.110168,-0.079895,1.3239,15.5884,0
40.5400,359516,-0.648132,0.749268,0.110168,-0.079895,1.3226,15.5886,0
40.5500,359526,-0.648071,0.749329,0.110168,-0.079895,1.3213,15.5888,0
40.5600,359536,-0.648010,0.749390,0.110168,-0.079834,1.3252,15.5843,0
40.5700,359546,-0.647949,0.749451,0.110229,-0.079895,1.3232,15.5947,0
40.5800,359556,-0.647888,0.749451,0.110229,-0.079895,1.3224,15.5941,0
40.5900,359566,-0.647888,0.749451,0.110229,-0.079895,1.3224,15.5941,0
40.6000,359576,-0.647888,0.749451,0.110229,-0.079895,1.3224,15.5941,0
40.6100,359586,-0.647827,0.749512,0.110229,-0.079895,1.3211,15.5943,0
40.6200,359596,-0.647766,0.749573,0.110229,-0.079895,1.3197,15.5945,0
40.6300,359606,-0.647705,0.749634,0.110229,-0.079895,1.3184,15.5947,0
40.6400,359616,-0.647644,0.749695,0.110291,-0.079895,1.3216,15.6004,0
40.6500,359626,-0.647583,0.749695,0.110291,-0.079895,1.3208,15.5999,0
40.6600,359636,-0.647522,0.749756,0.110291,-0.079895,1.3195,15.6001,0
40.6700,359646,-0.647522,0.749817,0.110291,-0.079895,1.3189,15.6008,0
40.6800,359656,-0.647461,0.749817,0.110291,-0.079895,1.3182,15.6003,0
40.6900,359666,-0.647461,0.749817,0.110291,-0.079895,1.3182,15.6003,0
40.7000,359676,-0.647461,0.749817,0.110291,-0.079895,1.3182,15.6003,0
40.7100,359686,-0.647400,0.749878,0.110352,-0.079895,1.3214,15.6060,0
40.7200,359696,-0.647339,0.749939,0.110352,-0.079834,1.3253,15.6015,0
40.7300,359706,-0.647217,0.750000,0.110352,-0.079834,1.3232,15.6012,0
40.7400,359716,-0.647095,0.750122,0.110352,-0.079834,1.3205,15.6016,0
40.7500,359726,-0.646912,0.750305,0.110352,-0.079773,1.3218,15.5975,0
40.7600,359736,-0.646729,0.750488,0.110413,-0.079773,1.3223,15.6036,0
40.7700,359746,-0.646545,0.750610,0.110413,-0.079712,1.3241,15.5988,0
40.7800,359756,-0.646423,0.750732,0.110413,-0.079651,1.3267,15.5946,0
40.7900,359766,-0.646301,0.750854,0.110413,-0.079651,1.3241,15.5950,0
40.8000,359776,-0.646179,0.750916,0.110413,-0.079651,1.3220,15.5947,0
40.8100,359786,-0.646118,0.750977,0.110413,-0.079651,1.3206,15.5949,0
40.8200,359796,-0.646057,0.751038,0.110413,-0.079590,1.3246,15.5905,0
40.8300,359806,-0.645996,0.751099,0.110413,-0.079590,1.3232,15.5907,0
40.8400,359816,-0.645935,0.751160,0.110413,-0.079590,1.3219,15.5909,0
40.8500,359826,-0.645935,0.751160,0.110413,-0.079590,1.3219,15.5909,0
40.8600,359836,-0.645874,0.751221,0.110413,-0.079590,1.3206,15.5911,0
40.8700,359846,-0.645813,0.751282,0.110413,-0.079529,1.3245,15.5866,0
40.8800,359856,-0.645813,0.751282,0.110413,-0.079529,1.3245,15.5866,0
40.8900,359866,-0.645752,0.751343,0.110413,-0.079529,1.3232,15.5868,0
40.9000,359876,-0.645691,0.751343,0.110413,-0.079529,1.3224,15.5863,0
40.9100,359886,-0.645630,0.751404,0.110474,-0.079529,1.3256,15.5920,0
40.9200,359896,-0.645508,0.751526,0.110474,-0.079529,1.3229,15.5924,0
40.9300,359906,-0.645447,0.751587,0.110474,-0.079529,1.3216,15.5926,0
40.9400,359916,-0.645386,0.751648,0.110474,-0.079468,1.3255,15.5882,0
40.9500,359926,-0.645325,0.751648,0.110474,-0.079468,1.3247,15.5876,0
40.9600,359936,-0.645386,0.751648,0.110474,-0.079468,1.3255,15.5882,0
40.9700,359946,-0.645447,0.751587,0.110474,-0.079529,1.3216,15.5926,0
40.9800,359956,-0.645508,0.751526,0.110474,-0.079529,1.3229,15.5924,0
40.9900,359966,-0.645508,0.751526,0.110474,-0.079529,1.3229,15.5924,0
41.0000,359976,-0.645447,0.751587,0.110474,-0.079529,1.3216,15.5926,0
41.0100,359986,-0.645386,0.751648,0.110474,-0.079468,1.3255,15.5882,0
41.0200,359996,-0.645264,0.751709,0.110474,-0.079468,1.3234,15.5878,0
41.0300,360006,-0.645142,0.751831,0.110474,-0.079468,1.3208,15.5883,0
41.0400,360016,-0.645081,0.751892,0.110535,-0.079468,1.3239,15.5940,0
41.0500,360026,-0.645020,0.751953,0.110535,-0.079407,1.3279,15.5895,0
41.0600,360036,-0.645020,0.751953,0.110535,-0.079407,1.3279,15.5895,0
41.0700,360046,-0.645081,0.751892,0.110535,-0.079468,1.3239,15.5940,0
41.0800,360056,-0.645142,0.751892,0.110474,-0.079468,1.3202,15.5890,0
41.0900,360066,-0.645142,0.751831,0.110474,-0.079468,1.3208,15.5883,0
41.1000,360076,-0.645203,0.751770,0.110474,-0.079468,1.3221,15.5881,0
41.1100,360086,-0.645203,0.751770,0.110474,-0.079468,1.3221,15.5881,0
41.1200,360096,-0.645203,0.751770,0.110474,-0.079468,1.3221,15.5881,0
41.1300,360106,-0.645203,0.751770,0.110474,-0.079468,1.3221,15.5881,0
41.1400,360116,-0.645203,0.751770,0.110474,-0.079468,1.3221,15.5881,0
41.1500,360126,-0.645203,0.751770,0.110474,-0.079468,1.3221,15.5881,0
41.1600,360136,-0.645203,0.751770,0.110474,-0.079468,1.3221,15.5881,0
41.1700,360146,-0.645203,0.751770,0.110474,-0.079468,1.3221,15.5881,0
41.1800,360156,-0.645203,0.751770,0.110474,-0.079468,1.3221,15.5881,0
41.1900,360166,-0.645203,0.751770,0.110474,-0.079468,1.3221,15.5881,0
41.2000,360176,-0.645264,0.751709,0.110474,-0.079468,1.3234,15.5878,0
41.2100,360186,-0.645447,0.751587,0.110474,-0.079468,1.3268,15.5880,0
41.2200,360196,-0.645508,0.751526,0.110474,-0.079529,1.3229,15.5924,0
41.2300,360206,-0.645569,0.751465,0.110474,-0.079529,1.3242,15.5922,0
41.2400,360216,-0.645569,0.751465,0.110474,-0.079529,1.3242,15.5922,0
41.2500,360226,-0.645569,0.751465,0.110474,-0.079529,1.3242,15.5922,0
41.2600,360236,-0.645569,0.751465,0.110474,-0.079529,1.3242,15.5922,0
41.2700,360246,-0.645508,0.751526,0.110413,-0.079468,1.3237,15.5823,0
41.2800,360256,-0.645447,0.751587,0.110413,-0.079407,1.3276,15.5778,0
41.2900,360266,-0.645325,0.751709,0.110413,-0.079407,1.3249,15.5783,0
41.3000,360276,-0.645264,0.751770,0.110413,-0.079407,1.3236,15.5785,0
41.3100,360286,-0.645203,0.751831,0.110413,-0.079407,1.3223,15.5787,0
41.3200,360296,-0.645203,0.751770,0.110474,-0.079407,1.3273,15.5834,0
41.3300,360306,-0.645203,0.751770,0.110535,-0.079468,1.3266,15.5935,0
41.3400,360316,-0.645203,0.751770,0.110535,-0.079529,1.3213,15.5982,0
41.3500,360326,-0.645203,0.751770,0.110535,-0.079529,1.3213,15.5982,0
41.3600,360336,-0.645142,0.751831,0.110535,-0.079529,1.3200,15.5984,0
41.3700,360346,-0.645081,0.751892,0.110535,-0.079529,1.3187,15.5986,0
41.3800,360356,-0.645020,0.751953,0.110596,-0.079529,1.3219,15.6043,0
41.3900,360366,-0.644958,0.751953,0.110596,-0.079468,1.3264,15.5991,0
41.4000,360376,-0.644958,0.751953,0.110596,-0.079468,1.3264,15.5991,0
41.4100,360386,-0.644958,0.751953,0.110596,-0.079468,1.3264,15.5991,0
41.4200,360396,-0.644958,0.751953,0.110596,-0.079468,1.3264,15.5991,0
41.4300,360406,-0.644958,0.751953,0.110596,-0.079468,1.3264,15.5991,0
41.4400,360416,-0.644958,0.751953,0.110596,-0.079468,1.3264,15.5991,0
41.4500,360426,-0.644897,0.752014,0.110596,-0.079468,1.3250,15.5993,0
41.4600,360436,-0.644897,0.752075,0.110596,-0.079468,1.3245,15.6001,0
41.4700,360446,-0.644836,0.752136,0.110596,-0.079468,1.3231,15.6003,0
41.4800,360456,-0.644836,0.752136,0.110596,-0.079468,1.3231,15.6003,0
41.4900,360466,-0.644836,0.752075,0.110596,-0.079468,1.3237,15.5995,0
41.5000,360476,-0.644897,0.752014,0.110596,-0.079468,1.3250,15.5993,0
41.5100,360486,-0.644958,0.752014,0.110596,-0.079468,1.3258,15.5999,0
41.5200,360496,-0.644958,0.752014,0.110596,-0.079468,1.3258,15.5999,0
41.5300,360506,-0.644958,0.752014,0.110596,-0.079468,1.3258,15.5999,0
41.5400,360516,-0.644958,0.752014,0.110596,-0.079468,1.3258,15.5999,0
41.5500,360526,-0.644897,0.752014,0.110596,-0.079468,1.3250,15.5993,0
41.5600,360536,-0.644836,0.752075,0.110596,-0.079468,1.3237,15.5995,0
41.5700,360546,-0.644714,0.752197,0.110535,-0.079468,1.3165,15.5945,0
41.5800,360556,-0.644592,0.752319,0.110535,-0.079529,1.3086,15.5995,0
41.5900,360566,-0.644470,0.752441,0.110474,-0.079590,1.2962,15.5991,0
41.6000,360576,-0.644348,0.752563,0.110413,-0.079651,1.2837,15.5987,0
41.6100,360586,-0.644226,0.752625,0.110291,-0.079651,1.2726,15.5874,0
41.6200,360596,-0.644104,0.752747,0.110229,-0.079773,1.2549,15.5916,0
41.6300,360606,-0.643982,0.752869,0.110107,-0.079834,1.2380,15.5857,0
41.6400,360616,-0.643921,0.752930,0.109985,-0.079956,1.2171,15.5842,0
41.6500,360626,-0.643860,0.752991,0.109863,-0.080017,1.2015,15.5780,0
41.6600,360636,-0.643860,0.752991,0.109680,-0.080078,1.1827,15.5662,0
41.6700,360646,-0.643921,0.752991,0.109497,-0.080139,1.1647,15.5549,0
41.6800,360656,-0.643982,0.752930,0.109314,-0.080200,1.1473,15.5429,0
41.6900,360666,-0.644165,0.752808,0.109253,-0.080322,1.1356,15.5469,0
41.7000,360676,-0.644287,0.752686,0.109192,-0.080383,1.1285,15.5456,0
41.7100,360686,-0.644409,0.752625,0.109070,-0.080322,1.1269,15.5304,0
41.7200,360696,-0.644470,0.752563,0.109009,-0.080261,1.1289,15.5201,0
41.7300,360706,-0.644592,0.752441,0.108887,-0.080200,1.1278,15.5041,0
41.7400,360716,-0.644714,0.752380,0.108826,-0.080139,1.1307,15.4943,0
41.7500,360726,-0.645081,0.752075,0.108765,-0.080139,1.1335,15.4884,0
41.7600,360736,-0.645264,0.751953,0.108826,-0.080078,1.1467,15.4894,0
41.7700,360746,-0.645386,0.751770,0.108887,-0.080078,1.1544,15.4937,0
41.7800,360756,-0.645447,0.751709,0.108887,-0.080017,1.1610,15.4889,0
41.7900,360766,-0.645508,0.751709,0.108948,-0.080017,1.1663,15.4949,0
41.8000,360776,-0.645508,0.751709,0.108948,-0.079956,1.1715,15.4902,0
41.8100,360786,-0.645447,0.751770,0.108948,-0.079956,1.1702,15.4904,0
41.8200,360796,-0.645386,0.751831,0.108948,-0.079956,1.1689,15.4906,0
41.8300,360806,-0.645386,0.751831,0.108948,-0.079956,1.1689,15.4906,0
41.8400,360816,-0.645386,0.751831,0.109009,-0.080017,1.1682,15.5008,0
41.8500,360826,-0.645386,0.751709,0.109131,-0.080200,1.1625,15.5242,0
41.8600,360836,-0.645386,0.751709,0.109192,-0.080383,1.1513,15.5436,0
41.8700,360846,-0.645386,0.751709,0.109253,-0.080566,1.1400,15.5630,0
41.8800,360856,-0.645264,0.751770,0.109314,-0.080688,1.1319,15.5775,0
41.8900,360866,-0.645081,0.751892,0.109375,-0.080750,1.1277,15.5874,0
41.9000,360876,-0.644836,0.752075,0.109436,-0.080811,1.1222,15.5976,0
41.9100,360886,-0.644653,0.752258,0.109436,-0.080750,1.1235,15.5935,0
41.9200,360896,-0.644531,0.752380,0.109497,-0.080811,1.1201,15.6041,0
41.9300,360906,-0.644470,0.752441,0.109558,-0.080933,1.1127,15.6190,0
41.9400,360916,-0.644409,0.752380,0.109680,-0.081055,1.1110,15.6380,0
41.9500,360926,-0.644470,0.752319,0.109741,-0.081177,1.1063,15.6526,0
41.9600,360936,-0.644531,0.752258,0.109863,-0.081299,1.1062,15.6726,0
41.9700,360946,-0.644470,0.752319,0.109985,-0.081421,1.1033,15.6931,0
41.9800,360956,-0.644409,0.752319,0.109985,-0.081421,1.1026,15.6926,0
41.9900,360966,-0.644409,0.752380,0.110046,-0.081421,1.1065,15.6988,0
42.0000,360976,-0.644348,0.752380,0.110046,-0.081421,1.1057,15.6982,0
42.0100,360986,-0.644348,0.752441,0.109924,-0.081482,1.0909,15.6926,0
42.0200,360996,-0.644348,0.752380,0.109924,-0.081604,1.0809,15.7012,0
42.0300,361006,-0.644409,0.752319,0.109924,-0.081787,1.0665,15.7150,0
42.0400,361016,-0.644531,0.752197,0.109985,-0.081909,1.0631,15.7294,0
42.0500,361026,-0.644531,0.752197,0.110046,-0.082031,1.0571,15.7441,0
42.0600,361036,-0.644470,0.752197,0.110107,-0.082092,1.0556,15.7537,0
42.0700,361046,-0.644348,0.752258,0.110168,-0.082214,1.0475,15.7681,0
42.0800,361056,-0.644226,0.752380,0.110229,-0.082214,1.0493,15.7740,0
42.0900,361066,-0.644104,0.752502,0.110229,-0.082214,1.0466,15.7744,0
42.1000,361076,-0.643982,0.752625,0.110168,-0.082153,1.0447,15.7646,0
42.1100,361086,-0.643921,0.752686,0.110107,-0.082031,1.0493,15.7500,0
42.1200,361096,-0.643860,0.752747,0.109985,-0.081848,1.0548,15.7253,0
42.1300,361106,-0.643860,0.752808,0.109802,-0.081726,1.0512,15.7003,0
42.1400,361116,-0.643921,0.752808,0.109680,-0.081604,1.0535,15.6806,0
42.1500,361126,-0.644043,0.752747,0.109497,-0.081482,1.0526,15.6552,0
42.1600,361136,-0.644165,0.752625,0.109314,-0.081360,1.0523,15.6291,0
42.1700,361146,-0.644409,0.752502,0.109131,-0.081238,1.0535,15.6041,0
42.1800,361156,-0.644592,0.752380,0.109009,-0.080994,1.0690,15.5747,0
42.1900,361166,-0.644836,0.752197,0.108887,-0.080688,1.0910,15.5405,0
42.2000,361176,-0.645020,0.752075,0.108826,-0.080444,1.1110,15.5166,0
42.2100,361186,-0.645203,0.751953,0.108704,-0.080200,1.1264,15.4872,0
42.2200,361196,-0.645386,0.751831,0.108643,-0.079956,1.1463,15.4633,0
42.2300,361206,-0.645630,0.751648,0.108582,-0.079773,1.1623,15.4438,0
42.2400,361216,-0.645874,0.751526,0.108521,-0.079590,1.1777,15.4251,0
42.2500,361226,-0.646057,0.751343,0.108459,-0.079468,1.1877,15.4097,0
42.2600,361236,-0.646240,0.751221,0.108337,-0.079285,1.1978,15.3849,0
42.2700,361246,-0.646362,0.751160,0.108215,-0.079102,1.2066,15.3604,0
42.2800,361256,-0.646606,0.751099,0.107849,-0.078735,1.2145,15.3011,0
42.2900,361266,-0.646667,0.751038,0.107666,-0.078491,1.2233,15.2658,0
42.3000,361276,-0.646667,0.751099,0.107483,-0.078308,1.2249,15.2362,0
42.3100,361286,-0.646729,0.751038,0.107300,-0.078125,1.2284,15.2057,0
42.3200,361296,-0.646851,0.751038,0.107178,-0.078003,1.2314,15.1865,0
42.3300,361306,-0.646973,0.750916,0.107056,-0.077881,1.2354,15.1659,0
42.3400,361316,-0.647156,0.750793,0.106934,-0.077820,1.2349,15.1504,0
42.3500,361326,-0.647339,0.750671,0.106812,-0.077759,1.2345,15.1350,0
42.3600,361336,-0.647461,0.750549,0.106750,-0.077698,1.2378,15.1245,0
42.3700,361346,-0.647644,0.750488,0.106628,-0.077637,1.2367,15.1097,0
42.3800,361356,-0.647644,0.750427,0.106567,-0.077576,1.2380,15.0989,0
42.3900,361366,-0.647705,0.750427,0.106506,-0.077515,1.2395,15.0893,0
42.4000,361376,-0.647644,0.750488,0.106445,-0.077454,1.2389,15.0794,0
42.4100,361386,-0.647644,0.750488,0.106445,-0.077454,1.2389,15.0794,0
42.4200,361396,-0.647583,0.750549,0.106445,-0.077515,1.2324,15.0843,0
42.4300,361406,-0.647400,0.750671,0.106445,-0.077454,1.2343,15.0795,0
42.4400,361416,-0.647217,0.750854,0.106445,-0.077454,1.2304,15.0801,0
42.4500,361426,-0.646912,0.751099,0.106445,-0.077454,1.2246,15.0803,0
42.4600,361436,-0.646667,0.751343,0.106384,-0.077393,1.2201,15.0710,0
42.4700,361446,-0.646484,0.751526,0.106323,-0.077332,1.2170,15.0615,0
42.4800,361456,-0.646301,0.751709,0.106201,-0.077209,1.2146,15.0418,0
42.4900,361466,-0.646240,0.751770,0.106079,-0.077087,1.2148,15.0218,0
42.5000,361476,-0.646179,0.751831,0.106018,-0.076965,1.2195,15.0072,0
42.5100,361486,-0.646240,0.751831,0.105896,-0.076843,1.2218,14.9875,0
42.5200,361496,-0.646240,0.751831,0.105652,-0.076721,1.2142,14.9564,0
42.5300,361506,-0.646362,0.751770,0.105530,-0.076599,1.2177,14.9365,0
42.5400,361516,-0.646545,0.751709,0.105286,-0.076416,1.2181,14.9016,0
42.5500,361526,-0.646790,0.751587,0.104919,-0.076050,1.2265,14.8416,0
42.5600,361536,-0.646851,0.751587,0.104736,-0.075806,1.2347,14.8071,0
42.5700,361546,-0.646729,0.751770,0.104553,-0.075562,1.2391,14.7733,0
42.5800,361556,-0.646484,0.752014,0.104309,-0.075317,1.2370,14.7336,0
42.5900,361566,-0.646240,0.752258,0.104065,-0.075134,1.2297,14.6987,0
42.6000,361576,-0.646057,0.752441,0.103882,-0.074951,1.2282,14.6690,0
42.6100,361586,-0.645813,0.752686,0.103699,-0.074768,1.2254,14.6395,0
42.6200,361596,-0.645630,0.752869,0.103577,-0.074707,1.2179,14.6245,0
42.6300,361606,-0.645874,0.752625,0.103638,-0.074829,1.2169,14.6384,0
42.6400,361616,-0.646484,0.752075,0.104065,-0.074951,1.2500,14.6847,0
42.6500,361626,-0.646362,0.752136,0.104431,-0.074951,1.2752,14.7171,0
42.6600,361636,-0.646362,0.752075,0.104858,-0.074951,1.3073,14.7546,0
42.6700,361646,-0.646545,0.751831,0.105408,-0.075012,1.3471,14.8071,0
42.6800,361656,-0.646667,0.751648,0.105896,-0.075073,1.3811,14.8543,0
42.6900,361666,-0.646667,0.751587,0.106384,-0.075134,1.4125,14.9020,0
42.7000,361676,-0.646545,0.751648,0.106812,-0.075012,1.4527,14.9306,0
42.7100,361686,-0.646362,0.751770,0.107117,-0.074951,1.4773,14.9533,0
42.7200,361696,-0.646240,0.751831,0.107300,-0.074829,1.4993,14.9601,0
42.7300,361706,-0.646179,0.751892,0.107422,-0.074768,1.5124,14.9666,0
42.7400,361716,-0.646179,0.751892,0.107361,-0.074707,1.5131,14.9565,0
42.7500,361726,-0.646301,0.751831,0.107300,-0.074646,1.5159,14.9467,0
42.7600,361736,-0.646301,0.751831,0.107117,-0.074646,1.5023,14.9303,0
42.7700,361746,-0.646484,0.751709,0.106873,-0.074646,1.4875,14.9085,0
42.7800,361756,-0.646667,0.751587,0.106750,-0.074707,1.4765,14.9023,0
42.7900,361766,-0.646729,0.751526,0.106506,-0.074707,1.4596,14.8802,0
42.8000,361776,-0.646729,0.751587,0.106323,-0.074768,1.4403,14.8691,0
42.8100,361786,-0.646484,0.751831,0.105591,-0.074707,1.3862,14.7998,0
42.8200,361796,-0.646362,0.752075,0.105164,-0.074646,1.3562,14.7588,0
42.8300,361806,-0.646240,0.752258,0.104736,-0.074524,1.3321,14.7124,0
42.8400,361816,-0.646179,0.752319,0.104309,-0.074524,1.2992,14.6743,0
42.8500,361826,-0.646179,0.752380,0.104004,-0.074524,1.2761,14.6477,0
42.8600,361836,-0.646240,0.752380,0.103760,-0.074585,1.2534,14.6310,0
42.8700,361846,-0.646301,0.752319,0.103699,-0.074707,1.2396,14.6347,0
42.8800,361856,-0.646301,0.752258,0.103760,-0.074890,1.2289,14.6533,0
42.8900,361866,-0.646240,0.752319,0.103943,-0.075073,1.2254,14.6838,0
42.9000,361876,-0.646057,0.752441,0.104187,-0.075195,1.2297,14.7148,0
42.9100,361886,-0.645752,0.752625,0.104492,-0.075256,1.2418,14.7463,0
42.9200,361896,-0.645386,0.752869,0.104797,-0.075317,1.2527,14.7781,0
42.9300,361906,-0.645081,0.753113,0.105103,-0.075378,1.2642,14.8103,0
42.9400,361916,-0.644775,0.753296,0.105469,-0.075378,1.2860,14.8428,0
42.9500,361926,-0.644531,0.753479,0.105774,-0.075439,1.2987,14.8749,0
42.9600,361936,-0.644287,0.753601,0.106079,-0.075439,1.3172,14.9016,0
42.9700,361946,-0.644104,0.753723,0.106384,-0.075500,1.3312,14.9335,0
42.9800,361956,-0.643921,0.753845,0.106628,-0.075500,1.3460,14.9554,0
42.9900,361966,-0.643799,0.753967,0.106812,-0.075562,1.3516,14.9769,0
43.0000,361976,-0.643616,0.754089,0.106934,-0.075623,1.3521,14.9924,0
43.0100,361986,-0.643372,0.754211,0.107117,-0.075684,1.3563,15.0128,0
43.0200,361996,-0.643188,0.754395,0.107300,-0.075745,1.3606,15.0346,0
43.0300,362006,-0.642944,0.754517,0.107483,-0.075806,1.3648,15.0550,0
43.0400,362016,-0.642700,0.754700,0.107605,-0.075867,1.3639,15.0708,0
43.0500,362026,-0.642517,0.754822,0.107727,-0.076050,1.3537,15.0955,0
43.0600,362036,-0.642334,0.754944,0.107849,-0.076233,1.3435,15.1203,0
43.0700,362046,-0.642212,0.755005,0.107971,-0.076477,1.3294,15.1494,0
43.0800,362056,-0.642151,0.755005,0.108215,-0.076965,1.3043,15.2078,0
43.0900,362066,-0.642090,0.754944,0.108337,-0.077271,1.2867,15.2406,0
43.1000,362076,-0.642029,0.755005,0.108521,-0.077515,1.2777,15.2758,0
43.1100,362086,-0.641907,0.755066,0.108704,-0.077759,1.2680,15.3104,0
43.1200,362096,-0.641663,0.755188,0.108887,-0.077881,1.2668,15.3355,0
43.1300,362106,-0.641479,0.755310,0.109131,-0.078003,1.2708,15.3667,0
43.1400,362116,-0.641235,0.755432,0.109375,-0.078125,1.2740,15.3973,0
43.1500,362126,-0.641113,0.755554,0.109680,-0.078125,1.2938,15.4252,0
43.1600,362136,-0.640991,0.755615,0.110107,-0.078125,1.3231,15.4634,0
43.1700,362146,-0.640869,0.755615,0.110596,-0.078064,1.3627,15.5018,0
43.1800,362156,-0.640686,0.755676,0.111267,-0.077942,1.4198,15.5524,0
43.1900,362166,-0.640442,0.755798,0.112122,-0.077881,1.4836,15.6243,0
43.2000,362176,-0.640076,0.755981,0.113037,-0.077759,1.5550,15.6970,0
43.2100,362186,-0.639587,0.756226,0.113953,-0.077698,1.6189,15.7741,0
43.2200,362196,-0.639099,0.756531,0.114929,-0.077698,1.6813,15.8622,0
43.2300,362206,-0.638489,0.756897,0.115967,-0.077698,1.7460,15.9558,0
43.2400,362216,-0.637695,0.757385,0.117004,-0.077637,1.8123,16.0449,0
43.2500,362226,-0.636230,0.758484,0.118042,-0.077148,1.9010,16.1043,0
43.2600,362236,-0.634583,0.759766,0.119080,-0.076538,1.9960,16.1560,0
43.2700,362246,-0.633240,0.760742,0.120239,-0.075928,2.1065,16.2180,0
43.2800,362256,-0.632568,0.761169,0.121582,-0.075439,2.2336,16.3046,0
43.2900,362266,-0.632446,0.761047,0.123169,-0.075195,2.3693,16.4292,0
43.3000,362276,-0.632812,0.760437,0.124939,-0.075195,2.5083,16.5863,0
43.3100,362286,-0.633667,0.759399,0.126953,-0.075378,2.6599,16.7775,0
43.3200,362296,-0.634705,0.758118,0.129089,-0.075745,2.8098,16.9916,0
43.3300,362306,-0.635864,0.756714,0.131348,-0.076050,2.9774,17.2115,0
43.3400,362316,-0.637085,0.755310,0.133545,-0.076294,3.1476,17.4215,0
43.3500,362326,-0.638855,0.752991,0.137878,-0.076233,3.5181,17.7956,0
43.3600,362336,-0.639221,0.752319,0.140076,-0.075928,3.7174,17.9678,0
43.3700,362346,-0.639099,0.752075,0.142212,-0.075500,3.9112,18.1278,0
43.3800,362356,-0.638367,0.752380,0.144409,-0.074829,4.1158,18.2791,0
43.3900,362366,-0.636841,0.753296,0.146729,-0.073975,4.3263,18.4321,0
43.4000,362376,-0.634644,0.754761,0.149109,-0.072937,4.5404,18.5820,0
43.4100,362386,-0.631714,0.756836,0.151733,-0.071655,4.7749,18.7428,0
43.4200,362396,-0.629089,0.758606,0.154114,-0.070557,4.9826,18.8941,0
43.4300,362406,-0.625916,0.760803,0.156738,-0.069153,5.2204,19.0514,0
43.4400,362416,-0.621521,0.763977,0.159790,-0.067322,5.4951,19.2293,0
43.4500,362426,-0.616516,0.767578,0.162842,-0.065247,5.7752,19.3977,0
43.4600,362436,-0.610657,0.771790,0.165771,-0.062927,6.0459,19.5480,0
43.4700,362446,-0.603760,0.776794,0.168579,-0.060303,6.3082,19.6795,0
43.4800,362456,-0.595398,0.782898,0.171021,-0.057373,6.5353,19.7734,0
43.4900,362466,-0.585754,0.789917,0.173157,-0.054138,6.7378,19.8358,0
43.5000,362476,-0.575256,0.797424,0.175049,-0.050903,6.9044,19.8895,0
43.5100,362486,-0.564270,0.804993,0.176819,-0.047852,7.0368,19.9530,0
43.5200,362496,-0.553223,0.812439,0.178467,-0.044983,7.1445,20.0242,0
43.5300,362506,-0.542542,0.819397,0.180115,-0.042419,7.2340,20.1169,0
43.5400,362516,-0.532410,0.825745,0.181885,-0.040222,7.3106,20.2442,0
43.5500,362526,-0.522949,0.831421,0.183777,-0.038391,7.3756,20.4035,0
43.5600,362536,-0.514282,0.836426,0.185852,-0.036987,7.4284,20.6036,0
43.5700,362546,-0.506531,0.840698,0.188171,-0.036133,7.4624,20.8553,0
43.5800,362556,-0.499756,0.844116,0.190796,-0.036011,7.4643,21.1716,0
43.5900,362566,-0.493958,0.846863,0.193542,-0.036621,7.4221,21.5346,0
43.6000,362576,-0.489075,0.848938,0.196533,-0.037842,7.3534,21.9489,0
43.6100,362586,-0.481506,0.851685,0.202698,-0.041748,7.1281,22.8596,0
43.6200,362596,-0.478638,0.852417,0.205750,-0.044373,6.9678,23.3390,0
43.6300,362606,-0.476196,0.852905,0.208557,-0.047363,6.7672,23.8085,0
43.6400,362616,-0.474060,0.853333,0.211121,-0.050659,6.5292,24.2681,0
43.6500,362626,-0.471802,0.853760,0.213318,-0.054199,6.2428,24.7000,0
43.6600,362636,-0.469299,0.854492,0.215149,-0.057861,5.9151,25.1033,0
43.6700,362646,-0.466309,0.855530,0.216553,-0.061584,5.5426,25.4661,0
43.6800,362656,-0.462585,0.856995,0.217590,-0.065369,5.1214,25.7955,0
43.6900,362666,-0.458130,0.858826,0.218445,-0.069214,4.6614,26.1094,0
43.7000,362676,-0.453003,0.861023,0.219177,-0.073059,4.1728,26.4110,0
43.7100,362686,-0.447388,0.863464,0.219910,-0.076904,3.6672,26.7117,0
43.7200,362696,-0.441711,0.865845,0.220642,-0.080688,3.1639,27.0044,0
43.7300,362706,-0.436462,0.867920,0.221497,-0.084595,2.6656,27.3112,0
43.7400,362716,-0.432068,0.869446,0.222656,-0.088440,2.2132,27.6419,0
43.7500,362726,-0.429199,0.870056,0.224121,-0.092468,1.8040,28.0086,0
43.7600,362736,-0.427979,0.869690,0.225952,-0.096924,1.4221,28.4328,0
43.7700,362746,-0.428101,0.868591,0.228088,-0.101440,1.0926,28.8927,0
43.7800,362756,-0.428711,0.867126,0.230347,-0.105957,0.7877,29.3653,0
43.7900,362766,-0.429443,0.865601,0.232666,-0.110168,0.5220,29.8306,0
43.8000,362776,-0.429932,0.864258,0.234924,-0.114014,0.2824,30.2726,0
43.8100,362786,-0.429565,0.863464,0.237122,-0.117004,0.0951,30.6648,0
43.8200,362796,-0.427734,0.863464,0.238403,-0.120850,-0.2723,31.0039,0
43.8300,362806,-0.425293,0.863953,0.239685,-0.123840,-0.5794,31.2994,0
43.8400,362816,-0.423218,0.864258,0.241821,-0.124573,-0.6096,31.5647,0
43.8500,362826,-0.421265,0.864502,0.244019,-0.124878,-0.5914,31.8133,0
43.8600,362836,-0.419617,0.864685,0.246338,-0.124817,-0.5225,32.0582,0
43.8700,362846,-0.418457,0.864563,0.248779,-0.124573,-0.4123,32.3061,0
43.8800,362856,-0.417603,0.863586,0.254089,-0.123535,-0.0659,32.8222,0
43.8900,362866,-0.417603,0.862793,0.257080,-0.122742,0.1669,33.1022,0
43.9000,362876,-0.417664,0.862000,0.260254,-0.121582,0.4463,33.3845,0
43.9100,362886,-0.417480,0.861328,0.263672,-0.119812,0.7885,33.6626,0
43.9200,362896,-0.416992,0.860779,0.267212,-0.117310,1.1973,33.9161,0
43.9300,362906,-0.416321,0.860413,0.270874,-0.114075,1.6755,34.1491,0
43.9400,362916,-0.415405,0.860168,0.274597,-0.110229,2.2068,34.3605,0
43.9500,362926,-0.414368,0.859985,0.278381,-0.105896,2.7837,34.5579,0
43.9600,362936,-0.413269,0.859863,0.282104,-0.101379,3.3724,34.7448,0
43.9700,362946,-0.412292,0.859558,0.285889,-0.096985,3.9572,34.9469,0
43.9800,362956,-0.411499,0.859070,0.289734,-0.093201,4.4919,35.1894,0
43.9900,362966,-0.410828,0.858398,0.293762,-0.090088,4.9743,35.4881,0
44.0000,362976,-0.410400,0.857422,0.297791,-0.087891,5.3770,35.8299,0
44.0100,362986,-0.410217,0.856140,0.302002,-0.086670,5.7029,36.2385,0
44.0200,362996,-0.410095,0.854736,0.306335,-0.086243,5.9594,36.7006,0
44.0300,363006,-0.409729,0.853271,0.310730,-0.086365,6.1565,37.1956,0
44.0400,363016,-0.408752,0.852112,0.315186,-0.086487,6.3310,37.7039,0
44.0500,363026,-0.407043,0.851257,0.319763,-0.086365,6.5043,38.2204,0
44.0600,363036,-0.404541,0.850769,0.324219,-0.085999,6.6607,38.7171,0
44.0700,363046,-0.401489,0.850586,0.328674,-0.085510,6.8027,39.2157,0
44.0800,363056,-0.397888,0.850586,0.333008,-0.085144,6.9011,39.7094,0
44.0900,363066,-0.393921,0.850769,0.337341,-0.085022,6.9558,40.2207,0
44.1000,363076,-0.389465,0.851013,0.341736,-0.085266,6.9535,40.7582,0
44.1100,363086,-0.384705,0.851318,0.346130,-0.085999,6.8858,41.3208,0
44.1200,363096,-0.379761,0.851624,0.350525,-0.087219,6.7580,41.9070,0
44.1300,363106,-0.374695,0.851929,0.354919,-0.088867,6.5780,42.5139,0
44.1400,363116,-0.364197,0.852356,0.363525,-0.093262,6.0736,43.7505,0
44.1500,363126,-0.358948,0.852478,0.367737,-0.095703,5.7868,44.3671,0
44.1600,363136,-0.353943,0.852539,0.371826,-0.098328,5.4832,44.9773,0
