# Sesion:26 Fecha:2026-06-04 20:04:35 Shots:1 Duracion:16,88s
tSeg,ms,qw,qx,qy,qz,filteredElev,filteredYaw,shot
0.0000,204296,0.739197,-0.669495,0.041199,0.060730,-8.1766,2.0043,0
0.0100,204306,0.739990,-0.668945,0.038513,0.058472,-7.7718,2.0250,0
0.0200,204316,0.740479,-0.669067,0.033569,0.054077,-7.0120,2.0305,0
0.0300,204326,0.740417,-0.669434,0.031189,0.051880,-6.6409,2.0232,0
0.0400,204336,0.740173,-0.669922,0.028992,0.049805,-6.2950,2.0112,0
0.0500,204346,0.740112,-0.670227,0.026855,0.047729,-5.9541,1.9966,0
0.0600,204356,0.740417,-0.670166,0.024780,0.045715,-5.6222,1.9857,0
0.0700,204366,0.741028,-0.669678,0.022705,0.043762,-5.2938,1.9826,0
0.0800,204376,0.741943,-0.668823,0.020630,0.041870,-4.9692,1.9866,0
0.0900,204386,0.742981,-0.667847,0.018494,0.039978,-4.6391,1.9953,0
0.1000,204396,0.743958,-0.666931,0.016357,0.038147,-4.3139,2.0081,0
0.1100,204406,0.744690,-0.666260,0.014282,0.036194,-3.9853,2.0034,0
0.1200,204416,0.745239,-0.665833,0.012146,0.034241,-3.6522,2.0018,0
0.1300,204426,0.745544,-0.665588,0.010071,0.032227,-3.3202,1.9888,0
0.1400,204436,0.745728,-0.665527,0.007935,0.030151,-2.9788,1.9745,0
0.1500,204446,0.745667,-0.665710,0.005798,0.028076,-2.6382,1.9592,0
0.1600,204456,0.745239,-0.666260,0.003662,0.025940,-2.2938,1.9376,0
0.1700,204466,0.744446,-0.667297,0.001526,0.023865,-1.9554,1.9206,0
0.1800,204476,0.743286,-0.668640,-0.000549,0.021729,-1.6183,1.8939,0
0.1900,204486,0.741943,-0.670166,-0.002625,0.019653,-1.2863,1.8733,0
0.2000,204496,0.740540,-0.671753,-0.004639,0.017578,-0.9595,1.8493,0
0.2100,204506,0.739319,-0.673157,-0.006653,0.015625,-0.6417,1.8374,0
0.2200,204516,0.738281,-0.674316,-0.008667,0.013733,-0.3279,1.8319,0
0.2300,204526,0.737549,-0.675110,-0.010620,0.011902,-0.0232,1.8278,0
0.2400,204536,0.737061,-0.675598,-0.012573,0.010071,0.2823,1.8243,0
0.2500,204546,0.736755,-0.675964,-0.014343,0.008301,0.5680,1.8122,0
0.2600,204556,0.736450,-0.676270,-0.015991,0.006531,0.8434,1.7909,0
0.2700,204566,0.736145,-0.676575,-0.017639,0.004700,1.1237,1.7646,0
0.2800,204576,0.735168,-0.677612,-0.020386,0.000610,1.6702,1.6353,0
0.2900,204586,0.734253,-0.678528,-0.021484,-0.001343,1.9124,1.5586,0
0.3000,204596,0.733276,-0.679504,-0.022583,-0.003357,2.1595,1.4776,0
0.3100,204606,0.732483,-0.680359,-0.023682,-0.005310,2.4024,1.4020,0
0.3200,204616,0.732056,-0.680725,-0.024963,-0.007324,2.6664,1.3344,0
0.3300,204626,0.731995,-0.680725,-0.026245,-0.009216,2.9216,1.2760,0
0.3400,204636,0.732178,-0.680481,-0.027588,-0.010925,3.1682,1.2366,0
0.3500,204646,0.732483,-0.680054,-0.028809,-0.012512,3.3951,1.1970,0
0.3600,204656,0.732727,-0.679749,-0.030029,-0.014038,3.6173,1.1628,0
0.3700,204666,0.732666,-0.679687,-0.031128,-0.015442,3.8190,1.1306,0
0.3800,204676,0.732422,-0.679871,-0.032104,-0.016846,4.0102,1.0901,0
0.3900,204686,0.732056,-0.680176,-0.033081,-0.018250,4.2013,1.0504,0
0.4000,204696,0.731750,-0.680420,-0.033997,-0.019653,4.3874,1.0057,0
0.4100,204706,0.731750,-0.680359,-0.035095,-0.021057,4.5894,0.9736,0
0.4200,204716,0.731995,-0.679993,-0.036255,-0.022400,4.7921,0.9495,0
0.4300,204726,0.732483,-0.679382,-0.037476,-0.023682,4.9955,0.9334,0
0.4400,204736,0.733032,-0.678650,-0.038818,-0.024902,5.2045,0.9309,0
0.4500,204746,0.733398,-0.678101,-0.040100,-0.026062,5.4032,0.9298,0
0.4600,204756,0.733459,-0.677917,-0.041382,-0.027344,5.6112,0.9209,0
0.4700,204766,0.733337,-0.677979,-0.042603,-0.028687,5.8187,0.9039,0
0.4800,204776,0.733032,-0.678162,-0.043762,-0.029968,6.0159,0.8884,0
0.4900,204786,0.732666,-0.678345,-0.044922,-0.031250,6.2128,0.8734,0
0.5000,204796,0.732422,-0.678528,-0.045959,-0.032410,6.3906,0.8588,0
0.5100,204806,0.732056,-0.678833,-0.046997,-0.033508,6.5634,0.8505,0
0.5200,204816,0.731567,-0.679199,-0.047913,-0.034668,6.7303,0.8285,0
0.5300,204826,0.731018,-0.679687,-0.048828,-0.035828,6.8974,0.8077,0
0.5400,204836,0.730103,-0.680420,-0.050659,-0.038025,7.2223,0.7748,0
0.5500,204846,0.729919,-0.680481,-0.051697,-0.039001,7.3857,0.7755,0
0.5600,204856,0.729858,-0.680359,-0.052612,-0.039856,7.5292,0.7752,0
0.5700,204866,0.729858,-0.680237,-0.053467,-0.040649,7.6632,0.7749,0
0.5800,204876,0.729675,-0.680359,-0.054077,-0.041321,7.7669,0.7681,0
0.5900,204886,0.729309,-0.680725,-0.054565,-0.042053,7.8652,0.7490,0
0.6000,204896,0.728760,-0.681213,-0.054871,-0.042664,7.9380,0.7274,0
0.6100,204906,0.728271,-0.681702,-0.055115,-0.043152,7.9964,0.7112,0
0.6200,204916,0.728027,-0.681885,-0.055359,-0.043579,8.0500,0.6969,0
0.6300,204926,0.728027,-0.681885,-0.055603,-0.043823,8.0899,0.6957,0
0.6400,204936,0.728149,-0.681702,-0.055847,-0.043945,8.1199,0.7029,0
0.6500,204946,0.728333,-0.681519,-0.056030,-0.044067,8.1452,0.7050,0
0.6600,204956,0.728333,-0.681458,-0.056213,-0.044128,8.1652,0.7139,0
0.6700,204966,0.728271,-0.681580,-0.056213,-0.044128,8.1654,0.7150,0
0.6800,204976,0.728027,-0.681824,-0.056213,-0.044128,8.1651,0.7179,0
0.6900,204986,0.727722,-0.682129,-0.056091,-0.044067,8.1495,0.7169,0
0.7000,204996,0.727600,-0.682312,-0.055908,-0.043884,8.1198,0.7196,0
0.7100,205006,0.727478,-0.682434,-0.055786,-0.043762,8.0997,0.7216,0
0.7200,205016,0.727539,-0.682434,-0.055664,-0.043640,8.0802,0.7219,0
0.7300,205026,0.727539,-0.682434,-0.055664,-0.043518,8.0705,0.7322,0
0.7400,205036,0.727661,-0.682312,-0.055664,-0.043335,8.0562,0.7462,0
0.7500,205046,0.727905,-0.682007,-0.055786,-0.043152,8.0521,0.7680,0
0.7600,205056,0.728210,-0.681702,-0.055908,-0.042969,8.0484,0.7896,0
0.7700,205066,0.728455,-0.681458,-0.056091,-0.042786,8.0498,0.8167,0
0.7800,205076,0.728516,-0.681335,-0.056274,-0.042603,8.0506,0.8455,0
0.7900,205086,0.728394,-0.681519,-0.056335,-0.042480,8.0462,0.8624,0
0.8000,205096,0.727844,-0.682129,-0.056335,-0.042114,8.0167,0.8998,0
0.8100,205106,0.727539,-0.682434,-0.056213,-0.041931,7.9915,0.9090,0
0.8200,205116,0.727478,-0.682556,-0.056152,-0.041626,7.9624,0.9309,0
0.8300,205126,0.727539,-0.682556,-0.056030,-0.041260,7.9236,0.9517,0
0.8400,205136,0.727722,-0.682373,-0.055847,-0.040833,7.8748,0.9711,0
0.8500,205146,0.728027,-0.682068,-0.055664,-0.040405,7.8262,0.9891,0
0.8600,205156,0.728333,-0.681824,-0.055420,-0.040039,7.7776,0.9976,0
0.8700,205166,0.728455,-0.681702,-0.055176,-0.039673,7.7283,1.0077,0
0.8800,205176,0.728333,-0.681885,-0.054932,-0.039429,7.6886,1.0106,0
0.8900,205186,0.728027,-0.682251,-0.054687,-0.039246,7.6533,1.0104,0
0.9000,205196,0.727661,-0.682678,-0.054443,-0.039063,7.6179,1.0109,0
0.9100,205206,0.727295,-0.683044,-0.054260,-0.038818,7.5826,1.0208,0
0.9200,205216,0.727112,-0.683289,-0.054199,-0.038513,7.5533,1.0439,0
0.9300,205226,0.727051,-0.683350,-0.054138,-0.038147,7.5192,1.0704,0
0.9400,205236,0.727051,-0.683350,-0.054138,-0.037781,7.4902,1.1012,0
0.9500,205246,0.727051,-0.683411,-0.054138,-0.037354,7.4568,1.1374,0
0.9600,205256,0.726990,-0.683472,-0.054016,-0.036865,7.4078,1.1693,0
0.9700,205266,0.726868,-0.683655,-0.053833,-0.036438,7.3587,1.1922,0
0.9800,205276,0.726685,-0.683899,-0.053589,-0.036011,7.3043,1.2109,0
0.9900,205286,0.726562,-0.684143,-0.053284,-0.035522,7.2404,1.2297,0
1.0000,205296,0.726440,-0.684265,-0.053040,-0.035095,7.1859,1.2473,0
1.0100,205306,0.726318,-0.684448,-0.052734,-0.034790,7.1362,1.2503,0
1.0200,205316,0.726196,-0.684631,-0.052490,-0.034485,7.0916,1.2580,0
1.0300,205326,0.725952,-0.684875,-0.052185,-0.034302,7.0510,1.2516,0
1.0400,205336,0.725647,-0.685242,-0.051819,-0.034180,7.0103,1.2362,0
1.0500,205346,0.725342,-0.685608,-0.051453,-0.034119,6.9744,1.2156,0
1.0600,205356,0.724792,-0.686279,-0.050598,-0.033997,6.8926,1.1640,0
1.0700,205366,0.724792,-0.686279,-0.050293,-0.033997,6.8671,1.1398,0
1.0800,205376,0.724915,-0.686157,-0.050049,-0.034058,6.8517,1.1141,0
1.0900,205386,0.725098,-0.685974,-0.049866,-0.034180,6.8464,1.0876,0
1.1000,205396,0.725220,-0.685852,-0.049744,-0.034363,6.8509,1.0614,0
1.1100,205406,0.725220,-0.685913,-0.049622,-0.034607,6.8602,1.0317,0
1.1200,205416,0.725037,-0.686035,-0.049438,-0.034912,6.8685,0.9931,0
1.1300,205426,0.724854,-0.686279,-0.049316,-0.035217,6.8824,0.9601,0
1.1400,205436,0.724609,-0.686462,-0.049133,-0.035461,6.8858,0.9272,0
1.1500,205446,0.724426,-0.686707,-0.048950,-0.035706,6.8898,0.8944,0
1.1600,205456,0.724182,-0.686951,-0.048767,-0.035828,6.8838,0.8720,0
1.1700,205466,0.723938,-0.687256,-0.048584,-0.036011,6.8829,0.8449,0
1.1800,205476,0.723694,-0.687500,-0.048462,-0.036133,6.8820,0.8274,0
1.1900,205486,0.723511,-0.687622,-0.048340,-0.036194,6.8762,0.8141,0
1.2000,205496,0.723511,-0.687622,-0.048279,-0.036194,6.8711,0.8092,0
1.2100,205506,0.723572,-0.687622,-0.048218,-0.036194,6.8663,0.8041,0
1.2200,205516,0.723633,-0.687561,-0.048218,-0.036133,6.8616,0.8086,0
1.2300,205526,0.723572,-0.687561,-0.048279,-0.036133,6.8663,0.8137,0
1.2400,205536,0.723572,-0.687622,-0.048218,-0.036072,6.8566,0.8143,0
1.2500,205546,0.723572,-0.687622,-0.048218,-0.036072,6.8566,0.8143,0
1.2600,205556,0.723511,-0.687683,-0.048035,-0.036072,6.8413,0.8003,0
1.2700,205566,0.723450,-0.687744,-0.047852,-0.036072,6.8259,0.7864,0
1.2800,205576,0.723328,-0.687866,-0.047607,-0.036133,6.8102,0.7630,0
1.2900,205586,0.723267,-0.687988,-0.047363,-0.036133,6.7900,0.7446,0
1.3000,205596,0.723206,-0.688110,-0.047180,-0.036072,6.7700,0.7360,0
1.3100,205606,0.723206,-0.688049,-0.046997,-0.036011,6.7497,0.7262,0
1.3200,205616,0.723572,-0.687744,-0.046753,-0.035645,6.7009,0.7341,0
1.3300,205626,0.723633,-0.687683,-0.046570,-0.035400,6.6663,0.7394,0
1.3400,205636,0.723633,-0.687683,-0.046387,-0.035217,6.6365,0.7401,0
1.3500,205646,0.723511,-0.687866,-0.046143,-0.034973,6.5969,0.7425,0
1.3600,205656,0.723389,-0.688049,-0.045959,-0.034668,6.5575,0.7548,0
1.3700,205666,0.723206,-0.688232,-0.045776,-0.034424,6.5226,0.7623,0
1.3800,205676,0.723083,-0.688416,-0.045593,-0.034119,6.4832,0.7746,0
1.3900,205686,0.722961,-0.688538,-0.045471,-0.033875,6.4534,0.7864,0
1.4000,205696,0.722900,-0.688660,-0.045410,-0.033752,6.4388,0.7926,0
1.4100,205706,0.722778,-0.688782,-0.045349,-0.033569,6.4190,0.8041,0
1.4200,205716,0.722717,-0.688843,-0.045288,-0.033569,6.4138,0.7998,0
1.4300,205726,0.722595,-0.688965,-0.045227,-0.033508,6.4037,0.8011,0
1.4400,205736,0.722473,-0.689087,-0.045227,-0.033447,6.3987,0.8073,0
1.4500,205746,0.722412,-0.689209,-0.045166,-0.033447,6.3938,0.8033,0
1.4600,205756,0.722290,-0.689270,-0.045166,-0.033447,6.3934,0.8041,0
1.4700,205766,0.722229,-0.689331,-0.045105,-0.033447,6.3882,0.7998,0
1.4800,205776,0.722107,-0.689453,-0.044922,-0.033447,6.3728,0.7863,0
1.4900,205786,0.721985,-0.689636,-0.044739,-0.033508,6.3625,0.7680,0
1.5000,205796,0.721741,-0.689880,-0.044495,-0.033508,6.3419,0.7508,0
1.5100,205806,0.721558,-0.690125,-0.044189,-0.033569,6.3213,0.7234,0
1.5200,205816,0.721375,-0.690369,-0.043884,-0.033630,6.3008,0.6959,0
1.5300,205826,0.721252,-0.690491,-0.043640,-0.033630,6.2804,0.6776,0
1.5400,205836,0.721252,-0.690491,-0.043457,-0.033630,6.2652,0.6630,0
1.5500,205846,0.721313,-0.690430,-0.043274,-0.033691,6.2549,0.6427,0
1.5600,205856,0.721375,-0.690369,-0.043091,-0.033691,6.2397,0.6276,0
1.5700,205866,0.721375,-0.690369,-0.042908,-0.033691,6.2245,0.6130,0
1.5800,205876,0.721191,-0.690613,-0.042542,-0.033752,6.1989,0.5807,0
1.5900,205886,0.721008,-0.690796,-0.042297,-0.033752,6.1785,0.5628,0
1.6000,205896,0.720886,-0.690979,-0.042114,-0.033691,6.1585,0.5547,0
1.6100,205906,0.720764,-0.691101,-0.041992,-0.033569,6.1385,0.5561,0
1.6200,205916,0.720703,-0.691162,-0.041931,-0.033508,6.1285,0.5569,0
1.6300,205926,0.720581,-0.691284,-0.041870,-0.033447,6.1185,0.5581,0
1.6400,205936,0.720459,-0.691406,-0.041809,-0.033447,6.1133,0.5543,0
1.6500,205946,0.720337,-0.691589,-0.041809,-0.033447,6.1134,0.5557,0
1.6600,205956,0.720215,-0.691650,-0.041748,-0.033447,6.1080,0.5516,0
1.6700,205966,0.720215,-0.691711,-0.041626,-0.033447,6.0981,0.5421,0
1.6800,205976,0.720337,-0.691589,-0.041565,-0.033447,6.0931,0.5362,0
1.6900,205986,0.720520,-0.691406,-0.041504,-0.033508,6.0931,0.5247,0
1.7000,205996,0.720642,-0.691223,-0.041504,-0.033508,6.0930,0.5233,0
1.7100,206006,0.720764,-0.691162,-0.041382,-0.033508,6.0832,0.5128,0
1.7200,206016,0.720703,-0.691223,-0.041138,-0.033508,6.0629,0.4939,0
1.7300,206026,0.720642,-0.691284,-0.040894,-0.033508,6.0425,0.4749,0
1.7400,206036,0.720642,-0.691284,-0.040588,-0.033386,6.0075,0.4607,0
1.7500,206046,0.720764,-0.691223,-0.040344,-0.033203,5.9729,0.4557,0
1.7600,206056,0.720886,-0.691101,-0.040222,-0.033081,5.9532,0.4551,0
1.7700,206066,0.720947,-0.691040,-0.040161,-0.032898,5.9336,0.4649,0
1.7800,206076,0.721008,-0.690979,-0.040161,-0.032715,5.9191,0.4796,0
1.7900,206086,0.721008,-0.691040,-0.040161,-0.032532,5.9047,0.4951,0
1.8000,206096,0.720947,-0.691101,-0.040222,-0.032349,5.8952,0.5156,0
1.8100,206106,0.720825,-0.691223,-0.040222,-0.032227,5.8853,0.5268,0
1.8200,206116,0.720764,-0.691284,-0.040222,-0.032043,5.8707,0.5425,0
1.8300,206126,0.720642,-0.691406,-0.040283,-0.031860,5.8611,0.5636,0
1.8400,206136,0.720581,-0.691467,-0.040344,-0.031738,5.8563,0.5791,0
1.8500,206146,0.720520,-0.691528,-0.040466,-0.031433,5.8421,0.6146,0
1.8600,206156,0.720520,-0.691589,-0.040588,-0.031311,5.8427,0.6347,0
1.8700,206166,0.720520,-0.691528,-0.040649,-0.031189,5.8379,0.6494,0
1.8800,206176,0.720520,-0.691528,-0.040771,-0.031067,5.8383,0.6693,0
1.8900,206186,0.720459,-0.691589,-0.040771,-0.031006,5.8333,0.6749,0
1.9000,206196,0.720398,-0.691650,-0.040833,-0.030945,5.8335,0.6853,0
1.9100,206206,0.720337,-0.691772,-0.040833,-0.030884,5.8287,0.6911,0
1.9200,206216,0.720276,-0.691772,-0.040771,-0.030823,5.8185,0.6916,0
1.9300,206226,0.720398,-0.691711,-0.040894,-0.030823,5.8290,0.7006,0
1.9400,206236,0.720520,-0.691528,-0.040955,-0.030884,5.8389,0.6991,0
1.9500,206246,0.720703,-0.691284,-0.041016,-0.030945,5.8488,0.6971,0
1.9600,206256,0.720886,-0.691101,-0.041138,-0.031006,5.8640,0.7002,0
1.9700,206266,0.721008,-0.690979,-0.041260,-0.031128,5.8840,0.6988,0
1.9800,206276,0.721069,-0.690979,-0.041260,-0.031311,5.8989,0.6834,0
1.9900,206286,0.721008,-0.690979,-0.041199,-0.031494,5.9081,0.6636,0
2.0000,206296,0.721008,-0.690979,-0.041077,-0.031738,5.9174,0.6336,0
2.0100,206306,0.721008,-0.690979,-0.041016,-0.031921,5.9269,0.6135,0
2.0200,206316,0.721008,-0.690979,-0.040955,-0.032104,5.9364,0.5935,0
2.0300,206326,0.721069,-0.690918,-0.041016,-0.032227,5.9512,0.5877,0
2.0400,206336,0.721130,-0.690796,-0.041138,-0.032349,5.9709,0.5865,0
2.0500,206346,0.721252,-0.690674,-0.041260,-0.032349,5.9812,0.5952,0
2.0600,206356,0.721375,-0.690552,-0.041443,-0.032410,6.0014,0.6037,0
2.0700,206366,0.721497,-0.690369,-0.041687,-0.032410,6.0216,0.6218,0
2.0800,206376,0.721558,-0.690308,-0.041870,-0.032410,6.0369,0.6358,0
2.0900,206386,0.721558,-0.690308,-0.042053,-0.032410,6.0521,0.6504,0
2.1000,206396,0.721436,-0.690430,-0.042175,-0.032410,6.0621,0.6612,0
2.1100,206406,0.721069,-0.690796,-0.042358,-0.032227,6.0623,0.6941,0
2.1200,206416,0.721008,-0.690857,-0.042419,-0.032166,6.0625,0.7046,0
2.1300,206426,0.721008,-0.690857,-0.042542,-0.031982,6.0581,0.7295,0
2.1400,206436,0.721130,-0.690796,-0.042664,-0.031860,6.0589,0.7486,0
2.1500,206446,0.721191,-0.690674,-0.042847,-0.031738,6.0642,0.7725,0
2.1600,206456,0.721313,-0.690552,-0.042969,-0.031616,6.0648,0.7913,0
2.1700,206466,0.721313,-0.690491,-0.043152,-0.031555,6.0749,0.8107,0
2.1800,206476,0.721375,-0.690491,-0.043274,-0.031494,6.0805,0.8253,0
2.1900,206486,0.721375,-0.690430,-0.043335,-0.031494,6.0854,0.8298,0
2.2000,206496,0.721436,-0.690369,-0.043396,-0.031555,6.0954,0.8291,0
2.2100,206506,0.721497,-0.690308,-0.043457,-0.031555,6.1006,0.8334,0
2.2200,206516,0.721497,-0.690308,-0.043396,-0.031677,6.1052,0.8184,0
2.2300,206526,0.721497,-0.690308,-0.043335,-0.031799,6.1098,0.8034,0
2.2400,206536,0.721375,-0.690430,-0.043213,-0.031982,6.1141,0.7796,0
2.2500,206546,0.721252,-0.690613,-0.043030,-0.032104,6.1087,0.7562,0
2.2600,206556,0.721069,-0.690796,-0.042969,-0.032288,6.1179,0.7377,0
2.2700,206566,0.720886,-0.690918,-0.042847,-0.032349,6.1122,0.7242,0
2.2800,206576,0.720825,-0.691040,-0.042786,-0.032410,6.1121,0.7151,0
2.2900,206586,0.720825,-0.691040,-0.042847,-0.032471,6.1221,0.7149,0
2.3000,206596,0.720825,-0.691040,-0.042847,-0.032471,6.1221,0.7149,0
2.3100,206606,0.720825,-0.691040,-0.042908,-0.032532,6.1320,0.7147,0
2.3200,206616,0.720764,-0.691101,-0.042847,-0.032593,6.1317,0.7053,0
2.3300,206626,0.720642,-0.691223,-0.042786,-0.032593,6.1265,0.7015,0
2.3400,206636,0.720520,-0.691345,-0.042725,-0.032654,6.1262,0.6926,0
2.3500,206646,0.720520,-0.691406,-0.042664,-0.032593,6.1165,0.6931,0
2.3600,206656,0.720459,-0.691406,-0.042603,-0.032532,6.1062,0.6935,0
2.3700,206666,0.720581,-0.691345,-0.042358,-0.032288,6.0669,0.6936,0
2.3800,206676,0.720520,-0.691345,-0.042236,-0.032104,6.0418,0.6992,0
2.3900,206686,0.720398,-0.691528,-0.042053,-0.031921,6.0121,0.7012,0
2.4000,206696,0.720276,-0.691711,-0.041748,-0.031738,5.9723,0.6933,0
2.4100,206706,0.720215,-0.691772,-0.041565,-0.031555,5.9424,0.6944,0
2.4200,206716,0.720276,-0.691711,-0.041443,-0.031372,5.9178,0.6993,0
2.4300,206726,0.720398,-0.691589,-0.041321,-0.031250,5.8981,0.6987,0
2.4400,206736,0.720581,-0.691467,-0.041199,-0.031128,5.8787,0.6978,0
2.4500,206746,0.720642,-0.691345,-0.041138,-0.031006,5.8637,0.7023,0
2.4600,206756,0.720703,-0.691284,-0.041077,-0.030945,5.8539,0.7020,0
2.4700,206766,0.720703,-0.691345,-0.040955,-0.030945,5.8439,0.6925,0
2.4800,206776,0.720642,-0.691406,-0.040833,-0.030945,5.8337,0.6833,0
2.4900,206786,0.720581,-0.691467,-0.040710,-0.030945,5.8235,0.6740,0
2.5000,206796,0.720581,-0.691528,-0.040588,-0.030945,5.8136,0.6646,0
2.5100,206806,0.720642,-0.691467,-0.040527,-0.030884,5.8038,0.6643,0
2.5200,206816,0.720642,-0.691406,-0.040466,-0.030823,5.7936,0.6642,0
2.5300,206826,0.720642,-0.691406,-0.040405,-0.030701,5.7788,0.6695,0
2.5400,206836,0.720642,-0.691467,-0.040283,-0.030640,5.7641,0.6651,0
2.5500,206846,0.720642,-0.691467,-0.040283,-0.030518,5.7543,0.6752,0
2.5600,206856,0.720642,-0.691467,-0.040283,-0.030396,5.7446,0.6853,0
2.5700,206866,0.720703,-0.691406,-0.040222,-0.030273,5.7299,0.6901,0
2.5800,206876,0.720764,-0.691345,-0.040161,-0.030151,5.7152,0.6948,0
2.5900,206886,0.720825,-0.691284,-0.040039,-0.030029,5.6954,0.6947,0
2.6000,206896,0.720886,-0.691223,-0.039856,-0.029968,5.6754,0.6847,0
2.6100,206906,0.720886,-0.691284,-0.039612,-0.029846,5.6456,0.6756,0
2.6200,206916,0.720886,-0.691284,-0.039368,-0.029846,5.6254,0.6562,0
2.6300,206926,0.720947,-0.691284,-0.039063,-0.029785,5.5955,0.6367,0
2.6400,206936,0.721008,-0.691162,-0.039001,-0.029846,5.5951,0.6260,0
2.6500,206946,0.721130,-0.691040,-0.038940,-0.029785,5.5853,0.6253,0
2.6600,206956,0.721252,-0.690918,-0.039001,-0.029785,5.5905,0.6292,0
2.6700,206966,0.721313,-0.690857,-0.039063,-0.029846,5.6005,0.6285,0
2.6800,206976,0.721313,-0.690857,-0.039124,-0.029907,5.6104,0.6283,0
2.6900,206986,0.721252,-0.690918,-0.039063,-0.029968,5.6101,0.6188,0
2.7000,206996,0.721252,-0.690918,-0.039001,-0.030029,5.6099,0.6089,0
2.7100,207006,0.721252,-0.690918,-0.038940,-0.030090,5.6097,0.5990,0
2.7200,207016,0.721375,-0.690796,-0.038940,-0.030029,5.6050,0.6031,0
2.7300,207026,0.721497,-0.690674,-0.038879,-0.029968,5.5952,0.6023,0
2.7400,207036,0.721619,-0.690552,-0.038818,-0.029907,5.5854,0.6015,0
2.7500,207046,0.721741,-0.690430,-0.038757,-0.029785,5.5707,0.6059,0
2.7600,207056,0.721741,-0.690430,-0.038635,-0.029663,5.5509,0.6063,0
2.7700,207066,0.721680,-0.690552,-0.038513,-0.029602,5.5360,0.6024,0
2.7800,207076,0.721619,-0.690613,-0.038391,-0.029480,5.5161,0.6033,0
2.7900,207086,0.721619,-0.690613,-0.038391,-0.029358,5.5064,0.6134,0
2.8000,207096,0.721619,-0.690613,-0.038391,-0.029175,5.4919,0.6286,0
2.8100,207106,0.721741,-0.690491,-0.038452,-0.028931,5.4777,0.6528,0
2.8200,207116,0.721863,-0.690369,-0.038452,-0.028748,5.4632,0.6670,0
2.8300,207126,0.721985,-0.690247,-0.038452,-0.028564,5.4488,0.6813,0
2.8400,207136,0.721985,-0.690308,-0.038391,-0.028381,5.4294,0.6919,0
2.8500,207146,0.721863,-0.690430,-0.038208,-0.028198,5.3995,0.6935,0
2.8600,207156,0.721741,-0.690552,-0.038086,-0.028076,5.3795,0.6948,0
2.8700,207166,0.721558,-0.690735,-0.037903,-0.027954,5.3544,0.6918,0
2.8800,207176,0.721497,-0.690857,-0.037842,-0.027832,5.3397,0.6978,0
2.8900,207186,0.721558,-0.690735,-0.037659,-0.027649,5.3099,0.6977,0
2.9000,207196,0.721619,-0.690674,-0.037659,-0.027649,5.3099,0.6972,0
2.9100,207206,0.721619,-0.690735,-0.037598,-0.027588,5.3002,0.6977,0
2.9200,207216,0.721619,-0.690735,-0.037537,-0.027527,5.2903,0.6979,0
2.9300,207226,0.721619,-0.690735,-0.037415,-0.027405,5.2704,0.6983,0
2.9400,207236,0.721619,-0.690735,-0.037292,-0.027283,5.2506,0.6987,0
2.9500,207246,0.721619,-0.690735,-0.037170,-0.027100,5.2259,0.7042,0
2.9600,207256,0.721619,-0.690796,-0.036987,-0.026917,5.1963,0.7050,0
2.9700,207266,0.721619,-0.690796,-0.036865,-0.026794,5.1765,0.7055,0
2.9800,207276,0.721619,-0.690796,-0.036743,-0.026611,5.1518,0.7109,0
2.9900,207286,0.721619,-0.690796,-0.036743,-0.026428,5.1373,0.7261,0
3.0000,207296,0.721619,-0.690796,-0.036682,-0.026245,5.1176,0.7364,0
3.0100,207306,0.721619,-0.690796,-0.036621,-0.026123,5.1029,0.7417,0
3.0200,207316,0.721619,-0.690796,-0.036499,-0.025940,5.0782,0.7472,0
3.0300,207326,0.721619,-0.690796,-0.036316,-0.025818,5.0533,0.7427,0
3.0400,207336,0.721680,-0.690857,-0.036194,-0.025696,5.0339,0.7432,0
3.0500,207346,0.721619,-0.690857,-0.036072,-0.025574,5.0138,0.7438,0
3.0600,207356,0.721619,-0.690857,-0.035950,-0.025452,4.9940,0.7442,0
3.0700,207366,0.721619,-0.690918,-0.035889,-0.025330,4.9794,0.7497,0
3.0800,207376,0.721619,-0.690918,-0.035767,-0.025208,4.9595,0.7501,0
3.0900,207386,0.721619,-0.690918,-0.035645,-0.025085,4.9397,0.7506,0
3.1000,207396,0.721619,-0.690918,-0.035461,-0.024963,4.9148,0.7461,0
3.1100,207406,0.721680,-0.690918,-0.035339,-0.024780,4.8904,0.7514,0
3.1200,207416,0.721680,-0.690918,-0.035217,-0.024658,4.8706,0.7518,0
3.1300,207426,0.721680,-0.690918,-0.035095,-0.024414,4.8410,0.7623,0
3.1400,207436,0.721741,-0.690857,-0.034973,-0.024231,4.8164,0.7674,0
3.1500,207446,0.721802,-0.690796,-0.034851,-0.023987,4.7870,0.7775,0
3.1600,207456,0.721863,-0.690735,-0.034546,-0.023682,4.7375,0.7781,0
3.1700,207466,0.721863,-0.690796,-0.034485,-0.023621,4.7277,0.7786,0
3.1800,207476,0.721741,-0.690918,-0.034424,-0.023560,4.7177,0.7796,0
3.1900,207486,0.721558,-0.691101,-0.034302,-0.023499,4.7024,0.7762,0
3.2000,207496,0.721436,-0.691223,-0.034241,-0.023376,4.6875,0.7822,0
3.2100,207506,0.721375,-0.691345,-0.034119,-0.023315,4.6726,0.7782,0
3.2200,207516,0.721375,-0.691345,-0.034058,-0.023193,4.6579,0.7835,0
3.2300,207526,0.721375,-0.691345,-0.033936,-0.023071,4.6381,0.7839,0
3.2400,207536,0.721375,-0.691345,-0.033813,-0.023010,4.6231,0.7792,0
3.2500,207546,0.721313,-0.691406,-0.033752,-0.022888,4.6082,0.7849,0
3.2600,207556,0.721252,-0.691528,-0.033691,-0.022827,4.5984,0.7857,0
3.2700,207566,0.721130,-0.691589,-0.033569,-0.022705,4.5783,0.7867,0
3.2800,207576,0.721069,-0.691650,-0.033508,-0.022644,4.5683,0.7873,0
3.2900,207586,0.721008,-0.691772,-0.033386,-0.022583,4.5534,0.7832,0
3.3000,207596,0.720947,-0.691833,-0.033386,-0.022522,4.5485,0.7887,0
3.3100,207606,0.720886,-0.691895,-0.033386,-0.022522,4.5484,0.7891,0
3.3200,207616,0.720886,-0.691895,-0.033386,-0.022522,4.5484,0.7891,0
3.3300,207626,0.720886,-0.691895,-0.033386,-0.022522,4.5484,0.7891,0
3.3400,207636,0.720825,-0.691956,-0.033386,-0.022583,4.5532,0.7844,0
3.3500,207646,0.720703,-0.692078,-0.033386,-0.022644,4.5579,0.7801,0
3.3600,207656,0.720581,-0.692139,-0.033386,-0.022766,4.5673,0.7706,0
3.3700,207666,0.720520,-0.692261,-0.033386,-0.022888,4.5771,0.7611,0
3.3800,207676,0.720459,-0.692261,-0.033386,-0.022888,4.5768,0.7613,0
3.3900,207686,0.720459,-0.692261,-0.033386,-0.022888,4.5768,0.7613,0
3.4000,207696,0.720520,-0.692261,-0.033325,-0.022888,4.5720,0.7562,0
3.4100,207706,0.720459,-0.692383,-0.033264,-0.022766,4.5573,0.7621,0
3.4200,207716,0.720215,-0.692566,-0.033020,-0.022583,4.5221,0.7591,0
3.4300,207726,0.720154,-0.692688,-0.032898,-0.022461,4.5024,0.7601,0
3.4400,207736,0.720032,-0.692810,-0.032776,-0.022278,4.4775,0.7663,0
3.4500,207746,0.720032,-0.692810,-0.032776,-0.022095,4.4629,0.7815,0
3.4600,207756,0.720032,-0.692810,-0.032776,-0.021973,4.4532,0.7915,0
3.4700,207766,0.720032,-0.692810,-0.032837,-0.021790,4.4437,0.8115,0
3.4800,207776,0.719971,-0.692871,-0.032837,-0.021667,4.4339,0.8220,0
3.4900,207786,0.719849,-0.692993,-0.032898,-0.021545,4.4291,0.8377,0
3.5000,207796,0.719788,-0.693115,-0.032837,-0.021484,4.4192,0.8385,0
3.5100,207806,0.719666,-0.693237,-0.032776,-0.021423,4.4092,0.8395,0
3.5200,207816,0.719543,-0.693298,-0.032715,-0.021362,4.3989,0.8402,0
3.5300,207826,0.719543,-0.693359,-0.032593,-0.021240,4.3793,0.8407,0
3.5400,207836,0.719543,-0.693420,-0.032471,-0.021118,4.3596,0.8413,0
3.5500,207846,0.719543,-0.693420,-0.032349,-0.020996,4.3398,0.8417,0
3.5600,207856,0.719543,-0.693420,-0.032288,-0.020874,4.3250,0.8469,0
3.5700,207866,0.719543,-0.693420,-0.032227,-0.020752,4.3102,0.8521,0
3.5800,207876,0.719421,-0.693481,-0.032166,-0.020630,4.2951,0.8578,0
3.5900,207886,0.719360,-0.693604,-0.032166,-0.020508,4.2855,0.8685,0
3.6000,207896,0.719238,-0.693726,-0.032166,-0.020325,4.2707,0.8844,0
3.6100,207906,0.719116,-0.693848,-0.032104,-0.020203,4.2558,0.8903,0
3.6200,207916,0.719055,-0.693909,-0.032104,-0.020020,4.2411,0.9058,0
3.6300,207926,0.719055,-0.693970,-0.032104,-0.019775,4.2218,0.9262,0
3.6400,207936,0.719116,-0.693909,-0.032166,-0.019592,4.2123,0.9458,0
3.6500,207946,0.719177,-0.693848,-0.032166,-0.019409,4.1978,0.9605,0
3.6600,207956,0.719177,-0.693848,-0.032166,-0.019226,4.1832,0.9756,0
3.6700,207966,0.719177,-0.693848,-0.032166,-0.019043,4.1686,0.9908,0
3.6800,207976,0.719116,-0.693909,-0.031982,-0.018799,4.1339,0.9966,0
3.6900,207986,0.719116,-0.693909,-0.031860,-0.018677,4.1141,0.9970,0
3.7000,207996,0.719238,-0.693787,-0.031799,-0.018555,4.0995,1.0015,0
3.7100,208006,0.719360,-0.693665,-0.031799,-0.018433,4.0899,1.0108,0
3.7200,208016,0.719482,-0.693542,-0.031738,-0.018372,4.0802,1.0103,0
3.7300,208026,0.719482,-0.693542,-0.031738,-0.018372,4.0802,1.0103,0
3.7400,208036,0.719421,-0.693604,-0.031738,-0.018372,4.0801,1.0107,0
3.7500,208046,0.719299,-0.693726,-0.031738,-0.018372,4.0799,1.0114,0
3.7600,208056,0.719238,-0.693848,-0.031616,-0.018311,4.0650,1.0072,0
3.7700,208066,0.719238,-0.693848,-0.031555,-0.018250,4.0551,1.0074,0
3.7800,208076,0.719360,-0.693665,-0.031555,-0.018188,4.0503,1.0115,0
3.7900,208086,0.719604,-0.693420,-0.031555,-0.018188,4.0507,1.0101,0
3.8000,208096,0.719910,-0.693115,-0.031555,-0.018188,4.0512,1.0084,0
3.8100,208106,0.720093,-0.692932,-0.031555,-0.018127,4.0466,1.0124,0
3.8200,208116,0.720154,-0.692871,-0.031555,-0.018127,4.0467,1.0120,0
3.8300,208126,0.720154,-0.692871,-0.031555,-0.018188,4.0515,1.0070,0
3.8400,208136,0.720093,-0.692871,-0.031433,-0.018188,4.0412,0.9974,0
3.8500,208146,0.720093,-0.692932,-0.031311,-0.018127,4.0264,0.9929,0
3.8600,208156,0.720154,-0.692932,-0.031189,-0.018066,4.0116,0.9881,0
3.8700,208166,0.720093,-0.692932,-0.031006,-0.018066,3.9963,0.9736,0
3.8800,208176,0.720032,-0.693054,-0.030823,-0.018005,3.9763,0.9646,0
3.8900,208186,0.719910,-0.693176,-0.030701,-0.017944,3.9612,0.9606,0
3.9000,208196,0.719788,-0.693298,-0.030579,-0.017944,3.9509,0.9516,0
3.9100,208206,0.719788,-0.693298,-0.030518,-0.017883,3.9410,0.9518,0
3.9200,208216,0.719849,-0.693237,-0.030457,-0.017822,3.9312,0.9516,0
3.9300,208226,0.719971,-0.693115,-0.030457,-0.017822,3.9314,0.9509,0
3.9400,208236,0.720154,-0.692932,-0.030396,-0.017883,3.9314,0.9400,0
3.9500,208246,0.720154,-0.692932,-0.030334,-0.017944,3.9312,0.9301,0
3.9600,208256,0.720093,-0.692993,-0.030212,-0.018066,3.9308,0.9106,0
3.9700,208266,0.720032,-0.693054,-0.030090,-0.018066,3.9206,0.9012,0
3.9800,208276,0.719910,-0.693176,-0.029968,-0.018066,3.9103,0.8922,0
3.9900,208286,0.719971,-0.693176,-0.029846,-0.018005,3.8956,0.8873,0
4.0000,208296,0.719971,-0.693115,-0.029724,-0.017883,3.8757,0.8875,0
4.0100,208306,0.720093,-0.693054,-0.029602,-0.017761,3.8561,0.8874,0
4.0200,208316,0.720154,-0.692993,-0.029480,-0.017578,3.8315,0.8925,0
4.0300,208326,0.720154,-0.692993,-0.029297,-0.017395,3.8018,0.8930,0
4.0400,208336,0.720154,-0.692993,-0.029114,-0.017273,3.7770,0.8885,0
4.0500,208346,0.720154,-0.692993,-0.028992,-0.017090,3.7523,0.8939,0
4.0600,208356,0.720093,-0.693115,-0.028809,-0.016968,3.7275,0.8899,0
4.0700,208366,0.719971,-0.693237,-0.028687,-0.016846,3.7075,0.8909,0
4.0800,208376,0.719788,-0.693420,-0.028564,-0.016724,3.6874,0.8922,0
4.0900,208386,0.719666,-0.693542,-0.028503,-0.016602,3.6725,0.8981,0
4.1000,208396,0.719604,-0.693604,-0.028381,-0.016541,3.6575,0.8937,0
4.1100,208406,0.719604,-0.693665,-0.028259,-0.016418,3.6378,0.8942,0
4.1200,208416,0.719604,-0.693604,-0.028259,-0.016296,3.6280,0.9041,0
4.1300,208426,0.719666,-0.693542,-0.028198,-0.016113,3.6084,0.9141,0
4.1400,208436,0.719666,-0.693542,-0.028076,-0.016052,3.5935,0.9094,0
4.1500,208446,0.719666,-0.693604,-0.028015,-0.015930,3.5788,0.9148,0
4.1600,208456,0.719604,-0.693665,-0.027832,-0.015869,3.5587,0.9055,0
4.1700,208466,0.719543,-0.693726,-0.027710,-0.015747,3.5389,0.9062,0
4.1800,208476,0.719543,-0.693726,-0.027527,-0.015625,3.5140,0.9016,0
4.1900,208486,0.719543,-0.693726,-0.027344,-0.015564,3.4940,0.8921,0
4.2000,208496,0.719604,-0.693726,-0.026794,-0.015381,3.4342,0.8633,0
4.2100,208506,0.719604,-0.693726,-0.026550,-0.015320,3.4092,0.8489,0
4.2200,208516,0.719604,-0.693726,-0.026367,-0.015259,3.3892,0.8393,0
4.2300,208526,0.719604,-0.693726,-0.026123,-0.015198,3.3642,0.8249,0
4.2400,208536,0.719543,-0.693787,-0.025940,-0.015198,3.3490,0.8106,0
4.2500,208546,0.719482,-0.693848,-0.025757,-0.015198,3.3338,0.7963,0
4.2600,208556,0.719421,-0.693909,-0.025635,-0.015198,3.3236,0.7868,0
4.2700,208566,0.719360,-0.693970,-0.025452,-0.015076,3.2987,0.7826,0
4.2800,208576,0.719360,-0.693970,-0.025330,-0.014954,3.2789,0.7829,0
4.2900,208586,0.719360,-0.693970,-0.025208,-0.014832,3.2591,0.7833,0
4.3000,208596,0.719482,-0.693909,-0.025085,-0.014709,3.2396,0.7832,0
4.3100,208606,0.719543,-0.693848,-0.024963,-0.014587,3.2198,0.7833,0
4.3200,208616,0.719666,-0.693726,-0.024841,-0.014404,3.1953,0.7881,0
4.3300,208626,0.719666,-0.693726,-0.024658,-0.014343,3.1753,0.7786,0
4.3400,208636,0.719604,-0.693787,-0.024536,-0.014343,3.1652,0.7691,0
4.3500,208646,0.719543,-0.693848,-0.024414,-0.014282,3.1502,0.7647,0
4.3600,208656,0.719482,-0.693970,-0.024231,-0.014221,3.1302,0.7556,0
4.3700,208666,0.719482,-0.693970,-0.024109,-0.014099,3.1104,0.7559,0
4.3800,208676,0.719482,-0.693970,-0.024109,-0.014099,3.1104,0.7559,0
4.3900,208686,0.719482,-0.693909,-0.024048,-0.014038,3.1004,0.7559,0
4.4000,208696,0.719482,-0.693909,-0.024048,-0.014038,3.1004,0.7559,0
4.4100,208706,0.719482,-0.693970,-0.023987,-0.013977,3.0906,0.7563,0
4.4200,208716,0.719421,-0.694031,-0.023987,-0.013977,3.0906,0.7565,0
4.4300,208726,0.719299,-0.694153,-0.023865,-0.013977,3.0803,0.7473,0
4.4400,208736,0.719238,-0.694214,-0.023743,-0.013916,3.0653,0.7429,0
4.4500,208746,0.719238,-0.694214,-0.023621,-0.013794,3.0455,0.7432,0
4.4600,208756,0.719238,-0.694214,-0.023437,-0.013611,3.0158,0.7437,0
4.4700,208766,0.719238,-0.694214,-0.023132,-0.013306,2.9663,0.7446,0
4.4800,208776,0.719238,-0.694275,-0.022949,-0.013123,2.9367,0.7453,0
4.4900,208786,0.719177,-0.694336,-0.022827,-0.013000,2.9169,0.7458,0
4.5000,208796,0.719177,-0.694336,-0.022827,-0.012878,2.9071,0.7559,0
4.5100,208806,0.719238,-0.694275,-0.022888,-0.012756,2.9025,0.7706,0
4.5200,208816,0.719299,-0.694214,-0.022949,-0.012573,2.8930,0.7903,0
4.5300,208826,0.719299,-0.694214,-0.023071,-0.012451,2.8934,0.8101,0
4.5400,208836,0.719299,-0.694214,-0.023132,-0.012329,2.8887,0.8250,0
4.5500,208846,0.719238,-0.694275,-0.023193,-0.012268,2.8888,0.8352,0
4.5600,208856,0.719116,-0.694397,-0.023193,-0.012146,2.8789,0.8458,0
4.5700,208866,0.719055,-0.694458,-0.023132,-0.011902,2.8544,0.8613,0
4.5800,208876,0.718994,-0.694519,-0.023071,-0.011719,2.8347,0.8717,0
4.5900,208886,0.718933,-0.694580,-0.022949,-0.011475,2.8051,0.8824,0
4.6000,208896,0.718933,-0.694641,-0.022827,-0.011292,2.7805,0.8879,0
4.6100,208906,0.718933,-0.694641,-0.022705,-0.011108,2.7558,0.8932,0
4.6200,208916,0.718933,-0.694641,-0.022522,-0.010986,2.7310,0.8887,0
4.6300,208926,0.718933,-0.694580,-0.022400,-0.010803,2.7063,0.8939,0
4.6400,208936,0.718933,-0.694641,-0.022278,-0.010742,2.6914,0.8894,0
4.6500,208946,0.718933,-0.694641,-0.022217,-0.010620,2.6766,0.8945,0
4.6600,208956,0.718933,-0.694641,-0.022095,-0.010498,2.6568,0.8949,0
4.6700,208966,0.718872,-0.694702,-0.022034,-0.010437,2.6469,0.8953,0
4.6800,208976,0.718872,-0.694702,-0.021912,-0.010315,2.6271,0.8956,0
4.6900,208986,0.718933,-0.694641,-0.021790,-0.010193,2.6074,0.8957,0
4.7000,208996,0.719055,-0.694519,-0.021667,-0.010071,2.5877,0.8956,0
4.7100,209006,0.719177,-0.694397,-0.021606,-0.010010,2.5780,0.8953,0
4.7200,209016,0.719299,-0.694336,-0.021545,-0.009888,2.5635,0.9002,0
4.7300,209026,0.719238,-0.694397,-0.021301,-0.009644,2.5238,0.9011,0
4.7400,209036,0.719116,-0.694458,-0.021118,-0.009521,2.4987,0.8968,0
4.7500,209046,0.719116,-0.694519,-0.020874,-0.009399,2.4689,0.8876,0
4.7600,209056,0.719116,-0.694519,-0.020752,-0.009216,2.4443,0.8929,0
4.7700,209066,0.719299,-0.694336,-0.020569,-0.009155,2.4246,0.8828,0
4.7800,209076,0.719421,-0.694214,-0.020447,-0.009094,2.4098,0.8776,0
4.7900,209086,0.719604,-0.694031,-0.020325,-0.009094,2.4000,0.8673,0
4.8000,209096,0.719604,-0.694031,-0.020264,-0.009155,2.3998,0.8574,0
4.8100,209106,0.719604,-0.694031,-0.020142,-0.009216,2.3946,0.8426,0
4.8200,209116,0.719604,-0.694031,-0.020020,-0.009277,2.3893,0.8279,0
4.8300,209126,0.719604,-0.694031,-0.019897,-0.009277,2.3793,0.8182,0
4.8400,209136,0.719727,-0.693909,-0.019836,-0.009338,2.3792,0.8079,0
4.8500,209146,0.719849,-0.693787,-0.019775,-0.009338,2.3743,0.8026,0
4.8600,209156,0.719971,-0.693665,-0.019714,-0.009338,2.3695,0.7973,0
4.8700,209166,0.719971,-0.693665,-0.019653,-0.009277,2.3596,0.7975,0
4.8800,209176,0.719849,-0.693787,-0.019592,-0.009216,2.3495,0.7981,0
4.8900,209186,0.719727,-0.693909,-0.019470,-0.009094,2.3296,0.7988,0
4.9000,209196,0.719666,-0.693970,-0.019348,-0.009033,2.3146,0.7944,0
4.9100,209206,0.719666,-0.693970,-0.019348,-0.008850,2.3000,0.8095,0
4.9200,209216,0.719727,-0.693909,-0.019287,-0.008667,2.2805,0.8195,0
4.9300,209226,0.719788,-0.693909,-0.019287,-0.008545,2.2709,0.8295,0
4.9400,209236,0.719788,-0.693909,-0.019287,-0.008362,2.2563,0.8446,0
4.9500,209246,0.719727,-0.693970,-0.019287,-0.008301,2.2514,0.8499,0
4.9600,209256,0.719727,-0.693970,-0.019287,-0.008301,2.2514,0.8499,0
4.9700,209266,0.719727,-0.693909,-0.019226,-0.008240,2.2414,0.8499,0
4.9800,209276,0.719849,-0.693787,-0.019226,-0.008240,2.2416,0.8495,0
4.9900,209286,0.720093,-0.693542,-0.019165,-0.008179,2.2320,0.8489,0
5.0000,209296,0.720093,-0.693542,-0.019104,-0.008240,2.2318,0.8390,0
5.0100,209306,0.719971,-0.693665,-0.018982,-0.008240,2.2216,0.8297,0
5.0200,209316,0.719849,-0.693848,-0.018860,-0.008179,2.2066,0.8255,0
5.0300,209326,0.719788,-0.693909,-0.018799,-0.008118,2.1966,0.8259,0
5.0400,209336,0.719788,-0.693909,-0.018738,-0.007935,2.1770,0.8361,0
5.0500,209346,0.719849,-0.693848,-0.018677,-0.007813,2.1623,0.8412,0
5.0600,209356,0.719971,-0.693726,-0.018677,-0.007568,2.1430,0.8609,0
5.0700,209366,0.720032,-0.693665,-0.018738,-0.007446,2.1384,0.8757,0
5.0800,209376,0.719971,-0.693665,-0.018738,-0.007324,2.1286,0.8858,0
5.0900,209386,0.719849,-0.693848,-0.018738,-0.007263,2.1236,0.8913,0
5.1000,209396,0.719727,-0.693970,-0.018738,-0.007263,2.1235,0.8917,0
5.1100,209406,0.719666,-0.694031,-0.018616,-0.007324,2.1182,0.8771,0
5.1200,209416,0.719604,-0.694092,-0.018555,-0.007324,2.1131,0.8725,0
5.1300,209426,0.719727,-0.693970,-0.018494,-0.007385,2.1130,0.8622,0
5.1400,209436,0.719849,-0.693909,-0.018433,-0.007385,2.1082,0.8571,0
5.1500,209446,0.719910,-0.693787,-0.018372,-0.007385,2.1032,0.8519,0
5.1600,209456,0.719910,-0.693787,-0.018311,-0.007324,2.0933,0.8521,0
5.1700,209466,0.719910,-0.693787,-0.018311,-0.007324,2.0933,0.8521,0
5.1800,209476,0.719910,-0.693787,-0.018250,-0.007263,2.0834,0.8523,0
5.1900,209486,0.719910,-0.693787,-0.018250,-0.007263,2.0834,0.8523,0
5.2000,209496,0.719910,-0.693787,-0.018250,-0.007263,2.0834,0.8523,0
5.2100,209506,0.719910,-0.693787,-0.018188,-0.007202,2.0735,0.8525,0
5.2200,209516,0.719910,-0.693787,-0.018188,-0.007202,2.0735,0.8525,0
5.2300,209526,0.719910,-0.693787,-0.018188,-0.007202,2.0735,0.8525,0
5.2400,209536,0.719849,-0.693848,-0.018127,-0.007263,2.0732,0.8427,0
5.2500,209546,0.719727,-0.693970,-0.017883,-0.007202,2.0481,0.8287,0
5.2600,209556,0.719788,-0.693970,-0.017761,-0.007202,2.0381,0.8189,0
5.2700,209566,0.719910,-0.693787,-0.017700,-0.007202,2.0332,0.8136,0
5.2800,209576,0.720154,-0.693604,-0.017639,-0.007202,2.0285,0.8082,0
5.2900,209586,0.720337,-0.693359,-0.017639,-0.007141,2.0238,0.8126,0
5.3000,209596,0.720398,-0.693298,-0.017578,-0.007141,2.0189,0.8075,0
5.3100,209606,0.720337,-0.693359,-0.017578,-0.007080,2.0139,0.8127,0
5.3200,209616,0.720215,-0.693542,-0.017578,-0.007080,2.0138,0.8132,0
5.3300,209626,0.720032,-0.693665,-0.017456,-0.006958,1.9938,0.8140,0
5.3400,209636,0.719971,-0.693726,-0.017395,-0.006836,1.9790,0.8194,0
5.3500,209646,0.720032,-0.693726,-0.017334,-0.006653,1.9595,0.8296,0
5.3600,209656,0.720032,-0.693665,-0.017334,-0.006409,1.9400,0.8496,0
5.3700,209666,0.720032,-0.693665,-0.017273,-0.006165,1.9155,0.8649,0
5.3800,209676,0.719971,-0.693726,-0.017273,-0.005981,1.9009,0.8801,0
5.3900,209686,0.719849,-0.693848,-0.017273,-0.005798,1.8862,0.8956,0
5.4000,209696,0.719788,-0.693970,-0.017273,-0.005676,1.8764,0.9059,0
5.4100,209706,0.719727,-0.694031,-0.017273,-0.005554,1.8666,0.9162,0
5.4200,209716,0.719727,-0.694031,-0.017273,-0.005493,1.8618,0.9212,0
5.4300,209726,0.719788,-0.693909,-0.017334,-0.005371,1.8571,0.9358,0
5.4400,209736,0.719849,-0.693909,-0.017273,-0.005371,1.8522,0.9310,0
5.4500,209746,0.719849,-0.693909,-0.017273,-0.005310,1.8474,0.9360,0
5.4600,209756,0.719727,-0.694031,-0.017212,-0.005371,1.8470,0.9264,0
5.4700,209766,0.719604,-0.694153,-0.017090,-0.005371,1.8368,0.9170,0
5.4800,209776,0.719543,-0.694214,-0.017029,-0.005432,1.8365,0.9073,0
5.4900,209786,0.719543,-0.694214,-0.017029,-0.005432,1.8365,0.9073,0
5.5000,209796,0.719604,-0.694153,-0.017029,-0.005432,1.8366,0.9071,0
5.5100,209806,0.719788,-0.693970,-0.017029,-0.005432,1.8369,0.9066,0
5.5200,209816,0.719849,-0.693848,-0.017029,-0.005432,1.8369,0.9064,0
5.5300,209826,0.719849,-0.693848,-0.017029,-0.005493,1.8418,0.9013,0
5.5400,209836,0.719849,-0.693848,-0.017029,-0.005493,1.8418,0.9013,0
5.5500,209846,0.719849,-0.693909,-0.017029,-0.005493,1.8418,0.9014,0
5.5600,209856,0.719788,-0.693970,-0.017029,-0.005493,1.8417,0.9016,0
5.5700,209866,0.719727,-0.694031,-0.017029,-0.005432,1.8368,0.9068,0
5.5800,209876,0.719727,-0.694031,-0.016968,-0.005371,1.8269,0.9070,0
5.5900,209886,0.719788,-0.693970,-0.016968,-0.005371,1.8270,0.9068,0
5.6000,209896,0.719788,-0.693909,-0.016968,-0.005310,1.8221,0.9117,0
5.6100,209906,0.719788,-0.693909,-0.016968,-0.005310,1.8221,0.9117,0
5.6200,209916,0.719788,-0.693909,-0.016968,-0.005310,1.8221,0.9117,0
5.6300,209926,0.719788,-0.693909,-0.016968,-0.005310,1.8221,0.9117,0
5.6400,209936,0.719788,-0.693909,-0.016968,-0.005310,1.8221,0.9117,0
5.6500,209946,0.719788,-0.693909,-0.016968,-0.005310,1.8221,0.9117,0
5.6600,209956,0.719788,-0.693909,-0.016968,-0.005310,1.8221,0.9117,0
5.6700,209966,0.719788,-0.693909,-0.016968,-0.005310,1.8221,0.9117,0
5.6800,209976,0.719788,-0.693909,-0.016968,-0.005310,1.8221,0.9117,0
5.6900,209986,0.719788,-0.693970,-0.016968,-0.005310,1.8221,0.9118,0
5.7000,209996,0.719666,-0.694092,-0.016968,-0.005310,1.8219,0.9122,0
5.7100,210006,0.719666,-0.694092,-0.016968,-0.005310,1.8219,0.9122,0
5.7200,210016,0.719727,-0.694031,-0.016968,-0.005310,1.8220,0.9120,0
5.7300,210026,0.719849,-0.693909,-0.016968,-0.005310,1.8222,0.9117,0
5.7400,210036,0.719971,-0.693787,-0.017029,-0.005310,1.8274,0.9162,0
5.7500,210046,0.719971,-0.693787,-0.017029,-0.005310,1.8274,0.9162,0
5.7600,210056,0.719910,-0.693848,-0.016968,-0.005249,1.8174,0.9166,0
5.7700,210066,0.719604,-0.694153,-0.016907,-0.005005,1.7925,0.9326,0
5.7800,210076,0.719482,-0.694275,-0.016846,-0.004822,1.7728,0.9432,0
5.7900,210086,0.719482,-0.694275,-0.016846,-0.004578,1.7533,0.9633,0
5.8000,210096,0.719543,-0.694214,-0.016846,-0.004333,1.7340,0.9833,0
5.8100,210106,0.719604,-0.694153,-0.016785,-0.004150,1.7145,0.9934,0
5.8200,210116,0.719604,-0.694214,-0.016785,-0.003967,1.6999,1.0086,0
5.8300,210126,0.719604,-0.694214,-0.016724,-0.003906,1.6900,1.0088,0
5.8400,210136,0.719604,-0.694214,-0.016724,-0.003845,1.6852,1.0138,0
5.8500,210146,0.719604,-0.694214,-0.016724,-0.003845,1.6852,1.0138,0
5.8600,210156,0.719604,-0.694214,-0.016663,-0.003906,1.6850,1.0039,0
5.8700,210166,0.719604,-0.694214,-0.016541,-0.003967,1.6798,0.9891,0
5.8800,210176,0.719604,-0.694153,-0.016418,-0.003967,1.6697,0.9793,0
5.8900,210186,0.719666,-0.694153,-0.016235,-0.004028,1.6596,0.9597,0
5.9000,210196,0.719666,-0.694153,-0.016052,-0.004028,1.6444,0.9451,0
5.9100,210206,0.719666,-0.694153,-0.015869,-0.004028,1.6293,0.9305,0
5.9200,210216,0.719666,-0.694153,-0.015686,-0.003967,1.6094,0.9210,0
5.9300,210226,0.719666,-0.694153,-0.015564,-0.003906,1.5944,0.9163,0
5.9400,210236,0.719666,-0.694153,-0.015442,-0.003845,1.5795,0.9116,0
5.9500,210246,0.719604,-0.694214,-0.015320,-0.003723,1.5597,0.9121,0
5.9600,210256,0.719482,-0.694275,-0.015259,-0.003601,1.5447,0.9174,0
5.9700,210266,0.719421,-0.694397,-0.015137,-0.003540,1.5297,0.9130,0
5.9800,210276,0.719360,-0.694458,-0.015076,-0.003418,1.5149,0.9183,0
5.9900,210286,0.719360,-0.694458,-0.015015,-0.003418,1.5099,0.9135,0
6.0000,210296,0.719360,-0.694458,-0.015015,-0.003418,1.5099,0.9135,0
6.0100,210306,0.719360,-0.694458,-0.015015,-0.003418,1.5099,0.9135,0
6.0200,210316,0.719421,-0.694397,-0.015015,-0.003418,1.5100,0.9133,0
6.0300,210326,0.719482,-0.694336,-0.015015,-0.003357,1.5052,0.9182,0
6.0400,210336,0.719543,-0.694336,-0.014771,-0.003296,1.4803,0.9038,0
6.0500,210346,0.719482,-0.694336,-0.014648,-0.003296,1.4701,0.8941,0
6.0600,210356,0.719421,-0.694458,-0.014465,-0.003296,1.4550,0.8797,0
6.0700,210366,0.719360,-0.694519,-0.014282,-0.003296,1.4398,0.8653,0
6.0800,210376,0.719299,-0.694580,-0.014160,-0.003296,1.4296,0.8557,0
6.0900,210386,0.719299,-0.694580,-0.014038,-0.003235,1.4147,0.8510,0
6.1000,210396,0.719299,-0.694519,-0.013977,-0.003174,1.4048,0.8511,0
6.1100,210406,0.719421,-0.694458,-0.013916,-0.003113,1.3951,0.8511,0
6.1200,210416,0.719482,-0.694336,-0.013916,-0.003113,1.3951,0.8509,0
6.1300,210426,0.719543,-0.694275,-0.013916,-0.003113,1.3952,0.8508,0
6.1400,210436,0.719604,-0.694214,-0.013916,-0.003113,1.3953,0.8506,0
6.1500,210446,0.719604,-0.694214,-0.013855,-0.003113,1.3903,0.8458,0
6.1600,210456,0.719543,-0.694275,-0.013794,-0.003052,1.3803,0.8461,0
6.1700,210466,0.719482,-0.694397,-0.013733,-0.002930,1.3655,0.8515,0
6.1800,210476,0.719421,-0.694458,-0.013672,-0.002869,1.3555,0.8518,0
6.1900,210486,0.719299,-0.694519,-0.013550,-0.002747,1.3356,0.8522,0
6.2000,210496,0.719299,-0.694580,-0.013489,-0.002686,1.3257,0.8525,0
6.2100,210506,0.719177,-0.694641,-0.013428,-0.002625,1.3156,0.8528,0
6.2200,210516,0.719055,-0.694824,-0.013428,-0.002625,1.3155,0.8531,0
6.2300,210526,0.718994,-0.694885,-0.013428,-0.002625,1.3154,0.8532,0
6.2400,210536,0.718994,-0.694885,-0.013428,-0.002625,1.3154,0.8532,0
6.2500,210546,0.719055,-0.694824,-0.013428,-0.002625,1.3155,0.8531,0
6.2600,210556,0.719177,-0.694702,-0.013428,-0.002625,1.3156,0.8529,0
6.2700,210566,0.719299,-0.694580,-0.013367,-0.002563,1.3059,0.8529,0
6.2800,210576,0.719299,-0.694580,-0.013245,-0.002502,1.2910,0.8482,0
6.2900,210586,0.719177,-0.694702,-0.013062,-0.002441,1.2709,0.8388,0
6.3000,210596,0.718994,-0.694885,-0.012634,-0.002319,1.2257,0.8152,0
6.3100,210606,0.719055,-0.694824,-0.012512,-0.002258,1.2109,0.8104,0
6.3200,210616,0.719177,-0.694702,-0.012390,-0.002136,1.1912,0.8105,0
6.3300,210626,0.719299,-0.694580,-0.012390,-0.002136,1.1914,0.8103,0
6.3400,210636,0.719299,-0.694580,-0.012390,-0.002136,1.1914,0.8103,0
6.3500,210646,0.719238,-0.694641,-0.012329,-0.002136,1.1863,0.8055,0
6.3600,210656,0.719116,-0.694763,-0.012268,-0.002197,1.1860,0.7958,0
6.3700,210666,0.719116,-0.694824,-0.012268,-0.002197,1.1860,0.7959,0
6.3800,210676,0.719177,-0.694763,-0.012268,-0.002136,1.1812,0.8009,0
6.3900,210686,0.719299,-0.694641,-0.012207,-0.002136,1.1763,0.7958,0
6.4000,210696,0.719360,-0.694519,-0.012146,-0.002075,1.1665,0.7958,0
6.4100,210706,0.719360,-0.694519,-0.012146,-0.002014,1.1616,0.8008,0
6.4200,210716,0.719299,-0.694580,-0.012024,-0.001953,1.1466,0.7962,0
6.4300,210726,0.719238,-0.694641,-0.011963,-0.001892,1.1367,0.7965,0
6.4400,210736,0.719299,-0.694641,-0.011902,-0.001770,1.1220,0.8017,0
6.4500,210746,0.719299,-0.694641,-0.011841,-0.001648,1.1072,0.8069,0
6.4600,210756,0.719360,-0.694580,-0.011841,-0.001526,1.0976,0.8168,0
6.4700,210766,0.719360,-0.694519,-0.011841,-0.001465,1.0927,0.8218,0
6.4800,210776,0.719360,-0.694519,-0.011902,-0.001343,1.0880,0.8367,0
6.4900,210786,0.719360,-0.694580,-0.011902,-0.001282,1.0832,0.8418,0
6.5000,210796,0.719238,-0.694641,-0.011902,-0.001221,1.0782,0.8470,0
6.5100,210806,0.719177,-0.694702,-0.011963,-0.001160,1.0783,0.8569,0
6.5200,210816,0.719177,-0.694702,-0.011963,-0.001099,1.0734,0.8620,0
6.5300,210826,0.719238,-0.694702,-0.011963,-0.000977,1.0638,0.8720,0
6.5400,210836,0.719238,-0.694641,-0.011963,-0.000916,1.0589,0.8770,0
6.5500,210846,0.719238,-0.694641,-0.011963,-0.000916,1.0589,0.8770,0
6.5600,210856,0.719238,-0.694641,-0.011902,-0.000854,1.0490,0.8771,0
6.5700,210866,0.719238,-0.694702,-0.011841,-0.000854,1.0440,0.8724,0
6.5800,210876,0.719177,-0.694763,-0.011719,-0.000793,1.0290,0.8678,0
6.5900,210886,0.719116,-0.694824,-0.011536,-0.000732,1.0090,0.8583,0
6.6000,210896,0.719116,-0.694824,-0.011475,-0.000671,0.9991,0.8585,0
6.6100,210906,0.719177,-0.694763,-0.011353,-0.000610,0.9842,0.8537,0
6.6200,210916,0.719238,-0.694641,-0.011353,-0.000549,0.9794,0.8585,0
6.6300,210926,0.719299,-0.694580,-0.011292,-0.000549,0.9745,0.8536,0
6.6400,210936,0.719299,-0.694580,-0.011292,-0.000488,0.9696,0.8586,0
6.6500,210946,0.719238,-0.694641,-0.011292,-0.000488,0.9695,0.8587,0
6.6600,210956,0.719177,-0.694702,-0.011230,-0.000427,0.9596,0.8590,0
6.6700,210966,0.719116,-0.694824,-0.011169,-0.000366,0.9496,0.8593,0
6.6800,210976,0.719055,-0.694885,-0.011047,-0.000244,0.9298,0.8597,0
6.6900,210986,0.718933,-0.694946,-0.010986,-0.000183,0.9197,0.8600,0
6.7000,210996,0.718872,-0.695068,-0.010864,-0.000122,0.9047,0.8554,0
6.7100,211006,0.718872,-0.695068,-0.010803,0.000000,0.8900,0.8606,0
6.7200,211016,0.718872,-0.695068,-0.010742,0.000000,0.8849,0.8557,0
6.7300,211026,0.718872,-0.695068,-0.010742,0.000122,0.8752,0.8658,0
6.7400,211036,0.718933,-0.695007,-0.010742,0.000122,0.8753,0.8657,0
6.7500,211046,0.718933,-0.695007,-0.010742,0.000122,0.8753,0.8657,0
6.7600,211056,0.718872,-0.695007,-0.010620,0.000183,0.8603,0.8610,0
6.7700,211066,0.718872,-0.695068,-0.010559,0.000305,0.8455,0.8663,0
6.7800,211076,0.718872,-0.695068,-0.010498,0.000366,0.8357,0.8665,0
6.7900,211086,0.718872,-0.695068,-0.010437,0.000427,0.8258,0.8666,0
6.8000,211096,0.718872,-0.695068,-0.010437,0.000427,0.8258,0.8666,0
6.8100,211106,0.718811,-0.695129,-0.010376,0.000488,0.8158,0.8668,0
6.8200,211116,0.718811,-0.695129,-0.010254,0.000427,0.8106,0.8521,0
6.8300,211126,0.718811,-0.695129,-0.010193,0.000488,0.8007,0.8523,0
6.8400,211136,0.718811,-0.695129,-0.010132,0.000549,0.7908,0.8524,0
6.8500,211146,0.718811,-0.695129,-0.010071,0.000610,0.7809,0.8526,0
6.8600,211156,0.718811,-0.695129,-0.009949,0.000732,0.7612,0.8529,0
6.8700,211166,0.718750,-0.695190,-0.009888,0.000793,0.7512,0.8531,0
6.8800,211176,0.718689,-0.695312,-0.009827,0.000854,0.7412,0.8534,0
6.8900,211186,0.718628,-0.695312,-0.009705,0.000977,0.7214,0.8537,0
6.9000,211196,0.718628,-0.695312,-0.009644,0.001038,0.7115,0.8539,0
6.9100,211206,0.718628,-0.695312,-0.009644,0.001038,0.7115,0.8539,0
6.9200,211216,0.718689,-0.695312,-0.009644,0.001038,0.7115,0.8539,0
6.9300,211226,0.718689,-0.695312,-0.009583,0.001099,0.7017,0.8541,0
6.9400,211236,0.718689,-0.695312,-0.009583,0.001099,0.7017,0.8541,0
6.9500,211246,0.718628,-0.695312,-0.009521,0.001160,0.6917,0.8542,0
6.9600,211256,0.718506,-0.695435,-0.009521,0.001160,0.6916,0.8544,0
6.9700,211266,0.718506,-0.695496,-0.009521,0.001160,0.6915,0.8544,0
6.9800,211276,0.718506,-0.695496,-0.009460,0.001160,0.6865,0.8496,0
6.9900,211286,0.718506,-0.695435,-0.009460,0.001221,0.6817,0.8545,0
7.0000,211296,0.718567,-0.695374,-0.009399,0.001282,0.6718,0.8546,0
7.0100,211306,0.718567,-0.695374,-0.009338,0.001343,0.6620,0.8548,0
7.0200,211316,0.718567,-0.695374,-0.009216,0.001465,0.6422,0.8551,0
7.0300,211326,0.718506,-0.695435,-0.009155,0.001587,0.6273,0.8603,0
7.0400,211336,0.718445,-0.695496,-0.009094,0.001648,0.6174,0.8605,0
7.0500,211346,0.718445,-0.695496,-0.009033,0.001831,0.5978,0.8708,0
7.0600,211356,0.718445,-0.695496,-0.009033,0.001953,0.5880,0.8808,0
7.0700,211366,0.718506,-0.695496,-0.009094,0.002014,0.5883,0.8907,0
7.0800,211376,0.718567,-0.695435,-0.009155,0.002136,0.5836,0.9056,0
7.0900,211386,0.718506,-0.695496,-0.009155,0.002136,0.5836,0.9056,0
7.1000,211396,0.718445,-0.695557,-0.009155,0.002136,0.5835,0.9057,0
7.1100,211406,0.718445,-0.695557,-0.009094,0.002197,0.5736,0.9058,0
7.1200,211416,0.718384,-0.695557,-0.009094,0.002197,0.5735,0.9058,0
7.1300,211426,0.718384,-0.695557,-0.009033,0.002197,0.5685,0.9010,0
7.1400,211436,0.718384,-0.695557,-0.009033,0.002258,0.5636,0.9060,0
7.1500,211446,0.718384,-0.695557,-0.009033,0.002258,0.5636,0.9060,0
7.1600,211456,0.718384,-0.695618,-0.008972,0.002197,0.5635,0.8961,0
7.1700,211466,0.718384,-0.695618,-0.008911,0.002197,0.5584,0.8913,0
7.1800,211476,0.718384,-0.695618,-0.008850,0.002197,0.5534,0.8864,0
7.1900,211486,0.718384,-0.695618,-0.008789,0.002197,0.5484,0.8815,0
7.2000,211496,0.718384,-0.695618,-0.008728,0.002197,0.5434,0.8767,0
7.2100,211506,0.718384,-0.695557,-0.008789,0.002136,0.5533,0.8765,0
7.2200,211516,0.718445,-0.695496,-0.008728,0.002197,0.5434,0.8766,0
7.2300,211526,0.718567,-0.695435,-0.008728,0.002197,0.5436,0.8765,0
7.2400,211536,0.718628,-0.695374,-0.008728,0.002197,0.5437,0.8765,0
7.2500,211546,0.718628,-0.695374,-0.008728,0.002197,0.5437,0.8765,0
7.2600,211556,0.718567,-0.695435,-0.008606,0.002319,0.5238,0.8769,0
7.2700,211566,0.718445,-0.695496,-0.008545,0.002441,0.5089,0.8821,0
7.2800,211576,0.718384,-0.695557,-0.008545,0.002625,0.4942,0.8972,0
7.2900,211586,0.718384,-0.695557,-0.008545,0.002808,0.4796,0.9123,0
7.3000,211596,0.718445,-0.695557,-0.008545,0.002991,0.4651,0.9274,0
7.3100,211606,0.718506,-0.695496,-0.008606,0.003113,0.4605,0.9422,0
7.3200,211616,0.718506,-0.695435,-0.008667,0.003235,0.4558,0.9571,0
7.3300,211626,0.718506,-0.695435,-0.008728,0.003296,0.4560,0.9670,0
7.3400,211636,0.718384,-0.695557,-0.008667,0.003357,0.4459,0.9672,0
7.3500,211646,0.718323,-0.695679,-0.008606,0.003296,0.4456,0.9574,0
7.3600,211656,0.718262,-0.695740,-0.008606,0.003296,0.4456,0.9575,0
7.3700,211666,0.718262,-0.695679,-0.008606,0.003296,0.4456,0.9574,0
7.3800,211676,0.718384,-0.695557,-0.008606,0.003296,0.4458,0.9573,0
7.3900,211686,0.718506,-0.695435,-0.008606,0.003296,0.4459,0.9573,0
7.4000,211696,0.718628,-0.695312,-0.008606,0.003296,0.4461,0.9572,0
7.4100,211706,0.718628,-0.695312,-0.008606,0.003296,0.4461,0.9572,0
7.4200,211716,0.718567,-0.695374,-0.008545,0.003357,0.4361,0.9574,0
7.4300,211726,0.718506,-0.695496,-0.008484,0.003418,0.4261,0.9576,0
7.4400,211736,0.718384,-0.695557,-0.008423,0.003540,0.4112,0.9628,0
7.4500,211746,0.718323,-0.695618,-0.008301,0.003601,0.3962,0.9582,0
7.4600,211756,0.718323,-0.695618,-0.008301,0.003723,0.3865,0.9682,0
7.4700,211766,0.718323,-0.695618,-0.008301,0.003845,0.3768,0.9783,0
7.4800,211776,0.718384,-0.695557,-0.008301,0.003967,0.3671,0.9883,0
7.4900,211786,0.718445,-0.695557,-0.008362,0.004028,0.3673,0.9982,0
7.5000,211796,0.718445,-0.695557,-0.008301,0.004089,0.3574,0.9984,0
7.5100,211806,0.718445,-0.695557,-0.008301,0.004089,0.3574,0.9984,0
7.5200,211816,0.718445,-0.695557,-0.008301,0.004089,0.3574,0.9984,0
7.5300,211826,0.718445,-0.695557,-0.008179,0.004089,0.3474,0.9886,0
7.5400,211836,0.718445,-0.695557,-0.008118,0.004028,0.3472,0.9787,0
7.5500,211846,0.718506,-0.695496,-0.008118,0.004028,0.3473,0.9787,0
7.5600,211856,0.718506,-0.695435,-0.008118,0.004028,0.3473,0.9786,0
7.5700,211866,0.718506,-0.695435,-0.008057,0.003967,0.3472,0.9688,0
7.5800,211876,0.718506,-0.695496,-0.007996,0.003906,0.3470,0.9589,0
7.5900,211886,0.718445,-0.695557,-0.007935,0.003906,0.3419,0.9541,0
7.6000,211896,0.718445,-0.695557,-0.007935,0.003906,0.3419,0.9541,0
7.6100,211906,0.718567,-0.695435,-0.007935,0.003906,0.3421,0.9540,0
7.6200,211916,0.718567,-0.695374,-0.007935,0.003906,0.3421,0.9540,0
7.6300,211926,0.718567,-0.695374,-0.007935,0.003906,0.3421,0.9540,0
7.6400,211936,0.718506,-0.695435,-0.007935,0.003906,0.3420,0.9540,0
7.6500,211946,0.718506,-0.695435,-0.007935,0.003906,0.3420,0.9540,0
7.6600,211956,0.718506,-0.695435,-0.007874,0.003967,0.3321,0.9542,0
7.6700,211966,0.718628,-0.695374,-0.007874,0.004028,0.3274,0.9592,0
7.6800,211976,0.718689,-0.695251,-0.007813,0.004028,0.3225,0.9542,0
7.6900,211986,0.718750,-0.695251,-0.007751,0.004089,0.3126,0.9544,0
7.7000,211996,0.718750,-0.695251,-0.007751,0.004089,0.3126,0.9544,0
7.7100,212006,0.718628,-0.695312,-0.007751,0.004089,0.3125,0.9544,0
7.7200,212016,0.718567,-0.695374,-0.007751,0.004089,0.3124,0.9545,0
7.7300,212026,0.718567,-0.695374,-0.007751,0.004089,0.3124,0.9545,0
7.7400,212036,0.718628,-0.695312,-0.007813,0.004150,0.3127,0.9643,0
7.7500,212046,0.718750,-0.695190,-0.007874,0.004211,0.3130,0.9742,0
7.7600,212056,0.718872,-0.695068,-0.007935,0.004333,0.3085,0.9890,0
7.7700,212066,0.718994,-0.694946,-0.007996,0.004333,0.3137,0.9938,0
7.7800,212076,0.718994,-0.694946,-0.007996,0.004333,0.3137,0.9938,0
7.7900,212086,0.718872,-0.695068,-0.007996,0.004333,0.3135,0.9939,0
7.8000,212096,0.718750,-0.695251,-0.007996,0.004333,0.3133,0.9940,0
7.8100,212106,0.718567,-0.695374,-0.007996,0.004333,0.3131,0.9940,0
7.8200,212116,0.718567,-0.695435,-0.007996,0.004333,0.3130,0.9941,0
7.8300,212126,0.718567,-0.695374,-0.007996,0.004333,0.3131,0.9940,0
7.8400,212136,0.718689,-0.695251,-0.008057,0.004333,0.3183,0.9988,0
7.8500,212146,0.718811,-0.695129,-0.008179,0.004333,0.3285,1.0085,0
7.8600,212156,0.718933,-0.695007,-0.008301,0.004272,0.3436,1.0131,0
7.8700,212166,0.718994,-0.694946,-0.008362,0.004211,0.3536,1.0129,0
7.8800,212176,0.718994,-0.694946,-0.008362,0.004211,0.3536,1.0129,0
7.8900,212186,0.718933,-0.695007,-0.008362,0.004211,0.3535,1.0130,0
7.9000,212196,0.718933,-0.695068,-0.008301,0.004272,0.3436,1.0132,0
7.9100,212206,0.718933,-0.695068,-0.008240,0.004333,0.3337,1.0134,0
7.9200,212216,0.718933,-0.695068,-0.008179,0.004395,0.3238,1.0135,0
7.9300,212226,0.718933,-0.695068,-0.008179,0.004395,0.3238,1.0135,0
7.9400,212236,0.718994,-0.694946,-0.008179,0.004395,0.3239,1.0134,0
7.9500,212246,0.719177,-0.694763,-0.008240,0.004456,0.3243,1.0233,0
7.9600,212256,0.719299,-0.694641,-0.008240,0.004456,0.3245,1.0232,0
7.9700,212266,0.719299,-0.694641,-0.008240,0.004456,0.3245,1.0232,0
7.9800,212276,0.719238,-0.694702,-0.008240,0.004456,0.3244,1.0232,0
7.9900,212286,0.719055,-0.694885,-0.008240,0.004456,0.3241,1.0233,0
8.0000,212296,0.718994,-0.695007,-0.008240,0.004456,0.3240,1.0234,0
8.0100,212306,0.718994,-0.695007,-0.008240,0.004456,0.3240,1.0234,0
8.0200,212316,0.719055,-0.694885,-0.008240,0.004456,0.3241,1.0233,0
8.0300,212326,0.719177,-0.694763,-0.008240,0.004456,0.3243,1.0233,0
8.0400,212336,0.719238,-0.694702,-0.008240,0.004456,0.3244,1.0232,0
8.0500,212346,0.719238,-0.694702,-0.008240,0.004456,0.3244,1.0232,0
8.0600,212356,0.719238,-0.694702,-0.008240,0.004456,0.3244,1.0232,0
8.0700,212366,0.719238,-0.694702,-0.008240,0.004456,0.3244,1.0232,0
8.0800,212376,0.719177,-0.694763,-0.008240,0.004456,0.3243,1.0233,0
8.0900,212386,0.719177,-0.694763,-0.008179,0.004517,0.3144,1.0234,0
8.1000,212396,0.719177,-0.694763,-0.008118,0.004578,0.3045,1.0236,0
8.1100,212406,0.719238,-0.694702,-0.008057,0.004578,0.2996,1.0187,0
8.1200,212416,0.719299,-0.694641,-0.008057,0.004700,0.2900,1.0288,0
8.1300,212426,0.719482,-0.694458,-0.008179,0.004822,0.2906,1.0485,0
8.1400,212436,0.719482,-0.694458,-0.008240,0.004822,0.2956,1.0533,0
8.1500,212446,0.719360,-0.694519,-0.008240,0.004822,0.2955,1.0533,0
8.1600,212456,0.719299,-0.694641,-0.008240,0.004822,0.2954,1.0534,0
8.1700,212466,0.719238,-0.694702,-0.008301,0.004822,0.3003,1.0583,0
8.1800,212476,0.719238,-0.694702,-0.008301,0.004822,0.3003,1.0583,0
8.1900,212486,0.719238,-0.694702,-0.008301,0.004822,0.3003,1.0583,0
8.2000,212496,0.719238,-0.694702,-0.008301,0.004822,0.3003,1.0583,0
8.2100,212506,0.719299,-0.694641,-0.008301,0.004822,0.3004,1.0583,0
8.2200,212516,0.719299,-0.694641,-0.008301,0.004822,0.3004,1.0583,0
8.2300,212526,0.719299,-0.694641,-0.008301,0.004822,0.3004,1.0583,0
8.2400,212536,0.719238,-0.694702,-0.008301,0.004822,0.3003,1.0583,0
8.2500,212546,0.719238,-0.694702,-0.008240,0.004883,0.2904,1.0584,0
8.2600,212556,0.719238,-0.694702,-0.008179,0.004883,0.2854,1.0536,0
8.2700,212566,0.719238,-0.694702,-0.008118,0.004944,0.2755,1.0538,0
8.2800,212576,0.719299,-0.694641,-0.008057,0.005005,0.2657,1.0539,0
8.2900,212586,0.719360,-0.694580,-0.008057,0.005005,0.2658,1.0539,0
8.3000,212596,0.719421,-0.694519,-0.008057,0.005005,0.2659,1.0539,0
8.3100,212606,0.719421,-0.694519,-0.008057,0.005005,0.2659,1.0539,0
8.3200,212616,0.719360,-0.694580,-0.008057,0.005005,0.2658,1.0539,0
8.3300,212626,0.719299,-0.694641,-0.008118,0.005066,0.2659,1.0638,0
8.3400,212636,0.719299,-0.694641,-0.008118,0.005066,0.2659,1.0638,0
8.3500,212646,0.719299,-0.694641,-0.008118,0.005066,0.2659,1.0638,0
8.3600,212656,0.719299,-0.694641,-0.008118,0.005066,0.2659,1.0638,0
8.3700,212666,0.719299,-0.694641,-0.008118,0.005066,0.2659,1.0638,0
8.3800,212676,0.719238,-0.694702,-0.008118,0.005066,0.2658,1.0638,0
8.3900,212686,0.719177,-0.694763,-0.008057,0.005127,0.2558,1.0640,0
8.4000,212696,0.719238,-0.694702,-0.008057,0.005127,0.2559,1.0640,0
8.4100,212706,0.719360,-0.694580,-0.008057,0.005127,0.2561,1.0640,0
8.4200,212716,0.719482,-0.694458,-0.008057,0.005127,0.2562,1.0639,0
8.4300,212726,0.719604,-0.694336,-0.008057,0.005127,0.2564,1.0639,0
8.4400,212736,0.719666,-0.694275,-0.008057,0.005127,0.2565,1.0638,0
8.4500,212746,0.719666,-0.694275,-0.008057,0.005127,0.2565,1.0638,0
8.4600,212756,0.719604,-0.694336,-0.008057,0.005127,0.2564,1.0639,0
8.4700,212766,0.719543,-0.694397,-0.008057,0.005127,0.2563,1.0639,0
8.4800,212776,0.719482,-0.694458,-0.008057,0.005127,0.2562,1.0639,0
8.4900,212786,0.719421,-0.694519,-0.008057,0.005127,0.2562,1.0639,0
8.5000,212796,0.719421,-0.694519,-0.008057,0.005127,0.2562,1.0639,0
8.5100,212806,0.719421,-0.694519,-0.008057,0.005188,0.2513,1.0690,0
8.5200,212816,0.719482,-0.694397,-0.007996,0.005249,0.2415,1.0691,0
8.5300,212826,0.719604,-0.694336,-0.007935,0.005310,0.2318,1.0693,0
8.5400,212836,0.719727,-0.694214,-0.007874,0.005310,0.2269,1.0644,0
8.5500,212846,0.719727,-0.694214,-0.007813,0.005371,0.2171,1.0645,0
8.5600,212856,0.719666,-0.694275,-0.007813,0.005371,0.2170,1.0646,0
8.5700,212866,0.719604,-0.694336,-0.007813,0.005371,0.2169,1.0646,0
8.5800,212876,0.719482,-0.694397,-0.007813,0.005432,0.2119,1.0696,0
8.5900,212886,0.719421,-0.694519,-0.007751,0.005432,0.2067,1.0648,0
8.6000,212896,0.719421,-0.694519,-0.007690,0.005493,0.1968,1.0650,0
8.6100,212906,0.719482,-0.694458,-0.007629,0.005554,0.1870,1.0651,0
8.6200,212916,0.719482,-0.694458,-0.007629,0.005554,0.1870,1.0651,0
8.6300,212926,0.719421,-0.694458,-0.007568,0.005615,0.1771,1.0653,0
8.6400,212936,0.719421,-0.694519,-0.007568,0.005615,0.1770,1.0653,0
8.6500,212946,0.719421,-0.694519,-0.007507,0.005676,0.1671,1.0655,0
8.6600,212956,0.719421,-0.694458,-0.007446,0.005737,0.1573,1.0656,0
8.6700,212966,0.719482,-0.694397,-0.007446,0.005798,0.1525,1.0706,0
8.6800,212976,0.719543,-0.694397,-0.007385,0.005798,0.1476,1.0658,0
8.6900,212986,0.719543,-0.694397,-0.007324,0.005859,0.1377,1.0660,0
8.7000,212996,0.719543,-0.694397,-0.007324,0.005859,0.1377,1.0660,0
8.7100,213006,0.719543,-0.694397,-0.007263,0.005920,0.1278,1.0662,0
8.7200,213016,0.719543,-0.694397,-0.007141,0.006042,0.1080,1.0665,0
8.7300,213026,0.719543,-0.694397,-0.007141,0.006042,0.1080,1.0665,0
8.7400,213036,0.719543,-0.694397,-0.007080,0.006104,0.0981,1.0667,0
8.7500,213046,0.719543,-0.694397,-0.007019,0.006104,0.0931,1.0618,0
8.7600,213056,0.719482,-0.694458,-0.006958,0.006165,0.0831,1.0620,0
8.7700,213066,0.719482,-0.694458,-0.006897,0.006165,0.0781,1.0572,0
8.7800,213076,0.719482,-0.694458,-0.006897,0.006165,0.0781,1.0572,0
8.7900,213086,0.719604,-0.694336,-0.007019,0.006226,0.0835,1.0719,0
8.8000,213096,0.719727,-0.694214,-0.007080,0.006226,0.0887,1.0767,0
8.8100,213106,0.719788,-0.694153,-0.007202,0.006226,0.0988,1.0865,0
8.8200,213116,0.719788,-0.694153,-0.007263,0.006165,0.1087,1.0863,0
8.8300,213126,0.719727,-0.694153,-0.007263,0.006226,0.1038,1.0913,0
8.8400,213136,0.719666,-0.694275,-0.007202,0.006165,0.1035,1.0814,0
8.8500,213146,0.719543,-0.694336,-0.007080,0.006165,0.0933,1.0717,0
8.8600,213156,0.719482,-0.694458,-0.006958,0.006165,0.0831,1.0620,0
8.8700,213166,0.719482,-0.694458,-0.006775,0.006165,0.0680,1.0474,0
8.8800,213176,0.719543,-0.694397,-0.006775,0.006226,0.0632,1.0525,0
8.8900,213186,0.719604,-0.694336,-0.006714,0.006287,0.0534,1.0526,0
8.9000,213196,0.719666,-0.694275,-0.006714,0.006287,0.0535,1.0526,0
8.9100,213206,0.719727,-0.694214,-0.006714,0.006287,0.0536,1.0526,0
8.9200,213216,0.719727,-0.694214,-0.006714,0.006287,0.0536,1.0526,0
8.9300,213226,0.719727,-0.694214,-0.006653,0.006287,0.0486,1.0478,0
8.9400,213236,0.719666,-0.694214,-0.006653,0.006348,0.0437,1.0528,0
8.9500,213246,0.719788,-0.694153,-0.006653,0.006409,0.0390,1.0579,0
8.9600,213256,0.719849,-0.694031,-0.006653,0.006531,0.0294,1.0679,0
8.9700,213266,0.719910,-0.693970,-0.006653,0.006653,0.0198,1.0779,0
8.9800,213276,0.719910,-0.693970,-0.006592,0.006714,0.0099,1.0781,0
8.9900,213286,0.719849,-0.694031,-0.006470,0.006775,-0.0051,1.0735,0
9.0000,213296,0.719788,-0.694153,-0.006409,0.006836,-0.0152,1.0737,0
9.0100,213306,0.719727,-0.694214,-0.006348,0.006958,-0.0300,1.0789,0
9.0200,213316,0.719727,-0.694214,-0.006287,0.006958,-0.0350,1.0740,0
9.0300,213326,0.719788,-0.694153,-0.006287,0.007019,-0.0398,1.0791,0
9.0400,213336,0.719849,-0.694092,-0.006226,0.007019,-0.0447,1.0742,0
9.0500,213346,0.719849,-0.694092,-0.006226,0.007019,-0.0447,1.0742,0
9.0600,213356,0.719788,-0.694153,-0.006226,0.007080,-0.0497,1.0792,0
9.0700,213366,0.719727,-0.694214,-0.006165,0.007080,-0.0548,1.0744,0
9.0800,213376,0.719666,-0.694214,-0.006104,0.007141,-0.0647,1.0745,0
9.0900,213386,0.719666,-0.694214,-0.006042,0.007263,-0.0795,1.0797,0
9.1000,213396,0.719727,-0.694153,-0.005920,0.007324,-0.0943,1.0751,0
9.1100,213406,0.719788,-0.694092,-0.005859,0.007385,-0.1041,1.0752,0
9.1200,213416,0.719849,-0.694092,-0.005798,0.007446,-0.1140,1.0755,0
9.1300,213426,0.719849,-0.694092,-0.005798,0.007507,-0.1188,1.0805,0
9.1400,213436,0.719788,-0.694153,-0.005737,0.007507,-0.1239,1.0757,0
9.1500,213446,0.719727,-0.694153,-0.005676,0.007568,-0.1339,1.0758,0
9.1600,213456,0.719727,-0.694153,-0.005737,0.007629,-0.1337,1.0857,0
9.1700,213466,0.719727,-0.694214,-0.005737,0.007690,-0.1386,1.0907,0
9.1800,213476,0.719666,-0.694214,-0.005676,0.007751,-0.1485,1.0909,0
9.1900,213486,0.719604,-0.694336,-0.005676,0.007813,-0.1535,1.0959,0
9.2000,213496,0.719482,-0.694397,-0.005554,0.007751,-0.1589,1.0811,0
9.2100,213506,0.719421,-0.694458,-0.005493,0.007690,-0.1591,1.0712,0
9.2200,213516,0.719421,-0.694519,-0.005371,0.007690,-0.1693,1.0615,0
9.2300,213526,0.719543,-0.694397,-0.005310,0.007629,-0.1693,1.0517,0
9.2400,213536,0.719666,-0.694214,-0.005188,0.007629,-0.1791,1.0420,0
9.2500,213546,0.719849,-0.694092,-0.005127,0.007568,-0.1791,1.0321,0
9.2600,213556,0.719910,-0.694031,-0.005066,0.007629,-0.1889,1.0323,0
9.2700,213566,0.719849,-0.694031,-0.005005,0.007568,-0.1891,1.0224,0
9.2800,213576,0.719788,-0.694092,-0.004944,0.007568,-0.1942,1.0175,0
9.2900,213586,0.719727,-0.694153,-0.004944,0.007629,-0.1991,1.0225,0
9.3000,213596,0.719727,-0.694214,-0.004883,0.007629,-0.2042,1.0177,0
9.3100,213606,0.719788,-0.694153,-0.004883,0.007690,-0.2090,1.0228,0
9.3200,213616,0.719849,-0.694092,-0.004822,0.007690,-0.2139,1.0179,0
9.3300,213626,0.719849,-0.694092,-0.004822,0.007690,-0.2139,1.0179,0
9.3400,213636,0.719849,-0.694092,-0.004822,0.007751,-0.2188,1.0230,0
9.3500,213646,0.719849,-0.694031,-0.004761,0.007751,-0.2238,1.0181,0
9.3600,213656,0.719910,-0.693970,-0.004761,0.007751,-0.2237,1.0181,0
9.3700,213666,0.719971,-0.693909,-0.004700,0.007813,-0.2335,1.0183,0
9.3800,213676,0.719971,-0.693909,-0.004700,0.007813,-0.2335,1.0183,0
9.3900,213686,0.719971,-0.693909,-0.004639,0.007874,-0.2434,1.0185,0
9.4000,213696,0.719971,-0.693909,-0.004700,0.007813,-0.2335,1.0183,0
9.4100,213706,0.719971,-0.693909,-0.004700,0.007813,-0.2335,1.0183,0
9.4200,213716,0.719971,-0.693909,-0.004700,0.007813,-0.2335,1.0183,0
9.4300,213726,0.719971,-0.693909,-0.004700,0.007813,-0.2335,1.0183,0
9.4400,213736,0.719971,-0.693909,-0.004578,0.007935,-0.2533,1.0187,0
9.4500,213746,0.719971,-0.693909,-0.004517,0.007996,-0.2631,1.0189,0
9.4600,213756,0.719971,-0.693909,-0.004395,0.008118,-0.2829,1.0192,0
9.4700,213766,0.719971,-0.693909,-0.004333,0.008179,-0.2928,1.0194,0
9.4800,213776,0.719971,-0.693970,-0.004272,0.008240,-0.3028,1.0196,0
9.4900,213786,0.720093,-0.693848,-0.004211,0.008301,-0.3125,1.0199,0
9.5000,213796,0.720215,-0.693665,-0.004211,0.008301,-0.3122,1.0199,0
9.5100,213806,0.720398,-0.693542,-0.004211,0.008301,-0.3120,1.0200,0
9.5200,213816,0.720459,-0.693420,-0.004211,0.008301,-0.3119,1.0200,0
9.5300,213826,0.720459,-0.693420,-0.004211,0.008301,-0.3119,1.0200,0
9.5400,213836,0.720398,-0.693481,-0.004211,0.008301,-0.3120,1.0200,0
9.5500,213846,0.720337,-0.693542,-0.004089,0.008301,-0.3221,1.0103,0
9.5600,213856,0.720337,-0.693604,-0.004089,0.008301,-0.3222,1.0103,0
9.5700,213866,0.720337,-0.693604,-0.004089,0.008362,-0.3271,1.0153,0
9.5800,213876,0.720398,-0.693542,-0.004028,0.008362,-0.3320,1.0105,0
9.5900,213886,0.720459,-0.693481,-0.004028,0.008362,-0.3319,1.0105,0
9.6000,213896,0.720459,-0.693420,-0.003967,0.008423,-0.3417,1.0107,0
9.6100,213906,0.720459,-0.693420,-0.003967,0.008423,-0.3417,1.0107,0
9.6200,213916,0.720459,-0.693420,-0.003906,0.008484,-0.3516,1.0109,0
9.6300,213926,0.720459,-0.693420,-0.003906,0.008484,-0.3516,1.0109,0
9.6400,213936,0.720520,-0.693359,-0.003845,0.008545,-0.3614,1.0111,0
9.6500,213946,0.720581,-0.693298,-0.003845,0.008545,-0.3614,1.0111,0
9.6600,213956,0.720642,-0.693237,-0.003845,0.008545,-0.3613,1.0112,0
9.6700,213966,0.720764,-0.693176,-0.003784,0.008545,-0.3662,1.0064,0
9.6800,213976,0.720825,-0.693054,-0.003723,0.008484,-0.3662,0.9965,0
9.6900,213986,0.720825,-0.693054,-0.003601,0.008484,-0.3763,0.9868,0
9.7000,213996,0.721008,-0.692871,-0.003540,0.008484,-0.3811,0.9821,0
9.7100,214006,0.721130,-0.692749,-0.003479,0.008545,-0.3908,0.9824,0
9.7200,214016,0.721313,-0.692566,-0.003540,0.008484,-0.3807,0.9823,0
9.7300,214026,0.721497,-0.692383,-0.003540,0.008484,-0.3804,0.9824,0
9.7400,214036,0.721619,-0.692200,-0.003540,0.008484,-0.3802,0.9824,0
9.7500,214046,0.721619,-0.692200,-0.003540,0.008484,-0.3802,0.9824,0
9.7600,214056,0.721558,-0.692322,-0.003540,0.008484,-0.3804,0.9824,0
9.7700,214066,0.721436,-0.692383,-0.003540,0.008484,-0.3805,0.9823,0
9.7800,214076,0.721375,-0.692444,-0.003540,0.008484,-0.3806,0.9823,0
9.7900,214086,0.721375,-0.692444,-0.003540,0.008484,-0.3806,0.9823,0
9.8000,214096,0.721375,-0.692444,-0.003540,0.008484,-0.3806,0.9823,0
9.8100,214106,0.721375,-0.692444,-0.003540,0.008484,-0.3806,0.9823,0
9.8200,214116,0.721375,-0.692444,-0.003540,0.008484,-0.3806,0.9823,0
9.8300,214126,0.721375,-0.692505,-0.003540,0.008484,-0.3806,0.9823,0
9.8400,214136,0.721313,-0.692566,-0.003540,0.008423,-0.3759,0.9772,0
9.8500,214146,0.721252,-0.692627,-0.003540,0.008423,-0.3759,0.9772,0
9.8600,214156,0.721191,-0.692688,-0.003601,0.008362,-0.3661,0.9769,0
9.8700,214166,0.721191,-0.692688,-0.003662,0.008362,-0.3611,0.9818,0
9.8800,214176,0.721191,-0.692688,-0.003662,0.008362,-0.3611,0.9818,0
9.8900,214186,0.721191,-0.692688,-0.003662,0.008362,-0.3611,0.9818,0
9.9000,214196,0.721191,-0.692688,-0.003601,0.008423,-0.3710,0.9820,0
9.9100,214206,0.721191,-0.692688,-0.003540,0.008484,-0.3809,0.9822,0
9.9200,214216,0.721191,-0.692688,-0.003479,0.008545,-0.3908,0.9824,0
9.9300,214226,0.721252,-0.692627,-0.003540,0.008545,-0.3856,0.9873,0
9.9400,214236,0.721252,-0.692566,-0.003601,0.008606,-0.3854,0.9971,0
9.9500,214246,0.721313,-0.692566,-0.003601,0.008667,-0.3902,1.0022,0
9.9600,214256,0.721313,-0.692566,-0.003723,0.008545,-0.3704,1.0018,0
9.9700,214266,0.721313,-0.692566,-0.003723,0.008545,-0.3704,1.0018,0
9.9800,214276,0.721313,-0.692566,-0.003662,0.008545,-0.3754,0.9970,0
9.9900,214286,0.721313,-0.692566,-0.003601,0.008484,-0.3757,0.9871,0
10.0000,214296,0.721375,-0.692505,-0.003540,0.008423,-0.3758,0.9773,0
10.0100,214306,0.721436,-0.692444,-0.003479,0.008362,-0.3759,0.9674,0
10.0200,214316,0.721436,-0.692383,-0.003479,0.008362,-0.3758,0.9674,0
10.0300,214326,0.721436,-0.692383,-0.003479,0.008362,-0.3758,0.9674,0
10.0400,214336,0.721436,-0.692383,-0.003479,0.008362,-0.3758,0.9674,0
10.0500,214346,0.721436,-0.692383,-0.003540,0.008301,-0.3659,0.9672,0
10.0600,214356,0.721436,-0.692383,-0.003540,0.008301,-0.3659,0.9672,0
10.0700,214366,0.721436,-0.692383,-0.003540,0.008362,-0.3708,0.9722,0
10.0800,214376,0.721436,-0.692383,-0.003540,0.008423,-0.3756,0.9773,0
10.0900,214386,0.721436,-0.692444,-0.003479,0.008484,-0.3856,0.9775,0
10.1000,214396,0.721436,-0.692444,-0.003418,0.008545,-0.3955,0.9777,0
10.1100,214406,0.721436,-0.692383,-0.003357,0.008606,-0.4053,0.9779,0
10.1200,214416,0.721558,-0.692322,-0.003357,0.008606,-0.4052,0.9780,0
10.1300,214426,0.721619,-0.692200,-0.003357,0.008606,-0.4050,0.9780,0
10.1400,214436,0.721680,-0.692200,-0.003418,0.008545,-0.3951,0.9778,0
10.1500,214446,0.721680,-0.692200,-0.003479,0.008362,-0.3756,0.9675,0
10.1600,214456,0.721680,-0.692200,-0.003479,0.008240,-0.3659,0.9574,0
10.1700,214466,0.721680,-0.692200,-0.003540,0.008118,-0.3511,0.9522,0
10.1800,214476,0.721680,-0.692200,-0.003601,0.008057,-0.3413,0.9520,0
10.1900,214486,0.721741,-0.692139,-0.003601,0.007996,-0.3363,0.9470,0
10.2000,214496,0.721741,-0.692078,-0.003601,0.007996,-0.3363,0.9469,0
10.2100,214506,0.721741,-0.692078,-0.003601,0.007996,-0.3363,0.9469,0
10.2200,214516,0.721741,-0.692078,-0.003662,0.008057,-0.3361,0.9568,0
10.2300,214526,0.721741,-0.692139,-0.003662,0.008179,-0.3458,0.9669,0
10.2400,214536,0.721680,-0.692139,-0.003723,0.008301,-0.3505,0.9818,0
10.2500,214546,0.721680,-0.692139,-0.003845,0.008423,-0.3501,1.0016,0
10.2600,214556,0.721680,-0.692139,-0.003906,0.008545,-0.3547,1.0165,0
10.2700,214566,0.721680,-0.692139,-0.004028,0.008667,-0.3543,1.0363,0
10.2800,214576,0.721680,-0.692139,-0.004150,0.008728,-0.3490,1.0511,0
10.2900,214586,0.721680,-0.692139,-0.004211,0.008789,-0.3488,1.0609,0
10.3000,214596,0.721680,-0.692139,-0.004272,0.008850,-0.3486,1.0708,0
10.3100,214606,0.721680,-0.692139,-0.004272,0.008911,-0.3534,1.0759,0
10.3200,214616,0.721680,-0.692139,-0.004272,0.008911,-0.3534,1.0759,0
10.3300,214626,0.721680,-0.692139,-0.004272,0.008911,-0.3534,1.0759,0
10.3400,214636,0.721680,-0.692139,-0.004395,0.008911,-0.3434,1.0856,0
10.3500,214646,0.721619,-0.692200,-0.004456,0.008911,-0.3384,1.0904,0
10.3600,214656,0.721619,-0.692261,-0.004578,0.008911,-0.3284,1.1001,0
10.3700,214666,0.721558,-0.692322,-0.004700,0.008911,-0.3184,1.1097,0
10.3800,214676,0.721497,-0.692383,-0.004700,0.008911,-0.3185,1.1097,0
10.3900,214686,0.721436,-0.692383,-0.004700,0.008911,-0.3185,1.1097,0
10.4000,214696,0.721436,-0.692383,-0.004700,0.008911,-0.3185,1.1097,0
10.4100,214706,0.721497,-0.692383,-0.004700,0.008911,-0.3185,1.1097,0
10.4200,214716,0.721558,-0.692322,-0.004700,0.008911,-0.3184,1.1097,0
10.4300,214726,0.721619,-0.692200,-0.004700,0.008911,-0.3182,1.1097,0
10.4400,214736,0.721619,-0.692200,-0.004639,0.008850,-0.3184,1.0999,0
10.4500,214746,0.721619,-0.692200,-0.004639,0.008850,-0.3184,1.0999,0
10.4600,214756,0.721619,-0.692200,-0.004578,0.008850,-0.3235,1.0950,0
10.4700,214766,0.721619,-0.692200,-0.004517,0.008789,-0.3237,1.0851,0
10.4800,214776,0.721802,-0.692017,-0.004456,0.008728,-0.3236,1.0753,0
10.4900,214786,0.721802,-0.692017,-0.004456,0.008606,-0.3139,1.0652,0
10.5000,214796,0.721802,-0.692017,-0.004456,0.008545,-0.3091,1.0602,0
10.5100,214806,0.721741,-0.692139,-0.004517,0.008423,-0.2945,1.0549,0
10.5200,214816,0.721680,-0.692139,-0.004578,0.008362,-0.2846,1.0546,0
10.5300,214826,0.721680,-0.692139,-0.004639,0.008240,-0.2699,1.0494,0
10.5400,214836,0.721680,-0.692139,-0.004700,0.008179,-0.2600,1.0492,0
10.5500,214846,0.721741,-0.692139,-0.004700,0.008179,-0.2600,1.0492,0
10.5600,214856,0.721741,-0.692139,-0.004700,0.008179,-0.2600,1.0492,0
10.5700,214866,0.721741,-0.692139,-0.004700,0.008179,-0.2600,1.0492,0
10.5800,214876,0.721680,-0.692139,-0.004700,0.008179,-0.2600,1.0492,0
10.5900,214886,0.721619,-0.692200,-0.004700,0.008179,-0.2601,1.0492,0
10.6000,214896,0.721619,-0.692200,-0.004700,0.008179,-0.2601,1.0492,0
10.6100,214906,0.721619,-0.692200,-0.004700,0.008179,-0.2601,1.0492,0
10.6200,214916,0.721619,-0.692200,-0.004700,0.008179,-0.2601,1.0492,0
10.6300,214926,0.721619,-0.692200,-0.004761,0.008240,-0.2599,1.0591,0
10.6400,214936,0.721619,-0.692200,-0.004761,0.008240,-0.2599,1.0591,0
10.6500,214946,0.721619,-0.692200,-0.004761,0.008240,-0.2599,1.0591,0
10.6600,214956,0.721558,-0.692261,-0.004761,0.008240,-0.2600,1.0590,0
10.6700,214966,0.721436,-0.692444,-0.004761,0.008240,-0.2602,1.0590,0
10.6800,214976,0.721313,-0.692566,-0.004761,0.008240,-0.2604,1.0590,0
10.6900,214986,0.721252,-0.692627,-0.004761,0.008240,-0.2605,1.0589,0
10.7000,214996,0.721252,-0.692627,-0.004761,0.008240,-0.2605,1.0589,0
10.7100,215006,0.721252,-0.692627,-0.004761,0.008240,-0.2605,1.0589,0
10.7200,215016,0.721252,-0.692627,-0.004761,0.008240,-0.2605,1.0589,0
10.7300,215026,0.721252,-0.692627,-0.004761,0.008240,-0.2605,1.0589,0
10.7400,215036,0.721252,-0.692566,-0.004761,0.008240,-0.2605,1.0589,0
10.7500,215046,0.721313,-0.692505,-0.004700,0.008301,-0.2703,1.0591,0
10.7600,215056,0.721375,-0.692444,-0.004700,0.008301,-0.2702,1.0592,0
10.7700,215066,0.721375,-0.692444,-0.004700,0.008301,-0.2702,1.0592,0
10.7800,215076,0.721375,-0.692505,-0.004700,0.008301,-0.2702,1.0592,0
10.7900,215086,0.721252,-0.692566,-0.004700,0.008301,-0.2703,1.0591,0
10.8000,215096,0.721191,-0.692688,-0.004761,0.008240,-0.2606,1.0589,0
10.8100,215106,0.721069,-0.692810,-0.004883,0.008240,-0.2507,1.0686,0
10.8200,215116,0.721008,-0.692871,-0.005005,0.008179,-0.2359,1.0732,0
10.8300,215126,0.721008,-0.692871,-0.005127,0.008179,-0.2258,1.0829,0
10.8400,215136,0.721069,-0.692810,-0.005188,0.008179,-0.2206,1.0877,0
10.8500,215146,0.721130,-0.692749,-0.005188,0.008179,-0.2205,1.0878,0
10.8600,215156,0.721130,-0.692749,-0.005188,0.008179,-0.2205,1.0878,0
10.8700,215166,0.721130,-0.692749,-0.005188,0.008118,-0.2157,1.0827,0
10.8800,215176,0.721130,-0.692749,-0.005066,0.008118,-0.2258,1.0730,0
10.8900,215186,0.721130,-0.692749,-0.004944,0.008118,-0.2359,1.0633,0
10.9000,215196,0.721191,-0.692688,-0.004822,0.008179,-0.2507,1.0587,0
10.9100,215206,0.721252,-0.692566,-0.004822,0.008179,-0.2506,1.0587,0
10.9200,215216,0.721375,-0.692505,-0.004761,0.008240,-0.2603,1.0590,0
10.9300,215226,0.721436,-0.692383,-0.004761,0.008240,-0.2602,1.0590,0
10.9400,215236,0.721497,-0.692322,-0.004822,0.008301,-0.2599,1.0689,0
10.9500,215246,0.721497,-0.692322,-0.004883,0.008240,-0.2500,1.0687,0
10.9600,215256,0.721436,-0.692383,-0.004944,0.008240,-0.2450,1.0735,0
10.9700,215266,0.721436,-0.692383,-0.005005,0.008240,-0.2400,1.0783,0
10.9800,215276,0.721436,-0.692383,-0.005066,0.008179,-0.2301,1.0781,0
10.9900,215286,0.721497,-0.692322,-0.005127,0.008179,-0.2250,1.0830,0
11.0000,215296,0.721619,-0.692261,-0.005249,0.008240,-0.2196,1.0978,0
11.0100,215306,0.721619,-0.692261,-0.005249,0.008240,-0.2196,1.0978,0
11.0200,215316,0.721619,-0.692261,-0.005249,0.008240,-0.2196,1.0978,0
11.0300,215326,0.721558,-0.692322,-0.005249,0.008240,-0.2197,1.0978,0
11.0400,215336,0.721497,-0.692322,-0.005249,0.008240,-0.2197,1.0977,0
11.0500,215346,0.721497,-0.692322,-0.005249,0.008240,-0.2197,1.0977,0
11.0600,215356,0.721497,-0.692322,-0.005249,0.008240,-0.2197,1.0977,0
11.0700,215366,0.721497,-0.692322,-0.005249,0.008240,-0.2197,1.0977,0
11.0800,215376,0.721497,-0.692322,-0.005249,0.008240,-0.2197,1.0977,0
11.0900,215386,0.721558,-0.692261,-0.005249,0.008240,-0.2196,1.0978,0
11.1000,215396,0.721680,-0.692200,-0.005310,0.008179,-0.2096,1.0976,0
11.1100,215406,0.721741,-0.692078,-0.005371,0.008179,-0.2044,1.1025,0
11.1200,215416,0.721802,-0.692017,-0.005432,0.008118,-0.1944,1.1023,0
11.1300,215426,0.721802,-0.692017,-0.005493,0.008179,-0.1942,1.1122,0
11.1400,215436,0.721741,-0.692139,-0.005493,0.008118,-0.1895,1.1071,0
11.1500,215446,0.721619,-0.692200,-0.005432,0.008179,-0.1995,1.1073,0
11.1600,215456,0.721558,-0.692261,-0.005371,0.008240,-0.2095,1.1074,0
11.1700,215466,0.721558,-0.692261,-0.005310,0.008301,-0.2194,1.1077,0
11.1800,215476,0.721680,-0.692200,-0.005310,0.008362,-0.2241,1.1128,0
11.1900,215486,0.721680,-0.692139,-0.005310,0.008362,-0.2241,1.1127,0
11.2000,215496,0.721680,-0.692200,-0.005310,0.008362,-0.2241,1.1128,0
11.2100,215506,0.721558,-0.692261,-0.005310,0.008362,-0.2243,1.1127,0
11.2200,215516,0.721497,-0.692383,-0.005249,0.008301,-0.2246,1.1028,0
11.2300,215526,0.721497,-0.692383,-0.005188,0.008179,-0.2200,1.0879,0
11.2400,215536,0.721619,-0.692261,-0.005188,0.008057,-0.2101,1.0778,0
11.2500,215546,0.721680,-0.692139,-0.005127,0.007996,-0.2102,1.0679,0
11.2600,215556,0.721680,-0.692139,-0.005066,0.007874,-0.2055,1.0530,0
11.2700,215566,0.721619,-0.692261,-0.005066,0.007813,-0.2008,1.0480,0
11.2800,215576,0.721558,-0.692322,-0.005066,0.007813,-0.2009,1.0479,0
11.2900,215586,0.721558,-0.692322,-0.005066,0.007813,-0.2009,1.0479,0
11.3000,215596,0.721619,-0.692261,-0.005066,0.007813,-0.2008,1.0480,0
11.3100,215606,0.721680,-0.692200,-0.005066,0.007813,-0.2007,1.0480,0
11.3200,215616,0.721680,-0.692139,-0.005066,0.007813,-0.2007,1.0479,0
11.3300,215626,0.721680,-0.692139,-0.005066,0.007813,-0.2007,1.0479,0
11.3400,215636,0.721680,-0.692200,-0.005066,0.007813,-0.2007,1.0480,0
11.3500,215646,0.721680,-0.692200,-0.005066,0.007813,-0.2007,1.0480,0
11.3600,215656,0.721680,-0.692200,-0.005066,0.007813,-0.2007,1.0480,0
11.3700,215666,0.721741,-0.692078,-0.005066,0.007813,-0.2006,1.0480,0
11.3800,215676,0.721924,-0.691956,-0.005005,0.007751,-0.2006,1.0382,0
11.3900,215686,0.722046,-0.691833,-0.004944,0.007690,-0.2006,1.0283,0
11.4000,215696,0.722107,-0.691772,-0.004883,0.007629,-0.2008,1.0184,0
11.4100,215706,0.722107,-0.691772,-0.004822,0.007629,-0.2058,1.0136,0
11.4200,215716,0.722107,-0.691711,-0.004761,0.007690,-0.2156,1.0138,0
11.4300,215726,0.722107,-0.691711,-0.004700,0.007751,-0.2255,1.0140,0
11.4400,215736,0.722168,-0.691711,-0.004700,0.007874,-0.2352,1.0242,0
11.4500,215746,0.722168,-0.691650,-0.004700,0.007996,-0.2448,1.0342,0
11.4600,215756,0.722168,-0.691650,-0.004822,0.008179,-0.2492,1.0591,0
11.4700,215766,0.722168,-0.691650,-0.004883,0.008362,-0.2587,1.0791,0
11.4800,215776,0.722168,-0.691650,-0.004944,0.008606,-0.2730,1.1041,0
11.4900,215786,0.722107,-0.691711,-0.005066,0.008728,-0.2726,1.1239,0
11.5000,215796,0.721985,-0.691833,-0.005127,0.008850,-0.2775,1.1387,0
11.5100,215806,0.721924,-0.691895,-0.005127,0.008972,-0.2872,1.1488,0
11.5200,215816,0.721985,-0.691833,-0.005127,0.009094,-0.2968,1.1589,0
11.5300,215826,0.722046,-0.691772,-0.005127,0.009094,-0.2967,1.1590,0
11.5400,215836,0.722046,-0.691772,-0.005066,0.009033,-0.2969,1.1491,0
11.5500,215846,0.721985,-0.691833,-0.004944,0.008972,-0.3023,1.1343,0
11.5600,215856,0.721924,-0.691895,-0.004883,0.008850,-0.2977,1.1194,0
11.5700,215866,0.721924,-0.691895,-0.004761,0.008850,-0.3078,1.1097,0
11.5800,215876,0.722046,-0.691772,-0.004761,0.008789,-0.3028,1.1047,0
11.5900,215886,0.722107,-0.691711,-0.004761,0.008728,-0.2979,1.0997,0
11.6000,215896,0.722107,-0.691711,-0.004822,0.008728,-0.2928,1.1045,0
11.6100,215906,0.722046,-0.691772,-0.004822,0.008728,-0.2929,1.1045,0
11.6200,215916,0.721924,-0.691895,-0.004822,0.008728,-0.2931,1.1044,0
11.6300,215926,0.721863,-0.692017,-0.004761,0.008728,-0.2983,1.0996,0
11.6400,215936,0.721863,-0.692017,-0.004761,0.008789,-0.3032,1.1046,0
11.6500,215946,0.721863,-0.691956,-0.004700,0.008789,-0.3081,1.0998,0
11.6600,215956,0.721924,-0.691895,-0.004700,0.008850,-0.3129,1.1048,0
11.6700,215966,0.721924,-0.691895,-0.004639,0.008850,-0.3179,1.1000,0
11.6800,215976,0.721924,-0.691895,-0.004578,0.008850,-0.3230,1.0952,0
11.6900,215986,0.721924,-0.691895,-0.004517,0.008850,-0.3280,1.0903,0
11.7000,215996,0.721985,-0.691833,-0.004456,0.008789,-0.3282,1.0805,0
11.7100,216006,0.722046,-0.691772,-0.004456,0.008850,-0.3329,1.0855,0
11.7200,216016,0.722168,-0.691650,-0.004395,0.008850,-0.3378,1.0808,0
11.7300,216026,0.722229,-0.691589,-0.004395,0.008850,-0.3377,1.0808,0
11.7400,216036,0.722229,-0.691589,-0.004333,0.008911,-0.3476,1.0810,0
11.7500,216046,0.722229,-0.691589,-0.004333,0.008911,-0.3476,1.0810,0
11.7600,216056,0.722168,-0.691650,-0.004272,0.008972,-0.3575,1.0812,0
11.7700,216066,0.722168,-0.691650,-0.004272,0.008972,-0.3575,1.0812,0
11.7800,216076,0.722168,-0.691650,-0.004395,0.009094,-0.3571,1.1010,0
11.7900,216086,0.722168,-0.691650,-0.004456,0.009094,-0.3521,1.1058,0
11.8000,216096,0.722168,-0.691650,-0.004578,0.009094,-0.3420,1.1155,0
11.8100,216106,0.722168,-0.691650,-0.004639,0.009094,-0.3369,1.1203,0
11.8200,216116,0.722168,-0.691650,-0.004639,0.009033,-0.3321,1.1153,0
11.8300,216126,0.722168,-0.691650,-0.004639,0.009033,-0.3321,1.1153,0
11.8400,216136,0.722168,-0.691650,-0.004639,0.009033,-0.3321,1.1153,0
11.8500,216146,0.722168,-0.691650,-0.004639,0.009033,-0.3321,1.1153,0
11.8600,216156,0.722168,-0.691650,-0.004578,0.009094,-0.3420,1.1155,0
11.8700,216166,0.722168,-0.691650,-0.004578,0.009094,-0.3420,1.1155,0
11.8800,216176,0.722168,-0.691650,-0.004578,0.009094,-0.3420,1.1155,0
11.8900,216186,0.722168,-0.691650,-0.004578,0.009094,-0.3420,1.1155,0
11.9000,216196,0.722168,-0.691650,-0.004578,0.009094,-0.3420,1.1155,0
11.9100,216206,0.722168,-0.691650,-0.004578,0.009094,-0.3420,1.1155,0
11.9200,216216,0.722168,-0.691650,-0.004578,0.009094,-0.3420,1.1155,0
11.9300,216226,0.722229,-0.691589,-0.004578,0.009094,-0.3419,1.1155,0
11.9400,216236,0.722229,-0.691589,-0.004578,0.009094,-0.3419,1.1155,0
11.9500,216246,0.722229,-0.691589,-0.004578,0.009094,-0.3419,1.1155,0
11.9600,216256,0.722107,-0.691711,-0.004578,0.009094,-0.3421,1.1155,0
11.9700,216266,0.721985,-0.691833,-0.004456,0.009216,-0.3620,1.1158,0
11.9800,216276,0.721924,-0.691895,-0.004395,0.009277,-0.3720,1.1160,0
11.9900,216286,0.721924,-0.691895,-0.004272,0.009399,-0.3918,1.1164,0
12.0000,216296,0.721985,-0.691833,-0.004211,0.009521,-0.4064,1.1217,0
12.0100,216306,0.722107,-0.691711,-0.004211,0.009644,-0.4159,1.1319,0
12.0200,216316,0.722107,-0.691711,-0.004211,0.009644,-0.4159,1.1319,0
12.0300,216326,0.722046,-0.691772,-0.004211,0.009705,-0.4208,1.1369,0
12.0400,216336,0.721863,-0.691956,-0.004211,0.009583,-0.4115,1.1267,0
12.0500,216346,0.721802,-0.692017,-0.004211,0.009460,-0.4019,1.1166,0
12.0600,216356,0.721924,-0.691895,-0.004272,0.009338,-0.3870,1.1114,0
12.0700,216366,0.721985,-0.691833,-0.004333,0.009216,-0.3721,1.1061,0
12.0800,216376,0.722168,-0.691650,-0.004333,0.009094,-0.3622,1.0961,0
12.0900,216386,0.722229,-0.691589,-0.004272,0.009033,-0.3623,1.0863,0
12.1000,216396,0.722229,-0.691589,-0.004211,0.008972,-0.3625,1.0764,0
12.1100,216406,0.722229,-0.691589,-0.004089,0.008911,-0.3678,1.0617,0
12.1200,216416,0.722168,-0.691650,-0.003906,0.008850,-0.3782,1.0421,0
12.1300,216426,0.722107,-0.691711,-0.003784,0.008911,-0.3932,1.0374,0
12.1400,216436,0.721985,-0.691833,-0.003662,0.008972,-0.4083,1.0327,0
12.1500,216446,0.721985,-0.691833,-0.003601,0.009094,-0.4231,1.0380,0
12.1600,216456,0.721985,-0.691833,-0.003662,0.009155,-0.4228,1.0479,0
12.1700,216466,0.722046,-0.691772,-0.003723,0.009277,-0.4274,1.0628,0
12.1800,216476,0.722168,-0.691650,-0.003784,0.009460,-0.4367,1.0829,0
12.1900,216486,0.722290,-0.691467,-0.003906,0.009521,-0.4311,1.0977,0
12.2000,216496,0.722473,-0.691284,-0.003967,0.009644,-0.4355,1.1128,0
12.2100,216506,0.722717,-0.691040,-0.004028,0.009705,-0.4349,1.1228,0
12.2200,216516,0.723022,-0.690796,-0.004089,0.009827,-0.4391,1.1380,0
12.2300,216526,0.723328,-0.690430,-0.004211,0.009949,-0.4380,1.1579,0
12.2400,216536,0.723633,-0.690063,-0.004272,0.010071,-0.4421,1.1731,0
12.2500,216546,0.723816,-0.689880,-0.004333,0.010193,-0.4464,1.1881,0
12.2600,216556,0.723938,-0.689758,-0.004395,0.010254,-0.4459,1.1981,0
12.2700,216566,0.723938,-0.689758,-0.004456,0.010315,-0.4457,1.2080,0
12.2800,216576,0.723938,-0.689758,-0.004456,0.010437,-0.4553,1.2181,0
12.2900,216586,0.723938,-0.689758,-0.004395,0.010498,-0.4652,1.2184,0
12.3000,216596,0.723938,-0.689819,-0.004333,0.010559,-0.4752,1.2186,0
12.3100,216606,0.723938,-0.689758,-0.004211,0.010620,-0.4901,1.2140,0
12.3200,216616,0.724060,-0.689636,-0.004211,0.010620,-0.4898,1.2141,0
12.3300,216626,0.724182,-0.689514,-0.004211,0.010681,-0.4945,1.2193,0
12.3400,216636,0.724304,-0.689392,-0.004150,0.010681,-0.4993,1.2145,0
12.3500,216646,0.724304,-0.689392,-0.004150,0.010681,-0.4993,1.2145,0
12.3600,216656,0.724182,-0.689514,-0.004211,0.010681,-0.4945,1.2193,0
12.3700,216666,0.724060,-0.689636,-0.004211,0.010620,-0.4898,1.2141,0
12.3800,216676,0.723999,-0.689697,-0.004272,0.010559,-0.4801,1.2138,0
12.3900,216686,0.723999,-0.689697,-0.004333,0.010559,-0.4750,1.2187,0
12.4000,216696,0.724060,-0.689636,-0.004333,0.010498,-0.4701,1.2136,0
12.4100,216706,0.724060,-0.689636,-0.004395,0.010437,-0.4602,1.2134,0
12.4200,216716,0.723999,-0.689697,-0.004395,0.010437,-0.4603,1.2133,0
12.4300,216726,0.723877,-0.689819,-0.004333,0.010376,-0.4607,1.2034,0
12.4400,216736,0.723816,-0.689880,-0.004272,0.010376,-0.4659,1.1985,0
12.4500,216746,0.723877,-0.689819,-0.004211,0.010315,-0.4660,1.1887,0
12.4600,216756,0.723999,-0.689697,-0.004150,0.010315,-0.4709,1.1839,0
12.4700,216766,0.724182,-0.689514,-0.004150,0.010254,-0.4658,1.1790,0
12.4800,216776,0.724243,-0.689453,-0.004089,0.010254,-0.4707,1.1742,0
12.4900,216786,0.724304,-0.689392,-0.004089,0.010132,-0.4610,1.1641,0
12.5000,216796,0.724304,-0.689392,-0.004150,0.010010,-0.4463,1.1588,0
12.5100,216806,0.724243,-0.689453,-0.004150,0.009827,-0.4319,1.1435,0
12.5200,216816,0.724182,-0.689514,-0.004150,0.009705,-0.4224,1.1334,0
12.5300,216826,0.724121,-0.689575,-0.004150,0.009521,-0.4080,1.1181,0
12.5400,216836,0.724121,-0.689575,-0.004150,0.009338,-0.3935,1.1029,0
12.5500,216846,0.724121,-0.689575,-0.004150,0.009155,-0.3791,1.0877,0
12.5600,216856,0.724121,-0.689575,-0.004089,0.009033,-0.3745,1.0728,0
12.5700,216866,0.724121,-0.689575,-0.003967,0.008911,-0.3750,1.0530,0
12.5800,216876,0.724243,-0.689453,-0.003967,0.008911,-0.3748,1.0531,0
12.5900,216886,0.724426,-0.689331,-0.003906,0.008911,-0.3796,1.0484,0
12.6000,216896,0.724548,-0.689148,-0.003967,0.008911,-0.3743,1.0532,0
12.6100,216906,0.724731,-0.688965,-0.004028,0.008972,-0.3738,1.0632,0
12.6200,216916,0.724731,-0.688965,-0.004089,0.009033,-0.3736,1.0731,0
12.6300,216926,0.724670,-0.689026,-0.004089,0.009033,-0.3736,1.0731,0
12.6400,216936,0.724426,-0.689270,-0.004089,0.009033,-0.3740,1.0730,0
12.6500,216946,0.724243,-0.689453,-0.004150,0.008972,-0.3644,1.0726,0
12.6600,216956,0.724182,-0.689514,-0.004211,0.008911,-0.3546,1.0723,0
12.6700,216966,0.724182,-0.689514,-0.004272,0.008850,-0.3447,1.0721,0
12.6800,216976,0.724304,-0.689453,-0.004333,0.008728,-0.3299,1.0669,0
12.6900,216986,0.724365,-0.689392,-0.004395,0.008606,-0.3151,1.0616,0
12.7000,216996,0.724365,-0.689392,-0.004456,0.008423,-0.2956,1.0512,0
12.7100,217006,0.724365,-0.689392,-0.004395,0.008240,-0.2862,1.0312,0
12.7200,217016,0.724365,-0.689392,-0.004395,0.008118,-0.2765,1.0210,0
12.7300,217026,0.724365,-0.689331,-0.004272,0.007996,-0.2769,1.0012,0
12.7400,217036,0.724487,-0.689270,-0.004150,0.007935,-0.2821,0.9866,0
12.7500,217046,0.724487,-0.689270,-0.004089,0.007874,-0.2824,0.9767,0
12.7600,217056,0.724487,-0.689270,-0.003967,0.007996,-0.3022,0.9772,0
12.7700,217066,0.724487,-0.689270,-0.003906,0.008057,-0.3121,0.9775,0
12.7800,217076,0.724487,-0.689270,-0.003906,0.008240,-0.3265,0.9927,0
12.7900,217086,0.724487,-0.689209,-0.003906,0.008423,-0.3409,1.0078,0
12.8000,217096,0.724609,-0.689148,-0.004028,0.008606,-0.3451,1.0328,0
12.8100,217106,0.724670,-0.689026,-0.004211,0.008850,-0.3491,1.0675,0
12.8200,217116,0.724731,-0.688965,-0.004395,0.009094,-0.3530,1.1023,0
12.8300,217126,0.724609,-0.689026,-0.004761,0.009399,-0.3468,1.1565,0
12.8400,217136,0.724487,-0.689209,-0.004883,0.009521,-0.3466,1.1762,0
12.8500,217146,0.724426,-0.689270,-0.004883,0.009521,-0.3467,1.1762,0
12.8600,217156,0.724426,-0.689270,-0.004883,0.009521,-0.3467,1.1762,0
12.8700,217166,0.724487,-0.689209,-0.004883,0.009460,-0.3418,1.1711,0
12.8800,217176,0.724609,-0.689087,-0.004822,0.009338,-0.3370,1.1562,0
12.8900,217186,0.724670,-0.689026,-0.004761,0.009216,-0.3324,1.1413,0
12.9000,217196,0.724670,-0.689026,-0.004700,0.009094,-0.3278,1.1264,0
12.9100,217206,0.724731,-0.688965,-0.004578,0.009033,-0.3330,1.1117,0
12.9200,217216,0.724854,-0.688843,-0.004517,0.008972,-0.3331,1.1019,0
12.9300,217226,0.724976,-0.688660,-0.004456,0.008911,-0.3331,1.0920,0
12.9400,217236,0.725098,-0.688599,-0.004395,0.008850,-0.3332,1.0822,0
12.9500,217246,0.725098,-0.688599,-0.004395,0.008850,-0.3332,1.0822,0
12.9600,217256,0.724976,-0.688660,-0.004395,0.008850,-0.3333,1.0821,0
12.9700,217266,0.724915,-0.688782,-0.004395,0.008850,-0.3335,1.0821,0
12.9800,217276,0.724854,-0.688843,-0.004395,0.008850,-0.3336,1.0821,0
12.9900,217286,0.724915,-0.688782,-0.004395,0.008850,-0.3335,1.0821,0
13.0000,217296,0.725037,-0.688660,-0.004456,0.008911,-0.3330,1.0921,0
13.0100,217306,0.725098,-0.688538,-0.004456,0.008972,-0.3377,1.0971,0
13.0200,217316,0.725159,-0.688538,-0.004395,0.009033,-0.3476,1.0975,0
13.0300,217326,0.725159,-0.688538,-0.004395,0.009033,-0.3476,1.0975,0
13.0400,217336,0.725159,-0.688538,-0.004395,0.009033,-0.3476,1.0975,0
13.0500,217346,0.725159,-0.688538,-0.004395,0.009033,-0.3476,1.0975,0
13.0600,217356,0.725159,-0.688538,-0.004395,0.009033,-0.3476,1.0975,0
13.0700,217366,0.725159,-0.688538,-0.004456,0.008972,-0.3377,1.0972,0
13.0800,217376,0.725159,-0.688538,-0.004456,0.008850,-0.3280,1.0870,0
13.0900,217386,0.725159,-0.688538,-0.004456,0.008667,-0.3136,1.0718,0
13.1000,217396,0.725159,-0.688538,-0.004456,0.008667,-0.3136,1.0718,0
13.1100,217406,0.725159,-0.688477,-0.004456,0.008667,-0.3135,1.0718,0
13.1200,217416,0.725281,-0.688416,-0.004578,0.008667,-0.3033,1.0815,0
13.1300,217426,0.725342,-0.688354,-0.004639,0.008667,-0.2981,1.0864,0
13.1400,217436,0.725403,-0.688232,-0.004761,0.008667,-0.2878,1.0960,0
13.1500,217446,0.725403,-0.688232,-0.004822,0.008667,-0.2827,1.1008,0
13.1600,217456,0.725403,-0.688232,-0.004883,0.008606,-0.2728,1.1005,0
13.1700,217466,0.725342,-0.688354,-0.004883,0.008606,-0.2730,1.1005,0
13.1800,217476,0.725220,-0.688477,-0.004883,0.008606,-0.2732,1.1005,0
13.1900,217486,0.725159,-0.688538,-0.004883,0.008606,-0.2733,1.1005,0
13.2000,217496,0.725098,-0.688599,-0.004883,0.008606,-0.2734,1.1004,0
13.2100,217506,0.725098,-0.688599,-0.004883,0.008606,-0.2734,1.1004,0
13.2200,217516,0.725220,-0.688477,-0.004944,0.008606,-0.2681,1.1053,0
13.2300,217526,0.725342,-0.688354,-0.005005,0.008545,-0.2580,1.1051,0
13.2400,217536,0.725403,-0.688293,-0.005127,0.008484,-0.2430,1.1097,0
13.2500,217546,0.725403,-0.688293,-0.005188,0.008362,-0.2283,1.1043,0
13.2600,217556,0.725281,-0.688354,-0.005249,0.008301,-0.2185,1.1040,0
13.2700,217566,0.725159,-0.688477,-0.005188,0.008240,-0.2190,1.0941,0
13.2800,217576,0.725098,-0.688599,-0.005127,0.008179,-0.2194,1.0842,0
13.2900,217586,0.725037,-0.688660,-0.005066,0.008118,-0.2197,1.0743,0
13.3000,217596,0.725037,-0.688660,-0.005005,0.008057,-0.2200,1.0644,0
13.3100,217606,0.725037,-0.688660,-0.004944,0.007996,-0.2202,1.0545,0
13.3200,217616,0.725037,-0.688660,-0.004883,0.007935,-0.2205,1.0446,0
13.3300,217626,0.725037,-0.688660,-0.004944,0.007935,-0.2154,1.0494,0
13.3400,217636,0.725037,-0.688660,-0.005005,0.007813,-0.2007,1.0441,0
13.3500,217646,0.725220,-0.688416,-0.005127,0.007690,-0.1806,1.0436,0
13.3600,217656,0.725342,-0.688354,-0.005188,0.007629,-0.1706,1.0434,0
13.3700,217666,0.725342,-0.688354,-0.005249,0.007507,-0.1559,1.0381,0
13.3800,217676,0.725281,-0.688416,-0.005127,0.007446,-0.1613,1.0234,0
13.3900,217686,0.725220,-0.688477,-0.005066,0.007385,-0.1617,1.0135,0
13.4000,217696,0.725159,-0.688538,-0.005005,0.007263,-0.1572,0.9985,0
13.4100,217706,0.725159,-0.688538,-0.004944,0.007263,-0.1623,0.9937,0
13.4200,217716,0.725220,-0.688477,-0.004944,0.007263,-0.1622,0.9937,0
13.4300,217726,0.725220,-0.688416,-0.004944,0.007263,-0.1621,0.9937,0
13.4400,217736,0.725281,-0.688416,-0.004944,0.007263,-0.1621,0.9937,0
13.4500,217746,0.725342,-0.688354,-0.005005,0.007263,-0.1569,0.9985,0
13.4600,217756,0.725342,-0.688354,-0.005066,0.007324,-0.1567,1.0084,0
13.4700,217766,0.725342,-0.688354,-0.005127,0.007385,-0.1564,1.0183,0
13.4800,217776,0.725342,-0.688354,-0.005188,0.007446,-0.1561,1.0282,0
13.4900,217786,0.725342,-0.688354,-0.005249,0.007507,-0.1559,1.0381,0
13.5000,217796,0.725342,-0.688354,-0.005310,0.007568,-0.1556,1.0480,0
13.5100,217806,0.725342,-0.688354,-0.005371,0.007690,-0.1602,1.0629,0
13.5200,217816,0.725342,-0.688354,-0.005432,0.007751,-0.1599,1.0728,0
13.5300,217826,0.725342,-0.688354,-0.005493,0.007751,-0.1549,1.0777,0
13.5400,217836,0.725342,-0.688354,-0.005554,0.007874,-0.1594,1.0926,0
13.5500,217846,0.725342,-0.688354,-0.005615,0.007874,-0.1543,1.0974,0
13.5600,217856,0.725342,-0.688354,-0.005615,0.007874,-0.1543,1.0974,0
13.5700,217866,0.725342,-0.688354,-0.005615,0.007874,-0.1543,1.0974,0
13.5800,217876,0.725342,-0.688354,-0.005615,0.007874,-0.1543,1.0974,0
13.5900,217886,0.725403,-0.688293,-0.005615,0.007874,-0.1542,1.0974,0
13.6000,217896,0.725464,-0.688171,-0.005676,0.007874,-0.1490,1.1022,0
13.6100,217906,0.725708,-0.687927,-0.005798,0.007813,-0.1337,1.1068,0
13.6200,217916,0.725830,-0.687805,-0.005920,0.007813,-0.1233,1.1165,0
13.6300,217926,0.725891,-0.687744,-0.005920,0.007874,-0.1280,1.1216,0
13.6400,217936,0.725891,-0.687744,-0.005981,0.007935,-0.1278,1.1315,0
13.6500,217946,0.725830,-0.687805,-0.005920,0.007996,-0.1378,1.1317,0
13.6600,217956,0.725769,-0.687866,-0.005798,0.008118,-0.1576,1.1322,0
13.6700,217966,0.725708,-0.687988,-0.005676,0.008240,-0.1776,1.1328,0
13.6800,217976,0.725586,-0.688049,-0.005554,0.008362,-0.1975,1.1333,0
13.6900,217986,0.725586,-0.688049,-0.005554,0.008484,-0.2071,1.1434,0
13.7000,217996,0.725708,-0.687927,-0.005615,0.008545,-0.2066,1.1533,0
13.7100,218006,0.725891,-0.687744,-0.005676,0.008667,-0.2109,1.1684,0
13.7200,218016,0.726013,-0.687622,-0.005798,0.008606,-0.1957,1.1729,0
13.7300,218026,0.726074,-0.687561,-0.005920,0.008545,-0.1807,1.1775,0
13.7400,218036,0.726013,-0.687622,-0.005981,0.008423,-0.1661,1.1721,0
13.7500,218046,0.725891,-0.687683,-0.006042,0.008362,-0.1563,1.1718,0
13.7600,218056,0.725830,-0.687805,-0.005981,0.008240,-0.1519,1.1569,0
13.7700,218066,0.725769,-0.687866,-0.005920,0.008118,-0.1475,1.1419,0
13.7800,218076,0.725708,-0.687927,-0.005798,0.008057,-0.1529,1.1272,0
13.7900,218086,0.725647,-0.688049,-0.005737,0.007996,-0.1533,1.1173,0
13.8000,218096,0.725586,-0.688110,-0.005676,0.007874,-0.1489,1.1023,0
13.8100,218106,0.725586,-0.688110,-0.005554,0.007813,-0.1542,1.0876,0
13.8200,218116,0.725647,-0.688049,-0.005493,0.007751,-0.1544,1.0777,0
13.8300,218126,0.725769,-0.687927,-0.005432,0.007690,-0.1545,1.0679,0
13.8400,218136,0.725891,-0.687805,-0.005371,0.007568,-0.1497,1.0529,0
13.8500,218146,0.725952,-0.687683,-0.005310,0.007446,-0.1451,1.0379,0
13.8600,218156,0.725952,-0.687683,-0.005188,0.007385,-0.1504,1.0232,0
13.8700,218166,0.725891,-0.687744,-0.005066,0.007263,-0.1510,1.0035,0
13.8800,218176,0.725891,-0.687744,-0.005066,0.007263,-0.1510,1.0035,0
13.8900,218186,0.725891,-0.687744,-0.005066,0.007263,-0.1510,1.0035,0
13.9000,218196,0.725952,-0.687683,-0.005066,0.007263,-0.1509,1.0035,0
13.9100,218206,0.725952,-0.687683,-0.005188,0.007385,-0.1504,1.0232,0
13.9200,218216,0.725952,-0.687683,-0.005249,0.007446,-0.1501,1.0331,0
13.9300,218226,0.725891,-0.687744,-0.005310,0.007507,-0.1500,1.0430,0
13.9400,218236,0.725830,-0.687805,-0.005310,0.007507,-0.1500,1.0430,0
13.9500,218246,0.725708,-0.687927,-0.005310,0.007507,-0.1502,1.0430,0
13.9600,218256,0.725647,-0.687988,-0.005310,0.007507,-0.1503,1.0430,0
13.9700,218266,0.725647,-0.687988,-0.005310,0.007507,-0.1503,1.0430,0
13.9800,218276,0.725647,-0.687988,-0.005310,0.007507,-0.1503,1.0430,0
13.9900,218286,0.725647,-0.687988,-0.005310,0.007507,-0.1503,1.0430,0
14.0000,218296,0.725647,-0.687988,-0.005371,0.007446,-0.1404,1.0427,0
14.0100,218306,0.725647,-0.688049,-0.005432,0.007385,-0.1306,1.0425,0
14.0200,218316,0.725586,-0.688049,-0.005493,0.007324,-0.1207,1.0421,0
14.0300,218326,0.725586,-0.688049,-0.005493,0.007202,-0.1111,1.0320,0
14.0400,218336,0.725586,-0.688049,-0.005554,0.007141,-0.1012,1.0317,0
14.0500,218346,0.725586,-0.688049,-0.005554,0.007141,-0.1012,1.0317,0
14.0600,218356,0.725525,-0.688110,-0.005493,0.007202,-0.1112,1.0320,0
14.0700,218366,0.725403,-0.688232,-0.005493,0.007263,-0.1162,1.0370,0
14.0800,218376,0.725342,-0.688354,-0.005432,0.007263,-0.1214,1.0322,0
14.0900,218386,0.725281,-0.688416,-0.005493,0.007385,-0.1261,1.0472,0
14.1000,218396,0.725342,-0.688354,-0.005554,0.007507,-0.1305,1.0622,0
14.1100,218406,0.725403,-0.688232,-0.005615,0.007629,-0.1349,1.0771,0
14.1200,218416,0.725464,-0.688171,-0.005676,0.007690,-0.1346,1.0870,0
14.1300,218426,0.725464,-0.688171,-0.005737,0.007813,-0.1391,1.1020,0
14.1400,218436,0.725220,-0.688416,-0.005737,0.007935,-0.1491,1.1121,0
14.1500,218446,0.725220,-0.688477,-0.005737,0.007874,-0.1444,1.1070,0
14.1600,218456,0.725220,-0.688416,-0.005737,0.007874,-0.1443,1.1070,0
14.1700,218466,0.725342,-0.688293,-0.005798,0.007813,-0.1342,1.1068,0
14.1800,218476,0.725464,-0.688232,-0.005737,0.007751,-0.1344,1.0969,0
14.1900,218486,0.725525,-0.688171,-0.005737,0.007690,-0.1295,1.0919,0
14.2000,218496,0.725525,-0.688110,-0.005737,0.007568,-0.1198,1.0817,0
14.2100,218506,0.725464,-0.688171,-0.005798,0.007568,-0.1148,1.0865,0
14.2200,218516,0.725464,-0.688232,-0.005798,0.007507,-0.1100,1.0815,0
14.2300,218526,0.725403,-0.688293,-0.005737,0.007568,-0.1200,1.0817,0
14.2400,218536,0.725342,-0.688293,-0.005737,0.007629,-0.1249,1.0867,0
14.2500,218546,0.725342,-0.688293,-0.005676,0.007690,-0.1348,1.0870,0
14.2600,218556,0.725342,-0.688293,-0.005676,0.007874,-0.1492,1.1022,0
14.2700,218566,0.725403,-0.688232,-0.005737,0.007996,-0.1537,1.1172,0
14.2800,218576,0.725525,-0.688110,-0.005737,0.008179,-0.1679,1.1324,0
14.2900,218586,0.725586,-0.688049,-0.005798,0.008362,-0.1772,1.1525,0
14.3000,218596,0.725586,-0.688049,-0.005798,0.008484,-0.1868,1.1627,0
14.3100,218606,0.725525,-0.688110,-0.005798,0.008545,-0.1917,1.1677,0
14.3200,218616,0.725464,-0.688171,-0.005737,0.008606,-0.2017,1.1680,0
14.3300,218626,0.725403,-0.688293,-0.005676,0.008667,-0.2117,1.1682,0
14.3400,218636,0.725342,-0.688293,-0.005615,0.008667,-0.2169,1.1634,0
14.3500,218646,0.725342,-0.688293,-0.005676,0.008667,-0.2118,1.1682,0
14.3600,218656,0.725403,-0.688232,-0.005737,0.008606,-0.2018,1.1679,0
14.3700,218666,0.725464,-0.688171,-0.005737,0.008545,-0.1969,1.1629,0
14.3800,218676,0.725525,-0.688110,-0.005798,0.008484,-0.1869,1.1626,0
14.3900,218686,0.725525,-0.688110,-0.005737,0.008423,-0.1872,1.1527,0
14.4000,218696,0.725342,-0.688354,-0.005554,0.008362,-0.1979,1.1332,0
14.4100,218706,0.725220,-0.688416,-0.005554,0.008362,-0.1981,1.1331,0
14.4200,218716,0.725220,-0.688477,-0.005554,0.008423,-0.2029,1.1382,0
14.4300,218726,0.725220,-0.688416,-0.005493,0.008423,-0.2079,1.1334,0
14.4400,218736,0.725342,-0.688293,-0.005493,0.008484,-0.2126,1.1385,0
14.4500,218746,0.725464,-0.688171,-0.005493,0.008423,-0.2076,1.1335,0
14.4600,218756,0.725525,-0.688171,-0.005493,0.008423,-0.2075,1.1335,0
14.4700,218766,0.725525,-0.688171,-0.005432,0.008423,-0.2126,1.1287,0
14.4800,218776,0.725464,-0.688232,-0.005371,0.008423,-0.2178,1.1239,0
14.4900,218786,0.725342,-0.688293,-0.005371,0.008423,-0.2179,1.1238,0
14.5000,218796,0.725342,-0.688354,-0.005371,0.008484,-0.2228,1.1289,0
14.5100,218806,0.725342,-0.688354,-0.005310,0.008484,-0.2278,1.1241,0
14.5200,218816,0.725403,-0.688232,-0.005310,0.008484,-0.2277,1.1241,0
14.5300,218826,0.725525,-0.688110,-0.005371,0.008606,-0.2320,1.1391,0
14.5400,218836,0.725647,-0.687988,-0.005371,0.008667,-0.2367,1.1442,0
14.5500,218846,0.725769,-0.687866,-0.005371,0.008667,-0.2365,1.1443,0
14.5600,218856,0.725769,-0.687866,-0.005371,0.008667,-0.2365,1.1443,0
14.5700,218866,0.725647,-0.687988,-0.005310,0.008667,-0.2417,1.1394,0
14.5800,218876,0.725525,-0.688171,-0.005188,0.008667,-0.2521,1.1298,0
14.5900,218886,0.725403,-0.688293,-0.005066,0.008667,-0.2625,1.1201,0
14.6000,218896,0.725403,-0.688293,-0.005066,0.008667,-0.2625,1.1201,0
14.6100,218906,0.725464,-0.688171,-0.005066,0.008667,-0.2623,1.1201,0
14.6200,218916,0.725586,-0.688110,-0.005127,0.008606,-0.2523,1.1199,0
14.6300,218926,0.725647,-0.687988,-0.005188,0.008545,-0.2423,1.1196,0
14.6400,218936,0.725647,-0.687988,-0.005310,0.008423,-0.2225,1.1191,0
14.6500,218946,0.725586,-0.688049,-0.005371,0.008362,-0.2127,1.1188,0
14.6600,218956,0.725525,-0.688110,-0.005371,0.008362,-0.2128,1.1188,0
14.6700,218966,0.725525,-0.688110,-0.005310,0.008362,-0.2179,1.1140,0
14.6800,218976,0.725525,-0.688110,-0.005310,0.008423,-0.2227,1.1191,0
14.6900,218986,0.725525,-0.688110,-0.005249,0.008423,-0.2278,1.1142,0
14.7000,218996,0.725586,-0.688049,-0.005188,0.008484,-0.2375,1.1145,0
14.7100,219006,0.725647,-0.687988,-0.005127,0.008545,-0.2473,1.1148,0
14.7200,219016,0.725647,-0.687988,-0.005127,0.008606,-0.2522,1.1199,854
14.7300,219026,0.725647,-0.688049,-0.005127,0.008606,-0.2522,1.1199,0
14.7400,219036,0.725037,-0.688599,-0.005249,0.009033,-0.2767,1.1648,0
14.7500,219046,0.724365,-0.689331,-0.005493,0.009460,-0.2913,1.2193,0
14.7600,219056,0.724365,-0.689331,-0.005432,0.009399,-0.2916,1.2094,0
14.7700,219066,0.724426,-0.689270,-0.005432,0.009399,-0.2915,1.2094,0
14.7800,219076,0.724487,-0.689209,-0.005493,0.009338,-0.2815,1.2092,0
14.7900,219086,0.724548,-0.689148,-0.005554,0.009277,-0.2715,1.2090,0
14.8000,219096,0.724548,-0.689148,-0.005615,0.009277,-0.2664,1.2138,0
14.8100,219106,0.724487,-0.689148,-0.005615,0.009216,-0.2616,1.2087,0
14.8200,219116,0.724487,-0.689209,-0.005615,0.009155,-0.2569,1.2036,0
14.8300,219126,0.724487,-0.689209,-0.005554,0.009216,-0.2668,1.2039,0
14.8400,219136,0.724487,-0.689209,-0.005554,0.009216,-0.2668,1.2039,0
14.8500,219146,0.724487,-0.689148,-0.005493,0.009338,-0.2814,1.2092,0
14.8600,219156,0.724487,-0.689209,-0.005432,0.009521,-0.3010,1.2196,0
14.8700,219166,0.724304,-0.689392,-0.005371,0.009705,-0.3209,1.2299,0
14.8800,219176,0.724121,-0.689636,-0.005249,0.009888,-0.3458,1.2354,0
14.8900,219186,0.723938,-0.689758,-0.005249,0.010071,-0.3606,1.2505,0
14.9000,219196,0.723938,-0.689758,-0.005249,0.010254,-0.3750,1.2657,0
14.9100,219206,0.724060,-0.689636,-0.005371,0.010437,-0.3792,1.2906,0
14.9200,219216,0.724365,-0.689331,-0.005615,0.010498,-0.3632,1.3151,0
14.9300,219226,0.724304,-0.689392,-0.005737,0.010376,-0.3435,1.3146,0
14.9400,219236,0.724182,-0.689514,-0.005859,0.010254,-0.3239,1.3140,0
14.9500,219246,0.724060,-0.689697,-0.005859,0.010071,-0.3098,1.2988,0
14.9600,219256,0.723999,-0.689758,-0.005798,0.009949,-0.3053,1.2838,0
14.9700,219266,0.723999,-0.689697,-0.005737,0.009827,-0.3006,1.2688,0
14.9800,219276,0.724060,-0.689636,-0.005615,0.009766,-0.3058,1.2541,0
14.9900,219286,0.724060,-0.689636,-0.005493,0.009705,-0.3111,1.2394,0
15.0000,219296,0.723999,-0.689697,-0.005371,0.009644,-0.3166,1.2247,0
15.0100,219306,0.723877,-0.689880,-0.005310,0.009583,-0.3171,1.2148,0
15.0200,219316,0.723755,-0.689941,-0.005249,0.009583,-0.3223,1.2098,0
15.0300,219326,0.723755,-0.689941,-0.005249,0.009644,-0.3271,1.2149,0
15.0400,219336,0.723877,-0.689880,-0.005310,0.009644,-0.3219,1.2198,0
15.0500,219346,0.723938,-0.689819,-0.005432,0.009644,-0.3117,1.2295,0
15.0600,219356,0.723938,-0.689758,-0.005554,0.009644,-0.3015,1.2391,0
15.0700,219366,0.723877,-0.689819,-0.005676,0.009583,-0.2866,1.2437,0
15.0800,219376,0.723877,-0.689819,-0.005798,0.009521,-0.2717,1.2483,0
15.0900,219386,0.723938,-0.689758,-0.005859,0.009460,-0.2617,1.2481,0
15.1000,219396,0.723999,-0.689697,-0.005920,0.009399,-0.2517,1.2478,0
15.1100,219406,0.723999,-0.689697,-0.005981,0.009338,-0.2418,1.2476,0
15.1200,219416,0.723999,-0.689697,-0.006042,0.009277,-0.2319,1.2474,0
15.1300,219426,0.723877,-0.689819,-0.006042,0.009216,-0.2273,1.2422,0
15.1400,219436,0.723816,-0.689941,-0.006042,0.009094,-0.2178,1.2321,0
15.1500,219446,0.723755,-0.690002,-0.005981,0.009033,-0.2182,1.2222,0
15.1600,219456,0.723816,-0.689941,-0.005920,0.008972,-0.2183,1.2124,0
15.1700,219466,0.723938,-0.689758,-0.005920,0.008972,-0.2180,1.2124,0
15.1800,219476,0.724365,-0.689331,-0.005981,0.008911,-0.2074,1.2123,0
15.1900,219486,0.724365,-0.689331,-0.005981,0.008850,-0.2026,1.2072,0
15.2000,219496,0.724243,-0.689453,-0.006042,0.008789,-0.1929,1.2069,0
15.2100,219506,0.724060,-0.689636,-0.006104,0.008728,-0.1833,1.2066,0
15.2200,219516,0.723938,-0.689758,-0.006104,0.008728,-0.1835,1.2066,0
15.2300,219526,0.723938,-0.689819,-0.006104,0.008728,-0.1836,1.2066,0
15.2400,219536,0.723938,-0.689819,-0.006104,0.008728,-0.1836,1.2066,0
15.2500,219546,0.723938,-0.689758,-0.006165,0.008789,-0.1833,1.2165,0
15.2600,219556,0.723999,-0.689697,-0.006226,0.008850,-0.1830,1.2264,0
15.2700,219566,0.724121,-0.689636,-0.006348,0.008911,-0.1775,1.2412,0
15.2800,219576,0.724182,-0.689514,-0.006409,0.008972,-0.1771,1.2510,0
15.2900,219586,0.724243,-0.689453,-0.006470,0.009033,-0.1767,1.2609,0
15.3000,219596,0.724365,-0.689331,-0.006531,0.009094,-0.1763,1.2709,0
15.3100,219606,0.724487,-0.689209,-0.006531,0.009155,-0.1809,1.2760,0
15.3200,219616,0.724548,-0.689148,-0.006592,0.009216,-0.1805,1.2859,0
15.3300,219626,0.724548,-0.689087,-0.006592,0.009216,-0.1805,1.2858,0
15.3400,219636,0.724548,-0.689087,-0.006592,0.009216,-0.1805,1.2858,0
15.3500,219646,0.724548,-0.689087,-0.006592,0.009216,-0.1805,1.2858,0
15.3600,219656,0.724548,-0.689087,-0.006592,0.009216,-0.1805,1.2858,0
15.3700,219666,0.724548,-0.689087,-0.006531,0.009216,-0.1855,1.2810,0
15.3800,219676,0.724548,-0.689087,-0.006531,0.009277,-0.1903,1.2861,0
15.3900,219686,0.724609,-0.689087,-0.006470,0.009338,-0.2002,1.2864,0
15.4000,219696,0.724670,-0.688965,-0.006409,0.009399,-0.2099,1.2866,0
15.4100,219706,0.724731,-0.688904,-0.006348,0.009460,-0.2197,1.2869,0
15.4200,219716,0.724792,-0.688843,-0.006287,0.009521,-0.2294,1.2872,0
15.4300,219726,0.724915,-0.688721,-0.006226,0.009521,-0.2343,1.2824,0
15.4400,219736,0.725159,-0.688477,-0.006042,0.009399,-0.2394,1.2579,0
15.4500,219746,0.725342,-0.688293,-0.005920,0.009338,-0.2445,1.2433,0
15.4600,219756,0.725464,-0.688171,-0.005798,0.009216,-0.2448,1.2235,0
15.4700,219766,0.725586,-0.688049,-0.005676,0.009094,-0.2451,1.2038,0
15.4800,219776,0.725647,-0.687988,-0.005493,0.008911,-0.2458,1.1741,0
15.4900,219786,0.725708,-0.687927,-0.005371,0.008789,-0.2462,1.1544,0
15.5000,219796,0.725769,-0.687866,-0.005249,0.008667,-0.2466,1.1346,0
15.5100,219806,0.725891,-0.687744,-0.005127,0.008606,-0.2518,1.1200,0
15.5200,219816,0.726013,-0.687561,-0.005005,0.008545,-0.2569,1.1053,0
15.5300,219826,0.726196,-0.687439,-0.004822,0.008484,-0.2671,1.0859,0
15.5400,219836,0.726379,-0.687256,-0.004700,0.008484,-0.2769,1.0764,0
15.5500,219846,0.726501,-0.687073,-0.004456,0.008423,-0.2922,1.0521,0
15.5600,219856,0.726562,-0.687012,-0.004150,0.008362,-0.3127,1.0230,0
15.5700,219866,0.726624,-0.687012,-0.003723,0.008240,-0.3387,0.9793,0
15.5800,219876,0.726624,-0.687012,-0.003296,0.008057,-0.3598,0.9304,0
15.5900,219886,0.726562,-0.687012,-0.002869,0.007874,-0.3810,0.8814,0
15.6000,219896,0.726624,-0.686951,-0.002380,0.007690,-0.4072,0.8278,0
15.6100,219906,0.726746,-0.686829,-0.001892,0.007507,-0.4333,0.7742,0
15.6200,219916,0.726929,-0.686646,-0.001404,0.007324,-0.4594,0.7206,0
15.6300,219926,0.727112,-0.686462,-0.000854,0.007141,-0.4905,0.6623,0
15.6400,219936,0.727356,-0.686218,-0.000366,0.007019,-0.5214,0.6139,0
15.6500,219946,0.727661,-0.685913,0.000244,0.006958,-0.5673,0.5610,0
15.6600,219956,0.727844,-0.685669,0.000854,0.006958,-0.6180,0.5132,0
15.6700,219966,0.727966,-0.685547,0.001526,0.007080,-0.6835,0.4708,0
15.6800,219976,0.728027,-0.685486,0.002319,0.007202,-0.7592,0.4187,0
15.6900,219986,0.728088,-0.685425,0.003174,0.007324,-0.8401,0.3618,0
15.7000,219996,0.728027,-0.685486,0.004883,0.007690,-1.0115,0.2581,0
15.7100,220006,0.727966,-0.685547,0.005859,0.007813,-1.1026,0.1914,0
15.7200,220016,0.727844,-0.685608,0.006897,0.007935,-1.1987,0.1199,0
15.7300,220026,0.727722,-0.685791,0.008118,0.007996,-1.3054,0.0288,0
15.7400,220036,0.727539,-0.685974,0.009338,0.008057,-1.4120,359.9376,0
15.7500,220046,0.727417,-0.686035,0.010620,0.008118,-1.5236,359.8417,0
15.7600,220056,0.727417,-0.686035,0.011963,0.008118,-1.6356,359.7361,0
15.7700,220066,0.727539,-0.685913,0.013306,0.008179,-1.7524,359.6359,0
15.7800,220076,0.727661,-0.685730,0.014709,0.008301,-1.8791,359.5360,0
15.7900,220086,0.727722,-0.685608,0.016235,0.008423,-2.0160,359.4265,0
15.8000,220096,0.727661,-0.685669,0.017883,0.008667,-2.1727,359.3170,0
15.8100,220106,0.727417,-0.685852,0.019592,0.008911,-2.3341,359.2023,0
15.8200,220116,0.727112,-0.686096,0.021484,0.009277,-2.5203,359.0829,0
15.8300,220126,0.726868,-0.686340,0.023376,0.009766,-2.7162,358.9737,0
15.8400,220136,0.726746,-0.686401,0.025330,0.010376,-2.9268,358.8702,0
15.8500,220146,0.726746,-0.686279,0.027344,0.011108,-3.1523,358.7728,0
15.8600,220156,0.726868,-0.686035,0.029358,0.011963,-3.3877,358.6861,0
15.8700,220166,0.726990,-0.685791,0.031433,0.012939,-3.6379,358.6048,0
15.8800,220176,0.727051,-0.685608,0.033569,0.013977,-3.8979,358.5235,0
15.8900,220186,0.726990,-0.685547,0.035767,0.015015,-4.1628,358.4368,0
15.9000,220196,0.726807,-0.685547,0.038025,0.016113,-4.4372,358.3497,0
15.9100,220206,0.726624,-0.685669,0.040161,0.017151,-4.6968,358.2664,0
15.9200,220216,0.726379,-0.685730,0.042297,0.018250,-4.9609,358.1883,0
15.9300,220226,0.726196,-0.685791,0.044312,0.019348,-5.2151,358.1197,0
15.9400,220236,0.726135,-0.685669,0.046387,0.020508,-5.4795,358.0525,0
15.9500,220246,0.726135,-0.685486,0.048462,0.021729,-5.7489,357.9908,0
15.9600,220256,0.726135,-0.685303,0.050659,0.023071,-6.0383,357.9295,0
15.9700,220266,0.726135,-0.684875,0.055176,0.025696,-6.6225,357.7926,0
15.9800,220276,0.726074,-0.684692,0.057495,0.027039,-6.9220,357.7214,0
15.9900,220286,0.726074,-0.684448,0.059875,0.028381,-7.2269,357.6459,0
16.0000,220296,0.726013,-0.684204,0.062256,0.029785,-7.5364,357.5752,0
16.0100,220306,0.725952,-0.683960,0.064819,0.031250,-7.8661,357.4950,0
16.0200,220316,0.725830,-0.683777,0.067444,0.032776,-8.2058,357.4142,0
16.0300,220326,0.725586,-0.683716,0.070068,0.034302,-8.5450,357.3318,0
16.0400,220336,0.725342,-0.683594,0.072693,0.035828,-8.8842,357.2495,0
16.0500,220346,0.725159,-0.683411,0.075378,0.037476,-9.2385,357.1732,0
16.0600,220356,0.724976,-0.683228,0.078003,0.039124,-9.5879,357.1015,0
16.0700,220366,0.724731,-0.683044,0.080627,0.040894,-9.9466,357.0395,0
16.0800,220376,0.724487,-0.682922,0.083191,0.042725,-10.3055,356.9868,0
16.0900,220386,0.724121,-0.682861,0.085754,0.044678,-10.6734,356.9427,0
16.1000,220396,0.723938,-0.682495,0.088745,0.047058,-11.1119,356.9037,0
16.1100,220406,0.723267,-0.682739,0.091553,0.049194,-11.5140,356.8495,0
16.1200,220416,0.722473,-0.682983,0.094360,0.051392,-11.9199,356.7990,0
16.1300,220426,0.721802,-0.683105,0.097229,0.053650,-12.3368,356.7498,0
16.1400,220436,0.721191,-0.683167,0.100098,0.055969,-12.7591,356.7062,0
16.1500,220446,0.720642,-0.683167,0.102966,0.058411,-13.1918,356.6732,0
16.1600,220456,0.720154,-0.683044,0.105774,0.060913,-13.6246,356.6516,0
16.1700,220466,0.719727,-0.682800,0.108521,0.063538,-14.0623,356.6469,0
16.1800,220476,0.719360,-0.682495,0.111267,0.066162,-14.5008,356.6431,0
16.1900,220486,0.719055,-0.682068,0.114014,0.068909,-14.9493,356.6515,0
16.2000,220496,0.718689,-0.681702,0.116821,0.071655,-15.4033,356.6534,0
16.2100,220506,0.718201,-0.681396,0.119812,0.074463,-15.8771,356.6432,0
