# Sesion:30 Fecha:2026-04-14 20:25:42 Shots:1 Duracion:16,11s
tSeg,ms,qw,qx,qy,qz,filteredElev,filteredYaw,shot
0.0000,1062886,-0.707153,0.674500,0.096069,-0.189209,66.8327,303.0324,0
0.0100,1062896,-0.708374,0.673767,0.099854,-0.185181,67.4885,303.8058,0
0.0200,1062906,-0.709656,0.672974,0.103516,-0.181152,68.1832,304.5883,0
0.0300,1062916,-0.710999,0.671997,0.107117,-0.177307,68.8983,305.3703,0
0.0400,1062926,-0.712463,0.670837,0.110718,-0.173462,69.6361,306.1509,0
0.0500,1062936,-0.714111,0.669495,0.114197,-0.169739,70.3914,306.9291,0
0.0600,1062946,-0.715820,0.667969,0.117676,-0.166077,71.1526,307.7037,0
0.0700,1062956,-0.717590,0.666321,0.121094,-0.162476,71.9218,308.4826,0
0.0800,1062966,-0.719421,0.664612,0.124451,-0.158997,72.6901,309.2668,0
0.0900,1062976,-0.723022,0.661011,0.130859,-0.152344,73.4500,310.0594,0
0.1000,1062986,-0.724670,0.659302,0.133850,-0.149231,74.1857,310.8577,0
0.1100,1062996,-0.726135,0.657776,0.136780,-0.146179,74.8816,311.6653,0
0.1200,1063006,-0.727356,0.656494,0.139526,-0.143188,75.5273,312.4807,0
0.1300,1063016,-0.728271,0.655518,0.142151,-0.140259,76.1265,313.2988,0
0.1400,1063026,-0.729065,0.654663,0.144775,-0.137390,76.6992,314.1115,0
0.1500,1063036,-0.729919,0.653809,0.147339,-0.134521,77.2700,314.9095,0
0.1600,1063046,-0.730835,0.652710,0.149841,-0.131714,77.8633,315.6916,0
0.1700,1063056,-0.731995,0.651428,0.152344,-0.128845,78.4815,316.4521,0
0.1800,1063066,-0.733276,0.649963,0.154846,-0.126099,79.1120,317.1960,0
0.1900,1063076,-0.734558,0.648437,0.157349,-0.123291,79.7455,317.9271,0
0.2000,1063086,-0.735779,0.646973,0.159790,-0.120483,80.3632,318.6476,0
0.2100,1063096,-0.736877,0.645569,0.162231,-0.117737,80.9542,319.3600,0
0.2200,1063106,-0.737793,0.644409,0.164673,-0.114990,81.5060,320.0693,0
0.2300,1063116,-0.738525,0.643494,0.167114,-0.112366,82.0200,320.7786,0
0.2400,1063126,-0.739014,0.642700,0.169495,-0.109802,82.5052,321.4873,0
0.2500,1063136,-0.739502,0.641968,0.171814,-0.107422,82.9984,322.2146,0
0.2600,1063146,-0.739929,0.641174,0.174194,-0.105225,83.4945,322.9355,0
0.2700,1063156,-0.740479,0.640259,0.176514,-0.103210,84.0030,323.6453,0
0.2800,1063166,-0.741089,0.639160,0.178894,-0.101318,84.5303,324.3435,0
0.2900,1063176,-0.741821,0.637939,0.181152,-0.099487,85.0689,325.0294,0
0.3000,1063186,-0.742615,0.636658,0.183289,-0.097778,85.5981,325.7068,0
0.3100,1063196,-0.743347,0.635498,0.185425,-0.096008,86.0904,326.3653,0
0.3200,1063206,-0.743958,0.634460,0.187500,-0.094116,86.5542,327.0005,0
0.3300,1063216,-0.744385,0.633545,0.189636,-0.092102,87.0053,327.6072,0
0.3400,1063226,-0.744873,0.632690,0.191711,-0.089966,87.4453,328.1819,0
0.3500,1063236,-0.745056,0.632202,0.193481,-0.088074,87.8836,328.7270,0
0.3600,1063246,-0.745361,0.631592,0.195374,-0.086121,88.3234,329.2514,0
0.3700,1063256,-0.746033,0.630005,0.199463,-0.082031,88.7671,329.7682,0
0.3800,1063266,-0.746521,0.628967,0.201843,-0.079773,89.2067,330.2832,0
0.3900,1063276,-0.747009,0.627930,0.204163,-0.077637,89.6420,330.8054,0
0.4000,1063286,-0.747375,0.626953,0.206421,-0.075684,90.0694,331.3343,0
0.4100,1063296,-0.747681,0.626099,0.208557,-0.073792,90.4775,331.8706,0
0.4200,1063306,-0.747864,0.625427,0.210632,-0.071960,90.8631,332.4130,0
0.4300,1063316,-0.747864,0.625000,0.212646,-0.070190,91.2118,332.9568,0
0.4400,1063326,-0.747620,0.624817,0.214600,-0.068481,91.5212,333.4984,0
0.4500,1063336,-0.747192,0.624817,0.216492,-0.066711,91.8016,334.0337,0
0.4600,1063346,-0.746521,0.625183,0.218262,-0.065063,92.0650,334.5576,0
0.4700,1063356,-0.746094,0.625244,0.220093,-0.063293,92.3373,335.0691,0
0.4800,1063366,-0.745789,0.625122,0.221924,-0.061584,92.6383,335.5705,0
0.4900,1063376,-0.745667,0.624756,0.223694,-0.059937,92.9730,336.0623,0
0.5000,1063386,-0.745789,0.624146,0.225342,-0.058472,93.3481,336.5497,0
0.5100,1063396,-0.746155,0.623291,0.226868,-0.057068,93.7562,337.0353,0
0.5200,1063406,-0.746643,0.622375,0.228271,-0.055725,94.1706,337.5185,0
0.5300,1063416,-0.746948,0.621643,0.229553,-0.054382,94.5660,338.0137,0
0.5400,1063426,-0.747070,0.621216,0.230713,-0.052979,94.9094,338.5078,0
0.5500,1063436,-0.747009,0.620972,0.231812,-0.051575,95.2124,338.9979,0
0.5600,1063446,-0.746826,0.620850,0.232849,-0.050171,95.4947,339.4789,0
0.5700,1063456,-0.746460,0.621033,0.233948,-0.048706,95.7670,339.9439,0
0.5800,1063466,-0.746094,0.621155,0.235046,-0.047241,96.0214,340.3923,0
0.5900,1063476,-0.745667,0.621338,0.236206,-0.045776,96.2601,340.8385,0
0.6000,1063486,-0.745178,0.621582,0.237427,-0.044312,96.4737,341.2831,0
0.6100,1063496,-0.744690,0.621887,0.238525,-0.042908,96.6591,341.7290,0
0.6200,1063506,-0.744019,0.622314,0.239563,-0.041565,96.8333,342.1798,0
0.6300,1063516,-0.743286,0.622925,0.240540,-0.040405,97.0170,342.6306,0
0.6400,1063526,-0.742615,0.623413,0.241455,-0.039307,97.2339,343.0781,0
0.6500,1063536,-0.741760,0.623840,0.243286,-0.037781,97.4961,343.5152,0
0.6600,1063546,-0.741760,0.623535,0.244141,-0.037292,97.8001,343.9402,0
0.6700,1063556,-0.741943,0.623047,0.244995,-0.036987,98.1249,344.3547,0
0.6800,1063566,-0.742065,0.622559,0.245728,-0.036682,98.4312,344.7624,0
0.6900,1063576,-0.742004,0.622375,0.246399,-0.036316,98.6911,345.1611,0
0.7000,1063586,-0.741699,0.622559,0.247009,-0.035828,98.8918,345.5507,0
0.7100,1063596,-0.741211,0.623047,0.247437,-0.035217,99.0434,345.9305,0
0.7200,1063606,-0.740479,0.623718,0.247803,-0.034546,99.1585,346.3058,0
0.7300,1063616,-0.739685,0.624634,0.248108,-0.033813,99.2413,346.6740,0
0.7400,1063626,-0.738525,0.625854,0.248657,-0.032776,99.3076,347.0336,0
0.7500,1063636,-0.737610,0.626770,0.249023,-0.031799,99.3952,347.3844,0
0.7600,1063646,-0.737122,0.627380,0.249084,-0.031128,99.5289,347.7257,0
0.7700,1063656,-0.736938,0.627625,0.249146,-0.030640,99.7150,348.0602,0
0.7800,1063666,-0.737000,0.627563,0.249146,-0.030334,99.9422,348.3942,0
0.7900,1063676,-0.737244,0.627258,0.249146,-0.030273,100.1966,348.7274,0
0.8000,1063686,-0.737549,0.626953,0.248962,-0.030396,100.4466,349.0595,0
0.8100,1063696,-0.737793,0.626770,0.248779,-0.030518,100.6620,349.3885,0
0.8200,1063706,-0.737793,0.626892,0.248535,-0.030762,100.8284,349.7134,0
0.8300,1063716,-0.737488,0.627319,0.248291,-0.030945,100.9354,350.0286,0
0.8400,1063726,-0.736938,0.627991,0.248047,-0.031067,100.9970,350.3367,0
0.8500,1063736,-0.736389,0.628784,0.247742,-0.031372,101.0483,350.6377,0
0.8600,1063746,-0.736023,0.629333,0.247375,-0.031738,101.1562,350.9275,0
0.8700,1063756,-0.735779,0.629700,0.247009,-0.032166,101.2841,351.2068,0
0.8800,1063766,-0.735779,0.629883,0.246582,-0.032715,101.4095,351.4736,0
0.8900,1063776,-0.735779,0.630066,0.246155,-0.033386,101.5213,351.7352,0
0.9000,1063786,-0.735718,0.630249,0.245605,-0.034058,101.6212,351.9876,0
0.9100,1063796,-0.735474,0.630676,0.245239,-0.034729,101.7137,352.2336,0
0.9200,1063806,-0.735229,0.631104,0.244873,-0.035400,101.7887,352.4742,0
0.9300,1063816,-0.734619,0.632080,0.243774,-0.036987,101.8484,352.7088,0
0.9400,1063826,-0.734253,0.632751,0.243042,-0.037903,101.8809,352.9362,0
0.9500,1063836,-0.733704,0.633606,0.242249,-0.038818,101.8711,353.1573,0
0.9600,1063846,-0.732910,0.634827,0.241394,-0.039673,101.8066,353.3633,0
0.9700,1063856,-0.732056,0.636108,0.240479,-0.040527,101.7022,353.5509,0
0.9800,1063866,-0.731201,0.637390,0.239441,-0.041321,101.5871,353.7241,0
0.9900,1063876,-0.730469,0.638611,0.238464,-0.042175,101.4869,353.8824,0
1.0000,1063886,-0.729858,0.639587,0.237427,-0.043030,101.4127,354.0246,0
1.0100,1063896,-0.729492,0.640320,0.236389,-0.044006,101.3743,354.1529,0
1.0200,1063906,-0.729370,0.640808,0.235352,-0.045105,101.3719,354.2677,0
1.0300,1063916,-0.729370,0.641052,0.234253,-0.046265,101.3875,354.3650,0
1.0400,1063926,-0.729431,0.641357,0.233154,-0.047363,101.3899,354.4507,0
1.0500,1063936,-0.729187,0.641907,0.232117,-0.048401,101.3574,354.5197,0
1.0600,1063946,-0.728821,0.642639,0.231079,-0.049316,101.2880,354.5771,0
1.0700,1063956,-0.728394,0.643494,0.229980,-0.050293,101.1960,354.6218,0
1.0800,1063966,-0.728088,0.644165,0.228882,-0.051208,101.1137,354.6592,0
1.0900,1063976,-0.727905,0.644653,0.227783,-0.052124,101.0429,354.6797,0
1.1000,1063986,-0.727844,0.645020,0.226685,-0.053223,100.9859,354.6916,0
1.1100,1063996,-0.727844,0.645325,0.225586,-0.054321,100.9342,354.6964,0
1.1200,1064006,-0.727783,0.645630,0.224487,-0.055542,100.8798,354.6934,0
1.1300,1064016,-0.727722,0.645996,0.223389,-0.056824,100.8135,354.6775,0
1.1400,1064026,-0.727539,0.646423,0.222290,-0.058105,100.7315,354.6589,0
1.1500,1064036,-0.727417,0.646851,0.221191,-0.059387,100.6554,354.6313,0
1.1600,1064046,-0.727356,0.647095,0.220215,-0.060669,100.5863,354.5945,0
1.1700,1064056,-0.727417,0.647278,0.219177,-0.061951,100.5137,354.5472,0
1.1800,1064066,-0.727417,0.647461,0.218201,-0.063232,100.4170,354.4870,0
1.1900,1064076,-0.727356,0.647766,0.217224,-0.064392,100.2921,354.4103,0
1.2000,1064086,-0.727173,0.648193,0.216370,-0.065491,100.1450,354.3162,0
1.2100,1064096,-0.726379,0.649414,0.214722,-0.067688,99.9936,354.2055,0
1.2200,1064106,-0.725952,0.649963,0.213989,-0.068665,99.8440,354.0834,0
1.2300,1064116,-0.725647,0.650452,0.213318,-0.069641,99.7081,353.9510,0
1.2400,1064126,-0.725403,0.650818,0.212769,-0.070679,99.5870,353.8086,0
1.2500,1064136,-0.725159,0.651123,0.212158,-0.071655,99.4753,353.6654,0
1.2600,1064146,-0.724976,0.651428,0.211609,-0.072571,99.3687,353.5213,0
1.2700,1064156,-0.724792,0.651733,0.211060,-0.073486,99.2607,353.3774,0
1.2800,1064166,-0.724548,0.652039,0.210449,-0.074402,99.1477,353.2374,0
1.2900,1064176,-0.724304,0.652405,0.209839,-0.075317,99.0226,353.0993,0
1.3000,1064186,-0.724060,0.652832,0.209167,-0.076172,98.8910,352.9570,0
1.3100,1064196,-0.723755,0.653259,0.208557,-0.076965,98.7562,352.8091,0
1.3200,1064206,-0.723450,0.653687,0.207947,-0.077759,98.6189,352.6533,0
1.3300,1064216,-0.723206,0.654053,0.207458,-0.078430,98.4847,352.4884,0
1.3400,1064226,-0.722900,0.654480,0.207031,-0.079041,98.3504,352.3180,0
1.3500,1064236,-0.722595,0.654846,0.206604,-0.079590,98.2191,352.1439,0
1.3600,1064246,-0.722290,0.655212,0.206299,-0.080078,98.0859,351.9664,0
1.3700,1064256,-0.721985,0.655640,0.205933,-0.080505,97.9452,351.7881,0
1.3800,1064266,-0.721619,0.656067,0.205627,-0.080872,97.8073,351.6125,0
1.3900,1064276,-0.721313,0.656494,0.205261,-0.081238,97.6802,351.4396,0
1.4000,1064286,-0.721069,0.656799,0.204895,-0.081604,97.5653,351.2687,0
1.4100,1064296,-0.720886,0.657043,0.204590,-0.081970,97.4601,351.1014,0
1.4200,1064306,-0.720764,0.657288,0.204285,-0.082336,97.3535,350.9323,0
1.4300,1064316,-0.720581,0.657532,0.203979,-0.082581,97.2439,350.7698,0
1.4400,1064326,-0.720337,0.657837,0.203674,-0.082825,97.1314,350.6088,0
1.4500,1064336,-0.720093,0.658142,0.203430,-0.083008,97.0225,350.4546,0
1.4600,1064346,-0.719910,0.658447,0.203125,-0.083130,96.9243,350.3044,0
1.4700,1064356,-0.719727,0.658752,0.202820,-0.083313,96.8380,350.1605,0
1.4800,1064366,-0.719604,0.658936,0.202515,-0.083435,96.7506,350.0214,0
1.4900,1064376,-0.719299,0.659485,0.201782,-0.083557,96.6623,349.8838,0
1.5000,1064386,-0.719177,0.659729,0.201416,-0.083496,96.5710,349.7538,0
1.5100,1064396,-0.719055,0.659973,0.201050,-0.083435,96.4860,349.6274,0
1.5200,1064406,-0.718994,0.660156,0.200684,-0.083435,96.4141,349.5073,0
1.5300,1064416,-0.719055,0.660217,0.200317,-0.083435,96.3547,349.3902,0
1.5400,1064426,-0.719055,0.660278,0.200073,-0.083374,96.2916,349.2748,0
1.5500,1064436,-0.718994,0.660461,0.199829,-0.083374,96.2257,349.1623,0
1.5600,1064446,-0.718933,0.660583,0.199585,-0.083313,96.1607,349.0529,0
1.5700,1064456,-0.718872,0.660645,0.199463,-0.083374,96.1030,348.9449,0
1.5800,1064466,-0.718872,0.660706,0.199402,-0.083435,96.0535,348.8423,0
1.5900,1064476,-0.718872,0.660706,0.199341,-0.083496,96.0059,348.7429,0
1.6000,1064486,-0.718811,0.660767,0.199219,-0.083618,95.9589,348.6538,0
1.6100,1064496,-0.718750,0.660828,0.199158,-0.083801,95.9105,348.5757,0
1.6200,1064506,-0.718689,0.660889,0.199036,-0.084045,95.8669,348.5060,0
1.6300,1064516,-0.718689,0.660950,0.198853,-0.084351,95.8271,348.4433,0
1.6400,1064526,-0.718628,0.661011,0.198669,-0.084656,95.7915,348.3853,0
1.6500,1064536,-0.718628,0.661011,0.198364,-0.084961,95.7564,348.3301,0
1.6600,1064546,-0.718689,0.661072,0.198120,-0.085266,95.7229,348.2727,0
1.6700,1064556,-0.718689,0.661072,0.197876,-0.085571,95.6910,348.2146,0
1.6800,1064566,-0.718689,0.661133,0.197693,-0.085815,95.6547,348.1504,0
1.6900,1064576,-0.718628,0.661194,0.197449,-0.085937,95.6124,348.0852,0
1.7000,1064586,-0.718628,0.661255,0.197205,-0.086060,95.5650,348.0180,0
1.7100,1064596,-0.718567,0.661377,0.197021,-0.086182,95.5276,347.9503,0
1.7200,1064606,-0.718567,0.661377,0.196838,-0.086304,95.4944,347.8873,0
1.7300,1064616,-0.718628,0.661377,0.196594,-0.086426,95.4663,347.8284,0
1.7400,1064626,-0.718689,0.661377,0.196411,-0.086670,95.4431,347.7737,0
1.7500,1064636,-0.718750,0.661316,0.196228,-0.086914,95.4240,347.7186,0
1.7600,1064646,-0.718811,0.661255,0.195984,-0.087219,95.4051,347.6656,0
1.7700,1064656,-0.718994,0.661133,0.195618,-0.087646,95.3860,347.6092,0
1.7800,1064666,-0.719055,0.661133,0.195435,-0.087891,95.3552,347.5574,0
1.7900,1064676,-0.719055,0.661194,0.195190,-0.088013,95.3152,347.5051,0
1.8000,1064686,-0.718994,0.661255,0.194946,-0.088196,95.2653,347.4571,0
1.8100,1064696,-0.718933,0.661377,0.194702,-0.088318,95.2184,347.4067,0
1.8200,1064706,-0.718872,0.661499,0.194458,-0.088501,95.1778,347.3564,0
1.8300,1064716,-0.718933,0.661499,0.194275,-0.088623,95.1512,347.3033,0
1.8400,1064726,-0.719055,0.661377,0.194092,-0.088745,95.1322,347.2455,0
1.8500,1064736,-0.719116,0.661316,0.193970,-0.088867,95.1125,347.1870,0
1.8600,1064746,-0.719238,0.661194,0.193848,-0.088867,95.0919,347.1286,0
1.8700,1064756,-0.719299,0.661194,0.193665,-0.088928,95.0665,347.0748,0
1.8800,1064766,-0.719360,0.661194,0.193542,-0.089050,95.0338,347.0267,0
1.8900,1064776,-0.719360,0.661194,0.193359,-0.089111,95.0004,346.9822,0
1.9000,1064786,-0.719360,0.661194,0.193176,-0.089233,94.9716,346.9385,0
1.9100,1064796,-0.719360,0.661255,0.192993,-0.089355,94.9388,346.9000,0
1.9200,1064806,-0.719360,0.661316,0.192810,-0.089478,94.9011,346.8591,0
1.9300,1064816,-0.719299,0.661377,0.192688,-0.089600,94.8538,346.8215,0
1.9400,1064826,-0.719238,0.661499,0.192566,-0.089661,94.8041,346.7827,0
1.9500,1064836,-0.719116,0.661621,0.192444,-0.089722,94.7563,346.7406,0
1.9600,1064846,-0.719055,0.661743,0.192322,-0.089722,94.7127,346.7000,0
1.9700,1064856,-0.718994,0.661865,0.192261,-0.089783,94.6676,346.6608,0
1.9800,1064866,-0.718872,0.661987,0.192139,-0.089844,94.6241,346.6199,0
1.9900,1064876,-0.718811,0.662048,0.192078,-0.089905,94.5787,346.5816,0
2.0000,1064886,-0.718689,0.662170,0.192017,-0.089966,94.5396,346.5434,0
2.0100,1064896,-0.718628,0.662292,0.191956,-0.089966,94.5115,346.5059,0
2.0200,1064906,-0.718628,0.662292,0.191895,-0.089966,94.4912,346.4703,0
2.0300,1064916,-0.718628,0.662292,0.191833,-0.089966,94.4732,346.4365,0
2.0400,1064926,-0.718689,0.662292,0.191833,-0.090027,94.4530,346.4062,0
2.0500,1064936,-0.718689,0.662292,0.191711,-0.090271,94.4290,346.3772,0
2.0600,1064946,-0.718628,0.662292,0.191650,-0.090393,94.4056,346.3521,0
2.0700,1064956,-0.718628,0.662354,0.191589,-0.090576,94.3840,346.3300,0
2.0800,1064966,-0.718567,0.662354,0.191528,-0.090759,94.3591,346.3088,0
2.0900,1064976,-0.718506,0.662476,0.191467,-0.090881,94.3260,346.2887,0
2.1000,1064986,-0.718323,0.662659,0.191406,-0.090942,94.2833,346.2684,0
2.1100,1064996,-0.718140,0.662842,0.191284,-0.091064,94.2348,346.2472,0
2.1200,1065006,-0.718018,0.663025,0.191162,-0.091187,94.1935,346.2277,0
2.1300,1065016,-0.717957,0.663147,0.191040,-0.091309,94.1685,346.2091,0
2.1400,1065026,-0.718018,0.663086,0.190918,-0.091492,94.1606,346.1865,0
2.1500,1065036,-0.718079,0.663025,0.190796,-0.091614,94.1585,346.1591,0
2.1600,1065046,-0.718140,0.662964,0.190735,-0.091675,94.1494,346.1278,0
2.1700,1065056,-0.718140,0.662964,0.190735,-0.091675,94.1258,346.0915,0
2.1800,1065066,-0.718018,0.663086,0.190735,-0.091675,94.0892,346.0576,0
2.1900,1065076,-0.717834,0.663269,0.190735,-0.091675,94.0467,346.0308,0
2.2000,1065086,-0.717651,0.663452,0.190674,-0.091736,94.0092,346.0087,0
2.2100,1065096,-0.717529,0.663635,0.190613,-0.091919,93.9751,345.9911,0
2.2200,1065106,-0.717468,0.663757,0.190430,-0.092102,93.9493,345.9773,0
2.2300,1065116,-0.717407,0.663757,0.190308,-0.092346,93.9277,345.9629,0
2.2400,1065126,-0.717346,0.663818,0.190186,-0.092529,93.9089,345.9469,0
2.2500,1065136,-0.717285,0.663879,0.190125,-0.092712,93.8963,345.9249,0
2.2600,1065146,-0.717346,0.663818,0.190002,-0.092896,93.8903,345.8964,0
2.2700,1065156,-0.717346,0.663818,0.190002,-0.093079,93.8738,345.8655,0
2.2800,1065166,-0.717346,0.663818,0.189941,-0.093262,93.8521,345.8368,0
2.2900,1065176,-0.717285,0.663879,0.189880,-0.093445,93.8309,345.8065,0
2.3000,1065186,-0.717224,0.663940,0.189880,-0.093567,93.8126,345.7759,0
2.3100,1065196,-0.717163,0.663940,0.189880,-0.093750,93.7915,345.7491,0
2.3200,1065206,-0.717102,0.664001,0.189819,-0.093933,93.7678,345.7241,0
2.3300,1065216,-0.716858,0.664307,0.189697,-0.094177,93.7359,345.7033,0
2.3400,1065226,-0.716675,0.664490,0.189514,-0.094299,93.6994,345.6854,0
2.3500,1065236,-0.716553,0.664612,0.189392,-0.094482,93.6737,345.6640,0
2.3600,1065246,-0.716553,0.664673,0.189209,-0.094666,93.6622,345.6414,0
2.3700,1065256,-0.716614,0.664612,0.189087,-0.094788,93.6631,345.6155,0
2.3800,1065266,-0.716675,0.664551,0.188965,-0.094971,93.6670,345.5880,0
2.3900,1065276,-0.716675,0.664551,0.188904,-0.095093,93.6604,345.5595,0
2.4000,1065286,-0.716614,0.664612,0.188843,-0.095093,93.6440,345.5306,0
2.4100,1065296,-0.716553,0.664734,0.188843,-0.095154,93.6160,345.4994,0
2.4200,1065306,-0.716370,0.664917,0.188721,-0.095154,93.5828,345.4722,0
2.4300,1065316,-0.716248,0.665100,0.188538,-0.095154,93.5496,345.4493,0
2.4400,1065326,-0.716125,0.665283,0.188354,-0.095154,93.5166,345.4282,0
2.4500,1065336,-0.716003,0.665466,0.188171,-0.095154,93.4853,345.4105,0
2.4600,1065346,-0.715881,0.665649,0.188049,-0.095154,93.4550,345.3907,0
2.4700,1065356,-0.715820,0.665771,0.187927,-0.095215,93.4242,345.3718,0
2.4800,1065366,-0.715698,0.665894,0.187866,-0.095276,93.3974,345.3498,0
2.4900,1065376,-0.715637,0.665955,0.187866,-0.095337,93.3773,345.3228,0
2.5000,1065386,-0.715637,0.665955,0.187927,-0.095398,93.3641,345.2977,0
2.5100,1065396,-0.715576,0.665955,0.187988,-0.095520,93.3563,345.2750,0
2.5200,1065406,-0.715515,0.666016,0.188049,-0.095581,93.3483,345.2541,0
2.5300,1065416,-0.715454,0.666016,0.188110,-0.095703,93.3401,345.2329,0
2.5400,1065426,-0.715393,0.666077,0.188049,-0.095825,93.3292,345.2187,0
2.5500,1065436,-0.715332,0.666199,0.187927,-0.095886,93.3146,345.2058,0
2.5600,1065446,-0.715271,0.666260,0.187805,-0.095886,93.2937,345.1935,0
2.5700,1065456,-0.715210,0.666382,0.187622,-0.095886,93.2721,345.1772,0
2.5800,1065466,-0.715149,0.666504,0.187500,-0.095886,93.2515,345.1551,0
2.5900,1065476,-0.715088,0.666626,0.187439,-0.095764,93.2355,345.1324,0
2.6000,1065486,-0.715027,0.666748,0.187256,-0.095642,93.2203,345.1080,0
2.6100,1065496,-0.715027,0.666748,0.187256,-0.095520,93.2059,345.0853,0
2.6200,1065506,-0.715027,0.666809,0.187134,-0.095459,93.1940,345.0644,0
2.6300,1065516,-0.715027,0.666809,0.187073,-0.095398,93.1904,345.0446,0
2.6400,1065526,-0.715088,0.666809,0.187012,-0.095337,93.1899,345.0306,0
2.6500,1065536,-0.715088,0.666809,0.186890,-0.095215,93.1848,345.0209,0
2.6600,1065546,-0.715149,0.666809,0.186768,-0.095093,93.1739,345.0122,0
2.6700,1065556,-0.715088,0.666870,0.186707,-0.095032,93.1618,345.0023,0
2.6800,1065566,-0.715088,0.666931,0.186646,-0.094971,93.1479,344.9910,0
2.6900,1065576,-0.715027,0.666992,0.186646,-0.094971,93.1275,344.9803,0
2.7000,1065586,-0.714905,0.667114,0.186646,-0.094910,93.1045,344.9731,0
2.7100,1065596,-0.714844,0.667236,0.186584,-0.094971,93.0838,344.9716,0
2.7200,1065606,-0.714783,0.667297,0.186584,-0.095093,93.0713,344.9749,0
2.7300,1065616,-0.714722,0.667297,0.186584,-0.095215,93.0719,344.9805,0
2.7400,1065626,-0.714783,0.667236,0.186584,-0.095398,93.0808,344.9850,0
2.7500,1065636,-0.714783,0.667175,0.186523,-0.095581,93.0819,344.9886,0
2.7600,1065646,-0.714783,0.667236,0.186523,-0.095764,93.0699,344.9896,0
2.7700,1065656,-0.714600,0.667358,0.186462,-0.095886,93.0455,344.9899,0
2.7800,1065666,-0.714478,0.667480,0.186462,-0.096008,93.0198,344.9865,0
2.7900,1065676,-0.714478,0.667542,0.186340,-0.096130,93.0096,344.9809,0
2.8000,1065686,-0.714478,0.667480,0.186279,-0.096191,93.0129,344.9702,0
2.8100,1065696,-0.714600,0.667419,0.186279,-0.096191,93.0209,344.9554,0
2.8200,1065706,-0.714661,0.667358,0.186279,-0.096252,93.0154,344.9371,0
2.8300,1065716,-0.714600,0.667358,0.186279,-0.096252,93.0024,344.9197,0
2.8400,1065726,-0.714600,0.667419,0.186218,-0.096191,92.9889,344.9020,0
2.8500,1065736,-0.714539,0.667480,0.186157,-0.096191,92.9820,344.8870,0
2.8600,1065746,-0.714539,0.667480,0.186157,-0.096191,92.9832,344.8751,0
2.8700,1065756,-0.714600,0.667480,0.186096,-0.096252,92.9915,344.8637,0
2.8800,1065766,-0.714722,0.667297,0.186035,-0.096313,92.9975,344.8542,0
2.8900,1065776,-0.714722,0.667297,0.186035,-0.096313,92.9920,344.8451,0
2.9000,1065786,-0.714600,0.667358,0.186096,-0.096375,92.9754,344.8382,0
2.9100,1065796,-0.714539,0.667480,0.186096,-0.096558,92.9597,344.8340,0
2.9200,1065806,-0.714478,0.667542,0.186035,-0.096741,92.9548,344.8335,0
2.9300,1065816,-0.714539,0.667480,0.185974,-0.096924,92.9637,344.8299,0
2.9400,1065826,-0.714539,0.667419,0.185852,-0.097107,92.9745,344.8288,0
2.9500,1065836,-0.714600,0.667419,0.185791,-0.097229,92.9692,344.8254,0
2.9600,1065846,-0.714478,0.667542,0.185669,-0.097290,92.9476,344.8167,0
2.9700,1065856,-0.714355,0.667664,0.185669,-0.097351,92.9163,344.8043,0
2.9800,1065866,-0.714172,0.667847,0.185608,-0.097351,92.8866,344.7889,0
2.9900,1065876,-0.714111,0.667908,0.185669,-0.097351,92.8650,344.7731,0
3.0000,1065886,-0.714050,0.667969,0.185730,-0.097412,92.8527,344.7534,0
3.0100,1065896,-0.713989,0.667969,0.185852,-0.097473,92.8511,344.7292,0
3.0200,1065906,-0.714050,0.667908,0.185974,-0.097473,92.8550,344.7004,0
3.0300,1065916,-0.714050,0.667786,0.186096,-0.097473,92.8598,344.6700,0
3.0400,1065926,-0.714111,0.667725,0.186279,-0.097412,92.8675,344.6394,0
3.0500,1065936,-0.714172,0.667664,0.186401,-0.097290,92.8755,344.6097,0
3.0600,1065946,-0.714172,0.667603,0.186523,-0.097229,92.8836,344.5876,0
3.0700,1065956,-0.714233,0.667603,0.186584,-0.097107,92.8895,344.5714,0
3.0800,1065966,-0.714294,0.667542,0.186523,-0.097107,92.8970,344.5654,0
3.0900,1065976,-0.714355,0.667480,0.186401,-0.097107,92.9094,344.5681,0
3.1000,1065986,-0.714539,0.667358,0.186218,-0.097168,92.9348,344.5752,0
3.1100,1065996,-0.714661,0.667175,0.186157,-0.097290,92.9523,344.5844,0
3.1200,1066006,-0.714844,0.666992,0.186035,-0.097473,92.9558,344.5919,0
3.1300,1066016,-0.714905,0.666931,0.185913,-0.097595,92.9444,344.5959,0
3.1400,1066026,-0.714905,0.666992,0.185852,-0.097778,92.9222,344.5985,0
3.1500,1066036,-0.714783,0.667053,0.185913,-0.097900,92.9005,344.5961,0
3.1600,1066046,-0.714661,0.667114,0.185913,-0.098083,92.8839,344.5920,0
3.1700,1066056,-0.714539,0.667175,0.186157,-0.098389,92.8753,344.5828,0
3.1800,1066066,-0.714478,0.667175,0.186279,-0.098450,92.8700,344.5667,0
3.1900,1066076,-0.714539,0.667114,0.186340,-0.098572,92.8680,344.5503,0
3.2000,1066086,-0.714539,0.667053,0.186401,-0.098633,92.8685,344.5335,0
3.2100,1066096,-0.714600,0.666992,0.186462,-0.098694,92.8684,344.5199,0
3.2200,1066106,-0.714600,0.666992,0.186462,-0.098694,92.8641,344.5070,0
3.2300,1066116,-0.714600,0.666992,0.186462,-0.098694,92.8523,344.4977,0
3.2400,1066126,-0.714539,0.667053,0.186462,-0.098694,92.8357,344.4889,0
3.2500,1066136,-0.714478,0.667114,0.186401,-0.098633,92.8194,344.4793,0
3.2600,1066146,-0.714417,0.667175,0.186401,-0.098572,92.8003,344.4702,0
3.2700,1066156,-0.714355,0.667297,0.186340,-0.098572,92.7799,344.4622,0
3.2800,1066166,-0.714294,0.667358,0.186340,-0.098511,92.7645,344.4539,0
3.2900,1066176,-0.714294,0.667358,0.186340,-0.098511,92.7583,344.4485,0
3.3000,1066186,-0.714294,0.667358,0.186340,-0.098511,92.7601,344.4439,0
3.3100,1066196,-0.714294,0.667358,0.186340,-0.098572,92.7636,344.4396,0
3.3200,1066206,-0.714294,0.667358,0.186279,-0.098572,92.7622,344.4360,0
3.3300,1066216,-0.714294,0.667358,0.186340,-0.098633,92.7555,344.4291,0
3.3400,1066226,-0.714233,0.667358,0.186401,-0.098694,92.7449,344.4190,0
3.3500,1066236,-0.714172,0.667419,0.186462,-0.098755,92.7338,344.4056,0
3.3600,1066246,-0.714111,0.667419,0.186523,-0.098877,92.7291,344.3936,0
3.3700,1066256,-0.714050,0.667419,0.186707,-0.098999,92.7288,344.3813,0
3.3800,1066266,-0.713989,0.667419,0.186829,-0.099182,92.7166,344.3738,0
3.3900,1066276,-0.713867,0.667480,0.186951,-0.099304,92.6997,344.3691,0
3.4000,1066286,-0.713745,0.667603,0.187073,-0.099426,92.6872,344.3622,0
3.4100,1066296,-0.713562,0.667725,0.187134,-0.099487,92.6807,344.3520,0
3.4200,1066306,-0.713501,0.667786,0.187256,-0.099548,92.6781,344.3405,0
3.4300,1066316,-0.713440,0.667847,0.187317,-0.099609,92.6744,344.3284,0
3.4400,1066326,-0.713379,0.667908,0.187317,-0.099609,92.6679,344.3168,0
3.4500,1066336,-0.713318,0.667969,0.187317,-0.099609,92.6642,344.2993,0
3.4600,1066346,-0.713257,0.668030,0.187378,-0.099548,92.6624,344.2786,0
3.4700,1066356,-0.713257,0.668030,0.187378,-0.099426,92.6654,344.2590,0
3.4800,1066366,-0.713318,0.668030,0.187439,-0.099304,92.6707,344.2375,0
3.4900,1066376,-0.713318,0.667969,0.187439,-0.099121,92.6770,344.2152,0
3.5000,1066386,-0.713318,0.667969,0.187500,-0.098938,92.6771,344.1966,0
3.5100,1066396,-0.713257,0.668091,0.187500,-0.098816,92.6671,344.1843,0
3.5200,1066406,-0.713135,0.668213,0.187439,-0.098633,92.6475,344.1799,0
3.5300,1066416,-0.713013,0.668396,0.187378,-0.098511,92.6247,344.1804,0
3.5400,1066426,-0.712891,0.668579,0.187317,-0.098389,92.6078,344.1833,0
3.5500,1066436,-0.712891,0.668640,0.187256,-0.098328,92.6066,344.1914,0
3.5600,1066446,-0.712891,0.668579,0.187256,-0.098389,92.6203,344.1997,0
3.5700,1066456,-0.713013,0.668518,0.187195,-0.098450,92.6398,344.2093,0
3.5800,1066466,-0.713074,0.668457,0.187134,-0.098511,92.6608,344.2197,0
3.5900,1066476,-0.713135,0.668335,0.187073,-0.098633,92.6783,344.2307,0
3.6000,1066486,-0.713135,0.668396,0.187012,-0.098694,92.6829,344.2380,0
3.6100,1066496,-0.713135,0.668396,0.186951,-0.098755,92.6790,344.2462,0
3.6200,1066506,-0.713074,0.668457,0.186890,-0.098816,92.6681,344.2552,0
3.6300,1066516,-0.712952,0.668579,0.186829,-0.098877,92.6561,344.2631,0
3.6400,1066526,-0.712891,0.668640,0.186707,-0.098938,92.6468,344.2706,0
3.6500,1066536,-0.712891,0.668701,0.186646,-0.098999,92.6475,344.2734,0
3.6600,1066546,-0.712952,0.668640,0.186584,-0.099060,92.6535,344.2743,0
3.6700,1066556,-0.712952,0.668640,0.186523,-0.099121,92.6515,344.2733,0
3.6800,1066566,-0.712952,0.668640,0.186523,-0.099182,92.6383,344.2731,0
3.6900,1066576,-0.712891,0.668701,0.186462,-0.099182,92.6186,344.2710,0
3.7000,1066586,-0.712769,0.668823,0.186462,-0.099182,92.6011,344.2690,0
3.7100,1066596,-0.712646,0.668945,0.186462,-0.099182,92.5910,344.2654,0
3.7200,1066606,-0.712585,0.669006,0.186523,-0.099121,92.5909,344.2608,0
3.7300,1066616,-0.712646,0.668945,0.186523,-0.099243,92.6010,344.2528,0
3.7400,1066626,-0.712708,0.668884,0.186523,-0.099304,92.6123,344.2476,0
3.7500,1066636,-0.712708,0.668823,0.186523,-0.099304,92.6194,344.2456,0
3.7600,1066646,-0.712708,0.668884,0.186462,-0.099365,92.6203,344.2491,0
3.7700,1066656,-0.712708,0.668884,0.186401,-0.099487,92.6127,344.2558,0
3.7800,1066666,-0.712708,0.668945,0.186279,-0.099609,92.6048,344.2657,0
3.7900,1066676,-0.712646,0.668945,0.186157,-0.099731,92.5974,344.2746,0
3.8000,1066686,-0.712646,0.669006,0.186035,-0.099792,92.5919,344.2780,0
3.8100,1066696,-0.712646,0.669006,0.186035,-0.099915,92.5920,344.2742,0
3.8200,1066706,-0.712646,0.668945,0.186035,-0.099976,92.5946,344.2658,0
3.8300,1066716,-0.712708,0.668884,0.186096,-0.100098,92.5958,344.2555,0
3.8400,1066726,-0.712646,0.668884,0.186218,-0.100159,92.5922,344.2439,0
3.8500,1066736,-0.712646,0.668884,0.186279,-0.100220,92.5864,344.2292,0
3.8600,1066746,-0.712585,0.668884,0.186279,-0.100342,92.5809,344.2205,0
3.8700,1066756,-0.712585,0.668884,0.186279,-0.100464,92.5756,344.2153,0
3.8800,1066766,-0.712524,0.668945,0.186279,-0.100525,92.5695,344.2078,0
3.8900,1066776,-0.712524,0.668945,0.186279,-0.100708,92.5605,344.2036,0
3.9000,1066786,-0.712463,0.669006,0.186157,-0.100769,92.5538,344.1984,0
3.9100,1066796,-0.712463,0.669006,0.186157,-0.100830,92.5485,344.1900,0
3.9200,1066806,-0.712463,0.669006,0.186096,-0.100830,92.5483,344.1790,0
3.9300,1066816,-0.712463,0.669006,0.186096,-0.100830,92.5481,344.1662,0
3.9400,1066826,-0.712463,0.669006,0.186157,-0.100891,92.5349,344.1473,0
3.9500,1066836,-0.712402,0.669067,0.186218,-0.100891,92.5181,344.1282,0
3.9600,1066846,-0.712280,0.669128,0.186279,-0.100952,92.5070,344.1118,0
3.9700,1066856,-0.712219,0.669189,0.186279,-0.100952,92.5059,344.0969,0
3.9800,1066866,-0.712219,0.669250,0.186218,-0.100952,92.5126,344.0821,0
3.9900,1066876,-0.712280,0.669189,0.186218,-0.101013,92.5189,344.0668,0
4.0000,1066886,-0.712341,0.669128,0.186218,-0.101013,92.5136,344.0511,0
4.0100,1066896,-0.712219,0.669250,0.186218,-0.101013,92.4950,344.0363,0
4.0200,1066906,-0.712036,0.669373,0.186218,-0.100952,92.4719,344.0215,0
4.0300,1066916,-0.711914,0.669495,0.186218,-0.100952,92.4518,344.0087,0
4.0400,1066926,-0.711853,0.669617,0.186218,-0.100952,92.4428,343.9989,0
4.0500,1066936,-0.711853,0.669617,0.186218,-0.100952,92.4479,343.9914,0
4.0600,1066946,-0.711914,0.669556,0.186218,-0.101013,92.4580,343.9842,0
4.0700,1066956,-0.711975,0.669495,0.186218,-0.101013,92.4659,343.9786,0
4.0800,1066966,-0.711914,0.669556,0.186218,-0.101013,92.4657,343.9744,0
4.0900,1066976,-0.711853,0.669617,0.186218,-0.101074,92.4577,343.9699,0
4.1000,1066986,-0.711731,0.669678,0.186279,-0.101074,92.4431,343.9632,0
4.1100,1066996,-0.711670,0.669800,0.186279,-0.101074,92.4297,343.9581,0
4.1200,1067006,-0.711609,0.669861,0.186279,-0.101074,92.4242,343.9502,0
4.1300,1067016,-0.711548,0.669922,0.186279,-0.101135,92.4302,343.9398,0
4.1400,1067026,-0.711609,0.669861,0.186218,-0.101135,92.4436,343.9293,0
4.1500,1067036,-0.711670,0.669739,0.186279,-0.101135,92.4564,343.9163,0
4.1600,1067046,-0.711731,0.669739,0.186279,-0.101135,92.4637,343.9070,0
4.1700,1067056,-0.711731,0.669739,0.186218,-0.101135,92.4648,343.9005,0
4.1800,1067066,-0.711731,0.669739,0.186218,-0.101196,92.4634,343.8961,0
4.1900,1067076,-0.711670,0.669739,0.186218,-0.101196,92.4633,343.8936,0
4.2000,1067086,-0.711670,0.669800,0.186218,-0.101196,92.4626,343.8882,0
4.2100,1067096,-0.711670,0.669800,0.186279,-0.101257,92.4565,343.8825,0
4.2200,1067106,-0.711609,0.669800,0.186340,-0.101318,92.4512,343.8747,0
4.2300,1067116,-0.711548,0.669800,0.186401,-0.101379,92.4468,343.8685,0
4.2400,1067126,-0.711487,0.669861,0.186401,-0.101440,92.4420,343.8631,0
4.2500,1067136,-0.711487,0.669861,0.186401,-0.101440,92.4411,343.8575,0
4.2600,1067146,-0.711426,0.669922,0.186401,-0.101440,92.4431,343.8527,0
4.2700,1067156,-0.711426,0.669983,0.186340,-0.101379,92.4462,343.8493,0
4.2800,1067166,-0.711487,0.669983,0.186279,-0.101318,92.4498,343.8485,0
4.2900,1067176,-0.711609,0.669922,0.186035,-0.101135,92.4567,343.8509,0
4.3000,1067186,-0.711731,0.669861,0.185852,-0.101074,92.4693,343.8543,0
4.3100,1067196,-0.711853,0.669739,0.185669,-0.101074,92.4877,343.8581,0
4.3200,1067206,-0.712036,0.669617,0.185608,-0.101074,92.5047,343.8606,0
4.3300,1067216,-0.712097,0.669556,0.185486,-0.101074,92.5094,343.8647,0
4.3400,1067226,-0.712097,0.669556,0.185425,-0.101135,92.5051,343.8710,0
4.3500,1067236,-0.712097,0.669556,0.185364,-0.101257,92.4950,343.8812,0
4.3600,1067246,-0.712036,0.669617,0.185242,-0.101379,92.4817,343.8930,0
4.3700,1067256,-0.712036,0.669678,0.185059,-0.101501,92.4709,343.9084,0
4.3800,1067266,-0.712036,0.669678,0.184937,-0.101685,92.4604,343.9205,0
4.3900,1067276,-0.711975,0.669739,0.184814,-0.101868,92.4535,343.9302,0
4.4000,1067286,-0.711975,0.669739,0.184753,-0.102051,92.4451,343.9365,0
4.4100,1067296,-0.711914,0.669800,0.184692,-0.102173,92.4281,343.9370,0
4.4200,1067306,-0.711914,0.669861,0.184570,-0.102295,92.4119,343.9344,0
4.4300,1067316,-0.711853,0.669861,0.184509,-0.102356,92.4013,343.9297,0
4.4400,1067326,-0.711853,0.669922,0.184448,-0.102417,92.3959,343.9208,0
4.4500,1067336,-0.711853,0.669861,0.184387,-0.102478,92.3938,343.9101,0
4.4600,1067346,-0.711914,0.669800,0.184387,-0.102539,92.3948,343.8956,0
4.4700,1067356,-0.711975,0.669739,0.184387,-0.102539,92.3945,343.8813,0
4.4800,1067366,-0.711975,0.669800,0.184326,-0.102539,92.3840,343.8678,0
4.4900,1067376,-0.711975,0.669800,0.184265,-0.102478,92.3687,343.8604,0
4.5000,1067386,-0.712036,0.669800,0.184204,-0.102417,92.3642,343.8510,0
4.5100,1067396,-0.712036,0.669739,0.184082,-0.102417,92.3594,343.8409,0
4.5200,1067406,-0.712097,0.669739,0.184082,-0.102356,92.3518,343.8313,0
4.5300,1067416,-0.712097,0.669739,0.184082,-0.102356,92.3440,343.8215,0
4.5400,1067426,-0.712097,0.669739,0.184021,-0.102417,92.3390,343.8141,0
4.5500,1067436,-0.712158,0.669678,0.184021,-0.102417,92.3390,343.8070,0
4.5600,1067446,-0.712219,0.669617,0.184021,-0.102417,92.3402,343.8003,0
4.5700,1067456,-0.712280,0.669556,0.183960,-0.102478,92.3342,343.7957,0
4.5800,1067466,-0.712280,0.669556,0.183960,-0.102478,92.3231,343.7895,0
4.5900,1067476,-0.712280,0.669556,0.183960,-0.102478,92.3120,343.7805,0
4.6000,1067486,-0.712280,0.669556,0.184021,-0.102539,92.3050,343.7697,0
4.6100,1067496,-0.712280,0.669495,0.184021,-0.102600,92.3038,343.7599,0
4.6200,1067506,-0.712341,0.669434,0.184021,-0.102600,92.3043,343.7495,0
4.6300,1067516,-0.712463,0.669373,0.183960,-0.102661,92.3102,343.7365,0
4.6400,1067526,-0.712463,0.669312,0.183960,-0.102661,92.3116,343.7225,0
4.6500,1067536,-0.712463,0.669312,0.183960,-0.102661,92.3047,343.7104,0
4.6600,1067546,-0.712463,0.669312,0.183960,-0.102722,92.2927,343.6988,0
4.6700,1067556,-0.712463,0.669373,0.183899,-0.102661,92.2808,343.6896,0
4.6800,1067566,-0.712463,0.669373,0.183838,-0.102600,92.2724,343.6827,0
4.6900,1067576,-0.712463,0.669373,0.183777,-0.102539,92.2698,343.6749,0
4.7000,1067586,-0.712524,0.669373,0.183655,-0.102478,92.2702,343.6707,0
4.7100,1067596,-0.712585,0.669373,0.183594,-0.102417,92.2671,343.6642,0
4.7200,1067606,-0.712585,0.669373,0.183594,-0.102295,92.2624,343.6545,0
4.7300,1067616,-0.712585,0.669312,0.183594,-0.102295,92.2549,343.6459,0
4.7400,1067626,-0.712646,0.669312,0.183655,-0.102234,92.2502,343.6389,0
4.7500,1067636,-0.712646,0.669250,0.183655,-0.102295,92.2535,343.6353,0
4.7600,1067646,-0.712769,0.669128,0.183655,-0.102417,92.2619,343.6376,0
4.7700,1067656,-0.712830,0.669067,0.183655,-0.102600,92.2699,343.6451,0
4.7800,1067666,-0.712830,0.669067,0.183594,-0.102783,92.2571,343.6634,0
4.7900,1067676,-0.712769,0.669067,0.183472,-0.103027,92.2415,343.6843,0
4.8000,1067686,-0.712708,0.669189,0.183350,-0.103210,92.2264,343.7022,0
4.8100,1067696,-0.712646,0.669189,0.183289,-0.103516,92.2187,343.7120,0
4.8200,1067706,-0.712585,0.669250,0.183167,-0.103699,92.2111,343.7165,0
4.8300,1067716,-0.712585,0.669250,0.183105,-0.103943,92.2058,343.7167,0
4.8400,1067726,-0.712646,0.669189,0.183044,-0.104126,92.2025,343.7072,0
4.8500,1067736,-0.712769,0.669067,0.182922,-0.104248,92.2052,343.6927,0
4.8600,1067746,-0.712891,0.668945,0.182922,-0.104248,92.2126,343.6737,0
4.8700,1067756,-0.713013,0.668823,0.182861,-0.104309,92.2197,343.6503,0
4.8800,1067766,-0.713074,0.668701,0.182922,-0.104309,92.2168,343.6269,0
4.8900,1067776,-0.713074,0.668701,0.182922,-0.104248,92.2029,343.6053,0
4.9000,1067786,-0.713013,0.668823,0.182861,-0.104187,92.1789,343.5865,0
4.9100,1067796,-0.712952,0.668884,0.182800,-0.104126,92.1526,343.5753,0
4.9200,1067806,-0.712952,0.668945,0.182800,-0.104126,92.1353,343.5671,0
4.9300,1067816,-0.712952,0.668945,0.182800,-0.104126,92.1278,343.5592,0
4.9400,1067826,-0.712952,0.668884,0.182800,-0.104187,92.1254,343.5487,0
4.9500,1067836,-0.713013,0.668823,0.182861,-0.104248,92.1237,343.5363,0
4.9600,1067846,-0.712952,0.668823,0.182922,-0.104370,92.1168,343.5215,0
4.9700,1067856,-0.712952,0.668823,0.182983,-0.104431,92.1084,343.5057,0
4.9800,1067866,-0.712952,0.668762,0.183044,-0.104492,92.1064,343.4919,0
4.9900,1067876,-0.713074,0.668640,0.183105,-0.104553,92.1140,343.4770,0
5.0000,1067886,-0.713135,0.668518,0.183167,-0.104553,92.1224,343.4629,0
5.0100,1067896,-0.713196,0.668457,0.183228,-0.104553,92.1256,343.4464,0
5.0200,1067906,-0.713257,0.668457,0.183228,-0.104492,92.1221,343.4338,0
5.0300,1067916,-0.713257,0.668457,0.183167,-0.104431,92.1111,343.4236,0
5.0400,1067926,-0.713196,0.668518,0.183105,-0.104370,92.0906,343.4168,0
5.0500,1067936,-0.713074,0.668640,0.183044,-0.104248,92.0657,343.4140,0
5.0600,1067946,-0.713013,0.668762,0.183044,-0.104187,92.0539,343.4142,0
5.0700,1067956,-0.713013,0.668762,0.182983,-0.104187,92.0493,343.4127,0
5.0800,1067966,-0.713013,0.668762,0.182983,-0.104248,92.0514,343.4089,0
5.0900,1067976,-0.713074,0.668701,0.183044,-0.104309,92.0493,343.4029,0
5.1000,1067986,-0.713074,0.668701,0.183044,-0.104370,92.0437,343.3966,0
5.1100,1067996,-0.713013,0.668701,0.183105,-0.104431,92.0384,343.3900,0
5.1200,1068006,-0.713013,0.668701,0.183105,-0.104431,92.0357,343.3838,0
5.1300,1068016,-0.713013,0.668762,0.183105,-0.104431,92.0344,343.3772,0
5.1400,1068026,-0.713013,0.668762,0.183105,-0.104431,92.0331,343.3710,0
5.1500,1068036,-0.712952,0.668762,0.183105,-0.104431,92.0277,343.3645,0
5.1600,1068046,-0.712952,0.668823,0.183044,-0.104431,92.0173,343.3566,0
5.1700,1068056,-0.712952,0.668823,0.182983,-0.104370,92.0092,343.3496,0
5.1800,1068066,-0.712952,0.668823,0.182922,-0.104309,92.0085,343.3430,0
5.1900,1068076,-0.713013,0.668762,0.182983,-0.104309,92.0157,343.3350,0
5.2000,1068086,-0.713135,0.668640,0.182983,-0.104309,92.0242,343.3279,0
5.2100,1068096,-0.713196,0.668579,0.183044,-0.104248,92.0300,343.3206,0
5.2200,1068106,-0.713196,0.668579,0.183044,-0.104309,92.0254,343.3178,0
5.2300,1068116,-0.713135,0.668640,0.183044,-0.104248,92.0121,343.3175,0
5.2400,1068126,-0.713074,0.668701,0.183044,-0.104248,91.9971,343.3203,0
5.2500,1068136,-0.713013,0.668762,0.183044,-0.104248,91.9876,343.3222,0
5.2600,1068146,-0.713074,0.668701,0.182983,-0.104248,91.9928,343.3259,0
5.2700,1068156,-0.713135,0.668579,0.182983,-0.104309,92.0090,343.3258,0
5.2800,1068166,-0.713318,0.668457,0.182983,-0.104370,92.0280,343.3251,0
5.2900,1068176,-0.713379,0.668396,0.182922,-0.104309,92.0395,343.3233,0
5.3000,1068186,-0.713440,0.668396,0.182800,-0.104248,92.0398,343.3247,0
5.3100,1068196,-0.713440,0.668396,0.182739,-0.104187,92.0311,343.3249,0
5.3200,1068206,-0.713440,0.668396,0.182678,-0.104126,92.0264,343.3256,0
5.3300,1068216,-0.713501,0.668396,0.182617,-0.104065,92.0273,343.3239,0
5.3400,1068226,-0.713501,0.668335,0.182617,-0.104065,92.0293,343.3253,0
5.3500,1068236,-0.713562,0.668335,0.182617,-0.104065,92.0242,343.3307,0
5.3600,1068246,-0.713562,0.668335,0.182617,-0.104065,92.0091,343.3377,0
5.3700,1068256,-0.713501,0.668396,0.182617,-0.104065,91.9919,343.3437,0
5.3800,1068266,-0.713440,0.668457,0.182617,-0.104065,91.9785,343.3518,0
5.3900,1068276,-0.713318,0.668579,0.182617,-0.104065,91.9853,343.3559,0
5.4000,1068286,-0.713440,0.668396,0.182678,-0.104187,91.9919,343.3598,0
5.4100,1068296,-0.713501,0.668335,0.182739,-0.104248,91.9992,343.3568,0
5.4200,1068306,-0.713440,0.668335,0.182800,-0.104309,91.9991,343.3505,0
5.4300,1068316,-0.713379,0.668396,0.182861,-0.104370,91.9818,343.3432,0
5.4400,1068326,-0.713257,0.668457,0.182922,-0.104370,91.9689,343.3369,0
5.4500,1068336,-0.713257,0.668457,0.182922,-0.104370,91.9661,343.3345,0
5.4600,1068346,-0.713318,0.668396,0.182922,-0.104431,91.9754,343.3334,0
5.4700,1068356,-0.713440,0.668335,0.182922,-0.104431,91.9901,343.3342,0
5.4800,1068366,-0.713562,0.668213,0.182922,-0.104431,92.0029,343.3360,0
5.4900,1068376,-0.713562,0.668213,0.182922,-0.104431,92.0050,343.3378,0
5.5000,1068386,-0.713501,0.668274,0.182922,-0.104431,91.9909,343.3401,0
5.5100,1068396,-0.713379,0.668396,0.182922,-0.104431,91.9699,343.3405,0
5.5200,1068406,-0.713257,0.668518,0.182922,-0.104370,91.9522,343.3349,0
5.5300,1068416,-0.713257,0.668518,0.182983,-0.104309,91.9444,343.3237,0
5.5400,1068426,-0.713257,0.668518,0.183105,-0.104187,91.9416,343.3077,0
5.5500,1068436,-0.713257,0.668457,0.183228,-0.104065,91.9446,343.2915,0
5.5600,1068446,-0.713257,0.668457,0.183350,-0.103943,91.9491,343.2767,0
5.5700,1068456,-0.713318,0.668396,0.183411,-0.103882,91.9572,343.2681,0
5.5800,1068466,-0.713318,0.668396,0.183472,-0.103760,91.9654,343.2659,0
5.5900,1068476,-0.713379,0.668335,0.183472,-0.103760,91.9792,343.2691,0
5.6000,1068486,-0.713440,0.668274,0.183350,-0.103699,91.9921,343.2793,0
5.6100,1068496,-0.713562,0.668213,0.183228,-0.103699,92.0049,343.2956,0
5.6200,1068506,-0.713623,0.668213,0.183105,-0.103760,92.0094,343.3116,0
5.6300,1068516,-0.713623,0.668213,0.182983,-0.103760,92.0036,343.3250,0
5.6400,1068526,-0.713623,0.668213,0.182922,-0.103760,91.9934,343.3354,0
5.6500,1068536,-0.713562,0.668274,0.182922,-0.103699,91.9878,343.3428,0
5.6600,1068546,-0.713501,0.668335,0.182922,-0.103699,91.9890,343.3488,0
5.6700,1068556,-0.713501,0.668335,0.182922,-0.103760,91.9972,343.3538,0
5.6800,1068566,-0.713623,0.668213,0.182983,-0.103821,92.0081,343.3574,0
5.6900,1068576,-0.713684,0.668152,0.182983,-0.103821,92.0166,343.3590,0
5.7000,1068586,-0.713684,0.668091,0.182983,-0.103821,92.0229,343.3593,0
5.7100,1068596,-0.713745,0.668030,0.182922,-0.103882,92.0294,343.3579,0
5.7200,1068606,-0.713745,0.668030,0.182922,-0.103882,92.0309,343.3571,0
5.7300,1068616,-0.713745,0.668030,0.182922,-0.103882,92.0252,343.3588,0
5.7400,1068626,-0.713745,0.668091,0.182922,-0.103882,92.0174,343.3655,0
5.7500,1068636,-0.713684,0.668091,0.182861,-0.103943,92.0112,343.3779,0
5.7600,1068646,-0.713684,0.668152,0.182739,-0.104065,92.0058,343.3956,0
5.7700,1068656,-0.713684,0.668152,0.182617,-0.104187,92.0006,343.4124,0
5.7800,1068666,-0.713623,0.668213,0.182556,-0.104309,91.9962,343.4228,0
5.7900,1068676,-0.713623,0.668213,0.182556,-0.104431,91.9897,343.4262,0
5.8000,1068686,-0.713623,0.668213,0.182617,-0.104492,91.9859,343.4241,0
5.8100,1068696,-0.713623,0.668213,0.182678,-0.104492,91.9871,343.4155,0
5.8200,1068706,-0.713623,0.668152,0.182739,-0.104492,91.9870,343.4026,0
5.8300,1068716,-0.713623,0.668152,0.182800,-0.104431,91.9809,343.3886,0
5.8400,1068726,-0.713562,0.668213,0.182861,-0.104309,91.9657,343.3753,0
5.8500,1068736,-0.713440,0.668335,0.182922,-0.104248,91.9453,343.3688,0
5.8600,1068746,-0.713318,0.668457,0.182861,-0.104187,91.9271,343.3661,0
5.8700,1068756,-0.713318,0.668518,0.182861,-0.104126,91.9169,343.3678,0
5.8800,1068766,-0.713318,0.668518,0.182800,-0.104065,91.9132,343.3729,0
5.8900,1068776,-0.713318,0.668518,0.182800,-0.104065,91.9091,343.3777,0
5.9000,1068786,-0.713257,0.668640,0.182739,-0.104065,91.8980,343.3806,0
5.9100,1068796,-0.713135,0.668701,0.182800,-0.104065,91.8917,343.3832,0
5.9200,1068806,-0.713074,0.668762,0.182800,-0.104065,91.8898,343.3876,0
5.9300,1068816,-0.713074,0.668762,0.182800,-0.104065,91.8958,343.3941,0
5.9400,1068826,-0.713074,0.668762,0.182739,-0.104126,91.9068,343.4008,0
5.9500,1068836,-0.713135,0.668762,0.182678,-0.104187,91.9166,343.4043,0
5.9600,1068846,-0.713196,0.668701,0.182678,-0.104187,91.9206,343.4058,0
5.9700,1068856,-0.713196,0.668701,0.182678,-0.104187,91.9203,343.4042,0
5.9800,1068866,-0.713196,0.668701,0.182678,-0.104187,91.9200,343.3998,0
5.9900,1068876,-0.713196,0.668701,0.182678,-0.104187,91.9256,343.3944,0
6.0000,1068886,-0.713196,0.668701,0.182617,-0.104126,91.9315,343.3905,0
6.0100,1068896,-0.713196,0.668701,0.182556,-0.104065,91.9366,343.3861,0
6.0200,1068906,-0.713257,0.668701,0.182495,-0.104065,91.9408,343.3832,0
6.0300,1068916,-0.713257,0.668701,0.182434,-0.104004,91.9459,343.3810,0
6.0400,1068926,-0.713318,0.668640,0.182373,-0.103943,91.9568,343.3795,0
6.0500,1068936,-0.713440,0.668579,0.182312,-0.103882,91.9707,343.3770,0
6.0600,1068946,-0.713501,0.668518,0.182251,-0.103882,91.9773,343.3763,0
6.0700,1068956,-0.713501,0.668518,0.182251,-0.103882,91.9736,343.3798,0
6.0800,1068966,-0.713501,0.668518,0.182251,-0.103882,91.9688,343.3837,0
6.0900,1068976,-0.713501,0.668518,0.182251,-0.103943,91.9678,343.3892,0
6.1000,1068986,-0.713562,0.668457,0.182190,-0.104004,91.9764,343.3962,0
6.1100,1068996,-0.713623,0.668396,0.182068,-0.104065,91.9868,343.4046,0
6.1200,1069006,-0.713684,0.668274,0.182068,-0.104187,91.9960,343.4084,0
6.1300,1069016,-0.713745,0.668274,0.182068,-0.104309,91.9995,343.4113,0
6.1400,1069026,-0.713745,0.668213,0.182068,-0.104370,92.0004,343.4123,0
6.1500,1069036,-0.713806,0.668152,0.182129,-0.104492,92.0036,343.4091,0
6.1600,1069046,-0.713867,0.668030,0.182190,-0.104553,92.0126,343.4013,0
6.1700,1069056,-0.713989,0.667908,0.182312,-0.104614,92.0235,343.3897,0
6.1800,1069066,-0.714050,0.667786,0.182434,-0.104675,92.0222,343.3758,0
6.1900,1069076,-0.714050,0.667725,0.182556,-0.104675,92.0049,343.3655,0
6.2000,1069086,-0.713928,0.667786,0.182739,-0.104675,91.9814,343.3568,0
6.2100,1069096,-0.713806,0.667908,0.182800,-0.104736,91.9685,343.3556,0
6.2200,1069106,-0.713745,0.667969,0.182861,-0.104736,91.9746,343.3568,0
6.2300,1069116,-0.713745,0.667908,0.182800,-0.104797,91.9971,343.3544,0
6.2400,1069126,-0.714050,0.667603,0.182739,-0.104858,92.0179,343.3480,0
6.2500,1069136,-0.714111,0.667542,0.182739,-0.104919,92.0258,343.3378,0
6.2600,1069146,-0.714111,0.667542,0.182800,-0.104858,92.0196,343.3257,0
6.2700,1069156,-0.714111,0.667542,0.182861,-0.104797,92.0083,343.3118,0
6.2800,1069166,-0.714111,0.667542,0.182983,-0.104736,92.0000,343.2974,0
6.2900,1069176,-0.714111,0.667542,0.183105,-0.104736,91.9987,343.2850,0
6.3000,1069186,-0.714111,0.667480,0.183167,-0.104736,92.0010,343.2798,0
6.3100,1069196,-0.714111,0.667480,0.183228,-0.104797,92.0043,343.2754,0
6.3200,1069206,-0.714111,0.667419,0.183289,-0.104858,92.0046,343.2765,0
6.3300,1069216,-0.714111,0.667419,0.183289,-0.104919,92.0054,343.2799,0
6.3400,1069226,-0.714111,0.667358,0.183350,-0.104980,92.0103,343.2837,0
6.3500,1069236,-0.714172,0.667297,0.183411,-0.105042,92.0161,343.2862,0
6.3600,1069246,-0.714172,0.667236,0.183472,-0.105103,92.0211,343.2844,0
6.3700,1069256,-0.714172,0.667236,0.183594,-0.105225,92.0187,343.2778,0
6.3800,1069266,-0.714111,0.667236,0.183716,-0.105225,92.0118,343.2673,0
6.3900,1069276,-0.714050,0.667297,0.183838,-0.105225,91.9964,343.2556,0
6.4000,1069286,-0.713928,0.667419,0.183899,-0.105164,91.9812,343.2458,0
6.4100,1069296,-0.713928,0.667358,0.183960,-0.105103,91.9768,343.2359,0
6.4200,1069306,-0.714050,0.667297,0.184021,-0.105042,91.9886,343.2271,0
6.4300,1069316,-0.714172,0.667114,0.184082,-0.105042,92.0131,343.2182,0
6.4400,1069326,-0.714294,0.666992,0.184143,-0.104980,92.0346,343.2091,0
6.4500,1069336,-0.714355,0.666931,0.184143,-0.104919,92.0431,343.2016,0
6.4600,1069346,-0.714294,0.666992,0.184204,-0.104858,92.0340,343.1981,0
6.4700,1069356,-0.714233,0.666992,0.184265,-0.104797,92.0265,343.1989,0
6.4800,1069366,-0.714172,0.667053,0.184265,-0.104797,92.0307,343.2015,0
6.4900,1069376,-0.714172,0.667053,0.184265,-0.104797,92.0412,343.2051,0
6.5000,1069386,-0.714233,0.666992,0.184265,-0.104797,92.0488,343.2097,0
6.5100,1069396,-0.714294,0.666992,0.184265,-0.104858,92.0500,343.2123,0
6.5200,1069406,-0.714233,0.666931,0.184387,-0.104980,92.0459,343.2130,0
6.5300,1069416,-0.714233,0.666931,0.184509,-0.105042,92.0414,343.2125,0
6.5400,1069426,-0.714172,0.666931,0.184570,-0.105103,92.0448,343.2132,0
6.5500,1069436,-0.714233,0.666809,0.184631,-0.105225,92.0588,343.2125,0
6.5600,1069446,-0.714294,0.666748,0.184692,-0.105286,92.0720,343.2154,0
6.5700,1069456,-0.714294,0.666748,0.184753,-0.105347,92.0751,343.2187,0
6.5800,1069466,-0.714233,0.666748,0.184814,-0.105408,92.0674,343.2213,0
6.5900,1069476,-0.714111,0.666870,0.184814,-0.105469,92.0517,343.2256,0
6.6000,1069486,-0.714050,0.666992,0.184814,-0.105408,92.0386,343.2284,0
6.6100,1069496,-0.714050,0.666931,0.184875,-0.105469,92.0350,343.2311,0
6.6200,1069506,-0.714050,0.666931,0.184875,-0.105469,92.0382,343.2343,0
6.6300,1069516,-0.714050,0.666992,0.184875,-0.105469,92.0382,343.2379,0
6.6400,1069526,-0.714050,0.666992,0.184814,-0.105530,92.0412,343.2394,0
6.6500,1069536,-0.714050,0.666992,0.184753,-0.105591,92.0476,343.2414,0
6.6600,1069546,-0.714050,0.666992,0.184631,-0.105591,92.0524,343.2439,0
6.6700,1069556,-0.714111,0.666992,0.184570,-0.105530,92.0533,343.2433,0
6.6800,1069566,-0.714111,0.666992,0.184509,-0.105469,92.0524,343.2446,0
6.6900,1069576,-0.714111,0.666992,0.184448,-0.105408,92.0456,343.2435,0
6.7000,1069586,-0.714050,0.667053,0.184448,-0.105347,92.0327,343.2425,0
6.7100,1069596,-0.714050,0.667114,0.184387,-0.105347,92.0215,343.2409,0
6.7200,1069606,-0.714050,0.667114,0.184387,-0.105347,92.0205,343.2388,0
6.7300,1069616,-0.714111,0.667053,0.184387,-0.105347,92.0355,343.2368,0
6.7400,1069626,-0.714233,0.666870,0.184387,-0.105408,92.0521,343.2332,0
6.7500,1069636,-0.714355,0.666748,0.184387,-0.105469,92.0507,343.2291,0
6.7600,1069646,-0.714355,0.666748,0.184387,-0.105469,92.0280,343.2270,0
6.7700,1069656,-0.714233,0.666870,0.184387,-0.105408,91.9945,343.2298,0
6.7800,1069666,-0.714050,0.667114,0.184448,-0.105347,91.9675,343.2372,0
6.7900,1069676,-0.713867,0.667297,0.184387,-0.105408,91.9590,343.2478,0
6.8000,1069686,-0.713867,0.667297,0.184265,-0.105530,91.9753,343.2547,0
6.8100,1069696,-0.713989,0.667175,0.184204,-0.105652,92.0015,343.2553,0
6.8200,1069706,-0.714111,0.667053,0.184143,-0.105652,92.0234,343.2482,0
6.8300,1069716,-0.714233,0.666931,0.184204,-0.105652,92.0341,343.2343,0
6.8400,1069726,-0.714233,0.666931,0.184265,-0.105591,92.0312,343.2182,0
6.8500,1069736,-0.714172,0.666992,0.184326,-0.105469,92.0189,343.2042,0
6.8600,1069746,-0.714111,0.667053,0.184326,-0.105347,92.0061,343.1962,0
6.8700,1069756,-0.714111,0.667053,0.184326,-0.105347,92.0028,343.1934,0
6.8800,1069766,-0.714172,0.667053,0.184265,-0.105286,92.0068,343.1919,0
6.8900,1069776,-0.714233,0.666992,0.184204,-0.105286,92.0154,343.1893,0
6.9000,1069786,-0.714294,0.666931,0.184204,-0.105286,92.0247,343.1856,0
6.9100,1069796,-0.714355,0.666870,0.184265,-0.105225,92.0318,343.1774,0
6.9200,1069806,-0.714355,0.666870,0.184265,-0.105164,92.0351,343.1684,0
6.9300,1069816,-0.714355,0.666809,0.184326,-0.105103,92.0335,343.1618,0
6.9400,1069826,-0.714355,0.666809,0.184387,-0.105042,92.0344,343.1585,0
6.9500,1069836,-0.714355,0.666809,0.184387,-0.105042,92.0370,343.1595,0
6.9600,1069846,-0.714355,0.666809,0.184387,-0.105042,92.0365,343.1628,0
6.9700,1069856,-0.714355,0.666809,0.184448,-0.105103,92.0324,343.1689,0
6.9800,1069866,-0.714294,0.666870,0.184509,-0.105103,92.0238,343.1722,0
6.9900,1069876,-0.714233,0.666931,0.184570,-0.105164,92.0175,343.1760,0
7.0000,1069886,-0.714172,0.666931,0.184631,-0.105225,92.0173,343.1807,0
7.0100,1069896,-0.714172,0.666931,0.184631,-0.105225,92.0261,343.1798,0
7.0200,1069906,-0.714233,0.666870,0.184631,-0.105225,92.0321,343.1790,0
7.0300,1069916,-0.714233,0.666870,0.184631,-0.105225,92.0336,343.1771,0
7.0400,1069926,-0.714233,0.666870,0.184631,-0.105225,92.0357,343.1758,0
7.0500,1069936,-0.714233,0.666870,0.184631,-0.105225,92.0394,343.1752,0
7.0600,1069946,-0.714233,0.666870,0.184631,-0.105225,92.0459,343.1758,0
7.0700,1069956,-0.714233,0.666870,0.184631,-0.105225,92.0497,343.1770,0
7.0800,1069966,-0.714233,0.666870,0.184509,-0.105164,92.0491,343.1801,0
7.0900,1069976,-0.714233,0.666931,0.184448,-0.105103,92.0439,343.1830,0
7.1000,1069986,-0.714172,0.666992,0.184448,-0.105042,92.0335,343.1864,0
7.1100,1069996,-0.714111,0.667114,0.184448,-0.104980,92.0231,343.1884,0
7.1200,1070006,-0.714111,0.667114,0.184448,-0.104980,92.0203,343.1914,0
7.1300,1070016,-0.714111,0.667053,0.184509,-0.105042,92.0224,343.1961,0
7.1400,1070026,-0.714050,0.667053,0.184631,-0.105164,92.0262,343.1987,0
7.1500,1070036,-0.714050,0.667053,0.184753,-0.105286,92.0298,343.2011,0
7.1600,1070046,-0.713989,0.667053,0.184875,-0.105408,92.0314,343.2016,0
7.1700,1070056,-0.713989,0.666992,0.184937,-0.105469,92.0348,343.1985,0
7.1800,1070066,-0.713928,0.666992,0.185059,-0.105591,92.0415,343.1895,0
7.1900,1070076,-0.713989,0.666931,0.185120,-0.105652,92.0491,343.1809,0
7.2000,1070086,-0.714050,0.666870,0.185120,-0.105652,92.0569,343.1758,0
7.2100,1070096,-0.714050,0.666931,0.185059,-0.105591,92.0619,343.1744,0
7.2200,1070106,-0.714050,0.666931,0.184998,-0.105530,92.0649,343.1755,0
7.2300,1070116,-0.714050,0.666931,0.184937,-0.105469,92.0654,343.1803,0
7.2400,1070126,-0.714050,0.666931,0.184814,-0.105469,92.0640,343.1866,0
7.2500,1070136,-0.714050,0.666931,0.184814,-0.105469,92.0640,343.1902,0
7.2600,1070146,-0.714050,0.666931,0.184814,-0.105469,92.0645,343.1948,0
7.2700,1070156,-0.714050,0.666931,0.184814,-0.105469,92.0644,343.1998,0
7.2800,1070166,-0.714050,0.666931,0.184814,-0.105469,92.0637,343.2009,0
7.2900,1070176,-0.714050,0.666931,0.184875,-0.105530,92.0702,343.1954,0
7.3000,1070186,-0.714111,0.666870,0.184937,-0.105591,92.0846,343.1889,0
7.3100,1070196,-0.714172,0.666809,0.184998,-0.105652,92.1013,343.1804,0
7.3200,1070206,-0.714233,0.666687,0.184998,-0.105713,92.1136,343.1651,0
7.3300,1070216,-0.714355,0.666565,0.185059,-0.105713,92.1164,343.1465,0
7.3400,1070226,-0.714355,0.666504,0.185181,-0.105591,92.1127,343.1296,0
7.3500,1070236,-0.714355,0.666504,0.185303,-0.105469,92.1056,343.1153,0
7.3600,1070246,-0.714355,0.666504,0.185486,-0.105225,92.1006,343.1058,0
7.3700,1070256,-0.714355,0.666504,0.185425,-0.105225,92.1090,343.1046,0
7.3800,1070266,-0.714478,0.666382,0.185364,-0.105164,92.1252,343.1077,0
7.3900,1070276,-0.714600,0.666321,0.185242,-0.105103,92.1406,343.1124,0
7.4000,1070286,-0.714661,0.666260,0.185181,-0.105103,92.1458,343.1169,0
7.4100,1070296,-0.714600,0.666321,0.185181,-0.105042,92.1353,343.1200,0
7.4200,1070306,-0.714539,0.666443,0.185181,-0.104980,92.1181,343.1212,0
7.4300,1070316,-0.714478,0.666504,0.185181,-0.104980,92.1078,343.1228,0
7.4400,1070326,-0.714478,0.666504,0.185181,-0.104980,92.1098,343.1239,0
7.4500,1070336,-0.714539,0.666443,0.185181,-0.104919,92.1236,343.1242,0
7.4600,1070346,-0.714661,0.666321,0.185181,-0.104980,92.1415,343.1258,0
7.4700,1070356,-0.714722,0.666260,0.185181,-0.104980,92.1526,343.1272,0
7.4800,1070366,-0.714722,0.666260,0.185181,-0.104919,92.1518,343.1268,0
7.4900,1070376,-0.714661,0.666260,0.185242,-0.104858,92.1433,343.1241,0
7.5000,1070386,-0.714661,0.666321,0.185303,-0.104797,92.1384,343.1221,0
7.5100,1070396,-0.714661,0.666260,0.185364,-0.104736,92.1373,343.1233,0
7.5200,1070406,-0.714661,0.666260,0.185364,-0.104675,92.1398,343.1262,0
7.5300,1070416,-0.714661,0.666260,0.185303,-0.104614,92.1446,343.1302,0
7.5400,1070426,-0.714722,0.666260,0.185303,-0.104553,92.1473,343.1333,0
7.5500,1070436,-0.714661,0.666321,0.185303,-0.104553,92.1422,343.1375,0
7.5600,1070446,-0.714600,0.666382,0.185303,-0.104492,92.1332,343.1433,0
7.5700,1070456,-0.714539,0.666443,0.185303,-0.104492,92.1294,343.1518,0
7.5800,1070466,-0.714539,0.666443,0.185303,-0.104492,92.1471,343.1664,0
7.5900,1070476,-0.714600,0.666321,0.185303,-0.104614,92.1646,343.1808,0
7.6000,1070486,-0.714722,0.666260,0.185303,-0.104736,92.1746,343.1926,0
7.6100,1070496,-0.714722,0.666199,0.185364,-0.104919,92.1769,343.2043,0
7.6200,1070506,-0.714661,0.666199,0.185425,-0.105042,92.1767,343.2155,0
7.6300,1070516,-0.714661,0.666199,0.185425,-0.105164,92.1824,343.2189,0
7.6400,1070526,-0.714722,0.666077,0.185486,-0.105286,92.1896,343.2197,0
7.6500,1070536,-0.714722,0.666077,0.185486,-0.105286,92.1917,343.2175,0
7.6600,1070546,-0.714722,0.666077,0.185486,-0.105286,92.1890,343.2118,0
7.6700,1070556,-0.714722,0.666077,0.185486,-0.105286,92.1846,343.2053,0
7.6800,1070566,-0.714783,0.666077,0.185425,-0.105225,92.1793,343.2028,0
7.6900,1070576,-0.714783,0.666077,0.185364,-0.105164,92.1777,343.2004,0
7.7000,1070586,-0.714844,0.666016,0.185303,-0.105164,92.1864,343.1999,0
7.7100,1070596,-0.714966,0.665894,0.185303,-0.105164,92.2011,343.2000,0
7.7200,1070606,-0.715088,0.665771,0.185303,-0.105225,92.2151,343.2037,0
7.7300,1070616,-0.715149,0.665710,0.185242,-0.105225,92.2255,343.2054,0
7.7400,1070626,-0.715210,0.665588,0.185303,-0.105286,92.2329,343.2051,0
7.7500,1070636,-0.715210,0.665588,0.185425,-0.105408,92.2329,343.2084,0
7.7600,1070646,-0.715149,0.665588,0.185425,-0.105530,92.2233,343.2162,0
7.7700,1070656,-0.715088,0.665649,0.185486,-0.105713,92.2077,343.2242,0
7.7800,1070666,-0.714966,0.665710,0.185486,-0.105835,92.1959,343.2328,0
7.7900,1070676,-0.714966,0.665710,0.185486,-0.106018,92.1941,343.2417,0
7.8000,1070686,-0.714966,0.665649,0.185547,-0.106262,92.2012,343.2433,0
7.8100,1070696,-0.715027,0.665527,0.185608,-0.106506,92.2144,343.2430,0
7.8200,1070706,-0.715149,0.665405,0.185608,-0.106689,92.2258,343.2404,0
7.8300,1070716,-0.715149,0.665344,0.185608,-0.106812,92.2313,343.2335,0
7.8400,1070726,-0.715149,0.665344,0.185608,-0.106873,92.2300,343.2247,0
7.8500,1070736,-0.715149,0.665344,0.185608,-0.106873,92.2222,343.2121,0
7.8600,1070746,-0.715088,0.665405,0.185547,-0.106873,92.2136,343.1954,0
7.8700,1070756,-0.715088,0.665405,0.185547,-0.106873,92.2120,343.1767,0
7.8800,1070766,-0.715149,0.665405,0.185486,-0.106750,92.2140,343.1542,0
7.8900,1070776,-0.715210,0.665344,0.185486,-0.106628,92.2148,343.1305,0
7.9000,1070786,-0.715271,0.665283,0.185547,-0.106506,92.2078,343.1110,0
7.9100,1070796,-0.715271,0.665283,0.185608,-0.106384,92.1971,343.0967,0
7.9200,1070806,-0.715271,0.665283,0.185669,-0.106323,92.1887,343.0885,0
7.9300,1070816,-0.715271,0.665344,0.185608,-0.106262,92.1850,343.0854,0
7.9400,1070826,-0.715332,0.665283,0.185547,-0.106201,92.1891,343.0872,0
7.9500,1070836,-0.715332,0.665283,0.185486,-0.106201,92.1930,343.0913,0
7.9600,1070846,-0.715332,0.665283,0.185364,-0.106201,92.1906,343.0958,0
7.9700,1070856,-0.715393,0.665283,0.185364,-0.106140,92.1836,343.0995,0
7.9800,1070866,-0.715393,0.665283,0.185303,-0.106201,92.1776,343.1029,0
7.9900,1070876,-0.715393,0.665283,0.185303,-0.106201,92.1754,343.1063,0
8.0000,1070886,-0.715393,0.665283,0.185242,-0.106262,92.1775,343.1100,0
8.0100,1070896,-0.715454,0.665222,0.185242,-0.106262,92.1800,343.1112,0
8.0200,1070906,-0.715454,0.665222,0.185242,-0.106262,92.1783,343.1117,0
8.0300,1070916,-0.715454,0.665222,0.185242,-0.106262,92.1689,343.1110,0
8.0400,1070926,-0.715332,0.665344,0.185242,-0.106262,92.1500,343.1104,0
8.0500,1070936,-0.715271,0.665466,0.185242,-0.106262,92.1284,343.1097,0
8.0600,1070946,-0.715210,0.665527,0.185242,-0.106262,92.1144,343.1092,0
8.0700,1070956,-0.715210,0.665527,0.185242,-0.106262,92.1124,343.1086,0
8.0800,1070966,-0.715210,0.665466,0.185242,-0.106262,92.1194,343.1063,0
8.0900,1070976,-0.715271,0.665405,0.185181,-0.106323,92.1261,343.1046,0
8.1000,1070986,-0.715271,0.665405,0.185181,-0.106323,92.1270,343.1037,0
8.1100,1070996,-0.715271,0.665405,0.185120,-0.106262,92.1244,343.1022,0
8.1200,1071006,-0.715271,0.665405,0.185120,-0.106262,92.1201,343.1020,0
8.1300,1071016,-0.715332,0.665466,0.185059,-0.106201,92.1155,343.1012,0
8.1400,1071026,-0.715332,0.665405,0.184998,-0.106201,92.1116,343.1022,0
8.1500,1071036,-0.715332,0.665405,0.184998,-0.106201,92.1104,343.1050,0
8.1600,1071046,-0.715332,0.665405,0.185059,-0.106262,92.1109,343.1106,0
8.1700,1071056,-0.715271,0.665405,0.185059,-0.106384,92.1121,343.1122,0
8.1800,1071066,-0.715271,0.665405,0.185059,-0.106567,92.1197,343.1119,0
8.1900,1071076,-0.715271,0.665344,0.185181,-0.106628,92.1285,343.1122,0
8.2000,1071086,-0.715393,0.665161,0.185242,-0.106934,92.1387,343.1082,0
8.2100,1071096,-0.715454,0.665100,0.185242,-0.107056,92.1449,343.1062,0
8.2200,1071106,-0.715515,0.665039,0.185242,-0.107056,92.1453,343.1019,0
8.2300,1071116,-0.715454,0.665100,0.185181,-0.107056,92.1393,343.0973,0
8.2400,1071126,-0.715454,0.665100,0.185181,-0.107056,92.1258,343.0916,0
8.2500,1071136,-0.715393,0.665222,0.185181,-0.106995,92.1094,343.0804,0
8.2600,1071146,-0.715393,0.665222,0.185181,-0.106934,92.0998,343.0655,0
8.2700,1071156,-0.715454,0.665161,0.185120,-0.106812,92.1031,343.0527,0
8.2800,1071166,-0.715576,0.665100,0.185059,-0.106689,92.1135,343.0358,0
8.2900,1071176,-0.715637,0.665039,0.185059,-0.106506,92.1169,343.0223,0
8.3000,1071186,-0.715698,0.665039,0.185059,-0.106323,92.1100,343.0089,0
8.3100,1071196,-0.715637,0.665039,0.185059,-0.106201,92.0964,342.9991,0
8.3200,1071206,-0.715637,0.665100,0.185120,-0.106140,92.0888,342.9922,0
8.3300,1071216,-0.715698,0.665039,0.185120,-0.106140,92.0952,342.9923,0
8.3400,1071226,-0.715820,0.664917,0.185120,-0.106201,92.1113,342.9952,0
8.3500,1071236,-0.715881,0.664795,0.185181,-0.106323,92.1243,343.0009,0
8.3600,1071246,-0.715881,0.664734,0.185181,-0.106445,92.1272,343.0100,0
8.3700,1071256,-0.715820,0.664795,0.185242,-0.106567,92.1174,343.0160,0
8.3800,1071266,-0.715759,0.664856,0.185303,-0.106628,92.1046,343.0205,0
8.3900,1071276,-0.715698,0.664795,0.185364,-0.106689,92.0995,343.0219,0
8.4000,1071286,-0.715759,0.664734,0.185425,-0.106812,92.1054,343.0214,0
8.4100,1071296,-0.715820,0.664612,0.185486,-0.106873,92.1216,343.0191,0
8.4200,1071306,-0.715942,0.664490,0.185425,-0.106934,92.1371,343.0176,0
8.4300,1071316,-0.716064,0.664429,0.185425,-0.106934,92.1405,343.0167,0
8.4400,1071326,-0.716125,0.664368,0.185364,-0.106995,92.1378,343.0159,0
8.4500,1071336,-0.716064,0.664368,0.185364,-0.106995,92.1334,343.0168,0
8.4600,1071346,-0.716064,0.664368,0.185364,-0.106995,92.1245,343.0190,0
8.4700,1071356,-0.716064,0.664368,0.185364,-0.106995,92.1090,343.0196,0
8.4800,1071366,-0.715881,0.664612,0.185425,-0.106995,92.0894,343.0208,0
8.4900,1071376,-0.715759,0.664673,0.185486,-0.107056,92.0697,343.0214,0
8.5000,1071386,-0.715698,0.664734,0.185547,-0.107117,92.0574,343.0208,0
8.5100,1071396,-0.715637,0.664734,0.185608,-0.107239,92.0535,343.0190,0
8.5200,1071406,-0.715576,0.664734,0.185730,-0.107361,92.0569,343.0147,0
8.5300,1071416,-0.715637,0.664673,0.185791,-0.107483,92.0691,343.0083,0
8.5400,1071426,-0.715698,0.664551,0.185852,-0.107544,92.0830,343.0028,0
8.5500,1071436,-0.715759,0.664551,0.185852,-0.107605,92.0897,342.9970,0
8.5600,1071446,-0.715698,0.664551,0.185852,-0.107605,92.0883,342.9904,0
8.5700,1071456,-0.715698,0.664551,0.185791,-0.107605,92.0817,342.9810,0
8.5800,1071466,-0.715698,0.664551,0.185791,-0.107605,92.0770,342.9704,0
8.5900,1071476,-0.715698,0.664551,0.185852,-0.107544,92.0816,342.9555,0
8.6000,1071486,-0.715759,0.664490,0.185913,-0.107483,92.0902,342.9390,0
8.6100,1071496,-0.715820,0.664429,0.185974,-0.107422,92.0983,342.9210,0
8.6200,1071506,-0.715820,0.664429,0.186035,-0.107361,92.0995,342.9070,0
8.6300,1071516,-0.715820,0.664429,0.186096,-0.107300,92.0953,342.8966,0
8.6400,1071526,-0.715820,0.664429,0.186157,-0.107239,92.0912,342.8910,0
8.6500,1071536,-0.715820,0.664429,0.186157,-0.107239,92.0898,342.8909,0
8.6600,1071546,-0.715820,0.664429,0.186157,-0.107239,92.0926,342.8956,0
8.6700,1071556,-0.715881,0.664368,0.186096,-0.107300,92.1018,342.8989,0
8.6800,1071566,-0.715942,0.664307,0.186096,-0.107300,92.1129,342.9020,0
8.6900,1071576,-0.716003,0.664246,0.186096,-0.107361,92.1193,342.8989,0
8.7000,1071586,-0.716003,0.664185,0.186096,-0.107422,92.1194,342.8941,0
8.7100,1071596,-0.715942,0.664185,0.186157,-0.107483,92.1195,342.8908,0
8.7200,1071606,-0.715942,0.664185,0.186218,-0.107544,92.1185,342.8900,0
8.7300,1071616,-0.715942,0.664185,0.186218,-0.107544,92.1151,342.8916,0
8.7400,1071626,-0.715942,0.664246,0.186218,-0.107544,92.1089,342.8973,0
8.7500,1071636,-0.715942,0.664246,0.186157,-0.107605,92.1000,342.9033,0
8.7600,1071646,-0.715820,0.664368,0.185974,-0.107544,92.0916,342.9096,0
8.7700,1071656,-0.715820,0.664429,0.185852,-0.107544,92.0842,342.9138,0
8.7800,1071666,-0.715759,0.664490,0.185791,-0.107605,92.0766,342.9190,0
8.7900,1071676,-0.715759,0.664551,0.185730,-0.107666,92.0686,342.9257,0
8.8000,1071686,-0.715759,0.664551,0.185730,-0.107727,92.0682,342.9309,0
8.8100,1071696,-0.715759,0.664490,0.185730,-0.107910,92.0725,342.9321,0
8.8200,1071706,-0.715820,0.664429,0.185791,-0.107971,92.0778,342.9303,0
8.8300,1071716,-0.715820,0.664368,0.185852,-0.108032,92.0804,342.9274,0
8.8400,1071726,-0.715820,0.664368,0.185913,-0.108093,92.0758,342.9234,0
8.8500,1071736,-0.715759,0.664429,0.185913,-0.108093,92.0643,342.9196,0
8.8600,1071746,-0.715698,0.664490,0.185913,-0.108032,92.0527,342.9148,0
8.8700,1071756,-0.715637,0.664551,0.185913,-0.108032,92.0412,342.9109,0
8.8800,1071766,-0.715637,0.664551,0.185913,-0.108032,92.0362,342.9036,0
8.8900,1071776,-0.715637,0.664551,0.185913,-0.108032,92.0373,342.8943,0
8.9000,1071786,-0.715698,0.664490,0.185974,-0.108032,92.0432,342.8837,0
8.9100,1071796,-0.715759,0.664429,0.186035,-0.107971,92.0481,342.8694,0
8.9200,1071806,-0.715759,0.664368,0.186096,-0.107849,92.0524,342.8535,0
8.9300,1071816,-0.715820,0.664368,0.186157,-0.107788,92.0523,342.8397,0
8.9400,1071826,-0.715820,0.664307,0.186279,-0.107666,92.0511,342.8254,0
8.9500,1071836,-0.715820,0.664307,0.186340,-0.107605,92.0510,342.8148,0
8.9600,1071846,-0.715820,0.664307,0.186401,-0.107544,92.0516,342.8083,0
8.9700,1071856,-0.715820,0.664307,0.186401,-0.107544,92.0545,342.8081,0
8.9800,1071866,-0.715881,0.664246,0.186401,-0.107544,92.0757,342.8162,0
8.9900,1071876,-0.716003,0.664124,0.186401,-0.107605,92.1077,342.8257,0
9.0000,1071886,-0.716187,0.663879,0.186279,-0.107666,92.1440,342.8358,0
9.0100,1071896,-0.716431,0.663696,0.186218,-0.107788,92.1744,342.8448,0
9.0200,1071906,-0.716614,0.663452,0.186157,-0.107910,92.1836,342.8556,0
9.0300,1071916,-0.716675,0.663391,0.186035,-0.108032,92.1645,342.8642,0
9.0400,1071926,-0.716431,0.663696,0.185974,-0.108093,92.1291,342.8699,0
9.0500,1071936,-0.716248,0.663879,0.185974,-0.108093,92.0972,342.8736,0
9.0600,1071946,-0.716248,0.663879,0.185974,-0.108093,92.0875,342.8699,0
9.0700,1071956,-0.716309,0.663757,0.186096,-0.108154,92.1023,342.8599,0
9.0800,1071966,-0.716431,0.663574,0.186218,-0.108154,92.1187,342.8469,0
9.0900,1071976,-0.716492,0.663513,0.186340,-0.108154,92.1242,342.8315,0
9.1000,1071986,-0.716492,0.663513,0.186462,-0.108093,92.1158,342.8181,0
9.1100,1071996,-0.716431,0.663513,0.186523,-0.108032,92.1019,342.8077,0
9.1200,1072006,-0.716309,0.663635,0.186584,-0.107971,92.0862,342.8008,0
9.1300,1072016,-0.716309,0.663635,0.186584,-0.107971,92.0779,342.7978,0
9.1400,1072026,-0.716309,0.663635,0.186584,-0.107971,92.0754,342.7985,0
9.1500,1072036,-0.716309,0.663635,0.186584,-0.107971,92.0759,342.8022,0
9.1600,1072046,-0.716309,0.663635,0.186584,-0.107971,92.0788,342.8069,0
9.1700,1072056,-0.716309,0.663635,0.186584,-0.107971,92.0827,342.8119,0
9.1800,1072066,-0.716309,0.663696,0.186584,-0.108032,92.0841,342.8196,0
9.1900,1072076,-0.716248,0.663696,0.186462,-0.108093,92.0848,342.8318,0
9.2000,1072086,-0.716309,0.663696,0.186340,-0.108154,92.0914,342.8456,0
9.2100,1072096,-0.716370,0.663635,0.186218,-0.108215,92.0981,342.8569,0
9.2200,1072106,-0.716431,0.663574,0.186035,-0.108276,92.1039,342.8640,0
9.2300,1072116,-0.716492,0.663574,0.185974,-0.108337,92.1064,342.8660,0
9.2400,1072126,-0.716492,0.663574,0.185974,-0.108337,92.1053,342.8620,0
9.2500,1072136,-0.716492,0.663574,0.185974,-0.108337,92.1018,342.8530,0
9.2600,1072146,-0.716492,0.663574,0.185974,-0.108276,92.1028,342.8427,0
9.2700,1072156,-0.716492,0.663574,0.186035,-0.108215,92.1020,342.8328,0
9.2800,1072166,-0.716492,0.663513,0.186096,-0.108154,92.1024,342.8223,0
9.2900,1072176,-0.716553,0.663513,0.186157,-0.108093,92.1105,342.8129,0
9.3000,1072186,-0.716614,0.663452,0.186218,-0.108032,92.1199,342.8058,0
9.3100,1072196,-0.716675,0.663330,0.186218,-0.108032,92.1278,342.8025,0
9.3200,1072206,-0.716736,0.663269,0.186218,-0.108032,92.1281,342.8054,0
9.3300,1072216,-0.716736,0.663269,0.186157,-0.108032,92.1212,342.8111,0
9.3400,1072226,-0.716736,0.663391,0.186035,-0.107971,92.1106,342.8195,0
9.3500,1072236,-0.716736,0.663391,0.185913,-0.107910,92.1052,342.8268,0
9.3600,1072246,-0.716797,0.663330,0.185791,-0.107910,92.1132,342.8346,0
9.3700,1072256,-0.716980,0.663208,0.185730,-0.107849,92.1320,342.8366,0
9.3800,1072266,-0.717102,0.663086,0.185669,-0.107849,92.1523,342.8337,0
9.3900,1072276,-0.717224,0.662903,0.185669,-0.107788,92.1698,342.8269,0
9.4000,1072286,-0.717407,0.662781,0.185669,-0.107727,92.1816,342.8186,0
9.4100,1072296,-0.717468,0.662720,0.185669,-0.107666,92.1869,342.8119,0
9.4200,1072306,-0.717529,0.662659,0.185669,-0.107544,92.1902,342.8087,0
9.4300,1072316,-0.717590,0.662598,0.185669,-0.107483,92.1935,342.8062,0
9.4400,1072326,-0.717651,0.662598,0.185669,-0.107361,92.1907,342.8044,0
9.4500,1072336,-0.717590,0.662659,0.185608,-0.107300,92.1767,342.8069,0
9.4600,1072346,-0.717468,0.662781,0.185608,-0.107239,92.1581,342.8123,0
9.4700,1072356,-0.717407,0.662842,0.185547,-0.107178,92.1440,342.8211,0
9.4800,1072366,-0.717407,0.662842,0.185547,-0.107178,92.1406,342.8300,0
9.4900,1072376,-0.717468,0.662781,0.185547,-0.107178,92.1470,342.8380,0
9.5000,1072386,-0.717529,0.662720,0.185547,-0.107178,92.1571,342.8419,0
9.5100,1072396,-0.717590,0.662659,0.185547,-0.107178,92.1668,342.8433,0
9.5200,1072406,-0.717712,0.662537,0.185608,-0.107117,92.1778,342.8422,0
9.5300,1072416,-0.717773,0.662476,0.185608,-0.107056,92.1793,342.8412,0
9.5400,1072426,-0.717834,0.662476,0.185608,-0.106934,92.1736,342.8458,0
9.5500,1072436,-0.717834,0.662476,0.185608,-0.106873,92.1646,342.8518,0
9.5600,1072446,-0.717834,0.662537,0.185547,-0.106812,92.1591,342.8564,0
9.5700,1072456,-0.717834,0.662537,0.185547,-0.106689,92.1574,342.8584,0
9.5800,1072466,-0.717834,0.662476,0.185608,-0.106628,92.1607,342.8597,0
9.5900,1072476,-0.717834,0.662476,0.185608,-0.106628,92.1608,342.8645,0
9.6000,1072486,-0.717834,0.662476,0.185608,-0.106628,92.1568,342.8738,0
9.6100,1072496,-0.717834,0.662476,0.185608,-0.106628,92.1560,342.8880,0
9.6200,1072506,-0.717834,0.662476,0.185547,-0.106689,92.1550,342.9080,0
9.6300,1072516,-0.717834,0.662476,0.185486,-0.106812,92.1618,342.9306,0
9.6400,1072526,-0.717957,0.662415,0.185364,-0.106873,92.1754,342.9477,0
9.6500,1072536,-0.718018,0.662354,0.185303,-0.106995,92.1860,342.9622,0
9.6600,1072546,-0.718018,0.662354,0.185242,-0.107056,92.1883,342.9718,0
9.6700,1072556,-0.718018,0.662354,0.185303,-0.107056,92.1827,342.9756,0
9.6800,1072566,-0.717957,0.662354,0.185364,-0.107117,92.1757,342.9756,0
9.6900,1072576,-0.717957,0.662292,0.185425,-0.107178,92.1702,342.9739,0
9.7000,1072586,-0.717957,0.662292,0.185486,-0.107300,92.1703,342.9740,0
9.7100,1072596,-0.717957,0.662231,0.185608,-0.107361,92.1740,342.9710,0
9.7200,1072606,-0.717957,0.662170,0.185669,-0.107483,92.1810,342.9675,0
9.7300,1072616,-0.718018,0.662109,0.185730,-0.107544,92.1871,342.9637,0
9.7400,1072626,-0.718018,0.662048,0.185852,-0.107666,92.1900,342.9600,0
9.7500,1072636,-0.718018,0.662048,0.185974,-0.107788,92.1903,342.9545,0
9.7600,1072646,-0.717957,0.662048,0.186096,-0.107910,92.1918,342.9523,0
9.7700,1072656,-0.717957,0.661987,0.186218,-0.107971,92.1938,342.9489,0
9.7800,1072666,-0.717896,0.661987,0.186279,-0.108154,92.1939,342.9492,0
9.7900,1072676,-0.717896,0.661926,0.186279,-0.108276,92.1945,342.9489,0
9.8000,1072686,-0.717957,0.661926,0.186340,-0.108398,92.1993,342.9492,0
9.8100,1072696,-0.717896,0.661865,0.186340,-0.108459,92.1986,342.9477,0
9.8200,1072706,-0.717896,0.661865,0.186340,-0.108459,92.1878,342.9404,0
9.8300,1072716,-0.717896,0.661926,0.186401,-0.108459,92.1846,342.9292,0
9.8400,1072726,-0.717896,0.661926,0.186401,-0.108459,92.1894,342.9145,0
9.8500,1072736,-0.717957,0.661865,0.186401,-0.108398,92.1980,342.8975,0
9.8600,1072746,-0.718018,0.661804,0.186462,-0.108337,92.2050,342.8813,0
9.8700,1072756,-0.718079,0.661682,0.186523,-0.108276,92.2034,342.8666,0
9.8800,1072766,-0.718079,0.661682,0.186646,-0.108154,92.1936,342.8544,0
9.8900,1072776,-0.718018,0.661743,0.186646,-0.108093,92.1842,342.8482,0
9.9000,1072786,-0.718018,0.661743,0.186646,-0.108093,92.1848,342.8452,0
9.9100,1072796,-0.718079,0.661682,0.186646,-0.108154,92.1919,342.8459,0
9.9200,1072806,-0.718140,0.661621,0.186707,-0.108215,92.1951,342.8490,0
9.9300,1072816,-0.718079,0.661621,0.186768,-0.108276,92.1868,342.8520,0
9.9400,1072826,-0.718018,0.661682,0.186890,-0.108276,92.1677,342.8547,0
9.9500,1072836,-0.717896,0.661804,0.186951,-0.108337,92.1501,342.8538,0
9.9600,1072846,-0.717834,0.661804,0.187012,-0.108398,92.1429,342.8482,0
9.9700,1072856,-0.717834,0.661804,0.187134,-0.108398,92.1476,342.8357,0
9.9800,1072866,-0.717834,0.661682,0.187317,-0.108337,92.1561,342.8191,0
9.9900,1072876,-0.717896,0.661621,0.187500,-0.108337,92.1672,342.8004,0
10.0000,1072886,-0.717957,0.661560,0.187561,-0.108215,92.1717,342.7844,0
10.0100,1072896,-0.717957,0.661560,0.187683,-0.108093,92.1709,342.7710,0
10.0200,1072906,-0.717896,0.661621,0.187683,-0.107971,92.1636,342.7697,0
10.0300,1072916,-0.717834,0.661743,0.187622,-0.107910,92.1537,342.7737,0
10.0400,1072926,-0.717773,0.661804,0.187561,-0.107849,92.1502,342.7812,0
10.0500,1072936,-0.717834,0.661804,0.187500,-0.107788,92.1552,342.7871,0
10.0600,1072946,-0.717834,0.661743,0.187500,-0.107788,92.1670,342.7903,0
10.0700,1072956,-0.717834,0.661743,0.187500,-0.107788,92.1765,342.7928,0
10.0800,1072966,-0.717834,0.661743,0.187500,-0.107849,92.1832,342.7945,0
10.0900,1072976,-0.717834,0.661743,0.187500,-0.107849,92.1853,342.7979,0
10.1000,1072986,-0.717834,0.661743,0.187500,-0.107849,92.1891,342.8077,0
10.1100,1072996,-0.717834,0.661743,0.187500,-0.107849,92.2011,342.8194,0
10.1200,1073006,-0.717896,0.661682,0.187439,-0.107971,92.2152,342.8282,0
10.1300,1073016,-0.717957,0.661621,0.187439,-0.108032,92.2287,342.8315,0
10.1400,1073026,-0.718018,0.661499,0.187500,-0.108154,92.2367,342.8353,0
10.1500,1073036,-0.718079,0.661438,0.187561,-0.108276,92.2349,342.8395,0
10.1600,1073046,-0.717957,0.661438,0.187744,-0.108459,92.2254,342.8453,0
10.1700,1073056,-0.717896,0.661499,0.187805,-0.108582,92.2128,342.8482,0
10.1800,1073066,-0.717773,0.661560,0.187805,-0.108704,92.2032,342.8528,0
10.1900,1073076,-0.717773,0.661621,0.187805,-0.108826,92.2006,342.8590,0
10.2000,1073086,-0.717773,0.661560,0.187805,-0.108948,92.2089,342.8605,0
10.2100,1073096,-0.717834,0.661499,0.187744,-0.109009,92.2197,342.8584,0
10.2200,1073106,-0.717896,0.661438,0.187744,-0.109009,92.2240,342.8498,0
10.2300,1073116,-0.717834,0.661499,0.187744,-0.108948,92.2163,342.8352,0
10.2400,1073126,-0.717834,0.661499,0.187805,-0.108826,92.2059,342.8190,0
10.2500,1073136,-0.717834,0.661499,0.187805,-0.108704,92.1997,342.8013,0
10.2600,1073146,-0.717896,0.661499,0.187866,-0.108521,92.2026,342.7833,0
10.2700,1073156,-0.718018,0.661377,0.187866,-0.108398,92.2175,342.7705,0
10.2800,1073166,-0.718079,0.661316,0.187805,-0.108276,92.2321,342.7625,0
10.2900,1073176,-0.718201,0.661255,0.187805,-0.108154,92.2408,342.7555,0
10.3000,1073186,-0.718201,0.661255,0.187805,-0.108032,92.2412,342.7526,0
10.3100,1073196,-0.718201,0.661255,0.187805,-0.107971,92.2357,342.7527,0
10.3200,1073206,-0.718201,0.661255,0.187805,-0.107971,92.2335,342.7553,0
10.3300,1073216,-0.718201,0.661255,0.187805,-0.107971,92.2373,342.7601,0
10.3400,1073226,-0.718262,0.661194,0.187805,-0.107971,92.2468,342.7670,0
10.3500,1073236,-0.718262,0.661133,0.187866,-0.108032,92.2577,342.7730,0
10.3600,1073246,-0.718323,0.661072,0.187866,-0.108093,92.2650,342.7755,0
10.3700,1073256,-0.718323,0.661072,0.187988,-0.108215,92.2613,342.7780,0
10.3800,1073266,-0.718201,0.661072,0.188110,-0.108276,92.2530,342.7827,0
10.3900,1073276,-0.718140,0.661133,0.188232,-0.108398,92.2528,342.7877,0
10.4000,1073286,-0.718140,0.661133,0.188354,-0.108459,92.2622,342.7882,0
10.4100,1073296,-0.718140,0.661072,0.188416,-0.108582,92.2758,342.7875,0
10.4200,1073306,-0.718201,0.660950,0.188477,-0.108704,92.2876,342.7856,0
10.4300,1073316,-0.718262,0.660828,0.188538,-0.108765,92.2929,342.7850,0
10.4400,1073326,-0.718323,0.660767,0.188599,-0.108826,92.2943,342.7880,0
10.4500,1073336,-0.718262,0.660828,0.188538,-0.108887,92.2974,342.7950,0
10.4600,1073346,-0.718323,0.660767,0.188477,-0.108948,92.3022,342.8003,0
10.4700,1073356,-0.718384,0.660767,0.188416,-0.109009,92.3079,342.8042,0
10.4800,1073366,-0.718384,0.660767,0.188354,-0.109070,92.3103,342.8061,0
10.4900,1073376,-0.718323,0.660767,0.188293,-0.109131,92.3031,342.8066,0
10.5000,1073386,-0.718262,0.660828,0.188354,-0.109192,92.2874,342.8066,0
10.5100,1073396,-0.718140,0.660950,0.188354,-0.109253,92.2658,342.8072,0
10.5200,1073406,-0.718079,0.661011,0.188354,-0.109192,92.2518,342.8048,0
10.5300,1073416,-0.718079,0.661011,0.188354,-0.109192,92.2521,342.8013,0
10.5400,1073426,-0.718140,0.661011,0.188354,-0.109253,92.2560,342.7909,0
10.5500,1073436,-0.718140,0.661011,0.188354,-0.109253,92.2550,342.7822,0
10.5600,1073446,-0.718140,0.661011,0.188354,-0.109253,92.2469,342.7762,0
10.5700,1073456,-0.718140,0.661011,0.188354,-0.109253,92.2403,342.7701,0
10.5800,1073466,-0.718140,0.660950,0.188354,-0.109253,92.2436,342.7665,0
10.5900,1073476,-0.718262,0.660828,0.188354,-0.109253,92.2557,342.7620,0
10.6000,1073486,-0.718323,0.660767,0.188293,-0.109314,92.2726,342.7541,0
10.6100,1073496,-0.718445,0.660645,0.188354,-0.109253,92.2845,342.7448,0
10.6200,1073506,-0.718445,0.660645,0.188354,-0.109253,92.2816,342.7366,0
10.6300,1073516,-0.718323,0.660767,0.188354,-0.109253,92.2646,342.7312,0
10.6400,1073526,-0.718201,0.660889,0.188354,-0.109192,92.2352,342.7302,0
10.6500,1073536,-0.718018,0.661072,0.188354,-0.109192,92.2091,342.7340,0
10.6600,1073546,-0.717957,0.661133,0.188354,-0.109253,92.2133,342.7353,0
10.6700,1073556,-0.717957,0.661133,0.188354,-0.109253,92.2269,342.7305,0
10.6800,1073566,-0.718079,0.661072,0.188293,-0.109253,92.2380,342.7207,0
10.6900,1073576,-0.718140,0.660950,0.188354,-0.109253,92.2392,342.7089,0
10.7000,1073586,-0.718140,0.660950,0.188354,-0.109131,92.2249,342.6954,0
10.7100,1073596,-0.718079,0.661011,0.188416,-0.108948,92.2089,342.6886,0
10.7200,1073606,-0.718018,0.661194,0.188354,-0.108704,92.2009,342.6857,0
10.7300,1073616,-0.718018,0.661194,0.188293,-0.108643,92.2027,342.6884,0
10.7400,1073626,-0.718018,0.661255,0.188232,-0.108582,92.2098,342.6932,0
10.7500,1073636,-0.718018,0.661255,0.188171,-0.108521,92.2130,342.7027,0
10.7600,1073646,-0.718018,0.661316,0.188110,-0.108459,92.2048,342.7112,0
10.7700,1073656,-0.717896,0.661438,0.188110,-0.108398,92.1892,342.7180,0
10.7800,1073666,-0.717773,0.661560,0.188171,-0.108398,92.1768,342.7245,0
10.7900,1073676,-0.717712,0.661560,0.188171,-0.108337,92.1716,342.7313,0
10.8000,1073686,-0.717712,0.661560,0.188171,-0.108337,92.1761,342.7383,0
10.8100,1073696,-0.717773,0.661560,0.188171,-0.108398,92.1863,342.7462,0
10.8200,1073706,-0.717834,0.661499,0.188171,-0.108398,92.1954,342.7542,0
10.8300,1073716,-0.717834,0.661499,0.188171,-0.108398,92.2017,342.7583,0
10.8400,1073726,-0.717834,0.661499,0.188171,-0.108398,92.2041,342.7616,0
10.8500,1073736,-0.717834,0.661499,0.188171,-0.108398,92.2047,342.7636,0
10.8600,1073746,-0.717834,0.661499,0.188171,-0.108398,92.2099,342.7648,0
10.8700,1073756,-0.717896,0.661438,0.188232,-0.108521,92.2244,342.7653,0
10.8800,1073766,-0.717957,0.661316,0.188232,-0.108521,92.2405,342.7675,0
10.8900,1073776,-0.718018,0.661255,0.188171,-0.108582,92.2528,342.7743,0
10.9000,1073786,-0.718018,0.661255,0.188110,-0.108643,92.2539,342.7808,0
10.9100,1073796,-0.717957,0.661316,0.188110,-0.108643,92.2454,342.7846,0
10.9200,1073806,-0.717896,0.661438,0.188110,-0.108582,92.2308,342.7817,0
10.9300,1073816,-0.717834,0.661438,0.188171,-0.108521,92.2365,342.7713,0
10.9400,1073826,-0.717834,0.661438,0.188232,-0.108459,92.2502,342.7609,0
10.9500,1073836,-0.717957,0.661316,0.188293,-0.108398,92.2639,342.7546,0
10.9600,1073846,-0.718018,0.661255,0.188354,-0.108398,92.2685,342.7551,0
10.9700,1073856,-0.718018,0.661255,0.188354,-0.108398,92.2634,342.7621,0
10.9800,1073866,-0.718018,0.661255,0.188354,-0.108398,92.2533,342.7730,0
10.9900,1073876,-0.717957,0.661316,0.188293,-0.108398,92.2537,342.7833,0
11.0000,1073886,-0.718018,0.661255,0.188171,-0.108521,92.2660,342.7905,0
11.0100,1073896,-0.718079,0.661133,0.188171,-0.108582,92.2806,342.7950,0
11.0200,1073906,-0.718140,0.661072,0.188171,-0.108704,92.2904,342.7951,0
11.0300,1073916,-0.718140,0.661072,0.188232,-0.108765,92.2889,342.7964,0
11.0400,1073926,-0.718140,0.661072,0.188354,-0.108826,92.2822,342.7982,0
11.0500,1073936,-0.718018,0.661133,0.188354,-0.108948,92.2723,342.8010,0
11.0600,1073946,-0.717957,0.661194,0.188416,-0.109070,92.2581,342.8072,0
11.0700,1073956,-0.717834,0.661255,0.188416,-0.109131,92.2433,342.8084,0
11.0800,1073966,-0.717834,0.661255,0.188416,-0.109131,92.2382,342.8065,0
11.0900,1073976,-0.717834,0.661255,0.188416,-0.109131,92.2398,342.7993,0
11.1000,1073986,-0.717896,0.661194,0.188477,-0.109070,92.2486,342.7849,0
11.1100,1073996,-0.717896,0.661194,0.188538,-0.108948,92.2534,342.7616,0
11.1200,1074006,-0.717896,0.661194,0.188660,-0.108765,92.2473,342.7402,0
11.1300,1074016,-0.717896,0.661255,0.188721,-0.108521,92.2399,342.7187,0
11.1400,1074026,-0.717896,0.661255,0.188721,-0.108276,92.2364,342.7026,0
11.1500,1074036,-0.717957,0.661255,0.188721,-0.108032,92.2444,342.6928,0
11.1600,1074046,-0.718079,0.661133,0.188660,-0.107849,92.2645,342.6873,0
11.1700,1074056,-0.718201,0.661072,0.188599,-0.107605,92.2831,342.6826,0
11.1800,1074066,-0.718323,0.661011,0.188599,-0.107422,92.2984,342.6819,0
11.1900,1074076,-0.718384,0.660950,0.188599,-0.107300,92.3070,342.6829,0
11.2000,1074086,-0.718384,0.660950,0.188660,-0.107178,92.3171,342.6875,0
11.2100,1074096,-0.718384,0.660950,0.188660,-0.107117,92.3207,342.7049,0
11.2200,1074106,-0.718384,0.660950,0.188660,-0.107117,92.3193,342.7268,0
11.2300,1074116,-0.718384,0.660950,0.188660,-0.107239,92.3197,342.7535,0
11.2400,1074126,-0.718323,0.660950,0.188660,-0.107361,92.3242,342.7758,0
11.2500,1074136,-0.718323,0.660950,0.188660,-0.107483,92.3327,342.7975,0
11.2600,1074146,-0.718323,0.660950,0.188599,-0.107666,92.3449,342.8109,0
11.2700,1074156,-0.718323,0.660889,0.188599,-0.107788,92.3547,342.8183,0
11.2800,1074166,-0.718384,0.660828,0.188660,-0.107849,92.3558,342.8199,0
11.2900,1074176,-0.718323,0.660889,0.188721,-0.107788,92.3490,342.8167,0
11.3000,1074186,-0.718323,0.660950,0.188721,-0.107666,92.3408,342.8145,0
11.3100,1074196,-0.718323,0.660950,0.188660,-0.107483,92.3354,342.8099,0
11.3200,1074206,-0.718323,0.660950,0.188660,-0.107361,92.3362,342.8080,0
11.3300,1074216,-0.718384,0.660950,0.188599,-0.107239,92.3446,342.8092,0
11.3400,1074226,-0.718445,0.660950,0.188538,-0.107178,92.3497,342.8146,0
11.3500,1074236,-0.718445,0.660950,0.188477,-0.107117,92.3468,342.8251,0
11.3600,1074246,-0.718384,0.661072,0.188354,-0.107056,92.3364,342.8398,0
11.3700,1074256,-0.718323,0.661133,0.188293,-0.107117,92.3306,342.8579,0
11.3800,1074266,-0.718323,0.661133,0.188293,-0.107239,92.3328,342.8792,0
11.3900,1074276,-0.718323,0.661072,0.188293,-0.107483,92.3389,342.9018,0
11.4000,1074286,-0.718262,0.661072,0.188293,-0.107788,92.3447,342.9212,0
11.4100,1074296,-0.718201,0.661072,0.188293,-0.108032,92.3431,342.9397,0
11.4200,1074306,-0.718140,0.661133,0.188293,-0.108276,92.3327,342.9517,0
11.4300,1074316,-0.718079,0.661133,0.188354,-0.108398,92.3238,342.9554,0
11.4400,1074326,-0.718079,0.661133,0.188477,-0.108521,92.3231,342.9487,0
11.4500,1074336,-0.718079,0.661072,0.188538,-0.108643,92.3332,342.9352,0
11.4600,1074346,-0.718201,0.660950,0.188660,-0.108643,92.3458,342.9165,0
11.4700,1074356,-0.718201,0.660950,0.188721,-0.108582,92.3477,342.9000,0
11.4800,1074366,-0.718140,0.660950,0.188721,-0.108459,92.3383,342.8855,0
11.4900,1074376,-0.718140,0.661011,0.188721,-0.108276,92.3275,342.8736,0
11.5000,1074386,-0.718140,0.661072,0.188660,-0.108154,92.3220,342.8671,0
11.5100,1074396,-0.718140,0.661072,0.188599,-0.108032,92.3162,342.8604,0
11.5200,1074406,-0.718201,0.661072,0.188538,-0.107849,92.3166,342.8575,0
11.5300,1074416,-0.718201,0.661072,0.188538,-0.107849,92.3259,342.8572,0
11.5400,1074426,-0.718262,0.661011,0.188477,-0.107849,92.3454,342.8593,0
11.5500,1074436,-0.718384,0.660889,0.188477,-0.107910,92.3675,342.8613,0
11.5600,1074446,-0.718567,0.660583,0.188599,-0.108093,92.3808,342.8655,0
11.5700,1074456,-0.718567,0.660583,0.188660,-0.108154,92.3744,342.8701,0
11.5800,1074466,-0.718445,0.660706,0.188721,-0.108276,92.3571,342.8732,0
11.5900,1074476,-0.718323,0.660828,0.188843,-0.108337,92.3376,342.8767,0
11.6000,1074486,-0.718201,0.660889,0.188843,-0.108459,92.3233,342.8794,0
11.6100,1074496,-0.718201,0.660889,0.188904,-0.108459,92.3192,342.8773,0
11.6200,1074506,-0.718201,0.660828,0.189026,-0.108521,92.3242,342.8681,0
11.6300,1074516,-0.718262,0.660706,0.189087,-0.108459,92.3385,342.8510,0
11.6400,1074526,-0.718384,0.660583,0.189209,-0.108337,92.3533,342.8283,0
11.6500,1074536,-0.718445,0.660522,0.189331,-0.108215,92.3651,342.8032,0
11.6600,1074546,-0.718506,0.660461,0.189392,-0.108032,92.3693,342.7860,0
11.6700,1074556,-0.718445,0.660522,0.189392,-0.107849,92.3621,342.7780,0
11.6800,1074566,-0.718384,0.660645,0.189392,-0.107666,92.3480,342.7800,0
11.6900,1074576,-0.718323,0.660767,0.189270,-0.107605,92.3406,342.7867,0
11.7000,1074586,-0.718384,0.660767,0.189209,-0.107483,92.3449,342.7978,0
11.7100,1074596,-0.718445,0.660706,0.189087,-0.107544,92.3578,342.8125,0
11.7200,1074606,-0.718445,0.660645,0.189026,-0.107605,92.3688,342.8271,0
11.7300,1074616,-0.718506,0.660645,0.188965,-0.107666,92.3756,342.8403,0
11.7400,1074626,-0.718506,0.660645,0.188965,-0.107666,92.3750,342.8511,0
11.7500,1074636,-0.718445,0.660767,0.188965,-0.107666,92.3619,342.8584,0
11.7600,1074646,-0.718323,0.660889,0.188965,-0.107666,92.3424,342.8653,0
11.7700,1074656,-0.718201,0.660950,0.189026,-0.107666,92.3274,342.8695,0
11.7800,1074666,-0.718140,0.661011,0.189087,-0.107666,92.3428,342.8710,0
11.7900,1074676,-0.718201,0.660889,0.189148,-0.107788,92.3712,342.8718,0
11.8000,1074686,-0.718323,0.660706,0.189209,-0.107849,92.3945,342.8737,0
11.8100,1074696,-0.718445,0.660583,0.189148,-0.107910,92.4042,342.8749,0
11.8200,1074706,-0.718567,0.660522,0.189148,-0.107910,92.3974,342.8755,0
11.8300,1074716,-0.718567,0.660522,0.189148,-0.107910,92.3779,342.8767,0
11.8400,1074726,-0.718323,0.660767,0.189148,-0.107849,92.3599,342.8784,0
11.8500,1074736,-0.718323,0.660767,0.189148,-0.107849,92.3577,342.8811,0
11.8600,1074746,-0.718384,0.660706,0.189148,-0.107849,92.3681,342.8814,0
11.8700,1074756,-0.718445,0.660583,0.189148,-0.107849,92.3803,342.8811,0
11.8800,1074766,-0.718506,0.660583,0.189148,-0.107910,92.3871,342.8802,0
11.8900,1074776,-0.718506,0.660583,0.189148,-0.107910,92.3907,342.8782,0
11.9000,1074786,-0.718506,0.660583,0.189148,-0.107910,92.3935,342.8763,0
11.9100,1074796,-0.718567,0.660522,0.189148,-0.107910,92.3991,342.8750,0
11.9200,1074806,-0.718628,0.660461,0.189087,-0.107910,92.4092,342.8774,0
11.9300,1074816,-0.718689,0.660339,0.189148,-0.107971,92.4211,342.8814,0
11.9400,1074826,-0.718750,0.660278,0.189209,-0.108032,92.4283,342.8858,0
11.9500,1074836,-0.718750,0.660217,0.189270,-0.108093,92.4316,342.8894,0
11.9600,1074846,-0.718689,0.660217,0.189331,-0.108215,92.4323,342.8869,0
11.9700,1074856,-0.718689,0.660217,0.189392,-0.108276,92.4324,342.8779,0
11.9800,1074866,-0.718689,0.660217,0.189514,-0.108276,92.4356,342.8651,0
11.9900,1074876,-0.718689,0.660156,0.189575,-0.108154,92.4357,342.8543,0
12.0000,1074886,-0.718689,0.660156,0.189636,-0.108093,92.4346,342.8441,0
12.0100,1074896,-0.718750,0.660156,0.189697,-0.108032,92.4348,342.8367,0
12.0200,1074906,-0.718750,0.660156,0.189636,-0.107971,92.4361,342.8345,0
12.0300,1074916,-0.718811,0.660095,0.189575,-0.107910,92.4427,342.8347,0
12.0400,1074926,-0.718872,0.660034,0.189453,-0.107849,92.4561,342.8398,0
12.0500,1074936,-0.718994,0.659912,0.189392,-0.107849,92.4730,342.8430,0
12.0600,1074946,-0.719177,0.659790,0.189331,-0.107849,92.4997,342.8447,0
12.0700,1074956,-0.719360,0.659607,0.189270,-0.107849,92.5192,342.8476,0
12.0800,1074966,-0.719482,0.659485,0.189209,-0.107910,92.5234,342.8545,0
12.0900,1074976,-0.719543,0.659424,0.189209,-0.107910,92.5132,342.8640,0
12.1000,1074986,-0.719482,0.659424,0.189209,-0.107910,92.4975,342.8740,0
12.1100,1074996,-0.719421,0.659546,0.189148,-0.107910,92.4868,342.8818,0
12.1200,1075006,-0.719360,0.659607,0.189209,-0.108093,92.4879,342.8874,0
12.1300,1075016,-0.719421,0.659485,0.189270,-0.108215,92.4990,342.8880,0
12.1400,1075026,-0.719482,0.659424,0.189331,-0.108337,92.5102,342.8838,0
12.1500,1075036,-0.719482,0.659363,0.189392,-0.108398,92.5137,342.8766,0
12.1600,1075046,-0.719482,0.659302,0.189453,-0.108459,92.5075,342.8687,0
12.1700,1075056,-0.719421,0.659302,0.189514,-0.108521,92.5022,342.8635,0
12.1800,1075066,-0.719421,0.659302,0.189575,-0.108521,92.5031,342.8597,0
12.1900,1075076,-0.719421,0.659302,0.189575,-0.108521,92.5046,342.8562,0
12.2000,1075086,-0.719421,0.659302,0.189575,-0.108521,92.5054,342.8522,0
12.2100,1075096,-0.719482,0.659241,0.189575,-0.108521,92.5091,342.8491,0
12.2200,1075106,-0.719482,0.659302,0.189514,-0.108521,92.5097,342.8431,0
12.2300,1075116,-0.719482,0.659302,0.189453,-0.108459,92.5055,342.8362,0
12.2400,1075126,-0.719543,0.659302,0.189392,-0.108398,92.4991,342.8303,0
12.2500,1075136,-0.719543,0.659302,0.189331,-0.108337,92.4907,342.8264,0
12.2600,1075146,-0.719543,0.659302,0.189270,-0.108276,92.4827,342.8306,0
12.2700,1075156,-0.719543,0.659302,0.189270,-0.108276,92.4763,342.8382,0
12.2800,1075166,-0.719543,0.659302,0.189270,-0.108276,92.4755,342.8448,0
12.2900,1075176,-0.719543,0.659302,0.189270,-0.108276,92.4766,342.8461,0
12.3000,1075186,-0.719543,0.659241,0.189331,-0.108337,92.4806,342.8468,0
12.3100,1075196,-0.719604,0.659180,0.189453,-0.108459,92.4867,342.8434,0
12.3200,1075206,-0.719604,0.659180,0.189575,-0.108521,92.4861,342.8359,0
12.3300,1075216,-0.719543,0.659180,0.189697,-0.108459,92.4741,342.8246,0
12.3400,1075226,-0.719421,0.659302,0.189758,-0.108398,92.4604,342.8147,0
12.3500,1075236,-0.719360,0.659363,0.189880,-0.108276,92.4594,342.8088,0
12.3600,1075246,-0.719360,0.659302,0.189880,-0.108215,92.4643,342.8080,0
12.3700,1075256,-0.719421,0.659302,0.189880,-0.108215,92.4707,342.8119,0
12.3800,1075266,-0.719482,0.659241,0.189819,-0.108154,92.4785,342.8216,0
12.3900,1075276,-0.719543,0.659180,0.189697,-0.108154,92.4913,342.8296,0
12.4000,1075286,-0.719788,0.659058,0.189514,-0.108154,92.5023,342.8383,0
12.4100,1075296,-0.719849,0.658936,0.189453,-0.108093,92.5139,342.8449,0
12.4200,1075306,-0.719971,0.658875,0.189392,-0.108154,92.5243,342.8470,0
12.4300,1075316,-0.720032,0.658813,0.189392,-0.108154,92.5306,342.8478,0
12.4400,1075326,-0.720032,0.658813,0.189392,-0.108154,92.5301,342.8492,0
12.4500,1075336,-0.719971,0.658875,0.189392,-0.108154,92.5190,342.8523,0
12.4600,1075346,-0.719849,0.658936,0.189392,-0.108154,92.4983,342.8593,0
12.4700,1075356,-0.719727,0.659119,0.189392,-0.108154,92.4768,342.8661,0
12.4800,1075366,-0.719666,0.659180,0.189270,-0.108215,92.4636,342.8724,0
12.4900,1075376,-0.719666,0.659180,0.189331,-0.108337,92.4641,342.8726,0
12.5000,1075386,-0.719727,0.659058,0.189392,-0.108398,92.4716,342.8607,0
12.5100,1075396,-0.719727,0.658997,0.189575,-0.108459,92.4759,342.8452,0
12.5200,1075406,-0.719727,0.658997,0.189758,-0.108459,92.4710,342.8275,0
12.5300,1075416,-0.719666,0.658997,0.189941,-0.108521,92.4622,342.8143,0
12.5400,1075426,-0.719604,0.658997,0.190063,-0.108582,92.4568,342.8041,0
12.5500,1075436,-0.719543,0.658997,0.190186,-0.108704,92.4594,342.8022,0
12.5600,1075446,-0.719543,0.658936,0.190186,-0.108826,92.4708,342.8001,0
12.5700,1075456,-0.719604,0.658875,0.190186,-0.108887,92.4857,342.8012,0
12.5800,1075466,-0.719666,0.658875,0.190125,-0.108948,92.4970,342.8052,0
12.5900,1075476,-0.719666,0.658875,0.189941,-0.109009,92.5077,342.8113,0
12.6000,1075486,-0.719727,0.658875,0.189819,-0.109070,92.5111,342.8189,0
12.6100,1075496,-0.719727,0.658936,0.189636,-0.109070,92.5097,342.8256,0
12.6200,1075506,-0.719727,0.658936,0.189514,-0.109070,92.5029,342.8254,0
12.6300,1075516,-0.719666,0.658997,0.189453,-0.109070,92.5007,342.8199,0
12.6400,1075526,-0.719666,0.658997,0.189392,-0.109131,92.5063,342.8092,0
12.6500,1075536,-0.719727,0.658936,0.189392,-0.109131,92.5080,342.7944,0
12.6600,1075546,-0.719788,0.658875,0.189453,-0.109070,92.4990,342.7797,0
12.6700,1075556,-0.719788,0.658875,0.189514,-0.109009,92.4809,342.7675,0
12.6800,1075566,-0.719666,0.658997,0.189575,-0.108887,92.4637,342.7578,0
12.6900,1075576,-0.719604,0.659058,0.189575,-0.108887,92.4510,342.7514,0
12.7000,1075586,-0.719604,0.659058,0.189575,-0.108948,92.4425,342.7490,0
12.7100,1075596,-0.719543,0.659058,0.189636,-0.109070,92.4373,342.7473,0
12.7200,1075606,-0.719543,0.659119,0.189697,-0.109131,92.4354,342.7425,0
12.7300,1075616,-0.719482,0.659119,0.189697,-0.109192,92.4288,342.7386,0
12.7400,1075626,-0.719421,0.659180,0.189697,-0.109253,92.4196,342.7360,0
12.7500,1075636,-0.719421,0.659180,0.189636,-0.109253,92.4150,342.7330,0
12.7600,1075646,-0.719421,0.659180,0.189636,-0.109314,92.4189,342.7289,0
12.7700,1075656,-0.719482,0.659119,0.189636,-0.109253,92.4274,342.7197,0
12.7800,1075666,-0.719543,0.659058,0.189636,-0.109253,92.4361,342.7092,0
12.7900,1075676,-0.719543,0.659058,0.189636,-0.109192,92.4378,342.6981,0
12.8000,1075686,-0.719604,0.658997,0.189697,-0.109131,92.4382,342.6894,0
12.8100,1075696,-0.719604,0.658997,0.189758,-0.109070,92.4362,342.6823,0
12.8200,1075706,-0.719604,0.658997,0.189758,-0.109070,92.4349,342.6768,0
12.8300,1075716,-0.719604,0.658997,0.189819,-0.109009,92.4404,342.6733,0
12.8400,1075726,-0.719543,0.658997,0.189819,-0.109009,92.4407,342.6736,0
12.8500,1075736,-0.719543,0.659058,0.189758,-0.109009,92.4315,342.6786,0
12.8600,1075746,-0.719482,0.659119,0.189758,-0.109009,92.4186,342.6870,0
12.8700,1075756,-0.719421,0.659241,0.189697,-0.109070,92.4063,342.6947,0
12.8800,1075766,-0.719360,0.659241,0.189636,-0.109192,92.4006,342.7021,0
12.8900,1075776,-0.719360,0.659241,0.189636,-0.109192,92.3993,342.7067,0
12.9000,1075786,-0.719421,0.659180,0.189575,-0.109253,92.4111,342.7016,0
12.9100,1075796,-0.719482,0.659119,0.189575,-0.109314,92.4283,342.6943,0
12.9200,1075806,-0.719604,0.658997,0.189636,-0.109375,92.4441,342.6892,0
12.9300,1075816,-0.719666,0.658875,0.189636,-0.109436,92.4483,342.6868,0
12.9400,1075826,-0.719727,0.658813,0.189636,-0.109497,92.4387,342.6868,0
12.9500,1075836,-0.719727,0.658875,0.189636,-0.109497,92.4189,342.6910,0
12.9600,1075846,-0.719482,0.659058,0.189575,-0.109497,92.4013,342.6991,0
12.9700,1075856,-0.719421,0.659119,0.189514,-0.109619,92.3903,342.7061,0
12.9800,1075866,-0.719421,0.659119,0.189575,-0.109802,92.3894,342.7116,0
12.9900,1075876,-0.719421,0.659058,0.189575,-0.109985,92.3945,342.7124,0
13.0000,1075886,-0.719421,0.659058,0.189636,-0.110046,92.3922,342.7103,0
13.0100,1075896,-0.719360,0.659058,0.189697,-0.110168,92.3852,342.7070,0
13.0200,1075906,-0.719360,0.659058,0.189758,-0.110229,92.3833,342.6998,0
13.0300,1075916,-0.719360,0.658997,0.189819,-0.110352,92.3917,342.6874,0
13.0400,1075926,-0.719482,0.658875,0.189819,-0.110474,92.4073,342.6727,0
13.0500,1075936,-0.719543,0.658752,0.189880,-0.110535,92.4192,342.6576,0
13.0600,1075946,-0.719543,0.658752,0.189941,-0.110596,92.4174,342.6443,0
13.0700,1075956,-0.719482,0.658813,0.190002,-0.110657,92.4045,342.6348,0
13.0800,1075966,-0.719421,0.658875,0.190063,-0.110718,92.3916,342.6256,0
13.0900,1075976,-0.719360,0.658875,0.190063,-0.110779,92.3840,342.6192,0
13.1000,1075986,-0.719360,0.658875,0.190125,-0.110840,92.3799,342.6154,0
13.1100,1075996,-0.719299,0.658875,0.190125,-0.111023,92.3781,342.6172,0
13.1200,1076006,-0.719299,0.658875,0.190125,-0.111206,92.3794,342.6147,0
13.1300,1076016,-0.719238,0.658875,0.190186,-0.111328,92.3777,342.6086,0
13.1400,1076026,-0.719177,0.658875,0.190247,-0.111511,92.3672,342.5998,0
13.1500,1076036,-0.719116,0.658997,0.190308,-0.111572,92.3494,342.5883,0
13.1600,1076046,-0.718994,0.659058,0.190369,-0.111633,92.3344,342.5740,0
13.1700,1076056,-0.718933,0.659058,0.190430,-0.111633,92.3337,342.5544,0
13.1800,1076066,-0.718994,0.659058,0.190491,-0.111572,92.3349,342.5269,0
13.1900,1076076,-0.718994,0.659058,0.190613,-0.111511,92.3288,342.5068,0
13.2000,1076086,-0.718994,0.659058,0.190674,-0.111450,92.3209,342.4931,0
13.2100,1076096,-0.718933,0.659119,0.190674,-0.111328,92.3120,342.4842,0
13.2200,1076106,-0.718933,0.659119,0.190552,-0.111328,92.3089,342.4823,0
13.2300,1076116,-0.718933,0.659180,0.190491,-0.111267,92.3089,342.4823,0
13.2400,1076126,-0.718933,0.659180,0.190308,-0.111206,92.3078,342.4823,0
13.2500,1076136,-0.718872,0.659302,0.190308,-0.111206,92.2966,342.4810,0
13.2600,1076146,-0.718811,0.659363,0.190308,-0.111206,92.2830,342.4769,0
13.2700,1076156,-0.718750,0.659424,0.190308,-0.111206,92.2748,342.4701,0
13.2800,1076166,-0.718750,0.659424,0.190308,-0.111206,92.2777,342.4629,0
13.2900,1076176,-0.718811,0.659363,0.190247,-0.111267,92.2882,342.4591,0
13.3000,1076186,-0.718872,0.659302,0.190247,-0.111267,92.2958,342.4573,0
13.3100,1076196,-0.718811,0.659302,0.190247,-0.111267,92.2911,342.4579,0
13.3200,1076206,-0.718750,0.659424,0.190247,-0.111267,92.2772,342.4585,0
13.3300,1076216,-0.718689,0.659485,0.190186,-0.111267,92.2640,342.4585,0
13.3400,1076226,-0.718689,0.659485,0.190186,-0.111328,92.2609,342.4567,0
13.3500,1076236,-0.718750,0.659424,0.190186,-0.111328,92.2722,342.4526,0
13.3600,1076246,-0.718811,0.659363,0.190125,-0.111389,92.2854,342.4470,0
13.3700,1076256,-0.718872,0.659302,0.190125,-0.111389,92.2943,342.4457,0
13.3800,1076266,-0.718872,0.659302,0.190063,-0.111450,92.2986,342.4450,0
13.3900,1076276,-0.718872,0.659302,0.190002,-0.111511,92.2954,342.4491,0
13.4000,1076286,-0.718872,0.659363,0.189880,-0.111572,92.2924,342.4541,0
13.4100,1076296,-0.718811,0.659363,0.189819,-0.111694,92.2889,342.4572,0
13.4200,1076306,-0.718811,0.659424,0.189758,-0.111694,92.2779,342.4565,0
13.4300,1076316,-0.718689,0.659546,0.189758,-0.111694,92.2538,342.4534,0
13.4400,1076326,-0.718506,0.659729,0.189758,-0.111694,92.2250,342.4499,0
13.4500,1076336,-0.718384,0.659851,0.189758,-0.111694,92.2059,342.4436,0
13.4600,1076346,-0.718384,0.659851,0.189758,-0.111694,92.2240,342.4341,0
13.4700,1076356,-0.718506,0.659729,0.189697,-0.111755,92.2459,342.4239,0
13.4800,1076366,-0.718628,0.659607,0.189697,-0.111755,92.2584,342.4148,0
13.4900,1076376,-0.718750,0.659485,0.189636,-0.111755,92.2577,342.4073,0
13.5000,1076386,-0.718811,0.659485,0.189514,-0.111755,92.2469,342.4008,0
13.5100,1076396,-0.718811,0.659546,0.189453,-0.111694,92.2337,342.3958,0
13.5200,1076406,-0.718811,0.659607,0.189270,-0.111572,92.2229,342.3922,0
13.5300,1076416,-0.718811,0.659607,0.189148,-0.111511,92.2156,342.3918,0
13.5400,1076426,-0.718750,0.659668,0.189087,-0.111511,92.2046,342.3950,0
13.5500,1076436,-0.718689,0.659790,0.188965,-0.111511,92.1828,342.4003,0
13.5600,1076446,-0.718567,0.659973,0.188965,-0.111511,92.1579,342.4060,0
13.5700,1076456,-0.718445,0.660034,0.188965,-0.111633,92.1444,342.4109,0
13.5800,1076466,-0.718506,0.659973,0.189026,-0.111694,92.1517,342.4113,0
13.5900,1076476,-0.718628,0.659790,0.189087,-0.111816,92.1753,342.4056,0
13.6000,1076486,-0.718750,0.659607,0.189148,-0.112000,92.2043,342.3954,0
13.6100,1076496,-0.718872,0.659424,0.189270,-0.112061,92.2241,342.3805,0
13.6200,1076506,-0.718872,0.659424,0.189331,-0.112061,92.2233,342.3662,0
13.6300,1076516,-0.718811,0.659485,0.189392,-0.112000,92.2035,342.3545,0
13.6400,1076526,-0.718689,0.659607,0.189392,-0.111938,92.1824,342.3451,0
13.6500,1076536,-0.718689,0.659607,0.189392,-0.111877,92.1759,342.3380,0
13.6600,1076546,-0.718811,0.659546,0.189331,-0.111877,92.1859,342.3336,0
13.6700,1076556,-0.718872,0.659424,0.189331,-0.111938,92.2012,342.3318,0
13.6800,1076566,-0.718933,0.659363,0.189270,-0.111877,92.2051,342.3344,0
13.6900,1076576,-0.718933,0.659424,0.189209,-0.111816,92.1928,342.3386,0
13.7000,1076586,-0.718811,0.659546,0.189087,-0.111755,92.1722,342.3450,0
13.7100,1076596,-0.718750,0.659668,0.189026,-0.111816,92.1574,342.3504,0
13.7200,1076606,-0.718750,0.659668,0.188965,-0.111877,92.1497,342.3554,0
13.7300,1076616,-0.718811,0.659668,0.188904,-0.111938,92.1536,342.3591,0
13.7400,1076626,-0.718872,0.659546,0.188904,-0.112000,92.1621,342.3465,0
13.7500,1076636,-0.718933,0.659485,0.188965,-0.112000,92.1662,342.3274,0
13.7600,1076646,-0.718994,0.659363,0.189087,-0.111938,92.1659,342.3058,0
13.7700,1076656,-0.718994,0.659363,0.189209,-0.111816,92.1657,342.2818,0
13.7800,1076666,-0.718994,0.659302,0.189392,-0.111694,92.1638,342.2632,0
13.7900,1076676,-0.719055,0.659302,0.189514,-0.111511,92.1584,342.2539,0
13.8000,1076686,-0.718994,0.659363,0.189514,-0.111206,92.1540,342.2499,0
13.8100,1076696,-0.719055,0.659363,0.189453,-0.111145,92.1503,342.2508,0
13.8200,1076706,-0.719055,0.659363,0.189331,-0.111084,92.1492,342.2602,0
13.8300,1076716,-0.719116,0.659363,0.189270,-0.110962,92.1535,342.2720,0
13.8400,1076726,-0.719177,0.659302,0.189270,-0.111023,92.1694,342.2838,0
13.8500,1076736,-0.719299,0.659119,0.189209,-0.111084,92.1970,342.2980,0
13.8600,1076746,-0.719482,0.658936,0.189148,-0.111145,92.2257,342.3043,0
13.8700,1076756,-0.719604,0.658813,0.189209,-0.111267,92.2433,342.3131,0
13.8800,1076766,-0.719604,0.658752,0.189209,-0.111389,92.2506,342.3234,0
13.8900,1076776,-0.719666,0.658691,0.189270,-0.111511,92.2576,342.3336,0
13.9000,1076786,-0.719727,0.658569,0.189270,-0.111694,92.2660,342.3409,0
13.9100,1076796,-0.719788,0.658508,0.189331,-0.111755,92.2775,342.3430,0
13.9200,1076806,-0.719849,0.658386,0.189392,-0.111816,92.2866,342.3398,0
13.9300,1076816,-0.719849,0.658386,0.189453,-0.111816,92.2805,342.3325,0
13.9400,1076826,-0.719727,0.658447,0.189514,-0.111755,92.2574,342.3232,0
13.9500,1076836,-0.719604,0.658630,0.189575,-0.111633,92.2314,342.3137,0
13.9600,1076846,-0.719543,0.658630,0.189636,-0.111572,92.2203,342.3079,0
13.9700,1076856,-0.719666,0.658569,0.189697,-0.111572,92.2317,342.2998,0
13.9800,1076866,-0.719788,0.658386,0.189636,-0.111572,92.2532,342.2969,0
13.9900,1076876,-0.719910,0.658264,0.189636,-0.111633,92.2678,342.2953,0
14.0000,1076886,-0.719910,0.658264,0.189636,-0.111633,92.2685,342.2973,0
14.0100,1076896,-0.719849,0.658386,0.189636,-0.111633,92.2532,342.3046,0
14.0200,1076906,-0.719727,0.658447,0.189575,-0.111694,92.2410,342.3228,0
14.0300,1076916,-0.719666,0.658569,0.189514,-0.111877,92.2322,342.3394,0
14.0400,1076926,-0.719604,0.658569,0.189514,-0.112061,92.2257,342.3533,0
14.0500,1076936,-0.719543,0.658569,0.189514,-0.112305,92.2123,342.3604,0
14.0600,1076946,-0.719421,0.658630,0.189575,-0.112488,92.1919,342.3613,0
14.0700,1076956,-0.719299,0.658752,0.189636,-0.112671,92.1743,342.3501,0
14.0800,1076966,-0.719177,0.658813,0.189758,-0.112732,92.1724,342.3287,0
14.0900,1076976,-0.719299,0.658691,0.190002,-0.112610,92.1849,342.3039,0
14.1000,1076986,-0.719421,0.658447,0.190063,-0.112549,92.2082,342.2743,0
14.1100,1076996,-0.719604,0.658325,0.190186,-0.112427,92.2244,342.2468,0
14.1200,1077006,-0.719604,0.658325,0.190308,-0.112244,92.2243,342.2256,0
14.1300,1077016,-0.719604,0.658325,0.190308,-0.112000,92.2167,342.2090,0
14.1400,1077026,-0.719604,0.658386,0.190308,-0.111877,92.2112,342.2041,0
14.1500,1077036,-0.719604,0.658386,0.190247,-0.111816,92.2167,342.2048,0
14.1600,1077046,-0.719727,0.658325,0.190186,-0.111755,92.2333,342.2119,0
14.1700,1077056,-0.719788,0.658203,0.190125,-0.111816,92.2495,342.2229,0
14.1800,1077066,-0.719849,0.658203,0.190063,-0.111938,92.2561,342.2369,0
14.1900,1077076,-0.719788,0.658203,0.190002,-0.112000,92.2544,342.2513,0
14.2000,1077086,-0.719788,0.658203,0.190002,-0.112122,92.2499,342.2602,0
14.2100,1077096,-0.719788,0.658203,0.190002,-0.112183,92.2492,342.2668,0
14.2200,1077106,-0.719788,0.658142,0.190125,-0.112305,92.2538,342.2677,0
14.2300,1077116,-0.719788,0.658081,0.190247,-0.112427,92.2618,342.2601,0
14.2400,1077126,-0.719849,0.657959,0.190369,-0.112427,92.2719,342.2484,0
14.2500,1077136,-0.719849,0.657898,0.190491,-0.112366,92.2749,342.2330,609
14.2600,1077146,-0.719910,0.657898,0.190613,-0.112305,92.2689,342.2178,0
14.2700,1077156,-0.719910,0.657898,0.190613,-0.112122,92.2668,342.2054,0
14.2800,1077166,-0.720215,0.657654,0.190369,-0.111816,92.3016,342.1994,0
14.2900,1077176,-0.720337,0.657532,0.190308,-0.111877,92.3204,342.2080,0
14.3000,1077186,-0.720459,0.657410,0.190186,-0.112000,92.3252,342.2274,0
14.3100,1077196,-0.720520,0.657410,0.190125,-0.112122,92.3100,342.2487,0
14.3200,1077206,-0.720398,0.657471,0.190002,-0.112244,92.2937,342.2677,0
14.3300,1077216,-0.720337,0.657593,0.189880,-0.112305,92.2950,342.2840,0
14.3400,1077226,-0.720337,0.657593,0.189758,-0.112427,92.3110,342.2923,0
14.3500,1077236,-0.720459,0.657471,0.189697,-0.112549,92.3303,342.2900,0
14.3600,1077246,-0.720642,0.657288,0.189697,-0.112671,92.3398,342.2813,0
14.3700,1077256,-0.720642,0.657288,0.189880,-0.112610,92.3144,342.2594,0
14.3800,1077266,-0.720520,0.657349,0.190002,-0.112488,92.2902,342.2417,0
14.3900,1077276,-0.720398,0.657471,0.190125,-0.112366,92.2662,342.2255,0
14.4000,1077286,-0.720337,0.657532,0.190247,-0.112244,92.2494,342.2178,0
14.4100,1077296,-0.720337,0.657532,0.190186,-0.112244,92.2488,342.2242,0
14.4200,1077306,-0.720337,0.657532,0.190125,-0.112183,92.2489,342.2308,0
14.4300,1077316,-0.720337,0.657593,0.190002,-0.112122,92.2501,342.2377,0
14.4400,1077326,-0.720398,0.657593,0.189880,-0.112061,92.2537,342.2438,0
14.4500,1077336,-0.720459,0.657532,0.189819,-0.112000,92.2654,342.2467,0
14.4600,1077346,-0.720581,0.657410,0.189697,-0.111938,92.2818,342.2452,0
14.4700,1077356,-0.720703,0.657349,0.189636,-0.111877,92.2945,342.2415,0
14.4800,1077366,-0.720764,0.657288,0.189636,-0.111755,92.2994,342.2349,0
14.4900,1077376,-0.720825,0.657288,0.189697,-0.111633,92.2987,342.2307,0
14.5000,1077386,-0.720825,0.657288,0.189697,-0.111511,92.2981,342.2266,0
14.5100,1077396,-0.720825,0.657227,0.189758,-0.111450,92.2939,342.2227,0
14.5200,1077406,-0.720825,0.657227,0.189819,-0.111389,92.2923,342.2232,0
14.5300,1077416,-0.720825,0.657227,0.189819,-0.111389,92.2943,342.2261,0
14.5400,1077426,-0.720825,0.657227,0.189819,-0.111389,92.2962,342.2341,0
14.5500,1077436,-0.720825,0.657227,0.189819,-0.111389,92.2945,342.2453,0
14.5600,1077446,-0.720825,0.657227,0.189758,-0.111450,92.2881,342.2619,0
14.5700,1077456,-0.720825,0.657288,0.189758,-0.111572,92.2833,342.2788,0
14.5800,1077466,-0.720825,0.657288,0.189697,-0.111633,92.2816,342.2901,0
14.5900,1077476,-0.720764,0.657288,0.189636,-0.111694,92.2806,342.2985,0
14.6000,1077486,-0.720764,0.657288,0.189636,-0.111694,92.2815,342.3018,0
14.6100,1077496,-0.720764,0.657288,0.189636,-0.111694,92.2870,342.3007,0
14.6200,1077506,-0.720825,0.657227,0.189636,-0.111694,92.2941,342.2996,0
14.6300,1077516,-0.720886,0.657166,0.189636,-0.111694,92.3026,342.2963,0
14.6400,1077526,-0.720947,0.657104,0.189636,-0.111694,92.3059,342.2961,0
14.6500,1077536,-0.721008,0.657043,0.189636,-0.111694,92.3031,342.2953,0
14.6600,1077546,-0.720947,0.657104,0.189636,-0.111694,92.2927,342.2957,0
14.6700,1077556,-0.720825,0.657166,0.189758,-0.111755,92.2769,342.2985,0
14.6800,1077566,-0.720764,0.657227,0.189819,-0.111816,92.2661,342.3015,0
14.6900,1077576,-0.720703,0.657227,0.189941,-0.111938,92.2706,342.3033,0
14.7000,1077586,-0.720764,0.657104,0.190125,-0.112061,92.2856,342.3055,0
14.7100,1077596,-0.720886,0.656921,0.190247,-0.112244,92.3082,342.3015,0
14.7200,1077606,-0.721008,0.656677,0.190369,-0.112427,92.3373,342.2984,0
14.7300,1077616,-0.721191,0.656494,0.190430,-0.112610,92.3615,342.2911,0
14.7400,1077626,-0.721252,0.656311,0.190491,-0.112732,92.3767,342.2871,0
14.7500,1077636,-0.721375,0.656189,0.190613,-0.112854,92.3876,342.2857,0
14.7600,1077646,-0.721436,0.656128,0.190613,-0.112976,92.3961,342.2885,0
14.7700,1077656,-0.721497,0.656067,0.190491,-0.113037,92.4007,342.2898,0
14.7800,1077666,-0.721558,0.656006,0.190430,-0.113159,92.4062,342.2911,0
14.7900,1077676,-0.721680,0.655884,0.190369,-0.113220,92.4186,342.2905,0
14.8000,1077686,-0.721802,0.655701,0.190308,-0.113342,92.4355,342.2894,0
14.8100,1077696,-0.721985,0.655518,0.190247,-0.113403,92.4522,342.2852,0
14.8200,1077706,-0.722046,0.655396,0.190247,-0.113586,92.4592,342.2817,0
14.8300,1077716,-0.722046,0.655396,0.190247,-0.113708,92.4480,342.2820,0
14.8400,1077726,-0.721863,0.655518,0.190247,-0.113892,92.4140,342.2869,0
14.8500,1077736,-0.721680,0.655762,0.190186,-0.114136,92.3693,342.2986,0
14.8600,1077746,-0.721375,0.656006,0.190125,-0.114441,92.3337,342.3308,0
14.8700,1077756,-0.721191,0.656189,0.189880,-0.114807,92.3064,342.3714,0
14.8800,1077766,-0.721069,0.656372,0.189575,-0.115295,92.2867,342.4175,0
14.8900,1077776,-0.720947,0.656555,0.189270,-0.115784,92.2660,342.4634,0
14.9000,1077786,-0.720764,0.656738,0.188904,-0.116333,92.2414,342.5086,0
14.9100,1077796,-0.720642,0.656921,0.188538,-0.116882,92.2101,342.5518,0
14.9200,1077806,-0.720459,0.657104,0.188049,-0.117371,92.1706,342.5951,0
14.9300,1077816,-0.720032,0.657593,0.187134,-0.118652,92.1270,342.6359,0
14.9400,1077826,-0.719788,0.657898,0.186584,-0.119324,92.0775,342.6779,0
14.9500,1077836,-0.719543,0.658203,0.186035,-0.120117,92.0249,342.7217,0
14.9600,1077846,-0.719238,0.658569,0.185364,-0.120972,91.9627,342.7689,0
14.9700,1077856,-0.718872,0.658997,0.184631,-0.121826,91.8860,342.8188,0
14.9800,1077866,-0.718384,0.659607,0.183838,-0.122681,91.7902,342.8680,0
14.9900,1077876,-0.717896,0.660217,0.182983,-0.123657,91.6846,342.9181,0
15.0000,1077886,-0.717407,0.660767,0.182129,-0.124756,91.5779,342.9611,0
15.0100,1077896,-0.716980,0.661255,0.181274,-0.125793,91.4802,342.9913,0
15.0200,1077906,-0.716614,0.661682,0.180420,-0.126953,91.3912,343.0124,0
15.0300,1077916,-0.716248,0.662109,0.179565,-0.128113,91.2973,343.0284,0
15.0400,1077926,-0.715759,0.662598,0.178650,-0.129333,91.1916,343.0432,0
15.0500,1077936,-0.715271,0.663147,0.177734,-0.130615,91.0705,343.0578,0
15.0600,1077946,-0.714722,0.663757,0.176575,-0.132019,90.9370,343.0783,0
15.0700,1077956,-0.714111,0.664429,0.175354,-0.133545,90.8020,343.1001,0
15.0800,1077966,-0.713562,0.665039,0.174072,-0.135132,90.6504,343.1052,0
15.0900,1077976,-0.712952,0.665649,0.172729,-0.136780,90.4987,343.1010,0
15.1000,1077986,-0.712402,0.666260,0.171448,-0.138611,90.3426,343.0884,0
15.1100,1077996,-0.711792,0.666809,0.170166,-0.140503,90.1858,343.0656,0
15.1200,1078006,-0.711182,0.667297,0.169006,-0.142578,90.0291,343.0335,0
15.1300,1078016,-0.710571,0.667786,0.167725,-0.144775,89.8646,342.9991,0
15.1400,1078026,-0.709900,0.668396,0.166382,-0.147095,89.6676,342.9868,0
15.1500,1078036,-0.709045,0.669067,0.164917,-0.149536,89.4601,342.9723,0
15.1600,1078046,-0.708191,0.669861,0.163269,-0.151978,89.2341,342.9467,0
15.1700,1078056,-0.707275,0.670715,0.161499,-0.154419,88.9817,342.9102,0
15.1800,1078066,-0.706238,0.671692,0.159607,-0.156738,88.7059,342.8645,0
15.1900,1078076,-0.705078,0.672791,0.157715,-0.159119,88.4169,342.8093,0
15.2000,1078086,-0.702637,0.674988,0.153931,-0.164246,88.1397,342.7426,0
15.2100,1078096,-0.701599,0.675842,0.152039,-0.167114,87.8878,342.6715,0
15.2200,1078106,-0.700684,0.676453,0.150024,-0.170166,87.6634,342.5939,0
15.2300,1078116,-0.700012,0.676819,0.147888,-0.173340,87.4646,342.5021,0
15.2400,1078126,-0.699463,0.677063,0.145630,-0.176636,87.2782,342.4000,0
15.2500,1078136,-0.698914,0.677246,0.143311,-0.179932,87.0834,342.2845,0
15.2600,1078146,-0.698181,0.677551,0.140991,-0.183228,86.8543,342.1544,0
15.2700,1078156,-0.697266,0.678040,0.138733,-0.186584,86.5839,342.0110,0
15.2800,1078166,-0.696106,0.678711,0.136597,-0.190063,86.2718,341.8543,0
15.2900,1078176,-0.694763,0.679443,0.134521,-0.193665,85.9314,341.6826,0
15.3000,1078186,-0.693420,0.680176,0.132507,-0.197510,85.5866,341.4995,0
15.3100,1078196,-0.692078,0.680725,0.130432,-0.201538,85.2535,341.3083,0
15.3200,1078206,-0.690857,0.681091,0.128235,-0.205811,84.9346,341.1173,0
15.3300,1078216,-0.689636,0.681458,0.125854,-0.210205,84.6136,340.9227,0
15.3400,1078226,-0.688293,0.681824,0.123291,-0.214722,84.2674,340.7276,0
15.3500,1078236,-0.686768,0.682373,0.120667,-0.219360,83.8960,340.5244,0
15.3600,1078246,-0.685181,0.682983,0.117981,-0.224060,83.4653,340.2602,0
15.3700,1078256,-0.683411,0.683594,0.115356,-0.228760,83.0136,339.9729,0
15.3800,1078266,-0.681641,0.684265,0.112732,-0.233337,82.5432,339.6540,0
15.3900,1078276,-0.679749,0.684998,0.110168,-0.237915,82.0561,339.3075,0
15.4000,1078286,-0.677795,0.685791,0.107544,-0.242371,81.5498,338.9366,0
15.4100,1078296,-0.675659,0.686707,0.104980,-0.246826,81.0156,338.5497,0
15.4200,1078306,-0.673279,0.687744,0.102478,-0.251282,80.4180,338.1570,0
15.4300,1078316,-0.670715,0.689026,0.099915,-0.255798,79.7946,337.7502,0
15.4400,1078326,-0.667969,0.690369,0.097351,-0.260315,79.1682,337.3321,0
15.4500,1078336,-0.665161,0.691711,0.094727,-0.264832,78.5518,336.9000,0
15.4600,1078346,-0.662415,0.692993,0.091919,-0.269348,77.9604,336.4590,0
15.4700,1078356,-0.659729,0.694153,0.088928,-0.273804,77.3928,336.0066,0
15.4800,1078366,-0.654907,0.696045,0.082214,-0.282593,76.8488,335.5476,0
15.4900,1078376,-0.652771,0.696716,0.078491,-0.286926,76.3298,335.0792,0
15.5000,1078386,-0.650696,0.697327,0.074707,-0.291199,75.8248,334.5985,0
